Image,Match_Type,AI_Index,GT_Index,IoU,GT_Area_px,AI_Area_px,GT_Area_um2,AI_Area_um2,Conf,Run
ROSILHA-M-G_005_jpg.rf.afae2fb85329c0fe56679d51ca1c64fd.jpg,TP,1,1,0.960085,14291,14191,6891.8789,6843.6535,0.46,seg_small_optA_r560_acc16_lr1e4
ROSILHA-M-G_005_jpg.rf.afae2fb85329c0fe56679d51ca1c64fd.jpg,TP,3,11,0.951281,23056,22723,11118.8272,10958.2369,0.46,seg_small_optA_r560_acc16_lr1e4
ROSILHA-M-G_005_jpg.rf.afae2fb85329c0fe56679d51ca1c64fd.jpg,TP,5,10,0.946523,7305,7473,3522.8588,3603.8773,0.46,seg_small_optA_r560_acc16_lr1e4
ROSILHA-M-G_005_jpg.rf.afae2fb85329c0fe56679d51ca1c64fd.jpg,TP,11,4,0.940937,36652,35677,17675.5401,17205.3434,0.46,seg_small_optA_r560_acc16_lr1e4
ROSILHA-M-G_005_jpg.rf.afae2fb85329c0fe56679d51ca1c64fd.jpg,TP,0,2,0.924238,6501,6122,3135.1273,2952.3534,0.46,seg_small_optA_r560_acc16_lr1e4
ROSILHA-M-G_005_jpg.rf.afae2fb85329c0fe56679d51ca1c64fd.jpg,TP,2,0,0.917942,718,661,346.2577,318.7693,0.46,seg_small_optA_r560_acc16_lr1e4
ROSILHA-M-G_005_jpg.rf.afae2fb85329c0fe56679d51ca1c64fd.jpg,TP,6,9,0.913941,8005,7385,3860.436,3561.439,0.46,seg_small_optA_r560_acc16_lr1e4
ROSILHA-M-G_005_jpg.rf.afae2fb85329c0fe56679d51ca1c64fd.jpg,TP,9,5,0.836663,14099,12382,6799.2863,5971.2577,0.46,seg_small_optA_r560_acc16_lr1e4
ROSILHA-M-G_005_jpg.rf.afae2fb85329c0fe56679d51ca1c64fd.jpg,TP,7,3,0.758974,194,149,93.5571,71.8557,0.46,seg_small_optA_r560_acc16_lr1e4
ROSILHA-M-G_005_jpg.rf.afae2fb85329c0fe56679d51ca1c64fd.jpg,TP,4,6,0.730904,22146,29904,10679.9769,14421.2963,0.46,seg_small_optA_r560_acc16_lr1e4
ROSILHA-M-G_005_jpg.rf.afae2fb85329c0fe56679d51ca1c64fd.jpg,TP,12,8,0.515085,14572,15107,7027.392,7285.3974,0.46,seg_small_optA_r560_acc16_lr1e4
ROSILHA-M-G_005_jpg.rf.afae2fb85329c0fe56679d51ca1c64fd.jpg,FP,8,-1,0.0,0,69,0.0,33.2755,0.46,seg_small_optA_r560_acc16_lr1e4
ROSILHA-M-G_005_jpg.rf.afae2fb85329c0fe56679d51ca1c64fd.jpg,FP,10,-1,0.0,0,159,0.0,76.6782,0.46,seg_small_optA_r560_acc16_lr1e4
ROSILHA-M-G_005_jpg.rf.afae2fb85329c0fe56679d51ca1c64fd.jpg,FP,13,-1,0.0,0,41740,0.0,20129.2438,0.46,seg_small_optA_r560_acc16_lr1e4
ROSILHA-M-G_005_jpg.rf.afae2fb85329c0fe56679d51ca1c64fd.jpg,FN,-1,7,0.0,5044,0,2432.4846,0.0,0.46,seg_small_optA_r560_acc16_lr1e4
ROSILHA-M-G_005_jpg.rf.afae2fb85329c0fe56679d51ca1c64fd.jpg,FN,-1,12,0.0,6834,0,3295.7176,0.0,0.46,seg_small_optA_r560_acc16_lr1e4
ZAZA-G_010_jpg.rf.cd14098445a0a54c10014aaa7d8f975c.jpg,TP,24,25,0.968524,3423,3394,1650.7523,1636.767,0.46,seg_small_optA_r560_acc16_lr1e4
ZAZA-G_010_jpg.rf.cd14098445a0a54c10014aaa7d8f975c.jpg,TP,6,5,0.96389,8319,8160,4011.8634,3935.1852,0.46,seg_small_optA_r560_acc16_lr1e4
ZAZA-G_010_jpg.rf.cd14098445a0a54c10014aaa7d8f975c.jpg,TP,25,26,0.962928,2070,2060,998.2639,993.4414,0.46,seg_small_optA_r560_acc16_lr1e4
ZAZA-G_010_jpg.rf.cd14098445a0a54c10014aaa7d8f975c.jpg,TP,12,8,0.959275,11902,11672,5739.7762,5628.858,0.46,seg_small_optA_r560_acc16_lr1e4
ZAZA-G_010_jpg.rf.cd14098445a0a54c10014aaa7d8f975c.jpg,TP,7,9,0.95651,7426,7240,3581.2114,3491.5123,0.46,seg_small_optA_r560_acc16_lr1e4
ZAZA-G_010_jpg.rf.cd14098445a0a54c10014aaa7d8f975c.jpg,TP,8,3,0.952716,5429,5391,2618.152,2599.8264,0.46,seg_small_optA_r560_acc16_lr1e4
ZAZA-G_010_jpg.rf.cd14098445a0a54c10014aaa7d8f975c.jpg,TP,20,28,0.951202,2808,2710,1354.1667,1306.9059,0.46,seg_small_optA_r560_acc16_lr1e4
ZAZA-G_010_jpg.rf.cd14098445a0a54c10014aaa7d8f975c.jpg,TP,3,11,0.95042,5116,4876,2467.2068,2351.466,0.46,seg_small_optA_r560_acc16_lr1e4
ZAZA-G_010_jpg.rf.cd14098445a0a54c10014aaa7d8f975c.jpg,TP,11,23,0.947795,5252,5083,2532.7932,2451.2924,0.46,seg_small_optA_r560_acc16_lr1e4
ZAZA-G_010_jpg.rf.cd14098445a0a54c10014aaa7d8f975c.jpg,TP,10,24,0.946041,5704,5404,2750.7716,2606.0957,0.46,seg_small_optA_r560_acc16_lr1e4
ZAZA-G_010_jpg.rf.cd14098445a0a54c10014aaa7d8f975c.jpg,TP,5,15,0.940786,3742,3567,1804.591,1720.1968,0.46,seg_small_optA_r560_acc16_lr1e4
ZAZA-G_010_jpg.rf.cd14098445a0a54c10014aaa7d8f975c.jpg,TP,18,7,0.937218,4196,3950,2023.534,1904.8997,0.46,seg_small_optA_r560_acc16_lr1e4
ZAZA-G_010_jpg.rf.cd14098445a0a54c10014aaa7d8f975c.jpg,TP,2,10,0.932821,4020,3777,1938.6574,1821.4699,0.46,seg_small_optA_r560_acc16_lr1e4
ZAZA-G_010_jpg.rf.cd14098445a0a54c10014aaa7d8f975c.jpg,TP,14,2,0.932468,3728,3569,1797.8395,1721.1613,0.46,seg_small_optA_r560_acc16_lr1e4
ZAZA-G_010_jpg.rf.cd14098445a0a54c10014aaa7d8f975c.jpg,TP,19,27,0.930272,2339,2201,1127.99,1061.439,0.46,seg_small_optA_r560_acc16_lr1e4
ZAZA-G_010_jpg.rf.cd14098445a0a54c10014aaa7d8f975c.jpg,TP,13,13,0.927482,4747,4476,2289.2554,2158.5648,0.46,seg_small_optA_r560_acc16_lr1e4
ZAZA-G_010_jpg.rf.cd14098445a0a54c10014aaa7d8f975c.jpg,TP,21,16,0.925107,1629,1507,785.5903,726.7554,0.46,seg_small_optA_r560_acc16_lr1e4
ZAZA-G_010_jpg.rf.cd14098445a0a54c10014aaa7d8f975c.jpg,TP,17,14,0.91556,4590,4212,2213.5417,2031.25,0.46,seg_small_optA_r560_acc16_lr1e4
ZAZA-G_010_jpg.rf.cd14098445a0a54c10014aaa7d8f975c.jpg,TP,1,0,0.905512,3302,2990,1592.3997,1441.9367,0.46,seg_small_optA_r560_acc16_lr1e4
ZAZA-G_010_jpg.rf.cd14098445a0a54c10014aaa7d8f975c.jpg,TP,0,12,0.90346,6474,5849,3122.1065,2820.6983,0.46,seg_small_optA_r560_acc16_lr1e4
ZAZA-G_010_jpg.rf.cd14098445a0a54c10014aaa7d8f975c.jpg,TP,4,1,0.902301,5623,5125,2711.7091,2471.5471,0.46,seg_small_optA_r560_acc16_lr1e4
ZAZA-G_010_jpg.rf.cd14098445a0a54c10014aaa7d8f975c.jpg,TP,16,21,0.897566,1964,1778,947.1451,857.446,0.46,seg_small_optA_r560_acc16_lr1e4
ZAZA-G_010_jpg.rf.cd14098445a0a54c10014aaa7d8f975c.jpg,TP,15,6,0.895459,4175,3839,2013.4066,1851.3696,0.46,seg_small_optA_r560_acc16_lr1e4
ZAZA-G_010_jpg.rf.cd14098445a0a54c10014aaa7d8f975c.jpg,TP,23,22,0.893863,1385,1238,667.9205,597.0293,0.46,seg_small_optA_r560_acc16_lr1e4
ZAZA-G_010_jpg.rf.cd14098445a0a54c10014aaa7d8f975c.jpg,TP,9,4,0.884525,5099,4546,2459.0085,2192.3225,0.46,seg_small_optA_r560_acc16_lr1e4
ZAZA-G_010_jpg.rf.cd14098445a0a54c10014aaa7d8f975c.jpg,TP,22,17,0.858378,925,794,446.0841,382.909,0.46,seg_small_optA_r560_acc16_lr1e4
ZAZA-G_010_jpg.rf.cd14098445a0a54c10014aaa7d8f975c.jpg,FN,-1,18,0.0,157,0,75.7137,0.0,0.46,seg_small_optA_r560_acc16_lr1e4
ZAZA-G_010_jpg.rf.cd14098445a0a54c10014aaa7d8f975c.jpg,FN,-1,19,0.0,74,0,35.6867,0.0,0.46,seg_small_optA_r560_acc16_lr1e4
ZAZA-G_010_jpg.rf.cd14098445a0a54c10014aaa7d8f975c.jpg,FN,-1,20,0.0,28,0,13.5031,0.0,0.46,seg_small_optA_r560_acc16_lr1e4
ZAINA-679-B_010_jpg.rf.4a3c6644c7fdcdc349eacebe9a97fbd7.jpg,TP,3,9,0.96484,9583,9529,4621.4313,4595.3897,0.46,seg_small_optA_r560_acc16_lr1e4
ZAINA-679-B_010_jpg.rf.4a3c6644c7fdcdc349eacebe9a97fbd7.jpg,TP,1,8,0.961682,7782,8037,3752.8935,3875.8681,0.46,seg_small_optA_r560_acc16_lr1e4
ZAINA-679-B_010_jpg.rf.4a3c6644c7fdcdc349eacebe9a97fbd7.jpg,TP,16,22,0.961094,5585,5605,2693.3835,2703.0285,0.46,seg_small_optA_r560_acc16_lr1e4
ZAINA-679-B_010_jpg.rf.4a3c6644c7fdcdc349eacebe9a97fbd7.jpg,TP,15,36,0.959794,3095,2998,1492.5733,1445.7948,0.46,seg_small_optA_r560_acc16_lr1e4
ZAINA-679-B_010_jpg.rf.4a3c6644c7fdcdc349eacebe9a97fbd7.jpg,TP,21,3,0.959505,5273,5179,2542.9205,2497.5887,0.46,seg_small_optA_r560_acc16_lr1e4
ZAINA-679-B_010_jpg.rf.4a3c6644c7fdcdc349eacebe9a97fbd7.jpg,TP,5,32,0.958555,4417,4420,2130.1119,2131.5586,0.46,seg_small_optA_r560_acc16_lr1e4
ZAINA-679-B_010_jpg.rf.4a3c6644c7fdcdc349eacebe9a97fbd7.jpg,TP,38,21,0.958138,9361,9396,4514.3711,4531.25,0.46,seg_small_optA_r560_acc16_lr1e4
ZAINA-679-B_010_jpg.rf.4a3c6644c7fdcdc349eacebe9a97fbd7.jpg,TP,26,13,0.957182,8960,8821,4320.9877,4253.9545,0.46,seg_small_optA_r560_acc16_lr1e4
ZAINA-679-B_010_jpg.rf.4a3c6644c7fdcdc349eacebe9a97fbd7.jpg,TP,28,4,0.955556,2873,2847,1385.5131,1372.9745,0.46,seg_small_optA_r560_acc16_lr1e4
ZAINA-679-B_010_jpg.rf.4a3c6644c7fdcdc349eacebe9a97fbd7.jpg,TP,29,25,0.95219,3959,3840,1909.24,1851.8519,0.46,seg_small_optA_r560_acc16_lr1e4
ZAINA-679-B_010_jpg.rf.4a3c6644c7fdcdc349eacebe9a97fbd7.jpg,TP,8,30,0.950488,2767,2827,1334.3943,1363.3295,0.46,seg_small_optA_r560_acc16_lr1e4
ZAINA-679-B_010_jpg.rf.4a3c6644c7fdcdc349eacebe9a97fbd7.jpg,TP,23,34,0.949284,3297,3237,1589.9884,1561.0532,0.46,seg_small_optA_r560_acc16_lr1e4
ZAINA-679-B_010_jpg.rf.4a3c6644c7fdcdc349eacebe9a97fbd7.jpg,TP,10,2,0.944471,7919,8084,3818.9622,3898.534,0.46,seg_small_optA_r560_acc16_lr1e4
ZAINA-679-B_010_jpg.rf.4a3c6644c7fdcdc349eacebe9a97fbd7.jpg,TP,11,10,0.942563,1952,2005,941.358,966.9174,0.46,seg_small_optA_r560_acc16_lr1e4
ZAINA-679-B_010_jpg.rf.4a3c6644c7fdcdc349eacebe9a97fbd7.jpg,TP,7,15,0.942292,3488,3479,1682.0988,1677.7585,0.46,seg_small_optA_r560_acc16_lr1e4
ZAINA-679-B_010_jpg.rf.4a3c6644c7fdcdc349eacebe9a97fbd7.jpg,TP,19,1,0.940402,1418,1382,683.8349,666.4738,0.46,seg_small_optA_r560_acc16_lr1e4
ZAINA-679-B_010_jpg.rf.4a3c6644c7fdcdc349eacebe9a97fbd7.jpg,TP,33,37,0.93962,18128,18300,8742.284,8825.2315,0.46,seg_small_optA_r560_acc16_lr1e4
ZAINA-679-B_010_jpg.rf.4a3c6644c7fdcdc349eacebe9a97fbd7.jpg,TP,37,24,0.938023,3429,3513,1653.6458,1694.1551,0.46,seg_small_optA_r560_acc16_lr1e4
ZAINA-679-B_010_jpg.rf.4a3c6644c7fdcdc349eacebe9a97fbd7.jpg,TP,0,31,0.935309,4444,4501,2143.1327,2170.6211,0.46,seg_small_optA_r560_acc16_lr1e4
ZAINA-679-B_010_jpg.rf.4a3c6644c7fdcdc349eacebe9a97fbd7.jpg,TP,9,7,0.934964,3637,3801,1753.9545,1833.044,0.46,seg_small_optA_r560_acc16_lr1e4
ZAINA-679-B_010_jpg.rf.4a3c6644c7fdcdc349eacebe9a97fbd7.jpg,TP,17,17,0.930422,2773,2665,1337.2878,1285.2045,0.46,seg_small_optA_r560_acc16_lr1e4
ZAINA-679-B_010_jpg.rf.4a3c6644c7fdcdc349eacebe9a97fbd7.jpg,TP,6,14,0.925926,3111,3129,1500.2894,1508.9699,0.46,seg_small_optA_r560_acc16_lr1e4
ZAINA-679-B_010_jpg.rf.4a3c6644c7fdcdc349eacebe9a97fbd7.jpg,TP,18,27,0.917674,3640,3814,1755.4012,1839.3133,0.46,seg_small_optA_r560_acc16_lr1e4
ZAINA-679-B_010_jpg.rf.4a3c6644c7fdcdc349eacebe9a97fbd7.jpg,TP,14,5,0.917511,5640,6099,2719.9074,2941.2616,0.46,seg_small_optA_r560_acc16_lr1e4
ZAINA-679-B_010_jpg.rf.4a3c6644c7fdcdc349eacebe9a97fbd7.jpg,TP,30,12,0.916071,2709,2656,1306.4236,1280.8642,0.46,seg_small_optA_r560_acc16_lr1e4
ZAINA-679-B_010_jpg.rf.4a3c6644c7fdcdc349eacebe9a97fbd7.jpg,TP,24,0,0.912341,1671,1645,805.8449,793.3063,0.46,seg_small_optA_r560_acc16_lr1e4
ZAINA-679-B_010_jpg.rf.4a3c6644c7fdcdc349eacebe9a97fbd7.jpg,TP,12,28,0.909636,2640,2453,1273.1481,1182.9668,0.46,seg_small_optA_r560_acc16_lr1e4
ZAINA-679-B_010_jpg.rf.4a3c6644c7fdcdc349eacebe9a97fbd7.jpg,TP,32,26,0.899033,1718,1818,828.5108,876.7361,0.46,seg_small_optA_r560_acc16_lr1e4
ZAINA-679-B_010_jpg.rf.4a3c6644c7fdcdc349eacebe9a97fbd7.jpg,TP,13,29,0.898346,2460,2246,1186.3426,1083.1404,0.46,seg_small_optA_r560_acc16_lr1e4
ZAINA-679-B_010_jpg.rf.4a3c6644c7fdcdc349eacebe9a97fbd7.jpg,TP,25,16,0.869398,712,748,343.3642,360.7253,0.46,seg_small_optA_r560_acc16_lr1e4
ZAINA-679-B_010_jpg.rf.4a3c6644c7fdcdc349eacebe9a97fbd7.jpg,TP,27,6,0.855,684,800,329.8611,385.8025,0.46,seg_small_optA_r560_acc16_lr1e4
ZAINA-679-B_010_jpg.rf.4a3c6644c7fdcdc349eacebe9a97fbd7.jpg,TP,2,33,0.588216,17971,11033,8666.5702,5320.6983,0.46,seg_small_optA_r560_acc16_lr1e4
ZAINA-679-B_010_jpg.rf.4a3c6644c7fdcdc349eacebe9a97fbd7.jpg,TP,20,35,0.558996,7591,4393,3660.7832,2118.5378,0.46,seg_small_optA_r560_acc16_lr1e4
ZAINA-679-B_010_jpg.rf.4a3c6644c7fdcdc349eacebe9a97fbd7.jpg,FP,4,-1,0.0,0,6933,0.0,3343.4606,0.46,seg_small_optA_r560_acc16_lr1e4
ZAINA-679-B_010_jpg.rf.4a3c6644c7fdcdc349eacebe9a97fbd7.jpg,FP,22,-1,0.0,0,3338,0.0,1609.7608,0.46,seg_small_optA_r560_acc16_lr1e4
ZAINA-679-B_010_jpg.rf.4a3c6644c7fdcdc349eacebe9a97fbd7.jpg,FP,31,-1,0.0,0,4357,0.0,2101.1767,0.46,seg_small_optA_r560_acc16_lr1e4
ZAINA-679-B_010_jpg.rf.4a3c6644c7fdcdc349eacebe9a97fbd7.jpg,FP,34,-1,0.0,0,1623,0.0,782.6968,0.46,seg_small_optA_r560_acc16_lr1e4
ZAINA-679-B_010_jpg.rf.4a3c6644c7fdcdc349eacebe9a97fbd7.jpg,FP,35,-1,0.0,0,4120,0.0,1986.8827,0.46,seg_small_optA_r560_acc16_lr1e4
ZAINA-679-B_010_jpg.rf.4a3c6644c7fdcdc349eacebe9a97fbd7.jpg,FP,36,-1,0.0,0,2942,0.0,1418.7886,0.46,seg_small_optA_r560_acc16_lr1e4
ZAINA-679-B_010_jpg.rf.4a3c6644c7fdcdc349eacebe9a97fbd7.jpg,FP,39,-1,0.0,0,6706,0.0,3233.9892,0.46,seg_small_optA_r560_acc16_lr1e4
ZAINA-679-B_010_jpg.rf.4a3c6644c7fdcdc349eacebe9a97fbd7.jpg,FN,-1,11,0.0,8531,0,4114.1011,0.0,0.46,seg_small_optA_r560_acc16_lr1e4
ZAINA-679-B_010_jpg.rf.4a3c6644c7fdcdc349eacebe9a97fbd7.jpg,FN,-1,18,0.0,6630,0,3197.338,0.0,0.46,seg_small_optA_r560_acc16_lr1e4
ZAINA-679-B_010_jpg.rf.4a3c6644c7fdcdc349eacebe9a97fbd7.jpg,FN,-1,19,0.0,1186,0,571.9522,0.0,0.46,seg_small_optA_r560_acc16_lr1e4
ZAINA-679-B_010_jpg.rf.4a3c6644c7fdcdc349eacebe9a97fbd7.jpg,FN,-1,20,0.0,439,0,211.7091,0.0,0.46,seg_small_optA_r560_acc16_lr1e4
ZAINA-679-B_010_jpg.rf.4a3c6644c7fdcdc349eacebe9a97fbd7.jpg,FN,-1,23,0.0,10063,0,4852.9128,0.0,0.46,seg_small_optA_r560_acc16_lr1e4
TP-B_001_jpg.rf.476ac40460a2659ffbad7973abf99d86.jpg,TP,15,8,0.967198,27366,26848,13197.338,12947.5309,0.46,seg_small_optA_r560_acc16_lr1e4
TP-B_001_jpg.rf.476ac40460a2659ffbad7973abf99d86.jpg,TP,14,15,0.957353,5630,5431,2715.0849,2619.1165,0.46,seg_small_optA_r560_acc16_lr1e4
TP-B_001_jpg.rf.476ac40460a2659ffbad7973abf99d86.jpg,TP,2,10,0.957165,3135,3079,1511.8634,1484.8573,0.46,seg_small_optA_r560_acc16_lr1e4
TP-B_001_jpg.rf.476ac40460a2659ffbad7973abf99d86.jpg,TP,22,18,0.9569,2616,2560,1261.5741,1234.5679,0.46,seg_small_optA_r560_acc16_lr1e4
TP-B_001_jpg.rf.476ac40460a2659ffbad7973abf99d86.jpg,TP,4,12,0.956552,5669,5724,2733.8927,2760.4167,0.46,seg_small_optA_r560_acc16_lr1e4
TP-B_001_jpg.rf.476ac40460a2659ffbad7973abf99d86.jpg,TP,13,3,0.951267,1506,1497,726.2731,721.9329,0.46,seg_small_optA_r560_acc16_lr1e4
TP-B_001_jpg.rf.476ac40460a2659ffbad7973abf99d86.jpg,TP,11,9,0.948295,6222,6062,3000.5787,2923.4182,0.46,seg_small_optA_r560_acc16_lr1e4
TP-B_001_jpg.rf.476ac40460a2659ffbad7973abf99d86.jpg,TP,12,4,0.945827,1987,2000,958.2369,964.5062,0.46,seg_small_optA_r560_acc16_lr1e4
TP-B_001_jpg.rf.476ac40460a2659ffbad7973abf99d86.jpg,TP,8,6,0.942879,1263,1220,609.0856,588.3488,0.46,seg_small_optA_r560_acc16_lr1e4
TP-B_001_jpg.rf.476ac40460a2659ffbad7973abf99d86.jpg,TP,10,7,0.94202,3250,3114,1567.3225,1501.7361,0.46,seg_small_optA_r560_acc16_lr1e4
TP-B_001_jpg.rf.476ac40460a2659ffbad7973abf99d86.jpg,TP,0,25,0.941597,13339,12991,6432.7739,6264.9498,0.46,seg_small_optA_r560_acc16_lr1e4
TP-B_001_jpg.rf.476ac40460a2659ffbad7973abf99d86.jpg,TP,3,16,0.939489,6639,6951,3201.6782,3352.1412,0.46,seg_small_optA_r560_acc16_lr1e4
TP-B_001_jpg.rf.476ac40460a2659ffbad7973abf99d86.jpg,TP,7,17,0.938493,4295,4120,2071.277,1986.8827,0.46,seg_small_optA_r560_acc16_lr1e4
TP-B_001_jpg.rf.476ac40460a2659ffbad7973abf99d86.jpg,TP,19,2,0.936819,2741,2593,1321.8557,1250.4823,0.46,seg_small_optA_r560_acc16_lr1e4
TP-B_001_jpg.rf.476ac40460a2659ffbad7973abf99d86.jpg,TP,17,14,0.936375,1633,1593,787.5193,768.2292,0.46,seg_small_optA_r560_acc16_lr1e4
TP-B_001_jpg.rf.476ac40460a2659ffbad7973abf99d86.jpg,TP,1,11,0.936084,3122,3118,1505.5941,1503.6651,0.46,seg_small_optA_r560_acc16_lr1e4
TP-B_001_jpg.rf.476ac40460a2659ffbad7973abf99d86.jpg,TP,20,1,0.93591,1913,1893,922.5502,912.9051,0.46,seg_small_optA_r560_acc16_lr1e4
TP-B_001_jpg.rf.476ac40460a2659ffbad7973abf99d86.jpg,TP,5,13,0.935855,4693,4572,2263.2137,2204.8611,0.46,seg_small_optA_r560_acc16_lr1e4
TP-B_001_jpg.rf.476ac40460a2659ffbad7973abf99d86.jpg,TP,25,24,0.935608,4609,4469,2222.7045,2155.189,0.46,seg_small_optA_r560_acc16_lr1e4
TP-B_001_jpg.rf.476ac40460a2659ffbad7973abf99d86.jpg,TP,6,0,0.933305,4542,4676,2190.3935,2255.0154,0.46,seg_small_optA_r560_acc16_lr1e4
TP-B_001_jpg.rf.476ac40460a2659ffbad7973abf99d86.jpg,TP,28,30,0.927414,12852,12958,6197.9167,6249.0355,0.46,seg_small_optA_r560_acc16_lr1e4
TP-B_001_jpg.rf.476ac40460a2659ffbad7973abf99d86.jpg,TP,16,26,0.924476,1794,1697,865.162,818.3835,0.46,seg_small_optA_r560_acc16_lr1e4
TP-B_001_jpg.rf.476ac40460a2659ffbad7973abf99d86.jpg,TP,9,5,0.914055,977,916,471.1613,441.7438,0.46,seg_small_optA_r560_acc16_lr1e4
TP-B_001_jpg.rf.476ac40460a2659ffbad7973abf99d86.jpg,TP,26,23,0.913529,688,684,331.7901,329.8611,0.46,seg_small_optA_r560_acc16_lr1e4
TP-B_001_jpg.rf.476ac40460a2659ffbad7973abf99d86.jpg,TP,23,28,0.882051,183,184,88.2523,88.7346,0.46,seg_small_optA_r560_acc16_lr1e4
TP-B_001_jpg.rf.476ac40460a2659ffbad7973abf99d86.jpg,TP,18,29,0.876695,4705,4153,2269.0008,2002.7971,0.46,seg_small_optA_r560_acc16_lr1e4
TP-B_001_jpg.rf.476ac40460a2659ffbad7973abf99d86.jpg,TP,24,19,0.875,229,221,110.436,106.5779,0.46,seg_small_optA_r560_acc16_lr1e4
TP-B_001_jpg.rf.476ac40460a2659ffbad7973abf99d86.jpg,TP,21,20,0.668068,3763,5363,1814.7184,2586.3233,0.46,seg_small_optA_r560_acc16_lr1e4
TP-B_001_jpg.rf.476ac40460a2659ffbad7973abf99d86.jpg,TP,27,27,0.662791,168,118,81.0185,56.9059,0.46,seg_small_optA_r560_acc16_lr1e4
TP-B_001_jpg.rf.476ac40460a2659ffbad7973abf99d86.jpg,FP,29,-1,0.0,0,17552,0.0,8464.5062,0.46,seg_small_optA_r560_acc16_lr1e4
TP-B_001_jpg.rf.476ac40460a2659ffbad7973abf99d86.jpg,FN,-1,21,0.0,1588,0,765.8179,0.0,0.46,seg_small_optA_r560_acc16_lr1e4
TP-B_001_jpg.rf.476ac40460a2659ffbad7973abf99d86.jpg,FN,-1,22,0.0,5685,0,2741.6088,0.0,0.46,seg_small_optA_r560_acc16_lr1e4
ROSILHA-M-G_017_jpg.rf.85fc7b8a7b63a2cbb64907a1c82d5d51.jpg,TP,1,14,0.962274,3628,3550,1749.6142,1711.9985,0.46,seg_small_optA_r560_acc16_lr1e4
ROSILHA-M-G_017_jpg.rf.85fc7b8a7b63a2cbb64907a1c82d5d51.jpg,TP,10,11,0.954488,7031,6926,3390.7215,3340.0849,0.46,seg_small_optA_r560_acc16_lr1e4
ROSILHA-M-G_017_jpg.rf.85fc7b8a7b63a2cbb64907a1c82d5d51.jpg,TP,0,16,0.954096,4793,4700,2311.439,2266.5895,0.46,seg_small_optA_r560_acc16_lr1e4
ROSILHA-M-G_017_jpg.rf.85fc7b8a7b63a2cbb64907a1c82d5d51.jpg,TP,9,2,0.948084,6749,6722,3254.7261,3241.7052,0.46,seg_small_optA_r560_acc16_lr1e4
ROSILHA-M-G_017_jpg.rf.85fc7b8a7b63a2cbb64907a1c82d5d51.jpg,TP,5,10,0.944591,1860,1825,896.9907,880.1119,0.46,seg_small_optA_r560_acc16_lr1e4
ROSILHA-M-G_017_jpg.rf.85fc7b8a7b63a2cbb64907a1c82d5d51.jpg,TP,3,1,0.942247,5049,4771,2434.8958,2300.8295,0.46,seg_small_optA_r560_acc16_lr1e4
ROSILHA-M-G_017_jpg.rf.85fc7b8a7b63a2cbb64907a1c82d5d51.jpg,TP,2,9,0.94209,5666,5468,2732.446,2636.9599,0.46,seg_small_optA_r560_acc16_lr1e4
ROSILHA-M-G_017_jpg.rf.85fc7b8a7b63a2cbb64907a1c82d5d51.jpg,TP,13,12,0.938559,4162,4073,2007.1373,1964.2168,0.46,seg_small_optA_r560_acc16_lr1e4
ROSILHA-M-G_017_jpg.rf.85fc7b8a7b63a2cbb64907a1c82d5d51.jpg,TP,6,8,0.929403,2770,2696,1335.841,1300.1543,0.46,seg_small_optA_r560_acc16_lr1e4
ROSILHA-M-G_017_jpg.rf.85fc7b8a7b63a2cbb64907a1c82d5d51.jpg,TP,11,0,0.927994,2501,2506,1206.115,1208.5262,0.46,seg_small_optA_r560_acc16_lr1e4
ROSILHA-M-G_017_jpg.rf.85fc7b8a7b63a2cbb64907a1c82d5d51.jpg,TP,8,15,0.92725,1578,1548,760.9954,746.5278,0.46,seg_small_optA_r560_acc16_lr1e4
ROSILHA-M-G_017_jpg.rf.85fc7b8a7b63a2cbb64907a1c82d5d51.jpg,TP,7,7,0.925731,2635,2499,1270.7369,1205.1505,0.46,seg_small_optA_r560_acc16_lr1e4
ROSILHA-M-G_017_jpg.rf.85fc7b8a7b63a2cbb64907a1c82d5d51.jpg,TP,4,6,0.920618,1859,1746,896.5085,842.0139,0.46,seg_small_optA_r560_acc16_lr1e4
ROSILHA-M-G_017_jpg.rf.85fc7b8a7b63a2cbb64907a1c82d5d51.jpg,TP,12,5,0.898225,766,838,369.4059,404.1281,0.46,seg_small_optA_r560_acc16_lr1e4
ROSILHA-M-G_017_jpg.rf.85fc7b8a7b63a2cbb64907a1c82d5d51.jpg,TP,14,4,0.876998,3495,3082,1685.4745,1486.304,0.46,seg_small_optA_r560_acc16_lr1e4
ROSILHA-M-G_017_jpg.rf.85fc7b8a7b63a2cbb64907a1c82d5d51.jpg,TP,17,3,0.871342,2118,1911,1021.412,921.5856,0.46,seg_small_optA_r560_acc16_lr1e4
ROSILHA-M-G_017_jpg.rf.85fc7b8a7b63a2cbb64907a1c82d5d51.jpg,TP,15,13,0.844227,3966,3398,1912.6157,1638.696,0.46,seg_small_optA_r560_acc16_lr1e4
ROSILHA-M-G_017_jpg.rf.85fc7b8a7b63a2cbb64907a1c82d5d51.jpg,FP,16,-1,0.0,0,220,0.0,106.0957,0.46,seg_small_optA_r560_acc16_lr1e4
TORDILHA-B_009_jpg.rf.5902113a7929ec9592dc2b09471de461.jpg,TP,39,33,0.960976,9757,9941,4705.3434,4794.0779,0.46,seg_small_optA_r560_acc16_lr1e4
TORDILHA-B_009_jpg.rf.5902113a7929ec9592dc2b09471de461.jpg,TP,31,37,0.957234,5944,6001,2866.5123,2894.0008,0.46,seg_small_optA_r560_acc16_lr1e4
TORDILHA-B_009_jpg.rf.5902113a7929ec9592dc2b09471de461.jpg,TP,0,36,0.953266,5492,5542,2648.534,2672.6466,0.46,seg_small_optA_r560_acc16_lr1e4
TORDILHA-B_009_jpg.rf.5902113a7929ec9592dc2b09471de461.jpg,TP,5,26,0.952162,2091,2153,1008.3912,1038.2909,0.46,seg_small_optA_r560_acc16_lr1e4
TORDILHA-B_009_jpg.rf.5902113a7929ec9592dc2b09471de461.jpg,TP,46,5,0.947185,4453,4469,2147.473,2155.189,0.46,seg_small_optA_r560_acc16_lr1e4
TORDILHA-B_009_jpg.rf.5902113a7929ec9592dc2b09471de461.jpg,TP,4,31,0.946154,2030,2018,978.9738,973.1867,0.46,seg_small_optA_r560_acc16_lr1e4
TORDILHA-B_009_jpg.rf.5902113a7929ec9592dc2b09471de461.jpg,TP,6,4,0.942471,1966,1917,948.1096,924.4792,0.46,seg_small_optA_r560_acc16_lr1e4
TORDILHA-B_009_jpg.rf.5902113a7929ec9592dc2b09471de461.jpg,TP,2,3,0.941081,1795,1796,865.6443,866.1265,0.46,seg_small_optA_r560_acc16_lr1e4
TORDILHA-B_009_jpg.rf.5902113a7929ec9592dc2b09471de461.jpg,TP,16,17,0.939885,2030,2036,978.9738,981.8673,0.46,seg_small_optA_r560_acc16_lr1e4
TORDILHA-B_009_jpg.rf.5902113a7929ec9592dc2b09471de461.jpg,TP,34,38,0.935994,4084,4113,1969.5216,1983.5069,0.46,seg_small_optA_r560_acc16_lr1e4
TORDILHA-B_009_jpg.rf.5902113a7929ec9592dc2b09471de461.jpg,TP,20,21,0.931772,1854,1940,894.0972,935.571,0.46,seg_small_optA_r560_acc16_lr1e4
TORDILHA-B_009_jpg.rf.5902113a7929ec9592dc2b09471de461.jpg,TP,12,23,0.925341,2663,2701,1284.24,1302.5656,0.46,seg_small_optA_r560_acc16_lr1e4
TORDILHA-B_009_jpg.rf.5902113a7929ec9592dc2b09471de461.jpg,TP,17,0,0.924786,2983,3082,1438.561,1486.304,0.46,seg_small_optA_r560_acc16_lr1e4
TORDILHA-B_009_jpg.rf.5902113a7929ec9592dc2b09471de461.jpg,TP,41,30,0.923097,3687,3640,1778.0671,1755.4012,0.46,seg_small_optA_r560_acc16_lr1e4
TORDILHA-B_009_jpg.rf.5902113a7929ec9592dc2b09471de461.jpg,TP,10,22,0.917508,1694,1723,816.9367,830.9221,0.46,seg_small_optA_r560_acc16_lr1e4
TORDILHA-B_009_jpg.rf.5902113a7929ec9592dc2b09471de461.jpg,TP,11,8,0.916262,1589,1569,766.3002,756.6551,0.46,seg_small_optA_r560_acc16_lr1e4
TORDILHA-B_009_jpg.rf.5902113a7929ec9592dc2b09471de461.jpg,TP,15,1,0.914505,1631,1616,786.5548,779.321,0.46,seg_small_optA_r560_acc16_lr1e4
TORDILHA-B_009_jpg.rf.5902113a7929ec9592dc2b09471de461.jpg,TP,25,16,0.913872,1238,1273,597.0293,613.9082,0.46,seg_small_optA_r560_acc16_lr1e4
TORDILHA-B_009_jpg.rf.5902113a7929ec9592dc2b09471de461.jpg,TP,22,32,0.908313,2586,2763,1247.1065,1332.4653,0.46,seg_small_optA_r560_acc16_lr1e4
TORDILHA-B_009_jpg.rf.5902113a7929ec9592dc2b09471de461.jpg,TP,29,28,0.900914,1379,1326,665.027,639.4676,0.46,seg_small_optA_r560_acc16_lr1e4
TORDILHA-B_009_jpg.rf.5902113a7929ec9592dc2b09471de461.jpg,TP,8,35,0.89899,2181,2331,1051.794,1124.1319,0.46,seg_small_optA_r560_acc16_lr1e4
TORDILHA-B_009_jpg.rf.5902113a7929ec9592dc2b09471de461.jpg,TP,1,24,0.898519,2548,2578,1228.7809,1243.2485,0.46,seg_small_optA_r560_acc16_lr1e4
TORDILHA-B_009_jpg.rf.5902113a7929ec9592dc2b09471de461.jpg,TP,24,46,0.895563,1364,1413,657.7932,681.4236,0.46,seg_small_optA_r560_acc16_lr1e4
TORDILHA-B_009_jpg.rf.5902113a7929ec9592dc2b09471de461.jpg,TP,30,2,0.893545,795,877,383.3912,422.936,0.46,seg_small_optA_r560_acc16_lr1e4
TORDILHA-B_009_jpg.rf.5902113a7929ec9592dc2b09471de461.jpg,TP,9,10,0.889804,1485,1499,716.1458,722.8974,0.46,seg_small_optA_r560_acc16_lr1e4
TORDILHA-B_009_jpg.rf.5902113a7929ec9592dc2b09471de461.jpg,TP,26,12,0.88968,511,551,246.4313,265.7215,0.46,seg_small_optA_r560_acc16_lr1e4
TORDILHA-B_009_jpg.rf.5902113a7929ec9592dc2b09471de461.jpg,TP,36,39,0.887194,2683,2637,1293.885,1271.7014,0.46,seg_small_optA_r560_acc16_lr1e4
TORDILHA-B_009_jpg.rf.5902113a7929ec9592dc2b09471de461.jpg,TP,14,25,0.879535,1447,1299,697.8202,626.4468,0.46,seg_small_optA_r560_acc16_lr1e4
TORDILHA-B_009_jpg.rf.5902113a7929ec9592dc2b09471de461.jpg,TP,7,9,0.877545,3096,2807,1493.0556,1353.6844,0.46,seg_small_optA_r560_acc16_lr1e4
TORDILHA-B_009_jpg.rf.5902113a7929ec9592dc2b09471de461.jpg,TP,19,29,0.875,864,816,416.6667,393.5185,0.46,seg_small_optA_r560_acc16_lr1e4
TORDILHA-B_009_jpg.rf.5902113a7929ec9592dc2b09471de461.jpg,TP,13,34,0.874838,1460,1431,704.0895,690.1042,0.46,seg_small_optA_r560_acc16_lr1e4
TORDILHA-B_009_jpg.rf.5902113a7929ec9592dc2b09471de461.jpg,TP,18,6,0.872771,1906,1980,919.1744,954.8611,0.46,seg_small_optA_r560_acc16_lr1e4
TORDILHA-B_009_jpg.rf.5902113a7929ec9592dc2b09471de461.jpg,TP,32,40,0.871141,737,657,355.4205,316.8403,0.46,seg_small_optA_r560_acc16_lr1e4
TORDILHA-B_009_jpg.rf.5902113a7929ec9592dc2b09471de461.jpg,TP,23,47,0.870836,2880,3073,1388.8889,1481.9637,0.46,seg_small_optA_r560_acc16_lr1e4
TORDILHA-B_009_jpg.rf.5902113a7929ec9592dc2b09471de461.jpg,TP,44,14,0.869383,1667,1911,803.9159,921.5856,0.46,seg_small_optA_r560_acc16_lr1e4
TORDILHA-B_009_jpg.rf.5902113a7929ec9592dc2b09471de461.jpg,TP,42,45,0.867157,1576,1727,760.0309,832.8511,0.46,seg_small_optA_r560_acc16_lr1e4
TORDILHA-B_009_jpg.rf.5902113a7929ec9592dc2b09471de461.jpg,TP,45,44,0.86236,345,318,166.3773,153.3565,0.46,seg_small_optA_r560_acc16_lr1e4
TORDILHA-B_009_jpg.rf.5902113a7929ec9592dc2b09471de461.jpg,TP,40,18,0.861067,1666,1857,803.4336,895.544,0.46,seg_small_optA_r560_acc16_lr1e4
TORDILHA-B_009_jpg.rf.5902113a7929ec9592dc2b09471de461.jpg,TP,33,27,0.857724,901,927,434.51,447.0486,0.46,seg_small_optA_r560_acc16_lr1e4
TORDILHA-B_009_jpg.rf.5902113a7929ec9592dc2b09471de461.jpg,TP,21,7,0.836488,2339,2221,1127.99,1071.0841,0.46,seg_small_optA_r560_acc16_lr1e4
TORDILHA-B_009_jpg.rf.5902113a7929ec9592dc2b09471de461.jpg,TP,38,15,0.787709,164,156,79.0895,75.2315,0.46,seg_small_optA_r560_acc16_lr1e4
TORDILHA-B_009_jpg.rf.5902113a7929ec9592dc2b09471de461.jpg,TP,37,41,0.775362,400,335,192.9012,161.5548,0.46,seg_small_optA_r560_acc16_lr1e4
TORDILHA-B_009_jpg.rf.5902113a7929ec9592dc2b09471de461.jpg,TP,35,42,0.723005,213,154,102.7199,74.267,0.46,seg_small_optA_r560_acc16_lr1e4
TORDILHA-B_009_jpg.rf.5902113a7929ec9592dc2b09471de461.jpg,TP,27,19,0.709288,2428,3240,1170.9105,1562.5,0.46,seg_small_optA_r560_acc16_lr1e4
TORDILHA-B_009_jpg.rf.5902113a7929ec9592dc2b09471de461.jpg,TP,3,20,0.680545,5131,3628,2474.4406,1749.6142,0.46,seg_small_optA_r560_acc16_lr1e4
TORDILHA-B_009_jpg.rf.5902113a7929ec9592dc2b09471de461.jpg,TP,47,43,0.645983,1429,1091,689.1397,526.1381,0.46,seg_small_optA_r560_acc16_lr1e4
TORDILHA-B_009_jpg.rf.5902113a7929ec9592dc2b09471de461.jpg,FP,28,-1,0.0,0,1504,0.0,725.3086,0.46,seg_small_optA_r560_acc16_lr1e4
TORDILHA-B_009_jpg.rf.5902113a7929ec9592dc2b09471de461.jpg,FP,43,-1,0.0,0,2144,0.0,1033.9506,0.46,seg_small_optA_r560_acc16_lr1e4
TORDILHA-B_009_jpg.rf.5902113a7929ec9592dc2b09471de461.jpg,FP,48,-1,0.0,0,718,0.0,346.2577,0.46,seg_small_optA_r560_acc16_lr1e4
TORDILHA-B_009_jpg.rf.5902113a7929ec9592dc2b09471de461.jpg,FP,49,-1,0.0,0,2200,0.0,1060.9568,0.46,seg_small_optA_r560_acc16_lr1e4
TORDILHA-B_009_jpg.rf.5902113a7929ec9592dc2b09471de461.jpg,FN,-1,11,0.0,31,0,14.9498,0.0,0.46,seg_small_optA_r560_acc16_lr1e4
TORDILHA-B_009_jpg.rf.5902113a7929ec9592dc2b09471de461.jpg,FN,-1,13,0.0,27,0,13.0208,0.0,0.46,seg_small_optA_r560_acc16_lr1e4
ROSILHA-M-D_009_jpg.rf.b52035c8fe5fd87e1eed76dc4bbe6a14.jpg,TP,4,16,0.973459,13442,13251,6482.446,6390.3356,0.46,seg_small_optA_r560_acc16_lr1e4
ROSILHA-M-D_009_jpg.rf.b52035c8fe5fd87e1eed76dc4bbe6a14.jpg,TP,1,11,0.970593,12548,12313,6051.3117,5937.9823,0.46,seg_small_optA_r560_acc16_lr1e4
ROSILHA-M-D_009_jpg.rf.b52035c8fe5fd87e1eed76dc4bbe6a14.jpg,TP,12,0,0.97008,6498,6605,3133.6806,3185.2816,0.46,seg_small_optA_r560_acc16_lr1e4
ROSILHA-M-D_009_jpg.rf.b52035c8fe5fd87e1eed76dc4bbe6a14.jpg,TP,6,5,0.968968,20371,20046,9823.9776,9667.2454,0.46,seg_small_optA_r560_acc16_lr1e4
ROSILHA-M-D_009_jpg.rf.b52035c8fe5fd87e1eed76dc4bbe6a14.jpg,TP,3,20,0.967808,17036,16706,8215.6636,8056.5201,0.46,seg_small_optA_r560_acc16_lr1e4
ROSILHA-M-D_009_jpg.rf.b52035c8fe5fd87e1eed76dc4bbe6a14.jpg,TP,18,24,0.965294,2117,2130,1020.9298,1027.1991,0.46,seg_small_optA_r560_acc16_lr1e4
ROSILHA-M-D_009_jpg.rf.b52035c8fe5fd87e1eed76dc4bbe6a14.jpg,TP,0,9,0.964476,14003,13592,6752.99,6554.784,0.46,seg_small_optA_r560_acc16_lr1e4
ROSILHA-M-D_009_jpg.rf.b52035c8fe5fd87e1eed76dc4bbe6a14.jpg,TP,7,10,0.953341,5127,5046,2472.5116,2433.4491,0.46,seg_small_optA_r560_acc16_lr1e4
ROSILHA-M-D_009_jpg.rf.b52035c8fe5fd87e1eed76dc4bbe6a14.jpg,TP,2,12,0.951697,8550,8299,4123.2639,4002.2184,0.46,seg_small_optA_r560_acc16_lr1e4
ROSILHA-M-D_009_jpg.rf.b52035c8fe5fd87e1eed76dc4bbe6a14.jpg,TP,13,18,0.950934,7944,7722,3831.0185,3723.9583,0.46,seg_small_optA_r560_acc16_lr1e4
ROSILHA-M-D_009_jpg.rf.b52035c8fe5fd87e1eed76dc4bbe6a14.jpg,TP,10,1,0.949974,3754,3730,1810.3781,1798.804,0.46,seg_small_optA_r560_acc16_lr1e4
ROSILHA-M-D_009_jpg.rf.b52035c8fe5fd87e1eed76dc4bbe6a14.jpg,TP,8,19,0.946643,7271,7140,3506.4622,3443.287,0.46,seg_small_optA_r560_acc16_lr1e4
ROSILHA-M-D_009_jpg.rf.b52035c8fe5fd87e1eed76dc4bbe6a14.jpg,TP,15,7,0.940707,2841,2756,1370.081,1329.0895,0.46,seg_small_optA_r560_acc16_lr1e4
ROSILHA-M-D_009_jpg.rf.b52035c8fe5fd87e1eed76dc4bbe6a14.jpg,TP,9,4,0.93888,5639,5337,2719.4252,2573.7847,0.46,seg_small_optA_r560_acc16_lr1e4
ROSILHA-M-D_009_jpg.rf.b52035c8fe5fd87e1eed76dc4bbe6a14.jpg,TP,5,13,0.937647,3378,3210,1629.0509,1548.0324,0.46,seg_small_optA_r560_acc16_lr1e4
ROSILHA-M-D_009_jpg.rf.b52035c8fe5fd87e1eed76dc4bbe6a14.jpg,TP,11,8,0.936508,3327,3139,1604.456,1513.7924,0.46,seg_small_optA_r560_acc16_lr1e4
ROSILHA-M-D_009_jpg.rf.b52035c8fe5fd87e1eed76dc4bbe6a14.jpg,TP,20,2,0.928875,2637,2814,1271.7014,1357.0602,0.46,seg_small_optA_r560_acc16_lr1e4
ROSILHA-M-D_009_jpg.rf.b52035c8fe5fd87e1eed76dc4bbe6a14.jpg,TP,17,25,0.925703,3548,3502,1711.034,1688.8503,0.46,seg_small_optA_r560_acc16_lr1e4
ROSILHA-M-D_009_jpg.rf.b52035c8fe5fd87e1eed76dc4bbe6a14.jpg,TP,14,6,0.920272,2050,1900,988.6188,916.2809,0.46,seg_small_optA_r560_acc16_lr1e4
ROSILHA-M-D_009_jpg.rf.b52035c8fe5fd87e1eed76dc4bbe6a14.jpg,TP,19,14,0.913218,2191,2108,1056.6165,1016.5895,0.46,seg_small_optA_r560_acc16_lr1e4
ROSILHA-M-D_009_jpg.rf.b52035c8fe5fd87e1eed76dc4bbe6a14.jpg,TP,16,23,0.899234,32761,29701,15799.0934,14323.3989,0.46,seg_small_optA_r560_acc16_lr1e4
ROSILHA-M-D_009_jpg.rf.b52035c8fe5fd87e1eed76dc4bbe6a14.jpg,TP,22,17,0.866171,268,234,129.2438,112.8472,0.46,seg_small_optA_r560_acc16_lr1e4
ROSILHA-M-D_009_jpg.rf.b52035c8fe5fd87e1eed76dc4bbe6a14.jpg,TP,26,21,0.79148,4411,3579,2127.2184,1725.9838,0.46,seg_small_optA_r560_acc16_lr1e4
ROSILHA-M-D_009_jpg.rf.b52035c8fe5fd87e1eed76dc4bbe6a14.jpg,TP,24,15,0.748691,186,148,89.6991,71.3735,0.46,seg_small_optA_r560_acc16_lr1e4
ROSILHA-M-D_009_jpg.rf.b52035c8fe5fd87e1eed76dc4bbe6a14.jpg,TP,21,3,0.735141,14231,10729,6862.9437,5174.0934,0.46,seg_small_optA_r560_acc16_lr1e4
ROSILHA-M-D_009_jpg.rf.b52035c8fe5fd87e1eed76dc4bbe6a14.jpg,FP,23,-1,0.0,0,3107,0.0,1498.3603,0.46,seg_small_optA_r560_acc16_lr1e4
ROSILHA-M-D_009_jpg.rf.b52035c8fe5fd87e1eed76dc4bbe6a14.jpg,FP,25,-1,0.0,0,1984,0.0,956.7901,0.46,seg_small_optA_r560_acc16_lr1e4
ROSILHA-M-D_009_jpg.rf.b52035c8fe5fd87e1eed76dc4bbe6a14.jpg,FN,-1,22,0.0,3240,0,1562.5,0.0,0.46,seg_small_optA_r560_acc16_lr1e4
TORDILHA-D_006_jpg.rf.d879d44ef1add0b327aa39f6650afc47.jpg,TP,24,1,0.950015,6495,6184,3132.2338,2982.2531,0.46,seg_small_optA_r560_acc16_lr1e4
TORDILHA-D_006_jpg.rf.d879d44ef1add0b327aa39f6650afc47.jpg,TP,0,9,0.948093,2828,2689,1363.8117,1296.7785,0.46,seg_small_optA_r560_acc16_lr1e4
TORDILHA-D_006_jpg.rf.d879d44ef1add0b327aa39f6650afc47.jpg,TP,25,14,0.947824,3562,3419,1717.7855,1648.8233,0.46,seg_small_optA_r560_acc16_lr1e4
TORDILHA-D_006_jpg.rf.d879d44ef1add0b327aa39f6650afc47.jpg,TP,9,7,0.942527,6859,6593,3307.7739,3179.4946,0.46,seg_small_optA_r560_acc16_lr1e4
TORDILHA-D_006_jpg.rf.d879d44ef1add0b327aa39f6650afc47.jpg,TP,7,20,0.934953,5331,5259,2570.8912,2536.169,0.46,seg_small_optA_r560_acc16_lr1e4
TORDILHA-D_006_jpg.rf.d879d44ef1add0b327aa39f6650afc47.jpg,TP,6,11,0.933798,2289,2151,1103.8773,1037.3264,0.46,seg_small_optA_r560_acc16_lr1e4
TORDILHA-D_006_jpg.rf.d879d44ef1add0b327aa39f6650afc47.jpg,TP,13,0,0.927092,1192,1134,574.8457,546.875,0.46,seg_small_optA_r560_acc16_lr1e4
TORDILHA-D_006_jpg.rf.d879d44ef1add0b327aa39f6650afc47.jpg,TP,5,13,0.918372,13635,12710,6575.5208,6129.4367,0.46,seg_small_optA_r560_acc16_lr1e4
TORDILHA-D_006_jpg.rf.d879d44ef1add0b327aa39f6650afc47.jpg,TP,2,10,0.917171,3766,3525,1816.1651,1699.9421,0.46,seg_small_optA_r560_acc16_lr1e4
TORDILHA-D_006_jpg.rf.d879d44ef1add0b327aa39f6650afc47.jpg,TP,35,15,0.916221,12277,11716,5920.6211,5650.0772,0.46,seg_small_optA_r560_acc16_lr1e4
TORDILHA-D_006_jpg.rf.d879d44ef1add0b327aa39f6650afc47.jpg,TP,8,12,0.913504,2737,2506,1319.9267,1208.5262,0.46,seg_small_optA_r560_acc16_lr1e4
TORDILHA-D_006_jpg.rf.d879d44ef1add0b327aa39f6650afc47.jpg,TP,3,5,0.910906,12907,11780,6224.4406,5680.9414,0.46,seg_small_optA_r560_acc16_lr1e4
TORDILHA-D_006_jpg.rf.d879d44ef1add0b327aa39f6650afc47.jpg,TP,11,8,0.909488,1574,1485,759.0664,716.1458,0.46,seg_small_optA_r560_acc16_lr1e4
TORDILHA-D_006_jpg.rf.d879d44ef1add0b327aa39f6650afc47.jpg,TP,12,32,0.903202,10961,10077,5285.9761,4859.6644,0.46,seg_small_optA_r560_acc16_lr1e4
TORDILHA-D_006_jpg.rf.d879d44ef1add0b327aa39f6650afc47.jpg,TP,26,19,0.895592,3128,2936,1508.4877,1415.8951,0.46,seg_small_optA_r560_acc16_lr1e4
TORDILHA-D_006_jpg.rf.d879d44ef1add0b327aa39f6650afc47.jpg,TP,17,30,0.892183,1445,1363,696.8557,657.311,0.46,seg_small_optA_r560_acc16_lr1e4
TORDILHA-D_006_jpg.rf.d879d44ef1add0b327aa39f6650afc47.jpg,TP,19,2,0.890618,2110,2021,1017.554,974.6335,0.46,seg_small_optA_r560_acc16_lr1e4
TORDILHA-D_006_jpg.rf.d879d44ef1add0b327aa39f6650afc47.jpg,TP,14,21,0.887732,1317,1222,635.1273,589.3133,0.46,seg_small_optA_r560_acc16_lr1e4
TORDILHA-D_006_jpg.rf.d879d44ef1add0b327aa39f6650afc47.jpg,TP,1,17,0.876444,11804,10779,5692.5154,5198.206,0.46,seg_small_optA_r560_acc16_lr1e4
TORDILHA-D_006_jpg.rf.d879d44ef1add0b327aa39f6650afc47.jpg,TP,4,3,0.874358,4060,3608,1957.9475,1739.9691,0.46,seg_small_optA_r560_acc16_lr1e4
TORDILHA-D_006_jpg.rf.d879d44ef1add0b327aa39f6650afc47.jpg,TP,10,4,0.859065,1527,1375,736.4005,663.098,0.46,seg_small_optA_r560_acc16_lr1e4
TORDILHA-D_006_jpg.rf.d879d44ef1add0b327aa39f6650afc47.jpg,TP,15,16,0.838255,3048,2555,1469.9074,1232.1566,0.46,seg_small_optA_r560_acc16_lr1e4
TORDILHA-D_006_jpg.rf.d879d44ef1add0b327aa39f6650afc47.jpg,TP,18,28,0.833619,6350,5431,3062.3071,2619.1165,0.46,seg_small_optA_r560_acc16_lr1e4
TORDILHA-D_006_jpg.rf.d879d44ef1add0b327aa39f6650afc47.jpg,TP,23,33,0.828937,8759,7396,4224.0548,3566.7438,0.46,seg_small_optA_r560_acc16_lr1e4
TORDILHA-D_006_jpg.rf.d879d44ef1add0b327aa39f6650afc47.jpg,TP,16,26,0.571384,16139,9308,7783.0826,4488.8117,0.46,seg_small_optA_r560_acc16_lr1e4
TORDILHA-D_006_jpg.rf.d879d44ef1add0b327aa39f6650afc47.jpg,TP,20,31,0.553741,1448,836,698.3025,403.1636,0.46,seg_small_optA_r560_acc16_lr1e4
TORDILHA-D_006_jpg.rf.d879d44ef1add0b327aa39f6650afc47.jpg,TP,33,22,0.536383,7671,4153,3699.3634,2002.7971,0.46,seg_small_optA_r560_acc16_lr1e4
TORDILHA-D_006_jpg.rf.d879d44ef1add0b327aa39f6650afc47.jpg,FP,21,-1,0.0,0,12209,0.0,5887.8279,0.46,seg_small_optA_r560_acc16_lr1e4
TORDILHA-D_006_jpg.rf.d879d44ef1add0b327aa39f6650afc47.jpg,FP,22,-1,0.0,0,6274,0.0,3025.6559,0.46,seg_small_optA_r560_acc16_lr1e4
TORDILHA-D_006_jpg.rf.d879d44ef1add0b327aa39f6650afc47.jpg,FP,27,-1,0.0,0,5685,0.0,2741.6088,0.46,seg_small_optA_r560_acc16_lr1e4
TORDILHA-D_006_jpg.rf.d879d44ef1add0b327aa39f6650afc47.jpg,FP,28,-1,0.0,0,3176,0.0,1531.6358,0.46,seg_small_optA_r560_acc16_lr1e4
TORDILHA-D_006_jpg.rf.d879d44ef1add0b327aa39f6650afc47.jpg,FP,29,-1,0.0,0,2255,0.0,1087.4807,0.46,seg_small_optA_r560_acc16_lr1e4
TORDILHA-D_006_jpg.rf.d879d44ef1add0b327aa39f6650afc47.jpg,FP,30,-1,0.0,0,1246,0.0,600.8873,0.46,seg_small_optA_r560_acc16_lr1e4
TORDILHA-D_006_jpg.rf.d879d44ef1add0b327aa39f6650afc47.jpg,FP,31,-1,0.0,0,19405,0.0,9358.1211,0.46,seg_small_optA_r560_acc16_lr1e4
TORDILHA-D_006_jpg.rf.d879d44ef1add0b327aa39f6650afc47.jpg,FP,32,-1,0.0,0,261,0.0,125.8681,0.46,seg_small_optA_r560_acc16_lr1e4
TORDILHA-D_006_jpg.rf.d879d44ef1add0b327aa39f6650afc47.jpg,FP,34,-1,0.0,0,15099,0.0,7281.5394,0.46,seg_small_optA_r560_acc16_lr1e4
TORDILHA-D_006_jpg.rf.d879d44ef1add0b327aa39f6650afc47.jpg,FP,36,-1,0.0,0,7877,0.0,3798.7076,0.46,seg_small_optA_r560_acc16_lr1e4
TORDILHA-D_006_jpg.rf.d879d44ef1add0b327aa39f6650afc47.jpg,FN,-1,6,0.0,53,0,25.5594,0.0,0.46,seg_small_optA_r560_acc16_lr1e4
TORDILHA-D_006_jpg.rf.d879d44ef1add0b327aa39f6650afc47.jpg,FN,-1,18,0.0,24597,0,11861.9792,0.0,0.46,seg_small_optA_r560_acc16_lr1e4
TORDILHA-D_006_jpg.rf.d879d44ef1add0b327aa39f6650afc47.jpg,FN,-1,23,0.0,42,0,20.2546,0.0,0.46,seg_small_optA_r560_acc16_lr1e4
TORDILHA-D_006_jpg.rf.d879d44ef1add0b327aa39f6650afc47.jpg,FN,-1,24,0.0,87,0,41.956,0.0,0.46,seg_small_optA_r560_acc16_lr1e4
TORDILHA-D_006_jpg.rf.d879d44ef1add0b327aa39f6650afc47.jpg,FN,-1,25,0.0,28,0,13.5031,0.0,0.46,seg_small_optA_r560_acc16_lr1e4
TORDILHA-D_006_jpg.rf.d879d44ef1add0b327aa39f6650afc47.jpg,FN,-1,27,0.0,43,0,20.7369,0.0,0.46,seg_small_optA_r560_acc16_lr1e4
TORDILHA-D_006_jpg.rf.d879d44ef1add0b327aa39f6650afc47.jpg,FN,-1,29,0.0,44,0,21.2191,0.0,0.46,seg_small_optA_r560_acc16_lr1e4
TORDILHA-D_006_jpg.rf.d879d44ef1add0b327aa39f6650afc47.jpg,FN,-1,34,0.0,40899,0,19723.669,0.0,0.46,seg_small_optA_r560_acc16_lr1e4
ZAINA-679-B_011_jpg.rf.27d46a055eff6f5810ec4c5c9429b994.jpg,TP,0,4,0.976634,21375,21346,10308.1597,10294.1744,0.46,seg_small_optA_r560_acc16_lr1e4
ZAINA-679-B_011_jpg.rf.27d46a055eff6f5810ec4c5c9429b994.jpg,TP,3,9,0.97522,15798,15608,7618.6343,7527.0062,0.46,seg_small_optA_r560_acc16_lr1e4
ZAINA-679-B_011_jpg.rf.27d46a055eff6f5810ec4c5c9429b994.jpg,TP,2,14,0.970613,24971,24584,12042.3418,11855.7099,0.46,seg_small_optA_r560_acc16_lr1e4
ZAINA-679-B_011_jpg.rf.27d46a055eff6f5810ec4c5c9429b994.jpg,TP,6,13,0.97038,20474,20437,9873.6497,9855.8063,0.46,seg_small_optA_r560_acc16_lr1e4
ZAINA-679-B_011_jpg.rf.27d46a055eff6f5810ec4c5c9429b994.jpg,TP,10,12,0.969161,25351,25540,12225.598,12316.7438,0.46,seg_small_optA_r560_acc16_lr1e4
ZAINA-679-B_011_jpg.rf.27d46a055eff6f5810ec4c5c9429b994.jpg,TP,19,2,0.967602,11166,11123,5384.838,5364.1011,0.46,seg_small_optA_r560_acc16_lr1e4
ZAINA-679-B_011_jpg.rf.27d46a055eff6f5810ec4c5c9429b994.jpg,TP,8,6,0.966343,8892,8927,4288.1944,4305.0733,0.46,seg_small_optA_r560_acc16_lr1e4
ZAINA-679-B_011_jpg.rf.27d46a055eff6f5810ec4c5c9429b994.jpg,TP,12,0,0.96592,3919,3984,1889.9498,1921.2963,0.46,seg_small_optA_r560_acc16_lr1e4
ZAINA-679-B_011_jpg.rf.27d46a055eff6f5810ec4c5c9429b994.jpg,TP,1,18,0.963956,9412,9332,4538.966,4500.3858,0.46,seg_small_optA_r560_acc16_lr1e4
ZAINA-679-B_011_jpg.rf.27d46a055eff6f5810ec4c5c9429b994.jpg,TP,4,11,0.961801,10145,10295,4892.4576,4964.7955,0.46,seg_small_optA_r560_acc16_lr1e4
ZAINA-679-B_011_jpg.rf.27d46a055eff6f5810ec4c5c9429b994.jpg,TP,5,15,0.959288,6714,6713,3237.8472,3237.365,0.46,seg_small_optA_r560_acc16_lr1e4
ZAINA-679-B_011_jpg.rf.27d46a055eff6f5810ec4c5c9429b994.jpg,TP,16,1,0.958801,1584,1554,763.8889,749.4213,0.46,seg_small_optA_r560_acc16_lr1e4
ZAINA-679-B_011_jpg.rf.27d46a055eff6f5810ec4c5c9429b994.jpg,TP,13,16,0.95151,2504,2406,1207.5617,1160.3009,0.46,seg_small_optA_r560_acc16_lr1e4
ZAINA-679-B_011_jpg.rf.27d46a055eff6f5810ec4c5c9429b994.jpg,TP,14,5,0.950875,4069,4072,1962.2878,1963.7346,0.46,seg_small_optA_r560_acc16_lr1e4
ZAINA-679-B_011_jpg.rf.27d46a055eff6f5810ec4c5c9429b994.jpg,TP,15,7,0.948919,2491,2469,1201.2924,1190.6829,0.46,seg_small_optA_r560_acc16_lr1e4
ZAINA-679-B_011_jpg.rf.27d46a055eff6f5810ec4c5c9429b994.jpg,TP,7,19,0.947768,12866,12268,6204.6682,5916.2809,0.46,seg_small_optA_r560_acc16_lr1e4
ZAINA-679-B_011_jpg.rf.27d46a055eff6f5810ec4c5c9429b994.jpg,TP,9,17,0.936296,3800,3738,1832.5617,1802.662,0.46,seg_small_optA_r560_acc16_lr1e4
ZAINA-679-B_011_jpg.rf.27d46a055eff6f5810ec4c5c9429b994.jpg,TP,11,8,0.935447,2582,2485,1245.1775,1198.3989,0.46,seg_small_optA_r560_acc16_lr1e4
ZAINA-679-B_011_jpg.rf.27d46a055eff6f5810ec4c5c9429b994.jpg,TP,17,10,0.935315,2789,2746,1345.0039,1324.267,0.46,seg_small_optA_r560_acc16_lr1e4
ZAINA-679-B_011_jpg.rf.27d46a055eff6f5810ec4c5c9429b994.jpg,TP,18,21,0.895038,31917,30335,15392.0718,14629.1474,0.46,seg_small_optA_r560_acc16_lr1e4
ZAINA-679-B_011_jpg.rf.27d46a055eff6f5810ec4c5c9429b994.jpg,TP,21,20,0.826654,1736,2047,837.1914,987.1721,0.46,seg_small_optA_r560_acc16_lr1e4
ZAINA-679-B_011_jpg.rf.27d46a055eff6f5810ec4c5c9429b994.jpg,TP,20,3,0.817365,281,326,135.5131,157.2145,0.46,seg_small_optA_r560_acc16_lr1e4
ZAINA-679-B_011_jpg.rf.27d46a055eff6f5810ec4c5c9429b994.jpg,TP,22,23,0.753597,527,448,254.1474,216.0494,0.46,seg_small_optA_r560_acc16_lr1e4
ZAINA-679-B_011_jpg.rf.27d46a055eff6f5810ec4c5c9429b994.jpg,FN,-1,22,0.0,393,0,189.5255,0.0,0.46,seg_small_optA_r560_acc16_lr1e4
ZAZA-B_008_jpg.rf.92ad451b5359143319a46e599a0239d1.jpg,TP,0,7,0.964437,14519,14315,7001.8326,6903.4529,0.46,seg_small_optA_r560_acc16_lr1e4
ZAZA-B_008_jpg.rf.92ad451b5359143319a46e599a0239d1.jpg,TP,16,27,0.96189,19713,19978,9506.6551,9634.4522,0.46,seg_small_optA_r560_acc16_lr1e4
ZAZA-B_008_jpg.rf.92ad451b5359143319a46e599a0239d1.jpg,TP,5,6,0.958754,7945,7964,3831.5008,3840.6636,0.46,seg_small_optA_r560_acc16_lr1e4
ZAZA-B_008_jpg.rf.92ad451b5359143319a46e599a0239d1.jpg,TP,2,10,0.952616,982,996,473.5725,480.3241,0.46,seg_small_optA_r560_acc16_lr1e4
ZAZA-B_008_jpg.rf.92ad451b5359143319a46e599a0239d1.jpg,TP,1,19,0.951514,11678,11908,5631.7515,5742.6698,0.46,seg_small_optA_r560_acc16_lr1e4
ZAZA-B_008_jpg.rf.92ad451b5359143319a46e599a0239d1.jpg,TP,8,20,0.950931,9889,9911,4769.0008,4779.6103,0.46,seg_small_optA_r560_acc16_lr1e4
ZAZA-B_008_jpg.rf.92ad451b5359143319a46e599a0239d1.jpg,TP,26,25,0.95067,37600,37374,18132.716,18023.7269,0.46,seg_small_optA_r560_acc16_lr1e4
ZAZA-B_008_jpg.rf.92ad451b5359143319a46e599a0239d1.jpg,TP,22,5,0.950134,4728,4697,2280.0926,2265.1427,0.46,seg_small_optA_r560_acc16_lr1e4
ZAZA-B_008_jpg.rf.92ad451b5359143319a46e599a0239d1.jpg,TP,23,22,0.947914,8443,8648,4071.6628,4170.5247,0.46,seg_small_optA_r560_acc16_lr1e4
ZAZA-B_008_jpg.rf.92ad451b5359143319a46e599a0239d1.jpg,TP,9,2,0.940615,2347,2326,1131.848,1121.7207,0.46,seg_small_optA_r560_acc16_lr1e4
ZAZA-B_008_jpg.rf.92ad451b5359143319a46e599a0239d1.jpg,TP,3,0,0.938099,7557,7409,3644.3866,3573.0131,0.46,seg_small_optA_r560_acc16_lr1e4
ZAZA-B_008_jpg.rf.92ad451b5359143319a46e599a0239d1.jpg,TP,11,18,0.929736,3268,3241,1576.0031,1562.9823,0.46,seg_small_optA_r560_acc16_lr1e4
ZAZA-B_008_jpg.rf.92ad451b5359143319a46e599a0239d1.jpg,TP,4,9,0.921344,2485,2547,1198.3989,1228.2986,0.46,seg_small_optA_r560_acc16_lr1e4
ZAZA-B_008_jpg.rf.92ad451b5359143319a46e599a0239d1.jpg,TP,13,1,0.92068,327,351,157.6968,169.2708,0.46,seg_small_optA_r560_acc16_lr1e4
ZAZA-B_008_jpg.rf.92ad451b5359143319a46e599a0239d1.jpg,TP,7,3,0.918574,1783,1822,859.8573,878.6651,0.46,seg_small_optA_r560_acc16_lr1e4
ZAZA-B_008_jpg.rf.92ad451b5359143319a46e599a0239d1.jpg,TP,14,11,0.900844,3165,3142,1526.331,1515.2392,0.46,seg_small_optA_r560_acc16_lr1e4
ZAZA-B_008_jpg.rf.92ad451b5359143319a46e599a0239d1.jpg,TP,6,21,0.894123,4316,4289,2081.4043,2068.3835,0.46,seg_small_optA_r560_acc16_lr1e4
ZAZA-B_008_jpg.rf.92ad451b5359143319a46e599a0239d1.jpg,TP,12,15,0.889517,1893,1784,912.9051,860.3395,0.46,seg_small_optA_r560_acc16_lr1e4
ZAZA-B_008_jpg.rf.92ad451b5359143319a46e599a0239d1.jpg,TP,10,17,0.88213,19872,21900,9583.3333,10561.3426,0.46,seg_small_optA_r560_acc16_lr1e4
ZAZA-B_008_jpg.rf.92ad451b5359143319a46e599a0239d1.jpg,TP,15,16,0.881543,354,329,170.7176,158.6613,0.46,seg_small_optA_r560_acc16_lr1e4
ZAZA-B_008_jpg.rf.92ad451b5359143319a46e599a0239d1.jpg,TP,24,23,0.699187,90,119,43.4028,57.3881,0.46,seg_small_optA_r560_acc16_lr1e4
ZAZA-B_008_jpg.rf.92ad451b5359143319a46e599a0239d1.jpg,TP,19,4,0.625,88,55,42.4383,26.5239,0.46,seg_small_optA_r560_acc16_lr1e4
ZAZA-B_008_jpg.rf.92ad451b5359143319a46e599a0239d1.jpg,TP,20,8,0.538007,14563,8098,7023.0517,3905.2855,0.46,seg_small_optA_r560_acc16_lr1e4
ZAZA-B_008_jpg.rf.92ad451b5359143319a46e599a0239d1.jpg,FP,17,-1,0.0,0,16382,0.0,7900.2701,0.46,seg_small_optA_r560_acc16_lr1e4
ZAZA-B_008_jpg.rf.92ad451b5359143319a46e599a0239d1.jpg,FP,18,-1,0.0,0,6469,0.0,3119.6952,0.46,seg_small_optA_r560_acc16_lr1e4
ZAZA-B_008_jpg.rf.92ad451b5359143319a46e599a0239d1.jpg,FP,21,-1,0.0,0,409,0.0,197.2415,0.46,seg_small_optA_r560_acc16_lr1e4
ZAZA-B_008_jpg.rf.92ad451b5359143319a46e599a0239d1.jpg,FP,25,-1,0.0,0,10066,0.0,4854.3596,0.46,seg_small_optA_r560_acc16_lr1e4
ZAZA-B_008_jpg.rf.92ad451b5359143319a46e599a0239d1.jpg,FP,27,-1,0.0,0,26219,0.0,12644.1937,0.46,seg_small_optA_r560_acc16_lr1e4
ZAZA-B_008_jpg.rf.92ad451b5359143319a46e599a0239d1.jpg,FN,-1,12,0.0,4583,0,2210.1659,0.0,0.46,seg_small_optA_r560_acc16_lr1e4
ZAZA-B_008_jpg.rf.92ad451b5359143319a46e599a0239d1.jpg,FN,-1,13,0.0,5633,0,2716.5316,0.0,0.46,seg_small_optA_r560_acc16_lr1e4
ZAZA-B_008_jpg.rf.92ad451b5359143319a46e599a0239d1.jpg,FN,-1,14,0.0,6269,0,3023.2446,0.0,0.46,seg_small_optA_r560_acc16_lr1e4
ZAZA-B_008_jpg.rf.92ad451b5359143319a46e599a0239d1.jpg,FN,-1,24,0.0,59,0,28.4529,0.0,0.46,seg_small_optA_r560_acc16_lr1e4
ZAZA-B_008_jpg.rf.92ad451b5359143319a46e599a0239d1.jpg,FN,-1,26,0.0,3207,0,1546.5856,0.0,0.46,seg_small_optA_r560_acc16_lr1e4
ROSILHA-M-G_001_jpg.rf.3dab74a9f6c203f6aca8afc07a353bd2.jpg,TP,6,7,0.975746,2656,2639,1280.8642,1272.6659,0.46,seg_small_optA_r560_acc16_lr1e4
ROSILHA-M-G_001_jpg.rf.3dab74a9f6c203f6aca8afc07a353bd2.jpg,TP,10,1,0.952818,1507,1473,726.7554,710.3588,0.46,seg_small_optA_r560_acc16_lr1e4
ROSILHA-M-G_001_jpg.rf.3dab74a9f6c203f6aca8afc07a353bd2.jpg,TP,2,8,0.950128,5388,5248,2598.3796,2530.8642,0.46,seg_small_optA_r560_acc16_lr1e4
ROSILHA-M-G_001_jpg.rf.3dab74a9f6c203f6aca8afc07a353bd2.jpg,TP,5,13,0.9476,3995,3959,1926.6011,1909.24,0.46,seg_small_optA_r560_acc16_lr1e4
ROSILHA-M-G_001_jpg.rf.3dab74a9f6c203f6aca8afc07a353bd2.jpg,TP,0,10,0.94581,6925,6612,3339.6026,3188.6574,0.46,seg_small_optA_r560_acc16_lr1e4
ROSILHA-M-G_001_jpg.rf.3dab74a9f6c203f6aca8afc07a353bd2.jpg,TP,1,0,0.944669,3156,3100,1521.9907,1494.9846,0.46,seg_small_optA_r560_acc16_lr1e4
ROSILHA-M-G_001_jpg.rf.3dab74a9f6c203f6aca8afc07a353bd2.jpg,TP,7,9,0.944515,6107,6159,2945.1196,2970.1968,0.46,seg_small_optA_r560_acc16_lr1e4
ROSILHA-M-G_001_jpg.rf.3dab74a9f6c203f6aca8afc07a353bd2.jpg,TP,4,3,0.939875,6119,5980,2950.9066,2883.8735,0.46,seg_small_optA_r560_acc16_lr1e4
ROSILHA-M-G_001_jpg.rf.3dab74a9f6c203f6aca8afc07a353bd2.jpg,TP,21,14,0.934611,7963,7688,3840.1813,3707.5617,0.46,seg_small_optA_r560_acc16_lr1e4
ROSILHA-M-G_001_jpg.rf.3dab74a9f6c203f6aca8afc07a353bd2.jpg,TP,3,11,0.923077,2209,2141,1065.2971,1032.5039,0.46,seg_small_optA_r560_acc16_lr1e4
ROSILHA-M-G_001_jpg.rf.3dab74a9f6c203f6aca8afc07a353bd2.jpg,TP,12,6,0.918501,6132,5897,2957.1759,2843.8465,0.46,seg_small_optA_r560_acc16_lr1e4
ROSILHA-M-G_001_jpg.rf.3dab74a9f6c203f6aca8afc07a353bd2.jpg,TP,8,12,0.911417,1483,1430,715.1813,689.6219,0.46,seg_small_optA_r560_acc16_lr1e4
ROSILHA-M-G_001_jpg.rf.3dab74a9f6c203f6aca8afc07a353bd2.jpg,TP,9,5,0.878579,2876,2570,1386.9599,1239.3904,0.46,seg_small_optA_r560_acc16_lr1e4
ROSILHA-M-G_001_jpg.rf.3dab74a9f6c203f6aca8afc07a353bd2.jpg,TP,11,4,0.868983,5004,4354,2413.1944,2099.7299,0.46,seg_small_optA_r560_acc16_lr1e4
ROSILHA-M-G_001_jpg.rf.3dab74a9f6c203f6aca8afc07a353bd2.jpg,TP,14,2,0.8125,559,485,269.5795,233.8927,0.46,seg_small_optA_r560_acc16_lr1e4
ROSILHA-M-G_001_jpg.rf.3dab74a9f6c203f6aca8afc07a353bd2.jpg,TP,15,17,0.769401,451,347,217.4961,167.3418,0.46,seg_small_optA_r560_acc16_lr1e4
ROSILHA-M-G_001_jpg.rf.3dab74a9f6c203f6aca8afc07a353bd2.jpg,TP,13,16,0.608434,830,505,400.2701,243.5378,0.46,seg_small_optA_r560_acc16_lr1e4
ROSILHA-M-G_001_jpg.rf.3dab74a9f6c203f6aca8afc07a353bd2.jpg,TP,20,15,0.581081,2738,1591,1320.409,767.2647,0.46,seg_small_optA_r560_acc16_lr1e4
ROSILHA-M-G_001_jpg.rf.3dab74a9f6c203f6aca8afc07a353bd2.jpg,FP,16,-1,0.0,0,393,0.0,189.5255,0.46,seg_small_optA_r560_acc16_lr1e4
ROSILHA-M-G_001_jpg.rf.3dab74a9f6c203f6aca8afc07a353bd2.jpg,FP,17,-1,0.0,0,4885,0.0,2355.8063,0.46,seg_small_optA_r560_acc16_lr1e4
ROSILHA-M-G_001_jpg.rf.3dab74a9f6c203f6aca8afc07a353bd2.jpg,FP,18,-1,0.0,0,2200,0.0,1060.9568,0.46,seg_small_optA_r560_acc16_lr1e4
ROSILHA-M-G_001_jpg.rf.3dab74a9f6c203f6aca8afc07a353bd2.jpg,FP,19,-1,0.0,0,440,0.0,212.1914,0.46,seg_small_optA_r560_acc16_lr1e4
TORDILHA-B_010_jpg.rf.698124083a3806b10e86f6304c2b5ce1.jpg,TP,7,0,0.98458,1737,1738,837.6736,838.1559,0.46,seg_small_optA_r560_acc16_lr1e4
TORDILHA-B_010_jpg.rf.698124083a3806b10e86f6304c2b5ce1.jpg,TP,3,11,0.970884,12883,12636,6212.8665,6093.75,0.46,seg_small_optA_r560_acc16_lr1e4
TORDILHA-B_010_jpg.rf.698124083a3806b10e86f6304c2b5ce1.jpg,TP,0,14,0.968135,12209,12312,5887.8279,5937.5,0.46,seg_small_optA_r560_acc16_lr1e4
TORDILHA-B_010_jpg.rf.698124083a3806b10e86f6304c2b5ce1.jpg,TP,16,18,0.960956,7214,7150,3478.9738,3448.1096,0.46,seg_small_optA_r560_acc16_lr1e4
TORDILHA-B_010_jpg.rf.698124083a3806b10e86f6304c2b5ce1.jpg,TP,29,28,0.957489,7757,7991,3740.8372,3853.6844,0.46,seg_small_optA_r560_acc16_lr1e4
TORDILHA-B_010_jpg.rf.698124083a3806b10e86f6304c2b5ce1.jpg,TP,8,26,0.956533,11384,11347,5489.9691,5472.1258,0.46,seg_small_optA_r560_acc16_lr1e4
TORDILHA-B_010_jpg.rf.698124083a3806b10e86f6304c2b5ce1.jpg,TP,6,13,0.948494,4078,3942,1966.6281,1901.0417,0.46,seg_small_optA_r560_acc16_lr1e4
TORDILHA-B_010_jpg.rf.698124083a3806b10e86f6304c2b5ce1.jpg,TP,1,10,0.945238,9985,10298,4815.2971,4966.2423,0.46,seg_small_optA_r560_acc16_lr1e4
TORDILHA-B_010_jpg.rf.698124083a3806b10e86f6304c2b5ce1.jpg,TP,12,20,0.943202,3238,3194,1561.5355,1540.3164,0.46,seg_small_optA_r560_acc16_lr1e4
TORDILHA-B_010_jpg.rf.698124083a3806b10e86f6304c2b5ce1.jpg,TP,15,5,0.938667,3923,4074,1891.8789,1964.6991,0.46,seg_small_optA_r560_acc16_lr1e4
TORDILHA-B_010_jpg.rf.698124083a3806b10e86f6304c2b5ce1.jpg,TP,4,15,0.93798,1677,1604,808.7384,773.534,0.46,seg_small_optA_r560_acc16_lr1e4
TORDILHA-B_010_jpg.rf.698124083a3806b10e86f6304c2b5ce1.jpg,TP,13,17,0.937005,2585,2550,1246.6242,1229.7454,0.46,seg_small_optA_r560_acc16_lr1e4
TORDILHA-B_010_jpg.rf.698124083a3806b10e86f6304c2b5ce1.jpg,TP,11,25,0.934345,2904,2959,1400.463,1426.9869,0.46,seg_small_optA_r560_acc16_lr1e4
TORDILHA-B_010_jpg.rf.698124083a3806b10e86f6304c2b5ce1.jpg,TP,5,16,0.932318,6054,6251,2919.5602,3014.564,0.46,seg_small_optA_r560_acc16_lr1e4
TORDILHA-B_010_jpg.rf.698124083a3806b10e86f6304c2b5ce1.jpg,TP,2,7,0.925722,4048,4015,1952.1605,1936.2461,0.46,seg_small_optA_r560_acc16_lr1e4
TORDILHA-B_010_jpg.rf.698124083a3806b10e86f6304c2b5ce1.jpg,TP,21,1,0.918367,377,375,181.8094,180.8449,0.46,seg_small_optA_r560_acc16_lr1e4
TORDILHA-B_010_jpg.rf.698124083a3806b10e86f6304c2b5ce1.jpg,TP,22,3,0.918294,1283,1370,618.7307,660.6867,0.46,seg_small_optA_r560_acc16_lr1e4
TORDILHA-B_010_jpg.rf.698124083a3806b10e86f6304c2b5ce1.jpg,TP,23,2,0.915958,2814,2817,1357.0602,1358.5069,0.46,seg_small_optA_r560_acc16_lr1e4
TORDILHA-B_010_jpg.rf.698124083a3806b10e86f6304c2b5ce1.jpg,TP,10,12,0.914342,1984,1927,956.7901,929.3017,0.46,seg_small_optA_r560_acc16_lr1e4
TORDILHA-B_010_jpg.rf.698124083a3806b10e86f6304c2b5ce1.jpg,TP,9,8,0.912698,1201,1209,579.186,583.044,0.46,seg_small_optA_r560_acc16_lr1e4
TORDILHA-B_010_jpg.rf.698124083a3806b10e86f6304c2b5ce1.jpg,TP,17,4,0.911648,4813,4837,2321.0841,2332.6582,0.46,seg_small_optA_r560_acc16_lr1e4
TORDILHA-B_010_jpg.rf.698124083a3806b10e86f6304c2b5ce1.jpg,TP,20,30,0.894662,2059,1916,992.9591,923.9969,0.46,seg_small_optA_r560_acc16_lr1e4
TORDILHA-B_010_jpg.rf.698124083a3806b10e86f6304c2b5ce1.jpg,TP,19,22,0.892897,857,822,413.2909,396.412,0.46,seg_small_optA_r560_acc16_lr1e4
TORDILHA-B_010_jpg.rf.698124083a3806b10e86f6304c2b5ce1.jpg,TP,31,27,0.826464,417,425,201.0995,204.9576,0.46,seg_small_optA_r560_acc16_lr1e4
TORDILHA-B_010_jpg.rf.698124083a3806b10e86f6304c2b5ce1.jpg,TP,32,23,0.796772,1161,1288,559.8958,621.142,0.46,seg_small_optA_r560_acc16_lr1e4
TORDILHA-B_010_jpg.rf.698124083a3806b10e86f6304c2b5ce1.jpg,TP,30,29,0.787879,259,213,124.9035,102.7199,0.46,seg_small_optA_r560_acc16_lr1e4
TORDILHA-B_010_jpg.rf.698124083a3806b10e86f6304c2b5ce1.jpg,TP,24,19,0.656339,2614,3801,1260.6096,1833.044,0.46,seg_small_optA_r560_acc16_lr1e4
TORDILHA-B_010_jpg.rf.698124083a3806b10e86f6304c2b5ce1.jpg,TP,14,9,0.618384,12426,7909,5992.4769,3814.1397,0.46,seg_small_optA_r560_acc16_lr1e4
TORDILHA-B_010_jpg.rf.698124083a3806b10e86f6304c2b5ce1.jpg,TP,26,24,0.532822,10981,6018,5295.6211,2902.1991,0.46,seg_small_optA_r560_acc16_lr1e4
TORDILHA-B_010_jpg.rf.698124083a3806b10e86f6304c2b5ce1.jpg,TP,28,6,0.526803,8229,4474,3968.4606,2157.6003,0.46,seg_small_optA_r560_acc16_lr1e4
TORDILHA-B_010_jpg.rf.698124083a3806b10e86f6304c2b5ce1.jpg,FP,18,-1,0.0,0,4443,0.0,2142.6505,0.46,seg_small_optA_r560_acc16_lr1e4
TORDILHA-B_010_jpg.rf.698124083a3806b10e86f6304c2b5ce1.jpg,FP,25,-1,0.0,0,3543,0.0,1708.6227,0.46,seg_small_optA_r560_acc16_lr1e4
TORDILHA-B_010_jpg.rf.698124083a3806b10e86f6304c2b5ce1.jpg,FP,27,-1,0.0,0,4979,0.0,2401.1381,0.46,seg_small_optA_r560_acc16_lr1e4
TORDILHA-B_010_jpg.rf.698124083a3806b10e86f6304c2b5ce1.jpg,FN,-1,21,0.0,1059,0,510.706,0.0,0.46,seg_small_optA_r560_acc16_lr1e4
TOSTADA-G_011_jpg.rf.c0b219a9a6742c565eddfcdb51541b7d.jpg,TP,10,20,0.967998,4373,4298,2108.8927,2072.7238,0.46,seg_small_optA_r560_acc16_lr1e4
TOSTADA-G_011_jpg.rf.c0b219a9a6742c565eddfcdb51541b7d.jpg,TP,8,12,0.9627,6091,6064,2937.4035,2924.3827,0.46,seg_small_optA_r560_acc16_lr1e4
TOSTADA-G_011_jpg.rf.c0b219a9a6742c565eddfcdb51541b7d.jpg,TP,3,19,0.960032,7302,7263,3521.412,3502.6042,0.46,seg_small_optA_r560_acc16_lr1e4
TOSTADA-G_011_jpg.rf.c0b219a9a6742c565eddfcdb51541b7d.jpg,TP,0,21,0.959016,7940,7834,3829.0895,3777.9707,0.46,seg_small_optA_r560_acc16_lr1e4
TOSTADA-G_011_jpg.rf.c0b219a9a6742c565eddfcdb51541b7d.jpg,TP,1,25,0.957748,10608,10289,5115.7407,4961.902,0.46,seg_small_optA_r560_acc16_lr1e4
TOSTADA-G_011_jpg.rf.c0b219a9a6742c565eddfcdb51541b7d.jpg,TP,5,1,0.954734,6489,6250,3129.3403,3014.0818,0.46,seg_small_optA_r560_acc16_lr1e4
TOSTADA-G_011_jpg.rf.c0b219a9a6742c565eddfcdb51541b7d.jpg,TP,2,6,0.952288,8048,7951,3881.1728,3834.3943,0.46,seg_small_optA_r560_acc16_lr1e4
TOSTADA-G_011_jpg.rf.c0b219a9a6742c565eddfcdb51541b7d.jpg,TP,14,0,0.950342,1141,1137,550.2508,548.3218,0.46,seg_small_optA_r560_acc16_lr1e4
TOSTADA-G_011_jpg.rf.c0b219a9a6742c565eddfcdb51541b7d.jpg,TP,4,11,0.950252,4668,4623,2251.1574,2229.456,0.46,seg_small_optA_r560_acc16_lr1e4
TOSTADA-G_011_jpg.rf.c0b219a9a6742c565eddfcdb51541b7d.jpg,TP,9,26,0.946135,5366,5184,2587.7701,2500.0,0.46,seg_small_optA_r560_acc16_lr1e4
TOSTADA-G_011_jpg.rf.c0b219a9a6742c565eddfcdb51541b7d.jpg,TP,11,3,0.944667,2900,2934,1398.534,1414.9306,0.46,seg_small_optA_r560_acc16_lr1e4
TOSTADA-G_011_jpg.rf.c0b219a9a6742c565eddfcdb51541b7d.jpg,TP,6,10,0.942723,12843,12358,6193.5764,5959.6836,0.46,seg_small_optA_r560_acc16_lr1e4
TOSTADA-G_011_jpg.rf.c0b219a9a6742c565eddfcdb51541b7d.jpg,TP,12,13,0.940319,2140,2119,1032.0216,1021.8943,0.46,seg_small_optA_r560_acc16_lr1e4
TOSTADA-G_011_jpg.rf.c0b219a9a6742c565eddfcdb51541b7d.jpg,TP,22,4,0.929213,871,846,420.0424,407.9861,0.46,seg_small_optA_r560_acc16_lr1e4
TOSTADA-G_011_jpg.rf.c0b219a9a6742c565eddfcdb51541b7d.jpg,TP,19,28,0.927083,850,815,409.9151,393.0363,0.46,seg_small_optA_r560_acc16_lr1e4
TOSTADA-G_011_jpg.rf.c0b219a9a6742c565eddfcdb51541b7d.jpg,TP,7,9,0.922276,1246,1153,600.8873,556.0378,0.46,seg_small_optA_r560_acc16_lr1e4
TOSTADA-G_011_jpg.rf.c0b219a9a6742c565eddfcdb51541b7d.jpg,TP,17,2,0.920415,834,831,402.1991,400.7523,0.46,seg_small_optA_r560_acc16_lr1e4
TOSTADA-G_011_jpg.rf.c0b219a9a6742c565eddfcdb51541b7d.jpg,TP,18,15,0.917034,1114,1058,537.2299,510.2238,0.46,seg_small_optA_r560_acc16_lr1e4
TOSTADA-G_011_jpg.rf.c0b219a9a6742c565eddfcdb51541b7d.jpg,TP,20,7,0.912442,216,199,104.1667,95.9684,0.46,seg_small_optA_r560_acc16_lr1e4
TOSTADA-G_011_jpg.rf.c0b219a9a6742c565eddfcdb51541b7d.jpg,TP,13,18,0.899682,2773,2605,1337.2878,1256.2693,0.46,seg_small_optA_r560_acc16_lr1e4
TOSTADA-G_011_jpg.rf.c0b219a9a6742c565eddfcdb51541b7d.jpg,TP,16,29,0.893588,731,657,352.527,316.8403,0.46,seg_small_optA_r560_acc16_lr1e4
TOSTADA-G_011_jpg.rf.c0b219a9a6742c565eddfcdb51541b7d.jpg,TP,21,8,0.888889,735,710,354.456,342.3997,0.46,seg_small_optA_r560_acc16_lr1e4
TOSTADA-G_011_jpg.rf.c0b219a9a6742c565eddfcdb51541b7d.jpg,TP,24,27,0.883972,1015,901,489.4869,434.51,0.46,seg_small_optA_r560_acc16_lr1e4
TOSTADA-G_011_jpg.rf.c0b219a9a6742c565eddfcdb51541b7d.jpg,TP,25,16,0.864734,414,358,199.6528,172.6466,0.46,seg_small_optA_r560_acc16_lr1e4
TOSTADA-G_011_jpg.rf.c0b219a9a6742c565eddfcdb51541b7d.jpg,TP,15,17,0.680988,20758,14299,10010.6096,6895.7369,0.46,seg_small_optA_r560_acc16_lr1e4
TOSTADA-G_011_jpg.rf.c0b219a9a6742c565eddfcdb51541b7d.jpg,TP,29,5,0.673898,37764,25742,18211.8056,12414.159,0.46,seg_small_optA_r560_acc16_lr1e4
TOSTADA-G_011_jpg.rf.c0b219a9a6742c565eddfcdb51541b7d.jpg,TP,28,14,0.631068,103,65,49.6721,31.3465,0.46,seg_small_optA_r560_acc16_lr1e4
TOSTADA-G_011_jpg.rf.c0b219a9a6742c565eddfcdb51541b7d.jpg,TP,26,22,0.600387,11141,17794,5372.7816,8581.2114,0.46,seg_small_optA_r560_acc16_lr1e4
TOSTADA-G_011_jpg.rf.c0b219a9a6742c565eddfcdb51541b7d.jpg,FP,23,-1,0.0,0,4505,0.0,2172.5502,0.46,seg_small_optA_r560_acc16_lr1e4
TOSTADA-G_011_jpg.rf.c0b219a9a6742c565eddfcdb51541b7d.jpg,FP,27,-1,0.0,0,10051,0.0,4847.1258,0.46,seg_small_optA_r560_acc16_lr1e4
TOSTADA-G_011_jpg.rf.c0b219a9a6742c565eddfcdb51541b7d.jpg,FN,-1,23,0.0,31,0,14.9498,0.0,0.46,seg_small_optA_r560_acc16_lr1e4
TOSTADA-G_011_jpg.rf.c0b219a9a6742c565eddfcdb51541b7d.jpg,FN,-1,24,0.0,7170,0,3457.7546,0.0,0.46,seg_small_optA_r560_acc16_lr1e4
ROSILHA-M-B_003_jpg.rf.863a24cebe30a134937348de5cbcaa87.jpg,TP,0,8,0.963788,11645,11728,5615.8372,5655.8642,0.46,seg_small_optA_r560_acc16_lr1e4
ROSILHA-M-B_003_jpg.rf.863a24cebe30a134937348de5cbcaa87.jpg,TP,4,5,0.960093,16242,16666,7832.7546,8037.2299,0.46,seg_small_optA_r560_acc16_lr1e4
ROSILHA-M-B_003_jpg.rf.863a24cebe30a134937348de5cbcaa87.jpg,TP,2,0,0.958261,13076,12963,6305.9414,6251.4468,0.46,seg_small_optA_r560_acc16_lr1e4
ROSILHA-M-B_003_jpg.rf.863a24cebe30a134937348de5cbcaa87.jpg,TP,10,19,0.956416,34119,34156,16453.9931,16471.8364,0.46,seg_small_optA_r560_acc16_lr1e4
ROSILHA-M-B_003_jpg.rf.863a24cebe30a134937348de5cbcaa87.jpg,TP,5,10,0.948843,3976,4024,1917.4383,1940.5864,0.46,seg_small_optA_r560_acc16_lr1e4
ROSILHA-M-B_003_jpg.rf.863a24cebe30a134937348de5cbcaa87.jpg,TP,1,9,0.942508,5363,5449,2586.3233,2627.7971,0.46,seg_small_optA_r560_acc16_lr1e4
ROSILHA-M-B_003_jpg.rf.863a24cebe30a134937348de5cbcaa87.jpg,TP,11,1,0.926684,2822,3012,1360.9182,1452.5463,0.46,seg_small_optA_r560_acc16_lr1e4
ROSILHA-M-B_003_jpg.rf.863a24cebe30a134937348de5cbcaa87.jpg,TP,8,12,0.920359,4943,4895,2383.777,2360.6289,0.46,seg_small_optA_r560_acc16_lr1e4
ROSILHA-M-B_003_jpg.rf.863a24cebe30a134937348de5cbcaa87.jpg,TP,7,15,0.904505,1621,1550,781.7323,747.4923,0.46,seg_small_optA_r560_acc16_lr1e4
ROSILHA-M-B_003_jpg.rf.863a24cebe30a134937348de5cbcaa87.jpg,TP,13,7,0.875125,887,990,427.7585,477.4306,0.46,seg_small_optA_r560_acc16_lr1e4
ROSILHA-M-B_003_jpg.rf.863a24cebe30a134937348de5cbcaa87.jpg,TP,6,17,0.873765,15095,13924,7279.6103,6714.892,0.46,seg_small_optA_r560_acc16_lr1e4
ROSILHA-M-B_003_jpg.rf.863a24cebe30a134937348de5cbcaa87.jpg,TP,3,6,0.835291,15321,12959,7388.5995,6249.5177,0.46,seg_small_optA_r560_acc16_lr1e4
ROSILHA-M-B_003_jpg.rf.863a24cebe30a134937348de5cbcaa87.jpg,TP,21,4,0.82974,3825,4493,1844.6181,2166.7631,0.46,seg_small_optA_r560_acc16_lr1e4
ROSILHA-M-B_003_jpg.rf.863a24cebe30a134937348de5cbcaa87.jpg,TP,15,13,0.630835,2117,2495,1020.9298,1203.2215,0.46,seg_small_optA_r560_acc16_lr1e4
ROSILHA-M-B_003_jpg.rf.863a24cebe30a134937348de5cbcaa87.jpg,TP,16,16,0.545359,7047,12151,3398.4375,5859.8573,0.46,seg_small_optA_r560_acc16_lr1e4
ROSILHA-M-B_003_jpg.rf.863a24cebe30a134937348de5cbcaa87.jpg,TP,17,11,0.507059,27873,14507,13441.8403,6996.0455,0.46,seg_small_optA_r560_acc16_lr1e4
ROSILHA-M-B_003_jpg.rf.863a24cebe30a134937348de5cbcaa87.jpg,FP,9,-1,0.0,0,2169,0.0,1046.0069,0.46,seg_small_optA_r560_acc16_lr1e4
ROSILHA-M-B_003_jpg.rf.863a24cebe30a134937348de5cbcaa87.jpg,FP,12,-1,0.0,0,15144,0.0,7303.2407,0.46,seg_small_optA_r560_acc16_lr1e4
ROSILHA-M-B_003_jpg.rf.863a24cebe30a134937348de5cbcaa87.jpg,FP,14,-1,0.0,0,6239,0.0,3008.777,0.46,seg_small_optA_r560_acc16_lr1e4
ROSILHA-M-B_003_jpg.rf.863a24cebe30a134937348de5cbcaa87.jpg,FP,18,-1,0.0,0,9204,0.0,4438.6574,0.46,seg_small_optA_r560_acc16_lr1e4
ROSILHA-M-B_003_jpg.rf.863a24cebe30a134937348de5cbcaa87.jpg,FP,19,-1,0.0,0,2957,0.0,1426.0224,0.46,seg_small_optA_r560_acc16_lr1e4
ROSILHA-M-B_003_jpg.rf.863a24cebe30a134937348de5cbcaa87.jpg,FP,20,-1,0.0,0,1053,0.0,507.8125,0.46,seg_small_optA_r560_acc16_lr1e4
ROSILHA-M-B_003_jpg.rf.863a24cebe30a134937348de5cbcaa87.jpg,FN,-1,2,0.0,7715,0,3720.5826,0.0,0.46,seg_small_optA_r560_acc16_lr1e4
ROSILHA-M-B_003_jpg.rf.863a24cebe30a134937348de5cbcaa87.jpg,FN,-1,3,0.0,5602,0,2701.5818,0.0,0.46,seg_small_optA_r560_acc16_lr1e4
ROSILHA-M-B_003_jpg.rf.863a24cebe30a134937348de5cbcaa87.jpg,FN,-1,14,0.0,616,0,297.0679,0.0,0.46,seg_small_optA_r560_acc16_lr1e4
ROSILHA-M-B_003_jpg.rf.863a24cebe30a134937348de5cbcaa87.jpg,FN,-1,18,0.0,5112,0,2465.2778,0.0,0.46,seg_small_optA_r560_acc16_lr1e4
ZAZA-G_012_jpg.rf.b65fca463e4411032a599acd7494f06d.jpg,TP,3,7,0.970158,4903,4802,2364.4869,2315.7793,0.46,seg_small_optA_r560_acc16_lr1e4
ZAZA-G_012_jpg.rf.b65fca463e4411032a599acd7494f06d.jpg,TP,21,11,0.965073,13173,13045,6352.7199,6290.9915,0.46,seg_small_optA_r560_acc16_lr1e4
ZAZA-G_012_jpg.rf.b65fca463e4411032a599acd7494f06d.jpg,TP,4,16,0.964945,3177,3101,1532.1181,1495.4668,0.46,seg_small_optA_r560_acc16_lr1e4
ZAZA-G_012_jpg.rf.b65fca463e4411032a599acd7494f06d.jpg,TP,17,1,0.956076,665,671,320.6983,323.5918,0.46,seg_small_optA_r560_acc16_lr1e4
ZAZA-G_012_jpg.rf.b65fca463e4411032a599acd7494f06d.jpg,TP,30,19,0.954927,2578,2540,1243.2485,1224.9228,0.46,seg_small_optA_r560_acc16_lr1e4
ZAZA-G_012_jpg.rf.b65fca463e4411032a599acd7494f06d.jpg,TP,10,10,0.953116,8569,8261,4132.4267,3983.8927,0.46,seg_small_optA_r560_acc16_lr1e4
ZAZA-G_012_jpg.rf.b65fca463e4411032a599acd7494f06d.jpg,TP,18,15,0.95134,1824,1745,879.6296,841.5316,0.46,seg_small_optA_r560_acc16_lr1e4
ZAZA-G_012_jpg.rf.b65fca463e4411032a599acd7494f06d.jpg,TP,1,24,0.948724,4100,3995,1977.2377,1926.6011,0.46,seg_small_optA_r560_acc16_lr1e4
ZAZA-G_012_jpg.rf.b65fca463e4411032a599acd7494f06d.jpg,TP,15,29,0.948148,532,520,256.5586,250.7716,0.46,seg_small_optA_r560_acc16_lr1e4
ZAZA-G_012_jpg.rf.b65fca463e4411032a599acd7494f06d.jpg,TP,0,28,0.944939,3694,3512,1781.4429,1693.6728,0.46,seg_small_optA_r560_acc16_lr1e4
ZAZA-G_012_jpg.rf.b65fca463e4411032a599acd7494f06d.jpg,TP,9,31,0.944313,2957,2804,1426.0224,1352.2377,0.46,seg_small_optA_r560_acc16_lr1e4
ZAZA-G_012_jpg.rf.b65fca463e4411032a599acd7494f06d.jpg,TP,22,23,0.943037,6815,6454,3286.5548,3112.4614,0.46,seg_small_optA_r560_acc16_lr1e4
ZAZA-G_012_jpg.rf.b65fca463e4411032a599acd7494f06d.jpg,TP,28,18,0.941812,6625,6323,3194.9267,3049.2863,0.46,seg_small_optA_r560_acc16_lr1e4
ZAZA-G_012_jpg.rf.b65fca463e4411032a599acd7494f06d.jpg,TP,11,20,0.940881,4570,4327,2203.8966,2086.7091,0.46,seg_small_optA_r560_acc16_lr1e4
ZAZA-G_012_jpg.rf.b65fca463e4411032a599acd7494f06d.jpg,TP,6,27,0.9408,5401,5221,2604.6489,2517.8434,0.46,seg_small_optA_r560_acc16_lr1e4
ZAZA-G_012_jpg.rf.b65fca463e4411032a599acd7494f06d.jpg,TP,16,12,0.937322,11864,11318,5721.4506,5458.1404,0.46,seg_small_optA_r560_acc16_lr1e4
ZAZA-G_012_jpg.rf.b65fca463e4411032a599acd7494f06d.jpg,TP,13,25,0.93465,1274,1272,614.3904,613.4259,0.46,seg_small_optA_r560_acc16_lr1e4
ZAZA-G_012_jpg.rf.b65fca463e4411032a599acd7494f06d.jpg,TP,2,2,0.933286,6805,6699,3281.7323,3230.6134,0.46,seg_small_optA_r560_acc16_lr1e4
ZAZA-G_012_jpg.rf.b65fca463e4411032a599acd7494f06d.jpg,TP,31,5,0.928571,2492,2503,1201.7747,1207.0795,0.46,seg_small_optA_r560_acc16_lr1e4
ZAZA-G_012_jpg.rf.b65fca463e4411032a599acd7494f06d.jpg,TP,7,21,0.92313,2877,2702,1387.4421,1303.0478,0.46,seg_small_optA_r560_acc16_lr1e4
ZAZA-G_012_jpg.rf.b65fca463e4411032a599acd7494f06d.jpg,TP,23,22,0.92277,6770,6251,3264.8534,3014.564,0.46,seg_small_optA_r560_acc16_lr1e4
ZAZA-G_012_jpg.rf.b65fca463e4411032a599acd7494f06d.jpg,TP,5,26,0.919062,3386,3158,1632.909,1522.9552,0.46,seg_small_optA_r560_acc16_lr1e4
ZAZA-G_012_jpg.rf.b65fca463e4411032a599acd7494f06d.jpg,TP,24,6,0.912942,7018,6979,3384.4522,3365.6443,0.46,seg_small_optA_r560_acc16_lr1e4
ZAZA-G_012_jpg.rf.b65fca463e4411032a599acd7494f06d.jpg,TP,12,8,0.906527,3658,3644,1764.0818,1757.3302,0.46,seg_small_optA_r560_acc16_lr1e4
ZAZA-G_012_jpg.rf.b65fca463e4411032a599acd7494f06d.jpg,TP,14,9,0.906483,5756,5477,2775.8488,2641.3002,0.46,seg_small_optA_r560_acc16_lr1e4
ZAZA-G_012_jpg.rf.b65fca463e4411032a599acd7494f06d.jpg,TP,8,32,0.841518,7756,8407,3740.3549,4054.3017,0.46,seg_small_optA_r560_acc16_lr1e4
ZAZA-G_012_jpg.rf.b65fca463e4411032a599acd7494f06d.jpg,TP,26,13,0.827946,4857,5491,2342.3032,2648.0517,0.46,seg_small_optA_r560_acc16_lr1e4
ZAZA-G_012_jpg.rf.b65fca463e4411032a599acd7494f06d.jpg,TP,29,17,0.795082,116,103,55.9414,49.6721,0.46,seg_small_optA_r560_acc16_lr1e4
ZAZA-G_012_jpg.rf.b65fca463e4411032a599acd7494f06d.jpg,TP,19,34,0.537767,15321,8356,7388.5995,4029.7068,0.46,seg_small_optA_r560_acc16_lr1e4
ZAZA-G_012_jpg.rf.b65fca463e4411032a599acd7494f06d.jpg,TP,27,0,0.525408,4280,2354,2064.0432,1135.2238,0.46,seg_small_optA_r560_acc16_lr1e4
ZAZA-G_012_jpg.rf.b65fca463e4411032a599acd7494f06d.jpg,FP,20,-1,0.0,0,6444,0.0,3107.6389,0.46,seg_small_optA_r560_acc16_lr1e4
ZAZA-G_012_jpg.rf.b65fca463e4411032a599acd7494f06d.jpg,FP,25,-1,0.0,0,1976,0.0,952.9321,0.46,seg_small_optA_r560_acc16_lr1e4
ZAZA-G_012_jpg.rf.b65fca463e4411032a599acd7494f06d.jpg,FP,32,-1,0.0,0,8809,0.0,4248.1674,0.46,seg_small_optA_r560_acc16_lr1e4
ZAZA-G_012_jpg.rf.b65fca463e4411032a599acd7494f06d.jpg,FN,-1,3,0.0,25,0,12.0563,0.0,0.46,seg_small_optA_r560_acc16_lr1e4
ZAZA-G_012_jpg.rf.b65fca463e4411032a599acd7494f06d.jpg,FN,-1,4,0.0,30,0,14.4676,0.0,0.46,seg_small_optA_r560_acc16_lr1e4
ZAZA-G_012_jpg.rf.b65fca463e4411032a599acd7494f06d.jpg,FN,-1,14,0.0,811,0,391.1073,0.0,0.46,seg_small_optA_r560_acc16_lr1e4
ZAZA-G_012_jpg.rf.b65fca463e4411032a599acd7494f06d.jpg,FN,-1,30,0.0,16,0,7.716,0.0,0.46,seg_small_optA_r560_acc16_lr1e4
ZAZA-G_012_jpg.rf.b65fca463e4411032a599acd7494f06d.jpg,FN,-1,33,0.0,1135,0,547.3573,0.0,0.46,seg_small_optA_r560_acc16_lr1e4
TORDILHA-G_009_jpg.rf.b279af9f6892d54790621c0f5458daf3.jpg,TP,6,11,0.958859,3908,3853,1884.6451,1858.1211,0.46,seg_small_optA_r560_acc16_lr1e4
TORDILHA-G_009_jpg.rf.b279af9f6892d54790621c0f5458daf3.jpg,TP,4,16,0.956748,3818,3692,1841.2423,1780.4784,0.46,seg_small_optA_r560_acc16_lr1e4
TORDILHA-G_009_jpg.rf.b279af9f6892d54790621c0f5458daf3.jpg,TP,18,10,0.951142,1850,1824,892.1682,879.6296,0.46,seg_small_optA_r560_acc16_lr1e4
TORDILHA-G_009_jpg.rf.b279af9f6892d54790621c0f5458daf3.jpg,TP,17,25,0.947926,3214,3220,1549.9614,1552.8549,0.46,seg_small_optA_r560_acc16_lr1e4
TORDILHA-G_009_jpg.rf.b279af9f6892d54790621c0f5458daf3.jpg,TP,7,8,0.94323,8308,8225,4006.5586,3966.5316,0.46,seg_small_optA_r560_acc16_lr1e4
TORDILHA-G_009_jpg.rf.b279af9f6892d54790621c0f5458daf3.jpg,TP,1,28,0.939541,9466,9365,4565.0077,4516.3002,0.46,seg_small_optA_r560_acc16_lr1e4
TORDILHA-G_009_jpg.rf.b279af9f6892d54790621c0f5458daf3.jpg,TP,8,17,0.936751,1482,1427,714.6991,688.1752,0.46,seg_small_optA_r560_acc16_lr1e4
TORDILHA-G_009_jpg.rf.b279af9f6892d54790621c0f5458daf3.jpg,TP,34,4,0.936648,3487,3330,1681.6165,1605.9028,0.46,seg_small_optA_r560_acc16_lr1e4
TORDILHA-G_009_jpg.rf.b279af9f6892d54790621c0f5458daf3.jpg,TP,20,1,0.93659,3071,2915,1480.9992,1405.7677,0.46,seg_small_optA_r560_acc16_lr1e4
TORDILHA-G_009_jpg.rf.b279af9f6892d54790621c0f5458daf3.jpg,TP,9,22,0.93206,2193,2158,1057.581,1040.7022,0.46,seg_small_optA_r560_acc16_lr1e4
TORDILHA-G_009_jpg.rf.b279af9f6892d54790621c0f5458daf3.jpg,TP,12,13,0.931476,3063,2969,1477.1412,1431.8094,0.46,seg_small_optA_r560_acc16_lr1e4
TORDILHA-G_009_jpg.rf.b279af9f6892d54790621c0f5458daf3.jpg,TP,2,36,0.930751,2046,1941,986.6898,936.0532,0.46,seg_small_optA_r560_acc16_lr1e4
TORDILHA-G_009_jpg.rf.b279af9f6892d54790621c0f5458daf3.jpg,TP,14,2,0.92955,3946,3942,1902.9707,1901.0417,0.46,seg_small_optA_r560_acc16_lr1e4
TORDILHA-G_009_jpg.rf.b279af9f6892d54790621c0f5458daf3.jpg,TP,23,12,0.926579,2028,1908,978.0093,920.1389,0.46,seg_small_optA_r560_acc16_lr1e4
TORDILHA-G_009_jpg.rf.b279af9f6892d54790621c0f5458daf3.jpg,TP,5,3,0.924473,6056,5818,2920.5247,2805.7485,0.46,seg_small_optA_r560_acc16_lr1e4
TORDILHA-G_009_jpg.rf.b279af9f6892d54790621c0f5458daf3.jpg,TP,3,20,0.915553,2086,1929,1005.9799,930.2662,0.46,seg_small_optA_r560_acc16_lr1e4
TORDILHA-G_009_jpg.rf.b279af9f6892d54790621c0f5458daf3.jpg,TP,15,5,0.915407,2355,2332,1135.706,1124.6142,0.46,seg_small_optA_r560_acc16_lr1e4
TORDILHA-G_009_jpg.rf.b279af9f6892d54790621c0f5458daf3.jpg,TP,11,14,0.915385,6701,6496,3231.5779,3132.716,0.46,seg_small_optA_r560_acc16_lr1e4
TORDILHA-G_009_jpg.rf.b279af9f6892d54790621c0f5458daf3.jpg,TP,21,7,0.910911,3692,3751,1780.4784,1808.9313,0.46,seg_small_optA_r560_acc16_lr1e4
TORDILHA-G_009_jpg.rf.b279af9f6892d54790621c0f5458daf3.jpg,TP,28,34,0.905922,3618,3655,1744.7917,1762.635,0.46,seg_small_optA_r560_acc16_lr1e4
TORDILHA-G_009_jpg.rf.b279af9f6892d54790621c0f5458daf3.jpg,TP,0,29,0.905233,3032,2939,1462.1914,1417.3418,0.46,seg_small_optA_r560_acc16_lr1e4
TORDILHA-G_009_jpg.rf.b279af9f6892d54790621c0f5458daf3.jpg,TP,10,32,0.899748,1515,1498,730.6134,722.4151,0.46,seg_small_optA_r560_acc16_lr1e4
TORDILHA-G_009_jpg.rf.b279af9f6892d54790621c0f5458daf3.jpg,TP,24,24,0.898489,1543,1599,744.1165,771.1227,0.46,seg_small_optA_r560_acc16_lr1e4
TORDILHA-G_009_jpg.rf.b279af9f6892d54790621c0f5458daf3.jpg,TP,16,23,0.893576,1928,2022,929.784,975.1157,0.46,seg_small_optA_r560_acc16_lr1e4
TORDILHA-G_009_jpg.rf.b279af9f6892d54790621c0f5458daf3.jpg,TP,19,21,0.881126,937,867,451.8711,418.1134,0.46,seg_small_optA_r560_acc16_lr1e4
TORDILHA-G_009_jpg.rf.b279af9f6892d54790621c0f5458daf3.jpg,TP,29,9,0.878264,2608,2499,1257.716,1205.1505,0.46,seg_small_optA_r560_acc16_lr1e4
TORDILHA-G_009_jpg.rf.b279af9f6892d54790621c0f5458daf3.jpg,TP,31,31,0.844677,16661,19087,8034.8187,9204.7647,0.46,seg_small_optA_r560_acc16_lr1e4
TORDILHA-G_009_jpg.rf.b279af9f6892d54790621c0f5458daf3.jpg,TP,22,35,0.796209,6245,7399,3011.6705,3568.1906,0.46,seg_small_optA_r560_acc16_lr1e4
TORDILHA-G_009_jpg.rf.b279af9f6892d54790621c0f5458daf3.jpg,TP,13,27,0.65599,11541,7589,5565.6829,3659.8187,0.46,seg_small_optA_r560_acc16_lr1e4
TORDILHA-G_009_jpg.rf.b279af9f6892d54790621c0f5458daf3.jpg,TP,27,0,0.553937,8492,4732,4095.2932,2282.0216,0.46,seg_small_optA_r560_acc16_lr1e4
TORDILHA-G_009_jpg.rf.b279af9f6892d54790621c0f5458daf3.jpg,TP,25,15,0.553777,1374,2411,662.6157,1162.7122,0.46,seg_small_optA_r560_acc16_lr1e4
TORDILHA-G_009_jpg.rf.b279af9f6892d54790621c0f5458daf3.jpg,TP,32,6,0.529863,5377,8199,2593.0748,3953.9931,0.46,seg_small_optA_r560_acc16_lr1e4
TORDILHA-G_009_jpg.rf.b279af9f6892d54790621c0f5458daf3.jpg,TP,26,19,0.504392,3399,6363,1639.1782,3068.5764,0.46,seg_small_optA_r560_acc16_lr1e4
TORDILHA-G_009_jpg.rf.b279af9f6892d54790621c0f5458daf3.jpg,FP,30,-1,0.0,0,3000,0.0,1446.7593,0.46,seg_small_optA_r560_acc16_lr1e4
TORDILHA-G_009_jpg.rf.b279af9f6892d54790621c0f5458daf3.jpg,FP,33,-1,0.0,0,351,0.0,169.2708,0.46,seg_small_optA_r560_acc16_lr1e4
TORDILHA-G_009_jpg.rf.b279af9f6892d54790621c0f5458daf3.jpg,FN,-1,18,0.0,3130,0,1509.4522,0.0,0.46,seg_small_optA_r560_acc16_lr1e4
TORDILHA-G_009_jpg.rf.b279af9f6892d54790621c0f5458daf3.jpg,FN,-1,26,0.0,815,0,393.0363,0.0,0.46,seg_small_optA_r560_acc16_lr1e4
TORDILHA-G_009_jpg.rf.b279af9f6892d54790621c0f5458daf3.jpg,FN,-1,30,0.0,2225,0,1073.0131,0.0,0.46,seg_small_optA_r560_acc16_lr1e4
TORDILHA-G_009_jpg.rf.b279af9f6892d54790621c0f5458daf3.jpg,FN,-1,33,0.0,1345,0,648.6304,0.0,0.46,seg_small_optA_r560_acc16_lr1e4
TP-G_010_jpg.rf.5c8b394cdec2d68bae00b4eb6679ec08.jpg,TP,10,0,0.974806,2037,2039,982.3495,983.314,0.46,seg_small_optA_r560_acc16_lr1e4
TP-G_010_jpg.rf.5c8b394cdec2d68bae00b4eb6679ec08.jpg,TP,1,22,0.96901,7255,7168,3498.7461,3456.7901,0.46,seg_small_optA_r560_acc16_lr1e4
TP-G_010_jpg.rf.5c8b394cdec2d68bae00b4eb6679ec08.jpg,TP,31,13,0.960005,15443,14990,7447.4344,7228.9738,0.46,seg_small_optA_r560_acc16_lr1e4
TP-G_010_jpg.rf.5c8b394cdec2d68bae00b4eb6679ec08.jpg,TP,9,23,0.953099,1160,1172,559.4136,565.2006,0.46,seg_small_optA_r560_acc16_lr1e4
TP-G_010_jpg.rf.5c8b394cdec2d68bae00b4eb6679ec08.jpg,TP,30,1,0.951522,5255,5131,2534.24,2474.4406,0.46,seg_small_optA_r560_acc16_lr1e4
TP-G_010_jpg.rf.5c8b394cdec2d68bae00b4eb6679ec08.jpg,TP,15,5,0.950254,1709,1741,824.1705,839.6026,0.46,seg_small_optA_r560_acc16_lr1e4
TP-G_010_jpg.rf.5c8b394cdec2d68bae00b4eb6679ec08.jpg,TP,4,6,0.947003,5123,4980,2470.5826,2401.6204,0.46,seg_small_optA_r560_acc16_lr1e4
TP-G_010_jpg.rf.5c8b394cdec2d68bae00b4eb6679ec08.jpg,TP,0,10,0.945446,5940,5828,2864.5833,2810.571,0.46,seg_small_optA_r560_acc16_lr1e4
TP-G_010_jpg.rf.5c8b394cdec2d68bae00b4eb6679ec08.jpg,TP,18,34,0.94463,2903,2927,1399.9807,1411.5548,0.46,seg_small_optA_r560_acc16_lr1e4
TP-G_010_jpg.rf.5c8b394cdec2d68bae00b4eb6679ec08.jpg,TP,19,19,0.943259,13797,13978,6653.6458,6740.9336,0.46,seg_small_optA_r560_acc16_lr1e4
TP-G_010_jpg.rf.5c8b394cdec2d68bae00b4eb6679ec08.jpg,TP,7,36,0.942685,1923,1941,927.3727,936.0532,0.46,seg_small_optA_r560_acc16_lr1e4
TP-G_010_jpg.rf.5c8b394cdec2d68bae00b4eb6679ec08.jpg,TP,13,8,0.942339,594,585,286.4583,282.1181,0.46,seg_small_optA_r560_acc16_lr1e4
TP-G_010_jpg.rf.5c8b394cdec2d68bae00b4eb6679ec08.jpg,TP,2,7,0.940699,19872,19072,9583.3333,9197.5309,0.46,seg_small_optA_r560_acc16_lr1e4
TP-G_010_jpg.rf.5c8b394cdec2d68bae00b4eb6679ec08.jpg,TP,3,24,0.938991,2852,2837,1375.3858,1368.152,0.46,seg_small_optA_r560_acc16_lr1e4
TP-G_010_jpg.rf.5c8b394cdec2d68bae00b4eb6679ec08.jpg,TP,17,11,0.933903,2179,2122,1050.8295,1023.341,0.46,seg_small_optA_r560_acc16_lr1e4
TP-G_010_jpg.rf.5c8b394cdec2d68bae00b4eb6679ec08.jpg,TP,11,29,0.931122,3436,3433,1657.0216,1655.5748,0.46,seg_small_optA_r560_acc16_lr1e4
TP-G_010_jpg.rf.5c8b394cdec2d68bae00b4eb6679ec08.jpg,TP,25,18,0.929134,633,592,305.2662,285.4938,0.46,seg_small_optA_r560_acc16_lr1e4
TP-G_010_jpg.rf.5c8b394cdec2d68bae00b4eb6679ec08.jpg,TP,26,28,0.928272,2509,2545,1209.973,1227.3341,0.46,seg_small_optA_r560_acc16_lr1e4
TP-G_010_jpg.rf.5c8b394cdec2d68bae00b4eb6679ec08.jpg,TP,16,9,0.925105,904,921,435.9568,444.1551,0.46,seg_small_optA_r560_acc16_lr1e4
TP-G_010_jpg.rf.5c8b394cdec2d68bae00b4eb6679ec08.jpg,TP,27,12,0.924328,5165,5007,2490.8372,2414.6412,0.46,seg_small_optA_r560_acc16_lr1e4
TP-G_010_jpg.rf.5c8b394cdec2d68bae00b4eb6679ec08.jpg,TP,8,21,0.922323,2637,2659,1271.7014,1282.311,0.46,seg_small_optA_r560_acc16_lr1e4
TP-G_010_jpg.rf.5c8b394cdec2d68bae00b4eb6679ec08.jpg,TP,24,20,0.920217,1272,1207,613.4259,582.0795,0.46,seg_small_optA_r560_acc16_lr1e4
TP-G_010_jpg.rf.5c8b394cdec2d68bae00b4eb6679ec08.jpg,TP,22,32,0.913131,909,985,438.3681,475.0193,0.46,seg_small_optA_r560_acc16_lr1e4
TP-G_010_jpg.rf.5c8b394cdec2d68bae00b4eb6679ec08.jpg,TP,23,3,0.912757,1165,1159,561.8248,558.9313,0.46,seg_small_optA_r560_acc16_lr1e4
TP-G_010_jpg.rf.5c8b394cdec2d68bae00b4eb6679ec08.jpg,TP,12,33,0.912664,2032,1910,979.9383,921.1034,0.46,seg_small_optA_r560_acc16_lr1e4
TP-G_010_jpg.rf.5c8b394cdec2d68bae00b4eb6679ec08.jpg,TP,6,25,0.911127,1329,1316,640.9144,634.6451,0.46,seg_small_optA_r560_acc16_lr1e4
TP-G_010_jpg.rf.5c8b394cdec2d68bae00b4eb6679ec08.jpg,TP,21,17,0.903727,613,613,295.6211,295.6211,0.46,seg_small_optA_r560_acc16_lr1e4
TP-G_010_jpg.rf.5c8b394cdec2d68bae00b4eb6679ec08.jpg,TP,20,31,0.892891,1038,959,500.5787,462.4807,0.46,seg_small_optA_r560_acc16_lr1e4
TP-G_010_jpg.rf.5c8b394cdec2d68bae00b4eb6679ec08.jpg,TP,14,16,0.892019,1063,952,512.635,459.1049,0.46,seg_small_optA_r560_acc16_lr1e4
TP-G_010_jpg.rf.5c8b394cdec2d68bae00b4eb6679ec08.jpg,TP,5,30,0.880737,2500,2704,1205.6327,1304.0123,0.46,seg_small_optA_r560_acc16_lr1e4
TP-G_010_jpg.rf.5c8b394cdec2d68bae00b4eb6679ec08.jpg,TP,29,4,0.698113,159,111,76.6782,53.5301,0.46,seg_small_optA_r560_acc16_lr1e4
TP-G_010_jpg.rf.5c8b394cdec2d68bae00b4eb6679ec08.jpg,TP,28,27,0.664038,4889,6929,2357.7353,3341.5316,0.46,seg_small_optA_r560_acc16_lr1e4
TP-G_010_jpg.rf.5c8b394cdec2d68bae00b4eb6679ec08.jpg,FP,32,-1,0.0,0,2131,0.0,1027.6813,0.46,seg_small_optA_r560_acc16_lr1e4
TP-G_010_jpg.rf.5c8b394cdec2d68bae00b4eb6679ec08.jpg,FN,-1,2,0.0,44,0,21.2191,0.0,0.46,seg_small_optA_r560_acc16_lr1e4
TP-G_010_jpg.rf.5c8b394cdec2d68bae00b4eb6679ec08.jpg,FN,-1,14,0.0,13298,0,6413.0015,0.0,0.46,seg_small_optA_r560_acc16_lr1e4
TP-G_010_jpg.rf.5c8b394cdec2d68bae00b4eb6679ec08.jpg,FN,-1,15,0.0,128,0,61.7284,0.0,0.46,seg_small_optA_r560_acc16_lr1e4
TP-G_010_jpg.rf.5c8b394cdec2d68bae00b4eb6679ec08.jpg,FN,-1,26,0.0,1923,0,927.3727,0.0,0.46,seg_small_optA_r560_acc16_lr1e4
TP-G_010_jpg.rf.5c8b394cdec2d68bae00b4eb6679ec08.jpg,FN,-1,35,0.0,8645,0,4169.0779,0.0,0.46,seg_small_optA_r560_acc16_lr1e4
TOSTADA-B_006_jpg.rf.fd9a20fd791843647a700cdeb77e0cc3.jpg,TP,3,3,0.972717,3530,3556,1702.3534,1714.892,0.46,seg_small_optA_r560_acc16_lr1e4
TOSTADA-B_006_jpg.rf.fd9a20fd791843647a700cdeb77e0cc3.jpg,TP,0,0,0.956652,10743,10833,5180.8449,5224.2477,0.46,seg_small_optA_r560_acc16_lr1e4
TOSTADA-B_006_jpg.rf.fd9a20fd791843647a700cdeb77e0cc3.jpg,TP,5,1,0.953243,4924,4893,2374.6142,2359.6644,0.46,seg_small_optA_r560_acc16_lr1e4
TOSTADA-B_006_jpg.rf.fd9a20fd791843647a700cdeb77e0cc3.jpg,TP,15,4,0.952236,8768,8521,4228.3951,4109.2785,0.46,seg_small_optA_r560_acc16_lr1e4
TOSTADA-B_006_jpg.rf.fd9a20fd791843647a700cdeb77e0cc3.jpg,TP,14,5,0.952215,5909,5857,2849.6335,2824.5563,0.46,seg_small_optA_r560_acc16_lr1e4
TOSTADA-B_006_jpg.rf.fd9a20fd791843647a700cdeb77e0cc3.jpg,TP,7,15,0.94967,1941,1894,936.0532,913.3873,0.46,seg_small_optA_r560_acc16_lr1e4
TOSTADA-B_006_jpg.rf.fd9a20fd791843647a700cdeb77e0cc3.jpg,TP,4,22,0.948678,2521,2491,1215.76,1201.2924,0.46,seg_small_optA_r560_acc16_lr1e4
TOSTADA-B_006_jpg.rf.fd9a20fd791843647a700cdeb77e0cc3.jpg,TP,1,23,0.940147,5419,5440,2613.3295,2623.4568,0.46,seg_small_optA_r560_acc16_lr1e4
TOSTADA-B_006_jpg.rf.fd9a20fd791843647a700cdeb77e0cc3.jpg,TP,2,6,0.93981,4980,5204,2401.6204,2509.6451,0.46,seg_small_optA_r560_acc16_lr1e4
TOSTADA-B_006_jpg.rf.fd9a20fd791843647a700cdeb77e0cc3.jpg,TP,6,12,0.939522,2810,2706,1355.1312,1304.9769,0.46,seg_small_optA_r560_acc16_lr1e4
TOSTADA-B_006_jpg.rf.fd9a20fd791843647a700cdeb77e0cc3.jpg,TP,9,11,0.93733,1421,1423,685.2816,686.2461,0.46,seg_small_optA_r560_acc16_lr1e4
TOSTADA-B_006_jpg.rf.fd9a20fd791843647a700cdeb77e0cc3.jpg,TP,11,9,0.935858,6920,6933,3337.1914,3343.4606,0.46,seg_small_optA_r560_acc16_lr1e4
TOSTADA-B_006_jpg.rf.fd9a20fd791843647a700cdeb77e0cc3.jpg,TP,8,7,0.919883,6177,6260,2978.8773,3018.9043,0.46,seg_small_optA_r560_acc16_lr1e4
TOSTADA-B_006_jpg.rf.fd9a20fd791843647a700cdeb77e0cc3.jpg,TP,20,10,0.919415,2847,2798,1372.9745,1349.3441,0.46,seg_small_optA_r560_acc16_lr1e4
TOSTADA-B_006_jpg.rf.fd9a20fd791843647a700cdeb77e0cc3.jpg,TP,16,17,0.915436,740,687,356.8673,331.3079,0.46,seg_small_optA_r560_acc16_lr1e4
TOSTADA-B_006_jpg.rf.fd9a20fd791843647a700cdeb77e0cc3.jpg,TP,13,16,0.911374,1321,1267,637.0563,611.0147,0.46,seg_small_optA_r560_acc16_lr1e4
TOSTADA-B_006_jpg.rf.fd9a20fd791843647a700cdeb77e0cc3.jpg,TP,12,14,0.90884,1071,1002,516.4931,483.2176,0.46,seg_small_optA_r560_acc16_lr1e4
TOSTADA-B_006_jpg.rf.fd9a20fd791843647a700cdeb77e0cc3.jpg,TP,10,13,0.906208,1482,1343,714.6991,647.6659,0.46,seg_small_optA_r560_acc16_lr1e4
TOSTADA-B_006_jpg.rf.fd9a20fd791843647a700cdeb77e0cc3.jpg,TP,17,2,0.902087,575,610,277.2955,294.1744,0.46,seg_small_optA_r560_acc16_lr1e4
TOSTADA-B_006_jpg.rf.fd9a20fd791843647a700cdeb77e0cc3.jpg,FP,18,-1,0.0,0,7113,0.0,3430.2662,0.46,seg_small_optA_r560_acc16_lr1e4
TOSTADA-B_006_jpg.rf.fd9a20fd791843647a700cdeb77e0cc3.jpg,FP,19,-1,0.0,0,6997,0.0,3374.3248,0.46,seg_small_optA_r560_acc16_lr1e4
TOSTADA-B_006_jpg.rf.fd9a20fd791843647a700cdeb77e0cc3.jpg,FP,21,-1,0.0,0,695,0.0,335.1659,0.46,seg_small_optA_r560_acc16_lr1e4
TOSTADA-B_006_jpg.rf.fd9a20fd791843647a700cdeb77e0cc3.jpg,FP,22,-1,0.0,0,2019,0.0,973.669,0.46,seg_small_optA_r560_acc16_lr1e4
TOSTADA-B_006_jpg.rf.fd9a20fd791843647a700cdeb77e0cc3.jpg,FN,-1,8,0.0,14514,0,6999.4213,0.0,0.46,seg_small_optA_r560_acc16_lr1e4
TOSTADA-B_006_jpg.rf.fd9a20fd791843647a700cdeb77e0cc3.jpg,FN,-1,18,0.0,16913,0,8156.3465,0.0,0.46,seg_small_optA_r560_acc16_lr1e4
TOSTADA-B_006_jpg.rf.fd9a20fd791843647a700cdeb77e0cc3.jpg,FN,-1,19,0.0,652,0,314.429,0.0,0.46,seg_small_optA_r560_acc16_lr1e4
TOSTADA-B_006_jpg.rf.fd9a20fd791843647a700cdeb77e0cc3.jpg,FN,-1,20,0.0,6433,0,3102.3341,0.0,0.46,seg_small_optA_r560_acc16_lr1e4
TOSTADA-B_006_jpg.rf.fd9a20fd791843647a700cdeb77e0cc3.jpg,FN,-1,21,0.0,7549,0,3640.5285,0.0,0.46,seg_small_optA_r560_acc16_lr1e4
TP-D_010_jpg.rf.8e807d0647c50bd1b8d28134da2e26a4.jpg,TP,21,32,0.973448,2551,2503,1230.2276,1207.0795,0.46,seg_small_optA_r560_acc16_lr1e4
TP-D_010_jpg.rf.8e807d0647c50bd1b8d28134da2e26a4.jpg,TP,15,46,0.961444,3681,3543,1775.1736,1708.6227,0.46,seg_small_optA_r560_acc16_lr1e4
TP-D_010_jpg.rf.8e807d0647c50bd1b8d28134da2e26a4.jpg,TP,42,36,0.957317,1938,1914,934.6065,923.0324,0.46,seg_small_optA_r560_acc16_lr1e4
TP-D_010_jpg.rf.8e807d0647c50bd1b8d28134da2e26a4.jpg,TP,8,30,0.951675,1807,1747,871.4313,842.4961,0.46,seg_small_optA_r560_acc16_lr1e4
TP-D_010_jpg.rf.8e807d0647c50bd1b8d28134da2e26a4.jpg,TP,7,41,0.950333,3870,3748,1866.3194,1807.4846,0.46,seg_small_optA_r560_acc16_lr1e4
TP-D_010_jpg.rf.8e807d0647c50bd1b8d28134da2e26a4.jpg,TP,22,45,0.950274,2725,2609,1314.1397,1258.1983,0.46,seg_small_optA_r560_acc16_lr1e4
TP-D_010_jpg.rf.8e807d0647c50bd1b8d28134da2e26a4.jpg,TP,26,35,0.949363,3092,3029,1491.1265,1460.7446,0.46,seg_small_optA_r560_acc16_lr1e4
TP-D_010_jpg.rf.8e807d0647c50bd1b8d28134da2e26a4.jpg,TP,2,10,0.943538,5988,5681,2887.7315,2739.6798,0.46,seg_small_optA_r560_acc16_lr1e4
TP-D_010_jpg.rf.8e807d0647c50bd1b8d28134da2e26a4.jpg,TP,20,0,0.943077,618,645,298.0324,311.0532,0.46,seg_small_optA_r560_acc16_lr1e4
TP-D_010_jpg.rf.8e807d0647c50bd1b8d28134da2e26a4.jpg,TP,9,40,0.941256,1466,1409,706.983,679.4946,0.46,seg_small_optA_r560_acc16_lr1e4
TP-D_010_jpg.rf.8e807d0647c50bd1b8d28134da2e26a4.jpg,TP,1,13,0.940107,5580,5304,2690.9722,2557.8704,0.46,seg_small_optA_r560_acc16_lr1e4
TP-D_010_jpg.rf.8e807d0647c50bd1b8d28134da2e26a4.jpg,TP,12,22,0.939617,2671,2597,1288.098,1252.4113,0.46,seg_small_optA_r560_acc16_lr1e4
TP-D_010_jpg.rf.8e807d0647c50bd1b8d28134da2e26a4.jpg,TP,34,15,0.938543,2236,2180,1078.3179,1051.3117,0.46,seg_small_optA_r560_acc16_lr1e4
TP-D_010_jpg.rf.8e807d0647c50bd1b8d28134da2e26a4.jpg,TP,3,21,0.937237,6843,6522,3300.0579,3145.2546,0.46,seg_small_optA_r560_acc16_lr1e4
TP-D_010_jpg.rf.8e807d0647c50bd1b8d28134da2e26a4.jpg,TP,14,17,0.93625,6020,5795,2903.1636,2794.6566,0.46,seg_small_optA_r560_acc16_lr1e4
TP-D_010_jpg.rf.8e807d0647c50bd1b8d28134da2e26a4.jpg,TP,19,23,0.934039,1606,1502,774.4985,724.3441,0.46,seg_small_optA_r560_acc16_lr1e4
TP-D_010_jpg.rf.8e807d0647c50bd1b8d28134da2e26a4.jpg,TP,0,8,0.932427,2258,2146,1088.9275,1034.9151,0.46,seg_small_optA_r560_acc16_lr1e4
TP-D_010_jpg.rf.8e807d0647c50bd1b8d28134da2e26a4.jpg,TP,6,1,0.931544,4959,4973,2391.4931,2398.2446,0.46,seg_small_optA_r560_acc16_lr1e4
TP-D_010_jpg.rf.8e807d0647c50bd1b8d28134da2e26a4.jpg,TP,30,37,0.928945,1891,1801,911.9406,868.5378,0.46,seg_small_optA_r560_acc16_lr1e4
TP-D_010_jpg.rf.8e807d0647c50bd1b8d28134da2e26a4.jpg,TP,10,44,0.928034,2772,2613,1336.8056,1260.1273,0.46,seg_small_optA_r560_acc16_lr1e4
TP-D_010_jpg.rf.8e807d0647c50bd1b8d28134da2e26a4.jpg,TP,23,14,0.925408,9814,9313,4732.8318,4491.223,0.46,seg_small_optA_r560_acc16_lr1e4
TP-D_010_jpg.rf.8e807d0647c50bd1b8d28134da2e26a4.jpg,TP,24,3,0.925042,1786,1681,861.304,810.6674,0.46,seg_small_optA_r560_acc16_lr1e4
TP-D_010_jpg.rf.8e807d0647c50bd1b8d28134da2e26a4.jpg,TP,16,27,0.924464,2887,2769,1392.2647,1335.3588,0.46,seg_small_optA_r560_acc16_lr1e4
TP-D_010_jpg.rf.8e807d0647c50bd1b8d28134da2e26a4.jpg,TP,33,12,0.923183,1421,1358,685.2816,654.8997,0.46,seg_small_optA_r560_acc16_lr1e4
TP-D_010_jpg.rf.8e807d0647c50bd1b8d28134da2e26a4.jpg,TP,27,38,0.920173,1808,1752,871.9136,844.9074,0.46,seg_small_optA_r560_acc16_lr1e4
TP-D_010_jpg.rf.8e807d0647c50bd1b8d28134da2e26a4.jpg,TP,13,42,0.919188,2256,2185,1087.963,1053.723,0.46,seg_small_optA_r560_acc16_lr1e4
TP-D_010_jpg.rf.8e807d0647c50bd1b8d28134da2e26a4.jpg,TP,11,9,0.918977,1859,1741,896.5085,839.6026,0.46,seg_small_optA_r560_acc16_lr1e4
TP-D_010_jpg.rf.8e807d0647c50bd1b8d28134da2e26a4.jpg,TP,41,2,0.918478,183,170,88.2523,81.983,0.46,seg_small_optA_r560_acc16_lr1e4
TP-D_010_jpg.rf.8e807d0647c50bd1b8d28134da2e26a4.jpg,TP,5,6,0.918476,2435,2248,1174.2863,1084.1049,0.46,seg_small_optA_r560_acc16_lr1e4
TP-D_010_jpg.rf.8e807d0647c50bd1b8d28134da2e26a4.jpg,TP,17,7,0.917674,1293,1246,623.5532,600.8873,0.46,seg_small_optA_r560_acc16_lr1e4
TP-D_010_jpg.rf.8e807d0647c50bd1b8d28134da2e26a4.jpg,TP,4,19,0.911414,7153,7282,3449.5563,3511.767,0.46,seg_small_optA_r560_acc16_lr1e4
TP-D_010_jpg.rf.8e807d0647c50bd1b8d28134da2e26a4.jpg,TP,31,29,0.906926,3160,3007,1523.9198,1450.135,0.46,seg_small_optA_r560_acc16_lr1e4
TP-D_010_jpg.rf.8e807d0647c50bd1b8d28134da2e26a4.jpg,TP,28,39,0.904389,2264,2118,1091.821,1021.412,0.46,seg_small_optA_r560_acc16_lr1e4
TP-D_010_jpg.rf.8e807d0647c50bd1b8d28134da2e26a4.jpg,TP,18,25,0.899568,895,864,431.6165,416.6667,0.46,seg_small_optA_r560_acc16_lr1e4
TP-D_010_jpg.rf.8e807d0647c50bd1b8d28134da2e26a4.jpg,TP,37,11,0.896233,1469,1400,708.4298,675.1543,0.46,seg_small_optA_r560_acc16_lr1e4
TP-D_010_jpg.rf.8e807d0647c50bd1b8d28134da2e26a4.jpg,TP,32,5,0.890943,534,489,257.5231,235.8218,0.46,seg_small_optA_r560_acc16_lr1e4
TP-D_010_jpg.rf.8e807d0647c50bd1b8d28134da2e26a4.jpg,TP,25,33,0.881048,938,928,452.3534,447.5309,0.46,seg_small_optA_r560_acc16_lr1e4
TP-D_010_jpg.rf.8e807d0647c50bd1b8d28134da2e26a4.jpg,TP,36,16,0.849699,485,438,233.8927,211.2269,0.46,seg_small_optA_r560_acc16_lr1e4
TP-D_010_jpg.rf.8e807d0647c50bd1b8d28134da2e26a4.jpg,TP,29,24,0.827225,362,336,174.5756,162.037,0.46,seg_small_optA_r560_acc16_lr1e4
TP-D_010_jpg.rf.8e807d0647c50bd1b8d28134da2e26a4.jpg,TP,44,18,0.675711,3081,2107,1485.8218,1016.1073,0.46,seg_small_optA_r560_acc16_lr1e4
TP-D_010_jpg.rf.8e807d0647c50bd1b8d28134da2e26a4.jpg,TP,40,26,0.656,125,82,60.2816,39.5448,0.46,seg_small_optA_r560_acc16_lr1e4
TP-D_010_jpg.rf.8e807d0647c50bd1b8d28134da2e26a4.jpg,TP,35,31,0.603581,7612,4657,3670.9105,2245.8526,0.46,seg_small_optA_r560_acc16_lr1e4
TP-D_010_jpg.rf.8e807d0647c50bd1b8d28134da2e26a4.jpg,FP,38,-1,0.0,0,2657,0.0,1281.3465,0.46,seg_small_optA_r560_acc16_lr1e4
TP-D_010_jpg.rf.8e807d0647c50bd1b8d28134da2e26a4.jpg,FP,39,-1,0.0,0,835,0.0,402.6813,0.46,seg_small_optA_r560_acc16_lr1e4
TP-D_010_jpg.rf.8e807d0647c50bd1b8d28134da2e26a4.jpg,FP,43,-1,0.0,0,1613,0.0,777.8742,0.46,seg_small_optA_r560_acc16_lr1e4
TP-D_010_jpg.rf.8e807d0647c50bd1b8d28134da2e26a4.jpg,FN,-1,4,0.0,20,0,9.6451,0.0,0.46,seg_small_optA_r560_acc16_lr1e4
TP-D_010_jpg.rf.8e807d0647c50bd1b8d28134da2e26a4.jpg,FN,-1,20,0.0,364,0,175.5401,0.0,0.46,seg_small_optA_r560_acc16_lr1e4
TP-D_010_jpg.rf.8e807d0647c50bd1b8d28134da2e26a4.jpg,FN,-1,28,0.0,12,0,5.787,0.0,0.46,seg_small_optA_r560_acc16_lr1e4
TP-D_010_jpg.rf.8e807d0647c50bd1b8d28134da2e26a4.jpg,FN,-1,34,0.0,67,0,32.311,0.0,0.46,seg_small_optA_r560_acc16_lr1e4
TP-D_010_jpg.rf.8e807d0647c50bd1b8d28134da2e26a4.jpg,FN,-1,43,0.0,56,0,27.0062,0.0,0.46,seg_small_optA_r560_acc16_lr1e4
TP-G_008_jpg.rf.7ce2f84776589571f8d07c60f1c4e63c.jpg,TP,1,13,0.965914,6396,6408,3084.4907,3090.2778,0.46,seg_small_optA_r560_acc16_lr1e4
TP-G_008_jpg.rf.7ce2f84776589571f8d07c60f1c4e63c.jpg,TP,5,2,0.963537,6638,6663,3201.196,3213.2523,0.46,seg_small_optA_r560_acc16_lr1e4
TP-G_008_jpg.rf.7ce2f84776589571f8d07c60f1c4e63c.jpg,TP,12,8,0.962543,25315,25246,12208.2369,12174.9614,0.46,seg_small_optA_r560_acc16_lr1e4
TP-G_008_jpg.rf.7ce2f84776589571f8d07c60f1c4e63c.jpg,TP,14,7,0.962338,23990,23685,11569.2515,11422.1644,0.46,seg_small_optA_r560_acc16_lr1e4
TP-G_008_jpg.rf.7ce2f84776589571f8d07c60f1c4e63c.jpg,TP,7,1,0.954128,8331,8283,4017.6505,3994.5023,0.46,seg_small_optA_r560_acc16_lr1e4
TP-G_008_jpg.rf.7ce2f84776589571f8d07c60f1c4e63c.jpg,TP,10,0,0.95315,5004,4793,2413.1944,2311.439,0.46,seg_small_optA_r560_acc16_lr1e4
TP-G_008_jpg.rf.7ce2f84776589571f8d07c60f1c4e63c.jpg,TP,3,14,0.946404,3548,3461,1711.034,1669.0779,0.46,seg_small_optA_r560_acc16_lr1e4
TP-G_008_jpg.rf.7ce2f84776589571f8d07c60f1c4e63c.jpg,TP,2,11,0.945483,5054,4938,2437.3071,2381.3657,0.46,seg_small_optA_r560_acc16_lr1e4
TP-G_008_jpg.rf.7ce2f84776589571f8d07c60f1c4e63c.jpg,TP,6,26,0.940008,2585,2492,1246.6242,1201.7747,0.46,seg_small_optA_r560_acc16_lr1e4
TP-G_008_jpg.rf.7ce2f84776589571f8d07c60f1c4e63c.jpg,TP,0,12,0.935798,7332,6960,3535.8796,3356.4815,0.46,seg_small_optA_r560_acc16_lr1e4
TP-G_008_jpg.rf.7ce2f84776589571f8d07c60f1c4e63c.jpg,TP,4,16,0.933983,4743,4778,2287.3264,2304.2052,0.46,seg_small_optA_r560_acc16_lr1e4
TP-G_008_jpg.rf.7ce2f84776589571f8d07c60f1c4e63c.jpg,TP,20,25,0.933731,1641,1598,791.3773,770.6404,0.46,seg_small_optA_r560_acc16_lr1e4
TP-G_008_jpg.rf.7ce2f84776589571f8d07c60f1c4e63c.jpg,TP,16,10,0.931888,3168,3157,1527.7778,1522.473,0.46,seg_small_optA_r560_acc16_lr1e4
TP-G_008_jpg.rf.7ce2f84776589571f8d07c60f1c4e63c.jpg,TP,19,21,0.930536,1438,1369,693.4799,660.2045,0.46,seg_small_optA_r560_acc16_lr1e4
TP-G_008_jpg.rf.7ce2f84776589571f8d07c60f1c4e63c.jpg,TP,11,6,0.927316,4545,4444,2191.8403,2143.1327,0.46,seg_small_optA_r560_acc16_lr1e4
TP-G_008_jpg.rf.7ce2f84776589571f8d07c60f1c4e63c.jpg,TP,8,15,0.927048,2315,2202,1116.4159,1061.9213,0.46,seg_small_optA_r560_acc16_lr1e4
TP-G_008_jpg.rf.7ce2f84776589571f8d07c60f1c4e63c.jpg,TP,13,9,0.923407,7563,7680,3647.2801,3703.7037,0.46,seg_small_optA_r560_acc16_lr1e4
TP-G_008_jpg.rf.7ce2f84776589571f8d07c60f1c4e63c.jpg,TP,15,24,0.922734,6019,6050,2902.6813,2917.6312,0.46,seg_small_optA_r560_acc16_lr1e4
TP-G_008_jpg.rf.7ce2f84776589571f8d07c60f1c4e63c.jpg,TP,9,20,0.915365,2269,2144,1094.2323,1033.9506,0.46,seg_small_optA_r560_acc16_lr1e4
TP-G_008_jpg.rf.7ce2f84776589571f8d07c60f1c4e63c.jpg,TP,17,23,0.914668,2460,2409,1186.3426,1161.7477,0.46,seg_small_optA_r560_acc16_lr1e4
TP-G_008_jpg.rf.7ce2f84776589571f8d07c60f1c4e63c.jpg,TP,18,18,0.905575,865,810,417.1489,390.625,0.46,seg_small_optA_r560_acc16_lr1e4
TP-G_008_jpg.rf.7ce2f84776589571f8d07c60f1c4e63c.jpg,TP,25,29,0.885013,757,702,365.0656,338.5417,0.46,seg_small_optA_r560_acc16_lr1e4
TP-G_008_jpg.rf.7ce2f84776589571f8d07c60f1c4e63c.jpg,TP,23,22,0.88204,866,905,417.6312,436.439,0.46,seg_small_optA_r560_acc16_lr1e4
TP-G_008_jpg.rf.7ce2f84776589571f8d07c60f1c4e63c.jpg,TP,22,19,0.881072,577,546,278.26,263.3102,0.46,seg_small_optA_r560_acc16_lr1e4
TP-G_008_jpg.rf.7ce2f84776589571f8d07c60f1c4e63c.jpg,TP,24,27,0.875984,1414,1445,681.9059,696.8557,0.46,seg_small_optA_r560_acc16_lr1e4
TP-G_008_jpg.rf.7ce2f84776589571f8d07c60f1c4e63c.jpg,TP,21,5,0.839442,1457,1705,702.6427,822.2415,0.46,seg_small_optA_r560_acc16_lr1e4
TP-G_008_jpg.rf.7ce2f84776589571f8d07c60f1c4e63c.jpg,TP,26,3,0.771429,191,243,92.1103,117.1875,0.46,seg_small_optA_r560_acc16_lr1e4
TP-G_008_jpg.rf.7ce2f84776589571f8d07c60f1c4e63c.jpg,FN,-1,4,0.0,37,0,17.8434,0.0,0.46,seg_small_optA_r560_acc16_lr1e4
TP-G_008_jpg.rf.7ce2f84776589571f8d07c60f1c4e63c.jpg,FN,-1,17,0.0,47,0,22.6659,0.0,0.46,seg_small_optA_r560_acc16_lr1e4
TP-G_008_jpg.rf.7ce2f84776589571f8d07c60f1c4e63c.jpg,FN,-1,28,0.0,115,0,55.4591,0.0,0.46,seg_small_optA_r560_acc16_lr1e4
TP-G_008_jpg.rf.7ce2f84776589571f8d07c60f1c4e63c.jpg,FN,-1,30,0.0,235,0,113.3295,0.0,0.46,seg_small_optA_r560_acc16_lr1e4
TP-G_008_jpg.rf.7ce2f84776589571f8d07c60f1c4e63c.jpg,FN,-1,31,0.0,126,0,60.7639,0.0,0.46,seg_small_optA_r560_acc16_lr1e4
TP-G_008_jpg.rf.7ce2f84776589571f8d07c60f1c4e63c.jpg,FN,-1,32,0.0,57,0,27.4884,0.0,0.46,seg_small_optA_r560_acc16_lr1e4
ZAZA-D_004_jpg.rf.02ed2d595bd7bc4d5f40bda7d3f8e5d2.jpg,TP,1,1,0.974165,10499,10591,5063.1752,5107.5424,0.46,seg_small_optA_r560_acc16_lr1e4
ZAZA-D_004_jpg.rf.02ed2d595bd7bc4d5f40bda7d3f8e5d2.jpg,TP,11,4,0.956704,10577,10393,5100.7909,5012.0563,0.46,seg_small_optA_r560_acc16_lr1e4
ZAZA-D_004_jpg.rf.02ed2d595bd7bc4d5f40bda7d3f8e5d2.jpg,TP,17,7,0.95174,886,853,427.2762,411.3619,0.46,seg_small_optA_r560_acc16_lr1e4
ZAZA-D_004_jpg.rf.02ed2d595bd7bc4d5f40bda7d3f8e5d2.jpg,TP,16,3,0.948598,1268,1234,611.4969,595.1003,0.46,seg_small_optA_r560_acc16_lr1e4
ZAZA-D_004_jpg.rf.02ed2d595bd7bc4d5f40bda7d3f8e5d2.jpg,TP,19,5,0.938632,2695,2549,1299.6721,1229.2631,0.46,seg_small_optA_r560_acc16_lr1e4
ZAZA-D_004_jpg.rf.02ed2d595bd7bc4d5f40bda7d3f8e5d2.jpg,TP,2,11,0.93755,6213,5825,2996.2384,2809.1242,0.46,seg_small_optA_r560_acc16_lr1e4
ZAZA-D_004_jpg.rf.02ed2d595bd7bc4d5f40bda7d3f8e5d2.jpg,TP,6,17,0.932455,11451,10979,5522.2801,5294.6566,0.46,seg_small_optA_r560_acc16_lr1e4
ZAZA-D_004_jpg.rf.02ed2d595bd7bc4d5f40bda7d3f8e5d2.jpg,TP,29,24,0.928315,831,783,400.7523,377.6042,0.46,seg_small_optA_r560_acc16_lr1e4
ZAZA-D_004_jpg.rf.02ed2d595bd7bc4d5f40bda7d3f8e5d2.jpg,TP,13,0,0.926803,4575,4533,2206.3079,2186.0532,0.46,seg_small_optA_r560_acc16_lr1e4
ZAZA-D_004_jpg.rf.02ed2d595bd7bc4d5f40bda7d3f8e5d2.jpg,TP,3,27,0.921962,7688,7163,3707.5617,3454.3789,0.46,seg_small_optA_r560_acc16_lr1e4
ZAZA-D_004_jpg.rf.02ed2d595bd7bc4d5f40bda7d3f8e5d2.jpg,TP,22,12,0.918765,1218,1144,587.3843,551.6975,0.46,seg_small_optA_r560_acc16_lr1e4
ZAZA-D_004_jpg.rf.02ed2d595bd7bc4d5f40bda7d3f8e5d2.jpg,TP,8,6,0.918562,1872,1756,902.7778,846.8364,0.46,seg_small_optA_r560_acc16_lr1e4
ZAZA-D_004_jpg.rf.02ed2d595bd7bc4d5f40bda7d3f8e5d2.jpg,TP,5,8,0.91557,4938,4523,2381.3657,2181.2307,0.46,seg_small_optA_r560_acc16_lr1e4
ZAZA-D_004_jpg.rf.02ed2d595bd7bc4d5f40bda7d3f8e5d2.jpg,TP,18,9,0.911565,2493,2284,1202.2569,1101.466,0.46,seg_small_optA_r560_acc16_lr1e4
ZAZA-D_004_jpg.rf.02ed2d595bd7bc4d5f40bda7d3f8e5d2.jpg,TP,0,26,0.906824,8059,7310,3886.4776,3525.2701,0.46,seg_small_optA_r560_acc16_lr1e4
ZAZA-D_004_jpg.rf.02ed2d595bd7bc4d5f40bda7d3f8e5d2.jpg,TP,20,30,0.90369,6638,6052,3201.196,2918.5957,0.46,seg_small_optA_r560_acc16_lr1e4
ZAZA-D_004_jpg.rf.02ed2d595bd7bc4d5f40bda7d3f8e5d2.jpg,TP,26,13,0.896924,3689,3341,1779.0316,1611.2076,0.46,seg_small_optA_r560_acc16_lr1e4
ZAZA-D_004_jpg.rf.02ed2d595bd7bc4d5f40bda7d3f8e5d2.jpg,TP,4,28,0.895916,8574,7765,4134.838,3744.6952,0.46,seg_small_optA_r560_acc16_lr1e4
ZAZA-D_004_jpg.rf.02ed2d595bd7bc4d5f40bda7d3f8e5d2.jpg,TP,25,14,0.889685,2763,2513,1332.4653,1211.902,0.46,seg_small_optA_r560_acc16_lr1e4
ZAZA-D_004_jpg.rf.02ed2d595bd7bc4d5f40bda7d3f8e5d2.jpg,TP,12,20,0.888028,5751,5209,2773.4375,2512.0563,0.46,seg_small_optA_r560_acc16_lr1e4
ZAZA-D_004_jpg.rf.02ed2d595bd7bc4d5f40bda7d3f8e5d2.jpg,TP,7,15,0.885039,8059,7174,3886.4776,3459.6836,0.46,seg_small_optA_r560_acc16_lr1e4
ZAZA-D_004_jpg.rf.02ed2d595bd7bc4d5f40bda7d3f8e5d2.jpg,TP,14,21,0.864573,3883,3359,1872.5887,1619.8881,0.46,seg_small_optA_r560_acc16_lr1e4
ZAZA-D_004_jpg.rf.02ed2d595bd7bc4d5f40bda7d3f8e5d2.jpg,TP,10,18,0.864018,3925,3395,1892.8434,1637.2492,0.46,seg_small_optA_r560_acc16_lr1e4
ZAZA-D_004_jpg.rf.02ed2d595bd7bc4d5f40bda7d3f8e5d2.jpg,TP,9,16,0.848718,2331,1995,1124.1319,962.0949,0.46,seg_small_optA_r560_acc16_lr1e4
ZAZA-D_004_jpg.rf.02ed2d595bd7bc4d5f40bda7d3f8e5d2.jpg,TP,28,19,0.83121,307,268,148.0517,129.2438,0.46,seg_small_optA_r560_acc16_lr1e4
ZAZA-D_004_jpg.rf.02ed2d595bd7bc4d5f40bda7d3f8e5d2.jpg,TP,27,29,0.829946,1457,1244,702.6427,599.9228,0.46,seg_small_optA_r560_acc16_lr1e4
ZAZA-D_004_jpg.rf.02ed2d595bd7bc4d5f40bda7d3f8e5d2.jpg,TP,31,25,0.828605,7580,7762,3655.4784,3743.2485,0.46,seg_small_optA_r560_acc16_lr1e4
ZAZA-D_004_jpg.rf.02ed2d595bd7bc4d5f40bda7d3f8e5d2.jpg,TP,23,31,0.815338,991,808,477.9128,389.6605,0.46,seg_small_optA_r560_acc16_lr1e4
ZAZA-D_004_jpg.rf.02ed2d595bd7bc4d5f40bda7d3f8e5d2.jpg,TP,21,2,0.731479,12158,9321,5863.233,4495.081,0.46,seg_small_optA_r560_acc16_lr1e4
ZAZA-D_004_jpg.rf.02ed2d595bd7bc4d5f40bda7d3f8e5d2.jpg,TP,32,34,0.695519,974,691,469.7145,333.2369,0.46,seg_small_optA_r560_acc16_lr1e4
ZAZA-D_004_jpg.rf.02ed2d595bd7bc4d5f40bda7d3f8e5d2.jpg,TP,15,23,0.618177,2713,3661,1308.3526,1765.5285,0.46,seg_small_optA_r560_acc16_lr1e4
ZAZA-D_004_jpg.rf.02ed2d595bd7bc4d5f40bda7d3f8e5d2.jpg,TP,30,32,0.608575,7451,11609,3593.2677,5598.4761,0.46,seg_small_optA_r560_acc16_lr1e4
ZAZA-D_004_jpg.rf.02ed2d595bd7bc4d5f40bda7d3f8e5d2.jpg,FP,24,-1,0.0,0,2741,0.0,1321.8557,0.46,seg_small_optA_r560_acc16_lr1e4
ZAZA-D_004_jpg.rf.02ed2d595bd7bc4d5f40bda7d3f8e5d2.jpg,FN,-1,10,0.0,38,0,18.3256,0.0,0.46,seg_small_optA_r560_acc16_lr1e4
ZAZA-D_004_jpg.rf.02ed2d595bd7bc4d5f40bda7d3f8e5d2.jpg,FN,-1,22,0.0,1273,0,613.9082,0.0,0.46,seg_small_optA_r560_acc16_lr1e4
ZAZA-D_004_jpg.rf.02ed2d595bd7bc4d5f40bda7d3f8e5d2.jpg,FN,-1,33,0.0,4467,0,2154.2245,0.0,0.46,seg_small_optA_r560_acc16_lr1e4
ROSILHA-M-B_009_jpg.rf.d2aa8881a0b4f54b4bdb89392b953e71.jpg,TP,1,17,0.968337,9951,9880,4798.9005,4764.6605,0.46,seg_small_optA_r560_acc16_lr1e4
ROSILHA-M-B_009_jpg.rf.d2aa8881a0b4f54b4bdb89392b953e71.jpg,TP,6,0,0.958195,4401,4452,2122.3958,2146.9907,0.46,seg_small_optA_r560_acc16_lr1e4
ROSILHA-M-B_009_jpg.rf.d2aa8881a0b4f54b4bdb89392b953e71.jpg,TP,17,24,0.955663,2432,2420,1172.8395,1167.0525,0.46,seg_small_optA_r560_acc16_lr1e4
ROSILHA-M-B_009_jpg.rf.d2aa8881a0b4f54b4bdb89392b953e71.jpg,TP,0,35,0.953758,9352,9365,4510.0309,4516.3002,0.46,seg_small_optA_r560_acc16_lr1e4
ROSILHA-M-B_009_jpg.rf.d2aa8881a0b4f54b4bdb89392b953e71.jpg,TP,20,1,0.950888,4694,4641,2263.696,2238.1366,0.46,seg_small_optA_r560_acc16_lr1e4
ROSILHA-M-B_009_jpg.rf.d2aa8881a0b4f54b4bdb89392b953e71.jpg,TP,3,28,0.949105,4227,4160,2038.4838,2006.1728,0.46,seg_small_optA_r560_acc16_lr1e4
ROSILHA-M-B_009_jpg.rf.d2aa8881a0b4f54b4bdb89392b953e71.jpg,TP,5,23,0.94871,6477,6517,3123.5532,3142.8434,0.46,seg_small_optA_r560_acc16_lr1e4
ROSILHA-M-B_009_jpg.rf.d2aa8881a0b4f54b4bdb89392b953e71.jpg,TP,27,42,0.946691,13153,13030,6343.0748,6283.7577,0.46,seg_small_optA_r560_acc16_lr1e4
ROSILHA-M-B_009_jpg.rf.d2aa8881a0b4f54b4bdb89392b953e71.jpg,TP,38,26,0.943633,6976,6989,3364.1975,3370.4668,0.46,seg_small_optA_r560_acc16_lr1e4
ROSILHA-M-B_009_jpg.rf.d2aa8881a0b4f54b4bdb89392b953e71.jpg,TP,2,21,0.943455,5017,5019,2419.4637,2420.4282,0.46,seg_small_optA_r560_acc16_lr1e4
ROSILHA-M-B_009_jpg.rf.d2aa8881a0b4f54b4bdb89392b953e71.jpg,TP,14,7,0.942236,3076,3178,1483.4105,1532.6003,0.46,seg_small_optA_r560_acc16_lr1e4
ROSILHA-M-B_009_jpg.rf.d2aa8881a0b4f54b4bdb89392b953e71.jpg,TP,22,30,0.941101,2272,2276,1095.679,1097.608,0.46,seg_small_optA_r560_acc16_lr1e4
ROSILHA-M-B_009_jpg.rf.d2aa8881a0b4f54b4bdb89392b953e71.jpg,TP,19,6,0.939871,3990,4140,1924.1898,1996.5278,0.46,seg_small_optA_r560_acc16_lr1e4
ROSILHA-M-B_009_jpg.rf.d2aa8881a0b4f54b4bdb89392b953e71.jpg,TP,8,5,0.938572,2397,2463,1155.9606,1187.7894,0.46,seg_small_optA_r560_acc16_lr1e4
ROSILHA-M-B_009_jpg.rf.d2aa8881a0b4f54b4bdb89392b953e71.jpg,TP,32,8,0.937769,7137,7249,3441.8403,3495.8526,0.46,seg_small_optA_r560_acc16_lr1e4
ROSILHA-M-B_009_jpg.rf.d2aa8881a0b4f54b4bdb89392b953e71.jpg,TP,9,38,0.937416,2954,2804,1424.5756,1352.2377,0.46,seg_small_optA_r560_acc16_lr1e4
ROSILHA-M-B_009_jpg.rf.d2aa8881a0b4f54b4bdb89392b953e71.jpg,TP,35,9,0.937032,3025,3189,1458.8156,1537.9051,0.46,seg_small_optA_r560_acc16_lr1e4
ROSILHA-M-B_009_jpg.rf.d2aa8881a0b4f54b4bdb89392b953e71.jpg,TP,18,14,0.934889,1829,1737,882.0409,837.6736,0.46,seg_small_optA_r560_acc16_lr1e4
ROSILHA-M-B_009_jpg.rf.d2aa8881a0b4f54b4bdb89392b953e71.jpg,TP,7,33,0.934812,3553,3689,1713.4452,1779.0316,0.46,seg_small_optA_r560_acc16_lr1e4
ROSILHA-M-B_009_jpg.rf.d2aa8881a0b4f54b4bdb89392b953e71.jpg,TP,15,32,0.930705,3993,3892,1925.6366,1876.929,0.46,seg_small_optA_r560_acc16_lr1e4
ROSILHA-M-B_009_jpg.rf.d2aa8881a0b4f54b4bdb89392b953e71.jpg,TP,25,4,0.929236,1024,1048,493.8272,505.4012,0.46,seg_small_optA_r560_acc16_lr1e4
ROSILHA-M-B_009_jpg.rf.d2aa8881a0b4f54b4bdb89392b953e71.jpg,TP,21,22,0.928891,2614,2567,1260.6096,1237.9437,0.46,seg_small_optA_r560_acc16_lr1e4
ROSILHA-M-B_009_jpg.rf.d2aa8881a0b4f54b4bdb89392b953e71.jpg,TP,24,43,0.928222,3013,2897,1453.0285,1397.0872,0.46,seg_small_optA_r560_acc16_lr1e4
ROSILHA-M-B_009_jpg.rf.d2aa8881a0b4f54b4bdb89392b953e71.jpg,TP,11,34,0.926479,3460,3379,1668.5957,1629.5332,0.46,seg_small_optA_r560_acc16_lr1e4
ROSILHA-M-B_009_jpg.rf.d2aa8881a0b4f54b4bdb89392b953e71.jpg,TP,13,36,0.926113,2059,2138,992.9591,1031.0571,0.46,seg_small_optA_r560_acc16_lr1e4
ROSILHA-M-B_009_jpg.rf.d2aa8881a0b4f54b4bdb89392b953e71.jpg,TP,23,2,0.924511,2107,2125,1016.1073,1024.7878,0.46,seg_small_optA_r560_acc16_lr1e4
ROSILHA-M-B_009_jpg.rf.d2aa8881a0b4f54b4bdb89392b953e71.jpg,TP,37,10,0.921024,5404,5250,2606.0957,2531.8287,0.46,seg_small_optA_r560_acc16_lr1e4
ROSILHA-M-B_009_jpg.rf.d2aa8881a0b4f54b4bdb89392b953e71.jpg,TP,34,41,0.91696,4386,4340,2115.162,2092.9784,0.46,seg_small_optA_r560_acc16_lr1e4
ROSILHA-M-B_009_jpg.rf.d2aa8881a0b4f54b4bdb89392b953e71.jpg,TP,26,29,0.911504,1310,1282,631.7515,618.2485,0.46,seg_small_optA_r560_acc16_lr1e4
ROSILHA-M-B_009_jpg.rf.d2aa8881a0b4f54b4bdb89392b953e71.jpg,TP,4,20,0.909133,2108,2031,1016.5895,979.456,0.46,seg_small_optA_r560_acc16_lr1e4
ROSILHA-M-B_009_jpg.rf.d2aa8881a0b4f54b4bdb89392b953e71.jpg,TP,16,11,0.905253,1949,2113,939.9113,1019.0008,0.46,seg_small_optA_r560_acc16_lr1e4
ROSILHA-M-B_009_jpg.rf.d2aa8881a0b4f54b4bdb89392b953e71.jpg,TP,10,37,0.904167,2839,2645,1369.1165,1275.5594,0.46,seg_small_optA_r560_acc16_lr1e4
ROSILHA-M-B_009_jpg.rf.d2aa8881a0b4f54b4bdb89392b953e71.jpg,TP,12,19,0.894031,2028,2065,978.0093,995.8526,0.46,seg_small_optA_r560_acc16_lr1e4
ROSILHA-M-B_009_jpg.rf.d2aa8881a0b4f54b4bdb89392b953e71.jpg,TP,41,15,0.882457,2682,2651,1293.4028,1278.4529,0.46,seg_small_optA_r560_acc16_lr1e4
ROSILHA-M-B_009_jpg.rf.d2aa8881a0b4f54b4bdb89392b953e71.jpg,TP,29,3,0.879587,775,864,373.7461,416.6667,0.46,seg_small_optA_r560_acc16_lr1e4
ROSILHA-M-B_009_jpg.rf.d2aa8881a0b4f54b4bdb89392b953e71.jpg,TP,28,31,0.859184,452,459,217.9784,221.3542,0.46,seg_small_optA_r560_acc16_lr1e4
ROSILHA-M-B_009_jpg.rf.d2aa8881a0b4f54b4bdb89392b953e71.jpg,TP,40,16,0.833333,11219,13058,5410.3974,6297.2608,0.46,seg_small_optA_r560_acc16_lr1e4
ROSILHA-M-B_009_jpg.rf.d2aa8881a0b4f54b4bdb89392b953e71.jpg,TP,31,25,0.773723,274,212,132.1373,102.2377,0.46,seg_small_optA_r560_acc16_lr1e4
ROSILHA-M-B_009_jpg.rf.d2aa8881a0b4f54b4bdb89392b953e71.jpg,TP,33,18,0.771186,228,190,109.9537,91.6281,0.46,seg_small_optA_r560_acc16_lr1e4
ROSILHA-M-B_009_jpg.rf.d2aa8881a0b4f54b4bdb89392b953e71.jpg,TP,39,27,0.609933,13200,8291,6365.7407,3998.3603,0.46,seg_small_optA_r560_acc16_lr1e4
ROSILHA-M-B_009_jpg.rf.d2aa8881a0b4f54b4bdb89392b953e71.jpg,FP,30,-1,0.0,0,4307,0.0,2077.064,0.46,seg_small_optA_r560_acc16_lr1e4
ROSILHA-M-B_009_jpg.rf.d2aa8881a0b4f54b4bdb89392b953e71.jpg,FP,36,-1,0.0,0,1907,0.0,919.6566,0.46,seg_small_optA_r560_acc16_lr1e4
ROSILHA-M-B_009_jpg.rf.d2aa8881a0b4f54b4bdb89392b953e71.jpg,FN,-1,12,0.0,2974,0,1434.2207,0.0,0.46,seg_small_optA_r560_acc16_lr1e4
ROSILHA-M-B_009_jpg.rf.d2aa8881a0b4f54b4bdb89392b953e71.jpg,FN,-1,13,0.0,2823,0,1361.4005,0.0,0.46,seg_small_optA_r560_acc16_lr1e4
ROSILHA-M-B_009_jpg.rf.d2aa8881a0b4f54b4bdb89392b953e71.jpg,FN,-1,39,0.0,2198,0,1059.9923,0.0,0.46,seg_small_optA_r560_acc16_lr1e4
ROSILHA-M-B_009_jpg.rf.d2aa8881a0b4f54b4bdb89392b953e71.jpg,FN,-1,40,0.0,3631,0,1751.061,0.0,0.46,seg_small_optA_r560_acc16_lr1e4
TORDILHA-B_012_jpg.rf.0b5caafb1952d960be9aa54f5506bf96.jpg,TP,8,3,0.96892,3102,3043,1495.9491,1467.4961,0.46,seg_small_optA_r560_acc16_lr1e4
TORDILHA-B_012_jpg.rf.0b5caafb1952d960be9aa54f5506bf96.jpg,TP,2,20,0.961387,2491,2487,1201.2924,1199.3634,0.46,seg_small_optA_r560_acc16_lr1e4
TORDILHA-B_012_jpg.rf.0b5caafb1952d960be9aa54f5506bf96.jpg,TP,3,12,0.960691,4357,4272,2101.1767,2060.1852,0.46,seg_small_optA_r560_acc16_lr1e4
TORDILHA-B_012_jpg.rf.0b5caafb1952d960be9aa54f5506bf96.jpg,TP,17,16,0.959779,1949,1949,939.9113,939.9113,0.46,seg_small_optA_r560_acc16_lr1e4
TORDILHA-B_012_jpg.rf.0b5caafb1952d960be9aa54f5506bf96.jpg,TP,15,2,0.959755,1122,1118,541.088,539.159,0.46,seg_small_optA_r560_acc16_lr1e4
TORDILHA-B_012_jpg.rf.0b5caafb1952d960be9aa54f5506bf96.jpg,TP,0,26,0.956662,4257,4231,2052.9514,2040.4128,0.46,seg_small_optA_r560_acc16_lr1e4
TORDILHA-B_012_jpg.rf.0b5caafb1952d960be9aa54f5506bf96.jpg,TP,20,17,0.952143,10257,10424,4946.4699,5027.0062,0.46,seg_small_optA_r560_acc16_lr1e4
TORDILHA-B_012_jpg.rf.0b5caafb1952d960be9aa54f5506bf96.jpg,TP,19,30,0.95045,4528,4565,2183.642,2201.4853,0.46,seg_small_optA_r560_acc16_lr1e4
TORDILHA-B_012_jpg.rf.0b5caafb1952d960be9aa54f5506bf96.jpg,TP,32,21,0.949296,5111,5000,2464.7955,2411.2654,0.46,seg_small_optA_r560_acc16_lr1e4
TORDILHA-B_012_jpg.rf.0b5caafb1952d960be9aa54f5506bf96.jpg,TP,29,8,0.947761,4547,4327,2192.8048,2086.7091,0.46,seg_small_optA_r560_acc16_lr1e4
TORDILHA-B_012_jpg.rf.0b5caafb1952d960be9aa54f5506bf96.jpg,TP,13,15,0.944634,5412,5441,2609.9537,2623.939,0.46,seg_small_optA_r560_acc16_lr1e4
TORDILHA-B_012_jpg.rf.0b5caafb1952d960be9aa54f5506bf96.jpg,TP,9,9,0.943991,5166,5073,2491.3194,2446.4699,0.46,seg_small_optA_r560_acc16_lr1e4
TORDILHA-B_012_jpg.rf.0b5caafb1952d960be9aa54f5506bf96.jpg,TP,6,32,0.94315,3374,3462,1627.1219,1669.5602,0.46,seg_small_optA_r560_acc16_lr1e4
TORDILHA-B_012_jpg.rf.0b5caafb1952d960be9aa54f5506bf96.jpg,TP,12,6,0.938065,2138,2149,1031.0571,1036.3619,0.46,seg_small_optA_r560_acc16_lr1e4
TORDILHA-B_012_jpg.rf.0b5caafb1952d960be9aa54f5506bf96.jpg,TP,26,31,0.937349,5232,5220,2523.1481,2517.3611,0.46,seg_small_optA_r560_acc16_lr1e4
TORDILHA-B_012_jpg.rf.0b5caafb1952d960be9aa54f5506bf96.jpg,TP,5,27,0.933254,5605,5720,2703.0285,2758.4877,0.46,seg_small_optA_r560_acc16_lr1e4
TORDILHA-B_012_jpg.rf.0b5caafb1952d960be9aa54f5506bf96.jpg,TP,1,24,0.932345,4420,4577,2131.5586,2207.2724,0.46,seg_small_optA_r560_acc16_lr1e4
TORDILHA-B_012_jpg.rf.0b5caafb1952d960be9aa54f5506bf96.jpg,TP,18,7,0.932261,2021,1944,974.6335,937.5,0.46,seg_small_optA_r560_acc16_lr1e4
TORDILHA-B_012_jpg.rf.0b5caafb1952d960be9aa54f5506bf96.jpg,TP,4,25,0.930466,2718,2668,1310.7639,1286.6512,0.46,seg_small_optA_r560_acc16_lr1e4
TORDILHA-B_012_jpg.rf.0b5caafb1952d960be9aa54f5506bf96.jpg,TP,11,4,0.926584,3818,3661,1841.2423,1765.5285,0.46,seg_small_optA_r560_acc16_lr1e4
TORDILHA-B_012_jpg.rf.0b5caafb1952d960be9aa54f5506bf96.jpg,TP,28,5,0.925278,2289,2220,1103.8773,1070.6019,0.46,seg_small_optA_r560_acc16_lr1e4
TORDILHA-B_012_jpg.rf.0b5caafb1952d960be9aa54f5506bf96.jpg,TP,14,22,0.924725,1706,1797,822.7238,866.6088,0.46,seg_small_optA_r560_acc16_lr1e4
TORDILHA-B_012_jpg.rf.0b5caafb1952d960be9aa54f5506bf96.jpg,TP,25,18,0.917325,3182,3126,1534.5293,1507.5231,0.46,seg_small_optA_r560_acc16_lr1e4
TORDILHA-B_012_jpg.rf.0b5caafb1952d960be9aa54f5506bf96.jpg,TP,7,19,0.917033,1757,1732,847.3187,835.2623,0.46,seg_small_optA_r560_acc16_lr1e4
TORDILHA-B_012_jpg.rf.0b5caafb1952d960be9aa54f5506bf96.jpg,TP,10,1,0.910587,2592,2515,1250.0,1212.8665,0.46,seg_small_optA_r560_acc16_lr1e4
TORDILHA-B_012_jpg.rf.0b5caafb1952d960be9aa54f5506bf96.jpg,TP,22,29,0.909485,4666,5017,2250.1929,2419.4637,0.46,seg_small_optA_r560_acc16_lr1e4
TORDILHA-B_012_jpg.rf.0b5caafb1952d960be9aa54f5506bf96.jpg,TP,38,13,0.895114,3016,2802,1454.4753,1351.2731,0.46,seg_small_optA_r560_acc16_lr1e4
TORDILHA-B_012_jpg.rf.0b5caafb1952d960be9aa54f5506bf96.jpg,TP,23,33,0.890265,549,519,264.7569,250.2894,0.46,seg_small_optA_r560_acc16_lr1e4
TORDILHA-B_012_jpg.rf.0b5caafb1952d960be9aa54f5506bf96.jpg,TP,16,14,0.885714,1927,1769,929.3017,853.1057,0.46,seg_small_optA_r560_acc16_lr1e4
TORDILHA-B_012_jpg.rf.0b5caafb1952d960be9aa54f5506bf96.jpg,TP,40,38,0.882066,2017,1845,972.7045,889.7569,0.46,seg_small_optA_r560_acc16_lr1e4
TORDILHA-B_012_jpg.rf.0b5caafb1952d960be9aa54f5506bf96.jpg,TP,21,23,0.880658,1095,1190,528.0671,573.8812,0.46,seg_small_optA_r560_acc16_lr1e4
TORDILHA-B_012_jpg.rf.0b5caafb1952d960be9aa54f5506bf96.jpg,TP,35,34,0.872201,1058,949,510.2238,457.6582,0.46,seg_small_optA_r560_acc16_lr1e4
TORDILHA-B_012_jpg.rf.0b5caafb1952d960be9aa54f5506bf96.jpg,TP,30,39,0.844571,813,801,392.0718,386.2847,0.46,seg_small_optA_r560_acc16_lr1e4
TORDILHA-B_012_jpg.rf.0b5caafb1952d960be9aa54f5506bf96.jpg,TP,37,40,0.816667,233,203,112.365,97.8974,0.46,seg_small_optA_r560_acc16_lr1e4
TORDILHA-B_012_jpg.rf.0b5caafb1952d960be9aa54f5506bf96.jpg,TP,36,11,0.803571,223,181,107.5424,87.2878,0.46,seg_small_optA_r560_acc16_lr1e4
TORDILHA-B_012_jpg.rf.0b5caafb1952d960be9aa54f5506bf96.jpg,TP,39,35,0.74183,295,238,142.2647,114.7762,0.46,seg_small_optA_r560_acc16_lr1e4
TORDILHA-B_012_jpg.rf.0b5caafb1952d960be9aa54f5506bf96.jpg,TP,33,10,0.563813,4307,2469,2077.064,1190.6829,0.46,seg_small_optA_r560_acc16_lr1e4
TORDILHA-B_012_jpg.rf.0b5caafb1952d960be9aa54f5506bf96.jpg,TP,24,0,0.549509,9593,5555,4626.2539,2678.9159,0.46,seg_small_optA_r560_acc16_lr1e4
TORDILHA-B_012_jpg.rf.0b5caafb1952d960be9aa54f5506bf96.jpg,TP,27,28,0.549257,7891,4517,3805.4591,2178.3372,0.46,seg_small_optA_r560_acc16_lr1e4
TORDILHA-B_012_jpg.rf.0b5caafb1952d960be9aa54f5506bf96.jpg,FP,31,-1,0.0,0,4020,0.0,1938.6574,0.46,seg_small_optA_r560_acc16_lr1e4
TORDILHA-B_012_jpg.rf.0b5caafb1952d960be9aa54f5506bf96.jpg,FP,34,-1,0.0,0,1707,0.0,823.206,0.46,seg_small_optA_r560_acc16_lr1e4
TORDILHA-B_012_jpg.rf.0b5caafb1952d960be9aa54f5506bf96.jpg,FP,41,-1,0.0,0,1622,0.0,782.2145,0.46,seg_small_optA_r560_acc16_lr1e4
TORDILHA-B_012_jpg.rf.0b5caafb1952d960be9aa54f5506bf96.jpg,FP,42,-1,0.0,0,2435,0.0,1174.2863,0.46,seg_small_optA_r560_acc16_lr1e4
TORDILHA-B_012_jpg.rf.0b5caafb1952d960be9aa54f5506bf96.jpg,FP,43,-1,0.0,0,3317,0.0,1599.6335,0.46,seg_small_optA_r560_acc16_lr1e4
TORDILHA-B_012_jpg.rf.0b5caafb1952d960be9aa54f5506bf96.jpg,FP,44,-1,0.0,0,1626,0.0,784.1435,0.46,seg_small_optA_r560_acc16_lr1e4
TORDILHA-B_012_jpg.rf.0b5caafb1952d960be9aa54f5506bf96.jpg,FN,-1,36,0.0,145,0,69.9267,0.0,0.46,seg_small_optA_r560_acc16_lr1e4
TORDILHA-B_012_jpg.rf.0b5caafb1952d960be9aa54f5506bf96.jpg,FN,-1,37,0.0,96,0,46.2963,0.0,0.46,seg_small_optA_r560_acc16_lr1e4
ROSILHA-M-D_006_jpg.rf.de71085683e9c7eb460be0f184fb31ac.jpg,TP,0,1,0.970097,17287,17170,8336.7091,8280.2855,0.46,seg_small_optA_r560_acc16_lr1e4
ROSILHA-M-D_006_jpg.rf.de71085683e9c7eb460be0f184fb31ac.jpg,TP,3,15,0.96233,7557,7602,3644.3866,3666.088,0.46,seg_small_optA_r560_acc16_lr1e4
ROSILHA-M-D_006_jpg.rf.de71085683e9c7eb460be0f184fb31ac.jpg,TP,1,2,0.960837,10513,10766,5069.9267,5191.9367,0.46,seg_small_optA_r560_acc16_lr1e4
ROSILHA-M-D_006_jpg.rf.de71085683e9c7eb460be0f184fb31ac.jpg,TP,12,20,0.959133,9845,9858,4747.7816,4754.0509,0.46,seg_small_optA_r560_acc16_lr1e4
ROSILHA-M-D_006_jpg.rf.de71085683e9c7eb460be0f184fb31ac.jpg,TP,17,21,0.955334,8625,8404,4159.4329,4052.8549,0.46,seg_small_optA_r560_acc16_lr1e4
ROSILHA-M-D_006_jpg.rf.de71085683e9c7eb460be0f184fb31ac.jpg,TP,8,10,0.953517,4860,4806,2343.75,2317.7083,0.46,seg_small_optA_r560_acc16_lr1e4
ROSILHA-M-D_006_jpg.rf.de71085683e9c7eb460be0f184fb31ac.jpg,TP,34,8,0.951996,4118,4096,1985.9182,1975.3086,0.46,seg_small_optA_r560_acc16_lr1e4
ROSILHA-M-D_006_jpg.rf.de71085683e9c7eb460be0f184fb31ac.jpg,TP,20,18,0.951882,2995,2968,1444.348,1431.3272,0.46,seg_small_optA_r560_acc16_lr1e4
ROSILHA-M-D_006_jpg.rf.de71085683e9c7eb460be0f184fb31ac.jpg,TP,13,17,0.940869,5117,5288,2467.689,2550.1543,0.46,seg_small_optA_r560_acc16_lr1e4
ROSILHA-M-D_006_jpg.rf.de71085683e9c7eb460be0f184fb31ac.jpg,TP,4,19,0.939421,5361,5364,2585.3588,2586.8056,0.46,seg_small_optA_r560_acc16_lr1e4
ROSILHA-M-D_006_jpg.rf.de71085683e9c7eb460be0f184fb31ac.jpg,TP,7,22,0.938547,1959,1858,944.7338,896.0262,0.46,seg_small_optA_r560_acc16_lr1e4
ROSILHA-M-D_006_jpg.rf.de71085683e9c7eb460be0f184fb31ac.jpg,TP,19,5,0.938263,2820,2737,1359.9537,1319.9267,0.46,seg_small_optA_r560_acc16_lr1e4
ROSILHA-M-D_006_jpg.rf.de71085683e9c7eb460be0f184fb31ac.jpg,TP,6,13,0.935783,3309,3172,1595.7755,1529.7068,0.46,seg_small_optA_r560_acc16_lr1e4
ROSILHA-M-D_006_jpg.rf.de71085683e9c7eb460be0f184fb31ac.jpg,TP,9,14,0.934783,2632,2619,1269.2901,1263.0208,0.46,seg_small_optA_r560_acc16_lr1e4
ROSILHA-M-D_006_jpg.rf.de71085683e9c7eb460be0f184fb31ac.jpg,TP,25,11,0.931776,5027,5308,2424.2863,2559.7994,0.46,seg_small_optA_r560_acc16_lr1e4
ROSILHA-M-D_006_jpg.rf.de71085683e9c7eb460be0f184fb31ac.jpg,TP,14,27,0.929553,2163,2192,1043.1134,1057.0988,0.46,seg_small_optA_r560_acc16_lr1e4
ROSILHA-M-D_006_jpg.rf.de71085683e9c7eb460be0f184fb31ac.jpg,TP,16,6,0.926316,2154,2055,1038.7731,991.0301,0.46,seg_small_optA_r560_acc16_lr1e4
ROSILHA-M-D_006_jpg.rf.de71085683e9c7eb460be0f184fb31ac.jpg,TP,22,26,0.925886,2652,2675,1278.9352,1290.027,0.46,seg_small_optA_r560_acc16_lr1e4
ROSILHA-M-D_006_jpg.rf.de71085683e9c7eb460be0f184fb31ac.jpg,TP,26,16,0.92418,1430,1387,689.6219,668.885,0.46,seg_small_optA_r560_acc16_lr1e4
ROSILHA-M-D_006_jpg.rf.de71085683e9c7eb460be0f184fb31ac.jpg,TP,5,7,0.923461,3104,3053,1496.9136,1472.3187,0.46,seg_small_optA_r560_acc16_lr1e4
ROSILHA-M-D_006_jpg.rf.de71085683e9c7eb460be0f184fb31ac.jpg,TP,11,25,0.920123,2847,2754,1372.9745,1328.125,0.46,seg_small_optA_r560_acc16_lr1e4
ROSILHA-M-D_006_jpg.rf.de71085683e9c7eb460be0f184fb31ac.jpg,TP,29,9,0.919658,2980,2850,1437.1142,1374.4213,0.46,seg_small_optA_r560_acc16_lr1e4
ROSILHA-M-D_006_jpg.rf.de71085683e9c7eb460be0f184fb31ac.jpg,TP,21,28,0.906228,1333,1330,642.8434,641.3966,0.46,seg_small_optA_r560_acc16_lr1e4
ROSILHA-M-D_006_jpg.rf.de71085683e9c7eb460be0f184fb31ac.jpg,TP,15,3,0.896196,1493,1448,720.0039,698.3025,0.46,seg_small_optA_r560_acc16_lr1e4
ROSILHA-M-D_006_jpg.rf.de71085683e9c7eb460be0f184fb31ac.jpg,TP,2,0,0.894682,6002,6645,2894.483,3204.5718,0.46,seg_small_optA_r560_acc16_lr1e4
ROSILHA-M-D_006_jpg.rf.de71085683e9c7eb460be0f184fb31ac.jpg,TP,18,4,0.891188,2867,2799,1382.6196,1349.8264,0.46,seg_small_optA_r560_acc16_lr1e4
ROSILHA-M-D_006_jpg.rf.de71085683e9c7eb460be0f184fb31ac.jpg,TP,27,12,0.883929,3722,3452,1794.946,1664.7377,0.46,seg_small_optA_r560_acc16_lr1e4
ROSILHA-M-D_006_jpg.rf.de71085683e9c7eb460be0f184fb31ac.jpg,TP,23,29,0.870223,1234,1115,595.1003,537.7122,0.46,seg_small_optA_r560_acc16_lr1e4
ROSILHA-M-D_006_jpg.rf.de71085683e9c7eb460be0f184fb31ac.jpg,TP,10,36,0.816257,1309,1350,631.2693,651.0417,0.46,seg_small_optA_r560_acc16_lr1e4
ROSILHA-M-D_006_jpg.rf.de71085683e9c7eb460be0f184fb31ac.jpg,TP,31,30,0.741935,150,120,72.338,57.8704,0.46,seg_small_optA_r560_acc16_lr1e4
ROSILHA-M-D_006_jpg.rf.de71085683e9c7eb460be0f184fb31ac.jpg,TP,32,31,0.738956,200,233,96.4506,112.365,0.46,seg_small_optA_r560_acc16_lr1e4
ROSILHA-M-D_006_jpg.rf.de71085683e9c7eb460be0f184fb31ac.jpg,TP,24,38,0.735744,1179,1317,568.5764,635.1273,0.46,seg_small_optA_r560_acc16_lr1e4
ROSILHA-M-D_006_jpg.rf.de71085683e9c7eb460be0f184fb31ac.jpg,TP,30,37,0.677966,116,82,55.9414,39.5448,0.46,seg_small_optA_r560_acc16_lr1e4
ROSILHA-M-D_006_jpg.rf.de71085683e9c7eb460be0f184fb31ac.jpg,TP,28,24,0.659218,3546,2394,1710.0694,1154.5139,0.46,seg_small_optA_r560_acc16_lr1e4
ROSILHA-M-D_006_jpg.rf.de71085683e9c7eb460be0f184fb31ac.jpg,FP,33,-1,0.0,0,35,0.0,16.8789,0.46,seg_small_optA_r560_acc16_lr1e4
ROSILHA-M-D_006_jpg.rf.de71085683e9c7eb460be0f184fb31ac.jpg,FP,35,-1,0.0,0,988,0.0,476.466,0.46,seg_small_optA_r560_acc16_lr1e4
ROSILHA-M-D_006_jpg.rf.de71085683e9c7eb460be0f184fb31ac.jpg,FN,-1,23,0.0,172,0,82.9475,0.0,0.46,seg_small_optA_r560_acc16_lr1e4
ROSILHA-M-D_006_jpg.rf.de71085683e9c7eb460be0f184fb31ac.jpg,FN,-1,32,0.0,30,0,14.4676,0.0,0.46,seg_small_optA_r560_acc16_lr1e4
ROSILHA-M-D_006_jpg.rf.de71085683e9c7eb460be0f184fb31ac.jpg,FN,-1,33,0.0,312,0,150.463,0.0,0.46,seg_small_optA_r560_acc16_lr1e4
ROSILHA-M-D_006_jpg.rf.de71085683e9c7eb460be0f184fb31ac.jpg,FN,-1,34,0.0,317,0,152.8742,0.0,0.46,seg_small_optA_r560_acc16_lr1e4
ROSILHA-M-D_006_jpg.rf.de71085683e9c7eb460be0f184fb31ac.jpg,FN,-1,35,0.0,33,0,15.9144,0.0,0.46,seg_small_optA_r560_acc16_lr1e4
TOSTADA-B_003_jpg.rf.ef070508fe8cf028db79cd03961c37d8.jpg,TP,0,9,0.96898,8594,8544,4144.483,4120.3704,0.46,seg_small_optA_r560_acc16_lr1e4
TOSTADA-B_003_jpg.rf.ef070508fe8cf028db79cd03961c37d8.jpg,TP,5,18,0.962001,7191,7163,3467.8819,3454.3789,0.46,seg_small_optA_r560_acc16_lr1e4
TOSTADA-B_003_jpg.rf.ef070508fe8cf028db79cd03961c37d8.jpg,TP,1,23,0.957462,2700,2730,1302.0833,1316.5509,0.46,seg_small_optA_r560_acc16_lr1e4
TOSTADA-B_003_jpg.rf.ef070508fe8cf028db79cd03961c37d8.jpg,TP,11,15,0.955636,7647,7517,3687.7894,3625.0965,0.46,seg_small_optA_r560_acc16_lr1e4
TOSTADA-B_003_jpg.rf.ef070508fe8cf028db79cd03961c37d8.jpg,TP,3,2,0.954528,2499,2487,1205.1505,1199.3634,0.46,seg_small_optA_r560_acc16_lr1e4
TOSTADA-B_003_jpg.rf.ef070508fe8cf028db79cd03961c37d8.jpg,TP,10,4,0.954351,3678,3643,1773.7269,1756.848,0.46,seg_small_optA_r560_acc16_lr1e4
TOSTADA-B_003_jpg.rf.ef070508fe8cf028db79cd03961c37d8.jpg,TP,24,20,0.95328,1975,1955,952.4498,942.8048,0.46,seg_small_optA_r560_acc16_lr1e4
TOSTADA-B_003_jpg.rf.ef070508fe8cf028db79cd03961c37d8.jpg,TP,4,0,0.952855,4434,4389,2138.3102,2116.6088,0.46,seg_small_optA_r560_acc16_lr1e4
TOSTADA-B_003_jpg.rf.ef070508fe8cf028db79cd03961c37d8.jpg,TP,12,3,0.951913,6326,6176,3050.733,2978.3951,0.46,seg_small_optA_r560_acc16_lr1e4
TOSTADA-B_003_jpg.rf.ef070508fe8cf028db79cd03961c37d8.jpg,TP,19,14,0.948672,5311,5471,2561.2461,2638.4066,0.46,seg_small_optA_r560_acc16_lr1e4
TOSTADA-B_003_jpg.rf.ef070508fe8cf028db79cd03961c37d8.jpg,TP,2,22,0.940464,1931,1915,931.2307,923.5147,0.46,seg_small_optA_r560_acc16_lr1e4
TOSTADA-B_003_jpg.rf.ef070508fe8cf028db79cd03961c37d8.jpg,TP,21,21,0.93952,2837,2743,1368.152,1322.8202,0.46,seg_small_optA_r560_acc16_lr1e4
TOSTADA-B_003_jpg.rf.ef070508fe8cf028db79cd03961c37d8.jpg,TP,6,10,0.939144,2462,2477,1187.3071,1194.5409,0.46,seg_small_optA_r560_acc16_lr1e4
TOSTADA-B_003_jpg.rf.ef070508fe8cf028db79cd03961c37d8.jpg,TP,25,24,0.931859,4317,4245,2081.8866,2047.1644,0.46,seg_small_optA_r560_acc16_lr1e4
TOSTADA-B_003_jpg.rf.ef070508fe8cf028db79cd03961c37d8.jpg,TP,13,25,0.926811,1281,1299,617.7662,626.4468,0.46,seg_small_optA_r560_acc16_lr1e4
TOSTADA-B_003_jpg.rf.ef070508fe8cf028db79cd03961c37d8.jpg,TP,9,5,0.91342,670,656,323.1096,316.358,0.46,seg_small_optA_r560_acc16_lr1e4
TOSTADA-B_003_jpg.rf.ef070508fe8cf028db79cd03961c37d8.jpg,TP,7,19,0.912195,1320,1424,636.5741,686.7284,0.46,seg_small_optA_r560_acc16_lr1e4
TOSTADA-B_003_jpg.rf.ef070508fe8cf028db79cd03961c37d8.jpg,TP,8,12,0.884103,875,962,421.9715,463.9275,0.46,seg_small_optA_r560_acc16_lr1e4
TOSTADA-B_003_jpg.rf.ef070508fe8cf028db79cd03961c37d8.jpg,TP,14,6,0.883871,279,305,134.5486,147.0872,0.46,seg_small_optA_r560_acc16_lr1e4
TOSTADA-B_003_jpg.rf.ef070508fe8cf028db79cd03961c37d8.jpg,TP,23,11,0.86849,9846,10784,4748.2639,5200.6173,0.46,seg_small_optA_r560_acc16_lr1e4
TOSTADA-B_003_jpg.rf.ef070508fe8cf028db79cd03961c37d8.jpg,TP,17,16,0.858372,7140,6467,3443.287,3118.7307,0.46,seg_small_optA_r560_acc16_lr1e4
TOSTADA-B_003_jpg.rf.ef070508fe8cf028db79cd03961c37d8.jpg,TP,18,1,0.823989,5401,6278,2604.6489,3027.5849,0.46,seg_small_optA_r560_acc16_lr1e4
TOSTADA-B_003_jpg.rf.ef070508fe8cf028db79cd03961c37d8.jpg,TP,22,7,0.627386,2976,1968,1435.1852,949.0741,0.46,seg_small_optA_r560_acc16_lr1e4
TOSTADA-B_003_jpg.rf.ef070508fe8cf028db79cd03961c37d8.jpg,FP,15,-1,0.0,0,7068,0.0,3408.5648,0.46,seg_small_optA_r560_acc16_lr1e4
TOSTADA-B_003_jpg.rf.ef070508fe8cf028db79cd03961c37d8.jpg,FP,16,-1,0.0,0,1390,0.0,670.3318,0.46,seg_small_optA_r560_acc16_lr1e4
TOSTADA-B_003_jpg.rf.ef070508fe8cf028db79cd03961c37d8.jpg,FP,20,-1,0.0,0,4736,0.0,2283.9506,0.46,seg_small_optA_r560_acc16_lr1e4
TOSTADA-B_003_jpg.rf.ef070508fe8cf028db79cd03961c37d8.jpg,FP,26,-1,0.0,0,2648,0.0,1277.0062,0.46,seg_small_optA_r560_acc16_lr1e4
TOSTADA-B_003_jpg.rf.ef070508fe8cf028db79cd03961c37d8.jpg,FN,-1,8,0.0,210,0,101.2731,0.0,0.46,seg_small_optA_r560_acc16_lr1e4
TOSTADA-B_003_jpg.rf.ef070508fe8cf028db79cd03961c37d8.jpg,FN,-1,13,0.0,908,0,437.8858,0.0,0.46,seg_small_optA_r560_acc16_lr1e4
TOSTADA-B_003_jpg.rf.ef070508fe8cf028db79cd03961c37d8.jpg,FN,-1,17,0.0,14751,0,7113.7153,0.0,0.46,seg_small_optA_r560_acc16_lr1e4
TORDILHA-D_001_jpg.rf.36e39c15aad81283f9bcc0f8afcd649f.jpg,TP,0,11,0.962138,5431,5400,2619.1165,2604.1667,0.46,seg_small_optA_r560_acc16_lr1e4
TORDILHA-D_001_jpg.rf.36e39c15aad81283f9bcc0f8afcd649f.jpg,TP,7,2,0.96031,31397,30588,15141.3002,14751.1574,0.46,seg_small_optA_r560_acc16_lr1e4
TORDILHA-D_001_jpg.rf.36e39c15aad81283f9bcc0f8afcd649f.jpg,TP,13,0,0.955972,48439,47609,23359.8573,22959.5872,0.46,seg_small_optA_r560_acc16_lr1e4
TORDILHA-D_001_jpg.rf.36e39c15aad81283f9bcc0f8afcd649f.jpg,TP,2,9,0.953555,1051,1010,506.848,487.0756,0.46,seg_small_optA_r560_acc16_lr1e4
TORDILHA-D_001_jpg.rf.36e39c15aad81283f9bcc0f8afcd649f.jpg,TP,20,20,0.95283,1973,1960,951.4853,945.216,0.46,seg_small_optA_r560_acc16_lr1e4
TORDILHA-D_001_jpg.rf.36e39c15aad81283f9bcc0f8afcd649f.jpg,TP,3,16,0.950112,7522,7332,3627.5077,3535.8796,0.46,seg_small_optA_r560_acc16_lr1e4
TORDILHA-D_001_jpg.rf.36e39c15aad81283f9bcc0f8afcd649f.jpg,TP,5,8,0.920177,417,449,201.0995,216.5316,0.46,seg_small_optA_r560_acc16_lr1e4
TORDILHA-D_001_jpg.rf.36e39c15aad81283f9bcc0f8afcd649f.jpg,TP,23,18,0.918692,8714,8890,4202.3534,4287.2299,0.46,seg_small_optA_r560_acc16_lr1e4
TORDILHA-D_001_jpg.rf.36e39c15aad81283f9bcc0f8afcd649f.jpg,TP,1,7,0.914394,9972,9260,4809.0278,4465.6636,0.46,seg_small_optA_r560_acc16_lr1e4
TORDILHA-D_001_jpg.rf.36e39c15aad81283f9bcc0f8afcd649f.jpg,TP,15,17,0.911594,3871,3697,1866.8017,1782.8897,0.46,seg_small_optA_r560_acc16_lr1e4
TORDILHA-D_001_jpg.rf.36e39c15aad81283f9bcc0f8afcd649f.jpg,TP,6,10,0.896167,1421,1300,685.2816,626.929,0.46,seg_small_optA_r560_acc16_lr1e4
TORDILHA-D_001_jpg.rf.36e39c15aad81283f9bcc0f8afcd649f.jpg,TP,11,13,0.87361,1873,1833,903.26,883.9699,0.46,seg_small_optA_r560_acc16_lr1e4
TORDILHA-D_001_jpg.rf.36e39c15aad81283f9bcc0f8afcd649f.jpg,TP,8,21,0.868705,2030,2126,978.9738,1025.2701,0.46,seg_small_optA_r560_acc16_lr1e4
TORDILHA-D_001_jpg.rf.36e39c15aad81283f9bcc0f8afcd649f.jpg,TP,12,6,0.861971,24325,21014,11730.8063,10134.0664,0.46,seg_small_optA_r560_acc16_lr1e4
TORDILHA-D_001_jpg.rf.36e39c15aad81283f9bcc0f8afcd649f.jpg,TP,10,15,0.860955,7379,6500,3558.5455,3134.6451,0.46,seg_small_optA_r560_acc16_lr1e4
TORDILHA-D_001_jpg.rf.36e39c15aad81283f9bcc0f8afcd649f.jpg,TP,4,12,0.859608,6709,5901,3235.436,2845.7755,0.46,seg_small_optA_r560_acc16_lr1e4
TORDILHA-D_001_jpg.rf.36e39c15aad81283f9bcc0f8afcd649f.jpg,TP,19,19,0.765116,372,387,179.3981,186.6319,0.46,seg_small_optA_r560_acc16_lr1e4
TORDILHA-D_001_jpg.rf.36e39c15aad81283f9bcc0f8afcd649f.jpg,TP,18,22,0.746186,646,613,311.5355,295.6211,0.46,seg_small_optA_r560_acc16_lr1e4
TORDILHA-D_001_jpg.rf.36e39c15aad81283f9bcc0f8afcd649f.jpg,TP,16,1,0.635184,25282,17707,12192.3225,8539.2554,0.46,seg_small_optA_r560_acc16_lr1e4
TORDILHA-D_001_jpg.rf.36e39c15aad81283f9bcc0f8afcd649f.jpg,TP,22,14,0.531698,3113,1695,1501.2539,817.419,0.46,seg_small_optA_r560_acc16_lr1e4
TORDILHA-D_001_jpg.rf.36e39c15aad81283f9bcc0f8afcd649f.jpg,FP,9,-1,0.0,0,624,0.0,300.9259,0.46,seg_small_optA_r560_acc16_lr1e4
TORDILHA-D_001_jpg.rf.36e39c15aad81283f9bcc0f8afcd649f.jpg,FP,14,-1,0.0,0,5215,0.0,2514.9498,0.46,seg_small_optA_r560_acc16_lr1e4
TORDILHA-D_001_jpg.rf.36e39c15aad81283f9bcc0f8afcd649f.jpg,FP,17,-1,0.0,0,781,0.0,376.6397,0.46,seg_small_optA_r560_acc16_lr1e4
TORDILHA-D_001_jpg.rf.36e39c15aad81283f9bcc0f8afcd649f.jpg,FP,21,-1,0.0,0,1853,0.0,893.615,0.46,seg_small_optA_r560_acc16_lr1e4
TORDILHA-D_001_jpg.rf.36e39c15aad81283f9bcc0f8afcd649f.jpg,FN,-1,3,0.0,7881,0,3800.6366,0.0,0.46,seg_small_optA_r560_acc16_lr1e4
TORDILHA-D_001_jpg.rf.36e39c15aad81283f9bcc0f8afcd649f.jpg,FN,-1,4,0.0,10308,0,4971.0648,0.0,0.46,seg_small_optA_r560_acc16_lr1e4
TORDILHA-D_001_jpg.rf.36e39c15aad81283f9bcc0f8afcd649f.jpg,FN,-1,5,0.0,6181,0,2980.8063,0.0,0.46,seg_small_optA_r560_acc16_lr1e4
TORDILHA-D_001_jpg.rf.36e39c15aad81283f9bcc0f8afcd649f.jpg,FN,-1,23,0.0,138,0,66.5509,0.0,0.46,seg_small_optA_r560_acc16_lr1e4
TOSTADA-G_009_jpg.rf.506f019d1e54427e5f81510789439725.jpg,TP,5,41,0.962841,1204,1173,580.6327,565.6829,0.46,seg_small_optA_r560_acc16_lr1e4
TOSTADA-G_009_jpg.rf.506f019d1e54427e5f81510789439725.jpg,TP,36,17,0.962181,3119,3107,1504.1474,1498.3603,0.46,seg_small_optA_r560_acc16_lr1e4
TOSTADA-G_009_jpg.rf.506f019d1e54427e5f81510789439725.jpg,TP,2,33,0.95264,6702,6574,3232.0602,3170.3318,0.46,seg_small_optA_r560_acc16_lr1e4
TOSTADA-G_009_jpg.rf.506f019d1e54427e5f81510789439725.jpg,TP,25,22,0.951674,2314,2290,1115.9336,1104.3596,0.46,seg_small_optA_r560_acc16_lr1e4
TOSTADA-G_009_jpg.rf.506f019d1e54427e5f81510789439725.jpg,TP,12,5,0.951606,2324,2233,1120.7562,1076.8711,0.46,seg_small_optA_r560_acc16_lr1e4
TOSTADA-G_009_jpg.rf.506f019d1e54427e5f81510789439725.jpg,TP,17,40,0.945504,1094,1048,527.5849,505.4012,0.46,seg_small_optA_r560_acc16_lr1e4
TOSTADA-G_009_jpg.rf.506f019d1e54427e5f81510789439725.jpg,TP,23,27,0.945051,7514,7282,3623.6497,3511.767,0.46,seg_small_optA_r560_acc16_lr1e4
TOSTADA-G_009_jpg.rf.506f019d1e54427e5f81510789439725.jpg,TP,37,19,0.944665,5436,5318,2621.5278,2564.6219,0.46,seg_small_optA_r560_acc16_lr1e4
TOSTADA-G_009_jpg.rf.506f019d1e54427e5f81510789439725.jpg,TP,29,34,0.942907,3351,3319,1616.0301,1600.598,0.46,seg_small_optA_r560_acc16_lr1e4
TOSTADA-G_009_jpg.rf.506f019d1e54427e5f81510789439725.jpg,TP,16,21,0.942229,10345,9961,4988.9082,4803.723,0.46,seg_small_optA_r560_acc16_lr1e4
TOSTADA-G_009_jpg.rf.506f019d1e54427e5f81510789439725.jpg,TP,10,2,0.942053,12821,12583,6182.9668,6068.1906,0.46,seg_small_optA_r560_acc16_lr1e4
TOSTADA-G_009_jpg.rf.506f019d1e54427e5f81510789439725.jpg,TP,31,6,0.94087,8009,7648,3862.365,3688.2716,0.46,seg_small_optA_r560_acc16_lr1e4
TOSTADA-G_009_jpg.rf.506f019d1e54427e5f81510789439725.jpg,TP,38,18,0.934396,2677,2542,1290.9915,1225.8873,0.46,seg_small_optA_r560_acc16_lr1e4
TOSTADA-G_009_jpg.rf.506f019d1e54427e5f81510789439725.jpg,TP,35,10,0.930289,12342,11582,5951.9676,5585.4552,0.46,seg_small_optA_r560_acc16_lr1e4
TOSTADA-G_009_jpg.rf.506f019d1e54427e5f81510789439725.jpg,TP,22,20,0.929714,1703,1674,821.277,807.2917,0.46,seg_small_optA_r560_acc16_lr1e4
TOSTADA-G_009_jpg.rf.506f019d1e54427e5f81510789439725.jpg,TP,1,28,0.9294,2059,1931,992.9591,931.2307,0.46,seg_small_optA_r560_acc16_lr1e4
TOSTADA-G_009_jpg.rf.506f019d1e54427e5f81510789439725.jpg,TP,0,24,0.929321,1424,1333,686.7284,642.8434,0.46,seg_small_optA_r560_acc16_lr1e4
TOSTADA-G_009_jpg.rf.506f019d1e54427e5f81510789439725.jpg,TP,26,9,0.928845,9497,9153,4579.9576,4414.0625,0.46,seg_small_optA_r560_acc16_lr1e4
TOSTADA-G_009_jpg.rf.506f019d1e54427e5f81510789439725.jpg,TP,15,37,0.927021,3293,3097,1588.0594,1493.5378,0.46,seg_small_optA_r560_acc16_lr1e4
TOSTADA-G_009_jpg.rf.506f019d1e54427e5f81510789439725.jpg,TP,21,26,0.926726,2761,2682,1331.5008,1293.4028,0.46,seg_small_optA_r560_acc16_lr1e4
TOSTADA-G_009_jpg.rf.506f019d1e54427e5f81510789439725.jpg,TP,11,31,0.922991,3593,3324,1732.7353,1603.0093,0.46,seg_small_optA_r560_acc16_lr1e4
TOSTADA-G_009_jpg.rf.506f019d1e54427e5f81510789439725.jpg,TP,7,23,0.916213,1837,1685,885.8989,812.5965,0.46,seg_small_optA_r560_acc16_lr1e4
TOSTADA-G_009_jpg.rf.506f019d1e54427e5f81510789439725.jpg,TP,34,16,0.914971,3285,3021,1584.2014,1456.8866,0.46,seg_small_optA_r560_acc16_lr1e4
TOSTADA-G_009_jpg.rf.506f019d1e54427e5f81510789439725.jpg,TP,18,32,0.912532,2339,2209,1127.99,1065.2971,0.46,seg_small_optA_r560_acc16_lr1e4
TOSTADA-G_009_jpg.rf.506f019d1e54427e5f81510789439725.jpg,TP,6,38,0.912164,4160,3873,2006.1728,1867.7662,0.46,seg_small_optA_r560_acc16_lr1e4
TOSTADA-G_009_jpg.rf.506f019d1e54427e5f81510789439725.jpg,TP,9,35,0.910348,2524,2313,1217.2068,1115.4514,0.46,seg_small_optA_r560_acc16_lr1e4
TOSTADA-G_009_jpg.rf.506f019d1e54427e5f81510789439725.jpg,TP,19,39,0.905431,1540,1442,742.6698,695.409,0.46,seg_small_optA_r560_acc16_lr1e4
TOSTADA-G_009_jpg.rf.506f019d1e54427e5f81510789439725.jpg,TP,24,13,0.898122,4214,3872,2032.2145,1867.284,0.46,seg_small_optA_r560_acc16_lr1e4
TOSTADA-G_009_jpg.rf.506f019d1e54427e5f81510789439725.jpg,TP,3,36,0.895375,2631,2369,1268.8079,1142.4576,0.46,seg_small_optA_r560_acc16_lr1e4
TOSTADA-G_009_jpg.rf.506f019d1e54427e5f81510789439725.jpg,TP,14,29,0.892099,1166,1061,562.3071,511.6705,0.46,seg_small_optA_r560_acc16_lr1e4
TOSTADA-G_009_jpg.rf.506f019d1e54427e5f81510789439725.jpg,TP,27,4,0.887263,2480,2291,1195.9877,1104.8418,0.46,seg_small_optA_r560_acc16_lr1e4
TOSTADA-G_009_jpg.rf.506f019d1e54427e5f81510789439725.jpg,TP,8,25,0.876877,969,906,467.3032,436.9213,0.46,seg_small_optA_r560_acc16_lr1e4
TOSTADA-G_009_jpg.rf.506f019d1e54427e5f81510789439725.jpg,TP,20,30,0.874168,1597,1501,770.1582,723.8619,0.46,seg_small_optA_r560_acc16_lr1e4
TOSTADA-G_009_jpg.rf.506f019d1e54427e5f81510789439725.jpg,TP,33,3,0.857817,1668,1481,804.3981,714.2168,0.46,seg_small_optA_r560_acc16_lr1e4
TOSTADA-G_009_jpg.rf.506f019d1e54427e5f81510789439725.jpg,TP,28,0,0.819334,598,550,288.3873,265.2392,0.46,seg_small_optA_r560_acc16_lr1e4
TOSTADA-G_009_jpg.rf.506f019d1e54427e5f81510789439725.jpg,TP,30,1,0.817778,372,446,179.3981,215.0849,0.46,seg_small_optA_r560_acc16_lr1e4
TOSTADA-G_009_jpg.rf.506f019d1e54427e5f81510789439725.jpg,TP,13,7,0.752675,20870,22535,10064.6219,10867.5733,0.46,seg_small_optA_r560_acc16_lr1e4
TOSTADA-G_009_jpg.rf.506f019d1e54427e5f81510789439725.jpg,TP,4,14,0.733092,7144,9154,3445.216,4414.5448,0.46,seg_small_optA_r560_acc16_lr1e4
TOSTADA-G_009_jpg.rf.506f019d1e54427e5f81510789439725.jpg,TP,32,11,0.64234,7076,10387,3412.4228,5009.1628,0.46,seg_small_optA_r560_acc16_lr1e4
TOSTADA-G_009_jpg.rf.506f019d1e54427e5f81510789439725.jpg,FP,39,-1,0.0,0,7976,0.0,3846.4506,0.46,seg_small_optA_r560_acc16_lr1e4
TOSTADA-G_009_jpg.rf.506f019d1e54427e5f81510789439725.jpg,FN,-1,8,0.0,4178,0,2014.8534,0.0,0.46,seg_small_optA_r560_acc16_lr1e4
TOSTADA-G_009_jpg.rf.506f019d1e54427e5f81510789439725.jpg,FN,-1,12,0.0,3533,0,1703.8002,0.0,0.46,seg_small_optA_r560_acc16_lr1e4
TOSTADA-G_009_jpg.rf.506f019d1e54427e5f81510789439725.jpg,FN,-1,15,0.0,2526,0,1218.1713,0.0,0.46,seg_small_optA_r560_acc16_lr1e4
