Image,Match_Type,AI_Index,GT_Index,IoU,GT_Area_px,AI_Area_px,GT_Area_um2,AI_Area_um2,Conf,Half_Mode,Tag
ROSILHA-M-B_003_jpg.rf.863a24cebe30a134937348de5cbcaa87.jpg,TP,2,8,0.942796,11645,12129,5615.8372,5849.2477,0.46,False,baseline
ROSILHA-M-B_003_jpg.rf.863a24cebe30a134937348de5cbcaa87.jpg,TP,10,0,0.934322,13076,13136,6305.9414,6334.8765,0.46,False,baseline
ROSILHA-M-B_003_jpg.rf.863a24cebe30a134937348de5cbcaa87.jpg,TP,3,5,0.931149,16242,16771,7832.7546,8087.8665,0.46,False,baseline
ROSILHA-M-B_003_jpg.rf.863a24cebe30a134937348de5cbcaa87.jpg,TP,12,16,0.929371,7047,7267,3398.4375,3504.5332,0.46,False,baseline
ROSILHA-M-B_003_jpg.rf.863a24cebe30a134937348de5cbcaa87.jpg,TP,1,9,0.915615,5363,5715,2586.3233,2756.0764,0.46,False,baseline
ROSILHA-M-B_003_jpg.rf.863a24cebe30a134937348de5cbcaa87.jpg,TP,0,19,0.899746,34119,32431,16453.9931,15639.9498,0.46,False,baseline
ROSILHA-M-B_003_jpg.rf.863a24cebe30a134937348de5cbcaa87.jpg,TP,7,12,0.898861,4943,5064,2383.777,2442.1296,0.46,False,baseline
ROSILHA-M-B_003_jpg.rf.863a24cebe30a134937348de5cbcaa87.jpg,TP,4,15,0.893303,1621,1715,781.7323,827.064,0.46,False,baseline
ROSILHA-M-B_003_jpg.rf.863a24cebe30a134937348de5cbcaa87.jpg,TP,17,11,0.892991,27873,29708,13441.8403,14326.7747,0.46,False,baseline
ROSILHA-M-B_003_jpg.rf.863a24cebe30a134937348de5cbcaa87.jpg,TP,5,1,0.887464,2822,3065,1360.9182,1478.1057,0.46,False,baseline
ROSILHA-M-B_003_jpg.rf.863a24cebe30a134937348de5cbcaa87.jpg,TP,6,10,0.878534,3976,4329,1917.4383,2087.6736,0.46,False,baseline
ROSILHA-M-B_003_jpg.rf.863a24cebe30a134937348de5cbcaa87.jpg,TP,15,18,0.862997,5112,5889,2465.2778,2839.9884,0.46,False,baseline
ROSILHA-M-B_003_jpg.rf.863a24cebe30a134937348de5cbcaa87.jpg,TP,14,17,0.840208,15095,13857,7279.6103,6682.581,0.46,False,baseline
ROSILHA-M-B_003_jpg.rf.863a24cebe30a134937348de5cbcaa87.jpg,TP,8,6,0.821133,15321,13065,7388.5995,6300.6366,0.46,False,baseline
ROSILHA-M-B_003_jpg.rf.863a24cebe30a134937348de5cbcaa87.jpg,TP,13,7,0.782689,887,1049,427.7585,505.8835,0.46,False,baseline
ROSILHA-M-B_003_jpg.rf.863a24cebe30a134937348de5cbcaa87.jpg,TP,16,13,0.667544,2117,2949,1020.9298,1422.1644,0.46,False,baseline
ROSILHA-M-B_003_jpg.rf.863a24cebe30a134937348de5cbcaa87.jpg,FP,9,-1,0.0,0,3155,0.0,1521.5085,0.46,False,baseline
ROSILHA-M-B_003_jpg.rf.863a24cebe30a134937348de5cbcaa87.jpg,FP,11,-1,0.0,0,2222,0.0,1071.5664,0.46,False,baseline
ROSILHA-M-B_003_jpg.rf.863a24cebe30a134937348de5cbcaa87.jpg,FP,18,-1,0.0,0,13315,0.0,6421.1998,0.46,False,baseline
ROSILHA-M-B_003_jpg.rf.863a24cebe30a134937348de5cbcaa87.jpg,FP,19,-1,0.0,0,3507,0.0,1691.2616,0.46,False,baseline
ROSILHA-M-B_003_jpg.rf.863a24cebe30a134937348de5cbcaa87.jpg,FN,-1,2,0.0,7715,0,3720.5826,0.0,0.46,False,baseline
ROSILHA-M-B_003_jpg.rf.863a24cebe30a134937348de5cbcaa87.jpg,FN,-1,3,0.0,5602,0,2701.5818,0.0,0.46,False,baseline
ROSILHA-M-B_003_jpg.rf.863a24cebe30a134937348de5cbcaa87.jpg,FN,-1,4,0.0,3825,0,1844.6181,0.0,0.46,False,baseline
ROSILHA-M-B_003_jpg.rf.863a24cebe30a134937348de5cbcaa87.jpg,FN,-1,14,0.0,616,0,297.0679,0.0,0.46,False,baseline
ROSILHA-M-B_009_jpg.rf.d2aa8881a0b4f54b4bdb89392b953e71.jpg,TP,2,24,0.94491,2432,2440,1172.8395,1176.6975,0.46,False,baseline
ROSILHA-M-B_009_jpg.rf.d2aa8881a0b4f54b4bdb89392b953e71.jpg,TP,19,35,0.937287,9352,9399,4510.0309,4532.6968,0.46,False,baseline
ROSILHA-M-B_009_jpg.rf.d2aa8881a0b4f54b4bdb89392b953e71.jpg,TP,3,38,0.93493,2954,3023,1424.5756,1457.8511,0.46,False,baseline
ROSILHA-M-B_009_jpg.rf.d2aa8881a0b4f54b4bdb89392b953e71.jpg,TP,1,17,0.934472,9951,10094,4798.9005,4867.8627,0.46,False,baseline
ROSILHA-M-B_009_jpg.rf.d2aa8881a0b4f54b4bdb89392b953e71.jpg,TP,14,1,0.933737,4694,4878,2263.696,2352.4306,0.46,False,baseline
ROSILHA-M-B_009_jpg.rf.d2aa8881a0b4f54b4bdb89392b953e71.jpg,TP,0,21,0.926465,5017,5174,2419.4637,2495.1775,0.46,False,baseline
ROSILHA-M-B_009_jpg.rf.d2aa8881a0b4f54b4bdb89392b953e71.jpg,TP,41,12,0.925065,2974,2986,1434.2207,1440.0077,0.46,False,baseline
ROSILHA-M-B_009_jpg.rf.d2aa8881a0b4f54b4bdb89392b953e71.jpg,TP,9,37,0.921668,2839,2828,1369.1165,1363.8117,0.46,False,baseline
ROSILHA-M-B_009_jpg.rf.d2aa8881a0b4f54b4bdb89392b953e71.jpg,TP,11,0,0.921451,4401,4601,2122.3958,2218.8465,0.46,False,baseline
ROSILHA-M-B_009_jpg.rf.d2aa8881a0b4f54b4bdb89392b953e71.jpg,TP,7,23,0.918394,6477,6758,3123.5532,3259.0664,0.46,False,baseline
ROSILHA-M-B_009_jpg.rf.d2aa8881a0b4f54b4bdb89392b953e71.jpg,TP,15,14,0.917731,1829,1924,882.0409,927.8549,0.46,False,baseline
ROSILHA-M-B_009_jpg.rf.d2aa8881a0b4f54b4bdb89392b953e71.jpg,TP,17,6,0.915333,3990,4267,1924.1898,2057.7739,0.46,False,baseline
ROSILHA-M-B_009_jpg.rf.d2aa8881a0b4f54b4bdb89392b953e71.jpg,TP,10,32,0.915246,3993,3984,1925.6366,1921.2963,0.46,False,baseline
ROSILHA-M-B_009_jpg.rf.d2aa8881a0b4f54b4bdb89392b953e71.jpg,TP,31,26,0.905329,6976,7253,3364.1975,3497.7816,0.46,False,baseline
ROSILHA-M-B_009_jpg.rf.d2aa8881a0b4f54b4bdb89392b953e71.jpg,TP,24,43,0.903742,3013,2940,1453.0285,1417.8241,0.46,False,baseline
ROSILHA-M-B_009_jpg.rf.d2aa8881a0b4f54b4bdb89392b953e71.jpg,TP,6,28,0.902564,4227,4306,2038.4838,2076.5818,0.46,False,baseline
ROSILHA-M-B_009_jpg.rf.d2aa8881a0b4f54b4bdb89392b953e71.jpg,TP,40,10,0.902482,5404,5326,2606.0957,2568.4799,0.46,False,baseline
ROSILHA-M-B_009_jpg.rf.d2aa8881a0b4f54b4bdb89392b953e71.jpg,TP,5,33,0.901136,3553,3812,1713.4452,1838.3488,0.46,False,baseline
ROSILHA-M-B_009_jpg.rf.d2aa8881a0b4f54b4bdb89392b953e71.jpg,TP,18,34,0.899214,3460,3550,1668.5957,1711.9985,0.46,False,baseline
ROSILHA-M-B_009_jpg.rf.d2aa8881a0b4f54b4bdb89392b953e71.jpg,TP,16,5,0.894109,2397,2522,1155.9606,1216.2423,0.46,False,baseline
ROSILHA-M-B_009_jpg.rf.d2aa8881a0b4f54b4bdb89392b953e71.jpg,TP,34,39,0.892043,2198,2201,1059.9923,1061.439,0.46,False,baseline
ROSILHA-M-B_009_jpg.rf.d2aa8881a0b4f54b4bdb89392b953e71.jpg,TP,23,7,0.890305,3076,3300,1483.4105,1591.4352,0.46,False,baseline
ROSILHA-M-B_009_jpg.rf.d2aa8881a0b4f54b4bdb89392b953e71.jpg,TP,28,8,0.889959,7137,7187,3441.8403,3465.9529,0.46,False,baseline
ROSILHA-M-B_009_jpg.rf.d2aa8881a0b4f54b4bdb89392b953e71.jpg,TP,4,36,0.887461,2059,2201,992.9591,1061.439,0.46,False,baseline
ROSILHA-M-B_009_jpg.rf.d2aa8881a0b4f54b4bdb89392b953e71.jpg,TP,20,2,0.88111,2107,2165,1016.1073,1044.0779,0.46,False,baseline
ROSILHA-M-B_009_jpg.rf.d2aa8881a0b4f54b4bdb89392b953e71.jpg,TP,8,11,0.869269,1949,2169,939.9113,1046.0069,0.46,False,baseline
ROSILHA-M-B_009_jpg.rf.d2aa8881a0b4f54b4bdb89392b953e71.jpg,TP,22,29,0.864751,1310,1351,631.7515,651.5239,0.46,False,baseline
ROSILHA-M-B_009_jpg.rf.d2aa8881a0b4f54b4bdb89392b953e71.jpg,TP,13,20,0.862824,2108,2061,1016.5895,993.9236,0.46,False,baseline
ROSILHA-M-B_009_jpg.rf.d2aa8881a0b4f54b4bdb89392b953e71.jpg,TP,12,19,0.858403,2028,2185,978.0093,1053.723,0.46,False,baseline
ROSILHA-M-B_009_jpg.rf.d2aa8881a0b4f54b4bdb89392b953e71.jpg,TP,21,22,0.85392,2614,2399,1260.6096,1156.9252,0.46,False,baseline
ROSILHA-M-B_009_jpg.rf.d2aa8881a0b4f54b4bdb89392b953e71.jpg,TP,37,27,0.849686,13200,14192,6365.7407,6844.1358,0.46,False,baseline
ROSILHA-M-B_009_jpg.rf.d2aa8881a0b4f54b4bdb89392b953e71.jpg,TP,27,15,0.83387,2682,3014,1293.4028,1453.5108,0.46,False,baseline
ROSILHA-M-B_009_jpg.rf.d2aa8881a0b4f54b4bdb89392b953e71.jpg,TP,25,30,0.830655,2272,2398,1095.679,1156.4429,0.46,False,baseline
ROSILHA-M-B_009_jpg.rf.d2aa8881a0b4f54b4bdb89392b953e71.jpg,TP,35,31,0.819188,452,534,217.9784,257.5231,0.46,False,baseline
ROSILHA-M-B_009_jpg.rf.d2aa8881a0b4f54b4bdb89392b953e71.jpg,TP,36,3,0.790929,775,844,373.7461,407.0216,0.46,False,baseline
ROSILHA-M-B_009_jpg.rf.d2aa8881a0b4f54b4bdb89392b953e71.jpg,TP,26,4,0.789298,1024,1116,493.8272,538.1944,0.46,False,baseline
ROSILHA-M-B_009_jpg.rf.d2aa8881a0b4f54b4bdb89392b953e71.jpg,TP,32,25,0.755474,274,207,132.1373,99.8264,0.46,False,baseline
ROSILHA-M-B_009_jpg.rf.d2aa8881a0b4f54b4bdb89392b953e71.jpg,TP,33,18,0.680672,228,172,109.9537,82.9475,0.46,False,baseline
ROSILHA-M-B_009_jpg.rf.d2aa8881a0b4f54b4bdb89392b953e71.jpg,TP,29,42,0.507155,13153,24660,6343.0748,11892.3611,0.46,False,baseline
ROSILHA-M-B_009_jpg.rf.d2aa8881a0b4f54b4bdb89392b953e71.jpg,FP,30,-1,0.0,0,1957,0.0,943.7693,0.46,False,baseline
ROSILHA-M-B_009_jpg.rf.d2aa8881a0b4f54b4bdb89392b953e71.jpg,FP,38,-1,0.0,0,258,0.0,124.4213,0.46,False,baseline
ROSILHA-M-B_009_jpg.rf.d2aa8881a0b4f54b4bdb89392b953e71.jpg,FP,39,-1,0.0,0,8630,0.0,4161.8441,0.46,False,baseline
ROSILHA-M-B_009_jpg.rf.d2aa8881a0b4f54b4bdb89392b953e71.jpg,FN,-1,9,0.0,3025,0,1458.8156,0.0,0.46,False,baseline
ROSILHA-M-B_009_jpg.rf.d2aa8881a0b4f54b4bdb89392b953e71.jpg,FN,-1,13,0.0,2823,0,1361.4005,0.0,0.46,False,baseline
ROSILHA-M-B_009_jpg.rf.d2aa8881a0b4f54b4bdb89392b953e71.jpg,FN,-1,16,0.0,11219,0,5410.3974,0.0,0.46,False,baseline
ROSILHA-M-B_009_jpg.rf.d2aa8881a0b4f54b4bdb89392b953e71.jpg,FN,-1,40,0.0,3631,0,1751.061,0.0,0.46,False,baseline
ROSILHA-M-B_009_jpg.rf.d2aa8881a0b4f54b4bdb89392b953e71.jpg,FN,-1,41,0.0,4386,0,2115.162,0.0,0.46,False,baseline
ROSILHA-M-D_006_jpg.rf.de71085683e9c7eb460be0f184fb31ac.jpg,TP,7,22,0.968198,1959,1940,944.7338,935.571,0.46,False,baseline
ROSILHA-M-D_006_jpg.rf.de71085683e9c7eb460be0f184fb31ac.jpg,TP,0,13,0.933621,3309,3420,1595.7755,1649.3056,0.46,False,baseline
ROSILHA-M-D_006_jpg.rf.de71085683e9c7eb460be0f184fb31ac.jpg,TP,11,25,0.933378,2847,2957,1372.9745,1426.0224,0.46,False,baseline
ROSILHA-M-D_006_jpg.rf.de71085683e9c7eb460be0f184fb31ac.jpg,TP,9,19,0.931291,5361,5545,2585.3588,2674.0934,0.46,False,baseline
ROSILHA-M-D_006_jpg.rf.de71085683e9c7eb460be0f184fb31ac.jpg,TP,1,2,0.930018,10513,11026,5069.9267,5317.3225,0.46,False,baseline
ROSILHA-M-D_006_jpg.rf.de71085683e9c7eb460be0f184fb31ac.jpg,TP,4,15,0.929838,7557,7791,3644.3866,3757.2338,0.46,False,baseline
ROSILHA-M-D_006_jpg.rf.de71085683e9c7eb460be0f184fb31ac.jpg,TP,25,5,0.928571,2820,2958,1359.9537,1426.5046,0.46,False,baseline
ROSILHA-M-D_006_jpg.rf.de71085683e9c7eb460be0f184fb31ac.jpg,TP,21,21,0.927944,8625,8285,4159.4329,3995.4668,0.46,False,baseline
ROSILHA-M-D_006_jpg.rf.de71085683e9c7eb460be0f184fb31ac.jpg,TP,31,8,0.926757,4118,4300,1985.9182,2073.6883,0.46,False,baseline
ROSILHA-M-D_006_jpg.rf.de71085683e9c7eb460be0f184fb31ac.jpg,TP,2,14,0.925752,2632,2685,1269.2901,1294.8495,0.46,False,baseline
ROSILHA-M-D_006_jpg.rf.de71085683e9c7eb460be0f184fb31ac.jpg,TP,24,20,0.924693,9845,10218,4747.7816,4927.662,0.46,False,baseline
ROSILHA-M-D_006_jpg.rf.de71085683e9c7eb460be0f184fb31ac.jpg,TP,3,18,0.920739,2995,3136,1444.348,1512.3457,0.46,False,baseline
ROSILHA-M-D_006_jpg.rf.de71085683e9c7eb460be0f184fb31ac.jpg,TP,5,7,0.918902,3104,3190,1496.9136,1538.3873,0.46,False,baseline
ROSILHA-M-D_006_jpg.rf.de71085683e9c7eb460be0f184fb31ac.jpg,TP,6,10,0.912325,4860,5086,2343.75,2452.7392,0.46,False,baseline
ROSILHA-M-D_006_jpg.rf.de71085683e9c7eb460be0f184fb31ac.jpg,TP,36,9,0.909178,2980,3011,1437.1142,1452.064,0.46,False,baseline
ROSILHA-M-D_006_jpg.rf.de71085683e9c7eb460be0f184fb31ac.jpg,TP,33,11,0.901013,5027,5478,2424.2863,2641.7824,0.46,False,baseline
ROSILHA-M-D_006_jpg.rf.de71085683e9c7eb460be0f184fb31ac.jpg,TP,20,26,0.899897,2652,2890,1278.9352,1393.7114,0.46,False,baseline
ROSILHA-M-D_006_jpg.rf.de71085683e9c7eb460be0f184fb31ac.jpg,TP,17,17,0.888415,5117,5511,2467.689,2657.6968,0.46,False,baseline
ROSILHA-M-D_006_jpg.rf.de71085683e9c7eb460be0f184fb31ac.jpg,TP,15,29,0.882615,1234,1300,595.1003,626.929,0.46,False,baseline
ROSILHA-M-D_006_jpg.rf.de71085683e9c7eb460be0f184fb31ac.jpg,TP,16,3,0.873939,1493,1599,720.0039,771.1227,0.46,False,baseline
ROSILHA-M-D_006_jpg.rf.de71085683e9c7eb460be0f184fb31ac.jpg,TP,10,27,0.871882,2163,2264,1043.1134,1091.821,0.46,False,baseline
ROSILHA-M-D_006_jpg.rf.de71085683e9c7eb460be0f184fb31ac.jpg,TP,13,0,0.870694,6002,6541,2894.483,3154.4174,0.46,False,baseline
ROSILHA-M-D_006_jpg.rf.de71085683e9c7eb460be0f184fb31ac.jpg,TP,12,6,0.868704,2154,2372,1038.7731,1143.9043,0.46,False,baseline
ROSILHA-M-D_006_jpg.rf.de71085683e9c7eb460be0f184fb31ac.jpg,TP,18,28,0.86413,1333,1411,642.8434,680.4591,0.46,False,baseline
ROSILHA-M-D_006_jpg.rf.de71085683e9c7eb460be0f184fb31ac.jpg,TP,19,16,0.834207,1430,1369,689.6219,660.2045,0.46,False,baseline
ROSILHA-M-D_006_jpg.rf.de71085683e9c7eb460be0f184fb31ac.jpg,TP,8,1,0.819197,17287,14971,8336.7091,7219.811,0.46,False,baseline
ROSILHA-M-D_006_jpg.rf.de71085683e9c7eb460be0f184fb31ac.jpg,TP,14,36,0.802606,1309,1458,631.2693,703.125,0.46,False,baseline
ROSILHA-M-D_006_jpg.rf.de71085683e9c7eb460be0f184fb31ac.jpg,TP,26,30,0.751351,150,174,72.338,83.912,0.46,False,baseline
ROSILHA-M-D_006_jpg.rf.de71085683e9c7eb460be0f184fb31ac.jpg,TP,28,37,0.706294,116,128,55.9414,61.7284,0.46,False,baseline
ROSILHA-M-D_006_jpg.rf.de71085683e9c7eb460be0f184fb31ac.jpg,TP,29,23,0.688442,172,164,82.9475,79.0895,0.46,False,baseline
ROSILHA-M-D_006_jpg.rf.de71085683e9c7eb460be0f184fb31ac.jpg,TP,37,34,0.672727,317,327,152.8742,157.6968,0.46,False,baseline
ROSILHA-M-D_006_jpg.rf.de71085683e9c7eb460be0f184fb31ac.jpg,TP,32,24,0.645691,3546,2469,1710.0694,1190.6829,0.46,False,baseline
ROSILHA-M-D_006_jpg.rf.de71085683e9c7eb460be0f184fb31ac.jpg,TP,22,38,0.625724,1179,1627,568.5764,784.6258,0.46,False,baseline
ROSILHA-M-D_006_jpg.rf.de71085683e9c7eb460be0f184fb31ac.jpg,FP,23,-1,0.0,0,174,0.0,83.912,0.46,False,baseline
ROSILHA-M-D_006_jpg.rf.de71085683e9c7eb460be0f184fb31ac.jpg,FP,27,-1,0.0,0,15465,0.0,7458.044,0.46,False,baseline
ROSILHA-M-D_006_jpg.rf.de71085683e9c7eb460be0f184fb31ac.jpg,FP,30,-1,0.0,0,232,0.0,111.8827,0.46,False,baseline
ROSILHA-M-D_006_jpg.rf.de71085683e9c7eb460be0f184fb31ac.jpg,FP,34,-1,0.0,0,4919,0.0,2372.2029,0.46,False,baseline
ROSILHA-M-D_006_jpg.rf.de71085683e9c7eb460be0f184fb31ac.jpg,FP,35,-1,0.0,0,142,0.0,68.4799,0.46,False,baseline
ROSILHA-M-D_006_jpg.rf.de71085683e9c7eb460be0f184fb31ac.jpg,FP,38,-1,0.0,0,909,0.0,438.3681,0.46,False,baseline
ROSILHA-M-D_006_jpg.rf.de71085683e9c7eb460be0f184fb31ac.jpg,FN,-1,4,0.0,2867,0,1382.6196,0.0,0.46,False,baseline
ROSILHA-M-D_006_jpg.rf.de71085683e9c7eb460be0f184fb31ac.jpg,FN,-1,12,0.0,3722,0,1794.946,0.0,0.46,False,baseline
ROSILHA-M-D_006_jpg.rf.de71085683e9c7eb460be0f184fb31ac.jpg,FN,-1,31,0.0,200,0,96.4506,0.0,0.46,False,baseline
ROSILHA-M-D_006_jpg.rf.de71085683e9c7eb460be0f184fb31ac.jpg,FN,-1,32,0.0,30,0,14.4676,0.0,0.46,False,baseline
ROSILHA-M-D_006_jpg.rf.de71085683e9c7eb460be0f184fb31ac.jpg,FN,-1,33,0.0,312,0,150.463,0.0,0.46,False,baseline
ROSILHA-M-D_006_jpg.rf.de71085683e9c7eb460be0f184fb31ac.jpg,FN,-1,35,0.0,33,0,15.9144,0.0,0.46,False,baseline
ROSILHA-M-D_009_jpg.rf.b52035c8fe5fd87e1eed76dc4bbe6a14.jpg,TP,7,16,0.964361,13442,13511,6482.446,6515.7215,0.46,False,baseline
ROSILHA-M-D_009_jpg.rf.b52035c8fe5fd87e1eed76dc4bbe6a14.jpg,TP,3,9,0.962277,14003,13983,6752.99,6743.3449,0.46,False,baseline
ROSILHA-M-D_009_jpg.rf.b52035c8fe5fd87e1eed76dc4bbe6a14.jpg,TP,11,5,0.956366,20371,20564,9823.9776,9917.0525,0.46,False,baseline
ROSILHA-M-D_009_jpg.rf.b52035c8fe5fd87e1eed76dc4bbe6a14.jpg,TP,1,11,0.956287,12548,12782,6051.3117,6164.159,0.46,False,baseline
ROSILHA-M-D_009_jpg.rf.b52035c8fe5fd87e1eed76dc4bbe6a14.jpg,TP,10,8,0.955347,3327,3329,1604.456,1605.4205,0.46,False,baseline
ROSILHA-M-D_009_jpg.rf.b52035c8fe5fd87e1eed76dc4bbe6a14.jpg,TP,5,20,0.955053,17036,17109,8215.6636,8250.8681,0.46,False,baseline
ROSILHA-M-D_009_jpg.rf.b52035c8fe5fd87e1eed76dc4bbe6a14.jpg,TP,21,3,0.949311,14231,14188,6862.9437,6842.2068,0.46,False,baseline
ROSILHA-M-D_009_jpg.rf.b52035c8fe5fd87e1eed76dc4bbe6a14.jpg,TP,13,18,0.947407,7944,7830,3831.0185,3776.0417,0.46,False,baseline
ROSILHA-M-D_009_jpg.rf.b52035c8fe5fd87e1eed76dc4bbe6a14.jpg,TP,15,23,0.940567,32761,31301,15799.0934,15095.0039,0.46,False,baseline
ROSILHA-M-D_009_jpg.rf.b52035c8fe5fd87e1eed76dc4bbe6a14.jpg,TP,2,10,0.938464,5127,5174,2472.5116,2495.1775,0.46,False,baseline
ROSILHA-M-D_009_jpg.rf.b52035c8fe5fd87e1eed76dc4bbe6a14.jpg,TP,0,19,0.937707,7271,7380,3506.4622,3559.0278,0.46,False,baseline
ROSILHA-M-D_009_jpg.rf.b52035c8fe5fd87e1eed76dc4bbe6a14.jpg,TP,12,13,0.936435,3378,3324,1629.0509,1603.0093,0.46,False,baseline
ROSILHA-M-D_009_jpg.rf.b52035c8fe5fd87e1eed76dc4bbe6a14.jpg,TP,9,12,0.936384,8550,8587,4123.2639,4141.1073,0.46,False,baseline
ROSILHA-M-D_009_jpg.rf.b52035c8fe5fd87e1eed76dc4bbe6a14.jpg,TP,8,4,0.93225,5639,5541,2719.4252,2672.1644,0.46,False,baseline
ROSILHA-M-D_009_jpg.rf.b52035c8fe5fd87e1eed76dc4bbe6a14.jpg,TP,17,0,0.930927,6498,6557,3133.6806,3162.1335,0.46,False,baseline
ROSILHA-M-D_009_jpg.rf.b52035c8fe5fd87e1eed76dc4bbe6a14.jpg,TP,19,22,0.928808,3240,3154,1562.5,1521.0262,0.46,False,baseline
ROSILHA-M-D_009_jpg.rf.b52035c8fe5fd87e1eed76dc4bbe6a14.jpg,TP,6,6,0.927613,2050,1971,988.6188,950.5208,0.46,False,baseline
ROSILHA-M-D_009_jpg.rf.b52035c8fe5fd87e1eed76dc4bbe6a14.jpg,TP,16,1,0.906298,3754,3753,1810.3781,1809.8958,0.46,False,baseline
ROSILHA-M-D_009_jpg.rf.b52035c8fe5fd87e1eed76dc4bbe6a14.jpg,TP,18,25,0.897382,3548,3626,1711.034,1748.6497,0.46,False,baseline
ROSILHA-M-D_009_jpg.rf.b52035c8fe5fd87e1eed76dc4bbe6a14.jpg,TP,14,24,0.891988,2117,2157,1020.9298,1040.2199,0.46,False,baseline
ROSILHA-M-D_009_jpg.rf.b52035c8fe5fd87e1eed76dc4bbe6a14.jpg,TP,4,7,0.890557,2841,2825,1370.081,1362.365,0.46,False,baseline
ROSILHA-M-D_009_jpg.rf.b52035c8fe5fd87e1eed76dc4bbe6a14.jpg,TP,20,17,0.85614,268,261,129.2438,125.8681,0.46,False,baseline
ROSILHA-M-D_009_jpg.rf.b52035c8fe5fd87e1eed76dc4bbe6a14.jpg,TP,23,14,0.851116,2191,2372,1056.6165,1143.9043,0.46,False,baseline
ROSILHA-M-D_009_jpg.rf.b52035c8fe5fd87e1eed76dc4bbe6a14.jpg,TP,22,2,0.850034,2637,2828,1271.7014,1363.8117,0.46,False,baseline
ROSILHA-M-D_009_jpg.rf.b52035c8fe5fd87e1eed76dc4bbe6a14.jpg,TP,24,15,0.774648,186,192,89.6991,92.5926,0.46,False,baseline
ROSILHA-M-D_009_jpg.rf.b52035c8fe5fd87e1eed76dc4bbe6a14.jpg,FN,-1,21,0.0,4411,0,2127.2184,0.0,0.46,False,baseline
ROSILHA-M-G_001_jpg.rf.3dab74a9f6c203f6aca8afc07a353bd2.jpg,TP,2,10,0.952853,6925,6868,3339.6026,3312.1142,0.46,False,baseline
ROSILHA-M-G_001_jpg.rf.3dab74a9f6c203f6aca8afc07a353bd2.jpg,TP,0,8,0.943308,5388,5444,2598.3796,2625.3858,0.46,False,baseline
ROSILHA-M-G_001_jpg.rf.3dab74a9f6c203f6aca8afc07a353bd2.jpg,TP,4,9,0.941678,6107,6411,2945.1196,3091.7245,0.46,False,baseline
ROSILHA-M-G_001_jpg.rf.3dab74a9f6c203f6aca8afc07a353bd2.jpg,TP,17,14,0.939978,7963,7939,3840.1813,3828.6073,0.46,False,baseline
ROSILHA-M-G_001_jpg.rf.3dab74a9f6c203f6aca8afc07a353bd2.jpg,TP,7,6,0.923702,6132,6172,2957.1759,2976.466,0.46,False,baseline
ROSILHA-M-G_001_jpg.rf.3dab74a9f6c203f6aca8afc07a353bd2.jpg,TP,9,7,0.914817,2656,2694,1280.8642,1299.1898,0.46,False,baseline
ROSILHA-M-G_001_jpg.rf.3dab74a9f6c203f6aca8afc07a353bd2.jpg,TP,11,4,0.912817,5004,4891,2413.1944,2358.6998,0.46,False,baseline
ROSILHA-M-G_001_jpg.rf.3dab74a9f6c203f6aca8afc07a353bd2.jpg,TP,3,13,0.91084,3995,4149,1926.6011,2000.8681,0.46,False,baseline
ROSILHA-M-G_001_jpg.rf.3dab74a9f6c203f6aca8afc07a353bd2.jpg,TP,1,0,0.907934,3156,3289,1521.9907,1586.1304,0.46,False,baseline
ROSILHA-M-G_001_jpg.rf.3dab74a9f6c203f6aca8afc07a353bd2.jpg,TP,5,11,0.906593,2209,2302,1065.2971,1110.1466,0.46,False,baseline
ROSILHA-M-G_001_jpg.rf.3dab74a9f6c203f6aca8afc07a353bd2.jpg,TP,8,3,0.900724,6119,6479,2950.9066,3124.5177,0.46,False,baseline
ROSILHA-M-G_001_jpg.rf.3dab74a9f6c203f6aca8afc07a353bd2.jpg,TP,6,5,0.892788,2876,2950,1386.9599,1422.6466,0.46,False,baseline
ROSILHA-M-G_001_jpg.rf.3dab74a9f6c203f6aca8afc07a353bd2.jpg,TP,10,12,0.874464,1483,1578,715.1813,760.9954,0.46,False,baseline
ROSILHA-M-G_001_jpg.rf.3dab74a9f6c203f6aca8afc07a353bd2.jpg,TP,12,1,0.869325,1507,1540,726.7554,742.6698,0.46,False,baseline
ROSILHA-M-G_001_jpg.rf.3dab74a9f6c203f6aca8afc07a353bd2.jpg,TP,13,17,0.807095,451,364,217.4961,175.5401,0.46,False,baseline
ROSILHA-M-G_001_jpg.rf.3dab74a9f6c203f6aca8afc07a353bd2.jpg,TP,14,16,0.794632,830,708,400.2701,341.4352,0.46,False,baseline
ROSILHA-M-G_001_jpg.rf.3dab74a9f6c203f6aca8afc07a353bd2.jpg,TP,19,15,0.743189,2738,2061,1320.409,993.9236,0.46,False,baseline
ROSILHA-M-G_001_jpg.rf.3dab74a9f6c203f6aca8afc07a353bd2.jpg,TP,16,2,0.711684,559,569,269.5795,274.402,0.46,False,baseline
ROSILHA-M-G_001_jpg.rf.3dab74a9f6c203f6aca8afc07a353bd2.jpg,FP,15,-1,0.0,0,230,0.0,110.9182,0.46,False,baseline
ROSILHA-M-G_001_jpg.rf.3dab74a9f6c203f6aca8afc07a353bd2.jpg,FP,18,-1,0.0,0,5503,0.0,2653.8387,0.46,False,baseline
ROSILHA-M-G_005_jpg.rf.afae2fb85329c0fe56679d51ca1c64fd.jpg,TP,10,11,0.938329,23056,22958,11118.8272,11071.5664,0.46,False,baseline
ROSILHA-M-G_005_jpg.rf.afae2fb85329c0fe56679d51ca1c64fd.jpg,TP,0,2,0.920315,6501,6440,3135.1273,3105.7099,0.46,False,baseline
ROSILHA-M-G_005_jpg.rf.afae2fb85329c0fe56679d51ca1c64fd.jpg,TP,6,10,0.918728,7305,7663,3522.8588,3695.5054,0.46,False,baseline
ROSILHA-M-G_005_jpg.rf.afae2fb85329c0fe56679d51ca1c64fd.jpg,TP,1,0,0.904943,718,785,346.2577,378.5687,0.46,False,baseline
ROSILHA-M-G_005_jpg.rf.afae2fb85329c0fe56679d51ca1c64fd.jpg,TP,7,7,0.903407,5044,5124,2432.4846,2471.0648,0.46,False,baseline
ROSILHA-M-G_005_jpg.rf.afae2fb85329c0fe56679d51ca1c64fd.jpg,TP,3,1,0.881726,14291,15540,6891.8789,7494.213,0.46,False,baseline
ROSILHA-M-G_005_jpg.rf.afae2fb85329c0fe56679d51ca1c64fd.jpg,TP,8,3,0.857843,194,185,93.5571,89.2168,0.46,False,baseline
ROSILHA-M-G_005_jpg.rf.afae2fb85329c0fe56679d51ca1c64fd.jpg,TP,9,9,0.832776,8005,8446,3860.436,4073.1096,0.46,False,baseline
ROSILHA-M-G_005_jpg.rf.afae2fb85329c0fe56679d51ca1c64fd.jpg,TP,4,4,0.827848,36652,41048,17675.5401,19795.5247,0.46,False,baseline
ROSILHA-M-G_005_jpg.rf.afae2fb85329c0fe56679d51ca1c64fd.jpg,TP,2,6,0.727564,22146,29059,10679.9769,14013.7924,0.46,False,baseline
ROSILHA-M-G_005_jpg.rf.afae2fb85329c0fe56679d51ca1c64fd.jpg,FP,5,-1,0.0,0,211,0.0,101.7554,0.46,False,baseline
ROSILHA-M-G_005_jpg.rf.afae2fb85329c0fe56679d51ca1c64fd.jpg,FP,11,-1,0.0,0,173,0.0,83.4298,0.46,False,baseline
ROSILHA-M-G_005_jpg.rf.afae2fb85329c0fe56679d51ca1c64fd.jpg,FP,12,-1,0.0,0,65291,0.0,31486.7863,0.46,False,baseline
ROSILHA-M-G_005_jpg.rf.afae2fb85329c0fe56679d51ca1c64fd.jpg,FN,-1,5,0.0,14099,0,6799.2863,0.0,0.46,False,baseline
ROSILHA-M-G_005_jpg.rf.afae2fb85329c0fe56679d51ca1c64fd.jpg,FN,-1,8,0.0,14572,0,7027.392,0.0,0.46,False,baseline
ROSILHA-M-G_005_jpg.rf.afae2fb85329c0fe56679d51ca1c64fd.jpg,FN,-1,12,0.0,6834,0,3295.7176,0.0,0.46,False,baseline
ROSILHA-M-G_017_jpg.rf.85fc7b8a7b63a2cbb64907a1c82d5d51.jpg,TP,0,16,0.9474,4793,4870,2311.439,2348.5725,0.46,False,baseline
ROSILHA-M-G_017_jpg.rf.85fc7b8a7b63a2cbb64907a1c82d5d51.jpg,TP,1,14,0.939137,3628,3700,1749.6142,1784.3364,0.46,False,baseline
ROSILHA-M-G_017_jpg.rf.85fc7b8a7b63a2cbb64907a1c82d5d51.jpg,TP,16,12,0.935118,4162,4368,2007.1373,2106.4815,0.46,False,baseline
ROSILHA-M-G_017_jpg.rf.85fc7b8a7b63a2cbb64907a1c82d5d51.jpg,TP,6,1,0.929452,5049,5125,2434.8958,2471.5471,0.46,False,baseline
ROSILHA-M-G_017_jpg.rf.85fc7b8a7b63a2cbb64907a1c82d5d51.jpg,TP,7,2,0.921339,6749,7027,3254.7261,3388.7924,0.46,False,baseline
ROSILHA-M-G_017_jpg.rf.85fc7b8a7b63a2cbb64907a1c82d5d51.jpg,TP,2,9,0.920643,5666,5806,2732.446,2799.9614,0.46,False,baseline
ROSILHA-M-G_017_jpg.rf.85fc7b8a7b63a2cbb64907a1c82d5d51.jpg,TP,9,7,0.916459,2635,2756,1270.7369,1329.0895,0.46,False,baseline
ROSILHA-M-G_017_jpg.rf.85fc7b8a7b63a2cbb64907a1c82d5d51.jpg,TP,5,10,0.907731,1860,1965,896.9907,947.6273,0.46,False,baseline
ROSILHA-M-G_017_jpg.rf.85fc7b8a7b63a2cbb64907a1c82d5d51.jpg,TP,3,0,0.90417,2501,2705,1206.115,1304.4946,0.46,False,baseline
ROSILHA-M-G_017_jpg.rf.85fc7b8a7b63a2cbb64907a1c82d5d51.jpg,TP,10,15,0.903948,1578,1653,760.9954,797.1644,0.46,False,baseline
ROSILHA-M-G_017_jpg.rf.85fc7b8a7b63a2cbb64907a1c82d5d51.jpg,TP,4,8,0.90302,2770,2901,1335.841,1399.0162,0.46,False,baseline
ROSILHA-M-G_017_jpg.rf.85fc7b8a7b63a2cbb64907a1c82d5d51.jpg,TP,8,6,0.89611,1859,1992,896.5085,960.6481,0.46,False,baseline
ROSILHA-M-G_017_jpg.rf.85fc7b8a7b63a2cbb64907a1c82d5d51.jpg,TP,14,3,0.887976,2118,2247,1021.412,1083.6227,0.46,False,baseline
ROSILHA-M-G_017_jpg.rf.85fc7b8a7b63a2cbb64907a1c82d5d51.jpg,TP,12,4,0.88559,3495,3427,1685.4745,1652.6813,0.46,False,baseline
ROSILHA-M-G_017_jpg.rf.85fc7b8a7b63a2cbb64907a1c82d5d51.jpg,TP,11,5,0.776445,766,863,369.4059,416.1844,0.46,False,baseline
ROSILHA-M-G_017_jpg.rf.85fc7b8a7b63a2cbb64907a1c82d5d51.jpg,FP,13,-1,0.0,0,218,0.0,105.1312,0.46,False,baseline
ROSILHA-M-G_017_jpg.rf.85fc7b8a7b63a2cbb64907a1c82d5d51.jpg,FP,15,-1,0.0,0,499,0.0,240.6443,0.46,False,baseline
ROSILHA-M-G_017_jpg.rf.85fc7b8a7b63a2cbb64907a1c82d5d51.jpg,FN,-1,11,0.0,7031,0,3390.7215,0.0,0.46,False,baseline
ROSILHA-M-G_017_jpg.rf.85fc7b8a7b63a2cbb64907a1c82d5d51.jpg,FN,-1,13,0.0,3966,0,1912.6157,0.0,0.46,False,baseline
TORDILHA-B_009_jpg.rf.5902113a7929ec9592dc2b09471de461.jpg,TP,43,33,0.934479,9757,10172,4705.3434,4905.4784,0.46,False,baseline
TORDILHA-B_009_jpg.rf.5902113a7929ec9592dc2b09471de461.jpg,TP,12,4,0.928537,1966,2055,948.1096,991.0301,0.46,False,baseline
TORDILHA-B_009_jpg.rf.5902113a7929ec9592dc2b09471de461.jpg,TP,1,36,0.922345,5492,5821,2648.534,2807.1952,0.46,False,baseline
TORDILHA-B_009_jpg.rf.5902113a7929ec9592dc2b09471de461.jpg,TP,10,21,0.918327,1854,1998,894.0972,963.5417,0.46,False,baseline
TORDILHA-B_009_jpg.rf.5902113a7929ec9592dc2b09471de461.jpg,TP,46,41,0.917874,400,394,192.9012,190.0077,0.46,False,baseline
TORDILHA-B_009_jpg.rf.5902113a7929ec9592dc2b09471de461.jpg,TP,2,38,0.917457,4084,4209,1969.5216,2029.8032,0.46,False,baseline
TORDILHA-B_009_jpg.rf.5902113a7929ec9592dc2b09471de461.jpg,TP,3,26,0.911803,2091,2266,1008.3912,1092.7855,0.46,False,baseline
TORDILHA-B_009_jpg.rf.5902113a7929ec9592dc2b09471de461.jpg,TP,11,24,0.911635,2548,2644,1228.7809,1275.0772,0.46,False,baseline
TORDILHA-B_009_jpg.rf.5902113a7929ec9592dc2b09471de461.jpg,TP,15,37,0.908673,5944,6094,2866.5123,2938.8503,0.46,False,baseline
TORDILHA-B_009_jpg.rf.5902113a7929ec9592dc2b09471de461.jpg,TP,28,28,0.907744,1379,1454,665.027,701.196,0.46,False,baseline
TORDILHA-B_009_jpg.rf.5902113a7929ec9592dc2b09471de461.jpg,TP,4,3,0.904152,1795,1920,865.6443,925.9259,0.46,False,baseline
TORDILHA-B_009_jpg.rf.5902113a7929ec9592dc2b09471de461.jpg,TP,24,9,0.902868,3096,3075,1493.0556,1482.9282,0.46,False,baseline
TORDILHA-B_009_jpg.rf.5902113a7929ec9592dc2b09471de461.jpg,TP,19,10,0.899191,1485,1567,716.1458,755.6906,0.46,False,baseline
TORDILHA-B_009_jpg.rf.5902113a7929ec9592dc2b09471de461.jpg,TP,7,22,0.898305,1694,1778,816.9367,857.446,0.46,False,baseline
TORDILHA-B_009_jpg.rf.5902113a7929ec9592dc2b09471de461.jpg,TP,0,25,0.893979,1447,1447,697.8202,697.8202,0.46,False,baseline
TORDILHA-B_009_jpg.rf.5902113a7929ec9592dc2b09471de461.jpg,TP,5,31,0.89204,2030,2106,978.9738,1015.625,0.46,False,baseline
TORDILHA-B_009_jpg.rf.5902113a7929ec9592dc2b09471de461.jpg,TP,6,7,0.890909,2339,2445,1127.99,1179.1088,0.46,False,baseline
TORDILHA-B_009_jpg.rf.5902113a7929ec9592dc2b09471de461.jpg,TP,8,23,0.889962,2663,2816,1284.24,1358.0247,0.46,False,baseline
TORDILHA-B_009_jpg.rf.5902113a7929ec9592dc2b09471de461.jpg,TP,40,30,0.888692,3687,3779,1778.0671,1822.4344,0.46,False,baseline
TORDILHA-B_009_jpg.rf.5902113a7929ec9592dc2b09471de461.jpg,TP,33,45,0.886537,1576,1633,760.0309,787.5193,0.46,False,baseline
TORDILHA-B_009_jpg.rf.5902113a7929ec9592dc2b09471de461.jpg,TP,9,8,0.885797,1589,1664,766.3002,802.4691,0.46,False,baseline
TORDILHA-B_009_jpg.rf.5902113a7929ec9592dc2b09471de461.jpg,TP,29,39,0.88381,2683,2716,1293.885,1309.7994,0.46,False,baseline
TORDILHA-B_009_jpg.rf.5902113a7929ec9592dc2b09471de461.jpg,TP,13,35,0.878763,2181,2313,1051.794,1115.4514,0.46,False,baseline
TORDILHA-B_009_jpg.rf.5902113a7929ec9592dc2b09471de461.jpg,TP,27,32,0.878639,2586,2770,1247.1065,1335.841,0.46,False,baseline
TORDILHA-B_009_jpg.rf.5902113a7929ec9592dc2b09471de461.jpg,TP,21,17,0.877633,2030,2159,978.9738,1041.1844,0.46,False,baseline
TORDILHA-B_009_jpg.rf.5902113a7929ec9592dc2b09471de461.jpg,TP,22,46,0.873037,1364,1498,657.7932,722.4151,0.46,False,baseline
TORDILHA-B_009_jpg.rf.5902113a7929ec9592dc2b09471de461.jpg,TP,23,40,0.87125,737,760,355.4205,366.5123,0.46,False,baseline
TORDILHA-B_009_jpg.rf.5902113a7929ec9592dc2b09471de461.jpg,TP,14,1,0.870472,1631,1777,786.5548,856.9637,0.46,False,baseline
TORDILHA-B_009_jpg.rf.5902113a7929ec9592dc2b09471de461.jpg,TP,20,29,0.867865,864,903,416.6667,435.4745,0.46,False,baseline
TORDILHA-B_009_jpg.rf.5902113a7929ec9592dc2b09471de461.jpg,TP,26,47,0.863148,2880,3192,1388.8889,1539.3519,0.46,False,baseline
TORDILHA-B_009_jpg.rf.5902113a7929ec9592dc2b09471de461.jpg,TP,18,16,0.857042,1238,1399,597.0293,674.6721,0.46,False,baseline
TORDILHA-B_009_jpg.rf.5902113a7929ec9592dc2b09471de461.jpg,TP,17,34,0.852851,1460,1562,704.0895,753.2793,0.46,False,baseline
TORDILHA-B_009_jpg.rf.5902113a7929ec9592dc2b09471de461.jpg,TP,16,6,0.852352,1906,2071,919.1744,998.7461,0.46,False,baseline
TORDILHA-B_009_jpg.rf.5902113a7929ec9592dc2b09471de461.jpg,TP,39,19,0.83948,2428,2809,1170.9105,1354.6489,0.46,False,baseline
TORDILHA-B_009_jpg.rf.5902113a7929ec9592dc2b09471de461.jpg,TP,45,43,0.836317,1429,1443,689.1397,695.8912,0.46,False,baseline
TORDILHA-B_009_jpg.rf.5902113a7929ec9592dc2b09471de461.jpg,TP,25,27,0.828322,901,984,434.51,474.537,0.46,False,baseline
TORDILHA-B_009_jpg.rf.5902113a7929ec9592dc2b09471de461.jpg,TP,36,0,0.825731,2983,2821,1438.561,1360.436,0.46,False,baseline
TORDILHA-B_009_jpg.rf.5902113a7929ec9592dc2b09471de461.jpg,TP,32,18,0.82005,1666,1965,803.4336,947.6273,0.46,False,baseline
TORDILHA-B_009_jpg.rf.5902113a7929ec9592dc2b09471de461.jpg,TP,35,42,0.792627,213,176,102.7199,84.8765,0.46,False,baseline
TORDILHA-B_009_jpg.rf.5902113a7929ec9592dc2b09471de461.jpg,TP,34,2,0.779412,795,899,383.3912,433.5455,0.46,False,baseline
TORDILHA-B_009_jpg.rf.5902113a7929ec9592dc2b09471de461.jpg,TP,44,15,0.773585,164,212,79.0895,102.2377,0.46,False,baseline
TORDILHA-B_009_jpg.rf.5902113a7929ec9592dc2b09471de461.jpg,TP,31,44,0.736181,345,346,166.3773,166.8596,0.46,False,baseline
TORDILHA-B_009_jpg.rf.5902113a7929ec9592dc2b09471de461.jpg,TP,30,12,0.735726,511,553,246.4313,266.686,0.46,False,baseline
TORDILHA-B_009_jpg.rf.5902113a7929ec9592dc2b09471de461.jpg,TP,38,20,0.651293,5131,3748,2474.4406,1807.4846,0.46,False,baseline
TORDILHA-B_009_jpg.rf.5902113a7929ec9592dc2b09471de461.jpg,FP,37,-1,0.0,0,1555,0.0,749.9035,0.46,False,baseline
TORDILHA-B_009_jpg.rf.5902113a7929ec9592dc2b09471de461.jpg,FP,41,-1,0.0,0,2289,0.0,1103.8773,0.46,False,baseline
TORDILHA-B_009_jpg.rf.5902113a7929ec9592dc2b09471de461.jpg,FP,42,-1,0.0,0,2296,0.0,1107.2531,0.46,False,baseline
TORDILHA-B_009_jpg.rf.5902113a7929ec9592dc2b09471de461.jpg,FP,47,-1,0.0,0,2889,0.0,1393.2292,0.46,False,baseline
TORDILHA-B_009_jpg.rf.5902113a7929ec9592dc2b09471de461.jpg,FN,-1,5,0.0,4453,0,2147.473,0.0,0.46,False,baseline
TORDILHA-B_009_jpg.rf.5902113a7929ec9592dc2b09471de461.jpg,FN,-1,11,0.0,31,0,14.9498,0.0,0.46,False,baseline
TORDILHA-B_009_jpg.rf.5902113a7929ec9592dc2b09471de461.jpg,FN,-1,13,0.0,27,0,13.0208,0.0,0.46,False,baseline
TORDILHA-B_009_jpg.rf.5902113a7929ec9592dc2b09471de461.jpg,FN,-1,14,0.0,1667,0,803.9159,0.0,0.46,False,baseline
TORDILHA-B_010_jpg.rf.698124083a3806b10e86f6304c2b5ce1.jpg,TP,1,11,0.956749,12883,12905,6212.8665,6223.4761,0.46,False,baseline
TORDILHA-B_010_jpg.rf.698124083a3806b10e86f6304c2b5ce1.jpg,TP,5,26,0.955563,11384,11236,5489.9691,5418.5957,0.46,False,baseline
TORDILHA-B_010_jpg.rf.698124083a3806b10e86f6304c2b5ce1.jpg,TP,4,14,0.954359,12209,12541,5887.8279,6047.936,0.46,False,baseline
TORDILHA-B_010_jpg.rf.698124083a3806b10e86f6304c2b5ce1.jpg,TP,18,28,0.947869,7757,8011,3740.8372,3863.3295,0.46,False,baseline
TORDILHA-B_010_jpg.rf.698124083a3806b10e86f6304c2b5ce1.jpg,TP,3,10,0.937885,9985,10450,4815.2971,5039.5448,0.46,False,baseline
TORDILHA-B_010_jpg.rf.698124083a3806b10e86f6304c2b5ce1.jpg,TP,15,15,0.936885,1677,1668,808.7384,804.3981,0.46,False,baseline
TORDILHA-B_010_jpg.rf.698124083a3806b10e86f6304c2b5ce1.jpg,TP,12,18,0.936814,7214,7438,3478.9738,3586.9985,0.46,False,baseline
TORDILHA-B_010_jpg.rf.698124083a3806b10e86f6304c2b5ce1.jpg,TP,2,17,0.92965,2585,2654,1246.6242,1279.8997,0.46,False,baseline
TORDILHA-B_010_jpg.rf.698124083a3806b10e86f6304c2b5ce1.jpg,TP,28,24,0.924303,10981,11237,5295.6211,5419.0779,0.46,False,baseline
TORDILHA-B_010_jpg.rf.698124083a3806b10e86f6304c2b5ce1.jpg,TP,0,13,0.923918,4078,4014,1966.6281,1935.7639,0.46,False,baseline
TORDILHA-B_010_jpg.rf.698124083a3806b10e86f6304c2b5ce1.jpg,TP,30,9,0.922418,12426,12279,5992.4769,5921.5856,0.46,False,baseline
TORDILHA-B_010_jpg.rf.698124083a3806b10e86f6304c2b5ce1.jpg,TP,6,5,0.92154,3923,4061,1891.8789,1958.4298,0.46,False,baseline
TORDILHA-B_010_jpg.rf.698124083a3806b10e86f6304c2b5ce1.jpg,TP,11,4,0.919685,4813,4939,2321.0841,2381.848,0.46,False,baseline
TORDILHA-B_010_jpg.rf.698124083a3806b10e86f6304c2b5ce1.jpg,TP,13,7,0.898658,4048,4158,1952.1605,2005.2083,0.46,False,baseline
TORDILHA-B_010_jpg.rf.698124083a3806b10e86f6304c2b5ce1.jpg,TP,9,16,0.892619,6054,6460,2919.5602,3115.3549,0.46,False,baseline
TORDILHA-B_010_jpg.rf.698124083a3806b10e86f6304c2b5ce1.jpg,TP,14,0,0.891789,1737,1742,837.6736,840.0849,0.46,False,baseline
TORDILHA-B_010_jpg.rf.698124083a3806b10e86f6304c2b5ce1.jpg,TP,7,25,0.890124,2904,3048,1400.463,1469.9074,0.46,False,baseline
TORDILHA-B_010_jpg.rf.698124083a3806b10e86f6304c2b5ce1.jpg,TP,8,20,0.885459,3238,3297,1561.5355,1589.9884,0.46,False,baseline
TORDILHA-B_010_jpg.rf.698124083a3806b10e86f6304c2b5ce1.jpg,TP,23,30,0.884706,2059,1946,992.9591,938.4645,0.46,False,baseline
TORDILHA-B_010_jpg.rf.698124083a3806b10e86f6304c2b5ce1.jpg,TP,10,8,0.875569,1201,1271,579.186,612.9437,0.46,False,baseline
TORDILHA-B_010_jpg.rf.698124083a3806b10e86f6304c2b5ce1.jpg,TP,16,12,0.874771,1984,2103,956.7901,1014.1782,0.46,False,baseline
TORDILHA-B_010_jpg.rf.698124083a3806b10e86f6304c2b5ce1.jpg,TP,21,22,0.865279,857,846,413.2909,407.9861,0.46,False,baseline
TORDILHA-B_010_jpg.rf.698124083a3806b10e86f6304c2b5ce1.jpg,TP,19,3,0.863354,1283,1417,618.7307,683.3526,0.46,False,baseline
TORDILHA-B_010_jpg.rf.698124083a3806b10e86f6304c2b5ce1.jpg,TP,17,2,0.856147,2814,3044,1357.0602,1467.9784,0.46,False,baseline
TORDILHA-B_010_jpg.rf.698124083a3806b10e86f6304c2b5ce1.jpg,TP,20,1,0.833333,377,382,181.8094,184.2207,0.46,False,baseline
TORDILHA-B_010_jpg.rf.698124083a3806b10e86f6304c2b5ce1.jpg,TP,22,23,0.832453,1161,1267,559.8958,611.0147,0.46,False,baseline
TORDILHA-B_010_jpg.rf.698124083a3806b10e86f6304c2b5ce1.jpg,TP,26,29,0.720307,259,190,124.9035,91.6281,0.46,False,baseline
TORDILHA-B_010_jpg.rf.698124083a3806b10e86f6304c2b5ce1.jpg,TP,29,6,0.538097,8229,4771,3968.4606,2300.8295,0.46,False,baseline
TORDILHA-B_010_jpg.rf.698124083a3806b10e86f6304c2b5ce1.jpg,FP,24,-1,0.0,0,3666,0.0,1767.9398,0.46,False,baseline
TORDILHA-B_010_jpg.rf.698124083a3806b10e86f6304c2b5ce1.jpg,FP,25,-1,0.0,0,7963,0.0,3840.1813,0.46,False,baseline
TORDILHA-B_010_jpg.rf.698124083a3806b10e86f6304c2b5ce1.jpg,FP,27,-1,0.0,0,4604,0.0,2220.2932,0.46,False,baseline
TORDILHA-B_010_jpg.rf.698124083a3806b10e86f6304c2b5ce1.jpg,FN,-1,19,0.0,2614,0,1260.6096,0.0,0.46,False,baseline
TORDILHA-B_010_jpg.rf.698124083a3806b10e86f6304c2b5ce1.jpg,FN,-1,21,0.0,1059,0,510.706,0.0,0.46,False,baseline
TORDILHA-B_010_jpg.rf.698124083a3806b10e86f6304c2b5ce1.jpg,FN,-1,27,0.0,417,0,201.0995,0.0,0.46,False,baseline
TORDILHA-B_012_jpg.rf.0b5caafb1952d960be9aa54f5506bf96.jpg,TP,8,6,0.932397,2138,2264,1031.0571,1091.821,0.46,False,baseline
TORDILHA-B_012_jpg.rf.0b5caafb1952d960be9aa54f5506bf96.jpg,TP,0,20,0.928275,2491,2617,1201.2924,1262.0563,0.46,False,baseline
TORDILHA-B_012_jpg.rf.0b5caafb1952d960be9aa54f5506bf96.jpg,TP,4,12,0.927835,4357,4432,2101.1767,2137.3457,0.46,False,baseline
TORDILHA-B_012_jpg.rf.0b5caafb1952d960be9aa54f5506bf96.jpg,TP,24,9,0.925466,5166,5374,2491.3194,2591.6281,0.46,False,baseline
TORDILHA-B_012_jpg.rf.0b5caafb1952d960be9aa54f5506bf96.jpg,TP,15,15,0.925148,5412,5673,2609.9537,2735.8218,0.46,False,baseline
TORDILHA-B_012_jpg.rf.0b5caafb1952d960be9aa54f5506bf96.jpg,TP,5,26,0.925143,4257,4487,2052.9514,2163.8696,0.46,False,baseline
TORDILHA-B_012_jpg.rf.0b5caafb1952d960be9aa54f5506bf96.jpg,TP,21,31,0.924638,5232,5392,2523.1481,2600.3086,0.46,False,baseline
TORDILHA-B_012_jpg.rf.0b5caafb1952d960be9aa54f5506bf96.jpg,TP,25,30,0.923459,4528,4770,2183.642,2300.3472,0.46,False,baseline
TORDILHA-B_012_jpg.rf.0b5caafb1952d960be9aa54f5506bf96.jpg,TP,30,5,0.922793,2289,2393,1103.8773,1154.0316,0.46,False,baseline
TORDILHA-B_012_jpg.rf.0b5caafb1952d960be9aa54f5506bf96.jpg,TP,3,27,0.922369,5605,5885,2703.0285,2838.0594,0.46,False,baseline
TORDILHA-B_012_jpg.rf.0b5caafb1952d960be9aa54f5506bf96.jpg,TP,26,17,0.920372,10257,10821,4946.4699,5218.4606,0.46,False,baseline
TORDILHA-B_012_jpg.rf.0b5caafb1952d960be9aa54f5506bf96.jpg,TP,13,22,0.919069,1706,1756,822.7238,846.8364,0.46,False,baseline
TORDILHA-B_012_jpg.rf.0b5caafb1952d960be9aa54f5506bf96.jpg,TP,2,32,0.917316,3374,3513,1627.1219,1694.1551,0.46,False,baseline
TORDILHA-B_012_jpg.rf.0b5caafb1952d960be9aa54f5506bf96.jpg,TP,23,18,0.916088,3182,3166,1534.5293,1526.8133,0.46,False,baseline
TORDILHA-B_012_jpg.rf.0b5caafb1952d960be9aa54f5506bf96.jpg,TP,17,4,0.915839,3818,3899,1841.2423,1880.3048,0.46,False,baseline
TORDILHA-B_012_jpg.rf.0b5caafb1952d960be9aa54f5506bf96.jpg,TP,6,25,0.913103,2718,2874,1310.7639,1385.9954,0.46,False,baseline
TORDILHA-B_012_jpg.rf.0b5caafb1952d960be9aa54f5506bf96.jpg,TP,14,3,0.907351,3102,3177,1495.9491,1532.1181,0.46,False,baseline
TORDILHA-B_012_jpg.rf.0b5caafb1952d960be9aa54f5506bf96.jpg,TP,27,8,0.905408,4547,4578,2192.8048,2207.7546,0.46,False,baseline
TORDILHA-B_012_jpg.rf.0b5caafb1952d960be9aa54f5506bf96.jpg,TP,12,16,0.904405,1949,2115,939.9113,1019.9653,0.46,False,baseline
TORDILHA-B_012_jpg.rf.0b5caafb1952d960be9aa54f5506bf96.jpg,TP,34,21,0.900878,5111,5283,2464.7955,2547.7431,0.46,False,baseline
TORDILHA-B_012_jpg.rf.0b5caafb1952d960be9aa54f5506bf96.jpg,TP,32,10,0.897353,4307,4510,2077.064,2174.9614,0.46,False,baseline
TORDILHA-B_012_jpg.rf.0b5caafb1952d960be9aa54f5506bf96.jpg,TP,1,7,0.894712,2021,2064,974.6335,995.3704,0.46,False,baseline
TORDILHA-B_012_jpg.rf.0b5caafb1952d960be9aa54f5506bf96.jpg,TP,16,33,0.884615,549,529,264.7569,255.1119,0.46,False,baseline
TORDILHA-B_012_jpg.rf.0b5caafb1952d960be9aa54f5506bf96.jpg,TP,10,14,0.883767,1927,1914,929.3017,923.0324,0.46,False,baseline
TORDILHA-B_012_jpg.rf.0b5caafb1952d960be9aa54f5506bf96.jpg,TP,11,1,0.88056,2592,2651,1250.0,1278.4529,0.46,False,baseline
TORDILHA-B_012_jpg.rf.0b5caafb1952d960be9aa54f5506bf96.jpg,TP,7,24,0.878144,4420,4766,2131.5586,2298.4182,0.46,False,baseline
TORDILHA-B_012_jpg.rf.0b5caafb1952d960be9aa54f5506bf96.jpg,TP,9,19,0.873575,1757,1859,847.3187,896.5085,0.46,False,baseline
TORDILHA-B_012_jpg.rf.0b5caafb1952d960be9aa54f5506bf96.jpg,TP,22,29,0.857303,4666,5265,2250.1929,2539.0625,0.46,False,baseline
TORDILHA-B_012_jpg.rf.0b5caafb1952d960be9aa54f5506bf96.jpg,TP,35,39,0.851852,813,837,392.0718,403.6458,0.46,False,baseline
TORDILHA-B_012_jpg.rf.0b5caafb1952d960be9aa54f5506bf96.jpg,TP,20,34,0.85159,1058,1038,510.2238,500.5787,0.46,False,baseline
TORDILHA-B_012_jpg.rf.0b5caafb1952d960be9aa54f5506bf96.jpg,TP,19,2,0.842274,1122,1179,541.088,568.5764,0.46,False,baseline
TORDILHA-B_012_jpg.rf.0b5caafb1952d960be9aa54f5506bf96.jpg,TP,33,35,0.817391,295,332,142.2647,160.108,0.46,False,baseline
TORDILHA-B_012_jpg.rf.0b5caafb1952d960be9aa54f5506bf96.jpg,TP,39,40,0.811159,233,189,112.365,91.1458,0.46,False,baseline
TORDILHA-B_012_jpg.rf.0b5caafb1952d960be9aa54f5506bf96.jpg,TP,18,23,0.768116,1095,1345,528.0671,648.6304,0.46,False,baseline
TORDILHA-B_012_jpg.rf.0b5caafb1952d960be9aa54f5506bf96.jpg,TP,28,11,0.709302,223,218,107.5424,105.1312,0.46,False,baseline
TORDILHA-B_012_jpg.rf.0b5caafb1952d960be9aa54f5506bf96.jpg,TP,31,0,0.545509,9593,5757,4626.2539,2776.331,0.46,False,baseline
TORDILHA-B_012_jpg.rf.0b5caafb1952d960be9aa54f5506bf96.jpg,TP,29,28,0.544219,7891,4716,3805.4591,2274.3056,0.46,False,baseline
TORDILHA-B_012_jpg.rf.0b5caafb1952d960be9aa54f5506bf96.jpg,FP,36,-1,0.0,0,1881,0.0,907.1181,0.46,False,baseline
TORDILHA-B_012_jpg.rf.0b5caafb1952d960be9aa54f5506bf96.jpg,FP,37,-1,0.0,0,1014,0.0,489.0046,0.46,False,baseline
TORDILHA-B_012_jpg.rf.0b5caafb1952d960be9aa54f5506bf96.jpg,FP,38,-1,0.0,0,1689,0.0,814.5255,0.46,False,baseline
TORDILHA-B_012_jpg.rf.0b5caafb1952d960be9aa54f5506bf96.jpg,FN,-1,13,0.0,3016,0,1454.4753,0.0,0.46,False,baseline
TORDILHA-B_012_jpg.rf.0b5caafb1952d960be9aa54f5506bf96.jpg,FN,-1,36,0.0,145,0,69.9267,0.0,0.46,False,baseline
TORDILHA-B_012_jpg.rf.0b5caafb1952d960be9aa54f5506bf96.jpg,FN,-1,37,0.0,96,0,46.2963,0.0,0.46,False,baseline
TORDILHA-B_012_jpg.rf.0b5caafb1952d960be9aa54f5506bf96.jpg,FN,-1,38,0.0,2017,0,972.7045,0.0,0.46,False,baseline
TORDILHA-D_001_jpg.rf.36e39c15aad81283f9bcc0f8afcd649f.jpg,TP,8,2,0.941027,31397,31205,15141.3002,15048.7076,0.46,False,baseline
TORDILHA-D_001_jpg.rf.36e39c15aad81283f9bcc0f8afcd649f.jpg,TP,0,16,0.93941,7522,7522,3627.5077,3627.5077,0.46,False,baseline
TORDILHA-D_001_jpg.rf.36e39c15aad81283f9bcc0f8afcd649f.jpg,TP,13,18,0.926704,8714,8609,4202.3534,4151.7168,0.46,False,baseline
TORDILHA-D_001_jpg.rf.36e39c15aad81283f9bcc0f8afcd649f.jpg,TP,1,11,0.923131,5431,5577,2619.1165,2689.5255,0.46,False,baseline
TORDILHA-D_001_jpg.rf.36e39c15aad81283f9bcc0f8afcd649f.jpg,TP,2,7,0.915157,9972,9486,4809.0278,4574.6528,0.46,False,baseline
TORDILHA-D_001_jpg.rf.36e39c15aad81283f9bcc0f8afcd649f.jpg,TP,15,17,0.909363,3871,3797,1866.8017,1831.115,0.46,False,baseline
TORDILHA-D_001_jpg.rf.36e39c15aad81283f9bcc0f8afcd649f.jpg,TP,17,20,0.90631,1973,2015,951.4853,971.74,0.46,False,baseline
TORDILHA-D_001_jpg.rf.36e39c15aad81283f9bcc0f8afcd649f.jpg,TP,4,0,0.892689,48439,44422,23359.8573,21422.6466,0.46,False,baseline
TORDILHA-D_001_jpg.rf.36e39c15aad81283f9bcc0f8afcd649f.jpg,TP,3,9,0.879713,1051,1043,506.848,502.99,0.46,False,baseline
TORDILHA-D_001_jpg.rf.36e39c15aad81283f9bcc0f8afcd649f.jpg,TP,6,13,0.868434,1873,1791,903.26,863.7153,0.46,False,baseline
TORDILHA-D_001_jpg.rf.36e39c15aad81283f9bcc0f8afcd649f.jpg,TP,19,3,0.860098,7881,6957,3800.6366,3355.0347,0.46,False,baseline
TORDILHA-D_001_jpg.rf.36e39c15aad81283f9bcc0f8afcd649f.jpg,TP,7,21,0.858729,2030,2154,978.9738,1038.7731,0.46,False,baseline
TORDILHA-D_001_jpg.rf.36e39c15aad81283f9bcc0f8afcd649f.jpg,TP,20,1,0.855672,25282,22663,12192.3225,10929.3017,0.46,False,baseline
TORDILHA-D_001_jpg.rf.36e39c15aad81283f9bcc0f8afcd649f.jpg,TP,12,10,0.855191,1421,1295,685.2816,624.5177,0.46,False,baseline
TORDILHA-D_001_jpg.rf.36e39c15aad81283f9bcc0f8afcd649f.jpg,TP,18,6,0.849867,24325,20784,11730.8063,10023.1481,0.46,False,baseline
TORDILHA-D_001_jpg.rf.36e39c15aad81283f9bcc0f8afcd649f.jpg,TP,5,12,0.819733,6709,5980,3235.436,2883.8735,0.46,False,baseline
TORDILHA-D_001_jpg.rf.36e39c15aad81283f9bcc0f8afcd649f.jpg,TP,9,15,0.776565,7379,6130,3558.5455,2956.2114,0.46,False,baseline
TORDILHA-D_001_jpg.rf.36e39c15aad81283f9bcc0f8afcd649f.jpg,TP,14,22,0.764029,646,580,311.5355,279.7068,0.46,False,baseline
TORDILHA-D_001_jpg.rf.36e39c15aad81283f9bcc0f8afcd649f.jpg,TP,11,8,0.728543,417,449,201.0995,216.5316,0.46,False,baseline
TORDILHA-D_001_jpg.rf.36e39c15aad81283f9bcc0f8afcd649f.jpg,TP,10,14,0.530075,3113,1771,1501.2539,854.0702,0.46,False,baseline
TORDILHA-D_001_jpg.rf.36e39c15aad81283f9bcc0f8afcd649f.jpg,FP,16,-1,0.0,0,2182,0.0,1052.2762,0.46,False,baseline
TORDILHA-D_001_jpg.rf.36e39c15aad81283f9bcc0f8afcd649f.jpg,FN,-1,4,0.0,10308,0,4971.0648,0.0,0.46,False,baseline
TORDILHA-D_001_jpg.rf.36e39c15aad81283f9bcc0f8afcd649f.jpg,FN,-1,5,0.0,6181,0,2980.8063,0.0,0.46,False,baseline
TORDILHA-D_001_jpg.rf.36e39c15aad81283f9bcc0f8afcd649f.jpg,FN,-1,19,0.0,372,0,179.3981,0.0,0.46,False,baseline
TORDILHA-D_001_jpg.rf.36e39c15aad81283f9bcc0f8afcd649f.jpg,FN,-1,23,0.0,138,0,66.5509,0.0,0.46,False,baseline
TORDILHA-D_006_jpg.rf.d879d44ef1add0b327aa39f6650afc47.jpg,TP,0,5,0.953558,12907,12458,6224.4406,6007.909,0.46,False,baseline
TORDILHA-D_006_jpg.rf.d879d44ef1add0b327aa39f6650afc47.jpg,TP,25,15,0.949469,12277,11758,5920.6211,5670.3318,0.46,False,baseline
TORDILHA-D_006_jpg.rf.d879d44ef1add0b327aa39f6650afc47.jpg,TP,13,14,0.941941,3562,3462,1717.7855,1669.5602,0.46,False,baseline
TORDILHA-D_006_jpg.rf.d879d44ef1add0b327aa39f6650afc47.jpg,TP,2,7,0.934979,6859,6622,3307.7739,3193.4799,0.46,False,baseline
TORDILHA-D_006_jpg.rf.d879d44ef1add0b327aa39f6650afc47.jpg,TP,9,1,0.934904,6495,6316,3132.2338,3045.9105,0.46,False,baseline
TORDILHA-D_006_jpg.rf.d879d44ef1add0b327aa39f6650afc47.jpg,TP,1,9,0.926193,2828,2783,1363.8117,1342.1103,0.46,False,baseline
TORDILHA-D_006_jpg.rf.d879d44ef1add0b327aa39f6650afc47.jpg,TP,26,19,0.921231,3128,3116,1508.4877,1502.7006,0.46,False,baseline
TORDILHA-D_006_jpg.rf.d879d44ef1add0b327aa39f6650afc47.jpg,TP,10,20,0.918271,5331,5231,2570.8912,2522.6659,0.46,False,baseline
TORDILHA-D_006_jpg.rf.d879d44ef1add0b327aa39f6650afc47.jpg,TP,8,13,0.916408,13635,12959,6575.5208,6249.5177,0.46,False,baseline
TORDILHA-D_006_jpg.rf.d879d44ef1add0b327aa39f6650afc47.jpg,TP,6,11,0.916031,2289,2229,1103.8773,1074.9421,0.46,False,baseline
TORDILHA-D_006_jpg.rf.d879d44ef1add0b327aa39f6650afc47.jpg,TP,15,21,0.909753,1317,1307,635.1273,630.3048,0.46,False,baseline
TORDILHA-D_006_jpg.rf.d879d44ef1add0b327aa39f6650afc47.jpg,TP,4,0,0.906656,1192,1157,574.8457,557.9668,0.46,False,baseline
TORDILHA-D_006_jpg.rf.d879d44ef1add0b327aa39f6650afc47.jpg,TP,16,32,0.896785,10961,10099,5285.9761,4870.2739,0.46,False,baseline
TORDILHA-D_006_jpg.rf.d879d44ef1add0b327aa39f6650afc47.jpg,TP,3,12,0.888254,2737,2552,1319.9267,1230.7099,0.46,False,baseline
TORDILHA-D_006_jpg.rf.d879d44ef1add0b327aa39f6650afc47.jpg,TP,19,30,0.881535,1445,1398,696.8557,674.1898,0.46,False,baseline
TORDILHA-D_006_jpg.rf.d879d44ef1add0b327aa39f6650afc47.jpg,TP,7,10,0.880645,3766,3813,1816.1651,1838.831,0.46,False,baseline
TORDILHA-D_006_jpg.rf.d879d44ef1add0b327aa39f6650afc47.jpg,TP,21,17,0.879672,11804,10628,5692.5154,5125.3858,0.46,False,baseline
TORDILHA-D_006_jpg.rf.d879d44ef1add0b327aa39f6650afc47.jpg,TP,5,8,0.876351,1574,1552,759.0664,748.4568,0.46,False,baseline
TORDILHA-D_006_jpg.rf.d879d44ef1add0b327aa39f6650afc47.jpg,TP,11,3,0.875212,4060,3664,1957.9475,1766.9753,0.46,False,baseline
TORDILHA-D_006_jpg.rf.d879d44ef1add0b327aa39f6650afc47.jpg,TP,18,4,0.873976,1524,1450,734.9537,699.267,0.46,False,baseline
TORDILHA-D_006_jpg.rf.d879d44ef1add0b327aa39f6650afc47.jpg,TP,17,2,0.858923,2110,2067,1017.554,996.8171,0.46,False,baseline
TORDILHA-D_006_jpg.rf.d879d44ef1add0b327aa39f6650afc47.jpg,TP,14,28,0.837825,6350,5379,3062.3071,2594.0394,0.46,False,baseline
TORDILHA-D_006_jpg.rf.d879d44ef1add0b327aa39f6650afc47.jpg,TP,12,16,0.825459,3048,2516,1469.9074,1213.3488,0.46,False,baseline
TORDILHA-D_006_jpg.rf.d879d44ef1add0b327aa39f6650afc47.jpg,TP,22,31,0.576375,1448,874,698.3025,421.4892,0.46,False,baseline
TORDILHA-D_006_jpg.rf.d879d44ef1add0b327aa39f6650afc47.jpg,TP,20,26,0.568777,16139,9214,7783.0826,4443.4799,0.46,False,baseline
TORDILHA-D_006_jpg.rf.d879d44ef1add0b327aa39f6650afc47.jpg,FP,23,-1,0.0,0,4533,0.0,2186.0532,0.46,False,baseline
TORDILHA-D_006_jpg.rf.d879d44ef1add0b327aa39f6650afc47.jpg,FP,24,-1,0.0,0,2374,0.0,1144.8688,0.46,False,baseline
TORDILHA-D_006_jpg.rf.d879d44ef1add0b327aa39f6650afc47.jpg,FP,27,-1,0.0,0,8630,0.0,4161.8441,0.46,False,baseline
TORDILHA-D_006_jpg.rf.d879d44ef1add0b327aa39f6650afc47.jpg,FP,28,-1,0.0,0,6133,0.0,2957.6582,0.46,False,baseline
TORDILHA-D_006_jpg.rf.d879d44ef1add0b327aa39f6650afc47.jpg,FN,-1,6,0.0,53,0,25.5594,0.0,0.46,False,baseline
TORDILHA-D_006_jpg.rf.d879d44ef1add0b327aa39f6650afc47.jpg,FN,-1,18,0.0,24597,0,11861.9792,0.0,0.46,False,baseline
TORDILHA-D_006_jpg.rf.d879d44ef1add0b327aa39f6650afc47.jpg,FN,-1,22,0.0,7671,0,3699.3634,0.0,0.46,False,baseline
TORDILHA-D_006_jpg.rf.d879d44ef1add0b327aa39f6650afc47.jpg,FN,-1,23,0.0,42,0,20.2546,0.0,0.46,False,baseline
TORDILHA-D_006_jpg.rf.d879d44ef1add0b327aa39f6650afc47.jpg,FN,-1,24,0.0,87,0,41.956,0.0,0.46,False,baseline
TORDILHA-D_006_jpg.rf.d879d44ef1add0b327aa39f6650afc47.jpg,FN,-1,25,0.0,28,0,13.5031,0.0,0.46,False,baseline
TORDILHA-D_006_jpg.rf.d879d44ef1add0b327aa39f6650afc47.jpg,FN,-1,27,0.0,43,0,20.7369,0.0,0.46,False,baseline
TORDILHA-D_006_jpg.rf.d879d44ef1add0b327aa39f6650afc47.jpg,FN,-1,29,0.0,44,0,21.2191,0.0,0.46,False,baseline
TORDILHA-D_006_jpg.rf.d879d44ef1add0b327aa39f6650afc47.jpg,FN,-1,33,0.0,8759,0,4224.0548,0.0,0.46,False,baseline
TORDILHA-D_006_jpg.rf.d879d44ef1add0b327aa39f6650afc47.jpg,FN,-1,34,0.0,40901,0,19724.6335,0.0,0.46,False,baseline
TORDILHA-G_009_jpg.rf.b279af9f6892d54790621c0f5458daf3.jpg,TP,11,16,0.952393,3818,3810,1841.2423,1837.3843,0.46,False,baseline
TORDILHA-G_009_jpg.rf.b279af9f6892d54790621c0f5458daf3.jpg,TP,29,35,0.93666,6245,6291,3011.6705,3033.8542,0.46,False,baseline
TORDILHA-G_009_jpg.rf.b279af9f6892d54790621c0f5458daf3.jpg,TP,33,7,0.935169,3692,3830,1780.4784,1847.0293,0.46,False,baseline
TORDILHA-G_009_jpg.rf.b279af9f6892d54790621c0f5458daf3.jpg,TP,19,18,0.934381,3130,3149,1509.4522,1518.615,0.46,False,baseline
TORDILHA-G_009_jpg.rf.b279af9f6892d54790621c0f5458daf3.jpg,TP,10,3,0.928801,6056,5972,2920.5247,2880.0154,0.46,False,baseline
TORDILHA-G_009_jpg.rf.b279af9f6892d54790621c0f5458daf3.jpg,TP,16,12,0.928471,2028,2070,978.0093,998.2639,0.46,False,baseline
TORDILHA-G_009_jpg.rf.b279af9f6892d54790621c0f5458daf3.jpg,TP,24,4,0.927353,3487,3517,1681.6165,1696.0841,0.46,False,baseline
TORDILHA-G_009_jpg.rf.b279af9f6892d54790621c0f5458daf3.jpg,TP,23,15,0.92726,1374,1355,662.6157,653.4529,0.46,False,baseline
TORDILHA-G_009_jpg.rf.b279af9f6892d54790621c0f5458daf3.jpg,TP,7,10,0.926817,1850,1915,892.1682,923.5147,0.46,False,baseline
TORDILHA-G_009_jpg.rf.b279af9f6892d54790621c0f5458daf3.jpg,TP,4,11,0.926681,3908,4028,1884.6451,1942.5154,0.46,False,baseline
TORDILHA-G_009_jpg.rf.b279af9f6892d54790621c0f5458daf3.jpg,TP,3,28,0.923233,9466,9549,4565.0077,4605.0347,0.46,False,baseline
TORDILHA-G_009_jpg.rf.b279af9f6892d54790621c0f5458daf3.jpg,TP,6,36,0.921623,2046,2122,986.6898,1023.341,0.46,False,baseline
TORDILHA-G_009_jpg.rf.b279af9f6892d54790621c0f5458daf3.jpg,TP,1,20,0.921353,2086,2116,1005.9799,1020.4475,0.46,False,baseline
TORDILHA-G_009_jpg.rf.b279af9f6892d54790621c0f5458daf3.jpg,TP,21,19,0.91954,3399,3448,1639.1782,1662.8086,0.46,False,baseline
TORDILHA-G_009_jpg.rf.b279af9f6892d54790621c0f5458daf3.jpg,TP,15,1,0.919319,3071,3019,1480.9992,1455.9221,0.46,False,baseline
TORDILHA-G_009_jpg.rf.b279af9f6892d54790621c0f5458daf3.jpg,TP,14,22,0.916884,2193,2212,1057.581,1066.7438,0.46,False,baseline
TORDILHA-G_009_jpg.rf.b279af9f6892d54790621c0f5458daf3.jpg,TP,13,17,0.91084,1482,1497,714.6991,721.9329,0.46,False,baseline
TORDILHA-G_009_jpg.rf.b279af9f6892d54790621c0f5458daf3.jpg,TP,8,2,0.908343,3946,4174,1902.9707,2012.9244,0.46,False,baseline
TORDILHA-G_009_jpg.rf.b279af9f6892d54790621c0f5458daf3.jpg,TP,5,13,0.905978,3063,3059,1477.1412,1475.2122,0.46,False,baseline
TORDILHA-G_009_jpg.rf.b279af9f6892d54790621c0f5458daf3.jpg,TP,17,8,0.896069,8308,8768,4006.5586,4228.3951,0.46,False,baseline
TORDILHA-G_009_jpg.rf.b279af9f6892d54790621c0f5458daf3.jpg,TP,26,14,0.895518,6701,6706,3231.5779,3233.9892,0.46,False,baseline
TORDILHA-G_009_jpg.rf.b279af9f6892d54790621c0f5458daf3.jpg,TP,32,9,0.894602,2608,2587,1257.716,1247.5887,0.46,False,baseline
TORDILHA-G_009_jpg.rf.b279af9f6892d54790621c0f5458daf3.jpg,TP,31,33,0.882233,1345,1420,648.6304,684.7994,0.46,False,baseline
TORDILHA-G_009_jpg.rf.b279af9f6892d54790621c0f5458daf3.jpg,TP,9,21,0.87451,937,975,451.8711,470.1968,0.46,False,baseline
TORDILHA-G_009_jpg.rf.b279af9f6892d54790621c0f5458daf3.jpg,TP,2,29,0.872972,3032,3087,1462.1914,1488.7153,0.46,False,baseline
TORDILHA-G_009_jpg.rf.b279af9f6892d54790621c0f5458daf3.jpg,TP,0,32,0.87276,1515,1620,730.6134,781.25,0.46,False,baseline
TORDILHA-G_009_jpg.rf.b279af9f6892d54790621c0f5458daf3.jpg,TP,12,23,0.866204,1928,2103,929.784,1014.1782,0.46,False,baseline
TORDILHA-G_009_jpg.rf.b279af9f6892d54790621c0f5458daf3.jpg,TP,20,24,0.84933,1543,1771,744.1165,854.0702,0.46,False,baseline
TORDILHA-G_009_jpg.rf.b279af9f6892d54790621c0f5458daf3.jpg,TP,18,31,0.82468,16661,18517,8034.8187,8929.8804,0.46,False,baseline
TORDILHA-G_009_jpg.rf.b279af9f6892d54790621c0f5458daf3.jpg,TP,22,26,0.800217,815,843,393.0363,406.5394,0.46,False,baseline
TORDILHA-G_009_jpg.rf.b279af9f6892d54790621c0f5458daf3.jpg,TP,25,27,0.695679,11541,8039,5565.6829,3876.8326,0.46,False,baseline
TORDILHA-G_009_jpg.rf.b279af9f6892d54790621c0f5458daf3.jpg,TP,28,6,0.605301,5377,8008,2593.0748,3861.8827,0.46,False,baseline
TORDILHA-G_009_jpg.rf.b279af9f6892d54790621c0f5458daf3.jpg,FP,27,-1,0.0,0,7423,0.0,3579.7647,0.46,False,baseline
TORDILHA-G_009_jpg.rf.b279af9f6892d54790621c0f5458daf3.jpg,FP,30,-1,0.0,0,1233,0.0,594.6181,0.46,False,baseline
TORDILHA-G_009_jpg.rf.b279af9f6892d54790621c0f5458daf3.jpg,FN,-1,0,0.0,8492,0,4095.2932,0.0,0.46,False,baseline
TORDILHA-G_009_jpg.rf.b279af9f6892d54790621c0f5458daf3.jpg,FN,-1,5,0.0,2355,0,1135.706,0.0,0.46,False,baseline
TORDILHA-G_009_jpg.rf.b279af9f6892d54790621c0f5458daf3.jpg,FN,-1,25,0.0,3214,0,1549.9614,0.0,0.46,False,baseline
TORDILHA-G_009_jpg.rf.b279af9f6892d54790621c0f5458daf3.jpg,FN,-1,30,0.0,2225,0,1073.0131,0.0,0.46,False,baseline
TORDILHA-G_009_jpg.rf.b279af9f6892d54790621c0f5458daf3.jpg,FN,-1,34,0.0,3618,0,1744.7917,0.0,0.46,False,baseline
TOSTADA-B_003_jpg.rf.ef070508fe8cf028db79cd03961c37d8.jpg,TP,13,4,0.953768,3678,3633,1773.7269,1752.0255,0.46,False,baseline
TOSTADA-B_003_jpg.rf.ef070508fe8cf028db79cd03961c37d8.jpg,TP,0,2,0.939187,2499,2603,1205.1505,1255.3048,0.46,False,baseline
TOSTADA-B_003_jpg.rf.ef070508fe8cf028db79cd03961c37d8.jpg,TP,19,15,0.935196,7647,7941,3687.7894,3829.5718,0.46,False,baseline
TOSTADA-B_003_jpg.rf.ef070508fe8cf028db79cd03961c37d8.jpg,TP,2,9,0.928254,8594,8768,4144.483,4228.3951,0.46,False,baseline
TOSTADA-B_003_jpg.rf.ef070508fe8cf028db79cd03961c37d8.jpg,TP,9,22,0.928249,1931,1912,931.2307,922.0679,0.46,False,baseline
TOSTADA-B_003_jpg.rf.ef070508fe8cf028db79cd03961c37d8.jpg,TP,11,0,0.928246,4434,4461,2138.3102,2151.331,0.46,False,baseline
TOSTADA-B_003_jpg.rf.ef070508fe8cf028db79cd03961c37d8.jpg,TP,8,18,0.926537,7191,7285,3467.8819,3513.2137,0.46,False,baseline
TOSTADA-B_003_jpg.rf.ef070508fe8cf028db79cd03961c37d8.jpg,TP,3,23,0.924878,2700,2809,1302.0833,1354.6489,0.46,False,baseline
TOSTADA-B_003_jpg.rf.ef070508fe8cf028db79cd03961c37d8.jpg,TP,16,17,0.923576,14751,14899,7113.7153,7185.0887,0.46,False,baseline
TOSTADA-B_003_jpg.rf.ef070508fe8cf028db79cd03961c37d8.jpg,TP,14,20,0.923001,1975,1946,952.4498,938.4645,0.46,False,baseline
TOSTADA-B_003_jpg.rf.ef070508fe8cf028db79cd03961c37d8.jpg,TP,6,19,0.915603,1320,1381,636.5741,665.9915,0.46,False,baseline
TOSTADA-B_003_jpg.rf.ef070508fe8cf028db79cd03961c37d8.jpg,TP,4,3,0.913612,6326,6411,3050.733,3091.7245,0.46,False,baseline
TOSTADA-B_003_jpg.rf.ef070508fe8cf028db79cd03961c37d8.jpg,TP,22,21,0.908446,2837,2812,1368.152,1356.0957,0.46,False,baseline
TOSTADA-B_003_jpg.rf.ef070508fe8cf028db79cd03961c37d8.jpg,TP,1,10,0.907118,2462,2548,1187.3071,1228.7809,0.46,False,baseline
TOSTADA-B_003_jpg.rf.ef070508fe8cf028db79cd03961c37d8.jpg,TP,7,25,0.893851,1281,1306,617.7662,629.8225,0.46,False,baseline
TOSTADA-B_003_jpg.rf.ef070508fe8cf028db79cd03961c37d8.jpg,TP,10,5,0.873362,670,617,323.1096,297.5502,0.46,False,baseline
TOSTADA-B_003_jpg.rf.ef070508fe8cf028db79cd03961c37d8.jpg,TP,17,16,0.860906,7140,6707,3443.287,3234.4715,0.46,False,baseline
TOSTADA-B_003_jpg.rf.ef070508fe8cf028db79cd03961c37d8.jpg,TP,5,12,0.851,875,976,421.9715,470.679,0.46,False,baseline
TOSTADA-B_003_jpg.rf.ef070508fe8cf028db79cd03961c37d8.jpg,TP,21,1,0.836798,5401,5820,2604.6489,2806.713,0.46,False,baseline
TOSTADA-B_003_jpg.rf.ef070508fe8cf028db79cd03961c37d8.jpg,TP,23,7,0.810914,2976,3163,1435.1852,1525.3665,0.46,False,baseline
TOSTADA-B_003_jpg.rf.ef070508fe8cf028db79cd03961c37d8.jpg,TP,15,6,0.732919,279,279,134.5486,134.5486,0.46,False,baseline
TOSTADA-B_003_jpg.rf.ef070508fe8cf028db79cd03961c37d8.jpg,TP,18,24,0.578721,4317,2672,2081.8866,1288.5802,0.46,False,baseline
TOSTADA-B_003_jpg.rf.ef070508fe8cf028db79cd03961c37d8.jpg,FP,12,-1,0.0,0,1660,0.0,800.5401,0.46,False,baseline
TOSTADA-B_003_jpg.rf.ef070508fe8cf028db79cd03961c37d8.jpg,FP,20,-1,0.0,0,1910,0.0,921.1034,0.46,False,baseline
TOSTADA-B_003_jpg.rf.ef070508fe8cf028db79cd03961c37d8.jpg,FP,24,-1,0.0,0,4736,0.0,2283.9506,0.46,False,baseline
TOSTADA-B_003_jpg.rf.ef070508fe8cf028db79cd03961c37d8.jpg,FN,-1,8,0.0,210,0,101.2731,0.0,0.46,False,baseline
TOSTADA-B_003_jpg.rf.ef070508fe8cf028db79cd03961c37d8.jpg,FN,-1,11,0.0,9846,0,4748.2639,0.0,0.46,False,baseline
TOSTADA-B_003_jpg.rf.ef070508fe8cf028db79cd03961c37d8.jpg,FN,-1,13,0.0,908,0,437.8858,0.0,0.46,False,baseline
TOSTADA-B_003_jpg.rf.ef070508fe8cf028db79cd03961c37d8.jpg,FN,-1,14,0.0,5311,0,2561.2461,0.0,0.46,False,baseline
TOSTADA-B_006_jpg.rf.fd9a20fd791843647a700cdeb77e0cc3.jpg,TP,9,0,0.953336,10743,10773,5180.8449,5195.3125,0.46,False,baseline
TOSTADA-B_006_jpg.rf.fd9a20fd791843647a700cdeb77e0cc3.jpg,TP,8,5,0.949665,5909,6021,2849.6335,2903.6458,0.46,False,baseline
TOSTADA-B_006_jpg.rf.fd9a20fd791843647a700cdeb77e0cc3.jpg,TP,1,22,0.940417,2521,2592,1215.76,1250.0,0.46,False,baseline
TOSTADA-B_006_jpg.rf.fd9a20fd791843647a700cdeb77e0cc3.jpg,TP,2,1,0.934352,4924,4947,2374.6142,2385.706,0.46,False,baseline
TOSTADA-B_006_jpg.rf.fd9a20fd791843647a700cdeb77e0cc3.jpg,TP,18,8,0.932671,14514,14650,6999.4213,7065.0077,0.46,False,baseline
TOSTADA-B_006_jpg.rf.fd9a20fd791843647a700cdeb77e0cc3.jpg,TP,4,3,0.925836,3530,3611,1702.3534,1741.4159,0.46,False,baseline
TOSTADA-B_006_jpg.rf.fd9a20fd791843647a700cdeb77e0cc3.jpg,TP,6,4,0.920942,8768,8532,4228.3951,4114.5833,0.46,False,baseline
TOSTADA-B_006_jpg.rf.fd9a20fd791843647a700cdeb77e0cc3.jpg,TP,3,12,0.920646,2810,2781,1355.1312,1341.1458,0.46,False,baseline
TOSTADA-B_006_jpg.rf.fd9a20fd791843647a700cdeb77e0cc3.jpg,TP,10,9,0.919607,6920,6953,3337.1914,3353.1057,0.46,False,baseline
TOSTADA-B_006_jpg.rf.fd9a20fd791843647a700cdeb77e0cc3.jpg,TP,13,6,0.919525,4980,5205,2401.6204,2510.1273,0.46,False,baseline
TOSTADA-B_006_jpg.rf.fd9a20fd791843647a700cdeb77e0cc3.jpg,TP,0,23,0.908211,5419,5620,2613.3295,2710.2623,0.46,False,baseline
TOSTADA-B_006_jpg.rf.fd9a20fd791843647a700cdeb77e0cc3.jpg,TP,12,13,0.907652,1482,1410,714.6991,679.9769,0.46,False,baseline
TOSTADA-B_006_jpg.rf.fd9a20fd791843647a700cdeb77e0cc3.jpg,TP,11,15,0.906759,1941,1924,936.0532,927.8549,0.46,False,baseline
TOSTADA-B_006_jpg.rf.fd9a20fd791843647a700cdeb77e0cc3.jpg,TP,16,17,0.906166,740,682,356.8673,328.8966,0.46,False,baseline
TOSTADA-B_006_jpg.rf.fd9a20fd791843647a700cdeb77e0cc3.jpg,TP,7,11,0.905699,1421,1388,685.2816,669.3673,0.46,False,baseline
TOSTADA-B_006_jpg.rf.fd9a20fd791843647a700cdeb77e0cc3.jpg,TP,14,16,0.881965,1321,1246,637.0563,600.8873,0.46,False,baseline
TOSTADA-B_006_jpg.rf.fd9a20fd791843647a700cdeb77e0cc3.jpg,TP,5,14,0.865129,1071,1031,516.4931,497.2029,0.46,False,baseline
TOSTADA-B_006_jpg.rf.fd9a20fd791843647a700cdeb77e0cc3.jpg,TP,22,7,0.858331,6177,5668,2978.8773,2733.4105,0.46,False,baseline
TOSTADA-B_006_jpg.rf.fd9a20fd791843647a700cdeb77e0cc3.jpg,TP,15,2,0.852761,575,633,277.2955,305.2662,0.46,False,baseline
TOSTADA-B_006_jpg.rf.fd9a20fd791843647a700cdeb77e0cc3.jpg,TP,19,10,0.660332,2847,1958,1372.9745,944.2515,0.46,False,baseline
TOSTADA-B_006_jpg.rf.fd9a20fd791843647a700cdeb77e0cc3.jpg,FP,17,-1,0.0,0,1658,0.0,799.5756,0.46,False,baseline
TOSTADA-B_006_jpg.rf.fd9a20fd791843647a700cdeb77e0cc3.jpg,FP,20,-1,0.0,0,3989,0.0,1923.7076,0.46,False,baseline
TOSTADA-B_006_jpg.rf.fd9a20fd791843647a700cdeb77e0cc3.jpg,FP,21,-1,0.0,0,724,0.0,349.1512,0.46,False,baseline
TOSTADA-B_006_jpg.rf.fd9a20fd791843647a700cdeb77e0cc3.jpg,FN,-1,18,0.0,16913,0,8156.3465,0.0,0.46,False,baseline
TOSTADA-B_006_jpg.rf.fd9a20fd791843647a700cdeb77e0cc3.jpg,FN,-1,19,0.0,652,0,314.429,0.0,0.46,False,baseline
TOSTADA-B_006_jpg.rf.fd9a20fd791843647a700cdeb77e0cc3.jpg,FN,-1,20,0.0,6433,0,3102.3341,0.0,0.46,False,baseline
TOSTADA-B_006_jpg.rf.fd9a20fd791843647a700cdeb77e0cc3.jpg,FN,-1,21,0.0,7549,0,3640.5285,0.0,0.46,False,baseline
TOSTADA-G_009_jpg.rf.506f019d1e54427e5f81510789439725.jpg,TP,10,24,0.956462,1424,1407,686.7284,678.5301,0.46,False,baseline
TOSTADA-G_009_jpg.rf.506f019d1e54427e5f81510789439725.jpg,TP,11,16,0.942221,3285,3169,1584.2014,1528.26,0.46,False,baseline
TOSTADA-G_009_jpg.rf.506f019d1e54427e5f81510789439725.jpg,TP,1,31,0.939154,3593,3514,1732.7353,1694.6373,0.46,False,baseline
TOSTADA-G_009_jpg.rf.506f019d1e54427e5f81510789439725.jpg,TP,23,19,0.933192,5436,5531,2621.5278,2667.3418,0.46,False,baseline
TOSTADA-G_009_jpg.rf.506f019d1e54427e5f81510789439725.jpg,TP,31,6,0.93308,8009,7792,3862.365,3757.716,0.46,False,baseline
TOSTADA-G_009_jpg.rf.506f019d1e54427e5f81510789439725.jpg,TP,5,27,0.931394,7514,7491,3623.6497,3612.5579,0.46,False,baseline
TOSTADA-G_009_jpg.rf.506f019d1e54427e5f81510789439725.jpg,TP,0,33,0.931346,6702,6773,3232.0602,3266.3002,0.46,False,baseline
TOSTADA-G_009_jpg.rf.506f019d1e54427e5f81510789439725.jpg,TP,16,35,0.928711,2524,2400,1217.2068,1157.4074,0.46,False,baseline
TOSTADA-G_009_jpg.rf.506f019d1e54427e5f81510789439725.jpg,TP,32,5,0.9271,2324,2355,1120.7562,1135.706,0.46,False,baseline
TOSTADA-G_009_jpg.rf.506f019d1e54427e5f81510789439725.jpg,TP,18,17,0.925305,3119,3196,1504.1474,1541.2809,0.46,False,baseline
TOSTADA-G_009_jpg.rf.506f019d1e54427e5f81510789439725.jpg,TP,2,28,0.921605,2059,2059,992.9591,992.9591,0.46,False,baseline
TOSTADA-G_009_jpg.rf.506f019d1e54427e5f81510789439725.jpg,TP,8,37,0.918187,3293,3225,1588.0594,1555.2662,0.46,False,baseline
TOSTADA-G_009_jpg.rf.506f019d1e54427e5f81510789439725.jpg,TP,21,20,0.914317,1703,1760,821.277,848.7654,0.46,False,baseline
TOSTADA-G_009_jpg.rf.506f019d1e54427e5f81510789439725.jpg,TP,3,38,0.9105,4160,4101,2006.1728,1977.7199,0.46,False,baseline
TOSTADA-G_009_jpg.rf.506f019d1e54427e5f81510789439725.jpg,TP,4,26,0.909904,2761,2793,1331.5008,1346.9329,0.46,False,baseline
TOSTADA-G_009_jpg.rf.506f019d1e54427e5f81510789439725.jpg,TP,6,32,0.908793,2339,2328,1127.99,1122.6852,0.46,False,baseline
TOSTADA-G_009_jpg.rf.506f019d1e54427e5f81510789439725.jpg,TP,19,4,0.907961,2480,2433,1195.9877,1173.3218,0.46,False,baseline
TOSTADA-G_009_jpg.rf.506f019d1e54427e5f81510789439725.jpg,TP,9,36,0.907532,2631,2485,1268.8079,1198.3989,0.46,False,baseline
TOSTADA-G_009_jpg.rf.506f019d1e54427e5f81510789439725.jpg,TP,35,18,0.903524,2677,2887,1290.9915,1392.2647,0.46,False,baseline
TOSTADA-G_009_jpg.rf.506f019d1e54427e5f81510789439725.jpg,TP,26,39,0.896636,1540,1561,742.6698,752.7971,0.46,False,baseline
TOSTADA-G_009_jpg.rf.506f019d1e54427e5f81510789439725.jpg,TP,7,29,0.888337,1166,1117,562.3071,538.6767,0.46,False,baseline
TOSTADA-G_009_jpg.rf.506f019d1e54427e5f81510789439725.jpg,TP,14,30,0.877657,1597,1672,770.1582,806.3272,0.46,False,baseline
TOSTADA-G_009_jpg.rf.506f019d1e54427e5f81510789439725.jpg,TP,20,41,0.874513,1204,1201,580.6327,579.186,0.46,False,baseline
TOSTADA-G_009_jpg.rf.506f019d1e54427e5f81510789439725.jpg,TP,13,23,0.873372,1837,1758,885.8989,847.8009,0.46,False,baseline
TOSTADA-G_009_jpg.rf.506f019d1e54427e5f81510789439725.jpg,TP,12,40,0.872103,1094,1087,527.5849,524.2091,0.46,False,baseline
TOSTADA-G_009_jpg.rf.506f019d1e54427e5f81510789439725.jpg,TP,24,10,0.861193,12342,11096,5951.9676,5351.0802,0.46,False,baseline
TOSTADA-G_009_jpg.rf.506f019d1e54427e5f81510789439725.jpg,TP,17,25,0.860174,969,960,467.3032,462.963,0.46,False,baseline
TOSTADA-G_009_jpg.rf.506f019d1e54427e5f81510789439725.jpg,TP,29,13,0.852317,4214,4340,2032.2145,2092.9784,0.46,False,baseline
TOSTADA-G_009_jpg.rf.506f019d1e54427e5f81510789439725.jpg,TP,15,2,0.84283,12821,13795,6182.9668,6652.6813,0.46,False,baseline
TOSTADA-G_009_jpg.rf.506f019d1e54427e5f81510789439725.jpg,TP,25,0,0.832353,598,648,288.3873,312.5,0.46,False,baseline
TOSTADA-G_009_jpg.rf.506f019d1e54427e5f81510789439725.jpg,TP,36,3,0.811006,1668,1590,804.3981,766.7824,0.46,False,baseline
TOSTADA-G_009_jpg.rf.506f019d1e54427e5f81510789439725.jpg,TP,30,9,0.767224,9497,11434,4579.9576,5514.0818,0.46,False,baseline
TOSTADA-G_009_jpg.rf.506f019d1e54427e5f81510789439725.jpg,TP,27,21,0.750836,10345,13209,4988.9082,6370.081,0.46,False,baseline
TOSTADA-G_009_jpg.rf.506f019d1e54427e5f81510789439725.jpg,TP,33,1,0.731111,372,407,179.3981,196.277,0.46,False,baseline
TOSTADA-G_009_jpg.rf.506f019d1e54427e5f81510789439725.jpg,TP,22,14,0.722635,7144,9333,3445.216,4500.8681,0.46,False,baseline
TOSTADA-G_009_jpg.rf.506f019d1e54427e5f81510789439725.jpg,TP,28,7,0.721809,20870,21929,10064.6219,10575.3279,0.46,False,baseline
TOSTADA-G_009_jpg.rf.506f019d1e54427e5f81510789439725.jpg,TP,34,11,0.574203,7076,11731,3412.4228,5657.311,0.46,False,baseline
TOSTADA-G_009_jpg.rf.506f019d1e54427e5f81510789439725.jpg,FP,37,-1,0.0,0,9906,0.0,4777.1991,0.46,False,baseline
TOSTADA-G_009_jpg.rf.506f019d1e54427e5f81510789439725.jpg,FN,-1,8,0.0,4178,0,2014.8534,0.0,0.46,False,baseline
TOSTADA-G_009_jpg.rf.506f019d1e54427e5f81510789439725.jpg,FN,-1,12,0.0,3533,0,1703.8002,0.0,0.46,False,baseline
TOSTADA-G_009_jpg.rf.506f019d1e54427e5f81510789439725.jpg,FN,-1,15,0.0,2526,0,1218.1713,0.0,0.46,False,baseline
TOSTADA-G_009_jpg.rf.506f019d1e54427e5f81510789439725.jpg,FN,-1,22,0.0,2314,0,1115.9336,0.0,0.46,False,baseline
TOSTADA-G_009_jpg.rf.506f019d1e54427e5f81510789439725.jpg,FN,-1,34,0.0,3351,0,1616.0301,0.0,0.46,False,baseline
TOSTADA-G_011_jpg.rf.c0b219a9a6742c565eddfcdb51541b7d.jpg,TP,24,24,0.948701,7170,7151,3457.7546,3448.5918,0.46,False,baseline
TOSTADA-G_011_jpg.rf.c0b219a9a6742c565eddfcdb51541b7d.jpg,TP,1,12,0.942551,6091,6217,2937.4035,2998.1674,0.46,False,baseline
TOSTADA-G_011_jpg.rf.c0b219a9a6742c565eddfcdb51541b7d.jpg,TP,9,22,0.938398,11141,10980,5372.7816,5295.1389,0.46,False,baseline
TOSTADA-G_011_jpg.rf.c0b219a9a6742c565eddfcdb51541b7d.jpg,TP,0,19,0.936702,7302,7415,3521.412,3575.9066,0.46,False,baseline
TOSTADA-G_011_jpg.rf.c0b219a9a6742c565eddfcdb51541b7d.jpg,TP,7,21,0.928589,7940,8102,3829.0895,3907.2145,0.46,False,baseline
TOSTADA-G_011_jpg.rf.c0b219a9a6742c565eddfcdb51541b7d.jpg,TP,4,3,0.92671,2900,3015,1398.534,1453.9931,0.46,False,baseline
TOSTADA-G_011_jpg.rf.c0b219a9a6742c565eddfcdb51541b7d.jpg,TP,2,6,0.924584,8048,8157,3881.1728,3933.7384,0.46,False,baseline
TOSTADA-G_011_jpg.rf.c0b219a9a6742c565eddfcdb51541b7d.jpg,TP,6,1,0.924156,6489,6399,3129.3403,3085.9375,0.46,False,baseline
TOSTADA-G_011_jpg.rf.c0b219a9a6742c565eddfcdb51541b7d.jpg,TP,8,25,0.923749,10608,10736,5115.7407,5177.4691,0.46,False,baseline
TOSTADA-G_011_jpg.rf.c0b219a9a6742c565eddfcdb51541b7d.jpg,TP,5,18,0.923699,2773,2698,1337.2878,1301.1188,0.46,False,baseline
TOSTADA-G_011_jpg.rf.c0b219a9a6742c565eddfcdb51541b7d.jpg,TP,21,28,0.921269,850,785,409.9151,378.5687,0.46,False,baseline
TOSTADA-G_011_jpg.rf.c0b219a9a6742c565eddfcdb51541b7d.jpg,TP,10,20,0.916885,4373,4414,2108.8927,2128.6651,0.46,False,baseline
TOSTADA-G_011_jpg.rf.c0b219a9a6742c565eddfcdb51541b7d.jpg,TP,12,26,0.916816,5366,5349,2587.7701,2579.5718,0.46,False,baseline
TOSTADA-G_011_jpg.rf.c0b219a9a6742c565eddfcdb51541b7d.jpg,TP,15,11,0.915455,4668,4689,2251.1574,2261.2847,0.46,False,baseline
TOSTADA-G_011_jpg.rf.c0b219a9a6742c565eddfcdb51541b7d.jpg,TP,19,10,0.914881,12843,12893,6193.5764,6217.689,0.46,False,baseline
TOSTADA-G_011_jpg.rf.c0b219a9a6742c565eddfcdb51541b7d.jpg,TP,3,13,0.914549,2140,2229,1032.0216,1074.9421,0.46,False,baseline
TOSTADA-G_011_jpg.rf.c0b219a9a6742c565eddfcdb51541b7d.jpg,TP,13,15,0.913867,1114,1108,537.2299,534.3364,0.46,False,baseline
TOSTADA-G_011_jpg.rf.c0b219a9a6742c565eddfcdb51541b7d.jpg,TP,14,9,0.903933,1246,1271,600.8873,612.9437,0.46,False,baseline
TOSTADA-G_011_jpg.rf.c0b219a9a6742c565eddfcdb51541b7d.jpg,TP,22,16,0.884259,414,400,199.6528,192.9012,0.46,False,baseline
TOSTADA-G_011_jpg.rf.c0b219a9a6742c565eddfcdb51541b7d.jpg,TP,18,29,0.87973,731,660,352.527,318.287,0.46,False,baseline
TOSTADA-G_011_jpg.rf.c0b219a9a6742c565eddfcdb51541b7d.jpg,TP,16,4,0.877871,871,928,420.0424,447.5309,0.46,False,baseline
TOSTADA-G_011_jpg.rf.c0b219a9a6742c565eddfcdb51541b7d.jpg,TP,11,2,0.872946,834,876,402.1991,422.4537,0.46,False,baseline
TOSTADA-G_011_jpg.rf.c0b219a9a6742c565eddfcdb51541b7d.jpg,TP,20,0,0.864996,1141,1166,550.2508,562.3071,0.46,False,baseline
TOSTADA-G_011_jpg.rf.c0b219a9a6742c565eddfcdb51541b7d.jpg,TP,23,27,0.842365,1015,855,489.4869,412.3264,0.46,False,baseline
TOSTADA-G_011_jpg.rf.c0b219a9a6742c565eddfcdb51541b7d.jpg,TP,17,8,0.827262,735,820,354.456,395.4475,0.46,False,baseline
TOSTADA-G_011_jpg.rf.c0b219a9a6742c565eddfcdb51541b7d.jpg,TP,25,7,0.772152,216,204,104.1667,98.3796,0.46,False,baseline
TOSTADA-G_011_jpg.rf.c0b219a9a6742c565eddfcdb51541b7d.jpg,TP,30,14,0.644231,103,68,49.6721,32.7932,0.46,False,baseline
TOSTADA-G_011_jpg.rf.c0b219a9a6742c565eddfcdb51541b7d.jpg,TP,28,17,0.597975,20758,17750,10010.6096,8559.9923,0.46,False,baseline
TOSTADA-G_011_jpg.rf.c0b219a9a6742c565eddfcdb51541b7d.jpg,FP,26,-1,0.0,0,18812,0.0,9072.1451,0.46,False,baseline
TOSTADA-G_011_jpg.rf.c0b219a9a6742c565eddfcdb51541b7d.jpg,FP,27,-1,0.0,0,21905,0.0,10563.7539,0.46,False,baseline
TOSTADA-G_011_jpg.rf.c0b219a9a6742c565eddfcdb51541b7d.jpg,FP,29,-1,0.0,0,9748,0.0,4701.0031,0.46,False,baseline
TOSTADA-G_011_jpg.rf.c0b219a9a6742c565eddfcdb51541b7d.jpg,FN,-1,5,0.0,37764,0,18211.8056,0.0,0.46,False,baseline
TOSTADA-G_011_jpg.rf.c0b219a9a6742c565eddfcdb51541b7d.jpg,FN,-1,23,0.0,31,0,14.9498,0.0,0.46,False,baseline
TP-B_001_jpg.rf.476ac40460a2659ffbad7973abf99d86.jpg,TP,5,17,0.947392,4295,4367,2071.277,2105.9992,0.46,False,baseline
TP-B_001_jpg.rf.476ac40460a2659ffbad7973abf99d86.jpg,TP,16,25,0.930885,13339,13425,6432.7739,6474.2477,0.46,False,baseline
TP-B_001_jpg.rf.476ac40460a2659ffbad7973abf99d86.jpg,TP,12,12,0.927507,5669,5844,2733.8927,2818.287,0.46,False,baseline
TP-B_001_jpg.rf.476ac40460a2659ffbad7973abf99d86.jpg,TP,0,15,0.926854,5630,5750,2715.0849,2772.9552,0.46,False,baseline
TP-B_001_jpg.rf.476ac40460a2659ffbad7973abf99d86.jpg,TP,14,14,0.922048,1633,1671,787.5193,805.8449,0.46,False,baseline
TP-B_001_jpg.rf.476ac40460a2659ffbad7973abf99d86.jpg,TP,13,9,0.918886,6222,6387,3000.5787,3080.1505,0.46,False,baseline
TP-B_001_jpg.rf.476ac40460a2659ffbad7973abf99d86.jpg,TP,15,2,0.912815,2741,2722,1321.8557,1312.6929,0.46,False,baseline
TP-B_001_jpg.rf.476ac40460a2659ffbad7973abf99d86.jpg,TP,1,6,0.912782,1263,1281,609.0856,617.7662,0.46,False,baseline
TP-B_001_jpg.rf.476ac40460a2659ffbad7973abf99d86.jpg,TP,6,13,0.912105,4693,4879,2263.2137,2352.9128,0.46,False,baseline
TP-B_001_jpg.rf.476ac40460a2659ffbad7973abf99d86.jpg,TP,20,18,0.909025,2616,2651,1261.5741,1278.4529,0.46,False,baseline
TP-B_001_jpg.rf.476ac40460a2659ffbad7973abf99d86.jpg,TP,3,10,0.90311,3135,3229,1511.8634,1557.1952,0.46,False,baseline
TP-B_001_jpg.rf.476ac40460a2659ffbad7973abf99d86.jpg,TP,10,1,0.902244,1913,1901,922.5502,916.7631,0.46,False,baseline
TP-B_001_jpg.rf.476ac40460a2659ffbad7973abf99d86.jpg,TP,19,26,0.901895,1794,1618,865.162,780.2855,0.46,False,baseline
TP-B_001_jpg.rf.476ac40460a2659ffbad7973abf99d86.jpg,TP,4,7,0.899741,3250,3344,1567.3225,1612.6543,0.46,False,baseline
TP-B_001_jpg.rf.476ac40460a2659ffbad7973abf99d86.jpg,TP,7,4,0.895409,1987,2018,958.2369,973.1867,0.46,False,baseline
TP-B_001_jpg.rf.476ac40460a2659ffbad7973abf99d86.jpg,TP,17,8,0.892777,27366,29370,13197.338,14163.7731,0.46,False,baseline
TP-B_001_jpg.rf.476ac40460a2659ffbad7973abf99d86.jpg,TP,9,11,0.888026,3122,3201,1505.5941,1543.6921,0.46,False,baseline
TP-B_001_jpg.rf.476ac40460a2659ffbad7973abf99d86.jpg,TP,2,3,0.887654,1506,1552,726.2731,748.4568,0.46,False,baseline
TP-B_001_jpg.rf.476ac40460a2659ffbad7973abf99d86.jpg,TP,8,0,0.873148,4542,4687,2190.3935,2260.3202,0.46,False,baseline
TP-B_001_jpg.rf.476ac40460a2659ffbad7973abf99d86.jpg,TP,11,5,0.869399,977,984,471.1613,474.537,0.46,False,baseline
TP-B_001_jpg.rf.476ac40460a2659ffbad7973abf99d86.jpg,TP,18,23,0.865047,688,694,331.7901,334.6836,0.46,False,baseline
TP-B_001_jpg.rf.476ac40460a2659ffbad7973abf99d86.jpg,TP,27,22,0.821993,5685,5615,2741.6088,2707.8511,0.46,False,baseline
TP-B_001_jpg.rf.476ac40460a2659ffbad7973abf99d86.jpg,TP,28,20,0.820237,3763,4368,1814.7184,2106.4815,0.46,False,baseline
TP-B_001_jpg.rf.476ac40460a2659ffbad7973abf99d86.jpg,TP,22,28,0.791045,183,177,88.2523,85.3588,0.46,False,baseline
TP-B_001_jpg.rf.476ac40460a2659ffbad7973abf99d86.jpg,TP,23,29,0.737043,4705,3506,2269.0008,1690.7793,0.46,False,baseline
TP-B_001_jpg.rf.476ac40460a2659ffbad7973abf99d86.jpg,TP,26,27,0.720238,168,121,81.0185,58.3526,0.46,False,baseline
TP-B_001_jpg.rf.476ac40460a2659ffbad7973abf99d86.jpg,TP,25,19,0.707224,229,220,110.436,106.0957,0.46,False,baseline
TP-B_001_jpg.rf.476ac40460a2659ffbad7973abf99d86.jpg,TP,21,30,0.672056,12852,18382,6197.9167,8864.7762,0.46,False,baseline
TP-B_001_jpg.rf.476ac40460a2659ffbad7973abf99d86.jpg,FP,24,-1,0.0,0,5414,0.0,2610.9182,0.46,False,baseline
TP-B_001_jpg.rf.476ac40460a2659ffbad7973abf99d86.jpg,FN,-1,16,0.0,6639,0,3201.6782,0.0,0.46,False,baseline
TP-B_001_jpg.rf.476ac40460a2659ffbad7973abf99d86.jpg,FN,-1,21,0.0,1588,0,765.8179,0.0,0.46,False,baseline
TP-B_001_jpg.rf.476ac40460a2659ffbad7973abf99d86.jpg,FN,-1,24,0.0,4609,0,2222.7045,0.0,0.46,False,baseline
TP-D_010_jpg.rf.8e807d0647c50bd1b8d28134da2e26a4.jpg,TP,22,1,0.946031,4959,4993,2391.4931,2407.8897,0.46,False,baseline
TP-D_010_jpg.rf.8e807d0647c50bd1b8d28134da2e26a4.jpg,TP,21,46,0.944867,3681,3480,1775.1736,1678.2407,0.46,False,baseline
TP-D_010_jpg.rf.8e807d0647c50bd1b8d28134da2e26a4.jpg,TP,0,21,0.941799,6843,6736,3300.0579,3248.4568,0.46,False,baseline
TP-D_010_jpg.rf.8e807d0647c50bd1b8d28134da2e26a4.jpg,TP,3,32,0.938526,2551,2526,1230.2276,1218.1713,0.46,False,baseline
TP-D_010_jpg.rf.8e807d0647c50bd1b8d28134da2e26a4.jpg,TP,7,10,0.936298,5988,5897,2887.7315,2843.8465,0.46,False,baseline
TP-D_010_jpg.rf.8e807d0647c50bd1b8d28134da2e26a4.jpg,TP,29,23,0.934689,1606,1534,774.4985,739.7762,0.46,False,baseline
TP-D_010_jpg.rf.8e807d0647c50bd1b8d28134da2e26a4.jpg,TP,2,45,0.934097,2725,2675,1314.1397,1290.027,0.46,False,baseline
TP-D_010_jpg.rf.8e807d0647c50bd1b8d28134da2e26a4.jpg,TP,18,8,0.933531,2258,2309,1088.9275,1113.5224,0.46,False,baseline
TP-D_010_jpg.rf.8e807d0647c50bd1b8d28134da2e26a4.jpg,TP,10,41,0.932931,3870,3825,1866.3194,1844.6181,0.46,False,baseline
TP-D_010_jpg.rf.8e807d0647c50bd1b8d28134da2e26a4.jpg,TP,12,13,0.932555,5580,5509,2690.9722,2656.7323,0.46,False,baseline
TP-D_010_jpg.rf.8e807d0647c50bd1b8d28134da2e26a4.jpg,TP,11,27,0.926333,2887,2892,1392.2647,1394.6759,0.46,False,baseline
TP-D_010_jpg.rf.8e807d0647c50bd1b8d28134da2e26a4.jpg,TP,13,35,0.923502,3092,3169,1491.1265,1528.26,0.46,False,baseline
TP-D_010_jpg.rf.8e807d0647c50bd1b8d28134da2e26a4.jpg,TP,14,17,0.923369,6020,6153,2903.1636,2967.3032,0.46,False,baseline
TP-D_010_jpg.rf.8e807d0647c50bd1b8d28134da2e26a4.jpg,TP,24,3,0.919804,1786,1733,861.304,835.7446,0.46,False,baseline
TP-D_010_jpg.rf.8e807d0647c50bd1b8d28134da2e26a4.jpg,TP,6,42,0.919355,2256,2266,1087.963,1092.7855,0.46,False,baseline
TP-D_010_jpg.rf.8e807d0647c50bd1b8d28134da2e26a4.jpg,TP,38,18,0.913444,3081,3153,1485.8218,1520.544,0.46,False,baseline
TP-D_010_jpg.rf.8e807d0647c50bd1b8d28134da2e26a4.jpg,TP,34,12,0.913423,1421,1430,685.2816,689.6219,0.46,False,baseline
TP-D_010_jpg.rf.8e807d0647c50bd1b8d28134da2e26a4.jpg,TP,16,30,0.913316,1807,1857,871.4313,895.544,0.46,False,baseline
TP-D_010_jpg.rf.8e807d0647c50bd1b8d28134da2e26a4.jpg,TP,25,14,0.913129,9814,9566,4732.8318,4613.233,0.46,False,baseline
TP-D_010_jpg.rf.8e807d0647c50bd1b8d28134da2e26a4.jpg,TP,9,6,0.911085,2435,2358,1174.2863,1137.1528,0.46,False,baseline
TP-D_010_jpg.rf.8e807d0647c50bd1b8d28134da2e26a4.jpg,TP,5,22,0.910526,2671,2774,1288.098,1337.7701,0.46,False,baseline
TP-D_010_jpg.rf.8e807d0647c50bd1b8d28134da2e26a4.jpg,TP,4,40,0.910141,1466,1510,706.983,728.2022,0.46,False,baseline
TP-D_010_jpg.rf.8e807d0647c50bd1b8d28134da2e26a4.jpg,TP,15,9,0.906929,1859,1829,896.5085,882.0409,0.46,False,baseline
TP-D_010_jpg.rf.8e807d0647c50bd1b8d28134da2e26a4.jpg,TP,8,44,0.904138,2772,2750,1336.8056,1326.196,0.46,False,baseline
TP-D_010_jpg.rf.8e807d0647c50bd1b8d28134da2e26a4.jpg,TP,27,29,0.902611,3160,3326,1523.9198,1603.9738,0.46,False,baseline
TP-D_010_jpg.rf.8e807d0647c50bd1b8d28134da2e26a4.jpg,TP,17,38,0.898216,1808,1810,871.9136,872.8781,0.46,False,baseline
TP-D_010_jpg.rf.8e807d0647c50bd1b8d28134da2e26a4.jpg,TP,19,39,0.898183,2264,2229,1091.821,1074.9421,0.46,False,baseline
TP-D_010_jpg.rf.8e807d0647c50bd1b8d28134da2e26a4.jpg,TP,23,25,0.896076,895,893,431.6165,430.652,0.46,False,baseline
TP-D_010_jpg.rf.8e807d0647c50bd1b8d28134da2e26a4.jpg,TP,26,15,0.893617,2236,2303,1078.3179,1110.6289,0.46,False,baseline
TP-D_010_jpg.rf.8e807d0647c50bd1b8d28134da2e26a4.jpg,TP,1,37,0.892982,1891,1912,911.9406,922.0679,0.46,False,baseline
TP-D_010_jpg.rf.8e807d0647c50bd1b8d28134da2e26a4.jpg,TP,20,19,0.889092,7153,7291,3449.5563,3516.1073,0.46,False,baseline
TP-D_010_jpg.rf.8e807d0647c50bd1b8d28134da2e26a4.jpg,TP,45,36,0.888944,1938,1855,934.6065,894.5795,0.46,False,baseline
TP-D_010_jpg.rf.8e807d0647c50bd1b8d28134da2e26a4.jpg,TP,32,0,0.877729,618,672,298.0324,324.0741,0.46,False,baseline
TP-D_010_jpg.rf.8e807d0647c50bd1b8d28134da2e26a4.jpg,TP,28,7,0.875902,1293,1307,623.5532,630.3048,0.46,False,baseline
TP-D_010_jpg.rf.8e807d0647c50bd1b8d28134da2e26a4.jpg,TP,36,11,0.863039,1469,1510,708.4298,728.2022,0.46,False,baseline
TP-D_010_jpg.rf.8e807d0647c50bd1b8d28134da2e26a4.jpg,TP,31,33,0.84304,938,929,452.3534,448.0131,0.46,False,baseline
TP-D_010_jpg.rf.8e807d0647c50bd1b8d28134da2e26a4.jpg,TP,30,16,0.812963,485,494,233.8927,238.233,0.46,False,baseline
TP-D_010_jpg.rf.8e807d0647c50bd1b8d28134da2e26a4.jpg,TP,33,24,0.799031,362,381,174.5756,183.7384,0.46,False,baseline
TP-D_010_jpg.rf.8e807d0647c50bd1b8d28134da2e26a4.jpg,TP,37,5,0.762938,534,522,257.5231,251.7361,0.46,False,baseline
TP-D_010_jpg.rf.8e807d0647c50bd1b8d28134da2e26a4.jpg,TP,41,2,0.721698,183,182,88.2523,87.7701,0.46,False,baseline
TP-D_010_jpg.rf.8e807d0647c50bd1b8d28134da2e26a4.jpg,TP,39,26,0.64,125,80,60.2816,38.5802,0.46,False,baseline
TP-D_010_jpg.rf.8e807d0647c50bd1b8d28134da2e26a4.jpg,TP,43,31,0.596969,7612,4929,3670.9105,2377.0255,0.46,False,baseline
TP-D_010_jpg.rf.8e807d0647c50bd1b8d28134da2e26a4.jpg,FP,35,-1,0.0,0,2745,0.0,1323.7847,0.46,False,baseline
TP-D_010_jpg.rf.8e807d0647c50bd1b8d28134da2e26a4.jpg,FP,40,-1,0.0,0,1618,0.0,780.2855,0.46,False,baseline
TP-D_010_jpg.rf.8e807d0647c50bd1b8d28134da2e26a4.jpg,FP,42,-1,0.0,0,2954,0.0,1424.5756,0.46,False,baseline
TP-D_010_jpg.rf.8e807d0647c50bd1b8d28134da2e26a4.jpg,FP,44,-1,0.0,0,892,0.0,430.1698,0.46,False,baseline
TP-D_010_jpg.rf.8e807d0647c50bd1b8d28134da2e26a4.jpg,FP,46,-1,0.0,0,2292,0.0,1105.3241,0.46,False,baseline
TP-D_010_jpg.rf.8e807d0647c50bd1b8d28134da2e26a4.jpg,FN,-1,4,0.0,20,0,9.6451,0.0,0.46,False,baseline
TP-D_010_jpg.rf.8e807d0647c50bd1b8d28134da2e26a4.jpg,FN,-1,20,0.0,364,0,175.5401,0.0,0.46,False,baseline
TP-D_010_jpg.rf.8e807d0647c50bd1b8d28134da2e26a4.jpg,FN,-1,28,0.0,12,0,5.787,0.0,0.46,False,baseline
TP-D_010_jpg.rf.8e807d0647c50bd1b8d28134da2e26a4.jpg,FN,-1,34,0.0,67,0,32.311,0.0,0.46,False,baseline
TP-D_010_jpg.rf.8e807d0647c50bd1b8d28134da2e26a4.jpg,FN,-1,43,0.0,56,0,27.0062,0.0,0.46,False,baseline
TP-G_008_jpg.rf.7ce2f84776589571f8d07c60f1c4e63c.jpg,TP,0,8,0.943104,25315,24854,12208.2369,11985.9182,0.46,False,baseline
TP-G_008_jpg.rf.7ce2f84776589571f8d07c60f1c4e63c.jpg,TP,12,26,0.943021,2585,2496,1246.6242,1203.7037,0.46,False,baseline
TP-G_008_jpg.rf.7ce2f84776589571f8d07c60f1c4e63c.jpg,TP,3,2,0.939658,6638,6734,3201.196,3247.4923,0.46,False,baseline
TP-G_008_jpg.rf.7ce2f84776589571f8d07c60f1c4e63c.jpg,TP,4,12,0.93793,7332,7311,3535.8796,3525.7523,0.46,False,baseline
TP-G_008_jpg.rf.7ce2f84776589571f8d07c60f1c4e63c.jpg,TP,16,9,0.936888,7563,7475,3647.2801,3604.8418,0.46,False,baseline
TP-G_008_jpg.rf.7ce2f84776589571f8d07c60f1c4e63c.jpg,TP,5,13,0.933611,6396,6594,3084.4907,3179.9769,0.46,False,baseline
TP-G_008_jpg.rf.7ce2f84776589571f8d07c60f1c4e63c.jpg,TP,15,7,0.933328,23990,23711,11569.2515,11434.7029,0.46,False,baseline
TP-G_008_jpg.rf.7ce2f84776589571f8d07c60f1c4e63c.jpg,TP,13,15,0.93007,2315,2377,1116.4159,1146.3156,0.46,False,baseline
TP-G_008_jpg.rf.7ce2f84776589571f8d07c60f1c4e63c.jpg,TP,10,14,0.92324,3548,3693,1711.034,1780.9606,0.46,False,baseline
TP-G_008_jpg.rf.7ce2f84776589571f8d07c60f1c4e63c.jpg,TP,11,24,0.917557,6019,6192,2902.6813,2986.1111,0.46,False,baseline
TP-G_008_jpg.rf.7ce2f84776589571f8d07c60f1c4e63c.jpg,TP,1,16,0.916436,4743,4958,2287.3264,2391.0108,0.46,False,baseline
TP-G_008_jpg.rf.7ce2f84776589571f8d07c60f1c4e63c.jpg,TP,9,6,0.915752,4545,4528,2191.8403,2183.642,0.46,False,baseline
TP-G_008_jpg.rf.7ce2f84776589571f8d07c60f1c4e63c.jpg,TP,8,25,0.913623,1641,1660,791.3773,800.5401,0.46,False,baseline
TP-G_008_jpg.rf.7ce2f84776589571f8d07c60f1c4e63c.jpg,TP,20,1,0.913038,8331,8190,4017.6505,3949.6528,0.46,False,baseline
TP-G_008_jpg.rf.7ce2f84776589571f8d07c60f1c4e63c.jpg,TP,6,11,0.906409,5054,5090,2437.3071,2454.6682,0.46,False,baseline
TP-G_008_jpg.rf.7ce2f84776589571f8d07c60f1c4e63c.jpg,TP,2,20,0.904998,2269,2343,1094.2323,1129.919,0.46,False,baseline
TP-G_008_jpg.rf.7ce2f84776589571f8d07c60f1c4e63c.jpg,TP,24,0,0.903263,5004,5030,2413.1944,2425.733,0.46,False,baseline
TP-G_008_jpg.rf.7ce2f84776589571f8d07c60f1c4e63c.jpg,TP,14,29,0.900773,757,718,365.0656,346.2577,0.46,False,baseline
TP-G_008_jpg.rf.7ce2f84776589571f8d07c60f1c4e63c.jpg,TP,22,22,0.900648,866,894,417.6312,431.1343,0.46,False,baseline
TP-G_008_jpg.rf.7ce2f84776589571f8d07c60f1c4e63c.jpg,TP,23,10,0.900597,3168,3199,1527.7778,1542.7276,0.46,False,baseline
TP-G_008_jpg.rf.7ce2f84776589571f8d07c60f1c4e63c.jpg,TP,17,18,0.895388,865,820,417.1489,395.4475,0.46,False,baseline
TP-G_008_jpg.rf.7ce2f84776589571f8d07c60f1c4e63c.jpg,TP,7,21,0.892857,1438,1424,693.4799,686.7284,0.46,False,baseline
TP-G_008_jpg.rf.7ce2f84776589571f8d07c60f1c4e63c.jpg,TP,19,19,0.88296,577,517,278.26,249.3248,0.46,False,baseline
TP-G_008_jpg.rf.7ce2f84776589571f8d07c60f1c4e63c.jpg,TP,25,27,0.864309,1414,1485,681.9059,716.1458,0.46,False,baseline
TP-G_008_jpg.rf.7ce2f84776589571f8d07c60f1c4e63c.jpg,TP,21,23,0.845154,2460,2509,1186.3426,1209.973,0.46,False,baseline
TP-G_008_jpg.rf.7ce2f84776589571f8d07c60f1c4e63c.jpg,TP,18,5,0.793143,1457,1681,702.6427,810.6674,0.46,False,baseline
TP-G_008_jpg.rf.7ce2f84776589571f8d07c60f1c4e63c.jpg,TP,26,3,0.733333,191,251,92.1103,121.0455,0.46,False,baseline
TP-G_008_jpg.rf.7ce2f84776589571f8d07c60f1c4e63c.jpg,TP,27,30,0.628472,235,234,113.3295,112.8472,0.46,False,baseline
TP-G_008_jpg.rf.7ce2f84776589571f8d07c60f1c4e63c.jpg,FP,28,-1,0.0,0,813,0.0,392.0718,0.46,False,baseline
TP-G_008_jpg.rf.7ce2f84776589571f8d07c60f1c4e63c.jpg,FN,-1,4,0.0,37,0,17.8434,0.0,0.46,False,baseline
TP-G_008_jpg.rf.7ce2f84776589571f8d07c60f1c4e63c.jpg,FN,-1,17,0.0,47,0,22.6659,0.0,0.46,False,baseline
TP-G_008_jpg.rf.7ce2f84776589571f8d07c60f1c4e63c.jpg,FN,-1,28,0.0,115,0,55.4591,0.0,0.46,False,baseline
TP-G_008_jpg.rf.7ce2f84776589571f8d07c60f1c4e63c.jpg,FN,-1,31,0.0,126,0,60.7639,0.0,0.46,False,baseline
TP-G_008_jpg.rf.7ce2f84776589571f8d07c60f1c4e63c.jpg,FN,-1,32,0.0,57,0,27.4884,0.0,0.46,False,baseline
TP-G_010_jpg.rf.5c8b394cdec2d68bae00b4eb6679ec08.jpg,TP,27,7,0.957346,19872,19960,9583.3333,9625.7716,0.46,False,baseline
TP-G_010_jpg.rf.5c8b394cdec2d68bae00b4eb6679ec08.jpg,TP,30,13,0.956156,15443,15521,7447.4344,7485.0502,0.46,False,baseline
TP-G_010_jpg.rf.5c8b394cdec2d68bae00b4eb6679ec08.jpg,TP,3,22,0.943024,7255,7409,3498.7461,3573.0131,0.46,False,baseline
TP-G_010_jpg.rf.5c8b394cdec2d68bae00b4eb6679ec08.jpg,TP,1,6,0.938202,5123,5227,2470.5826,2520.7369,0.46,False,baseline
TP-G_010_jpg.rf.5c8b394cdec2d68bae00b4eb6679ec08.jpg,TP,28,12,0.937689,5165,5097,2490.8372,2458.044,0.46,False,baseline
TP-G_010_jpg.rf.5c8b394cdec2d68bae00b4eb6679ec08.jpg,TP,29,1,0.93198,5255,5311,2534.24,2561.2461,0.46,False,baseline
TP-G_010_jpg.rf.5c8b394cdec2d68bae00b4eb6679ec08.jpg,TP,4,11,0.927663,2179,2218,1050.8295,1069.6373,0.46,False,baseline
TP-G_010_jpg.rf.5c8b394cdec2d68bae00b4eb6679ec08.jpg,TP,31,19,0.927545,13797,13578,6653.6458,6548.0324,0.46,False,baseline
TP-G_010_jpg.rf.5c8b394cdec2d68bae00b4eb6679ec08.jpg,TP,11,0,0.926679,2037,2036,982.3495,981.8673,0.46,False,baseline
TP-G_010_jpg.rf.5c8b394cdec2d68bae00b4eb6679ec08.jpg,TP,14,16,0.926267,1063,1027,512.635,495.2739,0.46,False,baseline
TP-G_010_jpg.rf.5c8b394cdec2d68bae00b4eb6679ec08.jpg,TP,6,25,0.924515,1329,1348,640.9144,650.0772,0.46,False,baseline
TP-G_010_jpg.rf.5c8b394cdec2d68bae00b4eb6679ec08.jpg,TP,18,5,0.91717,1709,1786,824.1705,861.304,0.46,False,baseline
TP-G_010_jpg.rf.5c8b394cdec2d68bae00b4eb6679ec08.jpg,TP,13,28,0.917008,2509,2642,1209.973,1274.1127,0.46,False,baseline
TP-G_010_jpg.rf.5c8b394cdec2d68bae00b4eb6679ec08.jpg,TP,0,24,0.916887,2852,2960,1375.3858,1427.4691,0.46,False,baseline
TP-G_010_jpg.rf.5c8b394cdec2d68bae00b4eb6679ec08.jpg,TP,22,18,0.915773,633,618,305.2662,298.0324,0.46,False,baseline
TP-G_010_jpg.rf.5c8b394cdec2d68bae00b4eb6679ec08.jpg,TP,25,33,0.915651,2032,2056,979.9383,991.5123,0.46,False,baseline
TP-G_010_jpg.rf.5c8b394cdec2d68bae00b4eb6679ec08.jpg,TP,16,10,0.914798,5940,6016,2864.5833,2901.2346,0.46,False,baseline
TP-G_010_jpg.rf.5c8b394cdec2d68bae00b4eb6679ec08.jpg,TP,20,34,0.910807,2903,2967,1399.9807,1430.8449,0.46,False,baseline
TP-G_010_jpg.rf.5c8b394cdec2d68bae00b4eb6679ec08.jpg,TP,12,20,0.908887,1272,1284,613.4259,619.213,0.46,False,baseline
TP-G_010_jpg.rf.5c8b394cdec2d68bae00b4eb6679ec08.jpg,TP,7,3,0.905524,1165,1215,561.8248,585.9375,0.46,False,baseline
TP-G_010_jpg.rf.5c8b394cdec2d68bae00b4eb6679ec08.jpg,TP,9,21,0.900709,2637,2723,1271.7014,1313.1752,0.46,False,baseline
TP-G_010_jpg.rf.5c8b394cdec2d68bae00b4eb6679ec08.jpg,TP,8,36,0.898494,1923,1986,927.3727,957.7546,0.46,False,baseline
TP-G_010_jpg.rf.5c8b394cdec2d68bae00b4eb6679ec08.jpg,TP,23,32,0.895854,909,966,438.3681,465.8565,0.46,False,baseline
TP-G_010_jpg.rf.5c8b394cdec2d68bae00b4eb6679ec08.jpg,TP,15,29,0.895168,3436,3506,1657.0216,1690.7793,0.46,False,baseline
TP-G_010_jpg.rf.5c8b394cdec2d68bae00b4eb6679ec08.jpg,TP,5,23,0.886418,1160,1215,559.4136,585.9375,0.46,False,baseline
TP-G_010_jpg.rf.5c8b394cdec2d68bae00b4eb6679ec08.jpg,TP,17,17,0.878012,613,634,295.6211,305.7485,0.46,False,baseline
TP-G_010_jpg.rf.5c8b394cdec2d68bae00b4eb6679ec08.jpg,TP,10,31,0.877717,1038,1035,500.5787,499.1319,0.46,False,baseline
TP-G_010_jpg.rf.5c8b394cdec2d68bae00b4eb6679ec08.jpg,TP,2,30,0.855953,2500,2847,1205.6327,1372.9745,0.46,False,baseline
TP-G_010_jpg.rf.5c8b394cdec2d68bae00b4eb6679ec08.jpg,TP,26,4,0.82967,159,174,76.6782,83.912,0.46,False,baseline
TP-G_010_jpg.rf.5c8b394cdec2d68bae00b4eb6679ec08.jpg,TP,21,8,0.82362,594,595,286.4583,286.9406,0.46,False,baseline
TP-G_010_jpg.rf.5c8b394cdec2d68bae00b4eb6679ec08.jpg,TP,19,9,0.820663,904,964,435.9568,464.892,0.46,False,baseline
TP-G_010_jpg.rf.5c8b394cdec2d68bae00b4eb6679ec08.jpg,TP,24,27,0.674076,4889,6935,2357.7353,3344.4252,0.46,False,baseline
TP-G_010_jpg.rf.5c8b394cdec2d68bae00b4eb6679ec08.jpg,FP,32,-1,0.0,0,205,0.0,98.8619,0.46,False,baseline
TP-G_010_jpg.rf.5c8b394cdec2d68bae00b4eb6679ec08.jpg,FP,33,-1,0.0,0,11923,0.0,5749.9035,0.46,False,baseline
TP-G_010_jpg.rf.5c8b394cdec2d68bae00b4eb6679ec08.jpg,FN,-1,2,0.0,44,0,21.2191,0.0,0.46,False,baseline
TP-G_010_jpg.rf.5c8b394cdec2d68bae00b4eb6679ec08.jpg,FN,-1,14,0.0,13298,0,6413.0015,0.0,0.46,False,baseline
TP-G_010_jpg.rf.5c8b394cdec2d68bae00b4eb6679ec08.jpg,FN,-1,15,0.0,128,0,61.7284,0.0,0.46,False,baseline
TP-G_010_jpg.rf.5c8b394cdec2d68bae00b4eb6679ec08.jpg,FN,-1,26,0.0,1923,0,927.3727,0.0,0.46,False,baseline
TP-G_010_jpg.rf.5c8b394cdec2d68bae00b4eb6679ec08.jpg,FN,-1,35,0.0,8645,0,4169.0779,0.0,0.46,False,baseline
ZAINA-679-B_010_jpg.rf.4a3c6644c7fdcdc349eacebe9a97fbd7.jpg,TP,4,9,0.952688,9583,9774,4621.4313,4713.5417,0.46,False,baseline
ZAINA-679-B_010_jpg.rf.4a3c6644c7fdcdc349eacebe9a97fbd7.jpg,TP,16,13,0.946329,8960,9172,4320.9877,4423.2253,0.46,False,baseline
ZAINA-679-B_010_jpg.rf.4a3c6644c7fdcdc349eacebe9a97fbd7.jpg,TP,0,8,0.944063,7782,8066,3752.8935,3889.8534,0.46,False,baseline
ZAINA-679-B_010_jpg.rf.4a3c6644c7fdcdc349eacebe9a97fbd7.jpg,TP,5,22,0.942262,5585,5785,2693.3835,2789.8341,0.46,False,baseline
ZAINA-679-B_010_jpg.rf.4a3c6644c7fdcdc349eacebe9a97fbd7.jpg,TP,9,3,0.93337,5273,5347,2542.9205,2578.6073,0.46,False,baseline
ZAINA-679-B_010_jpg.rf.4a3c6644c7fdcdc349eacebe9a97fbd7.jpg,TP,14,36,0.932072,3095,3134,1492.5733,1511.3812,0.46,False,baseline
ZAINA-679-B_010_jpg.rf.4a3c6644c7fdcdc349eacebe9a97fbd7.jpg,TP,6,34,0.930052,3297,3408,1589.9884,1643.5185,0.46,False,baseline
ZAINA-679-B_010_jpg.rf.4a3c6644c7fdcdc349eacebe9a97fbd7.jpg,TP,1,31,0.92955,4444,4567,2143.1327,2202.4498,0.46,False,baseline
ZAINA-679-B_010_jpg.rf.4a3c6644c7fdcdc349eacebe9a97fbd7.jpg,TP,23,1,0.928769,1418,1371,683.8349,661.169,0.46,False,baseline
ZAINA-679-B_010_jpg.rf.4a3c6644c7fdcdc349eacebe9a97fbd7.jpg,TP,20,15,0.924292,3488,3578,1682.0988,1725.5015,0.46,False,baseline
ZAINA-679-B_010_jpg.rf.4a3c6644c7fdcdc349eacebe9a97fbd7.jpg,TP,18,25,0.918699,3959,4065,1909.24,1960.3588,0.46,False,baseline
ZAINA-679-B_010_jpg.rf.4a3c6644c7fdcdc349eacebe9a97fbd7.jpg,TP,29,2,0.916677,7919,8275,3818.9622,3990.6443,0.46,False,baseline
ZAINA-679-B_010_jpg.rf.4a3c6644c7fdcdc349eacebe9a97fbd7.jpg,TP,24,4,0.915863,2873,2888,1385.5131,1392.7469,0.46,False,baseline
ZAINA-679-B_010_jpg.rf.4a3c6644c7fdcdc349eacebe9a97fbd7.jpg,TP,3,32,0.914378,4417,4504,2130.1119,2172.0679,0.46,False,baseline
ZAINA-679-B_010_jpg.rf.4a3c6644c7fdcdc349eacebe9a97fbd7.jpg,TP,10,30,0.907203,2767,2926,1334.3943,1411.0725,0.46,False,baseline
ZAINA-679-B_010_jpg.rf.4a3c6644c7fdcdc349eacebe9a97fbd7.jpg,TP,17,7,0.902671,3637,3772,1753.9545,1819.0586,0.46,False,baseline
ZAINA-679-B_010_jpg.rf.4a3c6644c7fdcdc349eacebe9a97fbd7.jpg,TP,21,17,0.901365,2773,2798,1337.2878,1349.3441,0.46,False,baseline
ZAINA-679-B_010_jpg.rf.4a3c6644c7fdcdc349eacebe9a97fbd7.jpg,TP,8,14,0.897046,3111,3246,1500.2894,1565.3935,0.46,False,baseline
ZAINA-679-B_010_jpg.rf.4a3c6644c7fdcdc349eacebe9a97fbd7.jpg,TP,7,28,0.886579,2640,2533,1273.1481,1221.5471,0.46,False,baseline
ZAINA-679-B_010_jpg.rf.4a3c6644c7fdcdc349eacebe9a97fbd7.jpg,TP,28,5,0.885836,5640,6303,2719.9074,3039.6412,0.46,False,baseline
ZAINA-679-B_010_jpg.rf.4a3c6644c7fdcdc349eacebe9a97fbd7.jpg,TP,13,10,0.884634,1952,2034,941.358,980.9028,0.46,False,baseline
ZAINA-679-B_010_jpg.rf.4a3c6644c7fdcdc349eacebe9a97fbd7.jpg,TP,15,27,0.882061,3640,3956,1755.4012,1907.7932,0.46,False,baseline
ZAINA-679-B_010_jpg.rf.4a3c6644c7fdcdc349eacebe9a97fbd7.jpg,TP,12,29,0.877486,2460,2260,1186.3426,1089.892,0.46,False,baseline
ZAINA-679-B_010_jpg.rf.4a3c6644c7fdcdc349eacebe9a97fbd7.jpg,TP,31,21,0.876151,9361,8969,4514.3711,4325.3279,0.46,False,baseline
ZAINA-679-B_010_jpg.rf.4a3c6644c7fdcdc349eacebe9a97fbd7.jpg,TP,33,12,0.869478,2709,2877,1306.4236,1387.4421,0.46,False,baseline
ZAINA-679-B_010_jpg.rf.4a3c6644c7fdcdc349eacebe9a97fbd7.jpg,TP,34,16,0.845311,712,803,343.3642,387.2492,0.46,False,baseline
ZAINA-679-B_010_jpg.rf.4a3c6644c7fdcdc349eacebe9a97fbd7.jpg,TP,26,26,0.843845,1718,1907,828.5108,919.6566,0.46,False,baseline
ZAINA-679-B_010_jpg.rf.4a3c6644c7fdcdc349eacebe9a97fbd7.jpg,TP,32,18,0.842082,6630,6143,3197.338,2962.4807,0.46,False,baseline
ZAINA-679-B_010_jpg.rf.4a3c6644c7fdcdc349eacebe9a97fbd7.jpg,TP,30,0,0.839176,1671,1634,805.8449,788.0015,0.46,False,baseline
ZAINA-679-B_010_jpg.rf.4a3c6644c7fdcdc349eacebe9a97fbd7.jpg,TP,40,19,0.817981,1186,1281,571.9522,617.7662,0.46,False,baseline
ZAINA-679-B_010_jpg.rf.4a3c6644c7fdcdc349eacebe9a97fbd7.jpg,TP,19,6,0.753902,684,777,329.8611,374.7106,0.46,False,baseline
ZAINA-679-B_010_jpg.rf.4a3c6644c7fdcdc349eacebe9a97fbd7.jpg,TP,22,37,0.700208,18128,13773,8742.284,6642.0718,0.46,False,baseline
ZAINA-679-B_010_jpg.rf.4a3c6644c7fdcdc349eacebe9a97fbd7.jpg,TP,35,23,0.698801,10063,7506,4852.9128,3619.7917,0.46,False,baseline
ZAINA-679-B_010_jpg.rf.4a3c6644c7fdcdc349eacebe9a97fbd7.jpg,TP,2,33,0.586155,17971,11311,8666.5702,5454.7647,0.46,False,baseline
ZAINA-679-B_010_jpg.rf.4a3c6644c7fdcdc349eacebe9a97fbd7.jpg,TP,37,35,0.546134,7591,4608,3660.7832,2222.2222,0.46,False,baseline
ZAINA-679-B_010_jpg.rf.4a3c6644c7fdcdc349eacebe9a97fbd7.jpg,FP,11,-1,0.0,0,7152,0.0,3449.0741,0.46,False,baseline
ZAINA-679-B_010_jpg.rf.4a3c6644c7fdcdc349eacebe9a97fbd7.jpg,FP,25,-1,0.0,0,6810,0.0,3284.1435,0.46,False,baseline
ZAINA-679-B_010_jpg.rf.4a3c6644c7fdcdc349eacebe9a97fbd7.jpg,FP,27,-1,0.0,0,3380,0.0,1630.0154,0.46,False,baseline
ZAINA-679-B_010_jpg.rf.4a3c6644c7fdcdc349eacebe9a97fbd7.jpg,FP,36,-1,0.0,0,1630,0.0,786.0725,0.46,False,baseline
ZAINA-679-B_010_jpg.rf.4a3c6644c7fdcdc349eacebe9a97fbd7.jpg,FP,38,-1,0.0,0,1546,0.0,745.5633,0.46,False,baseline
ZAINA-679-B_010_jpg.rf.4a3c6644c7fdcdc349eacebe9a97fbd7.jpg,FP,39,-1,0.0,0,4656,0.0,2245.3704,0.46,False,baseline
ZAINA-679-B_010_jpg.rf.4a3c6644c7fdcdc349eacebe9a97fbd7.jpg,FP,41,-1,0.0,0,4600,0.0,2218.3642,0.46,False,baseline
ZAINA-679-B_010_jpg.rf.4a3c6644c7fdcdc349eacebe9a97fbd7.jpg,FN,-1,11,0.0,8531,0,4114.1011,0.0,0.46,False,baseline
ZAINA-679-B_010_jpg.rf.4a3c6644c7fdcdc349eacebe9a97fbd7.jpg,FN,-1,20,0.0,439,0,211.7091,0.0,0.46,False,baseline
ZAINA-679-B_010_jpg.rf.4a3c6644c7fdcdc349eacebe9a97fbd7.jpg,FN,-1,24,0.0,3429,0,1653.6458,0.0,0.46,False,baseline
ZAINA-679-B_011_jpg.rf.27d46a055eff6f5810ec4c5c9429b994.jpg,TP,5,14,0.965486,24971,24972,12042.3418,12042.8241,0.46,False,baseline
ZAINA-679-B_011_jpg.rf.27d46a055eff6f5810ec4c5c9429b994.jpg,TP,8,4,0.963457,21375,21501,10308.1597,10368.9236,0.46,False,baseline
ZAINA-679-B_011_jpg.rf.27d46a055eff6f5810ec4c5c9429b994.jpg,TP,12,12,0.95475,25351,25580,12225.598,12336.034,0.46,False,baseline
ZAINA-679-B_011_jpg.rf.27d46a055eff6f5810ec4c5c9429b994.jpg,TP,16,9,0.95428,15798,16004,7618.6343,7717.9784,0.46,False,baseline
ZAINA-679-B_011_jpg.rf.27d46a055eff6f5810ec4c5c9429b994.jpg,TP,7,11,0.945422,10145,10315,4892.4576,4974.4406,0.46,False,baseline
ZAINA-679-B_011_jpg.rf.27d46a055eff6f5810ec4c5c9429b994.jpg,TP,6,15,0.944666,6714,6957,3237.8472,3355.0347,0.46,False,baseline
ZAINA-679-B_011_jpg.rf.27d46a055eff6f5810ec4c5c9429b994.jpg,TP,10,13,0.939531,20474,20646,9873.6497,9956.5972,0.46,False,baseline
ZAINA-679-B_011_jpg.rf.27d46a055eff6f5810ec4c5c9429b994.jpg,TP,3,6,0.939218,8892,9166,4288.1944,4420.3318,0.46,False,baseline
ZAINA-679-B_011_jpg.rf.27d46a055eff6f5810ec4c5c9429b994.jpg,TP,1,18,0.937003,9412,9590,4538.966,4624.8071,0.46,False,baseline
ZAINA-679-B_011_jpg.rf.27d46a055eff6f5810ec4c5c9429b994.jpg,TP,11,0,0.935838,3919,4016,1889.9498,1936.7284,0.46,False,baseline
ZAINA-679-B_011_jpg.rf.27d46a055eff6f5810ec4c5c9429b994.jpg,TP,15,19,0.931022,12866,13141,6204.6682,6337.2878,0.46,False,baseline
ZAINA-679-B_011_jpg.rf.27d46a055eff6f5810ec4c5c9429b994.jpg,TP,9,5,0.929709,4069,4167,1962.2878,2009.5486,0.46,False,baseline
ZAINA-679-B_011_jpg.rf.27d46a055eff6f5810ec4c5c9429b994.jpg,TP,22,2,0.929096,11166,11144,5384.838,5374.2284,0.46,False,baseline
ZAINA-679-B_011_jpg.rf.27d46a055eff6f5810ec4c5c9429b994.jpg,TP,4,16,0.927052,2504,2568,1207.5617,1238.4259,0.46,False,baseline
ZAINA-679-B_011_jpg.rf.27d46a055eff6f5810ec4c5c9429b994.jpg,TP,13,10,0.9148,2789,2852,1345.0039,1375.3858,0.46,False,baseline
ZAINA-679-B_011_jpg.rf.27d46a055eff6f5810ec4c5c9429b994.jpg,TP,2,17,0.913935,3800,3850,1832.5617,1856.6744,0.46,False,baseline
ZAINA-679-B_011_jpg.rf.27d46a055eff6f5810ec4c5c9429b994.jpg,TP,0,8,0.908303,2582,2704,1245.1775,1304.0123,0.46,False,baseline
ZAINA-679-B_011_jpg.rf.27d46a055eff6f5810ec4c5c9429b994.jpg,TP,17,7,0.893825,2491,2539,1201.2924,1224.4406,0.46,False,baseline
ZAINA-679-B_011_jpg.rf.27d46a055eff6f5810ec4c5c9429b994.jpg,TP,14,1,0.884525,1584,1631,763.8889,786.5548,0.46,False,baseline
ZAINA-679-B_011_jpg.rf.27d46a055eff6f5810ec4c5c9429b994.jpg,TP,18,21,0.870837,31917,30554,15392.0718,14734.7608,0.46,False,baseline
ZAINA-679-B_011_jpg.rf.27d46a055eff6f5810ec4c5c9429b994.jpg,TP,21,23,0.835255,527,587,254.1474,283.0826,0.46,False,baseline
ZAINA-679-B_011_jpg.rf.27d46a055eff6f5810ec4c5c9429b994.jpg,TP,19,20,0.799345,1736,2111,837.1914,1018.0363,0.46,False,baseline
ZAINA-679-B_011_jpg.rf.27d46a055eff6f5810ec4c5c9429b994.jpg,TP,20,3,0.737179,281,261,135.5131,125.8681,0.46,False,baseline
ZAINA-679-B_011_jpg.rf.27d46a055eff6f5810ec4c5c9429b994.jpg,FP,23,-1,0.0,0,4839,0.0,2333.6227,0.46,False,baseline
ZAINA-679-B_011_jpg.rf.27d46a055eff6f5810ec4c5c9429b994.jpg,FN,-1,22,0.0,393,0,189.5255,0.0,0.46,False,baseline
ZAZA-B_008_jpg.rf.92ad451b5359143319a46e599a0239d1.jpg,TP,0,7,0.95677,14519,14631,7001.8326,7055.8449,0.46,False,baseline
ZAZA-B_008_jpg.rf.92ad451b5359143319a46e599a0239d1.jpg,TP,6,20,0.941211,9889,10088,4769.0008,4864.9691,0.46,False,baseline
ZAZA-B_008_jpg.rf.92ad451b5359143319a46e599a0239d1.jpg,TP,10,27,0.934912,19713,20419,9506.6551,9847.1258,0.46,False,baseline
ZAZA-B_008_jpg.rf.92ad451b5359143319a46e599a0239d1.jpg,TP,4,19,0.933073,11678,12122,5631.7515,5845.8719,0.46,False,baseline
ZAZA-B_008_jpg.rf.92ad451b5359143319a46e599a0239d1.jpg,TP,1,18,0.927986,3268,3318,1576.0031,1600.1157,0.46,False,baseline
ZAZA-B_008_jpg.rf.92ad451b5359143319a46e599a0239d1.jpg,TP,23,8,0.919379,14563,15220,7023.0517,7339.892,0.46,False,baseline
ZAZA-B_008_jpg.rf.92ad451b5359143319a46e599a0239d1.jpg,TP,3,6,0.917548,7945,8381,3831.5008,4041.7631,0.46,False,baseline
ZAZA-B_008_jpg.rf.92ad451b5359143319a46e599a0239d1.jpg,TP,15,0,0.908268,7557,7837,3644.3866,3779.4174,0.46,False,baseline
ZAZA-B_008_jpg.rf.92ad451b5359143319a46e599a0239d1.jpg,TP,20,25,0.907163,37600,36602,18132.716,17651.4275,0.46,False,baseline
ZAZA-B_008_jpg.rf.92ad451b5359143319a46e599a0239d1.jpg,TP,11,11,0.89576,3165,3273,1526.331,1578.4144,0.46,False,baseline
ZAZA-B_008_jpg.rf.92ad451b5359143319a46e599a0239d1.jpg,TP,2,9,0.877693,2485,2658,1198.3989,1281.8287,0.46,False,baseline
ZAZA-B_008_jpg.rf.92ad451b5359143319a46e599a0239d1.jpg,TP,9,15,0.860172,1893,1792,912.9051,864.1975,0.46,False,baseline
ZAZA-B_008_jpg.rf.92ad451b5359143319a46e599a0239d1.jpg,TP,8,3,0.854029,1783,1875,859.8573,904.2245,0.46,False,baseline
ZAZA-B_008_jpg.rf.92ad451b5359143319a46e599a0239d1.jpg,TP,5,10,0.852968,982,1047,473.5725,504.919,0.46,False,baseline
ZAZA-B_008_jpg.rf.92ad451b5359143319a46e599a0239d1.jpg,TP,7,17,0.83992,19872,21287,9583.3333,10265.7215,0.46,False,baseline
ZAZA-B_008_jpg.rf.92ad451b5359143319a46e599a0239d1.jpg,TP,12,1,0.72818,327,366,157.6968,176.5046,0.46,False,baseline
ZAZA-B_008_jpg.rf.92ad451b5359143319a46e599a0239d1.jpg,TP,24,4,0.642105,88,68,42.4383,32.7932,0.46,False,baseline
ZAZA-B_008_jpg.rf.92ad451b5359143319a46e599a0239d1.jpg,FP,13,-1,0.0,0,6603,0.0,3184.3171,0.46,False,baseline
ZAZA-B_008_jpg.rf.92ad451b5359143319a46e599a0239d1.jpg,FP,14,-1,0.0,0,803,0.0,387.2492,0.46,False,baseline
ZAZA-B_008_jpg.rf.92ad451b5359143319a46e599a0239d1.jpg,FP,16,-1,0.0,0,10235,0.0,4935.8603,0.46,False,baseline
ZAZA-B_008_jpg.rf.92ad451b5359143319a46e599a0239d1.jpg,FP,17,-1,0.0,0,302,0.0,145.6404,0.46,False,baseline
ZAZA-B_008_jpg.rf.92ad451b5359143319a46e599a0239d1.jpg,FP,18,-1,0.0,0,17187,0.0,8288.4838,0.46,False,baseline
ZAZA-B_008_jpg.rf.92ad451b5359143319a46e599a0239d1.jpg,FP,19,-1,0.0,0,28028,0.0,13516.5895,0.46,False,baseline
ZAZA-B_008_jpg.rf.92ad451b5359143319a46e599a0239d1.jpg,FP,21,-1,0.0,0,8318,0.0,4011.3812,0.46,False,baseline
ZAZA-B_008_jpg.rf.92ad451b5359143319a46e599a0239d1.jpg,FP,22,-1,0.0,0,17998,0.0,8679.591,0.46,False,baseline
ZAZA-B_008_jpg.rf.92ad451b5359143319a46e599a0239d1.jpg,FP,25,-1,0.0,0,10353,0.0,4992.7662,0.46,False,baseline
ZAZA-B_008_jpg.rf.92ad451b5359143319a46e599a0239d1.jpg,FN,-1,2,0.0,2347,0,1131.848,0.0,0.46,False,baseline
ZAZA-B_008_jpg.rf.92ad451b5359143319a46e599a0239d1.jpg,FN,-1,5,0.0,4728,0,2280.0926,0.0,0.46,False,baseline
ZAZA-B_008_jpg.rf.92ad451b5359143319a46e599a0239d1.jpg,FN,-1,12,0.0,4583,0,2210.1659,0.0,0.46,False,baseline
ZAZA-B_008_jpg.rf.92ad451b5359143319a46e599a0239d1.jpg,FN,-1,13,0.0,5633,0,2716.5316,0.0,0.46,False,baseline
ZAZA-B_008_jpg.rf.92ad451b5359143319a46e599a0239d1.jpg,FN,-1,14,0.0,6269,0,3023.2446,0.0,0.46,False,baseline
ZAZA-B_008_jpg.rf.92ad451b5359143319a46e599a0239d1.jpg,FN,-1,16,0.0,354,0,170.7176,0.0,0.46,False,baseline
ZAZA-B_008_jpg.rf.92ad451b5359143319a46e599a0239d1.jpg,FN,-1,21,0.0,4316,0,2081.4043,0.0,0.46,False,baseline
ZAZA-B_008_jpg.rf.92ad451b5359143319a46e599a0239d1.jpg,FN,-1,22,0.0,8443,0,4071.6628,0.0,0.46,False,baseline
ZAZA-B_008_jpg.rf.92ad451b5359143319a46e599a0239d1.jpg,FN,-1,23,0.0,90,0,43.4028,0.0,0.46,False,baseline
ZAZA-B_008_jpg.rf.92ad451b5359143319a46e599a0239d1.jpg,FN,-1,24,0.0,59,0,28.4529,0.0,0.46,False,baseline
ZAZA-B_008_jpg.rf.92ad451b5359143319a46e599a0239d1.jpg,FN,-1,26,0.0,3207,0,1546.5856,0.0,0.46,False,baseline
ZAZA-D_004_jpg.rf.02ed2d595bd7bc4d5f40bda7d3f8e5d2.jpg,TP,0,1,0.953354,10499,10732,5063.1752,5175.5401,0.46,False,baseline
ZAZA-D_004_jpg.rf.02ed2d595bd7bc4d5f40bda7d3f8e5d2.jpg,TP,12,5,0.950386,2695,2612,1299.6721,1259.6451,0.46,False,baseline
ZAZA-D_004_jpg.rf.02ed2d595bd7bc4d5f40bda7d3f8e5d2.jpg,TP,1,11,0.93937,6213,5974,2996.2384,2880.9799,0.46,False,baseline
ZAZA-D_004_jpg.rf.02ed2d595bd7bc4d5f40bda7d3f8e5d2.jpg,TP,5,8,0.932449,4938,4674,2381.3657,2254.0509,0.46,False,baseline
ZAZA-D_004_jpg.rf.02ed2d595bd7bc4d5f40bda7d3f8e5d2.jpg,TP,9,4,0.931527,10577,10523,5100.7909,5074.7492,0.46,False,baseline
ZAZA-D_004_jpg.rf.02ed2d595bd7bc4d5f40bda7d3f8e5d2.jpg,TP,3,6,0.925466,1872,1848,902.7778,891.2037,0.46,False,baseline
ZAZA-D_004_jpg.rf.02ed2d595bd7bc4d5f40bda7d3f8e5d2.jpg,TP,16,27,0.925258,7685,7255,3706.115,3498.7461,0.46,False,baseline
ZAZA-D_004_jpg.rf.02ed2d595bd7bc4d5f40bda7d3f8e5d2.jpg,TP,18,17,0.921572,11451,11139,5522.2801,5371.8171,0.46,False,baseline
ZAZA-D_004_jpg.rf.02ed2d595bd7bc4d5f40bda7d3f8e5d2.jpg,TP,4,9,0.920622,2493,2322,1202.2569,1119.7917,0.46,False,baseline
ZAZA-D_004_jpg.rf.02ed2d595bd7bc4d5f40bda7d3f8e5d2.jpg,TP,8,0,0.914351,4575,4589,2206.3079,2213.0594,0.46,False,baseline
ZAZA-D_004_jpg.rf.02ed2d595bd7bc4d5f40bda7d3f8e5d2.jpg,TP,13,21,0.913177,3883,3565,1872.5887,1719.2323,0.46,False,baseline
ZAZA-D_004_jpg.rf.02ed2d595bd7bc4d5f40bda7d3f8e5d2.jpg,TP,21,3,0.909639,1268,1268,611.4969,611.4969,0.46,False,baseline
ZAZA-D_004_jpg.rf.02ed2d595bd7bc4d5f40bda7d3f8e5d2.jpg,TP,2,26,0.905042,8059,7469,3886.4776,3601.9483,0.46,False,baseline
ZAZA-D_004_jpg.rf.02ed2d595bd7bc4d5f40bda7d3f8e5d2.jpg,TP,17,15,0.901422,8059,7449,3886.4776,3592.3032,0.46,False,baseline
ZAZA-D_004_jpg.rf.02ed2d595bd7bc4d5f40bda7d3f8e5d2.jpg,TP,31,2,0.900474,12158,11921,5863.233,5748.939,0.46,False,baseline
ZAZA-D_004_jpg.rf.02ed2d595bd7bc4d5f40bda7d3f8e5d2.jpg,TP,10,14,0.898329,2763,2577,1332.4653,1242.7662,0.46,False,baseline
ZAZA-D_004_jpg.rf.02ed2d595bd7bc4d5f40bda7d3f8e5d2.jpg,TP,22,30,0.893337,6638,6178,3201.196,2979.3596,0.46,False,baseline
ZAZA-D_004_jpg.rf.02ed2d595bd7bc4d5f40bda7d3f8e5d2.jpg,TP,19,28,0.892242,8572,7917,4133.8735,3817.9977,0.46,False,baseline
ZAZA-D_004_jpg.rf.02ed2d595bd7bc4d5f40bda7d3f8e5d2.jpg,TP,15,18,0.889591,3925,3554,1892.8434,1713.9275,0.46,False,baseline
ZAZA-D_004_jpg.rf.02ed2d595bd7bc4d5f40bda7d3f8e5d2.jpg,TP,7,13,0.888093,3689,3431,1779.0316,1654.6103,0.46,False,baseline
ZAZA-D_004_jpg.rf.02ed2d595bd7bc4d5f40bda7d3f8e5d2.jpg,TP,20,12,0.887346,1218,1228,587.3843,592.2068,0.46,False,baseline
ZAZA-D_004_jpg.rf.02ed2d595bd7bc4d5f40bda7d3f8e5d2.jpg,TP,6,16,0.884139,2331,2076,1124.1319,1001.1574,0.46,False,baseline
ZAZA-D_004_jpg.rf.02ed2d595bd7bc4d5f40bda7d3f8e5d2.jpg,TP,33,24,0.879171,831,802,400.7523,386.767,0.46,False,baseline
ZAZA-D_004_jpg.rf.02ed2d595bd7bc4d5f40bda7d3f8e5d2.jpg,TP,11,20,0.873795,5751,5325,2773.4375,2567.9977,0.46,False,baseline
ZAZA-D_004_jpg.rf.02ed2d595bd7bc4d5f40bda7d3f8e5d2.jpg,TP,14,7,0.859938,886,920,427.2762,443.6728,0.46,False,baseline
ZAZA-D_004_jpg.rf.02ed2d595bd7bc4d5f40bda7d3f8e5d2.jpg,TP,28,23,0.839151,2713,2398,1308.3526,1156.4429,0.46,False,baseline
ZAZA-D_004_jpg.rf.02ed2d595bd7bc4d5f40bda7d3f8e5d2.jpg,TP,25,19,0.830671,307,266,148.0517,128.2793,0.46,False,baseline
ZAZA-D_004_jpg.rf.02ed2d595bd7bc4d5f40bda7d3f8e5d2.jpg,TP,32,22,0.81589,1273,1104,613.9082,532.4074,0.46,False,baseline
ZAZA-D_004_jpg.rf.02ed2d595bd7bc4d5f40bda7d3f8e5d2.jpg,TP,23,29,0.804393,1457,1172,702.6427,565.2006,0.46,False,baseline
ZAZA-D_004_jpg.rf.02ed2d595bd7bc4d5f40bda7d3f8e5d2.jpg,TP,24,31,0.784057,991,777,477.9128,374.7106,0.46,False,baseline
ZAZA-D_004_jpg.rf.02ed2d595bd7bc4d5f40bda7d3f8e5d2.jpg,TP,26,25,0.774508,7574,8464,3652.5849,4081.7901,0.46,False,baseline
ZAZA-D_004_jpg.rf.02ed2d595bd7bc4d5f40bda7d3f8e5d2.jpg,TP,27,34,0.717325,974,721,469.7145,347.7045,0.46,False,baseline
ZAZA-D_004_jpg.rf.02ed2d595bd7bc4d5f40bda7d3f8e5d2.jpg,TP,30,32,0.58978,7451,11744,3593.2677,5663.5802,0.46,False,baseline
ZAZA-D_004_jpg.rf.02ed2d595bd7bc4d5f40bda7d3f8e5d2.jpg,FP,29,-1,0.0,0,2455,0.0,1183.9313,0.46,False,baseline
ZAZA-D_004_jpg.rf.02ed2d595bd7bc4d5f40bda7d3f8e5d2.jpg,FN,-1,10,0.0,38,0,18.3256,0.0,0.46,False,baseline
ZAZA-D_004_jpg.rf.02ed2d595bd7bc4d5f40bda7d3f8e5d2.jpg,FN,-1,33,0.0,4467,0,2154.2245,0.0,0.46,False,baseline
ZAZA-G_010_jpg.rf.cd14098445a0a54c10014aaa7d8f975c.jpg,TP,13,7,0.954503,4196,4224,2023.534,2037.037,0.46,False,baseline
ZAZA-G_010_jpg.rf.cd14098445a0a54c10014aaa7d8f975c.jpg,TP,6,11,0.950954,5116,5107,2467.2068,2462.8665,0.46,False,baseline
ZAZA-G_010_jpg.rf.cd14098445a0a54c10014aaa7d8f975c.jpg,TP,18,16,0.939264,1629,1532,785.5903,738.8117,0.46,False,baseline
ZAZA-G_010_jpg.rf.cd14098445a0a54c10014aaa7d8f975c.jpg,TP,23,8,0.937434,11902,12066,5739.7762,5818.8657,0.46,False,baseline
ZAZA-G_010_jpg.rf.cd14098445a0a54c10014aaa7d8f975c.jpg,TP,16,24,0.931884,5704,5669,2750.7716,2733.8927,0.46,False,baseline
ZAZA-G_010_jpg.rf.cd14098445a0a54c10014aaa7d8f975c.jpg,TP,7,5,0.927359,8319,8370,4011.8634,4036.4583,0.46,False,baseline
ZAZA-G_010_jpg.rf.cd14098445a0a54c10014aaa7d8f975c.jpg,TP,3,12,0.923722,6474,6136,3122.1065,2959.1049,0.46,False,baseline
ZAZA-G_010_jpg.rf.cd14098445a0a54c10014aaa7d8f975c.jpg,TP,2,15,0.922939,3742,3744,1804.591,1805.5556,0.46,False,baseline
ZAZA-G_010_jpg.rf.cd14098445a0a54c10014aaa7d8f975c.jpg,TP,10,27,0.921901,2339,2312,1127.99,1114.9691,0.46,False,baseline
ZAZA-G_010_jpg.rf.cd14098445a0a54c10014aaa7d8f975c.jpg,TP,1,14,0.921109,4590,4347,2213.5417,2096.3542,0.46,False,baseline
ZAZA-G_010_jpg.rf.cd14098445a0a54c10014aaa7d8f975c.jpg,TP,17,25,0.919665,3423,3459,1650.7523,1668.1134,0.46,False,baseline
ZAZA-G_010_jpg.rf.cd14098445a0a54c10014aaa7d8f975c.jpg,TP,12,6,0.919487,4175,4050,2013.4066,1953.125,0.46,False,baseline
ZAZA-G_010_jpg.rf.cd14098445a0a54c10014aaa7d8f975c.jpg,TP,11,0,0.919122,3302,3081,1592.3997,1485.8218,0.46,False,baseline
ZAZA-G_010_jpg.rf.cd14098445a0a54c10014aaa7d8f975c.jpg,TP,9,1,0.918759,5623,5383,2711.7091,2595.9684,0.46,False,baseline
ZAZA-G_010_jpg.rf.cd14098445a0a54c10014aaa7d8f975c.jpg,TP,5,3,0.91777,5429,5579,2618.152,2690.49,0.46,False,baseline
ZAZA-G_010_jpg.rf.cd14098445a0a54c10014aaa7d8f975c.jpg,TP,21,9,0.915819,7426,7640,3581.2114,3684.4136,0.46,False,baseline
ZAZA-G_010_jpg.rf.cd14098445a0a54c10014aaa7d8f975c.jpg,TP,0,2,0.915298,3728,3734,1797.8395,1800.733,0.46,False,baseline
ZAZA-G_010_jpg.rf.cd14098445a0a54c10014aaa7d8f975c.jpg,TP,4,10,0.912402,4020,4014,1938.6574,1935.7639,0.46,False,baseline
ZAZA-G_010_jpg.rf.cd14098445a0a54c10014aaa7d8f975c.jpg,TP,8,23,0.911701,5252,5335,2532.7932,2572.8202,0.46,False,baseline
ZAZA-G_010_jpg.rf.cd14098445a0a54c10014aaa7d8f975c.jpg,TP,14,4,0.910835,5099,4759,2459.0085,2295.0424,0.46,False,baseline
ZAZA-G_010_jpg.rf.cd14098445a0a54c10014aaa7d8f975c.jpg,TP,20,28,0.910558,2808,2874,1354.1667,1385.9954,0.46,False,baseline
ZAZA-G_010_jpg.rf.cd14098445a0a54c10014aaa7d8f975c.jpg,TP,15,13,0.909892,4747,4791,2289.2554,2310.4745,0.46,False,baseline
ZAZA-G_010_jpg.rf.cd14098445a0a54c10014aaa7d8f975c.jpg,TP,24,26,0.903256,2070,2022,998.2639,975.1157,0.46,False,baseline
ZAZA-G_010_jpg.rf.cd14098445a0a54c10014aaa7d8f975c.jpg,TP,25,22,0.896751,1385,1242,667.9205,598.9583,0.46,False,baseline
ZAZA-G_010_jpg.rf.cd14098445a0a54c10014aaa7d8f975c.jpg,TP,22,21,0.892338,1964,1938,947.1451,934.6065,0.46,False,baseline
ZAZA-G_010_jpg.rf.cd14098445a0a54c10014aaa7d8f975c.jpg,TP,19,17,0.886631,925,839,446.0841,404.6103,0.46,False,baseline
ZAZA-G_010_jpg.rf.cd14098445a0a54c10014aaa7d8f975c.jpg,FN,-1,18,0.0,157,0,75.7137,0.0,0.46,False,baseline
ZAZA-G_010_jpg.rf.cd14098445a0a54c10014aaa7d8f975c.jpg,FN,-1,19,0.0,74,0,35.6867,0.0,0.46,False,baseline
ZAZA-G_010_jpg.rf.cd14098445a0a54c10014aaa7d8f975c.jpg,FN,-1,20,0.0,28,0,13.5031,0.0,0.46,False,baseline
ZAZA-G_012_jpg.rf.b65fca463e4411032a599acd7494f06d.jpg,TP,5,23,0.94201,6815,6748,3286.5548,3254.2438,0.46,False,baseline
ZAZA-G_012_jpg.rf.b65fca463e4411032a599acd7494f06d.jpg,TP,6,15,0.941176,1824,1806,879.6296,870.9491,0.46,False,baseline
ZAZA-G_012_jpg.rf.b65fca463e4411032a599acd7494f06d.jpg,TP,10,13,0.936042,4857,4769,2342.3032,2299.865,0.46,False,baseline
ZAZA-G_012_jpg.rf.b65fca463e4411032a599acd7494f06d.jpg,TP,3,31,0.93594,2957,2936,1426.0224,1415.8951,0.46,False,baseline
ZAZA-G_012_jpg.rf.b65fca463e4411032a599acd7494f06d.jpg,TP,19,18,0.935084,6625,6640,3194.9267,3202.1605,0.46,False,baseline
ZAZA-G_012_jpg.rf.b65fca463e4411032a599acd7494f06d.jpg,TP,4,27,0.930526,5401,5464,2604.6489,2635.0309,0.46,False,baseline
ZAZA-G_012_jpg.rf.b65fca463e4411032a599acd7494f06d.jpg,TP,17,19,0.930489,2578,2671,1243.2485,1288.098,0.46,False,baseline
ZAZA-G_012_jpg.rf.b65fca463e4411032a599acd7494f06d.jpg,TP,0,22,0.928673,6770,6831,3264.8534,3294.2708,0.46,False,baseline
ZAZA-G_012_jpg.rf.b65fca463e4411032a599acd7494f06d.jpg,TP,8,16,0.927876,3177,3158,1532.1181,1522.9552,0.46,False,baseline
ZAZA-G_012_jpg.rf.b65fca463e4411032a599acd7494f06d.jpg,TP,14,32,0.926544,7756,7587,3740.3549,3658.8542,0.46,False,baseline
ZAZA-G_012_jpg.rf.b65fca463e4411032a599acd7494f06d.jpg,TP,2,24,0.925203,4100,4188,1977.2377,2019.6759,0.46,False,baseline
ZAZA-G_012_jpg.rf.b65fca463e4411032a599acd7494f06d.jpg,TP,13,10,0.920587,8569,8457,4132.4267,4078.4144,0.46,False,baseline
ZAZA-G_012_jpg.rf.b65fca463e4411032a599acd7494f06d.jpg,TP,16,7,0.917538,4903,5003,2364.4869,2412.7122,0.46,False,baseline
ZAZA-G_012_jpg.rf.b65fca463e4411032a599acd7494f06d.jpg,TP,12,20,0.911331,4570,4505,2203.8966,2172.5502,0.46,False,baseline
ZAZA-G_012_jpg.rf.b65fca463e4411032a599acd7494f06d.jpg,TP,29,34,0.908944,15321,15434,7388.5995,7443.0941,0.46,False,baseline
ZAZA-G_012_jpg.rf.b65fca463e4411032a599acd7494f06d.jpg,TP,11,28,0.898257,3694,3713,1781.4429,1790.6057,0.46,False,baseline
ZAZA-G_012_jpg.rf.b65fca463e4411032a599acd7494f06d.jpg,TP,21,9,0.898151,5756,5743,2775.8488,2769.5795,0.46,False,baseline
ZAZA-G_012_jpg.rf.b65fca463e4411032a599acd7494f06d.jpg,TP,25,33,0.897756,1135,1148,547.3573,553.6265,0.46,False,baseline
ZAZA-G_012_jpg.rf.b65fca463e4411032a599acd7494f06d.jpg,TP,7,21,0.897596,2877,2886,1387.4421,1391.7824,0.46,False,baseline
ZAZA-G_012_jpg.rf.b65fca463e4411032a599acd7494f06d.jpg,TP,9,11,0.892338,13173,13772,6352.7199,6641.5895,0.46,False,baseline
ZAZA-G_012_jpg.rf.b65fca463e4411032a599acd7494f06d.jpg,TP,23,2,0.89113,6805,6883,3281.7323,3319.348,0.46,False,baseline
ZAZA-G_012_jpg.rf.b65fca463e4411032a599acd7494f06d.jpg,TP,1,26,0.889495,3386,3197,1632.909,1541.7631,0.46,False,baseline
ZAZA-G_012_jpg.rf.b65fca463e4411032a599acd7494f06d.jpg,TP,15,25,0.873027,1274,1337,614.3904,644.7724,0.46,False,baseline
ZAZA-G_012_jpg.rf.b65fca463e4411032a599acd7494f06d.jpg,TP,24,8,0.864322,3658,3762,1764.0818,1814.2361,0.46,False,baseline
ZAZA-G_012_jpg.rf.b65fca463e4411032a599acd7494f06d.jpg,TP,20,1,0.863514,665,714,320.6983,344.3287,0.46,False,baseline
ZAZA-G_012_jpg.rf.b65fca463e4411032a599acd7494f06d.jpg,TP,18,29,0.830189,532,535,256.5586,258.0054,0.46,False,baseline
ZAZA-G_012_jpg.rf.b65fca463e4411032a599acd7494f06d.jpg,TP,22,0,0.824968,4280,4374,2064.0432,2109.375,0.46,False,baseline
ZAZA-G_012_jpg.rf.b65fca463e4411032a599acd7494f06d.jpg,TP,31,14,0.772246,811,862,391.1073,415.7022,0.46,False,baseline
ZAZA-G_012_jpg.rf.b65fca463e4411032a599acd7494f06d.jpg,TP,28,17,0.76378,116,108,55.9414,52.0833,0.46,False,baseline
ZAZA-G_012_jpg.rf.b65fca463e4411032a599acd7494f06d.jpg,TP,32,12,0.668725,11864,16239,5721.4506,7831.3079,0.46,False,baseline
ZAZA-G_012_jpg.rf.b65fca463e4411032a599acd7494f06d.jpg,FP,26,-1,0.0,0,8535,0.0,4116.0301,0.46,False,baseline
ZAZA-G_012_jpg.rf.b65fca463e4411032a599acd7494f06d.jpg,FP,27,-1,0.0,0,6705,0.0,3233.5069,0.46,False,baseline
ZAZA-G_012_jpg.rf.b65fca463e4411032a599acd7494f06d.jpg,FP,30,-1,0.0,0,4181,0.0,2016.3002,0.46,False,baseline
ZAZA-G_012_jpg.rf.b65fca463e4411032a599acd7494f06d.jpg,FN,-1,3,0.0,25,0,12.0563,0.0,0.46,False,baseline
ZAZA-G_012_jpg.rf.b65fca463e4411032a599acd7494f06d.jpg,FN,-1,4,0.0,30,0,14.4676,0.0,0.46,False,baseline
ZAZA-G_012_jpg.rf.b65fca463e4411032a599acd7494f06d.jpg,FN,-1,5,0.0,2492,0,1201.7747,0.0,0.46,False,baseline
ZAZA-G_012_jpg.rf.b65fca463e4411032a599acd7494f06d.jpg,FN,-1,6,0.0,7018,0,3384.4522,0.0,0.46,False,baseline
ZAZA-G_012_jpg.rf.b65fca463e4411032a599acd7494f06d.jpg,FN,-1,30,0.0,16,0,7.716,0.0,0.46,False,baseline
