Image,Match_Type,AI_Index,GT_Index,IoU,GT_Area_px,AI_Area_px,GT_Area_um2,AI_Area_um2
ROSILHA-M-B_003_jpg.rf.863a24cebe30a134937348de5cbcaa87.jpg,TP,2,8,0.9427964370352211,11645,12129,5615.837191358024,5849.247685185185
ROSILHA-M-B_003_jpg.rf.863a24cebe30a134937348de5cbcaa87.jpg,TP,10,0,0.9343221902442624,13076,13136,6305.941358024691,6334.876543209876
ROSILHA-M-B_003_jpg.rf.863a24cebe30a134937348de5cbcaa87.jpg,TP,3,5,0.9311494589061129,16242,16771,7832.75462962963,8087.8665123456785
ROSILHA-M-B_003_jpg.rf.863a24cebe30a134937348de5cbcaa87.jpg,TP,12,16,0.9293705351125489,7047,7267,3398.4375,3504.5331790123455
ROSILHA-M-B_003_jpg.rf.863a24cebe30a134937348de5cbcaa87.jpg,TP,1,9,0.9156147328376275,5363,5715,2586.323302469136,2756.0763888888887
ROSILHA-M-B_003_jpg.rf.863a24cebe30a134937348de5cbcaa87.jpg,TP,0,19,0.8997459393108961,34119,32431,16453.993055555555,15639.949845679012
ROSILHA-M-B_003_jpg.rf.863a24cebe30a134937348de5cbcaa87.jpg,TP,7,12,0.8988614800759013,4943,5064,2383.7770061728393,2442.1296296296296
ROSILHA-M-B_003_jpg.rf.863a24cebe30a134937348de5cbcaa87.jpg,TP,4,15,0.8933030646992054,1621,1715,781.7322530864197,827.0640432098766
ROSILHA-M-B_003_jpg.rf.863a24cebe30a134937348de5cbcaa87.jpg,TP,17,11,0.8929909921756854,27873,29708,13441.840277777777,14326.774691358023
ROSILHA-M-B_003_jpg.rf.863a24cebe30a134937348de5cbcaa87.jpg,TP,5,1,0.8874639307470343,2822,3065,1360.9182098765432,1478.1057098765432
ROSILHA-M-B_003_jpg.rf.863a24cebe30a134937348de5cbcaa87.jpg,TP,6,10,0.8785342682650984,3976,4329,1917.438271604938,2087.673611111111
ROSILHA-M-B_003_jpg.rf.863a24cebe30a134937348de5cbcaa87.jpg,TP,15,18,0.8629974597798475,5112,5889,2465.277777777778,2839.9884259259256
ROSILHA-M-B_003_jpg.rf.863a24cebe30a134937348de5cbcaa87.jpg,TP,14,17,0.8402084789931991,15095,13857,7279.610339506173,6682.581018518518
ROSILHA-M-B_003_jpg.rf.863a24cebe30a134937348de5cbcaa87.jpg,TP,8,6,0.821132995444922,15321,13065,7388.5995370370365,6300.636574074074
ROSILHA-M-B_003_jpg.rf.863a24cebe30a134937348de5cbcaa87.jpg,TP,13,7,0.7826887661141805,887,1049,427.75848765432096,505.88348765432096
ROSILHA-M-B_003_jpg.rf.863a24cebe30a134937348de5cbcaa87.jpg,TP,16,13,0.6675444371296906,2117,2949,1020.9297839506172,1422.1643518518517
ROSILHA-M-B_003_jpg.rf.863a24cebe30a134937348de5cbcaa87.jpg,FP,9,-1,0.0,0,3155,0.0,1521.508487654321
ROSILHA-M-B_003_jpg.rf.863a24cebe30a134937348de5cbcaa87.jpg,FP,11,-1,0.0,0,2222,0.0,1071.5663580246912
ROSILHA-M-B_003_jpg.rf.863a24cebe30a134937348de5cbcaa87.jpg,FP,18,-1,0.0,0,13315,0.0,6421.1998456790125
ROSILHA-M-B_003_jpg.rf.863a24cebe30a134937348de5cbcaa87.jpg,FP,19,-1,0.0,0,3507,0.0,1691.261574074074
ROSILHA-M-B_003_jpg.rf.863a24cebe30a134937348de5cbcaa87.jpg,FN,-1,2,0.0,7715,0,3720.582561728395,0.0
ROSILHA-M-B_003_jpg.rf.863a24cebe30a134937348de5cbcaa87.jpg,FN,-1,3,0.0,5602,0,2701.581790123457,0.0
ROSILHA-M-B_003_jpg.rf.863a24cebe30a134937348de5cbcaa87.jpg,FN,-1,4,0.0,3825,0,1844.6180555555554,0.0
ROSILHA-M-B_003_jpg.rf.863a24cebe30a134937348de5cbcaa87.jpg,FN,-1,14,0.0,616,0,297.0679012345679,0.0
ROSILHA-M-B_009_jpg.rf.d2aa8881a0b4f54b4bdb89392b953e71.jpg,TP,2,24,0.9449101796407186,2432,2440,1172.8395061728395,1176.6975308641975
ROSILHA-M-B_009_jpg.rf.d2aa8881a0b4f54b4bdb89392b953e71.jpg,TP,19,35,0.937286909804732,9352,9399,4510.030864197531,4532.696759259259
ROSILHA-M-B_009_jpg.rf.d2aa8881a0b4f54b4bdb89392b953e71.jpg,TP,3,38,0.9349303981871155,2954,3023,1424.5756172839506,1457.8510802469134
ROSILHA-M-B_009_jpg.rf.d2aa8881a0b4f54b4bdb89392b953e71.jpg,TP,1,17,0.9344721096313453,9951,10094,4798.900462962963,4867.8626543209875
ROSILHA-M-B_009_jpg.rf.d2aa8881a0b4f54b4bdb89392b953e71.jpg,TP,14,1,0.9337373737373738,4694,4878,2263.695987654321,2352.4305555555557
ROSILHA-M-B_009_jpg.rf.d2aa8881a0b4f54b4bdb89392b953e71.jpg,TP,0,21,0.9264650283553876,5017,5174,2419.463734567901,2495.1774691358023
ROSILHA-M-B_009_jpg.rf.d2aa8881a0b4f54b4bdb89392b953e71.jpg,TP,41,12,0.9250645994832042,2974,2986,1434.2206790123455,1440.0077160493827
ROSILHA-M-B_009_jpg.rf.d2aa8881a0b4f54b4bdb89392b953e71.jpg,TP,9,37,0.9216683621566633,2839,2828,1369.116512345679,1363.8117283950617
ROSILHA-M-B_009_jpg.rf.d2aa8881a0b4f54b4bdb89392b953e71.jpg,TP,11,0,0.9214514407684098,4401,4601,2122.395833333333,2218.846450617284
ROSILHA-M-B_009_jpg.rf.d2aa8881a0b4f54b4bdb89392b953e71.jpg,TP,7,23,0.9183939701406001,6477,6758,3123.5532407407404,3259.066358024691
ROSILHA-M-B_009_jpg.rf.d2aa8881a0b4f54b4bdb89392b953e71.jpg,TP,15,14,0.9177312212570261,1829,1924,882.0408950617284,927.8549382716049
ROSILHA-M-B_009_jpg.rf.d2aa8881a0b4f54b4bdb89392b953e71.jpg,TP,17,6,0.9153328694038506,3990,4267,1924.1898148148148,2057.7739197530864
ROSILHA-M-B_009_jpg.rf.d2aa8881a0b4f54b4bdb89392b953e71.jpg,TP,10,32,0.9152460984393758,3993,3984,1925.636574074074,1921.2962962962963
ROSILHA-M-B_009_jpg.rf.d2aa8881a0b4f54b4bdb89392b953e71.jpg,TP,31,26,0.9053294054633101,6976,7253,3364.1975308641972,3497.781635802469
ROSILHA-M-B_009_jpg.rf.d2aa8881a0b4f54b4bdb89392b953e71.jpg,TP,24,43,0.9037416053725615,3013,2940,1453.028549382716,1417.824074074074
ROSILHA-M-B_009_jpg.rf.d2aa8881a0b4f54b4bdb89392b953e71.jpg,TP,6,28,0.9025641025641026,4227,4306,2038.4837962962963,2076.581790123457
ROSILHA-M-B_009_jpg.rf.d2aa8881a0b4f54b4bdb89392b953e71.jpg,TP,40,10,0.9024822695035462,5404,5326,2606.0956790123455,2568.4799382716046
ROSILHA-M-B_009_jpg.rf.d2aa8881a0b4f54b4bdb89392b953e71.jpg,TP,5,33,0.9011357769747032,3553,3812,1713.4452160493827,1838.3487654320986
ROSILHA-M-B_009_jpg.rf.d2aa8881a0b4f54b4bdb89392b953e71.jpg,TP,18,34,0.8992143050663777,3460,3550,1668.5956790123455,1711.9984567901233
ROSILHA-M-B_009_jpg.rf.d2aa8881a0b4f54b4bdb89392b953e71.jpg,TP,16,5,0.8941085868309588,2397,2522,1155.960648148148,1216.2422839506173
ROSILHA-M-B_009_jpg.rf.d2aa8881a0b4f54b4bdb89392b953e71.jpg,TP,34,39,0.8920430107526882,2198,2201,1059.9922839506173,1061.4390432098764
ROSILHA-M-B_009_jpg.rf.d2aa8881a0b4f54b4bdb89392b953e71.jpg,TP,23,7,0.8903053661428995,3076,3300,1483.4104938271605,1591.4351851851852
ROSILHA-M-B_009_jpg.rf.d2aa8881a0b4f54b4bdb89392b953e71.jpg,TP,28,8,0.8899590975062673,7137,7187,3441.840277777778,3465.9529320987654
ROSILHA-M-B_009_jpg.rf.d2aa8881a0b4f54b4bdb89392b953e71.jpg,TP,4,36,0.8874612317235268,2059,2201,992.9591049382716,1061.4390432098764
ROSILHA-M-B_009_jpg.rf.d2aa8881a0b4f54b4bdb89392b953e71.jpg,TP,20,2,0.8811096433289299,2107,2165,1016.1072530864197,1044.0779320987654
ROSILHA-M-B_009_jpg.rf.d2aa8881a0b4f54b4bdb89392b953e71.jpg,TP,8,11,0.8692691783931004,1949,2169,939.9112654320987,1046.0069444444443
ROSILHA-M-B_009_jpg.rf.d2aa8881a0b4f54b4bdb89392b953e71.jpg,TP,22,29,0.8647512263489839,1310,1351,631.7515432098766,651.5239197530864
ROSILHA-M-B_009_jpg.rf.d2aa8881a0b4f54b4bdb89392b953e71.jpg,TP,13,20,0.8628239499553172,2108,2061,1016.5895061728395,993.9236111111111
ROSILHA-M-B_009_jpg.rf.d2aa8881a0b4f54b4bdb89392b953e71.jpg,TP,12,19,0.8584031760035289,2028,2185,978.0092592592592,1053.7229938271605
ROSILHA-M-B_009_jpg.rf.d2aa8881a0b4f54b4bdb89392b953e71.jpg,TP,21,22,0.8539201183431953,2614,2399,1260.6095679012344,1156.9251543209875
ROSILHA-M-B_009_jpg.rf.d2aa8881a0b4f54b4bdb89392b953e71.jpg,TP,37,27,0.8496860017556891,13200,14192,6365.740740740741,6844.135802469135
ROSILHA-M-B_009_jpg.rf.d2aa8881a0b4f54b4bdb89392b953e71.jpg,TP,27,15,0.8338699291693497,2682,3014,1293.4027777777778,1453.5108024691358
ROSILHA-M-B_009_jpg.rf.d2aa8881a0b4f54b4bdb89392b953e71.jpg,TP,25,30,0.8306546452371619,2272,2398,1095.679012345679,1156.442901234568
ROSILHA-M-B_009_jpg.rf.d2aa8881a0b4f54b4bdb89392b953e71.jpg,TP,35,31,0.8191881918819188,452,534,217.97839506172838,257.52314814814815
ROSILHA-M-B_009_jpg.rf.d2aa8881a0b4f54b4bdb89392b953e71.jpg,TP,36,3,0.790929203539823,775,844,373.7461419753086,407.0216049382716
ROSILHA-M-B_009_jpg.rf.d2aa8881a0b4f54b4bdb89392b953e71.jpg,TP,26,4,0.7892976588628763,1024,1116,493.82716049382714,538.1944444444445
ROSILHA-M-B_009_jpg.rf.d2aa8881a0b4f54b4bdb89392b953e71.jpg,TP,32,25,0.7554744525547445,274,207,132.13734567901233,99.82638888888889
ROSILHA-M-B_009_jpg.rf.d2aa8881a0b4f54b4bdb89392b953e71.jpg,TP,33,18,0.680672268907563,228,172,109.9537037037037,82.94753086419753
ROSILHA-M-B_009_jpg.rf.d2aa8881a0b4f54b4bdb89392b953e71.jpg,TP,29,42,0.5071545298736498,13153,24660,6343.0748456790125,11892.361111111111
ROSILHA-M-B_009_jpg.rf.d2aa8881a0b4f54b4bdb89392b953e71.jpg,FP,30,-1,0.0,0,1957,0.0,943.7692901234567
ROSILHA-M-B_009_jpg.rf.d2aa8881a0b4f54b4bdb89392b953e71.jpg,FP,38,-1,0.0,0,258,0.0,124.42129629629629
ROSILHA-M-B_009_jpg.rf.d2aa8881a0b4f54b4bdb89392b953e71.jpg,FP,39,-1,0.0,0,8630,0.0,4161.844135802469
ROSILHA-M-B_009_jpg.rf.d2aa8881a0b4f54b4bdb89392b953e71.jpg,FN,-1,9,0.0,3025,0,1458.8155864197531,0.0
ROSILHA-M-B_009_jpg.rf.d2aa8881a0b4f54b4bdb89392b953e71.jpg,FN,-1,13,0.0,2823,0,1361.4004629629628,0.0
ROSILHA-M-B_009_jpg.rf.d2aa8881a0b4f54b4bdb89392b953e71.jpg,FN,-1,16,0.0,11219,0,5410.397376543209,0.0
ROSILHA-M-B_009_jpg.rf.d2aa8881a0b4f54b4bdb89392b953e71.jpg,FN,-1,40,0.0,3631,0,1751.0609567901233,0.0
ROSILHA-M-B_009_jpg.rf.d2aa8881a0b4f54b4bdb89392b953e71.jpg,FN,-1,41,0.0,4386,0,2115.162037037037,0.0
ROSILHA-M-D_006_jpg.rf.de71085683e9c7eb460be0f184fb31ac.jpg,TP,7,22,0.9681978798586572,1959,1940,944.7337962962963,935.5709876543209
ROSILHA-M-D_006_jpg.rf.de71085683e9c7eb460be0f184fb31ac.jpg,TP,0,13,0.9336206896551724,3309,3420,1595.7754629629628,1649.3055555555554
ROSILHA-M-D_006_jpg.rf.de71085683e9c7eb460be0f184fb31ac.jpg,TP,11,25,0.9333777481678881,2847,2957,1372.974537037037,1426.0223765432097
ROSILHA-M-D_006_jpg.rf.de71085683e9c7eb460be0f184fb31ac.jpg,TP,9,19,0.9312909509474057,5361,5545,2585.358796296296,2674.0933641975307
ROSILHA-M-D_006_jpg.rf.de71085683e9c7eb460be0f184fb31ac.jpg,TP,1,2,0.9300179211469534,10513,11026,5069.926697530864,5317.322530864198
ROSILHA-M-D_006_jpg.rf.de71085683e9c7eb460be0f184fb31ac.jpg,TP,4,15,0.9298377970577141,7557,7791,3644.386574074074,3757.233796296296
ROSILHA-M-D_006_jpg.rf.de71085683e9c7eb460be0f184fb31ac.jpg,TP,25,5,0.9285714285714286,2820,2958,1359.9537037037037,1426.5046296296296
ROSILHA-M-D_006_jpg.rf.de71085683e9c7eb460be0f184fb31ac.jpg,TP,21,21,0.9279443621023828,8625,8285,4159.43287037037,3995.466820987654
ROSILHA-M-D_006_jpg.rf.de71085683e9c7eb460be0f184fb31ac.jpg,TP,31,8,0.9267566948958572,4118,4300,1985.9182098765432,2073.688271604938
ROSILHA-M-D_006_jpg.rf.de71085683e9c7eb460be0f184fb31ac.jpg,TP,2,14,0.925751539297356,2632,2685,1269.29012345679,1294.849537037037
ROSILHA-M-D_006_jpg.rf.de71085683e9c7eb460be0f184fb31ac.jpg,TP,24,20,0.9246930161166539,9845,10218,4747.781635802469,4927.6620370370365
ROSILHA-M-D_006_jpg.rf.de71085683e9c7eb460be0f184fb31ac.jpg,TP,3,18,0.9207393483709273,2995,3136,1444.3479938271605,1512.3456790123455
ROSILHA-M-D_006_jpg.rf.de71085683e9c7eb460be0f184fb31ac.jpg,TP,5,7,0.9189024390243903,3104,3190,1496.9135802469134,1538.3873456790122
ROSILHA-M-D_006_jpg.rf.de71085683e9c7eb460be0f184fb31ac.jpg,TP,6,10,0.9123245529705826,4860,5086,2343.75,2452.739197530864
ROSILHA-M-D_006_jpg.rf.de71085683e9c7eb460be0f184fb31ac.jpg,TP,36,9,0.9091778202676865,2980,3011,1437.1141975308642,1452.0640432098764
ROSILHA-M-D_006_jpg.rf.de71085683e9c7eb460be0f184fb31ac.jpg,TP,33,11,0.9010133912414042,5027,5478,2424.286265432099,2641.7824074074074
ROSILHA-M-D_006_jpg.rf.de71085683e9c7eb460be0f184fb31ac.jpg,TP,20,26,0.8998971546109016,2652,2890,1278.9351851851852,1393.7114197530864
ROSILHA-M-D_006_jpg.rf.de71085683e9c7eb460be0f184fb31ac.jpg,TP,17,17,0.8884150675195451,5117,5511,2467.689043209876,2657.696759259259
ROSILHA-M-D_006_jpg.rf.de71085683e9c7eb460be0f184fb31ac.jpg,TP,15,29,0.8826151560178306,1234,1300,595.1003086419753,626.929012345679
ROSILHA-M-D_006_jpg.rf.de71085683e9c7eb460be0f184fb31ac.jpg,TP,16,3,0.8739393939393939,1493,1599,720.0038580246913,771.1226851851851
ROSILHA-M-D_006_jpg.rf.de71085683e9c7eb460be0f184fb31ac.jpg,TP,10,27,0.8718816067653277,2163,2264,1043.1134259259259,1091.820987654321
ROSILHA-M-D_006_jpg.rf.de71085683e9c7eb460be0f184fb31ac.jpg,TP,13,0,0.8706935123042505,6002,6541,2894.483024691358,3154.4174382716046
ROSILHA-M-D_006_jpg.rf.de71085683e9c7eb460be0f184fb31ac.jpg,TP,12,6,0.8687035507844756,2154,2372,1038.773148148148,1143.9043209876543
ROSILHA-M-D_006_jpg.rf.de71085683e9c7eb460be0f184fb31ac.jpg,TP,18,28,0.8641304347826086,1333,1411,642.8433641975308,680.4591049382716
ROSILHA-M-D_006_jpg.rf.de71085683e9c7eb460be0f184fb31ac.jpg,TP,19,16,0.8342070773263434,1430,1369,689.6219135802469,660.2044753086419
ROSILHA-M-D_006_jpg.rf.de71085683e9c7eb460be0f184fb31ac.jpg,TP,8,1,0.8191969321001579,17287,14971,8336.70910493827,7219.810956790123
ROSILHA-M-D_006_jpg.rf.de71085683e9c7eb460be0f184fb31ac.jpg,TP,14,36,0.8026058631921824,1309,1458,631.2692901234568,703.125
ROSILHA-M-D_006_jpg.rf.de71085683e9c7eb460be0f184fb31ac.jpg,TP,26,30,0.7513513513513513,150,174,72.33796296296296,83.91203703703704
ROSILHA-M-D_006_jpg.rf.de71085683e9c7eb460be0f184fb31ac.jpg,TP,28,37,0.7062937062937062,116,128,55.941358024691354,61.72839506172839
ROSILHA-M-D_006_jpg.rf.de71085683e9c7eb460be0f184fb31ac.jpg,TP,29,23,0.6884422110552764,172,164,82.94753086419753,79.0895061728395
ROSILHA-M-D_006_jpg.rf.de71085683e9c7eb460be0f184fb31ac.jpg,TP,37,34,0.6727272727272727,317,327,152.87422839506172,157.69675925925924
ROSILHA-M-D_006_jpg.rf.de71085683e9c7eb460be0f184fb31ac.jpg,TP,32,24,0.6456908344733242,3546,2469,1710.0694444444443,1190.6828703703702
ROSILHA-M-D_006_jpg.rf.de71085683e9c7eb460be0f184fb31ac.jpg,TP,22,38,0.6257242178447276,1179,1627,568.5763888888889,784.6257716049382
ROSILHA-M-D_006_jpg.rf.de71085683e9c7eb460be0f184fb31ac.jpg,FP,23,-1,0.0,0,174,0.0,83.91203703703704
ROSILHA-M-D_006_jpg.rf.de71085683e9c7eb460be0f184fb31ac.jpg,FP,27,-1,0.0,0,15465,0.0,7458.043981481481
ROSILHA-M-D_006_jpg.rf.de71085683e9c7eb460be0f184fb31ac.jpg,FP,30,-1,0.0,0,232,0.0,111.88271604938271
ROSILHA-M-D_006_jpg.rf.de71085683e9c7eb460be0f184fb31ac.jpg,FP,34,-1,0.0,0,4919,0.0,2372.2029320987654
ROSILHA-M-D_006_jpg.rf.de71085683e9c7eb460be0f184fb31ac.jpg,FP,35,-1,0.0,0,142,0.0,68.47993827160494
ROSILHA-M-D_006_jpg.rf.de71085683e9c7eb460be0f184fb31ac.jpg,FP,38,-1,0.0,0,909,0.0,438.36805555555554
ROSILHA-M-D_006_jpg.rf.de71085683e9c7eb460be0f184fb31ac.jpg,FN,-1,4,0.0,2867,0,1382.619598765432,0.0
ROSILHA-M-D_006_jpg.rf.de71085683e9c7eb460be0f184fb31ac.jpg,FN,-1,12,0.0,3722,0,1794.9459876543208,0.0
ROSILHA-M-D_006_jpg.rf.de71085683e9c7eb460be0f184fb31ac.jpg,FN,-1,31,0.0,200,0,96.4506172839506,0.0
ROSILHA-M-D_006_jpg.rf.de71085683e9c7eb460be0f184fb31ac.jpg,FN,-1,32,0.0,30,0,14.467592592592592,0.0
ROSILHA-M-D_006_jpg.rf.de71085683e9c7eb460be0f184fb31ac.jpg,FN,-1,33,0.0,312,0,150.46296296296296,0.0
ROSILHA-M-D_006_jpg.rf.de71085683e9c7eb460be0f184fb31ac.jpg,FN,-1,35,0.0,33,0,15.914351851851851,0.0
ROSILHA-M-D_009_jpg.rf.b52035c8fe5fd87e1eed76dc4bbe6a14.jpg,TP,7,16,0.9643611981633992,13442,13511,6482.445987654321,6515.721450617284
ROSILHA-M-D_009_jpg.rf.b52035c8fe5fd87e1eed76dc4bbe6a14.jpg,TP,3,9,0.9622773804515495,14003,13983,6752.989969135802,6743.344907407407
ROSILHA-M-D_009_jpg.rf.b52035c8fe5fd87e1eed76dc4bbe6a14.jpg,TP,11,5,0.9563658956222519,20371,20564,9823.977623456789,9917.052469135802
ROSILHA-M-D_009_jpg.rf.b52035c8fe5fd87e1eed76dc4bbe6a14.jpg,TP,1,11,0.9562866852023478,12548,12782,6051.311728395061,6164.158950617284
ROSILHA-M-D_009_jpg.rf.b52035c8fe5fd87e1eed76dc4bbe6a14.jpg,TP,10,8,0.9553466509988249,3327,3329,1604.4560185185185,1605.420524691358
ROSILHA-M-D_009_jpg.rf.b52035c8fe5fd87e1eed76dc4bbe6a14.jpg,TP,5,20,0.9550529630689951,17036,17109,8215.663580246914,8250.868055555555
ROSILHA-M-D_009_jpg.rf.b52035c8fe5fd87e1eed76dc4bbe6a14.jpg,TP,21,3,0.9493106523081144,14231,14188,6862.943672839506,6842.206790123457
ROSILHA-M-D_009_jpg.rf.b52035c8fe5fd87e1eed76dc4bbe6a14.jpg,TP,13,18,0.9474074074074074,7944,7830,3831.0185185185182,3776.0416666666665
ROSILHA-M-D_009_jpg.rf.b52035c8fe5fd87e1eed76dc4bbe6a14.jpg,TP,15,23,0.940567066521265,32761,31301,15799.09336419753,15095.003858024691
ROSILHA-M-D_009_jpg.rf.b52035c8fe5fd87e1eed76dc4bbe6a14.jpg,TP,2,10,0.9384644335716974,5127,5174,2472.511574074074,2495.1774691358023
ROSILHA-M-D_009_jpg.rf.b52035c8fe5fd87e1eed76dc4bbe6a14.jpg,TP,0,19,0.9377066525591853,7271,7380,3506.4621913580245,3559.027777777778
ROSILHA-M-D_009_jpg.rf.b52035c8fe5fd87e1eed76dc4bbe6a14.jpg,TP,12,13,0.9364345564865646,3378,3324,1629.0509259259259,1603.0092592592591
ROSILHA-M-D_009_jpg.rf.b52035c8fe5fd87e1eed76dc4bbe6a14.jpg,TP,9,12,0.9363841807909604,8550,8587,4123.263888888889,4141.107253086419
ROSILHA-M-D_009_jpg.rf.b52035c8fe5fd87e1eed76dc4bbe6a14.jpg,TP,8,4,0.932250259246457,5639,5541,2719.4251543209875,2672.1643518518517
ROSILHA-M-D_009_jpg.rf.b52035c8fe5fd87e1eed76dc4bbe6a14.jpg,TP,17,0,0.9309273776068628,6498,6557,3133.680555555555,3162.133487654321
ROSILHA-M-D_009_jpg.rf.b52035c8fe5fd87e1eed76dc4bbe6a14.jpg,TP,19,22,0.9288084464555053,3240,3154,1562.5,1521.0262345679012
ROSILHA-M-D_009_jpg.rf.b52035c8fe5fd87e1eed76dc4bbe6a14.jpg,TP,6,6,0.9276126558005753,2050,1971,988.6188271604938,950.5208333333333
ROSILHA-M-D_009_jpg.rf.b52035c8fe5fd87e1eed76dc4bbe6a14.jpg,TP,16,1,0.9062976130015236,3754,3753,1810.378086419753,1809.8958333333333
ROSILHA-M-D_009_jpg.rf.b52035c8fe5fd87e1eed76dc4bbe6a14.jpg,TP,18,25,0.8973816450674424,3548,3626,1711.0339506172838,1748.6496913580247
ROSILHA-M-D_009_jpg.rf.b52035c8fe5fd87e1eed76dc4bbe6a14.jpg,TP,14,24,0.8919876051350155,2117,2157,1020.9297839506172,1040.2199074074074
ROSILHA-M-D_009_jpg.rf.b52035c8fe5fd87e1eed76dc4bbe6a14.jpg,TP,4,7,0.8905572238905572,2841,2825,1370.0810185185185,1362.3649691358023
ROSILHA-M-D_009_jpg.rf.b52035c8fe5fd87e1eed76dc4bbe6a14.jpg,TP,20,17,0.856140350877193,268,261,129.24382716049382,125.86805555555554
ROSILHA-M-D_009_jpg.rf.b52035c8fe5fd87e1eed76dc4bbe6a14.jpg,TP,23,14,0.8511156186612576,2191,2372,1056.616512345679,1143.9043209876543
ROSILHA-M-D_009_jpg.rf.b52035c8fe5fd87e1eed76dc4bbe6a14.jpg,TP,22,2,0.8500338524035207,2637,2828,1271.701388888889,1363.8117283950617
ROSILHA-M-D_009_jpg.rf.b52035c8fe5fd87e1eed76dc4bbe6a14.jpg,TP,24,15,0.7746478873239436,186,192,89.69907407407408,92.59259259259258
ROSILHA-M-D_009_jpg.rf.b52035c8fe5fd87e1eed76dc4bbe6a14.jpg,FN,-1,21,0.0,4411,0,2127.2183641975307,0.0
ROSILHA-M-G_001_jpg.rf.3dab74a9f6c203f6aca8afc07a353bd2.jpg,TP,2,10,0.9528528953702393,6925,6868,3339.60262345679,3312.114197530864
ROSILHA-M-G_001_jpg.rf.3dab74a9f6c203f6aca8afc07a353bd2.jpg,TP,0,8,0.943308216720488,5388,5444,2598.3796296296296,2625.385802469136
ROSILHA-M-G_001_jpg.rf.3dab74a9f6c203f6aca8afc07a353bd2.jpg,TP,4,9,0.9416782999844889,6107,6411,2945.119598765432,3091.724537037037
ROSILHA-M-G_001_jpg.rf.3dab74a9f6c203f6aca8afc07a353bd2.jpg,TP,17,14,0.9399780407466146,7963,7939,3840.1813271604938,3828.6072530864194
ROSILHA-M-G_001_jpg.rf.3dab74a9f6c203f6aca8afc07a353bd2.jpg,TP,7,6,0.9237023139462164,6132,6172,2957.1759259259256,2976.466049382716
ROSILHA-M-G_001_jpg.rf.3dab74a9f6c203f6aca8afc07a353bd2.jpg,TP,9,7,0.9148174659985684,2656,2694,1280.8641975308642,1299.1898148148148
ROSILHA-M-G_001_jpg.rf.3dab74a9f6c203f6aca8afc07a353bd2.jpg,TP,11,4,0.9128165474579548,5004,4891,2413.1944444444443,2358.699845679012
ROSILHA-M-G_001_jpg.rf.3dab74a9f6c203f6aca8afc07a353bd2.jpg,TP,3,13,0.9108399812294697,3995,4149,1926.6010802469134,2000.8680555555554
ROSILHA-M-G_001_jpg.rf.3dab74a9f6c203f6aca8afc07a353bd2.jpg,TP,1,0,0.9079336885731202,3156,3289,1521.9907407407406,1586.130401234568
ROSILHA-M-G_001_jpg.rf.3dab74a9f6c203f6aca8afc07a353bd2.jpg,TP,5,11,0.9065934065934066,2209,2302,1065.2970679012344,1110.1466049382716
ROSILHA-M-G_001_jpg.rf.3dab74a9f6c203f6aca8afc07a353bd2.jpg,TP,8,3,0.9007242003621002,6119,6479,2950.906635802469,3124.51774691358
ROSILHA-M-G_001_jpg.rf.3dab74a9f6c203f6aca8afc07a353bd2.jpg,TP,6,5,0.8927875243664717,2876,2950,1386.9598765432097,1422.6466049382716
ROSILHA-M-G_001_jpg.rf.3dab74a9f6c203f6aca8afc07a353bd2.jpg,TP,10,12,0.8744641763625229,1483,1578,715.1813271604938,760.9953703703703
ROSILHA-M-G_001_jpg.rf.3dab74a9f6c203f6aca8afc07a353bd2.jpg,TP,12,1,0.8693251533742331,1507,1540,726.7554012345679,742.6697530864197
ROSILHA-M-G_001_jpg.rf.3dab74a9f6c203f6aca8afc07a353bd2.jpg,TP,13,17,0.8070953436807096,451,364,217.49614197530863,175.54012345679013
ROSILHA-M-G_001_jpg.rf.3dab74a9f6c203f6aca8afc07a353bd2.jpg,TP,14,16,0.79463243873979,830,708,400.27006172839504,341.43518518518516
ROSILHA-M-G_001_jpg.rf.3dab74a9f6c203f6aca8afc07a353bd2.jpg,TP,19,15,0.7431892480929895,2738,2061,1320.4089506172838,993.9236111111111
ROSILHA-M-G_001_jpg.rf.3dab74a9f6c203f6aca8afc07a353bd2.jpg,TP,16,2,0.7116843702579666,559,569,269.579475308642,274.4020061728395
ROSILHA-M-G_001_jpg.rf.3dab74a9f6c203f6aca8afc07a353bd2.jpg,FP,15,-1,0.0,0,230,0.0,110.9182098765432
ROSILHA-M-G_001_jpg.rf.3dab74a9f6c203f6aca8afc07a353bd2.jpg,FP,18,-1,0.0,0,5503,0.0,2653.838734567901
ROSILHA-M-G_005_jpg.rf.afae2fb85329c0fe56679d51ca1c64fd.jpg,TP,10,11,0.9383293314798433,23056,22958,11118.827160493827,11071.566358024691
ROSILHA-M-G_005_jpg.rf.afae2fb85329c0fe56679d51ca1c64fd.jpg,TP,0,2,0.9203145867339367,6501,6440,3135.127314814815,3105.7098765432097
ROSILHA-M-G_005_jpg.rf.afae2fb85329c0fe56679d51ca1c64fd.jpg,TP,6,10,0.9187283681579285,7305,7663,3522.858796296296,3695.5054012345677
ROSILHA-M-G_005_jpg.rf.afae2fb85329c0fe56679d51ca1c64fd.jpg,TP,1,0,0.9049429657794676,718,785,346.2577160493827,378.5686728395062
ROSILHA-M-G_005_jpg.rf.afae2fb85329c0fe56679d51ca1c64fd.jpg,TP,7,7,0.9034069636840135,5044,5124,2432.4845679012346,2471.064814814815
ROSILHA-M-G_005_jpg.rf.afae2fb85329c0fe56679d51ca1c64fd.jpg,TP,3,1,0.8817258563048004,14291,15540,6891.878858024691,7494.212962962963
ROSILHA-M-G_005_jpg.rf.afae2fb85329c0fe56679d51ca1c64fd.jpg,TP,8,3,0.8578431372549019,194,185,93.55709876543209,89.21682098765432
ROSILHA-M-G_005_jpg.rf.afae2fb85329c0fe56679d51ca1c64fd.jpg,TP,9,9,0.8327762923351159,8005,8446,3860.4359567901233,4073.109567901234
ROSILHA-M-G_005_jpg.rf.afae2fb85329c0fe56679d51ca1c64fd.jpg,TP,4,4,0.8278482203768613,36652,41048,17675.54012345679,19795.524691358023
ROSILHA-M-G_005_jpg.rf.afae2fb85329c0fe56679d51ca1c64fd.jpg,TP,2,6,0.7275641025641025,22146,29059,10679.976851851852,14013.792438271605
ROSILHA-M-G_005_jpg.rf.afae2fb85329c0fe56679d51ca1c64fd.jpg,FP,5,-1,0.0,0,211,0.0,101.7554012345679
ROSILHA-M-G_005_jpg.rf.afae2fb85329c0fe56679d51ca1c64fd.jpg,FP,11,-1,0.0,0,173,0.0,83.42978395061728
ROSILHA-M-G_005_jpg.rf.afae2fb85329c0fe56679d51ca1c64fd.jpg,FP,12,-1,0.0,0,65291,0.0,31486.786265432096
ROSILHA-M-G_005_jpg.rf.afae2fb85329c0fe56679d51ca1c64fd.jpg,FN,-1,5,0.0,14099,0,6799.286265432099,0.0
ROSILHA-M-G_005_jpg.rf.afae2fb85329c0fe56679d51ca1c64fd.jpg,FN,-1,8,0.0,14572,0,7027.391975308642,0.0
ROSILHA-M-G_005_jpg.rf.afae2fb85329c0fe56679d51ca1c64fd.jpg,FN,-1,12,0.0,6834,0,3295.7175925925926,0.0
ROSILHA-M-G_017_jpg.rf.85fc7b8a7b63a2cbb64907a1c82d5d51.jpg,TP,0,16,0.9474002418379686,4793,4870,2311.439043209876,2348.5725308641972
ROSILHA-M-G_017_jpg.rf.85fc7b8a7b63a2cbb64907a1c82d5d51.jpg,TP,1,14,0.9391373379200847,3628,3700,1749.6141975308642,1784.3364197530864
ROSILHA-M-G_017_jpg.rf.85fc7b8a7b63a2cbb64907a1c82d5d51.jpg,TP,16,12,0.9351179673321234,4162,4368,2007.1373456790122,2106.4814814814813
ROSILHA-M-G_017_jpg.rf.85fc7b8a7b63a2cbb64907a1c82d5d51.jpg,TP,6,1,0.9294519249004362,5049,5125,2434.895833333333,2471.5470679012346
ROSILHA-M-G_017_jpg.rf.85fc7b8a7b63a2cbb64907a1c82d5d51.jpg,TP,7,2,0.9213389121338912,6749,7027,3254.7260802469136,3388.7924382716046
ROSILHA-M-G_017_jpg.rf.85fc7b8a7b63a2cbb64907a1c82d5d51.jpg,TP,2,9,0.9206428930185836,5666,5806,2732.445987654321,2799.9614197530864
ROSILHA-M-G_017_jpg.rf.85fc7b8a7b63a2cbb64907a1c82d5d51.jpg,TP,9,7,0.9164592961251333,2635,2756,1270.7368827160494,1329.0895061728395
ROSILHA-M-G_017_jpg.rf.85fc7b8a7b63a2cbb64907a1c82d5d51.jpg,TP,5,10,0.9077306733167082,1860,1965,896.9907407407406,947.6273148148148
ROSILHA-M-G_017_jpg.rf.85fc7b8a7b63a2cbb64907a1c82d5d51.jpg,TP,3,0,0.9041697147037308,2501,2705,1206.1149691358023,1304.494598765432
ROSILHA-M-G_017_jpg.rf.85fc7b8a7b63a2cbb64907a1c82d5d51.jpg,TP,10,15,0.9039481437831467,1578,1653,760.9953703703703,797.1643518518518
ROSILHA-M-G_017_jpg.rf.85fc7b8a7b63a2cbb64907a1c82d5d51.jpg,TP,4,8,0.9030201342281879,2770,2901,1335.841049382716,1399.0162037037037
ROSILHA-M-G_017_jpg.rf.85fc7b8a7b63a2cbb64907a1c82d5d51.jpg,TP,8,6,0.896110290497292,1859,1992,896.5084876543209,960.6481481481482
ROSILHA-M-G_017_jpg.rf.85fc7b8a7b63a2cbb64907a1c82d5d51.jpg,TP,14,3,0.8879757785467128,2118,2247,1021.412037037037,1083.6226851851852
ROSILHA-M-G_017_jpg.rf.85fc7b8a7b63a2cbb64907a1c82d5d51.jpg,TP,12,4,0.8855897575592482,3495,3427,1685.474537037037,1652.6813271604938
ROSILHA-M-G_017_jpg.rf.85fc7b8a7b63a2cbb64907a1c82d5d51.jpg,TP,11,5,0.7764449291166848,766,863,369.40586419753083,416.1844135802469
ROSILHA-M-G_017_jpg.rf.85fc7b8a7b63a2cbb64907a1c82d5d51.jpg,FP,13,-1,0.0,0,218,0.0,105.13117283950616
ROSILHA-M-G_017_jpg.rf.85fc7b8a7b63a2cbb64907a1c82d5d51.jpg,FP,15,-1,0.0,0,499,0.0,240.64429012345678
ROSILHA-M-G_017_jpg.rf.85fc7b8a7b63a2cbb64907a1c82d5d51.jpg,FN,-1,11,0.0,7031,0,3390.7214506172836,0.0
ROSILHA-M-G_017_jpg.rf.85fc7b8a7b63a2cbb64907a1c82d5d51.jpg,FN,-1,13,0.0,3966,0,1912.6157407407406,0.0
TORDILHA-B_009_jpg.rf.5902113a7929ec9592dc2b09471de461.jpg,TP,43,33,0.9344787419918462,9757,10172,4705.343364197531,4905.478395061728
TORDILHA-B_009_jpg.rf.5902113a7929ec9592dc2b09471de461.jpg,TP,12,4,0.928537170263789,1966,2055,948.1095679012345,991.0300925925925
TORDILHA-B_009_jpg.rf.5902113a7929ec9592dc2b09471de461.jpg,TP,1,36,0.9223449447748513,5492,5821,2648.5339506172836,2807.1952160493825
TORDILHA-B_009_jpg.rf.5902113a7929ec9592dc2b09471de461.jpg,TP,10,21,0.9183266932270916,1854,1998,894.0972222222222,963.5416666666666
TORDILHA-B_009_jpg.rf.5902113a7929ec9592dc2b09471de461.jpg,TP,46,41,0.9178743961352657,400,394,192.9012345679012,190.0077160493827
TORDILHA-B_009_jpg.rf.5902113a7929ec9592dc2b09471de461.jpg,TP,2,38,0.9174566473988439,4084,4209,1969.5216049382716,2029.8032407407406
TORDILHA-B_009_jpg.rf.5902113a7929ec9592dc2b09471de461.jpg,TP,3,26,0.9118034225537517,2091,2266,1008.3912037037037,1092.7854938271605
TORDILHA-B_009_jpg.rf.5902113a7929ec9592dc2b09471de461.jpg,TP,11,24,0.9116347569955817,2548,2644,1228.7808641975307,1275.077160493827
TORDILHA-B_009_jpg.rf.5902113a7929ec9592dc2b09471de461.jpg,TP,15,37,0.9086729031235136,5944,6094,2866.512345679012,2938.850308641975
TORDILHA-B_009_jpg.rf.5902113a7929ec9592dc2b09471de461.jpg,TP,28,28,0.9077441077441077,1379,1454,665.0270061728395,701.1959876543209
TORDILHA-B_009_jpg.rf.5902113a7929ec9592dc2b09471de461.jpg,TP,4,3,0.9041517170681702,1795,1920,865.6442901234567,925.9259259259259
TORDILHA-B_009_jpg.rf.5902113a7929ec9592dc2b09471de461.jpg,TP,24,9,0.902867715078631,3096,3075,1493.0555555555554,1482.9282407407406
TORDILHA-B_009_jpg.rf.5902113a7929ec9592dc2b09471de461.jpg,TP,19,10,0.8991910392034848,1485,1567,716.1458333333333,755.690586419753
TORDILHA-B_009_jpg.rf.5902113a7929ec9592dc2b09471de461.jpg,TP,7,22,0.8983050847457628,1694,1778,816.9367283950617,857.4459876543209
TORDILHA-B_009_jpg.rf.5902113a7929ec9592dc2b09471de461.jpg,TP,0,25,0.893979057591623,1447,1447,697.8202160493827,697.8202160493827
TORDILHA-B_009_jpg.rf.5902113a7929ec9592dc2b09471de461.jpg,TP,5,31,0.8920402561756633,2030,2106,978.9737654320987,1015.625
TORDILHA-B_009_jpg.rf.5902113a7929ec9592dc2b09471de461.jpg,TP,6,7,0.8909090909090909,2339,2445,1127.9899691358023,1179.1087962962963
TORDILHA-B_009_jpg.rf.5902113a7929ec9592dc2b09471de461.jpg,TP,8,23,0.8899620558813384,2663,2816,1284.2399691358023,1358.0246913580247
TORDILHA-B_009_jpg.rf.5902113a7929ec9592dc2b09471de461.jpg,TP,40,30,0.8886921325575512,3687,3779,1778.0671296296296,1822.4344135802469
TORDILHA-B_009_jpg.rf.5902113a7929ec9592dc2b09471de461.jpg,TP,33,45,0.8865373309817755,1576,1633,760.0308641975308,787.5192901234567
TORDILHA-B_009_jpg.rf.5902113a7929ec9592dc2b09471de461.jpg,TP,9,8,0.8857971014492754,1589,1664,766.3001543209876,802.469135802469
TORDILHA-B_009_jpg.rf.5902113a7929ec9592dc2b09471de461.jpg,TP,29,39,0.8838101884159106,2683,2716,1293.8850308641975,1309.7993827160494
TORDILHA-B_009_jpg.rf.5902113a7929ec9592dc2b09471de461.jpg,TP,13,35,0.8787625418060201,2181,2313,1051.7939814814815,1115.451388888889
TORDILHA-B_009_jpg.rf.5902113a7929ec9592dc2b09471de461.jpg,TP,27,32,0.8786390740091196,2586,2770,1247.1064814814815,1335.841049382716
TORDILHA-B_009_jpg.rf.5902113a7929ec9592dc2b09471de461.jpg,TP,21,17,0.8776333482743165,2030,2159,978.9737654320987,1041.1844135802469
TORDILHA-B_009_jpg.rf.5902113a7929ec9592dc2b09471de461.jpg,TP,22,46,0.8730366492146597,1364,1498,657.7932098765432,722.4151234567901
TORDILHA-B_009_jpg.rf.5902113a7929ec9592dc2b09471de461.jpg,TP,23,40,0.87125,737,760,355.420524691358,366.51234567901236
TORDILHA-B_009_jpg.rf.5902113a7929ec9592dc2b09471de461.jpg,TP,14,1,0.8704720087815587,1631,1777,786.5547839506172,856.9637345679012
TORDILHA-B_009_jpg.rf.5902113a7929ec9592dc2b09471de461.jpg,TP,20,29,0.8678646934460887,864,903,416.66666666666663,435.474537037037
TORDILHA-B_009_jpg.rf.5902113a7929ec9592dc2b09471de461.jpg,TP,26,47,0.86314820497085,2880,3192,1388.888888888889,1539.3518518518517
TORDILHA-B_009_jpg.rf.5902113a7929ec9592dc2b09471de461.jpg,TP,18,16,0.8570422535211267,1238,1399,597.0293209876543,674.6720679012345
TORDILHA-B_009_jpg.rf.5902113a7929ec9592dc2b09471de461.jpg,TP,17,34,0.8528510116492949,1460,1562,704.0895061728395,753.2793209876543
TORDILHA-B_009_jpg.rf.5902113a7929ec9592dc2b09471de461.jpg,TP,16,6,0.8523521192361434,1906,2071,919.1743827160493,998.7461419753085
TORDILHA-B_009_jpg.rf.5902113a7929ec9592dc2b09471de461.jpg,TP,39,19,0.8394801545486477,2428,2809,1170.9104938271605,1354.6489197530864
TORDILHA-B_009_jpg.rf.5902113a7929ec9592dc2b09471de461.jpg,TP,45,43,0.8363171355498721,1429,1443,689.1396604938271,695.8912037037037
TORDILHA-B_009_jpg.rf.5902113a7929ec9592dc2b09471de461.jpg,TP,25,27,0.8283220174587779,901,984,434.5100308641975,474.537037037037
TORDILHA-B_009_jpg.rf.5902113a7929ec9592dc2b09471de461.jpg,TP,36,0,0.825731362063542,2983,2821,1438.5609567901233,1360.4359567901233
TORDILHA-B_009_jpg.rf.5902113a7929ec9592dc2b09471de461.jpg,TP,32,18,0.8200501253132833,1666,1965,803.4336419753085,947.6273148148148
TORDILHA-B_009_jpg.rf.5902113a7929ec9592dc2b09471de461.jpg,TP,35,42,0.7926267281105991,213,176,102.7199074074074,84.87654320987654
TORDILHA-B_009_jpg.rf.5902113a7929ec9592dc2b09471de461.jpg,TP,34,2,0.7794117647058824,795,899,383.3912037037037,433.545524691358
TORDILHA-B_009_jpg.rf.5902113a7929ec9592dc2b09471de461.jpg,TP,44,15,0.7735849056603774,164,212,79.0895061728395,102.23765432098764
TORDILHA-B_009_jpg.rf.5902113a7929ec9592dc2b09471de461.jpg,TP,31,44,0.7361809045226131,345,346,166.3773148148148,166.85956790123456
TORDILHA-B_009_jpg.rf.5902113a7929ec9592dc2b09471de461.jpg,TP,30,12,0.7357259380097879,511,553,246.43132716049382,266.68595679012344
TORDILHA-B_009_jpg.rf.5902113a7929ec9592dc2b09471de461.jpg,TP,38,20,0.6512925423098382,5131,3748,2474.440586419753,1807.4845679012344
TORDILHA-B_009_jpg.rf.5902113a7929ec9592dc2b09471de461.jpg,FP,37,-1,0.0,0,1555,0.0,749.903549382716
TORDILHA-B_009_jpg.rf.5902113a7929ec9592dc2b09471de461.jpg,FP,41,-1,0.0,0,2289,0.0,1103.8773148148148
TORDILHA-B_009_jpg.rf.5902113a7929ec9592dc2b09471de461.jpg,FP,42,-1,0.0,0,2296,0.0,1107.2530864197531
TORDILHA-B_009_jpg.rf.5902113a7929ec9592dc2b09471de461.jpg,FP,47,-1,0.0,0,2889,0.0,1393.2291666666665
TORDILHA-B_009_jpg.rf.5902113a7929ec9592dc2b09471de461.jpg,FN,-1,5,0.0,4453,0,2147.4729938271603,0.0
TORDILHA-B_009_jpg.rf.5902113a7929ec9592dc2b09471de461.jpg,FN,-1,11,0.0,31,0,14.949845679012345,0.0
TORDILHA-B_009_jpg.rf.5902113a7929ec9592dc2b09471de461.jpg,FN,-1,13,0.0,27,0,13.020833333333332,0.0
TORDILHA-B_009_jpg.rf.5902113a7929ec9592dc2b09471de461.jpg,FN,-1,14,0.0,1667,0,803.9158950617284,0.0
TORDILHA-B_010_jpg.rf.698124083a3806b10e86f6304c2b5ce1.jpg,TP,1,11,0.9567493740040974,12883,12905,6212.8665123456785,6223.476080246914
TORDILHA-B_010_jpg.rf.698124083a3806b10e86f6304c2b5ce1.jpg,TP,5,26,0.9555632402524423,11384,11236,5489.969135802469,5418.5956790123455
TORDILHA-B_010_jpg.rf.698124083a3806b10e86f6304c2b5ce1.jpg,TP,4,14,0.954358812381554,12209,12541,5887.827932098765,6047.935956790123
TORDILHA-B_010_jpg.rf.698124083a3806b10e86f6304c2b5ce1.jpg,TP,18,28,0.9478690549722051,7757,8011,3740.8371913580245,3863.3294753086416
TORDILHA-B_010_jpg.rf.698124083a3806b10e86f6304c2b5ce1.jpg,TP,3,10,0.9378852536747273,9985,10450,4815.297067901234,5039.544753086419
TORDILHA-B_010_jpg.rf.698124083a3806b10e86f6304c2b5ce1.jpg,TP,15,15,0.9368847712796757,1677,1668,808.7384259259259,804.3981481481482
TORDILHA-B_010_jpg.rf.698124083a3806b10e86f6304c2b5ce1.jpg,TP,12,18,0.9368142762723066,7214,7438,3478.9737654320984,3586.9984567901233
TORDILHA-B_010_jpg.rf.698124083a3806b10e86f6304c2b5ce1.jpg,TP,2,17,0.9296500920810313,2585,2654,1246.6242283950617,1279.8996913580247
TORDILHA-B_010_jpg.rf.698124083a3806b10e86f6304c2b5ce1.jpg,TP,28,24,0.9243027888446215,10981,11237,5295.621141975308,5419.077932098765
TORDILHA-B_010_jpg.rf.698124083a3806b10e86f6304c2b5ce1.jpg,TP,0,13,0.9239182120779839,4078,4014,1966.628086419753,1935.7638888888887
TORDILHA-B_010_jpg.rf.698124083a3806b10e86f6304c2b5ce1.jpg,TP,30,9,0.9224184888335538,12426,12279,5992.476851851851,5921.585648148148
TORDILHA-B_010_jpg.rf.698124083a3806b10e86f6304c2b5ce1.jpg,TP,6,5,0.921540312876053,3923,4061,1891.8788580246912,1958.429783950617
TORDILHA-B_010_jpg.rf.698124083a3806b10e86f6304c2b5ce1.jpg,TP,11,4,0.9196850393700787,4813,4939,2321.0841049382716,2381.8479938271603
TORDILHA-B_010_jpg.rf.698124083a3806b10e86f6304c2b5ce1.jpg,TP,13,7,0.8986580286904211,4048,4158,1952.1604938271605,2005.2083333333333
TORDILHA-B_010_jpg.rf.698124083a3806b10e86f6304c2b5ce1.jpg,TP,9,16,0.8926194797338173,6054,6460,2919.560185185185,3115.3549382716046
TORDILHA-B_010_jpg.rf.698124083a3806b10e86f6304c2b5ce1.jpg,TP,14,0,0.8917890157694399,1737,1742,837.6736111111111,840.0848765432098
TORDILHA-B_010_jpg.rf.698124083a3806b10e86f6304c2b5ce1.jpg,TP,7,25,0.8901238488409019,2904,3048,1400.4629629629628,1469.9074074074074
TORDILHA-B_010_jpg.rf.698124083a3806b10e86f6304c2b5ce1.jpg,TP,8,20,0.8854587420657819,3238,3297,1561.5354938271605,1589.9884259259259
TORDILHA-B_010_jpg.rf.698124083a3806b10e86f6304c2b5ce1.jpg,TP,23,30,0.8847058823529412,2059,1946,992.9591049382716,938.4645061728395
TORDILHA-B_010_jpg.rf.698124083a3806b10e86f6304c2b5ce1.jpg,TP,10,8,0.8755690440060698,1201,1271,579.1859567901234,612.9436728395061
TORDILHA-B_010_jpg.rf.698124083a3806b10e86f6304c2b5ce1.jpg,TP,16,12,0.8747706422018349,1984,2103,956.7901234567901,1014.1782407407406
TORDILHA-B_010_jpg.rf.698124083a3806b10e86f6304c2b5ce1.jpg,TP,21,22,0.8652792990142387,857,846,413.29089506172835,407.9861111111111
TORDILHA-B_010_jpg.rf.698124083a3806b10e86f6304c2b5ce1.jpg,TP,19,3,0.8633540372670807,1283,1417,618.7307098765432,683.3526234567901
TORDILHA-B_010_jpg.rf.698124083a3806b10e86f6304c2b5ce1.jpg,TP,17,2,0.8561470215462611,2814,3044,1357.0601851851852,1467.9783950617284
TORDILHA-B_010_jpg.rf.698124083a3806b10e86f6304c2b5ce1.jpg,TP,20,1,0.8333333333333334,377,382,181.8094135802469,184.22067901234567
TORDILHA-B_010_jpg.rf.698124083a3806b10e86f6304c2b5ce1.jpg,TP,22,23,0.8324528301886792,1161,1267,559.8958333333333,611.0146604938271
TORDILHA-B_010_jpg.rf.698124083a3806b10e86f6304c2b5ce1.jpg,TP,26,29,0.7203065134099617,259,190,124.90354938271604,91.62808641975309
TORDILHA-B_010_jpg.rf.698124083a3806b10e86f6304c2b5ce1.jpg,TP,29,6,0.5380974917179366,8229,4771,3968.460648148148,2300.829475308642
TORDILHA-B_010_jpg.rf.698124083a3806b10e86f6304c2b5ce1.jpg,FP,24,-1,0.0,0,3666,0.0,1767.9398148148148
TORDILHA-B_010_jpg.rf.698124083a3806b10e86f6304c2b5ce1.jpg,FP,25,-1,0.0,0,7963,0.0,3840.1813271604938
TORDILHA-B_010_jpg.rf.698124083a3806b10e86f6304c2b5ce1.jpg,FP,27,-1,0.0,0,4604,0.0,2220.293209876543
TORDILHA-B_010_jpg.rf.698124083a3806b10e86f6304c2b5ce1.jpg,FN,-1,19,0.0,2614,0,1260.6095679012344,0.0
TORDILHA-B_010_jpg.rf.698124083a3806b10e86f6304c2b5ce1.jpg,FN,-1,21,0.0,1059,0,510.7060185185185,0.0
TORDILHA-B_010_jpg.rf.698124083a3806b10e86f6304c2b5ce1.jpg,FN,-1,27,0.0,417,0,201.09953703703704,0.0
TORDILHA-B_012_jpg.rf.0b5caafb1952d960be9aa54f5506bf96.jpg,TP,8,6,0.932396839332748,2138,2264,1031.057098765432,1091.820987654321
TORDILHA-B_012_jpg.rf.0b5caafb1952d960be9aa54f5506bf96.jpg,TP,0,20,0.9282748206870517,2491,2617,1201.2924382716049,1262.0563271604938
TORDILHA-B_012_jpg.rf.0b5caafb1952d960be9aa54f5506bf96.jpg,TP,4,12,0.9278350515463918,4357,4432,2101.176697530864,2137.3456790123455
TORDILHA-B_012_jpg.rf.0b5caafb1952d960be9aa54f5506bf96.jpg,TP,24,9,0.9254658385093167,5166,5374,2491.3194444444443,2591.628086419753
TORDILHA-B_012_jpg.rf.0b5caafb1952d960be9aa54f5506bf96.jpg,TP,15,15,0.9251476207016325,5412,5673,2609.9537037037035,2735.821759259259
TORDILHA-B_012_jpg.rf.0b5caafb1952d960be9aa54f5506bf96.jpg,TP,5,26,0.9251431087626596,4257,4487,2052.9513888888887,2163.869598765432
TORDILHA-B_012_jpg.rf.0b5caafb1952d960be9aa54f5506bf96.jpg,TP,21,31,0.9246376811594202,5232,5392,2523.148148148148,2600.3086419753085
TORDILHA-B_012_jpg.rf.0b5caafb1952d960be9aa54f5506bf96.jpg,TP,25,30,0.9234588332643773,4528,4770,2183.641975308642,2300.347222222222
TORDILHA-B_012_jpg.rf.0b5caafb1952d960be9aa54f5506bf96.jpg,TP,30,5,0.9227926078028748,2289,2393,1103.8773148148148,1154.031635802469
TORDILHA-B_012_jpg.rf.0b5caafb1952d960be9aa54f5506bf96.jpg,TP,3,27,0.9223690814790029,5605,5885,2703.028549382716,2838.0594135802467
TORDILHA-B_012_jpg.rf.0b5caafb1952d960be9aa54f5506bf96.jpg,TP,26,17,0.920371720116618,10257,10821,4946.469907407407,5218.460648148148
TORDILHA-B_012_jpg.rf.0b5caafb1952d960be9aa54f5506bf96.jpg,TP,13,22,0.9190687361419069,1706,1756,822.7237654320987,846.8364197530864
TORDILHA-B_012_jpg.rf.0b5caafb1952d960be9aa54f5506bf96.jpg,TP,2,32,0.9173162583518931,3374,3513,1627.1219135802469,1694.1550925925926
TORDILHA-B_012_jpg.rf.0b5caafb1952d960be9aa54f5506bf96.jpg,TP,23,18,0.9160881376396016,3182,3166,1534.5293209876543,1526.813271604938
TORDILHA-B_012_jpg.rf.0b5caafb1952d960be9aa54f5506bf96.jpg,TP,17,4,0.9158391261171798,3818,3899,1841.242283950617,1880.304783950617
TORDILHA-B_012_jpg.rf.0b5caafb1952d960be9aa54f5506bf96.jpg,TP,6,25,0.9131029763941156,2718,2874,1310.763888888889,1385.9953703703702
TORDILHA-B_012_jpg.rf.0b5caafb1952d960be9aa54f5506bf96.jpg,TP,14,3,0.9073511543134872,3102,3177,1495.949074074074,1532.1180555555554
TORDILHA-B_012_jpg.rf.0b5caafb1952d960be9aa54f5506bf96.jpg,TP,27,8,0.9054082271873043,4547,4578,2192.804783950617,2207.7546296296296
TORDILHA-B_012_jpg.rf.0b5caafb1952d960be9aa54f5506bf96.jpg,TP,12,16,0.9044048734770385,1949,2115,939.9112654320987,1019.9652777777777
TORDILHA-B_012_jpg.rf.0b5caafb1952d960be9aa54f5506bf96.jpg,TP,34,21,0.9008778346744697,5111,5283,2464.795524691358,2547.7430555555557
TORDILHA-B_012_jpg.rf.0b5caafb1952d960be9aa54f5506bf96.jpg,TP,32,10,0.8973531310522918,4307,4510,2077.064043209876,2174.9614197530864
TORDILHA-B_012_jpg.rf.0b5caafb1952d960be9aa54f5506bf96.jpg,TP,1,7,0.8947124304267161,2021,2064,974.6334876543209,995.3703703703703
TORDILHA-B_012_jpg.rf.0b5caafb1952d960be9aa54f5506bf96.jpg,TP,16,33,0.8846153846153846,549,529,264.75694444444446,255.11188271604937
TORDILHA-B_012_jpg.rf.0b5caafb1952d960be9aa54f5506bf96.jpg,TP,10,14,0.883766552231486,1927,1914,929.3016975308642,923.0324074074074
TORDILHA-B_012_jpg.rf.0b5caafb1952d960be9aa54f5506bf96.jpg,TP,11,1,0.8805595408895266,2592,2651,1250.0,1278.4529320987654
TORDILHA-B_012_jpg.rf.0b5caafb1952d960be9aa54f5506bf96.jpg,TP,7,24,0.878143528930689,4420,4766,2131.5586419753085,2298.418209876543
TORDILHA-B_012_jpg.rf.0b5caafb1952d960be9aa54f5506bf96.jpg,TP,9,19,0.8735751295336788,1757,1859,847.3186728395061,896.5084876543209
TORDILHA-B_012_jpg.rf.0b5caafb1952d960be9aa54f5506bf96.jpg,TP,22,29,0.8573031606508322,4666,5265,2250.1929012345677,2539.0625
TORDILHA-B_012_jpg.rf.0b5caafb1952d960be9aa54f5506bf96.jpg,TP,35,39,0.8518518518518519,813,837,392.07175925925924,403.6458333333333
TORDILHA-B_012_jpg.rf.0b5caafb1952d960be9aa54f5506bf96.jpg,TP,20,34,0.8515901060070671,1058,1038,510.22376543209873,500.5787037037037
TORDILHA-B_012_jpg.rf.0b5caafb1952d960be9aa54f5506bf96.jpg,TP,19,2,0.8422738190552442,1122,1179,541.0879629629629,568.5763888888889
TORDILHA-B_012_jpg.rf.0b5caafb1952d960be9aa54f5506bf96.jpg,TP,33,35,0.8173913043478261,295,332,142.26466049382717,160.10802469135803
TORDILHA-B_012_jpg.rf.0b5caafb1952d960be9aa54f5506bf96.jpg,TP,39,40,0.8111587982832618,233,189,112.36496913580247,91.14583333333333
TORDILHA-B_012_jpg.rf.0b5caafb1952d960be9aa54f5506bf96.jpg,TP,18,23,0.7681159420289855,1095,1345,528.0671296296296,648.6304012345679
TORDILHA-B_012_jpg.rf.0b5caafb1952d960be9aa54f5506bf96.jpg,TP,28,11,0.7093023255813954,223,218,107.54243827160494,105.13117283950616
TORDILHA-B_012_jpg.rf.0b5caafb1952d960be9aa54f5506bf96.jpg,TP,31,0,0.5455094643576319,9593,5757,4626.253858024691,2776.3310185185182
TORDILHA-B_012_jpg.rf.0b5caafb1952d960be9aa54f5506bf96.jpg,TP,29,28,0.54421852033317,7891,4716,3805.4591049382716,2274.3055555555557
TORDILHA-B_012_jpg.rf.0b5caafb1952d960be9aa54f5506bf96.jpg,FP,36,-1,0.0,0,1881,0.0,907.1180555555555
TORDILHA-B_012_jpg.rf.0b5caafb1952d960be9aa54f5506bf96.jpg,FP,37,-1,0.0,0,1014,0.0,489.0046296296296
TORDILHA-B_012_jpg.rf.0b5caafb1952d960be9aa54f5506bf96.jpg,FP,38,-1,0.0,0,1689,0.0,814.5254629629629
TORDILHA-B_012_jpg.rf.0b5caafb1952d960be9aa54f5506bf96.jpg,FN,-1,13,0.0,3016,0,1454.4753086419753,0.0
TORDILHA-B_012_jpg.rf.0b5caafb1952d960be9aa54f5506bf96.jpg,FN,-1,36,0.0,145,0,69.92669753086419,0.0
TORDILHA-B_012_jpg.rf.0b5caafb1952d960be9aa54f5506bf96.jpg,FN,-1,37,0.0,96,0,46.29629629629629,0.0
TORDILHA-B_012_jpg.rf.0b5caafb1952d960be9aa54f5506bf96.jpg,FN,-1,38,0.0,2017,0,972.7044753086419,0.0
TORDILHA-D_001_jpg.rf.36e39c15aad81283f9bcc0f8afcd649f.jpg,TP,8,2,0.9410269130596552,31397,31205,15141.300154320987,15048.707561728394
TORDILHA-D_001_jpg.rf.36e39c15aad81283f9bcc0f8afcd649f.jpg,TP,0,16,0.9394095655536935,7522,7522,3627.5077160493825,3627.5077160493825
TORDILHA-D_001_jpg.rf.36e39c15aad81283f9bcc0f8afcd649f.jpg,TP,13,18,0.9267044822600378,8714,8609,4202.353395061728,4151.7168209876545
TORDILHA-D_001_jpg.rf.36e39c15aad81283f9bcc0f8afcd649f.jpg,TP,1,11,0.923130677847659,5431,5577,2619.116512345679,2689.525462962963
TORDILHA-D_001_jpg.rf.36e39c15aad81283f9bcc0f8afcd649f.jpg,TP,2,7,0.9151574803149606,9972,9486,4809.027777777777,4574.652777777777
TORDILHA-D_001_jpg.rf.36e39c15aad81283f9bcc0f8afcd649f.jpg,TP,15,17,0.9093625498007968,3871,3797,1866.8016975308642,1831.1149691358023
TORDILHA-D_001_jpg.rf.36e39c15aad81283f9bcc0f8afcd649f.jpg,TP,17,20,0.9063097514340345,1973,2015,951.4853395061727,971.7399691358024
TORDILHA-D_001_jpg.rf.36e39c15aad81283f9bcc0f8afcd649f.jpg,TP,4,0,0.8926889917045432,48439,44422,23359.85725308642,21422.64660493827
TORDILHA-D_001_jpg.rf.36e39c15aad81283f9bcc0f8afcd649f.jpg,TP,3,9,0.8797127468581688,1051,1043,506.84799382716045,502.9899691358024
TORDILHA-D_001_jpg.rf.36e39c15aad81283f9bcc0f8afcd649f.jpg,TP,6,13,0.8684344722080571,1873,1791,903.2600308641975,863.7152777777777
TORDILHA-D_001_jpg.rf.36e39c15aad81283f9bcc0f8afcd649f.jpg,TP,19,3,0.8600977811207221,7881,6957,3800.636574074074,3355.034722222222
TORDILHA-D_001_jpg.rf.36e39c15aad81283f9bcc0f8afcd649f.jpg,TP,7,21,0.8587294535761884,2030,2154,978.9737654320987,1038.773148148148
TORDILHA-D_001_jpg.rf.36e39c15aad81283f9bcc0f8afcd649f.jpg,TP,20,1,0.8556720981538104,25282,22663,12192.322530864198,10929.301697530864
TORDILHA-D_001_jpg.rf.36e39c15aad81283f9bcc0f8afcd649f.jpg,TP,12,10,0.855191256830601,1421,1295,685.281635802469,624.5177469135803
TORDILHA-D_001_jpg.rf.36e39c15aad81283f9bcc0f8afcd649f.jpg,TP,18,6,0.8498667213450892,24325,20784,11730.806327160493,10023.148148148148
TORDILHA-D_001_jpg.rf.36e39c15aad81283f9bcc0f8afcd649f.jpg,TP,5,12,0.8197332568478417,6709,5980,3235.4359567901233,2883.8734567901233
TORDILHA-D_001_jpg.rf.36e39c15aad81283f9bcc0f8afcd649f.jpg,TP,9,15,0.7765649658074697,7379,6130,3558.545524691358,2956.2114197530864
TORDILHA-D_001_jpg.rf.36e39c15aad81283f9bcc0f8afcd649f.jpg,TP,14,22,0.7640287769784173,646,580,311.53549382716045,279.70679012345676
TORDILHA-D_001_jpg.rf.36e39c15aad81283f9bcc0f8afcd649f.jpg,TP,11,8,0.7285429141716567,417,449,201.09953703703704,216.5316358024691
TORDILHA-D_001_jpg.rf.36e39c15aad81283f9bcc0f8afcd649f.jpg,TP,10,14,0.5300751879699248,3113,1771,1501.2538580246912,854.0702160493827
TORDILHA-D_001_jpg.rf.36e39c15aad81283f9bcc0f8afcd649f.jpg,FP,16,-1,0.0,0,2182,0.0,1052.2762345679012
TORDILHA-D_001_jpg.rf.36e39c15aad81283f9bcc0f8afcd649f.jpg,FN,-1,4,0.0,10308,0,4971.064814814815,0.0
TORDILHA-D_001_jpg.rf.36e39c15aad81283f9bcc0f8afcd649f.jpg,FN,-1,5,0.0,6181,0,2980.8063271604938,0.0
TORDILHA-D_001_jpg.rf.36e39c15aad81283f9bcc0f8afcd649f.jpg,FN,-1,19,0.0,372,0,179.39814814814815,0.0
TORDILHA-D_001_jpg.rf.36e39c15aad81283f9bcc0f8afcd649f.jpg,FN,-1,23,0.0,138,0,66.55092592592592,0.0
TORDILHA-D_006_jpg.rf.d879d44ef1add0b327aa39f6650afc47.jpg,TP,0,5,0.9535582255083179,12907,12458,6224.440586419752,6007.908950617284
TORDILHA-D_006_jpg.rf.d879d44ef1add0b327aa39f6650afc47.jpg,TP,25,15,0.9494687322572796,12277,11758,5920.621141975308,5670.331790123457
TORDILHA-D_006_jpg.rf.d879d44ef1add0b327aa39f6650afc47.jpg,TP,13,14,0.9419408349460879,3562,3462,1717.7854938271605,1669.560185185185
TORDILHA-D_006_jpg.rf.d879d44ef1add0b327aa39f6650afc47.jpg,TP,2,7,0.9349791875986795,6859,6622,3307.7739197530864,3193.4799382716046
TORDILHA-D_006_jpg.rf.d879d44ef1add0b327aa39f6650afc47.jpg,TP,9,1,0.9349040930373056,6495,6316,3132.233796296296,3045.9104938271603
TORDILHA-D_006_jpg.rf.d879d44ef1add0b327aa39f6650afc47.jpg,TP,1,9,0.9261929282526605,2828,2783,1363.8117283950617,1342.1103395061727
TORDILHA-D_006_jpg.rf.d879d44ef1add0b327aa39f6650afc47.jpg,TP,26,19,0.9212307692307692,3128,3116,1508.4876543209875,1502.7006172839506
TORDILHA-D_006_jpg.rf.d879d44ef1add0b327aa39f6650afc47.jpg,TP,10,20,0.9182709771158736,5331,5231,2570.8912037037035,2522.6658950617284
TORDILHA-D_006_jpg.rf.d879d44ef1add0b327aa39f6650afc47.jpg,TP,8,13,0.9164084456294588,13635,12959,6575.520833333333,6249.51774691358
TORDILHA-D_006_jpg.rf.d879d44ef1add0b327aa39f6650afc47.jpg,TP,6,11,0.916030534351145,2289,2229,1103.8773148148148,1074.9421296296296
TORDILHA-D_006_jpg.rf.d879d44ef1add0b327aa39f6650afc47.jpg,TP,15,21,0.9097525473071325,1317,1307,635.1273148148148,630.3047839506172
TORDILHA-D_006_jpg.rf.d879d44ef1add0b327aa39f6650afc47.jpg,TP,4,0,0.9066558441558441,1192,1157,574.8456790123456,557.9668209876543
TORDILHA-D_006_jpg.rf.d879d44ef1add0b327aa39f6650afc47.jpg,TP,16,32,0.8967846527965415,10961,10099,5285.976080246914,4870.273919753086
TORDILHA-D_006_jpg.rf.d879d44ef1add0b327aa39f6650afc47.jpg,TP,3,12,0.888254194930382,2737,2552,1319.9266975308642,1230.70987654321
TORDILHA-D_006_jpg.rf.d879d44ef1add0b327aa39f6650afc47.jpg,TP,19,30,0.8815354070152217,1445,1398,696.8557098765432,674.1898148148148
TORDILHA-D_006_jpg.rf.d879d44ef1add0b327aa39f6650afc47.jpg,TP,7,10,0.8806451612903226,3766,3813,1816.16512345679,1838.8310185185185
TORDILHA-D_006_jpg.rf.d879d44ef1add0b327aa39f6650afc47.jpg,TP,21,17,0.8796715267303502,11804,10628,5692.515432098765,5125.385802469135
TORDILHA-D_006_jpg.rf.d879d44ef1add0b327aa39f6650afc47.jpg,TP,5,8,0.8763505402160864,1574,1552,759.0663580246913,748.4567901234567
TORDILHA-D_006_jpg.rf.d879d44ef1add0b327aa39f6650afc47.jpg,TP,11,3,0.8752124302015052,4060,3664,1957.9475308641975,1766.9753086419753
TORDILHA-D_006_jpg.rf.d879d44ef1add0b327aa39f6650afc47.jpg,TP,18,4,0.8739760554505356,1524,1450,734.9537037037037,699.2669753086419
TORDILHA-D_006_jpg.rf.d879d44ef1add0b327aa39f6650afc47.jpg,TP,17,2,0.8589230084557188,2110,2067,1017.554012345679,996.8171296296296
TORDILHA-D_006_jpg.rf.d879d44ef1add0b327aa39f6650afc47.jpg,TP,14,28,0.8378251331870887,6350,5379,3062.307098765432,2594.0393518518517
TORDILHA-D_006_jpg.rf.d879d44ef1add0b327aa39f6650afc47.jpg,TP,12,16,0.8254593175853019,3048,2516,1469.9074074074074,1213.3487654320986
TORDILHA-D_006_jpg.rf.d879d44ef1add0b327aa39f6650afc47.jpg,TP,22,31,0.5763747454175153,1448,874,698.3024691358024,421.4891975308642
TORDILHA-D_006_jpg.rf.d879d44ef1add0b327aa39f6650afc47.jpg,TP,20,26,0.5687766846111008,16139,9214,7783.0825617283945,4443.479938271605
TORDILHA-D_006_jpg.rf.d879d44ef1add0b327aa39f6650afc47.jpg,FP,23,-1,0.0,0,4533,0.0,2186.0532407407404
TORDILHA-D_006_jpg.rf.d879d44ef1add0b327aa39f6650afc47.jpg,FP,24,-1,0.0,0,2374,0.0,1144.8688271604938
TORDILHA-D_006_jpg.rf.d879d44ef1add0b327aa39f6650afc47.jpg,FP,27,-1,0.0,0,8630,0.0,4161.844135802469
TORDILHA-D_006_jpg.rf.d879d44ef1add0b327aa39f6650afc47.jpg,FP,28,-1,0.0,0,6133,0.0,2957.6581790123455
TORDILHA-D_006_jpg.rf.d879d44ef1add0b327aa39f6650afc47.jpg,FN,-1,6,0.0,53,0,25.55941358024691,0.0
TORDILHA-D_006_jpg.rf.d879d44ef1add0b327aa39f6650afc47.jpg,FN,-1,18,0.0,24597,0,11861.979166666666,0.0
TORDILHA-D_006_jpg.rf.d879d44ef1add0b327aa39f6650afc47.jpg,FN,-1,22,0.0,7671,0,3699.3634259259256,0.0
TORDILHA-D_006_jpg.rf.d879d44ef1add0b327aa39f6650afc47.jpg,FN,-1,23,0.0,42,0,20.25462962962963,0.0
TORDILHA-D_006_jpg.rf.d879d44ef1add0b327aa39f6650afc47.jpg,FN,-1,24,0.0,87,0,41.95601851851852,0.0
TORDILHA-D_006_jpg.rf.d879d44ef1add0b327aa39f6650afc47.jpg,FN,-1,25,0.0,28,0,13.503086419753085,0.0
TORDILHA-D_006_jpg.rf.d879d44ef1add0b327aa39f6650afc47.jpg,FN,-1,27,0.0,43,0,20.736882716049383,0.0
TORDILHA-D_006_jpg.rf.d879d44ef1add0b327aa39f6650afc47.jpg,FN,-1,29,0.0,44,0,21.219135802469136,0.0
TORDILHA-D_006_jpg.rf.d879d44ef1add0b327aa39f6650afc47.jpg,FN,-1,33,0.0,8759,0,4224.054783950617,0.0
TORDILHA-D_006_jpg.rf.d879d44ef1add0b327aa39f6650afc47.jpg,FN,-1,34,0.0,40901,0,19724.63348765432,0.0
TORDILHA-G_009_jpg.rf.b279af9f6892d54790621c0f5458daf3.jpg,TP,11,16,0.9523931405170207,3818,3810,1841.242283950617,1837.3842592592591
TORDILHA-G_009_jpg.rf.b279af9f6892d54790621c0f5458daf3.jpg,TP,29,35,0.9366599721921829,6245,6291,3011.670524691358,3033.8541666666665
TORDILHA-G_009_jpg.rf.b279af9f6892d54790621c0f5458daf3.jpg,TP,33,7,0.9351685104193466,3692,3830,1780.4783950617284,1847.0293209876543
TORDILHA-G_009_jpg.rf.b279af9f6892d54790621c0f5458daf3.jpg,TP,19,18,0.9343807763401109,3130,3149,1509.452160493827,1518.6149691358023
TORDILHA-G_009_jpg.rf.b279af9f6892d54790621c0f5458daf3.jpg,TP,10,3,0.9288005131494548,6056,5972,2920.5246913580245,2880.0154320987654
TORDILHA-G_009_jpg.rf.b279af9f6892d54790621c0f5458daf3.jpg,TP,16,12,0.9284705882352942,2028,2070,978.0092592592592,998.2638888888888
TORDILHA-G_009_jpg.rf.b279af9f6892d54790621c0f5458daf3.jpg,TP,24,4,0.9273527793065492,3487,3517,1681.616512345679,1696.0841049382716
TORDILHA-G_009_jpg.rf.b279af9f6892d54790621c0f5458daf3.jpg,TP,23,15,0.9272598870056498,1374,1355,662.6157407407408,653.4529320987654
TORDILHA-G_009_jpg.rf.b279af9f6892d54790621c0f5458daf3.jpg,TP,7,10,0.9268167860798362,1850,1915,892.1682098765432,923.5146604938271
TORDILHA-G_009_jpg.rf.b279af9f6892d54790621c0f5458daf3.jpg,TP,4,11,0.9266812333090556,3908,4028,1884.645061728395,1942.5154320987654
TORDILHA-G_009_jpg.rf.b279af9f6892d54790621c0f5458daf3.jpg,TP,3,28,0.9232325275614444,9466,9549,4565.007716049383,4605.034722222222
TORDILHA-G_009_jpg.rf.b279af9f6892d54790621c0f5458daf3.jpg,TP,6,36,0.9216228676809589,2046,2122,986.6898148148148,1023.341049382716
TORDILHA-G_009_jpg.rf.b279af9f6892d54790621c0f5458daf3.jpg,TP,1,20,0.9213534522176497,2086,2116,1005.9799382716049,1020.4475308641975
TORDILHA-G_009_jpg.rf.b279af9f6892d54790621c0f5458daf3.jpg,TP,21,19,0.9195402298850575,3399,3448,1639.1782407407406,1662.8086419753085
TORDILHA-G_009_jpg.rf.b279af9f6892d54790621c0f5458daf3.jpg,TP,15,1,0.9193192562243934,3071,3019,1480.9992283950617,1455.9220679012344
TORDILHA-G_009_jpg.rf.b279af9f6892d54790621c0f5458daf3.jpg,TP,14,22,0.9168842471714534,2193,2212,1057.5810185185185,1066.7438271604938
TORDILHA-G_009_jpg.rf.b279af9f6892d54790621c0f5458daf3.jpg,TP,13,17,0.9108402822322001,1482,1497,714.699074074074,721.9328703703703
TORDILHA-G_009_jpg.rf.b279af9f6892d54790621c0f5458daf3.jpg,TP,8,2,0.9083431257344301,3946,4174,1902.9706790123455,2012.9243827160492
TORDILHA-G_009_jpg.rf.b279af9f6892d54790621c0f5458daf3.jpg,TP,5,13,0.9059775840597758,3063,3059,1477.1412037037037,1475.2121913580247
TORDILHA-G_009_jpg.rf.b279af9f6892d54790621c0f5458daf3.jpg,TP,17,8,0.8960692871419054,8308,8768,4006.5586419753085,4228.3950617283945
TORDILHA-G_009_jpg.rf.b279af9f6892d54790621c0f5458daf3.jpg,TP,26,14,0.8955181676799095,6701,6706,3231.5779320987654,3233.989197530864
TORDILHA-G_009_jpg.rf.b279af9f6892d54790621c0f5458daf3.jpg,TP,32,9,0.8946024799416484,2608,2587,1257.716049382716,1247.5887345679012
TORDILHA-G_009_jpg.rf.b279af9f6892d54790621c0f5458daf3.jpg,TP,31,33,0.8822328114363512,1345,1420,648.6304012345679,684.7993827160493
TORDILHA-G_009_jpg.rf.b279af9f6892d54790621c0f5458daf3.jpg,TP,9,21,0.8745098039215686,937,975,451.8711419753086,470.19675925925924
TORDILHA-G_009_jpg.rf.b279af9f6892d54790621c0f5458daf3.jpg,TP,2,29,0.8729721456994184,3032,3087,1462.1913580246912,1488.7152777777776
TORDILHA-G_009_jpg.rf.b279af9f6892d54790621c0f5458daf3.jpg,TP,0,32,0.8727598566308243,1515,1620,730.6134259259259,781.25
TORDILHA-G_009_jpg.rf.b279af9f6892d54790621c0f5458daf3.jpg,TP,12,23,0.8662037037037037,1928,2103,929.783950617284,1014.1782407407406
TORDILHA-G_009_jpg.rf.b279af9f6892d54790621c0f5458daf3.jpg,TP,20,24,0.8493303571428571,1543,1771,744.116512345679,854.0702160493827
TORDILHA-G_009_jpg.rf.b279af9f6892d54790621c0f5458daf3.jpg,TP,18,31,0.8246797033041133,16661,18517,8034.818672839506,8929.880401234568
TORDILHA-G_009_jpg.rf.b279af9f6892d54790621c0f5458daf3.jpg,TP,22,26,0.8002171552660152,815,843,393.03626543209873,406.53935185185185
TORDILHA-G_009_jpg.rf.b279af9f6892d54790621c0f5458daf3.jpg,TP,25,27,0.6956785312202304,11541,8039,5565.68287037037,3876.832561728395
TORDILHA-G_009_jpg.rf.b279af9f6892d54790621c0f5458daf3.jpg,TP,28,6,0.6053010314224034,5377,8008,2593.074845679012,3861.8827160493825
TORDILHA-G_009_jpg.rf.b279af9f6892d54790621c0f5458daf3.jpg,FP,27,-1,0.0,0,7423,0.0,3579.764660493827
TORDILHA-G_009_jpg.rf.b279af9f6892d54790621c0f5458daf3.jpg,FP,30,-1,0.0,0,1233,0.0,594.6180555555555
TORDILHA-G_009_jpg.rf.b279af9f6892d54790621c0f5458daf3.jpg,FN,-1,0,0.0,8492,0,4095.293209876543,0.0
TORDILHA-G_009_jpg.rf.b279af9f6892d54790621c0f5458daf3.jpg,FN,-1,5,0.0,2355,0,1135.7060185185185,0.0
TORDILHA-G_009_jpg.rf.b279af9f6892d54790621c0f5458daf3.jpg,FN,-1,25,0.0,3214,0,1549.9614197530864,0.0
TORDILHA-G_009_jpg.rf.b279af9f6892d54790621c0f5458daf3.jpg,FN,-1,30,0.0,2225,0,1073.0131172839506,0.0
TORDILHA-G_009_jpg.rf.b279af9f6892d54790621c0f5458daf3.jpg,FN,-1,34,0.0,3618,0,1744.7916666666665,0.0
TOSTADA-B_003_jpg.rf.ef070508fe8cf028db79cd03961c37d8.jpg,TP,13,4,0.9537680384820951,3678,3633,1773.7268518518517,1752.0254629629628
TOSTADA-B_003_jpg.rf.ef070508fe8cf028db79cd03961c37d8.jpg,TP,0,2,0.9391866210566324,2499,2603,1205.1504629629628,1255.3047839506173
TOSTADA-B_003_jpg.rf.ef070508fe8cf028db79cd03961c37d8.jpg,TP,19,15,0.9351955307262569,7647,7941,3687.7893518518517,3829.571759259259
TOSTADA-B_003_jpg.rf.ef070508fe8cf028db79cd03961c37d8.jpg,TP,2,9,0.9282541092847624,8594,8768,4144.483024691358,4228.3950617283945
TOSTADA-B_003_jpg.rf.ef070508fe8cf028db79cd03961c37d8.jpg,TP,9,22,0.9282488710486704,1931,1912,931.2307098765432,922.0679012345679
TOSTADA-B_003_jpg.rf.ef070508fe8cf028db79cd03961c37d8.jpg,TP,11,0,0.9282462605679601,4434,4461,2138.310185185185,2151.3310185185182
TOSTADA-B_003_jpg.rf.ef070508fe8cf028db79cd03961c37d8.jpg,TP,8,18,0.9265371306893798,7191,7285,3467.8819444444443,3513.213734567901
TOSTADA-B_003_jpg.rf.ef070508fe8cf028db79cd03961c37d8.jpg,TP,3,23,0.9248777078965759,2700,2809,1302.0833333333333,1354.6489197530864
TOSTADA-B_003_jpg.rf.ef070508fe8cf028db79cd03961c37d8.jpg,TP,16,17,0.9235759698974958,14751,14899,7113.715277777777,7185.088734567901
TOSTADA-B_003_jpg.rf.ef070508fe8cf028db79cd03961c37d8.jpg,TP,14,20,0.9230014713094654,1975,1946,952.4498456790124,938.4645061728395
TOSTADA-B_003_jpg.rf.ef070508fe8cf028db79cd03961c37d8.jpg,TP,6,19,0.9156028368794327,1320,1381,636.574074074074,665.991512345679
TOSTADA-B_003_jpg.rf.ef070508fe8cf028db79cd03961c37d8.jpg,TP,4,3,0.9136117788461539,6326,6411,3050.733024691358,3091.724537037037
TOSTADA-B_003_jpg.rf.ef070508fe8cf028db79cd03961c37d8.jpg,TP,22,21,0.908445945945946,2837,2812,1368.1520061728395,1356.0956790123457
TOSTADA-B_003_jpg.rf.ef070508fe8cf028db79cd03961c37d8.jpg,TP,1,10,0.9071183859916254,2462,2548,1187.307098765432,1228.7808641975307
TOSTADA-B_003_jpg.rf.ef070508fe8cf028db79cd03961c37d8.jpg,TP,7,25,0.8938506588579795,1281,1306,617.7662037037037,629.8225308641975
TOSTADA-B_003_jpg.rf.ef070508fe8cf028db79cd03961c37d8.jpg,TP,10,5,0.8733624454148472,670,617,323.1095679012345,297.55015432098764
TOSTADA-B_003_jpg.rf.ef070508fe8cf028db79cd03961c37d8.jpg,TP,17,16,0.8609057922322269,7140,6707,3443.287037037037,3234.4714506172836
TOSTADA-B_003_jpg.rf.ef070508fe8cf028db79cd03961c37d8.jpg,TP,5,12,0.851,875,976,421.97145061728395,470.679012345679
TOSTADA-B_003_jpg.rf.ef070508fe8cf028db79cd03961c37d8.jpg,TP,21,1,0.8367981666393846,5401,5820,2604.6489197530864,2806.712962962963
TOSTADA-B_003_jpg.rf.ef070508fe8cf028db79cd03961c37d8.jpg,TP,23,7,0.8109144542772861,2976,3163,1435.1851851851852,1525.366512345679
TOSTADA-B_003_jpg.rf.ef070508fe8cf028db79cd03961c37d8.jpg,TP,15,6,0.7329192546583851,279,279,134.54861111111111,134.54861111111111
TOSTADA-B_003_jpg.rf.ef070508fe8cf028db79cd03961c37d8.jpg,TP,18,24,0.5787214818161283,4317,2672,2081.886574074074,1288.5802469135801
TOSTADA-B_003_jpg.rf.ef070508fe8cf028db79cd03961c37d8.jpg,FP,12,-1,0.0,0,1660,0.0,800.5401234567901
TOSTADA-B_003_jpg.rf.ef070508fe8cf028db79cd03961c37d8.jpg,FP,20,-1,0.0,0,1910,0.0,921.1033950617284
TOSTADA-B_003_jpg.rf.ef070508fe8cf028db79cd03961c37d8.jpg,FP,24,-1,0.0,0,4736,0.0,2283.9506172839506
TOSTADA-B_003_jpg.rf.ef070508fe8cf028db79cd03961c37d8.jpg,FN,-1,8,0.0,210,0,101.27314814814814,0.0
TOSTADA-B_003_jpg.rf.ef070508fe8cf028db79cd03961c37d8.jpg,FN,-1,11,0.0,9846,0,4748.263888888889,0.0
TOSTADA-B_003_jpg.rf.ef070508fe8cf028db79cd03961c37d8.jpg,FN,-1,13,0.0,908,0,437.8858024691358,0.0
TOSTADA-B_003_jpg.rf.ef070508fe8cf028db79cd03961c37d8.jpg,FN,-1,14,0.0,5311,0,2561.2461419753085,0.0
TOSTADA-B_006_jpg.rf.fd9a20fd791843647a700cdeb77e0cc3.jpg,TP,9,0,0.9533363595097594,10743,10773,5180.844907407407,5195.3125
TOSTADA-B_006_jpg.rf.fd9a20fd791843647a700cdeb77e0cc3.jpg,TP,8,5,0.9496649779375715,5909,6021,2849.633487654321,2903.645833333333
TOSTADA-B_006_jpg.rf.fd9a20fd791843647a700cdeb77e0cc3.jpg,TP,1,22,0.9404174573055029,2521,2592,1215.7600308641975,1250.0
TOSTADA-B_006_jpg.rf.fd9a20fd791843647a700cdeb77e0cc3.jpg,TP,2,1,0.9343523417597491,4924,4947,2374.614197530864,2385.7060185185182
TOSTADA-B_006_jpg.rf.fd9a20fd791843647a700cdeb77e0cc3.jpg,TP,18,8,0.9326706428098078,14514,14650,6999.421296296296,7065.007716049382
TOSTADA-B_006_jpg.rf.fd9a20fd791843647a700cdeb77e0cc3.jpg,TP,4,3,0.9258360302049622,3530,3611,1702.3533950617284,1741.4158950617284
TOSTADA-B_006_jpg.rf.fd9a20fd791843647a700cdeb77e0cc3.jpg,TP,6,4,0.9209415944925605,8768,8532,4228.3950617283945,4114.583333333333
TOSTADA-B_006_jpg.rf.fd9a20fd791843647a700cdeb77e0cc3.jpg,TP,3,12,0.9206458261765716,2810,2781,1355.131172839506,1341.1458333333333
TOSTADA-B_006_jpg.rf.fd9a20fd791843647a700cdeb77e0cc3.jpg,TP,10,9,0.9196070291960703,6920,6953,3337.191358024691,3353.105709876543
TOSTADA-B_006_jpg.rf.fd9a20fd791843647a700cdeb77e0cc3.jpg,TP,13,6,0.9195250659630607,4980,5205,2401.6203703703704,2510.127314814815
TOSTADA-B_006_jpg.rf.fd9a20fd791843647a700cdeb77e0cc3.jpg,TP,0,23,0.9082108902333621,5419,5620,2613.329475308642,2710.262345679012
TOSTADA-B_006_jpg.rf.fd9a20fd791843647a700cdeb77e0cc3.jpg,TP,12,13,0.9076517150395779,1482,1410,714.699074074074,679.9768518518518
TOSTADA-B_006_jpg.rf.fd9a20fd791843647a700cdeb77e0cc3.jpg,TP,11,15,0.9067587567834238,1941,1924,936.0532407407406,927.8549382716049
TOSTADA-B_006_jpg.rf.fd9a20fd791843647a700cdeb77e0cc3.jpg,TP,16,17,0.9061662198391421,740,682,356.86728395061726,328.8966049382716
TOSTADA-B_006_jpg.rf.fd9a20fd791843647a700cdeb77e0cc3.jpg,TP,7,11,0.9056987788331072,1421,1388,685.281635802469,669.3672839506172
TOSTADA-B_006_jpg.rf.fd9a20fd791843647a700cdeb77e0cc3.jpg,TP,14,16,0.8819648093841642,1321,1246,637.0563271604938,600.8873456790124
TOSTADA-B_006_jpg.rf.fd9a20fd791843647a700cdeb77e0cc3.jpg,TP,5,14,0.865128660159716,1071,1031,516.4930555555555,497.2029320987654
TOSTADA-B_006_jpg.rf.fd9a20fd791843647a700cdeb77e0cc3.jpg,TP,22,7,0.8583307185440854,6177,5668,2978.877314814815,2733.4104938271603
TOSTADA-B_006_jpg.rf.fd9a20fd791843647a700cdeb77e0cc3.jpg,TP,15,2,0.852760736196319,575,633,277.295524691358,305.2662037037037
TOSTADA-B_006_jpg.rf.fd9a20fd791843647a700cdeb77e0cc3.jpg,TP,19,10,0.6603317208016586,2847,1958,1372.974537037037,944.2515432098764
TOSTADA-B_006_jpg.rf.fd9a20fd791843647a700cdeb77e0cc3.jpg,FP,17,-1,0.0,0,1658,0.0,799.5756172839506
TOSTADA-B_006_jpg.rf.fd9a20fd791843647a700cdeb77e0cc3.jpg,FP,20,-1,0.0,0,3989,0.0,1923.707561728395
TOSTADA-B_006_jpg.rf.fd9a20fd791843647a700cdeb77e0cc3.jpg,FP,21,-1,0.0,0,724,0.0,349.1512345679012
TOSTADA-B_006_jpg.rf.fd9a20fd791843647a700cdeb77e0cc3.jpg,FN,-1,18,0.0,16913,0,8156.346450617283,0.0
TOSTADA-B_006_jpg.rf.fd9a20fd791843647a700cdeb77e0cc3.jpg,FN,-1,19,0.0,652,0,314.429012345679,0.0
TOSTADA-B_006_jpg.rf.fd9a20fd791843647a700cdeb77e0cc3.jpg,FN,-1,20,0.0,6433,0,3102.3341049382716,0.0
TOSTADA-B_006_jpg.rf.fd9a20fd791843647a700cdeb77e0cc3.jpg,FN,-1,21,0.0,7549,0,3640.528549382716,0.0
TOSTADA-G_009_jpg.rf.506f019d1e54427e5f81510789439725.jpg,TP,10,24,0.9564616447823082,1424,1407,686.7283950617284,678.5300925925926
TOSTADA-G_009_jpg.rf.506f019d1e54427e5f81510789439725.jpg,TP,11,16,0.9422208847427024,3285,3169,1584.201388888889,1528.2600308641975
TOSTADA-G_009_jpg.rf.506f019d1e54427e5f81510789439725.jpg,TP,1,31,0.9391541609822647,3593,3514,1732.7353395061727,1694.6373456790122
TOSTADA-G_009_jpg.rf.506f019d1e54427e5f81510789439725.jpg,TP,23,19,0.9331923144720606,5436,5531,2621.527777777778,2667.341820987654
TOSTADA-G_009_jpg.rf.506f019d1e54427e5f81510789439725.jpg,TP,31,6,0.9330804991436261,8009,7792,3862.3649691358023,3757.716049382716
TOSTADA-G_009_jpg.rf.506f019d1e54427e5f81510789439725.jpg,TP,5,27,0.9313940018020337,7514,7491,3623.6496913580245,3612.55787037037
TOSTADA-G_009_jpg.rf.506f019d1e54427e5f81510789439725.jpg,TP,0,33,0.9313458506521427,6702,6773,3232.060185185185,3266.3001543209875
TOSTADA-G_009_jpg.rf.506f019d1e54427e5f81510789439725.jpg,TP,16,35,0.9287113200156678,2524,2400,1217.2067901234568,1157.4074074074074
TOSTADA-G_009_jpg.rf.506f019d1e54427e5f81510789439725.jpg,TP,32,5,0.9271004942339374,2324,2355,1120.756172839506,1135.7060185185185
TOSTADA-G_009_jpg.rf.506f019d1e54427e5f81510789439725.jpg,TP,18,17,0.9253048780487805,3119,3196,1504.1473765432097,1541.2808641975307
TOSTADA-G_009_jpg.rf.506f019d1e54427e5f81510789439725.jpg,TP,2,28,0.9216052263182455,2059,2059,992.9591049382716,992.9591049382716
TOSTADA-G_009_jpg.rf.506f019d1e54427e5f81510789439725.jpg,TP,8,37,0.9181871689228959,3293,3225,1588.0594135802469,1555.2662037037037
TOSTADA-G_009_jpg.rf.506f019d1e54427e5f81510789439725.jpg,TP,21,20,0.9143173023770038,1703,1760,821.2770061728395,848.7654320987654
TOSTADA-G_009_jpg.rf.506f019d1e54427e5f81510789439725.jpg,TP,3,38,0.9104995374653099,4160,4101,2006.1728395061727,1977.7199074074074
TOSTADA-G_009_jpg.rf.506f019d1e54427e5f81510789439725.jpg,TP,4,26,0.9099037138927097,2761,2793,1331.500771604938,1346.9328703703702
TOSTADA-G_009_jpg.rf.506f019d1e54427e5f81510789439725.jpg,TP,6,32,0.9087934560327199,2339,2328,1127.9899691358023,1122.6851851851852
TOSTADA-G_009_jpg.rf.506f019d1e54427e5f81510789439725.jpg,TP,19,4,0.9079611650485437,2480,2433,1195.9876543209875,1173.3217592592591
TOSTADA-G_009_jpg.rf.506f019d1e54427e5f81510789439725.jpg,TP,9,36,0.9075316927665921,2631,2485,1268.8078703703702,1198.3989197530864
TOSTADA-G_009_jpg.rf.506f019d1e54427e5f81510789439725.jpg,TP,35,18,0.9035237769414984,2677,2887,1290.991512345679,1392.264660493827
TOSTADA-G_009_jpg.rf.506f019d1e54427e5f81510789439725.jpg,TP,26,39,0.8966360856269113,1540,1561,742.6697530864197,752.7970679012345
TOSTADA-G_009_jpg.rf.506f019d1e54427e5f81510789439725.jpg,TP,7,29,0.8883374689826302,1166,1117,562.3070987654321,538.6766975308642
TOSTADA-G_009_jpg.rf.506f019d1e54427e5f81510789439725.jpg,TP,14,30,0.8776565192418151,1597,1672,770.1581790123456,806.3271604938271
TOSTADA-G_009_jpg.rf.506f019d1e54427e5f81510789439725.jpg,TP,20,41,0.8745128604832424,1204,1201,580.6327160493827,579.1859567901234
TOSTADA-G_009_jpg.rf.506f019d1e54427e5f81510789439725.jpg,TP,13,23,0.8733715476810839,1837,1758,885.8989197530864,847.8009259259259
TOSTADA-G_009_jpg.rf.506f019d1e54427e5f81510789439725.jpg,TP,12,40,0.8721030042918455,1094,1087,527.5848765432098,524.2091049382716
TOSTADA-G_009_jpg.rf.506f019d1e54427e5f81510789439725.jpg,TP,24,10,0.8611927261176844,12342,11096,5951.967592592592,5351.08024691358
TOSTADA-G_009_jpg.rf.506f019d1e54427e5f81510789439725.jpg,TP,17,25,0.8601735776277725,969,960,467.3032407407407,462.96296296296293
TOSTADA-G_009_jpg.rf.506f019d1e54427e5f81510789439725.jpg,TP,29,13,0.8523170203551321,4214,4340,2032.2145061728395,2092.9783950617284
TOSTADA-G_009_jpg.rf.506f019d1e54427e5f81510789439725.jpg,TP,15,2,0.8428304368898428,12821,13795,6182.966820987654,6652.681327160493
TOSTADA-G_009_jpg.rf.506f019d1e54427e5f81510789439725.jpg,TP,25,0,0.8323529411764706,598,648,288.38734567901236,312.5
TOSTADA-G_009_jpg.rf.506f019d1e54427e5f81510789439725.jpg,TP,36,3,0.81100611450806,1668,1590,804.3981481481482,766.7824074074074
TOSTADA-G_009_jpg.rf.506f019d1e54427e5f81510789439725.jpg,TP,30,9,0.7672239108409321,9497,11434,4579.9575617283945,5514.081790123457
TOSTADA-G_009_jpg.rf.506f019d1e54427e5f81510789439725.jpg,TP,27,21,0.7508362447037835,10345,13209,4988.9081790123455,6370.081018518518
TOSTADA-G_009_jpg.rf.506f019d1e54427e5f81510789439725.jpg,TP,33,1,0.7311111111111112,372,407,179.39814814814815,196.2770061728395
TOSTADA-G_009_jpg.rf.506f019d1e54427e5f81510789439725.jpg,TP,22,14,0.7226346053319394,7144,9333,3445.216049382716,4500.868055555556
TOSTADA-G_009_jpg.rf.506f019d1e54427e5f81510789439725.jpg,TP,28,7,0.7218087460272761,20870,21929,10064.621913580246,10575.327932098766
TOSTADA-G_009_jpg.rf.506f019d1e54427e5f81510789439725.jpg,TP,34,11,0.5742027287185067,7076,11731,3412.4228395061727,5657.310956790123
TOSTADA-G_009_jpg.rf.506f019d1e54427e5f81510789439725.jpg,FP,37,-1,0.0,0,9906,0.0,4777.199074074074
TOSTADA-G_009_jpg.rf.506f019d1e54427e5f81510789439725.jpg,FN,-1,8,0.0,4178,0,2014.8533950617284,0.0
TOSTADA-G_009_jpg.rf.506f019d1e54427e5f81510789439725.jpg,FN,-1,12,0.0,3533,0,1703.8001543209875,0.0
TOSTADA-G_009_jpg.rf.506f019d1e54427e5f81510789439725.jpg,FN,-1,15,0.0,2526,0,1218.1712962962963,0.0
TOSTADA-G_009_jpg.rf.506f019d1e54427e5f81510789439725.jpg,FN,-1,22,0.0,2314,0,1115.9336419753085,0.0
TOSTADA-G_009_jpg.rf.506f019d1e54427e5f81510789439725.jpg,FN,-1,34,0.0,3351,0,1616.0300925925926,0.0
TOSTADA-G_011_jpg.rf.c0b219a9a6742c565eddfcdb51541b7d.jpg,TP,24,24,0.9487005034698598,7170,7151,3457.7546296296296,3448.591820987654
TOSTADA-G_011_jpg.rf.c0b219a9a6742c565eddfcdb51541b7d.jpg,TP,1,12,0.9425505050505051,6091,6217,2937.403549382716,2998.1674382716046
TOSTADA-G_011_jpg.rf.c0b219a9a6742c565eddfcdb51541b7d.jpg,TP,9,22,0.9383981773571679,11141,10980,5372.781635802469,5295.138888888889
TOSTADA-G_011_jpg.rf.c0b219a9a6742c565eddfcdb51541b7d.jpg,TP,0,19,0.9367021976575866,7302,7415,3521.412037037037,3575.906635802469
TOSTADA-G_011_jpg.rf.c0b219a9a6742c565eddfcdb51541b7d.jpg,TP,7,21,0.9285886030295745,7940,8102,3829.0895061728393,3907.2145061728393
TOSTADA-G_011_jpg.rf.c0b219a9a6742c565eddfcdb51541b7d.jpg,TP,4,3,0.9267100977198697,2900,3015,1398.5339506172838,1453.9930555555554
TOSTADA-G_011_jpg.rf.c0b219a9a6742c565eddfcdb51541b7d.jpg,TP,2,6,0.9245843230403801,8048,8157,3881.1728395061727,3933.7384259259256
TOSTADA-G_011_jpg.rf.c0b219a9a6742c565eddfcdb51541b7d.jpg,TP,6,1,0.9241564646163034,6489,6399,3129.340277777778,3085.9375
TOSTADA-G_011_jpg.rf.c0b219a9a6742c565eddfcdb51541b7d.jpg,TP,8,25,0.9237494366831907,10608,10736,5115.740740740741,5177.469135802469
TOSTADA-G_011_jpg.rf.c0b219a9a6742c565eddfcdb51541b7d.jpg,TP,5,18,0.9236990154711674,2773,2698,1337.2878086419753,1301.1188271604938
TOSTADA-G_011_jpg.rf.c0b219a9a6742c565eddfcdb51541b7d.jpg,TP,21,28,0.9212690951821386,850,785,409.9151234567901,378.5686728395062
TOSTADA-G_011_jpg.rf.c0b219a9a6742c565eddfcdb51541b7d.jpg,TP,10,20,0.9168848167539267,4373,4414,2108.89274691358,2128.66512345679
TOSTADA-G_011_jpg.rf.c0b219a9a6742c565eddfcdb51541b7d.jpg,TP,12,26,0.9168157423971377,5366,5349,2587.770061728395,2579.571759259259
TOSTADA-G_011_jpg.rf.c0b219a9a6742c565eddfcdb51541b7d.jpg,TP,15,11,0.9154554759467759,4668,4689,2251.1574074074074,2261.284722222222
TOSTADA-G_011_jpg.rf.c0b219a9a6742c565eddfcdb51541b7d.jpg,TP,19,10,0.9148809523809524,12843,12893,6193.576388888889,6217.689043209876
TOSTADA-G_011_jpg.rf.c0b219a9a6742c565eddfcdb51541b7d.jpg,TP,3,13,0.9145486415425066,2140,2229,1032.0216049382716,1074.9421296296296
TOSTADA-G_011_jpg.rf.c0b219a9a6742c565eddfcdb51541b7d.jpg,TP,13,15,0.9138673557278209,1114,1108,537.229938271605,534.3364197530864
TOSTADA-G_011_jpg.rf.c0b219a9a6742c565eddfcdb51541b7d.jpg,TP,14,9,0.9039334341906202,1246,1271,600.8873456790124,612.9436728395061
TOSTADA-G_011_jpg.rf.c0b219a9a6742c565eddfcdb51541b7d.jpg,TP,22,16,0.8842592592592593,414,400,199.65277777777777,192.9012345679012
TOSTADA-G_011_jpg.rf.c0b219a9a6742c565eddfcdb51541b7d.jpg,TP,18,29,0.8797297297297297,731,660,352.5270061728395,318.287037037037
TOSTADA-G_011_jpg.rf.c0b219a9a6742c565eddfcdb51541b7d.jpg,TP,16,4,0.8778705636743215,871,928,420.0424382716049,447.53086419753083
TOSTADA-G_011_jpg.rf.c0b219a9a6742c565eddfcdb51541b7d.jpg,TP,11,2,0.872946330777656,834,876,402.1990740740741,422.4537037037037
TOSTADA-G_011_jpg.rf.c0b219a9a6742c565eddfcdb51541b7d.jpg,TP,20,0,0.8649959579628133,1141,1166,550.2507716049382,562.3070987654321
TOSTADA-G_011_jpg.rf.c0b219a9a6742c565eddfcdb51541b7d.jpg,TP,23,27,0.8423645320197044,1015,855,489.48688271604937,412.32638888888886
TOSTADA-G_011_jpg.rf.c0b219a9a6742c565eddfcdb51541b7d.jpg,TP,17,8,0.827262044653349,735,820,354.4560185185185,395.4475308641975
TOSTADA-G_011_jpg.rf.c0b219a9a6742c565eddfcdb51541b7d.jpg,TP,25,7,0.7721518987341772,216,204,104.16666666666666,98.37962962962962
TOSTADA-G_011_jpg.rf.c0b219a9a6742c565eddfcdb51541b7d.jpg,TP,30,14,0.6442307692307693,103,68,49.67206790123456,32.79320987654321
TOSTADA-G_011_jpg.rf.c0b219a9a6742c565eddfcdb51541b7d.jpg,TP,28,17,0.5979749356793095,20758,17750,10010.609567901234,8559.992283950616
TOSTADA-G_011_jpg.rf.c0b219a9a6742c565eddfcdb51541b7d.jpg,FP,26,-1,0.0,0,18812,0.0,9072.145061728395
TOSTADA-G_011_jpg.rf.c0b219a9a6742c565eddfcdb51541b7d.jpg,FP,27,-1,0.0,0,21905,0.0,10563.753858024691
TOSTADA-G_011_jpg.rf.c0b219a9a6742c565eddfcdb51541b7d.jpg,FP,29,-1,0.0,0,9748,0.0,4701.003086419752
TOSTADA-G_011_jpg.rf.c0b219a9a6742c565eddfcdb51541b7d.jpg,FN,-1,5,0.0,37764,0,18211.805555555555,0.0
TOSTADA-G_011_jpg.rf.c0b219a9a6742c565eddfcdb51541b7d.jpg,FN,-1,23,0.0,31,0,14.949845679012345,0.0
TP-B_001_jpg.rf.476ac40460a2659ffbad7973abf99d86.jpg,TP,5,17,0.9473920863309353,4295,4367,2071.2770061728393,2105.9992283950614
TP-B_001_jpg.rf.476ac40460a2659ffbad7973abf99d86.jpg,TP,16,25,0.9308852175167737,13339,13425,6432.773919753086,6474.247685185185
TP-B_001_jpg.rf.476ac40460a2659ffbad7973abf99d86.jpg,TP,12,12,0.9275071153524193,5669,5844,2733.89274691358,2818.287037037037
TP-B_001_jpg.rf.476ac40460a2659ffbad7973abf99d86.jpg,TP,0,15,0.9268540467321368,5630,5750,2715.0848765432097,2772.95524691358
TP-B_001_jpg.rf.476ac40460a2659ffbad7973abf99d86.jpg,TP,14,14,0.9220477021524142,1633,1671,787.5192901234567,805.8449074074074
TP-B_001_jpg.rf.476ac40460a2659ffbad7973abf99d86.jpg,TP,13,9,0.9188860143052808,6222,6387,3000.5787037037035,3080.1504629629626
TP-B_001_jpg.rf.476ac40460a2659ffbad7973abf99d86.jpg,TP,15,2,0.9128151260504201,2741,2722,1321.8557098765432,1312.692901234568
TP-B_001_jpg.rf.476ac40460a2659ffbad7973abf99d86.jpg,TP,1,6,0.912781954887218,1263,1281,609.0856481481482,617.7662037037037
TP-B_001_jpg.rf.476ac40460a2659ffbad7973abf99d86.jpg,TP,6,13,0.9121054734318818,4693,4879,2263.213734567901,2352.912808641975
TP-B_001_jpg.rf.476ac40460a2659ffbad7973abf99d86.jpg,TP,20,18,0.909025009061254,2616,2651,1261.574074074074,1278.4529320987654
TP-B_001_jpg.rf.476ac40460a2659ffbad7973abf99d86.jpg,TP,3,10,0.90311004784689,3135,3229,1511.8634259259259,1557.1952160493827
TP-B_001_jpg.rf.476ac40460a2659ffbad7973abf99d86.jpg,TP,10,1,0.9022443890274314,1913,1901,922.5501543209876,916.7631172839506
TP-B_001_jpg.rf.476ac40460a2659ffbad7973abf99d86.jpg,TP,19,26,0.9018952062430323,1794,1618,865.162037037037,780.2854938271605
TP-B_001_jpg.rf.476ac40460a2659ffbad7973abf99d86.jpg,TP,4,7,0.8997407087294728,3250,3344,1567.3225308641975,1612.6543209876543
TP-B_001_jpg.rf.476ac40460a2659ffbad7973abf99d86.jpg,TP,7,4,0.8954093705631803,1987,2018,958.2368827160493,973.1867283950617
TP-B_001_jpg.rf.476ac40460a2659ffbad7973abf99d86.jpg,TP,17,8,0.8927773144286906,27366,29370,13197.337962962962,14163.773148148148
TP-B_001_jpg.rf.476ac40460a2659ffbad7973abf99d86.jpg,TP,9,11,0.8880262765004479,3122,3201,1505.594135802469,1543.6921296296296
TP-B_001_jpg.rf.476ac40460a2659ffbad7973abf99d86.jpg,TP,2,3,0.8876543209876543,1506,1552,726.2731481481482,748.4567901234567
TP-B_001_jpg.rf.476ac40460a2659ffbad7973abf99d86.jpg,TP,8,0,0.8731479602192003,4542,4687,2190.3935185185182,2260.3202160493825
TP-B_001_jpg.rf.476ac40460a2659ffbad7973abf99d86.jpg,TP,11,5,0.8693994280266921,977,984,471.16126543209873,474.537037037037
TP-B_001_jpg.rf.476ac40460a2659ffbad7973abf99d86.jpg,TP,18,23,0.865047233468286,688,694,331.7901234567901,334.6836419753086
TP-B_001_jpg.rf.476ac40460a2659ffbad7973abf99d86.jpg,TP,27,22,0.8219929055143502,5685,5615,2741.608796296296,2707.8510802469136
TP-B_001_jpg.rf.476ac40460a2659ffbad7973abf99d86.jpg,TP,28,20,0.8202372957241997,3763,4368,1814.7183641975307,2106.4814814814813
TP-B_001_jpg.rf.476ac40460a2659ffbad7973abf99d86.jpg,TP,22,28,0.7910447761194029,183,177,88.25231481481481,85.35879629629629
TP-B_001_jpg.rf.476ac40460a2659ffbad7973abf99d86.jpg,TP,23,29,0.7370425216839434,4705,3506,2269.000771604938,1690.7793209876543
TP-B_001_jpg.rf.476ac40460a2659ffbad7973abf99d86.jpg,TP,26,27,0.7202380952380952,168,121,81.01851851851852,58.35262345679012
TP-B_001_jpg.rf.476ac40460a2659ffbad7973abf99d86.jpg,TP,25,19,0.7072243346007605,229,220,110.43595679012346,106.09567901234567
TP-B_001_jpg.rf.476ac40460a2659ffbad7973abf99d86.jpg,TP,21,30,0.6720556745182013,12852,18382,6197.916666666666,8864.7762345679
TP-B_001_jpg.rf.476ac40460a2659ffbad7973abf99d86.jpg,FP,24,-1,0.0,0,5414,0.0,2610.918209876543
TP-B_001_jpg.rf.476ac40460a2659ffbad7973abf99d86.jpg,FN,-1,16,0.0,6639,0,3201.6782407407404,0.0
TP-B_001_jpg.rf.476ac40460a2659ffbad7973abf99d86.jpg,FN,-1,21,0.0,1588,0,765.8179012345679,0.0
TP-B_001_jpg.rf.476ac40460a2659ffbad7973abf99d86.jpg,FN,-1,24,0.0,4609,0,2222.704475308642,0.0
TP-D_010_jpg.rf.8e807d0647c50bd1b8d28134da2e26a4.jpg,TP,22,1,0.946030504497458,4959,4993,2391.4930555555557,2407.8896604938273
TP-D_010_jpg.rf.8e807d0647c50bd1b8d28134da2e26a4.jpg,TP,21,46,0.9448669201520913,3681,3480,1775.173611111111,1678.2407407407406
TP-D_010_jpg.rf.8e807d0647c50bd1b8d28134da2e26a4.jpg,TP,0,21,0.9417989417989417,6843,6736,3300.0578703703704,3248.456790123457
TP-D_010_jpg.rf.8e807d0647c50bd1b8d28134da2e26a4.jpg,TP,3,32,0.9385261550210003,2551,2526,1230.22762345679,1218.1712962962963
TP-D_010_jpg.rf.8e807d0647c50bd1b8d28134da2e26a4.jpg,TP,7,10,0.9362984685565331,5988,5897,2887.7314814814813,2843.8464506172836
TP-D_010_jpg.rf.8e807d0647c50bd1b8d28134da2e26a4.jpg,TP,29,23,0.9346888478126926,1606,1534,774.4984567901234,739.7762345679012
TP-D_010_jpg.rf.8e807d0647c50bd1b8d28134da2e26a4.jpg,TP,2,45,0.9340974212034384,2725,2675,1314.139660493827,1290.0270061728395
TP-D_010_jpg.rf.8e807d0647c50bd1b8d28134da2e26a4.jpg,TP,18,8,0.9335309060118544,2258,2309,1088.9274691358023,1113.52237654321
TP-D_010_jpg.rf.8e807d0647c50bd1b8d28134da2e26a4.jpg,TP,10,41,0.93293142426526,3870,3825,1866.3194444444443,1844.6180555555554
TP-D_010_jpg.rf.8e807d0647c50bd1b8d28134da2e26a4.jpg,TP,12,13,0.9325548971767166,5580,5509,2690.972222222222,2656.7322530864194
TP-D_010_jpg.rf.8e807d0647c50bd1b8d28134da2e26a4.jpg,TP,11,27,0.9263333333333333,2887,2892,1392.264660493827,1394.6759259259259
TP-D_010_jpg.rf.8e807d0647c50bd1b8d28134da2e26a4.jpg,TP,13,35,0.9235023041474655,3092,3169,1491.1265432098764,1528.2600308641975
TP-D_010_jpg.rf.8e807d0647c50bd1b8d28134da2e26a4.jpg,TP,14,17,0.9233686206351714,6020,6153,2903.1635802469136,2967.3032407407404
TP-D_010_jpg.rf.8e807d0647c50bd1b8d28134da2e26a4.jpg,TP,24,3,0.9198036006546645,1786,1733,861.304012345679,835.7445987654321
TP-D_010_jpg.rf.8e807d0647c50bd1b8d28134da2e26a4.jpg,TP,6,42,0.9193548387096774,2256,2266,1087.9629629629628,1092.7854938271605
TP-D_010_jpg.rf.8e807d0647c50bd1b8d28134da2e26a4.jpg,TP,38,18,0.9134438305709024,3081,3153,1485.8217592592591,1520.5439814814813
TP-D_010_jpg.rf.8e807d0647c50bd1b8d28134da2e26a4.jpg,TP,34,12,0.9134228187919463,1421,1430,685.281635802469,689.6219135802469
TP-D_010_jpg.rf.8e807d0647c50bd1b8d28134da2e26a4.jpg,TP,16,30,0.9133159268929504,1807,1857,871.4313271604938,895.5439814814814
TP-D_010_jpg.rf.8e807d0647c50bd1b8d28134da2e26a4.jpg,TP,25,14,0.9131293188548865,9814,9566,4732.831790123457,4613.233024691358
TP-D_010_jpg.rf.8e807d0647c50bd1b8d28134da2e26a4.jpg,TP,9,6,0.9110845295055822,2435,2358,1174.2862654320986,1137.1527777777778
TP-D_010_jpg.rf.8e807d0647c50bd1b8d28134da2e26a4.jpg,TP,5,22,0.9105263157894737,2671,2774,1288.0979938271605,1337.770061728395
TP-D_010_jpg.rf.8e807d0647c50bd1b8d28134da2e26a4.jpg,TP,4,40,0.9101412066752247,1466,1510,706.983024691358,728.2021604938271
TP-D_010_jpg.rf.8e807d0647c50bd1b8d28134da2e26a4.jpg,TP,15,9,0.9069286452947259,1859,1829,896.5084876543209,882.0408950617284
TP-D_010_jpg.rf.8e807d0647c50bd1b8d28134da2e26a4.jpg,TP,8,44,0.9041379310344828,2772,2750,1336.8055555555554,1326.195987654321
TP-D_010_jpg.rf.8e807d0647c50bd1b8d28134da2e26a4.jpg,TP,27,29,0.902610736286301,3160,3326,1523.9197530864196,1603.9737654320986
TP-D_010_jpg.rf.8e807d0647c50bd1b8d28134da2e26a4.jpg,TP,17,38,0.8982161594963274,1808,1810,871.9135802469135,872.878086419753
TP-D_010_jpg.rf.8e807d0647c50bd1b8d28134da2e26a4.jpg,TP,19,39,0.8981833544571187,2264,2229,1091.820987654321,1074.9421296296296
TP-D_010_jpg.rf.8e807d0647c50bd1b8d28134da2e26a4.jpg,TP,23,25,0.8960763520678685,895,893,431.616512345679,430.6520061728395
TP-D_010_jpg.rf.8e807d0647c50bd1b8d28134da2e26a4.jpg,TP,26,15,0.8936170212765957,2236,2303,1078.317901234568,1110.6288580246912
TP-D_010_jpg.rf.8e807d0647c50bd1b8d28134da2e26a4.jpg,TP,1,37,0.8929815828770533,1891,1912,911.940586419753,922.0679012345679
TP-D_010_jpg.rf.8e807d0647c50bd1b8d28134da2e26a4.jpg,TP,20,19,0.8890923358618885,7153,7291,3449.5563271604938,3516.1072530864194
TP-D_010_jpg.rf.8e807d0647c50bd1b8d28134da2e26a4.jpg,TP,45,36,0.8889442231075697,1938,1855,934.6064814814814,894.5794753086419
TP-D_010_jpg.rf.8e807d0647c50bd1b8d28134da2e26a4.jpg,TP,32,0,0.8777292576419214,618,672,298.0324074074074,324.0740740740741
TP-D_010_jpg.rf.8e807d0647c50bd1b8d28134da2e26a4.jpg,TP,28,7,0.8759018759018758,1293,1307,623.5532407407408,630.3047839506172
TP-D_010_jpg.rf.8e807d0647c50bd1b8d28134da2e26a4.jpg,TP,36,11,0.8630393996247655,1469,1510,708.4297839506172,728.2021604938271
TP-D_010_jpg.rf.8e807d0647c50bd1b8d28134da2e26a4.jpg,TP,31,33,0.843040473840079,938,929,452.35339506172835,448.0131172839506
TP-D_010_jpg.rf.8e807d0647c50bd1b8d28134da2e26a4.jpg,TP,30,16,0.812962962962963,485,494,233.89274691358023,238.23302469135803
TP-D_010_jpg.rf.8e807d0647c50bd1b8d28134da2e26a4.jpg,TP,33,24,0.7990314769975787,362,381,174.5756172839506,183.73842592592592
TP-D_010_jpg.rf.8e807d0647c50bd1b8d28134da2e26a4.jpg,TP,37,5,0.7629382303839732,534,522,257.52314814814815,251.7361111111111
TP-D_010_jpg.rf.8e807d0647c50bd1b8d28134da2e26a4.jpg,TP,41,2,0.7216981132075472,183,182,88.25231481481481,87.77006172839506
TP-D_010_jpg.rf.8e807d0647c50bd1b8d28134da2e26a4.jpg,TP,39,26,0.64,125,80,60.28163580246913,38.58024691358025
TP-D_010_jpg.rf.8e807d0647c50bd1b8d28134da2e26a4.jpg,TP,43,31,0.5969693110913027,7612,4929,3670.9104938271603,2377.025462962963
TP-D_010_jpg.rf.8e807d0647c50bd1b8d28134da2e26a4.jpg,FP,35,-1,0.0,0,2745,0.0,1323.7847222222222
TP-D_010_jpg.rf.8e807d0647c50bd1b8d28134da2e26a4.jpg,FP,40,-1,0.0,0,1618,0.0,780.2854938271605
TP-D_010_jpg.rf.8e807d0647c50bd1b8d28134da2e26a4.jpg,FP,42,-1,0.0,0,2954,0.0,1424.5756172839506
TP-D_010_jpg.rf.8e807d0647c50bd1b8d28134da2e26a4.jpg,FP,44,-1,0.0,0,892,0.0,430.16975308641975
TP-D_010_jpg.rf.8e807d0647c50bd1b8d28134da2e26a4.jpg,FP,46,-1,0.0,0,2292,0.0,1105.3240740740741
TP-D_010_jpg.rf.8e807d0647c50bd1b8d28134da2e26a4.jpg,FN,-1,4,0.0,20,0,9.645061728395062,0.0
TP-D_010_jpg.rf.8e807d0647c50bd1b8d28134da2e26a4.jpg,FN,-1,20,0.0,364,0,175.54012345679013,0.0
TP-D_010_jpg.rf.8e807d0647c50bd1b8d28134da2e26a4.jpg,FN,-1,28,0.0,12,0,5.787037037037036,0.0
TP-D_010_jpg.rf.8e807d0647c50bd1b8d28134da2e26a4.jpg,FN,-1,34,0.0,67,0,32.310956790123456,0.0
TP-D_010_jpg.rf.8e807d0647c50bd1b8d28134da2e26a4.jpg,FN,-1,43,0.0,56,0,27.00617283950617,0.0
TP-G_008_jpg.rf.7ce2f84776589571f8d07c60f1c4e63c.jpg,TP,0,8,0.9431039157209806,25315,24854,12208.236882716048,11985.918209876543
TP-G_008_jpg.rf.7ce2f84776589571f8d07c60f1c4e63c.jpg,TP,12,26,0.9430210325047801,2585,2496,1246.6242283950617,1203.7037037037037
TP-G_008_jpg.rf.7ce2f84776589571f8d07c60f1c4e63c.jpg,TP,3,2,0.9396576733391355,6638,6734,3201.195987654321,3247.492283950617
TP-G_008_jpg.rf.7ce2f84776589571f8d07c60f1c4e63c.jpg,TP,4,12,0.9379301217575436,7332,7311,3535.8796296296296,3525.752314814815
TP-G_008_jpg.rf.7ce2f84776589571f8d07c60f1c4e63c.jpg,TP,16,9,0.9368882019577537,7563,7475,3647.2800925925926,3604.841820987654
TP-G_008_jpg.rf.7ce2f84776589571f8d07c60f1c4e63c.jpg,TP,5,13,0.9336111938076809,6396,6594,3084.4907407407404,3179.9768518518517
TP-G_008_jpg.rf.7ce2f84776589571f8d07c60f1c4e63c.jpg,TP,15,7,0.9333279293154461,23990,23711,11569.251543209875,11434.702932098764
TP-G_008_jpg.rf.7ce2f84776589571f8d07c60f1c4e63c.jpg,TP,13,15,0.9300699300699301,2315,2377,1116.4158950617284,1146.3155864197531
TP-G_008_jpg.rf.7ce2f84776589571f8d07c60f1c4e63c.jpg,TP,10,14,0.9232403718459495,3548,3693,1711.0339506172838,1780.960648148148
TP-G_008_jpg.rf.7ce2f84776589571f8d07c60f1c4e63c.jpg,TP,11,24,0.9175565326633166,6019,6192,2902.6813271604938,2986.111111111111
TP-G_008_jpg.rf.7ce2f84776589571f8d07c60f1c4e63c.jpg,TP,1,16,0.9164361912287633,4743,4958,2287.3263888888887,2391.010802469136
TP-G_008_jpg.rf.7ce2f84776589571f8d07c60f1c4e63c.jpg,TP,9,6,0.9157516891891891,4545,4528,2191.840277777778,2183.641975308642
TP-G_008_jpg.rf.7ce2f84776589571f8d07c60f1c4e63c.jpg,TP,8,25,0.9136231884057971,1641,1660,791.3773148148148,800.5401234567901
TP-G_008_jpg.rf.7ce2f84776589571f8d07c60f1c4e63c.jpg,TP,20,1,0.9130384437239463,8331,8190,4017.6504629629626,3949.6527777777774
TP-G_008_jpg.rf.7ce2f84776589571f8d07c60f1c4e63c.jpg,TP,6,11,0.9064085698177035,5054,5090,2437.307098765432,2454.668209876543
TP-G_008_jpg.rf.7ce2f84776589571f8d07c60f1c4e63c.jpg,TP,2,20,0.9049979347377117,2269,2343,1094.2322530864196,1129.9189814814815
TP-G_008_jpg.rf.7ce2f84776589571f8d07c60f1c4e63c.jpg,TP,24,0,0.9032625189681336,5004,5030,2413.1944444444443,2425.733024691358
TP-G_008_jpg.rf.7ce2f84776589571f8d07c60f1c4e63c.jpg,TP,14,29,0.9007731958762887,757,718,365.06558641975306,346.2577160493827
TP-G_008_jpg.rf.7ce2f84776589571f8d07c60f1c4e63c.jpg,TP,22,22,0.9006479481641468,866,894,417.6311728395062,431.13425925925924
TP-G_008_jpg.rf.7ce2f84776589571f8d07c60f1c4e63c.jpg,TP,23,10,0.9005970149253731,3168,3199,1527.7777777777776,1542.72762345679
TP-G_008_jpg.rf.7ce2f84776589571f8d07c60f1c4e63c.jpg,TP,17,18,0.8953880764904387,865,820,417.1489197530864,395.4475308641975
TP-G_008_jpg.rf.7ce2f84776589571f8d07c60f1c4e63c.jpg,TP,7,21,0.8928571428571429,1438,1424,693.4799382716049,686.7283950617284
TP-G_008_jpg.rf.7ce2f84776589571f8d07c60f1c4e63c.jpg,TP,19,19,0.882960413080895,577,517,278.2600308641975,249.32484567901233
TP-G_008_jpg.rf.7ce2f84776589571f8d07c60f1c4e63c.jpg,TP,25,27,0.8643086816720257,1414,1485,681.9058641975308,716.1458333333333
TP-G_008_jpg.rf.7ce2f84776589571f8d07c60f1c4e63c.jpg,TP,21,23,0.8451541032305978,2460,2509,1186.3425925925926,1209.9729938271605
TP-G_008_jpg.rf.7ce2f84776589571f8d07c60f1c4e63c.jpg,TP,18,5,0.7931428571428571,1457,1681,702.6427469135803,810.6674382716049
TP-G_008_jpg.rf.7ce2f84776589571f8d07c60f1c4e63c.jpg,TP,26,3,0.7333333333333333,191,251,92.11033950617283,121.04552469135803
TP-G_008_jpg.rf.7ce2f84776589571f8d07c60f1c4e63c.jpg,TP,27,30,0.6284722222222222,235,234,113.32947530864197,112.84722222222221
TP-G_008_jpg.rf.7ce2f84776589571f8d07c60f1c4e63c.jpg,FP,28,-1,0.0,0,813,0.0,392.07175925925924
TP-G_008_jpg.rf.7ce2f84776589571f8d07c60f1c4e63c.jpg,FN,-1,4,0.0,37,0,17.843364197530864,0.0
TP-G_008_jpg.rf.7ce2f84776589571f8d07c60f1c4e63c.jpg,FN,-1,17,0.0,47,0,22.665895061728396,0.0
TP-G_008_jpg.rf.7ce2f84776589571f8d07c60f1c4e63c.jpg,FN,-1,28,0.0,115,0,55.4591049382716,0.0
TP-G_008_jpg.rf.7ce2f84776589571f8d07c60f1c4e63c.jpg,FN,-1,31,0.0,126,0,60.763888888888886,0.0
TP-G_008_jpg.rf.7ce2f84776589571f8d07c60f1c4e63c.jpg,FN,-1,32,0.0,57,0,27.488425925925924,0.0
TP-G_010_jpg.rf.5c8b394cdec2d68bae00b4eb6679ec08.jpg,TP,27,7,0.9573464373464373,19872,19960,9583.333333333332,9625.77160493827
TP-G_010_jpg.rf.5c8b394cdec2d68bae00b4eb6679ec08.jpg,TP,30,13,0.9561564217575337,15443,15521,7447.434413580247,7485.0501543209875
TP-G_010_jpg.rf.5c8b394cdec2d68bae00b4eb6679ec08.jpg,TP,3,22,0.9430237180336558,7255,7409,3498.7461419753085,3573.0131172839506
TP-G_010_jpg.rf.5c8b394cdec2d68bae00b4eb6679ec08.jpg,TP,1,6,0.9382022471910112,5123,5227,2470.582561728395,2520.7368827160494
TP-G_010_jpg.rf.5c8b394cdec2d68bae00b4eb6679ec08.jpg,TP,28,12,0.9376888217522659,5165,5097,2490.8371913580245,2458.0439814814813
TP-G_010_jpg.rf.5c8b394cdec2d68bae00b4eb6679ec08.jpg,TP,29,1,0.931980252331322,5255,5311,2534.2399691358023,2561.2461419753085
TP-G_010_jpg.rf.5c8b394cdec2d68bae00b4eb6679ec08.jpg,TP,4,11,0.9276633055677335,2179,2218,1050.829475308642,1069.6373456790122
TP-G_010_jpg.rf.5c8b394cdec2d68bae00b4eb6679ec08.jpg,TP,31,19,0.927545416138572,13797,13578,6653.645833333333,6548.032407407407
TP-G_010_jpg.rf.5c8b394cdec2d68bae00b4eb6679ec08.jpg,TP,11,0,0.9266792809839167,2037,2036,982.349537037037,981.8672839506172
TP-G_010_jpg.rf.5c8b394cdec2d68bae00b4eb6679ec08.jpg,TP,14,16,0.9262672811059908,1063,1027,512.6350308641975,495.2739197530864
TP-G_010_jpg.rf.5c8b394cdec2d68bae00b4eb6679ec08.jpg,TP,6,25,0.9245147375988497,1329,1348,640.9143518518518,650.0771604938271
TP-G_010_jpg.rf.5c8b394cdec2d68bae00b4eb6679ec08.jpg,TP,18,5,0.9171695008228196,1709,1786,824.170524691358,861.304012345679
TP-G_010_jpg.rf.5c8b394cdec2d68bae00b4eb6679ec08.jpg,TP,13,28,0.9170078154075176,2509,2642,1209.9729938271605,1274.1126543209875
TP-G_010_jpg.rf.5c8b394cdec2d68bae00b4eb6679ec08.jpg,TP,0,24,0.91688654353562,2852,2960,1375.3858024691358,1427.469135802469
TP-G_010_jpg.rf.5c8b394cdec2d68bae00b4eb6679ec08.jpg,TP,22,18,0.9157733537519143,633,618,305.2662037037037,298.0324074074074
TP-G_010_jpg.rf.5c8b394cdec2d68bae00b4eb6679ec08.jpg,TP,25,33,0.915651358950328,2032,2056,979.9382716049382,991.5123456790122
TP-G_010_jpg.rf.5c8b394cdec2d68bae00b4eb6679ec08.jpg,TP,16,10,0.9147982062780269,5940,6016,2864.583333333333,2901.2345679012346
TP-G_010_jpg.rf.5c8b394cdec2d68bae00b4eb6679ec08.jpg,TP,20,34,0.9108072916666666,2903,2967,1399.9807098765432,1430.8449074074074
TP-G_010_jpg.rf.5c8b394cdec2d68bae00b4eb6679ec08.jpg,TP,12,20,0.9088872292755787,1272,1284,613.4259259259259,619.2129629629629
TP-G_010_jpg.rf.5c8b394cdec2d68bae00b4eb6679ec08.jpg,TP,7,3,0.9055244195356285,1165,1215,561.8248456790124,585.9375
TP-G_010_jpg.rf.5c8b394cdec2d68bae00b4eb6679ec08.jpg,TP,9,21,0.900709219858156,2637,2723,1271.701388888889,1313.1751543209875
TP-G_010_jpg.rf.5c8b394cdec2d68bae00b4eb6679ec08.jpg,TP,8,36,0.8984944147644488,1923,1986,927.3726851851851,957.7546296296296
TP-G_010_jpg.rf.5c8b394cdec2d68bae00b4eb6679ec08.jpg,TP,23,32,0.8958543983822043,909,966,438.36805555555554,465.85648148148147
TP-G_010_jpg.rf.5c8b394cdec2d68bae00b4eb6679ec08.jpg,TP,15,29,0.8951678951678952,3436,3506,1657.0216049382716,1690.7793209876543
TP-G_010_jpg.rf.5c8b394cdec2d68bae00b4eb6679ec08.jpg,TP,5,23,0.886417791898332,1160,1215,559.4135802469135,585.9375
TP-G_010_jpg.rf.5c8b394cdec2d68bae00b4eb6679ec08.jpg,TP,17,17,0.8780120481927711,613,634,295.6211419753086,305.74845679012344
TP-G_010_jpg.rf.5c8b394cdec2d68bae00b4eb6679ec08.jpg,TP,10,31,0.8777173913043478,1038,1035,500.5787037037037,499.1319444444444
TP-G_010_jpg.rf.5c8b394cdec2d68bae00b4eb6679ec08.jpg,TP,2,30,0.8559527941686914,2500,2847,1205.6327160493827,1372.974537037037
TP-G_010_jpg.rf.5c8b394cdec2d68bae00b4eb6679ec08.jpg,TP,26,4,0.8296703296703297,159,174,76.67824074074073,83.91203703703704
TP-G_010_jpg.rf.5c8b394cdec2d68bae00b4eb6679ec08.jpg,TP,21,8,0.8236196319018405,594,595,286.4583333333333,286.94058641975306
TP-G_010_jpg.rf.5c8b394cdec2d68bae00b4eb6679ec08.jpg,TP,19,9,0.8206627680311891,904,964,435.95679012345676,464.891975308642
TP-G_010_jpg.rf.5c8b394cdec2d68bae00b4eb6679ec08.jpg,TP,24,27,0.6740761715984709,4889,6935,2357.7353395061727,3344.4251543209875
TP-G_010_jpg.rf.5c8b394cdec2d68bae00b4eb6679ec08.jpg,FP,32,-1,0.0,0,205,0.0,98.86188271604938
TP-G_010_jpg.rf.5c8b394cdec2d68bae00b4eb6679ec08.jpg,FP,33,-1,0.0,0,11923,0.0,5749.903549382716
TP-G_010_jpg.rf.5c8b394cdec2d68bae00b4eb6679ec08.jpg,FN,-1,2,0.0,44,0,21.219135802469136,0.0
TP-G_010_jpg.rf.5c8b394cdec2d68bae00b4eb6679ec08.jpg,FN,-1,14,0.0,13298,0,6413.001543209876,0.0
TP-G_010_jpg.rf.5c8b394cdec2d68bae00b4eb6679ec08.jpg,FN,-1,15,0.0,128,0,61.72839506172839,0.0
TP-G_010_jpg.rf.5c8b394cdec2d68bae00b4eb6679ec08.jpg,FN,-1,26,0.0,1923,0,927.3726851851851,0.0
TP-G_010_jpg.rf.5c8b394cdec2d68bae00b4eb6679ec08.jpg,FN,-1,35,0.0,8645,0,4169.077932098765,0.0
ZAINA-679-B_010_jpg.rf.4a3c6644c7fdcdc349eacebe9a97fbd7.jpg,TP,4,9,0.9526883889841622,9583,9774,4621.431327160493,4713.541666666666
ZAINA-679-B_010_jpg.rf.4a3c6644c7fdcdc349eacebe9a97fbd7.jpg,TP,16,13,0.9463288965221125,8960,9172,4320.9876543209875,4423.225308641975
ZAINA-679-B_010_jpg.rf.4a3c6644c7fdcdc349eacebe9a97fbd7.jpg,TP,0,8,0.9440628066732091,7782,8066,3752.8935185185182,3889.8533950617284
ZAINA-679-B_010_jpg.rf.4a3c6644c7fdcdc349eacebe9a97fbd7.jpg,TP,5,22,0.9422617014007516,5585,5785,2693.383487654321,2789.8341049382716
ZAINA-679-B_010_jpg.rf.4a3c6644c7fdcdc349eacebe9a97fbd7.jpg,TP,9,3,0.9333697433096668,5273,5347,2542.920524691358,2578.6072530864194
ZAINA-679-B_010_jpg.rf.4a3c6644c7fdcdc349eacebe9a97fbd7.jpg,TP,14,36,0.9320719602977667,3095,3134,1492.5733024691358,1511.381172839506
ZAINA-679-B_010_jpg.rf.4a3c6644c7fdcdc349eacebe9a97fbd7.jpg,TP,6,34,0.9300518134715026,3297,3408,1589.9884259259259,1643.5185185185185
ZAINA-679-B_010_jpg.rf.4a3c6644c7fdcdc349eacebe9a97fbd7.jpg,TP,1,31,0.9295503211991435,4444,4567,2143.1327160493825,2202.449845679012
ZAINA-679-B_010_jpg.rf.4a3c6644c7fdcdc349eacebe9a97fbd7.jpg,TP,23,1,0.9287690179806363,1418,1371,683.8348765432098,661.1689814814814
ZAINA-679-B_010_jpg.rf.4a3c6644c7fdcdc349eacebe9a97fbd7.jpg,TP,20,15,0.9242919389978214,3488,3578,1682.0987654320986,1725.5015432098764
ZAINA-679-B_010_jpg.rf.4a3c6644c7fdcdc349eacebe9a97fbd7.jpg,TP,18,25,0.9186991869918699,3959,4065,1909.2399691358023,1960.3587962962963
ZAINA-679-B_010_jpg.rf.4a3c6644c7fdcdc349eacebe9a97fbd7.jpg,TP,29,2,0.9166765297668363,7919,8275,3818.9621913580245,3990.644290123457
ZAINA-679-B_010_jpg.rf.4a3c6644c7fdcdc349eacebe9a97fbd7.jpg,TP,24,4,0.915862986365148,2873,2888,1385.5131172839506,1392.7469135802469
ZAINA-679-B_010_jpg.rf.4a3c6644c7fdcdc349eacebe9a97fbd7.jpg,TP,3,32,0.9143776824034334,4417,4504,2130.1118827160494,2172.0679012345677
ZAINA-679-B_010_jpg.rf.4a3c6644c7fdcdc349eacebe9a97fbd7.jpg,TP,10,30,0.9072026800670017,2767,2926,1334.3942901234568,1411.0725308641975
ZAINA-679-B_010_jpg.rf.4a3c6644c7fdcdc349eacebe9a97fbd7.jpg,TP,17,7,0.9026707755521315,3637,3772,1753.9544753086418,1819.0586419753085
ZAINA-679-B_010_jpg.rf.4a3c6644c7fdcdc349eacebe9a97fbd7.jpg,TP,21,17,0.9013651877133105,2773,2798,1337.2878086419753,1349.344135802469
ZAINA-679-B_010_jpg.rf.4a3c6644c7fdcdc349eacebe9a97fbd7.jpg,TP,8,14,0.8970456580125336,3111,3246,1500.2893518518517,1565.3935185185185
ZAINA-679-B_010_jpg.rf.4a3c6644c7fdcdc349eacebe9a97fbd7.jpg,TP,7,28,0.886579139314369,2640,2533,1273.148148148148,1221.5470679012344
ZAINA-679-B_010_jpg.rf.4a3c6644c7fdcdc349eacebe9a97fbd7.jpg,TP,28,5,0.8858360966366651,5640,6303,2719.9074074074074,3039.6412037037035
ZAINA-679-B_010_jpg.rf.4a3c6644c7fdcdc349eacebe9a97fbd7.jpg,TP,13,10,0.8846335697399527,1952,2034,941.358024691358,980.9027777777777
ZAINA-679-B_010_jpg.rf.4a3c6644c7fdcdc349eacebe9a97fbd7.jpg,TP,15,27,0.8820614469772051,3640,3956,1755.4012345679012,1907.7932098765432
ZAINA-679-B_010_jpg.rf.4a3c6644c7fdcdc349eacebe9a97fbd7.jpg,TP,12,29,0.8774860779634049,2460,2260,1186.3425925925926,1089.891975308642
ZAINA-679-B_010_jpg.rf.4a3c6644c7fdcdc349eacebe9a97fbd7.jpg,TP,31,21,0.8761514841351075,9361,8969,4514.371141975308,4325.327932098765
ZAINA-679-B_010_jpg.rf.4a3c6644c7fdcdc349eacebe9a97fbd7.jpg,TP,33,12,0.8694779116465864,2709,2877,1306.423611111111,1387.4421296296296
ZAINA-679-B_010_jpg.rf.4a3c6644c7fdcdc349eacebe9a97fbd7.jpg,TP,34,16,0.8453105968331304,712,803,343.3641975308642,387.2492283950617
ZAINA-679-B_010_jpg.rf.4a3c6644c7fdcdc349eacebe9a97fbd7.jpg,TP,26,26,0.8438453713123093,1718,1907,828.5108024691358,919.656635802469
ZAINA-679-B_010_jpg.rf.4a3c6644c7fdcdc349eacebe9a97fbd7.jpg,TP,32,18,0.8420824920680704,6630,6143,3197.3379629629626,2962.480709876543
ZAINA-679-B_010_jpg.rf.4a3c6644c7fdcdc349eacebe9a97fbd7.jpg,TP,30,0,0.8391764051196439,1671,1634,805.8449074074074,788.0015432098766
ZAINA-679-B_010_jpg.rf.4a3c6644c7fdcdc349eacebe9a97fbd7.jpg,TP,40,19,0.8179808400884304,1186,1281,571.9521604938271,617.7662037037037
ZAINA-679-B_010_jpg.rf.4a3c6644c7fdcdc349eacebe9a97fbd7.jpg,TP,19,6,0.7539015606242497,684,777,329.8611111111111,374.71064814814815
ZAINA-679-B_010_jpg.rf.4a3c6644c7fdcdc349eacebe9a97fbd7.jpg,TP,22,37,0.7002078558865853,18128,13773,8742.283950617284,6642.071759259259
ZAINA-679-B_010_jpg.rf.4a3c6644c7fdcdc349eacebe9a97fbd7.jpg,TP,35,23,0.6988010056081996,10063,7506,4852.912808641975,3619.7916666666665
ZAINA-679-B_010_jpg.rf.4a3c6644c7fdcdc349eacebe9a97fbd7.jpg,TP,2,33,0.5861545961757217,17971,11311,8666.570216049382,5454.764660493827
ZAINA-679-B_010_jpg.rf.4a3c6644c7fdcdc349eacebe9a97fbd7.jpg,TP,37,35,0.5461343472750317,7591,4608,3660.7831790123455,2222.222222222222
ZAINA-679-B_010_jpg.rf.4a3c6644c7fdcdc349eacebe9a97fbd7.jpg,FP,11,-1,0.0,0,7152,0.0,3449.074074074074
ZAINA-679-B_010_jpg.rf.4a3c6644c7fdcdc349eacebe9a97fbd7.jpg,FP,25,-1,0.0,0,6810,0.0,3284.1435185185182
ZAINA-679-B_010_jpg.rf.4a3c6644c7fdcdc349eacebe9a97fbd7.jpg,FP,27,-1,0.0,0,3380,0.0,1630.0154320987654
ZAINA-679-B_010_jpg.rf.4a3c6644c7fdcdc349eacebe9a97fbd7.jpg,FP,36,-1,0.0,0,1630,0.0,786.0725308641975
ZAINA-679-B_010_jpg.rf.4a3c6644c7fdcdc349eacebe9a97fbd7.jpg,FP,38,-1,0.0,0,1546,0.0,745.5632716049382
ZAINA-679-B_010_jpg.rf.4a3c6644c7fdcdc349eacebe9a97fbd7.jpg,FP,39,-1,0.0,0,4656,0.0,2245.3703703703704
ZAINA-679-B_010_jpg.rf.4a3c6644c7fdcdc349eacebe9a97fbd7.jpg,FP,41,-1,0.0,0,4600,0.0,2218.364197530864
ZAINA-679-B_010_jpg.rf.4a3c6644c7fdcdc349eacebe9a97fbd7.jpg,FN,-1,11,0.0,8531,0,4114.101080246914,0.0
ZAINA-679-B_010_jpg.rf.4a3c6644c7fdcdc349eacebe9a97fbd7.jpg,FN,-1,20,0.0,439,0,211.7091049382716,0.0
ZAINA-679-B_010_jpg.rf.4a3c6644c7fdcdc349eacebe9a97fbd7.jpg,FN,-1,24,0.0,3429,0,1653.6458333333333,0.0
ZAINA-679-B_011_jpg.rf.27d46a055eff6f5810ec4c5c9429b994.jpg,TP,5,14,0.9654860291223928,24971,24972,12042.341820987655,12042.824074074073
ZAINA-679-B_011_jpg.rf.27d46a055eff6f5810ec4c5c9429b994.jpg,TP,8,4,0.9634565187525759,21375,21501,10308.159722222223,10368.923611111111
ZAINA-679-B_011_jpg.rf.27d46a055eff6f5810ec4c5c9429b994.jpg,TP,12,12,0.9547495682210708,25351,25580,12225.59799382716,12336.033950617284
ZAINA-679-B_011_jpg.rf.27d46a055eff6f5810ec4c5c9429b994.jpg,TP,16,9,0.9542800958643152,15798,16004,7618.634259259259,7717.978395061728
ZAINA-679-B_011_jpg.rf.27d46a055eff6f5810ec4c5c9429b994.jpg,TP,7,11,0.9454216982029096,10145,10315,4892.4575617283945,4974.440586419752
ZAINA-679-B_011_jpg.rf.27d46a055eff6f5810ec4c5c9429b994.jpg,TP,6,15,0.9446657183499289,6714,6957,3237.847222222222,3355.034722222222
ZAINA-679-B_011_jpg.rf.27d46a055eff6f5810ec4c5c9429b994.jpg,TP,10,13,0.9395311541908401,20474,20646,9873.649691358025,9956.597222222223
ZAINA-679-B_011_jpg.rf.27d46a055eff6f5810ec4c5c9429b994.jpg,TP,3,6,0.9392182130584192,8892,9166,4288.194444444444,4420.331790123457
ZAINA-679-B_011_jpg.rf.27d46a055eff6f5810ec4c5c9429b994.jpg,TP,1,18,0.9370030581039756,9412,9590,4538.966049382716,4624.807098765432
ZAINA-679-B_011_jpg.rf.27d46a055eff6f5810ec4c5c9429b994.jpg,TP,11,0,0.9358380092705538,3919,4016,1889.9498456790122,1936.7283950617284
ZAINA-679-B_011_jpg.rf.27d46a055eff6f5810ec4c5c9429b994.jpg,TP,15,19,0.931021681021681,12866,13141,6204.668209876543,6337.287808641975
ZAINA-679-B_011_jpg.rf.27d46a055eff6f5810ec4c5c9429b994.jpg,TP,9,5,0.92970946579194,4069,4167,1962.2878086419753,2009.548611111111
ZAINA-679-B_011_jpg.rf.27d46a055eff6f5810ec4c5c9429b994.jpg,TP,22,2,0.929096411586684,11166,11144,5384.837962962963,5374.228395061728
ZAINA-679-B_011_jpg.rf.27d46a055eff6f5810ec4c5c9429b994.jpg,TP,4,16,0.9270516717325228,2504,2568,1207.5617283950617,1238.4259259259259
ZAINA-679-B_011_jpg.rf.27d46a055eff6f5810ec4c5c9429b994.jpg,TP,13,10,0.9147997284453496,2789,2852,1345.0038580246912,1375.3858024691358
ZAINA-679-B_011_jpg.rf.27d46a055eff6f5810ec4c5c9429b994.jpg,TP,2,17,0.9139354515886915,3800,3850,1832.5617283950617,1856.6743827160492
ZAINA-679-B_011_jpg.rf.27d46a055eff6f5810ec4c5c9429b994.jpg,TP,0,8,0.908303249097473,2582,2704,1245.1774691358023,1304.0123456790122
ZAINA-679-B_011_jpg.rf.27d46a055eff6f5810ec4c5c9429b994.jpg,TP,17,7,0.8938253012048193,2491,2539,1201.2924382716049,1224.4405864197531
ZAINA-679-B_011_jpg.rf.27d46a055eff6f5810ec4c5c9429b994.jpg,TP,14,1,0.8845252051582649,1584,1631,763.8888888888888,786.5547839506172
ZAINA-679-B_011_jpg.rf.27d46a055eff6f5810ec4c5c9429b994.jpg,TP,18,21,0.870837326305702,31917,30554,15392.07175925926,14734.760802469134
ZAINA-679-B_011_jpg.rf.27d46a055eff6f5810ec4c5c9429b994.jpg,TP,21,23,0.8352553542009885,527,587,254.14737654320987,283.08256172839504
ZAINA-679-B_011_jpg.rf.27d46a055eff6f5810ec4c5c9429b994.jpg,TP,19,20,0.7993451824134705,1736,2111,837.1913580246913,1018.0362654320987
ZAINA-679-B_011_jpg.rf.27d46a055eff6f5810ec4c5c9429b994.jpg,TP,20,3,0.7371794871794872,281,261,135.5131172839506,125.86805555555554
ZAINA-679-B_011_jpg.rf.27d46a055eff6f5810ec4c5c9429b994.jpg,FP,23,-1,0.0,0,4839,0.0,2333.622685185185
ZAINA-679-B_011_jpg.rf.27d46a055eff6f5810ec4c5c9429b994.jpg,FN,-1,22,0.0,393,0,189.52546296296296,0.0
ZAZA-B_008_jpg.rf.92ad451b5359143319a46e599a0239d1.jpg,TP,0,7,0.9567698194267302,14519,14631,7001.8325617283945,7055.844907407407
ZAZA-B_008_jpg.rf.92ad451b5359143319a46e599a0239d1.jpg,TP,6,20,0.9412107666893402,9889,10088,4769.000771604938,4864.969135802469
ZAZA-B_008_jpg.rf.92ad451b5359143319a46e599a0239d1.jpg,TP,10,27,0.9349115278916157,19713,20419,9506.655092592591,9847.125771604939
ZAZA-B_008_jpg.rf.92ad451b5359143319a46e599a0239d1.jpg,TP,4,19,0.9330734243014944,11678,12122,5631.751543209876,5845.871913580247
ZAZA-B_008_jpg.rf.92ad451b5359143319a46e599a0239d1.jpg,TP,1,18,0.9279859484777517,3268,3318,1576.0030864197531,1600.1157407407406
ZAZA-B_008_jpg.rf.92ad451b5359143319a46e599a0239d1.jpg,TP,23,8,0.9193787458916027,14563,15220,7023.051697530864,7339.891975308642
ZAZA-B_008_jpg.rf.92ad451b5359143319a46e599a0239d1.jpg,TP,3,6,0.9175475687103594,7945,8381,3831.500771604938,4041.7631172839506
ZAZA-B_008_jpg.rf.92ad451b5359143319a46e599a0239d1.jpg,TP,15,0,0.9082682533779596,7557,7837,3644.386574074074,3779.4174382716046
ZAZA-B_008_jpg.rf.92ad451b5359143319a46e599a0239d1.jpg,TP,20,25,0.9071632354075102,37600,36602,18132.716049382714,17651.4274691358
ZAZA-B_008_jpg.rf.92ad451b5359143319a46e599a0239d1.jpg,TP,11,11,0.8957597173144877,3165,3273,1526.3310185185185,1578.4143518518517
ZAZA-B_008_jpg.rf.92ad451b5359143319a46e599a0239d1.jpg,TP,2,9,0.877692588535962,2485,2658,1198.3989197530864,1281.8287037037037
ZAZA-B_008_jpg.rf.92ad451b5359143319a46e599a0239d1.jpg,TP,9,15,0.8601716304896517,1893,1792,912.9050925925925,864.1975308641975
ZAZA-B_008_jpg.rf.92ad451b5359143319a46e599a0239d1.jpg,TP,8,3,0.8540293968575773,1783,1875,859.8572530864197,904.224537037037
ZAZA-B_008_jpg.rf.92ad451b5359143319a46e599a0239d1.jpg,TP,5,10,0.8529680365296803,982,1047,473.5725308641975,504.91898148148147
ZAZA-B_008_jpg.rf.92ad451b5359143319a46e599a0239d1.jpg,TP,7,17,0.8399195350916406,19872,21287,9583.333333333332,10265.721450617284
ZAZA-B_008_jpg.rf.92ad451b5359143319a46e599a0239d1.jpg,TP,12,1,0.7281795511221946,327,366,157.69675925925924,176.50462962962962
ZAZA-B_008_jpg.rf.92ad451b5359143319a46e599a0239d1.jpg,TP,24,4,0.6421052631578947,88,68,42.43827160493827,32.79320987654321
ZAZA-B_008_jpg.rf.92ad451b5359143319a46e599a0239d1.jpg,FP,13,-1,0.0,0,6603,0.0,3184.3171296296296
ZAZA-B_008_jpg.rf.92ad451b5359143319a46e599a0239d1.jpg,FP,14,-1,0.0,0,803,0.0,387.2492283950617
ZAZA-B_008_jpg.rf.92ad451b5359143319a46e599a0239d1.jpg,FP,16,-1,0.0,0,10235,0.0,4935.860339506173
ZAZA-B_008_jpg.rf.92ad451b5359143319a46e599a0239d1.jpg,FP,17,-1,0.0,0,302,0.0,145.64043209876542
ZAZA-B_008_jpg.rf.92ad451b5359143319a46e599a0239d1.jpg,FP,18,-1,0.0,0,17187,0.0,8288.483796296296
ZAZA-B_008_jpg.rf.92ad451b5359143319a46e599a0239d1.jpg,FP,19,-1,0.0,0,28028,0.0,13516.589506172839
ZAZA-B_008_jpg.rf.92ad451b5359143319a46e599a0239d1.jpg,FP,21,-1,0.0,0,8318,0.0,4011.381172839506
ZAZA-B_008_jpg.rf.92ad451b5359143319a46e599a0239d1.jpg,FP,22,-1,0.0,0,17998,0.0,8679.591049382716
ZAZA-B_008_jpg.rf.92ad451b5359143319a46e599a0239d1.jpg,FP,25,-1,0.0,0,10353,0.0,4992.7662037037035
ZAZA-B_008_jpg.rf.92ad451b5359143319a46e599a0239d1.jpg,FN,-1,2,0.0,2347,0,1131.8479938271605,0.0
ZAZA-B_008_jpg.rf.92ad451b5359143319a46e599a0239d1.jpg,FN,-1,5,0.0,4728,0,2280.0925925925926,0.0
ZAZA-B_008_jpg.rf.92ad451b5359143319a46e599a0239d1.jpg,FN,-1,12,0.0,4583,0,2210.1658950617284,0.0
ZAZA-B_008_jpg.rf.92ad451b5359143319a46e599a0239d1.jpg,FN,-1,13,0.0,5633,0,2716.531635802469,0.0
ZAZA-B_008_jpg.rf.92ad451b5359143319a46e599a0239d1.jpg,FN,-1,14,0.0,6269,0,3023.244598765432,0.0
ZAZA-B_008_jpg.rf.92ad451b5359143319a46e599a0239d1.jpg,FN,-1,16,0.0,354,0,170.71759259259258,0.0
ZAZA-B_008_jpg.rf.92ad451b5359143319a46e599a0239d1.jpg,FN,-1,21,0.0,4316,0,2081.404320987654,0.0
ZAZA-B_008_jpg.rf.92ad451b5359143319a46e599a0239d1.jpg,FN,-1,22,0.0,8443,0,4071.662808641975,0.0
ZAZA-B_008_jpg.rf.92ad451b5359143319a46e599a0239d1.jpg,FN,-1,23,0.0,90,0,43.40277777777778,0.0
ZAZA-B_008_jpg.rf.92ad451b5359143319a46e599a0239d1.jpg,FN,-1,24,0.0,59,0,28.45293209876543,0.0
ZAZA-B_008_jpg.rf.92ad451b5359143319a46e599a0239d1.jpg,FN,-1,26,0.0,3207,0,1546.585648148148,0.0
ZAZA-D_004_jpg.rf.02ed2d595bd7bc4d5f40bda7d3f8e5d2.jpg,TP,0,1,0.9533535743858681,10499,10732,5063.1751543209875,5175.54012345679
ZAZA-D_004_jpg.rf.02ed2d595bd7bc4d5f40bda7d3f8e5d2.jpg,TP,12,5,0.9503858875413451,2695,2612,1299.6720679012344,1259.645061728395
ZAZA-D_004_jpg.rf.02ed2d595bd7bc4d5f40bda7d3f8e5d2.jpg,TP,1,11,0.9393698281349459,6213,5974,2996.2384259259256,2880.9799382716046
ZAZA-D_004_jpg.rf.02ed2d595bd7bc4d5f40bda7d3f8e5d2.jpg,TP,5,8,0.9324487334137516,4938,4674,2381.3657407407404,2254.0509259259256
ZAZA-D_004_jpg.rf.02ed2d595bd7bc4d5f40bda7d3f8e5d2.jpg,TP,9,4,0.9315269132186013,10577,10523,5100.790895061728,5074.749228395061
ZAZA-D_004_jpg.rf.02ed2d595bd7bc4d5f40bda7d3f8e5d2.jpg,TP,3,6,0.9254658385093167,1872,1848,902.7777777777777,891.2037037037037
ZAZA-D_004_jpg.rf.02ed2d595bd7bc4d5f40bda7d3f8e5d2.jpg,TP,16,27,0.9252577319587629,7685,7255,3706.1149691358023,3498.7461419753085
ZAZA-D_004_jpg.rf.02ed2d595bd7bc4d5f40bda7d3f8e5d2.jpg,TP,18,17,0.9215719632528071,11451,11139,5522.280092592592,5371.81712962963
ZAZA-D_004_jpg.rf.02ed2d595bd7bc4d5f40bda7d3f8e5d2.jpg,TP,4,9,0.9206222576785001,2493,2322,1202.2569444444443,1119.7916666666665
ZAZA-D_004_jpg.rf.02ed2d595bd7bc4d5f40bda7d3f8e5d2.jpg,TP,8,0,0.9143513682891163,4575,4589,2206.3078703703704,2213.0594135802467
ZAZA-D_004_jpg.rf.02ed2d595bd7bc4d5f40bda7d3f8e5d2.jpg,TP,13,21,0.9131774980734652,3883,3565,1872.5887345679012,1719.2322530864196
ZAZA-D_004_jpg.rf.02ed2d595bd7bc4d5f40bda7d3f8e5d2.jpg,TP,21,3,0.9096385542168675,1268,1268,611.4969135802469,611.4969135802469
ZAZA-D_004_jpg.rf.02ed2d595bd7bc4d5f40bda7d3f8e5d2.jpg,TP,2,26,0.9050423260949577,8059,7469,3886.47762345679,3601.948302469136
ZAZA-D_004_jpg.rf.02ed2d595bd7bc4d5f40bda7d3f8e5d2.jpg,TP,17,15,0.9014222658165768,8059,7449,3886.47762345679,3592.3032407407404
ZAZA-D_004_jpg.rf.02ed2d595bd7bc4d5f40bda7d3f8e5d2.jpg,TP,31,2,0.9004735595895816,12158,11921,5863.233024691358,5748.939043209876
ZAZA-D_004_jpg.rf.02ed2d595bd7bc4d5f40bda7d3f8e5d2.jpg,TP,10,14,0.8983291859225027,2763,2577,1332.4652777777776,1242.7662037037037
ZAZA-D_004_jpg.rf.02ed2d595bd7bc4d5f40bda7d3f8e5d2.jpg,TP,22,30,0.8933372728615748,6638,6178,3201.195987654321,2979.3595679012346
ZAZA-D_004_jpg.rf.02ed2d595bd7bc4d5f40bda7d3f8e5d2.jpg,TP,19,28,0.8922423686022493,8572,7917,4133.873456790123,3817.997685185185
ZAZA-D_004_jpg.rf.02ed2d595bd7bc4d5f40bda7d3f8e5d2.jpg,TP,15,18,0.8895907023749369,3925,3554,1892.8433641975307,1713.9274691358023
ZAZA-D_004_jpg.rf.02ed2d595bd7bc4d5f40bda7d3f8e5d2.jpg,TP,7,13,0.8880933439405994,3689,3431,1779.031635802469,1654.6103395061727
ZAZA-D_004_jpg.rf.02ed2d595bd7bc4d5f40bda7d3f8e5d2.jpg,TP,20,12,0.8873456790123457,1218,1228,587.3842592592592,592.2067901234568
ZAZA-D_004_jpg.rf.02ed2d595bd7bc4d5f40bda7d3f8e5d2.jpg,TP,6,16,0.884138520735357,2331,2076,1124.1319444444443,1001.1574074074074
ZAZA-D_004_jpg.rf.02ed2d595bd7bc4d5f40bda7d3f8e5d2.jpg,TP,33,24,0.8791714614499425,831,802,400.7523148148148,386.766975308642
ZAZA-D_004_jpg.rf.02ed2d595bd7bc4d5f40bda7d3f8e5d2.jpg,TP,11,20,0.8737946201996278,5751,5325,2773.4375,2567.997685185185
ZAZA-D_004_jpg.rf.02ed2d595bd7bc4d5f40bda7d3f8e5d2.jpg,TP,14,7,0.8599382080329557,886,920,427.2762345679012,443.6728395061728
ZAZA-D_004_jpg.rf.02ed2d595bd7bc4d5f40bda7d3f8e5d2.jpg,TP,28,23,0.8391507736595898,2713,2398,1308.35262345679,1156.442901234568
ZAZA-D_004_jpg.rf.02ed2d595bd7bc4d5f40bda7d3f8e5d2.jpg,TP,25,19,0.8306709265175719,307,266,148.0516975308642,128.2793209876543
ZAZA-D_004_jpg.rf.02ed2d595bd7bc4d5f40bda7d3f8e5d2.jpg,TP,32,22,0.8158899923605806,1273,1104,613.9081790123456,532.4074074074074
ZAZA-D_004_jpg.rf.02ed2d595bd7bc4d5f40bda7d3f8e5d2.jpg,TP,23,29,0.8043925875085792,1457,1172,702.6427469135803,565.2006172839506
ZAZA-D_004_jpg.rf.02ed2d595bd7bc4d5f40bda7d3f8e5d2.jpg,TP,24,31,0.7840565085771948,991,777,477.9128086419753,374.71064814814815
ZAZA-D_004_jpg.rf.02ed2d595bd7bc4d5f40bda7d3f8e5d2.jpg,TP,26,25,0.7745076344323966,7574,8464,3652.5848765432097,4081.79012345679
ZAZA-D_004_jpg.rf.02ed2d595bd7bc4d5f40bda7d3f8e5d2.jpg,TP,27,34,0.7173252279635258,974,721,469.7145061728395,347.704475308642
ZAZA-D_004_jpg.rf.02ed2d595bd7bc4d5f40bda7d3f8e5d2.jpg,TP,30,32,0.5897796918999503,7451,11744,3593.26774691358,5663.58024691358
ZAZA-D_004_jpg.rf.02ed2d595bd7bc4d5f40bda7d3f8e5d2.jpg,FP,29,-1,0.0,0,2455,0.0,1183.9313271604938
ZAZA-D_004_jpg.rf.02ed2d595bd7bc4d5f40bda7d3f8e5d2.jpg,FN,-1,10,0.0,38,0,18.325617283950617,0.0
ZAZA-D_004_jpg.rf.02ed2d595bd7bc4d5f40bda7d3f8e5d2.jpg,FN,-1,33,0.0,4467,0,2154.224537037037,0.0
ZAZA-G_010_jpg.rf.cd14098445a0a54c10014aaa7d8f975c.jpg,TP,13,7,0.9545032497678737,4196,4224,2023.5339506172838,2037.037037037037
ZAZA-G_010_jpg.rf.cd14098445a0a54c10014aaa7d8f975c.jpg,TP,6,11,0.9509541984732824,5116,5107,2467.206790123457,2462.866512345679
ZAZA-G_010_jpg.rf.cd14098445a0a54c10014aaa7d8f975c.jpg,TP,18,16,0.9392638036809816,1629,1532,785.5902777777777,738.8117283950617
ZAZA-G_010_jpg.rf.cd14098445a0a54c10014aaa7d8f975c.jpg,TP,23,8,0.9374343222051572,11902,12066,5739.776234567901,5818.865740740741
ZAZA-G_010_jpg.rf.cd14098445a0a54c10014aaa7d8f975c.jpg,TP,16,24,0.931883811788687,5704,5669,2750.7716049382716,2733.89274691358
ZAZA-G_010_jpg.rf.cd14098445a0a54c10014aaa7d8f975c.jpg,TP,7,5,0.9273588174154059,8319,8370,4011.8634259259256,4036.458333333333
ZAZA-G_010_jpg.rf.cd14098445a0a54c10014aaa7d8f975c.jpg,TP,3,12,0.92372234935164,6474,6136,3122.1064814814813,2959.1049382716046
ZAZA-G_010_jpg.rf.cd14098445a0a54c10014aaa7d8f975c.jpg,TP,2,15,0.9229386077575135,3742,3744,1804.591049382716,1805.5555555555554
ZAZA-G_010_jpg.rf.cd14098445a0a54c10014aaa7d8f975c.jpg,TP,10,27,0.921900826446281,2339,2312,1127.9899691358023,1114.969135802469
ZAZA-G_010_jpg.rf.cd14098445a0a54c10014aaa7d8f975c.jpg,TP,1,14,0.9211092003439381,4590,4347,2213.5416666666665,2096.3541666666665
ZAZA-G_010_jpg.rf.cd14098445a0a54c10014aaa7d8f975c.jpg,TP,17,25,0.9196652719665271,3423,3459,1650.7523148148148,1668.1134259259259
ZAZA-G_010_jpg.rf.cd14098445a0a54c10014aaa7d8f975c.jpg,TP,12,6,0.9194865810968494,4175,4050,2013.406635802469,1953.125
ZAZA-G_010_jpg.rf.cd14098445a0a54c10014aaa7d8f975c.jpg,TP,11,0,0.9191220685508118,3302,3081,1592.3996913580247,1485.8217592592591
ZAZA-G_010_jpg.rf.cd14098445a0a54c10014aaa7d8f975c.jpg,TP,9,1,0.9187587168758717,5623,5383,2711.7091049382716,2595.9683641975307
ZAZA-G_010_jpg.rf.cd14098445a0a54c10014aaa7d8f975c.jpg,TP,5,3,0.9177700348432056,5429,5579,2618.1520061728393,2690.4899691358023
ZAZA-G_010_jpg.rf.cd14098445a0a54c10014aaa7d8f975c.jpg,TP,21,9,0.9158189216683622,7426,7640,3581.2114197530864,3684.4135802469136
ZAZA-G_010_jpg.rf.cd14098445a0a54c10014aaa7d8f975c.jpg,TP,0,2,0.9152977412731006,3728,3734,1797.8395061728395,1800.733024691358
ZAZA-G_010_jpg.rf.cd14098445a0a54c10014aaa7d8f975c.jpg,TP,4,10,0.9124018090930731,4020,4014,1938.6574074074074,1935.7638888888887
ZAZA-G_010_jpg.rf.cd14098445a0a54c10014aaa7d8f975c.jpg,TP,8,23,0.9117009750812568,5252,5335,2532.793209876543,2572.8202160493825
ZAZA-G_010_jpg.rf.cd14098445a0a54c10014aaa7d8f975c.jpg,TP,14,4,0.9108354332234929,5099,4759,2459.008487654321,2295.0424382716046
ZAZA-G_010_jpg.rf.cd14098445a0a54c10014aaa7d8f975c.jpg,TP,20,28,0.9105581708137189,2808,2874,1354.1666666666665,1385.9953703703702
ZAZA-G_010_jpg.rf.cd14098445a0a54c10014aaa7d8f975c.jpg,TP,15,13,0.9098918702442932,4747,4791,2289.2554012345677,2310.474537037037
ZAZA-G_010_jpg.rf.cd14098445a0a54c10014aaa7d8f975c.jpg,TP,24,26,0.9032558139534884,2070,2022,998.2638888888888,975.1157407407406
ZAZA-G_010_jpg.rf.cd14098445a0a54c10014aaa7d8f975c.jpg,TP,25,22,0.8967509025270758,1385,1242,667.920524691358,598.9583333333333
ZAZA-G_010_jpg.rf.cd14098445a0a54c10014aaa7d8f975c.jpg,TP,22,21,0.8923375363724539,1964,1938,947.145061728395,934.6064814814814
ZAZA-G_010_jpg.rf.cd14098445a0a54c10014aaa7d8f975c.jpg,TP,19,17,0.8866310160427807,925,839,446.0841049382716,404.6103395061728
ZAZA-G_010_jpg.rf.cd14098445a0a54c10014aaa7d8f975c.jpg,FN,-1,18,0.0,157,0,75.71373456790123,0.0
ZAZA-G_010_jpg.rf.cd14098445a0a54c10014aaa7d8f975c.jpg,FN,-1,19,0.0,74,0,35.68672839506173,0.0
ZAZA-G_010_jpg.rf.cd14098445a0a54c10014aaa7d8f975c.jpg,FN,-1,20,0.0,28,0,13.503086419753085,0.0
ZAZA-G_012_jpg.rf.b65fca463e4411032a599acd7494f06d.jpg,TP,5,23,0.9420103092783505,6815,6748,3286.554783950617,3254.2438271604938
ZAZA-G_012_jpg.rf.b65fca463e4411032a599acd7494f06d.jpg,TP,6,15,0.9411764705882353,1824,1806,879.6296296296296,870.949074074074
ZAZA-G_012_jpg.rf.b65fca463e4411032a599acd7494f06d.jpg,TP,10,13,0.9360418342719228,4857,4769,2342.3032407407404,2299.8649691358023
ZAZA-G_012_jpg.rf.b65fca463e4411032a599acd7494f06d.jpg,TP,3,31,0.9359395532194481,2957,2936,1426.0223765432097,1415.895061728395
ZAZA-G_012_jpg.rf.b65fca463e4411032a599acd7494f06d.jpg,TP,19,18,0.9350838803792852,6625,6640,3194.926697530864,3202.1604938271603
ZAZA-G_012_jpg.rf.b65fca463e4411032a599acd7494f06d.jpg,TP,4,27,0.9305259417199716,5401,5464,2604.6489197530864,2635.0308641975307
ZAZA-G_012_jpg.rf.b65fca463e4411032a599acd7494f06d.jpg,TP,17,19,0.9304891504229497,2578,2671,1243.2484567901233,1288.0979938271605
ZAZA-G_012_jpg.rf.b65fca463e4411032a599acd7494f06d.jpg,TP,0,22,0.9286727169597278,6770,6831,3264.8533950617284,3294.270833333333
ZAZA-G_012_jpg.rf.b65fca463e4411032a599acd7494f06d.jpg,TP,8,16,0.9278758368837492,3177,3158,1532.1180555555554,1522.9552469135801
ZAZA-G_012_jpg.rf.b65fca463e4411032a599acd7494f06d.jpg,TP,14,32,0.926544450025113,7756,7587,3740.3549382716046,3658.8541666666665
ZAZA-G_012_jpg.rf.b65fca463e4411032a599acd7494f06d.jpg,TP,2,24,0.9252032520325203,4100,4188,1977.2376543209875,2019.6759259259259
ZAZA-G_012_jpg.rf.b65fca463e4411032a599acd7494f06d.jpg,TP,13,10,0.9205865764241399,8569,8457,4132.426697530864,4078.4143518518517
ZAZA-G_012_jpg.rf.b65fca463e4411032a599acd7494f06d.jpg,TP,16,7,0.9175377468060395,4903,5003,2364.4868827160494,2412.7121913580245
ZAZA-G_012_jpg.rf.b65fca463e4411032a599acd7494f06d.jpg,TP,12,20,0.9113310867733783,4570,4505,2203.8966049382716,2172.5501543209875
ZAZA-G_012_jpg.rf.b65fca463e4411032a599acd7494f06d.jpg,TP,29,34,0.9089441996151698,15321,15434,7388.5995370370365,7443.094135802468
ZAZA-G_012_jpg.rf.b65fca463e4411032a599acd7494f06d.jpg,TP,11,28,0.898257303946694,3694,3713,1781.442901234568,1790.6057098765432
ZAZA-G_012_jpg.rf.b65fca463e4411032a599acd7494f06d.jpg,TP,21,9,0.8981512050181578,5756,5743,2775.848765432099,2769.579475308642
ZAZA-G_012_jpg.rf.b65fca463e4411032a599acd7494f06d.jpg,TP,25,33,0.8977556109725686,1135,1148,547.3572530864197,553.6265432098766
ZAZA-G_012_jpg.rf.b65fca463e4411032a599acd7494f06d.jpg,TP,7,21,0.8975963121501481,2877,2886,1387.4421296296296,1391.7824074074074
ZAZA-G_012_jpg.rf.b65fca463e4411032a599acd7494f06d.jpg,TP,9,11,0.892337945080413,13173,13772,6352.719907407407,6641.589506172839
ZAZA-G_012_jpg.rf.b65fca463e4411032a599acd7494f06d.jpg,TP,23,2,0.8911301464492953,6805,6883,3281.7322530864194,3319.3479938271603
ZAZA-G_012_jpg.rf.b65fca463e4411032a599acd7494f06d.jpg,TP,1,26,0.8894948335246843,3386,3197,1632.9089506172838,1541.7631172839506
ZAZA-G_012_jpg.rf.b65fca463e4411032a599acd7494f06d.jpg,TP,15,25,0.8730272596843616,1274,1337,614.3904320987654,644.7723765432098
ZAZA-G_012_jpg.rf.b65fca463e4411032a599acd7494f06d.jpg,TP,24,8,0.864321608040201,3658,3762,1764.0817901234568,1814.236111111111
ZAZA-G_012_jpg.rf.b65fca463e4411032a599acd7494f06d.jpg,TP,20,1,0.8635135135135135,665,714,320.6983024691358,344.3287037037037
ZAZA-G_012_jpg.rf.b65fca463e4411032a599acd7494f06d.jpg,TP,18,29,0.8301886792452831,532,535,256.5586419753086,258.0054012345679
ZAZA-G_012_jpg.rf.b65fca463e4411032a599acd7494f06d.jpg,TP,22,0,0.8249683677773092,4280,4374,2064.043209876543,2109.375
ZAZA-G_012_jpg.rf.b65fca463e4411032a599acd7494f06d.jpg,TP,31,14,0.7722457627118644,811,862,391.10725308641975,415.70216049382714
ZAZA-G_012_jpg.rf.b65fca463e4411032a599acd7494f06d.jpg,TP,28,17,0.7637795275590551,116,108,55.941358024691354,52.08333333333333
ZAZA-G_012_jpg.rf.b65fca463e4411032a599acd7494f06d.jpg,TP,32,12,0.66872513508699,11864,16239,5721.45061728395,7831.30787037037
ZAZA-G_012_jpg.rf.b65fca463e4411032a599acd7494f06d.jpg,FP,26,-1,0.0,0,8535,0.0,4116.030092592592
ZAZA-G_012_jpg.rf.b65fca463e4411032a599acd7494f06d.jpg,FP,27,-1,0.0,0,6705,0.0,3233.5069444444443
ZAZA-G_012_jpg.rf.b65fca463e4411032a599acd7494f06d.jpg,FP,30,-1,0.0,0,4181,0.0,2016.3001543209875
ZAZA-G_012_jpg.rf.b65fca463e4411032a599acd7494f06d.jpg,FN,-1,3,0.0,25,0,12.056327160493826,0.0
ZAZA-G_012_jpg.rf.b65fca463e4411032a599acd7494f06d.jpg,FN,-1,4,0.0,30,0,14.467592592592592,0.0
ZAZA-G_012_jpg.rf.b65fca463e4411032a599acd7494f06d.jpg,FN,-1,5,0.0,2492,0,1201.7746913580247,0.0
ZAZA-G_012_jpg.rf.b65fca463e4411032a599acd7494f06d.jpg,FN,-1,6,0.0,7018,0,3384.452160493827,0.0
ZAZA-G_012_jpg.rf.b65fca463e4411032a599acd7494f06d.jpg,FN,-1,30,0.0,16,0,7.716049382716049,0.0
