Tile,Match_Type,AI_Index,GT_Index,IoU,GT_Area_px,AI_Area_px,GT_Area_um2,AI_Area_um2
ROSILHA-M-B_011_jpg.rf.4a966541cdff84d474cd4516dd35b742_r0c0.jpg,TP,4,17,0.8665248604094655,3699,3321,42.630321983399064,38.27393871502252
ROSILHA-M-B_011_jpg.rf.4a966541cdff84d474cd4516dd35b742_r0c0.jpg,TP,0,12,0.8604286461055933,6767,7469,77.98848036270924,86.07890643255139
ROSILHA-M-B_011_jpg.rf.4a966541cdff84d474cd4516dd35b742_r0c0.jpg,TP,7,14,0.8467903376484719,6752,7086,77.81560801078953,81.66489904686829
ROSILHA-M-B_011_jpg.rf.4a966541cdff84d474cd4516dd35b742_r0c0.jpg,TP,6,9,0.844442289980125,18699,19350,215.5026739031033,223.00533397641846
ROSILHA-M-B_011_jpg.rf.4a966541cdff84d474cd4516dd35b742_r0c0.jpg,TP,20,13,0.8325896070246149,6342,6389,73.09043039165095,73.63209709433269
ROSILHA-M-B_011_jpg.rf.4a966541cdff84d474cd4516dd35b742_r0c0.jpg,TP,14,18,0.8255083179297596,4809,5067,55.42287602545718,58.39628047847609
ROSILHA-M-B_011_jpg.rf.4a966541cdff84d474cd4516dd35b742_r0c0.jpg,TP,8,0,0.8220443349753694,1499,1460,17.27571036850911,16.82624225351788
ROSILHA-M-B_011_jpg.rf.4a966541cdff84d474cd4516dd35b742_r0c0.jpg,TP,5,5,0.8001143292682927,4218,5229,48.61170535982083,60.263301879208896
ROSILHA-M-B_011_jpg.rf.4a966541cdff84d474cd4516dd35b742_r0c0.jpg,TP,22,7,0.7975059382422803,1443,1584,16.63032025467555,18.255320362720767
ROSILHA-M-B_011_jpg.rf.4a966541cdff84d474cd4516dd35b742_r0c0.jpg,TP,16,8,0.7735077677841373,4890,5955,56.35638672582358,68.63032371212259
ROSILHA-M-B_011_jpg.rf.4a966541cdff84d474cd4516dd35b742_r0c0.jpg,TP,1,16,0.7686662997615117,5445,4196,62.75266374685264,48.358159243671935
ROSILHA-M-B_011_jpg.rf.4a966541cdff84d474cd4516dd35b742_r0c0.jpg,TP,12,6,0.7496585365853659,4627,4340,53.3253581554981,50.01773382210109
ROSILHA-M-B_011_jpg.rf.4a966541cdff84d474cd4516dd35b742_r0c0.jpg,TP,13,1,0.7430683918669131,1074,812,12.377660397450823,9.358156650586656
ROSILHA-M-B_011_jpg.rf.4a966541cdff84d474cd4516dd35b742_r0c0.jpg,TP,10,4,0.7408363448631905,1909,1463,22.000887987647694,16.86081672390182
ROSILHA-M-B_011_jpg.rf.4a966541cdff84d474cd4516dd35b742_r0c0.jpg,TP,17,10,0.7218667670304855,2565,2010,29.561172178269423,23.164895157240366
ROSILHA-M-B_011_jpg.rf.4a966541cdff84d474cd4516dd35b742_r0c0.jpg,TP,3,2,0.6826363888119634,3558,2518,41.00532187535384,29.019505475587685
ROSILHA-M-B_011_jpg.rf.4a966541cdff84d474cd4516dd35b742_r0c0.jpg,TP,11,3,0.5289747399702823,1037,1021,11.951241929382219,11.766844754001202
ROSILHA-M-B_011_jpg.rf.4a966541cdff84d474cd4516dd35b742_r0c0.jpg,FP,2,-1,0.0,0,3868,0.0,44.57801714836106
ROSILHA-M-B_011_jpg.rf.4a966541cdff84d474cd4516dd35b742_r0c0.jpg,FP,9,-1,0.0,0,6426,0.0,74.0585155624013
ROSILHA-M-B_011_jpg.rf.4a966541cdff84d474cd4516dd35b742_r0c0.jpg,FP,15,-1,0.0,0,4228,0.0,48.726953594433965
ROSILHA-M-B_011_jpg.rf.4a966541cdff84d474cd4516dd35b742_r0c0.jpg,FP,18,-1,0.0,0,479,0.0,5.520390437969222
ROSILHA-M-B_011_jpg.rf.4a966541cdff84d474cd4516dd35b742_r0c0.jpg,FP,19,-1,0.0,0,4505,0.0,51.91932969321784
ROSILHA-M-B_011_jpg.rf.4a966541cdff84d474cd4516dd35b742_r0c0.jpg,FP,21,-1,0.0,0,11251,0.0,129.6657887632395
ROSILHA-M-B_011_jpg.rf.4a966541cdff84d474cd4516dd35b742_r0c0.jpg,FN,-1,11,0.0,17506,0,201.75355951375616,0.0
ROSILHA-M-B_011_jpg.rf.4a966541cdff84d474cd4516dd35b742_r0c0.jpg,FN,-1,15,0.0,13312,0,153.41844991700685,0.0
ROSILHA-M-B_011_jpg.rf.4a966541cdff84d474cd4516dd35b742_r0c0.jpg,FN,-1,19,0.0,8359,0,96.33599931312051,0.0
ROSILHA-M-B_011_jpg.rf.4a966541cdff84d474cd4516dd35b742_r0c1.jpg,TP,14,0,0.9339520634348532,21216,21710,244.51065455522968,250.2039173451186
ROSILHA-M-B_011_jpg.rf.4a966541cdff84d474cd4516dd35b742_r0c1.jpg,TP,9,1,0.9172962226640159,7041,7425,81.14628199110916,85.5718142002536
ROSILHA-M-B_011_jpg.rf.4a966541cdff84d474cd4516dd35b742_r0c1.jpg,TP,3,13,0.9107519325368939,5263,5613,60.65514587689356,64.68883408835333
ROSILHA-M-B_011_jpg.rf.4a966541cdff84d474cd4516dd35b742_r0c1.jpg,TP,8,18,0.9080255015938496,10050,10301,115.82447578620184,118.71720647499156
ROSILHA-M-B_011_jpg.rf.4a966541cdff84d474cd4516dd35b742_r0c1.jpg,TP,15,21,0.8861474435196195,6049,6641,69.71365711748606,76.53635260658372
ROSILHA-M-B_011_jpg.rf.4a966541cdff84d474cd4516dd35b742_r0c1.jpg,TP,12,6,0.8734125911915699,6981,6886,80.45479258343035,79.35993435460556
ROSILHA-M-B_011_jpg.rf.4a966541cdff84d474cd4516dd35b742_r0c1.jpg,TP,1,2,0.8715591368773998,17900,16707,206.29433995751373,192.5452255681666
ROSILHA-M-B_011_jpg.rf.4a966541cdff84d474cd4516dd35b742_r0c1.jpg,TP,16,9,0.8687956204379562,5059,5182,58.30408189078558,59.72163517652716
ROSILHA-M-B_011_jpg.rf.4a966541cdff84d474cd4516dd35b742_r0c1.jpg,TP,20,11,0.8684824902723736,3442,3761,39.66844235384146,43.34486103800051
ROSILHA-M-B_011_jpg.rf.4a966541cdff84d474cd4516dd35b742_r0c1.jpg,TP,6,20,0.865893753244506,5500,5283,63.38652903722489,60.88564234611983
ROSILHA-M-B_011_jpg.rf.4a966541cdff84d474cd4516dd35b742_r0c1.jpg,TP,7,14,0.8656621392190152,4482,4309,51.65425875360763,49.66046429480037
ROSILHA-M-B_011_jpg.rf.4a966541cdff84d474cd4516dd35b742_r0c1.jpg,TP,5,15,0.8499372647427854,3880,3492,44.716315029896826,40.244683526907146
ROSILHA-M-B_011_jpg.rf.4a966541cdff84d474cd4516dd35b742_r0c1.jpg,TP,11,17,0.8476321207961565,5791,4977,66.74025266446715,57.35904636695786
ROSILHA-M-B_011_jpg.rf.4a966541cdff84d474cd4516dd35b742_r0c1.jpg,TP,2,19,0.8329727390739939,4493,3979,51.78103181168208,45.857272552566876
ROSILHA-M-B_011_jpg.rf.4a966541cdff84d474cd4516dd35b742_r0c1.jpg,TP,18,7,0.8134981968057702,11858,12782,136.66135660425687,147.31029348251064
ROSILHA-M-B_011_jpg.rf.4a966541cdff84d474cd4516dd35b742_r0c1.jpg,TP,17,5,0.8103527256069629,7779,8029,89.65160170555862,92.53280757088702
ROSILHA-M-B_011_jpg.rf.4a966541cdff84d474cd4516dd35b742_r0c1.jpg,TP,22,16,0.798941798941799,1723,2017,19.85727082384336,23.245568921469562
ROSILHA-M-B_011_jpg.rf.4a966541cdff84d474cd4516dd35b742_r0c1.jpg,TP,10,4,0.778727634194831,4806,4141,55.38830155507324,47.724293953299686
ROSILHA-M-B_011_jpg.rf.4a966541cdff84d474cd4516dd35b742_r0c1.jpg,TP,21,3,0.7277327935222672,739,968,8.516844537910762,11.15602911055158
ROSILHA-M-B_011_jpg.rf.4a966541cdff84d474cd4516dd35b742_r0c1.jpg,TP,0,12,0.6488772052069807,29740,22320,342.7482497394669,257.2340596565199
ROSILHA-M-B_011_jpg.rf.4a966541cdff84d474cd4516dd35b742_r0c1.jpg,TP,19,8,0.5746696814483258,58331,44043,672.2544773218846,507.58779970663556
ROSILHA-M-B_011_jpg.rf.4a966541cdff84d474cd4516dd35b742_r0c1.jpg,FP,4,-1,0.0,0,8854,0.0,102.04078692647076
ROSILHA-M-B_011_jpg.rf.4a966541cdff84d474cd4516dd35b742_r0c1.jpg,FP,13,-1,0.0,0,20068,0.0,231.28015722164164
ROSILHA-M-B_011_jpg.rf.4a966541cdff84d474cd4516dd35b742_r0c1.jpg,FN,-1,10,0.0,2188,0,25.21631373335419,0.0
ROSILHA-M-B_011_jpg.rf.4a966541cdff84d474cd4516dd35b742_r0c2.jpg,TP,11,0,0.8477204350844711,3980,4004,45.86879737602819,46.14539313909972
ROSILHA-M-B_011_jpg.rf.4a966541cdff84d474cd4516dd35b742_r0c2.jpg,TP,0,1,0.8414284509655114,20606,23069,237.48051224382837,265.8661524290438
ROSILHA-M-B_011_jpg.rf.4a966541cdff84d474cd4516dd35b742_r0c2.jpg,TP,2,2,0.8250818724715855,4802,4672,55.34220226122798,53.84397521125722
ROSILHA-M-B_011_jpg.rf.4a966541cdff84d474cd4516dd35b742_r0c2.jpg,TP,9,3,0.7974347633790358,2170,1894,25.008866911050546,21.82801563572799
ROSILHA-M-B_011_jpg.rf.4a966541cdff84d474cd4516dd35b742_r0c2.jpg,TP,3,7,0.727722203058526,7190,7836,82.8634806868449,90.30851664285349
ROSILHA-M-B_011_jpg.rf.4a966541cdff84d474cd4516dd35b742_r0c2.jpg,TP,1,6,0.6814625850340136,8014,11760,92.35993521896732,135.53192390504813
ROSILHA-M-B_011_jpg.rf.4a966541cdff84d474cd4516dd35b742_r0c2.jpg,FP,4,-1,0.0,0,10328,0.0,119.02837670844703
ROSILHA-M-B_011_jpg.rf.4a966541cdff84d474cd4516dd35b742_r0c2.jpg,FP,5,-1,0.0,0,9527,0.0,109.79699311593481
ROSILHA-M-B_011_jpg.rf.4a966541cdff84d474cd4516dd35b742_r0c2.jpg,FP,6,-1,0.0,0,5167,0.0,59.54876282460745
ROSILHA-M-B_011_jpg.rf.4a966541cdff84d474cd4516dd35b742_r0c2.jpg,FP,7,-1,0.0,0,12819,0.0,147.73671195057923
ROSILHA-M-B_011_jpg.rf.4a966541cdff84d474cd4516dd35b742_r0c2.jpg,FP,8,-1,0.0,0,1777,0.0,20.479611290754296
ROSILHA-M-B_011_jpg.rf.4a966541cdff84d474cd4516dd35b742_r0c2.jpg,FP,10,-1,0.0,0,2026,0.0,23.349292332621385
ROSILHA-M-B_011_jpg.rf.4a966541cdff84d474cd4516dd35b742_r0c2.jpg,FN,-1,4,0.0,23784,0,274.106401203883,0.0
ROSILHA-M-B_011_jpg.rf.4a966541cdff84d474cd4516dd35b742_r0c2.jpg,FN,-1,5,0.0,33189,0,382.4973658575376,0.0
ROSILHA-M-B_011_jpg.rf.4a966541cdff84d474cd4516dd35b742_r1c0.jpg,TP,0,0,0.6396166134185304,1500,1066,17.287235191970424,12.285461809760314
ROSILHA-M-B_011_jpg.rf.4a966541cdff84d474cd4516dd35b742_r1c1.jpg,TP,1,2,0.8973509933774835,19614,17631,226.04788737020527,203.19416244642036
ROSILHA-M-B_011_jpg.rf.4a966541cdff84d474cd4516dd35b742_r1c1.jpg,TP,3,13,0.8881721988694014,13302,12751,153.3032016823937,146.95302395520991
ROSILHA-M-B_011_jpg.rf.4a966541cdff84d474cd4516dd35b742_r1c1.jpg,TP,2,7,0.8736826142997953,23433,25991,270.06118816896196,299.54168658300216
ROSILHA-M-B_011_jpg.rf.4a966541cdff84d474cd4516dd35b742_r1c1.jpg,TP,0,9,0.8692646818701355,17270,17074,199.03370117688615,196.77483577846868
ROSILHA-M-B_011_jpg.rf.4a966541cdff84d474cd4516dd35b742_r1c1.jpg,TP,11,4,0.8685275942893671,4212,4557,48.54255641905295,52.518620513206145
ROSILHA-M-B_011_jpg.rf.4a966541cdff84d474cd4516dd35b742_r1c1.jpg,TP,6,12,0.8594660938938324,12216,12024,140.78724340340713,138.57447729883492
ROSILHA-M-B_011_jpg.rf.4a966541cdff84d474cd4516dd35b742_r1c1.jpg,TP,9,8,0.8560105680317041,20580,18760,237.18086683383422,216.20568813424345
ROSILHA-M-B_011_jpg.rf.4a966541cdff84d474cd4516dd35b742_r1c1.jpg,TP,10,3,0.8446701549194624,9388,8592,108.19504265481223,99.02128317960658
ROSILHA-M-B_011_jpg.rf.4a966541cdff84d474cd4516dd35b742_r1c1.jpg,TP,5,0,0.8415549597855227,7302,6436,84.15426091451202,74.17376379701443
ROSILHA-M-B_011_jpg.rf.4a966541cdff84d474cd4516dd35b742_r1c1.jpg,TP,8,6,0.8402212321401137,6127,5851,70.61259334746852,67.43174207214597
ROSILHA-M-B_011_jpg.rf.4a966541cdff84d474cd4516dd35b742_r1c1.jpg,TP,4,5,0.83578131374949,16981,19015,195.70302719656652,219.1445181168784
ROSILHA-M-B_011_jpg.rf.4a966541cdff84d474cd4516dd35b742_r1c1.jpg,TP,7,1,0.7874859977596416,5828,5342,67.16667113253575,61.56560693033734
ROSILHA-M-B_011_jpg.rf.4a966541cdff84d474cd4516dd35b742_r1c1.jpg,TP,13,10,0.6942620957938245,7952,5985,91.64539616436588,68.97606841596199
ROSILHA-M-B_011_jpg.rf.4a966541cdff84d474cd4516dd35b742_r1c1.jpg,FP,12,-1,0.0,0,8692,0.0,100.17376552573795
ROSILHA-M-B_011_jpg.rf.4a966541cdff84d474cd4516dd35b742_r1c1.jpg,FN,-1,11,0.0,18562,0,213.92377308890335,0.0
ROSILHA-M-B_011_jpg.rf.4a966541cdff84d474cd4516dd35b742_r1c2.jpg,TP,0,5,0.9221087314662273,14554,14614,167.73228065595836,168.4237700636372
ROSILHA-M-B_011_jpg.rf.4a966541cdff84d474cd4516dd35b742_r1c2.jpg,TP,3,4,0.9187741105872268,27246,26472,314.00534002695076,305.08512666789403
ROSILHA-M-B_011_jpg.rf.4a966541cdff84d474cd4516dd35b742_r1c2.jpg,TP,1,6,0.9103612815269257,19499,19736,224.7225326721542,227.45391583248554
ROSILHA-M-B_011_jpg.rf.4a966541cdff84d474cd4516dd35b742_r1c2.jpg,TP,2,0,0.8926241846462619,18425,19295,212.34487227470336,222.37146868604623
ROSILHA-M-B_011_jpg.rf.4a966541cdff84d474cd4516dd35b742_r1c2.jpg,TP,6,3,0.8446784696784697,18623,17636,214.62678732004346,203.25178656372694
ROSILHA-M-B_011_jpg.rf.4a966541cdff84d474cd4516dd35b742_r1c2.jpg,TP,4,9,0.8102515871149777,3838,3861,44.232272444521655,44.497343384131874
ROSILHA-M-B_011_jpg.rf.4a966541cdff84d474cd4516dd35b742_r1c2.jpg,TP,7,7,0.7828368575397437,11148,11954,128.4787319467242,137.76773965654297
ROSILHA-M-B_011_jpg.rf.4a966541cdff84d474cd4516dd35b742_r1c2.jpg,FP,5,-1,0.0,0,21446,0.0,247.1613639513318
ROSILHA-M-B_011_jpg.rf.4a966541cdff84d474cd4516dd35b742_r1c2.jpg,FP,8,-1,0.0,0,17420,0.0,200.7624246960832
ROSILHA-M-B_011_jpg.rf.4a966541cdff84d474cd4516dd35b742_r1c2.jpg,FP,9,-1,0.0,0,21670,0.0,249.74292440666605
ROSILHA-M-B_011_jpg.rf.4a966541cdff84d474cd4516dd35b742_r1c2.jpg,FP,10,-1,0.0,0,17317,0.0,199.5753678795679
ROSILHA-M-B_011_jpg.rf.4a966541cdff84d474cd4516dd35b742_r1c2.jpg,FN,-1,1,0.0,809,0,9.323582180202715,0.0
ROSILHA-M-B_011_jpg.rf.4a966541cdff84d474cd4516dd35b742_r1c2.jpg,FN,-1,2,0.0,44340,0,511.01067227464574,0.0
ROSILHA-M-B_011_jpg.rf.4a966541cdff84d474cd4516dd35b742_r1c2.jpg,FN,-1,8,0.0,32081,0,369.72786146240213,0.0
ROSILHA-M-B_011_jpg.rf.4a966541cdff84d474cd4516dd35b742_r2c0.jpg,TP,2,8,0.9164380429812529,8134,8631,93.74291403432495,99.47075129459782
ROSILHA-M-B_011_jpg.rf.4a966541cdff84d474cd4516dd35b742_r2c0.jpg,TP,0,10,0.8742214646299089,28714,28461,330.92378086815916,328.00800053244683
ROSILHA-M-B_011_jpg.rf.4a966541cdff84d474cd4516dd35b742_r2c0.jpg,TP,5,1,0.8595348837209302,16465,17518,189.7562182905287,201.8918573952919
ROSILHA-M-B_011_jpg.rf.4a966541cdff84d474cd4516dd35b742_r2c0.jpg,TP,1,6,0.8558150971231866,18630,19108,214.70746108427267,220.21632669878056
ROSILHA-M-B_011_jpg.rf.4a966541cdff84d474cd4516dd35b742_r2c0.jpg,TP,6,0,0.854912358226543,18312,19467,211.04256722357493,224.35373832139217
ROSILHA-M-B_011_jpg.rf.4a966541cdff84d474cd4516dd35b742_r2c0.jpg,TP,4,5,0.8236751548520302,6453,6796,74.36968579585677,78.32270024308734
ROSILHA-M-B_011_jpg.rf.4a966541cdff84d474cd4516dd35b742_r2c0.jpg,TP,7,9,0.7462920535391294,8166,6316,94.11170838508698,72.7907849816568
ROSILHA-M-B_011_jpg.rf.4a966541cdff84d474cd4516dd35b742_r2c0.jpg,TP,3,4,0.7037607391797698,12267,8754,141.37500939993413,100.8883045803394
ROSILHA-M-B_011_jpg.rf.4a966541cdff84d474cd4516dd35b742_r2c0.jpg,TP,8,7,0.5871023758781277,12370,7737,142.56206621644944,89.16755912018344
ROSILHA-M-B_011_jpg.rf.4a966541cdff84d474cd4516dd35b742_r2c0.jpg,FP,9,-1,0.0,0,6316,0.0,72.7907849816568
ROSILHA-M-B_011_jpg.rf.4a966541cdff84d474cd4516dd35b742_r2c0.jpg,FN,-1,2,0.0,3140,0,36.187945668524755,0.0
ROSILHA-M-B_011_jpg.rf.4a966541cdff84d474cd4516dd35b742_r2c0.jpg,FN,-1,3,0.0,2300,0,26.507093961021315,0.0
ROSILHA-M-B_011_jpg.rf.4a966541cdff84d474cd4516dd35b742_r2c1.jpg,TP,16,6,0.9047913968808062,16453,17378,189.61792040899292,200.278382110708
ROSILHA-M-B_011_jpg.rf.4a966541cdff84d474cd4516dd35b742_r2c1.jpg,TP,17,2,0.9034661960092171,19743,19082,227.5345895967147,219.9166812887864
ROSILHA-M-B_011_jpg.rf.4a966541cdff84d474cd4516dd35b742_r2c1.jpg,TP,0,18,0.8978159949356405,17769,18206,204.78458808408163,209.82093593667568
ROSILHA-M-B_011_jpg.rf.4a966541cdff84d474cd4516dd35b742_r2c1.jpg,TP,18,16,0.8841960474947913,45739,47410,527.1339002970235,546.3918803008785
ROSILHA-M-B_011_jpg.rf.4a966541cdff84d474cd4516dd35b742_r2c1.jpg,TP,12,11,0.8780592070107941,9050,8523,104.29965232488823,98.22607036077595
ROSILHA-M-B_011_jpg.rf.4a966541cdff84d474cd4516dd35b742_r2c1.jpg,TP,25,19,0.8758659911074346,35802,36764,412.6117295619501,423.69860973173377
ROSILHA-M-B_011_jpg.rf.4a966541cdff84d474cd4516dd35b742_r2c1.jpg,TP,6,13,0.8712778429073857,42063,45728,484.7686492532346,527.007127238949
ROSILHA-M-B_011_jpg.rf.4a966541cdff84d474cd4516dd35b742_r2c1.jpg,TP,3,17,0.8711100966293844,12923,11669,148.93529359055586,134.48316497006857
ROSILHA-M-B_011_jpg.rf.4a966541cdff84d474cd4516dd35b742_r2c1.jpg,TP,13,8,0.8624670484501409,10146,10343,116.93085883848795,119.20124906036673
ROSILHA-M-B_011_jpg.rf.4a966541cdff84d474cd4516dd35b742_r2c1.jpg,TP,2,1,0.8529029902219337,48070,43267,553.9982637853456,498.6445367006562
ROSILHA-M-B_011_jpg.rf.4a966541cdff84d474cd4516dd35b742_r2c1.jpg,TP,4,15,0.8456674473067916,8503,7259,97.99557389154967,83.65869350567554
ROSILHA-M-B_011_jpg.rf.4a966541cdff84d474cd4516dd35b742_r2c1.jpg,TP,8,0,0.8443313518368045,20745,22381,239.08246270495096,257.93707388766006
ROSILHA-M-B_011_jpg.rf.4a966541cdff84d474cd4516dd35b742_r2c1.jpg,TP,5,3,0.8226854358419058,10919,9280,125.83954737408337,106.95036172099036
ROSILHA-M-B_011_jpg.rf.4a966541cdff84d474cd4516dd35b742_r2c1.jpg,TP,7,4,0.8201144726083401,5238,5892,60.36702529036072,67.90425983405983
ROSILHA-M-B_011_jpg.rf.4a966541cdff84d474cd4516dd35b742_r2c1.jpg,TP,11,20,0.8075691960082847,4911,4689,56.598408018511165,54.03989721009955
ROSILHA-M-B_011_jpg.rf.4a966541cdff84d474cd4516dd35b742_r2c1.jpg,TP,19,12,0.8015748031496063,4302,4850,49.579790530571174,55.895393787371034
ROSILHA-M-B_011_jpg.rf.4a966541cdff84d474cd4516dd35b742_r2c1.jpg,TP,10,5,0.784493041749503,6143,7321,70.79699052284954,84.37323256027697
ROSILHA-M-B_011_jpg.rf.4a966541cdff84d474cd4516dd35b742_r2c1.jpg,TP,9,9,0.7271531510923024,17377,12824,200.2668572872467,147.7943360678858
ROSILHA-M-B_011_jpg.rf.4a966541cdff84d474cd4516dd35b742_r2c1.jpg,TP,20,21,0.714178544636159,1250,1035,14.40602932664202,11.928192282459593
ROSILHA-M-B_011_jpg.rf.4a966541cdff84d474cd4516dd35b742_r2c1.jpg,FP,1,-1,0.0,0,8420,0.0,97.03901354426064
ROSILHA-M-B_011_jpg.rf.4a966541cdff84d474cd4516dd35b742_r2c1.jpg,FP,14,-1,0.0,0,8855,0.0,102.05231174993207
ROSILHA-M-B_011_jpg.rf.4a966541cdff84d474cd4516dd35b742_r2c1.jpg,FP,15,-1,0.0,0,38822,0.0,447.4166964151172
ROSILHA-M-B_011_jpg.rf.4a966541cdff84d474cd4516dd35b742_r2c1.jpg,FP,21,-1,0.0,0,22955,0.0,264.55232255445407
ROSILHA-M-B_011_jpg.rf.4a966541cdff84d474cd4516dd35b742_r2c1.jpg,FP,22,-1,0.0,0,11468,0.0,132.16667545434456
ROSILHA-M-B_011_jpg.rf.4a966541cdff84d474cd4516dd35b742_r2c1.jpg,FP,23,-1,0.0,0,14898,0.0,171.69681992665025
ROSILHA-M-B_011_jpg.rf.4a966541cdff84d474cd4516dd35b742_r2c1.jpg,FP,24,-1,0.0,0,397,0.0,4.5753549141415055
ROSILHA-M-B_011_jpg.rf.4a966541cdff84d474cd4516dd35b742_r2c1.jpg,FP,26,-1,0.0,0,9941,0.0,114.56827002891866
ROSILHA-M-B_011_jpg.rf.4a966541cdff84d474cd4516dd35b742_r2c1.jpg,FN,-1,7,0.0,26216,0,302.13477186179773,0.0
ROSILHA-M-B_011_jpg.rf.4a966541cdff84d474cd4516dd35b742_r2c1.jpg,FN,-1,10,0.0,13638,0,157.1755423653951,0.0
ROSILHA-M-B_011_jpg.rf.4a966541cdff84d474cd4516dd35b742_r2c1.jpg,FN,-1,14,0.0,828,0,9.542553825967675,0.0
ROSILHA-M-B_011_jpg.rf.4a966541cdff84d474cd4516dd35b742_r2c2.jpg,TP,6,3,0.896817857990976,16268,15682,187.4858280686499,180.73228152032013
ROSILHA-M-B_011_jpg.rf.4a966541cdff84d474cd4516dd35b742_r2c2.jpg,TP,5,4,0.8870555839310698,41517,43459,478.4760956433574,500.8573028052284
ROSILHA-M-B_011_jpg.rf.4a966541cdff84d474cd4516dd35b742_r2c2.jpg,TP,9,2,0.8854341736694678,3255,3476,37.51330036657582,40.06028635152613
ROSILHA-M-B_011_jpg.rf.4a966541cdff84d474cd4516dd35b742_r2c2.jpg,TP,1,5,0.8829666591063733,25184,24628,290.2411540497221,283.83335220523173
ROSILHA-M-B_011_jpg.rf.4a966541cdff84d474cd4516dd35b742_r2c2.jpg,TP,0,11,0.8808541081943757,16568,17609,190.94327510704397,202.94061633027147
ROSILHA-M-B_011_jpg.rf.4a966541cdff84d474cd4516dd35b742_r2c2.jpg,TP,3,0,0.8762343207899653,14357,13764,165.46189043407958,158.6276701215206
ROSILHA-M-B_011_jpg.rf.4a966541cdff84d474cd4516dd35b742_r2c2.jpg,TP,7,9,0.861786769720391,4157,4033,47.9086911286807,46.47961301947781
ROSILHA-M-B_011_jpg.rf.4a966541cdff84d474cd4516dd35b742_r2c2.jpg,TP,2,6,0.8546345855635036,18376,18700,211.780155925099,215.51419872656462
ROSILHA-M-B_011_jpg.rf.4a966541cdff84d474cd4516dd35b742_r2c2.jpg,TP,8,1,0.8138747884940778,1061,1083,12.227837692453747,12.481383808602645
ROSILHA-M-B_011_jpg.rf.4a966541cdff84d474cd4516dd35b742_r2c2.jpg,TP,4,7,0.7754812563323201,13948,12338,160.74823763840232,142.1932718656874
ROSILHA-M-B_011_jpg.rf.4a966541cdff84d474cd4516dd35b742_r2c2.jpg,TP,12,8,0.738135593220339,1062,989,12.23936251591506,11.398050403239166
ROSILHA-M-B_011_jpg.rf.4a966541cdff84d474cd4516dd35b742_r2c2.jpg,FP,10,-1,0.0,0,5229,0.0,60.263301879208896
ROSILHA-M-B_011_jpg.rf.4a966541cdff84d474cd4516dd35b742_r2c2.jpg,FP,11,-1,0.0,0,7649,0.0,88.15337465558785
ROSILHA-M-B_011_jpg.rf.4a966541cdff84d474cd4516dd35b742_r2c2.jpg,FN,-1,10,0.0,1002,0,11.547873108236242,0.0
ROSILHA-M-B_011_jpg.rf.4a966541cdff84d474cd4516dd35b742_r2c2.jpg,FN,-1,12,0.0,805,0,9.277482886357461,0.0
ROSILHA-M-D_006_jpg.rf.4bf38cf5314617b13c7c11445fe40b04_r0c0.jpg,TP,3,7,0.8844011142061281,4507,4964,51.94237934014047,57.20922366196079
ROSILHA-M-D_006_jpg.rf.4bf38cf5314617b13c7c11445fe40b04_r0c0.jpg,TP,0,0,0.8829850041327193,7525,8422,86.72429654638496,97.06206319118327
ROSILHA-M-D_006_jpg.rf.4bf38cf5314617b13c7c11445fe40b04_r0c0.jpg,TP,5,2,0.8822652757078987,1862,1927,21.459221284965952,22.20833480995134
ROSILHA-M-D_006_jpg.rf.4bf38cf5314617b13c7c11445fe40b04_r0c0.jpg,TP,15,13,0.8741586783601877,9178,9200,105.77482972793636,106.02837584408526
ROSILHA-M-D_006_jpg.rf.4bf38cf5314617b13c7c11445fe40b04_r0c0.jpg,TP,10,1,0.8708920187793427,1493,1695,17.206561427741228,19.53457576692658
ROSILHA-M-D_006_jpg.rf.4bf38cf5314617b13c7c11445fe40b04_r0c0.jpg,TP,9,12,0.8566456384598651,7876,9194,90.76950958130604,105.95922690331739
ROSILHA-M-D_006_jpg.rf.4bf38cf5314617b13c7c11445fe40b04_r0c0.jpg,TP,2,8,0.8532751977286555,8461,9816,97.5115313061745,113.12766709625446
ROSILHA-M-D_006_jpg.rf.4bf38cf5314617b13c7c11445fe40b04_r0c0.jpg,TP,1,5,0.8519770192632646,13277,14123,153.01508109586086,162.7650817441322
ROSILHA-M-D_006_jpg.rf.4bf38cf5314617b13c7c11445fe40b04_r0c0.jpg,TP,6,4,0.8245875818618917,10470,11540,120.66490163995356,132.99646274355914
ROSILHA-M-D_006_jpg.rf.4bf38cf5314617b13c7c11445fe40b04_r0c0.jpg,TP,7,9,0.8209578913532626,2562,3103,29.526597707885482,35.76152720045615
ROSILHA-M-D_006_jpg.rf.4bf38cf5314617b13c7c11445fe40b04_r0c0.jpg,TP,17,10,0.7968851395197923,5087,5989,58.62677694770236,69.02216770980725
ROSILHA-M-D_006_jpg.rf.4bf38cf5314617b13c7c11445fe40b04_r0c0.jpg,TP,16,15,0.7803860198226396,1568,1845,18.07092318733975,21.263299286123623
ROSILHA-M-D_006_jpg.rf.4bf38cf5314617b13c7c11445fe40b04_r0c0.jpg,TP,8,6,0.7408611796366898,6666,8859,76.82447319311656,102.09841104377732
ROSILHA-M-D_006_jpg.rf.4bf38cf5314617b13c7c11445fe40b04_r0c0.jpg,TP,4,3,0.6947639825466085,10555,15080,121.64451163416521,173.7943377966093
ROSILHA-M-D_006_jpg.rf.4bf38cf5314617b13c7c11445fe40b04_r0c0.jpg,FP,11,-1,0.0,0,1175,0.0,13.541667567043499
ROSILHA-M-D_006_jpg.rf.4bf38cf5314617b13c7c11445fe40b04_r0c0.jpg,FP,12,-1,0.0,0,2743,0.0,31.61259075438325
ROSILHA-M-D_006_jpg.rf.4bf38cf5314617b13c7c11445fe40b04_r0c0.jpg,FP,13,-1,0.0,0,3701,0.0,42.65337163032169
ROSILHA-M-D_006_jpg.rf.4bf38cf5314617b13c7c11445fe40b04_r0c0.jpg,FP,14,-1,0.0,0,4728,0.0,54.48936532509077
ROSILHA-M-D_006_jpg.rf.4bf38cf5314617b13c7c11445fe40b04_r0c0.jpg,FP,18,-1,0.0,0,1619,0.0,18.658689183866745
ROSILHA-M-D_006_jpg.rf.4bf38cf5314617b13c7c11445fe40b04_r0c0.jpg,FP,19,-1,0.0,0,952,0.0,10.971631935170562
ROSILHA-M-D_006_jpg.rf.4bf38cf5314617b13c7c11445fe40b04_r0c0.jpg,FP,20,-1,0.0,0,856,0.0,9.865248882884455
ROSILHA-M-D_006_jpg.rf.4bf38cf5314617b13c7c11445fe40b04_r0c0.jpg,FN,-1,11,0.0,1446,0,16.66489472505949,0.0
ROSILHA-M-D_006_jpg.rf.4bf38cf5314617b13c7c11445fe40b04_r0c0.jpg,FN,-1,14,0.0,1408,0,16.22695143352957,0.0
ROSILHA-M-D_006_jpg.rf.4bf38cf5314617b13c7c11445fe40b04_r0c1.jpg,TP,4,1,0.9285277947464875,9145,9797,105.39451055371302,112.90869545048949
ROSILHA-M-D_006_jpg.rf.4bf38cf5314617b13c7c11445fe40b04_r0c1.jpg,TP,0,4,0.9204849450737094,16475,17266,189.8714665251418,198.9876018830409
ROSILHA-M-D_006_jpg.rf.4bf38cf5314617b13c7c11445fe40b04_r0c1.jpg,TP,3,3,0.8805108467459762,5059,5690,58.30408189078558,65.57624549487447
ROSILHA-M-D_006_jpg.rf.4bf38cf5314617b13c7c11445fe40b04_r0c1.jpg,TP,1,8,0.8083070820207677,6956,8543,80.1666719968975,98.45656683000222
ROSILHA-M-D_006_jpg.rf.4bf38cf5314617b13c7c11445fe40b04_r0c1.jpg,TP,5,5,0.7913522925130586,2727,3446,31.42819357900223,39.71454164768672
ROSILHA-M-D_006_jpg.rf.4bf38cf5314617b13c7c11445fe40b04_r0c1.jpg,TP,7,0,0.785140048133545,18629,16233,214.69593626081135,187.08245924750392
ROSILHA-M-D_006_jpg.rf.4bf38cf5314617b13c7c11445fe40b04_r0c1.jpg,TP,2,2,0.7406681721572795,27447,24968,316.32182954267483,287.75179218207836
ROSILHA-M-D_006_jpg.rf.4bf38cf5314617b13c7c11445fe40b04_r0c1.jpg,FP,6,-1,0.0,0,2107,0.0,24.28280303298779
ROSILHA-M-D_006_jpg.rf.4bf38cf5314617b13c7c11445fe40b04_r0c1.jpg,FP,8,-1,0.0,0,3069,0.0,35.36968320277148
ROSILHA-M-D_006_jpg.rf.4bf38cf5314617b13c7c11445fe40b04_r0c1.jpg,FP,9,-1,0.0,0,827,0.0,9.53102900250636
ROSILHA-M-D_006_jpg.rf.4bf38cf5314617b13c7c11445fe40b04_r0c1.jpg,FP,10,-1,0.0,0,4315,0.0,49.72961323556825
ROSILHA-M-D_006_jpg.rf.4bf38cf5314617b13c7c11445fe40b04_r0c1.jpg,FP,11,-1,0.0,0,1262,0.0,14.544327208177783
ROSILHA-M-D_006_jpg.rf.4bf38cf5314617b13c7c11445fe40b04_r0c1.jpg,FP,12,-1,0.0,0,3592,0.0,41.39716587303851
ROSILHA-M-D_006_jpg.rf.4bf38cf5314617b13c7c11445fe40b04_r0c1.jpg,FN,-1,6,0.0,3679,0,42.39982551417279,0.0
ROSILHA-M-D_006_jpg.rf.4bf38cf5314617b13c7c11445fe40b04_r0c1.jpg,FN,-1,7,0.0,1436,0,16.549646490446353,0.0
ROSILHA-M-D_006_jpg.rf.4bf38cf5314617b13c7c11445fe40b04_r0c2.jpg,TP,1,40,0.9311603322426378,7453,7892,85.89450925717038,90.95390675668706
ROSILHA-M-D_006_jpg.rf.4bf38cf5314617b13c7c11445fe40b04_r0c2.jpg,TP,3,45,0.909582935370901,2892,3106,33.32978945011898,35.79610167084009
ROSILHA-M-D_006_jpg.rf.4bf38cf5314617b13c7c11445fe40b04_r0c2.jpg,TP,16,35,0.9071492805755396,4242,4241,48.88830112289236,48.87677629943104
ROSILHA-M-D_006_jpg.rf.4bf38cf5314617b13c7c11445fe40b04_r0c2.jpg,TP,2,27,0.906587025053924,11493,11489,132.4547960408774,132.40869674703214
ROSILHA-M-D_006_jpg.rf.4bf38cf5314617b13c7c11445fe40b04_r0c2.jpg,TP,7,36,0.8998347790169352,4415,4784,50.882095581699616,55.13475543892434
ROSILHA-M-D_006_jpg.rf.4bf38cf5314617b13c7c11445fe40b04_r0c2.jpg,TP,24,15,0.8930121335577008,10302,11072,118.72873129845287,127.60284536366436
ROSILHA-M-D_006_jpg.rf.4bf38cf5314617b13c7c11445fe40b04_r0c2.jpg,TP,14,28,0.8874239350912779,1767,1955,20.36436305614116,22.53102986686812
ROSILHA-M-D_006_jpg.rf.4bf38cf5314617b13c7c11445fe40b04_r0c2.jpg,TP,11,30,0.8858657243816255,2509,2828,28.915782064435863,32.592200748594905
ROSILHA-M-D_006_jpg.rf.4bf38cf5314617b13c7c11445fe40b04_r0c2.jpg,TP,29,24,0.8814489571899012,1748,1680,20.1453914103762,19.361703415006875
ROSILHA-M-D_006_jpg.rf.4bf38cf5314617b13c7c11445fe40b04_r0c2.jpg,TP,6,22,0.8798665183537263,3201,3559,36.890959899664885,41.01684669881516
ROSILHA-M-D_006_jpg.rf.4bf38cf5314617b13c7c11445fe40b04_r0c2.jpg,TP,4,12,0.879179079774909,8013,9018,92.34841039550601,103.93085797412618
ROSILHA-M-D_006_jpg.rf.4bf38cf5314617b13c7c11445fe40b04_r0c2.jpg,TP,0,43,0.8727359389895138,5514,6273,63.547876565683275,72.2952175728203
ROSILHA-M-D_006_jpg.rf.4bf38cf5314617b13c7c11445fe40b04_r0c2.jpg,TP,19,10,0.8632743362831858,1981,2230,22.830675276862273,25.700356318729362
ROSILHA-M-D_006_jpg.rf.4bf38cf5314617b13c7c11445fe40b04_r0c2.jpg,TP,5,21,0.8629095381862909,7764,8896,89.47872935363891,102.52482951184592
ROSILHA-M-D_006_jpg.rf.4bf38cf5314617b13c7c11445fe40b04_r0c2.jpg,TP,23,2,0.8578281726995203,1971,2289,22.715427042249136,26.380320902946867
ROSILHA-M-D_006_jpg.rf.4bf38cf5314617b13c7c11445fe40b04_r0c2.jpg,TP,12,31,0.8416739830260462,3016,3277,34.758867559321864,37.766846482724716
ROSILHA-M-D_006_jpg.rf.4bf38cf5314617b13c7c11445fe40b04_r0c2.jpg,TP,18,11,0.8348448687350836,1763,2081,20.318263762295906,23.983157622993634
ROSILHA-M-D_006_jpg.rf.4bf38cf5314617b13c7c11445fe40b04_r0c2.jpg,TP,20,5,0.8302967204580948,3201,3831,36.890959899664885,44.15159868029246
ROSILHA-M-D_006_jpg.rf.4bf38cf5314617b13c7c11445fe40b04_r0c2.jpg,TP,9,26,0.8302415875754962,9004,7966,103.76951044566779,91.80674369282427
ROSILHA-M-D_006_jpg.rf.4bf38cf5314617b13c7c11445fe40b04_r0c2.jpg,TP,8,9,0.8280190302662213,8209,9850,94.60727579392348,113.51951109393912
ROSILHA-M-D_006_jpg.rf.4bf38cf5314617b13c7c11445fe40b04_r0c2.jpg,TP,10,17,0.822463768115942,2991,3045,34.47074697278902,35.09308743969996
ROSILHA-M-D_006_jpg.rf.4bf38cf5314617b13c7c11445fe40b04_r0c2.jpg,TP,22,44,0.8192546583850931,1350,1579,15.558511672773381,18.1976962454142
ROSILHA-M-D_006_jpg.rf.4bf38cf5314617b13c7c11445fe40b04_r0c2.jpg,TP,13,16,0.8161088635527768,2230,2708,25.700356318729362,31.20922193323727
ROSILHA-M-D_006_jpg.rf.4bf38cf5314617b13c7c11445fe40b04_r0c2.jpg,TP,38,23,0.8151394422310757,1059,1219,12.204788045531119,14.048759799341298
ROSILHA-M-D_006_jpg.rf.4bf38cf5314617b13c7c11445fe40b04_r0c2.jpg,TP,26,29,0.8098318240620958,1331,1467,15.339540027008423,16.906916017747076
ROSILHA-M-D_006_jpg.rf.4bf38cf5314617b13c7c11445fe40b04_r0c2.jpg,TP,34,32,0.807478122513922,4214,4874,48.56560606597558,56.17198955044256
ROSILHA-M-D_006_jpg.rf.4bf38cf5314617b13c7c11445fe40b04_r0c2.jpg,TP,40,38,0.8053491827637445,1088,1342,12.539007925909214,15.466313085082872
ROSILHA-M-D_006_jpg.rf.4bf38cf5314617b13c7c11445fe40b04_r0c2.jpg,TP,25,13,0.797566371681416,1445,1805,16.653369901598175,20.802306347671077
ROSILHA-M-D_006_jpg.rf.4bf38cf5314617b13c7c11445fe40b04_r0c2.jpg,TP,17,39,0.7882507672073652,1806,2273,20.81383117113239,26.195923727565848
ROSILHA-M-D_006_jpg.rf.4bf38cf5314617b13c7c11445fe40b04_r0c2.jpg,TP,27,18,0.7766798418972332,793,1005,9.139185004821698,11.582447578620183
ROSILHA-M-D_006_jpg.rf.4bf38cf5314617b13c7c11445fe40b04_r0c2.jpg,TP,32,42,0.7762747138397502,1492,1922,17.195036604279913,22.15071069264477
ROSILHA-M-D_006_jpg.rf.4bf38cf5314617b13c7c11445fe40b04_r0c2.jpg,TP,15,25,0.7698483496877788,3458,4478,39.852839529222486,51.60815945976237
ROSILHA-M-D_006_jpg.rf.4bf38cf5314617b13c7c11445fe40b04_r0c2.jpg,TP,30,1,0.7637130801687764,905,1185,10.429965232488822,13.656915801656634
ROSILHA-M-D_006_jpg.rf.4bf38cf5314617b13c7c11445fe40b04_r0c2.jpg,TP,35,7,0.7611764705882353,659,838,7.594858661005673,9.65780206058081
ROSILHA-M-D_006_jpg.rf.4bf38cf5314617b13c7c11445fe40b04_r0c2.jpg,TP,37,14,0.7192494788047255,2121,2827,24.44415056144618,32.58067592513359
ROSILHA-M-D_006_jpg.rf.4bf38cf5314617b13c7c11445fe40b04_r0c2.jpg,TP,28,6,0.7183320220298978,916,1268,10.556738290563272,14.613476148945665
ROSILHA-M-D_006_jpg.rf.4bf38cf5314617b13c7c11445fe40b04_r0c2.jpg,TP,36,20,0.6501580611169653,617,949,7.110816075630501,10.937057464786621
ROSILHA-M-D_006_jpg.rf.4bf38cf5314617b13c7c11445fe40b04_r0c2.jpg,TP,21,0,0.6112584733274389,2074,3393,23.902483858764437,39.103726004237096
ROSILHA-M-D_006_jpg.rf.4bf38cf5314617b13c7c11445fe40b04_r0c2.jpg,FP,31,-1,0.0,0,1014,0.0,11.686170989772007
ROSILHA-M-D_006_jpg.rf.4bf38cf5314617b13c7c11445fe40b04_r0c2.jpg,FP,33,-1,0.0,0,1206,0.0,13.898937094344221
ROSILHA-M-D_006_jpg.rf.4bf38cf5314617b13c7c11445fe40b04_r0c2.jpg,FP,39,-1,0.0,0,7706,0.0,88.81028959288273
ROSILHA-M-D_006_jpg.rf.4bf38cf5314617b13c7c11445fe40b04_r0c2.jpg,FP,41,-1,0.0,0,1663,0.0,19.165781416164542
ROSILHA-M-D_006_jpg.rf.4bf38cf5314617b13c7c11445fe40b04_r0c2.jpg,FP,42,-1,0.0,0,3490,0.0,40.221633879984516
ROSILHA-M-D_006_jpg.rf.4bf38cf5314617b13c7c11445fe40b04_r0c2.jpg,FN,-1,3,0.0,4056,0,46.74468395908803,0.0
ROSILHA-M-D_006_jpg.rf.4bf38cf5314617b13c7c11445fe40b04_r0c2.jpg,FN,-1,4,0.0,4502,0,51.884755222833896,0.0
ROSILHA-M-D_006_jpg.rf.4bf38cf5314617b13c7c11445fe40b04_r0c2.jpg,FN,-1,8,0.0,306,0,3.5265959791619665,0.0
ROSILHA-M-D_006_jpg.rf.4bf38cf5314617b13c7c11445fe40b04_r0c2.jpg,FN,-1,19,0.0,597,0,6.880319606404228,0.0
ROSILHA-M-D_006_jpg.rf.4bf38cf5314617b13c7c11445fe40b04_r0c2.jpg,FN,-1,33,0.0,528,0,6.085106787573589,0.0
ROSILHA-M-D_006_jpg.rf.4bf38cf5314617b13c7c11445fe40b04_r0c2.jpg,FN,-1,34,0.0,722,0,8.32092253906843,0.0
ROSILHA-M-D_006_jpg.rf.4bf38cf5314617b13c7c11445fe40b04_r0c2.jpg,FN,-1,37,0.0,7664,0,88.32624700750755,0.0
ROSILHA-M-D_006_jpg.rf.4bf38cf5314617b13c7c11445fe40b04_r0c2.jpg,FN,-1,41,0.0,6675,0,76.92819660426838,0.0
ROSILHA-M-D_006_jpg.rf.4bf38cf5314617b13c7c11445fe40b04_r1c0.jpg,TP,9,7,0.9420849420849421,9153,9458,105.48670914140352,109.00178029710418
ROSILHA-M-D_006_jpg.rf.4bf38cf5314617b13c7c11445fe40b04_r1c0.jpg,TP,0,17,0.9383594372179453,17705,18804,204.04699938255757,216.71278036654124
ROSILHA-M-D_006_jpg.rf.4bf38cf5314617b13c7c11445fe40b04_r1c0.jpg,TP,2,15,0.9280627350564136,11623,12472,133.95302309084815,143.7375982095034
ROSILHA-M-D_006_jpg.rf.4bf38cf5314617b13c7c11445fe40b04_r1c0.jpg,TP,1,0,0.9205756192057561,13321,14439,153.5221733281587,166.4069259579073
ROSILHA-M-D_006_jpg.rf.4bf38cf5314617b13c7c11445fe40b04_r1c0.jpg,TP,14,21,0.9120475113122172,3339,3422,38.48138553732616,39.437945884615196
ROSILHA-M-D_006_jpg.rf.4bf38cf5314617b13c7c11445fe40b04_r1c0.jpg,TP,3,22,0.9077066500932256,8808,9609,101.51064504725032,110.74202863976254
ROSILHA-M-D_006_jpg.rf.4bf38cf5314617b13c7c11445fe40b04_r1c0.jpg,TP,4,6,0.9068405642800107,3417,3747,39.38032176730862,43.18351350954212
ROSILHA-M-D_006_jpg.rf.4bf38cf5314617b13c7c11445fe40b04_r1c0.jpg,TP,19,1,0.9005708848715509,3822,4168,44.04787526914064,48.03546418675515
ROSILHA-M-D_006_jpg.rf.4bf38cf5314617b13c7c11445fe40b04_r1c0.jpg,TP,5,13,0.9002904162633107,3762,4090,43.356385861461824,47.13652795677269
ROSILHA-M-D_006_jpg.rf.4bf38cf5314617b13c7c11445fe40b04_r1c0.jpg,TP,12,11,0.8820773135493948,4564,5076,52.59929427743534,58.50000388962791
ROSILHA-M-D_006_jpg.rf.4bf38cf5314617b13c7c11445fe40b04_r1c0.jpg,TP,11,20,0.8785545023696683,2986,3356,34.413122855482456,38.67730753616849
ROSILHA-M-D_006_jpg.rf.4bf38cf5314617b13c7c11445fe40b04_r1c0.jpg,TP,13,19,0.8579484425349087,3203,3716,36.914009546587515,42.826243982241394
ROSILHA-M-D_006_jpg.rf.4bf38cf5314617b13c7c11445fe40b04_r1c0.jpg,TP,8,12,0.8421165381319623,3931,4668,45.30408102642382,53.79787591741196
ROSILHA-M-D_006_jpg.rf.4bf38cf5314617b13c7c11445fe40b04_r1c0.jpg,TP,20,5,0.8331283312833129,2057,2414,23.706561859922108,27.82092383561107
ROSILHA-M-D_006_jpg.rf.4bf38cf5314617b13c7c11445fe40b04_r1c0.jpg,TP,25,2,0.8309215536938309,1108,1296,12.769504395135487,14.936171205862447
ROSILHA-M-D_006_jpg.rf.4bf38cf5314617b13c7c11445fe40b04_r1c0.jpg,TP,18,26,0.8284987277353689,1648,1945,18.992909064244838,22.415781632254983
ROSILHA-M-D_006_jpg.rf.4bf38cf5314617b13c7c11445fe40b04_r1c0.jpg,TP,21,3,0.8250261415127222,4992,5480,57.53191871887757,63.156032567998615
ROSILHA-M-D_006_jpg.rf.4bf38cf5314617b13c7c11445fe40b04_r1c0.jpg,TP,6,25,0.8166592822330527,9560,10941,110.17731229015817,126.09309349023226
ROSILHA-M-D_006_jpg.rf.4bf38cf5314617b13c7c11445fe40b04_r1c0.jpg,TP,24,9,0.7569049553208773,4924,3727,56.74823072350824,42.95301704031585
ROSILHA-M-D_006_jpg.rf.4bf38cf5314617b13c7c11445fe40b04_r1c0.jpg,TP,15,8,0.7207349081364829,3065,3491,35.32358390892623,40.23315870344583
ROSILHA-M-D_006_jpg.rf.4bf38cf5314617b13c7c11445fe40b04_r1c0.jpg,TP,7,4,0.6600550441302079,20117,14867,231.844873571246,171.33955039934952
ROSILHA-M-D_006_jpg.rf.4bf38cf5314617b13c7c11445fe40b04_r1c0.jpg,TP,10,24,0.6496275970207762,12578,8463,144.95922949640266,97.53458095309713
ROSILHA-M-D_006_jpg.rf.4bf38cf5314617b13c7c11445fe40b04_r1c0.jpg,TP,22,10,0.5899767392683443,4684,2835,53.98227309279298,32.6728745128241
ROSILHA-M-D_006_jpg.rf.4bf38cf5314617b13c7c11445fe40b04_r1c0.jpg,TP,17,23,0.57886356851428,9777,6089,112.67819898126322,70.17465005593861
ROSILHA-M-D_006_jpg.rf.4bf38cf5314617b13c7c11445fe40b04_r1c0.jpg,FP,16,-1,0.0,0,3834,0.0,44.1861731506764
ROSILHA-M-D_006_jpg.rf.4bf38cf5314617b13c7c11445fe40b04_r1c0.jpg,FP,23,-1,0.0,0,3017,0.0,34.77039238278318
ROSILHA-M-D_006_jpg.rf.4bf38cf5314617b13c7c11445fe40b04_r1c0.jpg,FP,26,-1,0.0,0,4026,0.0,46.398939255248614
ROSILHA-M-D_006_jpg.rf.4bf38cf5314617b13c7c11445fe40b04_r1c0.jpg,FP,27,-1,0.0,0,6853,0.0,78.97961518038221
ROSILHA-M-D_006_jpg.rf.4bf38cf5314617b13c7c11445fe40b04_r1c0.jpg,FN,-1,14,0.0,10553,0,121.62146198724258,0.0
ROSILHA-M-D_006_jpg.rf.4bf38cf5314617b13c7c11445fe40b04_r1c0.jpg,FN,-1,16,0.0,1558,0,17.955674952726614,0.0
ROSILHA-M-D_006_jpg.rf.4bf38cf5314617b13c7c11445fe40b04_r1c0.jpg,FN,-1,18,0.0,1665,0,19.18883106308717,0.0
ROSILHA-M-D_006_jpg.rf.4bf38cf5314617b13c7c11445fe40b04_r1c1.jpg,TP,0,0,0.9516509433962265,9778,10082,112.68972380472454,116.19327013696387
ROSILHA-M-D_006_jpg.rf.4bf38cf5314617b13c7c11445fe40b04_r1c1.jpg,TP,11,19,0.9465157567687528,4316,4455,49.741138059029566,51.34308852015216
ROSILHA-M-D_006_jpg.rf.4bf38cf5314617b13c7c11445fe40b04_r1c1.jpg,TP,1,26,0.9221000113391541,8290,8661,95.54078649428988,99.81649599843723
ROSILHA-M-D_006_jpg.rf.4bf38cf5314617b13c7c11445fe40b04_r1c1.jpg,TP,20,32,0.9032945736434108,5149,4672,59.341316002303806,53.84397521125722
ROSILHA-M-D_006_jpg.rf.4bf38cf5314617b13c7c11445fe40b04_r1c1.jpg,TP,12,23,0.8957055214723927,3115,3374,35.899825081991914,38.88475435847214
ROSILHA-M-D_006_jpg.rf.4bf38cf5314617b13c7c11445fe40b04_r1c1.jpg,TP,8,8,0.8903493600830162,2654,2811,30.586881466326336,32.396278749752575
ROSILHA-M-D_006_jpg.rf.4bf38cf5314617b13c7c11445fe40b04_r1c1.jpg,TP,2,12,0.8896805332107561,3907,4315,45.0274852633523,49.72961323556825
ROSILHA-M-D_006_jpg.rf.4bf38cf5314617b13c7c11445fe40b04_r1c1.jpg,TP,14,2,0.8746277260063406,10050,9463,115.82447578620184,109.05940441441075
ROSILHA-M-D_006_jpg.rf.4bf38cf5314617b13c7c11445fe40b04_r1c1.jpg,TP,5,13,0.8724684888825945,12530,13913,144.4060379702596,160.34486881725633
ROSILHA-M-D_006_jpg.rf.4bf38cf5314617b13c7c11445fe40b04_r1c1.jpg,TP,3,10,0.8674825174825175,2517,2824,29.00798065212637,32.54610145474965
ROSILHA-M-D_006_jpg.rf.4bf38cf5314617b13c7c11445fe40b04_r1c1.jpg,TP,19,22,0.8671461014383043,2305,2628,26.564718078327886,30.287236056332183
ROSILHA-M-D_006_jpg.rf.4bf38cf5314617b13c7c11445fe40b04_r1c1.jpg,TP,16,17,0.8658865886588659,1943,2203,22.392731985332354,25.389186085273895
ROSILHA-M-D_006_jpg.rf.4bf38cf5314617b13c7c11445fe40b04_r1c1.jpg,TP,9,14,0.8633644412538884,3678,4109,42.38830069071148,47.35549960253765
ROSILHA-M-D_006_jpg.rf.4bf38cf5314617b13c7c11445fe40b04_r1c1.jpg,TP,27,1,0.8624312156078039,1724,1999,19.868795647304673,23.038122099165918
ROSILHA-M-D_006_jpg.rf.4bf38cf5314617b13c7c11445fe40b04_r1c1.jpg,TP,7,4,0.8591670244740232,2041,2289,23.52216468454109,26.380320902946867
ROSILHA-M-D_006_jpg.rf.4bf38cf5314617b13c7c11445fe40b04_r1c1.jpg,TP,15,20,0.8571428571428571,1869,2096,21.53989504919515,24.156029974913338
ROSILHA-M-D_006_jpg.rf.4bf38cf5314617b13c7c11445fe40b04_r1c1.jpg,TP,13,27,0.8560482934757372,3710,4284,42.75709504147351,49.37234370826753
ROSILHA-M-D_006_jpg.rf.4bf38cf5314617b13c7c11445fe40b04_r1c1.jpg,TP,22,15,0.8437170010559663,7616,8098,87.7730554813645,93.32802038971766
ROSILHA-M-D_006_jpg.rf.4bf38cf5314617b13c7c11445fe40b04_r1c1.jpg,TP,24,30,0.8312387791741472,1393,1667,16.054079081609867,19.211880710009797
ROSILHA-M-D_006_jpg.rf.4bf38cf5314617b13c7c11445fe40b04_r1c1.jpg,TP,29,5,0.8245508982035928,1404,1643,16.180852139684315,18.93528494693827
ROSILHA-M-D_006_jpg.rf.4bf38cf5314617b13c7c11445fe40b04_r1c1.jpg,TP,10,7,0.8220511659497396,3749,4299,43.206563156464746,49.54521606018724
ROSILHA-M-D_006_jpg.rf.4bf38cf5314617b13c7c11445fe40b04_r1c1.jpg,TP,25,25,0.8036117381489842,1786,2209,20.583334701906118,25.458335026041777
ROSILHA-M-D_006_jpg.rf.4bf38cf5314617b13c7c11445fe40b04_r1c1.jpg,TP,17,24,0.7994442238983723,10287,12377,118.55585894653316,142.6427399806786
ROSILHA-M-D_006_jpg.rf.4bf38cf5314617b13c7c11445fe40b04_r1c1.jpg,TP,6,18,0.7889497262319562,1587,2007,18.289894833104707,23.130320686856425
ROSILHA-M-D_006_jpg.rf.4bf38cf5314617b13c7c11445fe40b04_r1c1.jpg,TP,23,16,0.7625354777672658,3224,4228,37.1560308392751,48.726953594433965
ROSILHA-M-D_006_jpg.rf.4bf38cf5314617b13c7c11445fe40b04_r1c1.jpg,TP,26,33,0.7550058892815077,1930,2540,22.24290928033528,29.273051591736586
ROSILHA-M-D_006_jpg.rf.4bf38cf5314617b13c7c11445fe40b04_r1c1.jpg,TP,21,11,0.7474972191323693,1356,1786,15.627660613541263,20.583334701906118
ROSILHA-M-D_006_jpg.rf.4bf38cf5314617b13c7c11445fe40b04_r1c1.jpg,TP,30,31,0.731375985977213,1691,2260,19.488476473081324,26.04610102256877
ROSILHA-M-D_006_jpg.rf.4bf38cf5314617b13c7c11445fe40b04_r1c1.jpg,TP,4,21,0.7177598665925514,13732,10990,158.25887577075858,126.65780983983663
ROSILHA-M-D_006_jpg.rf.4bf38cf5314617b13c7c11445fe40b04_r1c1.jpg,TP,33,28,0.6853766617429837,528,613,6.085106787573589,7.064716781785246
ROSILHA-M-D_006_jpg.rf.4bf38cf5314617b13c7c11445fe40b04_r1c1.jpg,TP,31,6,0.6796657381615598,506,700,5.83156067142469,8.067376422919532
ROSILHA-M-D_006_jpg.rf.4bf38cf5314617b13c7c11445fe40b04_r1c1.jpg,TP,28,9,0.6763005780346821,936,1384,10.787234759789545,15.950355670458045
ROSILHA-M-D_006_jpg.rf.4bf38cf5314617b13c7c11445fe40b04_r1c1.jpg,TP,32,3,0.5620300751879699,598,1064,6.891844429865542,12.262412162837688
ROSILHA-M-D_006_jpg.rf.4bf38cf5314617b13c7c11445fe40b04_r1c1.jpg,FP,18,-1,0.0,0,3321,0.0,38.27393871502252
ROSILHA-M-D_006_jpg.rf.4bf38cf5314617b13c7c11445fe40b04_r1c1.jpg,FP,34,-1,0.0,0,979,0.0,11.28280216862603
ROSILHA-M-D_006_jpg.rf.4bf38cf5314617b13c7c11445fe40b04_r1c1.jpg,FN,-1,29,0.0,1118,0,12.884752629748622,0.0
ROSILHA-M-D_006_jpg.rf.4bf38cf5314617b13c7c11445fe40b04_r1c1.jpg,FN,-1,34,0.0,4285,0,49.383868531728844,0.0
ROSILHA-M-D_006_jpg.rf.4bf38cf5314617b13c7c11445fe40b04_r1c1.jpg,FN,-1,35,0.0,1509,0,17.390958603122247,0.0
ROSILHA-M-D_006_jpg.rf.4bf38cf5314617b13c7c11445fe40b04_r1c2.jpg,TP,3,20,0.9165312580176174,10851,11559,125.05585937871405,133.2154343893241
ROSILHA-M-D_006_jpg.rf.4bf38cf5314617b13c7c11445fe40b04_r1c2.jpg,TP,2,5,0.9090312705007654,4196,4534,48.358159243671935,52.25354957359593
ROSILHA-M-D_006_jpg.rf.4bf38cf5314617b13c7c11445fe40b04_r1c2.jpg,TP,6,14,0.8824614352783366,5511,5716,63.51330209529934,65.87589090486863
ROSILHA-M-D_006_jpg.rf.4bf38cf5314617b13c7c11445fe40b04_r1c2.jpg,TP,10,11,0.8723404255319149,2345,2671,27.02571101678043,30.78280346516867
ROSILHA-M-D_006_jpg.rf.4bf38cf5314617b13c7c11445fe40b04_r1c2.jpg,TP,0,15,0.868095326066876,4729,5383,54.50089014855209,62.038124692251195
ROSILHA-M-D_006_jpg.rf.4bf38cf5314617b13c7c11445fe40b04_r1c2.jpg,TP,4,25,0.8652388797364086,2627,3034,30.27571123287087,34.96631438162551
ROSILHA-M-D_006_jpg.rf.4bf38cf5314617b13c7c11445fe40b04_r1c2.jpg,TP,7,0,0.8499372997073986,6116,7161,70.48582028939407,82.52926080646681
ROSILHA-M-D_006_jpg.rf.4bf38cf5314617b13c7c11445fe40b04_r1c2.jpg,TP,18,22,0.8440265486725663,812,855,9.358156650586656,9.853724059423142
ROSILHA-M-D_006_jpg.rf.4bf38cf5314617b13c7c11445fe40b04_r1c2.jpg,TP,13,23,0.8413318025258324,3698,4321,42.61879715993775,49.79876217633613
ROSILHA-M-D_006_jpg.rf.4bf38cf5314617b13c7c11445fe40b04_r1c2.jpg,TP,17,26,0.8389380530973451,962,1116,11.086880169783699,12.861702982825996
ROSILHA-M-D_006_jpg.rf.4bf38cf5314617b13c7c11445fe40b04_r1c2.jpg,TP,5,18,0.82429614181439,3166,3832,36.48759107851891,44.16312350375377
ROSILHA-M-D_006_jpg.rf.4bf38cf5314617b13c7c11445fe40b04_r1c2.jpg,TP,11,3,0.8177795655671762,2476,2043,28.535462890212514,23.54521433146372
ROSILHA-M-D_006_jpg.rf.4bf38cf5314617b13c7c11445fe40b04_r1c2.jpg,TP,15,1,0.7903039630627164,2054,2599,23.671987389538167,29.953016175954087
ROSILHA-M-D_006_jpg.rf.4bf38cf5314617b13c7c11445fe40b04_r1c2.jpg,TP,9,9,0.774390243902439,1418,1783,16.342199668142708,20.548760231522177
ROSILHA-M-D_006_jpg.rf.4bf38cf5314617b13c7c11445fe40b04_r1c2.jpg,TP,23,19,0.7616161616161616,755,989,8.70124171329178,11.398050403239166
ROSILHA-M-D_006_jpg.rf.4bf38cf5314617b13c7c11445fe40b04_r1c2.jpg,TP,21,12,0.7565632458233891,1271,1673,14.648050619329606,19.28102965077768
ROSILHA-M-D_006_jpg.rf.4bf38cf5314617b13c7c11445fe40b04_r1c2.jpg,TP,8,10,0.7548058061985092,1924,2549,22.173760339567398,29.376775002888408
ROSILHA-M-D_006_jpg.rf.4bf38cf5314617b13c7c11445fe40b04_r1c2.jpg,TP,19,4,0.7442748091603053,790,1038,9.104610534437757,11.962766752843534
ROSILHA-M-D_006_jpg.rf.4bf38cf5314617b13c7c11445fe40b04_r1c2.jpg,TP,12,16,0.736410816716744,3621,2736,41.7313857534166,31.531916990154052
ROSILHA-M-D_006_jpg.rf.4bf38cf5314617b13c7c11445fe40b04_r1c2.jpg,TP,22,21,0.721606648199446,544,699,6.269503962954607,8.055851599458217
ROSILHA-M-D_006_jpg.rf.4bf38cf5314617b13c7c11445fe40b04_r1c2.jpg,TP,14,24,0.7177764202810019,1178,1634,13.57624203742744,18.83156153578645
ROSILHA-M-D_006_jpg.rf.4bf38cf5314617b13c7c11445fe40b04_r1c2.jpg,TP,1,7,0.6321863197650021,3056,4723,35.21986049777441,54.431741207784206
ROSILHA-M-D_006_jpg.rf.4bf38cf5314617b13c7c11445fe40b04_r1c2.jpg,TP,16,2,0.6102385107620709,2099,3437,24.19060444529728,39.6108182365349
ROSILHA-M-D_006_jpg.rf.4bf38cf5314617b13c7c11445fe40b04_r1c2.jpg,TP,20,6,0.6051829268292683,794,1312,9.150709828283011,15.120568381243464
ROSILHA-M-D_006_jpg.rf.4bf38cf5314617b13c7c11445fe40b04_r1c2.jpg,FN,-1,8,0.0,713,0,8.217199127916608,0.0
ROSILHA-M-D_006_jpg.rf.4bf38cf5314617b13c7c11445fe40b04_r1c2.jpg,FN,-1,13,0.0,1970,0,22.703902218787825,0.0
ROSILHA-M-D_006_jpg.rf.4bf38cf5314617b13c7c11445fe40b04_r1c2.jpg,FN,-1,17,0.0,409,0,4.713652795677269,0.0
ROSILHA-M-D_006_jpg.rf.4bf38cf5314617b13c7c11445fe40b04_r2c0.jpg,TP,1,1,0.9118780980356159,5008,5406,57.716315894258585,62.303195631861406
ROSILHA-M-D_006_jpg.rf.4bf38cf5314617b13c7c11445fe40b04_r2c0.jpg,TP,0,0,0.8845179807529968,15765,17721,181.68884186760914,204.23139655793858
ROSILHA-M-D_006_jpg.rf.4bf38cf5314617b13c7c11445fe40b04_r2c0.jpg,TP,2,2,0.7765980498374865,8852,7546,102.01773727954813,86.96631783907254
ROSILHA-M-D_006_jpg.rf.4bf38cf5314617b13c7c11445fe40b04_r2c0.jpg,FP,3,-1,0.0,0,16363,0.0,188.5806862974747
ROSILHA-M-D_006_jpg.rf.4bf38cf5314617b13c7c11445fe40b04_r2c1.jpg,TP,7,24,0.9433676559660812,3225,3192,37.16755566273641,36.78723648851306
ROSILHA-M-D_006_jpg.rf.4bf38cf5314617b13c7c11445fe40b04_r2c1.jpg,TP,9,10,0.9211773509603393,3719,3983,42.86081845262534,45.903371846412135
ROSILHA-M-D_006_jpg.rf.4bf38cf5314617b13c7c11445fe40b04_r2c1.jpg,TP,3,5,0.9049467752035065,7375,7836,84.99557302718792,90.30851664285349
ROSILHA-M-D_006_jpg.rf.4bf38cf5314617b13c7c11445fe40b04_r2c1.jpg,TP,14,8,0.8904533934103069,3186,3527,36.71808754774518,40.64805234805312
ROSILHA-M-D_006_jpg.rf.4bf38cf5314617b13c7c11445fe40b04_r2c1.jpg,TP,6,2,0.8819984447900466,5127,4554,59.08776988615491,52.48404604282221
ROSILHA-M-D_006_jpg.rf.4bf38cf5314617b13c7c11445fe40b04_r2c1.jpg,TP,15,0,0.868366285119667,3368,3814,38.815605417704255,43.95567668145013
ROSILHA-M-D_006_jpg.rf.4bf38cf5314617b13c7c11445fe40b04_r2c1.jpg,TP,5,19,0.8425667596652052,2134,2489,24.593973266443257,28.68528559520959
ROSILHA-M-D_006_jpg.rf.4bf38cf5314617b13c7c11445fe40b04_r2c1.jpg,TP,17,9,0.8383493639466336,2760,3165,31.80851275322558,36.476066255057596
ROSILHA-M-D_006_jpg.rf.4bf38cf5314617b13c7c11445fe40b04_r2c1.jpg,TP,21,3,0.8326620285609667,2356,2649,27.15248407485488,30.52925734901977
ROSILHA-M-D_006_jpg.rf.4bf38cf5314617b13c7c11445fe40b04_r2c1.jpg,TP,4,15,0.8260626398210291,2977,3553,34.30939944433064,40.947697758047276
ROSILHA-M-D_006_jpg.rf.4bf38cf5314617b13c7c11445fe40b04_r2c1.jpg,TP,22,1,0.8191731031349386,1843,2161,21.240249639200993,24.905143499898724
ROSILHA-M-D_006_jpg.rf.4bf38cf5314617b13c7c11445fe40b04_r2c1.jpg,TP,16,11,0.7946149029430182,1437,1429,16.561171313907664,16.468972726217157
ROSILHA-M-D_006_jpg.rf.4bf38cf5314617b13c7c11445fe40b04_r2c1.jpg,TP,13,21,0.7823545043847994,3549,3158,40.901598464202024,36.3953924908284
ROSILHA-M-D_006_jpg.rf.4bf38cf5314617b13c7c11445fe40b04_r2c1.jpg,TP,11,20,0.7700145560407569,1704,1944,19.6382991780784,22.40425680879367
ROSILHA-M-D_006_jpg.rf.4bf38cf5314617b13c7c11445fe40b04_r2c1.jpg,TP,19,12,0.7598710717163578,945,1239,10.890958170941367,14.27925626856757
ROSILHA-M-D_006_jpg.rf.4bf38cf5314617b13c7c11445fe40b04_r2c1.jpg,TP,23,13,0.7518133081046988,2506,3049,28.881207594051922,35.139186733545216
ROSILHA-M-D_006_jpg.rf.4bf38cf5314617b13c7c11445fe40b04_r2c1.jpg,TP,12,4,0.7425178722888647,8182,6199,94.296105560468,71.4423806366831
ROSILHA-M-D_006_jpg.rf.4bf38cf5314617b13c7c11445fe40b04_r2c1.jpg,TP,1,14,0.7258625688605392,6567,5338,75.68351567044651,61.51950763649208
ROSILHA-M-D_006_jpg.rf.4bf38cf5314617b13c7c11445fe40b04_r2c1.jpg,TP,18,23,0.7131552917903067,733,999,8.44769559714288,11.513298637852301
ROSILHA-M-D_006_jpg.rf.4bf38cf5314617b13c7c11445fe40b04_r2c1.jpg,TP,0,22,0.659068932172952,7005,5005,80.73138834650187,57.68174142387465
ROSILHA-M-D_006_jpg.rf.4bf38cf5314617b13c7c11445fe40b04_r2c1.jpg,TP,8,16,0.6517857142857143,4088,3312,47.11347830985006,38.1702153038707
ROSILHA-M-D_006_jpg.rf.4bf38cf5314617b13c7c11445fe40b04_r2c1.jpg,TP,24,17,0.6022427440633246,913,1516,10.522163820179331,17.471632367351443
ROSILHA-M-D_006_jpg.rf.4bf38cf5314617b13c7c11445fe40b04_r2c1.jpg,FP,2,-1,0.0,0,3202,0.0,36.9024847231262
ROSILHA-M-D_006_jpg.rf.4bf38cf5314617b13c7c11445fe40b04_r2c1.jpg,FP,10,-1,0.0,0,2757,0.0,31.773938282841637
ROSILHA-M-D_006_jpg.rf.4bf38cf5314617b13c7c11445fe40b04_r2c1.jpg,FP,20,-1,0.0,0,1622,0.0,18.693263654250686
ROSILHA-M-D_006_jpg.rf.4bf38cf5314617b13c7c11445fe40b04_r2c1.jpg,FP,25,-1,0.0,0,1100,0.0,12.677305807444977
ROSILHA-M-D_006_jpg.rf.4bf38cf5314617b13c7c11445fe40b04_r2c1.jpg,FP,26,-1,0.0,0,3269,0.0,37.67464789503421
ROSILHA-M-D_006_jpg.rf.4bf38cf5314617b13c7c11445fe40b04_r2c1.jpg,FP,27,-1,0.0,0,1977,0.0,22.784575983017017
ROSILHA-M-D_006_jpg.rf.4bf38cf5314617b13c7c11445fe40b04_r2c1.jpg,FP,28,-1,0.0,0,1150,0.0,13.253546980510658
ROSILHA-M-D_006_jpg.rf.4bf38cf5314617b13c7c11445fe40b04_r2c1.jpg,FN,-1,6,0.0,4754,0,54.78901073508493,0.0
ROSILHA-M-D_006_jpg.rf.4bf38cf5314617b13c7c11445fe40b04_r2c1.jpg,FN,-1,7,0.0,3857,0,44.451244090286615,0.0
ROSILHA-M-D_006_jpg.rf.4bf38cf5314617b13c7c11445fe40b04_r2c1.jpg,FN,-1,18,0.0,7588,0,87.45036042444772,0.0
ROSILHA-M-D_006_jpg.rf.4bf38cf5314617b13c7c11445fe40b04_r2c1.jpg,FN,-1,25,0.0,933,0,10.752660289405604,0.0
ROSILHA-M-D_006_jpg.rf.4bf38cf5314617b13c7c11445fe40b04_r2c2.jpg,TP,8,6,0.9266365688487584,5840,6109,67.30496901407152,70.40514652516488
ROSILHA-M-D_006_jpg.rf.4bf38cf5314617b13c7c11445fe40b04_r2c2.jpg,TP,1,20,0.9180927307298523,6366,6748,73.36702615472248,77.76950871694427
ROSILHA-M-D_006_jpg.rf.4bf38cf5314617b13c7c11445fe40b04_r2c2.jpg,TP,14,5,0.9068366985476444,2610,2773,30.07978923402854,31.958335458222656
ROSILHA-M-D_006_jpg.rf.4bf38cf5314617b13c7c11445fe40b04_r2c2.jpg,TP,15,2,0.9008899676375405,2451,2248,28.247342303679673,25.907803141033007
ROSILHA-M-D_006_jpg.rf.4bf38cf5314617b13c7c11445fe40b04_r2c2.jpg,TP,3,7,0.8974552025297395,6013,6588,69.29876347287878,75.9255369631341
ROSILHA-M-D_006_jpg.rf.4bf38cf5314617b13c7c11445fe40b04_r2c2.jpg,TP,11,15,0.8939987365761213,14591,15391,168.15869912402698,177.37855789307787
ROSILHA-M-D_006_jpg.rf.4bf38cf5314617b13c7c11445fe40b04_r2c2.jpg,TP,6,8,0.8911798396334479,2353,2600,27.11790960447094,29.9645409994154
ROSILHA-M-D_006_jpg.rf.4bf38cf5314617b13c7c11445fe40b04_r2c2.jpg,TP,0,3,0.8887777555511103,4485,4957,51.688833223991566,57.128549897731595
ROSILHA-M-D_006_jpg.rf.4bf38cf5314617b13c7c11445fe40b04_r2c2.jpg,TP,7,17,0.8806767586821015,2031,2193,23.406916449927955,25.273937850660758
ROSILHA-M-D_006_jpg.rf.4bf38cf5314617b13c7c11445fe40b04_r2c2.jpg,TP,4,13,0.8761023565129391,6148,6829,70.85461464015611,78.70301941731068
ROSILHA-M-D_006_jpg.rf.4bf38cf5314617b13c7c11445fe40b04_r2c2.jpg,TP,2,18,0.8754875487548754,3017,3234,34.77039238278318,37.27127907388823
ROSILHA-M-D_006_jpg.rf.4bf38cf5314617b13c7c11445fe40b04_r2c2.jpg,TP,9,11,0.8751991502920871,3326,3736,38.331562832329084,43.05674045146767
ROSILHA-M-D_006_jpg.rf.4bf38cf5314617b13c7c11445fe40b04_r2c2.jpg,TP,5,0,0.8739965095986039,2837,2532,32.69592415974673,29.180853004046075
ROSILHA-M-D_006_jpg.rf.4bf38cf5314617b13c7c11445fe40b04_r2c2.jpg,TP,19,9,0.8708586883029074,1343,1424,15.477837908544187,16.41134860891059
ROSILHA-M-D_006_jpg.rf.4bf38cf5314617b13c7c11445fe40b04_r2c2.jpg,TP,17,16,0.8661971830985915,1381,1534,15.915781200074104,17.679079189655088
ROSILHA-M-D_006_jpg.rf.4bf38cf5314617b13c7c11445fe40b04_r2c2.jpg,TP,21,21,0.8569604086845466,1407,1501,16.215426610068256,17.298760015431736
ROSILHA-M-D_006_jpg.rf.4bf38cf5314617b13c7c11445fe40b04_r2c2.jpg,TP,12,10,0.8486334968465312,2442,2834,28.14361889252785,32.66134968936279
ROSILHA-M-D_006_jpg.rf.4bf38cf5314617b13c7c11445fe40b04_r2c2.jpg,TP,13,1,0.8465712876171683,1738,2005,20.030143175763065,23.1072710399338
ROSILHA-M-D_006_jpg.rf.4bf38cf5314617b13c7c11445fe40b04_r2c2.jpg,TP,18,19,0.8111630542569769,5862,6923,67.55851513022041,79.78635282267416
ROSILHA-M-D_006_jpg.rf.4bf38cf5314617b13c7c11445fe40b04_r2c2.jpg,TP,10,12,0.8026016260162602,2476,3067,28.535462890212514,35.34663355584886
ROSILHA-M-D_006_jpg.rf.4bf38cf5314617b13c7c11445fe40b04_r2c2.jpg,TP,22,4,0.7723772858517806,1667,2016,19.211880710009797,23.234044098008248
ROSILHA-M-D_006_jpg.rf.4bf38cf5314617b13c7c11445fe40b04_r2c2.jpg,TP,20,22,0.7687265917602997,843,1046,9.715426177887379,12.054965340534043
ROSILHA-M-D_006_jpg.rf.4bf38cf5314617b13c7c11445fe40b04_r2c2.jpg,TP,16,14,0.6489221293444787,1475,2273,16.999114605437583,26.195923727565848
ROSILHA-M-D_006_jpg.rf.4bf38cf5314617b13c7c11445fe40b04_r2c2.jpg,FP,23,-1,0.0,0,5042,0.0,58.10815989194325
ROSILHA-M-D_011_jpg.rf.3a2fb2d36de8bcc90049d66dd562a41c_r0c0.jpg,TP,0,4,0.9118802160039273,11175,12192,128.78990218017967,140.5106476403356
ROSILHA-M-D_011_jpg.rf.3a2fb2d36de8bcc90049d66dd562a41c_r0c0.jpg,TP,5,1,0.8882586500283608,1621,1708,18.68173883078937,19.684398471923657
ROSILHA-M-D_011_jpg.rf.3a2fb2d36de8bcc90049d66dd562a41c_r0c0.jpg,TP,2,8,0.8874651103780766,7077,7800,81.56117563571645,89.8936229982462
ROSILHA-M-D_011_jpg.rf.3a2fb2d36de8bcc90049d66dd562a41c_r0c0.jpg,TP,4,2,0.8834778174400816,3530,3857,40.682626818437065,44.451244090286615
ROSILHA-M-D_011_jpg.rf.3a2fb2d36de8bcc90049d66dd562a41c_r0c0.jpg,TP,1,5,0.8450184501845018,3221,3779,37.12145636889116,43.552307860304154
ROSILHA-M-D_011_jpg.rf.3a2fb2d36de8bcc90049d66dd562a41c_r0c0.jpg,TP,7,0,0.8445205479452055,1240,1453,14.290781092028883,16.745568489288683
ROSILHA-M-D_011_jpg.rf.3a2fb2d36de8bcc90049d66dd562a41c_r0c0.jpg,TP,8,3,0.8432671081677704,1167,1338,13.44946897935299,15.420213791237618
ROSILHA-M-D_011_jpg.rf.3a2fb2d36de8bcc90049d66dd562a41c_r0c0.jpg,TP,3,7,0.7996570448699628,2805,3492,32.327129808984694,40.244683526907146
ROSILHA-M-D_011_jpg.rf.3a2fb2d36de8bcc90049d66dd562a41c_r0c0.jpg,TP,6,6,0.770739064856712,1033,1315,11.905142635536965,15.155142851627405
ROSILHA-M-D_011_jpg.rf.3a2fb2d36de8bcc90049d66dd562a41c_r0c1.jpg,TP,1,26,0.9136386016740522,9427,10006,108.64451076980346,115.31738355390404
ROSILHA-M-D_011_jpg.rf.3a2fb2d36de8bcc90049d66dd562a41c_r0c1.jpg,TP,5,15,0.9029503105590062,5853,6402,67.4547917190686,73.78191979932977
ROSILHA-M-D_011_jpg.rf.3a2fb2d36de8bcc90049d66dd562a41c_r0c1.jpg,TP,13,12,0.8927381745502998,2721,2961,31.359044638234348,34.125002268949615
ROSILHA-M-D_011_jpg.rf.3a2fb2d36de8bcc90049d66dd562a41c_r0c1.jpg,TP,15,0,0.8918106686701728,2387,2649,27.5097536021556,30.52925734901977
ROSILHA-M-D_011_jpg.rf.3a2fb2d36de8bcc90049d66dd562a41c_r0c1.jpg,TP,11,24,0.8851022395326192,3637,4107,41.91578292879762,47.33244995561502
ROSILHA-M-D_011_jpg.rf.3a2fb2d36de8bcc90049d66dd562a41c_r0c1.jpg,TP,0,4,0.8822108124433706,20768,22856,239.34753364456117,263.411365031784
ROSILHA-M-D_011_jpg.rf.3a2fb2d36de8bcc90049d66dd562a41c_r0c1.jpg,TP,25,3,0.8773209549071618,1385,1446,15.961880493919358,16.66489472505949
ROSILHA-M-D_011_jpg.rf.3a2fb2d36de8bcc90049d66dd562a41c_r0c1.jpg,TP,8,35,0.8761919409412489,5754,6445,66.31383419639855,74.27748720816625
ROSILHA-M-D_011_jpg.rf.3a2fb2d36de8bcc90049d66dd562a41c_r0c1.jpg,TP,14,6,0.8760022909507446,3068,3483,35.358158379310176,40.14096011575533
ROSILHA-M-D_011_jpg.rf.3a2fb2d36de8bcc90049d66dd562a41c_r0c1.jpg,TP,21,38,0.8747877758913413,2089,2328,24.075356210684145,26.829789017938097
ROSILHA-M-D_011_jpg.rf.3a2fb2d36de8bcc90049d66dd562a41c_r0c1.jpg,TP,9,37,0.8692695214105793,3473,3948,40.025711881142186,45.50000302526615
ROSILHA-M-D_011_jpg.rf.3a2fb2d36de8bcc90049d66dd562a41c_r0c1.jpg,TP,4,29,0.869239250275634,3944,4533,45.4539037314209,52.24202475013462
ROSILHA-M-D_011_jpg.rf.3a2fb2d36de8bcc90049d66dd562a41c_r0c1.jpg,TP,2,9,0.8641484426772698,6539,7526,75.36082061352974,86.73582136984628
ROSILHA-M-D_011_jpg.rf.3a2fb2d36de8bcc90049d66dd562a41c_r0c1.jpg,TP,17,28,0.8596161083929243,2313,2628,26.656916666018393,30.287236056332183
ROSILHA-M-D_011_jpg.rf.3a2fb2d36de8bcc90049d66dd562a41c_r0c1.jpg,TP,18,11,0.8495432563138098,1604,1838,18.48581683194704,21.182625521894426
ROSILHA-M-D_011_jpg.rf.3a2fb2d36de8bcc90049d66dd562a41c_r0c1.jpg,TP,10,16,0.8442437923250564,3376,3977,38.907804005394766,45.83422290564425
ROSILHA-M-D_011_jpg.rf.3a2fb2d36de8bcc90049d66dd562a41c_r0c1.jpg,TP,12,32,0.8439913500154465,2764,3205,31.854612047070834,36.93705919351014
ROSILHA-M-D_011_jpg.rf.3a2fb2d36de8bcc90049d66dd562a41c_r0c1.jpg,TP,7,36,0.8391541172701057,2620,3120,30.195037468641672,35.95744919929848
ROSILHA-M-D_011_jpg.rf.3a2fb2d36de8bcc90049d66dd562a41c_r0c1.jpg,TP,6,8,0.8290441176470589,3161,3804,36.42996696121234,43.840428446836995
ROSILHA-M-D_011_jpg.rf.3a2fb2d36de8bcc90049d66dd562a41c_r0c1.jpg,TP,19,18,0.8197520829099777,4138,4817,47.68971948291574,55.51507461314769
ROSILHA-M-D_011_jpg.rf.3a2fb2d36de8bcc90049d66dd562a41c_r0c1.jpg,TP,20,31,0.8073089700996677,2193,2703,25.273937850660758,31.151597815930703
ROSILHA-M-D_011_jpg.rf.3a2fb2d36de8bcc90049d66dd562a41c_r0c1.jpg,TP,31,19,0.7853457172342622,780,950,8.98936229982462,10.948582288247936
ROSILHA-M-D_011_jpg.rf.3a2fb2d36de8bcc90049d66dd562a41c_r0c1.jpg,TP,24,14,0.7810060711188205,1803,2304,20.779256700748448,26.55319325486657
ROSILHA-M-D_011_jpg.rf.3a2fb2d36de8bcc90049d66dd562a41c_r0c1.jpg,TP,23,25,0.7722984562607204,1807,2326,20.825355994593703,26.80673937101547
ROSILHA-M-D_011_jpg.rf.3a2fb2d36de8bcc90049d66dd562a41c_r0c1.jpg,TP,29,30,0.7713402858246428,2482,2104,28.604611830980396,24.24822856260385
ROSILHA-M-D_011_jpg.rf.3a2fb2d36de8bcc90049d66dd562a41c_r0c1.jpg,TP,22,33,0.7617206379893668,1605,2040,18.497341655408352,23.510639861079778
ROSILHA-M-D_011_jpg.rf.3a2fb2d36de8bcc90049d66dd562a41c_r0c1.jpg,TP,36,20,0.7584215591915303,801,1026,9.231383592512206,11.82446887130777
ROSILHA-M-D_011_jpg.rf.3a2fb2d36de8bcc90049d66dd562a41c_r0c1.jpg,TP,34,7,0.7474489795918368,616,754,7.099291252169188,8.689716889830466
ROSILHA-M-D_011_jpg.rf.3a2fb2d36de8bcc90049d66dd562a41c_r0c1.jpg,TP,27,1,0.7382053654024052,802,1077,9.24290841597352,12.412234867834764
ROSILHA-M-D_011_jpg.rf.3a2fb2d36de8bcc90049d66dd562a41c_r0c1.jpg,TP,26,39,0.7309926082365364,2790,3767,32.154257457064986,43.41400997876839
ROSILHA-M-D_011_jpg.rf.3a2fb2d36de8bcc90049d66dd562a41c_r0c1.jpg,TP,28,10,0.7216610549943884,1286,1782,14.82092297124931,20.537235408060862
ROSILHA-M-D_011_jpg.rf.3a2fb2d36de8bcc90049d66dd562a41c_r0c1.jpg,TP,33,23,0.7182497331910352,716,894,8.251773598300549,10.303192174414372
ROSILHA-M-D_011_jpg.rf.3a2fb2d36de8bcc90049d66dd562a41c_r0c1.jpg,TP,16,27,0.700960219478738,2044,2916,23.55673915492503,33.60638521319051
ROSILHA-M-D_011_jpg.rf.3a2fb2d36de8bcc90049d66dd562a41c_r0c1.jpg,TP,30,21,0.6966463414634146,1828,2624,21.06737728728129,30.241136762486928
ROSILHA-M-D_011_jpg.rf.3a2fb2d36de8bcc90049d66dd562a41c_r0c1.jpg,TP,37,5,0.6358839050131926,723,1137,8.332447362529745,13.103724275513581
ROSILHA-M-D_011_jpg.rf.3a2fb2d36de8bcc90049d66dd562a41c_r0c1.jpg,TP,3,13,0.5980820153152508,13319,9011,153.49912368123606,103.850184209897
ROSILHA-M-D_011_jpg.rf.3a2fb2d36de8bcc90049d66dd562a41c_r0c1.jpg,FP,32,-1,0.0,0,1042,0.0,12.008866046688787
ROSILHA-M-D_011_jpg.rf.3a2fb2d36de8bcc90049d66dd562a41c_r0c1.jpg,FP,35,-1,0.0,0,1846,0.0,21.274824109584934
ROSILHA-M-D_011_jpg.rf.3a2fb2d36de8bcc90049d66dd562a41c_r0c1.jpg,FP,38,-1,0.0,0,1545,0.0,17.805852247729536
ROSILHA-M-D_011_jpg.rf.3a2fb2d36de8bcc90049d66dd562a41c_r0c1.jpg,FN,-1,2,0.0,406,0,4.679078325293328,0.0
ROSILHA-M-D_011_jpg.rf.3a2fb2d36de8bcc90049d66dd562a41c_r0c1.jpg,FN,-1,17,0.0,3152,0,36.32624355006052,0.0
ROSILHA-M-D_011_jpg.rf.3a2fb2d36de8bcc90049d66dd562a41c_r0c1.jpg,FN,-1,22,0.0,1088,0,12.539007925909214,0.0
ROSILHA-M-D_011_jpg.rf.3a2fb2d36de8bcc90049d66dd562a41c_r0c1.jpg,FN,-1,34,0.0,1174,0,13.530142743582186,0.0
ROSILHA-M-D_011_jpg.rf.3a2fb2d36de8bcc90049d66dd562a41c_r0c1.jpg,FN,-1,40,0.0,665,0,7.664007601773554,0.0
ROSILHA-M-D_011_jpg.rf.3a2fb2d36de8bcc90049d66dd562a41c_r0c1.jpg,FN,-1,41,0.0,697,0,8.032801952535591,0.0
ROSILHA-M-D_011_jpg.rf.3a2fb2d36de8bcc90049d66dd562a41c_r0c1.jpg,FN,-1,42,0.0,1024,0,11.801419224385143,0.0
ROSILHA-M-D_011_jpg.rf.3a2fb2d36de8bcc90049d66dd562a41c_r0c2.jpg,TP,2,8,0.9158080659405358,3237,3271,37.305853544272175,37.697697541956835
ROSILHA-M-D_011_jpg.rf.3a2fb2d36de8bcc90049d66dd562a41c_r0c2.jpg,TP,5,5,0.8900108186080058,2472,2769,28.48936359636726,31.9122361643774
ROSILHA-M-D_011_jpg.rf.3a2fb2d36de8bcc90049d66dd562a41c_r0c2.jpg,TP,7,2,0.8813209494324046,10289,11587,118.5789085934558,133.53812944624087
ROSILHA-M-D_011_jpg.rf.3a2fb2d36de8bcc90049d66dd562a41c_r0c2.jpg,TP,0,9,0.8698566805362922,3788,4301,43.65603127145598,49.56826570710986
ROSILHA-M-D_011_jpg.rf.3a2fb2d36de8bcc90049d66dd562a41c_r0c2.jpg,TP,1,7,0.8565330803889021,3647,4182,42.03103116341076,48.19681171521354
ROSILHA-M-D_011_jpg.rf.3a2fb2d36de8bcc90049d66dd562a41c_r0c2.jpg,TP,3,4,0.8218157181571816,2445,2933,28.17819336291179,33.80230721203284
ROSILHA-M-D_011_jpg.rf.3a2fb2d36de8bcc90049d66dd562a41c_r0c2.jpg,TP,6,1,0.7966215086134805,10931,10553,125.97784525561913,121.62146198724258
ROSILHA-M-D_011_jpg.rf.3a2fb2d36de8bcc90049d66dd562a41c_r0c2.jpg,TP,9,11,0.7385496183206107,1378,1355,15.881206729690163,15.61613579007995
ROSILHA-M-D_011_jpg.rf.3a2fb2d36de8bcc90049d66dd562a41c_r0c2.jpg,TP,4,3,0.6809759110562076,2205,3238,25.41223573219652,37.31737836773349
ROSILHA-M-D_011_jpg.rf.3a2fb2d36de8bcc90049d66dd562a41c_r0c2.jpg,TP,8,6,0.6515242080095637,1090,1673,12.562057572831842,19.28102965077768
ROSILHA-M-D_011_jpg.rf.3a2fb2d36de8bcc90049d66dd562a41c_r0c2.jpg,FN,-1,0,0.0,7047,0,81.21543093187705,0.0
ROSILHA-M-D_011_jpg.rf.3a2fb2d36de8bcc90049d66dd562a41c_r0c2.jpg,FN,-1,10,0.0,776,0,8.943263005979366,0.0
ROSILHA-M-D_011_jpg.rf.3a2fb2d36de8bcc90049d66dd562a41c_r1c0.jpg,TP,10,18,0.9406792684800983,6258,6370,72.12234522090061,73.41312544856773
ROSILHA-M-D_011_jpg.rf.3a2fb2d36de8bcc90049d66dd562a41c_r1c0.jpg,TP,1,6,0.9214223002633889,6633,6498,76.44415401889322,74.88830285161588
ROSILHA-M-D_011_jpg.rf.3a2fb2d36de8bcc90049d66dd562a41c_r1c0.jpg,TP,25,3,0.907088122605364,1897,2085,21.86259010611193,24.02925691683889
ROSILHA-M-D_011_jpg.rf.3a2fb2d36de8bcc90049d66dd562a41c_r1c0.jpg,TP,3,16,0.9028941957931361,5723,6309,65.95656466909783,72.7101112174276
ROSILHA-M-D_011_jpg.rf.3a2fb2d36de8bcc90049d66dd562a41c_r1c0.jpg,TP,4,20,0.9019906561040016,8939,9788,103.02039692068242,112.80497203933767
ROSILHA-M-D_011_jpg.rf.3a2fb2d36de8bcc90049d66dd562a41c_r1c0.jpg,TP,0,0,0.9013364131331464,5549,5975,63.95124538682926,68.86082018134886
ROSILHA-M-D_011_jpg.rf.3a2fb2d36de8bcc90049d66dd562a41c_r1c0.jpg,TP,20,24,0.8993231810490694,2227,2263,25.66578184834542,26.08067549295271
ROSILHA-M-D_011_jpg.rf.3a2fb2d36de8bcc90049d66dd562a41c_r1c0.jpg,TP,7,34,0.8911932672076947,3010,3282,34.68971861855398,37.82447060003129
ROSILHA-M-D_011_jpg.rf.3a2fb2d36de8bcc90049d66dd562a41c_r1c0.jpg,TP,5,7,0.889697322467986,3156,3337,36.37234284390577,38.45833589040354
ROSILHA-M-D_011_jpg.rf.3a2fb2d36de8bcc90049d66dd562a41c_r1c0.jpg,TP,15,19,0.8727298324651556,7007,6295,80.7544379934245,72.54876368896922
ROSILHA-M-D_011_jpg.rf.3a2fb2d36de8bcc90049d66dd562a41c_r1c0.jpg,TP,16,9,0.8705329793751276,4278,4882,49.30319476749965,56.26418813813307
ROSILHA-M-D_011_jpg.rf.3a2fb2d36de8bcc90049d66dd562a41c_r1c0.jpg,TP,22,5,0.8674373795761079,2254,2592,25.97695208180089,29.872342411724894
ROSILHA-M-D_011_jpg.rf.3a2fb2d36de8bcc90049d66dd562a41c_r1c0.jpg,TP,8,23,0.8657314629258517,3898,4481,44.92376185220047,51.64273393014631
ROSILHA-M-D_011_jpg.rf.3a2fb2d36de8bcc90049d66dd562a41c_r1c0.jpg,TP,11,30,0.8587417985333848,2304,2512,26.55319325486657,28.950356534819804
ROSILHA-M-D_011_jpg.rf.3a2fb2d36de8bcc90049d66dd562a41c_r1c0.jpg,TP,6,28,0.8408594319009468,2316,2739,26.691491136402334,31.566491460537993
ROSILHA-M-D_011_jpg.rf.3a2fb2d36de8bcc90049d66dd562a41c_r1c0.jpg,TP,31,10,0.839405560882071,1854,1983,21.367022697275445,22.8537249237849
ROSILHA-M-D_011_jpg.rf.3a2fb2d36de8bcc90049d66dd562a41c_r1c0.jpg,TP,33,21,0.8285714285714286,975,1073,11.236702874780775,12.36613557398951
ROSILHA-M-D_011_jpg.rf.3a2fb2d36de8bcc90049d66dd562a41c_r1c0.jpg,TP,21,26,0.8275280898876405,1482,1771,17.07978836966678,20.410462349986414
ROSILHA-M-D_011_jpg.rf.3a2fb2d36de8bcc90049d66dd562a41c_r1c0.jpg,TP,37,4,0.8201834862385321,521,471,6.004433023344394,5.428191850278713
ROSILHA-M-D_011_jpg.rf.3a2fb2d36de8bcc90049d66dd562a41c_r1c0.jpg,TP,2,29,0.8122222222222222,2198,2695,25.33156196796733,31.059399228240196
ROSILHA-M-D_011_jpg.rf.3a2fb2d36de8bcc90049d66dd562a41c_r1c0.jpg,TP,23,8,0.8109597924773022,2522,3063,29.065604769432937,35.3005342620036
ROSILHA-M-D_011_jpg.rf.3a2fb2d36de8bcc90049d66dd562a41c_r1c0.jpg,TP,17,27,0.8088518280949326,1275,1545,14.69414991317486,17.805852247729536
ROSILHA-M-D_011_jpg.rf.3a2fb2d36de8bcc90049d66dd562a41c_r1c0.jpg,TP,13,17,0.7968941561095219,1952,2445,22.49645539648418,28.17819336291179
ROSILHA-M-D_011_jpg.rf.3a2fb2d36de8bcc90049d66dd562a41c_r1c0.jpg,TP,19,25,0.7850374064837905,1575,2004,18.151596951568944,23.095746216472484
ROSILHA-M-D_011_jpg.rf.3a2fb2d36de8bcc90049d66dd562a41c_r1c0.jpg,TP,12,33,0.7819965870307167,1833,2344,21.12500140458786,27.014186193319116
ROSILHA-M-D_011_jpg.rf.3a2fb2d36de8bcc90049d66dd562a41c_r1c0.jpg,TP,18,1,0.7638962413975648,1461,1871,16.837767076979194,21.562944696117775
ROSILHA-M-D_011_jpg.rf.3a2fb2d36de8bcc90049d66dd562a41c_r1c0.jpg,TP,28,13,0.7569048162519972,9948,13143,114.64894379314785,151.47075475204485
ROSILHA-M-D_011_jpg.rf.3a2fb2d36de8bcc90049d66dd562a41c_r1c0.jpg,TP,14,31,0.7523575235752358,1835,2439,21.148051051510485,28.10904442214391
ROSILHA-M-D_011_jpg.rf.3a2fb2d36de8bcc90049d66dd562a41c_r1c0.jpg,TP,29,32,0.7414155571128241,1060,1425,12.216312868992432,16.4228734323719
ROSILHA-M-D_011_jpg.rf.3a2fb2d36de8bcc90049d66dd562a41c_r1c0.jpg,TP,26,2,0.7274074074074074,2476,3354,28.535462890212514,38.65425788924587
ROSILHA-M-D_011_jpg.rf.3a2fb2d36de8bcc90049d66dd562a41c_r1c0.jpg,TP,34,36,0.7001656543346217,1633,1446,18.820036712325134,16.66489472505949
ROSILHA-M-D_011_jpg.rf.3a2fb2d36de8bcc90049d66dd562a41c_r1c0.jpg,TP,9,11,0.5947661152310325,12916,9449,148.85461982632665,108.89805688595236
ROSILHA-M-D_011_jpg.rf.3a2fb2d36de8bcc90049d66dd562a41c_r1c0.jpg,FP,24,-1,0.0,0,4137,0.0,47.67819465945443
ROSILHA-M-D_011_jpg.rf.3a2fb2d36de8bcc90049d66dd562a41c_r1c0.jpg,FP,27,-1,0.0,0,3431,0.0,39.541669295767015
ROSILHA-M-D_011_jpg.rf.3a2fb2d36de8bcc90049d66dd562a41c_r1c0.jpg,FP,30,-1,0.0,0,3374,0.0,38.88475435847214
ROSILHA-M-D_011_jpg.rf.3a2fb2d36de8bcc90049d66dd562a41c_r1c0.jpg,FP,32,-1,0.0,0,1191,0.0,13.726064742424516
ROSILHA-M-D_011_jpg.rf.3a2fb2d36de8bcc90049d66dd562a41c_r1c0.jpg,FP,35,-1,0.0,0,3220,0.0,37.109931545429845
ROSILHA-M-D_011_jpg.rf.3a2fb2d36de8bcc90049d66dd562a41c_r1c0.jpg,FP,36,-1,0.0,0,484,0.0,5.57801455527579
ROSILHA-M-D_011_jpg.rf.3a2fb2d36de8bcc90049d66dd562a41c_r1c0.jpg,FN,-1,12,0.0,5094,0,58.70745071193156,0.0
ROSILHA-M-D_011_jpg.rf.3a2fb2d36de8bcc90049d66dd562a41c_r1c0.jpg,FN,-1,14,0.0,2267,0,26.126774786797966,0.0
ROSILHA-M-D_011_jpg.rf.3a2fb2d36de8bcc90049d66dd562a41c_r1c0.jpg,FN,-1,15,0.0,2378,0,27.40603019100378,0.0
ROSILHA-M-D_011_jpg.rf.3a2fb2d36de8bcc90049d66dd562a41c_r1c0.jpg,FN,-1,22,0.0,7865,0,90.64273652323159,0.0
ROSILHA-M-D_011_jpg.rf.3a2fb2d36de8bcc90049d66dd562a41c_r1c0.jpg,FN,-1,35,0.0,5840,0,67.30496901407152,0.0
ROSILHA-M-D_011_jpg.rf.3a2fb2d36de8bcc90049d66dd562a41c_r1c0.jpg,FN,-1,37,0.0,2148,0,24.755320794901646,0.0
ROSILHA-M-D_011_jpg.rf.3a2fb2d36de8bcc90049d66dd562a41c_r1c1.jpg,TP,0,10,0.9042500413428146,16472,18073,189.83689205475787,208.288134416321
ROSILHA-M-D_011_jpg.rf.3a2fb2d36de8bcc90049d66dd562a41c_r1c1.jpg,TP,10,28,0.9025974025974026,2548,2726,29.365250179427093,31.41666875554092
ROSILHA-M-D_011_jpg.rf.3a2fb2d36de8bcc90049d66dd562a41c_r1c1.jpg,TP,11,13,0.8918331026300178,4513,5054,52.01152828090835,58.246457773479015
ROSILHA-M-D_011_jpg.rf.3a2fb2d36de8bcc90049d66dd562a41c_r1c1.jpg,TP,14,14,0.8879918242207461,8713,9761,100.41578681842553,112.4938018058822
ROSILHA-M-D_011_jpg.rf.3a2fb2d36de8bcc90049d66dd562a41c_r1c1.jpg,TP,7,7,0.8878769958604376,7513,8449,86.5859986648492,97.37323342463874
ROSILHA-M-D_011_jpg.rf.3a2fb2d36de8bcc90049d66dd562a41c_r1c1.jpg,TP,20,17,0.8765512736773351,1343,1530,15.477837908544187,17.632979895809832
ROSILHA-M-D_011_jpg.rf.3a2fb2d36de8bcc90049d66dd562a41c_r1c1.jpg,TP,9,27,0.8758372488253524,8953,9811,103.18174444914081,113.07004297894788
ROSILHA-M-D_011_jpg.rf.3a2fb2d36de8bcc90049d66dd562a41c_r1c1.jpg,TP,3,29,0.8711460151250727,2999,3434,34.562945560479534,39.57624376615096
ROSILHA-M-D_011_jpg.rf.3a2fb2d36de8bcc90049d66dd562a41c_r1c1.jpg,TP,35,12,0.8698923642743868,25851,29567,297.92821129841826,340.75445528065967
ROSILHA-M-D_011_jpg.rf.3a2fb2d36de8bcc90049d66dd562a41c_r1c1.jpg,TP,5,2,0.868355575661615,3862,4398,44.50886820759318,50.68617358285728
ROSILHA-M-D_011_jpg.rf.3a2fb2d36de8bcc90049d66dd562a41c_r1c1.jpg,TP,1,9,0.8665515867746647,6526,7531,75.21099790853266,86.79344548715284
ROSILHA-M-D_011_jpg.rf.3a2fb2d36de8bcc90049d66dd562a41c_r1c1.jpg,TP,8,3,0.8600198906016907,3519,3962,40.555853760362616,45.661350553724546
ROSILHA-M-D_011_jpg.rf.3a2fb2d36de8bcc90049d66dd562a41c_r1c1.jpg,TP,31,16,0.8597560975609756,606,614,6.9840430175560515,7.07624160524656
ROSILHA-M-D_011_jpg.rf.3a2fb2d36de8bcc90049d66dd562a41c_r1c1.jpg,TP,15,33,0.858957739175525,3672,3498,42.3191517499436,40.31383246767503
ROSILHA-M-D_011_jpg.rf.3a2fb2d36de8bcc90049d66dd562a41c_r1c1.jpg,TP,16,25,0.8555712270803949,3044,3534,35.08156261623865,40.72872611228232
ROSILHA-M-D_011_jpg.rf.3a2fb2d36de8bcc90049d66dd562a41c_r1c1.jpg,TP,18,15,0.8460463816708578,6155,7059,70.9352884043853,81.35372881341281
ROSILHA-M-D_011_jpg.rf.3a2fb2d36de8bcc90049d66dd562a41c_r1c1.jpg,TP,6,26,0.8319050758075148,3786,4551,43.63298162453335,52.44947157243826
ROSILHA-M-D_011_jpg.rf.3a2fb2d36de8bcc90049d66dd562a41c_r1c1.jpg,TP,21,8,0.8304479742994825,4718,5538,54.37411709047764,63.8244723287548
ROSILHA-M-D_011_jpg.rf.3a2fb2d36de8bcc90049d66dd562a41c_r1c1.jpg,TP,2,6,0.8242320819112628,4830,5860,55.66489731814477,67.53546548329778
ROSILHA-M-D_011_jpg.rf.3a2fb2d36de8bcc90049d66dd562a41c_r1c1.jpg,TP,23,23,0.8235724743777453,1146,1345,13.207447686665404,15.500887555466813
ROSILHA-M-D_011_jpg.rf.3a2fb2d36de8bcc90049d66dd562a41c_r1c1.jpg,TP,29,30,0.8148893360160966,1284,1422,14.797873324326682,16.38829896198796
ROSILHA-M-D_011_jpg.rf.3a2fb2d36de8bcc90049d66dd562a41c_r1c1.jpg,TP,27,24,0.8131939908556499,1405,1371,16.19237696314563,15.800532965460967
ROSILHA-M-D_011_jpg.rf.3a2fb2d36de8bcc90049d66dd562a41c_r1c1.jpg,TP,12,22,0.8077903167091373,2237,2729,25.78103008295856,31.45124322592486
ROSILHA-M-D_011_jpg.rf.3a2fb2d36de8bcc90049d66dd562a41c_r1c1.jpg,TP,32,21,0.8063856960408684,6341,7803,73.07890556818964,89.92819746863015
ROSILHA-M-D_011_jpg.rf.3a2fb2d36de8bcc90049d66dd562a41c_r1c1.jpg,TP,13,19,0.798069397338899,3068,3824,35.358158379310176,44.07092491606327
ROSILHA-M-D_011_jpg.rf.3a2fb2d36de8bcc90049d66dd562a41c_r1c1.jpg,TP,4,4,0.7943532501641497,6049,7615,69.71365711748606,87.76153065790318
ROSILHA-M-D_011_jpg.rf.3a2fb2d36de8bcc90049d66dd562a41c_r1c1.jpg,TP,17,1,0.7894486692015209,1666,2099,19.200355886548483,24.19060444529728
ROSILHA-M-D_011_jpg.rf.3a2fb2d36de8bcc90049d66dd562a41c_r1c1.jpg,TP,24,20,0.7753705815279361,1372,1742,15.812057788922282,20.076242469608317
ROSILHA-M-D_011_jpg.rf.3a2fb2d36de8bcc90049d66dd562a41c_r1c1.jpg,TP,19,11,0.7702909647779479,2515,3265,28.984931005203745,37.62854860118895
ROSILHA-M-D_011_jpg.rf.3a2fb2d36de8bcc90049d66dd562a41c_r1c1.jpg,TP,22,18,0.6737626397019691,1266,1879,14.590426502023037,21.655143283808282
ROSILHA-M-D_011_jpg.rf.3a2fb2d36de8bcc90049d66dd562a41c_r1c1.jpg,TP,25,5,0.6532040926225094,1220,1850,14.06028462280261,21.32092340343019
ROSILHA-M-D_011_jpg.rf.3a2fb2d36de8bcc90049d66dd562a41c_r1c1.jpg,TP,30,31,0.6331626120358514,1504,1047,17.333334485815676,12.066490163995356
ROSILHA-M-D_011_jpg.rf.3a2fb2d36de8bcc90049d66dd562a41c_r1c1.jpg,FP,26,-1,0.0,0,13986,0.0,161.18618092993222
ROSILHA-M-D_011_jpg.rf.3a2fb2d36de8bcc90049d66dd562a41c_r1c1.jpg,FP,28,-1,0.0,0,3923,0.0,45.21188243873331
ROSILHA-M-D_011_jpg.rf.3a2fb2d36de8bcc90049d66dd562a41c_r1c1.jpg,FP,33,-1,0.0,0,13770,0.0,158.69681906228848
ROSILHA-M-D_011_jpg.rf.3a2fb2d36de8bcc90049d66dd562a41c_r1c1.jpg,FP,34,-1,0.0,0,17911,0.0,206.42111301558816
ROSILHA-M-D_011_jpg.rf.3a2fb2d36de8bcc90049d66dd562a41c_r1c1.jpg,FN,-1,0,0.0,345,0,3.9760640941531973,0.0
ROSILHA-M-D_011_jpg.rf.3a2fb2d36de8bcc90049d66dd562a41c_r1c1.jpg,FN,-1,32,0.0,1295,0,14.924646382401132,0.0
ROSILHA-M-D_011_jpg.rf.3a2fb2d36de8bcc90049d66dd562a41c_r1c2.jpg,TP,12,37,0.9265509168942645,9768,9983,112.5744755701114,115.05231261429383
ROSILHA-M-D_011_jpg.rf.3a2fb2d36de8bcc90049d66dd562a41c_r1c2.jpg,TP,2,35,0.922641000269857,10312,11062,118.843979533066,127.48759712905122
ROSILHA-M-D_011_jpg.rf.3a2fb2d36de8bcc90049d66dd562a41c_r1c2.jpg,TP,20,38,0.9098538561713211,6317,6882,72.80230980511811,79.3138350607603
ROSILHA-M-D_011_jpg.rf.3a2fb2d36de8bcc90049d66dd562a41c_r1c2.jpg,TP,3,21,0.9069472156720478,5000,5513,57.62411730656808,63.53635174222197
ROSILHA-M-D_011_jpg.rf.3a2fb2d36de8bcc90049d66dd562a41c_r1c2.jpg,TP,0,19,0.9065063385533184,9839,10614,113.39273803586467,122.32447621838271
ROSILHA-M-D_011_jpg.rf.3a2fb2d36de8bcc90049d66dd562a41c_r1c2.jpg,TP,6,13,0.9024390243902439,4140,4440,47.71276912983837,51.17021616823246
ROSILHA-M-D_011_jpg.rf.3a2fb2d36de8bcc90049d66dd562a41c_r1c2.jpg,TP,1,9,0.9023122026772873,8175,9020,94.2154317962388,103.95390762104881
ROSILHA-M-D_011_jpg.rf.3a2fb2d36de8bcc90049d66dd562a41c_r1c2.jpg,TP,7,11,0.8989459211732356,3948,4339,45.50000302526615,50.00620899863978
ROSILHA-M-D_011_jpg.rf.3a2fb2d36de8bcc90049d66dd562a41c_r1c2.jpg,TP,13,8,0.8875869644818748,2454,2701,28.281916774063614,31.128548169008077
ROSILHA-M-D_011_jpg.rf.3a2fb2d36de8bcc90049d66dd562a41c_r1c2.jpg,TP,9,20,0.8778086882088594,4168,4607,48.03546418675515,53.09486168627183
ROSILHA-M-D_011_jpg.rf.3a2fb2d36de8bcc90049d66dd562a41c_r1c2.jpg,TP,4,34,0.8683807774716865,5677,6531,65.42642278987739,75.26862202583922
ROSILHA-M-D_011_jpg.rf.3a2fb2d36de8bcc90049d66dd562a41c_r1c2.jpg,TP,5,6,0.8614375244810027,8801,10208,101.42997128302113,117.6453978930894
ROSILHA-M-D_011_jpg.rf.3a2fb2d36de8bcc90049d66dd562a41c_r1c2.jpg,TP,23,10,0.8462796402289452,2085,2431,24.02925691683889,28.0168458344534
ROSILHA-M-D_011_jpg.rf.3a2fb2d36de8bcc90049d66dd562a41c_r1c2.jpg,TP,37,18,0.8452982810920121,952,873,10.971631935170562,10.061170881726786
ROSILHA-M-D_011_jpg.rf.3a2fb2d36de8bcc90049d66dd562a41c_r1c2.jpg,TP,17,3,0.8429752066115702,2167,2516,24.974292440666606,28.996455828665056
ROSILHA-M-D_011_jpg.rf.3a2fb2d36de8bcc90049d66dd562a41c_r1c2.jpg,TP,29,30,0.838152210036557,2811,2720,32.396278749752575,31.347519814773037
ROSILHA-M-D_011_jpg.rf.3a2fb2d36de8bcc90049d66dd562a41c_r1c2.jpg,TP,15,4,0.83589001447178,2893,3450,33.34131427358029,39.760640941531975
ROSILHA-M-D_011_jpg.rf.3a2fb2d36de8bcc90049d66dd562a41c_r1c2.jpg,TP,14,23,0.8315226475012536,5325,5633,61.369684931495,64.9193305575796
ROSILHA-M-D_011_jpg.rf.3a2fb2d36de8bcc90049d66dd562a41c_r1c2.jpg,TP,25,1,0.8257768105428606,7704,7397,88.7872399459601,85.24911914333681
ROSILHA-M-D_011_jpg.rf.3a2fb2d36de8bcc90049d66dd562a41c_r1c2.jpg,TP,16,5,0.8227230046948357,4381,5325,50.49025158401495,61.369684931495
ROSILHA-M-D_011_jpg.rf.3a2fb2d36de8bcc90049d66dd562a41c_r1c2.jpg,TP,30,24,0.8190839694656489,1076,1307,12.40071004437345,15.062944263936895
ROSILHA-M-D_011_jpg.rf.3a2fb2d36de8bcc90049d66dd562a41c_r1c2.jpg,TP,8,2,0.817741935483871,7098,8680,81.80319692840405,100.03546764420219
ROSILHA-M-D_011_jpg.rf.3a2fb2d36de8bcc90049d66dd562a41c_r1c2.jpg,TP,28,0,0.8065810593900482,2022,2480,23.303193038776133,28.581562184057766
ROSILHA-M-D_011_jpg.rf.3a2fb2d36de8bcc90049d66dd562a41c_r1c2.jpg,TP,10,33,0.7992778249787595,3763,4708,43.36791068492314,54.258868855864506
ROSILHA-M-D_011_jpg.rf.3a2fb2d36de8bcc90049d66dd562a41c_r1c2.jpg,TP,11,7,0.7954862078573419,2855,3589,32.903370982050376,41.362591402654566
ROSILHA-M-D_011_jpg.rf.3a2fb2d36de8bcc90049d66dd562a41c_r1c2.jpg,TP,26,25,0.7878162106350026,1543,1920,17.78280260080691,22.127661045722142
ROSILHA-M-D_011_jpg.rf.3a2fb2d36de8bcc90049d66dd562a41c_r1c2.jpg,TP,21,22,0.7852680895366997,3028,3831,34.89716544085763,44.15159868029246
ROSILHA-M-D_011_jpg.rf.3a2fb2d36de8bcc90049d66dd562a41c_r1c2.jpg,TP,34,15,0.7736705577172504,1227,1508,14.140958387031807,17.379433779660932
ROSILHA-M-D_011_jpg.rf.3a2fb2d36de8bcc90049d66dd562a41c_r1c2.jpg,TP,22,26,0.7603213151503829,4078,5345,46.998230075236926,61.600181400721276
ROSILHA-M-D_011_jpg.rf.3a2fb2d36de8bcc90049d66dd562a41c_r1c2.jpg,TP,24,14,0.758071367884452,3570,4707,41.143619756889606,54.24734403240319
ROSILHA-M-D_011_jpg.rf.3a2fb2d36de8bcc90049d66dd562a41c_r1c2.jpg,TP,33,31,0.7566585956416465,694,757,7.998227482151649,8.724291360214407
ROSILHA-M-D_011_jpg.rf.3a2fb2d36de8bcc90049d66dd562a41c_r1c2.jpg,TP,18,36,0.7432841468028755,4448,4767,51.26241475592296,54.93883344008201
ROSILHA-M-D_011_jpg.rf.3a2fb2d36de8bcc90049d66dd562a41c_r1c2.jpg,TP,27,29,0.7346609257265877,4181,5488,48.18528689175223,63.248231155689126
ROSILHA-M-D_011_jpg.rf.3a2fb2d36de8bcc90049d66dd562a41c_r1c2.jpg,TP,35,17,0.7280701754385965,996,1368,11.47872416746836,15.765958495077026
ROSILHA-M-D_011_jpg.rf.3a2fb2d36de8bcc90049d66dd562a41c_r1c2.jpg,TP,32,32,0.687875150060024,1176,1636,13.553192390504812,18.854611182709075
ROSILHA-M-D_011_jpg.rf.3a2fb2d36de8bcc90049d66dd562a41c_r1c2.jpg,TP,19,12,0.6553245116572148,4712,3169,54.30496814970976,36.52216554890285
ROSILHA-M-D_011_jpg.rf.3a2fb2d36de8bcc90049d66dd562a41c_r1c2.jpg,TP,38,16,0.5785776997366111,984,814,11.340426285932597,9.381206297509284
ROSILHA-M-D_011_jpg.rf.3a2fb2d36de8bcc90049d66dd562a41c_r1c2.jpg,FP,31,-1,0.0,0,3510,0.0,40.45213034921079
ROSILHA-M-D_011_jpg.rf.3a2fb2d36de8bcc90049d66dd562a41c_r1c2.jpg,FP,36,-1,0.0,0,465,0.0,5.359042909510832
ROSILHA-M-D_011_jpg.rf.3a2fb2d36de8bcc90049d66dd562a41c_r1c2.jpg,FP,39,-1,0.0,0,2664,0.0,30.702129700939473
ROSILHA-M-D_011_jpg.rf.3a2fb2d36de8bcc90049d66dd562a41c_r1c2.jpg,FN,-1,27,0.0,1323,0,15.247341439317914,0.0
ROSILHA-M-D_011_jpg.rf.3a2fb2d36de8bcc90049d66dd562a41c_r1c2.jpg,FN,-1,28,0.0,2187,0,25.204788909892876,0.0
ROSILHA-M-D_011_jpg.rf.3a2fb2d36de8bcc90049d66dd562a41c_r1c2.jpg,FN,-1,39,0.0,1076,0,12.40071004437345,0.0
ROSILHA-M-D_011_jpg.rf.3a2fb2d36de8bcc90049d66dd562a41c_r1c2.jpg,FN,-1,40,0.0,499,0,5.750886907195494,0.0
ROSILHA-M-D_011_jpg.rf.3a2fb2d36de8bcc90049d66dd562a41c_r2c0.jpg,TP,4,15,0.9293023255813954,4036,4260,46.514187489861754,49.095747945196
ROSILHA-M-D_011_jpg.rf.3a2fb2d36de8bcc90049d66dd562a41c_r2c0.jpg,TP,22,7,0.8993589743589744,1412,1551,16.273050727374827,17.875001188497418
ROSILHA-M-D_011_jpg.rf.3a2fb2d36de8bcc90049d66dd562a41c_r2c0.jpg,TP,6,9,0.8844703462461433,2607,2890,30.045214763644598,33.30673980319635
ROSILHA-M-D_011_jpg.rf.3a2fb2d36de8bcc90049d66dd562a41c_r2c0.jpg,TP,12,3,0.855746859004188,3693,4283,42.56117304263118,49.360818884806214
ROSILHA-M-D_011_jpg.rf.3a2fb2d36de8bcc90049d66dd562a41c_r2c0.jpg,TP,5,24,0.8502948841036895,12551,14430,144.64805926294719,166.30320254675547
ROSILHA-M-D_011_jpg.rf.3a2fb2d36de8bcc90049d66dd562a41c_r2c0.jpg,TP,9,14,0.8487698986975398,2352,2758,27.106384781009623,31.785463106302952
ROSILHA-M-D_011_jpg.rf.3a2fb2d36de8bcc90049d66dd562a41c_r2c0.jpg,TP,0,20,0.8464041653107712,5203,6145,59.96365646921474,70.82004016977217
ROSILHA-M-D_011_jpg.rf.3a2fb2d36de8bcc90049d66dd562a41c_r2c0.jpg,TP,16,4,0.8460281137626675,2703,2944,31.151597815930703,33.929080270107285
ROSILHA-M-D_011_jpg.rf.3a2fb2d36de8bcc90049d66dd562a41c_r2c0.jpg,TP,13,10,0.8430268918073797,1359,1588,15.662235083925204,18.301419656566022
ROSILHA-M-D_011_jpg.rf.3a2fb2d36de8bcc90049d66dd562a41c_r2c0.jpg,TP,24,26,0.8397027600849257,1638,1828,18.877660829631704,21.06737728728129
ROSILHA-M-D_011_jpg.rf.3a2fb2d36de8bcc90049d66dd562a41c_r2c0.jpg,TP,1,18,0.8317703893151464,2927,3519,33.733158271264955,40.555853760362616
ROSILHA-M-D_011_jpg.rf.3a2fb2d36de8bcc90049d66dd562a41c_r2c0.jpg,TP,7,5,0.8302227573750752,2763,3317,31.84308722360952,38.227839421177265
ROSILHA-M-D_011_jpg.rf.3a2fb2d36de8bcc90049d66dd562a41c_r2c0.jpg,TP,3,25,0.826740947075209,2968,3590,34.20567603317881,41.37411622611588
ROSILHA-M-D_011_jpg.rf.3a2fb2d36de8bcc90049d66dd562a41c_r2c0.jpg,TP,25,13,0.8210951651107705,5926,7144,68.29610383174449,82.33333880762447
ROSILHA-M-D_011_jpg.rf.3a2fb2d36de8bcc90049d66dd562a41c_r2c0.jpg,TP,2,21,0.8190045248868778,2379,2847,27.41755501446509,32.811172394359865
ROSILHA-M-D_011_jpg.rf.3a2fb2d36de8bcc90049d66dd562a41c_r2c0.jpg,TP,17,6,0.8098710039259674,1487,1740,17.137412486973346,20.05319282268569
ROSILHA-M-D_011_jpg.rf.3a2fb2d36de8bcc90049d66dd562a41c_r2c0.jpg,TP,21,19,0.8068118369625907,1445,1791,16.653369901598175,20.640958819212685
ROSILHA-M-D_011_jpg.rf.3a2fb2d36de8bcc90049d66dd562a41c_r2c0.jpg,TP,14,22,0.7941834451901566,1424,1784,16.41134860891059,20.560285054983492
ROSILHA-M-D_011_jpg.rf.3a2fb2d36de8bcc90049d66dd562a41c_r2c0.jpg,TP,19,27,0.777330442861567,2539,3200,29.26152676827527,36.87943507620357
ROSILHA-M-D_011_jpg.rf.3a2fb2d36de8bcc90049d66dd562a41c_r2c0.jpg,TP,27,2,0.7766990291262136,975,1221,11.236702874780775,14.071809446263925
ROSILHA-M-D_011_jpg.rf.3a2fb2d36de8bcc90049d66dd562a41c_r2c0.jpg,TP,10,0,0.7751405371642723,2532,3152,29.180853004046075,36.32624355006052
ROSILHA-M-D_011_jpg.rf.3a2fb2d36de8bcc90049d66dd562a41c_r2c0.jpg,TP,15,12,0.7706270627062707,2898,3540,33.39893839088686,40.7978750530502
ROSILHA-M-D_011_jpg.rf.3a2fb2d36de8bcc90049d66dd562a41c_r2c0.jpg,TP,8,17,0.7452593100297007,3264,4375,37.61702377772764,50.42110264324707
ROSILHA-M-D_011_jpg.rf.3a2fb2d36de8bcc90049d66dd562a41c_r2c0.jpg,TP,20,16,0.7388155091606305,1773,2308,20.43351199690904,26.599292548711826
ROSILHA-M-D_011_jpg.rf.3a2fb2d36de8bcc90049d66dd562a41c_r2c0.jpg,TP,23,8,0.6788475052705552,1018,1371,11.732270283617261,15.800532965460967
ROSILHA-M-D_011_jpg.rf.3a2fb2d36de8bcc90049d66dd562a41c_r2c0.jpg,TP,18,23,0.6606624055781523,1137,1721,13.103724275513581,19.83422117692073
ROSILHA-M-D_011_jpg.rf.3a2fb2d36de8bcc90049d66dd562a41c_r2c0.jpg,TP,11,11,0.6013856032443393,5685,3792,65.51862137756791,43.70213056530123
ROSILHA-M-D_011_jpg.rf.3a2fb2d36de8bcc90049d66dd562a41c_r2c0.jpg,FP,26,-1,0.0,0,3071,0.0,35.39273284969411
ROSILHA-M-D_011_jpg.rf.3a2fb2d36de8bcc90049d66dd562a41c_r2c0.jpg,FP,28,-1,0.0,0,3118,0.0,35.93439955237585
ROSILHA-M-D_011_jpg.rf.3a2fb2d36de8bcc90049d66dd562a41c_r2c0.jpg,FP,29,-1,0.0,0,357,0.0,4.1143619756889604
ROSILHA-M-D_011_jpg.rf.3a2fb2d36de8bcc90049d66dd562a41c_r2c0.jpg,FN,-1,1,0.0,741,0,8.53989418483339,0.0
ROSILHA-M-D_011_jpg.rf.3a2fb2d36de8bcc90049d66dd562a41c_r2c1.jpg,TP,2,2,0.9002673580166897,11454,12001,132.00532792588615,138.3094063592247
ROSILHA-M-D_011_jpg.rf.3a2fb2d36de8bcc90049d66dd562a41c_r2c1.jpg,TP,1,12,0.8891504806749068,4533,5096,52.24202475013462,58.73050035885419
ROSILHA-M-D_011_jpg.rf.3a2fb2d36de8bcc90049d66dd562a41c_r2c1.jpg,TP,6,10,0.8809441166261714,2558,2861,29.48049841404023,32.97251992281826
ROSILHA-M-D_011_jpg.rf.3a2fb2d36de8bcc90049d66dd562a41c_r2c1.jpg,TP,11,11,0.8797224363916731,1161,1277,13.380320038585108,14.717199560097487
ROSILHA-M-D_011_jpg.rf.3a2fb2d36de8bcc90049d66dd562a41c_r2c1.jpg,TP,10,15,0.8696319018404908,1172,1266,13.507093096659558,14.590426502023037
ROSILHA-M-D_011_jpg.rf.3a2fb2d36de8bcc90049d66dd562a41c_r2c1.jpg,TP,7,7,0.8485630066322771,2327,2690,26.818264194476782,31.001775110933625
ROSILHA-M-D_011_jpg.rf.3a2fb2d36de8bcc90049d66dd562a41c_r2c1.jpg,TP,3,0,0.847880999158013,3027,3557,34.88564061739631,40.99379705189253
ROSILHA-M-D_011_jpg.rf.3a2fb2d36de8bcc90049d66dd562a41c_r2c1.jpg,TP,9,8,0.8250930356193514,3104,3762,35.773052023917465,43.356385861461824
ROSILHA-M-D_011_jpg.rf.3a2fb2d36de8bcc90049d66dd562a41c_r2c1.jpg,TP,5,5,0.8219836743821983,7484,8810,86.2517787844711,101.53369469417295
ROSILHA-M-D_011_jpg.rf.3a2fb2d36de8bcc90049d66dd562a41c_r2c1.jpg,TP,8,16,0.7953956834532374,2777,3462,32.00443475206791,39.89893882306774
ROSILHA-M-D_011_jpg.rf.3a2fb2d36de8bcc90049d66dd562a41c_r2c1.jpg,TP,4,14,0.7909412404787813,11758,14576,135.5088742581255,167.98582677210726
ROSILHA-M-D_011_jpg.rf.3a2fb2d36de8bcc90049d66dd562a41c_r2c1.jpg,TP,0,6,0.7633193412980304,24315,19373,280.2260824618406,223.27040491602867
ROSILHA-M-D_011_jpg.rf.3a2fb2d36de8bcc90049d66dd562a41c_r2c1.jpg,TP,15,13,0.7605210420841684,767,990,8.839539594827544,11.409575226700479
ROSILHA-M-D_011_jpg.rf.3a2fb2d36de8bcc90049d66dd562a41c_r2c1.jpg,TP,12,9,0.7307692307692307,4209,5736,48.507981948669006,66.1063873740949
ROSILHA-M-D_011_jpg.rf.3a2fb2d36de8bcc90049d66dd562a41c_r2c1.jpg,TP,13,1,0.7241857241857241,1045,1443,12.043440517072728,16.63032025467555
ROSILHA-M-D_011_jpg.rf.3a2fb2d36de8bcc90049d66dd562a41c_r2c1.jpg,TP,16,3,0.5530679933665008,743,1130,8.562943831756016,13.023050511284385
ROSILHA-M-D_011_jpg.rf.3a2fb2d36de8bcc90049d66dd562a41c_r2c1.jpg,FP,14,-1,0.0,0,823,0.0,9.484929708661106
ROSILHA-M-D_011_jpg.rf.3a2fb2d36de8bcc90049d66dd562a41c_r2c1.jpg,FN,-1,4,0.0,1890,0,21.781916341882734,0.0
ROSILHA-M-D_011_jpg.rf.3a2fb2d36de8bcc90049d66dd562a41c_r2c1.jpg,FN,-1,17,0.0,446,0,5.140071263745873,0.0
ROSILHA-M-D_011_jpg.rf.3a2fb2d36de8bcc90049d66dd562a41c_r2c2.jpg,TP,1,0,0.9061449098135127,11911,13029,137.27217224770646,150.1569248774551
ROSILHA-M-D_011_jpg.rf.3a2fb2d36de8bcc90049d66dd562a41c_r2c2.jpg,TP,8,10,0.9003410382720728,2529,2486,29.146278533662134,28.650711124825648
ROSILHA-M-D_011_jpg.rf.3a2fb2d36de8bcc90049d66dd562a41c_r2c2.jpg,TP,0,12,0.8812405446293494,4668,5280,53.79787591741196,60.85106787573589
ROSILHA-M-D_011_jpg.rf.3a2fb2d36de8bcc90049d66dd562a41c_r2c2.jpg,TP,2,13,0.8694574095682613,5961,6856,68.69947265289046,79.01418965076616
ROSILHA-M-D_011_jpg.rf.3a2fb2d36de8bcc90049d66dd562a41c_r2c2.jpg,TP,5,3,0.8641387195121951,4561,5222,52.564719807051404,60.1826281149797
ROSILHA-M-D_011_jpg.rf.3a2fb2d36de8bcc90049d66dd562a41c_r2c2.jpg,TP,7,5,0.8581403895626608,2363,2693,27.233157839084075,31.036349581317566
ROSILHA-M-D_011_jpg.rf.3a2fb2d36de8bcc90049d66dd562a41c_r2c2.jpg,TP,10,1,0.8420365535248042,3291,3764,37.92819401118311,43.37943550838445
ROSILHA-M-D_011_jpg.rf.3a2fb2d36de8bcc90049d66dd562a41c_r2c2.jpg,TP,3,6,0.8386714116251482,2834,3366,32.66134968936279,38.79255577078163
ROSILHA-M-D_011_jpg.rf.3a2fb2d36de8bcc90049d66dd562a41c_r2c2.jpg,TP,4,4,0.8048999775230389,7168,8892,82.609934570696,102.47873021800068
ROSILHA-M-D_011_jpg.rf.3a2fb2d36de8bcc90049d66dd562a41c_r2c2.jpg,TP,9,11,0.8038548752834467,1426,1756,16.434398255833216,20.23758999806671
ROSILHA-M-D_011_jpg.rf.3a2fb2d36de8bcc90049d66dd562a41c_r2c2.jpg,TP,12,14,0.7843137254901961,1350,1653,15.558511672773381,19.05053318155141
ROSILHA-M-D_011_jpg.rf.3a2fb2d36de8bcc90049d66dd562a41c_r2c2.jpg,TP,6,7,0.742503748125937,1989,2660,22.92287386455278,30.656030407094217
ROSILHA-M-D_011_jpg.rf.3a2fb2d36de8bcc90049d66dd562a41c_r2c2.jpg,TP,11,8,0.7275027105168052,2038,2742,23.487590214157148,31.601065930921934
ROSILHA-M-D_011_jpg.rf.3a2fb2d36de8bcc90049d66dd562a41c_r2c2.jpg,TP,13,2,0.6599851521900519,903,1333,10.406915585566194,15.36258967393105
ROSILHA-M-D_011_jpg.rf.3a2fb2d36de8bcc90049d66dd562a41c_r2c2.jpg,FN,-1,9,0.0,4345,0,50.07535793940766,0.0
ROSILHA-M-D_011_jpg.rf.3a2fb2d36de8bcc90049d66dd562a41c_r2c2.jpg,FN,-1,15,0.0,999,0,11.513298637852301,0.0
ROSILHA-M-D_011_jpg.rf.3a2fb2d36de8bcc90049d66dd562a41c_r2c2.jpg,FN,-1,16,0.0,1766,0,20.352838232679847,0.0
TORDILHA-B_006_jpg.rf.235faef65a5565236d3b0050d4713580_r0c0.jpg,TP,8,12,0.9229807005003574,5368,5393,61.86525234033149,62.15337292686433
TORDILHA-B_006_jpg.rf.235faef65a5565236d3b0050d4713580_r0c0.jpg,TP,2,26,0.9163025210084034,17297,16909,199.34487141034163,194.87323990735192
TORDILHA-B_006_jpg.rf.235faef65a5565236d3b0050d4713580_r0c0.jpg,TP,3,8,0.901301846805934,6399,6161,73.74734532894583,71.00443734515319
TORDILHA-B_006_jpg.rf.235faef65a5565236d3b0050d4713580_r0c0.jpg,TP,9,21,0.8968128619446807,22747,24091,262.1551592745008,277.6445220065063
TORDILHA-B_006_jpg.rf.235faef65a5565236d3b0050d4713580_r0c0.jpg,TP,0,14,0.8933203834826744,30659,29772,353.33956250041416,343.11704409022894
TORDILHA-B_006_jpg.rf.235faef65a5565236d3b0050d4713580_r0c0.jpg,TP,33,25,0.8870236936059721,70751,74597,815.3927847113996,859.7172557436118
TORDILHA-B_006_jpg.rf.235faef65a5565236d3b0050d4713580_r0c0.jpg,TP,7,34,0.8782413955681282,16304,15566,187.90072171325718,179.39540199880776
TORDILHA-B_006_jpg.rf.235faef65a5565236d3b0050d4713580_r0c0.jpg,TP,30,19,0.8720398009950249,4857,4550,55.97606755160023,52.437946748976955
TORDILHA-B_006_jpg.rf.235faef65a5565236d3b0050d4713580_r0c0.jpg,TP,14,22,0.8670781893004115,10709,11976,123.41933444720752,138.02128577269187
TORDILHA-B_006_jpg.rf.235faef65a5565236d3b0050d4713580_r0c0.jpg,TP,31,11,0.8550442017680707,7092,7177,81.73404798763616,82.71365798184782
TORDILHA-B_006_jpg.rf.235faef65a5565236d3b0050d4713580_r0c0.jpg,TP,17,5,0.8374356038923869,1522,1688,17.540781308119325,19.453902002697383
TORDILHA-B_006_jpg.rf.235faef65a5565236d3b0050d4713580_r0c0.jpg,TP,1,27,0.8201018675721562,13270,13531,152.9344073316317,155.94238625503453
TORDILHA-B_006_jpg.rf.235faef65a5565236d3b0050d4713580_r0c0.jpg,TP,16,37,0.8193530119629079,13715,11987,158.06295377191623,138.1480588307663
TORDILHA-B_006_jpg.rf.235faef65a5565236d3b0050d4713580_r0c0.jpg,TP,11,4,0.8133476088508208,2289,2792,26.380320902946867,32.177307103987616
TORDILHA-B_006_jpg.rf.235faef65a5565236d3b0050d4713580_r0c0.jpg,TP,5,32,0.7964714906673485,7707,6345,88.82181441634404,73.1250048620349
TORDILHA-B_006_jpg.rf.235faef65a5565236d3b0050d4713580_r0c0.jpg,TP,24,23,0.7945076746371516,8393,8793,96.72784331080518,101.33777269533063
TORDILHA-B_006_jpg.rf.235faef65a5565236d3b0050d4713580_r0c0.jpg,TP,20,17,0.7824540604623592,1403,1604,16.169327316223004,18.48581683194704
TORDILHA-B_006_jpg.rf.235faef65a5565236d3b0050d4713580_r0c0.jpg,TP,10,9,0.7804182509505704,4114,5251,47.413123719844215,60.5168479953578
TORDILHA-B_006_jpg.rf.235faef65a5565236d3b0050d4713580_r0c0.jpg,TP,15,29,0.767748001880583,3995,3525,46.0416697279479,40.6250027011305
TORDILHA-B_006_jpg.rf.235faef65a5565236d3b0050d4713580_r0c0.jpg,TP,12,2,0.728650539201399,2942,2989,33.906030623184655,34.4476973258664
TORDILHA-B_006_jpg.rf.235faef65a5565236d3b0050d4713580_r0c0.jpg,TP,35,0,0.7247081712062257,2988,4104,34.436172502405086,47.29787548523108
TORDILHA-B_006_jpg.rf.235faef65a5565236d3b0050d4713580_r0c0.jpg,TP,36,35,0.7112756264236902,4743,4272,54.66223767701048,49.234045826731766
TORDILHA-B_006_jpg.rf.235faef65a5565236d3b0050d4713580_r0c0.jpg,TP,18,16,0.6770611859201512,3110,3989,35.84220096468535,45.97252078718002
TORDILHA-B_006_jpg.rf.235faef65a5565236d3b0050d4713580_r0c0.jpg,TP,6,1,0.6727704306544592,2473,2460,28.500888419828573,28.351065714831496
TORDILHA-B_006_jpg.rf.235faef65a5565236d3b0050d4713580_r0c0.jpg,TP,25,18,0.5998835177635411,1179,1568,13.587766860888753,18.07092318733975
TORDILHA-B_006_jpg.rf.235faef65a5565236d3b0050d4713580_r0c0.jpg,TP,22,6,0.5921273031825796,707,1194,8.148050187148726,13.760639212808456
TORDILHA-B_006_jpg.rf.235faef65a5565236d3b0050d4713580_r0c0.jpg,TP,37,20,0.5353781982806857,18213,11971,209.90160970090488,137.9636616553853
TORDILHA-B_006_jpg.rf.235faef65a5565236d3b0050d4713580_r0c0.jpg,TP,21,36,0.527466805519396,3597,2270,41.45478999034508,26.161349257181907
TORDILHA-B_006_jpg.rf.235faef65a5565236d3b0050d4713580_r0c0.jpg,TP,23,3,0.5156456364929392,18922,10915,218.07270953497624,125.79344808023812
TORDILHA-B_006_jpg.rf.235faef65a5565236d3b0050d4713580_r0c0.jpg,FP,4,-1,0.0,0,5587,0.0,64.38918867835918
TORDILHA-B_006_jpg.rf.235faef65a5565236d3b0050d4713580_r0c0.jpg,FP,13,-1,0.0,0,7062,0.0,81.38830328379676
TORDILHA-B_006_jpg.rf.235faef65a5565236d3b0050d4713580_r0c0.jpg,FP,19,-1,0.0,0,4752,0.0,54.7659610881623
TORDILHA-B_006_jpg.rf.235faef65a5565236d3b0050d4713580_r0c0.jpg,FP,26,-1,0.0,0,15726,0.0,181.23937375261792
TORDILHA-B_006_jpg.rf.235faef65a5565236d3b0050d4713580_r0c0.jpg,FP,27,-1,0.0,0,1746,0.0,20.122341763453573
TORDILHA-B_006_jpg.rf.235faef65a5565236d3b0050d4713580_r0c0.jpg,FP,28,-1,0.0,0,10239,0.0,118.00266742039011
TORDILHA-B_006_jpg.rf.235faef65a5565236d3b0050d4713580_r0c0.jpg,FP,29,-1,0.0,0,9821,0.0,113.18529121356102
TORDILHA-B_006_jpg.rf.235faef65a5565236d3b0050d4713580_r0c0.jpg,FP,32,-1,0.0,0,56162,0.0,647.2571352342953
TORDILHA-B_006_jpg.rf.235faef65a5565236d3b0050d4713580_r0c0.jpg,FP,34,-1,0.0,0,10597,0.0,122.12855421954039
TORDILHA-B_006_jpg.rf.235faef65a5565236d3b0050d4713580_r0c0.jpg,FN,-1,7,0.0,908,0,10.464539702872763,0.0
TORDILHA-B_006_jpg.rf.235faef65a5565236d3b0050d4713580_r0c0.jpg,FN,-1,10,0.0,2313,0,26.656916666018393,0.0
TORDILHA-B_006_jpg.rf.235faef65a5565236d3b0050d4713580_r0c0.jpg,FN,-1,13,0.0,677,0,7.8023054833093175,0.0
TORDILHA-B_006_jpg.rf.235faef65a5565236d3b0050d4713580_r0c0.jpg,FN,-1,15,0.0,520,0,5.992908199883081,0.0
TORDILHA-B_006_jpg.rf.235faef65a5565236d3b0050d4713580_r0c0.jpg,FN,-1,24,0.0,29132,0,335.7411570749883,0.0
TORDILHA-B_006_jpg.rf.235faef65a5565236d3b0050d4713580_r0c0.jpg,FN,-1,28,0.0,465,0,5.359042909510832,0.0
TORDILHA-B_006_jpg.rf.235faef65a5565236d3b0050d4713580_r0c0.jpg,FN,-1,30,0.0,599,0,6.903369253326856,0.0
TORDILHA-B_006_jpg.rf.235faef65a5565236d3b0050d4713580_r0c0.jpg,FN,-1,31,0.0,4903,0,56.50620943082066,0.0
TORDILHA-B_006_jpg.rf.235faef65a5565236d3b0050d4713580_r0c0.jpg,FN,-1,33,0.0,3883,0,44.75088950028077,0.0
TORDILHA-B_006_jpg.rf.235faef65a5565236d3b0050d4713580_r0c0.jpg,FN,-1,38,0.0,20240,0,233.2624268569876,0.0
TORDILHA-B_006_jpg.rf.235faef65a5565236d3b0050d4713580_r0c1.jpg,TP,0,37,0.9356304781338404,20882,20856,240.66136351915094,240.36171810915678
TORDILHA-B_006_jpg.rf.235faef65a5565236d3b0050d4713580_r0c1.jpg,TP,4,27,0.9148133034074679,9455,9314,108.96720582672023,107.34220571867502
TORDILHA-B_006_jpg.rf.235faef65a5565236d3b0050d4713580_r0c1.jpg,TP,34,38,0.9133445897604671,33534,33324,386.4734299516908,384.05321702481496
TORDILHA-B_006_jpg.rf.235faef65a5565236d3b0050d4713580_r0c1.jpg,TP,2,3,0.9070821529745042,11209,12353,129.1817461778643,142.3661442176071
TORDILHA-B_006_jpg.rf.235faef65a5565236d3b0050d4713580_r0c1.jpg,TP,3,28,0.898876404494382,20849,19880,240.28104434492758,229.1134904109147
TORDILHA-B_006_jpg.rf.235faef65a5565236d3b0050d4713580_r0c1.jpg,TP,17,8,0.8935270805812418,3446,3721,39.71454164768672,42.88386809954797
TORDILHA-B_006_jpg.rf.235faef65a5565236d3b0050d4713580_r0c1.jpg,TP,30,11,0.892853032569916,8206,8241,94.57270132353953,94.97607014468551
TORDILHA-B_006_jpg.rf.235faef65a5565236d3b0050d4713580_r0c1.jpg,TP,45,33,0.8854078464578041,6427,6933,74.07004038586261,79.9016010572873
TORDILHA-B_006_jpg.rf.235faef65a5565236d3b0050d4713580_r0c1.jpg,TP,10,42,0.879277566539924,2869,3062,33.06471851050876,35.289009438542294
TORDILHA-B_006_jpg.rf.235faef65a5565236d3b0050d4713580_r0c1.jpg,TP,1,13,0.8740979579302932,5996,6210,69.10284147403644,71.56915369475756
TORDILHA-B_006_jpg.rf.235faef65a5565236d3b0050d4713580_r0c1.jpg,TP,7,36,0.872276556599206,20019,18651,230.71544087203728,214.94948237696025
TORDILHA-B_006_jpg.rf.235faef65a5565236d3b0050d4713580_r0c1.jpg,TP,22,31,0.8595260985126958,16929,15953,195.1037363765782,183.85550867833612
TORDILHA-B_006_jpg.rf.235faef65a5565236d3b0050d4713580_r0c1.jpg,TP,5,46,0.8543603364320496,4172,4206,48.08156348060041,48.47340747828507
TORDILHA-B_006_jpg.rf.235faef65a5565236d3b0050d4713580_r0c1.jpg,TP,16,9,0.8528351360209767,2605,3048,30.02216511672197,35.1276619100839
TORDILHA-B_006_jpg.rf.235faef65a5565236d3b0050d4713580_r0c1.jpg,TP,14,40,0.850253807106599,10566,9846,121.77128469223966,113.47341180009386
TORDILHA-B_006_jpg.rf.235faef65a5565236d3b0050d4713580_r0c1.jpg,TP,6,21,0.846307385229541,3162,3313,36.44149178467365,38.181740127332006
TORDILHA-B_006_jpg.rf.235faef65a5565236d3b0050d4713580_r0c1.jpg,TP,18,19,0.8458807687599461,7382,7697,85.0762467914171,88.7065661817309
TORDILHA-B_006_jpg.rf.235faef65a5565236d3b0050d4713580_r0c1.jpg,TP,28,44,0.8445712309820194,5122,5547,59.03014576884834,63.92819573990663
TORDILHA-B_006_jpg.rf.235faef65a5565236d3b0050d4713580_r0c1.jpg,TP,27,16,0.8440366972477065,6132,6531,70.67021746477509,75.26862202583922
TORDILHA-B_006_jpg.rf.235faef65a5565236d3b0050d4713580_r0c1.jpg,TP,9,10,0.8315978456014362,2354,2747,27.129434427932253,31.658690048228504
TORDILHA-B_006_jpg.rf.235faef65a5565236d3b0050d4713580_r0c1.jpg,TP,13,7,0.8314745972738538,4060,4808,46.79078325293328,55.41135120199586
TORDILHA-B_006_jpg.rf.235faef65a5565236d3b0050d4713580_r0c1.jpg,TP,37,43,0.8299689440993789,4408,5020,50.80142181747042,57.85461377579435
TORDILHA-B_006_jpg.rf.235faef65a5565236d3b0050d4713580_r0c1.jpg,TP,11,22,0.8282248456622983,9148,7732,105.42908502409696,89.10993500287688
TORDILHA-B_006_jpg.rf.235faef65a5565236d3b0050d4713580_r0c1.jpg,TP,32,20,0.8170019467878001,1425,1375,16.4228734323719,15.846632259306222
TORDILHA-B_006_jpg.rf.235faef65a5565236d3b0050d4713580_r0c1.jpg,TP,24,41,0.8122162608336773,4419,4363,50.92819487554487,50.282804761711304
TORDILHA-B_006_jpg.rf.235faef65a5565236d3b0050d4713580_r0c1.jpg,TP,19,24,0.803232607167955,2695,2437,31.059399228240196,28.08599477522128
TORDILHA-B_006_jpg.rf.235faef65a5565236d3b0050d4713580_r0c1.jpg,TP,8,14,0.7949304364398704,4738,4680,54.604613559703914,53.93617379894772
TORDILHA-B_006_jpg.rf.235faef65a5565236d3b0050d4713580_r0c1.jpg,TP,26,12,0.7621664675428116,11653,10471,134.29876779468756,120.67642646341487
TORDILHA-B_006_jpg.rf.235faef65a5565236d3b0050d4713580_r0c1.jpg,TP,15,17,0.760139273969953,36883,45011,425.0700637236301,518.7438288171871
TORDILHA-B_006_jpg.rf.235faef65a5565236d3b0050d4713580_r0c1.jpg,TP,44,15,0.7453416149068323,698,707,8.044326775996904,8.148050187148726
TORDILHA-B_006_jpg.rf.235faef65a5565236d3b0050d4713580_r0c1.jpg,TP,31,39,0.7236098020735156,3071,4244,35.39273284969411,48.91135076981499
TORDILHA-B_006_jpg.rf.235faef65a5565236d3b0050d4713580_r0c1.jpg,TP,35,23,0.718794159208667,1550,2099,17.863476365036103,24.19060444529728
TORDILHA-B_006_jpg.rf.235faef65a5565236d3b0050d4713580_r0c1.jpg,TP,12,18,0.6867493504583558,19982,14426,230.28902240396866,166.2571032529102
TORDILHA-B_006_jpg.rf.235faef65a5565236d3b0050d4713580_r0c1.jpg,TP,21,5,0.6838487972508591,796,1164,9.173759475205639,13.414894508969049
TORDILHA-B_006_jpg.rf.235faef65a5565236d3b0050d4713580_r0c1.jpg,TP,20,26,0.681838960360478,15275,10479,176.04167837156547,120.76862505110537
TORDILHA-B_006_jpg.rf.235faef65a5565236d3b0050d4713580_r0c1.jpg,TP,38,4,0.6282926829268293,680,989,7.836879953693259,11.398050403239166
TORDILHA-B_006_jpg.rf.235faef65a5565236d3b0050d4713580_r0c1.jpg,FP,23,-1,0.0,0,10426,0.0,120.15780940765576
TORDILHA-B_006_jpg.rf.235faef65a5565236d3b0050d4713580_r0c1.jpg,FP,25,-1,0.0,0,1322,0.0,15.2358166158566
TORDILHA-B_006_jpg.rf.235faef65a5565236d3b0050d4713580_r0c1.jpg,FP,29,-1,0.0,0,5053,0.0,58.2349329500177
TORDILHA-B_006_jpg.rf.235faef65a5565236d3b0050d4713580_r0c1.jpg,FP,33,-1,0.0,0,4488,0.0,51.72340769437551
TORDILHA-B_006_jpg.rf.235faef65a5565236d3b0050d4713580_r0c1.jpg,FP,36,-1,0.0,0,1504,0.0,17.333334485815676
TORDILHA-B_006_jpg.rf.235faef65a5565236d3b0050d4713580_r0c1.jpg,FP,39,-1,0.0,0,3453,0.0,39.79521541191591
TORDILHA-B_006_jpg.rf.235faef65a5565236d3b0050d4713580_r0c1.jpg,FP,40,-1,0.0,0,12435,0.0,143.3111797414348
TORDILHA-B_006_jpg.rf.235faef65a5565236d3b0050d4713580_r0c1.jpg,FP,41,-1,0.0,0,1689,0.0,19.465426826158698
TORDILHA-B_006_jpg.rf.235faef65a5565236d3b0050d4713580_r0c1.jpg,FP,42,-1,0.0,0,273,0.0,3.146276804938617
TORDILHA-B_006_jpg.rf.235faef65a5565236d3b0050d4713580_r0c1.jpg,FP,43,-1,0.0,0,29921,0.0,344.8342427859647
TORDILHA-B_006_jpg.rf.235faef65a5565236d3b0050d4713580_r0c1.jpg,FN,-1,0,0.0,8814,0,101.57979398801821,0.0
TORDILHA-B_006_jpg.rf.235faef65a5565236d3b0050d4713580_r0c1.jpg,FN,-1,1,0.0,843,0,9.715426177887379,0.0
TORDILHA-B_006_jpg.rf.235faef65a5565236d3b0050d4713580_r0c1.jpg,FN,-1,2,0.0,5580,0,64.30851491412997,0.0
TORDILHA-B_006_jpg.rf.235faef65a5565236d3b0050d4713580_r0c1.jpg,FN,-1,6,0.0,437,0,5.03634785259405,0.0
TORDILHA-B_006_jpg.rf.235faef65a5565236d3b0050d4713580_r0c1.jpg,FN,-1,25,0.0,370,0,4.2641846806860375,0.0
TORDILHA-B_006_jpg.rf.235faef65a5565236d3b0050d4713580_r0c1.jpg,FN,-1,29,0.0,2946,0,33.952129917029914,0.0
TORDILHA-B_006_jpg.rf.235faef65a5565236d3b0050d4713580_r0c1.jpg,FN,-1,30,0.0,1164,0,13.414894508969049,0.0
TORDILHA-B_006_jpg.rf.235faef65a5565236d3b0050d4713580_r0c1.jpg,FN,-1,32,0.0,668,0,7.698582072157495,0.0
TORDILHA-B_006_jpg.rf.235faef65a5565236d3b0050d4713580_r0c1.jpg,FN,-1,34,0.0,4154,0,47.87411665829676,0.0
TORDILHA-B_006_jpg.rf.235faef65a5565236d3b0050d4713580_r0c1.jpg,FN,-1,35,0.0,1110,0,12.792554042058114,0.0
TORDILHA-B_006_jpg.rf.235faef65a5565236d3b0050d4713580_r0c1.jpg,FN,-1,45,0.0,252,0,2.904255512251031,0.0
TORDILHA-B_006_jpg.rf.235faef65a5565236d3b0050d4713580_r0c2.jpg,TP,12,16,0.9226233578152477,18173,18999,209.44061676245235,218.9601209414974
TORDILHA-B_006_jpg.rf.235faef65a5565236d3b0050d4713580_r0c2.jpg,TP,6,35,0.9182291666666667,15050,14414,173.44859309276993,166.11880537137446
TORDILHA-B_006_jpg.rf.235faef65a5565236d3b0050d4713580_r0c2.jpg,TP,16,13,0.9101548646412105,8341,7817,96.12855249081687,90.08954499708854
TORDILHA-B_006_jpg.rf.235faef65a5565236d3b0050d4713580_r0c2.jpg,TP,20,8,0.8987826086956522,25231,23900,290.78282075240384,275.4432807253954
TORDILHA-B_006_jpg.rf.235faef65a5565236d3b0050d4713580_r0c2.jpg,TP,11,12,0.8970792767732962,4002,4182,46.12234349217709,48.19681171521354
TORDILHA-B_006_jpg.rf.235faef65a5565236d3b0050d4713580_r0c2.jpg,TP,7,9,0.8841943957968477,8717,8497,100.46188611227079,97.9264249507818
TORDILHA-B_006_jpg.rf.235faef65a5565236d3b0050d4713580_r0c2.jpg,TP,4,0,0.8840867992766727,15267,15990,175.94947978387498,184.2819271464047
TORDILHA-B_006_jpg.rf.235faef65a5565236d3b0050d4713580_r0c2.jpg,TP,10,33,0.8746977907461442,10857,11630,125.12500831948192,134.03369685507735
TORDILHA-B_006_jpg.rf.235faef65a5565236d3b0050d4713580_r0c2.jpg,TP,3,32,0.8740313184757629,17534,17531,202.07625457067294,202.041680100289
TORDILHA-B_006_jpg.rf.235faef65a5565236d3b0050d4713580_r0c2.jpg,TP,8,1,0.871177015755329,6586,7547,75.90248731621148,86.97784266253386
TORDILHA-B_006_jpg.rf.235faef65a5565236d3b0050d4713580_r0c2.jpg,TP,17,15,0.8620631578947369,11281,10831,130.0115334670789,124.82536290948778
TORDILHA-B_006_jpg.rf.235faef65a5565236d3b0050d4713580_r0c2.jpg,TP,23,21,0.8581341557440246,1242,1168,14.313830738951511,13.460993802814304
TORDILHA-B_006_jpg.rf.235faef65a5565236d3b0050d4713580_r0c2.jpg,TP,2,28,0.8505351952931169,25775,26436,297.05232471535845,304.67023302328676
TORDILHA-B_006_jpg.rf.235faef65a5565236d3b0050d4713580_r0c2.jpg,TP,1,30,0.8490689481630599,19462,17279,224.2961142040856,199.13742458803796
TORDILHA-B_006_jpg.rf.235faef65a5565236d3b0050d4713580_r0c2.jpg,TP,25,24,0.8481450429679313,8991,8644,103.61968774067071,99.6205739995949
TORDILHA-B_006_jpg.rf.235faef65a5565236d3b0050d4713580_r0c2.jpg,TP,9,34,0.8388000466907902,7666,8087,88.34929665443018,93.20124733164322
TORDILHA-B_006_jpg.rf.235faef65a5565236d3b0050d4713580_r0c2.jpg,TP,0,22,0.8352369105507181,7439,8790,85.73316172871199,101.30319822494668
TORDILHA-B_006_jpg.rf.235faef65a5565236d3b0050d4713580_r0c2.jpg,TP,33,7,0.8309436478826275,10234,11730,117.94504330308354,135.18617920120872
TORDILHA-B_006_jpg.rf.235faef65a5565236d3b0050d4713580_r0c2.jpg,TP,19,27,0.8269392327079249,3453,3071,39.79521541191591,35.39273284969411
TORDILHA-B_006_jpg.rf.235faef65a5565236d3b0050d4713580_r0c2.jpg,TP,15,29,0.82489734169008,41765,42673,481.33425186176316,491.7987915646359
TORDILHA-B_006_jpg.rf.235faef65a5565236d3b0050d4713580_r0c2.jpg,TP,5,26,0.8235878621111365,11262,12596,129.79256182131394,145.1666763187063
TORDILHA-B_006_jpg.rf.235faef65a5565236d3b0050d4713580_r0c2.jpg,TP,13,2,0.8209399167162403,1431,1630,16.492022373139783,18.785462241941193
TORDILHA-B_006_jpg.rf.235faef65a5565236d3b0050d4713580_r0c2.jpg,TP,30,18,0.8139214334941419,2417,2847,27.85549830599501,32.811172394359865
TORDILHA-B_006_jpg.rf.235faef65a5565236d3b0050d4713580_r0c2.jpg,TP,14,10,0.8095271901178475,13866,11623,159.8032021145746,133.95302309084815
TORDILHA-B_006_jpg.rf.235faef65a5565236d3b0050d4713580_r0c2.jpg,TP,26,4,0.7880851063829787,1161,940,13.380320038585108,10.833334053634799
TORDILHA-B_006_jpg.rf.235faef65a5565236d3b0050d4713580_r0c2.jpg,TP,29,6,0.7449315068493151,2814,3555,32.43085322013651,40.970747404969906
TORDILHA-B_006_jpg.rf.235faef65a5565236d3b0050d4713580_r0c2.jpg,TP,21,5,0.716355017118778,3606,2911,41.558513401496896,33.54876109588393
TORDILHA-B_006_jpg.rf.235faef65a5565236d3b0050d4713580_r0c2.jpg,TP,22,14,0.6766903249906612,4454,4523,51.33156369669084,52.126776515521485
TORDILHA-B_006_jpg.rf.235faef65a5565236d3b0050d4713580_r0c2.jpg,TP,27,3,0.6231578947368421,593,949,6.834220312558974,10.937057464786621
TORDILHA-B_006_jpg.rf.235faef65a5565236d3b0050d4713580_r0c2.jpg,TP,18,17,0.6222336592897582,19297,12223,222.39451833296886,140.86791716763634
TORDILHA-B_006_jpg.rf.235faef65a5565236d3b0050d4713580_r0c2.jpg,FP,24,-1,0.0,0,3788,0.0,43.65603127145598
TORDILHA-B_006_jpg.rf.235faef65a5565236d3b0050d4713580_r0c2.jpg,FP,28,-1,0.0,0,2208,0.0,25.446810202580465
TORDILHA-B_006_jpg.rf.235faef65a5565236d3b0050d4713580_r0c2.jpg,FP,31,-1,0.0,0,5275,0.0,60.793443758429326
TORDILHA-B_006_jpg.rf.235faef65a5565236d3b0050d4713580_r0c2.jpg,FP,32,-1,0.0,0,4008,0.0,46.19149243294497
TORDILHA-B_006_jpg.rf.235faef65a5565236d3b0050d4713580_r0c2.jpg,FP,34,-1,0.0,0,6184,0.0,71.2695082847634
TORDILHA-B_006_jpg.rf.235faef65a5565236d3b0050d4713580_r0c2.jpg,FN,-1,11,0.0,10013,0,115.39805731813324,0.0
TORDILHA-B_006_jpg.rf.235faef65a5565236d3b0050d4713580_r0c2.jpg,FN,-1,19,0.0,949,0,10.937057464786621,0.0
TORDILHA-B_006_jpg.rf.235faef65a5565236d3b0050d4713580_r0c2.jpg,FN,-1,20,0.0,1304,0,15.028369793552955,0.0
TORDILHA-B_006_jpg.rf.235faef65a5565236d3b0050d4713580_r0c2.jpg,FN,-1,23,0.0,13136,0,151.39008098781565,0.0
TORDILHA-B_006_jpg.rf.235faef65a5565236d3b0050d4713580_r0c2.jpg,FN,-1,25,0.0,522,0,6.0159578468057076,0.0
TORDILHA-B_006_jpg.rf.235faef65a5565236d3b0050d4713580_r0c2.jpg,FN,-1,31,0.0,10383,0,119.66224199881927,0.0
TORDILHA-B_006_jpg.rf.235faef65a5565236d3b0050d4713580_r1c0.jpg,TP,0,15,0.9161631419939577,15434,15010,177.87412530191435,172.98760015431736
TORDILHA-B_006_jpg.rf.235faef65a5565236d3b0050d4713580_r1c0.jpg,TP,14,13,0.9151550131926122,11695,11532,134.78281038006273,132.90426415586862
TORDILHA-B_006_jpg.rf.235faef65a5565236d3b0050d4713580_r1c0.jpg,TP,10,2,0.910950125383115,17097,17195,197.0399067180789,198.16933941728763
TORDILHA-B_006_jpg.rf.235faef65a5565236d3b0050d4713580_r1c0.jpg,TP,23,0,0.8859691808596918,23597,22911,271.9512592166174,264.04523032215627
TORDILHA-B_006_jpg.rf.235faef65a5565236d3b0050d4713580_r1c0.jpg,TP,4,19,0.8835355698310731,7691,8142,88.63741724096302,93.83511262201546
TORDILHA-B_006_jpg.rf.235faef65a5565236d3b0050d4713580_r1c0.jpg,TP,16,16,0.8661267270128633,4055,3779,46.733159135626714,43.552307860304154
TORDILHA-B_006_jpg.rf.235faef65a5565236d3b0050d4713580_r1c0.jpg,TP,8,23,0.8654282592250148,11306,10887,130.29965405361173,125.47075302332134
TORDILHA-B_006_jpg.rf.235faef65a5565236d3b0050d4713580_r1c0.jpg,TP,2,20,0.8616557734204793,10877,11340,125.3555047887082,130.6914980512964
TORDILHA-B_006_jpg.rf.235faef65a5565236d3b0050d4713580_r1c0.jpg,TP,1,21,0.857413647851727,4240,4579,48.86525147596973,52.77216662935505
TORDILHA-B_006_jpg.rf.235faef65a5565236d3b0050d4713580_r1c0.jpg,TP,9,3,0.8568796068796068,2906,3140,33.491136978577366,36.187945668524755
TORDILHA-B_006_jpg.rf.235faef65a5565236d3b0050d4713580_r1c0.jpg,TP,15,24,0.8508664876739077,7600,7566,87.58865830598349,87.19681430829881
TORDILHA-B_006_jpg.rf.235faef65a5565236d3b0050d4713580_r1c0.jpg,TP,5,8,0.8495607281949099,20132,20710,232.0177459231657,238.679093883805
TORDILHA-B_006_jpg.rf.235faef65a5565236d3b0050d4713580_r1c0.jpg,TP,6,1,0.8360642946317104,24797,22265,285.78104737019373,256.60019436614766
TORDILHA-B_006_jpg.rf.235faef65a5565236d3b0050d4713580_r1c0.jpg,TP,12,22,0.8245227606461086,3798,3657,43.77127950606911,42.14627939802389
TORDILHA-B_006_jpg.rf.235faef65a5565236d3b0050d4713580_r1c0.jpg,TP,3,6,0.8203262786596119,3803,4454,43.82890362337568,51.33156369669084
TORDILHA-B_006_jpg.rf.235faef65a5565236d3b0050d4713580_r1c0.jpg,TP,7,12,0.8110737661418715,4585,5653,52.84131557012293,65.14982702680587
TORDILHA-B_006_jpg.rf.235faef65a5565236d3b0050d4713580_r1c0.jpg,TP,20,17,0.8024576271186441,34211,29596,394.2757354350001,341.08867516103777
TORDILHA-B_006_jpg.rf.235faef65a5565236d3b0050d4713580_r1c0.jpg,TP,13,18,0.7403915881073242,1357,1043,15.639185437002576,12.020390870150102
TORDILHA-B_006_jpg.rf.235faef65a5565236d3b0050d4713580_r1c0.jpg,TP,22,7,0.6666666666666666,798,922,9.196809122128265,10.625887231331154
TORDILHA-B_006_jpg.rf.235faef65a5565236d3b0050d4713580_r1c0.jpg,FP,11,-1,0.0,0,4057,0.0,46.756208782549336
TORDILHA-B_006_jpg.rf.235faef65a5565236d3b0050d4713580_r1c0.jpg,FP,17,-1,0.0,0,16599,0.0,191.3005446343447
TORDILHA-B_006_jpg.rf.235faef65a5565236d3b0050d4713580_r1c0.jpg,FP,18,-1,0.0,0,3046,0.0,35.10461226316127
TORDILHA-B_006_jpg.rf.235faef65a5565236d3b0050d4713580_r1c0.jpg,FP,19,-1,0.0,0,5144,0.0,59.28369188499724
TORDILHA-B_006_jpg.rf.235faef65a5565236d3b0050d4713580_r1c0.jpg,FP,21,-1,0.0,0,2288,0.0,26.368796079485552
TORDILHA-B_006_jpg.rf.235faef65a5565236d3b0050d4713580_r1c0.jpg,FN,-1,4,0.0,18967,0,218.59132659073535,0.0
TORDILHA-B_006_jpg.rf.235faef65a5565236d3b0050d4713580_r1c0.jpg,FN,-1,5,0.0,323,0,3.722517978004298,0.0
TORDILHA-B_006_jpg.rf.235faef65a5565236d3b0050d4713580_r1c0.jpg,FN,-1,9,0.0,288,0,3.3191491568583213,0.0
TORDILHA-B_006_jpg.rf.235faef65a5565236d3b0050d4713580_r1c0.jpg,FN,-1,10,0.0,1069,0,12.320036280144254,0.0
TORDILHA-B_006_jpg.rf.235faef65a5565236d3b0050d4713580_r1c0.jpg,FN,-1,11,0.0,2019,0,23.268618568392192,0.0
TORDILHA-B_006_jpg.rf.235faef65a5565236d3b0050d4713580_r1c0.jpg,FN,-1,14,0.0,686,0,7.906028894461141,0.0
TORDILHA-B_006_jpg.rf.235faef65a5565236d3b0050d4713580_r1c1.jpg,TP,9,0,0.9196918407844052,7938,8508,91.48404863590748,98.05319800885624
TORDILHA-B_006_jpg.rf.235faef65a5565236d3b0050d4713580_r1c1.jpg,TP,0,10,0.9001536098310292,16117,14808,185.74557972599155,170.65958581513203
TORDILHA-B_006_jpg.rf.235faef65a5565236d3b0050d4713580_r1c1.jpg,TP,6,12,0.8976517501107665,4475,4091,51.57358498937843,47.148052780234
TORDILHA-B_006_jpg.rf.235faef65a5565236d3b0050d4713580_r1c1.jpg,TP,8,23,0.8921522830783604,16382,16023,188.79965794323965,184.66224632062807
TORDILHA-B_006_jpg.rf.235faef65a5565236d3b0050d4713580_r1c1.jpg,TP,17,18,0.8675022381378693,41185,38083,474.6498542542013,438.89985187720646
TORDILHA-B_006_jpg.rf.235faef65a5565236d3b0050d4713580_r1c1.jpg,TP,1,6,0.8484455958549223,18065,20464,208.19593582863047,235.84398731232184
TORDILHA-B_006_jpg.rf.235faef65a5565236d3b0050d4713580_r1c1.jpg,TP,2,15,0.8358702845797485,7007,6863,80.7544379934245,79.09486341499534
TORDILHA-B_006_jpg.rf.235faef65a5565236d3b0050d4713580_r1c1.jpg,TP,18,20,0.8344539527302364,19402,16612,223.60462479640677,191.4503673393418
TORDILHA-B_006_jpg.rf.235faef65a5565236d3b0050d4713580_r1c1.jpg,TP,3,3,0.8337801608579088,1246,1490,14.359930032796765,17.171986957357287
TORDILHA-B_006_jpg.rf.235faef65a5565236d3b0050d4713580_r1c1.jpg,TP,7,16,0.8290868514041287,5283,4552,60.88564234611983,52.46099639589958
TORDILHA-B_006_jpg.rf.235faef65a5565236d3b0050d4713580_r1c1.jpg,TP,4,17,0.7986889770570985,10667,10187,122.93529186183234,117.4033766004018
TORDILHA-B_006_jpg.rf.235faef65a5565236d3b0050d4713580_r1c1.jpg,TP,11,8,0.7896607431340872,2779,2760,32.02748439899054,31.80851275322558
TORDILHA-B_006_jpg.rf.235faef65a5565236d3b0050d4713580_r1c1.jpg,TP,10,14,0.78887103254319,4691,4214,54.06294685702217,48.56560606597558
TORDILHA-B_006_jpg.rf.235faef65a5565236d3b0050d4713580_r1c1.jpg,TP,13,4,0.7848101265822784,1122,1416,12.930851923593877,16.31915002122008
TORDILHA-B_006_jpg.rf.235faef65a5565236d3b0050d4713580_r1c1.jpg,TP,5,13,0.7727236002262261,12377,9564,142.6427399806786,110.22341158400341
TORDILHA-B_006_jpg.rf.235faef65a5565236d3b0050d4713580_r1c1.jpg,TP,14,22,0.7426020408163265,3420,3411,39.41489623769257,39.31117282654074
TORDILHA-B_006_jpg.rf.235faef65a5565236d3b0050d4713580_r1c1.jpg,TP,12,9,0.7145943529762349,12600,10415,145.21277561255155,120.03103634958131
TORDILHA-B_006_jpg.rf.235faef65a5565236d3b0050d4713580_r1c1.jpg,TP,16,7,0.690675600223339,1777,1251,20.479611290754296,14.417554150103333
TORDILHA-B_006_jpg.rf.235faef65a5565236d3b0050d4713580_r1c1.jpg,TP,22,11,0.5433308214016579,1313,735,15.132093204704777,8.470745244065508
TORDILHA-B_006_jpg.rf.235faef65a5565236d3b0050d4713580_r1c1.jpg,FP,15,-1,0.0,0,8543,0.0,98.45656683000222
TORDILHA-B_006_jpg.rf.235faef65a5565236d3b0050d4713580_r1c1.jpg,FP,19,-1,0.0,0,8672,0.0,99.94326905651168
TORDILHA-B_006_jpg.rf.235faef65a5565236d3b0050d4713580_r1c1.jpg,FP,20,-1,0.0,0,3363,0.0,38.75798130039769
TORDILHA-B_006_jpg.rf.235faef65a5565236d3b0050d4713580_r1c1.jpg,FP,21,-1,0.0,0,2696,0.0,31.070924051701507
TORDILHA-B_006_jpg.rf.235faef65a5565236d3b0050d4713580_r1c1.jpg,FP,23,-1,0.0,0,11633,0.0,134.0682713254613
TORDILHA-B_006_jpg.rf.235faef65a5565236d3b0050d4713580_r1c1.jpg,FP,24,-1,0.0,0,21821,0.0,251.4831727493244
TORDILHA-B_006_jpg.rf.235faef65a5565236d3b0050d4713580_r1c1.jpg,FP,25,-1,0.0,0,4003,0.0,46.1338683156384
TORDILHA-B_006_jpg.rf.235faef65a5565236d3b0050d4713580_r1c1.jpg,FN,-1,1,0.0,2987,0,34.42464767894377,0.0
TORDILHA-B_006_jpg.rf.235faef65a5565236d3b0050d4713580_r1c1.jpg,FN,-1,2,0.0,3175,0,36.59131448967073,0.0
TORDILHA-B_006_jpg.rf.235faef65a5565236d3b0050d4713580_r1c1.jpg,FN,-1,5,0.0,43706,0,503.7039342001729,0.0
TORDILHA-B_006_jpg.rf.235faef65a5565236d3b0050d4713580_r1c1.jpg,FN,-1,19,0.0,31427,0,362.190626918703,0.0
TORDILHA-B_006_jpg.rf.235faef65a5565236d3b0050d4713580_r1c1.jpg,FN,-1,21,0.0,1323,0,15.247341439317914,0.0
TORDILHA-B_006_jpg.rf.235faef65a5565236d3b0050d4713580_r1c2.jpg,TP,9,0,0.9247216035634744,10440,11165,120.31915693611415,128.67465394556652
TORDILHA-B_006_jpg.rf.235faef65a5565236d3b0050d4713580_r1c2.jpg,TP,0,29,0.9011061220019713,17903,16815,206.32891442789767,193.78990650198844
TORDILHA-B_006_jpg.rf.235faef65a5565236d3b0050d4713580_r1c2.jpg,TP,25,31,0.8753892852919147,23694,23879,273.0691670923648,275.20125943270784
TORDILHA-B_006_jpg.rf.235faef65a5565236d3b0050d4713580_r1c2.jpg,TP,32,13,0.872436295835923,5904,6147,68.04255771559559,70.8430898166948
TORDILHA-B_006_jpg.rf.235faef65a5565236d3b0050d4713580_r1c2.jpg,TP,18,28,0.8690346083788707,5237,5024,60.35550046689941,57.90071306963961
TORDILHA-B_006_jpg.rf.235faef65a5565236d3b0050d4713580_r1c2.jpg,TP,16,26,0.8649655963302753,3223,3282,37.14450601581378,37.82447060003129
TORDILHA-B_006_jpg.rf.235faef65a5565236d3b0050d4713580_r1c2.jpg,TP,5,35,0.8637139066152777,15444,14053,177.9893735365275,161.95834410184025
TORDILHA-B_006_jpg.rf.235faef65a5565236d3b0050d4713580_r1c2.jpg,TP,28,22,0.8552166224580018,4069,4324,46.8945066640851,49.83333664672008
TORDILHA-B_006_jpg.rf.235faef65a5565236d3b0050d4713580_r1c2.jpg,TP,26,7,0.8541891018737885,4122,4487,47.505322307534726,51.711882870914195
TORDILHA-B_006_jpg.rf.235faef65a5565236d3b0050d4713580_r1c2.jpg,TP,1,30,0.852912673629805,8446,8762,97.3386589542548,100.9805031680299
TORDILHA-B_006_jpg.rf.235faef65a5565236d3b0050d4713580_r1c2.jpg,TP,20,21,0.8442070233820825,11034,10025,127.16490207213444,115.536355199669
TORDILHA-B_006_jpg.rf.235faef65a5565236d3b0050d4713580_r1c2.jpg,TP,8,24,0.8428275091750439,5991,5558,69.04521735672988,64.05496879798108
TORDILHA-B_006_jpg.rf.235faef65a5565236d3b0050d4713580_r1c2.jpg,TP,11,20,0.8373879641485276,3617,3558,41.68528645957135,41.00532187535384
TORDILHA-B_006_jpg.rf.235faef65a5565236d3b0050d4713580_r1c2.jpg,TP,21,15,0.8261096605744125,1829,1668,21.078902110742604,19.223405533471112
TORDILHA-B_006_jpg.rf.235faef65a5565236d3b0050d4713580_r1c2.jpg,TP,29,14,0.8254156769596199,7440,7930,85.7446865521733,91.39185004821697
TORDILHA-B_006_jpg.rf.235faef65a5565236d3b0050d4713580_r1c2.jpg,TP,10,11,0.8124890676928459,4854,5508,55.941493081216294,63.47872762491539
TORDILHA-B_006_jpg.rf.235faef65a5565236d3b0050d4713580_r1c2.jpg,TP,2,12,0.8025635259725657,4016,4000,46.28369102063548,46.099293845254465
TORDILHA-B_006_jpg.rf.235faef65a5565236d3b0050d4713580_r1c2.jpg,TP,12,16,0.7917439703153989,4030,3696,46.44503854909387,42.59574751301513
TORDILHA-B_006_jpg.rf.235faef65a5565236d3b0050d4713580_r1c2.jpg,TP,27,2,0.7869292748433303,887,1109,10.222518410185177,12.7810292185968
TORDILHA-B_006_jpg.rf.235faef65a5565236d3b0050d4713580_r1c2.jpg,TP,33,17,0.7784090909090909,893,985,10.291667350953059,11.351951109393912
TORDILHA-B_006_jpg.rf.235faef65a5565236d3b0050d4713580_r1c2.jpg,TP,24,23,0.7752753977968176,3609,3643,41.59308787188084,41.9849318695655
TORDILHA-B_006_jpg.rf.235faef65a5565236d3b0050d4713580_r1c2.jpg,TP,23,4,0.770949720670391,693,892,7.986702658690335,10.280142527491746
TORDILHA-B_006_jpg.rf.235faef65a5565236d3b0050d4713580_r1c2.jpg,TP,22,33,0.7678853046594982,6893,5438,79.44060811883476,62.671989982623444
TORDILHA-B_006_jpg.rf.235faef65a5565236d3b0050d4713580_r1c2.jpg,TP,3,18,0.7562057493815576,9029,11559,104.05763103220063,133.2154343893241
TORDILHA-B_006_jpg.rf.235faef65a5565236d3b0050d4713580_r1c2.jpg,TP,14,1,0.741248097412481,6570,8302,75.71809014083045,95.67908437582564
TORDILHA-B_006_jpg.rf.235faef65a5565236d3b0050d4713580_r1c2.jpg,TP,19,32,0.7390022408302865,8472,6273,97.63830436424895,72.2952175728203
TORDILHA-B_006_jpg.rf.235faef65a5565236d3b0050d4713580_r1c2.jpg,TP,7,5,0.736214605067064,1485,2010,17.11436284005072,23.164895157240366
TORDILHA-B_006_jpg.rf.235faef65a5565236d3b0050d4713580_r1c2.jpg,TP,35,10,0.733474352194606,1684,1594,19.407802708852127,18.370568597333904
TORDILHA-B_006_jpg.rf.235faef65a5565236d3b0050d4713580_r1c2.jpg,TP,15,3,0.6519838601210491,3886,5940,44.78546397066471,68.45745136020288
TORDILHA-B_006_jpg.rf.235faef65a5565236d3b0050d4713580_r1c2.jpg,TP,4,9,0.5819924912845267,13662,9935,157.45213812846663,114.49912108815077
TORDILHA-B_006_jpg.rf.235faef65a5565236d3b0050d4713580_r1c2.jpg,FP,6,-1,0.0,0,8899,0.0,102.55940398222987
TORDILHA-B_006_jpg.rf.235faef65a5565236d3b0050d4713580_r1c2.jpg,FP,13,-1,0.0,0,3694,0.0,42.5726978660925
TORDILHA-B_006_jpg.rf.235faef65a5565236d3b0050d4713580_r1c2.jpg,FP,17,-1,0.0,0,10493,0.0,120.92997257956377
TORDILHA-B_006_jpg.rf.235faef65a5565236d3b0050d4713580_r1c2.jpg,FP,30,-1,0.0,0,3002,0.0,34.59752003086347
TORDILHA-B_006_jpg.rf.235faef65a5565236d3b0050d4713580_r1c2.jpg,FP,31,-1,0.0,0,437,0.0,5.03634785259405
TORDILHA-B_006_jpg.rf.235faef65a5565236d3b0050d4713580_r1c2.jpg,FP,34,-1,0.0,0,8949,0.0,103.13564515529555
TORDILHA-B_006_jpg.rf.235faef65a5565236d3b0050d4713580_r1c2.jpg,FP,36,-1,0.0,0,3744,0.0,43.14893903915818
TORDILHA-B_006_jpg.rf.235faef65a5565236d3b0050d4713580_r1c2.jpg,FN,-1,6,0.0,3393,0,39.103726004237096,0.0
TORDILHA-B_006_jpg.rf.235faef65a5565236d3b0050d4713580_r1c2.jpg,FN,-1,8,0.0,19293,0,222.3484190391236,0.0
TORDILHA-B_006_jpg.rf.235faef65a5565236d3b0050d4713580_r1c2.jpg,FN,-1,19,0.0,1032,0,11.893617812075652,0.0
TORDILHA-B_006_jpg.rf.235faef65a5565236d3b0050d4713580_r1c2.jpg,FN,-1,25,0.0,1523,0,17.552306131580636,0.0
TORDILHA-B_006_jpg.rf.235faef65a5565236d3b0050d4713580_r1c2.jpg,FN,-1,27,0.0,7405,0,85.34131773102733,0.0
TORDILHA-B_006_jpg.rf.235faef65a5565236d3b0050d4713580_r1c2.jpg,FN,-1,34,0.0,763,0,8.793440300982288,0.0
TORDILHA-B_006_jpg.rf.235faef65a5565236d3b0050d4713580_r2c0.jpg,TP,7,1,0.8947854176280572,4205,4007,48.461882654823754,46.17996760948366
TORDILHA-B_006_jpg.rf.235faef65a5565236d3b0050d4713580_r2c0.jpg,TP,3,0,0.8814139110604333,3868,4382,44.57801714836106,50.501776407476264
TORDILHA-B_006_jpg.rf.235faef65a5565236d3b0050d4713580_r2c0.jpg,TP,10,28,0.8645795632766317,15133,15778,174.40515344005894,181.83866457260623
TORDILHA-B_006_jpg.rf.235faef65a5565236d3b0050d4713580_r2c0.jpg,TP,1,22,0.8625902744342802,18858,19828,217.33512083345218,228.51419959092638
TORDILHA-B_006_jpg.rf.235faef65a5565236d3b0050d4713580_r2c0.jpg,TP,0,8,0.8603318846305807,18380,19288,211.82625521894425,222.29079492181702
TORDILHA-B_006_jpg.rf.235faef65a5565236d3b0050d4713580_r2c0.jpg,TP,13,15,0.858438046763162,5771,5913,66.50975619524088,68.14628112674741
TORDILHA-B_006_jpg.rf.235faef65a5565236d3b0050d4713580_r2c0.jpg,TP,28,19,0.85686167304538,8381,8600,96.5895454292694,99.1134817672971
TORDILHA-B_006_jpg.rf.235faef65a5565236d3b0050d4713580_r2c0.jpg,TP,34,16,0.8492193919474117,2377,2124,27.394505367542465,24.47872503183012
TORDILHA-B_006_jpg.rf.235faef65a5565236d3b0050d4713580_r2c0.jpg,TP,35,14,0.8378754171301446,3273,3336,37.720747188879464,38.446811066942224
TORDILHA-B_006_jpg.rf.235faef65a5565236d3b0050d4713580_r2c0.jpg,TP,25,29,0.8303088406491816,12828,13900,147.84043536173107,160.19504611225926
TORDILHA-B_006_jpg.rf.235faef65a5565236d3b0050d4713580_r2c0.jpg,TP,19,20,0.8180817898404548,5049,4865,58.18883365617245,56.06826613929074
TORDILHA-B_006_jpg.rf.235faef65a5565236d3b0050d4713580_r2c0.jpg,TP,11,26,0.8145922746781116,4342,4114,50.04078346902372,47.413123719844215
TORDILHA-B_006_jpg.rf.235faef65a5565236d3b0050d4713580_r2c0.jpg,TP,20,7,0.8008996212121212,3879,3728,44.70479020643552,42.96454186377716
TORDILHA-B_006_jpg.rf.235faef65a5565236d3b0050d4713580_r2c0.jpg,TP,5,5,0.7965831918505942,7510,9421,86.55142419446526,108.57536182903557
TORDILHA-B_006_jpg.rf.235faef65a5565236d3b0050d4713580_r2c0.jpg,TP,24,6,0.7923458540042523,5635,4481,64.94238020450223,51.64273393014631
TORDILHA-B_006_jpg.rf.235faef65a5565236d3b0050d4713580_r2c0.jpg,TP,2,12,0.7885972339825007,8410,10601,96.92376530964751,122.17465351338564
TORDILHA-B_006_jpg.rf.235faef65a5565236d3b0050d4713580_r2c0.jpg,TP,16,11,0.7856960873521384,48217,49907,555.6924128341586,575.1693644837786
TORDILHA-B_006_jpg.rf.235faef65a5565236d3b0050d4713580_r2c0.jpg,TP,31,4,0.7798657718120805,645,681,7.433511132547282,7.848404777154572
TORDILHA-B_006_jpg.rf.235faef65a5565236d3b0050d4713580_r2c0.jpg,TP,6,21,0.7693322776458168,3500,3204,40.33688211459766,36.92553437004882
TORDILHA-B_006_jpg.rf.235faef65a5565236d3b0050d4713580_r2c0.jpg,TP,12,18,0.7677928551647742,6698,6069,77.1932675438786,69.94415358671233
TORDILHA-B_006_jpg.rf.235faef65a5565236d3b0050d4713580_r2c0.jpg,TP,8,17,0.7557433896835717,3677,4424,42.37677586725017,50.985818992851435
TORDILHA-B_006_jpg.rf.235faef65a5565236d3b0050d4713580_r2c0.jpg,TP,30,27,0.7403653693407466,25744,29034,296.6950551880577,334.61172437577954
TORDILHA-B_006_jpg.rf.235faef65a5565236d3b0050d4713580_r2c0.jpg,TP,15,2,0.7357910906298003,962,1298,11.086880169783699,14.959220852785073
TORDILHA-B_006_jpg.rf.235faef65a5565236d3b0050d4713580_r2c0.jpg,TP,26,9,0.718381112984823,493,526,5.681737966427613,6.062057140650962
TORDILHA-B_006_jpg.rf.235faef65a5565236d3b0050d4713580_r2c0.jpg,TP,17,23,0.6621067031463749,1421,1009,16.37677413852665,11.628546872465439
TORDILHA-B_006_jpg.rf.235faef65a5565236d3b0050d4713580_r2c0.jpg,TP,4,31,0.6232759753053987,21445,15629,247.14983912787048,180.1214658768705
TORDILHA-B_006_jpg.rf.235faef65a5565236d3b0050d4713580_r2c0.jpg,TP,33,25,0.6143344709897611,1758,1080,20.260639644989336,12.446809338218705
TORDILHA-B_006_jpg.rf.235faef65a5565236d3b0050d4713580_r2c0.jpg,TP,18,3,0.5400232018561485,1500,1155,17.287235191970424,13.311171097817226
TORDILHA-B_006_jpg.rf.235faef65a5565236d3b0050d4713580_r2c0.jpg,FP,9,-1,0.0,0,7945,0.0,91.56472240013667
TORDILHA-B_006_jpg.rf.235faef65a5565236d3b0050d4713580_r2c0.jpg,FP,14,-1,0.0,0,3752,0.0,43.24113762684868
TORDILHA-B_006_jpg.rf.235faef65a5565236d3b0050d4713580_r2c0.jpg,FP,21,-1,0.0,0,2692,0.0,31.024824757856255
TORDILHA-B_006_jpg.rf.235faef65a5565236d3b0050d4713580_r2c0.jpg,FP,22,-1,0.0,0,3200,0.0,36.87943507620357
TORDILHA-B_006_jpg.rf.235faef65a5565236d3b0050d4713580_r2c0.jpg,FP,23,-1,0.0,0,16114,0.0,185.7110052556076
TORDILHA-B_006_jpg.rf.235faef65a5565236d3b0050d4713580_r2c0.jpg,FP,27,-1,0.0,0,9550,0.0,110.06206405554504
TORDILHA-B_006_jpg.rf.235faef65a5565236d3b0050d4713580_r2c0.jpg,FP,29,-1,0.0,0,5984,0.0,68.96454359250068
TORDILHA-B_006_jpg.rf.235faef65a5565236d3b0050d4713580_r2c0.jpg,FP,32,-1,0.0,0,3290,0.0,37.916669187721794
TORDILHA-B_006_jpg.rf.235faef65a5565236d3b0050d4713580_r2c0.jpg,FN,-1,10,0.0,846,0,9.75000064827132,0.0
TORDILHA-B_006_jpg.rf.235faef65a5565236d3b0050d4713580_r2c0.jpg,FN,-1,13,0.0,6076,0,70.02482735094154,0.0
TORDILHA-B_006_jpg.rf.235faef65a5565236d3b0050d4713580_r2c0.jpg,FN,-1,24,0.0,1620,0,18.670214007328056,0.0
TORDILHA-B_006_jpg.rf.235faef65a5565236d3b0050d4713580_r2c0.jpg,FN,-1,30,0.0,27461,0,316.4831770711332,0.0
TORDILHA-B_006_jpg.rf.235faef65a5565236d3b0050d4713580_r2c1.jpg,TP,8,0,0.8956658168268288,4665,5001,53.76330144702802,57.635642130029396
TORDILHA-B_006_jpg.rf.235faef65a5565236d3b0050d4713580_r2c1.jpg,TP,9,14,0.8941253836036825,4284,4357,49.37234370826753,50.21365582094342
TORDILHA-B_006_jpg.rf.235faef65a5565236d3b0050d4713580_r2c1.jpg,TP,4,11,0.8933874389006733,9959,10571,114.7757168512223,121.82890880954623
TORDILHA-B_006_jpg.rf.235faef65a5565236d3b0050d4713580_r2c1.jpg,TP,16,10,0.8918531267928859,3299,3296,38.02039259887362,37.985818128489676
TORDILHA-B_006_jpg.rf.235faef65a5565236d3b0050d4713580_r2c1.jpg,TP,14,12,0.8708882770612955,6037,6874,69.5753592359503,79.2216364730698
TORDILHA-B_006_jpg.rf.235faef65a5565236d3b0050d4713580_r2c1.jpg,TP,3,1,0.85389761941808,5718,6197,65.89894055179126,71.41933098976048
TORDILHA-B_006_jpg.rf.235faef65a5565236d3b0050d4713580_r2c1.jpg,TP,2,6,0.8472858077174624,2591,3058,29.86081758826358,35.242910144697035
TORDILHA-B_006_jpg.rf.235faef65a5565236d3b0050d4713580_r2c1.jpg,TP,6,2,0.84351011863224,4844,5723,55.82624484660315,65.95656466909783
TORDILHA-B_006_jpg.rf.235faef65a5565236d3b0050d4713580_r2c1.jpg,TP,1,4,0.8418945963975984,8848,10479,101.97163798570287,120.76862505110537
TORDILHA-B_006_jpg.rf.235faef65a5565236d3b0050d4713580_r2c1.jpg,TP,0,3,0.8408633619901226,4603,5461,53.048762392426575,62.937060922233655
TORDILHA-B_006_jpg.rf.235faef65a5565236d3b0050d4713580_r2c1.jpg,TP,10,17,0.8056179775280898,8978,10306,103.46986503567365,118.77483059229813
TORDILHA-B_006_jpg.rf.235faef65a5565236d3b0050d4713580_r2c1.jpg,TP,5,13,0.7971553256828835,5215,5904,60.1019543507505,68.04255771559559
TORDILHA-B_006_jpg.rf.235faef65a5565236d3b0050d4713580_r2c1.jpg,TP,11,9,0.7882788973824415,3604,4116,41.53546375457427,47.436173366766845
TORDILHA-B_006_jpg.rf.235faef65a5565236d3b0050d4713580_r2c1.jpg,TP,17,18,0.7866071428571428,1806,2196,20.81383117113239,25.3085123210447
TORDILHA-B_006_jpg.rf.235faef65a5565236d3b0050d4713580_r2c1.jpg,TP,12,16,0.7198275862068966,2387,2002,27.5097536021556,23.07269656954986
TORDILHA-B_006_jpg.rf.235faef65a5565236d3b0050d4713580_r2c1.jpg,TP,15,7,0.705945945945946,658,920,7.583333837544359,10.602837584408526
TORDILHA-B_006_jpg.rf.235faef65a5565236d3b0050d4713580_r2c1.jpg,TP,7,5,0.6860250359121691,3406,4810,39.253548709234174,55.43440084891849
TORDILHA-B_006_jpg.rf.235faef65a5565236d3b0050d4713580_r2c1.jpg,TP,18,8,0.5406839622641509,5329,5123,61.41578422534026,59.04167059230966
TORDILHA-B_006_jpg.rf.235faef65a5565236d3b0050d4713580_r2c1.jpg,FP,13,-1,0.0,0,4626,0.0,53.313833332036786
TORDILHA-B_006_jpg.rf.235faef65a5565236d3b0050d4713580_r2c1.jpg,FN,-1,15,0.0,9406,0,108.40248947711586,0.0
TORDILHA-B_006_jpg.rf.235faef65a5565236d3b0050d4713580_r2c2.jpg,TP,11,4,0.9218436873747495,3282,3431,37.82447060003129,39.541669295767015
TORDILHA-B_006_jpg.rf.235faef65a5565236d3b0050d4713580_r2c2.jpg,TP,9,5,0.898394314293235,3526,3686,40.63652752459181,42.480499278401986
TORDILHA-B_006_jpg.rf.235faef65a5565236d3b0050d4713580_r2c2.jpg,TP,24,36,0.8911279037223622,3298,3459,38.008867775412305,39.8643643526838
TORDILHA-B_006_jpg.rf.235faef65a5565236d3b0050d4713580_r2c2.jpg,TP,2,11,0.8881056282868972,8558,8316,98.62943918192192,95.84043190428403
TORDILHA-B_006_jpg.rf.235faef65a5565236d3b0050d4713580_r2c2.jpg,TP,8,38,0.8855581576893052,5884,6193,67.81206124636931,71.37323169591522
TORDILHA-B_006_jpg.rf.235faef65a5565236d3b0050d4713580_r2c2.jpg,TP,12,32,0.88460124954061,10005,10507,115.30585873044272,121.09132010802216
TORDILHA-B_006_jpg.rf.235faef65a5565236d3b0050d4713580_r2c2.jpg,TP,19,37,0.8811070998796631,3783,4033,43.598407154149406,46.47961301947781
TORDILHA-B_006_jpg.rf.235faef65a5565236d3b0050d4713580_r2c2.jpg,TP,1,2,0.8772018117765475,5234,5956,60.32092599651546,68.64184853558389
TORDILHA-B_006_jpg.rf.235faef65a5565236d3b0050d4713580_r2c2.jpg,TP,28,9,0.8748526985623379,3793,4162,43.71365538876255,47.96631524598727
TORDILHA-B_006_jpg.rf.235faef65a5565236d3b0050d4713580_r2c2.jpg,TP,35,18,0.8706922842329978,15799,14871,182.08068586529382,171.38564969319478
TORDILHA-B_006_jpg.rf.235faef65a5565236d3b0050d4713580_r2c2.jpg,TP,4,41,0.8704066101326375,25208,26404,290.5177498127936,304.30143867252474
TORDILHA-B_006_jpg.rf.235faef65a5565236d3b0050d4713580_r2c2.jpg,TP,21,28,0.8657844990548205,4684,5186,53.98227309279298,59.76773447037241
TORDILHA-B_006_jpg.rf.235faef65a5565236d3b0050d4713580_r2c2.jpg,TP,30,42,0.862065101686369,34320,32152,395.5319411922833,370.5461239281554
TORDILHA-B_006_jpg.rf.235faef65a5565236d3b0050d4713580_r2c2.jpg,TP,23,8,0.8524328636001064,3285,3682,37.85904507041523,42.434399984556734
TORDILHA-B_006_jpg.rf.235faef65a5565236d3b0050d4713580_r2c2.jpg,TP,32,12,0.8376321353065539,2243,2103,25.85017902372644,24.236703739142534
TORDILHA-B_006_jpg.rf.235faef65a5565236d3b0050d4713580_r2c2.jpg,TP,15,0,0.836100569259962,3534,4207,40.72872611228232,48.48493230174638
TORDILHA-B_006_jpg.rf.235faef65a5565236d3b0050d4713580_r2c2.jpg,TP,31,19,0.8342869718309859,7884,8786,90.86170816899654,101.25709893110142
TORDILHA-B_006_jpg.rf.235faef65a5565236d3b0050d4713580_r2c2.jpg,TP,6,14,0.8274317406143344,9161,7973,105.57890772909404,91.88741745705346
TORDILHA-B_006_jpg.rf.235faef65a5565236d3b0050d4713580_r2c2.jpg,TP,18,20,0.8221509620128269,6791,7983,78.26507612578077,92.00266569166659
TORDILHA-B_006_jpg.rf.235faef65a5565236d3b0050d4713580_r2c2.jpg,TP,25,13,0.8190866510538641,3297,2917,37.99734295195099,33.617910036651814
TORDILHA-B_006_jpg.rf.235faef65a5565236d3b0050d4713580_r2c2.jpg,TP,0,34,0.8188486883003854,7851,6778,90.4813889947732,78.11525342078369
TORDILHA-B_006_jpg.rf.235faef65a5565236d3b0050d4713580_r2c2.jpg,TP,7,29,0.8060682680151706,3247,3896,37.42110177888531,44.90071220527785
TORDILHA-B_006_jpg.rf.235faef65a5565236d3b0050d4713580_r2c2.jpg,TP,3,25,0.8055196901226598,5493,5694,63.30585527299569,65.62234478871973
TORDILHA-B_006_jpg.rf.235faef65a5565236d3b0050d4713580_r2c2.jpg,TP,13,26,0.8035072892457216,4381,4155,50.49025158401495,47.88564148175807
TORDILHA-B_006_jpg.rf.235faef65a5565236d3b0050d4713580_r2c2.jpg,TP,5,1,0.7961138478379858,2911,3652,33.54876109588393,42.088655280717326
TORDILHA-B_006_jpg.rf.235faef65a5565236d3b0050d4713580_r2c2.jpg,TP,16,7,0.7942731277533039,1803,2270,20.779256700748448,26.161349257181907
TORDILHA-B_006_jpg.rf.235faef65a5565236d3b0050d4713580_r2c2.jpg,TP,14,15,0.7837153196622436,7633,7154,87.96897748020683,82.4485870422376
TORDILHA-B_006_jpg.rf.235faef65a5565236d3b0050d4713580_r2c2.jpg,TP,10,3,0.7789799072642968,4067,5141,46.87145701716248,59.2491174146133
TORDILHA-B_006_jpg.rf.235faef65a5565236d3b0050d4713580_r2c2.jpg,TP,29,10,0.7778394890308248,3383,3019,38.98847776962396,34.79344202970581
TORDILHA-B_006_jpg.rf.235faef65a5565236d3b0050d4713580_r2c2.jpg,TP,20,17,0.7230320699708455,2176,2552,25.078015851818428,29.41134947327235
TORDILHA-B_006_jpg.rf.235faef65a5565236d3b0050d4713580_r2c2.jpg,TP,37,35,0.7151548672566371,1595,1506,18.38209342079522,17.356384132738306
TORDILHA-B_006_jpg.rf.235faef65a5565236d3b0050d4713580_r2c2.jpg,TP,27,21,0.6683884297520661,2612,3848,30.102838880951165,44.347520679134796
TORDILHA-B_006_jpg.rf.235faef65a5565236d3b0050d4713580_r2c2.jpg,TP,39,30,0.6164766115894811,3995,2951,46.0416697279479,34.00975403433648
TORDILHA-B_006_jpg.rf.235faef65a5565236d3b0050d4713580_r2c2.jpg,TP,38,23,0.5892667375132837,1168,1823,13.460993802814304,21.009753169974722
TORDILHA-B_006_jpg.rf.235faef65a5565236d3b0050d4713580_r2c2.jpg,FP,17,-1,0.0,0,15919,0.0,183.46366468065145
TORDILHA-B_006_jpg.rf.235faef65a5565236d3b0050d4713580_r2c2.jpg,FP,22,-1,0.0,0,5057,0.0,58.28103224386295
TORDILHA-B_006_jpg.rf.235faef65a5565236d3b0050d4713580_r2c2.jpg,FP,26,-1,0.0,0,8208,0.0,94.59575097046216
TORDILHA-B_006_jpg.rf.235faef65a5565236d3b0050d4713580_r2c2.jpg,FP,33,-1,0.0,0,4418,0.0,50.91667005208355
TORDILHA-B_006_jpg.rf.235faef65a5565236d3b0050d4713580_r2c2.jpg,FP,34,-1,0.0,0,9456,0.0,108.97873065018155
TORDILHA-B_006_jpg.rf.235faef65a5565236d3b0050d4713580_r2c2.jpg,FP,36,-1,0.0,0,7056,0.0,81.31915434302887
TORDILHA-B_006_jpg.rf.235faef65a5565236d3b0050d4713580_r2c2.jpg,FN,-1,6,0.0,3027,0,34.88564061739631,0.0
TORDILHA-B_006_jpg.rf.235faef65a5565236d3b0050d4713580_r2c2.jpg,FN,-1,16,0.0,2279,0,26.26507266833373,0.0
TORDILHA-B_006_jpg.rf.235faef65a5565236d3b0050d4713580_r2c2.jpg,FN,-1,22,0.0,574,0,6.615248666794016,0.0
TORDILHA-B_006_jpg.rf.235faef65a5565236d3b0050d4713580_r2c2.jpg,FN,-1,24,0.0,28681,0,330.5434616939358,0.0
TORDILHA-B_006_jpg.rf.235faef65a5565236d3b0050d4713580_r2c2.jpg,FN,-1,27,0.0,9610,0,110.75355346322385,0.0
TORDILHA-B_006_jpg.rf.235faef65a5565236d3b0050d4713580_r2c2.jpg,FN,-1,31,0.0,2058,0,23.718086683383422,0.0
TORDILHA-B_006_jpg.rf.235faef65a5565236d3b0050d4713580_r2c2.jpg,FN,-1,33,0.0,1225,0,14.11790874010918,0.0
TORDILHA-B_006_jpg.rf.235faef65a5565236d3b0050d4713580_r2c2.jpg,FN,-1,39,0.0,2657,0,30.621455936710277,0.0
TORDILHA-B_006_jpg.rf.235faef65a5565236d3b0050d4713580_r2c2.jpg,FN,-1,40,0.0,572,0,6.592199019871388,0.0
TORDILHA-D_003_jpg.rf.e67cd4ad20c15ed213012bb43fa0dc3f_r0c0.jpg,TP,0,0,0.9090116785776539,15821,17035,182.3342319814427,196.32536766347744
TORDILHA-D_003_jpg.rf.e67cd4ad20c15ed213012bb43fa0dc3f_r0c0.jpg,TP,1,2,0.8848939472322814,3449,3838,39.74911611807066,44.232272444521655
TORDILHA-D_003_jpg.rf.e67cd4ad20c15ed213012bb43fa0dc3f_r0c0.jpg,TP,2,1,0.8820791311093871,3497,3781,40.30230764421371,43.575357507226784
TORDILHA-D_003_jpg.rf.e67cd4ad20c15ed213012bb43fa0dc3f_r0c0.jpg,TP,13,17,0.8150753768844221,821,985,9.461880061738478,11.351951109393912
TORDILHA-D_003_jpg.rf.e67cd4ad20c15ed213012bb43fa0dc3f_r0c0.jpg,TP,19,5,0.7906482465462275,6420,5375,73.98936662163341,61.945926104560684
TORDILHA-D_003_jpg.rf.e67cd4ad20c15ed213012bb43fa0dc3f_r0c0.jpg,TP,11,6,0.7048103411739776,3547,4498,40.878548817279395,51.83865592898864
TORDILHA-D_003_jpg.rf.e67cd4ad20c15ed213012bb43fa0dc3f_r0c0.jpg,TP,8,9,0.6994480682388359,1753,1634,20.20301552768277,18.83156153578645
TORDILHA-D_003_jpg.rf.e67cd4ad20c15ed213012bb43fa0dc3f_r0c0.jpg,TP,4,3,0.5308987535534659,21044,13960,242.52838491988373,160.88653551993806
TORDILHA-D_003_jpg.rf.e67cd4ad20c15ed213012bb43fa0dc3f_r0c0.jpg,FP,3,-1,0.0,0,3268,0.0,37.6631230715729
TORDILHA-D_003_jpg.rf.e67cd4ad20c15ed213012bb43fa0dc3f_r0c0.jpg,FP,5,-1,0.0,0,2706,0.0,31.186172286314644
TORDILHA-D_003_jpg.rf.e67cd4ad20c15ed213012bb43fa0dc3f_r0c0.jpg,FP,6,-1,0.0,0,2211,0.0,25.481384672964406
TORDILHA-D_003_jpg.rf.e67cd4ad20c15ed213012bb43fa0dc3f_r0c0.jpg,FP,7,-1,0.0,0,4461,0.0,51.41223746092004
TORDILHA-D_003_jpg.rf.e67cd4ad20c15ed213012bb43fa0dc3f_r0c0.jpg,FP,9,-1,0.0,0,5435,0.0,62.6374155122395
TORDILHA-D_003_jpg.rf.e67cd4ad20c15ed213012bb43fa0dc3f_r0c0.jpg,FP,10,-1,0.0,0,1717,0.0,19.78812188307548
TORDILHA-D_003_jpg.rf.e67cd4ad20c15ed213012bb43fa0dc3f_r0c0.jpg,FP,12,-1,0.0,0,1590,0.0,18.324469303488648
TORDILHA-D_003_jpg.rf.e67cd4ad20c15ed213012bb43fa0dc3f_r0c0.jpg,FP,14,-1,0.0,0,1901,0.0,21.908689399957183
TORDILHA-D_003_jpg.rf.e67cd4ad20c15ed213012bb43fa0dc3f_r0c0.jpg,FP,15,-1,0.0,0,3578,0.0,41.23581834458012
TORDILHA-D_003_jpg.rf.e67cd4ad20c15ed213012bb43fa0dc3f_r0c0.jpg,FP,16,-1,0.0,0,802,0.0,9.24290841597352
TORDILHA-D_003_jpg.rf.e67cd4ad20c15ed213012bb43fa0dc3f_r0c0.jpg,FP,17,-1,0.0,0,13252,0.0,152.72696050932802
TORDILHA-D_003_jpg.rf.e67cd4ad20c15ed213012bb43fa0dc3f_r0c0.jpg,FP,18,-1,0.0,0,1204,0.0,13.875887447421594
TORDILHA-D_003_jpg.rf.e67cd4ad20c15ed213012bb43fa0dc3f_r0c0.jpg,FP,20,-1,0.0,0,2410,0.0,27.774824541765813
TORDILHA-D_003_jpg.rf.e67cd4ad20c15ed213012bb43fa0dc3f_r0c0.jpg,FP,21,-1,0.0,0,860,0.0,9.91134817672971
TORDILHA-D_003_jpg.rf.e67cd4ad20c15ed213012bb43fa0dc3f_r0c0.jpg,FP,22,-1,0.0,0,1606,0.0,18.508866478869667
TORDILHA-D_003_jpg.rf.e67cd4ad20c15ed213012bb43fa0dc3f_r0c0.jpg,FP,23,-1,0.0,0,2336,0.0,26.92198760562861
TORDILHA-D_003_jpg.rf.e67cd4ad20c15ed213012bb43fa0dc3f_r0c0.jpg,FP,24,-1,0.0,0,2099,0.0,24.19060444529728
TORDILHA-D_003_jpg.rf.e67cd4ad20c15ed213012bb43fa0dc3f_r0c0.jpg,FP,25,-1,0.0,0,2347,0.0,27.048760663703057
TORDILHA-D_003_jpg.rf.e67cd4ad20c15ed213012bb43fa0dc3f_r0c0.jpg,FP,26,-1,0.0,0,5221,0.0,60.171103291518385
TORDILHA-D_003_jpg.rf.e67cd4ad20c15ed213012bb43fa0dc3f_r0c0.jpg,FP,27,-1,0.0,0,1921,0.0,22.139185869183457
TORDILHA-D_003_jpg.rf.e67cd4ad20c15ed213012bb43fa0dc3f_r0c0.jpg,FP,28,-1,0.0,0,1610,0.0,18.554965772714922
TORDILHA-D_003_jpg.rf.e67cd4ad20c15ed213012bb43fa0dc3f_r0c0.jpg,FN,-1,4,0.0,3357,0,38.68883235962981,0.0
TORDILHA-D_003_jpg.rf.e67cd4ad20c15ed213012bb43fa0dc3f_r0c0.jpg,FN,-1,7,0.0,24593,0,283.42998338408574,0.0
TORDILHA-D_003_jpg.rf.e67cd4ad20c15ed213012bb43fa0dc3f_r0c0.jpg,FN,-1,8,0.0,8536,0,98.37589306577303,0.0
TORDILHA-D_003_jpg.rf.e67cd4ad20c15ed213012bb43fa0dc3f_r0c0.jpg,FN,-1,10,0.0,8888,0,102.43263092415542,0.0
TORDILHA-D_003_jpg.rf.e67cd4ad20c15ed213012bb43fa0dc3f_r0c0.jpg,FN,-1,11,0.0,12461,0,143.61082515142897,0.0
TORDILHA-D_003_jpg.rf.e67cd4ad20c15ed213012bb43fa0dc3f_r0c0.jpg,FN,-1,12,0.0,6535,0,75.31472131968448,0.0
TORDILHA-D_003_jpg.rf.e67cd4ad20c15ed213012bb43fa0dc3f_r0c0.jpg,FN,-1,13,0.0,11091,0,127.82181700942931,0.0
TORDILHA-D_003_jpg.rf.e67cd4ad20c15ed213012bb43fa0dc3f_r0c0.jpg,FN,-1,14,0.0,30193,0,347.968994767442,0.0
TORDILHA-D_003_jpg.rf.e67cd4ad20c15ed213012bb43fa0dc3f_r0c0.jpg,FN,-1,15,0.0,12697,0,146.33068348829897,0.0
TORDILHA-D_003_jpg.rf.e67cd4ad20c15ed213012bb43fa0dc3f_r0c0.jpg,FN,-1,16,0.0,5693,0,65.61081996525841,0.0
TORDILHA-D_003_jpg.rf.e67cd4ad20c15ed213012bb43fa0dc3f_r0c0.jpg,FN,-1,18,0.0,855,0,9.853724059423142,0.0
TORDILHA-D_003_jpg.rf.e67cd4ad20c15ed213012bb43fa0dc3f_r0c1.jpg,TP,0,11,0.8182302771855011,4879,5354,56.229613667749135,61.7039048118731
TORDILHA-D_003_jpg.rf.e67cd4ad20c15ed213012bb43fa0dc3f_r0c1.jpg,TP,10,12,0.8067885117493473,933,1143,10.752660289405604,13.172873216281463
TORDILHA-D_003_jpg.rf.e67cd4ad20c15ed213012bb43fa0dc3f_r0c1.jpg,TP,8,13,0.801452784503632,1033,1199,11.905142635536965,13.818263330115025
TORDILHA-D_003_jpg.rf.e67cd4ad20c15ed213012bb43fa0dc3f_r0c1.jpg,TP,14,6,0.7863449087698646,4362,4743,50.27127993824999,54.66223767701048
TORDILHA-D_003_jpg.rf.e67cd4ad20c15ed213012bb43fa0dc3f_r0c1.jpg,TP,25,14,0.754524886877828,676,875,7.7907806598480045,10.084220528649414
TORDILHA-D_003_jpg.rf.e67cd4ad20c15ed213012bb43fa0dc3f_r0c1.jpg,TP,21,4,0.627647460715099,3516,3631,40.52127928997867,41.84663398802974
TORDILHA-D_003_jpg.rf.e67cd4ad20c15ed213012bb43fa0dc3f_r0c1.jpg,TP,16,8,0.6185731367078517,3932,4190,45.31560584988514,48.28901030290405
TORDILHA-D_003_jpg.rf.e67cd4ad20c15ed213012bb43fa0dc3f_r0c1.jpg,TP,28,5,0.5760233918128655,3393,2536,39.103726004237096,29.22695229789133
TORDILHA-D_003_jpg.rf.e67cd4ad20c15ed213012bb43fa0dc3f_r0c1.jpg,FP,1,-1,0.0,0,26001,0.0,299.6569348176153
TORDILHA-D_003_jpg.rf.e67cd4ad20c15ed213012bb43fa0dc3f_r0c1.jpg,FP,2,-1,0.0,0,2835,0.0,32.6728745128241
TORDILHA-D_003_jpg.rf.e67cd4ad20c15ed213012bb43fa0dc3f_r0c1.jpg,FP,3,-1,0.0,0,2229,0.0,25.68883149526805
TORDILHA-D_003_jpg.rf.e67cd4ad20c15ed213012bb43fa0dc3f_r0c1.jpg,FP,4,-1,0.0,0,2858,0.0,32.93794545243431
TORDILHA-D_003_jpg.rf.e67cd4ad20c15ed213012bb43fa0dc3f_r0c1.jpg,FP,5,-1,0.0,0,2596,0.0,29.918441705570146
TORDILHA-D_003_jpg.rf.e67cd4ad20c15ed213012bb43fa0dc3f_r0c1.jpg,FP,6,-1,0.0,0,1696,0.0,19.546100590387894
TORDILHA-D_003_jpg.rf.e67cd4ad20c15ed213012bb43fa0dc3f_r0c1.jpg,FP,7,-1,0.0,0,3192,0.0,36.78723648851306
TORDILHA-D_003_jpg.rf.e67cd4ad20c15ed213012bb43fa0dc3f_r0c1.jpg,FP,9,-1,0.0,0,11020,0.0,127.00355454367605
TORDILHA-D_003_jpg.rf.e67cd4ad20c15ed213012bb43fa0dc3f_r0c1.jpg,FP,11,-1,0.0,0,3200,0.0,36.87943507620357
TORDILHA-D_003_jpg.rf.e67cd4ad20c15ed213012bb43fa0dc3f_r0c1.jpg,FP,12,-1,0.0,0,5251,0.0,60.5168479953578
TORDILHA-D_003_jpg.rf.e67cd4ad20c15ed213012bb43fa0dc3f_r0c1.jpg,FP,13,-1,0.0,0,1534,0.0,17.679079189655088
TORDILHA-D_003_jpg.rf.e67cd4ad20c15ed213012bb43fa0dc3f_r0c1.jpg,FP,15,-1,0.0,0,3685,0.0,42.46897445494067
TORDILHA-D_003_jpg.rf.e67cd4ad20c15ed213012bb43fa0dc3f_r0c1.jpg,FP,17,-1,0.0,0,1155,0.0,13.311171097817226
TORDILHA-D_003_jpg.rf.e67cd4ad20c15ed213012bb43fa0dc3f_r0c1.jpg,FP,18,-1,0.0,0,4424,0.0,50.985818992851435
TORDILHA-D_003_jpg.rf.e67cd4ad20c15ed213012bb43fa0dc3f_r0c1.jpg,FP,19,-1,0.0,0,1262,0.0,14.544327208177783
TORDILHA-D_003_jpg.rf.e67cd4ad20c15ed213012bb43fa0dc3f_r0c1.jpg,FP,20,-1,0.0,0,15968,0.0,184.02838103025582
TORDILHA-D_003_jpg.rf.e67cd4ad20c15ed213012bb43fa0dc3f_r0c1.jpg,FP,22,-1,0.0,0,20883,0.0,240.67288834261223
TORDILHA-D_003_jpg.rf.e67cd4ad20c15ed213012bb43fa0dc3f_r0c1.jpg,FP,23,-1,0.0,0,1122,0.0,12.930851923593877
TORDILHA-D_003_jpg.rf.e67cd4ad20c15ed213012bb43fa0dc3f_r0c1.jpg,FP,24,-1,0.0,0,2805,0.0,32.327129808984694
TORDILHA-D_003_jpg.rf.e67cd4ad20c15ed213012bb43fa0dc3f_r0c1.jpg,FP,26,-1,0.0,0,1219,0.0,14.048759799341298
TORDILHA-D_003_jpg.rf.e67cd4ad20c15ed213012bb43fa0dc3f_r0c1.jpg,FP,27,-1,0.0,0,1408,0.0,16.22695143352957
TORDILHA-D_003_jpg.rf.e67cd4ad20c15ed213012bb43fa0dc3f_r0c1.jpg,FP,29,-1,0.0,0,4263,0.0,49.13032241557995
TORDILHA-D_003_jpg.rf.e67cd4ad20c15ed213012bb43fa0dc3f_r0c1.jpg,FP,30,-1,0.0,0,3002,0.0,34.59752003086347
TORDILHA-D_003_jpg.rf.e67cd4ad20c15ed213012bb43fa0dc3f_r0c1.jpg,FP,31,-1,0.0,0,1503,0.0,17.321809662354365
TORDILHA-D_003_jpg.rf.e67cd4ad20c15ed213012bb43fa0dc3f_r0c1.jpg,FP,32,-1,0.0,0,3015,0.0,34.74734273586055
TORDILHA-D_003_jpg.rf.e67cd4ad20c15ed213012bb43fa0dc3f_r0c1.jpg,FN,-1,0,0.0,53759,0,619.5629844567587,0.0
TORDILHA-D_003_jpg.rf.e67cd4ad20c15ed213012bb43fa0dc3f_r0c1.jpg,FN,-1,1,0.0,7084,0,81.64184939994566,0.0
TORDILHA-D_003_jpg.rf.e67cd4ad20c15ed213012bb43fa0dc3f_r0c1.jpg,FN,-1,2,0.0,81019,0,933.7296720121678,0.0
TORDILHA-D_003_jpg.rf.e67cd4ad20c15ed213012bb43fa0dc3f_r0c1.jpg,FN,-1,3,0.0,9554,0,110.10816334939028,0.0
TORDILHA-D_003_jpg.rf.e67cd4ad20c15ed213012bb43fa0dc3f_r0c1.jpg,FN,-1,7,0.0,5347,0,61.623231047643905,0.0
TORDILHA-D_003_jpg.rf.e67cd4ad20c15ed213012bb43fa0dc3f_r0c1.jpg,FN,-1,9,0.0,8318,0,95.86348155120666,0.0
TORDILHA-D_003_jpg.rf.e67cd4ad20c15ed213012bb43fa0dc3f_r0c1.jpg,FN,-1,10,0.0,27845,0,320.9087092802776,0.0
TORDILHA-D_003_jpg.rf.e67cd4ad20c15ed213012bb43fa0dc3f_r0c1.jpg,FN,-1,15,0.0,5237,0,60.35550046689941,0.0
TORDILHA-D_003_jpg.rf.e67cd4ad20c15ed213012bb43fa0dc3f_r0c1.jpg,FN,-1,16,0.0,1116,0,12.861702982825996,0.0
TORDILHA-D_003_jpg.rf.e67cd4ad20c15ed213012bb43fa0dc3f_r1c0.jpg,TP,4,2,0.8771013175829169,3941,4322,45.41932926103696,49.81028699979745
TORDILHA-D_003_jpg.rf.e67cd4ad20c15ed213012bb43fa0dc3f_r1c0.jpg,TP,2,6,0.8669154228855721,2841,3163,32.74202345359198,36.453016608134966
TORDILHA-D_003_jpg.rf.e67cd4ad20c15ed213012bb43fa0dc3f_r1c0.jpg,TP,9,5,0.8665447897623401,948,1094,10.925532641325308,12.608156866677096
TORDILHA-D_003_jpg.rf.e67cd4ad20c15ed213012bb43fa0dc3f_r1c0.jpg,TP,8,8,0.8255166008822846,8122,7603,93.60461615278919,87.62323277636742
TORDILHA-D_003_jpg.rf.e67cd4ad20c15ed213012bb43fa0dc3f_r1c0.jpg,TP,21,21,0.8179551122194514,1045,1142,12.043440517072728,13.16134839282015
TORDILHA-D_003_jpg.rf.e67cd4ad20c15ed213012bb43fa0dc3f_r1c0.jpg,TP,1,4,0.81218735788995,5947,6008,68.53812512443207,69.2411393555722
TORDILHA-D_003_jpg.rf.e67cd4ad20c15ed213012bb43fa0dc3f_r1c0.jpg,TP,13,23,0.802547770700637,1152,1395,13.276596627433285,16.077128728532493
TORDILHA-D_003_jpg.rf.e67cd4ad20c15ed213012bb43fa0dc3f_r1c0.jpg,TP,6,9,0.7932148626817448,2588,2962,29.82624311787964,34.13652709241093
TORDILHA-D_003_jpg.rf.e67cd4ad20c15ed213012bb43fa0dc3f_r1c0.jpg,TP,16,20,0.7786054210635216,4138,4458,47.68971948291574,51.3776629905361
TORDILHA-D_003_jpg.rf.e67cd4ad20c15ed213012bb43fa0dc3f_r1c0.jpg,TP,12,10,0.7658385093167702,2974,2712,34.27482497394669,31.255321227082526
TORDILHA-D_003_jpg.rf.e67cd4ad20c15ed213012bb43fa0dc3f_r1c0.jpg,TP,20,3,0.7332339791356185,3991,4150,45.99557043410264,47.828017364451505
TORDILHA-D_003_jpg.rf.e67cd4ad20c15ed213012bb43fa0dc3f_r1c0.jpg,TP,18,11,0.6876259572752922,2070,2117,23.856384564919185,24.398051267600923
TORDILHA-D_003_jpg.rf.e67cd4ad20c15ed213012bb43fa0dc3f_r1c0.jpg,TP,7,15,0.6784386617100372,1625,1987,18.727838124634626,22.899824217630155
TORDILHA-D_003_jpg.rf.e67cd4ad20c15ed213012bb43fa0dc3f_r1c0.jpg,TP,3,14,0.6660846791793976,4285,3349,49.383868531728844,38.5966337719393
TORDILHA-D_003_jpg.rf.e67cd4ad20c15ed213012bb43fa0dc3f_r1c0.jpg,TP,0,0,0.6510948905109489,2330,3325,26.852838664860723,38.32003800886777
TORDILHA-D_003_jpg.rf.e67cd4ad20c15ed213012bb43fa0dc3f_r1c0.jpg,TP,19,17,0.6174825174825175,2526,2100,29.111704063278193,24.202129268758593
TORDILHA-D_003_jpg.rf.e67cd4ad20c15ed213012bb43fa0dc3f_r1c0.jpg,TP,5,7,0.5780496209510683,5804,3355,66.89007536946423,38.665782712707184
TORDILHA-D_003_jpg.rf.e67cd4ad20c15ed213012bb43fa0dc3f_r1c0.jpg,TP,11,1,0.5522501906941266,754,1281,8.689716889830466,14.763298853942741
TORDILHA-D_003_jpg.rf.e67cd4ad20c15ed213012bb43fa0dc3f_r1c0.jpg,TP,14,13,0.5310344827586206,632,1144,7.283688427550205,13.184398039742776
TORDILHA-D_003_jpg.rf.e67cd4ad20c15ed213012bb43fa0dc3f_r1c0.jpg,TP,10,12,0.521713954834974,12360,8664,142.4468179818363,99.85107046882116
TORDILHA-D_003_jpg.rf.e67cd4ad20c15ed213012bb43fa0dc3f_r1c0.jpg,FP,15,-1,0.0,0,2778,0.0,32.01595957552922
TORDILHA-D_003_jpg.rf.e67cd4ad20c15ed213012bb43fa0dc3f_r1c0.jpg,FP,17,-1,0.0,0,5488,0.0,63.248231155689126
TORDILHA-D_003_jpg.rf.e67cd4ad20c15ed213012bb43fa0dc3f_r1c0.jpg,FP,22,-1,0.0,0,4419,0.0,50.92819487554487
TORDILHA-D_003_jpg.rf.e67cd4ad20c15ed213012bb43fa0dc3f_r1c0.jpg,FP,23,-1,0.0,0,2054,0.0,23.671987389538167
TORDILHA-D_003_jpg.rf.e67cd4ad20c15ed213012bb43fa0dc3f_r1c0.jpg,FP,24,-1,0.0,0,2314,0.0,26.668441489479708
TORDILHA-D_003_jpg.rf.e67cd4ad20c15ed213012bb43fa0dc3f_r1c0.jpg,FP,25,-1,0.0,0,1015,0.0,11.69769581323332
TORDILHA-D_003_jpg.rf.e67cd4ad20c15ed213012bb43fa0dc3f_r1c0.jpg,FP,26,-1,0.0,0,992,0.0,11.432624873623107
TORDILHA-D_003_jpg.rf.e67cd4ad20c15ed213012bb43fa0dc3f_r1c0.jpg,FP,27,-1,0.0,0,3609,0.0,41.59308787188084
TORDILHA-D_003_jpg.rf.e67cd4ad20c15ed213012bb43fa0dc3f_r1c0.jpg,FN,-1,16,0.0,16112,0,185.68795560868497,0.0
TORDILHA-D_003_jpg.rf.e67cd4ad20c15ed213012bb43fa0dc3f_r1c0.jpg,FN,-1,18,0.0,10773,0,124.15692314873158,0.0
TORDILHA-D_003_jpg.rf.e67cd4ad20c15ed213012bb43fa0dc3f_r1c0.jpg,FN,-1,19,0.0,3028,0,34.89716544085763,0.0
TORDILHA-D_003_jpg.rf.e67cd4ad20c15ed213012bb43fa0dc3f_r1c0.jpg,FN,-1,22,0.0,11834,0,136.38476084118534,0.0
TORDILHA-D_003_jpg.rf.e67cd4ad20c15ed213012bb43fa0dc3f_r1c0.jpg,FN,-1,24,0.0,3787,0,43.644506447994665,0.0
TORDILHA-D_003_jpg.rf.e67cd4ad20c15ed213012bb43fa0dc3f_r1c1.jpg,TP,3,15,0.8772769089236431,4790,5413,55.20390437969222,62.3838693960906
TORDILHA-D_003_jpg.rf.e67cd4ad20c15ed213012bb43fa0dc3f_r1c1.jpg,TP,18,26,0.8575851393188855,1184,1216,13.645390978195321,14.014185328957357
TORDILHA-D_003_jpg.rf.e67cd4ad20c15ed213012bb43fa0dc3f_r1c1.jpg,TP,1,16,0.8361555346503606,5333,6378,61.46188351918551,73.50532403625824
TORDILHA-D_003_jpg.rf.e67cd4ad20c15ed213012bb43fa0dc3f_r1c1.jpg,TP,0,4,0.8254206230218224,5802,5156,66.8670257225416,59.421989766533
TORDILHA-D_003_jpg.rf.e67cd4ad20c15ed213012bb43fa0dc3f_r1c1.jpg,TP,2,6,0.8028368794326242,2961,3394,34.125002268949615,39.11525082769841
TORDILHA-D_003_jpg.rf.e67cd4ad20c15ed213012bb43fa0dc3f_r1c1.jpg,TP,5,1,0.7420224719101124,3329,4423,38.36613730271303,50.97429416939012
TORDILHA-D_003_jpg.rf.e67cd4ad20c15ed213012bb43fa0dc3f_r1c1.jpg,TP,9,14,0.7177938808373591,3959,4575,45.6267760833406,52.72606733550979
TORDILHA-D_003_jpg.rf.e67cd4ad20c15ed213012bb43fa0dc3f_r1c1.jpg,TP,23,23,0.7177664974619289,728,964,8.390071479836312,11.109929816706325
TORDILHA-D_003_jpg.rf.e67cd4ad20c15ed213012bb43fa0dc3f_r1c1.jpg,TP,6,9,0.676725078164764,9715,13345,111.96365992666178,153.7987690912302
TORDILHA-D_003_jpg.rf.e67cd4ad20c15ed213012bb43fa0dc3f_r1c1.jpg,TP,12,5,0.6570564984887236,2981,4146,34.35549873817589,47.78191807060625
TORDILHA-D_003_jpg.rf.e67cd4ad20c15ed213012bb43fa0dc3f_r1c1.jpg,TP,16,8,0.6309625212947189,12476,10501,143.78369750334866,121.02217116725429
TORDILHA-D_003_jpg.rf.e67cd4ad20c15ed213012bb43fa0dc3f_r1c1.jpg,TP,31,21,0.6281211262617319,5559,3635,64.06649362144239,41.892733281874996
TORDILHA-D_003_jpg.rf.e67cd4ad20c15ed213012bb43fa0dc3f_r1c1.jpg,TP,26,7,0.6045624001420202,19810,16344,228.30675276862272,188.36171465170975
TORDILHA-D_003_jpg.rf.e67cd4ad20c15ed213012bb43fa0dc3f_r1c1.jpg,TP,8,12,0.5901278096077567,12864,8784,148.25532900633834,101.2340492841788
TORDILHA-D_003_jpg.rf.e67cd4ad20c15ed213012bb43fa0dc3f_r1c1.jpg,TP,7,2,0.5859766277128547,3603,5897,41.52393893111296,67.96188395136639
TORDILHA-D_003_jpg.rf.e67cd4ad20c15ed213012bb43fa0dc3f_r1c1.jpg,TP,25,0,0.5673854447439353,511,652,5.889184788731257,7.514184896776477
TORDILHA-D_003_jpg.rf.e67cd4ad20c15ed213012bb43fa0dc3f_r1c1.jpg,FP,4,-1,0.0,0,2585,0.0,29.791668647495698
TORDILHA-D_003_jpg.rf.e67cd4ad20c15ed213012bb43fa0dc3f_r1c1.jpg,FP,10,-1,0.0,0,1897,0.0,21.86259010611193
TORDILHA-D_003_jpg.rf.e67cd4ad20c15ed213012bb43fa0dc3f_r1c1.jpg,FP,11,-1,0.0,0,1095,0.0,12.619681690138409
TORDILHA-D_003_jpg.rf.e67cd4ad20c15ed213012bb43fa0dc3f_r1c1.jpg,FP,13,-1,0.0,0,7809,0.0,89.99734640939802
TORDILHA-D_003_jpg.rf.e67cd4ad20c15ed213012bb43fa0dc3f_r1c1.jpg,FP,14,-1,0.0,0,2230,0.0,25.700356318729362
TORDILHA-D_003_jpg.rf.e67cd4ad20c15ed213012bb43fa0dc3f_r1c1.jpg,FP,15,-1,0.0,0,1375,0.0,15.846632259306222
TORDILHA-D_003_jpg.rf.e67cd4ad20c15ed213012bb43fa0dc3f_r1c1.jpg,FP,17,-1,0.0,0,2962,0.0,34.13652709241093
TORDILHA-D_003_jpg.rf.e67cd4ad20c15ed213012bb43fa0dc3f_r1c1.jpg,FP,19,-1,0.0,0,1292,0.0,14.890071912017191
TORDILHA-D_003_jpg.rf.e67cd4ad20c15ed213012bb43fa0dc3f_r1c1.jpg,FP,20,-1,0.0,0,1141,0.0,13.149823569358835
TORDILHA-D_003_jpg.rf.e67cd4ad20c15ed213012bb43fa0dc3f_r1c1.jpg,FP,21,-1,0.0,0,932,0.0,10.74113546594429
TORDILHA-D_003_jpg.rf.e67cd4ad20c15ed213012bb43fa0dc3f_r1c1.jpg,FP,22,-1,0.0,0,1899,0.0,21.885639753034557
TORDILHA-D_003_jpg.rf.e67cd4ad20c15ed213012bb43fa0dc3f_r1c1.jpg,FP,24,-1,0.0,0,1020,0.0,11.755319930539889
TORDILHA-D_003_jpg.rf.e67cd4ad20c15ed213012bb43fa0dc3f_r1c1.jpg,FP,27,-1,0.0,0,1723,0.0,19.85727082384336
TORDILHA-D_003_jpg.rf.e67cd4ad20c15ed213012bb43fa0dc3f_r1c1.jpg,FP,28,-1,0.0,0,1247,0.0,14.37145485625808
TORDILHA-D_003_jpg.rf.e67cd4ad20c15ed213012bb43fa0dc3f_r1c1.jpg,FP,29,-1,0.0,0,1451,0.0,16.722518842366057
TORDILHA-D_003_jpg.rf.e67cd4ad20c15ed213012bb43fa0dc3f_r1c1.jpg,FP,30,-1,0.0,0,2082,0.0,23.99468244645495
TORDILHA-D_003_jpg.rf.e67cd4ad20c15ed213012bb43fa0dc3f_r1c1.jpg,FP,32,-1,0.0,0,507,0.0,5.843085494886004
TORDILHA-D_003_jpg.rf.e67cd4ad20c15ed213012bb43fa0dc3f_r1c1.jpg,FP,33,-1,0.0,0,1223,0.0,14.094859093186551
TORDILHA-D_003_jpg.rf.e67cd4ad20c15ed213012bb43fa0dc3f_r1c1.jpg,FP,34,-1,0.0,0,946,0.0,10.90248299440268
TORDILHA-D_003_jpg.rf.e67cd4ad20c15ed213012bb43fa0dc3f_r1c1.jpg,FP,35,-1,0.0,0,839,0.0,9.669326884042123
TORDILHA-D_003_jpg.rf.e67cd4ad20c15ed213012bb43fa0dc3f_r1c1.jpg,FN,-1,3,0.0,4746,0,54.69681214739442,0.0
TORDILHA-D_003_jpg.rf.e67cd4ad20c15ed213012bb43fa0dc3f_r1c1.jpg,FN,-1,10,0.0,9232,0,106.3971701948473,0.0
TORDILHA-D_003_jpg.rf.e67cd4ad20c15ed213012bb43fa0dc3f_r1c1.jpg,FN,-1,11,0.0,3918,0,45.154258321426745,0.0
TORDILHA-D_003_jpg.rf.e67cd4ad20c15ed213012bb43fa0dc3f_r1c1.jpg,FN,-1,13,0.0,12809,0,147.62146371596612,0.0
TORDILHA-D_003_jpg.rf.e67cd4ad20c15ed213012bb43fa0dc3f_r1c1.jpg,FN,-1,17,0.0,3626,0,41.78900987072317,0.0
TORDILHA-D_003_jpg.rf.e67cd4ad20c15ed213012bb43fa0dc3f_r1c1.jpg,FN,-1,18,0.0,4737,0,54.5930887362426,0.0
TORDILHA-D_003_jpg.rf.e67cd4ad20c15ed213012bb43fa0dc3f_r1c1.jpg,FN,-1,19,0.0,662,0,7.6294331313896135,0.0
TORDILHA-D_003_jpg.rf.e67cd4ad20c15ed213012bb43fa0dc3f_r1c1.jpg,FN,-1,20,0.0,572,0,6.592199019871388,0.0
TORDILHA-D_003_jpg.rf.e67cd4ad20c15ed213012bb43fa0dc3f_r1c1.jpg,FN,-1,22,0.0,8074,0,93.05142462664614,0.0
TORDILHA-D_003_jpg.rf.e67cd4ad20c15ed213012bb43fa0dc3f_r1c1.jpg,FN,-1,24,0.0,2223,0,25.61968255450017,0.0
TORDILHA-D_003_jpg.rf.e67cd4ad20c15ed213012bb43fa0dc3f_r1c1.jpg,FN,-1,25,0.0,6567,0,75.68351567044651,0.0
TORDILHA-D_003_jpg.rf.e67cd4ad20c15ed213012bb43fa0dc3f_r1c1.jpg,FN,-1,27,0.0,11869,0,136.7881296623313,0.0
TORDILHA-D_003_jpg.rf.e67cd4ad20c15ed213012bb43fa0dc3f_r1c1.jpg,FN,-1,28,0.0,30074,0,346.59754077554567,0.0
TORDILHA-D_003_jpg.rf.e67cd4ad20c15ed213012bb43fa0dc3f_r1c1.jpg,FN,-1,29,0.0,4287,0,49.40691817865147,0.0
TORDILHA-D_003_jpg.rf.e67cd4ad20c15ed213012bb43fa0dc3f_r1c1.jpg,FN,-1,30,0.0,488,0,5.624113849121045,0.0
TORDILHA-D_003_jpg.rf.e67cd4ad20c15ed213012bb43fa0dc3f_r1c2.jpg,TP,5,1,0.8398866454126815,7157,8425,82.48316151262155,97.09663766156721
TORDILHA-D_003_jpg.rf.e67cd4ad20c15ed213012bb43fa0dc3f_r1c2.jpg,TP,38,26,0.8317865429234339,737,842,8.493794890988134,9.703901354426064
TORDILHA-D_003_jpg.rf.e67cd4ad20c15ed213012bb43fa0dc3f_r1c2.jpg,TP,16,2,0.8018305366800721,6540,6453,75.37234543699105,74.36968579585677
TORDILHA-D_003_jpg.rf.e67cd4ad20c15ed213012bb43fa0dc3f_r1c2.jpg,TP,11,0,0.7896551724137931,2748,3480,31.670214871689815,40.10638564537138
TORDILHA-D_003_jpg.rf.e67cd4ad20c15ed213012bb43fa0dc3f_r1c2.jpg,TP,10,11,0.7840344917690096,6318,7337,72.81383462857943,84.557629735658
TORDILHA-D_003_jpg.rf.e67cd4ad20c15ed213012bb43fa0dc3f_r1c2.jpg,TP,18,22,0.7704722846937425,6291,7092,72.50266439512396,81.73404798763616
TORDILHA-D_003_jpg.rf.e67cd4ad20c15ed213012bb43fa0dc3f_r1c2.jpg,TP,15,23,0.7655729075276364,5687,4375,65.54167102449053,50.42110264324707
TORDILHA-D_003_jpg.rf.e67cd4ad20c15ed213012bb43fa0dc3f_r1c2.jpg,TP,23,18,0.7342432142309462,5915,5394,68.16933077367004,62.16489775032564
TORDILHA-D_003_jpg.rf.e67cd4ad20c15ed213012bb43fa0dc3f_r1c2.jpg,TP,29,19,0.642640823743186,3025,2399,34.86259097047369,27.648051483691365
TORDILHA-D_003_jpg.rf.e67cd4ad20c15ed213012bb43fa0dc3f_r1c2.jpg,TP,39,17,0.6416861826697893,840,1263,9.680851707503438,14.555852031639096
TORDILHA-D_003_jpg.rf.e67cd4ad20c15ed213012bb43fa0dc3f_r1c2.jpg,TP,3,4,0.6228116093759088,15392,12509,177.39008271653918,144.16401667757202
TORDILHA-D_003_jpg.rf.e67cd4ad20c15ed213012bb43fa0dc3f_r1c2.jpg,TP,1,10,0.605893034004622,12081,7376,139.23139223612978,85.00709785064923
TORDILHA-D_003_jpg.rf.e67cd4ad20c15ed213012bb43fa0dc3f_r1c2.jpg,TP,32,12,0.5633674818241904,23684,14162,272.95391885775166,163.21454985912342
TORDILHA-D_003_jpg.rf.e67cd4ad20c15ed213012bb43fa0dc3f_r1c2.jpg,TP,31,21,0.5286116322701688,1384,1875,15.950355670458045,21.60904398996303
TORDILHA-D_003_jpg.rf.e67cd4ad20c15ed213012bb43fa0dc3f_r1c2.jpg,TP,17,8,0.510650546919977,1183,1441,13.633866154734008,16.60727060775292
TORDILHA-D_003_jpg.rf.e67cd4ad20c15ed213012bb43fa0dc3f_r1c2.jpg,FP,0,-1,0.0,0,4852,0.0,55.918443434293664
TORDILHA-D_003_jpg.rf.e67cd4ad20c15ed213012bb43fa0dc3f_r1c2.jpg,FP,2,-1,0.0,0,8978,0.0,103.46986503567365
TORDILHA-D_003_jpg.rf.e67cd4ad20c15ed213012bb43fa0dc3f_r1c2.jpg,FP,4,-1,0.0,0,4057,0.0,46.756208782549336
TORDILHA-D_003_jpg.rf.e67cd4ad20c15ed213012bb43fa0dc3f_r1c2.jpg,FP,6,-1,0.0,0,3090,0.0,35.61170449545907
TORDILHA-D_003_jpg.rf.e67cd4ad20c15ed213012bb43fa0dc3f_r1c2.jpg,FP,7,-1,0.0,0,2422,0.0,27.913122423301576
TORDILHA-D_003_jpg.rf.e67cd4ad20c15ed213012bb43fa0dc3f_r1c2.jpg,FP,8,-1,0.0,0,6434,0.0,74.1507141500918
TORDILHA-D_003_jpg.rf.e67cd4ad20c15ed213012bb43fa0dc3f_r1c2.jpg,FP,9,-1,0.0,0,2981,0.0,34.35549873817589
TORDILHA-D_003_jpg.rf.e67cd4ad20c15ed213012bb43fa0dc3f_r1c2.jpg,FP,12,-1,0.0,0,2570,0.0,29.618796295575994
TORDILHA-D_003_jpg.rf.e67cd4ad20c15ed213012bb43fa0dc3f_r1c2.jpg,FP,13,-1,0.0,0,2094,0.0,24.132980327990712
TORDILHA-D_003_jpg.rf.e67cd4ad20c15ed213012bb43fa0dc3f_r1c2.jpg,FP,14,-1,0.0,0,3320,0.0,38.2624138915612
TORDILHA-D_003_jpg.rf.e67cd4ad20c15ed213012bb43fa0dc3f_r1c2.jpg,FP,19,-1,0.0,0,2404,0.0,27.70567560099793
TORDILHA-D_003_jpg.rf.e67cd4ad20c15ed213012bb43fa0dc3f_r1c2.jpg,FP,20,-1,0.0,0,2005,0.0,23.1072710399338
TORDILHA-D_003_jpg.rf.e67cd4ad20c15ed213012bb43fa0dc3f_r1c2.jpg,FP,21,-1,0.0,0,2018,0.0,23.257093744930877
TORDILHA-D_003_jpg.rf.e67cd4ad20c15ed213012bb43fa0dc3f_r1c2.jpg,FP,22,-1,0.0,0,13472,0.0,155.26242167081702
TORDILHA-D_003_jpg.rf.e67cd4ad20c15ed213012bb43fa0dc3f_r1c2.jpg,FP,24,-1,0.0,0,11303,0.0,130.2650795832278
TORDILHA-D_003_jpg.rf.e67cd4ad20c15ed213012bb43fa0dc3f_r1c2.jpg,FP,25,-1,0.0,0,2485,0.0,28.639186301364337
TORDILHA-D_003_jpg.rf.e67cd4ad20c15ed213012bb43fa0dc3f_r1c2.jpg,FP,26,-1,0.0,0,1059,0.0,12.204788045531119
TORDILHA-D_003_jpg.rf.e67cd4ad20c15ed213012bb43fa0dc3f_r1c2.jpg,FP,27,-1,0.0,0,3281,0.0,37.812945776569975
TORDILHA-D_003_jpg.rf.e67cd4ad20c15ed213012bb43fa0dc3f_r1c2.jpg,FP,28,-1,0.0,0,1634,0.0,18.83156153578645
TORDILHA-D_003_jpg.rf.e67cd4ad20c15ed213012bb43fa0dc3f_r1c2.jpg,FP,30,-1,0.0,0,620,0.0,7.145390546014442
TORDILHA-D_003_jpg.rf.e67cd4ad20c15ed213012bb43fa0dc3f_r1c2.jpg,FP,33,-1,0.0,0,5771,0.0,66.50975619524088
TORDILHA-D_003_jpg.rf.e67cd4ad20c15ed213012bb43fa0dc3f_r1c2.jpg,FP,34,-1,0.0,0,1551,0.0,17.875001188497418
TORDILHA-D_003_jpg.rf.e67cd4ad20c15ed213012bb43fa0dc3f_r1c2.jpg,FP,35,-1,0.0,0,911,0.0,10.499114173256704
TORDILHA-D_003_jpg.rf.e67cd4ad20c15ed213012bb43fa0dc3f_r1c2.jpg,FP,36,-1,0.0,0,999,0.0,11.513298637852301
TORDILHA-D_003_jpg.rf.e67cd4ad20c15ed213012bb43fa0dc3f_r1c2.jpg,FP,37,-1,0.0,0,892,0.0,10.280142527491746
TORDILHA-D_003_jpg.rf.e67cd4ad20c15ed213012bb43fa0dc3f_r1c2.jpg,FN,-1,3,0.0,7085,0,81.65337422340697,0.0
TORDILHA-D_003_jpg.rf.e67cd4ad20c15ed213012bb43fa0dc3f_r1c2.jpg,FN,-1,5,0.0,17906,0,206.36348889828162,0.0
TORDILHA-D_003_jpg.rf.e67cd4ad20c15ed213012bb43fa0dc3f_r1c2.jpg,FN,-1,6,0.0,7390,0,85.16844537910762,0.0
TORDILHA-D_003_jpg.rf.e67cd4ad20c15ed213012bb43fa0dc3f_r1c2.jpg,FN,-1,7,0.0,9177,0,105.76330490447505,0.0
TORDILHA-D_003_jpg.rf.e67cd4ad20c15ed213012bb43fa0dc3f_r1c2.jpg,FN,-1,9,0.0,3273,0,37.720747188879464,0.0
TORDILHA-D_003_jpg.rf.e67cd4ad20c15ed213012bb43fa0dc3f_r1c2.jpg,FN,-1,13,0.0,39197,0,451.7385052131098,0.0
TORDILHA-D_003_jpg.rf.e67cd4ad20c15ed213012bb43fa0dc3f_r1c2.jpg,FN,-1,14,0.0,21685,0,249.91579675858577,0.0
TORDILHA-D_003_jpg.rf.e67cd4ad20c15ed213012bb43fa0dc3f_r1c2.jpg,FN,-1,15,0.0,17490,0,201.56916233837515,0.0
TORDILHA-D_003_jpg.rf.e67cd4ad20c15ed213012bb43fa0dc3f_r1c2.jpg,FN,-1,16,0.0,20155,0,232.28281686277592,0.0
TORDILHA-D_003_jpg.rf.e67cd4ad20c15ed213012bb43fa0dc3f_r1c2.jpg,FN,-1,20,0.0,5165,0,59.52571317768483,0.0
TORDILHA-D_003_jpg.rf.e67cd4ad20c15ed213012bb43fa0dc3f_r1c2.jpg,FN,-1,24,0.0,1111,0,12.804078865519427,0.0
TORDILHA-D_003_jpg.rf.e67cd4ad20c15ed213012bb43fa0dc3f_r1c2.jpg,FN,-1,25,0.0,943,0,10.86790852401874,0.0
TORDILHA-D_003_jpg.rf.e67cd4ad20c15ed213012bb43fa0dc3f_r1c2.jpg,FN,-1,27,0.0,2219,0,25.573583260654914,0.0
TORDILHA-D_003_jpg.rf.e67cd4ad20c15ed213012bb43fa0dc3f_r2c0.jpg,TP,0,6,0.9408349460879182,13624,14456,157.0141948369367,166.60284795674963
TORDILHA-D_003_jpg.rf.e67cd4ad20c15ed213012bb43fa0dc3f_r2c0.jpg,TP,31,17,0.893651654910472,1726,1764,19.891845294227302,20.329788585757218
TORDILHA-D_003_jpg.rf.e67cd4ad20c15ed213012bb43fa0dc3f_r2c0.jpg,TP,5,18,0.8924712134632418,5263,5420,60.65514587689356,62.4645431603198
TORDILHA-D_003_jpg.rf.e67cd4ad20c15ed213012bb43fa0dc3f_r2c0.jpg,TP,18,14,0.8877118644067796,2617,2729,30.16046299825773,31.45124322592486
TORDILHA-D_003_jpg.rf.e67cd4ad20c15ed213012bb43fa0dc3f_r2c0.jpg,TP,10,15,0.8738563903520932,3265,3494,37.62854860118895,40.267733173829775
TORDILHA-D_003_jpg.rf.e67cd4ad20c15ed213012bb43fa0dc3f_r2c0.jpg,TP,9,1,0.8520469395919456,14579,13198,168.0204012424912,152.1046200424171
TORDILHA-D_003_jpg.rf.e67cd4ad20c15ed213012bb43fa0dc3f_r2c0.jpg,TP,25,7,0.8452512136283765,30636,31322,353.07449156080395,360.9805204552651
TORDILHA-D_003_jpg.rf.e67cd4ad20c15ed213012bb43fa0dc3f_r2c0.jpg,TP,29,3,0.8399701343952215,7143,7643,82.32181398416316,88.08422571481996
TORDILHA-D_003_jpg.rf.e67cd4ad20c15ed213012bb43fa0dc3f_r2c0.jpg,TP,13,12,0.8396259497369959,7841,7897,90.36614076016006,91.01153087399362
TORDILHA-D_003_jpg.rf.e67cd4ad20c15ed213012bb43fa0dc3f_r2c0.jpg,TP,8,13,0.8393892768374955,8011,7530,92.32536074858338,86.78192066369152
TORDILHA-D_003_jpg.rf.e67cd4ad20c15ed213012bb43fa0dc3f_r2c0.jpg,TP,34,16,0.8351498637602179,616,731,7.099291252169188,8.424645950220253
TORDILHA-D_003_jpg.rf.e67cd4ad20c15ed213012bb43fa0dc3f_r2c0.jpg,TP,2,0,0.8242532406537667,9708,9713,111.88298616243259,111.94061027973915
TORDILHA-D_003_jpg.rf.e67cd4ad20c15ed213012bb43fa0dc3f_r2c0.jpg,TP,22,11,0.8059731012658228,8782,9480,101.21099963725618,109.25532641325307
TORDILHA-D_003_jpg.rf.e67cd4ad20c15ed213012bb43fa0dc3f_r2c0.jpg,TP,7,10,0.7703644158628081,6404,6810,73.8049694462524,78.48404777154572
TORDILHA-D_003_jpg.rf.e67cd4ad20c15ed213012bb43fa0dc3f_r2c0.jpg,TP,26,5,0.7689231648100543,5462,6924,62.94858574569497,79.79787764613548
TORDILHA-D_003_jpg.rf.e67cd4ad20c15ed213012bb43fa0dc3f_r2c0.jpg,TP,15,21,0.7117312661498708,7441,9120,85.75621137563462,105.10638996718018
TORDILHA-D_003_jpg.rf.e67cd4ad20c15ed213012bb43fa0dc3f_r2c0.jpg,TP,33,31,0.7107750472589792,1564,1151,18.024823893494496,13.265071803971972
TORDILHA-D_003_jpg.rf.e67cd4ad20c15ed213012bb43fa0dc3f_r2c0.jpg,TP,4,28,0.6131430868167203,4816,3211,55.503549789686375,37.00620813427802
TORDILHA-D_003_jpg.rf.e67cd4ad20c15ed213012bb43fa0dc3f_r2c0.jpg,TP,16,20,0.6106746139257654,7105,4785,81.88387069263324,55.14628026238565
TORDILHA-D_003_jpg.rf.e67cd4ad20c15ed213012bb43fa0dc3f_r2c0.jpg,TP,1,25,0.5615384615384615,7337,7076,84.557629735658,81.54965081225515
TORDILHA-D_003_jpg.rf.e67cd4ad20c15ed213012bb43fa0dc3f_r2c0.jpg,TP,30,27,0.5200501253132832,1997,1642,23.01507245224329,18.923760123476956
TORDILHA-D_003_jpg.rf.e67cd4ad20c15ed213012bb43fa0dc3f_r2c0.jpg,TP,11,24,0.5172240382197636,19530,10640,225.07980219945492,122.62412162837687
TORDILHA-D_003_jpg.rf.e67cd4ad20c15ed213012bb43fa0dc3f_r2c0.jpg,TP,20,9,0.5049486285229522,20350,11582,234.53015743773207,133.4805053289343
TORDILHA-D_003_jpg.rf.e67cd4ad20c15ed213012bb43fa0dc3f_r2c0.jpg,FP,3,-1,0.0,0,7737,0.0,89.16755912018344
TORDILHA-D_003_jpg.rf.e67cd4ad20c15ed213012bb43fa0dc3f_r2c0.jpg,FP,6,-1,0.0,0,7286,0.0,83.969863739131
TORDILHA-D_003_jpg.rf.e67cd4ad20c15ed213012bb43fa0dc3f_r2c0.jpg,FP,12,-1,0.0,0,8083,0.0,93.15514803779796
TORDILHA-D_003_jpg.rf.e67cd4ad20c15ed213012bb43fa0dc3f_r2c0.jpg,FP,14,-1,0.0,0,3156,0.0,36.37234284390577
TORDILHA-D_003_jpg.rf.e67cd4ad20c15ed213012bb43fa0dc3f_r2c0.jpg,FP,17,-1,0.0,0,3540,0.0,40.7978750530502
TORDILHA-D_003_jpg.rf.e67cd4ad20c15ed213012bb43fa0dc3f_r2c0.jpg,FP,19,-1,0.0,0,1752,0.0,20.191490704221454
TORDILHA-D_003_jpg.rf.e67cd4ad20c15ed213012bb43fa0dc3f_r2c0.jpg,FP,21,-1,0.0,0,4113,0.0,47.4015988963829
TORDILHA-D_003_jpg.rf.e67cd4ad20c15ed213012bb43fa0dc3f_r2c0.jpg,FP,23,-1,0.0,0,1975,0.0,22.76152633609439
TORDILHA-D_003_jpg.rf.e67cd4ad20c15ed213012bb43fa0dc3f_r2c0.jpg,FP,24,-1,0.0,0,1874,0.0,21.597519166501716
TORDILHA-D_003_jpg.rf.e67cd4ad20c15ed213012bb43fa0dc3f_r2c0.jpg,FP,27,-1,0.0,0,3892,0.0,44.85461291143259
TORDILHA-D_003_jpg.rf.e67cd4ad20c15ed213012bb43fa0dc3f_r2c0.jpg,FP,28,-1,0.0,0,2511,0.0,28.93883171135849
TORDILHA-D_003_jpg.rf.e67cd4ad20c15ed213012bb43fa0dc3f_r2c0.jpg,FP,32,-1,0.0,0,2006,0.0,23.118795863395114
TORDILHA-D_003_jpg.rf.e67cd4ad20c15ed213012bb43fa0dc3f_r2c0.jpg,FP,35,-1,0.0,0,2979,0.0,34.33244909125326
TORDILHA-D_003_jpg.rf.e67cd4ad20c15ed213012bb43fa0dc3f_r2c0.jpg,FP,36,-1,0.0,0,447,0.0,5.151596087207186
TORDILHA-D_003_jpg.rf.e67cd4ad20c15ed213012bb43fa0dc3f_r2c0.jpg,FN,-1,2,0.0,16068,0,185.18086337638718,0.0
TORDILHA-D_003_jpg.rf.e67cd4ad20c15ed213012bb43fa0dc3f_r2c0.jpg,FN,-1,4,0.0,18929,0,218.15338329920544,0.0
TORDILHA-D_003_jpg.rf.e67cd4ad20c15ed213012bb43fa0dc3f_r2c0.jpg,FN,-1,8,0.0,29803,0,343.4743136175297,0.0
TORDILHA-D_003_jpg.rf.e67cd4ad20c15ed213012bb43fa0dc3f_r2c0.jpg,FN,-1,19,0.0,13510,0,155.70036496234695,0.0
TORDILHA-D_003_jpg.rf.e67cd4ad20c15ed213012bb43fa0dc3f_r2c0.jpg,FN,-1,22,0.0,8491,0,97.8572760100139,0.0
TORDILHA-D_003_jpg.rf.e67cd4ad20c15ed213012bb43fa0dc3f_r2c0.jpg,FN,-1,23,0.0,7438,0,85.72163690525068,0.0
TORDILHA-D_003_jpg.rf.e67cd4ad20c15ed213012bb43fa0dc3f_r2c0.jpg,FN,-1,26,0.0,5610,0,64.65425961796939,0.0
TORDILHA-D_003_jpg.rf.e67cd4ad20c15ed213012bb43fa0dc3f_r2c0.jpg,FN,-1,29,0.0,7336,0,84.54610491219668,0.0
TORDILHA-D_003_jpg.rf.e67cd4ad20c15ed213012bb43fa0dc3f_r2c0.jpg,FN,-1,30,0.0,1405,0,16.19237696314563,0.0
TORDILHA-D_003_jpg.rf.e67cd4ad20c15ed213012bb43fa0dc3f_r2c1.jpg,TP,8,20,0.8820391227030231,4491,5034,51.75798216475945,58.01596130425274
TORDILHA-D_003_jpg.rf.e67cd4ad20c15ed213012bb43fa0dc3f_r2c1.jpg,TP,3,5,0.8762587317427197,10017,10665,115.44415661197849,122.91224221490971
TORDILHA-D_003_jpg.rf.e67cd4ad20c15ed213012bb43fa0dc3f_r2c1.jpg,TP,2,3,0.8642945163277881,6063,6040,69.87500464594446,69.60993370633425
TORDILHA-D_003_jpg.rf.e67cd4ad20c15ed213012bb43fa0dc3f_r2c1.jpg,TP,14,17,0.8610612933853782,8674,8967,99.9663187034343,103.34309197759919
TORDILHA-D_003_jpg.rf.e67cd4ad20c15ed213012bb43fa0dc3f_r2c1.jpg,TP,1,19,0.8571090047393365,3622,4215,41.74291057687792,48.57713088943689
TORDILHA-D_003_jpg.rf.e67cd4ad20c15ed213012bb43fa0dc3f_r2c1.jpg,TP,11,9,0.8545454545454545,4457,4417,51.36613816707479,50.90514522862224
TORDILHA-D_003_jpg.rf.e67cd4ad20c15ed213012bb43fa0dc3f_r2c1.jpg,TP,12,0,0.8385800401875418,1418,1327,16.342199668142708,15.293440733163168
TORDILHA-D_003_jpg.rf.e67cd4ad20c15ed213012bb43fa0dc3f_r2c1.jpg,TP,13,21,0.8377028714107366,1352,1592,15.581561319696009,18.347518950411278
TORDILHA-D_003_jpg.rf.e67cd4ad20c15ed213012bb43fa0dc3f_r2c1.jpg,TP,19,22,0.8137096774193548,1026,1223,11.82446887130777,14.094859093186551
TORDILHA-D_003_jpg.rf.e67cd4ad20c15ed213012bb43fa0dc3f_r2c1.jpg,TP,16,1,0.7806601286512707,8348,8538,96.20922625504606,98.39894271269566
TORDILHA-D_003_jpg.rf.e67cd4ad20c15ed213012bb43fa0dc3f_r2c1.jpg,TP,20,11,0.7768113805557603,13199,10907,152.11614486587843,125.7012494925476
TORDILHA-D_003_jpg.rf.e67cd4ad20c15ed213012bb43fa0dc3f_r2c1.jpg,TP,38,31,0.7689429373246024,847,1044,9.761525471732632,12.031915693611415
TORDILHA-D_003_jpg.rf.e67cd4ad20c15ed213012bb43fa0dc3f_r2c1.jpg,TP,10,18,0.7673179396092362,9598,9307,110.61525558168809,107.26153195444583
TORDILHA-D_003_jpg.rf.e67cd4ad20c15ed213012bb43fa0dc3f_r2c1.jpg,TP,0,14,0.7476776841650464,8344,7836,96.16312696120082,90.30851664285349
TORDILHA-D_003_jpg.rf.e67cd4ad20c15ed213012bb43fa0dc3f_r2c1.jpg,TP,24,2,0.6962833914053427,9332,8194,107.54965254097866,94.43440344200377
TORDILHA-D_003_jpg.rf.e67cd4ad20c15ed213012bb43fa0dc3f_r2c1.jpg,TP,5,23,0.6888451747280722,6168,8427,71.08511110938238,97.11968730848984
TORDILHA-D_003_jpg.rf.e67cd4ad20c15ed213012bb43fa0dc3f_r2c1.jpg,TP,7,13,0.6792373769117955,4702,3313,54.189719915096624,38.181740127332006
TORDILHA-D_003_jpg.rf.e67cd4ad20c15ed213012bb43fa0dc3f_r2c1.jpg,TP,37,10,0.593451017383102,32820,26305,378.2447060003129,303.16048114985466
TORDILHA-D_003_jpg.rf.e67cd4ad20c15ed213012bb43fa0dc3f_r2c1.jpg,TP,28,4,0.582256169212691,1203,1490,13.86436262396028,17.171986957357287
TORDILHA-D_003_jpg.rf.e67cd4ad20c15ed213012bb43fa0dc3f_r2c1.jpg,TP,30,8,0.5543046357615894,936,1411,10.787234759789545,16.261525903913512
TORDILHA-D_003_jpg.rf.e67cd4ad20c15ed213012bb43fa0dc3f_r2c1.jpg,FP,4,-1,0.0,0,4601,0.0,53.025712745503945
TORDILHA-D_003_jpg.rf.e67cd4ad20c15ed213012bb43fa0dc3f_r2c1.jpg,FP,6,-1,0.0,0,9884,0.0,113.91135509162378
TORDILHA-D_003_jpg.rf.e67cd4ad20c15ed213012bb43fa0dc3f_r2c1.jpg,FP,9,-1,0.0,0,8295,0.0,95.59841061159645
TORDILHA-D_003_jpg.rf.e67cd4ad20c15ed213012bb43fa0dc3f_r2c1.jpg,FP,15,-1,0.0,0,2293,0.0,26.426420196792122
TORDILHA-D_003_jpg.rf.e67cd4ad20c15ed213012bb43fa0dc3f_r2c1.jpg,FP,17,-1,0.0,0,1754,0.0,20.21454035114408
TORDILHA-D_003_jpg.rf.e67cd4ad20c15ed213012bb43fa0dc3f_r2c1.jpg,FP,18,-1,0.0,0,2420,0.0,27.89007277637895
TORDILHA-D_003_jpg.rf.e67cd4ad20c15ed213012bb43fa0dc3f_r2c1.jpg,FP,21,-1,0.0,0,1072,0.0,12.354610750528195
TORDILHA-D_003_jpg.rf.e67cd4ad20c15ed213012bb43fa0dc3f_r2c1.jpg,FP,22,-1,0.0,0,1086,0.0,12.515958278986586
TORDILHA-D_003_jpg.rf.e67cd4ad20c15ed213012bb43fa0dc3f_r2c1.jpg,FP,23,-1,0.0,0,956,0.0,11.017731229015817
TORDILHA-D_003_jpg.rf.e67cd4ad20c15ed213012bb43fa0dc3f_r2c1.jpg,FP,25,-1,0.0,0,1503,0.0,17.321809662354365
TORDILHA-D_003_jpg.rf.e67cd4ad20c15ed213012bb43fa0dc3f_r2c1.jpg,FP,26,-1,0.0,0,1822,0.0,20.998228346513407
TORDILHA-D_003_jpg.rf.e67cd4ad20c15ed213012bb43fa0dc3f_r2c1.jpg,FP,27,-1,0.0,0,1015,0.0,11.69769581323332
TORDILHA-D_003_jpg.rf.e67cd4ad20c15ed213012bb43fa0dc3f_r2c1.jpg,FP,29,-1,0.0,0,1043,0.0,12.020390870150102
TORDILHA-D_003_jpg.rf.e67cd4ad20c15ed213012bb43fa0dc3f_r2c1.jpg,FP,31,-1,0.0,0,3721,0.0,42.88386809954797
TORDILHA-D_003_jpg.rf.e67cd4ad20c15ed213012bb43fa0dc3f_r2c1.jpg,FP,32,-1,0.0,0,574,0.0,6.615248666794016
TORDILHA-D_003_jpg.rf.e67cd4ad20c15ed213012bb43fa0dc3f_r2c1.jpg,FP,33,-1,0.0,0,4954,0.0,57.09397542734765
TORDILHA-D_003_jpg.rf.e67cd4ad20c15ed213012bb43fa0dc3f_r2c1.jpg,FP,34,-1,0.0,0,1652,0.0,19.039008358090094
TORDILHA-D_003_jpg.rf.e67cd4ad20c15ed213012bb43fa0dc3f_r2c1.jpg,FP,35,-1,0.0,0,1760,0.0,20.283689291911962
TORDILHA-D_003_jpg.rf.e67cd4ad20c15ed213012bb43fa0dc3f_r2c1.jpg,FP,36,-1,0.0,0,2543,0.0,29.307626062120526
TORDILHA-D_003_jpg.rf.e67cd4ad20c15ed213012bb43fa0dc3f_r2c1.jpg,FP,39,-1,0.0,0,10891,0.0,125.5168523171666
TORDILHA-D_003_jpg.rf.e67cd4ad20c15ed213012bb43fa0dc3f_r2c1.jpg,FP,40,-1,0.0,0,5592,0.0,64.44681279566574
TORDILHA-D_003_jpg.rf.e67cd4ad20c15ed213012bb43fa0dc3f_r2c1.jpg,FP,41,-1,0.0,0,5835,0.0,67.24734489676494
TORDILHA-D_003_jpg.rf.e67cd4ad20c15ed213012bb43fa0dc3f_r2c1.jpg,FN,-1,6,0.0,1541,0,17.75975295388428,0.0
TORDILHA-D_003_jpg.rf.e67cd4ad20c15ed213012bb43fa0dc3f_r2c1.jpg,FN,-1,7,0.0,20968,0,241.6524983368239,0.0
TORDILHA-D_003_jpg.rf.e67cd4ad20c15ed213012bb43fa0dc3f_r2c1.jpg,FN,-1,12,0.0,1214,0,13.991135682034729,0.0
TORDILHA-D_003_jpg.rf.e67cd4ad20c15ed213012bb43fa0dc3f_r2c1.jpg,FN,-1,15,0.0,16182,0,186.49469325097692,0.0
TORDILHA-D_003_jpg.rf.e67cd4ad20c15ed213012bb43fa0dc3f_r2c1.jpg,FN,-1,16,0.0,4197,0,48.36968406713324,0.0
TORDILHA-D_003_jpg.rf.e67cd4ad20c15ed213012bb43fa0dc3f_r2c1.jpg,FN,-1,24,0.0,6651,0,76.65160084119685,0.0
TORDILHA-D_003_jpg.rf.e67cd4ad20c15ed213012bb43fa0dc3f_r2c1.jpg,FN,-1,25,0.0,8017,0,92.39450968935125,0.0
TORDILHA-D_003_jpg.rf.e67cd4ad20c15ed213012bb43fa0dc3f_r2c1.jpg,FN,-1,26,0.0,526,0,6.062057140650962,0.0
TORDILHA-D_003_jpg.rf.e67cd4ad20c15ed213012bb43fa0dc3f_r2c1.jpg,FN,-1,27,0.0,10243,0,118.04876671423537,0.0
TORDILHA-D_003_jpg.rf.e67cd4ad20c15ed213012bb43fa0dc3f_r2c1.jpg,FN,-1,28,0.0,17798,0,205.11880796445973,0.0
TORDILHA-D_003_jpg.rf.e67cd4ad20c15ed213012bb43fa0dc3f_r2c1.jpg,FN,-1,29,0.0,8335,0,96.05940355004898,0.0
TORDILHA-D_003_jpg.rf.e67cd4ad20c15ed213012bb43fa0dc3f_r2c1.jpg,FN,-1,30,0.0,7277,0,83.86614032797918,0.0
TORDILHA-D_003_jpg.rf.e67cd4ad20c15ed213012bb43fa0dc3f_r2c1.jpg,FN,-1,32,0.0,3182,0,36.671988253899926,0.0
TORDILHA-D_003_jpg.rf.e67cd4ad20c15ed213012bb43fa0dc3f_r2c2.jpg,TP,12,16,0.8835716370002918,6131,6779,70.65869264131378,78.126778244245
TORDILHA-D_003_jpg.rf.e67cd4ad20c15ed213012bb43fa0dc3f_r2c2.jpg,TP,4,32,0.8650201926063995,5935,6072,68.39982724289631,69.97872805709628
TORDILHA-D_003_jpg.rf.e67cd4ad20c15ed213012bb43fa0dc3f_r2c2.jpg,TP,46,40,0.8328924162257496,1944,2213,22.40425680879367,25.504434319887032
TORDILHA-D_003_jpg.rf.e67cd4ad20c15ed213012bb43fa0dc3f_r2c2.jpg,TP,0,14,0.8294186500195084,21733,25155,250.46898828472882,289.906934169344
TORDILHA-D_003_jpg.rf.e67cd4ad20c15ed213012bb43fa0dc3f_r2c2.jpg,TP,34,23,0.8276791523375778,10006,9658,115.31738355390404,111.3067449893669
TORDILHA-D_003_jpg.rf.e67cd4ad20c15ed213012bb43fa0dc3f_r2c2.jpg,TP,16,17,0.8160529138362531,5481,4678,63.16755739145993,53.9131241520251
TORDILHA-D_003_jpg.rf.e67cd4ad20c15ed213012bb43fa0dc3f_r2c2.jpg,TP,13,31,0.7726827356456986,4369,4677,50.351953702479186,53.90159932856378
TORDILHA-D_003_jpg.rf.e67cd4ad20c15ed213012bb43fa0dc3f_r2c2.jpg,TP,28,0,0.7694974003466204,4997,5213,57.58954283618414,60.07890470382788
TORDILHA-D_003_jpg.rf.e67cd4ad20c15ed213012bb43fa0dc3f_r2c2.jpg,TP,45,3,0.7678062678062678,3861,4826,44.497343384131874,55.61879802429951
TORDILHA-D_003_jpg.rf.e67cd4ad20c15ed213012bb43fa0dc3f_r2c2.jpg,TP,44,36,0.722079824240205,2174,2529,25.054966204895802,29.146278533662134
TORDILHA-D_003_jpg.rf.e67cd4ad20c15ed213012bb43fa0dc3f_r2c2.jpg,TP,48,29,0.6868884540117417,739,985,8.516844537910762,11.351951109393912
TORDILHA-D_003_jpg.rf.e67cd4ad20c15ed213012bb43fa0dc3f_r2c2.jpg,TP,60,39,0.6808510638297872,2199,3173,25.34308679142864,36.5682648427481
TORDILHA-D_003_jpg.rf.e67cd4ad20c15ed213012bb43fa0dc3f_r2c2.jpg,TP,2,4,0.6561596298438404,9241,7940,106.50089360599912,91.50709828283011
TORDILHA-D_003_jpg.rf.e67cd4ad20c15ed213012bb43fa0dc3f_r2c2.jpg,TP,25,27,0.594379822641944,33077,22299,381.20658562987046,256.9920383638323
TORDILHA-D_003_jpg.rf.e67cd4ad20c15ed213012bb43fa0dc3f_r2c2.jpg,TP,20,34,0.5893572687930758,5826,4090,67.14362148561312,47.13652795677269
TORDILHA-D_003_jpg.rf.e67cd4ad20c15ed213012bb43fa0dc3f_r2c2.jpg,TP,17,13,0.5857564264643911,2143,1620,24.69769667759508,18.670214007328056
TORDILHA-D_003_jpg.rf.e67cd4ad20c15ed213012bb43fa0dc3f_r2c2.jpg,TP,7,7,0.55103668261563,6151,5519,70.88918911054004,63.60550068298985
TORDILHA-D_003_jpg.rf.e67cd4ad20c15ed213012bb43fa0dc3f_r2c2.jpg,FP,1,-1,0.0,0,5784,0.0,66.65957890023796
TORDILHA-D_003_jpg.rf.e67cd4ad20c15ed213012bb43fa0dc3f_r2c2.jpg,FP,3,-1,0.0,0,6386,0.0,73.59752262394875
TORDILHA-D_003_jpg.rf.e67cd4ad20c15ed213012bb43fa0dc3f_r2c2.jpg,FP,5,-1,0.0,0,7982,0.0,91.99114086820528
TORDILHA-D_003_jpg.rf.e67cd4ad20c15ed213012bb43fa0dc3f_r2c2.jpg,FP,6,-1,0.0,0,5632,0.0,64.90780573411828
TORDILHA-D_003_jpg.rf.e67cd4ad20c15ed213012bb43fa0dc3f_r2c2.jpg,FP,8,-1,0.0,0,3680,0.0,42.411350337634104
TORDILHA-D_003_jpg.rf.e67cd4ad20c15ed213012bb43fa0dc3f_r2c2.jpg,FP,9,-1,0.0,0,2899,0.0,33.41046321434817
TORDILHA-D_003_jpg.rf.e67cd4ad20c15ed213012bb43fa0dc3f_r2c2.jpg,FP,10,-1,0.0,0,4731,0.0,54.52393979547472
TORDILHA-D_003_jpg.rf.e67cd4ad20c15ed213012bb43fa0dc3f_r2c2.jpg,FP,11,-1,0.0,0,8337,0.0,96.08245319697161
TORDILHA-D_003_jpg.rf.e67cd4ad20c15ed213012bb43fa0dc3f_r2c2.jpg,FP,14,-1,0.0,0,12583,0.0,145.01685361370923
TORDILHA-D_003_jpg.rf.e67cd4ad20c15ed213012bb43fa0dc3f_r2c2.jpg,FP,15,-1,0.0,0,3462,0.0,39.89893882306774
TORDILHA-D_003_jpg.rf.e67cd4ad20c15ed213012bb43fa0dc3f_r2c2.jpg,FP,18,-1,0.0,0,3077,0.0,35.461881790461995
TORDILHA-D_003_jpg.rf.e67cd4ad20c15ed213012bb43fa0dc3f_r2c2.jpg,FP,19,-1,0.0,0,3779,0.0,43.552307860304154
TORDILHA-D_003_jpg.rf.e67cd4ad20c15ed213012bb43fa0dc3f_r2c2.jpg,FP,21,-1,0.0,0,2252,0.0,25.953902434878263
TORDILHA-D_003_jpg.rf.e67cd4ad20c15ed213012bb43fa0dc3f_r2c2.jpg,FP,22,-1,0.0,0,4639,0.0,53.463656037033864
TORDILHA-D_003_jpg.rf.e67cd4ad20c15ed213012bb43fa0dc3f_r2c2.jpg,FP,23,-1,0.0,0,1730,0.0,19.937944588072554
TORDILHA-D_003_jpg.rf.e67cd4ad20c15ed213012bb43fa0dc3f_r2c2.jpg,FP,24,-1,0.0,0,7818,0.0,90.10106982054985
TORDILHA-D_003_jpg.rf.e67cd4ad20c15ed213012bb43fa0dc3f_r2c2.jpg,FP,26,-1,0.0,0,1705,0.0,19.649824001539717
TORDILHA-D_003_jpg.rf.e67cd4ad20c15ed213012bb43fa0dc3f_r2c2.jpg,FP,27,-1,0.0,0,3083,0.0,35.531030731229876
TORDILHA-D_003_jpg.rf.e67cd4ad20c15ed213012bb43fa0dc3f_r2c2.jpg,FP,29,-1,0.0,0,2672,0.0,30.79432828862998
TORDILHA-D_003_jpg.rf.e67cd4ad20c15ed213012bb43fa0dc3f_r2c2.jpg,FP,30,-1,0.0,0,803,0.0,9.254433239434833
TORDILHA-D_003_jpg.rf.e67cd4ad20c15ed213012bb43fa0dc3f_r2c2.jpg,FP,31,-1,0.0,0,3436,0.0,39.59929341307358
TORDILHA-D_003_jpg.rf.e67cd4ad20c15ed213012bb43fa0dc3f_r2c2.jpg,FP,32,-1,0.0,0,4065,0.0,46.84840737023985
TORDILHA-D_003_jpg.rf.e67cd4ad20c15ed213012bb43fa0dc3f_r2c2.jpg,FP,33,-1,0.0,0,4218,0.0,48.61170535982083
TORDILHA-D_003_jpg.rf.e67cd4ad20c15ed213012bb43fa0dc3f_r2c2.jpg,FP,35,-1,0.0,0,3265,0.0,37.62854860118895
TORDILHA-D_003_jpg.rf.e67cd4ad20c15ed213012bb43fa0dc3f_r2c2.jpg,FP,36,-1,0.0,0,1369,0.0,15.77748331853834
TORDILHA-D_003_jpg.rf.e67cd4ad20c15ed213012bb43fa0dc3f_r2c2.jpg,FP,37,-1,0.0,0,10592,0.0,122.07093010223382
TORDILHA-D_003_jpg.rf.e67cd4ad20c15ed213012bb43fa0dc3f_r2c2.jpg,FP,38,-1,0.0,0,6541,0.0,75.38387026045235
TORDILHA-D_003_jpg.rf.e67cd4ad20c15ed213012bb43fa0dc3f_r2c2.jpg,FP,39,-1,0.0,0,2985,0.0,34.40159803202114
TORDILHA-D_003_jpg.rf.e67cd4ad20c15ed213012bb43fa0dc3f_r2c2.jpg,FP,40,-1,0.0,0,11406,0.0,131.4521363997431
TORDILHA-D_003_jpg.rf.e67cd4ad20c15ed213012bb43fa0dc3f_r2c2.jpg,FP,41,-1,0.0,0,6446,0.0,74.28901203162756
TORDILHA-D_003_jpg.rf.e67cd4ad20c15ed213012bb43fa0dc3f_r2c2.jpg,FP,42,-1,0.0,0,4574,0.0,52.71454251204848
TORDILHA-D_003_jpg.rf.e67cd4ad20c15ed213012bb43fa0dc3f_r2c2.jpg,FP,43,-1,0.0,0,1424,0.0,16.41134860891059
TORDILHA-D_003_jpg.rf.e67cd4ad20c15ed213012bb43fa0dc3f_r2c2.jpg,FP,47,-1,0.0,0,1957,0.0,22.554079513790747
TORDILHA-D_003_jpg.rf.e67cd4ad20c15ed213012bb43fa0dc3f_r2c2.jpg,FP,49,-1,0.0,0,3798,0.0,43.77127950606911
TORDILHA-D_003_jpg.rf.e67cd4ad20c15ed213012bb43fa0dc3f_r2c2.jpg,FP,50,-1,0.0,0,942,0.0,10.856383700557426
TORDILHA-D_003_jpg.rf.e67cd4ad20c15ed213012bb43fa0dc3f_r2c2.jpg,FP,51,-1,0.0,0,2502,0.0,28.835108300206667
TORDILHA-D_003_jpg.rf.e67cd4ad20c15ed213012bb43fa0dc3f_r2c2.jpg,FP,52,-1,0.0,0,10140,0.0,116.86170989772006
TORDILHA-D_003_jpg.rf.e67cd4ad20c15ed213012bb43fa0dc3f_r2c2.jpg,FP,53,-1,0.0,0,390,0.0,4.49468114991231
TORDILHA-D_003_jpg.rf.e67cd4ad20c15ed213012bb43fa0dc3f_r2c2.jpg,FP,54,-1,0.0,0,670,0.0,7.721631719080123
TORDILHA-D_003_jpg.rf.e67cd4ad20c15ed213012bb43fa0dc3f_r2c2.jpg,FP,55,-1,0.0,0,1125,0.0,12.965426393977818
TORDILHA-D_003_jpg.rf.e67cd4ad20c15ed213012bb43fa0dc3f_r2c2.jpg,FP,56,-1,0.0,0,2137,0.0,24.628547736827198
TORDILHA-D_003_jpg.rf.e67cd4ad20c15ed213012bb43fa0dc3f_r2c2.jpg,FP,57,-1,0.0,0,7472,0.0,86.11348090293534
TORDILHA-D_003_jpg.rf.e67cd4ad20c15ed213012bb43fa0dc3f_r2c2.jpg,FP,58,-1,0.0,0,15931,0.0,183.60196256218723
TORDILHA-D_003_jpg.rf.e67cd4ad20c15ed213012bb43fa0dc3f_r2c2.jpg,FP,59,-1,0.0,0,1666,0.0,19.200355886548483
TORDILHA-D_003_jpg.rf.e67cd4ad20c15ed213012bb43fa0dc3f_r2c2.jpg,FP,61,-1,0.0,0,1971,0.0,22.715427042249136
TORDILHA-D_003_jpg.rf.e67cd4ad20c15ed213012bb43fa0dc3f_r2c2.jpg,FN,-1,1,0.0,28317,0,326.34842595401767,0.0
TORDILHA-D_003_jpg.rf.e67cd4ad20c15ed213012bb43fa0dc3f_r2c2.jpg,FN,-1,2,0.0,5595,0,64.48138726604968,0.0
TORDILHA-D_003_jpg.rf.e67cd4ad20c15ed213012bb43fa0dc3f_r2c2.jpg,FN,-1,5,0.0,5697,0,65.65691925910367,0.0
TORDILHA-D_003_jpg.rf.e67cd4ad20c15ed213012bb43fa0dc3f_r2c2.jpg,FN,-1,6,0.0,31117,0,358.61793164569576,0.0
TORDILHA-D_003_jpg.rf.e67cd4ad20c15ed213012bb43fa0dc3f_r2c2.jpg,FN,-1,8,0.0,17801,0,205.15338243484368,0.0
TORDILHA-D_003_jpg.rf.e67cd4ad20c15ed213012bb43fa0dc3f_r2c2.jpg,FN,-1,9,0.0,4380,0,50.478726760553634,0.0
TORDILHA-D_003_jpg.rf.e67cd4ad20c15ed213012bb43fa0dc3f_r2c2.jpg,FN,-1,10,0.0,1794,0,20.675533289596626,0.0
TORDILHA-D_003_jpg.rf.e67cd4ad20c15ed213012bb43fa0dc3f_r2c2.jpg,FN,-1,11,0.0,5168,0,59.560287648068766,0.0
TORDILHA-D_003_jpg.rf.e67cd4ad20c15ed213012bb43fa0dc3f_r2c2.jpg,FN,-1,12,0.0,2593,0,29.883867235186205,0.0
TORDILHA-D_003_jpg.rf.e67cd4ad20c15ed213012bb43fa0dc3f_r2c2.jpg,FN,-1,15,0.0,10959,0,126.30054031253592,0.0
TORDILHA-D_003_jpg.rf.e67cd4ad20c15ed213012bb43fa0dc3f_r2c2.jpg,FN,-1,18,0.0,8103,0,93.38564450702422,0.0
TORDILHA-D_003_jpg.rf.e67cd4ad20c15ed213012bb43fa0dc3f_r2c2.jpg,FN,-1,19,0.0,5219,0,60.14805364459576,0.0
TORDILHA-D_003_jpg.rf.e67cd4ad20c15ed213012bb43fa0dc3f_r2c2.jpg,FN,-1,20,0.0,8120,0,93.58156650586656,0.0
TORDILHA-D_003_jpg.rf.e67cd4ad20c15ed213012bb43fa0dc3f_r2c2.jpg,FN,-1,21,0.0,1813,0,20.894504935361585,0.0
TORDILHA-D_003_jpg.rf.e67cd4ad20c15ed213012bb43fa0dc3f_r2c2.jpg,FN,-1,22,0.0,1181,0,13.61081650781138,0.0
TORDILHA-D_003_jpg.rf.e67cd4ad20c15ed213012bb43fa0dc3f_r2c2.jpg,FN,-1,24,0.0,24500,0,282.3581748021836,0.0
TORDILHA-D_003_jpg.rf.e67cd4ad20c15ed213012bb43fa0dc3f_r2c2.jpg,FN,-1,25,0.0,14891,0,171.61614616242105,0.0
TORDILHA-D_003_jpg.rf.e67cd4ad20c15ed213012bb43fa0dc3f_r2c2.jpg,FN,-1,26,0.0,70070,0,807.5443799342451,0.0
TORDILHA-D_003_jpg.rf.e67cd4ad20c15ed213012bb43fa0dc3f_r2c2.jpg,FN,-1,28,0.0,10078,0,116.14717084311862,0.0
TORDILHA-D_003_jpg.rf.e67cd4ad20c15ed213012bb43fa0dc3f_r2c2.jpg,FN,-1,30,0.0,46449,0,535.3165249545561,0.0
TORDILHA-D_003_jpg.rf.e67cd4ad20c15ed213012bb43fa0dc3f_r2c2.jpg,FN,-1,33,0.0,15697,0,180.90515387223982,0.0
TORDILHA-D_003_jpg.rf.e67cd4ad20c15ed213012bb43fa0dc3f_r2c2.jpg,FN,-1,35,0.0,15382,0,177.27483448192604,0.0
TORDILHA-D_003_jpg.rf.e67cd4ad20c15ed213012bb43fa0dc3f_r2c2.jpg,FN,-1,37,0.0,6686,0,77.05496966234284,0.0
TORDILHA-D_003_jpg.rf.e67cd4ad20c15ed213012bb43fa0dc3f_r2c2.jpg,FN,-1,38,0.0,572,0,6.592199019871388,0.0
TORDILHA-D_003_jpg.rf.e67cd4ad20c15ed213012bb43fa0dc3f_r2c2.jpg,FN,-1,41,0.0,2549,0,29.376775002888408,0.0
TORDILHA-D_003_jpg.rf.e67cd4ad20c15ed213012bb43fa0dc3f_r2c2.jpg,FN,-1,42,0.0,9521,0,109.72784417516694,0.0
TORDILHA-D_003_jpg.rf.e67cd4ad20c15ed213012bb43fa0dc3f_r2c2.jpg,FN,-1,43,0.0,1472,0,16.964540135053642,0.0
TORDILHA-D_011_jpg.rf.67cbd65b708b681788cae0003256ca67_r0c0.jpg,TP,2,4,0.8788437884378844,3118,2992,35.93439955237585,34.48227179625034
TORDILHA-D_011_jpg.rf.67cbd65b708b681788cae0003256ca67_r0c0.jpg,TP,1,3,0.8380016722408027,4414,4379,50.8705707582383,50.46720193709233
TORDILHA-D_011_jpg.rf.67cbd65b708b681788cae0003256ca67_r0c0.jpg,TP,0,0,0.8355763604447045,5014,4397,57.78546483502647,50.67464875939597
TORDILHA-D_011_jpg.rf.67cbd65b708b681788cae0003256ca67_r0c0.jpg,FP,3,-1,0.0,0,2410,0.0,27.774824541765813
TORDILHA-D_011_jpg.rf.67cbd65b708b681788cae0003256ca67_r0c0.jpg,FP,4,-1,0.0,0,359,0.0,4.137411622611588
TORDILHA-D_011_jpg.rf.67cbd65b708b681788cae0003256ca67_r0c0.jpg,FN,-1,1,0.0,1413,0,16.284575550836138,0.0
TORDILHA-D_011_jpg.rf.67cbd65b708b681788cae0003256ca67_r0c0.jpg,FN,-1,2,0.0,4626,0,53.313833332036786,0.0
TORDILHA-D_011_jpg.rf.67cbd65b708b681788cae0003256ca67_r0c1.jpg,TP,5,16,0.8913207547169811,2592,2420,29.872342411724894,27.89007277637895
TORDILHA-D_011_jpg.rf.67cbd65b708b681788cae0003256ca67_r0c1.jpg,TP,3,5,0.8820295318881558,5994,5987,69.07979182711381,68.99911806288462
TORDILHA-D_011_jpg.rf.67cbd65b708b681788cae0003256ca67_r0c1.jpg,TP,8,4,0.8450675399099468,12728,14317,146.6879530155997,165.00089749562704
TORDILHA-D_011_jpg.rf.67cbd65b708b681788cae0003256ca67_r0c1.jpg,TP,7,9,0.8147549811523963,1754,1616,20.21454035114408,18.624114713482804
TORDILHA-D_011_jpg.rf.67cbd65b708b681788cae0003256ca67_r0c1.jpg,TP,0,10,0.8099528099528099,4423,4015,50.97429416939012,46.272166197174165
TORDILHA-D_011_jpg.rf.67cbd65b708b681788cae0003256ca67_r0c1.jpg,TP,2,6,0.8056694597967552,4983,5145,57.428195307725744,59.295216708458554
TORDILHA-D_011_jpg.rf.67cbd65b708b681788cae0003256ca67_r0c1.jpg,TP,16,3,0.7920833333333334,2359,1942,27.18705854523882,22.381207161871043
TORDILHA-D_011_jpg.rf.67cbd65b708b681788cae0003256ca67_r0c1.jpg,TP,9,18,0.7917594654788419,3485,2951,40.16400976267795,34.00975403433648
TORDILHA-D_011_jpg.rf.67cbd65b708b681788cae0003256ca67_r0c1.jpg,TP,10,15,0.7876750700280112,6677,6087,76.95124625119101,70.15160040901598
TORDILHA-D_011_jpg.rf.67cbd65b708b681788cae0003256ca67_r0c1.jpg,TP,6,7,0.7194333996023857,3789,3130,43.66755609491729,36.072697433911614
TORDILHA-D_011_jpg.rf.67cbd65b708b681788cae0003256ca67_r0c1.jpg,TP,4,1,0.7089156626506025,3618,3474,41.69681128303266,40.0372367046035
TORDILHA-D_011_jpg.rf.67cbd65b708b681788cae0003256ca67_r0c1.jpg,TP,11,17,0.6886737657308809,4258,4464,49.07269829827337,51.446811931303984
TORDILHA-D_011_jpg.rf.67cbd65b708b681788cae0003256ca67_r0c1.jpg,TP,13,0,0.6257763975155279,434,613,5.001773382210109,7.064716781785246
TORDILHA-D_011_jpg.rf.67cbd65b708b681788cae0003256ca67_r0c1.jpg,FP,1,-1,0.0,0,6254,0.0,72.07624592705535
TORDILHA-D_011_jpg.rf.67cbd65b708b681788cae0003256ca67_r0c1.jpg,FP,12,-1,0.0,0,3849,0.0,44.35904550259611
TORDILHA-D_011_jpg.rf.67cbd65b708b681788cae0003256ca67_r0c1.jpg,FP,14,-1,0.0,0,587,0.0,6.765071371791093
TORDILHA-D_011_jpg.rf.67cbd65b708b681788cae0003256ca67_r0c1.jpg,FP,15,-1,0.0,0,4810,0.0,55.43440084891849
TORDILHA-D_011_jpg.rf.67cbd65b708b681788cae0003256ca67_r0c1.jpg,FP,17,-1,0.0,0,9215,0.0,106.20124819600497
TORDILHA-D_011_jpg.rf.67cbd65b708b681788cae0003256ca67_r0c1.jpg,FN,-1,2,0.0,4200,0,48.40425853751719,0.0
TORDILHA-D_011_jpg.rf.67cbd65b708b681788cae0003256ca67_r0c1.jpg,FN,-1,8,0.0,1100,0,12.677305807444977,0.0
TORDILHA-D_011_jpg.rf.67cbd65b708b681788cae0003256ca67_r0c1.jpg,FN,-1,11,0.0,3240,0,37.34042801465611,0.0
TORDILHA-D_011_jpg.rf.67cbd65b708b681788cae0003256ca67_r0c1.jpg,FN,-1,12,0.0,7371,0,84.94947373334266,0.0
TORDILHA-D_011_jpg.rf.67cbd65b708b681788cae0003256ca67_r0c1.jpg,FN,-1,13,0.0,10779,0,124.22607208949947,0.0
TORDILHA-D_011_jpg.rf.67cbd65b708b681788cae0003256ca67_r0c1.jpg,FN,-1,14,0.0,4199,0,48.39273371405587,0.0
TORDILHA-D_011_jpg.rf.67cbd65b708b681788cae0003256ca67_r0c2.jpg,TP,1,7,0.9047577400734651,11341,10438,130.70302287475772,120.29610728919153
TORDILHA-D_011_jpg.rf.67cbd65b708b681788cae0003256ca67_r0c2.jpg,TP,10,0,0.8733333333333333,9877,9793,113.83068132739459,112.86259615664424
TORDILHA-D_011_jpg.rf.67cbd65b708b681788cae0003256ca67_r0c2.jpg,TP,0,2,0.8711876569788303,5353,5077,61.69237998841179,58.51152871308923
TORDILHA-D_011_jpg.rf.67cbd65b708b681788cae0003256ca67_r0c2.jpg,TP,6,5,0.810403832991102,2576,2714,29.687945236343875,31.27837087400515
TORDILHA-D_011_jpg.rf.67cbd65b708b681788cae0003256ca67_r0c2.jpg,TP,9,10,0.7908217716115261,802,876,9.24290841597352,10.095745352110727
TORDILHA-D_011_jpg.rf.67cbd65b708b681788cae0003256ca67_r0c2.jpg,TP,5,8,0.7872994946165678,4505,3629,51.91932969321784,41.823584341107114
TORDILHA-D_011_jpg.rf.67cbd65b708b681788cae0003256ca67_r0c2.jpg,TP,3,6,0.7694749694749695,3522,3724,40.590428230746554,42.918442569931905
TORDILHA-D_011_jpg.rf.67cbd65b708b681788cae0003256ca67_r0c2.jpg,TP,4,9,0.7156738487536967,2340,1721,26.96808689947386,19.83422117692073
TORDILHA-D_011_jpg.rf.67cbd65b708b681788cae0003256ca67_r0c2.jpg,TP,7,3,0.6913746630727763,2839,2181,32.718973806669354,25.135639969124995
TORDILHA-D_011_jpg.rf.67cbd65b708b681788cae0003256ca67_r0c2.jpg,TP,11,4,0.6414855987872663,3791,2706,43.69060574183992,31.186172286314644
TORDILHA-D_011_jpg.rf.67cbd65b708b681788cae0003256ca67_r0c2.jpg,TP,8,1,0.6243791390728477,4828,3021,55.64184767122214,34.81649167662843
TORDILHA-D_011_jpg.rf.67cbd65b708b681788cae0003256ca67_r0c2.jpg,FP,2,-1,0.0,0,4612,0.0,53.152485803578394
TORDILHA-D_011_jpg.rf.67cbd65b708b681788cae0003256ca67_r1c0.jpg,TP,2,11,0.8858032080440508,3774,4103,43.49468374299759,47.28635066176977
TORDILHA-D_011_jpg.rf.67cbd65b708b681788cae0003256ca67_r1c0.jpg,TP,18,22,0.8844703181370941,11700,11283,134.8404344973693,130.03458311400152
TORDILHA-D_011_jpg.rf.67cbd65b708b681788cae0003256ca67_r1c0.jpg,TP,4,33,0.8626579316799251,7618,8304,87.79610512828712,95.70213402274827
TORDILHA-D_011_jpg.rf.67cbd65b708b681788cae0003256ca67_r1c0.jpg,TP,0,16,0.8624105011933174,8005,7602,92.25621180781549,87.6117079529061
TORDILHA-D_011_jpg.rf.67cbd65b708b681788cae0003256ca67_r1c0.jpg,TP,13,15,0.8485439807865506,6364,5951,73.34397650779985,68.58422441827733
TORDILHA-D_011_jpg.rf.67cbd65b708b681788cae0003256ca67_r1c0.jpg,TP,7,1,0.8444025522041764,6894,5825,79.45213294229606,67.13209666215181
TORDILHA-D_011_jpg.rf.67cbd65b708b681788cae0003256ca67_r1c0.jpg,TP,1,8,0.8431501230516817,10366,12102,119.46631999997695,139.4734135288174
TORDILHA-D_011_jpg.rf.67cbd65b708b681788cae0003256ca67_r1c0.jpg,TP,5,6,0.8388017118402282,3244,3201,37.38652730850137,36.890959899664885
TORDILHA-D_011_jpg.rf.67cbd65b708b681788cae0003256ca67_r1c0.jpg,TP,21,5,0.8330596606458676,3293,3405,37.95124365810574,39.24202388577286
TORDILHA-D_011_jpg.rf.67cbd65b708b681788cae0003256ca67_r1c0.jpg,TP,8,7,0.831652708938643,5384,5333,62.04964951571251,61.46188351918551
TORDILHA-D_011_jpg.rf.67cbd65b708b681788cae0003256ca67_r1c0.jpg,TP,36,42,0.8313444709626094,2297,2307,26.472519490637374,26.58776772525051
TORDILHA-D_011_jpg.rf.67cbd65b708b681788cae0003256ca67_r1c0.jpg,TP,26,18,0.8286639817895289,10305,10582,118.76330576883682,121.95568186762068
TORDILHA-D_011_jpg.rf.67cbd65b708b681788cae0003256ca67_r1c0.jpg,TP,22,14,0.8217741935483871,1227,1032,14.140958387031807,11.893617812075652
TORDILHA-D_011_jpg.rf.67cbd65b708b681788cae0003256ca67_r1c0.jpg,TP,11,27,0.820974247595408,6227,5511,71.76507569359988,63.51330209529934
TORDILHA-D_011_jpg.rf.67cbd65b708b681788cae0003256ca67_r1c0.jpg,TP,3,28,0.820675105485232,4070,3697,46.906031487546414,42.607272336476434
TORDILHA-D_011_jpg.rf.67cbd65b708b681788cae0003256ca67_r1c0.jpg,TP,6,0,0.8179848320693391,3476,3236,40.06028635152613,37.29432872081086
TORDILHA-D_011_jpg.rf.67cbd65b708b681788cae0003256ca67_r1c0.jpg,TP,35,12,0.8103668552655594,4774,5145,55.0195072043112,59.295216708458554
TORDILHA-D_011_jpg.rf.67cbd65b708b681788cae0003256ca67_r1c0.jpg,TP,25,23,0.782258064516129,1843,1693,21.240249639200993,19.51152612000395
TORDILHA-D_011_jpg.rf.67cbd65b708b681788cae0003256ca67_r1c0.jpg,TP,34,34,0.7772891877909984,12240,15244,141.06383916647866,175.68440884426477
TORDILHA-D_011_jpg.rf.67cbd65b708b681788cae0003256ca67_r1c0.jpg,TP,10,9,0.7717016193257233,3312,3362,38.1702153038707,38.74645647693637
TORDILHA-D_011_jpg.rf.67cbd65b708b681788cae0003256ca67_r1c0.jpg,TP,12,37,0.7689942907334212,2180,1848,25.124115145663684,21.297873756507563
TORDILHA-D_011_jpg.rf.67cbd65b708b681788cae0003256ca67_r1c0.jpg,TP,15,41,0.7676201710409909,5206,6782,59.998230939598685,78.16135271462895
TORDILHA-D_011_jpg.rf.67cbd65b708b681788cae0003256ca67_r1c0.jpg,TP,14,40,0.7550476190476191,2279,2328,26.26507266833373,26.829789017938097
TORDILHA-D_011_jpg.rf.67cbd65b708b681788cae0003256ca67_r1c0.jpg,TP,27,29,0.7525925925925926,2988,2927,34.436172502405086,33.733158271264955
TORDILHA-D_011_jpg.rf.67cbd65b708b681788cae0003256ca67_r1c0.jpg,TP,19,21,0.7259615384615384,1501,1371,17.298760015431736,15.800532965460967
TORDILHA-D_011_jpg.rf.67cbd65b708b681788cae0003256ca67_r1c0.jpg,TP,38,20,0.6930320150659134,870,928,10.026596411342846,10.695036172099035
TORDILHA-D_011_jpg.rf.67cbd65b708b681788cae0003256ca67_r1c0.jpg,TP,32,35,0.6893792157311078,6824,7953,78.64539530000411,91.65692098782719
TORDILHA-D_011_jpg.rf.67cbd65b708b681788cae0003256ca67_r1c0.jpg,TP,17,10,0.6781160551652355,2929,3520,33.75620791818758,40.567378583823924
TORDILHA-D_011_jpg.rf.67cbd65b708b681788cae0003256ca67_r1c0.jpg,TP,16,13,0.6743202416918429,1504,1267,17.333334485815676,14.601951325484352
TORDILHA-D_011_jpg.rf.67cbd65b708b681788cae0003256ca67_r1c0.jpg,TP,39,30,0.6729559748427673,1416,1776,16.31915002122008,20.46808646729298
TORDILHA-D_011_jpg.rf.67cbd65b708b681788cae0003256ca67_r1c0.jpg,TP,31,36,0.6615384615384615,881,1063,10.153369469417296,12.250887339376373
TORDILHA-D_011_jpg.rf.67cbd65b708b681788cae0003256ca67_r1c0.jpg,TP,29,19,0.6267883571780957,3980,2615,45.86879737602819,30.137413351335105
TORDILHA-D_011_jpg.rf.67cbd65b708b681788cae0003256ca67_r1c0.jpg,TP,33,38,0.6159105034182722,1548,1052,17.840426718113477,12.124114281301924
TORDILHA-D_011_jpg.rf.67cbd65b708b681788cae0003256ca67_r1c0.jpg,TP,30,32,0.5967413441955194,1309,1043,15.085993910859523,12.020390870150102
TORDILHA-D_011_jpg.rf.67cbd65b708b681788cae0003256ca67_r1c0.jpg,TP,23,4,0.5642422300544697,5763,4001,66.41755760755036,46.11081866871578
TORDILHA-D_011_jpg.rf.67cbd65b708b681788cae0003256ca67_r1c0.jpg,FP,9,-1,0.0,0,9945,0.0,114.6143693227639
TORDILHA-D_011_jpg.rf.67cbd65b708b681788cae0003256ca67_r1c0.jpg,FP,20,-1,0.0,0,9483,0.0,109.28990088363702
TORDILHA-D_011_jpg.rf.67cbd65b708b681788cae0003256ca67_r1c0.jpg,FP,24,-1,0.0,0,3437,0.0,39.6108182365349
TORDILHA-D_011_jpg.rf.67cbd65b708b681788cae0003256ca67_r1c0.jpg,FP,28,-1,0.0,0,3545,0.0,40.855499170356765
TORDILHA-D_011_jpg.rf.67cbd65b708b681788cae0003256ca67_r1c0.jpg,FP,37,-1,0.0,0,3944,0.0,45.4539037314209
TORDILHA-D_011_jpg.rf.67cbd65b708b681788cae0003256ca67_r1c0.jpg,FN,-1,2,0.0,718,0,8.274823245223176,0.0
TORDILHA-D_011_jpg.rf.67cbd65b708b681788cae0003256ca67_r1c0.jpg,FN,-1,3,0.0,692,0,7.975177835229022,0.0
TORDILHA-D_011_jpg.rf.67cbd65b708b681788cae0003256ca67_r1c0.jpg,FN,-1,17,0.0,23882,0,275.23583390309176,0.0
TORDILHA-D_011_jpg.rf.67cbd65b708b681788cae0003256ca67_r1c0.jpg,FN,-1,24,0.0,909,0,10.476064526334076,0.0
TORDILHA-D_011_jpg.rf.67cbd65b708b681788cae0003256ca67_r1c0.jpg,FN,-1,25,0.0,2969,0,34.217200856640126,0.0
TORDILHA-D_011_jpg.rf.67cbd65b708b681788cae0003256ca67_r1c0.jpg,FN,-1,26,0.0,14680,0,169.18440841208388,0.0
TORDILHA-D_011_jpg.rf.67cbd65b708b681788cae0003256ca67_r1c0.jpg,FN,-1,31,0.0,1689,0,19.465426826158698,0.0
TORDILHA-D_011_jpg.rf.67cbd65b708b681788cae0003256ca67_r1c0.jpg,FN,-1,39,0.0,33993,0,391.7633239204337,0.0
TORDILHA-D_011_jpg.rf.67cbd65b708b681788cae0003256ca67_r1c1.jpg,TP,11,30,0.9050937049495434,3871,4058,44.61259161874501,46.76773360601065
TORDILHA-D_011_jpg.rf.67cbd65b708b681788cae0003256ca67_r1c1.jpg,TP,36,11,0.8807021345757937,8570,8787,98.76773706345769,101.26862375456274
TORDILHA-D_011_jpg.rf.67cbd65b708b681788cae0003256ca67_r1c1.jpg,TP,22,15,0.8662236347876336,3250,3209,37.45567624926925,36.9831584873554
TORDILHA-D_011_jpg.rf.67cbd65b708b681788cae0003256ca67_r1c1.jpg,TP,17,4,0.8624319419237749,2544,2587,29.319150885581838,29.814718294418324
TORDILHA-D_011_jpg.rf.67cbd65b708b681788cae0003256ca67_r1c1.jpg,TP,37,5,0.8534218971565042,11967,12867,137.91756236154004,148.2899034767223
TORDILHA-D_011_jpg.rf.67cbd65b708b681788cae0003256ca67_r1c1.jpg,TP,35,28,0.8484403413064764,13378,13051,154.17908826545354,150.410470993604
TORDILHA-D_011_jpg.rf.67cbd65b708b681788cae0003256ca67_r1c1.jpg,TP,18,16,0.8419588202559822,3411,3209,39.31117282654074,36.9831584873554
TORDILHA-D_011_jpg.rf.67cbd65b708b681788cae0003256ca67_r1c1.jpg,TP,29,8,0.8409992069785884,11568,11647,133.31915780047592,134.22961885391967
TORDILHA-D_011_jpg.rf.67cbd65b708b681788cae0003256ca67_r1c1.jpg,TP,2,34,0.8360905115040882,4817,4839,55.51507461314769,55.768620729296586
TORDILHA-D_011_jpg.rf.67cbd65b708b681788cae0003256ca67_r1c1.jpg,TP,16,12,0.8180555555555555,2715,2521,31.289895697466466,29.054079945971626
TORDILHA-D_011_jpg.rf.67cbd65b708b681788cae0003256ca67_r1c1.jpg,TP,25,38,0.8169934640522876,2556,2726,29.4574487671176,31.41666875554092
TORDILHA-D_011_jpg.rf.67cbd65b708b681788cae0003256ca67_r1c1.jpg,TP,15,26,0.8166797797010228,2404,2214,27.70567560099793,25.515959143348347
TORDILHA-D_011_jpg.rf.67cbd65b708b681788cae0003256ca67_r1c1.jpg,TP,0,33,0.8163236134934249,6982,5725,80.46631740689166,65.97961431602045
TORDILHA-D_011_jpg.rf.67cbd65b708b681788cae0003256ca67_r1c1.jpg,TP,1,37,0.8124301363737984,4019,4088,46.318265491019424,47.11347830985006
TORDILHA-D_011_jpg.rf.67cbd65b708b681788cae0003256ca67_r1c1.jpg,TP,5,36,0.8099206882645517,7080,6384,81.5957501061004,73.57447297702612
TORDILHA-D_011_jpg.rf.67cbd65b708b681788cae0003256ca67_r1c1.jpg,TP,3,25,0.8092808551992225,4089,3358,47.125003133311374,38.70035718309112
TORDILHA-D_011_jpg.rf.67cbd65b708b681788cae0003256ca67_r1c1.jpg,TP,7,17,0.8089678178963893,9094,9343,104.80674455718602,107.67642559905312
TORDILHA-D_011_jpg.rf.67cbd65b708b681788cae0003256ca67_r1c1.jpg,TP,39,22,0.8084249651540963,5973,5704,68.83777053442623,65.73759302333286
TORDILHA-D_011_jpg.rf.67cbd65b708b681788cae0003256ca67_r1c1.jpg,TP,6,32,0.8009848870776023,5596,5010,64.492912089511,57.739365541181215
TORDILHA-D_011_jpg.rf.67cbd65b708b681788cae0003256ca67_r1c1.jpg,TP,21,23,0.7869198312236287,896,798,10.326241821337,9.196809122128265
TORDILHA-D_011_jpg.rf.67cbd65b708b681788cae0003256ca67_r1c1.jpg,TP,14,24,0.7830913748932536,3291,2973,37.92819401118311,34.26330015048538
TORDILHA-D_011_jpg.rf.67cbd65b708b681788cae0003256ca67_r1c1.jpg,TP,24,39,0.7739619107087106,2852,2830,32.86879651166643,32.615250395517535
TORDILHA-D_011_jpg.rf.67cbd65b708b681788cae0003256ca67_r1c1.jpg,TP,4,35,0.7718550106609808,5400,4572,62.234046691093525,52.69149286512585
TORDILHA-D_011_jpg.rf.67cbd65b708b681788cae0003256ca67_r1c1.jpg,TP,9,6,0.7675202156334232,5652,4840,65.13830220334455,55.7801455527579
TORDILHA-D_011_jpg.rf.67cbd65b708b681788cae0003256ca67_r1c1.jpg,TP,31,14,0.7482876712328768,1607,1456,18.52039130233098,16.780142959672624
TORDILHA-D_011_jpg.rf.67cbd65b708b681788cae0003256ca67_r1c1.jpg,TP,19,2,0.7436587240584166,2018,2519,23.257093744930877,29.031030299048997
TORDILHA-D_011_jpg.rf.67cbd65b708b681788cae0003256ca67_r1c1.jpg,TP,10,13,0.7280178837555886,1227,1092,14.140958387031807,12.585107219754468
TORDILHA-D_011_jpg.rf.67cbd65b708b681788cae0003256ca67_r1c1.jpg,TP,38,29,0.7158862395863258,3377,2596,38.91932882885608,29.918441705570146
TORDILHA-D_011_jpg.rf.67cbd65b708b681788cae0003256ca67_r1c1.jpg,TP,23,7,0.6981308411214954,878,939,10.118794999033355,10.821809230173486
TORDILHA-D_011_jpg.rf.67cbd65b708b681788cae0003256ca67_r1c1.jpg,TP,28,3,0.6639676113360324,1690,1187,19.47695164962001,13.679965448579262
TORDILHA-D_011_jpg.rf.67cbd65b708b681788cae0003256ca67_r1c1.jpg,TP,13,18,0.6572344840596114,5288,3497,60.9432664634264,40.30230764421371
TORDILHA-D_011_jpg.rf.67cbd65b708b681788cae0003256ca67_r1c1.jpg,TP,27,27,0.6492890995260664,1364,1072,15.719859201231772,12.354610750528195
TORDILHA-D_011_jpg.rf.67cbd65b708b681788cae0003256ca67_r1c1.jpg,TP,41,21,0.6016755521706016,1095,1008,12.619681690138409,11.617022049004124
TORDILHA-D_011_jpg.rf.67cbd65b708b681788cae0003256ca67_r1c1.jpg,TP,33,20,0.5935725169691093,7205,4299,83.0363530387646,49.54521606018724
TORDILHA-D_011_jpg.rf.67cbd65b708b681788cae0003256ca67_r1c1.jpg,TP,20,9,0.5056739845158553,8779,5418,101.17642516687224,62.44149351339717
TORDILHA-D_011_jpg.rf.67cbd65b708b681788cae0003256ca67_r1c1.jpg,FP,8,-1,0.0,0,4510,0.0,51.97695381052441
TORDILHA-D_011_jpg.rf.67cbd65b708b681788cae0003256ca67_r1c1.jpg,FP,12,-1,0.0,0,7144,0.0,82.33333880762447
TORDILHA-D_011_jpg.rf.67cbd65b708b681788cae0003256ca67_r1c1.jpg,FP,26,-1,0.0,0,5511,0.0,63.51330209529934
TORDILHA-D_011_jpg.rf.67cbd65b708b681788cae0003256ca67_r1c1.jpg,FP,30,-1,0.0,0,3681,0.0,42.42287516109542
TORDILHA-D_011_jpg.rf.67cbd65b708b681788cae0003256ca67_r1c1.jpg,FP,32,-1,0.0,0,4479,0.0,51.619684283223684
TORDILHA-D_011_jpg.rf.67cbd65b708b681788cae0003256ca67_r1c1.jpg,FP,34,-1,0.0,0,1319,0.0,15.201242145472659
TORDILHA-D_011_jpg.rf.67cbd65b708b681788cae0003256ca67_r1c1.jpg,FP,40,-1,0.0,0,1541,0.0,17.75975295388428
TORDILHA-D_011_jpg.rf.67cbd65b708b681788cae0003256ca67_r1c1.jpg,FP,42,-1,0.0,0,2202,0.0,25.37766126181258
TORDILHA-D_011_jpg.rf.67cbd65b708b681788cae0003256ca67_r1c1.jpg,FN,-1,0,0.0,16052,0,184.99646620100617,0.0
TORDILHA-D_011_jpg.rf.67cbd65b708b681788cae0003256ca67_r1c1.jpg,FN,-1,1,0.0,3020,0,34.80496685316712,0.0
TORDILHA-D_011_jpg.rf.67cbd65b708b681788cae0003256ca67_r1c1.jpg,FN,-1,10,0.0,2348,0,27.06028548716437,0.0
TORDILHA-D_011_jpg.rf.67cbd65b708b681788cae0003256ca67_r1c1.jpg,FN,-1,19,0.0,1712,0,19.73049776576891,0.0
TORDILHA-D_011_jpg.rf.67cbd65b708b681788cae0003256ca67_r1c1.jpg,FN,-1,31,0.0,658,0,7.583333837544359,0.0
TORDILHA-D_011_jpg.rf.67cbd65b708b681788cae0003256ca67_r1c2.jpg,TP,33,9,0.8859076061595894,4225,3858,48.69237912405003,44.46276891374793
TORDILHA-D_011_jpg.rf.67cbd65b708b681788cae0003256ca67_r1c2.jpg,TP,13,10,0.8740773545910836,12257,13133,141.25976116532098,151.3555065174317
TORDILHA-D_011_jpg.rf.67cbd65b708b681788cae0003256ca67_r1c2.jpg,TP,18,6,0.8716600586105844,10596,11119,122.11702939607908,128.1445120663461
TORDILHA-D_011_jpg.rf.67cbd65b708b681788cae0003256ca67_r1c2.jpg,TP,1,19,0.8513423266996126,7223,6638,83.24379986106824,76.50177813619977
TORDILHA-D_011_jpg.rf.67cbd65b708b681788cae0003256ca67_r1c2.jpg,TP,0,20,0.8493411927877947,5150,5517,59.35284082576512,63.58245103606722
TORDILHA-D_011_jpg.rf.67cbd65b708b681788cae0003256ca67_r1c2.jpg,TP,7,22,0.8366987773249351,10254,9575,118.17553977230982,110.35018464207788
TORDILHA-D_011_jpg.rf.67cbd65b708b681788cae0003256ca67_r1c2.jpg,TP,22,25,0.823422440443717,14929,15152,172.05408945395098,174.62412508582392
TORDILHA-D_011_jpg.rf.67cbd65b708b681788cae0003256ca67_r1c2.jpg,TP,20,5,0.8138160721959604,16564,17202,190.89717581319874,198.2500131815168
TORDILHA-D_011_jpg.rf.67cbd65b708b681788cae0003256ca67_r1c2.jpg,TP,2,30,0.813585291113381,3788,3314,43.65603127145598,38.19326495079332
TORDILHA-D_011_jpg.rf.67cbd65b708b681788cae0003256ca67_r1c2.jpg,TP,4,28,0.8119335347432024,3540,3657,40.7978750530502,42.14627939802389
TORDILHA-D_011_jpg.rf.67cbd65b708b681788cae0003256ca67_r1c2.jpg,TP,3,11,0.8045052292839904,5440,5775,62.69503962954607,66.55585548908613
TORDILHA-D_011_jpg.rf.67cbd65b708b681788cae0003256ca67_r1c2.jpg,TP,6,33,0.8,4132,3329,47.62057054214786,38.36613730271303
TORDILHA-D_011_jpg.rf.67cbd65b708b681788cae0003256ca67_r1c2.jpg,TP,39,3,0.7959752321981424,5904,5698,68.04255771559559,65.66844408256499
TORDILHA-D_011_jpg.rf.67cbd65b708b681788cae0003256ca67_r1c2.jpg,TP,10,12,0.7815010777973741,5010,4081,57.739365541181215,47.03280454562086
TORDILHA-D_011_jpg.rf.67cbd65b708b681788cae0003256ca67_r1c2.jpg,TP,23,17,0.781156462585034,11933,14250,137.5257183638554,164.22873432371904
TORDILHA-D_011_jpg.rf.67cbd65b708b681788cae0003256ca67_r1c2.jpg,TP,5,2,0.7700193423597679,4038,5113,46.537237136784384,58.92642235769652
TORDILHA-D_011_jpg.rf.67cbd65b708b681788cae0003256ca67_r1c2.jpg,TP,8,18,0.7593377750858066,4029,4685,46.43351372563256,53.99379791625429
TORDILHA-D_011_jpg.rf.67cbd65b708b681788cae0003256ca67_r1c2.jpg,TP,12,29,0.7558799675587997,3168,3327,36.51064072544153,38.3430876557904
TORDILHA-D_011_jpg.rf.67cbd65b708b681788cae0003256ca67_r1c2.jpg,TP,21,32,0.7283216783216783,2683,2260,30.921101346704432,26.04610102256877
TORDILHA-D_011_jpg.rf.67cbd65b708b681788cae0003256ca67_r1c2.jpg,TP,25,15,0.7283210332103321,1978,1769,22.796100806478332,20.387412703063788
TORDILHA-D_011_jpg.rf.67cbd65b708b681788cae0003256ca67_r1c2.jpg,TP,15,1,0.7281763180639585,2265,1734,26.10372513987534,19.98404388191781
TORDILHA-D_011_jpg.rf.67cbd65b708b681788cae0003256ca67_r1c2.jpg,TP,31,26,0.7142857142857143,1026,1122,11.82446887130777,12.930851923593877
TORDILHA-D_011_jpg.rf.67cbd65b708b681788cae0003256ca67_r1c2.jpg,TP,34,21,0.6566707466340269,1560,1147,17.97872459964924,13.218972510126717
TORDILHA-D_011_jpg.rf.67cbd65b708b681788cae0003256ca67_r1c2.jpg,TP,32,23,0.6457345971563981,2495,1672,28.75443453597747,19.269504827316364
TORDILHA-D_011_jpg.rf.67cbd65b708b681788cae0003256ca67_r1c2.jpg,TP,24,8,0.6230563002680966,1841,1186,21.217199992278367,13.668440625117949
TORDILHA-D_011_jpg.rf.67cbd65b708b681788cae0003256ca67_r1c2.jpg,TP,35,27,0.5804038893044129,1294,819,14.91312155893982,9.438830414815852
TORDILHA-D_011_jpg.rf.67cbd65b708b681788cae0003256ca67_r1c2.jpg,TP,37,14,0.5451632998131174,11035,6328,127.17642689559575,72.92908286319256
TORDILHA-D_011_jpg.rf.67cbd65b708b681788cae0003256ca67_r1c2.jpg,TP,36,13,0.5360038258334852,40183,27266,463.101981145965,314.23583649617706
TORDILHA-D_011_jpg.rf.67cbd65b708b681788cae0003256ca67_r1c2.jpg,TP,14,24,0.510717230008244,4831,2499,55.676422141606075,28.800533829822726
TORDILHA-D_011_jpg.rf.67cbd65b708b681788cae0003256ca67_r1c2.jpg,FP,9,-1,0.0,0,3483,0.0,40.14096011575533
TORDILHA-D_011_jpg.rf.67cbd65b708b681788cae0003256ca67_r1c2.jpg,FP,11,-1,0.0,0,14507,0.0,167.19061395327662
TORDILHA-D_011_jpg.rf.67cbd65b708b681788cae0003256ca67_r1c2.jpg,FP,16,-1,0.0,0,2973,0.0,34.26330015048538
TORDILHA-D_011_jpg.rf.67cbd65b708b681788cae0003256ca67_r1c2.jpg,FP,17,-1,0.0,0,23251,0.0,267.9636702990029
TORDILHA-D_011_jpg.rf.67cbd65b708b681788cae0003256ca67_r1c2.jpg,FP,19,-1,0.0,0,6354,0.0,73.22872827318672
TORDILHA-D_011_jpg.rf.67cbd65b708b681788cae0003256ca67_r1c2.jpg,FP,26,-1,0.0,0,1253,0.0,14.440603797025961
TORDILHA-D_011_jpg.rf.67cbd65b708b681788cae0003256ca67_r1c2.jpg,FP,27,-1,0.0,0,1197,0.0,13.795213683192397
TORDILHA-D_011_jpg.rf.67cbd65b708b681788cae0003256ca67_r1c2.jpg,FP,28,-1,0.0,0,1731,0.0,19.94946941153387
TORDILHA-D_011_jpg.rf.67cbd65b708b681788cae0003256ca67_r1c2.jpg,FP,29,-1,0.0,0,1283,0.0,14.786348500865369
TORDILHA-D_011_jpg.rf.67cbd65b708b681788cae0003256ca67_r1c2.jpg,FP,30,-1,0.0,0,398,0.0,4.586879737602819
TORDILHA-D_011_jpg.rf.67cbd65b708b681788cae0003256ca67_r1c2.jpg,FP,38,-1,0.0,0,1512,0.0,17.425533073506188
TORDILHA-D_011_jpg.rf.67cbd65b708b681788cae0003256ca67_r1c2.jpg,FN,-1,0,0.0,49766,0,573.5443643757334,0.0
TORDILHA-D_011_jpg.rf.67cbd65b708b681788cae0003256ca67_r1c2.jpg,FN,-1,4,0.0,11382,0,131.17554063667157,0.0
TORDILHA-D_011_jpg.rf.67cbd65b708b681788cae0003256ca67_r1c2.jpg,FN,-1,7,0.0,859,0,9.899823353268395,0.0
TORDILHA-D_011_jpg.rf.67cbd65b708b681788cae0003256ca67_r1c2.jpg,FN,-1,16,0.0,3499,0,40.32535729113634,0.0
TORDILHA-D_011_jpg.rf.67cbd65b708b681788cae0003256ca67_r1c2.jpg,FN,-1,31,0.0,450,0,5.186170557591127,0.0
TORDILHA-D_011_jpg.rf.67cbd65b708b681788cae0003256ca67_r1c2.jpg,FN,-1,34,0.0,4369,0,50.351953702479186,0.0
TORDILHA-D_011_jpg.rf.67cbd65b708b681788cae0003256ca67_r1c2.jpg,FN,-1,35,0.0,2373,0,27.34840607369721,0.0
TORDILHA-D_011_jpg.rf.67cbd65b708b681788cae0003256ca67_r2c0.jpg,TP,0,22,0.8915100060642814,15815,15376,182.26508304067482,177.20568554115815
TORDILHA-D_011_jpg.rf.67cbd65b708b681788cae0003256ca67_r2c0.jpg,TP,6,0,0.8795861330796219,16022,15587,184.65072149716676,179.63742329149534
TORDILHA-D_011_jpg.rf.67cbd65b708b681788cae0003256ca67_r2c0.jpg,TP,5,5,0.8744602290506289,15177,14775,174.91224567235676,170.27926664090867
TORDILHA-D_011_jpg.rf.67cbd65b708b681788cae0003256ca67_r2c0.jpg,TP,16,7,0.8479731949280599,15172,12956,174.8546215550502,149.31561276477922
TORDILHA-D_011_jpg.rf.67cbd65b708b681788cae0003256ca67_r2c0.jpg,TP,1,4,0.834456780333069,4937,4316,56.89805342850532,49.741138059029566
TORDILHA-D_011_jpg.rf.67cbd65b708b681788cae0003256ca67_r2c0.jpg,TP,3,14,0.8304276013947514,5177,4797,59.66401105922059,55.284578143921415
TORDILHA-D_011_jpg.rf.67cbd65b708b681788cae0003256ca67_r2c0.jpg,TP,17,24,0.8191814294441051,1617,1361,18.635639536944115,15.685284730847831
TORDILHA-D_011_jpg.rf.67cbd65b708b681788cae0003256ca67_r2c0.jpg,TP,9,18,0.8034129692832764,8125,7727,93.63919062317312,89.05231088557031
TORDILHA-D_011_jpg.rf.67cbd65b708b681788cae0003256ca67_r2c0.jpg,TP,12,8,0.7989488686976661,10170,10025,117.20745460155948,115.536355199669
TORDILHA-D_011_jpg.rf.67cbd65b708b681788cae0003256ca67_r2c0.jpg,TP,23,2,0.7943361188486536,4128,3602,47.57447124830261,41.512414107651644
TORDILHA-D_011_jpg.rf.67cbd65b708b681788cae0003256ca67_r2c0.jpg,TP,2,16,0.7921649484536083,8821,8563,101.6604677522474,98.6870632992285
TORDILHA-D_011_jpg.rf.67cbd65b708b681788cae0003256ca67_r2c0.jpg,TP,10,21,0.7861603797152136,3650,3500,42.065605633794696,40.33688211459766
TORDILHA-D_011_jpg.rf.67cbd65b708b681788cae0003256ca67_r2c0.jpg,TP,26,3,0.7759713867663794,5515,5409,63.55940138914459,62.33777010224535
TORDILHA-D_011_jpg.rf.67cbd65b708b681788cae0003256ca67_r2c0.jpg,TP,13,15,0.7633769322235434,1551,1415,17.875001188497418,16.307625197758767
TORDILHA-D_011_jpg.rf.67cbd65b708b681788cae0003256ca67_r2c0.jpg,TP,15,17,0.7606169871794872,4985,3804,57.451244954648374,43.840428446836995
TORDILHA-D_011_jpg.rf.67cbd65b708b681788cae0003256ca67_r2c0.jpg,TP,4,9,0.7529236657452689,4111,4133,47.37854924946028,47.632095365609175
TORDILHA-D_011_jpg.rf.67cbd65b708b681788cae0003256ca67_r2c0.jpg,TP,7,6,0.7470679666525364,6923,5441,79.78635282267416,62.70656445300738
TORDILHA-D_011_jpg.rf.67cbd65b708b681788cae0003256ca67_r2c0.jpg,TP,14,11,0.744138634046891,2676,2457,30.840427582475236,28.316491244447555
TORDILHA-D_011_jpg.rf.67cbd65b708b681788cae0003256ca67_r2c0.jpg,TP,8,12,0.7293141322919209,3441,3644,39.65691753038015,41.996456693026815
TORDILHA-D_011_jpg.rf.67cbd65b708b681788cae0003256ca67_r2c0.jpg,TP,19,20,0.7163536776212832,2475,1912,28.5239380667512,22.035462458031635
TORDILHA-D_011_jpg.rf.67cbd65b708b681788cae0003256ca67_r2c0.jpg,TP,11,26,0.7110477917368216,5490,7721,63.27128080261175,88.98316194480243
TORDILHA-D_011_jpg.rf.67cbd65b708b681788cae0003256ca67_r2c0.jpg,TP,24,19,0.6900517538815412,1640,1299,18.90071047655433,14.970745676246388
TORDILHA-D_011_jpg.rf.67cbd65b708b681788cae0003256ca67_r2c0.jpg,TP,18,10,0.6838942307692307,1639,1163,18.889185653093016,13.403369685507736
TORDILHA-D_011_jpg.rf.67cbd65b708b681788cae0003256ca67_r2c0.jpg,TP,22,1,0.6690460739779364,1377,1195,15.869681906228848,13.772164036269771
TORDILHA-D_011_jpg.rf.67cbd65b708b681788cae0003256ca67_r2c0.jpg,TP,20,23,0.5162790697674419,1703,1231,19.626774354617087,14.18705768087706
TORDILHA-D_011_jpg.rf.67cbd65b708b681788cae0003256ca67_r2c0.jpg,FP,21,-1,0.0,0,4605,0.0,53.0718120393492
TORDILHA-D_011_jpg.rf.67cbd65b708b681788cae0003256ca67_r2c0.jpg,FP,25,-1,0.0,0,11836,0.0,136.40781048810797
TORDILHA-D_011_jpg.rf.67cbd65b708b681788cae0003256ca67_r2c0.jpg,FN,-1,13,0.0,3070,0,35.3812080262328,0.0
TORDILHA-D_011_jpg.rf.67cbd65b708b681788cae0003256ca67_r2c0.jpg,FN,-1,25,0.0,1379,0,15.892731553151476,0.0
TORDILHA-D_011_jpg.rf.67cbd65b708b681788cae0003256ca67_r2c1.jpg,TP,1,3,0.9002943340691685,16176,14814,186.42554431020906,170.7287347558999
TORDILHA-D_011_jpg.rf.67cbd65b708b681788cae0003256ca67_r2c1.jpg,TP,4,5,0.863948694457169,8403,7873,96.84309154541832,90.7349351109221
TORDILHA-D_011_jpg.rf.67cbd65b708b681788cae0003256ca67_r2c1.jpg,TP,0,4,0.8612175282078195,38084,32847,438.91137670066774,378.55587623376834
TORDILHA-D_011_jpg.rf.67cbd65b708b681788cae0003256ca67_r2c1.jpg,TP,14,13,0.8563162970106075,3900,3800,44.9468114991231,43.79432915299174
TORDILHA-D_011_jpg.rf.67cbd65b708b681788cae0003256ca67_r2c1.jpg,TP,7,2,0.8537669027688345,14772,14017,170.24469217052473,161.54345045723295
TORDILHA-D_011_jpg.rf.67cbd65b708b681788cae0003256ca67_r2c1.jpg,TP,5,10,0.8464959730736867,7652,7709,88.18794912597178,88.84486406326667
TORDILHA-D_011_jpg.rf.67cbd65b708b681788cae0003256ca67_r2c1.jpg,TP,2,20,0.8423587797401839,6461,6161,74.46188438354727,71.00443734515319
TORDILHA-D_011_jpg.rf.67cbd65b708b681788cae0003256ca67_r2c1.jpg,TP,3,0,0.8353131236339447,9287,10026,107.03103548521955,115.54788002313032
TORDILHA-D_011_jpg.rf.67cbd65b708b681788cae0003256ca67_r2c1.jpg,TP,13,15,0.833103448275862,3373,3272,38.87322953501083,37.70922236541815
TORDILHA-D_011_jpg.rf.67cbd65b708b681788cae0003256ca67_r2c1.jpg,TP,9,18,0.8011187072715973,2655,3141,30.59840628978765,36.19947049198607
TORDILHA-D_011_jpg.rf.67cbd65b708b681788cae0003256ca67_r2c1.jpg,TP,6,21,0.7922923828478379,5415,4491,62.40691904301323,51.75798216475945
TORDILHA-D_011_jpg.rf.67cbd65b708b681788cae0003256ca67_r2c1.jpg,TP,16,16,0.7669519420671495,1474,1210,16.98758978197627,13.945036388189475
TORDILHA-D_011_jpg.rf.67cbd65b708b681788cae0003256ca67_r2c1.jpg,TP,17,9,0.751039595009944,4476,5209,51.58510981283975,60.03280540998262
TORDILHA-D_011_jpg.rf.67cbd65b708b681788cae0003256ca67_r2c1.jpg,TP,18,8,0.744997871434653,4116,4082,47.436173366766845,47.04432936908218
TORDILHA-D_011_jpg.rf.67cbd65b708b681788cae0003256ca67_r2c1.jpg,TP,12,12,0.7020245223838039,2512,3457,28.950356534819804,39.84131470576117
TORDILHA-D_011_jpg.rf.67cbd65b708b681788cae0003256ca67_r2c1.jpg,TP,11,11,0.665095821551995,15185,11315,175.00444426004725,130.40337746476357
TORDILHA-D_011_jpg.rf.67cbd65b708b681788cae0003256ca67_r2c1.jpg,TP,21,19,0.5875453783859257,3575,2110,41.20124387419617,24.31737750337173
TORDILHA-D_011_jpg.rf.67cbd65b708b681788cae0003256ca67_r2c1.jpg,TP,19,7,0.56125595738716,2150,3419,24.778370441824276,39.40337141423125
TORDILHA-D_011_jpg.rf.67cbd65b708b681788cae0003256ca67_r2c1.jpg,FP,8,-1,0.0,0,7750,0.0,89.31738182518052
TORDILHA-D_011_jpg.rf.67cbd65b708b681788cae0003256ca67_r2c1.jpg,FP,10,-1,0.0,0,4035,0.0,46.50266266640044
TORDILHA-D_011_jpg.rf.67cbd65b708b681788cae0003256ca67_r2c1.jpg,FP,15,-1,0.0,0,2671,0.0,30.78280346516867
TORDILHA-D_011_jpg.rf.67cbd65b708b681788cae0003256ca67_r2c1.jpg,FP,20,-1,0.0,0,3060,0.0,35.265959791619665
TORDILHA-D_011_jpg.rf.67cbd65b708b681788cae0003256ca67_r2c1.jpg,FN,-1,1,0.0,1381,0,15.915781200074104,0.0
TORDILHA-D_011_jpg.rf.67cbd65b708b681788cae0003256ca67_r2c1.jpg,FN,-1,6,0.0,14157,0,163.15692574181685,0.0
TORDILHA-D_011_jpg.rf.67cbd65b708b681788cae0003256ca67_r2c1.jpg,FN,-1,14,0.0,884,0,10.187943939801237,0.0
TORDILHA-D_011_jpg.rf.67cbd65b708b681788cae0003256ca67_r2c1.jpg,FN,-1,17,0.0,5402,0,62.257096338016154,0.0
TORDILHA-D_011_jpg.rf.67cbd65b708b681788cae0003256ca67_r2c2.jpg,TP,11,31,0.9023328149300156,9338,9010,107.61880148174654,103.83865938643568
TORDILHA-D_011_jpg.rf.67cbd65b708b681788cae0003256ca67_r2c2.jpg,TP,5,11,0.8847345989926385,9778,9680,112.68972380472454,111.5602911055158
TORDILHA-D_011_jpg.rf.67cbd65b708b681788cae0003256ca67_r2c2.jpg,TP,15,3,0.8800566343042071,8965,9625,103.32004233067657,110.92642581514355
TORDILHA-D_011_jpg.rf.67cbd65b708b681788cae0003256ca67_r2c2.jpg,TP,12,25,0.8795244385733157,6856,7372,79.01418965076616,84.96099855680397
TORDILHA-D_011_jpg.rf.67cbd65b708b681788cae0003256ca67_r2c2.jpg,TP,17,45,0.8486821462190147,12362,11205,142.46986762875892,129.13564688401905
TORDILHA-D_011_jpg.rf.67cbd65b708b681788cae0003256ca67_r2c2.jpg,TP,2,33,0.8437301946582164,10023,10341,115.51330555274637,119.1781994134441
TORDILHA-D_011_jpg.rf.67cbd65b708b681788cae0003256ca67_r2c2.jpg,TP,19,29,0.8313323572474378,2855,3399,32.903370982050376,39.17287494500498
TORDILHA-D_011_jpg.rf.67cbd65b708b681788cae0003256ca67_r2c2.jpg,TP,9,43,0.8302092811646952,4834,5223,55.71099661199002,60.194152938441015
TORDILHA-D_011_jpg.rf.67cbd65b708b681788cae0003256ca67_r2c2.jpg,TP,1,12,0.82797612815412,9168,8291,105.65958149332323,95.55231131775119
TORDILHA-D_011_jpg.rf.67cbd65b708b681788cae0003256ca67_r2c2.jpg,TP,10,28,0.8204375275289972,6560,5839,75.60284190621732,67.2934441906102
TORDILHA-D_011_jpg.rf.67cbd65b708b681788cae0003256ca67_r2c2.jpg,TP,3,21,0.817536365735396,16812,14675,193.7553320316045,169.1267842947773
TORDILHA-D_011_jpg.rf.67cbd65b708b681788cae0003256ca67_r2c2.jpg,TP,7,5,0.814442759666414,4784,4789,55.13475543892434,55.192379556230904
TORDILHA-D_011_jpg.rf.67cbd65b708b681788cae0003256ca67_r2c2.jpg,TP,14,36,0.8123094512195121,4371,5140,50.375003349401815,59.23759259115199
TORDILHA-D_011_jpg.rf.67cbd65b708b681788cae0003256ca67_r2c2.jpg,TP,4,6,0.8121414276184122,7289,6293,84.00443820951494,72.52571404204659
TORDILHA-D_011_jpg.rf.67cbd65b708b681788cae0003256ca67_r2c2.jpg,TP,39,40,0.8100911002102312,1296,1287,14.936171205862447,14.832447794710623
TORDILHA-D_011_jpg.rf.67cbd65b708b681788cae0003256ca67_r2c2.jpg,TP,40,46,0.8087378640776699,2983,2606,34.37854838509852,30.033689940183283
TORDILHA-D_011_jpg.rf.67cbd65b708b681788cae0003256ca67_r2c2.jpg,TP,24,18,0.7689530685920578,2214,2196,25.515959143348347,25.3085123210447
TORDILHA-D_011_jpg.rf.67cbd65b708b681788cae0003256ca67_r2c2.jpg,TP,27,0,0.7649263721552878,9802,9974,112.96631956779606,114.948589203142
TORDILHA-D_011_jpg.rf.67cbd65b708b681788cae0003256ca67_r2c2.jpg,TP,8,20,0.755066589461494,3436,2626,39.59929341307358,30.264186409409554
TORDILHA-D_011_jpg.rf.67cbd65b708b681788cae0003256ca67_r2c2.jpg,TP,16,34,0.7519685039370079,4945,3955,56.99025201619583,45.58067678949535
TORDILHA-D_011_jpg.rf.67cbd65b708b681788cae0003256ca67_r2c2.jpg,TP,25,10,0.7385727611940298,4278,3177,49.30319476749965,36.61436413659336
TORDILHA-D_011_jpg.rf.67cbd65b708b681788cae0003256ca67_r2c2.jpg,TP,18,22,0.7344877344877345,1805,1801,20.802306347671077,20.756207053825822
TORDILHA-D_011_jpg.rf.67cbd65b708b681788cae0003256ca67_r2c2.jpg,TP,26,42,0.7312791114295951,2490,2342,28.696810418670903,26.99113654639649
TORDILHA-D_011_jpg.rf.67cbd65b708b681788cae0003256ca67_r2c2.jpg,TP,41,41,0.7306350314026517,1332,1148,15.351064850469736,13.230497333588032
TORDILHA-D_011_jpg.rf.67cbd65b708b681788cae0003256ca67_r2c2.jpg,TP,35,9,0.7216916780354706,1417,1107,16.330674844681393,12.757979571674174
TORDILHA-D_011_jpg.rf.67cbd65b708b681788cae0003256ca67_r2c2.jpg,TP,6,14,0.7204996654026322,4305,3408,49.61436500095512,39.2765983561568
TORDILHA-D_011_jpg.rf.67cbd65b708b681788cae0003256ca67_r2c2.jpg,TP,20,16,0.7152292885450084,15558,11709,179.30320341111724,134.94415790852113
TORDILHA-D_011_jpg.rf.67cbd65b708b681788cae0003256ca67_r2c2.jpg,TP,13,7,0.6965352449223416,1172,1668,13.507093096659558,19.223405533471112
TORDILHA-D_011_jpg.rf.67cbd65b708b681788cae0003256ca67_r2c2.jpg,TP,29,44,0.6953125,2068,1621,23.833334917996556,18.68173883078937
TORDILHA-D_011_jpg.rf.67cbd65b708b681788cae0003256ca67_r2c2.jpg,TP,21,17,0.6916239316239317,2560,2388,29.503548060962856,27.521278425616913
TORDILHA-D_011_jpg.rf.67cbd65b708b681788cae0003256ca67_r2c2.jpg,TP,44,48,0.6853345989558615,1850,1701,21.32092340343019,19.60372470769446
TORDILHA-D_011_jpg.rf.67cbd65b708b681788cae0003256ca67_r2c2.jpg,TP,23,19,0.6828978622327792,1604,1230,18.48581683194704,14.175532857415748
TORDILHA-D_011_jpg.rf.67cbd65b708b681788cae0003256ca67_r2c2.jpg,TP,22,13,0.6501079913606912,1851,1205,21.332448226891504,13.887412270882907
TORDILHA-D_011_jpg.rf.67cbd65b708b681788cae0003256ca67_r2c2.jpg,TP,30,1,0.617633828160144,2139,1457,24.651597383749824,16.79166778313394
TORDILHA-D_011_jpg.rf.67cbd65b708b681788cae0003256ca67_r2c2.jpg,TP,38,38,0.5863552550706822,1588,993,18.301419656566022,11.44414969708442
TORDILHA-D_011_jpg.rf.67cbd65b708b681788cae0003256ca67_r2c2.jpg,TP,34,32,0.5785649409627611,1062,676,12.23936251591506,7.7907806598480045
TORDILHA-D_011_jpg.rf.67cbd65b708b681788cae0003256ca67_r2c2.jpg,TP,0,39,0.5661361141602634,17465,11070,201.2810417518423,127.57979571674173
TORDILHA-D_011_jpg.rf.67cbd65b708b681788cae0003256ca67_r2c2.jpg,FP,28,-1,0.0,0,11944,0.0,137.65249142192982
TORDILHA-D_011_jpg.rf.67cbd65b708b681788cae0003256ca67_r2c2.jpg,FP,31,-1,0.0,0,2457,0.0,28.316491244447555
TORDILHA-D_011_jpg.rf.67cbd65b708b681788cae0003256ca67_r2c2.jpg,FP,32,-1,0.0,0,5705,0.0,65.74911784679418
TORDILHA-D_011_jpg.rf.67cbd65b708b681788cae0003256ca67_r2c2.jpg,FP,33,-1,0.0,0,2508,0.0,28.904257240974548
TORDILHA-D_011_jpg.rf.67cbd65b708b681788cae0003256ca67_r2c2.jpg,FP,36,-1,0.0,0,4076,0.0,46.975180428314296
TORDILHA-D_011_jpg.rf.67cbd65b708b681788cae0003256ca67_r2c2.jpg,FP,37,-1,0.0,0,2394,0.0,27.590427366384795
TORDILHA-D_011_jpg.rf.67cbd65b708b681788cae0003256ca67_r2c2.jpg,FP,42,-1,0.0,0,1345,0.0,15.500887555466813
TORDILHA-D_011_jpg.rf.67cbd65b708b681788cae0003256ca67_r2c2.jpg,FP,43,-1,0.0,0,1452,0.0,16.73404366582737
TORDILHA-D_011_jpg.rf.67cbd65b708b681788cae0003256ca67_r2c2.jpg,FP,45,-1,0.0,0,206,0.0,2.3741136330306047
TORDILHA-D_011_jpg.rf.67cbd65b708b681788cae0003256ca67_r2c2.jpg,FN,-1,2,0.0,6852,0,78.9680903569209,0.0
TORDILHA-D_011_jpg.rf.67cbd65b708b681788cae0003256ca67_r2c2.jpg,FN,-1,4,0.0,5373,0,61.922876457638054,0.0
TORDILHA-D_011_jpg.rf.67cbd65b708b681788cae0003256ca67_r2c2.jpg,FN,-1,8,0.0,2245,0,25.873228670649066,0.0
TORDILHA-D_011_jpg.rf.67cbd65b708b681788cae0003256ca67_r2c2.jpg,FN,-1,15,0.0,2015,0,23.222519274546936,0.0
TORDILHA-D_011_jpg.rf.67cbd65b708b681788cae0003256ca67_r2c2.jpg,FN,-1,23,0.0,1466,0,16.89539119428576,0.0
TORDILHA-D_011_jpg.rf.67cbd65b708b681788cae0003256ca67_r2c2.jpg,FN,-1,24,0.0,3482,0,40.12943529229401,0.0
TORDILHA-D_011_jpg.rf.67cbd65b708b681788cae0003256ca67_r2c2.jpg,FN,-1,26,0.0,7435,0,85.68706243486673,0.0
TORDILHA-D_011_jpg.rf.67cbd65b708b681788cae0003256ca67_r2c2.jpg,FN,-1,27,0.0,2912,0,33.56028591934525,0.0
TORDILHA-D_011_jpg.rf.67cbd65b708b681788cae0003256ca67_r2c2.jpg,FN,-1,30,0.0,2095,0,24.144505151452027,0.0
TORDILHA-D_011_jpg.rf.67cbd65b708b681788cae0003256ca67_r2c2.jpg,FN,-1,35,0.0,25627,0,295.34665084308403,0.0
TORDILHA-D_011_jpg.rf.67cbd65b708b681788cae0003256ca67_r2c2.jpg,FN,-1,37,0.0,1322,0,15.2358166158566,0.0
TORDILHA-D_011_jpg.rf.67cbd65b708b681788cae0003256ca67_r2c2.jpg,FN,-1,47,0.0,2303,0,26.541668431405256,0.0
TORDILHA-D_011_jpg.rf.67cbd65b708b681788cae0003256ca67_r2c2.jpg,FN,-1,49,0.0,1149,0,13.242022157049345,0.0
TORDILHA-D_011_jpg.rf.67cbd65b708b681788cae0003256ca67_r2c2.jpg,FN,-1,50,0.0,36048,0,415.44683613343324,0.0
TORDILHA-G_012_jpg.rf.5a71e85cb1442ba538dc7acb7149a07d_r0c0.jpg,TP,0,1,0.8476968796433878,5118,4830,58.98404647500308,55.66489731814477
TORDILHA-G_012_jpg.rf.5a71e85cb1442ba538dc7acb7149a07d_r0c0.jpg,TP,1,5,0.8452767554304683,12073,13497,139.1391936484393,155.55054225734986
TORDILHA-G_012_jpg.rf.5a71e85cb1442ba538dc7acb7149a07d_r0c0.jpg,TP,3,2,0.798262929332807,2493,2062,28.731384889054844,23.764185977228674
TORDILHA-G_012_jpg.rf.5a71e85cb1442ba538dc7acb7149a07d_r0c0.jpg,FP,2,-1,0.0,0,8803,0.0,101.45302092994376
TORDILHA-G_012_jpg.rf.5a71e85cb1442ba538dc7acb7149a07d_r0c0.jpg,FP,4,-1,0.0,0,2732,0.0,31.4858176963088
TORDILHA-G_012_jpg.rf.5a71e85cb1442ba538dc7acb7149a07d_r0c0.jpg,FN,-1,0,0.0,4323,0,49.82181182325876,0.0
TORDILHA-G_012_jpg.rf.5a71e85cb1442ba538dc7acb7149a07d_r0c0.jpg,FN,-1,3,0.0,5713,0,65.84131643448468,0.0
TORDILHA-G_012_jpg.rf.5a71e85cb1442ba538dc7acb7149a07d_r0c0.jpg,FN,-1,4,0.0,3619,0,41.708336106493974,0.0
TORDILHA-G_012_jpg.rf.5a71e85cb1442ba538dc7acb7149a07d_r0c1.jpg,TP,1,0,0.924591573516767,11227,11156,129.38919300016798,128.57093053441469
TORDILHA-G_012_jpg.rf.5a71e85cb1442ba538dc7acb7149a07d_r0c1.jpg,TP,7,36,0.9054054054054054,1889,1918,21.77039151842142,22.104611398799516
TORDILHA-G_012_jpg.rf.5a71e85cb1442ba538dc7acb7149a07d_r0c1.jpg,TP,9,27,0.8830950378469302,2265,2213,26.10372513987534,25.504434319887032
TORDILHA-G_012_jpg.rf.5a71e85cb1442ba538dc7acb7149a07d_r0c1.jpg,TP,18,32,0.8672360248447205,7568,6862,87.21986395522144,79.08333859153403
TORDILHA-G_012_jpg.rf.5a71e85cb1442ba538dc7acb7149a07d_r0c1.jpg,TP,32,16,0.8610019646365422,1943,1846,22.392731985332354,21.274824109584934
TORDILHA-G_012_jpg.rf.5a71e85cb1442ba538dc7acb7149a07d_r0c1.jpg,TP,17,24,0.8597508591065293,4623,4036,53.27925886165285,46.514187489861754
TORDILHA-G_012_jpg.rf.5a71e85cb1442ba538dc7acb7149a07d_r0c1.jpg,TP,0,23,0.8566421707179197,8464,7958,97.54610577655845,91.71454510513375
TORDILHA-G_012_jpg.rf.5a71e85cb1442ba538dc7acb7149a07d_r0c1.jpg,TP,31,20,0.8546117769671704,25055,24771,288.75445182321266,285.4814019601996
TORDILHA-G_012_jpg.rf.5a71e85cb1442ba538dc7acb7149a07d_r0c1.jpg,TP,8,21,0.8545971074380165,3608,3573,41.581563048419525,41.17819422727355
TORDILHA-G_012_jpg.rf.5a71e85cb1442ba538dc7acb7149a07d_r0c1.jpg,TP,10,15,0.8540905257239246,3411,3184,39.31117282654074,36.695037900822555
TORDILHA-G_012_jpg.rf.5a71e85cb1442ba538dc7acb7149a07d_r0c1.jpg,TP,5,4,0.85,2955,2669,34.05585332818173,30.75975381824604
TORDILHA-G_012_jpg.rf.5a71e85cb1442ba538dc7acb7149a07d_r0c1.jpg,TP,35,14,0.842652329749104,2757,2384,31.773938282841637,27.47517913177166
TORDILHA-G_012_jpg.rf.5a71e85cb1442ba538dc7acb7149a07d_r0c1.jpg,TP,25,10,0.8375241779497099,3847,3753,44.33599585567348,43.25266245031
TORDILHA-G_012_jpg.rf.5a71e85cb1442ba538dc7acb7149a07d_r0c1.jpg,TP,4,5,0.8362596978358514,2272,2225,26.184398904104533,25.642732201422795
TORDILHA-G_012_jpg.rf.5a71e85cb1442ba538dc7acb7149a07d_r0c1.jpg,TP,2,38,0.8350179328333877,5890,5366,67.8812101871372,61.842202693408865
TORDILHA-G_012_jpg.rf.5a71e85cb1442ba538dc7acb7149a07d_r0c1.jpg,TP,15,29,0.833823989978077,14052,15225,161.94681927837894,175.4654371984998
TORDILHA-G_012_jpg.rf.5a71e85cb1442ba538dc7acb7149a07d_r0c1.jpg,TP,6,6,0.8323609490470634,4873,4549,56.16046472698125,52.42642192551564
TORDILHA-G_012_jpg.rf.5a71e85cb1442ba538dc7acb7149a07d_r0c1.jpg,TP,13,19,0.8312775330396476,15505,13594,178.6923877676676,156.66845013309728
TORDILHA-G_012_jpg.rf.5a71e85cb1442ba538dc7acb7149a07d_r0c1.jpg,TP,19,22,0.8311903774367483,4226,4604,48.70390394751134,53.06028721588789
TORDILHA-G_012_jpg.rf.5a71e85cb1442ba538dc7acb7149a07d_r0c1.jpg,TP,14,35,0.8310486634681289,2555,2788,29.44592394365629,32.131207810142364
TORDILHA-G_012_jpg.rf.5a71e85cb1442ba538dc7acb7149a07d_r0c1.jpg,TP,28,7,0.8308671204498372,6224,6149,71.73050122321594,70.86613946361743
TORDILHA-G_012_jpg.rf.5a71e85cb1442ba538dc7acb7149a07d_r0c1.jpg,TP,16,25,0.8243190407923889,6444,7554,74.26596238470493,87.05851642676305
TORDILHA-G_012_jpg.rf.5a71e85cb1442ba538dc7acb7149a07d_r0c1.jpg,TP,11,28,0.8141787758696609,2211,1909,25.481384672964406,22.000887987647694
TORDILHA-G_012_jpg.rf.5a71e85cb1442ba538dc7acb7149a07d_r0c1.jpg,TP,21,41,0.8134556574923547,1883,2268,21.701242577653538,26.13829961025928
TORDILHA-G_012_jpg.rf.5a71e85cb1442ba538dc7acb7149a07d_r0c1.jpg,TP,3,33,0.8125656282814141,5616,4741,64.72340855873726,54.63918803008785
TORDILHA-G_012_jpg.rf.5a71e85cb1442ba538dc7acb7149a07d_r0c1.jpg,TP,24,11,0.8029504741833509,2470,2663,28.466313949444633,30.690604877478158
TORDILHA-G_012_jpg.rf.5a71e85cb1442ba538dc7acb7149a07d_r0c1.jpg,TP,12,17,0.7858649789029536,1530,1856,17.632979895809832,21.39007234419807
TORDILHA-G_012_jpg.rf.5a71e85cb1442ba538dc7acb7149a07d_r0c1.jpg,TP,20,37,0.7352782279848731,1842,1370,21.22872481573968,15.789008141999654
TORDILHA-G_012_jpg.rf.5a71e85cb1442ba538dc7acb7149a07d_r0c1.jpg,TP,23,34,0.7062289562289562,861,1166,9.922873000191023,13.437944155891676
TORDILHA-G_012_jpg.rf.5a71e85cb1442ba538dc7acb7149a07d_r0c1.jpg,TP,37,1,0.6971922951354881,4271,6126,49.22252100327045,70.6010685240072
TORDILHA-G_012_jpg.rf.5a71e85cb1442ba538dc7acb7149a07d_r0c1.jpg,FP,22,-1,0.0,0,2234,0.0,25.746455612574618
TORDILHA-G_012_jpg.rf.5a71e85cb1442ba538dc7acb7149a07d_r0c1.jpg,FP,26,-1,0.0,0,1352,0.0,15.581561319696009
TORDILHA-G_012_jpg.rf.5a71e85cb1442ba538dc7acb7149a07d_r0c1.jpg,FP,27,-1,0.0,0,2415,0.0,27.832448659072384
TORDILHA-G_012_jpg.rf.5a71e85cb1442ba538dc7acb7149a07d_r0c1.jpg,FP,29,-1,0.0,0,3082,0.0,35.51950590776856
TORDILHA-G_012_jpg.rf.5a71e85cb1442ba538dc7acb7149a07d_r0c1.jpg,FP,30,-1,0.0,0,4383,0.0,50.51330123093758
TORDILHA-G_012_jpg.rf.5a71e85cb1442ba538dc7acb7149a07d_r0c1.jpg,FP,33,-1,0.0,0,3748,0.0,43.19503833300343
TORDILHA-G_012_jpg.rf.5a71e85cb1442ba538dc7acb7149a07d_r0c1.jpg,FP,34,-1,0.0,0,3750,0.0,43.21808797992606
TORDILHA-G_012_jpg.rf.5a71e85cb1442ba538dc7acb7149a07d_r0c1.jpg,FP,36,-1,0.0,0,745,0.0,8.585993478678644
TORDILHA-G_012_jpg.rf.5a71e85cb1442ba538dc7acb7149a07d_r0c1.jpg,FN,-1,2,0.0,8093,0,93.27039627241109,0.0
TORDILHA-G_012_jpg.rf.5a71e85cb1442ba538dc7acb7149a07d_r0c1.jpg,FN,-1,3,0.0,9404,0,108.37943983019325,0.0
TORDILHA-G_012_jpg.rf.5a71e85cb1442ba538dc7acb7149a07d_r0c1.jpg,FN,-1,8,0.0,8879,0,102.3289075130036,0.0
TORDILHA-G_012_jpg.rf.5a71e85cb1442ba538dc7acb7149a07d_r0c1.jpg,FN,-1,9,0.0,1297,0,14.94769602932376,0.0
TORDILHA-G_012_jpg.rf.5a71e85cb1442ba538dc7acb7149a07d_r0c1.jpg,FN,-1,12,0.0,14768,0,170.19859287667947,0.0
TORDILHA-G_012_jpg.rf.5a71e85cb1442ba538dc7acb7149a07d_r0c1.jpg,FN,-1,13,0.0,773,0,8.908688535595426,0.0
TORDILHA-G_012_jpg.rf.5a71e85cb1442ba538dc7acb7149a07d_r0c1.jpg,FN,-1,18,0.0,6034,0,69.54078476556636,0.0
TORDILHA-G_012_jpg.rf.5a71e85cb1442ba538dc7acb7149a07d_r0c1.jpg,FN,-1,26,0.0,5281,0,60.86259269919721,0.0
TORDILHA-G_012_jpg.rf.5a71e85cb1442ba538dc7acb7149a07d_r0c1.jpg,FN,-1,30,0.0,924,0,10.648936878253782,0.0
TORDILHA-G_012_jpg.rf.5a71e85cb1442ba538dc7acb7149a07d_r0c1.jpg,FN,-1,31,0.0,12333,0,142.13564774838082,0.0
TORDILHA-G_012_jpg.rf.5a71e85cb1442ba538dc7acb7149a07d_r0c1.jpg,FN,-1,39,0.0,5010,0,57.739365541181215,0.0
TORDILHA-G_012_jpg.rf.5a71e85cb1442ba538dc7acb7149a07d_r0c1.jpg,FN,-1,40,0.0,452,0,5.209220204513755,0.0
TORDILHA-G_012_jpg.rf.5a71e85cb1442ba538dc7acb7149a07d_r0c2.jpg,TP,3,0,0.9015571863253983,5172,5452,59.60638694191402,62.83333751108184
TORDILHA-G_012_jpg.rf.5a71e85cb1442ba538dc7acb7149a07d_r0c2.jpg,TP,6,12,0.8949018905116028,10414,10735,120.01951152612,123.71897985720166
TORDILHA-G_012_jpg.rf.5a71e85cb1442ba538dc7acb7149a07d_r0c2.jpg,TP,12,5,0.8693879555948522,18797,19260,216.63210660231204,221.96809986490024
TORDILHA-G_012_jpg.rf.5a71e85cb1442ba538dc7acb7149a07d_r0c2.jpg,TP,4,1,0.8576233183856502,5040,4902,58.08511024502062,56.494684607359346
TORDILHA-G_012_jpg.rf.5a71e85cb1442ba538dc7acb7149a07d_r0c2.jpg,TP,2,18,0.853423882286361,3447,3103,39.72606647114803,35.76152720045615
TORDILHA-G_012_jpg.rf.5a71e85cb1442ba538dc7acb7149a07d_r0c2.jpg,TP,1,11,0.8462828395751817,3122,3484,35.98049884622111,40.152484939216635
TORDILHA-G_012_jpg.rf.5a71e85cb1442ba538dc7acb7149a07d_r0c2.jpg,TP,8,15,0.8217455621301775,1169,1294,13.472518626275617,14.91312155893982
TORDILHA-G_012_jpg.rf.5a71e85cb1442ba538dc7acb7149a07d_r0c2.jpg,TP,5,6,0.8115325077399381,10798,12607,124.44504373526442,145.29344937678076
TORDILHA-G_012_jpg.rf.5a71e85cb1442ba538dc7acb7149a07d_r0c2.jpg,TP,13,14,0.808792924037461,3327,3626,38.3430876557904,41.78900987072317
TORDILHA-G_012_jpg.rf.5a71e85cb1442ba538dc7acb7149a07d_r0c2.jpg,TP,9,10,0.7778761061946903,2167,1851,24.974292440666606,21.332448226891504
TORDILHA-G_012_jpg.rf.5a71e85cb1442ba538dc7acb7149a07d_r0c2.jpg,TP,11,17,0.7743764172335601,844,721,9.726951001348692,8.309397715607117
TORDILHA-G_012_jpg.rf.5a71e85cb1442ba538dc7acb7149a07d_r0c2.jpg,TP,10,8,0.7613827993254637,1131,958,13.0345753347457,11.040780875938443
TORDILHA-G_012_jpg.rf.5a71e85cb1442ba538dc7acb7149a07d_r0c2.jpg,TP,7,2,0.745697074010327,2158,1899,24.870569029514783,21.885639753034557
TORDILHA-G_012_jpg.rf.5a71e85cb1442ba538dc7acb7149a07d_r0c2.jpg,FP,0,-1,0.0,0,62380,0.0,718.9184875167433
TORDILHA-G_012_jpg.rf.5a71e85cb1442ba538dc7acb7149a07d_r0c2.jpg,FN,-1,3,0.0,28768,0,331.5461213350701,0.0
TORDILHA-G_012_jpg.rf.5a71e85cb1442ba538dc7acb7149a07d_r0c2.jpg,FN,-1,4,0.0,29637,0,341.56119292295165,0.0
TORDILHA-G_012_jpg.rf.5a71e85cb1442ba538dc7acb7149a07d_r0c2.jpg,FN,-1,7,0.0,306,0,3.5265959791619665,0.0
TORDILHA-G_012_jpg.rf.5a71e85cb1442ba538dc7acb7149a07d_r0c2.jpg,FN,-1,9,0.0,3365,0,38.78103094732032,0.0
TORDILHA-G_012_jpg.rf.5a71e85cb1442ba538dc7acb7149a07d_r0c2.jpg,FN,-1,13,0.0,2343,0,27.0026613698578,0.0
TORDILHA-G_012_jpg.rf.5a71e85cb1442ba538dc7acb7149a07d_r0c2.jpg,FN,-1,16,0.0,1861,0,21.447696461504638,0.0
TORDILHA-G_012_jpg.rf.5a71e85cb1442ba538dc7acb7149a07d_r1c0.jpg,TP,0,4,0.8982364156339371,3964,4001,45.684400200647175,46.11081866871578
TORDILHA-G_012_jpg.rf.5a71e85cb1442ba538dc7acb7149a07d_r1c0.jpg,TP,2,2,0.8776334776334777,3331,3175,38.38918694963566,36.59131448967073
TORDILHA-G_012_jpg.rf.5a71e85cb1442ba538dc7acb7149a07d_r1c0.jpg,TP,7,6,0.8726433750823994,6996,7208,80.62766493535005,83.07092750914855
TORDILHA-G_012_jpg.rf.5a71e85cb1442ba538dc7acb7149a07d_r1c0.jpg,TP,1,5,0.8556825015033073,6483,5861,74.71543049969617,67.5469903067591
TORDILHA-G_012_jpg.rf.5a71e85cb1442ba538dc7acb7149a07d_r1c0.jpg,TP,5,0,0.8317079269817454,3931,3394,45.30408102642382,39.11525082769841
TORDILHA-G_012_jpg.rf.5a71e85cb1442ba538dc7acb7149a07d_r1c0.jpg,TP,4,8,0.8180811971488025,18714,22351,215.675546255023,257.5913291838206
TORDILHA-G_012_jpg.rf.5a71e85cb1442ba538dc7acb7149a07d_r1c0.jpg,TP,6,3,0.8063512637718729,6327,7609,72.91755803973125,87.6923817171353
TORDILHA-G_012_jpg.rf.5a71e85cb1442ba538dc7acb7149a07d_r1c0.jpg,TP,3,1,0.7969707897583844,2585,2398,29.791668647495698,27.63652666023005
TORDILHA-G_012_jpg.rf.5a71e85cb1442ba538dc7acb7149a07d_r1c0.jpg,FP,8,-1,0.0,0,325,0.0,3.745567624926925
TORDILHA-G_012_jpg.rf.5a71e85cb1442ba538dc7acb7149a07d_r1c0.jpg,FP,9,-1,0.0,0,3932,0.0,45.31560584988514
TORDILHA-G_012_jpg.rf.5a71e85cb1442ba538dc7acb7149a07d_r1c0.jpg,FN,-1,7,0.0,956,0,11.017731229015817,0.0
TORDILHA-G_012_jpg.rf.5a71e85cb1442ba538dc7acb7149a07d_r1c1.jpg,TP,13,23,0.8933481976960238,2571,2524,29.630321119037305,29.088654416355567
TORDILHA-G_012_jpg.rf.5a71e85cb1442ba538dc7acb7149a07d_r1c1.jpg,TP,5,43,0.8889635854341736,8326,8533,95.95568013889716,98.34131859538908
TORDILHA-G_012_jpg.rf.5a71e85cb1442ba538dc7acb7149a07d_r1c1.jpg,TP,42,13,0.8842105263157894,1313,1372,15.132093204704777,15.812057788922282
TORDILHA-G_012_jpg.rf.5a71e85cb1442ba538dc7acb7149a07d_r1c1.jpg,TP,4,55,0.882890943433741,9440,9500,108.79433347480054,109.48582288247935
TORDILHA-G_012_jpg.rf.5a71e85cb1442ba538dc7acb7149a07d_r1c1.jpg,TP,18,52,0.8814907872696818,2372,2121,27.336881250235898,24.44415056144618
TORDILHA-G_012_jpg.rf.5a71e85cb1442ba538dc7acb7149a07d_r1c1.jpg,TP,1,28,0.8755990032585778,4970,4815,57.27837260272867,55.49202496622506
TORDILHA-G_012_jpg.rf.5a71e85cb1442ba538dc7acb7149a07d_r1c1.jpg,TP,31,39,0.8705411712412491,8448,8385,97.36170860117743,96.63564472311467
TORDILHA-G_012_jpg.rf.5a71e85cb1442ba538dc7acb7149a07d_r1c1.jpg,TP,0,14,0.8671467334585682,9274,8617,106.88121278022247,99.30940376613943
TORDILHA-G_012_jpg.rf.5a71e85cb1442ba538dc7acb7149a07d_r1c1.jpg,TP,15,18,0.8661116111611161,11915,12964,137.31827154155172,149.4078113524697
TORDILHA-G_012_jpg.rf.5a71e85cb1442ba538dc7acb7149a07d_r1c1.jpg,TP,7,19,0.8650530503978779,2915,2710,33.59486038972919,31.2322715801599
TORDILHA-G_012_jpg.rf.5a71e85cb1442ba538dc7acb7149a07d_r1c1.jpg,TP,33,30,0.8617086662569146,4619,4468,53.23315956780759,51.492911225149236
TORDILHA-G_012_jpg.rf.5a71e85cb1442ba538dc7acb7149a07d_r1c1.jpg,TP,12,51,0.851940913775335,2754,2637,31.739363812457697,30.390959467484006
TORDILHA-G_012_jpg.rf.5a71e85cb1442ba538dc7acb7149a07d_r1c1.jpg,TP,11,49,0.8518366002306045,11291,11194,130.12678170169204,129.00887382594462
TORDILHA-G_012_jpg.rf.5a71e85cb1442ba538dc7acb7149a07d_r1c1.jpg,TP,48,54,0.8482789855072463,4133,4029,47.632095365609175,46.43351372563256
TORDILHA-G_012_jpg.rf.5a71e85cb1442ba538dc7acb7149a07d_r1c1.jpg,TP,24,32,0.844217881077998,12460,13407,143.59930032796765,154.51330814583164
TORDILHA-G_012_jpg.rf.5a71e85cb1442ba538dc7acb7149a07d_r1c1.jpg,TP,17,22,0.8403074295473953,2295,2015,26.44946984371475,23.222519274546936
TORDILHA-G_012_jpg.rf.5a71e85cb1442ba538dc7acb7149a07d_r1c1.jpg,TP,29,2,0.8399228543876567,990,918,11.409575226700479,10.5797879374859
TORDILHA-G_012_jpg.rf.5a71e85cb1442ba538dc7acb7149a07d_r1c1.jpg,TP,6,16,0.8352157007961488,5230,4682,60.27482670267021,53.95922344587035
TORDILHA-G_012_jpg.rf.5a71e85cb1442ba538dc7acb7149a07d_r1c1.jpg,TP,25,44,0.8314849878279686,3274,3497,37.73227201234078,40.30230764421371
TORDILHA-G_012_jpg.rf.5a71e85cb1442ba538dc7acb7149a07d_r1c1.jpg,TP,23,21,0.8284352660841938,2314,2290,26.668441489479708,26.39184572640818
TORDILHA-G_012_jpg.rf.5a71e85cb1442ba538dc7acb7149a07d_r1c1.jpg,TP,50,33,0.8261214767764986,2450,2150,28.23581748021836,24.778370441824276
TORDILHA-G_012_jpg.rf.5a71e85cb1442ba538dc7acb7149a07d_r1c1.jpg,TP,9,8,0.8252192319322649,3230,2806,37.22517978004298,32.33865463244601
TORDILHA-G_012_jpg.rf.5a71e85cb1442ba538dc7acb7149a07d_r1c1.jpg,TP,10,53,0.8223489649345163,4325,4302,49.844861470181385,49.579790530571174
TORDILHA-G_012_jpg.rf.5a71e85cb1442ba538dc7acb7149a07d_r1c1.jpg,TP,22,11,0.8189267776896643,3184,3697,36.695037900822555,42.607272336476434
TORDILHA-G_012_jpg.rf.5a71e85cb1442ba538dc7acb7149a07d_r1c1.jpg,TP,56,27,0.8180640384971313,4596,5227,52.96808862819738,60.24025223228627
TORDILHA-G_012_jpg.rf.5a71e85cb1442ba538dc7acb7149a07d_r1c1.jpg,TP,44,38,0.8146270818247646,2382,2630,27.45212948484903,30.31028570325481
TORDILHA-G_012_jpg.rf.5a71e85cb1442ba538dc7acb7149a07d_r1c1.jpg,TP,21,0,0.8145487202514594,2169,1872,24.99734208758923,21.57446951957909
TORDILHA-G_012_jpg.rf.5a71e85cb1442ba538dc7acb7149a07d_r1c1.jpg,TP,8,7,0.8142325196524617,6922,6233,79.77482799921285,71.83422463436777
TORDILHA-G_012_jpg.rf.5a71e85cb1442ba538dc7acb7149a07d_r1c1.jpg,TP,32,4,0.8111404087013843,2766,2729,31.87766169399346,31.45124322592486
TORDILHA-G_012_jpg.rf.5a71e85cb1442ba538dc7acb7149a07d_r1c1.jpg,TP,19,29,0.8111145800811739,3102,2699,35.750002376994836,31.105498522085448
TORDILHA-G_012_jpg.rf.5a71e85cb1442ba538dc7acb7149a07d_r1c1.jpg,TP,52,1,0.8002602472348731,1467,1300,16.906916017747076,14.9822704997077
TORDILHA-G_012_jpg.rf.5a71e85cb1442ba538dc7acb7149a07d_r1c1.jpg,TP,2,15,0.7995100810250613,9503,9597,109.52039735286328,110.60373075822677
TORDILHA-G_012_jpg.rf.5a71e85cb1442ba538dc7acb7149a07d_r1c1.jpg,TP,26,40,0.7964055040718899,8610,10581,99.22873000191024,121.94415704415937
TORDILHA-G_012_jpg.rf.5a71e85cb1442ba538dc7acb7149a07d_r1c1.jpg,TP,16,24,0.7853881278538812,2637,2446,30.390959467484006,28.189718186373103
TORDILHA-G_012_jpg.rf.5a71e85cb1442ba538dc7acb7149a07d_r1c1.jpg,TP,60,25,0.7804540967423494,4538,4480,52.299648867441185,51.631209106685
TORDILHA-G_012_jpg.rf.5a71e85cb1442ba538dc7acb7149a07d_r1c1.jpg,TP,3,3,0.7746690734055355,3062,2837,35.289009438542294,32.69592415974673
TORDILHA-G_012_jpg.rf.5a71e85cb1442ba538dc7acb7149a07d_r1c1.jpg,TP,37,48,0.7679231337767923,1174,1218,13.530142743582186,14.037234975879985
TORDILHA-G_012_jpg.rf.5a71e85cb1442ba538dc7acb7149a07d_r1c1.jpg,TP,55,10,0.7526412494258153,4029,3602,46.43351372563256,41.512414107651644
TORDILHA-G_012_jpg.rf.5a71e85cb1442ba538dc7acb7149a07d_r1c1.jpg,TP,27,35,0.7504182267187126,10096,11877,116.35461766542227,136.88032825002182
TORDILHA-G_012_jpg.rf.5a71e85cb1442ba538dc7acb7149a07d_r1c1.jpg,TP,14,50,0.7487953742370703,3052,2392,35.17376120392915,27.56737771946217
TORDILHA-G_012_jpg.rf.5a71e85cb1442ba538dc7acb7149a07d_r1c1.jpg,TP,47,34,0.7403065825067628,879,1051,10.130319822494668,12.11258945784061
TORDILHA-G_012_jpg.rf.5a71e85cb1442ba538dc7acb7149a07d_r1c1.jpg,TP,30,46,0.7375,1129,1373,13.011525687823072,15.823582612383595
TORDILHA-G_012_jpg.rf.5a71e85cb1442ba538dc7acb7149a07d_r1c1.jpg,TP,38,45,0.7334924423229913,1218,961,14.037234975879985,11.075355346322384
TORDILHA-G_012_jpg.rf.5a71e85cb1442ba538dc7acb7149a07d_r1c1.jpg,TP,36,17,0.7319148936170212,4121,4019,47.49379748407341,46.318265491019424
TORDILHA-G_012_jpg.rf.5a71e85cb1442ba538dc7acb7149a07d_r1c1.jpg,TP,58,12,0.7257566399011736,2591,2997,29.86081758826358,34.539895913556904
TORDILHA-G_012_jpg.rf.5a71e85cb1442ba538dc7acb7149a07d_r1c1.jpg,TP,20,26,0.7119155354449472,1188,1082,13.691490272040575,12.469858985141332
TORDILHA-G_012_jpg.rf.5a71e85cb1442ba538dc7acb7149a07d_r1c1.jpg,TP,45,6,0.7111280487804879,1308,937,15.07446908739821,10.798759583250858
TORDILHA-G_012_jpg.rf.5a71e85cb1442ba538dc7acb7149a07d_r1c1.jpg,TP,39,20,0.6447534766118836,564,737,6.5000004321808795,8.493794890988134
TORDILHA-G_012_jpg.rf.5a71e85cb1442ba538dc7acb7149a07d_r1c1.jpg,TP,35,5,0.6184104896976184,3465,2583,39.93351329345168,29.768619000573068
TORDILHA-G_012_jpg.rf.5a71e85cb1442ba538dc7acb7149a07d_r1c1.jpg,TP,34,42,0.6008800310599197,7426,4944,85.58333902371491,56.97872719273452
TORDILHA-G_012_jpg.rf.5a71e85cb1442ba538dc7acb7149a07d_r1c1.jpg,TP,54,37,0.5897000565930957,1112,1697,12.81560368898074,19.557625413849205
TORDILHA-G_012_jpg.rf.5a71e85cb1442ba538dc7acb7149a07d_r1c1.jpg,FP,28,-1,0.0,0,2794,0.0,32.200356750910245
TORDILHA-G_012_jpg.rf.5a71e85cb1442ba538dc7acb7149a07d_r1c1.jpg,FP,40,-1,0.0,0,4008,0.0,46.19149243294497
TORDILHA-G_012_jpg.rf.5a71e85cb1442ba538dc7acb7149a07d_r1c1.jpg,FP,41,-1,0.0,0,7427,0.0,85.59486384717623
TORDILHA-G_012_jpg.rf.5a71e85cb1442ba538dc7acb7149a07d_r1c1.jpg,FP,43,-1,0.0,0,6503,0.0,74.94592696892245
TORDILHA-G_012_jpg.rf.5a71e85cb1442ba538dc7acb7149a07d_r1c1.jpg,FP,46,-1,0.0,0,1681,0.0,19.373228238468187
TORDILHA-G_012_jpg.rf.5a71e85cb1442ba538dc7acb7149a07d_r1c1.jpg,FP,49,-1,0.0,0,1535,0.0,17.6906040131164
TORDILHA-G_012_jpg.rf.5a71e85cb1442ba538dc7acb7149a07d_r1c1.jpg,FP,51,-1,0.0,0,2021,0.0,23.291668215314818
TORDILHA-G_012_jpg.rf.5a71e85cb1442ba538dc7acb7149a07d_r1c1.jpg,FP,53,-1,0.0,0,5639,0.0,64.98847949834747
TORDILHA-G_012_jpg.rf.5a71e85cb1442ba538dc7acb7149a07d_r1c1.jpg,FP,57,-1,0.0,0,2447,0.0,28.201243009834418
TORDILHA-G_012_jpg.rf.5a71e85cb1442ba538dc7acb7149a07d_r1c1.jpg,FP,59,-1,0.0,0,2004,0.0,23.095746216472484
TORDILHA-G_012_jpg.rf.5a71e85cb1442ba538dc7acb7149a07d_r1c1.jpg,FN,-1,9,0.0,7578,0,87.33511218983458,0.0
TORDILHA-G_012_jpg.rf.5a71e85cb1442ba538dc7acb7149a07d_r1c1.jpg,FN,-1,31,0.0,739,0,8.516844537910762,0.0
TORDILHA-G_012_jpg.rf.5a71e85cb1442ba538dc7acb7149a07d_r1c1.jpg,FN,-1,36,0.0,1678,0,19.338653768084246,0.0
TORDILHA-G_012_jpg.rf.5a71e85cb1442ba538dc7acb7149a07d_r1c1.jpg,FN,-1,41,0.0,806,0,9.289007709818774,0.0
TORDILHA-G_012_jpg.rf.5a71e85cb1442ba538dc7acb7149a07d_r1c1.jpg,FN,-1,47,0.0,3869,0,44.58954197182238,0.0
TORDILHA-G_012_jpg.rf.5a71e85cb1442ba538dc7acb7149a07d_r1c2.jpg,TP,6,2,0.9192018318613019,5753,5981,66.30230937293723,68.92996912211673
TORDILHA-G_012_jpg.rf.5a71e85cb1442ba538dc7acb7149a07d_r1c2.jpg,TP,3,12,0.9121852970795569,4903,4591,56.50620943082066,52.91046451089081
TORDILHA-G_012_jpg.rf.5a71e85cb1442ba538dc7acb7149a07d_r1c2.jpg,TP,0,24,0.8815748424533599,15100,15056,174.0248342658356,173.5177420335378
TORDILHA-G_012_jpg.rf.5a71e85cb1442ba538dc7acb7149a07d_r1c2.jpg,TP,17,29,0.8768443239987955,6294,6172,72.5372388655079,71.13121040322764
TORDILHA-G_012_jpg.rf.5a71e85cb1442ba538dc7acb7149a07d_r1c2.jpg,TP,2,11,0.8649500217296827,9008,8157,103.81560973951305,94.00798497393517
TORDILHA-G_012_jpg.rf.5a71e85cb1442ba538dc7acb7149a07d_r1c2.jpg,TP,20,13,0.8523053165673946,8186,8607,94.34220485431325,99.19415553152629
TORDILHA-G_012_jpg.rf.5a71e85cb1442ba538dc7acb7149a07d_r1c2.jpg,TP,15,17,0.8444860813704497,3628,3263,41.8120595176458,37.60549895426633
TORDILHA-G_012_jpg.rf.5a71e85cb1442ba538dc7acb7149a07d_r1c2.jpg,TP,26,8,0.8381055564154156,6097,5779,70.26684864362912,66.60195478293139
TORDILHA-G_012_jpg.rf.5a71e85cb1442ba538dc7acb7149a07d_r1c2.jpg,TP,25,20,0.8335747392815759,6261,6398,72.15691969128454,73.73582050548451
TORDILHA-G_012_jpg.rf.5a71e85cb1442ba538dc7acb7149a07d_r1c2.jpg,TP,16,9,0.8296583953136313,13638,14160,157.1755423653951,163.1915002122008
TORDILHA-G_012_jpg.rf.5a71e85cb1442ba538dc7acb7149a07d_r1c2.jpg,TP,13,1,0.8261949099937926,6343,5425,73.10195521511227,62.522167277626366
TORDILHA-G_012_jpg.rf.5a71e85cb1442ba538dc7acb7149a07d_r1c2.jpg,TP,14,21,0.8190205819730305,2764,2362,31.854612047070834,27.22163301562276
TORDILHA-G_012_jpg.rf.5a71e85cb1442ba538dc7acb7149a07d_r1c2.jpg,TP,9,25,0.816265510539692,6485,5664,74.7384801466188,65.27660008488031
TORDILHA-G_012_jpg.rf.5a71e85cb1442ba538dc7acb7149a07d_r1c2.jpg,TP,5,30,0.8151408450704225,4294,3954,49.48759194288067,45.569151966034035
TORDILHA-G_012_jpg.rf.5a71e85cb1442ba538dc7acb7149a07d_r1c2.jpg,TP,1,22,0.8057371450873256,9741,8766,112.26330533665593,101.02660246187516
TORDILHA-G_012_jpg.rf.5a71e85cb1442ba538dc7acb7149a07d_r1c2.jpg,TP,11,14,0.8032093678846363,8082,8549,93.14362321433664,98.5257157707701
TORDILHA-G_012_jpg.rf.5a71e85cb1442ba538dc7acb7149a07d_r1c2.jpg,TP,10,15,0.7965367965367965,1939,1796,22.346632691487102,20.698582936519255
TORDILHA-G_012_jpg.rf.5a71e85cb1442ba538dc7acb7149a07d_r1c2.jpg,TP,21,3,0.7953379953379953,3861,3841,44.497343384131874,44.2668469149056
TORDILHA-G_012_jpg.rf.5a71e85cb1442ba538dc7acb7149a07d_r1c2.jpg,TP,4,6,0.7891956782713085,11659,10697,134.36791673545545,123.28103656567176
TORDILHA-G_012_jpg.rf.5a71e85cb1442ba538dc7acb7149a07d_r1c2.jpg,TP,8,27,0.7621497998856489,3439,2725,39.633867883457526,31.405143932079604
TORDILHA-G_012_jpg.rf.5a71e85cb1442ba538dc7acb7149a07d_r1c2.jpg,TP,18,28,0.7528182568050591,3637,2738,41.91578292879762,31.55496663707668
TORDILHA-G_012_jpg.rf.5a71e85cb1442ba538dc7acb7149a07d_r1c2.jpg,TP,12,18,0.7521317259629521,2922,3037,33.67553415395839,35.00088885200945
TORDILHA-G_012_jpg.rf.5a71e85cb1442ba538dc7acb7149a07d_r1c2.jpg,TP,27,4,0.7300073367571533,1326,1032,15.281915909701855,11.893617812075652
TORDILHA-G_012_jpg.rf.5a71e85cb1442ba538dc7acb7149a07d_r1c2.jpg,TP,30,7,0.7010309278350515,674,811,7.767731012925377,9.346631827125343
TORDILHA-G_012_jpg.rf.5a71e85cb1442ba538dc7acb7149a07d_r1c2.jpg,TP,19,0,0.6920980926430518,1564,1541,18.024823893494496,17.75975295388428
TORDILHA-G_012_jpg.rf.5a71e85cb1442ba538dc7acb7149a07d_r1c2.jpg,TP,7,19,0.6818181818181818,3294,2367,37.96276848156705,27.279257132929327
TORDILHA-G_012_jpg.rf.5a71e85cb1442ba538dc7acb7149a07d_r1c2.jpg,TP,24,16,0.6784502262443439,2876,3059,33.14539227473796,35.25443496815835
TORDILHA-G_012_jpg.rf.5a71e85cb1442ba538dc7acb7149a07d_r1c2.jpg,TP,22,10,0.6702557200538358,1356,1126,15.627660613541263,12.976951217439131
TORDILHA-G_012_jpg.rf.5a71e85cb1442ba538dc7acb7149a07d_r1c2.jpg,FP,23,-1,0.0,0,2144,0.0,24.70922150105639
TORDILHA-G_012_jpg.rf.5a71e85cb1442ba538dc7acb7149a07d_r1c2.jpg,FP,28,-1,0.0,0,5940,0.0,68.45745136020288
TORDILHA-G_012_jpg.rf.5a71e85cb1442ba538dc7acb7149a07d_r1c2.jpg,FP,29,-1,0.0,0,2933,0.0,33.80230721203284
TORDILHA-G_012_jpg.rf.5a71e85cb1442ba538dc7acb7149a07d_r1c2.jpg,FP,31,-1,0.0,0,3311,0.0,38.15869048040938
TORDILHA-G_012_jpg.rf.5a71e85cb1442ba538dc7acb7149a07d_r1c2.jpg,FN,-1,5,0.0,10082,0,116.19327013696387,0.0
TORDILHA-G_012_jpg.rf.5a71e85cb1442ba538dc7acb7149a07d_r1c2.jpg,FN,-1,23,0.0,816,0,9.40425594443191,0.0
TORDILHA-G_012_jpg.rf.5a71e85cb1442ba538dc7acb7149a07d_r1c2.jpg,FN,-1,26,0.0,1200,0,13.829788153576338,0.0
TORDILHA-G_012_jpg.rf.5a71e85cb1442ba538dc7acb7149a07d_r2c0.jpg,TP,21,0,0.9119708816392559,7301,6882,84.14273609105071,79.3138350607603
TORDILHA-G_012_jpg.rf.5a71e85cb1442ba538dc7acb7149a07d_r2c0.jpg,TP,0,33,0.888010700389105,7806,7721,89.96277193901409,88.98316194480243
TORDILHA-G_012_jpg.rf.5a71e85cb1442ba538dc7acb7149a07d_r2c0.jpg,TP,25,15,0.8682803264846608,9973,9941,114.93706437968069,114.56827002891866
TORDILHA-G_012_jpg.rf.5a71e85cb1442ba538dc7acb7149a07d_r2c0.jpg,TP,8,31,0.859800054406964,27629,27064,318.4193474126339,311.9078221569917
TORDILHA-G_012_jpg.rf.5a71e85cb1442ba538dc7acb7149a07d_r2c0.jpg,TP,34,32,0.8487075519513432,3746,3549,43.1719886860808,40.901598464202024
TORDILHA-G_012_jpg.rf.5a71e85cb1442ba538dc7acb7149a07d_r2c0.jpg,TP,30,38,0.8466819221967964,3414,3042,39.345747296924685,35.05851296931602
TORDILHA-G_012_jpg.rf.5a71e85cb1442ba538dc7acb7149a07d_r2c0.jpg,TP,18,27,0.8451998162609095,2086,1931,24.040781740300204,22.25443410379659
TORDILHA-G_012_jpg.rf.5a71e85cb1442ba538dc7acb7149a07d_r2c0.jpg,TP,1,5,0.836298178737823,4644,4027,53.52128015434043,46.41046407870993
TORDILHA-G_012_jpg.rf.5a71e85cb1442ba538dc7acb7149a07d_r2c0.jpg,TP,12,24,0.8319905213270142,3983,3748,45.903371846412135,43.19503833300343
TORDILHA-G_012_jpg.rf.5a71e85cb1442ba538dc7acb7149a07d_r2c0.jpg,TP,7,1,0.8294238683127572,4725,4166,54.454790854706836,48.01241453983253
TORDILHA-G_012_jpg.rf.5a71e85cb1442ba538dc7acb7149a07d_r2c0.jpg,TP,10,26,0.828266228430567,4583,4317,52.8182659232003,49.75266288249088
TORDILHA-G_012_jpg.rf.5a71e85cb1442ba538dc7acb7149a07d_r2c0.jpg,TP,3,4,0.8208640674394099,7233,8319,83.35904809568139,95.87500637466798
TORDILHA-G_012_jpg.rf.5a71e85cb1442ba538dc7acb7149a07d_r2c0.jpg,TP,4,35,0.81585856817784,5000,5374,57.62411730656808,61.93440128109937
TORDILHA-G_012_jpg.rf.5a71e85cb1442ba538dc7acb7149a07d_r2c0.jpg,TP,2,28,0.8079496261314443,4721,4467,54.40869156086158,51.48138640168792
TORDILHA-G_012_jpg.rf.5a71e85cb1442ba538dc7acb7149a07d_r2c0.jpg,TP,11,12,0.8060120240480962,4373,4639,50.398052996324445,53.463656037033864
TORDILHA-G_012_jpg.rf.5a71e85cb1442ba538dc7acb7149a07d_r2c0.jpg,TP,22,21,0.8018453427065027,4339,3863,50.00620899863978,44.520393031054496
TORDILHA-G_012_jpg.rf.5a71e85cb1442ba538dc7acb7149a07d_r2c0.jpg,TP,13,30,0.7991920152091255,4033,3538,46.47961301947781,40.774825406127576
TORDILHA-G_012_jpg.rf.5a71e85cb1442ba538dc7acb7149a07d_r2c0.jpg,TP,5,34,0.7967032967032966,2257,2321,26.01152655218483,26.7491152537089
TORDILHA-G_012_jpg.rf.5a71e85cb1442ba538dc7acb7149a07d_r2c0.jpg,TP,26,36,0.7953646127755795,3054,3298,35.19681085085178,38.008867775412305
TORDILHA-G_012_jpg.rf.5a71e85cb1442ba538dc7acb7149a07d_r2c0.jpg,TP,19,17,0.7915472779369628,2484,2518,28.627661477903022,29.019505475587685
TORDILHA-G_012_jpg.rf.5a71e85cb1442ba538dc7acb7149a07d_r2c0.jpg,TP,9,11,0.7851474771672406,6075,5848,70.01330252748022,67.39716760176202
TORDILHA-G_012_jpg.rf.5a71e85cb1442ba538dc7acb7149a07d_r2c0.jpg,TP,35,18,0.7817655207152752,6504,7645,74.95745179238375,88.1072753617426
TORDILHA-G_012_jpg.rf.5a71e85cb1442ba538dc7acb7149a07d_r2c0.jpg,TP,6,37,0.7765261627906976,2592,2297,29.872342411724894,26.472519490637374
TORDILHA-G_012_jpg.rf.5a71e85cb1442ba538dc7acb7149a07d_r2c0.jpg,TP,15,19,0.7644701691896705,4200,3726,48.40425853751719,42.941492216854535
TORDILHA-G_012_jpg.rf.5a71e85cb1442ba538dc7acb7149a07d_r2c0.jpg,TP,24,13,0.7564702213907079,2889,2744,33.295214979735036,31.624115577844563
TORDILHA-G_012_jpg.rf.5a71e85cb1442ba538dc7acb7149a07d_r2c0.jpg,TP,17,9,0.7414982164090369,3486,3837,40.175534586139264,44.22074762106034
TORDILHA-G_012_jpg.rf.5a71e85cb1442ba538dc7acb7149a07d_r2c0.jpg,TP,29,14,0.7184713375796178,1405,1293,16.19237696314563,14.901596735478504
TORDILHA-G_012_jpg.rf.5a71e85cb1442ba538dc7acb7149a07d_r2c0.jpg,TP,32,7,0.702054794520548,2879,4079,33.1799667451219,47.00975489869824
TORDILHA-G_012_jpg.rf.5a71e85cb1442ba538dc7acb7149a07d_r2c0.jpg,TP,40,16,0.6351660939289805,1523,1332,17.552306131580636,15.351064850469736
TORDILHA-G_012_jpg.rf.5a71e85cb1442ba538dc7acb7149a07d_r2c0.jpg,TP,20,10,0.5657507360157017,2038,1153,23.487590214157148,13.288121450894598
TORDILHA-G_012_jpg.rf.5a71e85cb1442ba538dc7acb7149a07d_r2c0.jpg,TP,36,6,0.5240469208211144,2987,2210,34.42464767894377,25.46985984950309
TORDILHA-G_012_jpg.rf.5a71e85cb1442ba538dc7acb7149a07d_r2c0.jpg,TP,16,2,0.5017146776406035,2791,1588,32.1657822805263,18.301419656566022
TORDILHA-G_012_jpg.rf.5a71e85cb1442ba538dc7acb7149a07d_r2c0.jpg,FP,14,-1,0.0,0,2137,0.0,24.628547736827198
TORDILHA-G_012_jpg.rf.5a71e85cb1442ba538dc7acb7149a07d_r2c0.jpg,FP,23,-1,0.0,0,1034,0.0,11.916667458998278
TORDILHA-G_012_jpg.rf.5a71e85cb1442ba538dc7acb7149a07d_r2c0.jpg,FP,27,-1,0.0,0,776,0.0,8.943263005979366
TORDILHA-G_012_jpg.rf.5a71e85cb1442ba538dc7acb7149a07d_r2c0.jpg,FP,28,-1,0.0,0,4293,0.0,49.476067119419355
TORDILHA-G_012_jpg.rf.5a71e85cb1442ba538dc7acb7149a07d_r2c0.jpg,FP,31,-1,0.0,0,1332,0.0,15.351064850469736
TORDILHA-G_012_jpg.rf.5a71e85cb1442ba538dc7acb7149a07d_r2c0.jpg,FP,33,-1,0.0,0,7582,0.0,87.38121148367983
TORDILHA-G_012_jpg.rf.5a71e85cb1442ba538dc7acb7149a07d_r2c0.jpg,FP,37,-1,0.0,0,10150,0.0,116.9769581323332
TORDILHA-G_012_jpg.rf.5a71e85cb1442ba538dc7acb7149a07d_r2c0.jpg,FP,38,-1,0.0,0,5548,0.0,63.93972056336794
TORDILHA-G_012_jpg.rf.5a71e85cb1442ba538dc7acb7149a07d_r2c0.jpg,FP,39,-1,0.0,0,1373,0.0,15.823582612383595
TORDILHA-G_012_jpg.rf.5a71e85cb1442ba538dc7acb7149a07d_r2c0.jpg,FP,41,-1,0.0,0,1946,0.0,22.427306455716295
TORDILHA-G_012_jpg.rf.5a71e85cb1442ba538dc7acb7149a07d_r2c0.jpg,FN,-1,3,0.0,1530,0,17.632979895809832,0.0
TORDILHA-G_012_jpg.rf.5a71e85cb1442ba538dc7acb7149a07d_r2c0.jpg,FN,-1,8,0.0,462,0,5.324468439126891,0.0
TORDILHA-G_012_jpg.rf.5a71e85cb1442ba538dc7acb7149a07d_r2c0.jpg,FN,-1,20,0.0,4135,0,47.655145012531804,0.0
TORDILHA-G_012_jpg.rf.5a71e85cb1442ba538dc7acb7149a07d_r2c0.jpg,FN,-1,22,0.0,1356,0,15.627660613541263,0.0
TORDILHA-G_012_jpg.rf.5a71e85cb1442ba538dc7acb7149a07d_r2c0.jpg,FN,-1,23,0.0,4212,0,48.54255641905295,0.0
TORDILHA-G_012_jpg.rf.5a71e85cb1442ba538dc7acb7149a07d_r2c0.jpg,FN,-1,25,0.0,4684,0,53.98227309279298,0.0
TORDILHA-G_012_jpg.rf.5a71e85cb1442ba538dc7acb7149a07d_r2c0.jpg,FN,-1,29,0.0,4118,0,47.45922301368947,0.0
TORDILHA-G_012_jpg.rf.5a71e85cb1442ba538dc7acb7149a07d_r2c1.jpg,TP,0,12,0.9033158813263525,5512,5394,63.52482691876065,62.16489775032564
TORDILHA-G_012_jpg.rf.5a71e85cb1442ba538dc7acb7149a07d_r2c1.jpg,TP,1,0,0.8962151534302366,12763,14241,147.0913218367457,164.1250109125672
TORDILHA-G_012_jpg.rf.5a71e85cb1442ba538dc7acb7149a07d_r2c1.jpg,TP,2,21,0.8833198286838755,7941,8329,91.51862310629143,95.99025460928111
TORDILHA-G_012_jpg.rf.5a71e85cb1442ba538dc7acb7149a07d_r2c1.jpg,TP,19,2,0.8818382847803096,9648,9925,111.19149675475377,114.38387285353764
TORDILHA-G_012_jpg.rf.5a71e85cb1442ba538dc7acb7149a07d_r2c1.jpg,TP,3,17,0.8690031600114909,3311,3195,38.15869048040938,36.821810958897004
TORDILHA-G_012_jpg.rf.5a71e85cb1442ba538dc7acb7149a07d_r2c1.jpg,TP,4,4,0.8680822826808229,7267,6809,83.75089209336605,78.4725229480844
TORDILHA-G_012_jpg.rf.5a71e85cb1442ba538dc7acb7149a07d_r2c1.jpg,TP,27,13,0.8632189463508941,3946,3764,45.47695337834353,43.37943550838445
TORDILHA-G_012_jpg.rf.5a71e85cb1442ba538dc7acb7149a07d_r2c1.jpg,TP,11,31,0.8614130434782609,4531,4374,52.218975103211996,50.40957781978575
TORDILHA-G_012_jpg.rf.5a71e85cb1442ba538dc7acb7149a07d_r2c1.jpg,TP,14,19,0.8610843141038009,4969,4677,57.26684777926736,53.90159932856378
TORDILHA-G_012_jpg.rf.5a71e85cb1442ba538dc7acb7149a07d_r2c1.jpg,TP,15,24,0.850742089050686,3493,3116,40.25620835036846,35.91134990545323
TORDILHA-G_012_jpg.rf.5a71e85cb1442ba538dc7acb7149a07d_r2c1.jpg,TP,13,16,0.849791281735441,14102,12929,162.52306045144462,149.00444253132375
TORDILHA-G_012_jpg.rf.5a71e85cb1442ba538dc7acb7149a07d_r2c1.jpg,TP,9,20,0.8449844074844075,6715,7484,77.38918954272093,86.2517787844711
TORDILHA-G_012_jpg.rf.5a71e85cb1442ba538dc7acb7149a07d_r2c1.jpg,TP,18,18,0.8352293577981651,2602,2399,29.987590646338028,27.648051483691365
TORDILHA-G_012_jpg.rf.5a71e85cb1442ba538dc7acb7149a07d_r2c1.jpg,TP,16,5,0.8208140998741082,4222,4456,48.65780465366608,51.35461334361347
TORDILHA-G_012_jpg.rf.5a71e85cb1442ba538dc7acb7149a07d_r2c1.jpg,TP,8,6,0.8181559880664867,6497,6301,74.87677802815456,72.61791262973709
TORDILHA-G_012_jpg.rf.5a71e85cb1442ba538dc7acb7149a07d_r2c1.jpg,TP,33,14,0.798705966930266,1225,1277,14.11790874010918,14.717199560097487
TORDILHA-G_012_jpg.rf.5a71e85cb1442ba538dc7acb7149a07d_r2c1.jpg,TP,26,7,0.7972651605231866,1610,1413,18.554965772714922,16.284575550836138
TORDILHA-G_012_jpg.rf.5a71e85cb1442ba538dc7acb7149a07d_r2c1.jpg,TP,5,3,0.7939040361947851,8244,6823,95.01064461506945,78.6338704765428
TORDILHA-G_012_jpg.rf.5a71e85cb1442ba538dc7acb7149a07d_r2c1.jpg,TP,7,28,0.7917858071224331,3653,3240,42.10018010417864,37.34042801465611
TORDILHA-G_012_jpg.rf.5a71e85cb1442ba538dc7acb7149a07d_r2c1.jpg,TP,25,11,0.7790927021696252,3433,2881,39.564718942689645,33.203016392044525
TORDILHA-G_012_jpg.rf.5a71e85cb1442ba538dc7acb7149a07d_r2c1.jpg,TP,31,1,0.761101243339254,1117,866,12.873227806287309,9.980497117497592
TORDILHA-G_012_jpg.rf.5a71e85cb1442ba538dc7acb7149a07d_r2c1.jpg,TP,21,30,0.7581699346405228,1308,1113,15.07446908739821,12.827128512442055
TORDILHA-G_012_jpg.rf.5a71e85cb1442ba538dc7acb7149a07d_r2c1.jpg,TP,28,8,0.7489481065918654,650,597,7.49113524985385,6.880319606404228
TORDILHA-G_012_jpg.rf.5a71e85cb1442ba538dc7acb7149a07d_r2c1.jpg,TP,12,25,0.7428354045143292,3782,3090,43.5868823306881,35.61170449545907
TORDILHA-G_012_jpg.rf.5a71e85cb1442ba538dc7acb7149a07d_r2c1.jpg,TP,20,29,0.7180758017492711,3082,2811,35.51950590776856,32.396278749752575
TORDILHA-G_012_jpg.rf.5a71e85cb1442ba538dc7acb7149a07d_r2c1.jpg,TP,6,22,0.6905400229797013,5092,3736,58.684401065008934,43.05674045146767
TORDILHA-G_012_jpg.rf.5a71e85cb1442ba538dc7acb7149a07d_r2c1.jpg,TP,24,26,0.6122419201867659,12991,9108,149.71898158592518,104.96809208564441
TORDILHA-G_012_jpg.rf.5a71e85cb1442ba538dc7acb7149a07d_r2c1.jpg,TP,10,15,0.5128246753246753,6061,3258,69.85195499902183,37.54787483695976
TORDILHA-G_012_jpg.rf.5a71e85cb1442ba538dc7acb7149a07d_r2c1.jpg,FP,17,-1,0.0,0,3495,0.0,40.27925799729109
TORDILHA-G_012_jpg.rf.5a71e85cb1442ba538dc7acb7149a07d_r2c1.jpg,FP,22,-1,0.0,0,2815,0.0,32.44237804359783
TORDILHA-G_012_jpg.rf.5a71e85cb1442ba538dc7acb7149a07d_r2c1.jpg,FP,23,-1,0.0,0,3450,0.0,39.760640941531975
TORDILHA-G_012_jpg.rf.5a71e85cb1442ba538dc7acb7149a07d_r2c1.jpg,FP,29,-1,0.0,0,4532,0.0,52.2304999266733
TORDILHA-G_012_jpg.rf.5a71e85cb1442ba538dc7acb7149a07d_r2c1.jpg,FP,30,-1,0.0,0,4140,0.0,47.71276912983837
TORDILHA-G_012_jpg.rf.5a71e85cb1442ba538dc7acb7149a07d_r2c1.jpg,FP,32,-1,0.0,0,3136,0.0,36.1418463746795
TORDILHA-G_012_jpg.rf.5a71e85cb1442ba538dc7acb7149a07d_r2c1.jpg,FP,34,-1,0.0,0,3312,0.0,38.1702153038707
TORDILHA-G_012_jpg.rf.5a71e85cb1442ba538dc7acb7149a07d_r2c1.jpg,FP,35,-1,0.0,0,2093,0.0,24.121455504529397
TORDILHA-G_012_jpg.rf.5a71e85cb1442ba538dc7acb7149a07d_r2c1.jpg,FP,36,-1,0.0,0,4004,0.0,46.14539313909972
TORDILHA-G_012_jpg.rf.5a71e85cb1442ba538dc7acb7149a07d_r2c1.jpg,FP,37,-1,0.0,0,1063,0.0,12.250887339376373
TORDILHA-G_012_jpg.rf.5a71e85cb1442ba538dc7acb7149a07d_r2c1.jpg,FP,38,-1,0.0,0,4738,0.0,54.604613559703914
TORDILHA-G_012_jpg.rf.5a71e85cb1442ba538dc7acb7149a07d_r2c1.jpg,FN,-1,9,0.0,11663,0,134.4140160293007,0.0
TORDILHA-G_012_jpg.rf.5a71e85cb1442ba538dc7acb7149a07d_r2c1.jpg,FN,-1,10,0.0,12616,0,145.3971727879326,0.0
TORDILHA-G_012_jpg.rf.5a71e85cb1442ba538dc7acb7149a07d_r2c1.jpg,FN,-1,23,0.0,15559,0,179.31472823457855,0.0
TORDILHA-G_012_jpg.rf.5a71e85cb1442ba538dc7acb7149a07d_r2c1.jpg,FN,-1,27,0.0,766,0,8.82801477136623,0.0
TORDILHA-G_012_jpg.rf.5a71e85cb1442ba538dc7acb7149a07d_r2c2.jpg,TP,12,26,0.8869811487742278,10421,10900,120.10018529034919,125.62057572831841
TORDILHA-G_012_jpg.rf.5a71e85cb1442ba538dc7acb7149a07d_r2c2.jpg,TP,23,32,0.8789216670011372,14830,13258,170.91313193128093,152.7961094500959
TORDILHA-G_012_jpg.rf.5a71e85cb1442ba538dc7acb7149a07d_r2c2.jpg,TP,5,20,0.860911633532391,13047,11571,150.36437169975875,133.35373227085984
TORDILHA-G_012_jpg.rf.5a71e85cb1442ba538dc7acb7149a07d_r2c2.jpg,TP,28,36,0.8492773571920165,4066,3995,46.85993219370116,46.0416697279479
TORDILHA-G_012_jpg.rf.5a71e85cb1442ba538dc7acb7149a07d_r2c2.jpg,TP,20,31,0.8384630089848977,9847,9387,113.48493662355517,108.18351783135091
TORDILHA-G_012_jpg.rf.5a71e85cb1442ba538dc7acb7149a07d_r2c2.jpg,TP,25,6,0.8282665343094677,7693,7041,88.66046688788565,81.14628199110916
TORDILHA-G_012_jpg.rf.5a71e85cb1442ba538dc7acb7149a07d_r2c2.jpg,TP,26,14,0.8146056475170399,4334,4984,49.94858488133321,57.43972013118706
TORDILHA-G_012_jpg.rf.5a71e85cb1442ba538dc7acb7149a07d_r2c2.jpg,TP,22,17,0.8067220816769064,12419,12577,143.1267825660538,144.94770467294134
TORDILHA-G_012_jpg.rf.5a71e85cb1442ba538dc7acb7149a07d_r2c2.jpg,TP,9,30,0.7950721153846154,1526,1461,17.586880601964577,16.837767076979194
TORDILHA-G_012_jpg.rf.5a71e85cb1442ba538dc7acb7149a07d_r2c2.jpg,TP,1,33,0.7922848664688428,5685,5187,65.51862137756791,59.779259293833725
TORDILHA-G_012_jpg.rf.5a71e85cb1442ba538dc7acb7149a07d_r2c2.jpg,TP,17,18,0.783256880733945,3382,2838,38.97695294616265,32.70744898320804
TORDILHA-G_012_jpg.rf.5a71e85cb1442ba538dc7acb7149a07d_r2c2.jpg,TP,8,35,0.7826297913634158,3901,3447,44.958336322584415,39.72606647114803
TORDILHA-G_012_jpg.rf.5a71e85cb1442ba538dc7acb7149a07d_r2c2.jpg,TP,30,23,0.7761033369214209,826,824,9.519504179045047,9.496454532122419
TORDILHA-G_012_jpg.rf.5a71e85cb1442ba538dc7acb7149a07d_r2c2.jpg,TP,0,10,0.7692307692307693,2081,1829,23.983157622993634,21.078902110742604
TORDILHA-G_012_jpg.rf.5a71e85cb1442ba538dc7acb7149a07d_r2c2.jpg,TP,4,1,0.7576713819368879,7773,8380,89.58245276479073,96.5780206058081
TORDILHA-G_012_jpg.rf.5a71e85cb1442ba538dc7acb7149a07d_r2c2.jpg,TP,6,15,0.7551766138855055,1608,1274,18.531916125792293,14.682625089713547
TORDILHA-G_012_jpg.rf.5a71e85cb1442ba538dc7acb7149a07d_r2c2.jpg,TP,19,28,0.7466019417475728,915,884,10.54521346710196,10.187943939801237
TORDILHA-G_012_jpg.rf.5a71e85cb1442ba538dc7acb7149a07d_r2c2.jpg,TP,10,9,0.7313432835820896,1185,903,13.656915801656634,10.406915585566194
TORDILHA-G_012_jpg.rf.5a71e85cb1442ba538dc7acb7149a07d_r2c2.jpg,TP,2,0,0.7297702297702298,1694,1769,19.523050943465265,20.387412703063788
TORDILHA-G_012_jpg.rf.5a71e85cb1442ba538dc7acb7149a07d_r2c2.jpg,TP,21,11,0.7236363636363636,1227,1143,14.140958387031807,13.172873216281463
TORDILHA-G_012_jpg.rf.5a71e85cb1442ba538dc7acb7149a07d_r2c2.jpg,TP,7,2,0.7071563088512242,2678,2761,30.863477229397862,31.820037576686893
TORDILHA-G_012_jpg.rf.5a71e85cb1442ba538dc7acb7149a07d_r2c2.jpg,TP,15,3,0.6968517863459498,2019,2778,23.268618568392192,32.01595957552922
TORDILHA-G_012_jpg.rf.5a71e85cb1442ba538dc7acb7149a07d_r2c2.jpg,TP,11,27,0.6761640027797081,1394,1018,16.065603905071182,11.732270283617261
TORDILHA-G_012_jpg.rf.5a71e85cb1442ba538dc7acb7149a07d_r2c2.jpg,TP,14,4,0.6250107557722645,23270,33386,268.18264194476785,384.76775607941636
TORDILHA-G_012_jpg.rf.5a71e85cb1442ba538dc7acb7149a07d_r2c2.jpg,TP,18,24,0.5521333516257374,27078,40803,312.0691696854501,470.2473716919795
TORDILHA-G_012_jpg.rf.5a71e85cb1442ba538dc7acb7149a07d_r2c2.jpg,FP,3,-1,0.0,0,24327,0.0,280.36438034337635
TORDILHA-G_012_jpg.rf.5a71e85cb1442ba538dc7acb7149a07d_r2c2.jpg,FP,13,-1,0.0,0,620,0.0,7.145390546014442
TORDILHA-G_012_jpg.rf.5a71e85cb1442ba538dc7acb7149a07d_r2c2.jpg,FP,16,-1,0.0,0,851,0.0,9.807624765577888
TORDILHA-G_012_jpg.rf.5a71e85cb1442ba538dc7acb7149a07d_r2c2.jpg,FP,24,-1,0.0,0,945,0.0,10.890958170941367
TORDILHA-G_012_jpg.rf.5a71e85cb1442ba538dc7acb7149a07d_r2c2.jpg,FP,27,-1,0.0,0,1696,0.0,19.546100590387894
TORDILHA-G_012_jpg.rf.5a71e85cb1442ba538dc7acb7149a07d_r2c2.jpg,FP,29,-1,0.0,0,2033,0.0,23.42996609685058
TORDILHA-G_012_jpg.rf.5a71e85cb1442ba538dc7acb7149a07d_r2c2.jpg,FN,-1,5,0.0,966,0,11.132979463628953,0.0
TORDILHA-G_012_jpg.rf.5a71e85cb1442ba538dc7acb7149a07d_r2c2.jpg,FN,-1,7,0.0,12167,0,140.22252705380276,0.0
TORDILHA-G_012_jpg.rf.5a71e85cb1442ba538dc7acb7149a07d_r2c2.jpg,FN,-1,8,0.0,3484,0,40.152484939216635,0.0
TORDILHA-G_012_jpg.rf.5a71e85cb1442ba538dc7acb7149a07d_r2c2.jpg,FN,-1,12,0.0,2483,0,28.616136654441707,0.0
TORDILHA-G_012_jpg.rf.5a71e85cb1442ba538dc7acb7149a07d_r2c2.jpg,FN,-1,13,0.0,2435,0,28.062945128298654,0.0
TORDILHA-G_012_jpg.rf.5a71e85cb1442ba538dc7acb7149a07d_r2c2.jpg,FN,-1,16,0.0,2377,0,27.394505367542465,0.0
TORDILHA-G_012_jpg.rf.5a71e85cb1442ba538dc7acb7149a07d_r2c2.jpg,FN,-1,19,0.0,6618,0,76.27128166697351,0.0
TORDILHA-G_012_jpg.rf.5a71e85cb1442ba538dc7acb7149a07d_r2c2.jpg,FN,-1,21,0.0,10039,0,115.69770272812738,0.0
TORDILHA-G_012_jpg.rf.5a71e85cb1442ba538dc7acb7149a07d_r2c2.jpg,FN,-1,22,0.0,877,0,10.10727017557204,0.0
TORDILHA-G_012_jpg.rf.5a71e85cb1442ba538dc7acb7149a07d_r2c2.jpg,FN,-1,25,0.0,855,0,9.853724059423142,0.0
TORDILHA-G_012_jpg.rf.5a71e85cb1442ba538dc7acb7149a07d_r2c2.jpg,FN,-1,29,0.0,1002,0,11.547873108236242,0.0
TORDILHA-G_012_jpg.rf.5a71e85cb1442ba538dc7acb7149a07d_r2c2.jpg,FN,-1,34,0.0,2568,0,29.595746648653364,0.0
TOSTADA-B_004_jpg.rf.25c22e0051034e43662e42875d5b085f_r0c0.jpg,TP,6,5,0.8456848733196741,19606,17328,225.95568878251476,199.70214093764233
TOSTADA-B_004_jpg.rf.25c22e0051034e43662e42875d5b085f_r0c0.jpg,TP,5,2,0.7804041174227984,44485,48915,512.6817716765362,563.7367396101555
TOSTADA-B_004_jpg.rf.25c22e0051034e43662e42875d5b085f_r0c0.jpg,TP,2,4,0.7518618821936357,2883,2292,33.226066038967154,26.414895373330808
TOSTADA-B_004_jpg.rf.25c22e0051034e43662e42875d5b085f_r0c0.jpg,TP,1,0,0.7502078137988363,3855,4567,44.42819444336399,52.633868747819285
TOSTADA-B_004_jpg.rf.25c22e0051034e43662e42875d5b085f_r0c0.jpg,TP,0,1,0.6892973339706722,58410,51146,673.1649383753283,589.4486207523462
TOSTADA-B_004_jpg.rf.25c22e0051034e43662e42875d5b085f_r0c0.jpg,TP,3,3,0.6596774193548387,2479,1637,28.570037360596455,18.86613600617039
TOSTADA-B_004_jpg.rf.25c22e0051034e43662e42875d5b085f_r0c0.jpg,FP,4,-1,0.0,0,98082,0.0,1130.377734732562
TOSTADA-B_004_jpg.rf.25c22e0051034e43662e42875d5b085f_r0c1.jpg,TP,8,15,0.8757593014426728,9542,10221,109.96986546785452,117.79522059808647
TOSTADA-B_004_jpg.rf.25c22e0051034e43662e42875d5b085f_r0c1.jpg,TP,10,14,0.8497167610796401,8710,7943,100.3812123480416,91.54167275321404
TOSTADA-B_004_jpg.rf.25c22e0051034e43662e42875d5b085f_r0c1.jpg,TP,0,1,0.8191078704696547,9170,7795,105.68263114024586,89.83599888093964
TOSTADA-B_004_jpg.rf.25c22e0051034e43662e42875d5b085f_r0c1.jpg,TP,14,3,0.8161756469138568,33999,30853,391.8324728612016,355.575378251909
TOSTADA-B_004_jpg.rf.25c22e0051034e43662e42875d5b085f_r0c1.jpg,TP,6,2,0.7941483803552769,37689,32708,434.3590714334489,376.95392577264573
TOSTADA-B_004_jpg.rf.25c22e0051034e43662e42875d5b085f_r0c1.jpg,TP,4,24,0.7668161434977578,1896,2044,21.851065282650616,23.55673915492503
TOSTADA-B_004_jpg.rf.25c22e0051034e43662e42875d5b085f_r0c1.jpg,TP,12,17,0.7278294573643411,10742,11547,123.79965362143086,133.0771365077883
TOSTADA-B_004_jpg.rf.25c22e0051034e43662e42875d5b085f_r0c1.jpg,TP,3,0,0.6600642398286938,1748,1353,20.1453914103762,15.593086143157322
TOSTADA-B_004_jpg.rf.25c22e0051034e43662e42875d5b085f_r0c1.jpg,TP,5,12,0.6460217515741271,8686,5692,100.10461658497006,65.5992951417971
TOSTADA-B_004_jpg.rf.25c22e0051034e43662e42875d5b085f_r0c1.jpg,FP,1,-1,0.0,0,6512,0.0,75.04965038007427
TOSTADA-B_004_jpg.rf.25c22e0051034e43662e42875d5b085f_r0c1.jpg,FP,2,-1,0.0,0,4440,0.0,51.17021616823246
TOSTADA-B_004_jpg.rf.25c22e0051034e43662e42875d5b085f_r0c1.jpg,FP,7,-1,0.0,0,8082,0.0,93.14362321433664
TOSTADA-B_004_jpg.rf.25c22e0051034e43662e42875d5b085f_r0c1.jpg,FP,9,-1,0.0,0,3785,0.0,43.621456801072036
TOSTADA-B_004_jpg.rf.25c22e0051034e43662e42875d5b085f_r0c1.jpg,FP,11,-1,0.0,0,18165,0.0,209.34841817476183
TOSTADA-B_004_jpg.rf.25c22e0051034e43662e42875d5b085f_r0c1.jpg,FP,13,-1,0.0,0,4612,0.0,53.152485803578394
TOSTADA-B_004_jpg.rf.25c22e0051034e43662e42875d5b085f_r0c1.jpg,FP,15,-1,0.0,0,39419,0.0,454.2970160215214
TOSTADA-B_004_jpg.rf.25c22e0051034e43662e42875d5b085f_r0c1.jpg,FP,16,-1,0.0,0,1553,0.0,17.898050835420044
TOSTADA-B_004_jpg.rf.25c22e0051034e43662e42875d5b085f_r0c1.jpg,FN,-1,4,0.0,45393,0,523.146311379409,0.0
TOSTADA-B_004_jpg.rf.25c22e0051034e43662e42875d5b085f_r0c1.jpg,FN,-1,5,0.0,12192,0,140.5106476403356,0.0
TOSTADA-B_004_jpg.rf.25c22e0051034e43662e42875d5b085f_r0c1.jpg,FN,-1,6,0.0,7075,0,81.53812598879384,0.0
TOSTADA-B_004_jpg.rf.25c22e0051034e43662e42875d5b085f_r0c1.jpg,FN,-1,7,0.0,35985,0,414.7207722553705,0.0
TOSTADA-B_004_jpg.rf.25c22e0051034e43662e42875d5b085f_r0c1.jpg,FN,-1,8,0.0,87239,0,1005.4140739415385,0.0
TOSTADA-B_004_jpg.rf.25c22e0051034e43662e42875d5b085f_r0c1.jpg,FN,-1,9,0.0,5784,0,66.65957890023796,0.0
TOSTADA-B_004_jpg.rf.25c22e0051034e43662e42875d5b085f_r0c1.jpg,FN,-1,10,0.0,12001,0,138.3094063592247,0.0
TOSTADA-B_004_jpg.rf.25c22e0051034e43662e42875d5b085f_r0c1.jpg,FN,-1,11,0.0,8088,0,93.21277215510453,0.0
TOSTADA-B_004_jpg.rf.25c22e0051034e43662e42875d5b085f_r0c1.jpg,FN,-1,13,0.0,7912,0,91.18440322591333,0.0
TOSTADA-B_004_jpg.rf.25c22e0051034e43662e42875d5b085f_r0c1.jpg,FN,-1,16,0.0,8437,0,97.23493554310298,0.0
TOSTADA-B_004_jpg.rf.25c22e0051034e43662e42875d5b085f_r0c1.jpg,FN,-1,18,0.0,30905,0,356.1746690718973,0.0
TOSTADA-B_004_jpg.rf.25c22e0051034e43662e42875d5b085f_r0c1.jpg,FN,-1,19,0.0,35531,0,409.4885024039341,0.0
TOSTADA-B_004_jpg.rf.25c22e0051034e43662e42875d5b085f_r0c1.jpg,FN,-1,20,0.0,16638,0,191.75001274933595,0.0
TOSTADA-B_004_jpg.rf.25c22e0051034e43662e42875d5b085f_r0c1.jpg,FN,-1,21,0.0,15763,0,181.6657922206865,0.0
TOSTADA-B_004_jpg.rf.25c22e0051034e43662e42875d5b085f_r0c1.jpg,FN,-1,22,0.0,2116,0,24.386526444139612,0.0
TOSTADA-B_004_jpg.rf.25c22e0051034e43662e42875d5b085f_r0c1.jpg,FN,-1,23,0.0,1703,0,19.626774354617087,0.0
TOSTADA-B_004_jpg.rf.25c22e0051034e43662e42875d5b085f_r0c2.jpg,TP,1,6,0.8436362633726702,33872,32993,390.3688202816148,380.23850045912013
TOSTADA-B_004_jpg.rf.25c22e0051034e43662e42875d5b085f_r0c2.jpg,TP,4,2,0.8369610715780661,12222,14109,140.85639234417502,162.6037342156738
TOSTADA-B_004_jpg.rf.25c22e0051034e43662e42875d5b085f_r0c2.jpg,TP,3,3,0.7254992319508449,4830,6403,55.66489731814477,73.79344462279109
TOSTADA-B_004_jpg.rf.25c22e0051034e43662e42875d5b085f_r0c2.jpg,TP,7,0,0.7067545304777595,12372,9384,142.58511586337207,108.14894336096697
TOSTADA-B_004_jpg.rf.25c22e0051034e43662e42875d5b085f_r0c2.jpg,TP,5,7,0.6929189297927982,9288,7543,107.04256030868086,86.9317433686886
TOSTADA-B_004_jpg.rf.25c22e0051034e43662e42875d5b085f_r0c2.jpg,TP,0,11,0.6392231818396338,27142,42325,312.80675838697414,487.7881530000988
TOSTADA-B_004_jpg.rf.25c22e0051034e43662e42875d5b085f_r0c2.jpg,TP,2,1,0.6351818723911747,8281,5430,95.43706308313806,62.57979139493293
TOSTADA-B_004_jpg.rf.25c22e0051034e43662e42875d5b085f_r0c2.jpg,FP,6,-1,0.0,0,5174,0.0,59.62943658883665
TOSTADA-B_004_jpg.rf.25c22e0051034e43662e42875d5b085f_r0c2.jpg,FP,8,-1,0.0,0,12790,0.0,147.40249207020113
TOSTADA-B_004_jpg.rf.25c22e0051034e43662e42875d5b085f_r0c2.jpg,FN,-1,4,0.0,6806,0,78.43794847770047,0.0
TOSTADA-B_004_jpg.rf.25c22e0051034e43662e42875d5b085f_r0c2.jpg,FN,-1,5,0.0,2956,0,34.06737815164305,0.0
TOSTADA-B_004_jpg.rf.25c22e0051034e43662e42875d5b085f_r0c2.jpg,FN,-1,8,0.0,12299,0,141.74380375069617,0.0
TOSTADA-B_004_jpg.rf.25c22e0051034e43662e42875d5b085f_r0c2.jpg,FN,-1,9,0.0,6603,0,76.0984093150538,0.0
TOSTADA-B_004_jpg.rf.25c22e0051034e43662e42875d5b085f_r0c2.jpg,FN,-1,10,0.0,19665,0,226.63565336673224,0.0
TOSTADA-B_004_jpg.rf.25c22e0051034e43662e42875d5b085f_r0c2.jpg,FN,-1,12,0.0,7633,0,87.96897748020683,0.0
TOSTADA-B_004_jpg.rf.25c22e0051034e43662e42875d5b085f_r1c0.jpg,TP,0,0,0.7475859481447839,97920,79079,1128.5107133318293,911.3715144972194
TOSTADA-B_004_jpg.rf.25c22e0051034e43662e42875d5b085f_r1c0.jpg,FP,1,-1,0.0,0,10886,0.0,125.45922819986002
TOSTADA-B_004_jpg.rf.25c22e0051034e43662e42875d5b085f_r1c0.jpg,FP,2,-1,0.0,0,45709,0.0,526.7881555931841
TOSTADA-B_004_jpg.rf.25c22e0051034e43662e42875d5b085f_r1c1.jpg,TP,2,3,0.7875177304964539,6887,5715,79.37145917806687,65.86436608140731
TOSTADA-B_004_jpg.rf.25c22e0051034e43662e42875d5b085f_r1c1.jpg,TP,0,8,0.7734343297714054,14636,11586,168.6773161797861,133.52660462277956
TOSTADA-B_004_jpg.rf.25c22e0051034e43662e42875d5b085f_r1c1.jpg,TP,1,10,0.7199418228829993,5985,4658,68.97606841596199,53.682627682798824
TOSTADA-B_004_jpg.rf.25c22e0051034e43662e42875d5b085f_r1c1.jpg,TP,8,11,0.7057849629918193,7247,10268,83.52039562413978,118.33688730076821
TOSTADA-B_004_jpg.rf.25c22e0051034e43662e42875d5b085f_r1c1.jpg,TP,9,5,0.685743764034715,15026,12750,173.1719973296984,146.9414991317486
TOSTADA-B_004_jpg.rf.25c22e0051034e43662e42875d5b085f_r1c1.jpg,TP,11,1,0.6700720263207296,93092,75941,1072.868865660607,875.2066184756173
TOSTADA-B_004_jpg.rf.25c22e0051034e43662e42875d5b085f_r1c1.jpg,TP,4,4,0.6375617792421746,1704,1278,19.6382991780784,14.7287243835588
TOSTADA-B_004_jpg.rf.25c22e0051034e43662e42875d5b085f_r1c1.jpg,FP,3,-1,0.0,0,61527,0.0,709.0878131042429
TOSTADA-B_004_jpg.rf.25c22e0051034e43662e42875d5b085f_r1c1.jpg,FP,5,-1,0.0,0,2729,0.0,31.45124322592486
TOSTADA-B_004_jpg.rf.25c22e0051034e43662e42875d5b085f_r1c1.jpg,FP,6,-1,0.0,0,11916,0.0,137.32979636501304
TOSTADA-B_004_jpg.rf.25c22e0051034e43662e42875d5b085f_r1c1.jpg,FP,7,-1,0.0,0,2286,0.0,26.345746432562926
TOSTADA-B_004_jpg.rf.25c22e0051034e43662e42875d5b085f_r1c1.jpg,FP,10,-1,0.0,0,15690,0.0,180.82448010801062
TOSTADA-B_004_jpg.rf.25c22e0051034e43662e42875d5b085f_r1c1.jpg,FP,12,-1,0.0,0,58728,0.0,676.829832236026
TOSTADA-B_004_jpg.rf.25c22e0051034e43662e42875d5b085f_r1c1.jpg,FN,-1,0,0.0,27241,0,313.9477159096442,0.0
TOSTADA-B_004_jpg.rf.25c22e0051034e43662e42875d5b085f_r1c1.jpg,FN,-1,2,0.0,1459,0,16.814717430056564,0.0
TOSTADA-B_004_jpg.rf.25c22e0051034e43662e42875d5b085f_r1c1.jpg,FN,-1,6,0.0,3471,0,40.002662234219564,0.0
TOSTADA-B_004_jpg.rf.25c22e0051034e43662e42875d5b085f_r1c1.jpg,FN,-1,7,0.0,15534,0,179.0266076480457,0.0
TOSTADA-B_004_jpg.rf.25c22e0051034e43662e42875d5b085f_r1c1.jpg,FN,-1,9,0.0,775,0,8.931738182518052,0.0
TOSTADA-B_004_jpg.rf.25c22e0051034e43662e42875d5b085f_r1c2.jpg,TP,7,14,0.8650820989780686,8182,8061,94.296105560468,92.90160192164906
TOSTADA-B_004_jpg.rf.25c22e0051034e43662e42875d5b085f_r1c2.jpg,TP,4,4,0.8458984134792769,7627,7382,87.89982853943894,85.0762467914171
TOSTADA-B_004_jpg.rf.25c22e0051034e43662e42875d5b085f_r1c2.jpg,TP,9,3,0.8446601941747572,3027,3243,34.88564061739631,37.375002485040056
TOSTADA-B_004_jpg.rf.25c22e0051034e43662e42875d5b085f_r1c2.jpg,TP,2,16,0.8402668546943646,15623,18306,180.0523169361026,210.97341828280705
TOSTADA-B_004_jpg.rf.25c22e0051034e43662e42875d5b085f_r1c2.jpg,TP,0,6,0.8328551944692658,19994,18978,230.42732028550444,218.7180996488098
TOSTADA-B_004_jpg.rf.25c22e0051034e43662e42875d5b085f_r1c2.jpg,TP,11,1,0.8037433985709848,10766,12459,124.07624938450239,143.58777550450634
TOSTADA-B_004_jpg.rf.25c22e0051034e43662e42875d5b085f_r1c2.jpg,TP,6,13,0.7987481289971424,21354,18303,246.10108019289095,210.9388438124231
TOSTADA-B_004_jpg.rf.25c22e0051034e43662e42875d5b085f_r1c2.jpg,TP,1,12,0.7888287261328014,6344,6210,73.11348003857358,71.56915369475756
TOSTADA-B_004_jpg.rf.25c22e0051034e43662e42875d5b085f_r1c2.jpg,TP,8,7,0.7380572579968097,11656,9046,134.3333422650715,104.25355303104297
TOSTADA-B_004_jpg.rf.25c22e0051034e43662e42875d5b085f_r1c2.jpg,TP,3,0,0.6380569758948137,5397,3573,62.19947222070959,41.17819422727355
TOSTADA-B_004_jpg.rf.25c22e0051034e43662e42875d5b085f_r1c2.jpg,TP,10,15,0.5396697902721999,11165,6087,128.67465394556652,70.15160040901598
TOSTADA-B_004_jpg.rf.25c22e0051034e43662e42875d5b085f_r1c2.jpg,TP,5,11,0.5268245529241179,5677,3800,65.42642278987739,43.79432915299174
TOSTADA-B_004_jpg.rf.25c22e0051034e43662e42875d5b085f_r1c2.jpg,FP,12,-1,0.0,0,5160,0.0,59.468089060378254
TOSTADA-B_004_jpg.rf.25c22e0051034e43662e42875d5b085f_r1c2.jpg,FN,-1,2,0.0,9723,0,112.05585851435228,0.0
TOSTADA-B_004_jpg.rf.25c22e0051034e43662e42875d5b085f_r1c2.jpg,FN,-1,5,0.0,26146,0,301.3280342195058,0.0
TOSTADA-B_004_jpg.rf.25c22e0051034e43662e42875d5b085f_r1c2.jpg,FN,-1,8,0.0,5593,0,64.45833761912705,0.0
TOSTADA-B_004_jpg.rf.25c22e0051034e43662e42875d5b085f_r1c2.jpg,FN,-1,9,0.0,43311,0,499.151628932954,0.0
TOSTADA-B_004_jpg.rf.25c22e0051034e43662e42875d5b085f_r1c2.jpg,FN,-1,10,0.0,10079,0,116.15869566657993,0.0
TOSTADA-B_004_jpg.rf.25c22e0051034e43662e42875d5b085f_r2c0.jpg,TP,0,0,0.8775625444992757,40433,36042,465.9831870112934,415.37768719266535
TOSTADA-B_004_jpg.rf.25c22e0051034e43662e42875d5b085f_r2c0.jpg,TP,1,3,0.8575478225932457,42820,40400,493.49294061344904,465.60286783707005
TOSTADA-B_004_jpg.rf.25c22e0051034e43662e42875d5b085f_r2c0.jpg,TP,8,1,0.820858034609489,48824,49770,562.6879806751759,573.5904636695786
TOSTADA-B_004_jpg.rf.25c22e0051034e43662e42875d5b085f_r2c0.jpg,TP,3,5,0.7349690830153928,15201,11174,175.1888414354283,128.77837735671835
TOSTADA-B_004_jpg.rf.25c22e0051034e43662e42875d5b085f_r2c0.jpg,TP,6,4,0.6360722229491037,15286,9723,176.16845142963993,112.05585851435228
TOSTADA-B_004_jpg.rf.25c22e0051034e43662e42875d5b085f_r2c0.jpg,TP,2,6,0.631537413013846,82258,54194,948.0089282807354,624.5762826624301
TOSTADA-B_004_jpg.rf.25c22e0051034e43662e42875d5b085f_r2c0.jpg,FP,4,-1,0.0,0,19909,0.0,229.44771029129276
TOSTADA-B_004_jpg.rf.25c22e0051034e43662e42875d5b085f_r2c0.jpg,FP,5,-1,0.0,0,7173,0.0,82.66755868800257
TOSTADA-B_004_jpg.rf.25c22e0051034e43662e42875d5b085f_r2c0.jpg,FP,7,-1,0.0,0,28442,0.0,327.7890288866819
TOSTADA-B_004_jpg.rf.25c22e0051034e43662e42875d5b085f_r2c0.jpg,FP,9,-1,0.0,0,7088,0.0,81.68794869379091
TOSTADA-B_004_jpg.rf.25c22e0051034e43662e42875d5b085f_r2c0.jpg,FN,-1,2,0.0,18302,0,210.9273189889618,0.0
TOSTADA-B_004_jpg.rf.25c22e0051034e43662e42875d5b085f_r2c1.jpg,TP,1,0,0.8934475604042568,14388,13902,165.8191599613803,160.2180957591819
TOSTADA-B_004_jpg.rf.25c22e0051034e43662e42875d5b085f_r2c1.jpg,TP,19,8,0.8444444444444444,7257,7019,83.63564385875291,80.89273587496027
TOSTADA-B_004_jpg.rf.25c22e0051034e43662e42875d5b085f_r2c1.jpg,TP,6,24,0.8141109086175475,3630,3338,41.83510916456842,38.46986071386485
TOSTADA-B_004_jpg.rf.25c22e0051034e43662e42875d5b085f_r2c1.jpg,TP,4,21,0.8065175006963142,9103,10355,104.91046796833784,119.3395469419025
TOSTADA-B_004_jpg.rf.25c22e0051034e43662e42875d5b085f_r2c1.jpg,TP,5,22,0.8028031290743155,5469,5593,63.02925950992417,64.45833761912705
TOSTADA-B_004_jpg.rf.25c22e0051034e43662e42875d5b085f_r2c1.jpg,TP,15,12,0.7791084497671324,2940,2408,33.88298097626203,27.751774894843187
TOSTADA-B_004_jpg.rf.25c22e0051034e43662e42875d5b085f_r2c1.jpg,TP,9,26,0.7662274280136652,6103,4754,70.33599758439699,54.78901073508493
TOSTADA-B_004_jpg.rf.25c22e0051034e43662e42875d5b085f_r2c1.jpg,TP,11,10,0.7346909300982092,6783,5228,78.17287753809026,60.25177705574758
TOSTADA-B_004_jpg.rf.25c22e0051034e43662e42875d5b085f_r2c1.jpg,TP,20,11,0.7264476543525502,7629,5877,87.92287818636157,67.73138748214012
TOSTADA-B_004_jpg.rf.25c22e0051034e43662e42875d5b085f_r2c1.jpg,TP,7,4,0.678146121660766,3107,2107,35.8076264943014,24.28280303298779
TOSTADA-B_004_jpg.rf.25c22e0051034e43662e42875d5b085f_r2c1.jpg,TP,12,6,0.6634699215344376,2287,1529,26.35727125602424,17.621455072348517
TOSTADA-B_004_jpg.rf.25c22e0051034e43662e42875d5b085f_r2c1.jpg,TP,3,9,0.662530612244898,4757,5426,54.82358520546887,62.53369210108768
TOSTADA-B_004_jpg.rf.25c22e0051034e43662e42875d5b085f_r2c1.jpg,TP,10,19,0.6529960393509646,7613,5325,87.73848101098055,61.369684931495
TOSTADA-B_004_jpg.rf.25c22e0051034e43662e42875d5b085f_r2c1.jpg,TP,21,17,0.579512263785762,17140,27745,197.53547412691537,319.7562269341463
TOSTADA-B_004_jpg.rf.25c22e0051034e43662e42875d5b085f_r2c1.jpg,TP,0,15,0.578990172822772,17088,29508,196.93618330692706,340.0744906964422
TOSTADA-B_004_jpg.rf.25c22e0051034e43662e42875d5b085f_r2c1.jpg,TP,8,2,0.5158529895776193,11561,16073,133.23848403624672,185.23848749369375
TOSTADA-B_004_jpg.rf.25c22e0051034e43662e42875d5b085f_r2c1.jpg,TP,13,5,0.5037554600660534,111197,58180,1281.5257944276902,670.5142289792261
TOSTADA-B_004_jpg.rf.25c22e0051034e43662e42875d5b085f_r2c1.jpg,FP,2,-1,0.0,0,27907,0.0,321.62324833487907
TOSTADA-B_004_jpg.rf.25c22e0051034e43662e42875d5b085f_r2c1.jpg,FP,14,-1,0.0,0,3107,0.0,35.8076264943014
TOSTADA-B_004_jpg.rf.25c22e0051034e43662e42875d5b085f_r2c1.jpg,FP,16,-1,0.0,0,757,0.0,8.724291360214407
TOSTADA-B_004_jpg.rf.25c22e0051034e43662e42875d5b085f_r2c1.jpg,FP,17,-1,0.0,0,7300,0.0,84.13121126758939
TOSTADA-B_004_jpg.rf.25c22e0051034e43662e42875d5b085f_r2c1.jpg,FP,18,-1,0.0,0,523,0.0,6.0274826702670214
TOSTADA-B_004_jpg.rf.25c22e0051034e43662e42875d5b085f_r2c1.jpg,FP,22,-1,0.0,0,869,0.0,10.015071587881533
TOSTADA-B_004_jpg.rf.25c22e0051034e43662e42875d5b085f_r2c1.jpg,FN,-1,1,0.0,7579,0,87.34663701329589,0.0
TOSTADA-B_004_jpg.rf.25c22e0051034e43662e42875d5b085f_r2c1.jpg,FN,-1,3,0.0,1336,0,15.39716414431499,0.0
TOSTADA-B_004_jpg.rf.25c22e0051034e43662e42875d5b085f_r2c1.jpg,FN,-1,7,0.0,1474,0,16.98758978197627,0.0
TOSTADA-B_004_jpg.rf.25c22e0051034e43662e42875d5b085f_r2c1.jpg,FN,-1,13,0.0,2324,0,26.78368972409284,0.0
TOSTADA-B_004_jpg.rf.25c22e0051034e43662e42875d5b085f_r2c1.jpg,FN,-1,14,0.0,4485,0,51.688833223991566,0.0
TOSTADA-B_004_jpg.rf.25c22e0051034e43662e42875d5b085f_r2c1.jpg,FN,-1,16,0.0,1824,0,21.021277993436037,0.0
TOSTADA-B_004_jpg.rf.25c22e0051034e43662e42875d5b085f_r2c1.jpg,FN,-1,18,0.0,8561,0,98.66401365230587,0.0
TOSTADA-B_004_jpg.rf.25c22e0051034e43662e42875d5b085f_r2c1.jpg,FN,-1,20,0.0,9446,0,108.86348241556841,0.0
TOSTADA-B_004_jpg.rf.25c22e0051034e43662e42875d5b085f_r2c1.jpg,FN,-1,23,0.0,5341,0,61.554082106876024,0.0
TOSTADA-B_004_jpg.rf.25c22e0051034e43662e42875d5b085f_r2c1.jpg,FN,-1,25,0.0,25648,0,295.5886721357716,0.0
TOSTADA-B_004_jpg.rf.25c22e0051034e43662e42875d5b085f_r2c1.jpg,FN,-1,27,0.0,6232,0,71.82269981090646,0.0
TOSTADA-B_004_jpg.rf.25c22e0051034e43662e42875d5b085f_r2c1.jpg,FN,-1,28,0.0,2879,0,33.1799667451219,0.0
TOSTADA-B_004_jpg.rf.25c22e0051034e43662e42875d5b085f_r2c1.jpg,FN,-1,29,0.0,1715,0,19.76507223615285,0.0
TOSTADA-B_004_jpg.rf.25c22e0051034e43662e42875d5b085f_r2c1.jpg,FN,-1,30,0.0,5143,0,59.272167061535924,0.0
TOSTADA-B_004_jpg.rf.25c22e0051034e43662e42875d5b085f_r2c1.jpg,FN,-1,31,0.0,1963,0,22.623228454558628,0.0
TOSTADA-B_004_jpg.rf.25c22e0051034e43662e42875d5b085f_r2c2.jpg,TP,0,16,0.7975658874004028,11193,9337,128.9973490024833,107.60727665828523
TOSTADA-B_004_jpg.rf.25c22e0051034e43662e42875d5b085f_r2c2.jpg,TP,1,10,0.79067055393586,10333,11164,119.08600082575359,128.6631291221052
TOSTADA-B_004_jpg.rf.25c22e0051034e43662e42875d5b085f_r2c2.jpg,TP,2,0,0.7875634770486907,17551,18354,202.27217656951527,211.5266098089501
TOSTADA-B_004_jpg.rf.25c22e0051034e43662e42875d5b085f_r2c2.jpg,TP,13,8,0.6993667982013398,10384,8134,119.67376682228058,93.74291403432495
TOSTADA-B_004_jpg.rf.25c22e0051034e43662e42875d5b085f_r2c2.jpg,TP,9,12,0.671692607003891,2040,1397,23.510639861079778,16.100178375455123
TOSTADA-B_004_jpg.rf.25c22e0051034e43662e42875d5b085f_r2c2.jpg,TP,10,13,0.6395759717314488,1688,1096,19.453902002697383,12.631206513599723
TOSTADA-B_004_jpg.rf.25c22e0051034e43662e42875d5b085f_r2c2.jpg,TP,3,9,0.551372936109117,22149,12428,255.2633148446353,143.2305059772056
TOSTADA-B_004_jpg.rf.25c22e0051034e43662e42875d5b085f_r2c2.jpg,TP,4,5,0.5162081176791065,13769,8495,158.68529423882717,97.90337530385916
TOSTADA-B_004_jpg.rf.25c22e0051034e43662e42875d5b085f_r2c2.jpg,FP,5,-1,0.0,0,14706,0.0,169.48405382207804
TOSTADA-B_004_jpg.rf.25c22e0051034e43662e42875d5b085f_r2c2.jpg,FP,6,-1,0.0,0,6317,0.0,72.80230980511811
TOSTADA-B_004_jpg.rf.25c22e0051034e43662e42875d5b085f_r2c2.jpg,FP,7,-1,0.0,0,2403,0.0,27.69415077753662
TOSTADA-B_004_jpg.rf.25c22e0051034e43662e42875d5b085f_r2c2.jpg,FP,8,-1,0.0,0,17541,0.0,202.15692833490215
TOSTADA-B_004_jpg.rf.25c22e0051034e43662e42875d5b085f_r2c2.jpg,FP,11,-1,0.0,0,24546,0.0,282.88831668140404
TOSTADA-B_004_jpg.rf.25c22e0051034e43662e42875d5b085f_r2c2.jpg,FP,12,-1,0.0,0,17282,0.0,199.1719990584219
TOSTADA-B_004_jpg.rf.25c22e0051034e43662e42875d5b085f_r2c2.jpg,FN,-1,1,0.0,6394,0,73.68972121163925,0.0
TOSTADA-B_004_jpg.rf.25c22e0051034e43662e42875d5b085f_r2c2.jpg,FN,-1,2,0.0,13375,0,154.1445137950696,0.0
TOSTADA-B_004_jpg.rf.25c22e0051034e43662e42875d5b085f_r2c2.jpg,FN,-1,3,0.0,73662,0,848.9415458072835,0.0
TOSTADA-B_004_jpg.rf.25c22e0051034e43662e42875d5b085f_r2c2.jpg,FN,-1,4,0.0,18299,0,210.89274451857784,0.0
TOSTADA-B_004_jpg.rf.25c22e0051034e43662e42875d5b085f_r2c2.jpg,FN,-1,6,0.0,9352,0,107.78014901020494,0.0
TOSTADA-B_004_jpg.rf.25c22e0051034e43662e42875d5b085f_r2c2.jpg,FN,-1,7,0.0,22920,0,264.1489537333081,0.0
TOSTADA-B_004_jpg.rf.25c22e0051034e43662e42875d5b085f_r2c2.jpg,FN,-1,11,0.0,4918,0,56.67908178274036,0.0
TOSTADA-B_004_jpg.rf.25c22e0051034e43662e42875d5b085f_r2c2.jpg,FN,-1,14,0.0,4444,0,51.21631546207771,0.0
TOSTADA-B_004_jpg.rf.25c22e0051034e43662e42875d5b085f_r2c2.jpg,FN,-1,15,0.0,1256,0,14.475178267409902,0.0
TOSTADA-B_011_jpg.rf.e52fc7a5f2ca4041d6a049b2f927f63d_r0c0.jpg,TP,12,1,0.8831836672039297,12956,11580,149.31561276477922,133.45745568201167
TOSTADA-B_011_jpg.rf.e52fc7a5f2ca4041d6a049b2f927f63d_r0c0.jpg,TP,8,23,0.8818414962156752,15403,14682,177.51685577461362,169.2074580590065
TOSTADA-B_011_jpg.rf.e52fc7a5f2ca4041d6a049b2f927f63d_r0c0.jpg,TP,6,27,0.8706877364789672,3999,4406,46.08776902179315,50.77837217054779
TOSTADA-B_011_jpg.rf.e52fc7a5f2ca4041d6a049b2f927f63d_r0c0.jpg,TP,0,0,0.8701553625125292,21783,22996,251.0452294577945,265.0248403163679
TOSTADA-B_011_jpg.rf.e52fc7a5f2ca4041d6a049b2f927f63d_r0c0.jpg,TP,1,19,0.8417517463729178,3160,3695,36.41844213775103,42.58422268955381
TOSTADA-B_011_jpg.rf.e52fc7a5f2ca4041d6a049b2f927f63d_r0c0.jpg,TP,19,28,0.816552216177651,38822,42654,447.4166964151172,491.57981991887095
TOSTADA-B_011_jpg.rf.e52fc7a5f2ca4041d6a049b2f927f63d_r0c0.jpg,TP,7,17,0.8153016048699502,11897,14345,137.1108247192481,165.32359255254383
TOSTADA-B_011_jpg.rf.e52fc7a5f2ca4041d6a049b2f927f63d_r0c0.jpg,TP,10,21,0.8110713800751369,17925,22087,206.58246054404657,254.54877579003383
TOSTADA-B_011_jpg.rf.e52fc7a5f2ca4041d6a049b2f927f63d_r0c0.jpg,TP,3,22,0.8052037379630947,34346,41765,395.83158660227747,481.33425186176316
TOSTADA-B_011_jpg.rf.e52fc7a5f2ca4041d6a049b2f927f63d_r0c0.jpg,TP,9,7,0.7790304396843292,707,871,8.148050187148726,10.038121234804159
TOSTADA-B_011_jpg.rf.e52fc7a5f2ca4041d6a049b2f927f63d_r0c0.jpg,TP,17,11,0.7659960279768586,8871,11581,102.23670892531308,133.46898050547298
TOSTADA-B_011_jpg.rf.e52fc7a5f2ca4041d6a049b2f927f63d_r0c0.jpg,TP,4,24,0.7283405280594318,22835,28813,263.1693437390964,332.06473839082923
TOSTADA-B_011_jpg.rf.e52fc7a5f2ca4041d6a049b2f927f63d_r0c0.jpg,TP,11,5,0.6960461285008237,866,1193,9.980497117497592,13.749114389347143
TOSTADA-B_011_jpg.rf.e52fc7a5f2ca4041d6a049b2f927f63d_r0c0.jpg,TP,2,14,0.6229098090849243,9462,15190,109.04787959094944,175.06206837735382
TOSTADA-B_011_jpg.rf.e52fc7a5f2ca4041d6a049b2f927f63d_r0c0.jpg,FP,5,-1,0.0,0,11728,0.0,135.1631295542861
TOSTADA-B_011_jpg.rf.e52fc7a5f2ca4041d6a049b2f927f63d_r0c0.jpg,FP,13,-1,0.0,0,46058,0.0,530.8103189811825
TOSTADA-B_011_jpg.rf.e52fc7a5f2ca4041d6a049b2f927f63d_r0c0.jpg,FP,14,-1,0.0,0,4199,0.0,48.39273371405587
TOSTADA-B_011_jpg.rf.e52fc7a5f2ca4041d6a049b2f927f63d_r0c0.jpg,FP,15,-1,0.0,0,7259,0.0,83.65869350567554
TOSTADA-B_011_jpg.rf.e52fc7a5f2ca4041d6a049b2f927f63d_r0c0.jpg,FP,16,-1,0.0,0,2456,0.0,28.30496642098624
TOSTADA-B_011_jpg.rf.e52fc7a5f2ca4041d6a049b2f927f63d_r0c0.jpg,FP,18,-1,0.0,0,9502,0.0,109.50887252940198
TOSTADA-B_011_jpg.rf.e52fc7a5f2ca4041d6a049b2f927f63d_r0c0.jpg,FP,20,-1,0.0,0,5709,0.0,65.79521714063944
TOSTADA-B_011_jpg.rf.e52fc7a5f2ca4041d6a049b2f927f63d_r0c0.jpg,FP,21,-1,0.0,0,23264,0.0,268.11349300399996
TOSTADA-B_011_jpg.rf.e52fc7a5f2ca4041d6a049b2f927f63d_r0c0.jpg,FN,-1,2,0.0,14350,0,165.38121666985037,0.0
TOSTADA-B_011_jpg.rf.e52fc7a5f2ca4041d6a049b2f927f63d_r0c0.jpg,FN,-1,3,0.0,2645,0,30.483158055174513,0.0
TOSTADA-B_011_jpg.rf.e52fc7a5f2ca4041d6a049b2f927f63d_r0c0.jpg,FN,-1,4,0.0,3542,0,40.82092469997283,0.0
TOSTADA-B_011_jpg.rf.e52fc7a5f2ca4041d6a049b2f927f63d_r0c0.jpg,FN,-1,6,0.0,1786,0,20.583334701906118,0.0
TOSTADA-B_011_jpg.rf.e52fc7a5f2ca4041d6a049b2f927f63d_r0c0.jpg,FN,-1,8,0.0,902,0,10.395390762104881,0.0
TOSTADA-B_011_jpg.rf.e52fc7a5f2ca4041d6a049b2f927f63d_r0c0.jpg,FN,-1,9,0.0,1083,0,12.481383808602645,0.0
TOSTADA-B_011_jpg.rf.e52fc7a5f2ca4041d6a049b2f927f63d_r0c0.jpg,FN,-1,10,0.0,5347,0,61.623231047643905,0.0
TOSTADA-B_011_jpg.rf.e52fc7a5f2ca4041d6a049b2f927f63d_r0c0.jpg,FN,-1,12,0.0,700,0,8.067376422919532,0.0
TOSTADA-B_011_jpg.rf.e52fc7a5f2ca4041d6a049b2f927f63d_r0c0.jpg,FN,-1,13,0.0,655,0,7.548759367160418,0.0
TOSTADA-B_011_jpg.rf.e52fc7a5f2ca4041d6a049b2f927f63d_r0c0.jpg,FN,-1,15,0.0,4164,0,47.9893648929099,0.0
TOSTADA-B_011_jpg.rf.e52fc7a5f2ca4041d6a049b2f927f63d_r0c0.jpg,FN,-1,16,0.0,15724,0,181.2163241056953,0.0
TOSTADA-B_011_jpg.rf.e52fc7a5f2ca4041d6a049b2f927f63d_r0c0.jpg,FN,-1,18,0.0,9938,0,114.53369555853472,0.0
TOSTADA-B_011_jpg.rf.e52fc7a5f2ca4041d6a049b2f927f63d_r0c0.jpg,FN,-1,20,0.0,13428,0,154.75532943851923,0.0
TOSTADA-B_011_jpg.rf.e52fc7a5f2ca4041d6a049b2f927f63d_r0c0.jpg,FN,-1,25,0.0,2591,0,29.86081758826358,0.0
TOSTADA-B_011_jpg.rf.e52fc7a5f2ca4041d6a049b2f927f63d_r0c0.jpg,FN,-1,26,0.0,7837,0,90.3200414663148,0.0
TOSTADA-B_011_jpg.rf.e52fc7a5f2ca4041d6a049b2f927f63d_r0c0.jpg,FN,-1,29,0.0,6411,0,73.88564321048159,0.0
TOSTADA-B_011_jpg.rf.e52fc7a5f2ca4041d6a049b2f927f63d_r0c1.jpg,TP,2,19,0.891888605131947,7466,8091,86.04433196216746,93.24734662548846
TOSTADA-B_011_jpg.rf.e52fc7a5f2ca4041d6a049b2f927f63d_r0c1.jpg,TP,10,23,0.886703793943613,5463,5378,62.960110569156285,61.98050057494463
TOSTADA-B_011_jpg.rf.e52fc7a5f2ca4041d6a049b2f927f63d_r0c1.jpg,TP,1,16,0.8335700757575758,3821,3924,44.036350445679325,45.22340726219463
TOSTADA-B_011_jpg.rf.e52fc7a5f2ca4041d6a049b2f927f63d_r0c1.jpg,TP,5,21,0.8070749108204518,5826,6332,67.14362148561312,72.97518215703782
TOSTADA-B_011_jpg.rf.e52fc7a5f2ca4041d6a049b2f927f63d_r0c1.jpg,TP,0,15,0.7753482972136223,4102,5073,47.27482583830845,58.465429419243975
TOSTADA-B_011_jpg.rf.e52fc7a5f2ca4041d6a049b2f927f63d_r0c1.jpg,TP,4,12,0.7586206896551724,3081,4059,35.507981084307254,46.779258429471966
TOSTADA-B_011_jpg.rf.e52fc7a5f2ca4041d6a049b2f927f63d_r0c1.jpg,TP,9,10,0.7518032786885246,2504,2839,28.858157947129293,32.718973806669354
TOSTADA-B_011_jpg.rf.e52fc7a5f2ca4041d6a049b2f927f63d_r0c1.jpg,TP,6,14,0.7480487043396815,2509,3090,28.915782064435863,35.61170449545907
TOSTADA-B_011_jpg.rf.e52fc7a5f2ca4041d6a049b2f927f63d_r0c1.jpg,TP,3,17,0.7422207664592204,2313,3006,26.656916666018393,34.64361932470873
TOSTADA-B_011_jpg.rf.e52fc7a5f2ca4041d6a049b2f927f63d_r0c1.jpg,TP,8,5,0.5488125,27071,47272,311.9884959212209,544.8014546632172
TOSTADA-B_011_jpg.rf.e52fc7a5f2ca4041d6a049b2f927f63d_r0c1.jpg,FP,7,-1,0.0,0,18218,0.0,209.95923381821146
TOSTADA-B_011_jpg.rf.e52fc7a5f2ca4041d6a049b2f927f63d_r0c1.jpg,FN,-1,0,0.0,9583,0,110.44238322976838,0.0
TOSTADA-B_011_jpg.rf.e52fc7a5f2ca4041d6a049b2f927f63d_r0c1.jpg,FN,-1,1,0.0,2589,0,29.83776794134095,0.0
TOSTADA-B_011_jpg.rf.e52fc7a5f2ca4041d6a049b2f927f63d_r0c1.jpg,FN,-1,2,0.0,4743,0,54.66223767701048,0.0
TOSTADA-B_011_jpg.rf.e52fc7a5f2ca4041d6a049b2f927f63d_r0c1.jpg,FN,-1,3,0.0,5925,0,68.28457900828317,0.0
TOSTADA-B_011_jpg.rf.e52fc7a5f2ca4041d6a049b2f927f63d_r0c1.jpg,FN,-1,4,0.0,9971,0,114.91401473275806,0.0
TOSTADA-B_011_jpg.rf.e52fc7a5f2ca4041d6a049b2f927f63d_r0c1.jpg,FN,-1,6,0.0,5935,0,68.39982724289631,0.0
TOSTADA-B_011_jpg.rf.e52fc7a5f2ca4041d6a049b2f927f63d_r0c1.jpg,FN,-1,7,0.0,7130,0,82.17199127916608,0.0
TOSTADA-B_011_jpg.rf.e52fc7a5f2ca4041d6a049b2f927f63d_r0c1.jpg,FN,-1,8,0.0,6269,0,72.24911827897506,0.0
TOSTADA-B_011_jpg.rf.e52fc7a5f2ca4041d6a049b2f927f63d_r0c1.jpg,FN,-1,9,0.0,1203,0,13.86436262396028,0.0
TOSTADA-B_011_jpg.rf.e52fc7a5f2ca4041d6a049b2f927f63d_r0c1.jpg,FN,-1,11,0.0,3945,0,45.465428554882216,0.0
TOSTADA-B_011_jpg.rf.e52fc7a5f2ca4041d6a049b2f927f63d_r0c1.jpg,FN,-1,13,0.0,5306,0,61.15071328573004,0.0
TOSTADA-B_011_jpg.rf.e52fc7a5f2ca4041d6a049b2f927f63d_r0c1.jpg,FN,-1,18,0.0,2841,0,32.74202345359198,0.0
TOSTADA-B_011_jpg.rf.e52fc7a5f2ca4041d6a049b2f927f63d_r0c1.jpg,FN,-1,20,0.0,7787,0,89.74380029324912,0.0
TOSTADA-B_011_jpg.rf.e52fc7a5f2ca4041d6a049b2f927f63d_r0c1.jpg,FN,-1,22,0.0,4205,0,48.461882654823754,0.0
TOSTADA-B_011_jpg.rf.e52fc7a5f2ca4041d6a049b2f927f63d_r0c2.jpg,TP,0,12,0.865248789778589,11060,12444,127.4645474821286,143.41490315258665
TOSTADA-B_011_jpg.rf.e52fc7a5f2ca4041d6a049b2f927f63d_r0c2.jpg,TP,4,7,0.8301614385089907,6403,7541,73.79344462279109,86.90869372176597
TOSTADA-B_011_jpg.rf.e52fc7a5f2ca4041d6a049b2f927f63d_r0c2.jpg,TP,9,4,0.8221334586466166,7272,8238,83.80851621067261,94.94149567430156
TOSTADA-B_011_jpg.rf.e52fc7a5f2ca4041d6a049b2f927f63d_r0c2.jpg,TP,3,8,0.7884356790676826,7089,8871,81.69947351725222,102.23670892531308
TOSTADA-B_011_jpg.rf.e52fc7a5f2ca4041d6a049b2f927f63d_r0c2.jpg,TP,1,2,0.7773314704855047,4451,5726,51.296989226306906,65.99113913948176
TOSTADA-B_011_jpg.rf.e52fc7a5f2ca4041d6a049b2f927f63d_r0c2.jpg,TP,5,13,0.7636594663278272,3613,4715,41.63918716572609,54.339542620093695
TOSTADA-B_011_jpg.rf.e52fc7a5f2ca4041d6a049b2f927f63d_r0c2.jpg,TP,6,15,0.7449515905947441,3170,3138,36.53369037236416,36.164896021602125
TOSTADA-B_011_jpg.rf.e52fc7a5f2ca4041d6a049b2f927f63d_r0c2.jpg,TP,10,11,0.7205530444030843,2791,3680,32.1657822805263,42.411350337634104
TOSTADA-B_011_jpg.rf.e52fc7a5f2ca4041d6a049b2f927f63d_r0c2.jpg,TP,2,6,0.6739180215250744,2946,4364,33.952129917029914,50.29432958517262
TOSTADA-B_011_jpg.rf.e52fc7a5f2ca4041d6a049b2f927f63d_r0c2.jpg,TP,7,5,0.5872226472838562,1539,2610,17.736703306961655,30.07978923402854
TOSTADA-B_011_jpg.rf.e52fc7a5f2ca4041d6a049b2f927f63d_r0c2.jpg,FP,8,-1,0.0,0,23264,0.0,268.11349300399996
TOSTADA-B_011_jpg.rf.e52fc7a5f2ca4041d6a049b2f927f63d_r0c2.jpg,FN,-1,0,0.0,4097,0,47.217201721001885,0.0
TOSTADA-B_011_jpg.rf.e52fc7a5f2ca4041d6a049b2f927f63d_r0c2.jpg,FN,-1,1,0.0,4577,0,52.74911698243242,0.0
TOSTADA-B_011_jpg.rf.e52fc7a5f2ca4041d6a049b2f927f63d_r0c2.jpg,FN,-1,3,0.0,5630,0,64.88475608719565,0.0
TOSTADA-B_011_jpg.rf.e52fc7a5f2ca4041d6a049b2f927f63d_r0c2.jpg,FN,-1,9,0.0,1208,0,13.921986741266847,0.0
TOSTADA-B_011_jpg.rf.e52fc7a5f2ca4041d6a049b2f927f63d_r0c2.jpg,FN,-1,10,0.0,1634,0,18.83156153578645,0.0
TOSTADA-B_011_jpg.rf.e52fc7a5f2ca4041d6a049b2f927f63d_r0c2.jpg,FN,-1,14,0.0,2866,0,33.030144040124824,0.0
TOSTADA-B_011_jpg.rf.e52fc7a5f2ca4041d6a049b2f927f63d_r0c2.jpg,FN,-1,16,0.0,5862,0,67.55851513022041,0.0
TOSTADA-B_011_jpg.rf.e52fc7a5f2ca4041d6a049b2f927f63d_r1c0.jpg,TP,2,1,0.881686595342983,10991,9939,126.66933466329795,114.54522038199603
TOSTADA-B_011_jpg.rf.e52fc7a5f2ca4041d6a049b2f927f63d_r1c0.jpg,TP,0,0,0.8066366095581605,23411,26678,269.80764205281304,307.45924030092465
TOSTADA-B_011_jpg.rf.e52fc7a5f2ca4041d6a049b2f927f63d_r1c0.jpg,TP,1,4,0.7073983222797614,29223,27157,336.7899160099678,312.9796307388939
TOSTADA-B_011_jpg.rf.e52fc7a5f2ca4041d6a049b2f927f63d_r1c0.jpg,FP,3,-1,0.0,0,30801,0.0,354.9760874319207
TOSTADA-B_011_jpg.rf.e52fc7a5f2ca4041d6a049b2f927f63d_r1c0.jpg,FP,4,-1,0.0,0,33559,0.0,386.7615505382236
TOSTADA-B_011_jpg.rf.e52fc7a5f2ca4041d6a049b2f927f63d_r1c0.jpg,FP,5,-1,0.0,0,67925,0.0,782.8236336097274
TOSTADA-B_011_jpg.rf.e52fc7a5f2ca4041d6a049b2f927f63d_r1c0.jpg,FN,-1,2,0.0,1075,0,12.389185220912138,0.0
TOSTADA-B_011_jpg.rf.e52fc7a5f2ca4041d6a049b2f927f63d_r1c0.jpg,FN,-1,3,0.0,810,0,9.335107003664028,0.0
TOSTADA-B_011_jpg.rf.e52fc7a5f2ca4041d6a049b2f927f63d_r1c0.jpg,FN,-1,5,0.0,4713,0,54.31649297317107,0.0
TOSTADA-B_011_jpg.rf.e52fc7a5f2ca4041d6a049b2f927f63d_r1c0.jpg,FN,-1,6,0.0,5241,0,60.40159976074466,0.0
TOSTADA-B_011_jpg.rf.e52fc7a5f2ca4041d6a049b2f927f63d_r1c0.jpg,FN,-1,7,0.0,4619,0,53.23315956780759,0.0
TOSTADA-B_011_jpg.rf.e52fc7a5f2ca4041d6a049b2f927f63d_r1c0.jpg,FN,-1,8,0.0,14483,0,166.9140181902051,0.0
TOSTADA-B_011_jpg.rf.e52fc7a5f2ca4041d6a049b2f927f63d_r1c0.jpg,FN,-1,9,0.0,13198,0,152.1046200424171,0.0
TOSTADA-B_011_jpg.rf.e52fc7a5f2ca4041d6a049b2f927f63d_r1c0.jpg,FN,-1,10,0.0,6726,0,77.51596260079538,0.0
TOSTADA-B_011_jpg.rf.e52fc7a5f2ca4041d6a049b2f927f63d_r1c1.jpg,TP,5,6,0.8525066602082829,3672,3977,42.3191517499436,45.83422290564425
TOSTADA-B_011_jpg.rf.e52fc7a5f2ca4041d6a049b2f927f63d_r1c1.jpg,TP,1,8,0.847594165033747,4165,4321,48.00088971637121,49.79876217633613
TOSTADA-B_011_jpg.rf.e52fc7a5f2ca4041d6a049b2f927f63d_r1c1.jpg,TP,14,24,0.8171856978085352,1541,1610,17.75975295388428,18.554965772714922
TOSTADA-B_011_jpg.rf.e52fc7a5f2ca4041d6a049b2f927f63d_r1c1.jpg,TP,8,22,0.8095486564049048,6358,7514,73.27482756703196,86.59752348831051
TOSTADA-B_011_jpg.rf.e52fc7a5f2ca4041d6a049b2f927f63d_r1c1.jpg,TP,12,3,0.7909528907922913,2991,3700,34.47074697278902,42.64184680686038
TOSTADA-B_011_jpg.rf.e52fc7a5f2ca4041d6a049b2f927f63d_r1c1.jpg,TP,3,7,0.7294971766603926,2863,3569,32.99556956974088,41.13209493342829
TOSTADA-B_011_jpg.rf.e52fc7a5f2ca4041d6a049b2f927f63d_r1c1.jpg,TP,11,1,0.7052454535898245,7383,8839,85.08777161487842,101.86791457455105
TOSTADA-B_011_jpg.rf.e52fc7a5f2ca4041d6a049b2f927f63d_r1c1.jpg,TP,7,23,0.7013029315960913,2165,3058,24.95124279374398,35.242910144697035
TOSTADA-B_011_jpg.rf.e52fc7a5f2ca4041d6a049b2f927f63d_r1c1.jpg,TP,6,0,0.6863582443653619,5788,8428,66.7056781940832,97.13121213195116
TOSTADA-B_011_jpg.rf.e52fc7a5f2ca4041d6a049b2f927f63d_r1c1.jpg,TP,10,4,0.6787091246608596,5175,6581,59.64096141229796,75.8448631989049
TOSTADA-B_011_jpg.rf.e52fc7a5f2ca4041d6a049b2f927f63d_r1c1.jpg,TP,2,2,0.531058313020652,20533,36626,236.63920013115248,422.1081840940725
TOSTADA-B_011_jpg.rf.e52fc7a5f2ca4041d6a049b2f927f63d_r1c1.jpg,FP,0,-1,0.0,0,25899,0.0,298.4814028245613
TOSTADA-B_011_jpg.rf.e52fc7a5f2ca4041d6a049b2f927f63d_r1c1.jpg,FP,4,-1,0.0,0,4805,0.0,55.376776731611926
TOSTADA-B_011_jpg.rf.e52fc7a5f2ca4041d6a049b2f927f63d_r1c1.jpg,FP,9,-1,0.0,0,3958,0.0,45.615251259879294
TOSTADA-B_011_jpg.rf.e52fc7a5f2ca4041d6a049b2f927f63d_r1c1.jpg,FP,13,-1,0.0,0,24445,0.0,281.7243095118113
TOSTADA-B_011_jpg.rf.e52fc7a5f2ca4041d6a049b2f927f63d_r1c1.jpg,FN,-1,5,0.0,9397,0,108.29876606596405,0.0
TOSTADA-B_011_jpg.rf.e52fc7a5f2ca4041d6a049b2f927f63d_r1c1.jpg,FN,-1,9,0.0,28613,0,329.7597736985665,0.0
TOSTADA-B_011_jpg.rf.e52fc7a5f2ca4041d6a049b2f927f63d_r1c1.jpg,FN,-1,10,0.0,20186,0,232.64008639007665,0.0
TOSTADA-B_011_jpg.rf.e52fc7a5f2ca4041d6a049b2f927f63d_r1c1.jpg,FN,-1,11,0.0,6323,0,72.87145874588599,0.0
TOSTADA-B_011_jpg.rf.e52fc7a5f2ca4041d6a049b2f927f63d_r1c1.jpg,FN,-1,12,0.0,12583,0,145.01685361370923,0.0
TOSTADA-B_011_jpg.rf.e52fc7a5f2ca4041d6a049b2f927f63d_r1c1.jpg,FN,-1,13,0.0,4701,0,54.17819509163531,0.0
TOSTADA-B_011_jpg.rf.e52fc7a5f2ca4041d6a049b2f927f63d_r1c1.jpg,FN,-1,14,0.0,8591,0,99.00975835614527,0.0
TOSTADA-B_011_jpg.rf.e52fc7a5f2ca4041d6a049b2f927f63d_r1c1.jpg,FN,-1,15,0.0,9166,0,105.6365318464006,0.0
TOSTADA-B_011_jpg.rf.e52fc7a5f2ca4041d6a049b2f927f63d_r1c1.jpg,FN,-1,16,0.0,2981,0,34.35549873817589,0.0
TOSTADA-B_011_jpg.rf.e52fc7a5f2ca4041d6a049b2f927f63d_r1c1.jpg,FN,-1,17,0.0,14510,0,167.22518842366057,0.0
TOSTADA-B_011_jpg.rf.e52fc7a5f2ca4041d6a049b2f927f63d_r1c1.jpg,FN,-1,18,0.0,4050,0,46.67553501832015,0.0
TOSTADA-B_011_jpg.rf.e52fc7a5f2ca4041d6a049b2f927f63d_r1c1.jpg,FN,-1,19,0.0,7685,0,88.56826830019514,0.0
TOSTADA-B_011_jpg.rf.e52fc7a5f2ca4041d6a049b2f927f63d_r1c1.jpg,FN,-1,20,0.0,9013,0,103.87323385681962,0.0
TOSTADA-B_011_jpg.rf.e52fc7a5f2ca4041d6a049b2f927f63d_r1c1.jpg,FN,-1,21,0.0,4221,0,48.64627983020477,0.0
TOSTADA-B_011_jpg.rf.e52fc7a5f2ca4041d6a049b2f927f63d_r1c2.jpg,TP,9,34,0.8766103635843114,6279,6831,72.3643665135882,78.72606906423331
TOSTADA-B_011_jpg.rf.e52fc7a5f2ca4041d6a049b2f927f63d_r1c2.jpg,TP,4,11,0.8467345384029364,12821,13844,147.75976159750186,159.5496559984257
TOSTADA-B_011_jpg.rf.e52fc7a5f2ca4041d6a049b2f927f63d_r1c2.jpg,TP,21,14,0.8273130544993663,5323,6211,61.34663528457238,71.58067851821887
TOSTADA-B_011_jpg.rf.e52fc7a5f2ca4041d6a049b2f927f63d_r1c2.jpg,TP,13,28,0.826634382566586,2045,1727,23.568263978386344,19.903370117688613
TOSTADA-B_011_jpg.rf.e52fc7a5f2ca4041d6a049b2f927f63d_r1c2.jpg,TP,3,32,0.8226434040416719,7237,7284,83.40514738952663,83.94681409220837
TOSTADA-B_011_jpg.rf.e52fc7a5f2ca4041d6a049b2f927f63d_r1c2.jpg,TP,19,1,0.8086288609249878,5159,5908,59.45656423691695,68.08865700944084
TOSTADA-B_011_jpg.rf.e52fc7a5f2ca4041d6a049b2f927f63d_r1c2.jpg,TP,1,35,0.7902964164577496,5513,6627,63.53635174222197,76.37500507812533
TOSTADA-B_011_jpg.rf.e52fc7a5f2ca4041d6a049b2f927f63d_r1c2.jpg,TP,0,10,0.7676076623937779,21823,27267,251.50622239624704,314.24736131963834
TOSTADA-B_011_jpg.rf.e52fc7a5f2ca4041d6a049b2f927f63d_r1c2.jpg,TP,15,30,0.7616697678181377,10237,11539,117.97961777346748,132.98493792009782
TOSTADA-B_011_jpg.rf.e52fc7a5f2ca4041d6a049b2f927f63d_r1c2.jpg,TP,8,12,0.7502396931927133,4718,6235,54.37411709047764,71.8572742812904
TOSTADA-B_011_jpg.rf.e52fc7a5f2ca4041d6a049b2f927f63d_r1c2.jpg,TP,11,24,0.7313432835820896,4771,6365,54.98493273392726,73.35550133126117
TOSTADA-B_011_jpg.rf.e52fc7a5f2ca4041d6a049b2f927f63d_r1c2.jpg,TP,18,15,0.7117512209707963,7577,9597,87.32358736637326,110.60373075822677
TOSTADA-B_011_jpg.rf.e52fc7a5f2ca4041d6a049b2f927f63d_r1c2.jpg,TP,12,26,0.7066319142774399,2440,3453,28.12056924560522,39.79521541191591
TOSTADA-B_011_jpg.rf.e52fc7a5f2ca4041d6a049b2f927f63d_r1c2.jpg,TP,6,33,0.7,721,1030,8.309397715607117,11.870568165153024
TOSTADA-B_011_jpg.rf.e52fc7a5f2ca4041d6a049b2f927f63d_r1c2.jpg,TP,17,16,0.6664089081348593,12983,19342,149.62678299823466,222.91313538872797
TOSTADA-B_011_jpg.rf.e52fc7a5f2ca4041d6a049b2f927f63d_r1c2.jpg,TP,16,39,0.6164451009354998,3392,3174,39.09220118077579,36.579789666209415
TOSTADA-B_011_jpg.rf.e52fc7a5f2ca4041d6a049b2f927f63d_r1c2.jpg,TP,2,0,0.609529627367135,11849,14499,136.55763319310503,167.0984153655861
TOSTADA-B_011_jpg.rf.e52fc7a5f2ca4041d6a049b2f927f63d_r1c2.jpg,TP,14,29,0.585950692333671,3470,5922,39.99113741075825,68.25000453789923
TOSTADA-B_011_jpg.rf.e52fc7a5f2ca4041d6a049b2f927f63d_r1c2.jpg,FP,5,-1,0.0,0,4885,0.0,56.298762608517016
TOSTADA-B_011_jpg.rf.e52fc7a5f2ca4041d6a049b2f927f63d_r1c2.jpg,FP,7,-1,0.0,0,7962,0.0,91.76064439897901
TOSTADA-B_011_jpg.rf.e52fc7a5f2ca4041d6a049b2f927f63d_r1c2.jpg,FP,10,-1,0.0,0,22448,0.0,258.70923705956807
TOSTADA-B_011_jpg.rf.e52fc7a5f2ca4041d6a049b2f927f63d_r1c2.jpg,FP,20,-1,0.0,0,32014,0.0,368.95569829049407
TOSTADA-B_011_jpg.rf.e52fc7a5f2ca4041d6a049b2f927f63d_r1c2.jpg,FP,22,-1,0.0,0,17295,0.0,199.321821763419
TOSTADA-B_011_jpg.rf.e52fc7a5f2ca4041d6a049b2f927f63d_r1c2.jpg,FN,-1,2,0.0,8433,0,97.18883624925772,0.0
TOSTADA-B_011_jpg.rf.e52fc7a5f2ca4041d6a049b2f927f63d_r1c2.jpg,FN,-1,3,0.0,3202,0,36.9024847231262,0.0
TOSTADA-B_011_jpg.rf.e52fc7a5f2ca4041d6a049b2f927f63d_r1c2.jpg,FN,-1,4,0.0,10048,0,115.80142613927922,0.0
TOSTADA-B_011_jpg.rf.e52fc7a5f2ca4041d6a049b2f927f63d_r1c2.jpg,FN,-1,5,0.0,6896,0,79.47518258921869,0.0
TOSTADA-B_011_jpg.rf.e52fc7a5f2ca4041d6a049b2f927f63d_r1c2.jpg,FN,-1,6,0.0,6338,0,73.0443310978057,0.0
TOSTADA-B_011_jpg.rf.e52fc7a5f2ca4041d6a049b2f927f63d_r1c2.jpg,FN,-1,7,0.0,947,0,10.914007817863995,0.0
TOSTADA-B_011_jpg.rf.e52fc7a5f2ca4041d6a049b2f927f63d_r1c2.jpg,FN,-1,8,0.0,1343,0,15.477837908544187,0.0
TOSTADA-B_011_jpg.rf.e52fc7a5f2ca4041d6a049b2f927f63d_r1c2.jpg,FN,-1,9,0.0,6093,0,70.22074934978386,0.0
TOSTADA-B_011_jpg.rf.e52fc7a5f2ca4041d6a049b2f927f63d_r1c2.jpg,FN,-1,13,0.0,2426,0,27.959221717146832,0.0
TOSTADA-B_011_jpg.rf.e52fc7a5f2ca4041d6a049b2f927f63d_r1c2.jpg,FN,-1,17,0.0,2719,0,31.335994991311722,0.0
TOSTADA-B_011_jpg.rf.e52fc7a5f2ca4041d6a049b2f927f63d_r1c2.jpg,FN,-1,18,0.0,2252,0,25.953902434878263,0.0
TOSTADA-B_011_jpg.rf.e52fc7a5f2ca4041d6a049b2f927f63d_r1c2.jpg,FN,-1,19,0.0,4922,0,56.72518107658561,0.0
TOSTADA-B_011_jpg.rf.e52fc7a5f2ca4041d6a049b2f927f63d_r1c2.jpg,FN,-1,20,0.0,5209,0,60.03280540998262,0.0
TOSTADA-B_011_jpg.rf.e52fc7a5f2ca4041d6a049b2f927f63d_r1c2.jpg,FN,-1,21,0.0,2043,0,23.54521433146372,0.0
TOSTADA-B_011_jpg.rf.e52fc7a5f2ca4041d6a049b2f927f63d_r1c2.jpg,FN,-1,22,0.0,5254,0,60.55142246574174,0.0
TOSTADA-B_011_jpg.rf.e52fc7a5f2ca4041d6a049b2f927f63d_r1c2.jpg,FN,-1,23,0.0,3104,0,35.773052023917465,0.0
TOSTADA-B_011_jpg.rf.e52fc7a5f2ca4041d6a049b2f927f63d_r1c2.jpg,FN,-1,25,0.0,2257,0,26.01152655218483,0.0
TOSTADA-B_011_jpg.rf.e52fc7a5f2ca4041d6a049b2f927f63d_r1c2.jpg,FN,-1,27,0.0,4404,0,50.75532252362516,0.0
TOSTADA-B_011_jpg.rf.e52fc7a5f2ca4041d6a049b2f927f63d_r1c2.jpg,FN,-1,31,0.0,24959,0,287.64806877092656,0.0
TOSTADA-B_011_jpg.rf.e52fc7a5f2ca4041d6a049b2f927f63d_r1c2.jpg,FN,-1,36,0.0,4863,0,56.04521649236811,0.0
TOSTADA-B_011_jpg.rf.e52fc7a5f2ca4041d6a049b2f927f63d_r1c2.jpg,FN,-1,37,0.0,7462,0,85.9982326683222,0.0
TOSTADA-B_011_jpg.rf.e52fc7a5f2ca4041d6a049b2f927f63d_r1c2.jpg,FN,-1,38,0.0,3084,0,35.54255555469119,0.0
TOSTADA-B_011_jpg.rf.e52fc7a5f2ca4041d6a049b2f927f63d_r2c0.jpg,TP,2,7,0.8177165958753391,15984,19536,184.21277820563682,225.1489511402228
TOSTADA-B_011_jpg.rf.e52fc7a5f2ca4041d6a049b2f927f63d_r2c0.jpg,TP,9,15,0.8007441091360066,4162,4550,47.96631524598727,52.437946748976955
TOSTADA-B_011_jpg.rf.e52fc7a5f2ca4041d6a049b2f927f63d_r2c0.jpg,TP,0,10,0.8005514705882353,878,1081,10.118794999033355,12.45833416168002
TOSTADA-B_011_jpg.rf.e52fc7a5f2ca4041d6a049b2f927f63d_r2c0.jpg,TP,1,12,0.6974025974025974,542,765,6.24645431603198,8.816489947904916
TOSTADA-B_011_jpg.rf.e52fc7a5f2ca4041d6a049b2f927f63d_r2c0.jpg,TP,5,24,0.6420983282549617,8965,10975,103.32004233067657,126.48493748791694
TOSTADA-B_011_jpg.rf.e52fc7a5f2ca4041d6a049b2f927f63d_r2c0.jpg,TP,8,6,0.6321608040201006,6292,9948,72.51418921858527,114.64894379314785
TOSTADA-B_011_jpg.rf.e52fc7a5f2ca4041d6a049b2f927f63d_r2c0.jpg,TP,3,0,0.5316675342703453,36768,69156,423.744709025579,797.0106912906044
TOSTADA-B_011_jpg.rf.e52fc7a5f2ca4041d6a049b2f927f63d_r2c0.jpg,FP,4,-1,0.0,0,5783,0.0,66.64805407677665
TOSTADA-B_011_jpg.rf.e52fc7a5f2ca4041d6a049b2f927f63d_r2c0.jpg,FP,6,-1,0.0,0,69014,0.0,795.3741663590979
TOSTADA-B_011_jpg.rf.e52fc7a5f2ca4041d6a049b2f927f63d_r2c0.jpg,FP,7,-1,0.0,0,59418,0.0,684.7819604243324
TOSTADA-B_011_jpg.rf.e52fc7a5f2ca4041d6a049b2f927f63d_r2c0.jpg,FP,10,-1,0.0,0,1588,0.0,18.301419656566022
TOSTADA-B_011_jpg.rf.e52fc7a5f2ca4041d6a049b2f927f63d_r2c0.jpg,FP,11,-1,0.0,0,56666,0.0,653.0656462587973
TOSTADA-B_011_jpg.rf.e52fc7a5f2ca4041d6a049b2f927f63d_r2c0.jpg,FN,-1,1,0.0,23507,0,270.91402510509914,0.0
TOSTADA-B_011_jpg.rf.e52fc7a5f2ca4041d6a049b2f927f63d_r2c0.jpg,FN,-1,2,0.0,2753,0,31.727838988996385,0.0
TOSTADA-B_011_jpg.rf.e52fc7a5f2ca4041d6a049b2f927f63d_r2c0.jpg,FN,-1,3,0.0,13091,0,150.87146393205654,0.0
TOSTADA-B_011_jpg.rf.e52fc7a5f2ca4041d6a049b2f927f63d_r2c0.jpg,FN,-1,4,0.0,13956,0,160.84043622609283,0.0
TOSTADA-B_011_jpg.rf.e52fc7a5f2ca4041d6a049b2f927f63d_r2c0.jpg,FN,-1,5,0.0,2448,0,28.212767833295732,0.0
TOSTADA-B_011_jpg.rf.e52fc7a5f2ca4041d6a049b2f927f63d_r2c0.jpg,FN,-1,8,0.0,2829,0,32.60372557205622,0.0
TOSTADA-B_011_jpg.rf.e52fc7a5f2ca4041d6a049b2f927f63d_r2c0.jpg,FN,-1,9,0.0,5058,0,58.29255706732427,0.0
TOSTADA-B_011_jpg.rf.e52fc7a5f2ca4041d6a049b2f927f63d_r2c0.jpg,FN,-1,11,0.0,3039,0,35.023938498932075,0.0
TOSTADA-B_011_jpg.rf.e52fc7a5f2ca4041d6a049b2f927f63d_r2c0.jpg,FN,-1,13,0.0,6145,0,70.82004016977217,0.0
TOSTADA-B_011_jpg.rf.e52fc7a5f2ca4041d6a049b2f927f63d_r2c0.jpg,FN,-1,14,0.0,7002,0,80.69681387611794,0.0
TOSTADA-B_011_jpg.rf.e52fc7a5f2ca4041d6a049b2f927f63d_r2c0.jpg,FN,-1,16,0.0,4427,0,51.02039346323538,0.0
TOSTADA-B_011_jpg.rf.e52fc7a5f2ca4041d6a049b2f927f63d_r2c0.jpg,FN,-1,17,0.0,3184,0,36.695037900822555,0.0
TOSTADA-B_011_jpg.rf.e52fc7a5f2ca4041d6a049b2f927f63d_r2c0.jpg,FN,-1,18,0.0,10664,0,122.9007173914484,0.0
TOSTADA-B_011_jpg.rf.e52fc7a5f2ca4041d6a049b2f927f63d_r2c0.jpg,FN,-1,19,0.0,5217,0,60.12500399767313,0.0
TOSTADA-B_011_jpg.rf.e52fc7a5f2ca4041d6a049b2f927f63d_r2c0.jpg,FN,-1,20,0.0,9212,0,106.16667372562102,0.0
TOSTADA-B_011_jpg.rf.e52fc7a5f2ca4041d6a049b2f927f63d_r2c0.jpg,FN,-1,21,0.0,6874,0,79.2216364730698,0.0
TOSTADA-B_011_jpg.rf.e52fc7a5f2ca4041d6a049b2f927f63d_r2c0.jpg,FN,-1,22,0.0,1996,0,23.003547628781977,0.0
TOSTADA-B_011_jpg.rf.e52fc7a5f2ca4041d6a049b2f927f63d_r2c0.jpg,FN,-1,23,0.0,33080,0,381.24116010025443,0.0
TOSTADA-B_011_jpg.rf.e52fc7a5f2ca4041d6a049b2f927f63d_r2c0.jpg,FN,-1,25,0.0,20754,0,239.1861861161028,0.0
TOSTADA-B_011_jpg.rf.e52fc7a5f2ca4041d6a049b2f927f63d_r2c0.jpg,FN,-1,26,0.0,2498,0,28.78900900636141,0.0
TOSTADA-B_011_jpg.rf.e52fc7a5f2ca4041d6a049b2f927f63d_r2c0.jpg,FN,-1,27,0.0,7173,0,82.66755868800257,0.0
TOSTADA-B_011_jpg.rf.e52fc7a5f2ca4041d6a049b2f927f63d_r2c1.jpg,TP,0,29,0.9273661438615468,17551,18086,202.27217656951527,208.43795712131805
TOSTADA-B_011_jpg.rf.e52fc7a5f2ca4041d6a049b2f927f63d_r2c1.jpg,TP,3,11,0.8723718791064389,5734,5665,66.08333772717228,65.28812490834163
TOSTADA-B_011_jpg.rf.e52fc7a5f2ca4041d6a049b2f927f63d_r2c1.jpg,TP,12,15,0.8494868415798091,21869,24444,252.03636427546746,281.71278468835004
TOSTADA-B_011_jpg.rf.e52fc7a5f2ca4041d6a049b2f927f63d_r2c1.jpg,TP,6,23,0.8422471425490619,7838,9247,90.33156628977612,106.570042546767
TOSTADA-B_011_jpg.rf.e52fc7a5f2ca4041d6a049b2f927f63d_r2c1.jpg,TP,4,32,0.8258727329908796,7962,9455,91.76064439897901,108.96720582672023
TOSTADA-B_011_jpg.rf.e52fc7a5f2ca4041d6a049b2f927f63d_r2c1.jpg,TP,5,0,0.7048560016817322,13412,19028,154.57093226313822,219.2943408218755
TOSTADA-B_011_jpg.rf.e52fc7a5f2ca4041d6a049b2f927f63d_r2c1.jpg,TP,1,24,0.5411344231914753,8376,14909,96.53192131196285,171.82359298472468
TOSTADA-B_011_jpg.rf.e52fc7a5f2ca4041d6a049b2f927f63d_r2c1.jpg,TP,7,25,0.5034624877195505,21681,41063,249.8696974647405,473.243825791921
TOSTADA-B_011_jpg.rf.e52fc7a5f2ca4041d6a049b2f927f63d_r2c1.jpg,FP,2,-1,0.0,0,7159,0.0,82.50621115954418
TOSTADA-B_011_jpg.rf.e52fc7a5f2ca4041d6a049b2f927f63d_r2c1.jpg,FP,8,-1,0.0,0,26085,0.0,300.6250199883657
TOSTADA-B_011_jpg.rf.e52fc7a5f2ca4041d6a049b2f927f63d_r2c1.jpg,FP,9,-1,0.0,0,32223,0.0,371.36438639390866
TOSTADA-B_011_jpg.rf.e52fc7a5f2ca4041d6a049b2f927f63d_r2c1.jpg,FP,10,-1,0.0,0,4133,0.0,47.632095365609175
TOSTADA-B_011_jpg.rf.e52fc7a5f2ca4041d6a049b2f927f63d_r2c1.jpg,FP,11,-1,0.0,0,16744,0.0,192.97164403623518
TOSTADA-B_011_jpg.rf.e52fc7a5f2ca4041d6a049b2f927f63d_r2c1.jpg,FN,-1,1,0.0,12688,0,146.22696007714717,0.0
TOSTADA-B_011_jpg.rf.e52fc7a5f2ca4041d6a049b2f927f63d_r2c1.jpg,FN,-1,2,0.0,17976,0,207.17022654057357,0.0
TOSTADA-B_011_jpg.rf.e52fc7a5f2ca4041d6a049b2f927f63d_r2c1.jpg,FN,-1,3,0.0,6092,0,70.20922452632254,0.0
TOSTADA-B_011_jpg.rf.e52fc7a5f2ca4041d6a049b2f927f63d_r2c1.jpg,FN,-1,4,0.0,7300,0,84.13121126758939,0.0
TOSTADA-B_011_jpg.rf.e52fc7a5f2ca4041d6a049b2f927f63d_r2c1.jpg,FN,-1,5,0.0,1350,0,15.558511672773381,0.0
TOSTADA-B_011_jpg.rf.e52fc7a5f2ca4041d6a049b2f927f63d_r2c1.jpg,FN,-1,6,0.0,976,0,11.24822769824209,0.0
TOSTADA-B_011_jpg.rf.e52fc7a5f2ca4041d6a049b2f927f63d_r2c1.jpg,FN,-1,7,0.0,2461,0,28.362590538292807,0.0
TOSTADA-B_011_jpg.rf.e52fc7a5f2ca4041d6a049b2f927f63d_r2c1.jpg,FN,-1,8,0.0,2355,0,27.140959251393564,0.0
TOSTADA-B_011_jpg.rf.e52fc7a5f2ca4041d6a049b2f927f63d_r2c1.jpg,FN,-1,9,0.0,1732,0,19.960994234995184,0.0
TOSTADA-B_011_jpg.rf.e52fc7a5f2ca4041d6a049b2f927f63d_r2c1.jpg,FN,-1,10,0.0,37510,0,432.29612803387374,0.0
TOSTADA-B_011_jpg.rf.e52fc7a5f2ca4041d6a049b2f927f63d_r2c1.jpg,FN,-1,12,0.0,10473,0,120.6994761103375,0.0
TOSTADA-B_011_jpg.rf.e52fc7a5f2ca4041d6a049b2f927f63d_r2c1.jpg,FN,-1,13,0.0,8615,0,99.2863541192168,0.0
TOSTADA-B_011_jpg.rf.e52fc7a5f2ca4041d6a049b2f927f63d_r2c1.jpg,FN,-1,14,0.0,7769,0,89.53635347094549,0.0
TOSTADA-B_011_jpg.rf.e52fc7a5f2ca4041d6a049b2f927f63d_r2c1.jpg,FN,-1,16,0.0,16040,0,184.8581683194704,0.0
TOSTADA-B_011_jpg.rf.e52fc7a5f2ca4041d6a049b2f927f63d_r2c1.jpg,FN,-1,17,0.0,7704,0,88.7872399459601,0.0
TOSTADA-B_011_jpg.rf.e52fc7a5f2ca4041d6a049b2f927f63d_r2c1.jpg,FN,-1,18,0.0,2375,0,27.37145572061984,0.0
TOSTADA-B_011_jpg.rf.e52fc7a5f2ca4041d6a049b2f927f63d_r2c1.jpg,FN,-1,19,0.0,1960,0,22.588653984174687,0.0
TOSTADA-B_011_jpg.rf.e52fc7a5f2ca4041d6a049b2f927f63d_r2c1.jpg,FN,-1,20,0.0,4093,0,47.171102427156626,0.0
TOSTADA-B_011_jpg.rf.e52fc7a5f2ca4041d6a049b2f927f63d_r2c1.jpg,FN,-1,21,0.0,3682,0,42.434399984556734,0.0
TOSTADA-B_011_jpg.rf.e52fc7a5f2ca4041d6a049b2f927f63d_r2c1.jpg,FN,-1,22,0.0,6303,0,72.64096227665972,0.0
TOSTADA-B_011_jpg.rf.e52fc7a5f2ca4041d6a049b2f927f63d_r2c1.jpg,FN,-1,26,0.0,16879,0,194.52749520351253,0.0
TOSTADA-B_011_jpg.rf.e52fc7a5f2ca4041d6a049b2f927f63d_r2c1.jpg,FN,-1,27,0.0,4264,0,49.141847239041255,0.0
TOSTADA-B_011_jpg.rf.e52fc7a5f2ca4041d6a049b2f927f63d_r2c1.jpg,FN,-1,28,0.0,7665,0,88.33777183096886,0.0
TOSTADA-B_011_jpg.rf.e52fc7a5f2ca4041d6a049b2f927f63d_r2c1.jpg,FN,-1,30,0.0,7341,0,84.60372902950326,0.0
TOSTADA-B_011_jpg.rf.e52fc7a5f2ca4041d6a049b2f927f63d_r2c1.jpg,FN,-1,31,0.0,12253,0,141.21366187147572,0.0
TOSTADA-B_011_jpg.rf.e52fc7a5f2ca4041d6a049b2f927f63d_r2c1.jpg,FN,-1,33,0.0,11388,0,131.24468957743946,0.0
TOSTADA-B_011_jpg.rf.e52fc7a5f2ca4041d6a049b2f927f63d_r2c2.jpg,TP,2,1,0.9083642913430148,8311,8641,95.78280778697746,99.58599952921095
TOSTADA-B_011_jpg.rf.e52fc7a5f2ca4041d6a049b2f927f63d_r2c2.jpg,TP,4,13,0.8747679565900328,13246,13012,152.65781156856016,149.96100287861276
TOSTADA-B_011_jpg.rf.e52fc7a5f2ca4041d6a049b2f927f63d_r2c2.jpg,TP,0,6,0.8663459825405309,24981,27398,287.9016148870754,315.75711319307044
TOSTADA-B_011_jpg.rf.e52fc7a5f2ca4041d6a049b2f927f63d_r2c2.jpg,TP,6,14,0.7849961330239753,1152,1156,13.276596627433285,13.32269592127854
TOSTADA-B_011_jpg.rf.e52fc7a5f2ca4041d6a049b2f927f63d_r2c2.jpg,TP,1,7,0.7776598003822468,3769,4602,43.43705962569102,53.03723756896526
TOSTADA-B_011_jpg.rf.e52fc7a5f2ca4041d6a049b2f927f63d_r2c2.jpg,TP,5,0,0.7674025974025974,5961,7648,68.69947265289046,88.14184983212654
TOSTADA-B_011_jpg.rf.e52fc7a5f2ca4041d6a049b2f927f63d_r2c2.jpg,FP,3,-1,0.0,0,2598,0.0,29.941491352492775
TOSTADA-B_011_jpg.rf.e52fc7a5f2ca4041d6a049b2f927f63d_r2c2.jpg,FP,7,-1,0.0,0,449,0.0,5.174645734129814
TOSTADA-B_011_jpg.rf.e52fc7a5f2ca4041d6a049b2f927f63d_r2c2.jpg,FP,8,-1,0.0,0,6318,0.0,72.81383462857943
TOSTADA-B_011_jpg.rf.e52fc7a5f2ca4041d6a049b2f927f63d_r2c2.jpg,FN,-1,2,0.0,711,0,8.19414948099398,0.0
TOSTADA-B_011_jpg.rf.e52fc7a5f2ca4041d6a049b2f927f63d_r2c2.jpg,FN,-1,3,0.0,4828,0,55.64184767122214,0.0
TOSTADA-B_011_jpg.rf.e52fc7a5f2ca4041d6a049b2f927f63d_r2c2.jpg,FN,-1,4,0.0,12639,0,145.6622437275428,0.0
TOSTADA-B_011_jpg.rf.e52fc7a5f2ca4041d6a049b2f927f63d_r2c2.jpg,FN,-1,5,0.0,8994,0,103.65426221105466,0.0
TOSTADA-B_011_jpg.rf.e52fc7a5f2ca4041d6a049b2f927f63d_r2c2.jpg,FN,-1,8,0.0,5317,0,61.2774863438045,0.0
TOSTADA-B_011_jpg.rf.e52fc7a5f2ca4041d6a049b2f927f63d_r2c2.jpg,FN,-1,9,0.0,3212,0,37.017732957739334,0.0
TOSTADA-B_011_jpg.rf.e52fc7a5f2ca4041d6a049b2f927f63d_r2c2.jpg,FN,-1,10,0.0,2266,0,26.11524996333665,0.0
TOSTADA-B_011_jpg.rf.e52fc7a5f2ca4041d6a049b2f927f63d_r2c2.jpg,FN,-1,11,0.0,8833,0,101.79876563378316,0.0
TOSTADA-B_011_jpg.rf.e52fc7a5f2ca4041d6a049b2f927f63d_r2c2.jpg,FN,-1,12,0.0,4861,0,56.02216684544548,0.0
TOSTADA-B_011_jpg.rf.e52fc7a5f2ca4041d6a049b2f927f63d_r2c2.jpg,FN,-1,15,0.0,6809,0,78.4725229480844,0.0
TOSTADA-B_011_jpg.rf.e52fc7a5f2ca4041d6a049b2f927f63d_r2c2.jpg,FN,-1,16,0.0,6531,0,75.26862202583922,0.0
TOSTADA-D_004_jpg.rf.3e98f483ac7b358f6b42724649248703_r0c0.jpg,TP,2,2,0.8261542859865632,37948,38703,437.3440007099291,446.0452424232209
TOSTADA-D_004_jpg.rf.3e98f483ac7b358f6b42724649248703_r0c0.jpg,TP,4,1,0.8121906378164333,5987,6827,68.99911806288462,78.67996977038806
TOSTADA-D_004_jpg.rf.3e98f483ac7b358f6b42724649248703_r0c0.jpg,TP,0,7,0.7747271665743499,53608,64942,617.8227361141003,748.4450852246289
TOSTADA-D_004_jpg.rf.3e98f483ac7b358f6b42724649248703_r0c0.jpg,TP,14,16,0.6584034779391361,15500,20358,178.63476365036104,234.6223560254226
TOSTADA-D_004_jpg.rf.3e98f483ac7b358f6b42724649248703_r0c0.jpg,TP,6,9,0.5741764006434916,8210,14296,94.61880061738479,164.75887620293946
TOSTADA-D_004_jpg.rf.3e98f483ac7b358f6b42724649248703_r0c0.jpg,FP,1,-1,0.0,0,51818,0.0,597.1933021183489
TOSTADA-D_004_jpg.rf.3e98f483ac7b358f6b42724649248703_r0c0.jpg,FP,3,-1,0.0,0,53502,0.0,616.6011048272011
TOSTADA-D_004_jpg.rf.3e98f483ac7b358f6b42724649248703_r0c0.jpg,FP,5,-1,0.0,0,3446,0.0,39.71454164768672
TOSTADA-D_004_jpg.rf.3e98f483ac7b358f6b42724649248703_r0c0.jpg,FP,7,-1,0.0,0,827,0.0,9.53102900250636
TOSTADA-D_004_jpg.rf.3e98f483ac7b358f6b42724649248703_r0c0.jpg,FP,8,-1,0.0,0,62092,0.0,715.599338359885
TOSTADA-D_004_jpg.rf.3e98f483ac7b358f6b42724649248703_r0c0.jpg,FP,9,-1,0.0,0,1514,0.0,17.448582720428814
TOSTADA-D_004_jpg.rf.3e98f483ac7b358f6b42724649248703_r0c0.jpg,FP,10,-1,0.0,0,63939,0.0,736.8856872929313
TOSTADA-D_004_jpg.rf.3e98f483ac7b358f6b42724649248703_r0c0.jpg,FP,11,-1,0.0,0,3802,0.0,43.817378799914366
TOSTADA-D_004_jpg.rf.3e98f483ac7b358f6b42724649248703_r0c0.jpg,FP,12,-1,0.0,0,62381,0.0,718.9300123402047
TOSTADA-D_004_jpg.rf.3e98f483ac7b358f6b42724649248703_r0c0.jpg,FP,13,-1,0.0,0,1060,0.0,12.216312868992432
TOSTADA-D_004_jpg.rf.3e98f483ac7b358f6b42724649248703_r0c0.jpg,FN,-1,0,0.0,19027,0,219.28281599841418,0.0
TOSTADA-D_004_jpg.rf.3e98f483ac7b358f6b42724649248703_r0c0.jpg,FN,-1,3,0.0,7315,0,84.3040836195091,0.0
TOSTADA-D_004_jpg.rf.3e98f483ac7b358f6b42724649248703_r0c0.jpg,FN,-1,4,0.0,1857,0,21.401597167659386,0.0
TOSTADA-D_004_jpg.rf.3e98f483ac7b358f6b42724649248703_r0c0.jpg,FN,-1,5,0.0,7590,0,87.47341007137034,0.0
TOSTADA-D_004_jpg.rf.3e98f483ac7b358f6b42724649248703_r0c0.jpg,FN,-1,6,0.0,7452,0,85.88298443370907,0.0
TOSTADA-D_004_jpg.rf.3e98f483ac7b358f6b42724649248703_r0c0.jpg,FN,-1,8,0.0,11886,0,136.98405166117362,0.0
TOSTADA-D_004_jpg.rf.3e98f483ac7b358f6b42724649248703_r0c0.jpg,FN,-1,10,0.0,15153,0,174.6356499092852,0.0
TOSTADA-D_004_jpg.rf.3e98f483ac7b358f6b42724649248703_r0c0.jpg,FN,-1,11,0.0,22262,0,256.5656198957637,0.0
TOSTADA-D_004_jpg.rf.3e98f483ac7b358f6b42724649248703_r0c0.jpg,FN,-1,12,0.0,741,0,8.53989418483339,0.0
TOSTADA-D_004_jpg.rf.3e98f483ac7b358f6b42724649248703_r0c0.jpg,FN,-1,13,0.0,720,0,8.297872892145804,0.0
TOSTADA-D_004_jpg.rf.3e98f483ac7b358f6b42724649248703_r0c0.jpg,FN,-1,14,0.0,29605,0,341.1923985721896,0.0
TOSTADA-D_004_jpg.rf.3e98f483ac7b358f6b42724649248703_r0c0.jpg,FN,-1,15,0.0,2210,0,25.46985984950309,0.0
TOSTADA-D_004_jpg.rf.3e98f483ac7b358f6b42724649248703_r0c1.jpg,TP,1,11,0.9166849215041986,12701,13548,146.37678278214423,156.13830825387686
TOSTADA-D_004_jpg.rf.3e98f483ac7b358f6b42724649248703_r0c1.jpg,TP,4,2,0.8936223846735568,50148,55020,577.9468469379552,634.0957868414752
TOSTADA-D_004_jpg.rf.3e98f483ac7b358f6b42724649248703_r0c1.jpg,TP,3,9,0.8356435643564356,9833,10561,113.32358909509678,121.7136605749331
TOSTADA-D_004_jpg.rf.3e98f483ac7b358f6b42724649248703_r0c1.jpg,TP,5,10,0.7977240762050889,6328,7732,72.92908286319256,89.10993500287688
TOSTADA-D_004_jpg.rf.3e98f483ac7b358f6b42724649248703_r0c1.jpg,TP,7,16,0.7841938818950314,28997,29678,334.1853059077109,342.03371068486547
TOSTADA-D_004_jpg.rf.3e98f483ac7b358f6b42724649248703_r0c1.jpg,TP,8,4,0.7719735250160131,10847,14051,125.00976008486879,161.93529445491762
TOSTADA-D_004_jpg.rf.3e98f483ac7b358f6b42724649248703_r0c1.jpg,TP,6,8,0.7568614296169798,50692,64530,584.2163509009098,743.6968579585676
TOSTADA-D_004_jpg.rf.3e98f483ac7b358f6b42724649248703_r0c1.jpg,TP,13,7,0.7373980939258239,13000,17262,149.822704997077,198.94150258919564
TOSTADA-D_004_jpg.rf.3e98f483ac7b358f6b42724649248703_r0c1.jpg,TP,12,12,0.7346115035317861,8966,8224,103.33156715413789,94.78014814584317
TOSTADA-D_004_jpg.rf.3e98f483ac7b358f6b42724649248703_r0c1.jpg,TP,10,15,0.7331524197195839,3788,3876,43.65603127145598,44.670215736051574
TOSTADA-D_004_jpg.rf.3e98f483ac7b358f6b42724649248703_r0c1.jpg,TP,9,14,0.6658023624315759,3252,2530,37.478725896191875,29.15780335712345
TOSTADA-D_004_jpg.rf.3e98f483ac7b358f6b42724649248703_r0c1.jpg,TP,14,17,0.5848535681834067,16836,28513,194.03192779467602,328.60729135243514
TOSTADA-D_004_jpg.rf.3e98f483ac7b358f6b42724649248703_r0c1.jpg,FP,0,-1,0.0,0,73926,0.0,851.9840992010703
TOSTADA-D_004_jpg.rf.3e98f483ac7b358f6b42724649248703_r0c1.jpg,FP,2,-1,0.0,0,3355,0.0,38.665782712707184
TOSTADA-D_004_jpg.rf.3e98f483ac7b358f6b42724649248703_r0c1.jpg,FP,11,-1,0.0,0,7369,0.0,84.92642408642004
TOSTADA-D_004_jpg.rf.3e98f483ac7b358f6b42724649248703_r0c1.jpg,FP,15,-1,0.0,0,132098,0.0,1522.406129592606
TOSTADA-D_004_jpg.rf.3e98f483ac7b358f6b42724649248703_r0c1.jpg,FN,-1,0,0.0,35136,0,404.9361971367152,0.0
TOSTADA-D_004_jpg.rf.3e98f483ac7b358f6b42724649248703_r0c1.jpg,FN,-1,1,0.0,36157,0,416.7030418907164,0.0
TOSTADA-D_004_jpg.rf.3e98f483ac7b358f6b42724649248703_r0c1.jpg,FN,-1,3,0.0,28183,0,324.80409961020166,0.0
TOSTADA-D_004_jpg.rf.3e98f483ac7b358f6b42724649248703_r0c1.jpg,FN,-1,5,0.0,4054,0,46.7216343121654,0.0
TOSTADA-D_004_jpg.rf.3e98f483ac7b358f6b42724649248703_r0c1.jpg,FN,-1,6,0.0,14221,0,163.89451444334094,0.0
TOSTADA-D_004_jpg.rf.3e98f483ac7b358f6b42724649248703_r0c1.jpg,FN,-1,13,0.0,1641,0,18.912235300015645,0.0
TOSTADA-D_004_jpg.rf.3e98f483ac7b358f6b42724649248703_r0c1.jpg,FN,-1,18,0.0,7999,0,92.18706286704762,0.0
TOSTADA-D_004_jpg.rf.3e98f483ac7b358f6b42724649248703_r0c2.jpg,TP,1,12,0.8408463661453542,7290,6717,84.01596303297626,77.41223918964356
TOSTADA-D_004_jpg.rf.3e98f483ac7b358f6b42724649248703_r0c2.jpg,TP,5,3,0.839090026355944,6424,6834,74.03546591547867,78.76064353461724
TOSTADA-D_004_jpg.rf.3e98f483ac7b358f6b42724649248703_r0c2.jpg,TP,3,0,0.8293865263357512,75864,78485,874.3192070690961,904.5257693611991
TOSTADA-D_004_jpg.rf.3e98f483ac7b358f6b42724649248703_r0c2.jpg,TP,2,11,0.7788898999090081,3160,2705,36.41844213775103,31.17464746285333
TOSTADA-D_004_jpg.rf.3e98f483ac7b358f6b42724649248703_r0c2.jpg,TP,0,4,0.7430930194539808,24468,18182,281.98938045142154,209.54434017360416
TOSTADA-D_004_jpg.rf.3e98f483ac7b358f6b42724649248703_r0c2.jpg,FP,4,-1,0.0,0,1211,0.0,13.956561211650788
TOSTADA-D_004_jpg.rf.3e98f483ac7b358f6b42724649248703_r0c2.jpg,FP,6,-1,0.0,0,2325,0.0,26.795214547554156
TOSTADA-D_004_jpg.rf.3e98f483ac7b358f6b42724649248703_r0c2.jpg,FP,7,-1,0.0,0,10016,0.0,115.43263178851717
TOSTADA-D_004_jpg.rf.3e98f483ac7b358f6b42724649248703_r0c2.jpg,FP,8,-1,0.0,0,82725,0.0,953.3910208371689
TOSTADA-D_004_jpg.rf.3e98f483ac7b358f6b42724649248703_r0c2.jpg,FN,-1,1,0.0,8583,0,98.91755976845477,0.0
TOSTADA-D_004_jpg.rf.3e98f483ac7b358f6b42724649248703_r0c2.jpg,FN,-1,2,0.0,8679,0,100.02394282074087,0.0
TOSTADA-D_004_jpg.rf.3e98f483ac7b358f6b42724649248703_r0c2.jpg,FN,-1,5,0.0,9284,0,106.9964610148356,0.0
TOSTADA-D_004_jpg.rf.3e98f483ac7b358f6b42724649248703_r0c2.jpg,FN,-1,6,0.0,809,0,9.323582180202715,0.0
TOSTADA-D_004_jpg.rf.3e98f483ac7b358f6b42724649248703_r0c2.jpg,FN,-1,7,0.0,2867,0,33.04166886358614,0.0
TOSTADA-D_004_jpg.rf.3e98f483ac7b358f6b42724649248703_r0c2.jpg,FN,-1,8,0.0,779,0,8.977837476363307,0.0
TOSTADA-D_004_jpg.rf.3e98f483ac7b358f6b42724649248703_r0c2.jpg,FN,-1,9,0.0,3851,0,44.38209514951873,0.0
TOSTADA-D_004_jpg.rf.3e98f483ac7b358f6b42724649248703_r0c2.jpg,FN,-1,10,0.0,1643,0,18.93528494693827,0.0
TOSTADA-D_004_jpg.rf.3e98f483ac7b358f6b42724649248703_r1c0.jpg,TP,18,10,0.912359753075294,21104,21337,243.21987432756254,245.90515819404862
TOSTADA-D_004_jpg.rf.3e98f483ac7b358f6b42724649248703_r1c0.jpg,TP,5,15,0.9033070866141732,5758,6328,66.3599334902438,72.92908286319256
TOSTADA-D_004_jpg.rf.3e98f483ac7b358f6b42724649248703_r1c0.jpg,TP,2,16,0.8993996192707571,6668,6303,76.84752284003919,72.64096227665972
TOSTADA-D_004_jpg.rf.3e98f483ac7b358f6b42724649248703_r1c0.jpg,TP,10,7,0.8885834154403586,58978,59863,679.7110381013545,689.910506864617
TOSTADA-D_004_jpg.rf.3e98f483ac7b358f6b42724649248703_r1c0.jpg,TP,17,13,0.8743001119820829,3258,3437,37.54787483695976,39.6108182365349
TOSTADA-D_004_jpg.rf.3e98f483ac7b358f6b42724649248703_r1c0.jpg,TP,0,0,0.8513232699470692,22963,24255,264.6445211421446,279.53459305416175
TOSTADA-D_004_jpg.rf.3e98f483ac7b358f6b42724649248703_r1c0.jpg,TP,11,11,0.8272442588726514,14537,16972,167.53635865711604,195.5993037854147
TOSTADA-D_004_jpg.rf.3e98f483ac7b358f6b42724649248703_r1c0.jpg,TP,1,5,0.8172866912528196,23624,27131,272.2624294500729,312.6799853288997
TOSTADA-D_004_jpg.rf.3e98f483ac7b358f6b42724649248703_r1c0.jpg,TP,12,14,0.8103121163647186,22252,26411,256.4503716611506,304.3821124367539
TOSTADA-D_004_jpg.rf.3e98f483ac7b358f6b42724649248703_r1c0.jpg,TP,6,2,0.7128078192434628,11329,15658,130.56472499322194,180.4556857572486
TOSTADA-D_004_jpg.rf.3e98f483ac7b358f6b42724649248703_r1c0.jpg,TP,3,8,0.6395355690457948,61565,77525,709.5257563957728,893.461938838338
TOSTADA-D_004_jpg.rf.3e98f483ac7b358f6b42724649248703_r1c0.jpg,TP,9,12,0.6263219741480611,1066,1702,12.285461809760314,19.615249531155776
TOSTADA-D_004_jpg.rf.3e98f483ac7b358f6b42724649248703_r1c0.jpg,FP,4,-1,0.0,0,52026,0.0,599.5904653983022
TOSTADA-D_004_jpg.rf.3e98f483ac7b358f6b42724649248703_r1c0.jpg,FP,7,-1,0.0,0,96440,0.0,1111.4539746090852
TOSTADA-D_004_jpg.rf.3e98f483ac7b358f6b42724649248703_r1c0.jpg,FP,8,-1,0.0,0,4691,0.0,54.06294685702217
TOSTADA-D_004_jpg.rf.3e98f483ac7b358f6b42724649248703_r1c0.jpg,FP,13,-1,0.0,0,14018,0.0,161.55497528069426
TOSTADA-D_004_jpg.rf.3e98f483ac7b358f6b42724649248703_r1c0.jpg,FP,14,-1,0.0,0,6765,0.0,77.96543071578661
TOSTADA-D_004_jpg.rf.3e98f483ac7b358f6b42724649248703_r1c0.jpg,FP,15,-1,0.0,0,100052,0.0,1153.08163695135
TOSTADA-D_004_jpg.rf.3e98f483ac7b358f6b42724649248703_r1c0.jpg,FP,16,-1,0.0,0,2205,0.0,25.41223573219652
TOSTADA-D_004_jpg.rf.3e98f483ac7b358f6b42724649248703_r1c0.jpg,FP,19,-1,0.0,0,107533,0.0,1239.298841265437
TOSTADA-D_004_jpg.rf.3e98f483ac7b358f6b42724649248703_r1c0.jpg,FN,-1,1,0.0,9631,0,110.99557475591143,0.0
TOSTADA-D_004_jpg.rf.3e98f483ac7b358f6b42724649248703_r1c0.jpg,FN,-1,3,0.0,28179,0,324.7580003163564,0.0
TOSTADA-D_004_jpg.rf.3e98f483ac7b358f6b42724649248703_r1c0.jpg,FN,-1,4,0.0,774,0,8.920213359056739,0.0
TOSTADA-D_004_jpg.rf.3e98f483ac7b358f6b42724649248703_r1c0.jpg,FN,-1,6,0.0,93437,0,1076.8449297547604,0.0
TOSTADA-D_004_jpg.rf.3e98f483ac7b358f6b42724649248703_r1c0.jpg,FN,-1,9,0.0,47624,0,548.8581925215997,0.0
TOSTADA-D_004_jpg.rf.3e98f483ac7b358f6b42724649248703_r1c1.jpg,TP,0,0,0.9380120575050239,24492,25656,282.2659762144931,295.68087072346214
TOSTADA-D_004_jpg.rf.3e98f483ac7b358f6b42724649248703_r1c1.jpg,TP,12,3,0.8586709148839327,3825,4342,44.08244973952458,50.04078346902372
TOSTADA-D_004_jpg.rf.3e98f483ac7b358f6b42724649248703_r1c1.jpg,TP,10,1,0.8537981269510926,3763,3363,43.36791068492314,38.75798130039769
TOSTADA-D_004_jpg.rf.3e98f483ac7b358f6b42724649248703_r1c1.jpg,TP,1,11,0.8447638448770183,26117,22784,300.9938143391277,262.58157774256944
TOSTADA-D_004_jpg.rf.3e98f483ac7b358f6b42724649248703_r1c1.jpg,TP,11,17,0.8321299638989169,5110,6055,58.89184788731258,69.78280605825394
TOSTADA-D_004_jpg.rf.3e98f483ac7b358f6b42724649248703_r1c1.jpg,TP,6,5,0.8027855153203343,3058,3414,35.242910144697035,39.345747296924685
TOSTADA-D_004_jpg.rf.3e98f483ac7b358f6b42724649248703_r1c1.jpg,TP,7,8,0.7998318330200811,39286,33492,452.7642145011667,385.9893873663156
TOSTADA-D_004_jpg.rf.3e98f483ac7b358f6b42724649248703_r1c1.jpg,TP,18,19,0.7951695308871343,7321,8139,84.37323256027697,93.80053815163151
TOSTADA-D_004_jpg.rf.3e98f483ac7b358f6b42724649248703_r1c1.jpg,TP,14,16,0.7316428948758584,9738,13208,112.22873086627199,152.21986827703023
TOSTADA-D_004_jpg.rf.3e98f483ac7b358f6b42724649248703_r1c1.jpg,TP,2,10,0.7306825616050011,25559,22059,294.5629628477147,254.22608073311704
TOSTADA-D_004_jpg.rf.3e98f483ac7b358f6b42724649248703_r1c1.jpg,TP,8,9,0.6233410666167125,66168,46487,762.5745187881994,535.754468246086
TOSTADA-D_004_jpg.rf.3e98f483ac7b358f6b42724649248703_r1c1.jpg,TP,5,15,0.5544313185357843,21389,37297,246.50444901403694,429.84134063661395
TOSTADA-D_004_jpg.rf.3e98f483ac7b358f6b42724649248703_r1c1.jpg,TP,13,6,0.5272259013980868,1433,2718,16.515072020062412,31.324470167850407
TOSTADA-D_004_jpg.rf.3e98f483ac7b358f6b42724649248703_r1c1.jpg,FP,3,-1,0.0,0,43429,0.0,500.511558101389
TOSTADA-D_004_jpg.rf.3e98f483ac7b358f6b42724649248703_r1c1.jpg,FP,4,-1,0.0,0,2120,0.0,24.432625737984864
TOSTADA-D_004_jpg.rf.3e98f483ac7b358f6b42724649248703_r1c1.jpg,FP,9,-1,0.0,0,44536,0.0,513.2695376730632
TOSTADA-D_004_jpg.rf.3e98f483ac7b358f6b42724649248703_r1c1.jpg,FP,15,-1,0.0,0,43495,0.0,501.27219644983575
TOSTADA-D_004_jpg.rf.3e98f483ac7b358f6b42724649248703_r1c1.jpg,FP,16,-1,0.0,0,36195,0.0,417.1409851822463
TOSTADA-D_004_jpg.rf.3e98f483ac7b358f6b42724649248703_r1c1.jpg,FP,17,-1,0.0,0,61078,0.0,703.913167370113
TOSTADA-D_004_jpg.rf.3e98f483ac7b358f6b42724649248703_r1c1.jpg,FN,-1,2,0.0,19004,0,219.01774505880397,0.0
TOSTADA-D_004_jpg.rf.3e98f483ac7b358f6b42724649248703_r1c1.jpg,FN,-1,4,0.0,17291,0,199.27572246957374,0.0
TOSTADA-D_004_jpg.rf.3e98f483ac7b358f6b42724649248703_r1c1.jpg,FN,-1,7,0.0,43499,0,501.31829574368095,0.0
TOSTADA-D_004_jpg.rf.3e98f483ac7b358f6b42724649248703_r1c1.jpg,FN,-1,12,0.0,7989,0,92.07181463243448,0.0
TOSTADA-D_004_jpg.rf.3e98f483ac7b358f6b42724649248703_r1c1.jpg,FN,-1,13,0.0,16645,0,191.83068651356513,0.0
TOSTADA-D_004_jpg.rf.3e98f483ac7b358f6b42724649248703_r1c1.jpg,FN,-1,14,0.0,7768,0,89.52482864748417,0.0
TOSTADA-D_004_jpg.rf.3e98f483ac7b358f6b42724649248703_r1c1.jpg,FN,-1,18,0.0,14183,0,163.456571151811,0.0
TOSTADA-D_004_jpg.rf.3e98f483ac7b358f6b42724649248703_r1c2.jpg,TP,0,9,0.9297317028654865,16232,15487,187.0709344240426,178.48494094536397
TOSTADA-D_004_jpg.rf.3e98f483ac7b358f6b42724649248703_r1c2.jpg,TP,8,5,0.8443693347672454,23505,24515,270.8909754581765,282.5310471541033
TOSTADA-D_004_jpg.rf.3e98f483ac7b358f6b42724649248703_r1c2.jpg,TP,3,1,0.8193523403843361,18982,18604,218.76419894265504,214.4078156742785
TOSTADA-D_004_jpg.rf.3e98f483ac7b358f6b42724649248703_r1c2.jpg,TP,5,10,0.7806292045904234,43585,46408,502.30943056135396,534.8440071926423
TOSTADA-D_004_jpg.rf.3e98f483ac7b358f6b42724649248703_r1c2.jpg,TP,4,11,0.779899954524784,15814,15498,182.2535582172135,178.6117140034384
TOSTADA-D_004_jpg.rf.3e98f483ac7b358f6b42724649248703_r1c2.jpg,TP,2,0,0.6450777202072538,4767,6028,54.93883344008201,69.47163582479848
TOSTADA-D_004_jpg.rf.3e98f483ac7b358f6b42724649248703_r1c2.jpg,TP,7,13,0.621209093180115,25677,39220,295.9228920161497,452.00357615272003
TOSTADA-D_004_jpg.rf.3e98f483ac7b358f6b42724649248703_r1c2.jpg,FP,1,-1,0.0,0,58404,0.0,673.0957894345604
TOSTADA-D_004_jpg.rf.3e98f483ac7b358f6b42724649248703_r1c2.jpg,FP,6,-1,0.0,0,100892,0.0,1162.7624886588533
TOSTADA-D_004_jpg.rf.3e98f483ac7b358f6b42724649248703_r1c2.jpg,FP,9,-1,0.0,0,50849,0.0,586.0257481843361
TOSTADA-D_004_jpg.rf.3e98f483ac7b358f6b42724649248703_r1c2.jpg,FP,10,-1,0.0,0,3831,0.0,44.15159868029246
TOSTADA-D_004_jpg.rf.3e98f483ac7b358f6b42724649248703_r1c2.jpg,FP,11,-1,0.0,0,50668,0.0,583.9397551378382
TOSTADA-D_004_jpg.rf.3e98f483ac7b358f6b42724649248703_r1c2.jpg,FN,-1,2,0.0,26843,0,309.3608361720414,0.0
TOSTADA-D_004_jpg.rf.3e98f483ac7b358f6b42724649248703_r1c2.jpg,FN,-1,3,0.0,8306,0,95.7251836696709,0.0
TOSTADA-D_004_jpg.rf.3e98f483ac7b358f6b42724649248703_r1c2.jpg,FN,-1,4,0.0,3559,0,41.01684669881516,0.0
TOSTADA-D_004_jpg.rf.3e98f483ac7b358f6b42724649248703_r1c2.jpg,FN,-1,6,0.0,12431,0,143.26508044758955,0.0
TOSTADA-D_004_jpg.rf.3e98f483ac7b358f6b42724649248703_r1c2.jpg,FN,-1,7,0.0,1801,0,20.756207053825822,0.0
TOSTADA-D_004_jpg.rf.3e98f483ac7b358f6b42724649248703_r1c2.jpg,FN,-1,8,0.0,8298,0,95.63298508198038,0.0
TOSTADA-D_004_jpg.rf.3e98f483ac7b358f6b42724649248703_r1c2.jpg,FN,-1,12,0.0,34258,0,394.8174021376818,0.0
TOSTADA-D_004_jpg.rf.3e98f483ac7b358f6b42724649248703_r2c0.jpg,TP,1,6,0.9330634278002699,17976,17834,207.17022654057357,205.53370160906704
TOSTADA-D_004_jpg.rf.3e98f483ac7b358f6b42724649248703_r2c0.jpg,TP,0,5,0.9082734437384995,28298,26666,326.1294543082527,307.32094241938887
TOSTADA-D_004_jpg.rf.3e98f483ac7b358f6b42724649248703_r2c0.jpg,TP,2,1,0.8802068008910933,88322,90606,1017.8954577501412,1044.2181545357814
TOSTADA-D_004_jpg.rf.3e98f483ac7b358f6b42724649248703_r2c0.jpg,TP,8,4,0.8733596328798003,12123,11146,139.71543482150497,128.45568229980157
TOSTADA-D_004_jpg.rf.3e98f483ac7b358f6b42724649248703_r2c0.jpg,TP,4,2,0.8234451564266868,10923,13265,125.88564666792863,152.87678321432512
TOSTADA-D_004_jpg.rf.3e98f483ac7b358f6b42724649248703_r2c0.jpg,TP,3,7,0.7341787586879649,18895,23771,217.76153930152077,273.95657849888596
TOSTADA-D_004_jpg.rf.3e98f483ac7b358f6b42724649248703_r2c0.jpg,TP,5,3,0.6392240517298847,9629,14961,110.9725251089888,172.422883804713
TOSTADA-D_004_jpg.rf.3e98f483ac7b358f6b42724649248703_r2c0.jpg,FP,6,-1,0.0,0,98168,0.0,1131.368869550235
TOSTADA-D_004_jpg.rf.3e98f483ac7b358f6b42724649248703_r2c0.jpg,FP,7,-1,0.0,0,106380,0.0,1226.0107198145424
TOSTADA-D_004_jpg.rf.3e98f483ac7b358f6b42724649248703_r2c0.jpg,FP,9,-1,0.0,0,935,0.0,10.77570993632823
TOSTADA-D_004_jpg.rf.3e98f483ac7b358f6b42724649248703_r2c0.jpg,FP,10,-1,0.0,0,2483,0.0,28.616136654441707
TOSTADA-D_004_jpg.rf.3e98f483ac7b358f6b42724649248703_r2c0.jpg,FN,-1,0,0.0,15900,0,183.2446930348865,0.0
TOSTADA-D_004_jpg.rf.3e98f483ac7b358f6b42724649248703_r2c0.jpg,FN,-1,8,0.0,4375,0,50.42110264324707,0.0
TOSTADA-D_004_jpg.rf.3e98f483ac7b358f6b42724649248703_r2c1.jpg,TP,0,20,0.9101760880915089,39791,40700,458.58425034913006,469.06031487546414
TOSTADA-D_004_jpg.rf.3e98f483ac7b358f6b42724649248703_r2c1.jpg,TP,10,14,0.8798980567059573,9343,8360,107.67642559905312,96.34752413658182
TOSTADA-D_004_jpg.rf.3e98f483ac7b358f6b42724649248703_r2c1.jpg,TP,13,18,0.8719211822660099,6152,6768,70.90071393400136,78.00000518617055
TOSTADA-D_004_jpg.rf.3e98f483ac7b358f6b42724649248703_r2c1.jpg,TP,14,9,0.8709150326797386,1129,1161,13.011525687823072,13.380320038585108
TOSTADA-D_004_jpg.rf.3e98f483ac7b358f6b42724649248703_r2c1.jpg,TP,9,11,0.8626939248948818,12069,13625,139.09309435459403,157.025719660398
TOSTADA-D_004_jpg.rf.3e98f483ac7b358f6b42724649248703_r2c1.jpg,TP,2,1,0.849537188997571,29495,26853,339.9246679914451,309.47608440665454
TOSTADA-D_004_jpg.rf.3e98f483ac7b358f6b42724649248703_r2c1.jpg,TP,6,16,0.846530612244898,5223,6087,60.194152938441015,70.15160040901598
TOSTADA-D_004_jpg.rf.3e98f483ac7b358f6b42724649248703_r2c1.jpg,TP,8,5,0.8030978466188138,33361,38231,384.4796354928835,440.6055257494808
TOSTADA-D_004_jpg.rf.3e98f483ac7b358f6b42724649248703_r2c1.jpg,TP,17,12,0.7866056572379367,7594,9586,87.5195093652156,110.47695770015233
TOSTADA-D_004_jpg.rf.3e98f483ac7b358f6b42724649248703_r2c1.jpg,TP,20,0,0.764855687606112,2703,3534,31.151597815930703,40.72872611228232
TOSTADA-D_004_jpg.rf.3e98f483ac7b358f6b42724649248703_r2c1.jpg,TP,1,2,0.7023085994194485,32521,42544,374.7987837853801,490.3120893381265
TOSTADA-D_004_jpg.rf.3e98f483ac7b358f6b42724649248703_r2c1.jpg,TP,19,4,0.6828092394041879,9542,13844,109.96986546785452,159.5496559984257
TOSTADA-D_004_jpg.rf.3e98f483ac7b358f6b42724649248703_r2c1.jpg,TP,4,13,0.6442020516815998,29883,20765,344.3962994944348,239.31295917417722
TOSTADA-D_004_jpg.rf.3e98f483ac7b358f6b42724649248703_r2c1.jpg,FP,3,-1,0.0,0,45739,0.0,527.1339002970235
TOSTADA-D_004_jpg.rf.3e98f483ac7b358f6b42724649248703_r2c1.jpg,FP,5,-1,0.0,0,7828,0.0,90.21631805516299
TOSTADA-D_004_jpg.rf.3e98f483ac7b358f6b42724649248703_r2c1.jpg,FP,7,-1,0.0,0,21793,0.0,251.16047769240762
TOSTADA-D_004_jpg.rf.3e98f483ac7b358f6b42724649248703_r2c1.jpg,FP,11,-1,0.0,0,44430,0.0,512.047906386164
TOSTADA-D_004_jpg.rf.3e98f483ac7b358f6b42724649248703_r2c1.jpg,FP,12,-1,0.0,0,19673,0.0,226.72785195442276
TOSTADA-D_004_jpg.rf.3e98f483ac7b358f6b42724649248703_r2c1.jpg,FP,15,-1,0.0,0,12069,0.0,139.09309435459403
TOSTADA-D_004_jpg.rf.3e98f483ac7b358f6b42724649248703_r2c1.jpg,FP,16,-1,0.0,0,673,0.0,7.756206189464064
TOSTADA-D_004_jpg.rf.3e98f483ac7b358f6b42724649248703_r2c1.jpg,FP,18,-1,0.0,0,38817,0.0,447.3590722978106
TOSTADA-D_004_jpg.rf.3e98f483ac7b358f6b42724649248703_r2c1.jpg,FP,21,-1,0.0,0,28699,0.0,330.75090851623946
TOSTADA-D_004_jpg.rf.3e98f483ac7b358f6b42724649248703_r2c1.jpg,FN,-1,3,0.0,10651,0,122.75089468645132,0.0
TOSTADA-D_004_jpg.rf.3e98f483ac7b358f6b42724649248703_r2c1.jpg,FN,-1,6,0.0,9399,0,108.32181571288667,0.0
TOSTADA-D_004_jpg.rf.3e98f483ac7b358f6b42724649248703_r2c1.jpg,FN,-1,7,0.0,4195,0,48.34663442021062,0.0
TOSTADA-D_004_jpg.rf.3e98f483ac7b358f6b42724649248703_r2c1.jpg,FN,-1,8,0.0,1722,0,19.845746000382047,0.0
TOSTADA-D_004_jpg.rf.3e98f483ac7b358f6b42724649248703_r2c1.jpg,FN,-1,10,0.0,19277,0,222.16402186374256,0.0
TOSTADA-D_004_jpg.rf.3e98f483ac7b358f6b42724649248703_r2c1.jpg,FN,-1,15,0.0,7004,0,80.71986352304056,0.0
TOSTADA-D_004_jpg.rf.3e98f483ac7b358f6b42724649248703_r2c1.jpg,FN,-1,17,0.0,5316,0,61.26596152034318,0.0
TOSTADA-D_004_jpg.rf.3e98f483ac7b358f6b42724649248703_r2c1.jpg,FN,-1,19,0.0,5430,0,62.57979139493293,0.0
TOSTADA-D_004_jpg.rf.3e98f483ac7b358f6b42724649248703_r2c2.jpg,TP,5,4,0.8584692298535889,15334,15892,176.72164295578298,183.15249444719598
TOSTADA-D_004_jpg.rf.3e98f483ac7b358f6b42724649248703_r2c2.jpg,TP,6,9,0.8296418473138548,3539,4226,40.786350229588884,48.70390394751134
TOSTADA-D_004_jpg.rf.3e98f483ac7b358f6b42724649248703_r2c2.jpg,TP,0,12,0.8182438580527752,33357,38580,384.43353619903826,444.6276891374793
TOSTADA-D_004_jpg.rf.3e98f483ac7b358f6b42724649248703_r2c2.jpg,TP,2,1,0.7923318324464457,6158,6978,70.96986287476925,80.42021811304642
TOSTADA-D_004_jpg.rf.3e98f483ac7b358f6b42724649248703_r2c2.jpg,TP,1,3,0.7564970970417473,37444,38795,431.535489685427,447.10552618166173
TOSTADA-D_004_jpg.rf.3e98f483ac7b358f6b42724649248703_r2c2.jpg,TP,10,5,0.721695703989558,13630,16708,157.08334377770458,192.5567503916279
TOSTADA-D_004_jpg.rf.3e98f483ac7b358f6b42724649248703_r2c2.jpg,TP,7,8,0.6792538523925385,21005,30758,242.0789168048925,354.4805200230842
TOSTADA-D_004_jpg.rf.3e98f483ac7b358f6b42724649248703_r2c2.jpg,FP,3,-1,0.0,0,16839,0.0,194.06650226505997
TOSTADA-D_004_jpg.rf.3e98f483ac7b358f6b42724649248703_r2c2.jpg,FP,4,-1,0.0,0,38181,0.0,440.02928457641514
TOSTADA-D_004_jpg.rf.3e98f483ac7b358f6b42724649248703_r2c2.jpg,FP,8,-1,0.0,0,40402,0.0,465.6259174839927
TOSTADA-D_004_jpg.rf.3e98f483ac7b358f6b42724649248703_r2c2.jpg,FP,9,-1,0.0,0,23337,0.0,268.95480511667586
TOSTADA-D_004_jpg.rf.3e98f483ac7b358f6b42724649248703_r2c2.jpg,FN,-1,0,0.0,16692,0,192.37235321624686,0.0
TOSTADA-D_004_jpg.rf.3e98f483ac7b358f6b42724649248703_r2c2.jpg,FN,-1,2,0.0,12224,0,140.87944199109765,0.0
TOSTADA-D_004_jpg.rf.3e98f483ac7b358f6b42724649248703_r2c2.jpg,FN,-1,6,0.0,8440,0,97.26951001348692,0.0
TOSTADA-D_004_jpg.rf.3e98f483ac7b358f6b42724649248703_r2c2.jpg,FN,-1,7,0.0,7956,0,91.69149545821112,0.0
TOSTADA-D_004_jpg.rf.3e98f483ac7b358f6b42724649248703_r2c2.jpg,FN,-1,10,0.0,1238,0,14.267731445106257,0.0
TOSTADA-D_004_jpg.rf.3e98f483ac7b358f6b42724649248703_r2c2.jpg,FN,-1,11,0.0,7366,0,84.8918496160361,0.0
TOSTADA-D_005_jpg.rf.9eda8c127b0d32eddbe6f3379d28ec98_r0c0.jpg,TP,1,0,0.818270631283527,48398,53967,557.7784058806564,621.9601477367119
TOSTADA-D_005_jpg.rf.9eda8c127b0d32eddbe6f3379d28ec98_r0c0.jpg,FP,0,-1,0.0,0,7016,0.0,80.85816140457632
TOSTADA-D_005_jpg.rf.9eda8c127b0d32eddbe6f3379d28ec98_r0c0.jpg,FN,-1,1,0.0,2697,0,31.08244887516282,0.0
TOSTADA-D_005_jpg.rf.9eda8c127b0d32eddbe6f3379d28ec98_r0c0.jpg,FN,-1,2,0.0,4756,0,54.81206038200756,0.0
TOSTADA-D_005_jpg.rf.9eda8c127b0d32eddbe6f3379d28ec98_r0c0.jpg,FN,-1,3,0.0,3501,0,40.34840693805897,0.0
TOSTADA-D_005_jpg.rf.9eda8c127b0d32eddbe6f3379d28ec98_r0c0.jpg,FN,-1,4,0.0,1751,0,20.17996588076014,0.0
TOSTADA-D_005_jpg.rf.9eda8c127b0d32eddbe6f3379d28ec98_r0c1.jpg,TP,8,14,0.8583502068844089,9944,11165,114.60284449930259,128.67465394556652
TOSTADA-D_005_jpg.rf.9eda8c127b0d32eddbe6f3379d28ec98_r0c1.jpg,TP,16,19,0.8488708743485813,3123,3263,35.992023669682425,37.60549895426633
TOSTADA-D_005_jpg.rf.9eda8c127b0d32eddbe6f3379d28ec98_r0c1.jpg,TP,10,11,0.8482069756017685,5997,5290,69.11436629749775,60.96631611034903
TOSTADA-D_005_jpg.rf.9eda8c127b0d32eddbe6f3379d28ec98_r0c1.jpg,TP,9,5,0.8425814234016887,4593,4572,52.933514157813434,52.69149286512585
TOSTADA-D_005_jpg.rf.9eda8c127b0d32eddbe6f3379d28ec98_r0c1.jpg,TP,15,15,0.8033188248095756,6176,7082,71.17730969707289,81.61879975302303
TOSTADA-D_005_jpg.rf.9eda8c127b0d32eddbe6f3379d28ec98_r0c1.jpg,TP,5,1,0.7737952323786658,4993,5350,57.543443542338885,61.65780551802784
TOSTADA-D_005_jpg.rf.9eda8c127b0d32eddbe6f3379d28ec98_r0c1.jpg,TP,0,3,0.7426990208599404,8729,11739,100.60018399380655,135.28990261236055
TOSTADA-D_005_jpg.rf.9eda8c127b0d32eddbe6f3379d28ec98_r0c1.jpg,TP,11,12,0.7324066029539531,908,1086,10.464539702872763,12.515958278986586
TOSTADA-D_005_jpg.rf.9eda8c127b0d32eddbe6f3379d28ec98_r0c1.jpg,TP,7,13,0.7199730094466936,1098,1451,12.65425616052235,16.722518842366057
TOSTADA-D_005_jpg.rf.9eda8c127b0d32eddbe6f3379d28ec98_r0c1.jpg,TP,6,8,0.7106069895769467,2322,3258,26.760640077170216,37.54787483695976
TOSTADA-D_005_jpg.rf.9eda8c127b0d32eddbe6f3379d28ec98_r0c1.jpg,TP,1,10,0.6703761755485893,4277,6380,49.29166994403833,73.52837368318087
TOSTADA-D_005_jpg.rf.9eda8c127b0d32eddbe6f3379d28ec98_r0c1.jpg,TP,3,9,0.6344772545889864,2428,3716,27.982271364069458,42.826243982241394
TOSTADA-D_005_jpg.rf.9eda8c127b0d32eddbe6f3379d28ec98_r0c1.jpg,TP,4,7,0.577618069815195,2813,4870,32.4193283966752,56.12589025659731
TOSTADA-D_005_jpg.rf.9eda8c127b0d32eddbe6f3379d28ec98_r0c1.jpg,TP,18,17,0.5551338393927288,16764,29946,193.20214050546144,345.12236337249755
TOSTADA-D_005_jpg.rf.9eda8c127b0d32eddbe6f3379d28ec98_r0c1.jpg,TP,13,4,0.5060312897340925,67880,68333,782.3050165539682,787.5257615819434
TOSTADA-D_005_jpg.rf.9eda8c127b0d32eddbe6f3379d28ec98_r0c1.jpg,FP,2,-1,0.0,0,8692,0.0,100.17376552573795
TOSTADA-D_005_jpg.rf.9eda8c127b0d32eddbe6f3379d28ec98_r0c1.jpg,FP,12,-1,0.0,0,16167,0.0,186.32182089905723
TOSTADA-D_005_jpg.rf.9eda8c127b0d32eddbe6f3379d28ec98_r0c1.jpg,FP,14,-1,0.0,0,8402,0.0,96.831566721957
TOSTADA-D_005_jpg.rf.9eda8c127b0d32eddbe6f3379d28ec98_r0c1.jpg,FP,17,-1,0.0,0,2151,0.0,24.789895265285587
TOSTADA-D_005_jpg.rf.9eda8c127b0d32eddbe6f3379d28ec98_r0c1.jpg,FN,-1,0,0.0,48871,0,563.2296473778578,0.0
TOSTADA-D_005_jpg.rf.9eda8c127b0d32eddbe6f3379d28ec98_r0c1.jpg,FN,-1,2,0.0,5030,0,57.96986201040749,0.0
TOSTADA-D_005_jpg.rf.9eda8c127b0d32eddbe6f3379d28ec98_r0c1.jpg,FN,-1,6,0.0,10080,0,116.17022049004125,0.0
TOSTADA-D_005_jpg.rf.9eda8c127b0d32eddbe6f3379d28ec98_r0c1.jpg,FN,-1,16,0.0,2478,0,28.55851253713514,0.0
TOSTADA-D_005_jpg.rf.9eda8c127b0d32eddbe6f3379d28ec98_r0c1.jpg,FN,-1,18,0.0,2849,0,32.834222041282494,0.0
TOSTADA-D_005_jpg.rf.9eda8c127b0d32eddbe6f3379d28ec98_r0c1.jpg,FN,-1,20,0.0,2284,0,26.3226967856403,0.0
TOSTADA-D_005_jpg.rf.9eda8c127b0d32eddbe6f3379d28ec98_r0c1.jpg,FN,-1,21,0.0,5816,0,67.02837325099999,0.0
TOSTADA-D_005_jpg.rf.9eda8c127b0d32eddbe6f3379d28ec98_r0c1.jpg,FN,-1,22,0.0,8852,0,102.01773727954813,0.0
TOSTADA-D_005_jpg.rf.9eda8c127b0d32eddbe6f3379d28ec98_r0c1.jpg,FN,-1,23,0.0,2963,0,34.148051915872244,0.0
TOSTADA-D_005_jpg.rf.9eda8c127b0d32eddbe6f3379d28ec98_r0c2.jpg,TP,1,14,0.8200334821428571,2968,3555,34.20567603317881,40.970747404969906
TOSTADA-D_005_jpg.rf.9eda8c127b0d32eddbe6f3379d28ec98_r0c2.jpg,TP,9,7,0.8015156983038614,2415,2577,27.832448659072384,29.699470059805186
TOSTADA-D_005_jpg.rf.9eda8c127b0d32eddbe6f3379d28ec98_r0c2.jpg,TP,13,25,0.7943408360128618,6645,7306,76.58245190042898,84.20036020835728
TOSTADA-D_005_jpg.rf.9eda8c127b0d32eddbe6f3379d28ec98_r0c2.jpg,TP,18,5,0.7891034482758621,5838,7133,67.28191936714889,82.20656574955002
TOSTADA-D_005_jpg.rf.9eda8c127b0d32eddbe6f3379d28ec98_r0c2.jpg,TP,3,24,0.7794106731982483,11845,12129,136.51153389925977,139.78458376227286
TOSTADA-D_005_jpg.rf.9eda8c127b0d32eddbe6f3379d28ec98_r0c2.jpg,TP,4,18,0.7722400565863213,14511,18061,167.23671324712188,208.1498365347852
TOSTADA-D_005_jpg.rf.9eda8c127b0d32eddbe6f3379d28ec98_r0c2.jpg,TP,7,17,0.7626886145404664,1734,2121,19.98404388191781,24.44415056144618
TOSTADA-D_005_jpg.rf.9eda8c127b0d32eddbe6f3379d28ec98_r0c2.jpg,TP,5,13,0.7456742653117275,5432,7280,62.60284104185556,83.90071479836313
TOSTADA-D_005_jpg.rf.9eda8c127b0d32eddbe6f3379d28ec98_r0c2.jpg,TP,0,1,0.6989022477783586,2755,3745,31.75088863591901,43.160463862619494
TOSTADA-D_005_jpg.rf.9eda8c127b0d32eddbe6f3379d28ec98_r0c2.jpg,TP,15,22,0.6563208130192955,13209,10912,152.23139310049154,125.75887360985418
TOSTADA-D_005_jpg.rf.9eda8c127b0d32eddbe6f3379d28ec98_r0c2.jpg,TP,19,8,0.6515920627595755,1487,2092,17.137412486973346,24.109930681068086
TOSTADA-D_005_jpg.rf.9eda8c127b0d32eddbe6f3379d28ec98_r0c2.jpg,TP,8,23,0.6195100089632507,4526,6315,52.16135098590542,72.77926015819548
TOSTADA-D_005_jpg.rf.9eda8c127b0d32eddbe6f3379d28ec98_r0c2.jpg,TP,2,20,0.6172364233651576,12046,19461,138.82802341498382,224.28458938062428
TOSTADA-D_005_jpg.rf.9eda8c127b0d32eddbe6f3379d28ec98_r0c2.jpg,FP,6,-1,0.0,0,8972,0.0,103.40071609490576
TOSTADA-D_005_jpg.rf.9eda8c127b0d32eddbe6f3379d28ec98_r0c2.jpg,FP,10,-1,0.0,0,2838,0.0,32.70744898320804
TOSTADA-D_005_jpg.rf.9eda8c127b0d32eddbe6f3379d28ec98_r0c2.jpg,FP,11,-1,0.0,0,2053,0.0,23.660462566076852
TOSTADA-D_005_jpg.rf.9eda8c127b0d32eddbe6f3379d28ec98_r0c2.jpg,FP,12,-1,0.0,0,18716,0.0,215.69859590194562
TOSTADA-D_005_jpg.rf.9eda8c127b0d32eddbe6f3379d28ec98_r0c2.jpg,FP,14,-1,0.0,0,2605,0.0,30.02216511672197
TOSTADA-D_005_jpg.rf.9eda8c127b0d32eddbe6f3379d28ec98_r0c2.jpg,FP,16,-1,0.0,0,5849,0.0,67.40869242522334
TOSTADA-D_005_jpg.rf.9eda8c127b0d32eddbe6f3379d28ec98_r0c2.jpg,FP,17,-1,0.0,0,1315,0.0,15.155142851627405
TOSTADA-D_005_jpg.rf.9eda8c127b0d32eddbe6f3379d28ec98_r0c2.jpg,FP,20,-1,0.0,0,4220,0.0,48.63475500674346
TOSTADA-D_005_jpg.rf.9eda8c127b0d32eddbe6f3379d28ec98_r0c2.jpg,FN,-1,0,0.0,28440,0,327.76597923975925,0.0
TOSTADA-D_005_jpg.rf.9eda8c127b0d32eddbe6f3379d28ec98_r0c2.jpg,FN,-1,2,0.0,1136,0,13.092199452052267,0.0
TOSTADA-D_005_jpg.rf.9eda8c127b0d32eddbe6f3379d28ec98_r0c2.jpg,FN,-1,3,0.0,1183,0,13.633866154734008,0.0
TOSTADA-D_005_jpg.rf.9eda8c127b0d32eddbe6f3379d28ec98_r0c2.jpg,FN,-1,4,0.0,3479,0,40.09486082191007,0.0
TOSTADA-D_005_jpg.rf.9eda8c127b0d32eddbe6f3379d28ec98_r0c2.jpg,FN,-1,6,0.0,794,0,9.150709828283011,0.0
TOSTADA-D_005_jpg.rf.9eda8c127b0d32eddbe6f3379d28ec98_r0c2.jpg,FN,-1,9,0.0,1366,0,15.7429088481544,0.0
TOSTADA-D_005_jpg.rf.9eda8c127b0d32eddbe6f3379d28ec98_r0c2.jpg,FN,-1,10,0.0,4369,0,50.351953702479186,0.0
TOSTADA-D_005_jpg.rf.9eda8c127b0d32eddbe6f3379d28ec98_r0c2.jpg,FN,-1,11,0.0,12861,0,148.2207545359544,0.0
TOSTADA-D_005_jpg.rf.9eda8c127b0d32eddbe6f3379d28ec98_r0c2.jpg,FN,-1,12,0.0,13599,0,156.72607425040385,0.0
TOSTADA-D_005_jpg.rf.9eda8c127b0d32eddbe6f3379d28ec98_r0c2.jpg,FN,-1,15,0.0,15658,0,180.4556857572486,0.0
TOSTADA-D_005_jpg.rf.9eda8c127b0d32eddbe6f3379d28ec98_r0c2.jpg,FN,-1,16,0.0,1080,0,12.446809338218705,0.0
TOSTADA-D_005_jpg.rf.9eda8c127b0d32eddbe6f3379d28ec98_r0c2.jpg,FN,-1,19,0.0,3406,0,39.253548709234174,0.0
TOSTADA-D_005_jpg.rf.9eda8c127b0d32eddbe6f3379d28ec98_r0c2.jpg,FN,-1,21,0.0,8945,0,103.08954586145029,0.0
TOSTADA-D_005_jpg.rf.9eda8c127b0d32eddbe6f3379d28ec98_r1c0.jpg,TP,6,2,0.8885295498409055,17936,18269,206.709233602121,210.54699981473846
TOSTADA-D_005_jpg.rf.9eda8c127b0d32eddbe6f3379d28ec98_r1c0.jpg,TP,3,6,0.8464954106568124,31193,30768,359.49381822875563,354.59576825769733
TOSTADA-D_005_jpg.rf.9eda8c127b0d32eddbe6f3379d28ec98_r1c0.jpg,TP,8,4,0.7534560102535933,10598,8555,122.1400790430017,98.59486471153798
TOSTADA-D_005_jpg.rf.9eda8c127b0d32eddbe6f3379d28ec98_r1c0.jpg,TP,11,11,0.7458670715249662,10611,10088,122.28990174799878,116.26241907773175
TOSTADA-D_005_jpg.rf.9eda8c127b0d32eddbe6f3379d28ec98_r1c0.jpg,TP,0,5,0.7216003466454828,10218,13621,117.76064612770253,156.97962036655275
TOSTADA-D_005_jpg.rf.9eda8c127b0d32eddbe6f3379d28ec98_r1c0.jpg,TP,7,9,0.5705149076701241,25302,42227,291.6010832181571,486.6587203008901
TOSTADA-D_005_jpg.rf.9eda8c127b0d32eddbe6f3379d28ec98_r1c0.jpg,TP,5,0,0.5687055687203791,67259,38660,775.1481011844925,445.5496750143844
TOSTADA-D_005_jpg.rf.9eda8c127b0d32eddbe6f3379d28ec98_r1c0.jpg,TP,1,1,0.5435557988685944,57877,35167,667.0222074704482,405.2934666640159
TOSTADA-D_005_jpg.rf.9eda8c127b0d32eddbe6f3379d28ec98_r1c0.jpg,FP,2,-1,0.0,0,22928,0.0,264.2411523209986
TOSTADA-D_005_jpg.rf.9eda8c127b0d32eddbe6f3379d28ec98_r1c0.jpg,FP,4,-1,0.0,0,55513,0.0,639.7775248079028
TOSTADA-D_005_jpg.rf.9eda8c127b0d32eddbe6f3379d28ec98_r1c0.jpg,FP,9,-1,0.0,0,15604,0.0,179.83334529033766
TOSTADA-D_005_jpg.rf.9eda8c127b0d32eddbe6f3379d28ec98_r1c0.jpg,FP,10,-1,0.0,0,1657,0.0,19.09663247539666
TOSTADA-D_005_jpg.rf.9eda8c127b0d32eddbe6f3379d28ec98_r1c0.jpg,FN,-1,3,0.0,11245,0,129.59663982247162,0.0
TOSTADA-D_005_jpg.rf.9eda8c127b0d32eddbe6f3379d28ec98_r1c0.jpg,FN,-1,7,0.0,4860,0,56.010642021984175,0.0
TOSTADA-D_005_jpg.rf.9eda8c127b0d32eddbe6f3379d28ec98_r1c0.jpg,FN,-1,8,0.0,4133,0,47.632095365609175,0.0
TOSTADA-D_005_jpg.rf.9eda8c127b0d32eddbe6f3379d28ec98_r1c0.jpg,FN,-1,10,0.0,6109,0,70.40514652516488,0.0
TOSTADA-D_005_jpg.rf.9eda8c127b0d32eddbe6f3379d28ec98_r1c0.jpg,FN,-1,12,0.0,42770,0,492.91669944038335,0.0
TOSTADA-D_005_jpg.rf.9eda8c127b0d32eddbe6f3379d28ec98_r1c0.jpg,FN,-1,13,0.0,12884,0,148.48582547556464,0.0
TOSTADA-D_005_jpg.rf.9eda8c127b0d32eddbe6f3379d28ec98_r1c0.jpg,FN,-1,14,0.0,12146,0,139.98050576111518,0.0
TOSTADA-D_005_jpg.rf.9eda8c127b0d32eddbe6f3379d28ec98_r1c1.jpg,TP,2,11,0.9059610113482081,37067,37336,427.1906312405118,430.29080875160514
TOSTADA-D_005_jpg.rf.9eda8c127b0d32eddbe6f3379d28ec98_r1c1.jpg,TP,7,2,0.8551053307467417,32688,35207,376.7234293034195,405.75445960246844
TOSTADA-D_005_jpg.rf.9eda8c127b0d32eddbe6f3379d28ec98_r1c1.jpg,TP,1,18,0.842391529997924,21215,23159,244.49912973176836,266.90338654056205
TOSTADA-D_005_jpg.rf.9eda8c127b0d32eddbe6f3379d28ec98_r1c1.jpg,TP,12,15,0.8262800417972832,3630,3361,41.83510916456842,38.734931653475066
TOSTADA-D_005_jpg.rf.9eda8c127b0d32eddbe6f3379d28ec98_r1c1.jpg,TP,15,17,0.8248702742772424,4760,5087,54.85815967585281,58.62677694770236
TOSTADA-D_005_jpg.rf.9eda8c127b0d32eddbe6f3379d28ec98_r1c1.jpg,TP,11,10,0.8187982230535422,3551,4228,40.92464811112465,48.726953594433965
TOSTADA-D_005_jpg.rf.9eda8c127b0d32eddbe6f3379d28ec98_r1c1.jpg,TP,10,6,0.7966764418377321,4844,4346,55.82624484660315,50.086882762868974
TOSTADA-D_005_jpg.rf.9eda8c127b0d32eddbe6f3379d28ec98_r1c1.jpg,TP,4,14,0.78427620300602,22894,21861,263.8493083233139,251.94416568777694
TOSTADA-D_005_jpg.rf.9eda8c127b0d32eddbe6f3379d28ec98_r1c1.jpg,TP,3,12,0.7792689891490577,5818,6644,67.05142289792262,76.57092707696766
TOSTADA-D_005_jpg.rf.9eda8c127b0d32eddbe6f3379d28ec98_r1c1.jpg,TP,8,16,0.7641591635201859,3283,2791,37.8359954234926,32.1657822805263
TOSTADA-D_005_jpg.rf.9eda8c127b0d32eddbe6f3379d28ec98_r1c1.jpg,TP,5,8,0.7541936777384214,11795,14453,135.9352927261941,166.56827348636568
TOSTADA-D_005_jpg.rf.9eda8c127b0d32eddbe6f3379d28ec98_r1c1.jpg,TP,13,3,0.7492524562152926,3519,4671,40.555853760362616,53.8324503877959
TOSTADA-D_005_jpg.rf.9eda8c127b0d32eddbe6f3379d28ec98_r1c1.jpg,TP,0,0,0.6995048842499666,26958,36544,310.68619087009245,421.1631485702448
TOSTADA-D_005_jpg.rf.9eda8c127b0d32eddbe6f3379d28ec98_r1c1.jpg,TP,16,19,0.6904822986146741,12041,14317,138.77039929767724,165.00089749562704
TOSTADA-D_005_jpg.rf.9eda8c127b0d32eddbe6f3379d28ec98_r1c1.jpg,TP,6,5,0.6879986419962655,4215,5729,48.57713088943689,66.0257136098657
TOSTADA-D_005_jpg.rf.9eda8c127b0d32eddbe6f3379d28ec98_r1c1.jpg,FP,9,-1,0.0,0,5646,0.0,65.06915326257668
TOSTADA-D_005_jpg.rf.9eda8c127b0d32eddbe6f3379d28ec98_r1c1.jpg,FP,14,-1,0.0,0,27217,0.0,313.67112014657266
TOSTADA-D_005_jpg.rf.9eda8c127b0d32eddbe6f3379d28ec98_r1c1.jpg,FP,17,-1,0.0,0,8218,0.0,94.7109992050753
TOSTADA-D_005_jpg.rf.9eda8c127b0d32eddbe6f3379d28ec98_r1c1.jpg,FN,-1,1,0.0,6951,0,80.10904787959095,0.0
TOSTADA-D_005_jpg.rf.9eda8c127b0d32eddbe6f3379d28ec98_r1c1.jpg,FN,-1,4,0.0,1675,0,19.304079297700305,0.0
TOSTADA-D_005_jpg.rf.9eda8c127b0d32eddbe6f3379d28ec98_r1c1.jpg,FN,-1,7,0.0,1034,0,11.916667458998278,0.0
TOSTADA-D_005_jpg.rf.9eda8c127b0d32eddbe6f3379d28ec98_r1c1.jpg,FN,-1,9,0.0,6801,0,78.3803243603939,0.0
TOSTADA-D_005_jpg.rf.9eda8c127b0d32eddbe6f3379d28ec98_r1c1.jpg,FN,-1,13,0.0,16696,0,192.41845251009212,0.0
TOSTADA-D_005_jpg.rf.9eda8c127b0d32eddbe6f3379d28ec98_r1c2.jpg,TP,12,11,0.8198347107438017,1156,1046,13.32269592127854,12.054965340534043
TOSTADA-D_005_jpg.rf.9eda8c127b0d32eddbe6f3379d28ec98_r1c2.jpg,TP,0,22,0.8001004940959718,10612,10883,122.30142657146008,125.42465372947608
TOSTADA-D_005_jpg.rf.9eda8c127b0d32eddbe6f3379d28ec98_r1c2.jpg,TP,2,18,0.7855833842394624,4042,4727,46.583336430629636,54.47784050162946
TOSTADA-D_005_jpg.rf.9eda8c127b0d32eddbe6f3379d28ec98_r1c2.jpg,TP,1,2,0.7760338062179294,2677,3207,30.85195240593655,36.96010884043277
TOSTADA-D_005_jpg.rf.9eda8c127b0d32eddbe6f3379d28ec98_r1c2.jpg,TP,5,4,0.7620777333817653,2098,2753,24.179079621835967,31.727838988996385
TOSTADA-D_005_jpg.rf.9eda8c127b0d32eddbe6f3379d28ec98_r1c2.jpg,TP,8,9,0.7261953412341643,2247,1977,25.896278317571696,22.784575983017017
TOSTADA-D_005_jpg.rf.9eda8c127b0d32eddbe6f3379d28ec98_r1c2.jpg,TP,3,16,0.7203136669156086,4096,5118,47.20567689754057,58.98404647500308
TOSTADA-D_005_jpg.rf.9eda8c127b0d32eddbe6f3379d28ec98_r1c2.jpg,TP,18,6,0.6540688814385858,2510,2917,28.927306887897174,33.617910036651814
TOSTADA-D_005_jpg.rf.9eda8c127b0d32eddbe6f3379d28ec98_r1c2.jpg,TP,16,17,0.6495422418291352,20122,14652,231.9024976885526,168.8617133551671
TOSTADA-D_005_jpg.rf.9eda8c127b0d32eddbe6f3379d28ec98_r1c2.jpg,TP,10,8,0.5577011494252874,1232,2156,14.198582504338376,24.847519382592157
TOSTADA-D_005_jpg.rf.9eda8c127b0d32eddbe6f3379d28ec98_r1c2.jpg,FP,4,-1,0.0,0,25517,0.0,294.0789202623395
TOSTADA-D_005_jpg.rf.9eda8c127b0d32eddbe6f3379d28ec98_r1c2.jpg,FP,6,-1,0.0,0,9890,0.0,113.98050403239166
TOSTADA-D_005_jpg.rf.9eda8c127b0d32eddbe6f3379d28ec98_r1c2.jpg,FP,7,-1,0.0,0,4681,0.0,53.947698622409035
TOSTADA-D_005_jpg.rf.9eda8c127b0d32eddbe6f3379d28ec98_r1c2.jpg,FP,9,-1,0.0,0,2131,0.0,24.559398796059316
TOSTADA-D_005_jpg.rf.9eda8c127b0d32eddbe6f3379d28ec98_r1c2.jpg,FP,11,-1,0.0,0,2298,0.0,26.48404431409869
TOSTADA-D_005_jpg.rf.9eda8c127b0d32eddbe6f3379d28ec98_r1c2.jpg,FP,13,-1,0.0,0,5486,0.0,63.2251815087665
TOSTADA-D_005_jpg.rf.9eda8c127b0d32eddbe6f3379d28ec98_r1c2.jpg,FP,14,-1,0.0,0,3925,0.0,45.23493208565594
TOSTADA-D_005_jpg.rf.9eda8c127b0d32eddbe6f3379d28ec98_r1c2.jpg,FP,15,-1,0.0,0,6986,0.0,80.51241670073692
TOSTADA-D_005_jpg.rf.9eda8c127b0d32eddbe6f3379d28ec98_r1c2.jpg,FP,17,-1,0.0,0,2142,0.0,24.686171854133764
TOSTADA-D_005_jpg.rf.9eda8c127b0d32eddbe6f3379d28ec98_r1c2.jpg,FN,-1,0,0.0,1878,0,21.64361846034697,0.0
TOSTADA-D_005_jpg.rf.9eda8c127b0d32eddbe6f3379d28ec98_r1c2.jpg,FN,-1,1,0.0,2986,0,34.413122855482456,0.0
TOSTADA-D_005_jpg.rf.9eda8c127b0d32eddbe6f3379d28ec98_r1c2.jpg,FN,-1,3,0.0,851,0,9.807624765577888,0.0
TOSTADA-D_005_jpg.rf.9eda8c127b0d32eddbe6f3379d28ec98_r1c2.jpg,FN,-1,5,0.0,2210,0,25.46985984950309,0.0
TOSTADA-D_005_jpg.rf.9eda8c127b0d32eddbe6f3379d28ec98_r1c2.jpg,FN,-1,7,0.0,2762,0,31.831562400148208,0.0
TOSTADA-D_005_jpg.rf.9eda8c127b0d32eddbe6f3379d28ec98_r1c2.jpg,FN,-1,10,0.0,14464,0,166.69504654444015,0.0
TOSTADA-D_005_jpg.rf.9eda8c127b0d32eddbe6f3379d28ec98_r1c2.jpg,FN,-1,12,0.0,2175,0,25.066491028357113,0.0
TOSTADA-D_005_jpg.rf.9eda8c127b0d32eddbe6f3379d28ec98_r1c2.jpg,FN,-1,13,0.0,732,0,8.436170773681567,0.0
TOSTADA-D_005_jpg.rf.9eda8c127b0d32eddbe6f3379d28ec98_r1c2.jpg,FN,-1,14,0.0,1465,0,16.883866370824446,0.0
TOSTADA-D_005_jpg.rf.9eda8c127b0d32eddbe6f3379d28ec98_r1c2.jpg,FN,-1,15,0.0,18919,0,218.0381350645923,0.0
TOSTADA-D_005_jpg.rf.9eda8c127b0d32eddbe6f3379d28ec98_r1c2.jpg,FN,-1,19,0.0,32431,0,373.76154967386185,0.0
TOSTADA-D_005_jpg.rf.9eda8c127b0d32eddbe6f3379d28ec98_r1c2.jpg,FN,-1,20,0.0,3124,0,36.00354849314373,0.0
TOSTADA-D_005_jpg.rf.9eda8c127b0d32eddbe6f3379d28ec98_r1c2.jpg,FN,-1,21,0.0,1685,0,19.419327532313442,0.0
TOSTADA-D_005_jpg.rf.9eda8c127b0d32eddbe6f3379d28ec98_r1c2.jpg,FN,-1,23,0.0,21022,0,242.27483880373484,0.0
TOSTADA-D_005_jpg.rf.9eda8c127b0d32eddbe6f3379d28ec98_r1c2.jpg,FN,-1,24,0.0,5125,0,59.06472023923228,0.0
TOSTADA-D_005_jpg.rf.9eda8c127b0d32eddbe6f3379d28ec98_r1c2.jpg,FN,-1,25,0.0,14048,0,161.90071998453368,0.0
TOSTADA-D_005_jpg.rf.9eda8c127b0d32eddbe6f3379d28ec98_r2c0.jpg,TP,9,0,0.8891062841983087,27664,29302,318.8227162337799,337.70037706341157
TOSTADA-D_005_jpg.rf.9eda8c127b0d32eddbe6f3379d28ec98_r2c0.jpg,TP,4,12,0.8407879384108536,40606,39853,467.97698147010067,459.2987894037315
TOSTADA-D_005_jpg.rf.9eda8c127b0d32eddbe6f3379d28ec98_r2c0.jpg,TP,0,15,0.8375067750677507,8430,8521,97.15426177887377,98.20302071385332
TOSTADA-D_005_jpg.rf.9eda8c127b0d32eddbe6f3379d28ec98_r2c0.jpg,TP,8,4,0.7983870967741935,5861,4843,67.5469903067591,55.81472002314184
TOSTADA-D_005_jpg.rf.9eda8c127b0d32eddbe6f3379d28ec98_r2c0.jpg,TP,1,3,0.7926300870621583,41880,46658,482.6596065598142,537.7252130579707
TOSTADA-D_005_jpg.rf.9eda8c127b0d32eddbe6f3379d28ec98_r2c0.jpg,TP,3,5,0.7471203071672355,8054,8327,92.82092815741986,95.96720496235848
TOSTADA-D_005_jpg.rf.9eda8c127b0d32eddbe6f3379d28ec98_r2c0.jpg,TP,10,2,0.5194960559273244,14455,26190,166.5913231332883,301.8351264518036
TOSTADA-D_005_jpg.rf.9eda8c127b0d32eddbe6f3379d28ec98_r2c0.jpg,FP,2,-1,0.0,0,39248,0.0,452.3262712096368
TOSTADA-D_005_jpg.rf.9eda8c127b0d32eddbe6f3379d28ec98_r2c0.jpg,FP,5,-1,0.0,0,3683,0.0,42.44592480801805
TOSTADA-D_005_jpg.rf.9eda8c127b0d32eddbe6f3379d28ec98_r2c0.jpg,FP,6,-1,0.0,0,13611,0.0,156.86437213193963
TOSTADA-D_005_jpg.rf.9eda8c127b0d32eddbe6f3379d28ec98_r2c0.jpg,FP,7,-1,0.0,0,6593,0.0,75.98316108044067
TOSTADA-D_005_jpg.rf.9eda8c127b0d32eddbe6f3379d28ec98_r2c0.jpg,FP,11,-1,0.0,0,103881,0.0,1197.2101859847198
TOSTADA-D_005_jpg.rf.9eda8c127b0d32eddbe6f3379d28ec98_r2c0.jpg,FP,12,-1,0.0,0,26590,0.0,306.44505583632906
TOSTADA-D_005_jpg.rf.9eda8c127b0d32eddbe6f3379d28ec98_r2c0.jpg,FP,13,-1,0.0,0,6502,0.0,74.93440214546114
TOSTADA-D_005_jpg.rf.9eda8c127b0d32eddbe6f3379d28ec98_r2c0.jpg,FP,14,-1,0.0,0,69105,0.0,796.4229252940775
TOSTADA-D_005_jpg.rf.9eda8c127b0d32eddbe6f3379d28ec98_r2c0.jpg,FP,15,-1,0.0,0,29056,0.0,334.8652704919284
TOSTADA-D_005_jpg.rf.9eda8c127b0d32eddbe6f3379d28ec98_r2c0.jpg,FN,-1,1,0.0,3152,0,36.32624355006052,0.0
TOSTADA-D_005_jpg.rf.9eda8c127b0d32eddbe6f3379d28ec98_r2c0.jpg,FN,-1,6,0.0,4050,0,46.67553501832015,0.0
TOSTADA-D_005_jpg.rf.9eda8c127b0d32eddbe6f3379d28ec98_r2c0.jpg,FN,-1,7,0.0,15954,0,183.86703350179744,0.0
TOSTADA-D_005_jpg.rf.9eda8c127b0d32eddbe6f3379d28ec98_r2c0.jpg,FN,-1,8,0.0,31117,0,358.61793164569576,0.0
TOSTADA-D_005_jpg.rf.9eda8c127b0d32eddbe6f3379d28ec98_r2c0.jpg,FN,-1,9,0.0,74244,0,855.6489930617681,0.0
TOSTADA-D_005_jpg.rf.9eda8c127b0d32eddbe6f3379d28ec98_r2c0.jpg,FN,-1,10,0.0,140028,0,1613.797979640823,0.0
TOSTADA-D_005_jpg.rf.9eda8c127b0d32eddbe6f3379d28ec98_r2c0.jpg,FN,-1,11,0.0,1921,0,22.139185869183457,0.0
TOSTADA-D_005_jpg.rf.9eda8c127b0d32eddbe6f3379d28ec98_r2c0.jpg,FN,-1,13,0.0,9220,0,106.25887231331154,0.0
TOSTADA-D_005_jpg.rf.9eda8c127b0d32eddbe6f3379d28ec98_r2c0.jpg,FN,-1,14,0.0,7053,0,81.28457987264493,0.0
TOSTADA-D_005_jpg.rf.9eda8c127b0d32eddbe6f3379d28ec98_r2c1.jpg,TP,7,5,0.8385707635009311,15969,15625,184.03990585371713,180.07536658302524
TOSTADA-D_005_jpg.rf.9eda8c127b0d32eddbe6f3379d28ec98_r2c1.jpg,TP,2,10,0.8131748338870431,16169,18760,186.34487054597986,216.20568813424345
TOSTADA-D_005_jpg.rf.9eda8c127b0d32eddbe6f3379d28ec98_r2c1.jpg,TP,1,1,0.8087342108139335,53224,62620,613.3972039049559,721.6844451474586
TOSTADA-D_005_jpg.rf.9eda8c127b0d32eddbe6f3379d28ec98_r2c1.jpg,TP,0,0,0.8063049408911791,10973,12863,126.46188784099431,148.24380418287703
TOSTADA-D_005_jpg.rf.9eda8c127b0d32eddbe6f3379d28ec98_r2c1.jpg,TP,5,3,0.7905579399141631,1145,941,13.19592286320409,10.844858877096112
TOSTADA-D_005_jpg.rf.9eda8c127b0d32eddbe6f3379d28ec98_r2c1.jpg,TP,4,11,0.7772869022869023,7102,6576,81.8492962222493,75.78723908159834
TOSTADA-D_005_jpg.rf.9eda8c127b0d32eddbe6f3379d28ec98_r2c1.jpg,TP,3,2,0.7019599008785763,3260,4295,37.570924483882386,49.49911676634198
TOSTADA-D_005_jpg.rf.9eda8c127b0d32eddbe6f3379d28ec98_r2c1.jpg,TP,9,8,0.5994180407371484,6118,3776,70.5088699363167,43.51773338992021
TOSTADA-D_005_jpg.rf.9eda8c127b0d32eddbe6f3379d28ec98_r2c1.jpg,FP,6,-1,0.0,0,3155,0.0,36.360818020444455
TOSTADA-D_005_jpg.rf.9eda8c127b0d32eddbe6f3379d28ec98_r2c1.jpg,FP,8,-1,0.0,0,1977,0.0,22.784575983017017
TOSTADA-D_005_jpg.rf.9eda8c127b0d32eddbe6f3379d28ec98_r2c1.jpg,FN,-1,4,0.0,10164,0,117.13830566079159,0.0
TOSTADA-D_005_jpg.rf.9eda8c127b0d32eddbe6f3379d28ec98_r2c1.jpg,FN,-1,6,0.0,7073,0,81.51507634187121,0.0
TOSTADA-D_005_jpg.rf.9eda8c127b0d32eddbe6f3379d28ec98_r2c1.jpg,FN,-1,7,0.0,864,0,9.957447470574964,0.0
TOSTADA-D_005_jpg.rf.9eda8c127b0d32eddbe6f3379d28ec98_r2c1.jpg,FN,-1,9,0.0,9330,0,107.52660289405604,0.0
TOSTADA-D_005_jpg.rf.9eda8c127b0d32eddbe6f3379d28ec98_r2c2.jpg,TP,4,2,0.8423512306573891,8420,9320,97.03901354426064,107.41135465944289
TOSTADA-D_005_jpg.rf.9eda8c127b0d32eddbe6f3379d28ec98_r2c2.jpg,TP,8,3,0.8326516094611417,9729,10881,112.12500745512017,125.40160408255345
TOSTADA-D_005_jpg.rf.9eda8c127b0d32eddbe6f3379d28ec98_r2c2.jpg,TP,3,8,0.7705970690280152,15332,18860,176.69859330886035,217.35817048037478
TOSTADA-D_005_jpg.rf.9eda8c127b0d32eddbe6f3379d28ec98_r2c2.jpg,TP,0,11,0.7332667332667333,6636,8979,76.47872848927716,103.48138985913495
TOSTADA-D_005_jpg.rf.9eda8c127b0d32eddbe6f3379d28ec98_r2c2.jpg,TP,7,9,0.7199261992619926,12509,15457,144.16401667757202,178.13919624152456
TOSTADA-D_005_jpg.rf.9eda8c127b0d32eddbe6f3379d28ec98_r2c2.jpg,TP,1,0,0.7159090909090909,6119,8226,70.52039475977801,94.8031977927658
TOSTADA-D_005_jpg.rf.9eda8c127b0d32eddbe6f3379d28ec98_r2c2.jpg,TP,2,1,0.6631991814461119,5231,4522,60.286351526131526,52.11525169206017
TOSTADA-D_005_jpg.rf.9eda8c127b0d32eddbe6f3379d28ec98_r2c2.jpg,TP,6,7,0.5608835189730036,8794,7742,101.34929751879194,89.22518323749001
TOSTADA-D_005_jpg.rf.9eda8c127b0d32eddbe6f3379d28ec98_r2c2.jpg,FP,5,-1,0.0,0,36574,0.0,421.5088932740842
TOSTADA-D_005_jpg.rf.9eda8c127b0d32eddbe6f3379d28ec98_r2c2.jpg,FP,9,-1,0.0,0,16849,0.0,194.18175049967311
TOSTADA-D_005_jpg.rf.9eda8c127b0d32eddbe6f3379d28ec98_r2c2.jpg,FP,10,-1,0.0,0,7833,0.0,90.27394217246955
TOSTADA-D_005_jpg.rf.9eda8c127b0d32eddbe6f3379d28ec98_r2c2.jpg,FP,11,-1,0.0,0,941,0.0,10.844858877096112
TOSTADA-D_005_jpg.rf.9eda8c127b0d32eddbe6f3379d28ec98_r2c2.jpg,FP,12,-1,0.0,0,2717,0.0,31.312945344389092
TOSTADA-D_005_jpg.rf.9eda8c127b0d32eddbe6f3379d28ec98_r2c2.jpg,FN,-1,4,0.0,4464,0,51.446811931303984,0.0
TOSTADA-D_005_jpg.rf.9eda8c127b0d32eddbe6f3379d28ec98_r2c2.jpg,FN,-1,5,0.0,7044,0,81.18085646149311,0.0
TOSTADA-D_005_jpg.rf.9eda8c127b0d32eddbe6f3379d28ec98_r2c2.jpg,FN,-1,6,0.0,10420,0,120.08866046688787,0.0
TOSTADA-D_005_jpg.rf.9eda8c127b0d32eddbe6f3379d28ec98_r2c2.jpg,FN,-1,10,0.0,3472,0,40.01418705768087,0.0
TOSTADA-G_004_jpg.rf.a8373c1bf8f08d538788901740142a7d_r0c0.jpg,TP,10,4,0.9121015460965833,9719,10316,112.00975922050704,118.89007882691126
TOSTADA-G_004_jpg.rf.a8373c1bf8f08d538788901740142a7d_r0c0.jpg,TP,2,7,0.8937743115360053,48738,49119,561.696845857503,566.0878035962635
TOSTADA-G_004_jpg.rf.a8373c1bf8f08d538788901740142a7d_r0c0.jpg,TP,3,25,0.8699236849277733,13223,14220,152.39274062894995,163.88298961987962
TOSTADA-G_004_jpg.rf.a8373c1bf8f08d538788901740142a7d_r0c0.jpg,TP,16,23,0.8631123919308358,8237,8572,94.92997085084025,98.79078671038032
TOSTADA-G_004_jpg.rf.a8373c1bf8f08d538788901740142a7d_r0c0.jpg,TP,7,8,0.8311763569634923,4804,4676,55.36525190815061,53.89007450510247
TOSTADA-G_004_jpg.rf.a8373c1bf8f08d538788901740142a7d_r0c0.jpg,TP,4,15,0.8246542598599966,4836,5851,55.73404625891265,67.43174207214597
TOSTADA-G_004_jpg.rf.a8373c1bf8f08d538788901740142a7d_r0c0.jpg,TP,20,1,0.8184132371658889,8579,8565,98.8714604746095,98.71011294615111
TOSTADA-G_004_jpg.rf.a8373c1bf8f08d538788901740142a7d_r0c0.jpg,TP,6,3,0.8182778658214475,9515,11137,109.65869523439905,128.35195888864973
TOSTADA-G_004_jpg.rf.a8373c1bf8f08d538788901740142a7d_r0c0.jpg,TP,1,0,0.8059352728122444,6925,8532,79.80940246959679,98.32979377192777
TOSTADA-G_004_jpg.rf.a8373c1bf8f08d538788901740142a7d_r0c0.jpg,TP,9,24,0.8052497883149873,3394,3002,39.11525082769841,34.59752003086347
TOSTADA-G_004_jpg.rf.a8373c1bf8f08d538788901740142a7d_r0c0.jpg,TP,8,2,0.7844136926438456,3969,3381,45.74202431795374,38.96542812270133
TOSTADA-G_004_jpg.rf.a8373c1bf8f08d538788901740142a7d_r0c0.jpg,TP,13,26,0.7580502215657312,2943,3008,33.91755544664597,34.66666897163135
TOSTADA-G_004_jpg.rf.a8373c1bf8f08d538788901740142a7d_r0c0.jpg,TP,11,12,0.7527183444405472,2310,2687,26.622342195634452,30.967200640549684
TOSTADA-G_004_jpg.rf.a8373c1bf8f08d538788901740142a7d_r0c0.jpg,TP,18,11,0.7292775665399239,2145,2403,24.720746324517705,27.69415077753662
TOSTADA-G_004_jpg.rf.a8373c1bf8f08d538788901740142a7d_r0c0.jpg,TP,0,16,0.708114199849737,1968,2579,22.680852571865195,29.722519706727816
TOSTADA-G_004_jpg.rf.a8373c1bf8f08d538788901740142a7d_r0c0.jpg,TP,15,10,0.7044601553635332,10487,9041,120.86082363879589,104.1959289137364
TOSTADA-G_004_jpg.rf.a8373c1bf8f08d538788901740142a7d_r0c0.jpg,FP,5,-1,0.0,0,39934,0.0,460.23230010409793
TOSTADA-G_004_jpg.rf.a8373c1bf8f08d538788901740142a7d_r0c0.jpg,FP,12,-1,0.0,0,7926,0.0,91.34575075437172
TOSTADA-G_004_jpg.rf.a8373c1bf8f08d538788901740142a7d_r0c0.jpg,FP,14,-1,0.0,0,6196,0.0,71.40780616629917
TOSTADA-G_004_jpg.rf.a8373c1bf8f08d538788901740142a7d_r0c0.jpg,FP,17,-1,0.0,0,20024,0.0,230.77306498934385
TOSTADA-G_004_jpg.rf.a8373c1bf8f08d538788901740142a7d_r0c0.jpg,FP,19,-1,0.0,0,8043,0.0,92.69415509934541
TOSTADA-G_004_jpg.rf.a8373c1bf8f08d538788901740142a7d_r0c0.jpg,FN,-1,5,0.0,7046,0,81.20390610841574,0.0
TOSTADA-G_004_jpg.rf.a8373c1bf8f08d538788901740142a7d_r0c0.jpg,FN,-1,6,0.0,3893,0,44.866137734893904,0.0
TOSTADA-G_004_jpg.rf.a8373c1bf8f08d538788901740142a7d_r0c0.jpg,FN,-1,9,0.0,1245,0,14.348405209335452,0.0
TOSTADA-G_004_jpg.rf.a8373c1bf8f08d538788901740142a7d_r0c0.jpg,FN,-1,13,0.0,1221,0,14.071809446263925,0.0
TOSTADA-G_004_jpg.rf.a8373c1bf8f08d538788901740142a7d_r0c0.jpg,FN,-1,14,0.0,2481,0,28.59308700751908,0.0
TOSTADA-G_004_jpg.rf.a8373c1bf8f08d538788901740142a7d_r0c0.jpg,FN,-1,17,0.0,1278,0,14.7287243835588,0.0
TOSTADA-G_004_jpg.rf.a8373c1bf8f08d538788901740142a7d_r0c0.jpg,FN,-1,18,0.0,1866,0,21.505320578811208,0.0
TOSTADA-G_004_jpg.rf.a8373c1bf8f08d538788901740142a7d_r0c0.jpg,FN,-1,19,0.0,2021,0,23.291668215314818,0.0
TOSTADA-G_004_jpg.rf.a8373c1bf8f08d538788901740142a7d_r0c0.jpg,FN,-1,20,0.0,3332,0,38.400711773096965,0.0
TOSTADA-G_004_jpg.rf.a8373c1bf8f08d538788901740142a7d_r0c0.jpg,FN,-1,21,0.0,1590,0,18.324469303488648,0.0
TOSTADA-G_004_jpg.rf.a8373c1bf8f08d538788901740142a7d_r0c0.jpg,FN,-1,22,0.0,2478,0,28.55851253713514,0.0
TOSTADA-G_004_jpg.rf.a8373c1bf8f08d538788901740142a7d_r0c1.jpg,TP,4,5,0.7714915503306392,2669,2153,30.75975381824604,24.812944912208216
TOSTADA-G_004_jpg.rf.a8373c1bf8f08d538788901740142a7d_r0c1.jpg,TP,0,1,0.7124772270752557,15318,21341,176.53724578040197,245.95125748789388
TOSTADA-G_004_jpg.rf.a8373c1bf8f08d538788901740142a7d_r0c1.jpg,TP,3,4,0.675068629897679,3570,3142,41.143619756889606,36.210995315447384
TOSTADA-G_004_jpg.rf.a8373c1bf8f08d538788901740142a7d_r0c1.jpg,FP,1,-1,0.0,0,44257,0.0,510.0541119273567
TOSTADA-G_004_jpg.rf.a8373c1bf8f08d538788901740142a7d_r0c1.jpg,FP,2,-1,0.0,0,15930,0.0,183.5904377387259
TOSTADA-G_004_jpg.rf.a8373c1bf8f08d538788901740142a7d_r0c1.jpg,FP,5,-1,0.0,0,63984,0.0,737.4043043486904
TOSTADA-G_004_jpg.rf.a8373c1bf8f08d538788901740142a7d_r0c1.jpg,FN,-1,0,0.0,140361,0,1617.6357458534405,0.0
TOSTADA-G_004_jpg.rf.a8373c1bf8f08d538788901740142a7d_r0c1.jpg,FN,-1,2,0.0,934,0,10.764185112866917,0.0
TOSTADA-G_004_jpg.rf.a8373c1bf8f08d538788901740142a7d_r0c1.jpg,FN,-1,3,0.0,70947,0,817.6516501098171,0.0
TOSTADA-G_004_jpg.rf.a8373c1bf8f08d538788901740142a7d_r0c1.jpg,FN,-1,6,0.0,5633,0,64.9193305575796,0.0
TOSTADA-G_004_jpg.rf.a8373c1bf8f08d538788901740142a7d_r0c1.jpg,FN,-1,7,0.0,5697,0,65.65691925910367,0.0
TOSTADA-G_004_jpg.rf.a8373c1bf8f08d538788901740142a7d_r0c1.jpg,FN,-1,8,0.0,2073,0,23.890959035303126,0.0
TOSTADA-G_004_jpg.rf.a8373c1bf8f08d538788901740142a7d_r0c1.jpg,FN,-1,9,0.0,6866,0,79.12943788537929,0.0
TOSTADA-G_004_jpg.rf.a8373c1bf8f08d538788901740142a7d_r0c1.jpg,FN,-1,10,0.0,1462,0,16.849291900440505,0.0
TOSTADA-G_004_jpg.rf.a8373c1bf8f08d538788901740142a7d_r0c2.jpg,TP,7,1,0.8946408529741863,6393,7112,73.67819638817795,81.96454445686244
TOSTADA-G_004_jpg.rf.a8373c1bf8f08d538788901740142a7d_r0c2.jpg,TP,6,17,0.8738269030239834,922,875,10.625887231331154,10.084220528649414
TOSTADA-G_004_jpg.rf.a8373c1bf8f08d538788901740142a7d_r0c2.jpg,TP,0,7,0.7989340359912567,26934,33145,310.40959510702095,381.9902736252398
TOSTADA-G_004_jpg.rf.a8373c1bf8f08d538788901740142a7d_r0c2.jpg,TP,8,0,0.780676306604415,39721,38846,457.77751270683814,447.6932921781887
TOSTADA-G_004_jpg.rf.a8373c1bf8f08d538788901740142a7d_r0c2.jpg,TP,10,2,0.7011297950604309,5380,7569,62.00355022186725,87.23138877868276
TOSTADA-G_004_jpg.rf.a8373c1bf8f08d538788901740142a7d_r0c2.jpg,TP,1,16,0.5424324324324324,8028,14800,92.5212827474257,170.56738722744151
TOSTADA-G_004_jpg.rf.a8373c1bf8f08d538788901740142a7d_r0c2.jpg,TP,2,4,0.5226619906479626,31544,59633,363.5390312636767,687.2597974685149
TOSTADA-G_004_jpg.rf.a8373c1bf8f08d538788901740142a7d_r0c2.jpg,FP,3,-1,0.0,0,24282,0.0,279.8457632876172
TOSTADA-G_004_jpg.rf.a8373c1bf8f08d538788901740142a7d_r0c2.jpg,FP,4,-1,0.0,0,6581,0.0,75.8448631989049
TOSTADA-G_004_jpg.rf.a8373c1bf8f08d538788901740142a7d_r0c2.jpg,FP,5,-1,0.0,0,71479,0.0,823.782856191236
TOSTADA-G_004_jpg.rf.a8373c1bf8f08d538788901740142a7d_r0c2.jpg,FP,9,-1,0.0,0,4968,0.0,57.255322955806044
TOSTADA-G_004_jpg.rf.a8373c1bf8f08d538788901740142a7d_r0c2.jpg,FN,-1,3,0.0,7680,0,88.51064418288857,0.0
TOSTADA-G_004_jpg.rf.a8373c1bf8f08d538788901740142a7d_r0c2.jpg,FN,-1,5,0.0,4093,0,47.171102427156626,0.0
TOSTADA-G_004_jpg.rf.a8373c1bf8f08d538788901740142a7d_r0c2.jpg,FN,-1,6,0.0,10621,0,122.40514998261192,0.0
TOSTADA-G_004_jpg.rf.a8373c1bf8f08d538788901740142a7d_r0c2.jpg,FN,-1,8,0.0,26735,0,308.1161552382195,0.0
TOSTADA-G_004_jpg.rf.a8373c1bf8f08d538788901740142a7d_r0c2.jpg,FN,-1,9,0.0,228,0,2.6276597491795046,0.0
TOSTADA-G_004_jpg.rf.a8373c1bf8f08d538788901740142a7d_r0c2.jpg,FN,-1,10,0.0,5803,0,66.87855054600291,0.0
TOSTADA-G_004_jpg.rf.a8373c1bf8f08d538788901740142a7d_r0c2.jpg,FN,-1,11,0.0,6104,0,70.3475224078583,0.0
TOSTADA-G_004_jpg.rf.a8373c1bf8f08d538788901740142a7d_r0c2.jpg,FN,-1,12,0.0,2544,0,29.319150885581838,0.0
TOSTADA-G_004_jpg.rf.a8373c1bf8f08d538788901740142a7d_r0c2.jpg,FN,-1,13,0.0,3116,0,35.91134990545323,0.0
TOSTADA-G_004_jpg.rf.a8373c1bf8f08d538788901740142a7d_r0c2.jpg,FN,-1,14,0.0,1713,0,19.742022589230224,0.0
TOSTADA-G_004_jpg.rf.a8373c1bf8f08d538788901740142a7d_r0c2.jpg,FN,-1,15,0.0,3391,0,39.08067635731447,0.0
TOSTADA-G_004_jpg.rf.a8373c1bf8f08d538788901740142a7d_r1c0.jpg,TP,0,26,0.877454991816694,13300,14231,153.28015203547108,164.00976267795406
TOSTADA-G_004_jpg.rf.a8373c1bf8f08d538788901740142a7d_r1c0.jpg,TP,5,12,0.8710207917302949,7886,8042,90.88475781591917,92.6826302758841
TOSTADA-G_004_jpg.rf.a8373c1bf8f08d538788901740142a7d_r1c0.jpg,TP,4,6,0.8595224875069406,15479,14662,178.39274235767346,168.97696158978025
TOSTADA-G_004_jpg.rf.a8373c1bf8f08d538788901740142a7d_r1c0.jpg,TP,6,21,0.8377192982456141,1875,1896,21.60904398996303,21.851065282650616
TOSTADA-G_004_jpg.rf.a8373c1bf8f08d538788901740142a7d_r1c0.jpg,TP,1,17,0.8371155885471898,8792,8532,101.32624787186931,98.32979377192777
TOSTADA-G_004_jpg.rf.a8373c1bf8f08d538788901740142a7d_r1c0.jpg,TP,10,25,0.8023908712189821,4855,5096,55.9530179046776,58.73050035885419
TOSTADA-G_004_jpg.rf.a8373c1bf8f08d538788901740142a7d_r1c0.jpg,TP,9,7,0.7889309949766458,18103,22495,208.63387912016037,259.2509037622498
TOSTADA-G_004_jpg.rf.a8373c1bf8f08d538788901740142a7d_r1c0.jpg,TP,2,19,0.7810398924249216,3488,4459,40.198584233061894,51.38918781399741
TOSTADA-G_004_jpg.rf.a8373c1bf8f08d538788901740142a7d_r1c0.jpg,TP,11,4,0.7521654501216545,19252,16755,221.87590127720972,193.09841709430964
TOSTADA-G_004_jpg.rf.a8373c1bf8f08d538788901740142a7d_r1c0.jpg,TP,7,18,0.6680399549146877,19363,23554,223.15515668141555,271.4556918077809
TOSTADA-G_004_jpg.rf.a8373c1bf8f08d538788901740142a7d_r1c0.jpg,TP,8,0,0.6579586715079027,71081,53120,819.1959764536331,612.1986222649792
TOSTADA-G_004_jpg.rf.a8373c1bf8f08d538788901740142a7d_r1c0.jpg,FP,3,-1,0.0,0,86647,0.0,998.5913784524408
TOSTADA-G_004_jpg.rf.a8373c1bf8f08d538788901740142a7d_r1c0.jpg,FN,-1,1,0.0,15954,0,183.86703350179744,0.0
TOSTADA-G_004_jpg.rf.a8373c1bf8f08d538788901740142a7d_r1c0.jpg,FN,-1,2,0.0,49871,0,574.7544708391713,0.0
TOSTADA-G_004_jpg.rf.a8373c1bf8f08d538788901740142a7d_r1c0.jpg,FN,-1,3,0.0,5518,0,63.593975859528534,0.0
TOSTADA-G_004_jpg.rf.a8373c1bf8f08d538788901740142a7d_r1c0.jpg,FN,-1,5,0.0,2206,0,25.423760555657836,0.0
TOSTADA-G_004_jpg.rf.a8373c1bf8f08d538788901740142a7d_r1c0.jpg,FN,-1,8,0.0,9304,0,107.22695748406188,0.0
TOSTADA-G_004_jpg.rf.a8373c1bf8f08d538788901740142a7d_r1c0.jpg,FN,-1,9,0.0,4608,0,53.10638650973314,0.0
TOSTADA-G_004_jpg.rf.a8373c1bf8f08d538788901740142a7d_r1c0.jpg,FN,-1,10,0.0,6119,0,70.52039475977801,0.0
TOSTADA-G_004_jpg.rf.a8373c1bf8f08d538788901740142a7d_r1c0.jpg,FN,-1,11,0.0,2978,0,34.320924267791945,0.0
TOSTADA-G_004_jpg.rf.a8373c1bf8f08d538788901740142a7d_r1c0.jpg,FN,-1,13,0.0,2994,0,34.50532144317297,0.0
TOSTADA-G_004_jpg.rf.a8373c1bf8f08d538788901740142a7d_r1c0.jpg,FN,-1,14,0.0,6126,0,70.6010685240072,0.0
TOSTADA-G_004_jpg.rf.a8373c1bf8f08d538788901740142a7d_r1c0.jpg,FN,-1,15,0.0,5459,0,62.914011275311026,0.0
TOSTADA-G_004_jpg.rf.a8373c1bf8f08d538788901740142a7d_r1c0.jpg,FN,-1,16,0.0,4827,0,55.63032284776082,0.0
TOSTADA-G_004_jpg.rf.a8373c1bf8f08d538788901740142a7d_r1c0.jpg,FN,-1,20,0.0,4835,0,55.722521435451334,0.0
TOSTADA-G_004_jpg.rf.a8373c1bf8f08d538788901740142a7d_r1c0.jpg,FN,-1,22,0.0,3966,0,45.7074498475698,0.0
TOSTADA-G_004_jpg.rf.a8373c1bf8f08d538788901740142a7d_r1c0.jpg,FN,-1,23,0.0,2923,0,33.687058977419696,0.0
TOSTADA-G_004_jpg.rf.a8373c1bf8f08d538788901740142a7d_r1c0.jpg,FN,-1,24,0.0,2187,0,25.204788909892876,0.0
TOSTADA-G_004_jpg.rf.a8373c1bf8f08d538788901740142a7d_r1c1.jpg,TP,3,12,0.8976226172627971,8548,9172,98.51419094730879,105.70568078716849
TOSTADA-G_004_jpg.rf.a8373c1bf8f08d538788901740142a7d_r1c1.jpg,TP,2,10,0.8868433164573608,14679,14018,169.17288358862257,161.55497528069426
TOSTADA-G_004_jpg.rf.a8373c1bf8f08d538788901740142a7d_r1c1.jpg,TP,1,4,0.863735940601338,62257,64505,717.5009342310018,743.4087373720348
TOSTADA-G_004_jpg.rf.a8373c1bf8f08d538788901740142a7d_r1c1.jpg,TP,0,11,0.8402317880794702,26145,27207,301.31650939604447,313.55587191195957
TOSTADA-G_004_jpg.rf.a8373c1bf8f08d538788901740142a7d_r1c1.jpg,TP,9,7,0.8344100646038762,5181,5609,59.71011035306584,64.64273479450807
TOSTADA-G_004_jpg.rf.a8373c1bf8f08d538788901740142a7d_r1c1.jpg,TP,11,6,0.8210225133649575,10919,13266,125.83954737408337,152.88830803778643
TOSTADA-G_004_jpg.rf.a8373c1bf8f08d538788901740142a7d_r1c1.jpg,TP,10,8,0.7560854446100348,13448,11297,154.9858259077455,130.19593064245993
TOSTADA-G_004_jpg.rf.a8373c1bf8f08d538788901740142a7d_r1c1.jpg,TP,6,9,0.7533710308829926,9289,10866,107.05408513214218,125.22873173063375
TOSTADA-G_004_jpg.rf.a8373c1bf8f08d538788901740142a7d_r1c1.jpg,FP,4,-1,0.0,0,28401,0.0,327.316511124768
TOSTADA-G_004_jpg.rf.a8373c1bf8f08d538788901740142a7d_r1c1.jpg,FP,5,-1,0.0,0,5713,0.0,65.84131643448468
TOSTADA-G_004_jpg.rf.a8373c1bf8f08d538788901740142a7d_r1c1.jpg,FP,7,-1,0.0,0,4324,0.0,49.83333664672008
TOSTADA-G_004_jpg.rf.a8373c1bf8f08d538788901740142a7d_r1c1.jpg,FP,8,-1,0.0,0,71907,0.0,828.7154806326781
TOSTADA-G_004_jpg.rf.a8373c1bf8f08d538788901740142a7d_r1c1.jpg,FP,12,-1,0.0,0,42673,0.0,491.7987915646359
TOSTADA-G_004_jpg.rf.a8373c1bf8f08d538788901740142a7d_r1c1.jpg,FP,13,-1,0.0,0,7377,0.0,85.01862267411055
TOSTADA-G_004_jpg.rf.a8373c1bf8f08d538788901740142a7d_r1c1.jpg,FN,-1,0,0.0,16148,0,186.10284925329228,0.0
TOSTADA-G_004_jpg.rf.a8373c1bf8f08d538788901740142a7d_r1c1.jpg,FN,-1,1,0.0,18458,0,212.72519144892672,0.0
TOSTADA-G_004_jpg.rf.a8373c1bf8f08d538788901740142a7d_r1c1.jpg,FN,-1,2,0.0,5439,0,62.68351480608476,0.0
TOSTADA-G_004_jpg.rf.a8373c1bf8f08d538788901740142a7d_r1c1.jpg,FN,-1,3,0.0,23854,0,274.913138846175,0.0
TOSTADA-G_004_jpg.rf.a8373c1bf8f08d538788901740142a7d_r1c1.jpg,FN,-1,5,0.0,15960,0,183.9361824425653,0.0
TOSTADA-G_004_jpg.rf.a8373c1bf8f08d538788901740142a7d_r1c2.jpg,TP,0,3,0.9425758037482859,50008,51985,576.3333716533713,599.1179476363883
TOSTADA-G_004_jpg.rf.a8373c1bf8f08d538788901740142a7d_r1c2.jpg,TP,5,0,0.8901742788461539,31004,31901,357.31562659456733,367.65339323936564
TOSTADA-G_004_jpg.rf.a8373c1bf8f08d538788901740142a7d_r1c2.jpg,TP,4,9,0.8753224419604472,1097,1084,12.642731337061036,12.49290863206396
TOSTADA-G_004_jpg.rf.a8373c1bf8f08d538788901740142a7d_r1c2.jpg,TP,1,1,0.8305336635892817,19499,21148,224.7225326721542,243.72696655986036
TOSTADA-G_004_jpg.rf.a8373c1bf8f08d538788901740142a7d_r1c2.jpg,TP,2,10,0.5877885611985301,33678,50578,388.13300453011993,582.9025210263201
TOSTADA-G_004_jpg.rf.a8373c1bf8f08d538788901740142a7d_r1c2.jpg,FP,3,-1,0.0,0,79443,0.0,915.5665502371376
TOSTADA-G_004_jpg.rf.a8373c1bf8f08d538788901740142a7d_r1c2.jpg,FN,-1,2,0.0,29792,0,343.34754055945524,0.0
TOSTADA-G_004_jpg.rf.a8373c1bf8f08d538788901740142a7d_r1c2.jpg,FN,-1,4,0.0,18231,0,210.10905652320852,0.0
TOSTADA-G_004_jpg.rf.a8373c1bf8f08d538788901740142a7d_r1c2.jpg,FN,-1,5,0.0,2528,0,29.13475371020082,0.0
TOSTADA-G_004_jpg.rf.a8373c1bf8f08d538788901740142a7d_r1c2.jpg,FN,-1,6,0.0,12238,0,141.04078951955603,0.0
TOSTADA-G_004_jpg.rf.a8373c1bf8f08d538788901740142a7d_r1c2.jpg,FN,-1,7,0.0,3977,0,45.83422290564425,0.0
TOSTADA-G_004_jpg.rf.a8373c1bf8f08d538788901740142a7d_r1c2.jpg,FN,-1,8,0.0,42692,0,492.01776321040086,0.0
TOSTADA-G_004_jpg.rf.a8373c1bf8f08d538788901740142a7d_r1c2.jpg,FN,-1,11,0.0,9635,0,111.0416740497567,0.0
TOSTADA-G_004_jpg.rf.a8373c1bf8f08d538788901740142a7d_r2c0.jpg,TP,0,20,0.9241710080211692,22807,23731,262.84664868217965,273.4955855604334
TOSTADA-G_004_jpg.rf.a8373c1bf8f08d538788901740142a7d_r2c0.jpg,TP,1,9,0.8698640370536381,5826,6689,67.14362148561312,77.08954413272677
TOSTADA-G_004_jpg.rf.a8373c1bf8f08d538788901740142a7d_r2c0.jpg,TP,9,3,0.8362782375307537,4119,4091,47.47074783715078,47.148052780234
TOSTADA-G_004_jpg.rf.a8373c1bf8f08d538788901740142a7d_r2c0.jpg,TP,3,0,0.8073779081953469,4121,4502,47.49379748407341,51.884755222833896
TOSTADA-G_004_jpg.rf.a8373c1bf8f08d538788901740142a7d_r2c0.jpg,TP,8,13,0.8057641566876396,31832,39344,366.858180420535,453.4326542619229
TOSTADA-G_004_jpg.rf.a8373c1bf8f08d538788901740142a7d_r2c0.jpg,TP,2,8,0.7527485804035279,25171,32859,290.091331344725,378.6941741153041
TOSTADA-G_004_jpg.rf.a8373c1bf8f08d538788901740142a7d_r2c0.jpg,TP,10,4,0.737928621413576,5504,4430,63.43262833107014,51.05496793361932
TOSTADA-G_004_jpg.rf.a8373c1bf8f08d538788901740142a7d_r2c0.jpg,TP,5,7,0.7181265155060195,17793,22595,205.06118384715316,260.40338610838114
TOSTADA-G_004_jpg.rf.a8373c1bf8f08d538788901740142a7d_r2c0.jpg,TP,6,12,0.5720887245841035,25124,39514,289.5496646420433,455.39187425034623
TOSTADA-G_004_jpg.rf.a8373c1bf8f08d538788901740142a7d_r2c0.jpg,FP,4,-1,0.0,0,28346,0.0,326.68264583439577
TOSTADA-G_004_jpg.rf.a8373c1bf8f08d538788901740142a7d_r2c0.jpg,FP,7,-1,0.0,0,3845,0.0,44.31294620875085
TOSTADA-G_004_jpg.rf.a8373c1bf8f08d538788901740142a7d_r2c0.jpg,FN,-1,1,0.0,3600,0,41.489364460729014,0.0
TOSTADA-G_004_jpg.rf.a8373c1bf8f08d538788901740142a7d_r2c0.jpg,FN,-1,2,0.0,13537,0,156.01153519580242,0.0
TOSTADA-G_004_jpg.rf.a8373c1bf8f08d538788901740142a7d_r2c0.jpg,FN,-1,5,0.0,4389,0,50.58245017170546,0.0
TOSTADA-G_004_jpg.rf.a8373c1bf8f08d538788901740142a7d_r2c0.jpg,FN,-1,6,0.0,3706,0,42.71099574762826,0.0
TOSTADA-G_004_jpg.rf.a8373c1bf8f08d538788901740142a7d_r2c0.jpg,FN,-1,10,0.0,1200,0,13.829788153576338,0.0
TOSTADA-G_004_jpg.rf.a8373c1bf8f08d538788901740142a7d_r2c0.jpg,FN,-1,11,0.0,7931,0,91.40337487167828,0.0
TOSTADA-G_004_jpg.rf.a8373c1bf8f08d538788901740142a7d_r2c0.jpg,FN,-1,14,0.0,19679,0,226.79700089519065,0.0
TOSTADA-G_004_jpg.rf.a8373c1bf8f08d538788901740142a7d_r2c0.jpg,FN,-1,15,0.0,3700,0,42.64184680686038,0.0
TOSTADA-G_004_jpg.rf.a8373c1bf8f08d538788901740142a7d_r2c0.jpg,FN,-1,16,0.0,11936,0,137.5602928342393,0.0
TOSTADA-G_004_jpg.rf.a8373c1bf8f08d538788901740142a7d_r2c0.jpg,FN,-1,17,0.0,5048,0,58.177308832711134,0.0
TOSTADA-G_004_jpg.rf.a8373c1bf8f08d538788901740142a7d_r2c0.jpg,FN,-1,18,0.0,15719,0,181.15869998838872,0.0
TOSTADA-G_004_jpg.rf.a8373c1bf8f08d538788901740142a7d_r2c0.jpg,FN,-1,19,0.0,13206,0,152.1968186301076,0.0
TOSTADA-G_004_jpg.rf.a8373c1bf8f08d538788901740142a7d_r2c1.jpg,TP,2,12,0.8315951647309789,7970,7485,91.85284298666951,86.26330360793241
TOSTADA-G_004_jpg.rf.a8373c1bf8f08d538788901740142a7d_r2c1.jpg,TP,4,10,0.8255430648296848,10037,11561,115.67465308120477,133.23848403624672
TOSTADA-G_004_jpg.rf.a8373c1bf8f08d538788901740142a7d_r2c1.jpg,TP,3,4,0.8194892323659142,24007,25081,276.67643683575596,289.0540972332068
TOSTADA-G_004_jpg.rf.a8373c1bf8f08d538788901740142a7d_r2c1.jpg,TP,0,8,0.8138120913158197,7129,8682,82.16046645570476,100.05851729112482
TOSTADA-G_004_jpg.rf.a8373c1bf8f08d538788901740142a7d_r2c1.jpg,TP,9,7,0.7765878877400295,34805,42171,401.1214805710204,486.0133301870565
TOSTADA-G_004_jpg.rf.a8373c1bf8f08d538788901740142a7d_r2c1.jpg,TP,1,17,0.7485856136704768,13032,17257,150.19149934783903,198.88387847188906
TOSTADA-G_004_jpg.rf.a8373c1bf8f08d538788901740142a7d_r2c1.jpg,TP,8,18,0.6016013587286182,9918,16486,114.30319908930844,189.99823958321628
TOSTADA-G_004_jpg.rf.a8373c1bf8f08d538788901740142a7d_r2c1.jpg,FP,5,-1,0.0,0,61903,0.0,713.4211467256968
TOSTADA-G_004_jpg.rf.a8373c1bf8f08d538788901740142a7d_r2c1.jpg,FP,6,-1,0.0,0,15876,0.0,182.96809727181497
TOSTADA-G_004_jpg.rf.a8373c1bf8f08d538788901740142a7d_r2c1.jpg,FP,7,-1,0.0,0,1548,0.0,17.840426718113477
TOSTADA-G_004_jpg.rf.a8373c1bf8f08d538788901740142a7d_r2c1.jpg,FP,10,-1,0.0,0,54311,0.0,625.9246870074038
TOSTADA-G_004_jpg.rf.a8373c1bf8f08d538788901740142a7d_r2c1.jpg,FP,11,-1,0.0,0,69823,0.0,804.6977485393006
TOSTADA-G_004_jpg.rf.a8373c1bf8f08d538788901740142a7d_r2c1.jpg,FN,-1,0,0.0,21657,0,249.59310170166899,0.0
TOSTADA-G_004_jpg.rf.a8373c1bf8f08d538788901740142a7d_r2c1.jpg,FN,-1,1,0.0,1350,0,15.558511672773381,0.0
TOSTADA-G_004_jpg.rf.a8373c1bf8f08d538788901740142a7d_r2c1.jpg,FN,-1,2,0.0,58009,0,668.5434841673415,0.0
TOSTADA-G_004_jpg.rf.a8373c1bf8f08d538788901740142a7d_r2c1.jpg,FN,-1,3,0.0,3001,0,34.58599520740216,0.0
TOSTADA-G_004_jpg.rf.a8373c1bf8f08d538788901740142a7d_r2c1.jpg,FN,-1,5,0.0,4677,0,53.90159932856378,0.0
TOSTADA-G_004_jpg.rf.a8373c1bf8f08d538788901740142a7d_r2c1.jpg,FN,-1,6,0.0,1470,0,16.941490488131016,0.0
TOSTADA-G_004_jpg.rf.a8373c1bf8f08d538788901740142a7d_r2c1.jpg,FN,-1,9,0.0,9537,0,109.91224135054796,0.0
TOSTADA-G_004_jpg.rf.a8373c1bf8f08d538788901740142a7d_r2c1.jpg,FN,-1,11,0.0,6902,0,79.54433152998658,0.0
TOSTADA-G_004_jpg.rf.a8373c1bf8f08d538788901740142a7d_r2c1.jpg,FN,-1,13,0.0,43118,0,496.9273380049205,0.0
TOSTADA-G_004_jpg.rf.a8373c1bf8f08d538788901740142a7d_r2c1.jpg,FN,-1,14,0.0,8037,0,92.62500615857753,0.0
TOSTADA-G_004_jpg.rf.a8373c1bf8f08d538788901740142a7d_r2c1.jpg,FN,-1,15,0.0,19030,0,219.3173904687981,0.0
TOSTADA-G_004_jpg.rf.a8373c1bf8f08d538788901740142a7d_r2c1.jpg,FN,-1,16,0.0,25455,0,293.36438120773806,0.0
TOSTADA-G_004_jpg.rf.a8373c1bf8f08d538788901740142a7d_r2c2.jpg,TP,1,2,0.8608993087721799,12463,13651,143.6338747983516,157.32536507039217
TOSTADA-G_004_jpg.rf.a8373c1bf8f08d538788901740142a7d_r2c2.jpg,TP,10,12,0.8570709612481128,12172,13658,140.28015117110934,157.40603883462137
TOSTADA-G_004_jpg.rf.a8373c1bf8f08d538788901740142a7d_r2c2.jpg,TP,4,11,0.8485704942539475,38260,40881,440.9397456298589,471.1463079219619
TOSTADA-G_004_jpg.rf.a8373c1bf8f08d538788901740142a7d_r2c2.jpg,TP,6,4,0.8389075643269871,55198,63509,636.147205417589,731.9300132045664
TOSTADA-G_004_jpg.rf.a8373c1bf8f08d538788901740142a7d_r2c2.jpg,TP,0,10,0.8261300897170463,19527,22810,225.04522772907097,262.88122315256356
TOSTADA-G_004_jpg.rf.a8373c1bf8f08d538788901740142a7d_r2c2.jpg,TP,3,5,0.7717564189956828,6934,8661,79.91312588074861,99.81649599843723
TOSTADA-G_004_jpg.rf.a8373c1bf8f08d538788901740142a7d_r2c2.jpg,TP,5,6,0.6888623793514803,12831,18315,147.875009832115,211.07714169395888
TOSTADA-G_004_jpg.rf.a8373c1bf8f08d538788901740142a7d_r2c2.jpg,TP,7,3,0.5413072920379215,7594,14029,87.5195093652156,161.68174833876873
TOSTADA-G_004_jpg.rf.a8373c1bf8f08d538788901740142a7d_r2c2.jpg,TP,2,1,0.532554982351344,79311,90021,914.0452735402442,1037.476132810913
TOSTADA-G_004_jpg.rf.a8373c1bf8f08d538788901740142a7d_r2c2.jpg,FP,8,-1,0.0,0,3697,0.0,42.607272336476434
TOSTADA-G_004_jpg.rf.a8373c1bf8f08d538788901740142a7d_r2c2.jpg,FP,9,-1,0.0,0,2029,0.0,23.383866803005326
TOSTADA-G_004_jpg.rf.a8373c1bf8f08d538788901740142a7d_r2c2.jpg,FN,-1,0,0.0,24156,0,278.3936355314917,0.0
TOSTADA-G_004_jpg.rf.a8373c1bf8f08d538788901740142a7d_r2c2.jpg,FN,-1,7,0.0,8888,0,102.43263092415542,0.0
TOSTADA-G_004_jpg.rf.a8373c1bf8f08d538788901740142a7d_r2c2.jpg,FN,-1,8,0.0,5290,0,60.96631611034903,0.0
TOSTADA-G_004_jpg.rf.a8373c1bf8f08d538788901740142a7d_r2c2.jpg,FN,-1,9,0.0,4887,0,56.32181225543964,0.0
TOSTADA-G_004_jpg.rf.a8373c1bf8f08d538788901740142a7d_r2c2.jpg,FN,-1,13,0.0,2154,0,24.824469735669528,0.0
TOSTADA-G_011_jpg.rf.9ccdeb5753c9cd5d19a9f9b7f930b630_r0c0.jpg,TP,6,11,0.8287635799275738,5517,5088,63.58245103606722,58.638301771163675
TOSTADA-G_011_jpg.rf.9ccdeb5753c9cd5d19a9f9b7f930b630_r0c0.jpg,TP,4,9,0.8269647696476965,12313,14653,141.90515127915455,168.8732381786284
TOSTADA-G_011_jpg.rf.9ccdeb5753c9cd5d19a9f9b7f930b630_r0c0.jpg,TP,3,0,0.8195466369379413,11677,12805,134.5753635577591,147.57536442212086
TOSTADA-G_011_jpg.rf.9ccdeb5753c9cd5d19a9f9b7f930b630_r0c0.jpg,TP,10,8,0.7909866622483639,9678,11941,111.53724145859317,137.61791695154588
TOSTADA-G_011_jpg.rf.9ccdeb5753c9cd5d19a9f9b7f930b630_r0c0.jpg,TP,13,17,0.7542112201552659,6190,5786,71.33865722553128,66.68262854716058
TOSTADA-G_011_jpg.rf.9ccdeb5753c9cd5d19a9f9b7f930b630_r0c0.jpg,TP,8,10,0.7443783068783069,5358,5192,61.750004105718354,59.83688341114029
TOSTADA-G_011_jpg.rf.9ccdeb5753c9cd5d19a9f9b7f930b630_r0c0.jpg,TP,12,2,0.7012344224140471,32370,25375,373.05853544272173,292.442395330833
TOSTADA-G_011_jpg.rf.9ccdeb5753c9cd5d19a9f9b7f930b630_r0c0.jpg,TP,5,13,0.6726254002134472,3731,2538,42.9991163341611,29.250001944813956
TOSTADA-G_011_jpg.rf.9ccdeb5753c9cd5d19a9f9b7f930b630_r0c0.jpg,TP,9,5,0.6663892125853171,4430,5580,51.05496793361932,64.30851491412997
TOSTADA-G_011_jpg.rf.9ccdeb5753c9cd5d19a9f9b7f930b630_r0c0.jpg,TP,7,22,0.6584158415841584,1746,2609,20.122341763453573,30.068264410567224
TOSTADA-G_011_jpg.rf.9ccdeb5753c9cd5d19a9f9b7f930b630_r0c0.jpg,TP,0,12,0.646229642808266,4730,7299,54.5124149720134,84.11968644412808
TOSTADA-G_011_jpg.rf.9ccdeb5753c9cd5d19a9f9b7f930b630_r0c0.jpg,TP,1,3,0.6302250803858521,9665,15178,111.3874187535961,174.92377049581805
TOSTADA-G_011_jpg.rf.9ccdeb5753c9cd5d19a9f9b7f930b630_r0c0.jpg,FP,2,-1,0.0,0,9791,0.0,112.83954650972161
TOSTADA-G_011_jpg.rf.9ccdeb5753c9cd5d19a9f9b7f930b630_r0c0.jpg,FP,11,-1,0.0,0,1525,0.0,17.575355778503265
TOSTADA-G_011_jpg.rf.9ccdeb5753c9cd5d19a9f9b7f930b630_r0c0.jpg,FN,-1,1,0.0,8989,0,103.5966380937481,0.0
TOSTADA-G_011_jpg.rf.9ccdeb5753c9cd5d19a9f9b7f930b630_r0c0.jpg,FN,-1,4,0.0,4641,0,53.486705683956494,0.0
TOSTADA-G_011_jpg.rf.9ccdeb5753c9cd5d19a9f9b7f930b630_r0c0.jpg,FN,-1,6,0.0,8374,0,96.50887166504022,0.0
TOSTADA-G_011_jpg.rf.9ccdeb5753c9cd5d19a9f9b7f930b630_r0c0.jpg,FN,-1,7,0.0,7327,0,84.44238150104486,0.0
TOSTADA-G_011_jpg.rf.9ccdeb5753c9cd5d19a9f9b7f930b630_r0c0.jpg,FN,-1,14,0.0,4900,0,56.47163496043672,0.0
TOSTADA-G_011_jpg.rf.9ccdeb5753c9cd5d19a9f9b7f930b630_r0c0.jpg,FN,-1,15,0.0,7640,0,88.04965124443602,0.0
TOSTADA-G_011_jpg.rf.9ccdeb5753c9cd5d19a9f9b7f930b630_r0c0.jpg,FN,-1,16,0.0,12668,0,145.99646360792087,0.0
TOSTADA-G_011_jpg.rf.9ccdeb5753c9cd5d19a9f9b7f930b630_r0c0.jpg,FN,-1,18,0.0,3003,0,34.609044854324786,0.0
TOSTADA-G_011_jpg.rf.9ccdeb5753c9cd5d19a9f9b7f930b630_r0c0.jpg,FN,-1,19,0.0,2462,0,28.37411536175412,0.0
TOSTADA-G_011_jpg.rf.9ccdeb5753c9cd5d19a9f9b7f930b630_r0c0.jpg,FN,-1,20,0.0,4333,0,49.937060057871896,0.0
TOSTADA-G_011_jpg.rf.9ccdeb5753c9cd5d19a9f9b7f930b630_r0c0.jpg,FN,-1,21,0.0,2654,0,30.586881466326336,0.0
TOSTADA-G_011_jpg.rf.9ccdeb5753c9cd5d19a9f9b7f930b630_r0c1.jpg,TP,4,2,0.8991564521853075,35296,34272,406.7801688905254,394.97874966614023
TOSTADA-G_011_jpg.rf.9ccdeb5753c9cd5d19a9f9b7f930b630_r0c1.jpg,TP,16,0,0.8630268199233716,3784,3996,43.60993197761072,46.053194551409206
TOSTADA-G_011_jpg.rf.9ccdeb5753c9cd5d19a9f9b7f930b630_r0c1.jpg,TP,10,12,0.8622234668160179,30519,29331,351.72608721583026,338.03459694378967
TOSTADA-G_011_jpg.rf.9ccdeb5753c9cd5d19a9f9b7f930b630_r0c1.jpg,TP,9,25,0.8512944009632751,10443,11082,120.35373140649808,127.71809359827749
TOSTADA-G_011_jpg.rf.9ccdeb5753c9cd5d19a9f9b7f930b630_r0c1.jpg,TP,1,10,0.832885767403429,9197,8549,105.99380137370133,98.5257157707701
TOSTADA-G_011_jpg.rf.9ccdeb5753c9cd5d19a9f9b7f930b630_r0c1.jpg,TP,8,21,0.8283169533169533,5571,6335,64.20479150297815,73.00975662742175
TOSTADA-G_011_jpg.rf.9ccdeb5753c9cd5d19a9f9b7f930b630_r0c1.jpg,TP,3,7,0.8238265122058764,21719,23780,250.30764075627042,274.06030191003777
TOSTADA-G_011_jpg.rf.9ccdeb5753c9cd5d19a9f9b7f930b630_r0c1.jpg,TP,15,8,0.8086704215736474,5024,5573,57.90071306963961,64.22784114990078
TOSTADA-G_011_jpg.rf.9ccdeb5753c9cd5d19a9f9b7f930b630_r0c1.jpg,TP,18,1,0.8045602605863192,1388,1382,15.996454964303298,15.927306023535417
TOSTADA-G_011_jpg.rf.9ccdeb5753c9cd5d19a9f9b7f930b630_r0c1.jpg,TP,17,26,0.7784621245793384,15054,12955,173.49469238661518,149.3040879413179
TOSTADA-G_011_jpg.rf.9ccdeb5753c9cd5d19a9f9b7f930b630_r0c1.jpg,TP,14,13,0.7579560735096369,3627,4217,41.800534694184485,48.60018053635952
TOSTADA-G_011_jpg.rf.9ccdeb5753c9cd5d19a9f9b7f930b630_r0c1.jpg,TP,6,16,0.7495429616087751,1565,1306,18.036348716955807,15.051419440475582
TOSTADA-G_011_jpg.rf.9ccdeb5753c9cd5d19a9f9b7f930b630_r0c1.jpg,TP,2,14,0.7288834580723996,6199,5120,71.4423806366831,59.00709612192571
TOSTADA-G_011_jpg.rf.9ccdeb5753c9cd5d19a9f9b7f930b630_r0c1.jpg,TP,0,15,0.7258464079273328,4708,3652,54.258868855864506,42.088655280717326
TOSTADA-G_011_jpg.rf.9ccdeb5753c9cd5d19a9f9b7f930b630_r0c1.jpg,TP,12,11,0.7254965457685665,32316,31624,372.4361949758108,364.46101714058176
TOSTADA-G_011_jpg.rf.9ccdeb5753c9cd5d19a9f9b7f930b630_r0c1.jpg,TP,7,24,0.7226107226107226,4547,4321,52.40337227859301,49.79876217633613
TOSTADA-G_011_jpg.rf.9ccdeb5753c9cd5d19a9f9b7f930b630_r0c1.jpg,TP,13,9,0.6703715465227056,3077,2183,35.461881790461995,25.158689616047624
TOSTADA-G_011_jpg.rf.9ccdeb5753c9cd5d19a9f9b7f930b630_r0c1.jpg,FP,5,-1,0.0,0,42463,0.0,489.3785786377601
TOSTADA-G_011_jpg.rf.9ccdeb5753c9cd5d19a9f9b7f930b630_r0c1.jpg,FP,11,-1,0.0,0,16846,0.0,194.14717602928917
TOSTADA-G_011_jpg.rf.9ccdeb5753c9cd5d19a9f9b7f930b630_r0c1.jpg,FP,19,-1,0.0,0,46985,0.0,541.4938303298202
TOSTADA-G_011_jpg.rf.9ccdeb5753c9cd5d19a9f9b7f930b630_r0c1.jpg,FP,20,-1,0.0,0,1525,0.0,17.575355778503265
TOSTADA-G_011_jpg.rf.9ccdeb5753c9cd5d19a9f9b7f930b630_r0c1.jpg,FN,-1,3,0.0,2707,0,31.19769710977596,0.0
TOSTADA-G_011_jpg.rf.9ccdeb5753c9cd5d19a9f9b7f930b630_r0c1.jpg,FN,-1,4,0.0,4526,0,52.16135098590542,0.0
TOSTADA-G_011_jpg.rf.9ccdeb5753c9cd5d19a9f9b7f930b630_r0c1.jpg,FN,-1,5,0.0,8070,0,93.00532533280088,0.0
TOSTADA-G_011_jpg.rf.9ccdeb5753c9cd5d19a9f9b7f930b630_r0c1.jpg,FN,-1,6,0.0,2160,0,24.89361867643741,0.0
TOSTADA-G_011_jpg.rf.9ccdeb5753c9cd5d19a9f9b7f930b630_r0c1.jpg,FN,-1,17,0.0,26070,0,300.45214763644594,0.0
TOSTADA-G_011_jpg.rf.9ccdeb5753c9cd5d19a9f9b7f930b630_r0c1.jpg,FN,-1,18,0.0,2341,0,26.979611722935175,0.0
TOSTADA-G_011_jpg.rf.9ccdeb5753c9cd5d19a9f9b7f930b630_r0c1.jpg,FN,-1,19,0.0,8327,0,95.96720496235848,0.0
TOSTADA-G_011_jpg.rf.9ccdeb5753c9cd5d19a9f9b7f930b630_r0c1.jpg,FN,-1,20,0.0,20421,0,235.34841990348534,0.0
TOSTADA-G_011_jpg.rf.9ccdeb5753c9cd5d19a9f9b7f930b630_r0c1.jpg,FN,-1,22,0.0,6667,0,76.83599801657788,0.0
TOSTADA-G_011_jpg.rf.9ccdeb5753c9cd5d19a9f9b7f930b630_r0c1.jpg,FN,-1,23,0.0,6089,0,70.17465005593861,0.0
TOSTADA-G_011_jpg.rf.9ccdeb5753c9cd5d19a9f9b7f930b630_r0c1.jpg,FN,-1,27,0.0,16131,0,185.90692725444993,0.0
TOSTADA-G_011_jpg.rf.9ccdeb5753c9cd5d19a9f9b7f930b630_r0c1.jpg,FN,-1,28,0.0,27510,0,317.0478934207376,0.0
TOSTADA-G_011_jpg.rf.9ccdeb5753c9cd5d19a9f9b7f930b630_r0c1.jpg,FN,-1,29,0.0,2835,0,32.6728745128241,0.0
TOSTADA-G_011_jpg.rf.9ccdeb5753c9cd5d19a9f9b7f930b630_r0c1.jpg,FN,-1,30,0.0,11658,0,134.35639191199414,0.0
TOSTADA-G_011_jpg.rf.9ccdeb5753c9cd5d19a9f9b7f930b630_r0c2.jpg,TP,15,12,0.9102498288843258,10905,11422,125.67819984562497,131.63653357512413
TOSTADA-G_011_jpg.rf.9ccdeb5753c9cd5d19a9f9b7f930b630_r0c2.jpg,TP,3,16,0.9070742179513392,18428,18882,212.3794467450873,217.6117165965237
TOSTADA-G_011_jpg.rf.9ccdeb5753c9cd5d19a9f9b7f930b630_r0c2.jpg,TP,7,20,0.8885324119776242,11100,11857,127.92554042058113,136.64983178079555
TOSTADA-G_011_jpg.rf.9ccdeb5753c9cd5d19a9f9b7f930b630_r0c2.jpg,TP,13,18,0.8818393480791619,6344,6588,73.11348003857358,75.9255369631341
TOSTADA-G_011_jpg.rf.9ccdeb5753c9cd5d19a9f9b7f930b630_r0c2.jpg,TP,14,10,0.8480613165013525,7782,8614,89.68617617594256,99.27482929575548
TOSTADA-G_011_jpg.rf.9ccdeb5753c9cd5d19a9f9b7f930b630_r0c2.jpg,TP,11,5,0.8313147270493242,10894,9972,125.55142678755053,114.92553955621938
TOSTADA-G_011_jpg.rf.9ccdeb5753c9cd5d19a9f9b7f930b630_r0c2.jpg,TP,4,19,0.8139412075338849,4679,5626,53.924648975486406,64.8386567933504
TOSTADA-G_011_jpg.rf.9ccdeb5753c9cd5d19a9f9b7f930b630_r0c2.jpg,TP,8,13,0.7968141592920354,4851,5301,55.90691861083235,61.093089168423475
TOSTADA-G_011_jpg.rf.9ccdeb5753c9cd5d19a9f9b7f930b630_r0c2.jpg,TP,5,17,0.7877215548627613,37444,44557,431.535489685427,513.5115589657507
TOSTADA-G_011_jpg.rf.9ccdeb5753c9cd5d19a9f9b7f930b630_r0c2.jpg,TP,1,0,0.7343307723412859,7264,9892,83.7163176229821,114.0035536793143
TOSTADA-G_011_jpg.rf.9ccdeb5753c9cd5d19a9f9b7f930b630_r0c2.jpg,TP,6,8,0.6910550191927417,8194,6344,94.43440344200377,73.11348003857358
TOSTADA-G_011_jpg.rf.9ccdeb5753c9cd5d19a9f9b7f930b630_r0c2.jpg,TP,0,11,0.6178782057310208,47265,73165,544.7207808989881,843.2137085470107
TOSTADA-G_011_jpg.rf.9ccdeb5753c9cd5d19a9f9b7f930b630_r0c2.jpg,TP,9,4,0.6007098491570542,2708,4508,31.20922193323727,51.95390416360178
TOSTADA-G_011_jpg.rf.9ccdeb5753c9cd5d19a9f9b7f930b630_r0c2.jpg,TP,12,14,0.5477239353891337,1254,854,14.452128620487274,9.842199235961829
TOSTADA-G_011_jpg.rf.9ccdeb5753c9cd5d19a9f9b7f930b630_r0c2.jpg,TP,2,21,0.5324683054580085,18237,33257,210.1782054639764,383.2810538529069
TOSTADA-G_011_jpg.rf.9ccdeb5753c9cd5d19a9f9b7f930b630_r0c2.jpg,FP,10,-1,0.0,0,14926,0.0,172.01951498356703
TOSTADA-G_011_jpg.rf.9ccdeb5753c9cd5d19a9f9b7f930b630_r0c2.jpg,FN,-1,1,0.0,23050,0,265.6471807832788,0.0
TOSTADA-G_011_jpg.rf.9ccdeb5753c9cd5d19a9f9b7f930b630_r0c2.jpg,FN,-1,2,0.0,11560,0,133.2269592127854,0.0
TOSTADA-G_011_jpg.rf.9ccdeb5753c9cd5d19a9f9b7f930b630_r0c2.jpg,FN,-1,3,0.0,8654,0,99.73582223420803,0.0
TOSTADA-G_011_jpg.rf.9ccdeb5753c9cd5d19a9f9b7f930b630_r0c2.jpg,FN,-1,6,0.0,61602,0,709.9521748638414,0.0
TOSTADA-G_011_jpg.rf.9ccdeb5753c9cd5d19a9f9b7f930b630_r0c2.jpg,FN,-1,7,0.0,14014,0,161.508875986849,0.0
TOSTADA-G_011_jpg.rf.9ccdeb5753c9cd5d19a9f9b7f930b630_r0c2.jpg,FN,-1,9,0.0,1326,0,15.281915909701855,0.0
TOSTADA-G_011_jpg.rf.9ccdeb5753c9cd5d19a9f9b7f930b630_r0c2.jpg,FN,-1,15,0.0,6472,0,74.58865744162172,0.0
TOSTADA-G_011_jpg.rf.9ccdeb5753c9cd5d19a9f9b7f930b630_r0c2.jpg,FN,-1,22,0.0,7544,0,86.94326819214992,0.0
TOSTADA-G_011_jpg.rf.9ccdeb5753c9cd5d19a9f9b7f930b630_r0c2.jpg,FN,-1,23,0.0,995,0,11.467199344007048,0.0
TOSTADA-G_011_jpg.rf.9ccdeb5753c9cd5d19a9f9b7f930b630_r1c0.jpg,TP,4,3,0.8723242237075894,10842,11287,124.95213596756223,130.08068240784678
TOSTADA-G_011_jpg.rf.9ccdeb5753c9cd5d19a9f9b7f930b630_r1c0.jpg,TP,6,0,0.8719270420301348,13231,15095,152.48493921664044,173.96721014852903
TOSTADA-G_011_jpg.rf.9ccdeb5753c9cd5d19a9f9b7f930b630_r1c0.jpg,TP,2,21,0.8221718118157609,8369,10106,96.45124754773364,116.4698659000354
TOSTADA-G_011_jpg.rf.9ccdeb5753c9cd5d19a9f9b7f930b630_r1c0.jpg,TP,1,11,0.8060937871935253,17361,20576,200.0824601118657,237.13476753998896
TOSTADA-G_011_jpg.rf.9ccdeb5753c9cd5d19a9f9b7f930b630_r1c0.jpg,TP,11,18,0.8013689700130379,14072,13561,162.1773157476052,156.28813095887395
TOSTADA-G_011_jpg.rf.9ccdeb5753c9cd5d19a9f9b7f930b630_r1c0.jpg,TP,0,17,0.7133768998465271,29710,39507,342.40250503562754,455.311200486117
TOSTADA-G_011_jpg.rf.9ccdeb5753c9cd5d19a9f9b7f930b630_r1c0.jpg,TP,5,16,0.675187969924812,1313,915,15.132093204704777,10.54521346710196
TOSTADA-G_011_jpg.rf.9ccdeb5753c9cd5d19a9f9b7f930b630_r1c0.jpg,TP,8,22,0.606616650094911,10571,7203,121.82890880954623,83.01330339184197
TOSTADA-G_011_jpg.rf.9ccdeb5753c9cd5d19a9f9b7f930b630_r1c0.jpg,TP,3,2,0.5906101571063208,3240,5467,37.34042801465611,63.00620986300154
TOSTADA-G_011_jpg.rf.9ccdeb5753c9cd5d19a9f9b7f930b630_r1c0.jpg,FP,7,-1,0.0,0,9269,0.0,106.82358866291591
TOSTADA-G_011_jpg.rf.9ccdeb5753c9cd5d19a9f9b7f930b630_r1c0.jpg,FP,9,-1,0.0,0,11139,0.0,128.37500853557236
TOSTADA-G_011_jpg.rf.9ccdeb5753c9cd5d19a9f9b7f930b630_r1c0.jpg,FP,10,-1,0.0,0,34387,0.0,396.3041043641913
TOSTADA-G_011_jpg.rf.9ccdeb5753c9cd5d19a9f9b7f930b630_r1c0.jpg,FP,12,-1,0.0,0,1536,0.0,17.702128836577714
TOSTADA-G_011_jpg.rf.9ccdeb5753c9cd5d19a9f9b7f930b630_r1c0.jpg,FP,13,-1,0.0,0,1974,0.0,22.750001512633077
TOSTADA-G_011_jpg.rf.9ccdeb5753c9cd5d19a9f9b7f930b630_r1c0.jpg,FP,14,-1,0.0,0,7659,0.0,88.26862289020099
TOSTADA-G_011_jpg.rf.9ccdeb5753c9cd5d19a9f9b7f930b630_r1c0.jpg,FP,15,-1,0.0,0,3092,0.0,35.6347541423817
TOSTADA-G_011_jpg.rf.9ccdeb5753c9cd5d19a9f9b7f930b630_r1c0.jpg,FN,-1,1,0.0,2782,0,32.06205886937448,0.0
TOSTADA-G_011_jpg.rf.9ccdeb5753c9cd5d19a9f9b7f930b630_r1c0.jpg,FN,-1,4,0.0,4089,0,47.125003133311374,0.0
TOSTADA-G_011_jpg.rf.9ccdeb5753c9cd5d19a9f9b7f930b630_r1c0.jpg,FN,-1,5,0.0,4522,0,52.11525169206017,0.0
TOSTADA-G_011_jpg.rf.9ccdeb5753c9cd5d19a9f9b7f930b630_r1c0.jpg,FN,-1,6,0.0,38395,0,442.4955967971363,0.0
TOSTADA-G_011_jpg.rf.9ccdeb5753c9cd5d19a9f9b7f930b630_r1c0.jpg,FN,-1,7,0.0,5699,0,65.6799689060263,0.0
TOSTADA-G_011_jpg.rf.9ccdeb5753c9cd5d19a9f9b7f930b630_r1c0.jpg,FN,-1,8,0.0,12035,0,138.70125035690936,0.0
TOSTADA-G_011_jpg.rf.9ccdeb5753c9cd5d19a9f9b7f930b630_r1c0.jpg,FN,-1,9,0.0,4252,0,49.00354935750549,0.0
TOSTADA-G_011_jpg.rf.9ccdeb5753c9cd5d19a9f9b7f930b630_r1c0.jpg,FN,-1,10,0.0,3996,0,46.053194551409206,0.0
TOSTADA-G_011_jpg.rf.9ccdeb5753c9cd5d19a9f9b7f930b630_r1c0.jpg,FN,-1,12,0.0,4273,0,49.24557065019308,0.0
TOSTADA-G_011_jpg.rf.9ccdeb5753c9cd5d19a9f9b7f930b630_r1c0.jpg,FN,-1,13,0.0,4010,0,46.2145420798676,0.0
TOSTADA-G_011_jpg.rf.9ccdeb5753c9cd5d19a9f9b7f930b630_r1c0.jpg,FN,-1,14,0.0,4915,0,56.644507312356424,0.0
TOSTADA-G_011_jpg.rf.9ccdeb5753c9cd5d19a9f9b7f930b630_r1c0.jpg,FN,-1,15,0.0,3288,0,37.89361954079917,0.0
TOSTADA-G_011_jpg.rf.9ccdeb5753c9cd5d19a9f9b7f930b630_r1c0.jpg,FN,-1,19,0.0,10109,0,116.50444037041935,0.0
TOSTADA-G_011_jpg.rf.9ccdeb5753c9cd5d19a9f9b7f930b630_r1c0.jpg,FN,-1,20,0.0,11389,0,131.25621440090077,0.0
TOSTADA-G_011_jpg.rf.9ccdeb5753c9cd5d19a9f9b7f930b630_r1c0.jpg,FN,-1,23,0.0,958,0,11.040780875938443,0.0
TOSTADA-G_011_jpg.rf.9ccdeb5753c9cd5d19a9f9b7f930b630_r1c1.jpg,TP,10,27,0.8861777895014508,7075,7226,81.53812598879384,83.27837433145218
TOSTADA-G_011_jpg.rf.9ccdeb5753c9cd5d19a9f9b7f930b630_r1c1.jpg,TP,14,12,0.8659719206831669,6644,6248,76.57092707696766,72.00709698628746
TOSTADA-G_011_jpg.rf.9ccdeb5753c9cd5d19a9f9b7f930b630_r1c1.jpg,TP,1,7,0.86455767471321,27226,25761,313.7748435577245,296.89097718690005
TOSTADA-G_011_jpg.rf.9ccdeb5753c9cd5d19a9f9b7f930b630_r1c1.jpg,TP,16,2,0.8236331569664903,6103,6305,70.33599758439699,72.66401192358235
TOSTADA-G_011_jpg.rf.9ccdeb5753c9cd5d19a9f9b7f930b630_r1c1.jpg,TP,13,16,0.7661935483870967,28570,33026,329.26420628973,380.6188196333435
TOSTADA-G_011_jpg.rf.9ccdeb5753c9cd5d19a9f9b7f930b630_r1c1.jpg,TP,4,10,0.7653176576983948,36051,42029,415.48141060381715,484.37680525555
TOSTADA-G_011_jpg.rf.9ccdeb5753c9cd5d19a9f9b7f930b630_r1c1.jpg,TP,20,1,0.7608157608157609,31236,39908,359.9893856375921,459.9326546941038
TOSTADA-G_011_jpg.rf.9ccdeb5753c9cd5d19a9f9b7f930b630_r1c1.jpg,TP,0,5,0.7589748910562357,14883,19023,171.52394757473056,219.23671670456892
TOSTADA-G_011_jpg.rf.9ccdeb5753c9cd5d19a9f9b7f930b630_r1c1.jpg,TP,6,8,0.7213505031922952,6801,9106,78.3803243603939,104.94504243872179
TOSTADA-G_011_jpg.rf.9ccdeb5753c9cd5d19a9f9b7f930b630_r1c1.jpg,TP,2,15,0.7126518099280745,13005,16045,149.88032911438358,184.91579243677697
TOSTADA-G_011_jpg.rf.9ccdeb5753c9cd5d19a9f9b7f930b630_r1c1.jpg,TP,7,0,0.5967790000129566,65285,57956,752.3980996718594,667.932668523892
TOSTADA-G_011_jpg.rf.9ccdeb5753c9cd5d19a9f9b7f930b630_r1c1.jpg,TP,8,14,0.5261128221327226,44785,71166,516.1392187149303,820.1755864478448
TOSTADA-G_011_jpg.rf.9ccdeb5753c9cd5d19a9f9b7f930b630_r1c1.jpg,FP,3,-1,0.0,0,55592,0.0,640.6879858613465
TOSTADA-G_011_jpg.rf.9ccdeb5753c9cd5d19a9f9b7f930b630_r1c1.jpg,FP,5,-1,0.0,0,1113,0.0,12.827128512442055
TOSTADA-G_011_jpg.rf.9ccdeb5753c9cd5d19a9f9b7f930b630_r1c1.jpg,FP,9,-1,0.0,0,2055,0.0,23.68351221299948
TOSTADA-G_011_jpg.rf.9ccdeb5753c9cd5d19a9f9b7f930b630_r1c1.jpg,FP,11,-1,0.0,0,5896,0.0,67.95035912790507
TOSTADA-G_011_jpg.rf.9ccdeb5753c9cd5d19a9f9b7f930b630_r1c1.jpg,FP,12,-1,0.0,0,16748,0.0,193.01774333008044
TOSTADA-G_011_jpg.rf.9ccdeb5753c9cd5d19a9f9b7f930b630_r1c1.jpg,FP,15,-1,0.0,0,1688,0.0,19.453902002697383
TOSTADA-G_011_jpg.rf.9ccdeb5753c9cd5d19a9f9b7f930b630_r1c1.jpg,FP,17,-1,0.0,0,2059,0.0,23.729611506844734
TOSTADA-G_011_jpg.rf.9ccdeb5753c9cd5d19a9f9b7f930b630_r1c1.jpg,FP,18,-1,0.0,0,20823,0.0,239.98139893493342
TOSTADA-G_011_jpg.rf.9ccdeb5753c9cd5d19a9f9b7f930b630_r1c1.jpg,FP,19,-1,0.0,0,861,0.0,9.922873000191023
TOSTADA-G_011_jpg.rf.9ccdeb5753c9cd5d19a9f9b7f930b630_r1c1.jpg,FN,-1,3,0.0,5710,0,65.80674196410075,0.0
TOSTADA-G_011_jpg.rf.9ccdeb5753c9cd5d19a9f9b7f930b630_r1c1.jpg,FN,-1,4,0.0,3691,0,42.53812339570855,0.0
TOSTADA-G_011_jpg.rf.9ccdeb5753c9cd5d19a9f9b7f930b630_r1c1.jpg,FN,-1,6,0.0,5728,0,66.01418878640439,0.0
TOSTADA-G_011_jpg.rf.9ccdeb5753c9cd5d19a9f9b7f930b630_r1c1.jpg,FN,-1,9,0.0,8116,0,93.5354672120213,0.0
TOSTADA-G_011_jpg.rf.9ccdeb5753c9cd5d19a9f9b7f930b630_r1c1.jpg,FN,-1,11,0.0,1803,0,20.779256700748448,0.0
TOSTADA-G_011_jpg.rf.9ccdeb5753c9cd5d19a9f9b7f930b630_r1c1.jpg,FN,-1,13,0.0,4460,0,51.400712637458724,0.0
TOSTADA-G_011_jpg.rf.9ccdeb5753c9cd5d19a9f9b7f930b630_r1c1.jpg,FN,-1,17,0.0,5256,0,60.57447211266437,0.0
TOSTADA-G_011_jpg.rf.9ccdeb5753c9cd5d19a9f9b7f930b630_r1c1.jpg,FN,-1,18,0.0,5923,0,68.26152936136054,0.0
TOSTADA-G_011_jpg.rf.9ccdeb5753c9cd5d19a9f9b7f930b630_r1c1.jpg,FN,-1,19,0.0,2329,0,26.841313841399412,0.0
TOSTADA-G_011_jpg.rf.9ccdeb5753c9cd5d19a9f9b7f930b630_r1c1.jpg,FN,-1,20,0.0,719,0,8.28634806868449,0.0
TOSTADA-G_011_jpg.rf.9ccdeb5753c9cd5d19a9f9b7f930b630_r1c1.jpg,FN,-1,21,0.0,1040,0,11.985816399766161,0.0
TOSTADA-G_011_jpg.rf.9ccdeb5753c9cd5d19a9f9b7f930b630_r1c1.jpg,FN,-1,22,0.0,7900,0,91.04610534437757,0.0
TOSTADA-G_011_jpg.rf.9ccdeb5753c9cd5d19a9f9b7f930b630_r1c1.jpg,FN,-1,23,0.0,9407,0,108.41401430057718,0.0
TOSTADA-G_011_jpg.rf.9ccdeb5753c9cd5d19a9f9b7f930b630_r1c1.jpg,FN,-1,24,0.0,1556,0,17.932625305803985,0.0
TOSTADA-G_011_jpg.rf.9ccdeb5753c9cd5d19a9f9b7f930b630_r1c1.jpg,FN,-1,25,0.0,9526,0,109.78546829247351,0.0
TOSTADA-G_011_jpg.rf.9ccdeb5753c9cd5d19a9f9b7f930b630_r1c1.jpg,FN,-1,26,0.0,26781,0,308.64629711743993,0.0
TOSTADA-G_011_jpg.rf.9ccdeb5753c9cd5d19a9f9b7f930b630_r1c2.jpg,TP,0,8,0.9143382352941176,7981,7640,91.97961604474396,88.04965124443602
TOSTADA-G_011_jpg.rf.9ccdeb5753c9cd5d19a9f9b7f930b630_r1c2.jpg,TP,6,3,0.9091880341880342,4500,4435,51.86170557591127,51.11259205092588
TOSTADA-G_011_jpg.rf.9ccdeb5753c9cd5d19a9f9b7f930b630_r1c2.jpg,TP,14,20,0.8629329403095063,5155,4957,59.41046494307169,57.128549897731595
TOSTADA-G_011_jpg.rf.9ccdeb5753c9cd5d19a9f9b7f930b630_r1c2.jpg,TP,7,4,0.8433147632311978,3923,4018,45.21188243873331,46.30674066755811
TOSTADA-G_011_jpg.rf.9ccdeb5753c9cd5d19a9f9b7f930b630_r1c2.jpg,TP,13,27,0.8417765212531642,26107,29918,300.87856610451456,344.79966831558073
TOSTADA-G_011_jpg.rf.9ccdeb5753c9cd5d19a9f9b7f930b630_r1c2.jpg,TP,2,26,0.8327212311997202,10201,10758,117.56472412886019,123.98405079681189
TOSTADA-G_011_jpg.rf.9ccdeb5753c9cd5d19a9f9b7f930b630_r1c2.jpg,TP,11,0,0.8015170278637771,30461,27728,351.05764745507406,319.5603049353039
TOSTADA-G_011_jpg.rf.9ccdeb5753c9cd5d19a9f9b7f930b630_r1c2.jpg,TP,3,17,0.7936696553959166,7368,9236,84.91489926295873,106.44326948869255
TOSTADA-G_011_jpg.rf.9ccdeb5753c9cd5d19a9f9b7f930b630_r1c2.jpg,TP,18,1,0.7829946319018405,47892,45109,551.9468452092317,519.8732615163959
TOSTADA-G_011_jpg.rf.9ccdeb5753c9cd5d19a9f9b7f930b630_r1c2.jpg,TP,20,16,0.7433751743375174,3335,4165,38.43528624348091,48.00088971637121
TOSTADA-G_011_jpg.rf.9ccdeb5753c9cd5d19a9f9b7f930b630_r1c2.jpg,TP,10,2,0.7380410022779044,10111,13542,116.52749001734198,156.069159313109
TOSTADA-G_011_jpg.rf.9ccdeb5753c9cd5d19a9f9b7f930b630_r1c2.jpg,TP,16,12,0.5692197338009086,9097,10592,104.84131902756997,122.07093010223382
TOSTADA-G_011_jpg.rf.9ccdeb5753c9cd5d19a9f9b7f930b630_r1c2.jpg,TP,15,5,0.529805973959663,8404,15565,96.85461636887963,179.38387717534644
TOSTADA-G_011_jpg.rf.9ccdeb5753c9cd5d19a9f9b7f930b630_r1c2.jpg,FP,1,-1,0.0,0,41864,0.0,482.4752093844332
TOSTADA-G_011_jpg.rf.9ccdeb5753c9cd5d19a9f9b7f930b630_r1c2.jpg,FP,4,-1,0.0,0,6369,0.0,73.40160062510643
TOSTADA-G_011_jpg.rf.9ccdeb5753c9cd5d19a9f9b7f930b630_r1c2.jpg,FP,5,-1,0.0,0,24684,0.0,284.4787423190653
TOSTADA-G_011_jpg.rf.9ccdeb5753c9cd5d19a9f9b7f930b630_r1c2.jpg,FP,8,-1,0.0,0,40154,0.0,462.76776126558696
TOSTADA-G_011_jpg.rf.9ccdeb5753c9cd5d19a9f9b7f930b630_r1c2.jpg,FP,9,-1,0.0,0,5006,0.0,57.69326624733596
TOSTADA-G_011_jpg.rf.9ccdeb5753c9cd5d19a9f9b7f930b630_r1c2.jpg,FP,12,-1,0.0,0,1079,0.0,12.435284514757392
TOSTADA-G_011_jpg.rf.9ccdeb5753c9cd5d19a9f9b7f930b630_r1c2.jpg,FP,17,-1,0.0,0,3413,0.0,39.33422247346337
TOSTADA-G_011_jpg.rf.9ccdeb5753c9cd5d19a9f9b7f930b630_r1c2.jpg,FP,19,-1,0.0,0,10123,0.0,116.66578789887774
TOSTADA-G_011_jpg.rf.9ccdeb5753c9cd5d19a9f9b7f930b630_r1c2.jpg,FN,-1,6,0.0,2385,0,27.486703955232972,0.0
TOSTADA-G_011_jpg.rf.9ccdeb5753c9cd5d19a9f9b7f930b630_r1c2.jpg,FN,-1,7,0.0,19051,0,219.5594117614857,0.0
TOSTADA-G_011_jpg.rf.9ccdeb5753c9cd5d19a9f9b7f930b630_r1c2.jpg,FN,-1,9,0.0,7106,0,81.89539551609455,0.0
TOSTADA-G_011_jpg.rf.9ccdeb5753c9cd5d19a9f9b7f930b630_r1c2.jpg,FN,-1,10,0.0,10467,0,120.63032716956961,0.0
TOSTADA-G_011_jpg.rf.9ccdeb5753c9cd5d19a9f9b7f930b630_r1c2.jpg,FN,-1,11,0.0,7480,0,86.20567949062584,0.0
TOSTADA-G_011_jpg.rf.9ccdeb5753c9cd5d19a9f9b7f930b630_r1c2.jpg,FN,-1,13,0.0,1409,0,16.238476256990886,0.0
TOSTADA-G_011_jpg.rf.9ccdeb5753c9cd5d19a9f9b7f930b630_r1c2.jpg,FN,-1,14,0.0,31931,0,367.9991379432051,0.0
TOSTADA-G_011_jpg.rf.9ccdeb5753c9cd5d19a9f9b7f930b630_r1c2.jpg,FN,-1,15,0.0,1712,0,19.73049776576891,0.0
TOSTADA-G_011_jpg.rf.9ccdeb5753c9cd5d19a9f9b7f930b630_r1c2.jpg,FN,-1,18,0.0,2276,0,26.23049819794979,0.0
TOSTADA-G_011_jpg.rf.9ccdeb5753c9cd5d19a9f9b7f930b630_r1c2.jpg,FN,-1,19,0.0,4160,0,47.943265599064645,0.0
TOSTADA-G_011_jpg.rf.9ccdeb5753c9cd5d19a9f9b7f930b630_r1c2.jpg,FN,-1,21,0.0,5059,0,58.30408189078558,0.0
TOSTADA-G_011_jpg.rf.9ccdeb5753c9cd5d19a9f9b7f930b630_r1c2.jpg,FN,-1,22,0.0,29333,0,338.0576465907123,0.0
TOSTADA-G_011_jpg.rf.9ccdeb5753c9cd5d19a9f9b7f930b630_r1c2.jpg,FN,-1,23,0.0,4035,0,46.50266266640044,0.0
TOSTADA-G_011_jpg.rf.9ccdeb5753c9cd5d19a9f9b7f930b630_r1c2.jpg,FN,-1,24,0.0,17485,0,201.51153822106858,0.0
TOSTADA-G_011_jpg.rf.9ccdeb5753c9cd5d19a9f9b7f930b630_r1c2.jpg,FN,-1,25,0.0,2961,0,34.125002268949615,0.0
TOSTADA-G_011_jpg.rf.9ccdeb5753c9cd5d19a9f9b7f930b630_r2c0.jpg,TP,4,21,0.8681597295584196,4348,4494,50.109932409791604,51.79255663514339
TOSTADA-G_011_jpg.rf.9ccdeb5753c9cd5d19a9f9b7f930b630_r2c0.jpg,TP,2,19,0.8353138976853515,54001,58434,622.3519917343966,673.4415341383998
TOSTADA-G_011_jpg.rf.9ccdeb5753c9cd5d19a9f9b7f930b630_r2c0.jpg,TP,0,7,0.8151004304160688,4556,5565,52.50709568974484,64.13564256221026
TOSTADA-G_011_jpg.rf.9ccdeb5753c9cd5d19a9f9b7f930b630_r2c0.jpg,TP,3,0,0.8120276398186137,8126,8657,93.65071544663444,99.77039670459197
TOSTADA-G_011_jpg.rf.9ccdeb5753c9cd5d19a9f9b7f930b630_r2c0.jpg,TP,10,3,0.7992710583153347,7017,6312,80.86968622803764,72.74468568781154
TOSTADA-G_011_jpg.rf.9ccdeb5753c9cd5d19a9f9b7f930b630_r2c0.jpg,TP,5,2,0.7579021636876764,40556,34190,467.400740297035,394.03371414231253
TOSTADA-G_011_jpg.rf.9ccdeb5753c9cd5d19a9f9b7f930b630_r2c0.jpg,TP,1,20,0.755038065382893,5179,6578,59.687060706143214,75.81028872852096
TOSTADA-G_011_jpg.rf.9ccdeb5753c9cd5d19a9f9b7f930b630_r2c0.jpg,TP,8,17,0.7514868309260833,1794,2329,20.675533289596626,26.841313841399412
TOSTADA-G_011_jpg.rf.9ccdeb5753c9cd5d19a9f9b7f930b630_r2c0.jpg,TP,11,18,0.7332583580411001,7687,9266,88.59131794711776,106.78901419253197
TOSTADA-G_011_jpg.rf.9ccdeb5753c9cd5d19a9f9b7f930b630_r2c0.jpg,TP,9,8,0.6597750076010945,2172,3287,25.031916557973172,37.88209471733786
TOSTADA-G_011_jpg.rf.9ccdeb5753c9cd5d19a9f9b7f930b630_r2c0.jpg,TP,7,16,0.6207146744059496,24220,38325,279.13122423301576,441.68885915484435
TOSTADA-G_011_jpg.rf.9ccdeb5753c9cd5d19a9f9b7f930b630_r2c0.jpg,TP,6,15,0.5095101539181834,8706,17087,100.33511305419634,196.92465848346575
TOSTADA-G_011_jpg.rf.9ccdeb5753c9cd5d19a9f9b7f930b630_r2c0.jpg,FP,12,-1,0.0,0,12059,0.0,138.97784611998088
TOSTADA-G_011_jpg.rf.9ccdeb5753c9cd5d19a9f9b7f930b630_r2c0.jpg,FN,-1,1,0.0,28286,0,325.99115642671694,0.0
TOSTADA-G_011_jpg.rf.9ccdeb5753c9cd5d19a9f9b7f930b630_r2c0.jpg,FN,-1,4,0.0,814,0,9.381206297509284,0.0
TOSTADA-G_011_jpg.rf.9ccdeb5753c9cd5d19a9f9b7f930b630_r2c0.jpg,FN,-1,5,0.0,4372,0,50.38652817286313,0.0
TOSTADA-G_011_jpg.rf.9ccdeb5753c9cd5d19a9f9b7f930b630_r2c0.jpg,FN,-1,6,0.0,17732,0,204.35816961601304,0.0
TOSTADA-G_011_jpg.rf.9ccdeb5753c9cd5d19a9f9b7f930b630_r2c0.jpg,FN,-1,9,0.0,4036,0,46.514187489861754,0.0
TOSTADA-G_011_jpg.rf.9ccdeb5753c9cd5d19a9f9b7f930b630_r2c0.jpg,FN,-1,10,0.0,4348,0,50.109932409791604,0.0
TOSTADA-G_011_jpg.rf.9ccdeb5753c9cd5d19a9f9b7f930b630_r2c0.jpg,FN,-1,11,0.0,8846,0,101.94858833878024,0.0
TOSTADA-G_011_jpg.rf.9ccdeb5753c9cd5d19a9f9b7f930b630_r2c0.jpg,FN,-1,12,0.0,1071,0,12.343085927066882,0.0
TOSTADA-G_011_jpg.rf.9ccdeb5753c9cd5d19a9f9b7f930b630_r2c0.jpg,FN,-1,13,0.0,4209,0,48.507981948669006,0.0
TOSTADA-G_011_jpg.rf.9ccdeb5753c9cd5d19a9f9b7f930b630_r2c0.jpg,FN,-1,14,0.0,17321,0,199.62146717341315,0.0
TOSTADA-G_011_jpg.rf.9ccdeb5753c9cd5d19a9f9b7f930b630_r2c0.jpg,FN,-1,22,0.0,1481,0,17.068263546205465,0.0
TOSTADA-G_011_jpg.rf.9ccdeb5753c9cd5d19a9f9b7f930b630_r2c0.jpg,FN,-1,23,0.0,1783,0,20.548760231522177,0.0
TOSTADA-G_011_jpg.rf.9ccdeb5753c9cd5d19a9f9b7f930b630_r2c1.jpg,TP,8,7,0.8925507900677201,4098,4286,47.2287265444632,49.39539335519016
TOSTADA-G_011_jpg.rf.9ccdeb5753c9cd5d19a9f9b7f930b630_r2c1.jpg,TP,1,1,0.8609996351696461,17066,18641,196.68263719077817,214.8342341423471
TOSTADA-G_011_jpg.rf.9ccdeb5753c9cd5d19a9f9b7f930b630_r2c1.jpg,TP,6,11,0.8530150753768844,6332,6943,72.97518215703782,80.01684929190043
TOSTADA-G_011_jpg.rf.9ccdeb5753c9cd5d19a9f9b7f930b630_r2c1.jpg,TP,2,8,0.7848006019563581,51590,59894,594.5656423691695,690.2677763919177
TOSTADA-G_011_jpg.rf.9ccdeb5753c9cd5d19a9f9b7f930b630_r2c1.jpg,TP,9,6,0.7745449119665772,5682,6211,65.48404690718397,71.58067851821887
TOSTADA-G_011_jpg.rf.9ccdeb5753c9cd5d19a9f9b7f930b630_r2c1.jpg,TP,4,10,0.6473359913011961,9037,13688,104.14982961989115,157.75178353846078
TOSTADA-G_011_jpg.rf.9ccdeb5753c9cd5d19a9f9b7f930b630_r2c1.jpg,TP,5,14,0.5413082722735478,62173,112001,716.5328490602515,1290.7917524905863
TOSTADA-G_011_jpg.rf.9ccdeb5753c9cd5d19a9f9b7f930b630_r2c1.jpg,FP,0,-1,0.0,0,8034,0.0,92.59043168819359
TOSTADA-G_011_jpg.rf.9ccdeb5753c9cd5d19a9f9b7f930b630_r2c1.jpg,FP,3,-1,0.0,0,15521,0.0,178.87678494304862
TOSTADA-G_011_jpg.rf.9ccdeb5753c9cd5d19a9f9b7f930b630_r2c1.jpg,FP,7,-1,0.0,0,3744,0.0,43.14893903915818
TOSTADA-G_011_jpg.rf.9ccdeb5753c9cd5d19a9f9b7f930b630_r2c1.jpg,FN,-1,0,0.0,3232,0,37.24822942696561,0.0
TOSTADA-G_011_jpg.rf.9ccdeb5753c9cd5d19a9f9b7f930b630_r2c1.jpg,FN,-1,2,0.0,11887,0,136.99557648463494,0.0
TOSTADA-G_011_jpg.rf.9ccdeb5753c9cd5d19a9f9b7f930b630_r2c1.jpg,FN,-1,3,0.0,6937,0,79.94770035113255,0.0
TOSTADA-G_011_jpg.rf.9ccdeb5753c9cd5d19a9f9b7f930b630_r2c1.jpg,FN,-1,4,0.0,8074,0,93.05142462664614,0.0
TOSTADA-G_011_jpg.rf.9ccdeb5753c9cd5d19a9f9b7f930b630_r2c1.jpg,FN,-1,5,0.0,3784,0,43.60993197761072,0.0
TOSTADA-G_011_jpg.rf.9ccdeb5753c9cd5d19a9f9b7f930b630_r2c1.jpg,FN,-1,9,0.0,3616,0,41.67376163611004,0.0
TOSTADA-G_011_jpg.rf.9ccdeb5753c9cd5d19a9f9b7f930b630_r2c1.jpg,FN,-1,12,0.0,2924,0,33.69858380088101,0.0
TOSTADA-G_011_jpg.rf.9ccdeb5753c9cd5d19a9f9b7f930b630_r2c1.jpg,FN,-1,13,0.0,810,0,9.335107003664028,0.0
TOSTADA-G_011_jpg.rf.9ccdeb5753c9cd5d19a9f9b7f930b630_r2c1.jpg,FN,-1,15,0.0,2873,0,33.11081780435402,0.0
TOSTADA-G_011_jpg.rf.9ccdeb5753c9cd5d19a9f9b7f930b630_r2c1.jpg,FN,-1,16,0.0,864,0,9.957447470574964,0.0
TOSTADA-G_011_jpg.rf.9ccdeb5753c9cd5d19a9f9b7f930b630_r2c1.jpg,FN,-1,17,0.0,1005,0,11.582447578620183,0.0
TOSTADA-G_011_jpg.rf.9ccdeb5753c9cd5d19a9f9b7f930b630_r2c1.jpg,FN,-1,18,0.0,30672,0,353.4893852054112,0.0
TOSTADA-G_011_jpg.rf.9ccdeb5753c9cd5d19a9f9b7f930b630_r2c1.jpg,FN,-1,19,0.0,7712,0,88.8794385336506,0.0
TOSTADA-G_011_jpg.rf.9ccdeb5753c9cd5d19a9f9b7f930b630_r2c1.jpg,FN,-1,20,0.0,1487,0,17.137412486973346,0.0
TOSTADA-G_011_jpg.rf.9ccdeb5753c9cd5d19a9f9b7f930b630_r2c1.jpg,FN,-1,21,0.0,1040,0,11.985816399766161,0.0
TOSTADA-G_011_jpg.rf.9ccdeb5753c9cd5d19a9f9b7f930b630_r2c2.jpg,TP,7,2,0.8252114377768828,20328,20460,234.27661132158318,235.79788801847658
TOSTADA-G_011_jpg.rf.9ccdeb5753c9cd5d19a9f9b7f930b630_r2c2.jpg,TP,1,10,0.8019748653500898,5143,4894,59.272167061535924,56.402486019668835
TOSTADA-G_011_jpg.rf.9ccdeb5753c9cd5d19a9f9b7f930b630_r2c2.jpg,TP,0,20,0.7922563511199636,23962,27327,276.1578197799969,314.9388507273172
TOSTADA-G_011_jpg.rf.9ccdeb5753c9cd5d19a9f9b7f930b630_r2c2.jpg,TP,6,9,0.7860334271057422,4793,6000,55.23847885007616,69.1489407678817
TOSTADA-G_011_jpg.rf.9ccdeb5753c9cd5d19a9f9b7f930b630_r2c2.jpg,TP,2,11,0.7631238686320145,3088,3730,35.58865484853644,42.98759151069979
TOSTADA-G_011_jpg.rf.9ccdeb5753c9cd5d19a9f9b7f930b630_r2c2.jpg,TP,3,8,0.7591111983126502,32985,38741,380.1463018714296,446.4831857147508
TOSTADA-G_011_jpg.rf.9ccdeb5753c9cd5d19a9f9b7f930b630_r2c2.jpg,TP,4,21,0.6883709146186977,3334,3330,38.423761420019595,38.37766212617434
TOSTADA-G_011_jpg.rf.9ccdeb5753c9cd5d19a9f9b7f930b630_r2c2.jpg,TP,10,17,0.6838128751811219,7426,8843,85.58333902371491,101.91401386839631
TOSTADA-G_011_jpg.rf.9ccdeb5753c9cd5d19a9f9b7f930b630_r2c2.jpg,TP,5,14,0.6718024482904179,12837,18847,147.94415877288287,217.20834777537772
TOSTADA-G_011_jpg.rf.9ccdeb5753c9cd5d19a9f9b7f930b630_r2c2.jpg,TP,8,16,0.6430727220465651,13787,9078,158.89274106113083,104.622347381805
TOSTADA-G_011_jpg.rf.9ccdeb5753c9cd5d19a9f9b7f930b630_r2c2.jpg,FP,9,-1,0.0,0,25092,0.0,289.1808702912812
TOSTADA-G_011_jpg.rf.9ccdeb5753c9cd5d19a9f9b7f930b630_r2c2.jpg,FN,-1,0,0.0,8410,0,96.92376530964751,0.0
TOSTADA-G_011_jpg.rf.9ccdeb5753c9cd5d19a9f9b7f930b630_r2c2.jpg,FN,-1,1,0.0,999,0,11.513298637852301,0.0
TOSTADA-G_011_jpg.rf.9ccdeb5753c9cd5d19a9f9b7f930b630_r2c2.jpg,FN,-1,3,0.0,5420,0,62.4645431603198,0.0
TOSTADA-G_011_jpg.rf.9ccdeb5753c9cd5d19a9f9b7f930b630_r2c2.jpg,FN,-1,4,0.0,4666,0,53.77482627048933,0.0
TOSTADA-G_011_jpg.rf.9ccdeb5753c9cd5d19a9f9b7f930b630_r2c2.jpg,FN,-1,5,0.0,2377,0,27.394505367542465,0.0
TOSTADA-G_011_jpg.rf.9ccdeb5753c9cd5d19a9f9b7f930b630_r2c2.jpg,FN,-1,6,0.0,3858,0,44.46276891374793,0.0
TOSTADA-G_011_jpg.rf.9ccdeb5753c9cd5d19a9f9b7f930b630_r2c2.jpg,FN,-1,7,0.0,4692,0,54.074471680483484,0.0
TOSTADA-G_011_jpg.rf.9ccdeb5753c9cd5d19a9f9b7f930b630_r2c2.jpg,FN,-1,12,0.0,13079,0,150.7331660505208,0.0
TOSTADA-G_011_jpg.rf.9ccdeb5753c9cd5d19a9f9b7f930b630_r2c2.jpg,FN,-1,13,0.0,14847,0,171.10905393012325,0.0
TOSTADA-G_011_jpg.rf.9ccdeb5753c9cd5d19a9f9b7f930b630_r2c2.jpg,FN,-1,15,0.0,1635,0,18.843086359247764,0.0
TOSTADA-G_011_jpg.rf.9ccdeb5753c9cd5d19a9f9b7f930b630_r2c2.jpg,FN,-1,18,0.0,2597,0,29.92996652903146,0.0
TOSTADA-G_011_jpg.rf.9ccdeb5753c9cd5d19a9f9b7f930b630_r2c2.jpg,FN,-1,19,0.0,22400,0,258.156045533425,0.0
TP-D_001_jpg.rf.a759b345b354228cb1ebf83b7e7c1c88_r0c0.jpg,TP,2,16,0.8823724320742213,2756,2925,31.762413459380326,33.710108624342325
TP-D_001_jpg.rf.a759b345b354228cb1ebf83b7e7c1c88_r0c0.jpg,TP,3,4,0.8408854644407754,15713,14391,181.08955104762086,165.85373443176425
TP-D_001_jpg.rf.a759b345b354228cb1ebf83b7e7c1c88_r0c0.jpg,TP,6,9,0.8368250539956803,26054,24973,300.26775046106496,287.8094162993849
TP-D_001_jpg.rf.a759b345b354228cb1ebf83b7e7c1c88_r0c0.jpg,TP,11,0,0.8089600662685948,28432,23979,327.67378065206873,276.3537417788392
TP-D_001_jpg.rf.a759b345b354228cb1ebf83b7e7c1c88_r0c0.jpg,TP,0,5,0.8022554929029749,4937,4332,56.89805342850532,49.92553523441058
TP-D_001_jpg.rf.a759b345b354228cb1ebf83b7e7c1c88_r0c0.jpg,TP,4,15,0.7773264401772526,2278,2535,26.25354784487242,29.215427474430015
TP-D_001_jpg.rf.a759b345b354228cb1ebf83b7e7c1c88_r0c0.jpg,TP,1,6,0.7759220598469033,5256,4952,60.57447211266437,57.07092578042503
TP-D_001_jpg.rf.a759b345b354228cb1ebf83b7e7c1c88_r0c0.jpg,TP,5,7,0.7727639000805802,4560,4240,52.55319498359009,48.86525147596973
TP-D_001_jpg.rf.a759b345b354228cb1ebf83b7e7c1c88_r0c0.jpg,TP,10,8,0.7530842593402748,8870,11166,102.22518410185177,128.68617876902783
TP-D_001_jpg.rf.a759b345b354228cb1ebf83b7e7c1c88_r0c0.jpg,TP,7,13,0.7011742892459827,3077,2428,35.461881790461995,27.982271364069458
TP-D_001_jpg.rf.a759b345b354228cb1ebf83b7e7c1c88_r0c0.jpg,TP,8,14,0.6373693915181315,1589,1075,18.312944480027337,12.389185220912138
TP-D_001_jpg.rf.a759b345b354228cb1ebf83b7e7c1c88_r0c0.jpg,FP,9,-1,0.0,0,3805,0.0,43.85195327029831
TP-D_001_jpg.rf.a759b345b354228cb1ebf83b7e7c1c88_r0c0.jpg,FN,-1,1,0.0,17483,0,201.48848857414595,0.0
TP-D_001_jpg.rf.a759b345b354228cb1ebf83b7e7c1c88_r0c0.jpg,FN,-1,2,0.0,1217,0,14.02571015241867,0.0
TP-D_001_jpg.rf.a759b345b354228cb1ebf83b7e7c1c88_r0c0.jpg,FN,-1,3,0.0,1118,0,12.884752629748622,0.0
TP-D_001_jpg.rf.a759b345b354228cb1ebf83b7e7c1c88_r0c0.jpg,FN,-1,10,0.0,2450,0,28.23581748021836,0.0
TP-D_001_jpg.rf.a759b345b354228cb1ebf83b7e7c1c88_r0c0.jpg,FN,-1,11,0.0,13587,0,156.5877763688681,0.0
TP-D_001_jpg.rf.a759b345b354228cb1ebf83b7e7c1c88_r0c0.jpg,FN,-1,12,0.0,907,0,10.45301487941145,0.0
TP-D_001_jpg.rf.a759b345b354228cb1ebf83b7e7c1c88_r0c1.jpg,TP,4,13,0.8586848072562359,11014,9478,126.93440560290817,109.23227676633046
TP-D_001_jpg.rf.a759b345b354228cb1ebf83b7e7c1c88_r0c1.jpg,TP,1,18,0.8504025163938796,17635,17073,203.24026174026562,196.76331095500737
TP-D_001_jpg.rf.a759b345b354228cb1ebf83b7e7c1c88_r0c1.jpg,TP,2,16,0.8251283867540287,21310,19916,245.59398796059315,229.52838405552197
TP-D_001_jpg.rf.a759b345b354228cb1ebf83b7e7c1c88_r0c1.jpg,TP,3,1,0.8187873844480696,6891,6488,79.41755847191213,74.77305461700274
TP-D_001_jpg.rf.a759b345b354228cb1ebf83b7e7c1c88_r0c1.jpg,TP,7,9,0.8083763625932301,11820,10244,136.22341331272693,118.06029153769668
TP-D_001_jpg.rf.a759b345b354228cb1ebf83b7e7c1c88_r0c1.jpg,TP,0,5,0.8054769371988068,12859,10744,148.1977048890318,123.8227032683535
TP-D_001_jpg.rf.a759b345b354228cb1ebf83b7e7c1c88_r0c1.jpg,TP,9,0,0.7646052690035097,40352,39087,465.049676310927,450.4707746323653
TP-D_001_jpg.rf.a759b345b354228cb1ebf83b7e7c1c88_r0c1.jpg,TP,16,11,0.7386848847139197,4583,3561,52.8182659232003,41.03989634573779
TP-D_001_jpg.rf.a759b345b354228cb1ebf83b7e7c1c88_r0c1.jpg,TP,15,8,0.7313642756680732,1400,1062,16.134752845839063,12.23936251591506
TP-D_001_jpg.rf.a759b345b354228cb1ebf83b7e7c1c88_r0c1.jpg,TP,6,14,0.7141908713692946,5778,4550,66.59042995947007,52.437946748976955
TP-D_001_jpg.rf.a759b345b354228cb1ebf83b7e7c1c88_r0c1.jpg,TP,11,6,0.6964285714285714,1386,1274,15.97340531738067,14.682625089713547
TP-D_001_jpg.rf.a759b345b354228cb1ebf83b7e7c1c88_r0c1.jpg,TP,20,7,0.6596244131455399,2129,1406,24.536349149136687,16.203901786606945
TP-D_001_jpg.rf.a759b345b354228cb1ebf83b7e7c1c88_r0c1.jpg,TP,12,12,0.6540071770334929,13175,8949,151.8395491028069,103.13564515529555
TP-D_001_jpg.rf.a759b345b354228cb1ebf83b7e7c1c88_r0c1.jpg,TP,21,3,0.559153713298791,2295,1316,26.44946984371475,15.166667675088718
TP-D_001_jpg.rf.a759b345b354228cb1ebf83b7e7c1c88_r0c1.jpg,TP,22,15,0.5307610241820768,3092,5517,35.6347541423817,63.58245103606722
TP-D_001_jpg.rf.a759b345b354228cb1ebf83b7e7c1c88_r0c1.jpg,TP,18,10,0.509637322004563,12386,6803,142.74646339183045,78.40337400731653
TP-D_001_jpg.rf.a759b345b354228cb1ebf83b7e7c1c88_r0c1.jpg,FP,5,-1,0.0,0,7989,0.0,92.07181463243448
TP-D_001_jpg.rf.a759b345b354228cb1ebf83b7e7c1c88_r0c1.jpg,FP,8,-1,0.0,0,7048,0.0,81.22695575533837
TP-D_001_jpg.rf.a759b345b354228cb1ebf83b7e7c1c88_r0c1.jpg,FP,10,-1,0.0,0,1054,0.0,12.14716392822455
TP-D_001_jpg.rf.a759b345b354228cb1ebf83b7e7c1c88_r0c1.jpg,FP,13,-1,0.0,0,3498,0.0,40.31383246767503
TP-D_001_jpg.rf.a759b345b354228cb1ebf83b7e7c1c88_r0c1.jpg,FP,14,-1,0.0,0,4295,0.0,49.49911676634198
TP-D_001_jpg.rf.a759b345b354228cb1ebf83b7e7c1c88_r0c1.jpg,FP,17,-1,0.0,0,2733,0.0,31.49734251977011
TP-D_001_jpg.rf.a759b345b354228cb1ebf83b7e7c1c88_r0c1.jpg,FP,19,-1,0.0,0,652,0.0,7.514184896776477
TP-D_001_jpg.rf.a759b345b354228cb1ebf83b7e7c1c88_r0c1.jpg,FN,-1,2,0.0,1801,0,20.756207053825822,0.0
TP-D_001_jpg.rf.a759b345b354228cb1ebf83b7e7c1c88_r0c1.jpg,FN,-1,4,0.0,26024,0,299.9220057572255,0.0
TP-D_001_jpg.rf.a759b345b354228cb1ebf83b7e7c1c88_r0c1.jpg,FN,-1,17,0.0,7169,0,82.62145939415731,0.0
TP-D_001_jpg.rf.a759b345b354228cb1ebf83b7e7c1c88_r0c1.jpg,FN,-1,19,0.0,2452,0,28.258867127140984,0.0
TP-D_001_jpg.rf.a759b345b354228cb1ebf83b7e7c1c88_r0c2.jpg,TP,1,7,0.8963778305775105,19684,19425,226.85462501249722,223.86969573601698
TP-D_001_jpg.rf.a759b345b354228cb1ebf83b7e7c1c88_r0c2.jpg,TP,5,3,0.8818752063387256,27748,29254,319.7908014045302,337.1471855372685
TP-D_001_jpg.rf.a759b345b354228cb1ebf83b7e7c1c88_r0c2.jpg,TP,26,25,0.8758023106546855,8841,8694,101.89096422147368,100.19681517266058
TP-D_001_jpg.rf.a759b345b354228cb1ebf83b7e7c1c88_r0c2.jpg,TP,2,2,0.8700879239188947,5299,5123,61.07003952150085,59.04167059230966
TP-D_001_jpg.rf.a759b345b354228cb1ebf83b7e7c1c88_r0c2.jpg,TP,7,1,0.8549601893694857,4341,4279,50.02925864556241,49.31471959096096
TP-D_001_jpg.rf.a759b345b354228cb1ebf83b7e7c1c88_r0c2.jpg,TP,3,4,0.8476707138551623,10995,10462,126.7154339571432,120.57270305226305
TP-D_001_jpg.rf.a759b345b354228cb1ebf83b7e7c1c88_r0c2.jpg,TP,0,10,0.8291948436179205,18846,15777,217.1968229519164,181.82713974914492
TP-D_001_jpg.rf.a759b345b354228cb1ebf83b7e7c1c88_r0c2.jpg,TP,13,5,0.8258536585365853,5412,5817,62.37234457262929,67.0398980744613
TP-D_001_jpg.rf.a759b345b354228cb1ebf83b7e7c1c88_r0c2.jpg,TP,21,8,0.8242715530189246,3074,2999,35.42730732007806,34.562945560479534
TP-D_001_jpg.rf.a759b345b354228cb1ebf83b7e7c1c88_r0c2.jpg,TP,25,23,0.8133946691922609,32936,34078,379.5815855218253,392.7429339146454
TP-D_001_jpg.rf.a759b345b354228cb1ebf83b7e7c1c88_r0c2.jpg,TP,29,12,0.8130691418164264,43823,38804,505.0523385451466,447.20924959281353
TP-D_001_jpg.rf.a759b345b354228cb1ebf83b7e7c1c88_r0c2.jpg,TP,12,21,0.8121414913957935,9834,9121,113.3351139185581,105.11791479064149
TP-D_001_jpg.rf.a759b345b354228cb1ebf83b7e7c1c88_r0c2.jpg,TP,4,17,0.7910744306892863,5971,5748,68.8147208875036,66.24468525563066
TP-D_001_jpg.rf.a759b345b354228cb1ebf83b7e7c1c88_r0c2.jpg,TP,14,22,0.7376576029166034,5034,6405,58.01596130425274,73.81649426971371
TP-D_001_jpg.rf.a759b345b354228cb1ebf83b7e7c1c88_r0c2.jpg,TP,8,0,0.7033598045204643,7421,6521,85.52571490640834,75.15337379122609
TP-D_001_jpg.rf.a759b345b354228cb1ebf83b7e7c1c88_r0c2.jpg,TP,27,24,0.6948453608247422,762,882,8.781915477520975,10.164894292878609
TP-D_001_jpg.rf.a759b345b354228cb1ebf83b7e7c1c88_r0c2.jpg,TP,11,18,0.6913604766633565,4896,3620,56.425535666591465,41.71986092995529
TP-D_001_jpg.rf.a759b345b354228cb1ebf83b7e7c1c88_r0c2.jpg,TP,6,11,0.6414321574844761,7436,4988,85.69858725832805,57.48581942503232
TP-D_001_jpg.rf.a759b345b354228cb1ebf83b7e7c1c88_r0c2.jpg,TP,15,20,0.6413664174031272,28836,19453,332.32980933043945,224.19239079293376
TP-D_001_jpg.rf.a759b345b354228cb1ebf83b7e7c1c88_r0c2.jpg,TP,18,16,0.5577758470894874,2302,1284,26.530143607943945,14.797873324326682
TP-D_001_jpg.rf.a759b345b354228cb1ebf83b7e7c1c88_r0c2.jpg,TP,17,19,0.5511989355377516,31974,22819,368.49470535204154,262.9849465637154
TP-D_001_jpg.rf.a759b345b354228cb1ebf83b7e7c1c88_r0c2.jpg,TP,24,15,0.5220025510204082,3136,1637,36.1418463746795,18.86613600617039
TP-D_001_jpg.rf.a759b345b354228cb1ebf83b7e7c1c88_r0c2.jpg,FP,9,-1,0.0,0,7646,0.0,88.11880018520391
TP-D_001_jpg.rf.a759b345b354228cb1ebf83b7e7c1c88_r0c2.jpg,FP,10,-1,0.0,0,27690,0.0,319.122361643774
TP-D_001_jpg.rf.a759b345b354228cb1ebf83b7e7c1c88_r0c2.jpg,FP,16,-1,0.0,0,6501,0.0,74.92287732199982
TP-D_001_jpg.rf.a759b345b354228cb1ebf83b7e7c1c88_r0c2.jpg,FP,19,-1,0.0,0,1724,0.0,19.868795647304673
TP-D_001_jpg.rf.a759b345b354228cb1ebf83b7e7c1c88_r0c2.jpg,FP,20,-1,0.0,0,9525,0.0,109.7739434690122
TP-D_001_jpg.rf.a759b345b354228cb1ebf83b7e7c1c88_r0c2.jpg,FP,22,-1,0.0,0,1549,0.0,17.851951541574792
TP-D_001_jpg.rf.a759b345b354228cb1ebf83b7e7c1c88_r0c2.jpg,FP,23,-1,0.0,0,1368,0.0,15.765958495077026
TP-D_001_jpg.rf.a759b345b354228cb1ebf83b7e7c1c88_r0c2.jpg,FP,28,-1,0.0,0,2085,0.0,24.02925691683889
TP-D_001_jpg.rf.a759b345b354228cb1ebf83b7e7c1c88_r0c2.jpg,FN,-1,6,0.0,4576,0,52.737592158971104,0.0
TP-D_001_jpg.rf.a759b345b354228cb1ebf83b7e7c1c88_r0c2.jpg,FN,-1,9,0.0,7609,0,87.6923817171353,0.0
TP-D_001_jpg.rf.a759b345b354228cb1ebf83b7e7c1c88_r0c2.jpg,FN,-1,13,0.0,11797,0,135.95834237311672,0.0
TP-D_001_jpg.rf.a759b345b354228cb1ebf83b7e7c1c88_r0c2.jpg,FN,-1,14,0.0,1303,0,15.016844970091642,0.0
TP-D_001_jpg.rf.a759b345b354228cb1ebf83b7e7c1c88_r1c0.jpg,TP,7,13,0.8724891342652414,16322,15559,188.10816853556085,179.31472823457855
TP-D_001_jpg.rf.a759b345b354228cb1ebf83b7e7c1c88_r1c0.jpg,TP,13,11,0.867811442859244,24674,26123,284.36349408445216,301.0629632798956
TP-D_001_jpg.rf.a759b345b354228cb1ebf83b7e7c1c88_r1c0.jpg,TP,11,24,0.856340778713536,16250,14168,187.27838124634624,163.2836987998913
TP-D_001_jpg.rf.a759b345b354228cb1ebf83b7e7c1c88_r1c0.jpg,TP,3,6,0.8532277710109623,9551,8707,110.07358887900635,100.34663787765766
TP-D_001_jpg.rf.a759b345b354228cb1ebf83b7e7c1c88_r1c0.jpg,TP,6,9,0.8513677075768579,3665,3983,42.238477985714404,45.903371846412135
TP-D_001_jpg.rf.a759b345b354228cb1ebf83b7e7c1c88_r1c0.jpg,TP,26,21,0.845222072678331,6441,5898,74.231387914321,67.9734087748277
TP-D_001_jpg.rf.a759b345b354228cb1ebf83b7e7c1c88_r1c0.jpg,TP,1,0,0.8266210542683875,6067,5680,69.9211039397897,65.46099726026134
TP-D_001_jpg.rf.a759b345b354228cb1ebf83b7e7c1c88_r1c0.jpg,TP,10,23,0.8164726947179947,3028,3059,34.89716544085763,35.25443496815835
TP-D_001_jpg.rf.a759b345b354228cb1ebf83b7e7c1c88_r1c0.jpg,TP,8,12,0.8040789759166848,3991,4324,45.99557043410264,49.83333664672008
TP-D_001_jpg.rf.a759b345b354228cb1ebf83b7e7c1c88_r1c0.jpg,TP,12,25,0.7969675432362,3514,4071,40.49822964305604,46.91755631100773
TP-D_001_jpg.rf.a759b345b354228cb1ebf83b7e7c1c88_r1c0.jpg,TP,4,3,0.7916526873783802,14616,12085,168.44681971055982,139.27749152997504
TP-D_001_jpg.rf.a759b345b354228cb1ebf83b7e7c1c88_r1c0.jpg,TP,25,4,0.7866776315789473,5679,5184,65.44947243680002,59.74468482344979
TP-D_001_jpg.rf.a759b345b354228cb1ebf83b7e7c1c88_r1c0.jpg,TP,19,10,0.7765165612206922,5173,4374,59.61791176537533,50.40957781978575
TP-D_001_jpg.rf.a759b345b354228cb1ebf83b7e7c1c88_r1c0.jpg,TP,2,26,0.7546285969217043,3738,4128,43.0797900983903,47.57447124830261
TP-D_001_jpg.rf.a759b345b354228cb1ebf83b7e7c1c88_r1c0.jpg,TP,22,7,0.725212895377129,12390,10300,142.7925626856757,118.70568165153024
TP-D_001_jpg.rf.a759b345b354228cb1ebf83b7e7c1c88_r1c0.jpg,TP,24,15,0.7195273631840796,3043,2487,35.070037792777335,28.662235948286963
TP-D_001_jpg.rf.a759b345b354228cb1ebf83b7e7c1c88_r1c0.jpg,TP,18,19,0.7186440677966102,1475,1060,16.999114605437583,12.216312868992432
TP-D_001_jpg.rf.a759b345b354228cb1ebf83b7e7c1c88_r1c0.jpg,TP,21,16,0.7169600162783599,9605,7271,110.69592934591728,83.7969913872113
TP-D_001_jpg.rf.a759b345b354228cb1ebf83b7e7c1c88_r1c0.jpg,TP,16,1,0.7136084284460052,5106,4653,58.84574859346732,53.62500356549226
TP-D_001_jpg.rf.a759b345b354228cb1ebf83b7e7c1c88_r1c0.jpg,TP,0,30,0.7116065679330328,12424,8841,143.18440668336035,101.89096422147368
TP-D_001_jpg.rf.a759b345b354228cb1ebf83b7e7c1c88_r1c0.jpg,TP,5,8,0.6940568475452197,5805,4029,66.90160019292554,46.43351372563256
TP-D_001_jpg.rf.a759b345b354228cb1ebf83b7e7c1c88_r1c0.jpg,TP,17,18,0.6423673763984121,2355,2196,27.140959251393564,25.3085123210447
TP-D_001_jpg.rf.a759b345b354228cb1ebf83b7e7c1c88_r1c0.jpg,TP,23,2,0.5552486187845304,2504,1437,28.858157947129293,16.561171313907664
TP-D_001_jpg.rf.a759b345b354228cb1ebf83b7e7c1c88_r1c0.jpg,TP,14,14,0.5511727078891258,1875,1035,21.60904398996303,11.928192282459593
TP-D_001_jpg.rf.a759b345b354228cb1ebf83b7e7c1c88_r1c0.jpg,FP,9,-1,0.0,0,5437,0.0,62.66046515916213
TP-D_001_jpg.rf.a759b345b354228cb1ebf83b7e7c1c88_r1c0.jpg,FP,15,-1,0.0,0,1663,0.0,19.165781416164542
TP-D_001_jpg.rf.a759b345b354228cb1ebf83b7e7c1c88_r1c0.jpg,FP,20,-1,0.0,0,3476,0.0,40.06028635152613
TP-D_001_jpg.rf.a759b345b354228cb1ebf83b7e7c1c88_r1c0.jpg,FP,27,-1,0.0,0,5310,0.0,61.1968125795753
TP-D_001_jpg.rf.a759b345b354228cb1ebf83b7e7c1c88_r1c0.jpg,FP,28,-1,0.0,0,4195,0.0,48.34663442021062
TP-D_001_jpg.rf.a759b345b354228cb1ebf83b7e7c1c88_r1c0.jpg,FP,29,-1,0.0,0,2074,0.0,23.902483858764437
TP-D_001_jpg.rf.a759b345b354228cb1ebf83b7e7c1c88_r1c0.jpg,FN,-1,5,0.0,4115,0,47.42464854330553,0.0
TP-D_001_jpg.rf.a759b345b354228cb1ebf83b7e7c1c88_r1c0.jpg,FN,-1,17,0.0,3625,0,41.777485047261855,0.0
TP-D_001_jpg.rf.a759b345b354228cb1ebf83b7e7c1c88_r1c0.jpg,FN,-1,20,0.0,12190,0,140.48759799341298,0.0
TP-D_001_jpg.rf.a759b345b354228cb1ebf83b7e7c1c88_r1c0.jpg,FN,-1,22,0.0,4225,0,48.69237912405003,0.0
TP-D_001_jpg.rf.a759b345b354228cb1ebf83b7e7c1c88_r1c0.jpg,FN,-1,27,0.0,24924,0,287.24469994978057,0.0
TP-D_001_jpg.rf.a759b345b354228cb1ebf83b7e7c1c88_r1c0.jpg,FN,-1,28,0.0,1331,0,15.339540027008423,0.0
TP-D_001_jpg.rf.a759b345b354228cb1ebf83b7e7c1c88_r1c0.jpg,FN,-1,29,0.0,3025,0,34.86259097047369,0.0
TP-D_001_jpg.rf.a759b345b354228cb1ebf83b7e7c1c88_r1c1.jpg,TP,2,7,0.8687764563596049,4603,4668,53.048762392426575,53.79787591741196
TP-D_001_jpg.rf.a759b345b354228cb1ebf83b7e7c1c88_r1c1.jpg,TP,1,6,0.8471130387638927,3607,3207,41.57003822495821,36.96010884043277
TP-D_001_jpg.rf.a759b345b354228cb1ebf83b7e7c1c88_r1c1.jpg,TP,8,8,0.8378502526412495,4224,3778,48.68085430058871,43.54078303684284
TP-D_001_jpg.rf.a759b345b354228cb1ebf83b7e7c1c88_r1c1.jpg,TP,3,5,0.8272788054379318,4134,4065,47.64362018907049,46.84840737023985
TP-D_001_jpg.rf.a759b345b354228cb1ebf83b7e7c1c88_r1c1.jpg,TP,16,4,0.8262676641729011,3025,3566,34.86259097047369,41.097520463044354
TP-D_001_jpg.rf.a759b345b354228cb1ebf83b7e7c1c88_r1c1.jpg,TP,6,16,0.8181482847657691,7150,7637,82.40248774839235,88.01507677405209
TP-D_001_jpg.rf.a759b345b354228cb1ebf83b7e7c1c88_r1c1.jpg,TP,18,11,0.7999706916764361,6739,5544,77.66578530579245,63.89362126952268
TP-D_001_jpg.rf.a759b345b354228cb1ebf83b7e7c1c88_r1c1.jpg,TP,14,19,0.7907805494884469,7719,7859,88.9601122978798,90.5735875824637
TP-D_001_jpg.rf.a759b345b354228cb1ebf83b7e7c1c88_r1c1.jpg,TP,11,14,0.7873336619024149,3950,3303,45.52305267218878,38.06649189271887
TP-D_001_jpg.rf.a759b345b354228cb1ebf83b7e7c1c88_r1c1.jpg,TP,0,10,0.7713445995591477,5744,6310,66.19858596178541,72.72163604088891
TP-D_001_jpg.rf.a759b345b354228cb1ebf83b7e7c1c88_r1c1.jpg,TP,10,20,0.7489053873976775,5171,4016,59.59486211845271,46.28369102063548
TP-D_001_jpg.rf.a759b345b354228cb1ebf83b7e7c1c88_r1c1.jpg,TP,5,0,0.7370776783136009,6536,5495,75.3262461431458,63.328904919918315
TP-D_001_jpg.rf.a759b345b354228cb1ebf83b7e7c1c88_r1c1.jpg,TP,4,18,0.7198298777246146,7500,5440,86.43617595985212,62.69503962954607
TP-D_001_jpg.rf.a759b345b354228cb1ebf83b7e7c1c88_r1c1.jpg,TP,21,1,0.7177157689811811,1350,1297,15.558511672773381,14.94769602932376
TP-D_001_jpg.rf.a759b345b354228cb1ebf83b7e7c1c88_r1c1.jpg,TP,9,3,0.6951603931021695,3813,5329,43.944151857988814,61.41578422534026
TP-D_001_jpg.rf.a759b345b354228cb1ebf83b7e7c1c88_r1c1.jpg,TP,7,22,0.6869946091644205,5929,4085,68.33067830212843,47.07890383946612
TP-D_001_jpg.rf.a759b345b354228cb1ebf83b7e7c1c88_r1c1.jpg,TP,25,9,0.6199765899336714,1741,2411,20.064717646147006,27.786349365227128
TP-D_001_jpg.rf.a759b345b354228cb1ebf83b7e7c1c88_r1c1.jpg,TP,17,23,0.6113395368967756,4621,2825,53.25620921473022,32.55762627821097
TP-D_001_jpg.rf.a759b345b354228cb1ebf83b7e7c1c88_r1c1.jpg,TP,20,13,0.5339321357285429,1759,1315,20.27216446845065,15.155142851627405
TP-D_001_jpg.rf.a759b345b354228cb1ebf83b7e7c1c88_r1c1.jpg,TP,12,17,0.5105320123220382,11696,6447,134.79433520352404,74.30053685508888
TP-D_001_jpg.rf.a759b345b354228cb1ebf83b7e7c1c88_r1c1.jpg,FP,13,-1,0.0,0,6004,0.0,69.19504006172694
TP-D_001_jpg.rf.a759b345b354228cb1ebf83b7e7c1c88_r1c1.jpg,FP,15,-1,0.0,0,13032,0.0,150.19149934783903
TP-D_001_jpg.rf.a759b345b354228cb1ebf83b7e7c1c88_r1c1.jpg,FP,19,-1,0.0,0,3867,0.0,44.566492324899755
TP-D_001_jpg.rf.a759b345b354228cb1ebf83b7e7c1c88_r1c1.jpg,FP,22,-1,0.0,0,11686,0.0,134.67908696891092
TP-D_001_jpg.rf.a759b345b354228cb1ebf83b7e7c1c88_r1c1.jpg,FP,23,-1,0.0,0,4822,0.0,55.572698730454256
TP-D_001_jpg.rf.a759b345b354228cb1ebf83b7e7c1c88_r1c1.jpg,FP,24,-1,0.0,0,1936,0.0,22.31205822110316
TP-D_001_jpg.rf.a759b345b354228cb1ebf83b7e7c1c88_r1c1.jpg,FN,-1,2,0.0,1223,0,14.094859093186551,0.0
TP-D_001_jpg.rf.a759b345b354228cb1ebf83b7e7c1c88_r1c1.jpg,FN,-1,12,0.0,6816,0,78.5531967123136,0.0
TP-D_001_jpg.rf.a759b345b354228cb1ebf83b7e7c1c88_r1c1.jpg,FN,-1,15,0.0,11927,0,137.4565694230875,0.0
TP-D_001_jpg.rf.a759b345b354228cb1ebf83b7e7c1c88_r1c1.jpg,FN,-1,21,0.0,7149,0,82.39096292493105,0.0
TP-D_001_jpg.rf.a759b345b354228cb1ebf83b7e7c1c88_r1c2.jpg,TP,10,22,0.8709016393442623,3574,3730,41.189719050734865,42.98759151069979
TP-D_001_jpg.rf.a759b345b354228cb1ebf83b7e7c1c88_r1c2.jpg,TP,6,17,0.8426635238656452,5938,6570,68.43440171328025,75.71809014083045
TP-D_001_jpg.rf.a759b345b354228cb1ebf83b7e7c1c88_r1c2.jpg,TP,9,18,0.8238737326225567,17816,17082,205.32625478676337,196.86703436615917
TP-D_001_jpg.rf.a759b345b354228cb1ebf83b7e7c1c88_r1c2.jpg,TP,5,19,0.8219061166429588,3240,3164,37.34042801465611,36.46454143159628
TP-D_001_jpg.rf.a759b345b354228cb1ebf83b7e7c1c88_r1c2.jpg,TP,3,11,0.8041771696074901,13170,11881,151.78192498550032,136.92642754386708
TP-D_001_jpg.rf.a759b345b354228cb1ebf83b7e7c1c88_r1c2.jpg,TP,0,5,0.7936811168258633,5848,6358,67.39716760176202,73.27482756703196
TP-D_001_jpg.rf.a759b345b354228cb1ebf83b7e7c1c88_r1c2.jpg,TP,2,12,0.7934498956158664,7036,6709,81.0886578738026,77.32004060195305
TP-D_001_jpg.rf.a759b345b354228cb1ebf83b7e7c1c88_r1c2.jpg,TP,24,7,0.7865828092243187,4335,4187,49.960109704794526,48.25443583252011
TP-D_001_jpg.rf.a759b345b354228cb1ebf83b7e7c1c88_r1c2.jpg,TP,4,2,0.7775441547518923,4542,3912,52.345748161286444,45.085109380658864
TP-D_001_jpg.rf.a759b345b354228cb1ebf83b7e7c1c88_r1c2.jpg,TP,20,6,0.7452157598499062,4195,5107,48.34663442021062,58.857273416928635
TP-D_001_jpg.rf.a759b345b354228cb1ebf83b7e7c1c88_r1c2.jpg,TP,13,14,0.7197411003236246,10314,8285,118.86702917998863,95.4831623769833
TP-D_001_jpg.rf.a759b345b354228cb1ebf83b7e7c1c88_r1c2.jpg,TP,12,1,0.7195656315488664,5101,3925,58.78812447616075,45.23493208565594
TP-D_001_jpg.rf.a759b345b354228cb1ebf83b7e7c1c88_r1c2.jpg,TP,7,15,0.7155126140633387,1822,1374,20.998228346513407,15.835107435844908
TP-D_001_jpg.rf.a759b345b354228cb1ebf83b7e7c1c88_r1c2.jpg,TP,22,4,0.712662880053458,2730,2396,31.46276804938617,27.613477013307424
TP-D_001_jpg.rf.a759b345b354228cb1ebf83b7e7c1c88_r1c2.jpg,TP,8,9,0.6689886014112538,7403,11046,85.3182680841047,127.3031999536702
TP-D_001_jpg.rf.a759b345b354228cb1ebf83b7e7c1c88_r1c2.jpg,TP,23,8,0.6415362731152204,2084,1378,24.017732093377575,15.881206729690163
TP-D_001_jpg.rf.a759b345b354228cb1ebf83b7e7c1c88_r1c2.jpg,TP,21,10,0.6233468972533062,3218,3165,37.086881898507215,36.476066255057596
TP-D_001_jpg.rf.a759b345b354228cb1ebf83b7e7c1c88_r1c2.jpg,TP,14,13,0.5916551691326895,38766,28144,446.77130630128363,324.3546314952104
TP-D_001_jpg.rf.a759b345b354228cb1ebf83b7e7c1c88_r1c2.jpg,TP,17,20,0.5746320953048353,1391,856,16.03102943468724,9.865248882884455
TP-D_001_jpg.rf.a759b345b354228cb1ebf83b7e7c1c88_r1c2.jpg,TP,1,3,0.5652173913043478,6501,3975,74.92287732199982,45.811173258721624
TP-D_001_jpg.rf.a759b345b354228cb1ebf83b7e7c1c88_r1c2.jpg,FP,11,-1,0.0,0,3800,0.0,43.79432915299174
TP-D_001_jpg.rf.a759b345b354228cb1ebf83b7e7c1c88_r1c2.jpg,FP,15,-1,0.0,0,4449,0.0,51.273939579384276
TP-D_001_jpg.rf.a759b345b354228cb1ebf83b7e7c1c88_r1c2.jpg,FP,16,-1,0.0,0,1401,0.0,16.146277669300375
TP-D_001_jpg.rf.a759b345b354228cb1ebf83b7e7c1c88_r1c2.jpg,FP,18,-1,0.0,0,2921,0.0,33.66400933049707
TP-D_001_jpg.rf.a759b345b354228cb1ebf83b7e7c1c88_r1c2.jpg,FP,19,-1,0.0,0,9742,0.0,112.27483016011725
TP-D_001_jpg.rf.a759b345b354228cb1ebf83b7e7c1c88_r1c2.jpg,FN,-1,0,0.0,16809,0,193.72075756122058,0.0
TP-D_001_jpg.rf.a759b345b354228cb1ebf83b7e7c1c88_r1c2.jpg,FN,-1,16,0.0,1373,0,15.823582612383595,0.0
TP-D_001_jpg.rf.a759b345b354228cb1ebf83b7e7c1c88_r1c2.jpg,FN,-1,21,0.0,12939,0,149.11969076593687,0.0
TP-D_001_jpg.rf.a759b345b354228cb1ebf83b7e7c1c88_r1c2.jpg,FN,-1,23,0.0,16665,0,192.0611829827914,0.0
TP-D_001_jpg.rf.a759b345b354228cb1ebf83b7e7c1c88_r2c0.jpg,TP,3,4,0.894044486964841,11787,11970,135.8430941385036,137.95213683192398
TP-D_001_jpg.rf.a759b345b354228cb1ebf83b7e7c1c88_r2c0.jpg,TP,1,16,0.8606672737809421,11766,10709,135.601072845816,123.41933444720752
TP-D_001_jpg.rf.a759b345b354228cb1ebf83b7e7c1c88_r2c0.jpg,TP,0,17,0.8548646167966958,7693,8474,88.66046688788565,97.66135401117158
TP-D_001_jpg.rf.a759b345b354228cb1ebf83b7e7c1c88_r2c0.jpg,TP,6,10,0.8401312705110173,12074,11476,139.1507184719006,132.25887404203505
TP-D_001_jpg.rf.a759b345b354228cb1ebf83b7e7c1c88_r2c0.jpg,TP,2,0,0.837386966011849,6078,5707,70.04787699786415,65.77216749371681
TP-D_001_jpg.rf.a759b345b354228cb1ebf83b7e7c1c88_r2c0.jpg,TP,25,23,0.835161380466676,27137,25400,312.7491342696676,292.73051591736584
TP-D_001_jpg.rf.a759b345b354228cb1ebf83b7e7c1c88_r2c0.jpg,TP,12,19,0.8262420836678263,10284,10190,118.52128447614922,117.43795107078574
TP-D_001_jpg.rf.a759b345b354228cb1ebf83b7e7c1c88_r2c0.jpg,TP,4,8,0.8112244897959183,8735,10435,100.66933293457443,120.26153281880758
TP-D_001_jpg.rf.a759b345b354228cb1ebf83b7e7c1c88_r2c0.jpg,TP,22,9,0.8080877742946708,14868,13971,171.35107522281083,161.01330857801253
TP-D_001_jpg.rf.a759b345b354228cb1ebf83b7e7c1c88_r2c0.jpg,TP,13,12,0.7998471281939288,8245,8238,95.02216943853077,94.94149567430156
TP-D_001_jpg.rf.a759b345b354228cb1ebf83b7e7c1c88_r2c0.jpg,TP,9,18,0.7907666243117323,2278,1950,26.25354784487242,22.47340574956155
TP-D_001_jpg.rf.a759b345b354228cb1ebf83b7e7c1c88_r2c0.jpg,TP,26,11,0.789937464468448,3314,2983,38.19326495079332,34.37854838509852
TP-D_001_jpg.rf.a759b345b354228cb1ebf83b7e7c1c88_r2c0.jpg,TP,7,6,0.7855080434483707,7065,5921,81.42287775418069,68.23847971443791
TP-D_001_jpg.rf.a759b345b354228cb1ebf83b7e7c1c88_r2c0.jpg,TP,20,5,0.7797173732335827,9487,9782,109.33600017748228,112.7358230985698
TP-D_001_jpg.rf.a759b345b354228cb1ebf83b7e7c1c88_r2c0.jpg,TP,21,20,0.7790973871733967,1260,987,14.521277561255156,11.375000756316538
TP-D_001_jpg.rf.a759b345b354228cb1ebf83b7e7c1c88_r2c0.jpg,TP,16,13,0.7701720841300191,2286,2343,26.345746432562926,27.0026613698578
TP-D_001_jpg.rf.a759b345b354228cb1ebf83b7e7c1c88_r2c0.jpg,TP,18,3,0.7552887364208118,1733,1337,19.972519058456495,15.408688967776305
TP-D_001_jpg.rf.a759b345b354228cb1ebf83b7e7c1c88_r2c0.jpg,TP,5,21,0.7474093264248705,4042,5401,46.583336430629636,62.24557151455484
TP-D_001_jpg.rf.a759b345b354228cb1ebf83b7e7c1c88_r2c0.jpg,TP,19,7,0.7455912113327551,10252,7862,118.15249012538719,90.60816205284765
TP-D_001_jpg.rf.a759b345b354228cb1ebf83b7e7c1c88_r2c0.jpg,TP,14,22,0.7356521739130435,1056,940,12.170213575147178,10.833334053634799
TP-D_001_jpg.rf.a759b345b354228cb1ebf83b7e7c1c88_r2c0.jpg,TP,10,14,0.733278955954323,3661,2714,42.192378691869145,31.27837087400515
TP-D_001_jpg.rf.a759b345b354228cb1ebf83b7e7c1c88_r2c0.jpg,TP,17,15,0.6537342386032978,3093,2022,35.64627896584302,23.303193038776133
TP-D_001_jpg.rf.a759b345b354228cb1ebf83b7e7c1c88_r2c0.jpg,TP,11,2,0.6275510204081632,2110,2037,24.31737750337173,23.476065390695837
TP-D_001_jpg.rf.a759b345b354228cb1ebf83b7e7c1c88_r2c0.jpg,TP,23,1,0.6010158013544018,1754,1083,20.21454035114408,12.481383808602645
TP-D_001_jpg.rf.a759b345b354228cb1ebf83b7e7c1c88_r2c0.jpg,FP,8,-1,0.0,0,3427,0.0,39.49557000192176
TP-D_001_jpg.rf.a759b345b354228cb1ebf83b7e7c1c88_r2c0.jpg,FP,15,-1,0.0,0,1492,0.0,17.195036604279913
TP-D_001_jpg.rf.a759b345b354228cb1ebf83b7e7c1c88_r2c0.jpg,FP,24,-1,0.0,0,11195,0.0,129.02039864940593
TP-D_001_jpg.rf.a759b345b354228cb1ebf83b7e7c1c88_r2c1.jpg,TP,5,14,0.8657959918937176,4100,4186,47.25177619138582,48.242911009058794
TP-D_001_jpg.rf.a759b345b354228cb1ebf83b7e7c1c88_r2c1.jpg,TP,11,7,0.8541729893778452,6335,5884,73.00975662742175,67.81206124636931
TP-D_001_jpg.rf.a759b345b354228cb1ebf83b7e7c1c88_r2c1.jpg,TP,20,8,0.8527080581241744,12008,10432,138.39008012345388,120.22695834842364
TP-D_001_jpg.rf.a759b345b354228cb1ebf83b7e7c1c88_r2c1.jpg,TP,2,2,0.8475578840628697,5819,5113,67.06294772138394,58.92642235769652
TP-D_001_jpg.rf.a759b345b354228cb1ebf83b7e7c1c88_r2c1.jpg,TP,16,4,0.8360720259765817,9164,9496,105.61348219947797,109.4397235886341
TP-D_001_jpg.rf.a759b345b354228cb1ebf83b7e7c1c88_r2c1.jpg,TP,3,13,0.8319917440660475,4793,4083,55.23847885007616,47.05585419254349
TP-D_001_jpg.rf.a759b345b354228cb1ebf83b7e7c1c88_r2c1.jpg,TP,4,11,0.8269998264792643,4901,5628,56.48315978389803,64.86170644027303
TP-D_001_jpg.rf.a759b345b354228cb1ebf83b7e7c1c88_r2c1.jpg,TP,10,17,0.7970578401872284,5436,5314,62.648940335700814,61.24291187342055
TP-D_001_jpg.rf.a759b345b354228cb1ebf83b7e7c1c88_r2c1.jpg,TP,6,18,0.7770378263185935,3539,3132,40.786350229588884,36.09574708083424
TP-D_001_jpg.rf.a759b345b354228cb1ebf83b7e7c1c88_r2c1.jpg,TP,7,15,0.7610474631751227,2899,3557,33.41046321434817,40.99379705189253
TP-D_001_jpg.rf.a759b345b354228cb1ebf83b7e7c1c88_r2c1.jpg,TP,1,16,0.7485278836162106,5749,4347,66.25621007909197,50.09840758633029
TP-D_001_jpg.rf.a759b345b354228cb1ebf83b7e7c1c88_r2c1.jpg,TP,14,21,0.7257827274637529,4750,3463,54.74291144123968,39.91046364652905
TP-D_001_jpg.rf.a759b345b354228cb1ebf83b7e7c1c88_r2c1.jpg,TP,19,1,0.70367027677497,2424,3239,27.936172070224206,37.328903191194804
TP-D_001_jpg.rf.a759b345b354228cb1ebf83b7e7c1c88_r2c1.jpg,TP,9,3,0.6999053329125907,3071,2316,35.39273284969411,26.691491136402334
TP-D_001_jpg.rf.a759b345b354228cb1ebf83b7e7c1c88_r2c1.jpg,TP,0,6,0.6721358664363846,6933,4685,79.9016010572873,53.99379791625429
TP-D_001_jpg.rf.a759b345b354228cb1ebf83b7e7c1c88_r2c1.jpg,TP,15,5,0.5794871794871795,1922,1158,22.15071069264477,13.345745568201167
TP-D_001_jpg.rf.a759b345b354228cb1ebf83b7e7c1c88_r2c1.jpg,TP,8,12,0.579177897574124,4949,4425,57.036351310041084,50.99734381631275
TP-D_001_jpg.rf.a759b345b354228cb1ebf83b7e7c1c88_r2c1.jpg,FP,12,-1,0.0,0,732,0.0,8.436170773681567
TP-D_001_jpg.rf.a759b345b354228cb1ebf83b7e7c1c88_r2c1.jpg,FP,13,-1,0.0,0,1293,0.0,14.901596735478504
TP-D_001_jpg.rf.a759b345b354228cb1ebf83b7e7c1c88_r2c1.jpg,FP,17,-1,0.0,0,2411,0.0,27.786349365227128
TP-D_001_jpg.rf.a759b345b354228cb1ebf83b7e7c1c88_r2c1.jpg,FP,18,-1,0.0,0,1758,0.0,20.260639644989336
TP-D_001_jpg.rf.a759b345b354228cb1ebf83b7e7c1c88_r2c1.jpg,FP,21,-1,0.0,0,786,0.0,9.058511240592502
TP-D_001_jpg.rf.a759b345b354228cb1ebf83b7e7c1c88_r2c1.jpg,FN,-1,0,0.0,1480,0,17.05673872274415,0.0
TP-D_001_jpg.rf.a759b345b354228cb1ebf83b7e7c1c88_r2c1.jpg,FN,-1,9,0.0,6808,0,78.4609981246231,0.0
TP-D_001_jpg.rf.a759b345b354228cb1ebf83b7e7c1c88_r2c1.jpg,FN,-1,10,0.0,2146,0,24.73227114797902,0.0
TP-D_001_jpg.rf.a759b345b354228cb1ebf83b7e7c1c88_r2c1.jpg,FN,-1,19,0.0,7816,0,90.07802017362722,0.0
TP-D_001_jpg.rf.a759b345b354228cb1ebf83b7e7c1c88_r2c1.jpg,FN,-1,20,0.0,2511,0,28.93883171135849,0.0
TP-D_001_jpg.rf.a759b345b354228cb1ebf83b7e7c1c88_r2c1.jpg,FN,-1,22,0.0,1522,0,17.540781308119325,0.0
TP-D_001_jpg.rf.a759b345b354228cb1ebf83b7e7c1c88_r2c1.jpg,FN,-1,23,0.0,2098,0,24.179079621835967,0.0
TP-D_001_jpg.rf.a759b345b354228cb1ebf83b7e7c1c88_r2c2.jpg,TP,10,9,0.8796264268419232,5571,5297,64.20479150297815,61.04698987457822
TP-D_001_jpg.rf.a759b345b354228cb1ebf83b7e7c1c88_r2c2.jpg,TP,5,18,0.8686518678938819,17610,16904,202.95214115373278,194.81561579004537
TP-D_001_jpg.rf.a759b345b354228cb1ebf83b7e7c1c88_r2c2.jpg,TP,1,1,0.8579521901340335,6731,6715,77.57358671810195,77.38918954272093
TP-D_001_jpg.rf.a759b345b354228cb1ebf83b7e7c1c88_r2c2.jpg,TP,2,0,0.8429167632738234,7376,8521,85.00709785064923,98.20302071385332
TP-D_001_jpg.rf.a759b345b354228cb1ebf83b7e7c1c88_r2c2.jpg,TP,0,10,0.8307018437404502,9084,8888,104.69149632257289,102.43263092415542
TP-D_001_jpg.rf.a759b345b354228cb1ebf83b7e7c1c88_r2c2.jpg,TP,11,19,0.8260691351277497,6563,6802,75.63741637660127,78.39184918385521
TP-D_001_jpg.rf.a759b345b354228cb1ebf83b7e7c1c88_r2c2.jpg,TP,6,3,0.8011723890417514,8027,7029,92.5097579239644,81.0079841095734
TP-D_001_jpg.rf.a759b345b354228cb1ebf83b7e7c1c88_r2c2.jpg,TP,13,7,0.7583621683967705,5013,4134,57.77394001156516,47.64362018907049
TP-D_001_jpg.rf.a759b345b354228cb1ebf83b7e7c1c88_r2c2.jpg,TP,17,13,0.6497263487099296,1223,887,14.094859093186551,10.222518410185177
TP-D_001_jpg.rf.a759b345b354228cb1ebf83b7e7c1c88_r2c2.jpg,TP,7,6,0.5824175824175825,2790,1818,32.154257457064986,20.952129052668152
TP-D_001_jpg.rf.a759b345b354228cb1ebf83b7e7c1c88_r2c2.jpg,FP,3,-1,0.0,0,9133,0.0,105.25621267217726
TP-D_001_jpg.rf.a759b345b354228cb1ebf83b7e7c1c88_r2c2.jpg,FP,4,-1,0.0,0,8095,0.0,93.29344591933372
TP-D_001_jpg.rf.a759b345b354228cb1ebf83b7e7c1c88_r2c2.jpg,FP,8,-1,0.0,0,3389,0.0,39.057626710391844
TP-D_001_jpg.rf.a759b345b354228cb1ebf83b7e7c1c88_r2c2.jpg,FP,9,-1,0.0,0,3264,0.0,37.61702377772764
TP-D_001_jpg.rf.a759b345b354228cb1ebf83b7e7c1c88_r2c2.jpg,FP,12,-1,0.0,0,1484,0.0,17.102838016589406
TP-D_001_jpg.rf.a759b345b354228cb1ebf83b7e7c1c88_r2c2.jpg,FP,14,-1,0.0,0,4052,0.0,46.69858466524277
TP-D_001_jpg.rf.a759b345b354228cb1ebf83b7e7c1c88_r2c2.jpg,FP,15,-1,0.0,0,1490,0.0,17.171986957357287
TP-D_001_jpg.rf.a759b345b354228cb1ebf83b7e7c1c88_r2c2.jpg,FP,16,-1,0.0,0,1858,0.0,21.413121991120697
TP-D_001_jpg.rf.a759b345b354228cb1ebf83b7e7c1c88_r2c2.jpg,FP,18,-1,0.0,0,3449,0.0,39.74911611807066
TP-D_001_jpg.rf.a759b345b354228cb1ebf83b7e7c1c88_r2c2.jpg,FP,19,-1,0.0,0,2421,0.0,27.901597599840265
TP-D_001_jpg.rf.a759b345b354228cb1ebf83b7e7c1c88_r2c2.jpg,FP,20,-1,0.0,0,2470,0.0,28.466313949444633
TP-D_001_jpg.rf.a759b345b354228cb1ebf83b7e7c1c88_r2c2.jpg,FP,21,-1,0.0,0,3470,0.0,39.99113741075825
TP-D_001_jpg.rf.a759b345b354228cb1ebf83b7e7c1c88_r2c2.jpg,FP,22,-1,0.0,0,21800,0.0,251.24115145663683
TP-D_001_jpg.rf.a759b345b354228cb1ebf83b7e7c1c88_r2c2.jpg,FN,-1,2,0.0,7191,0,82.87500551030621,0.0
TP-D_001_jpg.rf.a759b345b354228cb1ebf83b7e7c1c88_r2c2.jpg,FN,-1,4,0.0,4543,0,52.35727298474776,0.0
TP-D_001_jpg.rf.a759b345b354228cb1ebf83b7e7c1c88_r2c2.jpg,FN,-1,5,0.0,7285,0,83.95833891566969,0.0
TP-D_001_jpg.rf.a759b345b354228cb1ebf83b7e7c1c88_r2c2.jpg,FN,-1,8,0.0,3728,0,42.96454186377716,0.0
TP-D_001_jpg.rf.a759b345b354228cb1ebf83b7e7c1c88_r2c2.jpg,FN,-1,11,0.0,13136,0,151.39008098781565,0.0
TP-D_001_jpg.rf.a759b345b354228cb1ebf83b7e7c1c88_r2c2.jpg,FN,-1,12,0.0,3555,0,40.970747404969906,0.0
TP-D_001_jpg.rf.a759b345b354228cb1ebf83b7e7c1c88_r2c2.jpg,FN,-1,14,0.0,4534,0,52.25354957359593,0.0
TP-D_001_jpg.rf.a759b345b354228cb1ebf83b7e7c1c88_r2c2.jpg,FN,-1,15,0.0,7488,0,86.29787807831636,0.0
TP-D_001_jpg.rf.a759b345b354228cb1ebf83b7e7c1c88_r2c2.jpg,FN,-1,16,0.0,13527,0,155.89628696118928,0.0
TP-D_001_jpg.rf.a759b345b354228cb1ebf83b7e7c1c88_r2c2.jpg,FN,-1,17,0.0,14227,0,163.9636633841088,0.0
TP-D_009_jpg.rf.e8cdb11635df3be6c85d743284d8ecfb_r0c0.jpg,TP,1,16,0.9378273937312152,10983,11583,126.57713607560744,133.4920301523956
TP-D_009_jpg.rf.e8cdb11635df3be6c85d743284d8ecfb_r0c0.jpg,TP,5,1,0.9217208622579467,10351,10688,119.29344764805724,123.17731315451992
TP-D_009_jpg.rf.e8cdb11635df3be6c85d743284d8ecfb_r0c0.jpg,TP,2,17,0.9140972128719537,6906,7310,79.59043082383182,84.24645950220253
TP-D_009_jpg.rf.e8cdb11635df3be6c85d743284d8ecfb_r0c0.jpg,TP,10,27,0.906142894806222,3468,3762,39.96808776383562,43.356385861461824
TP-D_009_jpg.rf.e8cdb11635df3be6c85d743284d8ecfb_r0c0.jpg,TP,14,30,0.8886872353297036,9056,9676,104.3688012656561,111.51419181167054
TP-D_009_jpg.rf.e8cdb11635df3be6c85d743284d8ecfb_r0c0.jpg,TP,9,7,0.8820697954271961,8487,8717,97.81117671616866,100.46188611227079
TP-D_009_jpg.rf.e8cdb11635df3be6c85d743284d8ecfb_r0c0.jpg,TP,3,22,0.8754662246166598,4256,4795,49.04964865135075,55.261528496998785
TP-D_009_jpg.rf.e8cdb11635df3be6c85d743284d8ecfb_r0c0.jpg,TP,6,0,0.8724016629357212,5457,6253,62.8909616283884,72.06472110359404
TP-D_009_jpg.rf.e8cdb11635df3be6c85d743284d8ecfb_r0c0.jpg,TP,4,25,0.8658971312171109,5471,5521,63.05230915684679,63.62855032991247
TP-D_009_jpg.rf.e8cdb11635df3be6c85d743284d8ecfb_r0c0.jpg,TP,13,2,0.863990514905149,5289,5716,60.95479128688771,65.87589090486863
TP-D_009_jpg.rf.e8cdb11635df3be6c85d743284d8ecfb_r0c0.jpg,TP,11,28,0.8615384615384616,3510,3992,40.45213034921079,46.007095257563954
TP-D_009_jpg.rf.e8cdb11635df3be6c85d743284d8ecfb_r0c0.jpg,TP,0,4,0.8547940935832002,21940,25667,252.85462674122073,295.80764378153657
TP-D_009_jpg.rf.e8cdb11635df3be6c85d743284d8ecfb_r0c0.jpg,TP,8,3,0.8376994287965334,4258,5072,49.07269829827337,58.45390459578266
TP-D_009_jpg.rf.e8cdb11635df3be6c85d743284d8ecfb_r0c0.jpg,TP,18,32,0.8272178355782629,1799,2135,20.733157406903196,24.605498089904568
TP-D_009_jpg.rf.e8cdb11635df3be6c85d743284d8ecfb_r0c0.jpg,TP,24,6,0.8207240659085635,7828,7863,90.21631805516299,90.61968687630896
TP-D_009_jpg.rf.e8cdb11635df3be6c85d743284d8ecfb_r0c0.jpg,TP,22,20,0.8038004750593825,1693,2104,19.51152612000395,24.24822856260385
TP-D_009_jpg.rf.e8cdb11635df3be6c85d743284d8ecfb_r0c0.jpg,TP,12,31,0.8020750199521149,3025,3749,34.86259097047369,43.206563156464746
TP-D_009_jpg.rf.e8cdb11635df3be6c85d743284d8ecfb_r0c0.jpg,TP,21,15,0.7911794186435015,2430,2931,28.005321010992088,33.77925756511021
TP-D_009_jpg.rf.e8cdb11635df3be6c85d743284d8ecfb_r0c0.jpg,TP,32,13,0.7901861252115059,2825,3523,32.55762627821097,40.60195305420787
TP-D_009_jpg.rf.e8cdb11635df3be6c85d743284d8ecfb_r0c0.jpg,TP,7,33,0.7854,3941,4986,45.41932926103696,57.46276977810969
TP-D_009_jpg.rf.e8cdb11635df3be6c85d743284d8ecfb_r0c0.jpg,TP,16,12,0.7714811407543698,9089,10167,104.74912043987945,117.17288013117553
TP-D_009_jpg.rf.e8cdb11635df3be6c85d743284d8ecfb_r0c0.jpg,TP,31,10,0.7703190848886213,2667,3214,30.736704171323414,37.04078260466196
TP-D_009_jpg.rf.e8cdb11635df3be6c85d743284d8ecfb_r0c0.jpg,TP,26,8,0.7588273057992724,3711,4508,42.76861986493483,51.95390416360178
TP-D_009_jpg.rf.e8cdb11635df3be6c85d743284d8ecfb_r0c0.jpg,TP,15,26,0.7530091478093404,4692,6231,54.074471680483484,71.81117498744514
TP-D_009_jpg.rf.e8cdb11635df3be6c85d743284d8ecfb_r0c0.jpg,TP,27,11,0.7477977786288779,4527,4600,52.17287580936674,53.01418792204263
TP-D_009_jpg.rf.e8cdb11635df3be6c85d743284d8ecfb_r0c0.jpg,TP,30,19,0.7379503977538605,1577,2137,18.174646598491574,24.628547736827198
TP-D_009_jpg.rf.e8cdb11635df3be6c85d743284d8ecfb_r0c0.jpg,TP,19,29,0.7331303906646373,1507,1909,17.36790895619962,22.000887987647694
TP-D_009_jpg.rf.e8cdb11635df3be6c85d743284d8ecfb_r0c0.jpg,TP,29,14,0.7096938775510204,1457,1894,16.79166778313394,21.82801563572799
TP-D_009_jpg.rf.e8cdb11635df3be6c85d743284d8ecfb_r0c0.jpg,TP,33,18,0.7053838484546361,1417,2004,16.330674844681393,23.095746216472484
TP-D_009_jpg.rf.e8cdb11635df3be6c85d743284d8ecfb_r0c0.jpg,TP,20,5,0.6995874980168174,8897,12528,102.53635433530724,144.38298832333697
TP-D_009_jpg.rf.e8cdb11635df3be6c85d743284d8ecfb_r0c0.jpg,TP,25,24,0.694059405940594,705,1006,8.125000540226099,11.593972402081498
TP-D_009_jpg.rf.e8cdb11635df3be6c85d743284d8ecfb_r0c0.jpg,TP,23,23,0.6921754084264833,823,1145,9.484929708661106,13.19592286320409
TP-D_009_jpg.rf.e8cdb11635df3be6c85d743284d8ecfb_r0c0.jpg,TP,28,9,0.6745707277187244,2542,3602,29.29610123865921,41.512414107651644
TP-D_009_jpg.rf.e8cdb11635df3be6c85d743284d8ecfb_r0c0.jpg,TP,17,34,0.6662581699346405,1631,2448,18.796987065402508,28.212767833295732
TP-D_009_jpg.rf.e8cdb11635df3be6c85d743284d8ecfb_r0c0.jpg,FN,-1,21,0.0,652,0,7.514184896776477,0.0
TP-D_009_jpg.rf.e8cdb11635df3be6c85d743284d8ecfb_r0c1.jpg,TP,1,8,0.931935581890003,12339,13093,142.2047966891487,150.89451357897917
TP-D_009_jpg.rf.e8cdb11635df3be6c85d743284d8ecfb_r0c1.jpg,TP,17,9,0.9079896556417585,6798,7220,78.34574989000996,83.20922539068431
TP-D_009_jpg.rf.e8cdb11635df3be6c85d743284d8ecfb_r0c1.jpg,TP,20,6,0.8938027064130222,9509,9804,109.58954629363117,112.98936921471869
TP-D_009_jpg.rf.e8cdb11635df3be6c85d743284d8ecfb_r0c1.jpg,TP,6,23,0.890758239225628,12118,12494,139.6578107041984,143.99114432565233
TP-D_009_jpg.rf.e8cdb11635df3be6c85d743284d8ecfb_r0c1.jpg,TP,27,24,0.8796924807800488,23953,26169,276.054096368845,301.593105159116
TP-D_009_jpg.rf.e8cdb11635df3be6c85d743284d8ecfb_r0c1.jpg,TP,13,15,0.8722869545350697,7767,8623,89.51330382402286,99.37855270690731
TP-D_009_jpg.rf.e8cdb11635df3be6c85d743284d8ecfb_r0c1.jpg,TP,11,33,0.8689080010424811,3424,3747,39.46099553153782,43.18351350954212
TP-D_009_jpg.rf.e8cdb11635df3be6c85d743284d8ecfb_r0c1.jpg,TP,22,28,0.8582533906715184,5877,5358,67.73138748214012,61.750004105718354
TP-D_009_jpg.rf.e8cdb11635df3be6c85d743284d8ecfb_r0c1.jpg,TP,14,30,0.8535556833429174,4781,4889,55.1001809685404,56.34486190236227
TP-D_009_jpg.rf.e8cdb11635df3be6c85d743284d8ecfb_r0c1.jpg,TP,15,4,0.8519077683228109,18747,21732,216.05586542924635,250.4574634612675
TP-D_009_jpg.rf.e8cdb11635df3be6c85d743284d8ecfb_r0c1.jpg,TP,3,16,0.8486476804585349,5154,5167,59.39894011961037,59.54876282460745
TP-D_009_jpg.rf.e8cdb11635df3be6c85d743284d8ecfb_r0c1.jpg,TP,5,10,0.8460471567267683,6608,6702,76.15603343236037,77.23936683772385
TP-D_009_jpg.rf.e8cdb11635df3be6c85d743284d8ecfb_r0c1.jpg,TP,4,14,0.8429437763387809,16807,19053,193.69770791429795,219.58246140840834
TP-D_009_jpg.rf.e8cdb11635df3be6c85d743284d8ecfb_r0c1.jpg,TP,12,7,0.8356650657757361,4006,4785,46.16844278602235,55.14628026238565
TP-D_009_jpg.rf.e8cdb11635df3be6c85d743284d8ecfb_r0c1.jpg,TP,9,32,0.8235078725741487,4773,5187,55.00798238084989,59.779259293833725
TP-D_009_jpg.rf.e8cdb11635df3be6c85d743284d8ecfb_r0c1.jpg,TP,7,18,0.8216208939149166,6351,7180,73.19415380280277,82.74823245223176
TP-D_009_jpg.rf.e8cdb11635df3be6c85d743284d8ecfb_r0c1.jpg,TP,18,5,0.8166885223272827,12017,14305,138.49380353460572,164.86259961409127
TP-D_009_jpg.rf.e8cdb11635df3be6c85d743284d8ecfb_r0c1.jpg,TP,2,21,0.8123698125300433,10169,12453,117.19592977809816,143.51862656373845
TP-D_009_jpg.rf.e8cdb11635df3be6c85d743284d8ecfb_r0c1.jpg,TP,0,13,0.8092205034880194,10874,12986,125.32093031832426,149.6613574686186
TP-D_009_jpg.rf.e8cdb11635df3be6c85d743284d8ecfb_r0c1.jpg,TP,26,29,0.8011103853690399,2667,2848,30.736704171323414,32.82269721782118
TP-D_009_jpg.rf.e8cdb11635df3be6c85d743284d8ecfb_r0c1.jpg,TP,8,22,0.7844059405940594,6630,7788,76.40957954850927,89.75532511671044
TP-D_009_jpg.rf.e8cdb11635df3be6c85d743284d8ecfb_r0c1.jpg,TP,19,34,0.7612642905178211,1213,1406,13.979610858573416,16.203901786606945
TP-D_009_jpg.rf.e8cdb11635df3be6c85d743284d8ecfb_r0c1.jpg,TP,25,20,0.7589915677164,9928,10515,114.41844732392158,121.18351869571266
TP-D_009_jpg.rf.e8cdb11635df3be6c85d743284d8ecfb_r0c1.jpg,TP,10,31,0.7319538926681783,8236,10095,94.91844602737893,116.34309284196095
TP-D_009_jpg.rf.e8cdb11635df3be6c85d743284d8ecfb_r0c1.jpg,TP,29,1,0.6899724011039559,815,1022,9.392731120970597,11.778369577462515
TP-D_009_jpg.rf.e8cdb11635df3be6c85d743284d8ecfb_r0c1.jpg,TP,16,19,0.6731371321227301,1075,1597,12.389185220912138,18.405143067717844
TP-D_009_jpg.rf.e8cdb11635df3be6c85d743284d8ecfb_r0c1.jpg,TP,28,11,0.6663168940188877,1905,2859,21.95478869380244,32.94947027589563
TP-D_009_jpg.rf.e8cdb11635df3be6c85d743284d8ecfb_r0c1.jpg,TP,21,25,0.5653472740851382,1514,2678,17.448582720428814,30.863477229397862
TP-D_009_jpg.rf.e8cdb11635df3be6c85d743284d8ecfb_r0c1.jpg,TP,32,12,0.5242949371389738,4813,4159,55.46897531930243,47.93174077560333
TP-D_009_jpg.rf.e8cdb11635df3be6c85d743284d8ecfb_r0c1.jpg,FP,23,-1,0.0,0,3595,0.0,41.43174034342245
TP-D_009_jpg.rf.e8cdb11635df3be6c85d743284d8ecfb_r0c1.jpg,FP,24,-1,0.0,0,8821,0.0,101.6604677522474
TP-D_009_jpg.rf.e8cdb11635df3be6c85d743284d8ecfb_r0c1.jpg,FP,30,-1,0.0,0,554,0.0,6.384752197567743
TP-D_009_jpg.rf.e8cdb11635df3be6c85d743284d8ecfb_r0c1.jpg,FP,31,-1,0.0,0,2993,0.0,34.49379661971165
TP-D_009_jpg.rf.e8cdb11635df3be6c85d743284d8ecfb_r0c1.jpg,FP,33,-1,0.0,0,2139,0.0,24.651597383749824
TP-D_009_jpg.rf.e8cdb11635df3be6c85d743284d8ecfb_r0c1.jpg,FN,-1,0,0.0,510,0,5.877659965269944,0.0
TP-D_009_jpg.rf.e8cdb11635df3be6c85d743284d8ecfb_r0c1.jpg,FN,-1,2,0.0,2038,0,23.487590214157148,0.0
TP-D_009_jpg.rf.e8cdb11635df3be6c85d743284d8ecfb_r0c1.jpg,FN,-1,3,0.0,220,0,2.5354611614889953,0.0
TP-D_009_jpg.rf.e8cdb11635df3be6c85d743284d8ecfb_r0c1.jpg,FN,-1,17,0.0,940,0,10.833334053634799,0.0
TP-D_009_jpg.rf.e8cdb11635df3be6c85d743284d8ecfb_r0c1.jpg,FN,-1,26,0.0,879,0,10.130319822494668,0.0
TP-D_009_jpg.rf.e8cdb11635df3be6c85d743284d8ecfb_r0c1.jpg,FN,-1,27,0.0,3263,0,37.60549895426633,0.0
TP-D_009_jpg.rf.e8cdb11635df3be6c85d743284d8ecfb_r0c1.jpg,FN,-1,35,0.0,1284,0,14.797873324326682,0.0
TP-D_009_jpg.rf.e8cdb11635df3be6c85d743284d8ecfb_r0c1.jpg,FN,-1,36,0.0,335,0,3.8608158595400615,0.0
TP-D_009_jpg.rf.e8cdb11635df3be6c85d743284d8ecfb_r0c2.jpg,TP,10,37,0.9359408684939945,3077,3209,35.461881790461995,36.9831584873554
TP-D_009_jpg.rf.e8cdb11635df3be6c85d743284d8ecfb_r0c2.jpg,TP,22,4,0.9143868683617637,6018,5878,69.35638759018534,67.74291230560144
TP-D_009_jpg.rf.e8cdb11635df3be6c85d743284d8ecfb_r0c2.jpg,TP,20,24,0.8999623918766454,7469,7687,86.07890643255139,88.59131794711776
TP-D_009_jpg.rf.e8cdb11635df3be6c85d743284d8ecfb_r0c2.jpg,TP,4,33,0.8966532797858099,6870,7298,79.17553717922453,84.10816162066676
TP-D_009_jpg.rf.e8cdb11635df3be6c85d743284d8ecfb_r0c2.jpg,TP,0,18,0.8912286257124763,5979,5966,68.90691947519412,68.75709677019704
TP-D_009_jpg.rf.e8cdb11635df3be6c85d743284d8ecfb_r0c2.jpg,TP,40,10,0.8890111401457846,6796,6939,78.32270024308734,79.97074999805518
TP-D_009_jpg.rf.e8cdb11635df3be6c85d743284d8ecfb_r0c2.jpg,TP,5,19,0.8874125874125874,2639,2759,30.414009114406632,31.796987929764267
TP-D_009_jpg.rf.e8cdb11635df3be6c85d743284d8ecfb_r0c2.jpg,TP,7,15,0.8689307961430156,10794,11108,124.39894444141918,128.01773900827163
TP-D_009_jpg.rf.e8cdb11635df3be6c85d743284d8ecfb_r0c2.jpg,TP,26,26,0.8686403508771929,4441,4080,51.181740991693765,47.021279722159555
TP-D_009_jpg.rf.e8cdb11635df3be6c85d743284d8ecfb_r0c2.jpg,TP,2,28,0.8683320322664585,3394,3786,39.11525082769841,43.63298162453335
TP-D_009_jpg.rf.e8cdb11635df3be6c85d743284d8ecfb_r0c2.jpg,TP,3,20,0.8640722980450019,4790,5317,55.20390437969222,61.2774863438045
TP-D_009_jpg.rf.e8cdb11635df3be6c85d743284d8ecfb_r0c2.jpg,TP,36,34,0.8577908822862327,4057,4134,46.756208782549336,47.64362018907049
TP-D_009_jpg.rf.e8cdb11635df3be6c85d743284d8ecfb_r0c2.jpg,TP,6,30,0.8529958197863446,3856,4123,44.4397192668253,47.51684713099604
TP-D_009_jpg.rf.e8cdb11635df3be6c85d743284d8ecfb_r0c2.jpg,TP,23,2,0.8509886080921828,6509,7627,75.01507590969032,87.89982853943894
TP-D_009_jpg.rf.e8cdb11635df3be6c85d743284d8ecfb_r0c2.jpg,TP,28,11,0.836436170212766,2016,2127,23.234044098008248,24.51329950221406
TP-D_009_jpg.rf.e8cdb11635df3be6c85d743284d8ecfb_r0c2.jpg,TP,27,35,0.8292628774422736,3735,4504,43.04521562800635,51.907804869756525
TP-D_009_jpg.rf.e8cdb11635df3be6c85d743284d8ecfb_r0c2.jpg,TP,30,8,0.8281299274676758,2844,2953,32.77659792397592,34.03280368125911
TP-D_009_jpg.rf.e8cdb11635df3be6c85d743284d8ecfb_r0c2.jpg,TP,1,27,0.8264498488991222,5797,6895,66.80940160523502,79.46365776575738
TP-D_009_jpg.rf.e8cdb11635df3be6c85d743284d8ecfb_r0c2.jpg,TP,11,16,0.8183364254792826,5625,6136,64.8271319698891,70.71631675862035
TP-D_009_jpg.rf.e8cdb11635df3be6c85d743284d8ecfb_r0c2.jpg,TP,33,0,0.8028455284552846,941,833,10.844858877096112,9.600177943274241
TP-D_009_jpg.rf.e8cdb11635df3be6c85d743284d8ecfb_r0c2.jpg,TP,16,14,0.7915754923413567,1488,1787,17.14893731043466,20.594859525367433
TP-D_009_jpg.rf.e8cdb11635df3be6c85d743284d8ecfb_r0c2.jpg,TP,13,23,0.7836374337845792,6738,8414,77.65426048233114,96.96986460349277
TP-D_009_jpg.rf.e8cdb11635df3be6c85d743284d8ecfb_r0c2.jpg,TP,39,22,0.7708724202626641,3351,4200,38.619683418861925,48.40425853751719
TP-D_009_jpg.rf.e8cdb11635df3be6c85d743284d8ecfb_r0c2.jpg,TP,38,6,0.761656634624023,9449,10160,108.89805688595236,117.09220636694634
TP-D_009_jpg.rf.e8cdb11635df3be6c85d743284d8ecfb_r0c2.jpg,TP,9,38,0.7600696171059175,3237,3842,37.305853544272175,44.278371738366914
TP-D_009_jpg.rf.e8cdb11635df3be6c85d743284d8ecfb_r0c2.jpg,TP,41,21,0.7569060773480663,6145,4667,70.82004016977217,53.78635109395064
TP-D_009_jpg.rf.e8cdb11635df3be6c85d743284d8ecfb_r0c2.jpg,TP,25,31,0.7547489823609227,9239,11453,106.4778439590765,131.99380310242483
TP-D_009_jpg.rf.e8cdb11635df3be6c85d743284d8ecfb_r0c2.jpg,TP,17,39,0.7536764705882353,4120,4466,47.4822726606121,51.469861578226606
TP-D_009_jpg.rf.e8cdb11635df3be6c85d743284d8ecfb_r0c2.jpg,TP,37,7,0.7507541478129713,3982,5304,45.89184702295082,61.12766363880742
TP-D_009_jpg.rf.e8cdb11635df3be6c85d743284d8ecfb_r0c2.jpg,TP,12,17,0.7380715445451212,15342,17843,176.8138415434735,205.63742502021884
TP-D_009_jpg.rf.e8cdb11635df3be6c85d743284d8ecfb_r0c2.jpg,TP,29,3,0.7348583311671433,2981,3693,34.35549873817589,42.56117304263118
TP-D_009_jpg.rf.e8cdb11635df3be6c85d743284d8ecfb_r0c2.jpg,TP,15,13,0.7315564017134698,1540,2098,17.74822813042297,24.179079621835967
TP-D_009_jpg.rf.e8cdb11635df3be6c85d743284d8ecfb_r0c2.jpg,TP,32,9,0.7307822553335591,2179,2932,25.11259032220237,33.79078238857152
TP-D_009_jpg.rf.e8cdb11635df3be6c85d743284d8ecfb_r0c2.jpg,TP,8,29,0.7274014632995044,3377,3942,38.91932882885608,45.43085408449827
TP-D_009_jpg.rf.e8cdb11635df3be6c85d743284d8ecfb_r0c2.jpg,TP,19,36,0.7112211221122112,3593,4703,41.408690696499825,54.20124473855793
TP-D_009_jpg.rf.e8cdb11635df3be6c85d743284d8ecfb_r0c2.jpg,TP,42,5,0.6952469711090401,1605,2033,18.497341655408352,23.42996609685058
TP-D_009_jpg.rf.e8cdb11635df3be6c85d743284d8ecfb_r0c2.jpg,TP,18,25,0.6649629440327115,2665,3850,30.713654524400788,44.37057032605742
TP-D_009_jpg.rf.e8cdb11635df3be6c85d743284d8ecfb_r0c2.jpg,FP,14,-1,0.0,0,3998,0.0,46.076244198331835
TP-D_009_jpg.rf.e8cdb11635df3be6c85d743284d8ecfb_r0c2.jpg,FP,21,-1,0.0,0,2208,0.0,25.446810202580465
TP-D_009_jpg.rf.e8cdb11635df3be6c85d743284d8ecfb_r0c2.jpg,FP,24,-1,0.0,0,10488,0.0,120.87234846225721
TP-D_009_jpg.rf.e8cdb11635df3be6c85d743284d8ecfb_r0c2.jpg,FP,31,-1,0.0,0,3012,0.0,34.71276826547661
TP-D_009_jpg.rf.e8cdb11635df3be6c85d743284d8ecfb_r0c2.jpg,FP,34,-1,0.0,0,4200,0.0,48.40425853751719
TP-D_009_jpg.rf.e8cdb11635df3be6c85d743284d8ecfb_r0c2.jpg,FP,35,-1,0.0,0,3054,0.0,35.19681085085178
TP-D_009_jpg.rf.e8cdb11635df3be6c85d743284d8ecfb_r0c2.jpg,FN,-1,1,0.0,2340,0,26.96808689947386,0.0
TP-D_009_jpg.rf.e8cdb11635df3be6c85d743284d8ecfb_r0c2.jpg,FN,-1,12,0.0,1903,0,21.931739046879812,0.0
TP-D_009_jpg.rf.e8cdb11635df3be6c85d743284d8ecfb_r0c2.jpg,FN,-1,32,0.0,1316,0,15.166667675088718,0.0
TP-D_009_jpg.rf.e8cdb11635df3be6c85d743284d8ecfb_r0c2.jpg,FN,-1,40,0.0,1354,0,15.604610966618635,0.0
TP-D_009_jpg.rf.e8cdb11635df3be6c85d743284d8ecfb_r0c2.jpg,FN,-1,41,0.0,7033,0,81.05408340341866,0.0
TP-D_009_jpg.rf.e8cdb11635df3be6c85d743284d8ecfb_r0c2.jpg,FN,-1,42,0.0,4718,0,54.37411709047764,0.0
TP-D_009_jpg.rf.e8cdb11635df3be6c85d743284d8ecfb_r1c0.jpg,TP,12,18,0.8997517437049296,7898,8172,91.02305569745494,94.18085732585487
TP-D_009_jpg.rf.e8cdb11635df3be6c85d743284d8ecfb_r1c0.jpg,TP,29,16,0.8902706656912948,3822,3930,44.04787526914064,45.29255620296251
TP-D_009_jpg.rf.e8cdb11635df3be6c85d743284d8ecfb_r1c0.jpg,TP,20,11,0.8612032212221696,1897,2032,21.86259010611193,23.418441273389266
TP-D_009_jpg.rf.e8cdb11635df3be6c85d743284d8ecfb_r1c0.jpg,TP,15,15,0.8546150167384027,1832,2046,21.113476581126545,23.57978880184766
TP-D_009_jpg.rf.e8cdb11635df3be6c85d743284d8ecfb_r1c0.jpg,TP,0,2,0.8539818278995189,7989,9355,92.07181463243448,107.81472348058888
TP-D_009_jpg.rf.e8cdb11635df3be6c85d743284d8ecfb_r1c0.jpg,TP,11,23,0.8524788391777509,5744,6512,66.19858596178541,75.04965038007427
TP-D_009_jpg.rf.e8cdb11635df3be6c85d743284d8ecfb_r1c0.jpg,TP,21,6,0.8510552493614734,6987,6783,80.52394152419824,78.17287753809026
TP-D_009_jpg.rf.e8cdb11635df3be6c85d743284d8ecfb_r1c0.jpg,TP,14,24,0.8480252764612954,2707,3142,31.19769710977596,36.210995315447384
TP-D_009_jpg.rf.e8cdb11635df3be6c85d743284d8ecfb_r1c0.jpg,TP,4,10,0.8410920546027302,5160,5360,59.468089060378254,61.77305375264098
TP-D_009_jpg.rf.e8cdb11635df3be6c85d743284d8ecfb_r1c0.jpg,TP,7,21,0.8270985401459854,6220,5795,71.6844019293707,66.78635195831241
TP-D_009_jpg.rf.e8cdb11635df3be6c85d743284d8ecfb_r1c0.jpg,TP,6,13,0.8265196342119419,3142,3649,36.210995315447384,42.05408081033338
TP-D_009_jpg.rf.e8cdb11635df3be6c85d743284d8ecfb_r1c0.jpg,TP,16,0,0.819258089976322,1187,1118,13.679965448579262,12.884752629748622
TP-D_009_jpg.rf.e8cdb11635df3be6c85d743284d8ecfb_r1c0.jpg,TP,9,17,0.8188191881918819,2254,2675,25.97695208180089,30.82890275901392
TP-D_009_jpg.rf.e8cdb11635df3be6c85d743284d8ecfb_r1c0.jpg,TP,8,19,0.8081810961080222,2073,2480,23.890959035303126,28.581562184057766
TP-D_009_jpg.rf.e8cdb11635df3be6c85d743284d8ecfb_r1c0.jpg,TP,28,35,0.7948504983388704,2030,2292,23.39539162646664,26.414895373330808
TP-D_009_jpg.rf.e8cdb11635df3be6c85d743284d8ecfb_r1c0.jpg,TP,5,20,0.7904112601715417,3627,4514,41.800534694184485,52.02305310436966
TP-D_009_jpg.rf.e8cdb11635df3be6c85d743284d8ecfb_r1c0.jpg,TP,3,14,0.7890466531440162,2800,3374,32.26950569167813,38.88475435847214
TP-D_009_jpg.rf.e8cdb11635df3be6c85d743284d8ecfb_r1c0.jpg,TP,2,1,0.7860646711382521,9181,8660,105.80940419832031,99.80497117497592
TP-D_009_jpg.rf.e8cdb11635df3be6c85d743284d8ecfb_r1c0.jpg,TP,17,36,0.7611415168100079,2161,2344,24.905143499898724,27.014186193319116
TP-D_009_jpg.rf.e8cdb11635df3be6c85d743284d8ecfb_r1c0.jpg,TP,10,28,0.7470177807787531,3344,4418,38.53900965463273,50.91667005208355
TP-D_009_jpg.rf.e8cdb11635df3be6c85d743284d8ecfb_r1c0.jpg,TP,18,33,0.739170677526842,4514,4881,52.02305310436966,56.25266331467176
TP-D_009_jpg.rf.e8cdb11635df3be6c85d743284d8ecfb_r1c0.jpg,TP,23,29,0.7324484806147398,2118,2842,24.409576091062238,32.7535482770533
TP-D_009_jpg.rf.e8cdb11635df3be6c85d743284d8ecfb_r1c0.jpg,TP,30,34,0.7199054170249355,3349,4652,38.5966337719393,53.61347874203094
TP-D_009_jpg.rf.e8cdb11635df3be6c85d743284d8ecfb_r1c0.jpg,TP,1,22,0.7188808107512668,3378,4424,38.930853652317396,50.985818992851435
TP-D_009_jpg.rf.e8cdb11635df3be6c85d743284d8ecfb_r1c0.jpg,TP,19,9,0.6991163055872291,5064,6857,58.36170600809215,79.02571447422747
TP-D_009_jpg.rf.e8cdb11635df3be6c85d743284d8ecfb_r1c0.jpg,TP,26,26,0.6935366739288308,955,1377,11.006206405554503,15.869681906228848
TP-D_009_jpg.rf.e8cdb11635df3be6c85d743284d8ecfb_r1c0.jpg,FP,13,-1,0.0,0,2856,0.0,32.914895805511684
TP-D_009_jpg.rf.e8cdb11635df3be6c85d743284d8ecfb_r1c0.jpg,FP,22,-1,0.0,0,1140,0.0,13.138298745897522
TP-D_009_jpg.rf.e8cdb11635df3be6c85d743284d8ecfb_r1c0.jpg,FP,24,-1,0.0,0,4403,0.0,50.74379770016385
TP-D_009_jpg.rf.e8cdb11635df3be6c85d743284d8ecfb_r1c0.jpg,FP,25,-1,0.0,0,8928,0.0,102.89362386260797
TP-D_009_jpg.rf.e8cdb11635df3be6c85d743284d8ecfb_r1c0.jpg,FP,27,-1,0.0,0,8400,0.0,96.80851707503437
TP-D_009_jpg.rf.e8cdb11635df3be6c85d743284d8ecfb_r1c0.jpg,FN,-1,3,0.0,5613,0,64.68883408835333,0.0
TP-D_009_jpg.rf.e8cdb11635df3be6c85d743284d8ecfb_r1c0.jpg,FN,-1,4,0.0,5584,0,64.35461420797523,0.0
TP-D_009_jpg.rf.e8cdb11635df3be6c85d743284d8ecfb_r1c0.jpg,FN,-1,5,0.0,4897,0,56.43706049005278,0.0
TP-D_009_jpg.rf.e8cdb11635df3be6c85d743284d8ecfb_r1c0.jpg,FN,-1,7,0.0,630,0,7.260638780627578,0.0
TP-D_009_jpg.rf.e8cdb11635df3be6c85d743284d8ecfb_r1c0.jpg,FN,-1,8,0.0,3868,0,44.57801714836106,0.0
TP-D_009_jpg.rf.e8cdb11635df3be6c85d743284d8ecfb_r1c0.jpg,FN,-1,12,0.0,1041,0,11.997341223227474,0.0
TP-D_009_jpg.rf.e8cdb11635df3be6c85d743284d8ecfb_r1c0.jpg,FN,-1,25,0.0,16813,0,193.7668568550658,0.0
TP-D_009_jpg.rf.e8cdb11635df3be6c85d743284d8ecfb_r1c0.jpg,FN,-1,27,0.0,775,0,8.931738182518052,0.0
TP-D_009_jpg.rf.e8cdb11635df3be6c85d743284d8ecfb_r1c0.jpg,FN,-1,30,0.0,4177,0,48.139187597906975,0.0
TP-D_009_jpg.rf.e8cdb11635df3be6c85d743284d8ecfb_r1c0.jpg,FN,-1,31,0.0,3536,0,40.751775759204946,0.0
TP-D_009_jpg.rf.e8cdb11635df3be6c85d743284d8ecfb_r1c0.jpg,FN,-1,32,0.0,1742,0,20.076242469608317,0.0
TP-D_009_jpg.rf.e8cdb11635df3be6c85d743284d8ecfb_r1c1.jpg,TP,5,17,0.9091712884816333,11900,11852,137.14539918963203,136.59220766348898
TP-D_009_jpg.rf.e8cdb11635df3be6c85d743284d8ecfb_r1c1.jpg,TP,10,7,0.8875,2001,2227,23.061171746088544,25.66578184834542
TP-D_009_jpg.rf.e8cdb11635df3be6c85d743284d8ecfb_r1c1.jpg,TP,6,4,0.8611648398882441,4071,4589,46.91755631100773,52.88741486396818
TP-D_009_jpg.rf.e8cdb11635df3be6c85d743284d8ecfb_r1c1.jpg,TP,1,24,0.8610507246376812,4861,5412,56.02216684544548,62.37234457262929
TP-D_009_jpg.rf.e8cdb11635df3be6c85d743284d8ecfb_r1c1.jpg,TP,4,23,0.8572801537722249,3782,3948,43.5868823306881,45.50000302526615
TP-D_009_jpg.rf.e8cdb11635df3be6c85d743284d8ecfb_r1c1.jpg,TP,13,12,0.8493203883495145,7326,6960,84.43085667758355,80.21277129074277
TP-D_009_jpg.rf.e8cdb11635df3be6c85d743284d8ecfb_r1c1.jpg,TP,17,10,0.8449543722867016,10608,10216,122.25532727761484,117.7375964807799
TP-D_009_jpg.rf.e8cdb11635df3be6c85d743284d8ecfb_r1c1.jpg,TP,7,9,0.8385051718385051,5610,5410,64.65425961796939,62.34929492570666
TP-D_009_jpg.rf.e8cdb11635df3be6c85d743284d8ecfb_r1c1.jpg,TP,3,25,0.8325312800769971,5381,6043,62.015075045328565,69.64450817671818
TP-D_009_jpg.rf.e8cdb11635df3be6c85d743284d8ecfb_r1c1.jpg,TP,2,15,0.8296932515337423,3454,4002,39.80674023537723,46.12234349217709
TP-D_009_jpg.rf.e8cdb11635df3be6c85d743284d8ecfb_r1c1.jpg,TP,8,1,0.8207051762940735,2193,2661,25.273937850660758,30.667555230555532
TP-D_009_jpg.rf.e8cdb11635df3be6c85d743284d8ecfb_r1c1.jpg,TP,14,19,0.819140685590197,5326,6402,61.381209754956316,73.78191979932977
TP-D_009_jpg.rf.e8cdb11635df3be6c85d743284d8ecfb_r1c1.jpg,TP,0,21,0.8148921363952679,11896,14184,137.09929989578677,163.46809597527232
TP-D_009_jpg.rf.e8cdb11635df3be6c85d743284d8ecfb_r1c1.jpg,TP,23,20,0.799625468164794,8383,6993,96.61259507619204,80.59309046496611
TP-D_009_jpg.rf.e8cdb11635df3be6c85d743284d8ecfb_r1c1.jpg,TP,15,2,0.7903294822421908,1858,2326,21.413121991120697,26.80673937101547
TP-D_009_jpg.rf.e8cdb11635df3be6c85d743284d8ecfb_r1c1.jpg,TP,11,8,0.7895778364116095,1212,1501,13.968086035112103,17.298760015431736
TP-D_009_jpg.rf.e8cdb11635df3be6c85d743284d8ecfb_r1c1.jpg,TP,12,0,0.7806778340475263,2162,2409,24.91666832336004,27.763299718304502
TP-D_009_jpg.rf.e8cdb11635df3be6c85d743284d8ecfb_r1c1.jpg,TP,9,22,0.7730448501239576,3469,4398,39.979612587296934,50.68617358285728
TP-D_009_jpg.rf.e8cdb11635df3be6c85d743284d8ecfb_r1c1.jpg,TP,16,16,0.745594215996385,1670,2193,19.24645518039374,25.273937850660758
TP-D_009_jpg.rf.e8cdb11635df3be6c85d743284d8ecfb_r1c1.jpg,TP,19,18,0.704679691049523,1558,2194,17.955674952726614,25.285462674122073
TP-D_009_jpg.rf.e8cdb11635df3be6c85d743284d8ecfb_r1c1.jpg,TP,20,3,0.7008599508599509,1144,1625,13.184398039742776,18.727838124634626
TP-D_009_jpg.rf.e8cdb11635df3be6c85d743284d8ecfb_r1c1.jpg,TP,21,11,0.6632768361581921,589,883,6.78812101871372,10.176419116339924
TP-D_009_jpg.rf.e8cdb11635df3be6c85d743284d8ecfb_r1c1.jpg,TP,22,14,0.5730394669400307,1160,1909,13.368795215123795,22.000887987647694
TP-D_009_jpg.rf.e8cdb11635df3be6c85d743284d8ecfb_r1c1.jpg,FP,18,-1,0.0,0,2756,0.0,31.762413459380326
TP-D_009_jpg.rf.e8cdb11635df3be6c85d743284d8ecfb_r1c1.jpg,FP,24,-1,0.0,0,440,0.0,5.0709223229779905
TP-D_009_jpg.rf.e8cdb11635df3be6c85d743284d8ecfb_r1c1.jpg,FN,-1,5,0.0,1430,0,16.48049754967847,0.0
TP-D_009_jpg.rf.e8cdb11635df3be6c85d743284d8ecfb_r1c1.jpg,FN,-1,6,0.0,592,0,6.8226954890976605,0.0
TP-D_009_jpg.rf.e8cdb11635df3be6c85d743284d8ecfb_r1c1.jpg,FN,-1,13,0.0,1438,0,16.57269613736898,0.0
TP-D_009_jpg.rf.e8cdb11635df3be6c85d743284d8ecfb_r1c1.jpg,FN,-1,26,0.0,920,0,10.602837584408526,0.0
TP-D_009_jpg.rf.e8cdb11635df3be6c85d743284d8ecfb_r1c2.jpg,TP,8,43,0.9041694687289845,5511,5815,63.51330209529934,67.01684842753868
TP-D_009_jpg.rf.e8cdb11635df3be6c85d743284d8ecfb_r1c2.jpg,TP,3,34,0.8827943078913325,6838,7716,78.8067428284625,88.92553782749586
TP-D_009_jpg.rf.e8cdb11635df3be6c85d743284d8ecfb_r1c2.jpg,TP,30,45,0.8561553653719552,2719,2920,31.335994991311722,33.65248450703576
TP-D_009_jpg.rf.e8cdb11635df3be6c85d743284d8ecfb_r1c2.jpg,TP,12,9,0.8536672629695885,5343,5019,61.577131753798646,57.84308895233304
TP-D_009_jpg.rf.e8cdb11635df3be6c85d743284d8ecfb_r1c2.jpg,TP,13,11,0.8463235294117647,2361,2661,27.210108192161446,30.667555230555532
TP-D_009_jpg.rf.e8cdb11635df3be6c85d743284d8ecfb_r1c2.jpg,TP,23,13,0.8396929329419733,3824,4324,44.07092491606327,49.83333664672008
TP-D_009_jpg.rf.e8cdb11635df3be6c85d743284d8ecfb_r1c2.jpg,TP,32,38,0.8357131397400931,5321,6121,61.32358563764975,70.54344440670064
TP-D_009_jpg.rf.e8cdb11635df3be6c85d743284d8ecfb_r1c2.jpg,TP,17,42,0.8316378433367243,3532,3670,40.705676465359694,42.29610210302097
TP-D_009_jpg.rf.e8cdb11635df3be6c85d743284d8ecfb_r1c2.jpg,TP,20,4,0.8205560235888796,2037,2285,23.476065390695837,26.33422160910161
TP-D_009_jpg.rf.e8cdb11635df3be6c85d743284d8ecfb_r1c2.jpg,TP,28,20,0.801983584131327,4705,5833,54.22429438548056,67.22429524984233
TP-D_009_jpg.rf.e8cdb11635df3be6c85d743284d8ecfb_r1c2.jpg,TP,2,39,0.7965825242718446,10354,12777,119.32802211844118,147.25266936520407
TP-D_009_jpg.rf.e8cdb11635df3be6c85d743284d8ecfb_r1c2.jpg,TP,0,21,0.7907523510971787,6105,7605,70.35904723131962,87.64628242329005
TP-D_009_jpg.rf.e8cdb11635df3be6c85d743284d8ecfb_r1c2.jpg,TP,1,14,0.7898491642886262,7804,9758,89.93972229209146,112.45922733549827
TP-D_009_jpg.rf.e8cdb11635df3be6c85d743284d8ecfb_r1c2.jpg,TP,27,41,0.7881631871289025,4954,4382,57.09397542734765,50.501776407476264
TP-D_009_jpg.rf.e8cdb11635df3be6c85d743284d8ecfb_r1c2.jpg,TP,5,23,0.7761194029850746,3196,3944,36.83333578235832,45.4539037314209
TP-D_009_jpg.rf.e8cdb11635df3be6c85d743284d8ecfb_r1c2.jpg,TP,25,29,0.7754777070063694,2704,2871,31.163122639392018,33.08776815743139
TP-D_009_jpg.rf.e8cdb11635df3be6c85d743284d8ecfb_r1c2.jpg,TP,40,30,0.7717900656044986,1725,2056,19.880320470765987,23.695037036460793
TP-D_009_jpg.rf.e8cdb11635df3be6c85d743284d8ecfb_r1c2.jpg,TP,22,1,0.7700277988375032,3077,3927,35.461881790461995,45.25798173257857
TP-D_009_jpg.rf.e8cdb11635df3be6c85d743284d8ecfb_r1c2.jpg,TP,14,25,0.7694090382387022,2707,3401,31.19769710977596,39.19592459192761
TP-D_009_jpg.rf.e8cdb11635df3be6c85d743284d8ecfb_r1c2.jpg,TP,38,48,0.7636544190665343,982,794,11.317376639009971,9.150709828283011
TP-D_009_jpg.rf.e8cdb11635df3be6c85d743284d8ecfb_r1c2.jpg,TP,4,15,0.7484703158591037,4757,5816,54.82358520546887,67.02837325099999
TP-D_009_jpg.rf.e8cdb11635df3be6c85d743284d8ecfb_r1c2.jpg,TP,11,5,0.7378294941819046,3128,4190,36.04964778698899,48.28901030290405
TP-D_009_jpg.rf.e8cdb11635df3be6c85d743284d8ecfb_r1c2.jpg,TP,10,17,0.7310547212152598,5585,4443,64.36613903143655,51.204790638616394
TP-D_009_jpg.rf.e8cdb11635df3be6c85d743284d8ecfb_r1c2.jpg,TP,18,3,0.7279340446168768,1590,1973,18.324469303488648,22.738476689171765
TP-D_009_jpg.rf.e8cdb11635df3be6c85d743284d8ecfb_r1c2.jpg,TP,43,2,0.7272106520996927,2192,2867,25.262413027199447,33.04166886358614
TP-D_009_jpg.rf.e8cdb11635df3be6c85d743284d8ecfb_r1c2.jpg,TP,9,33,0.7109253499222395,3693,5108,42.56117304263118,58.86879824038995
TP-D_009_jpg.rf.e8cdb11635df3be6c85d743284d8ecfb_r1c2.jpg,TP,26,24,0.6994985673352435,1953,2792,22.50798021994549,32.177307103987616
TP-D_009_jpg.rf.e8cdb11635df3be6c85d743284d8ecfb_r1c2.jpg,TP,21,16,0.6988135077578339,2547,3037,29.35372535596578,35.00088885200945
TP-D_009_jpg.rf.e8cdb11635df3be6c85d743284d8ecfb_r1c2.jpg,TP,41,19,0.6884132537559169,3361,4843,38.734931653475066,55.81472002314184
TP-D_009_jpg.rf.e8cdb11635df3be6c85d743284d8ecfb_r1c2.jpg,TP,15,44,0.6814140558848434,6578,9308,75.81028872852096,107.27305677790713
TP-D_009_jpg.rf.e8cdb11635df3be6c85d743284d8ecfb_r1c2.jpg,TP,35,7,0.6796222302942245,4392,4856,50.6170246420894,55.964542728138916
TP-D_009_jpg.rf.e8cdb11635df3be6c85d743284d8ecfb_r1c2.jpg,TP,37,31,0.6694985840413127,11736,8308,135.2553281419766,95.74823331659351
TP-D_009_jpg.rf.e8cdb11635df3be6c85d743284d8ecfb_r1c2.jpg,TP,7,35,0.6644185571224198,3251,4893,37.46720107273057,56.39096119620752
TP-D_009_jpg.rf.e8cdb11635df3be6c85d743284d8ecfb_r1c2.jpg,TP,42,12,0.6503038803179055,1391,2139,16.03102943468724,24.651597383749824
TP-D_009_jpg.rf.e8cdb11635df3be6c85d743284d8ecfb_r1c2.jpg,TP,6,32,0.6464585834333734,3859,4370,44.474293737209244,50.3634785259405
TP-D_009_jpg.rf.e8cdb11635df3be6c85d743284d8ecfb_r1c2.jpg,TP,39,37,0.6436170212765957,1337,2062,15.408688967776305,23.764185977228674
TP-D_009_jpg.rf.e8cdb11635df3be6c85d743284d8ecfb_r1c2.jpg,TP,33,36,0.6256558853473255,11688,9070,134.70213661583355,104.5301487941145
TP-D_009_jpg.rf.e8cdb11635df3be6c85d743284d8ecfb_r1c2.jpg,TP,29,22,0.6195652173913043,2128,3385,24.524824325675375,39.01152741654659
TP-D_009_jpg.rf.e8cdb11635df3be6c85d743284d8ecfb_r1c2.jpg,TP,24,27,0.5994678673761769,3101,4714,35.73847755353352,54.32801779663239
TP-D_009_jpg.rf.e8cdb11635df3be6c85d743284d8ecfb_r1c2.jpg,TP,45,10,0.5922606924643584,1454,2455,16.757093312749998,28.293441597524925
TP-D_009_jpg.rf.e8cdb11635df3be6c85d743284d8ecfb_r1c2.jpg,FP,16,-1,0.0,0,8187,0.0,94.35372967777457
TP-D_009_jpg.rf.e8cdb11635df3be6c85d743284d8ecfb_r1c2.jpg,FP,19,-1,0.0,0,11904,0.0,137.1914984834773
TP-D_009_jpg.rf.e8cdb11635df3be6c85d743284d8ecfb_r1c2.jpg,FP,31,-1,0.0,0,3248,0.0,37.43262660234662
TP-D_009_jpg.rf.e8cdb11635df3be6c85d743284d8ecfb_r1c2.jpg,FP,34,-1,0.0,0,1111,0.0,12.804078865519427
TP-D_009_jpg.rf.e8cdb11635df3be6c85d743284d8ecfb_r1c2.jpg,FP,36,-1,0.0,0,7340,0.0,84.59220420604194
TP-D_009_jpg.rf.e8cdb11635df3be6c85d743284d8ecfb_r1c2.jpg,FP,44,-1,0.0,0,1966,0.0,22.65780292494257
TP-D_009_jpg.rf.e8cdb11635df3be6c85d743284d8ecfb_r1c2.jpg,FN,-1,0,0.0,4275,0,49.26862029711571,0.0
TP-D_009_jpg.rf.e8cdb11635df3be6c85d743284d8ecfb_r1c2.jpg,FN,-1,6,0.0,3648,0,42.042555986872074,0.0
TP-D_009_jpg.rf.e8cdb11635df3be6c85d743284d8ecfb_r1c2.jpg,FN,-1,8,0.0,211,0,2.431737750337173,0.0
TP-D_009_jpg.rf.e8cdb11635df3be6c85d743284d8ecfb_r1c2.jpg,FN,-1,18,0.0,3958,0,45.615251259879294,0.0
TP-D_009_jpg.rf.e8cdb11635df3be6c85d743284d8ecfb_r1c2.jpg,FN,-1,26,0.0,2014,0,23.21099445108562,0.0
TP-D_009_jpg.rf.e8cdb11635df3be6c85d743284d8ecfb_r1c2.jpg,FN,-1,28,0.0,1608,0,18.531916125792293,0.0
TP-D_009_jpg.rf.e8cdb11635df3be6c85d743284d8ecfb_r1c2.jpg,FN,-1,40,0.0,3350,0,38.60815859540061,0.0
TP-D_009_jpg.rf.e8cdb11635df3be6c85d743284d8ecfb_r1c2.jpg,FN,-1,46,0.0,2273,0,26.195923727565848,0.0
TP-D_009_jpg.rf.e8cdb11635df3be6c85d743284d8ecfb_r1c2.jpg,FN,-1,47,0.0,1164,0,13.414894508969049,0.0
TP-D_009_jpg.rf.e8cdb11635df3be6c85d743284d8ecfb_r2c0.jpg,TP,32,4,0.9217901368672605,4417,4429,50.90514522862224,51.043443110158
TP-D_009_jpg.rf.e8cdb11635df3be6c85d743284d8ecfb_r2c0.jpg,TP,31,20,0.9095477386934674,5123,5517,59.04167059230966,63.58245103606722
TP-D_009_jpg.rf.e8cdb11635df3be6c85d743284d8ecfb_r2c0.jpg,TP,8,36,0.8707084240495729,10419,11921,120.07713564342656,137.3874204823196
TP-D_009_jpg.rf.e8cdb11635df3be6c85d743284d8ecfb_r2c0.jpg,TP,2,7,0.8595915390226112,7210,8087,83.09397715607118,93.20124733164322
TP-D_009_jpg.rf.e8cdb11635df3be6c85d743284d8ecfb_r2c0.jpg,TP,4,25,0.8511994002998501,2271,2668,26.172874080643222,30.74822899478473
TP-D_009_jpg.rf.e8cdb11635df3be6c85d743284d8ecfb_r2c0.jpg,TP,13,3,0.8482875742994622,3012,3518,34.71276826547661,40.5443289369013
TP-D_009_jpg.rf.e8cdb11635df3be6c85d743284d8ecfb_r2c0.jpg,TP,18,24,0.8397690364489354,2366,2732,27.267732309468016,31.4858176963088
TP-D_009_jpg.rf.e8cdb11635df3be6c85d743284d8ecfb_r2c0.jpg,TP,7,39,0.8396464646464646,2718,3110,31.324470167850407,35.84220096468535
TP-D_009_jpg.rf.e8cdb11635df3be6c85d743284d8ecfb_r2c0.jpg,TP,3,26,0.8382533825338253,2757,3221,31.773938282841637,37.12145636889116
TP-D_009_jpg.rf.e8cdb11635df3be6c85d743284d8ecfb_r2c0.jpg,TP,11,34,0.8304223563035884,2632,3132,30.333335350177435,36.09574708083424
TP-D_009_jpg.rf.e8cdb11635df3be6c85d743284d8ecfb_r2c0.jpg,TP,5,42,0.8281761922096833,2354,2668,27.129434427932253,30.74822899478473
TP-D_009_jpg.rf.e8cdb11635df3be6c85d743284d8ecfb_r2c0.jpg,TP,6,11,0.828099173553719,2517,3013,29.00798065212637,34.72429308893793
TP-D_009_jpg.rf.e8cdb11635df3be6c85d743284d8ecfb_r2c0.jpg,TP,25,31,0.8211143695014663,2522,3067,29.065604769432937,35.34663355584886
TP-D_009_jpg.rf.e8cdb11635df3be6c85d743284d8ecfb_r2c0.jpg,TP,28,5,0.814327485380117,2786,3419,32.108158163219734,39.40337141423125
TP-D_009_jpg.rf.e8cdb11635df3be6c85d743284d8ecfb_r2c0.jpg,TP,9,38,0.8138102917460783,5555,6817,64.02039432759713,78.56472153577492
TP-D_009_jpg.rf.e8cdb11635df3be6c85d743284d8ecfb_r2c0.jpg,TP,0,27,0.795219319862001,6481,8089,74.69238085277354,93.22429697856583
TP-D_009_jpg.rf.e8cdb11635df3be6c85d743284d8ecfb_r2c0.jpg,TP,19,23,0.7885117493472585,1249,1491,14.394504503180706,17.183511780818602
TP-D_009_jpg.rf.e8cdb11635df3be6c85d743284d8ecfb_r2c0.jpg,TP,12,41,0.772225827384815,2385,3077,27.486703955232972,35.461881790461995
TP-D_009_jpg.rf.e8cdb11635df3be6c85d743284d8ecfb_r2c0.jpg,TP,10,17,0.7702614379084968,2669,2748,30.75975381824604,31.670214871689815
TP-D_009_jpg.rf.e8cdb11635df3be6c85d743284d8ecfb_r2c0.jpg,TP,35,21,0.7644479872459147,2046,2381,23.57978880184766,27.44060466138772
TP-D_009_jpg.rf.e8cdb11635df3be6c85d743284d8ecfb_r2c0.jpg,TP,21,18,0.7595952547103978,2273,2770,26.195923727565848,31.923760987838715
TP-D_009_jpg.rf.e8cdb11635df3be6c85d743284d8ecfb_r2c0.jpg,TP,34,33,0.759379042690815,1767,2313,20.36436305614116,26.656916666018393
TP-D_009_jpg.rf.e8cdb11635df3be6c85d743284d8ecfb_r2c0.jpg,TP,16,14,0.7590282337491793,2610,2748,30.07978923402854,31.670214871689815
TP-D_009_jpg.rf.e8cdb11635df3be6c85d743284d8ecfb_r2c0.jpg,TP,24,0,0.7482517482517482,1258,992,14.498227914332528,11.432624873623107
TP-D_009_jpg.rf.e8cdb11635df3be6c85d743284d8ecfb_r2c0.jpg,TP,17,43,0.7187104930467763,2729,2709,31.45124322592486,31.220746756698585
TP-D_009_jpg.rf.e8cdb11635df3be6c85d743284d8ecfb_r2c0.jpg,TP,14,37,0.7074626865671642,1896,2680,21.851065282650616,30.88652687632049
TP-D_009_jpg.rf.e8cdb11635df3be6c85d743284d8ecfb_r2c0.jpg,TP,30,12,0.7003577817531306,973,928,11.213653227858147,10.695036172099035
TP-D_009_jpg.rf.e8cdb11635df3be6c85d743284d8ecfb_r2c0.jpg,TP,27,22,0.6994459833795014,1539,2142,17.736703306961655,24.686171854133764
TP-D_009_jpg.rf.e8cdb11635df3be6c85d743284d8ecfb_r2c0.jpg,TP,20,1,0.6966390222610214,1600,2287,18.439717538101785,26.35727125602424
TP-D_009_jpg.rf.e8cdb11635df3be6c85d743284d8ecfb_r2c0.jpg,TP,23,35,0.6247267427738644,2902,3787,33.445037684732114,43.644506447994665
TP-D_009_jpg.rf.e8cdb11635df3be6c85d743284d8ecfb_r2c0.jpg,TP,22,19,0.5691548623269139,3576,6283,41.21276869765749,72.41046580743345
TP-D_009_jpg.rf.e8cdb11635df3be6c85d743284d8ecfb_r2c0.jpg,FP,1,-1,0.0,0,31543,0.0,363.5275064402154
TP-D_009_jpg.rf.e8cdb11635df3be6c85d743284d8ecfb_r2c0.jpg,FP,15,-1,0.0,0,1361,0.0,15.685284730847831
TP-D_009_jpg.rf.e8cdb11635df3be6c85d743284d8ecfb_r2c0.jpg,FP,26,-1,0.0,0,2024,0.0,23.32624268569876
TP-D_009_jpg.rf.e8cdb11635df3be6c85d743284d8ecfb_r2c0.jpg,FP,29,-1,0.0,0,3719,0.0,42.86081845262534
TP-D_009_jpg.rf.e8cdb11635df3be6c85d743284d8ecfb_r2c0.jpg,FP,33,-1,0.0,0,3870,0.0,44.60106679528369
TP-D_009_jpg.rf.e8cdb11635df3be6c85d743284d8ecfb_r2c0.jpg,FP,36,-1,0.0,0,2245,0.0,25.873228670649066
TP-D_009_jpg.rf.e8cdb11635df3be6c85d743284d8ecfb_r2c0.jpg,FP,37,-1,0.0,0,5248,0.0,60.482273524973856
TP-D_009_jpg.rf.e8cdb11635df3be6c85d743284d8ecfb_r2c0.jpg,FN,-1,2,0.0,13997,0,161.31295398800668,0.0
TP-D_009_jpg.rf.e8cdb11635df3be6c85d743284d8ecfb_r2c0.jpg,FN,-1,6,0.0,979,0,11.28280216862603,0.0
TP-D_009_jpg.rf.e8cdb11635df3be6c85d743284d8ecfb_r2c0.jpg,FN,-1,8,0.0,5370,0,61.88830198725412,0.0
TP-D_009_jpg.rf.e8cdb11635df3be6c85d743284d8ecfb_r2c0.jpg,FN,-1,9,0.0,1127,0,12.988476040900444,0.0
TP-D_009_jpg.rf.e8cdb11635df3be6c85d743284d8ecfb_r2c0.jpg,FN,-1,10,0.0,837,0,9.646277237119497,0.0
TP-D_009_jpg.rf.e8cdb11635df3be6c85d743284d8ecfb_r2c0.jpg,FN,-1,13,0.0,416,0,4.794326559906464,0.0
TP-D_009_jpg.rf.e8cdb11635df3be6c85d743284d8ecfb_r2c0.jpg,FN,-1,15,0.0,1612,0,18.57801541963755,0.0
TP-D_009_jpg.rf.e8cdb11635df3be6c85d743284d8ecfb_r2c0.jpg,FN,-1,16,0.0,2073,0,23.890959035303126,0.0
TP-D_009_jpg.rf.e8cdb11635df3be6c85d743284d8ecfb_r2c0.jpg,FN,-1,28,0.0,2544,0,29.319150885581838,0.0
TP-D_009_jpg.rf.e8cdb11635df3be6c85d743284d8ecfb_r2c0.jpg,FN,-1,29,0.0,13011,0,149.94947805515145,0.0
TP-D_009_jpg.rf.e8cdb11635df3be6c85d743284d8ecfb_r2c0.jpg,FN,-1,30,0.0,13652,0,157.33688989385348,0.0
TP-D_009_jpg.rf.e8cdb11635df3be6c85d743284d8ecfb_r2c0.jpg,FN,-1,32,0.0,581,0,6.69592243102321,0.0
TP-D_009_jpg.rf.e8cdb11635df3be6c85d743284d8ecfb_r2c0.jpg,FN,-1,40,0.0,679,0,7.825355130231945,0.0
TP-D_009_jpg.rf.e8cdb11635df3be6c85d743284d8ecfb_r2c1.jpg,TP,12,8,0.8961390363201166,8948,9272,103.12412033183423,106.85816313329984
TP-D_009_jpg.rf.e8cdb11635df3be6c85d743284d8ecfb_r2c1.jpg,TP,5,0,0.8695535233996773,3321,3630,38.27393871502252,41.83510916456842
TP-D_009_jpg.rf.e8cdb11635df3be6c85d743284d8ecfb_r2c1.jpg,TP,4,2,0.8597298956414978,2819,3240,32.488477337443086,37.34042801465611
TP-D_009_jpg.rf.e8cdb11635df3be6c85d743284d8ecfb_r2c1.jpg,TP,6,23,0.8468133290197347,5293,6124,61.00089058073297,70.57801887708459
TP-D_009_jpg.rf.e8cdb11635df3be6c85d743284d8ecfb_r2c1.jpg,TP,1,7,0.8439635535307517,4798,4916,55.29610296738273,56.65603213581773
TP-D_009_jpg.rf.e8cdb11635df3be6c85d743284d8ecfb_r2c1.jpg,TP,19,19,0.8310094813162298,10492,12489,120.91844775610245,143.93352020834575
TP-D_009_jpg.rf.e8cdb11635df3be6c85d743284d8ecfb_r2c1.jpg,TP,2,5,0.8258508327299059,4672,5414,53.84397521125722,62.39539421955192
TP-D_009_jpg.rf.e8cdb11635df3be6c85d743284d8ecfb_r2c1.jpg,TP,3,11,0.8241343846417553,2570,2751,29.618796295575994,31.704789342073756
TP-D_009_jpg.rf.e8cdb11635df3be6c85d743284d8ecfb_r2c1.jpg,TP,13,6,0.8092682926829269,1662,2047,19.15425659270323,23.59131362530897
TP-D_009_jpg.rf.e8cdb11635df3be6c85d743284d8ecfb_r2c1.jpg,TP,11,13,0.8058987644479872,2235,2296,25.757980436035933,26.460994667176063
TP-D_009_jpg.rf.e8cdb11635df3be6c85d743284d8ecfb_r2c1.jpg,TP,10,1,0.7912288716308817,5218,6545,60.13652882113445,75.42996955429761
TP-D_009_jpg.rf.e8cdb11635df3be6c85d743284d8ecfb_r2c1.jpg,TP,7,14,0.7672101449275363,1718,2184,19.79964670653679,25.170214439508936
TP-D_009_jpg.rf.e8cdb11635df3be6c85d743284d8ecfb_r2c1.jpg,TP,0,17,0.7644851561637789,17890,14086,206.17909172290058,162.33866327606358
TP-D_009_jpg.rf.e8cdb11635df3be6c85d743284d8ecfb_r2c1.jpg,TP,16,24,0.7628463476070529,6102,7895,70.32447276093568,90.98848122707099
TP-D_009_jpg.rf.e8cdb11635df3be6c85d743284d8ecfb_r2c1.jpg,TP,15,10,0.7067610062893082,1832,2510,21.113476581126545,28.927306887897174
TP-D_009_jpg.rf.e8cdb11635df3be6c85d743284d8ecfb_r2c1.jpg,TP,18,15,0.658500734933856,1344,2041,15.4893627320055,23.52216468454109
TP-D_009_jpg.rf.e8cdb11635df3be6c85d743284d8ecfb_r2c1.jpg,TP,17,3,0.6539932508436446,3141,4211,36.19947049198607,48.531031595591635
TP-D_009_jpg.rf.e8cdb11635df3be6c85d743284d8ecfb_r2c1.jpg,TP,14,27,0.6464877213021131,2296,3470,26.460994667176063,39.99113741075825
TP-D_009_jpg.rf.e8cdb11635df3be6c85d743284d8ecfb_r2c1.jpg,TP,21,26,0.5785340314136126,1488,1527,17.14893731043466,17.59840542542589
TP-D_009_jpg.rf.e8cdb11635df3be6c85d743284d8ecfb_r2c1.jpg,FP,8,-1,0.0,0,2826,0.0,32.569151101672276
TP-D_009_jpg.rf.e8cdb11635df3be6c85d743284d8ecfb_r2c1.jpg,FP,9,-1,0.0,0,2709,0.0,31.220746756698585
TP-D_009_jpg.rf.e8cdb11635df3be6c85d743284d8ecfb_r2c1.jpg,FP,20,-1,0.0,0,31646,0.0,364.7145632567307
TP-D_009_jpg.rf.e8cdb11635df3be6c85d743284d8ecfb_r2c1.jpg,FN,-1,4,0.0,4762,0,54.88120932277544,0.0
TP-D_009_jpg.rf.e8cdb11635df3be6c85d743284d8ecfb_r2c1.jpg,FN,-1,9,0.0,6820,0,78.59929600615887,0.0
TP-D_009_jpg.rf.e8cdb11635df3be6c85d743284d8ecfb_r2c1.jpg,FN,-1,12,0.0,1078,0,12.423759691296079,0.0
TP-D_009_jpg.rf.e8cdb11635df3be6c85d743284d8ecfb_r2c1.jpg,FN,-1,16,0.0,1493,0,17.206561427741228,0.0
TP-D_009_jpg.rf.e8cdb11635df3be6c85d743284d8ecfb_r2c1.jpg,FN,-1,18,0.0,11427,0,131.69415769243068,0.0
TP-D_009_jpg.rf.e8cdb11635df3be6c85d743284d8ecfb_r2c1.jpg,FN,-1,20,0.0,4405,0,50.766847347086475,0.0
TP-D_009_jpg.rf.e8cdb11635df3be6c85d743284d8ecfb_r2c1.jpg,FN,-1,21,0.0,3792,0,43.70213056530123,0.0
TP-D_009_jpg.rf.e8cdb11635df3be6c85d743284d8ecfb_r2c1.jpg,FN,-1,22,0.0,2426,0,27.959221717146832,0.0
TP-D_009_jpg.rf.e8cdb11635df3be6c85d743284d8ecfb_r2c1.jpg,FN,-1,25,0.0,2484,0,28.627661477903022,0.0
TP-D_009_jpg.rf.e8cdb11635df3be6c85d743284d8ecfb_r2c2.jpg,TP,11,13,0.8514217060472568,2310,2313,26.622342195634452,26.656916666018393
TP-D_009_jpg.rf.e8cdb11635df3be6c85d743284d8ecfb_r2c2.jpg,TP,2,1,0.8182533438237608,1076,1235,12.40071004437345,14.233156974722316
TP-D_009_jpg.rf.e8cdb11635df3be6c85d743284d8ecfb_r2c2.jpg,TP,0,9,0.8169596690796277,2386,2885,27.498228778694287,33.249115685889784
TP-D_009_jpg.rf.e8cdb11635df3be6c85d743284d8ecfb_r2c2.jpg,TP,1,6,0.8111679454390451,1927,2322,22.20833480995134,26.760640077170216
TP-D_009_jpg.rf.e8cdb11635df3be6c85d743284d8ecfb_r2c2.jpg,TP,4,12,0.7719869706840391,2493,2403,28.731384889054844,27.69415077753662
TP-D_009_jpg.rf.e8cdb11635df3be6c85d743284d8ecfb_r2c2.jpg,TP,5,5,0.7669753086419753,4347,4813,50.09840758633029,55.46897531930243
TP-D_009_jpg.rf.e8cdb11635df3be6c85d743284d8ecfb_r2c2.jpg,TP,6,15,0.7141437562106658,2566,2609,29.572697001730738,30.068264410567224
TP-D_009_jpg.rf.e8cdb11635df3be6c85d743284d8ecfb_r2c2.jpg,TP,3,2,0.6831976313841599,923,1351,10.637412054792467,15.570036496234694
TP-D_009_jpg.rf.e8cdb11635df3be6c85d743284d8ecfb_r2c2.jpg,TP,7,14,0.6668697948405444,4677,3529,53.90159932856378,40.67110199497575
TP-D_009_jpg.rf.e8cdb11635df3be6c85d743284d8ecfb_r2c2.jpg,TP,8,19,0.6385362210604929,879,1315,10.130319822494668,15.155142851627405
TP-D_009_jpg.rf.e8cdb11635df3be6c85d743284d8ecfb_r2c2.jpg,TP,10,20,0.6377515614156836,990,1370,11.409575226700479,15.789008141999654
TP-D_009_jpg.rf.e8cdb11635df3be6c85d743284d8ecfb_r2c2.jpg,FP,9,-1,0.0,0,5079,0.0,58.53457836001186
TP-D_009_jpg.rf.e8cdb11635df3be6c85d743284d8ecfb_r2c2.jpg,FN,-1,0,0.0,3587,0,41.33954175573194,0.0
TP-D_009_jpg.rf.e8cdb11635df3be6c85d743284d8ecfb_r2c2.jpg,FN,-1,3,0.0,755,0,8.70124171329178,0.0
TP-D_009_jpg.rf.e8cdb11635df3be6c85d743284d8ecfb_r2c2.jpg,FN,-1,4,0.0,740,0,8.528369361372075,0.0
TP-D_009_jpg.rf.e8cdb11635df3be6c85d743284d8ecfb_r2c2.jpg,FN,-1,7,0.0,457,0,5.266844321820322,0.0
TP-D_009_jpg.rf.e8cdb11635df3be6c85d743284d8ecfb_r2c2.jpg,FN,-1,8,0.0,564,0,6.5000004321808795,0.0
TP-D_009_jpg.rf.e8cdb11635df3be6c85d743284d8ecfb_r2c2.jpg,FN,-1,10,0.0,2094,0,24.132980327990712,0.0
TP-D_009_jpg.rf.e8cdb11635df3be6c85d743284d8ecfb_r2c2.jpg,FN,-1,11,0.0,1363,0,15.70833437777046,0.0
TP-D_009_jpg.rf.e8cdb11635df3be6c85d743284d8ecfb_r2c2.jpg,FN,-1,16,0.0,2044,0,23.55673915492503,0.0
TP-D_009_jpg.rf.e8cdb11635df3be6c85d743284d8ecfb_r2c2.jpg,FN,-1,17,0.0,2267,0,26.126774786797966,0.0
TP-D_009_jpg.rf.e8cdb11635df3be6c85d743284d8ecfb_r2c2.jpg,FN,-1,18,0.0,1835,0,21.148051051510485,0.0
TP-D_009_jpg.rf.e8cdb11635df3be6c85d743284d8ecfb_r2c2.jpg,FN,-1,21,0.0,927,0,10.683511348637722,0.0
ZAINA-679-B_001_jpg.rf.42f7c9c2b999e82410968535976ef160_r0c0.jpg,TP,0,14,0.9474042785120589,13976,14608,161.0709326953191,168.3546211228693
ZAINA-679-B_001_jpg.rf.42f7c9c2b999e82410968535976ef160_r0c0.jpg,TP,2,8,0.9324914496185215,17848,18879,205.69504913752542,217.57714212613976
ZAINA-679-B_001_jpg.rf.42f7c9c2b999e82410968535976ef160_r0c0.jpg,TP,4,20,0.9217364951890294,12203,13162,140.63742069841004,151.6897263978098
ZAINA-679-B_001_jpg.rf.42f7c9c2b999e82410968535976ef160_r0c0.jpg,TP,15,11,0.9155196962505933,6018,6090,69.35638759018534,70.18617487939991
ZAINA-679-B_001_jpg.rf.42f7c9c2b999e82410968535976ef160_r0c0.jpg,TP,1,0,0.914387031408308,10891,11783,125.5168523171666,135.79699484465834
ZAINA-679-B_001_jpg.rf.42f7c9c2b999e82410968535976ef160_r0c0.jpg,TP,5,18,0.9053552492046659,6846,7528,78.89894141615301,86.7588710167689
ZAINA-679-B_001_jpg.rf.42f7c9c2b999e82410968535976ef160_r0c0.jpg,TP,7,22,0.8934852118305355,4492,4983,51.76950698822076,57.428195307725744
ZAINA-679-B_001_jpg.rf.42f7c9c2b999e82410968535976ef160_r0c0.jpg,TP,14,15,0.8726174417922703,15242,16688,175.66135919734214,192.32625392240163
ZAINA-679-B_001_jpg.rf.42f7c9c2b999e82410968535976ef160_r0c0.jpg,TP,18,23,0.8701095461658842,10592,9723,122.07093010223382,112.05585851435228
ZAINA-679-B_001_jpg.rf.42f7c9c2b999e82410968535976ef160_r0c0.jpg,TP,9,25,0.8699604743083004,4408,5054,50.80142181747042,58.246457773479015
ZAINA-679-B_001_jpg.rf.42f7c9c2b999e82410968535976ef160_r0c0.jpg,TP,28,5,0.8670338316286389,1140,1233,13.138298745897522,14.210107327799689
ZAINA-679-B_001_jpg.rf.42f7c9c2b999e82410968535976ef160_r0c0.jpg,TP,17,9,0.859724544224186,10870,12490,125.274831024479,143.94504503180707
ZAINA-679-B_001_jpg.rf.42f7c9c2b999e82410968535976ef160_r0c0.jpg,TP,12,7,0.8478490832157969,4892,5589,56.379436372746206,64.4122383252818
ZAINA-679-B_001_jpg.rf.42f7c9c2b999e82410968535976ef160_r0c0.jpg,TP,16,10,0.8455920709441836,6485,7667,74.7384801466188,88.36082147789149
ZAINA-679-B_001_jpg.rf.42f7c9c2b999e82410968535976ef160_r0c0.jpg,TP,13,16,0.8422758372344257,4777,5455,55.05408167469514,62.867911981465774
ZAINA-679-B_001_jpg.rf.42f7c9c2b999e82410968535976ef160_r0c0.jpg,TP,10,17,0.8262523779327837,6539,7861,75.36082061352974,90.59663722938633
ZAINA-679-B_001_jpg.rf.42f7c9c2b999e82410968535976ef160_r0c0.jpg,TP,24,12,0.8230282185570233,11666,11656,134.44859049968466,134.3333422650715
ZAINA-679-B_001_jpg.rf.42f7c9c2b999e82410968535976ef160_r0c0.jpg,TP,30,21,0.8182937675309571,12593,13985,145.13210184832235,161.1746561064709
ZAINA-679-B_001_jpg.rf.42f7c9c2b999e82410968535976ef160_r0c0.jpg,TP,26,6,0.8001785448593959,11661,12537,134.39096638237808,144.4867117344888
ZAINA-679-B_001_jpg.rf.42f7c9c2b999e82410968535976ef160_r0c0.jpg,TP,8,24,0.762600028078057,5432,7123,62.60284104185556,82.09131751493689
ZAINA-679-B_001_jpg.rf.42f7c9c2b999e82410968535976ef160_r0c0.jpg,TP,25,1,0.7302317028319235,4550,4859,52.437946748976955,55.99911719852286
ZAINA-679-B_001_jpg.rf.42f7c9c2b999e82410968535976ef160_r0c0.jpg,TP,20,19,0.6867441308987432,2903,4210,33.45656250819343,48.51950677213032
ZAINA-679-B_001_jpg.rf.42f7c9c2b999e82410968535976ef160_r0c0.jpg,FP,3,-1,0.0,0,19431,0.0,223.93884467678487
ZAINA-679-B_001_jpg.rf.42f7c9c2b999e82410968535976ef160_r0c0.jpg,FP,6,-1,0.0,0,38983,0.0,449.2721929923887
ZAINA-679-B_001_jpg.rf.42f7c9c2b999e82410968535976ef160_r0c0.jpg,FP,11,-1,0.0,0,20493,0.0,236.17820719269992
ZAINA-679-B_001_jpg.rf.42f7c9c2b999e82410968535976ef160_r0c0.jpg,FP,19,-1,0.0,0,4860,0.0,56.010642021984175
ZAINA-679-B_001_jpg.rf.42f7c9c2b999e82410968535976ef160_r0c0.jpg,FP,21,-1,0.0,0,1927,0.0,22.20833480995134
ZAINA-679-B_001_jpg.rf.42f7c9c2b999e82410968535976ef160_r0c0.jpg,FP,22,-1,0.0,0,3412,0.0,39.322697650002056
ZAINA-679-B_001_jpg.rf.42f7c9c2b999e82410968535976ef160_r0c0.jpg,FP,23,-1,0.0,0,29624,0.0,341.4113702179545
ZAINA-679-B_001_jpg.rf.42f7c9c2b999e82410968535976ef160_r0c0.jpg,FP,27,-1,0.0,0,3223,0.0,37.14450601581378
ZAINA-679-B_001_jpg.rf.42f7c9c2b999e82410968535976ef160_r0c0.jpg,FP,29,-1,0.0,0,6507,0.0,74.9920262627677
ZAINA-679-B_001_jpg.rf.42f7c9c2b999e82410968535976ef160_r0c0.jpg,FP,31,-1,0.0,0,6608,0.0,76.15603343236037
ZAINA-679-B_001_jpg.rf.42f7c9c2b999e82410968535976ef160_r0c0.jpg,FP,32,-1,0.0,0,5090,0.0,58.661351418086305
ZAINA-679-B_001_jpg.rf.42f7c9c2b999e82410968535976ef160_r0c0.jpg,FN,-1,2,0.0,18996,0,218.92554647111345,0.0
ZAINA-679-B_001_jpg.rf.42f7c9c2b999e82410968535976ef160_r0c0.jpg,FN,-1,3,0.0,77423,0,892.2864068452841,0.0
ZAINA-679-B_001_jpg.rf.42f7c9c2b999e82410968535976ef160_r0c0.jpg,FN,-1,4,0.0,42362,0,488.2145714681674,0.0
ZAINA-679-B_001_jpg.rf.42f7c9c2b999e82410968535976ef160_r0c0.jpg,FN,-1,13,0.0,1676,0,19.31560412116162,0.0
ZAINA-679-B_001_jpg.rf.42f7c9c2b999e82410968535976ef160_r0c0.jpg,FN,-1,26,0.0,2205,0,25.41223573219652,0.0
ZAINA-679-B_001_jpg.rf.42f7c9c2b999e82410968535976ef160_r0c0.jpg,FN,-1,27,0.0,15930,0,183.5904377387259,0.0
ZAINA-679-B_001_jpg.rf.42f7c9c2b999e82410968535976ef160_r0c0.jpg,FN,-1,28,0.0,3531,0,40.69415164189838,0.0
ZAINA-679-B_001_jpg.rf.42f7c9c2b999e82410968535976ef160_r0c1.jpg,TP,2,32,0.9412425412425413,13460,14193,155.12412378928127,163.57181938642415
ZAINA-679-B_001_jpg.rf.42f7c9c2b999e82410968535976ef160_r0c1.jpg,TP,5,9,0.9150917978522767,24801,24955,285.827146664039,287.6019694770813
ZAINA-679-B_001_jpg.rf.42f7c9c2b999e82410968535976ef160_r0c1.jpg,TP,13,36,0.9004886717014661,2069,2209,23.84485974145787,25.458335026041777
ZAINA-679-B_001_jpg.rf.42f7c9c2b999e82410968535976ef160_r0c1.jpg,TP,7,11,0.8886449810417082,4849,4615,55.88386896390972,53.18706027396234
ZAINA-679-B_001_jpg.rf.42f7c9c2b999e82410968535976ef160_r0c1.jpg,TP,0,30,0.8877908830092445,5570,6274,64.19326667951684,72.30674239628162
ZAINA-679-B_001_jpg.rf.42f7c9c2b999e82410968535976ef160_r0c1.jpg,TP,3,35,0.8859215561224489,11253,12404,129.6888384101621,142.95391021413408
ZAINA-679-B_001_jpg.rf.42f7c9c2b999e82410968535976ef160_r0c1.jpg,TP,27,13,0.8852040816326531,12301,13564,141.76685339761877,156.3227054292579
ZAINA-679-B_001_jpg.rf.42f7c9c2b999e82410968535976ef160_r0c1.jpg,TP,6,19,0.8677881767563085,7354,8412,84.75355173450033,96.94681495657014
ZAINA-679-B_001_jpg.rf.42f7c9c2b999e82410968535976ef160_r0c1.jpg,TP,1,20,0.8673162344175384,6379,6653,73.51684885971956,76.67465048811948
ZAINA-679-B_001_jpg.rf.42f7c9c2b999e82410968535976ef160_r0c1.jpg,TP,4,10,0.8647248284553984,6767,6549,77.98848036270924,75.47606884814287
ZAINA-679-B_001_jpg.rf.42f7c9c2b999e82410968535976ef160_r0c1.jpg,TP,10,14,0.8626479724624296,11156,11030,128.57093053441469,127.11880277828918
ZAINA-679-B_001_jpg.rf.42f7c9c2b999e82410968535976ef160_r0c1.jpg,TP,9,8,0.8412042502951594,4291,5066,49.453017472496725,58.38475565501478
ZAINA-679-B_001_jpg.rf.42f7c9c2b999e82410968535976ef160_r0c1.jpg,TP,16,25,0.8230174081237911,876,1009,10.095745352110727,11.628546872465439
ZAINA-679-B_001_jpg.rf.42f7c9c2b999e82410968535976ef160_r0c1.jpg,TP,11,27,0.8175233644859813,3501,4278,40.34840693805897,49.30319476749965
ZAINA-679-B_001_jpg.rf.42f7c9c2b999e82410968535976ef160_r0c1.jpg,TP,22,12,0.8141084258654474,6268,7619,72.23759345551375,87.80762995174844
ZAINA-679-B_001_jpg.rf.42f7c9c2b999e82410968535976ef160_r0c1.jpg,TP,19,26,0.8109529025191676,3802,4465,43.817378799914366,51.45833675476529
ZAINA-679-B_001_jpg.rf.42f7c9c2b999e82410968535976ef160_r0c1.jpg,TP,8,5,0.8043478260869565,1976,2340,22.773051159555706,26.96808689947386
ZAINA-679-B_001_jpg.rf.42f7c9c2b999e82410968535976ef160_r0c1.jpg,TP,20,6,0.7819397993311037,1265,1399,14.578901678561724,16.12322802237775
ZAINA-679-B_001_jpg.rf.42f7c9c2b999e82410968535976ef160_r0c1.jpg,TP,21,4,0.7814297452752671,2259,2077,26.03457619910746,23.93705832914838
ZAINA-679-B_001_jpg.rf.42f7c9c2b999e82410968535976ef160_r0c1.jpg,TP,31,2,0.7767676767676768,782,977,9.012411946747248,11.259752521703403
ZAINA-679-B_001_jpg.rf.42f7c9c2b999e82410968535976ef160_r0c1.jpg,TP,23,16,0.7465870307167235,875,1172,10.084220528649414,13.507093096659558
ZAINA-679-B_001_jpg.rf.42f7c9c2b999e82410968535976ef160_r0c1.jpg,TP,39,3,0.7375,786,1021,9.058511240592502,11.766844754001202
ZAINA-679-B_001_jpg.rf.42f7c9c2b999e82410968535976ef160_r0c1.jpg,TP,17,1,0.7153088630259624,846,1070,9.75000064827132,12.33156110360557
ZAINA-679-B_001_jpg.rf.42f7c9c2b999e82410968535976ef160_r0c1.jpg,TP,32,34,0.7002909796314258,732,1021,8.436170773681567,11.766844754001202
ZAINA-679-B_001_jpg.rf.42f7c9c2b999e82410968535976ef160_r0c1.jpg,TP,29,33,0.6841103710751665,724,1046,8.343972185991058,12.054965340534043
ZAINA-679-B_001_jpg.rf.42f7c9c2b999e82410968535976ef160_r0c1.jpg,TP,15,31,0.6580814143839354,17310,13076,199.4946941153387,150.69859158013685
ZAINA-679-B_001_jpg.rf.42f7c9c2b999e82410968535976ef160_r0c1.jpg,TP,30,15,0.6148429035752979,2270,3692,26.161349257181907,42.54964821916987
ZAINA-679-B_001_jpg.rf.42f7c9c2b999e82410968535976ef160_r0c1.jpg,TP,38,17,0.5732058589201446,15529,10141,178.96898353073914,116.87323472118138
ZAINA-679-B_001_jpg.rf.42f7c9c2b999e82410968535976ef160_r0c1.jpg,FP,12,-1,0.0,0,5782,0.0,66.63652925331533
ZAINA-679-B_001_jpg.rf.42f7c9c2b999e82410968535976ef160_r0c1.jpg,FP,14,-1,0.0,0,2719,0.0,31.335994991311722
ZAINA-679-B_001_jpg.rf.42f7c9c2b999e82410968535976ef160_r0c1.jpg,FP,18,-1,0.0,0,3671,0.0,42.307626926482286
ZAINA-679-B_001_jpg.rf.42f7c9c2b999e82410968535976ef160_r0c1.jpg,FP,24,-1,0.0,0,7809,0.0,89.99734640939802
ZAINA-679-B_001_jpg.rf.42f7c9c2b999e82410968535976ef160_r0c1.jpg,FP,25,-1,0.0,0,15619,0.0,180.00621764225735
ZAINA-679-B_001_jpg.rf.42f7c9c2b999e82410968535976ef160_r0c1.jpg,FP,26,-1,0.0,0,5863,0.0,67.57003995368173
ZAINA-679-B_001_jpg.rf.42f7c9c2b999e82410968535976ef160_r0c1.jpg,FP,28,-1,0.0,0,15125,0.0,174.31295485236845
ZAINA-679-B_001_jpg.rf.42f7c9c2b999e82410968535976ef160_r0c1.jpg,FP,33,-1,0.0,0,7269,0.0,83.77394174028868
ZAINA-679-B_001_jpg.rf.42f7c9c2b999e82410968535976ef160_r0c1.jpg,FP,34,-1,0.0,0,4135,0.0,47.655145012531804
ZAINA-679-B_001_jpg.rf.42f7c9c2b999e82410968535976ef160_r0c1.jpg,FP,35,-1,0.0,0,1261,0.0,14.532802384716469
ZAINA-679-B_001_jpg.rf.42f7c9c2b999e82410968535976ef160_r0c1.jpg,FP,36,-1,0.0,0,6059,0.0,69.8289053520992
ZAINA-679-B_001_jpg.rf.42f7c9c2b999e82410968535976ef160_r0c1.jpg,FP,37,-1,0.0,0,3191,0.0,36.775711665051745
ZAINA-679-B_001_jpg.rf.42f7c9c2b999e82410968535976ef160_r0c1.jpg,FN,-1,0,0.0,47028,0,541.9893977386567,0.0
ZAINA-679-B_001_jpg.rf.42f7c9c2b999e82410968535976ef160_r0c1.jpg,FN,-1,7,0.0,2754,0,31.739363812457697,0.0
ZAINA-679-B_001_jpg.rf.42f7c9c2b999e82410968535976ef160_r0c1.jpg,FN,-1,18,0.0,916,0,10.556738290563272,0.0
ZAINA-679-B_001_jpg.rf.42f7c9c2b999e82410968535976ef160_r0c1.jpg,FN,-1,21,0.0,9910,0,114.21100050161793,0.0
ZAINA-679-B_001_jpg.rf.42f7c9c2b999e82410968535976ef160_r0c1.jpg,FN,-1,22,0.0,10899,0,125.6090509048571,0.0
ZAINA-679-B_001_jpg.rf.42f7c9c2b999e82410968535976ef160_r0c1.jpg,FN,-1,23,0.0,704,0,8.113475716764786,0.0
ZAINA-679-B_001_jpg.rf.42f7c9c2b999e82410968535976ef160_r0c1.jpg,FN,-1,24,0.0,848,0,9.773050295193947,0.0
ZAINA-679-B_001_jpg.rf.42f7c9c2b999e82410968535976ef160_r0c1.jpg,FN,-1,28,0.0,894,0,10.303192174414372,0.0
ZAINA-679-B_001_jpg.rf.42f7c9c2b999e82410968535976ef160_r0c1.jpg,FN,-1,29,0.0,863,0,9.945922647113651,0.0
ZAINA-679-B_001_jpg.rf.42f7c9c2b999e82410968535976ef160_r0c1.jpg,FN,-1,37,0.0,9673,0,111.47961734128661,0.0
ZAINA-679-B_001_jpg.rf.42f7c9c2b999e82410968535976ef160_r0c2.jpg,TP,0,0,0.9256230913210521,9402,10145,108.35639018327062,116.91933401502664
ZAINA-679-B_001_jpg.rf.42f7c9c2b999e82410968535976ef160_r0c2.jpg,TP,1,8,0.925075346594334,15401,16536,177.493806127691,190.57448075628196
ZAINA-679-B_001_jpg.rf.42f7c9c2b999e82410968535976ef160_r0c2.jpg,TP,9,7,0.9122750711427776,44983,44391,518.4211337602703,511.5984382711727
ZAINA-679-B_001_jpg.rf.42f7c9c2b999e82410968535976ef160_r0c2.jpg,TP,5,1,0.8668154761904762,4690,5346,54.05142203356086,61.61170622418259
ZAINA-679-B_001_jpg.rf.42f7c9c2b999e82410968535976ef160_r0c2.jpg,TP,3,15,0.8659256526150724,19417,21040,223.7774971483265,242.48228562603848
ZAINA-679-B_001_jpg.rf.42f7c9c2b999e82410968535976ef160_r0c2.jpg,TP,14,26,0.8635995464117933,5457,6047,62.8909616283884,69.69060747056344
ZAINA-679-B_001_jpg.rf.42f7c9c2b999e82410968535976ef160_r0c2.jpg,TP,8,22,0.8574399181864667,25463,29025,293.4565797954286,334.5080009646277
ZAINA-679-B_001_jpg.rf.42f7c9c2b999e82410968535976ef160_r0c2.jpg,TP,10,27,0.8525547445255475,1308,1230,15.07446908739821,14.175532857415748
ZAINA-679-B_001_jpg.rf.42f7c9c2b999e82410968535976ef160_r0c2.jpg,TP,2,3,0.8508663366336634,5783,6181,66.64805407677665,71.23493381437946
ZAINA-679-B_001_jpg.rf.42f7c9c2b999e82410968535976ef160_r0c2.jpg,TP,15,14,0.8400239664469742,4217,4996,48.60018053635952,57.57801801272282
ZAINA-679-B_001_jpg.rf.42f7c9c2b999e82410968535976ef160_r0c2.jpg,TP,6,6,0.836558094312105,8657,10232,99.77039670459197,117.92199365616092
ZAINA-679-B_001_jpg.rf.42f7c9c2b999e82410968535976ef160_r0c2.jpg,TP,16,10,0.8311565844688575,17983,20854,207.25090030480274,240.33866846223415
ZAINA-679-B_001_jpg.rf.42f7c9c2b999e82410968535976ef160_r0c2.jpg,TP,24,12,0.8280354351224596,20837,17751,240.1427464633918,204.577141261778
ZAINA-679-B_001_jpg.rf.42f7c9c2b999e82410968535976ef160_r0c2.jpg,TP,7,5,0.8195832143876677,2976,3398,34.29787462086932,39.16135012154367
ZAINA-679-B_001_jpg.rf.42f7c9c2b999e82410968535976ef160_r0c2.jpg,TP,20,11,0.7750320336811276,5381,4316,62.015075045328565,49.741138059029566
ZAINA-679-B_001_jpg.rf.42f7c9c2b999e82410968535976ef160_r0c2.jpg,TP,22,24,0.7446435527853525,3828,5129,44.11702420990852,59.11081953307754
ZAINA-679-B_001_jpg.rf.42f7c9c2b999e82410968535976ef160_r0c2.jpg,TP,19,9,0.6661450182576943,1915,1279,22.070036928415576,14.740249207020115
ZAINA-679-B_001_jpg.rf.42f7c9c2b999e82410968535976ef160_r0c2.jpg,TP,18,2,0.6387485826203484,18984,12811,218.78724858957767,147.64451336288874
ZAINA-679-B_001_jpg.rf.42f7c9c2b999e82410968535976ef160_r0c2.jpg,TP,13,17,0.5905955433565676,16404,27638,189.05320405938855,318.5230708237857
ZAINA-679-B_001_jpg.rf.42f7c9c2b999e82410968535976ef160_r0c2.jpg,TP,23,25,0.5608126335885784,44397,30817,511.6675872119406,355.1604846073017
ZAINA-679-B_001_jpg.rf.42f7c9c2b999e82410968535976ef160_r0c2.jpg,FP,4,-1,0.0,0,7549,0.0,87.00089230945649
ZAINA-679-B_001_jpg.rf.42f7c9c2b999e82410968535976ef160_r0c2.jpg,FP,11,-1,0.0,0,3247,0.0,37.42110177888531
ZAINA-679-B_001_jpg.rf.42f7c9c2b999e82410968535976ef160_r0c2.jpg,FP,12,-1,0.0,0,7024,0.0,80.95035999226684
ZAINA-679-B_001_jpg.rf.42f7c9c2b999e82410968535976ef160_r0c2.jpg,FP,17,-1,0.0,0,19691,0.0,226.9352987767264
ZAINA-679-B_001_jpg.rf.42f7c9c2b999e82410968535976ef160_r0c2.jpg,FP,21,-1,0.0,0,11314,0.0,130.39185264130225
ZAINA-679-B_001_jpg.rf.42f7c9c2b999e82410968535976ef160_r0c2.jpg,FN,-1,4,0.0,14462,0,166.67199689751752,0.0
ZAINA-679-B_001_jpg.rf.42f7c9c2b999e82410968535976ef160_r0c2.jpg,FN,-1,13,0.0,557,0,6.419326667951684,0.0
ZAINA-679-B_001_jpg.rf.42f7c9c2b999e82410968535976ef160_r0c2.jpg,FN,-1,16,0.0,1168,0,13.460993802814304,0.0
ZAINA-679-B_001_jpg.rf.42f7c9c2b999e82410968535976ef160_r0c2.jpg,FN,-1,18,0.0,4837,0,55.74557108237396,0.0
ZAINA-679-B_001_jpg.rf.42f7c9c2b999e82410968535976ef160_r0c2.jpg,FN,-1,19,0.0,9018,0,103.93085797412618,0.0
ZAINA-679-B_001_jpg.rf.42f7c9c2b999e82410968535976ef160_r0c2.jpg,FN,-1,20,0.0,573,0,6.603723843332702,0.0
ZAINA-679-B_001_jpg.rf.42f7c9c2b999e82410968535976ef160_r0c2.jpg,FN,-1,21,0.0,39232,0,452.14187403425575,0.0
ZAINA-679-B_001_jpg.rf.42f7c9c2b999e82410968535976ef160_r0c2.jpg,FN,-1,23,0.0,5952,0,68.59574924173864,0.0
ZAINA-679-B_001_jpg.rf.42f7c9c2b999e82410968535976ef160_r0c2.jpg,FN,-1,28,0.0,1485,0,17.11436284005072,0.0
ZAINA-679-B_001_jpg.rf.42f7c9c2b999e82410968535976ef160_r1c0.jpg,TP,0,3,0.9002328900909022,51627,49549,594.992060837238,571.0434776846283
ZAINA-679-B_001_jpg.rf.42f7c9c2b999e82410968535976ef160_r1c0.jpg,TP,11,0,0.8922323303009098,9377,9551,108.06826959673778,110.07358887900635
ZAINA-679-B_001_jpg.rf.42f7c9c2b999e82410968535976ef160_r1c0.jpg,TP,9,21,0.883214824391295,8292,9188,95.5638361412125,105.8900779625495
ZAINA-679-B_001_jpg.rf.42f7c9c2b999e82410968535976ef160_r1c0.jpg,TP,10,9,0.8830554664956717,11021,12472,127.01507936713736,143.7375982095034
ZAINA-679-B_001_jpg.rf.42f7c9c2b999e82410968535976ef160_r1c0.jpg,TP,5,24,0.882186616399623,3748,4240,43.19503833300343,48.86525147596973
ZAINA-679-B_001_jpg.rf.42f7c9c2b999e82410968535976ef160_r1c0.jpg,TP,3,7,0.8748344370860928,9263,10554,106.75443972214802,121.6329868107039
ZAINA-679-B_001_jpg.rf.42f7c9c2b999e82410968535976ef160_r1c0.jpg,TP,15,6,0.8666408468887168,7321,7138,84.37323256027697,82.26418986685658
ZAINA-679-B_001_jpg.rf.42f7c9c2b999e82410968535976ef160_r1c0.jpg,TP,26,10,0.8576950954336796,7261,8117,83.68174315259816,93.54699203548262
ZAINA-679-B_001_jpg.rf.42f7c9c2b999e82410968535976ef160_r1c0.jpg,TP,1,13,0.8452016892383865,11814,13528,136.15426437195904,155.9078117846506
ZAINA-679-B_001_jpg.rf.42f7c9c2b999e82410968535976ef160_r1c0.jpg,TP,12,22,0.8407164342357123,6153,7310,70.91223875746267,84.24645950220253
ZAINA-679-B_001_jpg.rf.42f7c9c2b999e82410968535976ef160_r1c0.jpg,TP,17,5,0.8320205479452055,5653,5046,65.14982702680587,58.154259185788504
ZAINA-679-B_001_jpg.rf.42f7c9c2b999e82410968535976ef160_r1c0.jpg,TP,7,8,0.8277967319087808,4929,5250,56.80585484081481,60.505323171896485
ZAINA-679-B_001_jpg.rf.42f7c9c2b999e82410968535976ef160_r1c0.jpg,TP,27,16,0.8207702682451671,10998,13302,126.75000842752715,153.3032016823937
ZAINA-679-B_001_jpg.rf.42f7c9c2b999e82410968535976ef160_r1c0.jpg,TP,14,25,0.8196166172824575,16033,14058,184.7774945552412,162.0159682191468
ZAINA-679-B_001_jpg.rf.42f7c9c2b999e82410968535976ef160_r1c0.jpg,TP,19,23,0.8175382507421786,4154,3805,47.87411665829676,43.85195327029831
ZAINA-679-B_001_jpg.rf.42f7c9c2b999e82410968535976ef160_r1c0.jpg,TP,25,18,0.8159105431309904,31161,25677,359.12502387799356,295.9228920161497
ZAINA-679-B_001_jpg.rf.42f7c9c2b999e82410968535976ef160_r1c0.jpg,TP,2,2,0.8098014807049728,12360,15263,142.4468179818363,175.90338049002972
ZAINA-679-B_001_jpg.rf.42f7c9c2b999e82410968535976ef160_r1c0.jpg,TP,20,11,0.808585970347422,4358,3815,50.22518064440474,43.96720150491144
ZAINA-679-B_001_jpg.rf.42f7c9c2b999e82410968535976ef160_r1c0.jpg,TP,8,14,0.7941150403261544,8981,11262,103.50443950605758,129.79256182131394
ZAINA-679-B_001_jpg.rf.42f7c9c2b999e82410968535976ef160_r1c0.jpg,TP,29,12,0.7844650205761317,1891,1578,21.79344116534405,18.186171421952885
ZAINA-679-B_001_jpg.rf.42f7c9c2b999e82410968535976ef160_r1c0.jpg,TP,4,17,0.7011802759712329,27221,22217,313.7172194404179,256.0470028400046
ZAINA-679-B_001_jpg.rf.42f7c9c2b999e82410968535976ef160_r1c0.jpg,TP,16,1,0.6648327137546468,4471,6725,51.52748569553317,77.50443777733406
ZAINA-679-B_001_jpg.rf.42f7c9c2b999e82410968535976ef160_r1c0.jpg,TP,6,19,0.6072144288577155,34131,22811,393.35374955809505,262.8927479760249
ZAINA-679-B_001_jpg.rf.42f7c9c2b999e82410968535976ef160_r1c0.jpg,FP,13,-1,0.0,0,8152,0.0,93.95036085662859
ZAINA-679-B_001_jpg.rf.42f7c9c2b999e82410968535976ef160_r1c0.jpg,FP,18,-1,0.0,0,10165,0.0,117.1498304842529
ZAINA-679-B_001_jpg.rf.42f7c9c2b999e82410968535976ef160_r1c0.jpg,FP,21,-1,0.0,0,8280,0.0,95.42553825967674
ZAINA-679-B_001_jpg.rf.42f7c9c2b999e82410968535976ef160_r1c0.jpg,FP,22,-1,0.0,0,5851,0.0,67.43174207214597
ZAINA-679-B_001_jpg.rf.42f7c9c2b999e82410968535976ef160_r1c0.jpg,FP,23,-1,0.0,0,9912,0.0,114.23405014854056
ZAINA-679-B_001_jpg.rf.42f7c9c2b999e82410968535976ef160_r1c0.jpg,FP,24,-1,0.0,0,6083,0.0,70.10550111517072
ZAINA-679-B_001_jpg.rf.42f7c9c2b999e82410968535976ef160_r1c0.jpg,FP,28,-1,0.0,0,3890,0.0,44.83156326450997
ZAINA-679-B_001_jpg.rf.42f7c9c2b999e82410968535976ef160_r1c0.jpg,FP,30,-1,0.0,0,3130,0.0,36.072697433911614
ZAINA-679-B_001_jpg.rf.42f7c9c2b999e82410968535976ef160_r1c0.jpg,FP,31,-1,0.0,0,5704,0.0,65.73759302333286
ZAINA-679-B_001_jpg.rf.42f7c9c2b999e82410968535976ef160_r1c0.jpg,FP,32,-1,0.0,0,5033,0.0,58.004436480791426
ZAINA-679-B_001_jpg.rf.42f7c9c2b999e82410968535976ef160_r1c0.jpg,FN,-1,4,0.0,8426,0,97.10816248502853,0.0
ZAINA-679-B_001_jpg.rf.42f7c9c2b999e82410968535976ef160_r1c0.jpg,FN,-1,15,0.0,43164,0,497.4574798841409,0.0
ZAINA-679-B_001_jpg.rf.42f7c9c2b999e82410968535976ef160_r1c0.jpg,FN,-1,20,0.0,6208,0,71.54610404783493,0.0
ZAINA-679-B_001_jpg.rf.42f7c9c2b999e82410968535976ef160_r1c0.jpg,FN,-1,26,0.0,9725,0,112.07890816127491,0.0
ZAINA-679-B_001_jpg.rf.42f7c9c2b999e82410968535976ef160_r1c0.jpg,FN,-1,27,0.0,17066,0,196.68263719077817,0.0
ZAINA-679-B_001_jpg.rf.42f7c9c2b999e82410968535976ef160_r1c1.jpg,TP,13,6,0.9127873205543109,11011,12040,126.89983113252423,138.75887447421593
ZAINA-679-B_001_jpg.rf.42f7c9c2b999e82410968535976ef160_r1c1.jpg,TP,10,9,0.9018755328218244,21273,23345,245.16756949252454,269.0470037043664
ZAINA-679-B_001_jpg.rf.42f7c9c2b999e82410968535976ef160_r1c1.jpg,TP,3,14,0.9011342475029626,10691,11769,123.21188762490387,135.63564731619994
ZAINA-679-B_001_jpg.rf.42f7c9c2b999e82410968535976ef160_r1c1.jpg,TP,1,19,0.8941864387720679,7972,8873,91.87589263359214,102.25975857223571
ZAINA-679-B_001_jpg.rf.42f7c9c2b999e82410968535976ef160_r1c1.jpg,TP,27,23,0.8940028747056485,31191,30741,359.470768581833,354.28459802424186
ZAINA-679-B_001_jpg.rf.42f7c9c2b999e82410968535976ef160_r1c1.jpg,TP,2,24,0.8895498392282958,5533,6220,63.766848211448234,71.6844019293707
ZAINA-679-B_001_jpg.rf.42f7c9c2b999e82410968535976ef160_r1c1.jpg,TP,4,11,0.887255581750104,6488,7121,74.77305461700274,82.06826786801426
ZAINA-679-B_001_jpg.rf.42f7c9c2b999e82410968535976ef160_r1c1.jpg,TP,8,1,0.8816298342541437,6441,7182,74.231387914321,82.77128209915439
ZAINA-679-B_001_jpg.rf.42f7c9c2b999e82410968535976ef160_r1c1.jpg,TP,6,21,0.8793635938231166,9546,10535,110.01596476169978,121.41401516493895
ZAINA-679-B_001_jpg.rf.42f7c9c2b999e82410968535976ef160_r1c1.jpg,TP,17,5,0.8788308740068105,6284,6958,72.42199063089477,80.18972164382014
ZAINA-679-B_001_jpg.rf.42f7c9c2b999e82410968535976ef160_r1c1.jpg,TP,16,17,0.8659574468085106,2103,2282,24.236703739142534,26.29964713871767
ZAINA-679-B_001_jpg.rf.42f7c9c2b999e82410968535976ef160_r1c1.jpg,TP,11,2,0.8532319391634982,3381,3930,38.96542812270133,45.29255620296251
ZAINA-679-B_001_jpg.rf.42f7c9c2b999e82410968535976ef160_r1c1.jpg,TP,19,26,0.8522440435880071,14148,15938,163.05320233066504,183.6826363264164
ZAINA-679-B_001_jpg.rf.42f7c9c2b999e82410968535976ef160_r1c1.jpg,TP,15,3,0.8468447719944726,3695,4324,42.58422268955381,49.83333664672008
ZAINA-679-B_001_jpg.rf.42f7c9c2b999e82410968535976ef160_r1c1.jpg,TP,0,7,0.8232570105479804,9604,11657,110.68440452245596,134.34486708853282
ZAINA-679-B_001_jpg.rf.42f7c9c2b999e82410968535976ef160_r1c1.jpg,TP,5,18,0.8140474987367358,6467,7893,74.53103332431516,90.96543158014838
ZAINA-679-B_001_jpg.rf.42f7c9c2b999e82410968535976ef160_r1c1.jpg,TP,9,8,0.8134814247414783,4725,4745,54.454790854706836,54.68528732393311
ZAINA-679-B_001_jpg.rf.42f7c9c2b999e82410968535976ef160_r1c1.jpg,TP,26,13,0.812327506899724,5303,6517,61.116138815346105,75.10727449738083
ZAINA-679-B_001_jpg.rf.42f7c9c2b999e82410968535976ef160_r1c1.jpg,TP,25,15,0.7787782998718497,56255,47848,648.3289438161975,551.4397529769338
ZAINA-679-B_001_jpg.rf.42f7c9c2b999e82410968535976ef160_r1c1.jpg,TP,14,25,0.7534839238546316,41854,35152,482.3599611498201,405.1205943120962
ZAINA-679-B_001_jpg.rf.42f7c9c2b999e82410968535976ef160_r1c1.jpg,TP,7,22,0.702962257811625,33108,27715,381.5638551571712,319.41048223030685
ZAINA-679-B_001_jpg.rf.42f7c9c2b999e82410968535976ef160_r1c1.jpg,TP,22,4,0.6908548707753479,695,1006,8.009752305612963,11.593972402081498
ZAINA-679-B_001_jpg.rf.42f7c9c2b999e82410968535976ef160_r1c1.jpg,TP,20,16,0.6655134237475782,6540,5495,75.37234543699105,63.328904919918315
ZAINA-679-B_001_jpg.rf.42f7c9c2b999e82410968535976ef160_r1c1.jpg,TP,12,0,0.5339157245632066,19436,10414,223.99646879409144,120.01951152612
ZAINA-679-B_001_jpg.rf.42f7c9c2b999e82410968535976ef160_r1c1.jpg,FP,18,-1,0.0,0,4953,0.0,57.082450603886336
ZAINA-679-B_001_jpg.rf.42f7c9c2b999e82410968535976ef160_r1c1.jpg,FP,21,-1,0.0,0,2998,0.0,34.55142073701822
ZAINA-679-B_001_jpg.rf.42f7c9c2b999e82410968535976ef160_r1c1.jpg,FP,23,-1,0.0,0,7026,0.0,80.97340963918947
ZAINA-679-B_001_jpg.rf.42f7c9c2b999e82410968535976ef160_r1c1.jpg,FP,24,-1,0.0,0,14214,0.0,163.81384067911173
ZAINA-679-B_001_jpg.rf.42f7c9c2b999e82410968535976ef160_r1c1.jpg,FP,28,-1,0.0,0,8203,0.0,94.53812685315559
ZAINA-679-B_001_jpg.rf.42f7c9c2b999e82410968535976ef160_r1c1.jpg,FP,29,-1,0.0,0,11844,0.0,136.50000907579846
ZAINA-679-B_001_jpg.rf.42f7c9c2b999e82410968535976ef160_r1c1.jpg,FP,30,-1,0.0,0,2817,0.0,32.46542769052046
ZAINA-679-B_001_jpg.rf.42f7c9c2b999e82410968535976ef160_r1c1.jpg,FP,31,-1,0.0,0,25358,0.0,292.24647333199067
ZAINA-679-B_001_jpg.rf.42f7c9c2b999e82410968535976ef160_r1c1.jpg,FP,32,-1,0.0,0,8159,0.0,94.0310346208578
ZAINA-679-B_001_jpg.rf.42f7c9c2b999e82410968535976ef160_r1c1.jpg,FP,33,-1,0.0,0,48084,0.0,554.1596113138039
ZAINA-679-B_001_jpg.rf.42f7c9c2b999e82410968535976ef160_r1c1.jpg,FP,34,-1,0.0,0,10376,0.0,119.58156823459008
ZAINA-679-B_001_jpg.rf.42f7c9c2b999e82410968535976ef160_r1c1.jpg,FN,-1,10,0.0,862,0,9.934397823652336,0.0
ZAINA-679-B_001_jpg.rf.42f7c9c2b999e82410968535976ef160_r1c1.jpg,FN,-1,12,0.0,21130,0,243.5195197375567,0.0
ZAINA-679-B_001_jpg.rf.42f7c9c2b999e82410968535976ef160_r1c1.jpg,FN,-1,20,0.0,25193,0,290.34487746087393,0.0
ZAINA-679-B_001_jpg.rf.42f7c9c2b999e82410968535976ef160_r1c2.jpg,TP,0,0,0.9406114388804915,19894,19906,229.27483793937307,229.41313582090885
ZAINA-679-B_001_jpg.rf.42f7c9c2b999e82410968535976ef160_r1c2.jpg,TP,2,9,0.924034175334324,5132,5227,59.145394003461476,60.24025223228627
ZAINA-679-B_001_jpg.rf.42f7c9c2b999e82410968535976ef160_r1c2.jpg,TP,3,13,0.8867867967891283,28430,28217,327.6507310051461,325.1959436078863
ZAINA-679-B_001_jpg.rf.42f7c9c2b999e82410968535976ef160_r1c2.jpg,TP,1,14,0.8804066339743236,32611,35644,375.83601789689834,410.7908074550625
ZAINA-679-B_001_jpg.rf.42f7c9c2b999e82410968535976ef160_r1c2.jpg,TP,4,3,0.8734578780401833,9925,11335,114.38387285353764,130.63387393398983
ZAINA-679-B_001_jpg.rf.42f7c9c2b999e82410968535976ef160_r1c2.jpg,TP,12,1,0.8410330551357035,13570,14445,156.39185437002575,166.4760748986752
ZAINA-679-B_001_jpg.rf.42f7c9c2b999e82410968535976ef160_r1c2.jpg,TP,6,11,0.833169877408056,49756,54918,573.4291161411203,632.9202548484211
ZAINA-679-B_001_jpg.rf.42f7c9c2b999e82410968535976ef160_r1c2.jpg,TP,5,2,0.8314562227630313,17004,15356,195.96809813617674,176.97518907193188
ZAINA-679-B_001_jpg.rf.42f7c9c2b999e82410968535976ef160_r1c2.jpg,TP,11,4,0.831327234793773,5213,6198,60.07890470382788,71.4308558132218
ZAINA-679-B_001_jpg.rf.42f7c9c2b999e82410968535976ef160_r1c2.jpg,TP,8,5,0.7987421383647799,3263,3887,37.60549895426633,44.79698879412602
ZAINA-679-B_001_jpg.rf.42f7c9c2b999e82410968535976ef160_r1c2.jpg,TP,13,10,0.7718315234361447,56062,46077,646.104652888164,531.0292906269475
ZAINA-679-B_001_jpg.rf.42f7c9c2b999e82410968535976ef160_r1c2.jpg,FP,7,-1,0.0,0,14458,0.0,166.62589760367226
ZAINA-679-B_001_jpg.rf.42f7c9c2b999e82410968535976ef160_r1c2.jpg,FP,9,-1,0.0,0,47973,0.0,552.880355909598
ZAINA-679-B_001_jpg.rf.42f7c9c2b999e82410968535976ef160_r1c2.jpg,FP,10,-1,0.0,0,11111,0.0,128.05231347865558
ZAINA-679-B_001_jpg.rf.42f7c9c2b999e82410968535976ef160_r1c2.jpg,FP,14,-1,0.0,0,41792,0.0,481.64542209521863
ZAINA-679-B_001_jpg.rf.42f7c9c2b999e82410968535976ef160_r1c2.jpg,FP,15,-1,0.0,0,1951,0.0,22.484930573022865
ZAINA-679-B_001_jpg.rf.42f7c9c2b999e82410968535976ef160_r1c2.jpg,FP,16,-1,0.0,0,3709,0.0,42.7455702180122
ZAINA-679-B_001_jpg.rf.42f7c9c2b999e82410968535976ef160_r1c2.jpg,FP,17,-1,0.0,0,5354,0.0,61.7039048118731
ZAINA-679-B_001_jpg.rf.42f7c9c2b999e82410968535976ef160_r1c2.jpg,FP,18,-1,0.0,0,7198,0.0,82.95567927453541
ZAINA-679-B_001_jpg.rf.42f7c9c2b999e82410968535976ef160_r1c2.jpg,FN,-1,6,0.0,5401,0,62.24557151455484,0.0
ZAINA-679-B_001_jpg.rf.42f7c9c2b999e82410968535976ef160_r1c2.jpg,FN,-1,7,0.0,2607,0,30.045214763644598,0.0
ZAINA-679-B_001_jpg.rf.42f7c9c2b999e82410968535976ef160_r1c2.jpg,FN,-1,8,0.0,553,0,6.373227374106429,0.0
ZAINA-679-B_001_jpg.rf.42f7c9c2b999e82410968535976ef160_r1c2.jpg,FN,-1,12,0.0,37030,0,426.7642127724432,0.0
ZAINA-679-B_001_jpg.rf.42f7c9c2b999e82410968535976ef160_r2c0.jpg,TP,8,3,0.9100693177672382,5007,5464,57.70479107079728,62.9716353926176
ZAINA-679-B_001_jpg.rf.42f7c9c2b999e82410968535976ef160_r2c0.jpg,TP,9,8,0.9060872688094811,5059,5556,58.30408189078558,64.03191915105845
ZAINA-679-B_001_jpg.rf.42f7c9c2b999e82410968535976ef160_r2c0.jpg,TP,3,24,0.8893333333333333,6696,7474,77.17021789695598,86.13653054985797
ZAINA-679-B_001_jpg.rf.42f7c9c2b999e82410968535976ef160_r2c0.jpg,TP,0,6,0.8835426051950541,46737,51518,538.6356741114145,593.7358550799548
ZAINA-679-B_001_jpg.rf.42f7c9c2b999e82410968535976ef160_r2c0.jpg,TP,21,13,0.8808928571428571,4972,5561,57.301422249651296,64.08954326836502
ZAINA-679-B_001_jpg.rf.42f7c9c2b999e82410968535976ef160_r2c0.jpg,TP,23,21,0.8789628539904376,23899,27190,275.4317559019341,313.3599499131172
ZAINA-679-B_001_jpg.rf.42f7c9c2b999e82410968535976ef160_r2c0.jpg,TP,16,19,0.8733179546328336,18188,20792,209.61348911437204,239.6241294076327
ZAINA-679-B_001_jpg.rf.42f7c9c2b999e82410968535976ef160_r2c0.jpg,TP,2,9,0.8622851002865329,14446,16751,166.48759972213648,193.05231780046438
ZAINA-679-B_001_jpg.rf.42f7c9c2b999e82410968535976ef160_r2c0.jpg,TP,32,22,0.8580404051345936,16007,18298,184.47784914524703,210.88121969511653
ZAINA-679-B_001_jpg.rf.42f7c9c2b999e82410968535976ef160_r2c0.jpg,TP,22,20,0.8566148027164102,9978,11620,114.99468849698725,133.9184486204642
ZAINA-679-B_001_jpg.rf.42f7c9c2b999e82410968535976ef160_r2c0.jpg,TP,27,18,0.8379948364888123,7858,9228,90.56206275900239,106.35107090100205
ZAINA-679-B_001_jpg.rf.42f7c9c2b999e82410968535976ef160_r2c0.jpg,TP,4,7,0.8360299706808557,8207,8701,94.58422614700085,100.27748893688977
ZAINA-679-B_001_jpg.rf.42f7c9c2b999e82410968535976ef160_r2c0.jpg,TP,24,16,0.823961088830105,10524,10851,121.2872421068645,125.05585937871405
ZAINA-679-B_001_jpg.rf.42f7c9c2b999e82410968535976ef160_r2c0.jpg,TP,10,12,0.8231718720778006,8810,10687,101.53369469417295,123.16578833105861
ZAINA-679-B_001_jpg.rf.42f7c9c2b999e82410968535976ef160_r2c0.jpg,TP,13,17,0.803341384863124,3991,4968,45.99557043410264,57.255322955806044
ZAINA-679-B_001_jpg.rf.42f7c9c2b999e82410968535976ef160_r2c0.jpg,TP,1,2,0.7926128333176293,9465,9560,109.08245406133338,110.17731229015817
ZAINA-679-B_001_jpg.rf.42f7c9c2b999e82410968535976ef160_r2c0.jpg,TP,20,11,0.7911424257674887,5780,4897,66.6134796063927,56.43706049005278
ZAINA-679-B_001_jpg.rf.42f7c9c2b999e82410968535976ef160_r2c0.jpg,TP,33,14,0.7878149151861888,9127,8685,105.18706373140937,100.09309176150876
ZAINA-679-B_001_jpg.rf.42f7c9c2b999e82410968535976ef160_r2c0.jpg,TP,17,5,0.722769028871391,2295,2956,26.44946984371475,34.06737815164305
ZAINA-679-B_001_jpg.rf.42f7c9c2b999e82410968535976ef160_r2c0.jpg,TP,6,4,0.7070687291952222,3611,5107,41.61613751880347,58.857273416928635
ZAINA-679-B_001_jpg.rf.42f7c9c2b999e82410968535976ef160_r2c0.jpg,TP,34,23,0.6991978609625669,1174,1368,13.530142743582186,15.765958495077026
ZAINA-679-B_001_jpg.rf.42f7c9c2b999e82410968535976ef160_r2c0.jpg,TP,14,1,0.615196975240883,15143,11343,174.5204016746721,130.72607252168035
ZAINA-679-B_001_jpg.rf.42f7c9c2b999e82410968535976ef160_r2c0.jpg,TP,29,0,0.5222158579494313,33764,22045,389.12413934779295,254.06473320465867
ZAINA-679-B_001_jpg.rf.42f7c9c2b999e82410968535976ef160_r2c0.jpg,FP,5,-1,0.0,0,17031,0.0,196.27926836963218
ZAINA-679-B_001_jpg.rf.42f7c9c2b999e82410968535976ef160_r2c0.jpg,FP,7,-1,0.0,0,12609,0.0,145.3164990237034
ZAINA-679-B_001_jpg.rf.42f7c9c2b999e82410968535976ef160_r2c0.jpg,FP,11,-1,0.0,0,13408,0.0,154.52483296929296
ZAINA-679-B_001_jpg.rf.42f7c9c2b999e82410968535976ef160_r2c0.jpg,FP,12,-1,0.0,0,15914,0.0,183.40604056334487
ZAINA-679-B_001_jpg.rf.42f7c9c2b999e82410968535976ef160_r2c0.jpg,FP,15,-1,0.0,0,4435,0.0,51.11259205092588
ZAINA-679-B_001_jpg.rf.42f7c9c2b999e82410968535976ef160_r2c0.jpg,FP,18,-1,0.0,0,3831,0.0,44.15159868029246
ZAINA-679-B_001_jpg.rf.42f7c9c2b999e82410968535976ef160_r2c0.jpg,FP,19,-1,0.0,0,1827,0.0,21.055852463819978
ZAINA-679-B_001_jpg.rf.42f7c9c2b999e82410968535976ef160_r2c0.jpg,FP,25,-1,0.0,0,7138,0.0,82.26418986685658
ZAINA-679-B_001_jpg.rf.42f7c9c2b999e82410968535976ef160_r2c0.jpg,FP,26,-1,0.0,0,11216,0.0,129.26241994209352
ZAINA-679-B_001_jpg.rf.42f7c9c2b999e82410968535976ef160_r2c0.jpg,FP,28,-1,0.0,0,5926,0.0,68.29610383174449
ZAINA-679-B_001_jpg.rf.42f7c9c2b999e82410968535976ef160_r2c0.jpg,FP,30,-1,0.0,0,14264,0.0,164.39008185217742
ZAINA-679-B_001_jpg.rf.42f7c9c2b999e82410968535976ef160_r2c0.jpg,FP,31,-1,0.0,0,12951,0.0,149.25798864747264
ZAINA-679-B_001_jpg.rf.42f7c9c2b999e82410968535976ef160_r2c0.jpg,FP,35,-1,0.0,0,13839,0.0,159.49203188111912
ZAINA-679-B_001_jpg.rf.42f7c9c2b999e82410968535976ef160_r2c0.jpg,FP,36,-1,0.0,0,8474,0.0,97.66135401117158
ZAINA-679-B_001_jpg.rf.42f7c9c2b999e82410968535976ef160_r2c0.jpg,FN,-1,10,0.0,45896,0,528.9432975804497,0.0
ZAINA-679-B_001_jpg.rf.42f7c9c2b999e82410968535976ef160_r2c0.jpg,FN,-1,15,0.0,14939,0,172.1693376885641,0.0
ZAINA-679-B_001_jpg.rf.42f7c9c2b999e82410968535976ef160_r2c1.jpg,TP,11,30,0.9156043246732289,5981,5890,68.92996912211673,67.8812101871372
ZAINA-679-B_001_jpg.rf.42f7c9c2b999e82410968535976ef160_r2c1.jpg,TP,14,7,0.9097880498455639,8856,9075,102.06383657339339,104.58777291142107
ZAINA-679-B_001_jpg.rf.42f7c9c2b999e82410968535976ef160_r2c1.jpg,TP,25,27,0.901999268154752,27686,29490,319.07626234992875,339.8670438741385
ZAINA-679-B_001_jpg.rf.42f7c9c2b999e82410968535976ef160_r2c1.jpg,TP,12,5,0.8831351489579338,21824,22360,251.51774721970835,257.6950525949724
ZAINA-679-B_001_jpg.rf.42f7c9c2b999e82410968535976ef160_r2c1.jpg,TP,1,22,0.8775381378221988,8692,9154,100.17376552573795,105.49823396486484
ZAINA-679-B_001_jpg.rf.42f7c9c2b999e82410968535976ef160_r2c1.jpg,TP,18,3,0.8723584108199492,6596,6694,76.01773555082461,77.14716825003335
ZAINA-679-B_001_jpg.rf.42f7c9c2b999e82410968535976ef160_r2c1.jpg,TP,9,16,0.8652416356877324,3724,4304,42.918442569931905,49.6028401774938
ZAINA-679-B_001_jpg.rf.42f7c9c2b999e82410968535976ef160_r2c1.jpg,TP,28,11,0.8616747283120799,14234,15402,164.044337148338,177.5053309511523
ZAINA-679-B_001_jpg.rf.42f7c9c2b999e82410968535976ef160_r2c1.jpg,TP,0,28,0.8591318902879751,22686,26185,261.4521450433607,301.77750233449706
ZAINA-679-B_001_jpg.rf.42f7c9c2b999e82410968535976ef160_r2c1.jpg,TP,8,14,0.8520874751491053,4328,4988,49.87943594056533,57.48581942503232
ZAINA-679-B_001_jpg.rf.42f7c9c2b999e82410968535976ef160_r2c1.jpg,TP,26,18,0.8508071669327657,15172,16127,174.8546215550502,185.8608279606047
ZAINA-679-B_001_jpg.rf.42f7c9c2b999e82410968535976ef160_r2c1.jpg,TP,7,8,0.8481651673030872,15265,13291,175.92643013695235,153.17642862431927
ZAINA-679-B_001_jpg.rf.42f7c9c2b999e82410968535976ef160_r2c1.jpg,TP,2,2,0.8460684323079454,23035,21854,265.47430843135913,251.86349192354777
ZAINA-679-B_001_jpg.rf.42f7c9c2b999e82410968535976ef160_r2c1.jpg,TP,5,12,0.8452322337108157,5159,6084,59.45656423691695,70.11702593863204
ZAINA-679-B_001_jpg.rf.42f7c9c2b999e82410968535976ef160_r2c1.jpg,TP,23,19,0.8422991893883567,2578,2422,29.7109948832665,27.913122423301576
ZAINA-679-B_001_jpg.rf.42f7c9c2b999e82410968535976ef160_r2c1.jpg,TP,20,10,0.8416530278232406,4160,4842,47.943265599064645,55.80319519968053
ZAINA-679-B_001_jpg.rf.42f7c9c2b999e82410968535976ef160_r2c1.jpg,TP,17,24,0.8346512036548936,5456,4985,62.87943680492709,57.451244954648374
ZAINA-679-B_001_jpg.rf.42f7c9c2b999e82410968535976ef160_r2c1.jpg,TP,3,23,0.8158702862056258,6645,8138,76.58245190042898,93.7890133281702
ZAINA-679-B_001_jpg.rf.42f7c9c2b999e82410968535976ef160_r2c1.jpg,TP,10,15,0.8141353383458647,2710,3322,31.2322715801599,38.28546353848383
ZAINA-679-B_001_jpg.rf.42f7c9c2b999e82410968535976ef160_r2c1.jpg,TP,4,29,0.810738255033557,3150,3595,36.30319390313789,41.43174034342245
ZAINA-679-B_001_jpg.rf.42f7c9c2b999e82410968535976ef160_r2c1.jpg,TP,13,6,0.8088199660770535,3623,3842,41.75443540033923,44.278371738366914
ZAINA-679-B_001_jpg.rf.42f7c9c2b999e82410968535976ef160_r2c1.jpg,TP,24,13,0.7970826580226904,2569,2975,29.60727147211468,34.28634979740801
ZAINA-679-B_001_jpg.rf.42f7c9c2b999e82410968535976ef160_r2c1.jpg,TP,29,31,0.7923768205763867,5213,6355,60.07890470382788,73.24025309664803
ZAINA-679-B_001_jpg.rf.42f7c9c2b999e82410968535976ef160_r2c1.jpg,TP,16,4,0.746897055244585,8018,6338,92.40603451281257,73.0443310978057
ZAINA-679-B_001_jpg.rf.42f7c9c2b999e82410968535976ef160_r2c1.jpg,TP,6,21,0.7102947985800278,4602,6479,53.03723756896526,74.66933120585092
ZAINA-679-B_001_jpg.rf.42f7c9c2b999e82410968535976ef160_r2c1.jpg,TP,21,25,0.7039682004985515,14279,11013,164.5629542040971,126.92288077944686
ZAINA-679-B_001_jpg.rf.42f7c9c2b999e82410968535976ef160_r2c1.jpg,TP,15,9,0.6858494284588096,1824,2453,21.021277993436037,28.2703919506023
ZAINA-679-B_001_jpg.rf.42f7c9c2b999e82410968535976ef160_r2c1.jpg,FP,19,-1,0.0,0,3048,0.0,35.1276619100839
ZAINA-679-B_001_jpg.rf.42f7c9c2b999e82410968535976ef160_r2c1.jpg,FP,22,-1,0.0,0,23769,0.0,273.93352885196333
ZAINA-679-B_001_jpg.rf.42f7c9c2b999e82410968535976ef160_r2c1.jpg,FP,27,-1,0.0,0,5315,0.0,61.25443669688187
ZAINA-679-B_001_jpg.rf.42f7c9c2b999e82410968535976ef160_r2c1.jpg,FP,30,-1,0.0,0,585,0.0,6.742021724868465
ZAINA-679-B_001_jpg.rf.42f7c9c2b999e82410968535976ef160_r2c1.jpg,FN,-1,0,0.0,10722,0,123.56915715220458,0.0
ZAINA-679-B_001_jpg.rf.42f7c9c2b999e82410968535976ef160_r2c1.jpg,FN,-1,1,0.0,8919,0,102.78990045145613,0.0
ZAINA-679-B_001_jpg.rf.42f7c9c2b999e82410968535976ef160_r2c1.jpg,FN,-1,17,0.0,1910,0,22.012412811109005,0.0
ZAINA-679-B_001_jpg.rf.42f7c9c2b999e82410968535976ef160_r2c1.jpg,FN,-1,20,0.0,2159,0,24.882093852976098,0.0
ZAINA-679-B_001_jpg.rf.42f7c9c2b999e82410968535976ef160_r2c1.jpg,FN,-1,26,0.0,44895,0,517.4069492956747,0.0
ZAINA-679-B_001_jpg.rf.42f7c9c2b999e82410968535976ef160_r2c2.jpg,TP,6,14,0.9431297709923664,5071,5111,58.442379772321345,58.90337271077389
ZAINA-679-B_001_jpg.rf.42f7c9c2b999e82410968535976ef160_r2c2.jpg,TP,1,1,0.9115924645452621,13752,13341,158.48937223998485,153.75266979738495
ZAINA-679-B_001_jpg.rf.42f7c9c2b999e82410968535976ef160_r2c2.jpg,TP,7,8,0.883363802559415,5144,5158,59.28369188499724,59.44503941345563
ZAINA-679-B_001_jpg.rf.42f7c9c2b999e82410968535976ef160_r2c2.jpg,TP,3,16,0.8706669369551997,4711,4517,54.29344332624844,52.0576275747536
ZAINA-679-B_001_jpg.rf.42f7c9c2b999e82410968535976ef160_r2c2.jpg,TP,15,7,0.870543573943662,33240,34758,383.08513185406457,400.57981386833865
ZAINA-679-B_001_jpg.rf.42f7c9c2b999e82410968535976ef160_r2c2.jpg,TP,2,13,0.8593045377677565,52000,53549,599.290819988308,617.1427715298828
ZAINA-679-B_001_jpg.rf.42f7c9c2b999e82410968535976ef160_r2c2.jpg,TP,20,10,0.8417490289581971,23136,24755,266.63831560095184,285.29700478481857
ZAINA-679-B_001_jpg.rf.42f7c9c2b999e82410968535976ef160_r2c2.jpg,TP,23,0,0.8265786993402451,880,1058,10.141844645955981,12.193263222069806
ZAINA-679-B_001_jpg.rf.42f7c9c2b999e82410968535976ef160_r2c2.jpg,TP,14,4,0.8195329087048833,2329,2813,26.841313841399412,32.4193283966752
ZAINA-679-B_001_jpg.rf.42f7c9c2b999e82410968535976ef160_r2c2.jpg,TP,11,12,0.811251528740318,2012,2431,23.187944804162996,28.0168458344534
ZAINA-679-B_001_jpg.rf.42f7c9c2b999e82410968535976ef160_r2c2.jpg,TP,13,6,0.8,1548,1926,17.840426718113477,22.196809986490024
ZAINA-679-B_001_jpg.rf.42f7c9c2b999e82410968535976ef160_r2c2.jpg,TP,8,17,0.7407371601208459,31575,40448,363.8963007909774,466.1560593632131
ZAINA-679-B_001_jpg.rf.42f7c9c2b999e82410968535976ef160_r2c2.jpg,TP,12,15,0.7371587462082912,17970,16391,207.10107759980568,188.90338135439148
ZAINA-679-B_001_jpg.rf.42f7c9c2b999e82410968535976ef160_r2c2.jpg,TP,4,11,0.7340486748129844,28807,22422,331.99558945006135,258.4095916495739
ZAINA-679-B_001_jpg.rf.42f7c9c2b999e82410968535976ef160_r2c2.jpg,TP,5,2,0.5656964656964657,40287,27492,464.3005627859416,316.8404465984339
ZAINA-679-B_001_jpg.rf.42f7c9c2b999e82410968535976ef160_r2c2.jpg,TP,22,5,0.5623616236162362,22034,22423,253.9379601465842,258.4211164730352
ZAINA-679-B_001_jpg.rf.42f7c9c2b999e82410968535976ef160_r2c2.jpg,FP,0,-1,0.0,0,13574,0.0,156.437953663871
ZAINA-679-B_001_jpg.rf.42f7c9c2b999e82410968535976ef160_r2c2.jpg,FP,9,-1,0.0,0,28744,0.0,331.2695255719986
ZAINA-679-B_001_jpg.rf.42f7c9c2b999e82410968535976ef160_r2c2.jpg,FP,10,-1,0.0,0,2499,0.0,28.800533829822726
ZAINA-679-B_001_jpg.rf.42f7c9c2b999e82410968535976ef160_r2c2.jpg,FP,16,-1,0.0,0,24678,0.0,284.4095933782974
ZAINA-679-B_001_jpg.rf.42f7c9c2b999e82410968535976ef160_r2c2.jpg,FP,17,-1,0.0,0,2813,0.0,32.4193283966752
ZAINA-679-B_001_jpg.rf.42f7c9c2b999e82410968535976ef160_r2c2.jpg,FP,18,-1,0.0,0,1357,0.0,15.639185437002576
ZAINA-679-B_001_jpg.rf.42f7c9c2b999e82410968535976ef160_r2c2.jpg,FP,19,-1,0.0,0,5054,0.0,58.246457773479015
ZAINA-679-B_001_jpg.rf.42f7c9c2b999e82410968535976ef160_r2c2.jpg,FP,21,-1,0.0,0,5372,0.0,61.91135163417675
ZAINA-679-B_001_jpg.rf.42f7c9c2b999e82410968535976ef160_r2c2.jpg,FN,-1,3,0.0,10813,0,124.61791608718413,0.0
ZAINA-679-B_001_jpg.rf.42f7c9c2b999e82410968535976ef160_r2c2.jpg,FN,-1,9,0.0,57780,0,665.9042995947008,0.0
ZAINA-679-B_011_jpg.rf.c763cf36a3a341bfed1f7851c1c77278_r0c0.jpg,TP,1,24,0.9392597452298945,17682,17789,203.78192844294736,205.0150845533079
ZAINA-679-B_011_jpg.rf.c763cf36a3a341bfed1f7851c1c77278_r0c0.jpg,TP,5,1,0.9282929710572947,15786,16860,181.93086316029675,194.30852355774755
ZAINA-679-B_011_jpg.rf.c763cf36a3a341bfed1f7851c1c77278_r0c0.jpg,TP,4,23,0.9261992619926199,13592,13552,156.64540048617468,156.18440754772212
ZAINA-679-B_011_jpg.rf.c763cf36a3a341bfed1f7851c1c77278_r0c0.jpg,TP,8,13,0.9227701414668406,37182,39475,428.51598593856284,454.942406135355
ZAINA-679-B_011_jpg.rf.c763cf36a3a341bfed1f7851c1c77278_r0c0.jpg,TP,6,9,0.9078308466495983,21688,21532,249.9503712289697,248.15249876900478
ZAINA-679-B_011_jpg.rf.c763cf36a3a341bfed1f7851c1c77278_r0c0.jpg,TP,3,5,0.9033088513666995,11949,13188,137.7101155392364,151.98937180780396
ZAINA-679-B_011_jpg.rf.c763cf36a3a341bfed1f7851c1c77278_r0c0.jpg,TP,10,25,0.8959978936282254,6850,7552,78.94504070999827,87.03546677984042
ZAINA-679-B_011_jpg.rf.c763cf36a3a341bfed1f7851c1c77278_r0c0.jpg,TP,23,26,0.8873512316634375,6427,7211,74.07004038586261,83.10550197953248
ZAINA-679-B_011_jpg.rf.c763cf36a3a341bfed1f7851c1c77278_r0c0.jpg,TP,14,10,0.8816123571730851,8333,9452,96.03635390312635,108.9326313563363
ZAINA-679-B_011_jpg.rf.c763cf36a3a341bfed1f7851c1c77278_r0c0.jpg,TP,9,14,0.8708470421263145,14038,14962,161.78547174992053,172.4344086281743
ZAINA-679-B_011_jpg.rf.c763cf36a3a341bfed1f7851c1c77278_r0c0.jpg,TP,17,15,0.8692498568429089,4669,5124,53.80940074087327,59.053195415770965
ZAINA-679-B_011_jpg.rf.c763cf36a3a341bfed1f7851c1c77278_r0c0.jpg,TP,7,21,0.8668820678513732,10732,12380,123.68440538681773,142.67731445106256
ZAINA-679-B_011_jpg.rf.c763cf36a3a341bfed1f7851c1c77278_r0c0.jpg,TP,15,12,0.8648341662880509,3891,4318,44.84308808797128,49.764187705952196
ZAINA-679-B_011_jpg.rf.c763cf36a3a341bfed1f7851c1c77278_r0c0.jpg,TP,24,33,0.8643030597377368,8906,10287,102.64007774645906,118.55585894653316
ZAINA-679-B_011_jpg.rf.c763cf36a3a341bfed1f7851c1c77278_r0c0.jpg,TP,27,29,0.8610547667342799,7712,6968,88.8794385336506,80.30496987843327
ZAINA-679-B_011_jpg.rf.c763cf36a3a341bfed1f7851c1c77278_r0c0.jpg,TP,0,22,0.8592108701332637,16765,18811,193.21366532892276,216.7934541307704
ZAINA-679-B_011_jpg.rf.c763cf36a3a341bfed1f7851c1c77278_r0c0.jpg,TP,31,16,0.8520452567449956,12657,12879,145.86969054984644,148.42820135825806
ZAINA-679-B_011_jpg.rf.c763cf36a3a341bfed1f7851c1c77278_r0c0.jpg,TP,11,4,0.846228474411836,3489,4123,40.21010905652321,47.51684713099604
ZAINA-679-B_011_jpg.rf.c763cf36a3a341bfed1f7851c1c77278_r0c0.jpg,TP,12,7,0.8355748373101952,7704,9220,88.7872399459601,106.25887231331154
ZAINA-679-B_011_jpg.rf.c763cf36a3a341bfed1f7851c1c77278_r0c0.jpg,TP,32,28,0.8243080625752106,2275,2273,26.218973374488478,26.195923727565848
ZAINA-679-B_011_jpg.rf.c763cf36a3a341bfed1f7851c1c77278_r0c0.jpg,TP,25,32,0.811482254697286,8828,8526,101.7411415164766,98.2606448311599
ZAINA-679-B_011_jpg.rf.c763cf36a3a341bfed1f7851c1c77278_r0c0.jpg,TP,21,11,0.8016280304370907,4530,5651,52.20745027975068,65.12677737988324
ZAINA-679-B_011_jpg.rf.c763cf36a3a341bfed1f7851c1c77278_r0c0.jpg,TP,13,19,0.791620575221239,5749,7208,66.25621007909197,83.07092750914855
ZAINA-679-B_011_jpg.rf.c763cf36a3a341bfed1f7851c1c77278_r0c0.jpg,TP,28,17,0.7902580879680117,2633,2292,30.34486017363875,26.414895373330808
ZAINA-679-B_011_jpg.rf.c763cf36a3a341bfed1f7851c1c77278_r0c0.jpg,TP,2,8,0.785024154589372,24714,30711,284.8244870229047,353.9388533204025
ZAINA-679-B_011_jpg.rf.c763cf36a3a341bfed1f7851c1c77278_r0c0.jpg,TP,18,2,0.7803003842123647,2287,2810,26.35727125602424,32.38475392629126
ZAINA-679-B_011_jpg.rf.c763cf36a3a341bfed1f7851c1c77278_r0c0.jpg,TP,33,30,0.777620730270907,11662,10976,134.4024912058394,126.49646231137825
ZAINA-679-B_011_jpg.rf.c763cf36a3a341bfed1f7851c1c77278_r0c0.jpg,TP,19,20,0.7594136246047715,2642,3479,30.448583584790573,40.09486082191007
ZAINA-679-B_011_jpg.rf.c763cf36a3a341bfed1f7851c1c77278_r0c0.jpg,TP,16,3,0.7279041500260461,4192,5759,48.312059949826676,66.37145831370512
ZAINA-679-B_011_jpg.rf.c763cf36a3a341bfed1f7851c1c77278_r0c0.jpg,TP,26,0,0.7098496835443038,4962,3683,57.18617401503816,42.44592480801805
ZAINA-679-B_011_jpg.rf.c763cf36a3a341bfed1f7851c1c77278_r0c0.jpg,TP,22,6,0.7026966792957433,3153,4487,36.33776837352183,51.711882870914195
ZAINA-679-B_011_jpg.rf.c763cf36a3a341bfed1f7851c1c77278_r0c0.jpg,FP,20,-1,0.0,0,9431,0.0,108.6906100636487
ZAINA-679-B_011_jpg.rf.c763cf36a3a341bfed1f7851c1c77278_r0c0.jpg,FP,29,-1,0.0,0,7012,0.0,80.81206211073108
ZAINA-679-B_011_jpg.rf.c763cf36a3a341bfed1f7851c1c77278_r0c0.jpg,FP,30,-1,0.0,0,4019,0.0,46.318265491019424
ZAINA-679-B_011_jpg.rf.c763cf36a3a341bfed1f7851c1c77278_r0c0.jpg,FP,34,-1,0.0,0,12456,0.0,143.5532010341224
ZAINA-679-B_011_jpg.rf.c763cf36a3a341bfed1f7851c1c77278_r0c0.jpg,FP,35,-1,0.0,0,8883,0.0,102.37500680684884
ZAINA-679-B_011_jpg.rf.c763cf36a3a341bfed1f7851c1c77278_r0c0.jpg,FN,-1,18,0.0,6849,0,78.93351588653695,0.0
ZAINA-679-B_011_jpg.rf.c763cf36a3a341bfed1f7851c1c77278_r0c0.jpg,FN,-1,27,0.0,3864,0,44.53191785451581,0.0
ZAINA-679-B_011_jpg.rf.c763cf36a3a341bfed1f7851c1c77278_r0c0.jpg,FN,-1,31,0.0,2772,0,31.94681063476134,0.0
ZAINA-679-B_011_jpg.rf.c763cf36a3a341bfed1f7851c1c77278_r0c1.jpg,TP,4,1,0.9589719029374202,6076,6195,70.02482735094154,71.39628134283785
ZAINA-679-B_011_jpg.rf.c763cf36a3a341bfed1f7851c1c77278_r0c1.jpg,TP,1,8,0.9203767123287672,6581,6877,75.8448631989049,79.25621094345374
ZAINA-679-B_011_jpg.rf.c763cf36a3a341bfed1f7851c1c77278_r0c1.jpg,TP,0,25,0.9160750646634748,16646,18171,191.84221133702644,209.41756711552972
ZAINA-679-B_011_jpg.rf.c763cf36a3a341bfed1f7851c1c77278_r0c1.jpg,TP,26,26,0.9128821489069936,23436,23992,270.0957626393459,276.50356448383627
ZAINA-679-B_011_jpg.rf.c763cf36a3a341bfed1f7851c1c77278_r0c1.jpg,TP,12,19,0.9052649809490821,5518,5483,63.593975859528534,63.19060703838255
ZAINA-679-B_011_jpg.rf.c763cf36a3a341bfed1f7851c1c77278_r0c1.jpg,TP,3,15,0.8977308376032626,8796,9352,101.37234716571456,107.78014901020494
ZAINA-679-B_011_jpg.rf.c763cf36a3a341bfed1f7851c1c77278_r0c1.jpg,TP,16,11,0.8961640211640212,4102,4499,47.27482583830845,51.85018075244996
ZAINA-679-B_011_jpg.rf.c763cf36a3a341bfed1f7851c1c77278_r0c1.jpg,TP,27,0,0.8844692737430168,8473,8393,97.64982918771027,96.72784331080518
ZAINA-679-B_011_jpg.rf.c763cf36a3a341bfed1f7851c1c77278_r0c1.jpg,TP,11,28,0.8654505554793581,6594,7007,75.99468590390198,80.7544379934245
ZAINA-679-B_011_jpg.rf.c763cf36a3a341bfed1f7851c1c77278_r0c1.jpg,TP,29,30,0.8611401856116112,12870,13802,148.32447794710623,159.06561341305053
ZAINA-679-B_011_jpg.rf.c763cf36a3a341bfed1f7851c1c77278_r0c1.jpg,TP,5,23,0.8606667480766882,7293,7944,84.0505375033602,91.55319757667536
ZAINA-679-B_011_jpg.rf.c763cf36a3a341bfed1f7851c1c77278_r0c1.jpg,TP,23,5,0.8588685323132675,4894,4339,56.402486019668835,50.00620899863978
ZAINA-679-B_011_jpg.rf.c763cf36a3a341bfed1f7851c1c77278_r0c1.jpg,TP,2,16,0.8568964278013369,13237,12598,152.55408815740833,145.18972596562892
ZAINA-679-B_011_jpg.rf.c763cf36a3a341bfed1f7851c1c77278_r0c1.jpg,TP,22,4,0.8445539135194308,1543,1827,17.78280260080691,21.055852463819978
ZAINA-679-B_011_jpg.rf.c763cf36a3a341bfed1f7851c1c77278_r0c1.jpg,TP,6,7,0.8389568292323559,6693,5788,77.13564342657203,66.7056781940832
ZAINA-679-B_011_jpg.rf.c763cf36a3a341bfed1f7851c1c77278_r0c1.jpg,TP,14,17,0.8270683883309421,8647,10455,99.65514846997884,120.49202928803385
ZAINA-679-B_011_jpg.rf.c763cf36a3a341bfed1f7851c1c77278_r0c1.jpg,TP,24,10,0.8244467547898411,5554,6730,64.00886950413582,77.56206189464064
ZAINA-679-B_011_jpg.rf.c763cf36a3a341bfed1f7851c1c77278_r0c1.jpg,TP,30,12,0.8226808869792066,10743,13012,123.81117844489218,149.96100287861276
ZAINA-679-B_011_jpg.rf.c763cf36a3a341bfed1f7851c1c77278_r0c1.jpg,TP,7,27,0.8055852281397833,5707,6125,65.77216749371681,70.5895437005459
ZAINA-679-B_011_jpg.rf.c763cf36a3a341bfed1f7851c1c77278_r0c1.jpg,TP,21,2,0.7968589259995885,14348,11852,165.35816702292777,136.59220766348898
ZAINA-679-B_011_jpg.rf.c763cf36a3a341bfed1f7851c1c77278_r0c1.jpg,TP,9,20,0.7960566851509551,2584,3246,29.780143824034383,37.409576955423994
ZAINA-679-B_011_jpg.rf.c763cf36a3a341bfed1f7851c1c77278_r0c1.jpg,TP,18,18,0.7800139912823548,18570,14508,214.01597167659384,167.20213877673794
ZAINA-679-B_011_jpg.rf.c763cf36a3a341bfed1f7851c1c77278_r0c1.jpg,TP,15,13,0.7733845458653411,3914,3935,45.10815902758149,45.350180320269075
ZAINA-679-B_011_jpg.rf.c763cf36a3a341bfed1f7851c1c77278_r0c1.jpg,TP,25,3,0.6846114779075673,4044,5907,46.606386077552266,68.07713218597952
ZAINA-679-B_011_jpg.rf.c763cf36a3a341bfed1f7851c1c77278_r0c1.jpg,TP,13,21,0.6285975331201462,9891,7934,113.99202885585298,91.43794934206223
ZAINA-679-B_011_jpg.rf.c763cf36a3a341bfed1f7851c1c77278_r0c1.jpg,TP,10,9,0.5612002449479485,40130,23606,462.4911655025154,272.0549826277692
ZAINA-679-B_011_jpg.rf.c763cf36a3a341bfed1f7851c1c77278_r0c1.jpg,FP,8,-1,0.0,0,17210,0.0,198.34221176920732
ZAINA-679-B_011_jpg.rf.c763cf36a3a341bfed1f7851c1c77278_r0c1.jpg,FP,17,-1,0.0,0,7908,0.0,91.13830393206807
ZAINA-679-B_011_jpg.rf.c763cf36a3a341bfed1f7851c1c77278_r0c1.jpg,FP,19,-1,0.0,0,4500,0.0,51.86170557591127
ZAINA-679-B_011_jpg.rf.c763cf36a3a341bfed1f7851c1c77278_r0c1.jpg,FP,20,-1,0.0,0,6560,0.0,75.60284190621732
ZAINA-679-B_011_jpg.rf.c763cf36a3a341bfed1f7851c1c77278_r0c1.jpg,FP,28,-1,0.0,0,16458,0.0,189.6755445262995
ZAINA-679-B_011_jpg.rf.c763cf36a3a341bfed1f7851c1c77278_r0c1.jpg,FN,-1,6,0.0,2525,0,29.100179239816878,0.0
ZAINA-679-B_011_jpg.rf.c763cf36a3a341bfed1f7851c1c77278_r0c1.jpg,FN,-1,14,0.0,6403,0,73.79344462279109,0.0
ZAINA-679-B_011_jpg.rf.c763cf36a3a341bfed1f7851c1c77278_r0c1.jpg,FN,-1,22,0.0,10392,0,119.7659654099711,0.0
ZAINA-679-B_011_jpg.rf.c763cf36a3a341bfed1f7851c1c77278_r0c1.jpg,FN,-1,24,0.0,1821,0,20.986703523052093,0.0
ZAINA-679-B_011_jpg.rf.c763cf36a3a341bfed1f7851c1c77278_r0c1.jpg,FN,-1,29,0.0,3757,0,43.29876174415526,0.0
ZAINA-679-B_011_jpg.rf.c763cf36a3a341bfed1f7851c1c77278_r0c2.jpg,TP,13,7,0.9387688098495212,17387,18044,200.38210552185984,207.95391453594289
ZAINA-679-B_011_jpg.rf.c763cf36a3a341bfed1f7851c1c77278_r0c2.jpg,TP,3,22,0.9233235066830762,32964,34235,379.90428057874203,394.5523311980716
ZAINA-679-B_011_jpg.rf.c763cf36a3a341bfed1f7851c1c77278_r0c2.jpg,TP,12,26,0.9128099826251777,6098,6012,70.27837346709043,69.28723864941746
ZAINA-679-B_011_jpg.rf.c763cf36a3a341bfed1f7851c1c77278_r0c2.jpg,TP,15,13,0.8945365588475129,13324,14556,153.55674779854263,167.755330302881
ZAINA-679-B_011_jpg.rf.c763cf36a3a341bfed1f7851c1c77278_r0c2.jpg,TP,0,14,0.885526638841149,14427,16292,166.26862807637153,187.76242383172143
ZAINA-679-B_011_jpg.rf.c763cf36a3a341bfed1f7851c1c77278_r0c2.jpg,TP,20,27,0.8778741047870335,5007,4957,57.70479107079728,57.128549897731595
ZAINA-679-B_011_jpg.rf.c763cf36a3a341bfed1f7851c1c77278_r0c2.jpg,TP,18,17,0.8688474472638337,5934,6292,68.38830241943499,72.51418921858527
ZAINA-679-B_011_jpg.rf.c763cf36a3a341bfed1f7851c1c77278_r0c2.jpg,TP,23,1,0.8536121673003803,2819,3031,32.488477337443086,34.93173991124157
ZAINA-679-B_011_jpg.rf.c763cf36a3a341bfed1f7851c1c77278_r0c2.jpg,TP,5,9,0.8509257491887765,4474,5223,51.56206016591712,60.194152938441015
ZAINA-679-B_011_jpg.rf.c763cf36a3a341bfed1f7851c1c77278_r0c2.jpg,TP,2,16,0.8412904622713002,7771,9237,89.55940311786811,106.45479431215387
ZAINA-679-B_011_jpg.rf.c763cf36a3a341bfed1f7851c1c77278_r0c2.jpg,TP,1,12,0.8386939354953197,18918,22528,218.02661024113098,259.63122293647314
ZAINA-679-B_011_jpg.rf.c763cf36a3a341bfed1f7851c1c77278_r0c2.jpg,TP,24,25,0.8184100418410042,9396,10161,108.28724124250273,117.10373119040764
ZAINA-679-B_011_jpg.rf.c763cf36a3a341bfed1f7851c1c77278_r0c2.jpg,TP,10,15,0.7896613190730838,1823,2193,21.009753169974722,25.273937850660758
ZAINA-679-B_011_jpg.rf.c763cf36a3a341bfed1f7851c1c77278_r0c2.jpg,TP,4,18,0.7874929258630448,2783,3534,32.07358369283579,40.72872611228232
ZAINA-679-B_011_jpg.rf.c763cf36a3a341bfed1f7851c1c77278_r0c2.jpg,TP,14,19,0.7624540499429585,7616,6288,87.7730554813645,72.46808992474001
ZAINA-679-B_011_jpg.rf.c763cf36a3a341bfed1f7851c1c77278_r0c2.jpg,TP,9,3,0.7531030528880608,32496,28661,374.5106631988473,330.31296522470956
ZAINA-679-B_011_jpg.rf.c763cf36a3a341bfed1f7851c1c77278_r0c2.jpg,TP,7,11,0.7459362879679261,65687,54505,757.0310787033075,628.1605027588986
ZAINA-679-B_011_jpg.rf.c763cf36a3a341bfed1f7851c1c77278_r0c2.jpg,TP,16,20,0.7374326750448833,1679,2192,19.35017859154556,25.262413027199447
ZAINA-679-B_011_jpg.rf.c763cf36a3a341bfed1f7851c1c77278_r0c2.jpg,TP,11,10,0.689319248826291,5873,8520,67.68528818829486,98.191495890392
ZAINA-679-B_011_jpg.rf.c763cf36a3a341bfed1f7851c1c77278_r0c2.jpg,TP,8,2,0.6813934500589676,7533,11001,86.81649513407547,126.7845828979111
ZAINA-679-B_011_jpg.rf.c763cf36a3a341bfed1f7851c1c77278_r0c2.jpg,TP,21,4,0.5450970110120609,7261,4525,83.68174315259816,52.149826162444114
ZAINA-679-B_011_jpg.rf.c763cf36a3a341bfed1f7851c1c77278_r0c2.jpg,FP,6,-1,0.0,0,40461,0.0,466.3058820682102
ZAINA-679-B_011_jpg.rf.c763cf36a3a341bfed1f7851c1c77278_r0c2.jpg,FP,17,-1,0.0,0,2286,0.0,26.345746432562926
ZAINA-679-B_011_jpg.rf.c763cf36a3a341bfed1f7851c1c77278_r0c2.jpg,FP,19,-1,0.0,0,42686,0.0,491.948614269633
ZAINA-679-B_011_jpg.rf.c763cf36a3a341bfed1f7851c1c77278_r0c2.jpg,FP,22,-1,0.0,0,3913,0.0,45.09663420412018
ZAINA-679-B_011_jpg.rf.c763cf36a3a341bfed1f7851c1c77278_r0c2.jpg,FP,25,-1,0.0,0,3596,0.0,41.44326516688376
ZAINA-679-B_011_jpg.rf.c763cf36a3a341bfed1f7851c1c77278_r0c2.jpg,FP,26,-1,0.0,0,29344,0.0,338.18441964878673
ZAINA-679-B_011_jpg.rf.c763cf36a3a341bfed1f7851c1c77278_r0c2.jpg,FN,-1,0,0.0,13760,0,158.58157082767536,0.0
ZAINA-679-B_011_jpg.rf.c763cf36a3a341bfed1f7851c1c77278_r0c2.jpg,FN,-1,5,0.0,27502,0,316.95569483304706,0.0
ZAINA-679-B_011_jpg.rf.c763cf36a3a341bfed1f7851c1c77278_r0c2.jpg,FN,-1,6,0.0,11147,0,128.46720712326288,0.0
ZAINA-679-B_011_jpg.rf.c763cf36a3a341bfed1f7851c1c77278_r0c2.jpg,FN,-1,8,0.0,3062,0,35.289009438542294,0.0
ZAINA-679-B_011_jpg.rf.c763cf36a3a341bfed1f7851c1c77278_r0c2.jpg,FN,-1,21,0.0,7836,0,90.30851664285349,0.0
ZAINA-679-B_011_jpg.rf.c763cf36a3a341bfed1f7851c1c77278_r0c2.jpg,FN,-1,23,0.0,2479,0,28.570037360596455,0.0
ZAINA-679-B_011_jpg.rf.c763cf36a3a341bfed1f7851c1c77278_r0c2.jpg,FN,-1,24,0.0,3542,0,40.82092469997283,0.0
ZAINA-679-B_011_jpg.rf.c763cf36a3a341bfed1f7851c1c77278_r0c2.jpg,FN,-1,28,0.0,4128,0,47.57447124830261,0.0
ZAINA-679-B_011_jpg.rf.c763cf36a3a341bfed1f7851c1c77278_r1c0.jpg,TP,2,9,0.9250065098515754,10714,11464,123.47695856451408,132.1205761604993
ZAINA-679-B_011_jpg.rf.c763cf36a3a341bfed1f7851c1c77278_r1c0.jpg,TP,1,8,0.9142071035517759,11041,11918,127.24557583636363,137.35284601193567
ZAINA-679-B_011_jpg.rf.c763cf36a3a341bfed1f7851c1c77278_r1c0.jpg,TP,0,11,0.9073577599046768,9150,10059,105.45213467101958,115.92819919735366
ZAINA-679-B_011_jpg.rf.c763cf36a3a341bfed1f7851c1c77278_r1c0.jpg,TP,5,7,0.9072510628106102,15585,16268,179.6143736445727,187.4858280686499
ZAINA-679-B_011_jpg.rf.c763cf36a3a341bfed1f7851c1c77278_r1c0.jpg,TP,8,19,0.9063887939870174,5787,5373,66.69415337062189,61.922876457638054
ZAINA-679-B_011_jpg.rf.c763cf36a3a341bfed1f7851c1c77278_r1c0.jpg,TP,22,18,0.9031914893617021,16564,15638,190.89717581319874,180.22518928802234
ZAINA-679-B_011_jpg.rf.c763cf36a3a341bfed1f7851c1c77278_r1c0.jpg,TP,12,5,0.9007397213142956,11149,10949,128.4902567701855,126.18529207792278
ZAINA-679-B_011_jpg.rf.c763cf36a3a341bfed1f7851c1c77278_r1c0.jpg,TP,18,1,0.8901297917295502,11954,13094,137.76773965654297,150.9060384024405
ZAINA-679-B_011_jpg.rf.c763cf36a3a341bfed1f7851c1c77278_r1c0.jpg,TP,20,4,0.8806546370121695,10636,11772,122.57802233453162,135.67022178658388
ZAINA-679-B_011_jpg.rf.c763cf36a3a341bfed1f7851c1c77278_r1c0.jpg,TP,4,13,0.8586675505469009,12953,15085,149.28103829439527,173.8519619139159
ZAINA-679-B_011_jpg.rf.c763cf36a3a341bfed1f7851c1c77278_r1c0.jpg,TP,16,20,0.8437415517707488,3144,3676,36.23404496237001,42.36525104378885
ZAINA-679-B_011_jpg.rf.c763cf36a3a341bfed1f7851c1c77278_r1c0.jpg,TP,3,22,0.8399936818827989,5332,6317,61.4503586957242,72.80230980511811
ZAINA-679-B_011_jpg.rf.c763cf36a3a341bfed1f7851c1c77278_r1c0.jpg,TP,15,14,0.831760494630654,5144,6114,59.28369188499724,70.46277064247144
ZAINA-679-B_011_jpg.rf.c763cf36a3a341bfed1f7851c1c77278_r1c0.jpg,TP,7,25,0.8265775177601338,3956,4786,45.592201612956664,55.15780508584697
ZAINA-679-B_011_jpg.rf.c763cf36a3a341bfed1f7851c1c77278_r1c0.jpg,TP,21,26,0.8218957176133309,4821,5347,55.56117390699294,61.623231047643905
ZAINA-679-B_011_jpg.rf.c763cf36a3a341bfed1f7851c1c77278_r1c0.jpg,TP,6,23,0.8012119420632574,5421,6766,62.476067983781114,77.97695553924792
ZAINA-679-B_011_jpg.rf.c763cf36a3a341bfed1f7851c1c77278_r1c0.jpg,TP,13,12,0.7796060832710048,3132,4006,36.09574708083424,46.16844278602235
ZAINA-679-B_011_jpg.rf.c763cf36a3a341bfed1f7851c1c77278_r1c0.jpg,TP,24,27,0.7794981313400962,11699,14965,134.828909673908,172.46898309855825
ZAINA-679-B_011_jpg.rf.c763cf36a3a341bfed1f7851c1c77278_r1c0.jpg,TP,14,10,0.7700560448358686,6169,4885,71.0966359328437,56.298762608517016
ZAINA-679-B_011_jpg.rf.c763cf36a3a341bfed1f7851c1c77278_r1c0.jpg,TP,23,21,0.7603500504880512,2640,2590,30.425533937867947,29.849292764802264
ZAINA-679-B_011_jpg.rf.c763cf36a3a341bfed1f7851c1c77278_r1c0.jpg,TP,10,16,0.7345898530109056,12394,16872,142.83866197952096,194.44682143928333
ZAINA-679-B_011_jpg.rf.c763cf36a3a341bfed1f7851c1c77278_r1c0.jpg,TP,9,17,0.7326422843731665,3900,4959,44.9468114991231,57.15159954465422
ZAINA-679-B_011_jpg.rf.c763cf36a3a341bfed1f7851c1c77278_r1c0.jpg,TP,17,6,0.731637168141593,4430,3397,51.05496793361932,39.149825298082355
ZAINA-679-B_011_jpg.rf.c763cf36a3a341bfed1f7851c1c77278_r1c0.jpg,TP,11,2,0.5093926682473099,11489,21615,132.40869674703214,249.1090591162938
ZAINA-679-B_011_jpg.rf.c763cf36a3a341bfed1f7851c1c77278_r1c0.jpg,FP,19,-1,0.0,0,4575,0.0,52.72606733550979
ZAINA-679-B_011_jpg.rf.c763cf36a3a341bfed1f7851c1c77278_r1c0.jpg,FN,-1,0,0.0,12025,0,138.58600212229624,0.0
ZAINA-679-B_011_jpg.rf.c763cf36a3a341bfed1f7851c1c77278_r1c0.jpg,FN,-1,3,0.0,8175,0,94.2154317962388,0.0
ZAINA-679-B_011_jpg.rf.c763cf36a3a341bfed1f7851c1c77278_r1c0.jpg,FN,-1,15,0.0,7954,0,91.6684458112885,0.0
ZAINA-679-B_011_jpg.rf.c763cf36a3a341bfed1f7851c1c77278_r1c0.jpg,FN,-1,24,0.0,5995,0,69.09131665057512,0.0
ZAINA-679-B_011_jpg.rf.c763cf36a3a341bfed1f7851c1c77278_r1c0.jpg,FN,-1,28,0.0,19332,0,222.79788715411482,0.0
ZAINA-679-B_011_jpg.rf.c763cf36a3a341bfed1f7851c1c77278_r1c1.jpg,TP,1,24,0.9381140160926352,41483,43544,478.08425164567274,501.8369127994401
ZAINA-679-B_011_jpg.rf.c763cf36a3a341bfed1f7851c1c77278_r1c1.jpg,TP,2,6,0.9184931506849315,10195,9412,117.49557518809232,108.47163841788375
ZAINA-679-B_011_jpg.rf.c763cf36a3a341bfed1f7851c1c77278_r1c1.jpg,TP,6,16,0.9100853652302816,17932,19435,206.66313430827577,223.98494397063013
ZAINA-679-B_011_jpg.rf.c763cf36a3a341bfed1f7851c1c77278_r1c1.jpg,TP,4,25,0.9040035067212157,6194,6837,71.38475651937654,78.79521800500119
ZAINA-679-B_011_jpg.rf.c763cf36a3a341bfed1f7851c1c77278_r1c1.jpg,TP,3,21,0.9005196733481812,4876,5364,56.19503919736519,61.819153046486235
ZAINA-679-B_011_jpg.rf.c763cf36a3a341bfed1f7851c1c77278_r1c1.jpg,TP,11,0,0.896029471960704,18426,18630,212.35639709816468,214.70746108427267
ZAINA-679-B_011_jpg.rf.c763cf36a3a341bfed1f7851c1c77278_r1c1.jpg,TP,5,23,0.892398934882595,24477,22428,282.0931038625734,258.4787405903418
ZAINA-679-B_011_jpg.rf.c763cf36a3a341bfed1f7851c1c77278_r1c1.jpg,TP,0,20,0.886579139314369,29533,32543,340.362611282975,375.052329901529
ZAINA-679-B_011_jpg.rf.c763cf36a3a341bfed1f7851c1c77278_r1c1.jpg,TP,8,15,0.8717573986116186,7232,8137,83.34752327222007,93.7774885047089
ZAINA-679-B_011_jpg.rf.c763cf36a3a341bfed1f7851c1c77278_r1c1.jpg,TP,12,5,0.8683453237410071,11565,11808,133.28458333009198,136.08511543119118
ZAINA-679-B_011_jpg.rf.c763cf36a3a341bfed1f7851c1c77278_r1c1.jpg,TP,14,19,0.8545163868904876,1248,1072,14.382979679719393,12.354610750528195
ZAINA-679-B_011_jpg.rf.c763cf36a3a341bfed1f7851c1c77278_r1c1.jpg,TP,15,17,0.8457461645746165,6318,6916,72.81383462857943,79.70567905844497
ZAINA-679-B_011_jpg.rf.c763cf36a3a341bfed1f7851c1c77278_r1c1.jpg,TP,20,26,0.81995841995842,3968,4786,45.73049949449243,55.15780508584697
ZAINA-679-B_011_jpg.rf.c763cf36a3a341bfed1f7851c1c77278_r1c1.jpg,TP,10,11,0.8095037403856284,23262,28260,268.09044335707733,325.69151101672276
ZAINA-679-B_011_jpg.rf.c763cf36a3a341bfed1f7851c1c77278_r1c1.jpg,TP,7,22,0.8061775020231994,5977,7414,68.88386982827149,85.44504114217915
ZAINA-679-B_011_jpg.rf.c763cf36a3a341bfed1f7851c1c77278_r1c1.jpg,TP,16,14,0.7723397537101357,2462,3151,28.37411536175412,36.3147187265992
ZAINA-679-B_011_jpg.rf.c763cf36a3a341bfed1f7851c1c77278_r1c1.jpg,TP,19,10,0.7627775294292952,6342,5488,73.09043039165095,63.248231155689126
ZAINA-679-B_011_jpg.rf.c763cf36a3a341bfed1f7851c1c77278_r1c1.jpg,TP,9,3,0.7407243676781711,30270,24857,348.85640617396314,286.47253677787256
ZAINA-679-B_011_jpg.rf.c763cf36a3a341bfed1f7851c1c77278_r1c1.jpg,TP,24,2,0.7295042360596592,24781,28908,285.5966501948127,333.159596619654
ZAINA-679-B_011_jpg.rf.c763cf36a3a341bfed1f7851c1c77278_r1c1.jpg,TP,13,27,0.6047284817140747,1637,2707,18.86613600617039,31.19769710977596
ZAINA-679-B_011_jpg.rf.c763cf36a3a341bfed1f7851c1c77278_r1c1.jpg,FP,17,-1,0.0,0,2245,0.0,25.873228670649066
ZAINA-679-B_011_jpg.rf.c763cf36a3a341bfed1f7851c1c77278_r1c1.jpg,FP,18,-1,0.0,0,1649,0.0,19.004433887706153
ZAINA-679-B_011_jpg.rf.c763cf36a3a341bfed1f7851c1c77278_r1c1.jpg,FP,21,-1,0.0,0,8905,0.0,102.62855292299776
ZAINA-679-B_011_jpg.rf.c763cf36a3a341bfed1f7851c1c77278_r1c1.jpg,FP,22,-1,0.0,0,3128,0.0,36.04964778698899
ZAINA-679-B_011_jpg.rf.c763cf36a3a341bfed1f7851c1c77278_r1c1.jpg,FP,23,-1,0.0,0,5723,0.0,65.95656466909783
ZAINA-679-B_011_jpg.rf.c763cf36a3a341bfed1f7851c1c77278_r1c1.jpg,FN,-1,1,0.0,5726,0,65.99113913948176,0.0
ZAINA-679-B_011_jpg.rf.c763cf36a3a341bfed1f7851c1c77278_r1c1.jpg,FN,-1,4,0.0,2949,0,33.98670438741385,0.0
ZAINA-679-B_011_jpg.rf.c763cf36a3a341bfed1f7851c1c77278_r1c1.jpg,FN,-1,7,0.0,1107,0,12.757979571674174,0.0
ZAINA-679-B_011_jpg.rf.c763cf36a3a341bfed1f7851c1c77278_r1c1.jpg,FN,-1,8,0.0,8069,0,92.99380050933956,0.0
ZAINA-679-B_011_jpg.rf.c763cf36a3a341bfed1f7851c1c77278_r1c1.jpg,FN,-1,9,0.0,8745,0,100.78458116918758,0.0
ZAINA-679-B_011_jpg.rf.c763cf36a3a341bfed1f7851c1c77278_r1c1.jpg,FN,-1,12,0.0,5408,0,62.326245278784036,0.0
ZAINA-679-B_011_jpg.rf.c763cf36a3a341bfed1f7851c1c77278_r1c1.jpg,FN,-1,13,0.0,12126,0,139.75000929188892,0.0
ZAINA-679-B_011_jpg.rf.c763cf36a3a341bfed1f7851c1c77278_r1c1.jpg,FN,-1,18,0.0,11336,0,130.64539875745115,0.0
ZAINA-679-B_011_jpg.rf.c763cf36a3a341bfed1f7851c1c77278_r1c1.jpg,FN,-1,28,0.0,18164,0,209.33689335130052,0.0
ZAINA-679-B_011_jpg.rf.c763cf36a3a341bfed1f7851c1c77278_r1c2.jpg,TP,2,24,0.9374304783092324,6929,7005,79.85550176344205,80.73138834650187
ZAINA-679-B_011_jpg.rf.c763cf36a3a341bfed1f7851c1c77278_r1c2.jpg,TP,6,3,0.9278563400162062,36626,37128,422.1081840940725,427.89364547165195
ZAINA-679-B_011_jpg.rf.c763cf36a3a341bfed1f7851c1c77278_r1c2.jpg,TP,4,20,0.9024718798410454,14522,13724,167.36348630519632,158.16667718306806
ZAINA-679-B_011_jpg.rf.c763cf36a3a341bfed1f7851c1c77278_r1c2.jpg,TP,0,2,0.9003079630444347,10295,11302,118.64805753422367,130.25355475976647
ZAINA-679-B_011_jpg.rf.c763cf36a3a341bfed1f7851c1c77278_r1c2.jpg,TP,13,0,0.8946240400071441,10291,10925,118.60195824037842,125.90869631485126
ZAINA-679-B_011_jpg.rf.c763cf36a3a341bfed1f7851c1c77278_r1c2.jpg,TP,18,14,0.8869810480478995,18280,19854,210.6737728728129,228.81384500092054
ZAINA-679-B_011_jpg.rf.c763cf36a3a341bfed1f7851c1c77278_r1c2.jpg,TP,3,23,0.8693194836935767,11666,12809,134.44859049968466,147.62146371596612
ZAINA-679-B_011_jpg.rf.c763cf36a3a341bfed1f7851c1c77278_r1c2.jpg,TP,10,9,0.8680198115956104,9045,10190,104.24202820758165,117.43795107078574
ZAINA-679-B_011_jpg.rf.c763cf36a3a341bfed1f7851c1c77278_r1c2.jpg,TP,26,13,0.8622280670470756,42176,41371,486.07095430436306,476.7934714180056
ZAINA-679-B_011_jpg.rf.c763cf36a3a341bfed1f7851c1c77278_r1c2.jpg,TP,5,21,0.846966245599503,29245,33188,337.0434621261167,382.48584103407626
ZAINA-679-B_011_jpg.rf.c763cf36a3a341bfed1f7851c1c77278_r1c2.jpg,TP,19,10,0.8231538368871221,6883,8251,79.32535988422161,95.09131837929864
ZAINA-679-B_011_jpg.rf.c763cf36a3a341bfed1f7851c1c77278_r1c2.jpg,TP,9,22,0.8078334159643035,45032,46128,518.9858501098747,531.6170566234745
ZAINA-679-B_011_jpg.rf.c763cf36a3a341bfed1f7851c1c77278_r1c2.jpg,TP,1,5,0.80782439898462,5410,6697,62.34929492570666,77.18174272041729
ZAINA-679-B_011_jpg.rf.c763cf36a3a341bfed1f7851c1c77278_r1c2.jpg,TP,16,17,0.8007197480881691,3579,4427,41.24734316804143,51.02039346323538
ZAINA-679-B_011_jpg.rf.c763cf36a3a341bfed1f7851c1c77278_r1c2.jpg,TP,12,12,0.78607227644421,2990,3781,34.45922214932771,43.575357507226784
ZAINA-679-B_011_jpg.rf.c763cf36a3a341bfed1f7851c1c77278_r1c2.jpg,TP,23,16,0.7813748160605424,4008,4466,46.19149243294497,51.469861578226606
ZAINA-679-B_011_jpg.rf.c763cf36a3a341bfed1f7851c1c77278_r1c2.jpg,TP,7,11,0.7811158798283262,4017,5113,46.295215844096795,58.92642235769652
ZAINA-679-B_011_jpg.rf.c763cf36a3a341bfed1f7851c1c77278_r1c2.jpg,TP,14,19,0.772668810289389,2573,2940,29.653370765959934,33.88298097626203
ZAINA-679-B_011_jpg.rf.c763cf36a3a341bfed1f7851c1c77278_r1c2.jpg,TP,11,4,0.7692593280118805,10606,8456,122.23227763069221,97.45390718886793
ZAINA-679-B_011_jpg.rf.c763cf36a3a341bfed1f7851c1c77278_r1c2.jpg,TP,8,1,0.7578297309219233,3436,4534,39.59929341307358,52.25354957359593
ZAINA-679-B_011_jpg.rf.c763cf36a3a341bfed1f7851c1c77278_r1c2.jpg,TP,17,15,0.6820737039350406,3276,4803,37.75532165926341,55.3537270846893
ZAINA-679-B_011_jpg.rf.c763cf36a3a341bfed1f7851c1c77278_r1c2.jpg,FP,15,-1,0.0,0,14933,0.0,172.10018874779624
ZAINA-679-B_011_jpg.rf.c763cf36a3a341bfed1f7851c1c77278_r1c2.jpg,FP,20,-1,0.0,0,30783,0.0,354.768640609617
ZAINA-679-B_011_jpg.rf.c763cf36a3a341bfed1f7851c1c77278_r1c2.jpg,FP,21,-1,0.0,0,6417,0.0,73.95479215124948
ZAINA-679-B_011_jpg.rf.c763cf36a3a341bfed1f7851c1c77278_r1c2.jpg,FP,22,-1,0.0,0,8813,0.0,101.5682691645569
ZAINA-679-B_011_jpg.rf.c763cf36a3a341bfed1f7851c1c77278_r1c2.jpg,FP,24,-1,0.0,0,11269,0.0,129.87323558554314
ZAINA-679-B_011_jpg.rf.c763cf36a3a341bfed1f7851c1c77278_r1c2.jpg,FP,25,-1,0.0,0,20738,0.0,239.00178894072175
ZAINA-679-B_011_jpg.rf.c763cf36a3a341bfed1f7851c1c77278_r1c2.jpg,FN,-1,6,0.0,31764,0,366.0744924251657,0.0
ZAINA-679-B_011_jpg.rf.c763cf36a3a341bfed1f7851c1c77278_r1c2.jpg,FN,-1,7,0.0,19696,0,226.99292289403297,0.0
ZAINA-679-B_011_jpg.rf.c763cf36a3a341bfed1f7851c1c77278_r1c2.jpg,FN,-1,8,0.0,16583,0,191.1161474589637,0.0
ZAINA-679-B_011_jpg.rf.c763cf36a3a341bfed1f7851c1c77278_r1c2.jpg,FN,-1,18,0.0,8352,0,96.25532554889132,0.0
ZAINA-679-B_011_jpg.rf.c763cf36a3a341bfed1f7851c1c77278_r2c0.jpg,TP,0,3,0.9270955165692008,17485,17116,201.51153822106858,197.25887836384385
ZAINA-679-B_011_jpg.rf.c763cf36a3a341bfed1f7851c1c77278_r2c0.jpg,TP,4,18,0.9268609816881569,8931,8852,102.9281983329919,102.01773727954813
ZAINA-679-B_011_jpg.rf.c763cf36a3a341bfed1f7851c1c77278_r2c0.jpg,TP,1,1,0.9220324748040314,6679,7052,76.97429589811364,81.27305504918363
ZAINA-679-B_011_jpg.rf.c763cf36a3a341bfed1f7851c1c77278_r2c0.jpg,TP,9,14,0.9076193883026292,10704,10627,123.36171032990094,122.47429892337979
ZAINA-679-B_011_jpg.rf.c763cf36a3a341bfed1f7851c1c77278_r2c0.jpg,TP,16,11,0.8820074196207749,8561,9702,98.66401365230587,111.8138372216647
ZAINA-679-B_011_jpg.rf.c763cf36a3a341bfed1f7851c1c77278_r2c0.jpg,TP,13,2,0.8606127518630969,6259,7223,72.13387004436193,83.24379986106824
ZAINA-679-B_011_jpg.rf.c763cf36a3a341bfed1f7851c1c77278_r2c0.jpg,TP,2,0,0.8579982199207056,10738,12225,123.7535543275856,140.89096681455896
ZAINA-679-B_011_jpg.rf.c763cf36a3a341bfed1f7851c1c77278_r2c0.jpg,TP,17,5,0.852776044915783,4368,4542,50.34042887901787,52.345748161286444
ZAINA-679-B_011_jpg.rf.c763cf36a3a341bfed1f7851c1c77278_r2c0.jpg,TP,24,9,0.8518343691815488,33006,37610,380.3883231641172,433.4486103800051
ZAINA-679-B_011_jpg.rf.c763cf36a3a341bfed1f7851c1c77278_r2c0.jpg,TP,11,13,0.8419179229480737,4378,4419,50.45567711363101,50.92819487554487
ZAINA-679-B_011_jpg.rf.c763cf36a3a341bfed1f7851c1c77278_r2c0.jpg,TP,20,7,0.8287820088821695,10137,9217,116.82713542733612,106.2242978429276
ZAINA-679-B_011_jpg.rf.c763cf36a3a341bfed1f7851c1c77278_r2c0.jpg,TP,23,20,0.8215774843641418,5498,4987,63.36347939030226,57.474294601571
ZAINA-679-B_011_jpg.rf.c763cf36a3a341bfed1f7851c1c77278_r2c0.jpg,TP,7,17,0.7944444444444444,11316,14201,130.41490228822488,163.66401797411467
ZAINA-679-B_011_jpg.rf.c763cf36a3a341bfed1f7851c1c77278_r2c0.jpg,TP,3,6,0.7922173274596183,5710,6495,65.80674196410075,74.85372838123193
ZAINA-679-B_011_jpg.rf.c763cf36a3a341bfed1f7851c1c77278_r2c0.jpg,TP,21,12,0.7848320352450633,12113,10574,139.60018658689182,121.86348327993018
ZAINA-679-B_011_jpg.rf.c763cf36a3a341bfed1f7851c1c77278_r2c0.jpg,TP,6,10,0.763563829787234,2871,3760,33.08776815743139,43.333336214539194
ZAINA-679-B_011_jpg.rf.c763cf36a3a341bfed1f7851c1c77278_r2c0.jpg,TP,5,19,0.755,3020,4000,34.80496685316712,46.099293845254465
ZAINA-679-B_011_jpg.rf.c763cf36a3a341bfed1f7851c1c77278_r2c0.jpg,TP,19,4,0.7200146717202592,8168,5900,94.13475803200961,67.99645842175033
ZAINA-679-B_011_jpg.rf.c763cf36a3a341bfed1f7851c1c77278_r2c0.jpg,TP,8,27,0.7188894702822494,32100,23745,369.9468331081671,273.65693308889183
ZAINA-679-B_011_jpg.rf.c763cf36a3a341bfed1f7851c1c77278_r2c0.jpg,FP,10,-1,0.0,0,5608,0.0,64.63120997104676
ZAINA-679-B_011_jpg.rf.c763cf36a3a341bfed1f7851c1c77278_r2c0.jpg,FP,12,-1,0.0,0,39855,0.0,459.32183905065415
ZAINA-679-B_011_jpg.rf.c763cf36a3a341bfed1f7851c1c77278_r2c0.jpg,FP,14,-1,0.0,0,2741,0.0,31.589541107460622
ZAINA-679-B_011_jpg.rf.c763cf36a3a341bfed1f7851c1c77278_r2c0.jpg,FP,15,-1,0.0,0,8141,0.0,93.82358779855414
ZAINA-679-B_011_jpg.rf.c763cf36a3a341bfed1f7851c1c77278_r2c0.jpg,FP,18,-1,0.0,0,6637,0.0,76.49025331273847
ZAINA-679-B_011_jpg.rf.c763cf36a3a341bfed1f7851c1c77278_r2c0.jpg,FP,22,-1,0.0,0,702,0.0,8.090426069842158
ZAINA-679-B_011_jpg.rf.c763cf36a3a341bfed1f7851c1c77278_r2c0.jpg,FN,-1,8,0.0,11133,0,128.30585959480447,0.0
ZAINA-679-B_011_jpg.rf.c763cf36a3a341bfed1f7851c1c77278_r2c0.jpg,FN,-1,15,0.0,2005,0,23.1072710399338,0.0
ZAINA-679-B_011_jpg.rf.c763cf36a3a341bfed1f7851c1c77278_r2c0.jpg,FN,-1,16,0.0,8775,0,101.13032587302698,0.0
ZAINA-679-B_011_jpg.rf.c763cf36a3a341bfed1f7851c1c77278_r2c0.jpg,FN,-1,21,0.0,1756,0,20.23758999806671,0.0
ZAINA-679-B_011_jpg.rf.c763cf36a3a341bfed1f7851c1c77278_r2c0.jpg,FN,-1,22,0.0,16997,0,195.88742437194753,0.0
ZAINA-679-B_011_jpg.rf.c763cf36a3a341bfed1f7851c1c77278_r2c0.jpg,FN,-1,23,0.0,3915,0,45.11968385104281,0.0
ZAINA-679-B_011_jpg.rf.c763cf36a3a341bfed1f7851c1c77278_r2c0.jpg,FN,-1,24,0.0,16023,0,184.66224632062807,0.0
ZAINA-679-B_011_jpg.rf.c763cf36a3a341bfed1f7851c1c77278_r2c0.jpg,FN,-1,25,0.0,4702,0,54.189719915096624,0.0
ZAINA-679-B_011_jpg.rf.c763cf36a3a341bfed1f7851c1c77278_r2c0.jpg,FN,-1,26,0.0,10337,0,119.13210011959885,0.0
ZAINA-679-B_011_jpg.rf.c763cf36a3a341bfed1f7851c1c77278_r2c1.jpg,TP,4,6,0.9081598257577722,36804,36788,424.1596026701863,423.9752054948053
ZAINA-679-B_011_jpg.rf.c763cf36a3a341bfed1f7851c1c77278_r2c1.jpg,TP,10,0,0.8901325985879112,5362,5614,61.796103399563606,64.70035891181463
ZAINA-679-B_011_jpg.rf.c763cf36a3a341bfed1f7851c1c77278_r2c1.jpg,TP,1,5,0.8899913718723037,10636,11269,122.57802233453162,129.87323558554314
ZAINA-679-B_011_jpg.rf.c763cf36a3a341bfed1f7851c1c77278_r2c1.jpg,TP,0,13,0.8786578620990179,27326,28720,314.9273259038559,330.99292980892704
ZAINA-679-B_011_jpg.rf.c763cf36a3a341bfed1f7851c1c77278_r2c1.jpg,TP,17,2,0.8570151921358355,1076,1002,12.40071004437345,11.547873108236242
ZAINA-679-B_011_jpg.rf.c763cf36a3a341bfed1f7851c1c77278_r2c1.jpg,TP,5,9,0.8502018796864927,55011,54051,633.9920634303234,622.9282329074623
ZAINA-679-B_011_jpg.rf.c763cf36a3a341bfed1f7851c1c77278_r2c1.jpg,TP,11,4,0.8355690532586009,79967,76574,921.6055577308659,882.5018317266288
ZAINA-679-B_011_jpg.rf.c763cf36a3a341bfed1f7851c1c77278_r2c1.jpg,TP,18,3,0.825097885669538,21783,24830,251.0452294577945,286.1613665444171
ZAINA-679-B_011_jpg.rf.c763cf36a3a341bfed1f7851c1c77278_r2c1.jpg,TP,9,11,0.8227486975936492,6707,7988,77.29699095503042,92.06028980897317
ZAINA-679-B_011_jpg.rf.c763cf36a3a341bfed1f7851c1c77278_r2c1.jpg,TP,8,7,0.7890128343528847,7765,7150,89.49025417710023,82.40248774839235
ZAINA-679-B_011_jpg.rf.c763cf36a3a341bfed1f7851c1c77278_r2c1.jpg,TP,14,18,0.768781851060332,11499,10020,132.52394498164526,115.47873108236243
ZAINA-679-B_011_jpg.rf.c763cf36a3a341bfed1f7851c1c77278_r2c1.jpg,TP,7,1,0.710431654676259,2016,2739,23.234044098008248,31.566491460537993
ZAINA-679-B_011_jpg.rf.c763cf36a3a341bfed1f7851c1c77278_r2c1.jpg,TP,12,8,0.5729329173166927,26719,17644,307.9317580628385,203.34398515141743
ZAINA-679-B_011_jpg.rf.c763cf36a3a341bfed1f7851c1c77278_r2c1.jpg,TP,6,19,0.5391699628077218,31925,20219,367.9299890024372,233.0204055643
ZAINA-679-B_011_jpg.rf.c763cf36a3a341bfed1f7851c1c77278_r2c1.jpg,FP,2,-1,0.0,0,14659,0.0,168.9423871193963
ZAINA-679-B_011_jpg.rf.c763cf36a3a341bfed1f7851c1c77278_r2c1.jpg,FP,3,-1,0.0,0,11930,0.0,137.49114389347145
ZAINA-679-B_011_jpg.rf.c763cf36a3a341bfed1f7851c1c77278_r2c1.jpg,FP,13,-1,0.0,0,4818,0.0,55.526599436609004
ZAINA-679-B_011_jpg.rf.c763cf36a3a341bfed1f7851c1c77278_r2c1.jpg,FP,15,-1,0.0,0,5747,0.0,66.23316043216936
ZAINA-679-B_011_jpg.rf.c763cf36a3a341bfed1f7851c1c77278_r2c1.jpg,FP,16,-1,0.0,0,7143,0.0,82.32181398416316
ZAINA-679-B_011_jpg.rf.c763cf36a3a341bfed1f7851c1c77278_r2c1.jpg,FN,-1,10,0.0,40846,0,470.74293910081593,0.0
ZAINA-679-B_011_jpg.rf.c763cf36a3a341bfed1f7851c1c77278_r2c1.jpg,FN,-1,12,0.0,10077,0,116.1356460196573,0.0
ZAINA-679-B_011_jpg.rf.c763cf36a3a341bfed1f7851c1c77278_r2c1.jpg,FN,-1,14,0.0,2003,0,23.084221393011173,0.0
ZAINA-679-B_011_jpg.rf.c763cf36a3a341bfed1f7851c1c77278_r2c1.jpg,FN,-1,15,0.0,7999,0,92.18706286704762,0.0
ZAINA-679-B_011_jpg.rf.c763cf36a3a341bfed1f7851c1c77278_r2c1.jpg,FN,-1,16,0.0,8739,0,100.71543222841969,0.0
ZAINA-679-B_011_jpg.rf.c763cf36a3a341bfed1f7851c1c77278_r2c1.jpg,FN,-1,17,0.0,4609,0,53.117911333194456,0.0
ZAINA-679-B_011_jpg.rf.c763cf36a3a341bfed1f7851c1c77278_r2c1.jpg,FN,-1,20,0.0,5724,0,65.96808949255913,0.0
ZAINA-679-B_011_jpg.rf.c763cf36a3a341bfed1f7851c1c77278_r2c1.jpg,FN,-1,21,0.0,2247,0,25.896278317571696,0.0
ZAINA-679-B_011_jpg.rf.c763cf36a3a341bfed1f7851c1c77278_r2c2.jpg,TP,3,23,0.9061870503597123,6768,6480,78.00000518617055,74.68085602931222
ZAINA-679-B_011_jpg.rf.c763cf36a3a341bfed1f7851c1c77278_r2c2.jpg,TP,19,18,0.8975708986478401,15158,16558,174.69327402659178,190.82802687243085
ZAINA-679-B_011_jpg.rf.c763cf36a3a341bfed1f7851c1c77278_r2c2.jpg,TP,6,16,0.8764667229888294,20939,19041,241.3182784564458,219.44416352687256
ZAINA-679-B_011_jpg.rf.c763cf36a3a341bfed1f7851c1c77278_r2c2.jpg,TP,0,13,0.8724006725068578,9903,11257,114.13032673738874,129.73493770400736
ZAINA-679-B_011_jpg.rf.c763cf36a3a341bfed1f7851c1c77278_r2c2.jpg,TP,15,7,0.8723124177270732,6393,6408,73.67819638817795,73.85106874009765
ZAINA-679-B_011_jpg.rf.c763cf36a3a341bfed1f7851c1c77278_r2c2.jpg,TP,17,9,0.8640544286254253,22833,21552,263.1462940921738,248.38299523823105
ZAINA-679-B_011_jpg.rf.c763cf36a3a341bfed1f7851c1c77278_r2c2.jpg,TP,2,17,0.859983638537537,14777,14780,170.3023162878313,170.33689075821525
ZAINA-679-B_011_jpg.rf.c763cf36a3a341bfed1f7851c1c77278_r2c2.jpg,TP,1,25,0.8435443037974684,11294,10552,130.16135617207598,121.60993716378127
ZAINA-679-B_011_jpg.rf.c763cf36a3a341bfed1f7851c1c77278_r2c2.jpg,TP,11,5,0.8426544240400667,2151,2264,24.789895265285587,26.092200316414026
ZAINA-679-B_011_jpg.rf.c763cf36a3a341bfed1f7851c1c77278_r2c2.jpg,TP,12,11,0.8419216150538974,13575,15986,156.44947848733233,184.23582785255945
ZAINA-679-B_011_jpg.rf.c763cf36a3a341bfed1f7851c1c77278_r2c2.jpg,TP,10,0,0.8406747891283973,7411,6337,85.4104666717952,73.03280627434438
ZAINA-679-B_011_jpg.rf.c763cf36a3a341bfed1f7851c1c77278_r2c2.jpg,TP,4,21,0.8372813128967332,5464,6403,62.9716353926176,73.79344462279109
ZAINA-679-B_011_jpg.rf.c763cf36a3a341bfed1f7851c1c77278_r2c2.jpg,TP,14,22,0.8215785054575987,1963,2376,22.623228454558628,27.38298054408115
ZAINA-679-B_011_jpg.rf.c763cf36a3a341bfed1f7851c1c77278_r2c2.jpg,TP,5,1,0.7476447235883155,16735,12760,192.86792062508337,147.05674736636175
ZAINA-679-B_011_jpg.rf.c763cf36a3a341bfed1f7851c1c77278_r2c2.jpg,TP,20,6,0.6820712694877505,1233,1788,14.210107327799689,20.606384348828744
ZAINA-679-B_011_jpg.rf.c763cf36a3a341bfed1f7851c1c77278_r2c2.jpg,TP,7,24,0.6651297447994853,8694,6835,100.19681517266058,78.77216835807856
ZAINA-679-B_011_jpg.rf.c763cf36a3a341bfed1f7851c1c77278_r2c2.jpg,TP,18,4,0.5419557533708601,7512,4267,86.57447384138788,49.1764217094252
ZAINA-679-B_011_jpg.rf.c763cf36a3a341bfed1f7851c1c77278_r2c2.jpg,FP,8,-1,0.0,0,4483,0.0,51.66578357706894
ZAINA-679-B_011_jpg.rf.c763cf36a3a341bfed1f7851c1c77278_r2c2.jpg,FP,9,-1,0.0,0,4248,0.0,48.95745006366024
ZAINA-679-B_011_jpg.rf.c763cf36a3a341bfed1f7851c1c77278_r2c2.jpg,FP,13,-1,0.0,0,2180,0.0,25.124115145663684
ZAINA-679-B_011_jpg.rf.c763cf36a3a341bfed1f7851c1c77278_r2c2.jpg,FP,16,-1,0.0,0,5383,0.0,62.038124692251195
ZAINA-679-B_011_jpg.rf.c763cf36a3a341bfed1f7851c1c77278_r2c2.jpg,FP,21,-1,0.0,0,21360,0.0,246.17022913365884
ZAINA-679-B_011_jpg.rf.c763cf36a3a341bfed1f7851c1c77278_r2c2.jpg,FP,22,-1,0.0,0,6972,0.0,80.35106917227853
ZAINA-679-B_011_jpg.rf.c763cf36a3a341bfed1f7851c1c77278_r2c2.jpg,FN,-1,2,0.0,13260,0,152.81915909701854,0.0
ZAINA-679-B_011_jpg.rf.c763cf36a3a341bfed1f7851c1c77278_r2c2.jpg,FN,-1,3,0.0,8129,0,93.68528991701838,0.0
ZAINA-679-B_011_jpg.rf.c763cf36a3a341bfed1f7851c1c77278_r2c2.jpg,FN,-1,8,0.0,3261,0,37.5824493073437,0.0
ZAINA-679-B_011_jpg.rf.c763cf36a3a341bfed1f7851c1c77278_r2c2.jpg,FN,-1,10,0.0,14396,0,165.91135854907083,0.0
ZAINA-679-B_011_jpg.rf.c763cf36a3a341bfed1f7851c1c77278_r2c2.jpg,FN,-1,12,0.0,9362,0,107.89539724481807,0.0
ZAINA-679-B_011_jpg.rf.c763cf36a3a341bfed1f7851c1c77278_r2c2.jpg,FN,-1,14,0.0,2898,0,33.39893839088686,0.0
ZAINA-679-B_011_jpg.rf.c763cf36a3a341bfed1f7851c1c77278_r2c2.jpg,FN,-1,15,0.0,9136,0,105.2907871425612,0.0
ZAINA-679-B_011_jpg.rf.c763cf36a3a341bfed1f7851c1c77278_r2c2.jpg,FN,-1,19,0.0,2847,0,32.811172394359865,0.0
ZAINA-679-B_011_jpg.rf.c763cf36a3a341bfed1f7851c1c77278_r2c2.jpg,FN,-1,20,0.0,2877,0,33.15691709819927,0.0
ZAINA-679-B_011_jpg.rf.c763cf36a3a341bfed1f7851c1c77278_r2c2.jpg,FN,-1,26,0.0,2291,0,26.403370549869493,0.0
ZAINA-679-B_011_jpg.rf.c763cf36a3a341bfed1f7851c1c77278_r2c2.jpg,FN,-1,27,0.0,26096,0,300.7517930464401,0.0
ZAINA-679-B_011_jpg.rf.c763cf36a3a341bfed1f7851c1c77278_r2c2.jpg,FN,-1,28,0.0,13422,0,154.68618049775134,0.0
ZAINA-679-D_007_jpg.rf.34de0be2ff800849eeb730bc4890f94f_r0c0.jpg,TP,1,16,0.9113812544045102,5352,5497,61.68085516495047,63.351954566840945
ZAINA-679-D_007_jpg.rf.34de0be2ff800849eeb730bc4890f94f_r0c0.jpg,TP,4,17,0.8788440163023342,2512,2559,28.950356534819804,29.49202323750154
ZAINA-679-D_007_jpg.rf.34de0be2ff800849eeb730bc4890f94f_r0c0.jpg,TP,0,7,0.8749853681376566,7778,8240,89.6400768820973,94.9645453212242
ZAINA-679-D_007_jpg.rf.34de0be2ff800849eeb730bc4890f94f_r0c0.jpg,TP,3,5,0.8694900605012964,3040,3449,35.03546332239339,39.74911611807066
ZAINA-679-D_007_jpg.rf.34de0be2ff800849eeb730bc4890f94f_r0c0.jpg,TP,2,1,0.8251937285997477,4625,5503,53.30230850857547,63.42110350760883
ZAINA-679-D_007_jpg.rf.34de0be2ff800849eeb730bc4890f94f_r0c0.jpg,TP,6,0,0.8192419825072886,3100,3764,35.726952730072206,43.37943550838445
ZAINA-679-D_007_jpg.rf.34de0be2ff800849eeb730bc4890f94f_r0c0.jpg,TP,5,2,0.7313114053823152,6854,5305,78.99114000384353,61.139188462268734
ZAINA-679-D_007_jpg.rf.34de0be2ff800849eeb730bc4890f94f_r0c0.jpg,TP,7,11,0.6415215989684074,2985,4653,34.40159803202114,53.62500356549226
ZAINA-679-D_007_jpg.rf.34de0be2ff800849eeb730bc4890f94f_r0c0.jpg,FN,-1,3,0.0,1545,0,17.805852247729536,0.0
ZAINA-679-D_007_jpg.rf.34de0be2ff800849eeb730bc4890f94f_r0c0.jpg,FN,-1,4,0.0,4213,0,48.554081242514265,0.0
ZAINA-679-D_007_jpg.rf.34de0be2ff800849eeb730bc4890f94f_r0c0.jpg,FN,-1,6,0.0,9675,0,111.50266698820923,0.0
ZAINA-679-D_007_jpg.rf.34de0be2ff800849eeb730bc4890f94f_r0c0.jpg,FN,-1,8,0.0,2820,0,32.500002160904394,0.0
ZAINA-679-D_007_jpg.rf.34de0be2ff800849eeb730bc4890f94f_r0c0.jpg,FN,-1,9,0.0,2259,0,26.03457619910746,0.0
ZAINA-679-D_007_jpg.rf.34de0be2ff800849eeb730bc4890f94f_r0c0.jpg,FN,-1,10,0.0,4050,0,46.67553501832015,0.0
ZAINA-679-D_007_jpg.rf.34de0be2ff800849eeb730bc4890f94f_r0c0.jpg,FN,-1,12,0.0,3645,0,42.00798151648813,0.0
ZAINA-679-D_007_jpg.rf.34de0be2ff800849eeb730bc4890f94f_r0c0.jpg,FN,-1,13,0.0,3504,0,40.38298140844291,0.0
ZAINA-679-D_007_jpg.rf.34de0be2ff800849eeb730bc4890f94f_r0c0.jpg,FN,-1,14,0.0,1095,0,12.619681690138409,0.0
ZAINA-679-D_007_jpg.rf.34de0be2ff800849eeb730bc4890f94f_r0c0.jpg,FN,-1,15,0.0,3868,0,44.57801714836106,0.0
ZAINA-679-D_007_jpg.rf.34de0be2ff800849eeb730bc4890f94f_r0c0.jpg,FN,-1,18,0.0,3247,0,37.42110177888531,0.0
ZAINA-679-D_007_jpg.rf.34de0be2ff800849eeb730bc4890f94f_r0c0.jpg,FN,-1,19,0.0,1534,0,17.679079189655088,0.0
ZAINA-679-D_007_jpg.rf.34de0be2ff800849eeb730bc4890f94f_r0c0.jpg,FN,-1,20,0.0,2503,0,28.84663312366798,0.0
ZAINA-679-D_007_jpg.rf.34de0be2ff800849eeb730bc4890f94f_r0c0.jpg,FN,-1,21,0.0,2299,0,26.495569137560004,0.0
ZAINA-679-D_007_jpg.rf.34de0be2ff800849eeb730bc4890f94f_r0c0.jpg,FN,-1,22,0.0,5424,0,62.51064245416505,0.0
ZAINA-679-D_007_jpg.rf.34de0be2ff800849eeb730bc4890f94f_r0c1.jpg,TP,10,25,0.9264516129032258,2217,2262,25.550533613732288,26.0691506694914
ZAINA-679-D_007_jpg.rf.34de0be2ff800849eeb730bc4890f94f_r0c1.jpg,TP,2,5,0.9125630089181853,4762,5103,54.88120932277544,58.81117412308338
ZAINA-679-D_007_jpg.rf.34de0be2ff800849eeb730bc4890f94f_r0c1.jpg,TP,9,16,0.9054496437512035,9770,10020,112.59752521703403,115.47873108236243
ZAINA-679-D_007_jpg.rf.34de0be2ff800849eeb730bc4890f94f_r0c1.jpg,TP,8,10,0.9035832642916322,8951,9430,103.15869480221818,108.67908524018739
ZAINA-679-D_007_jpg.rf.34de0be2ff800849eeb730bc4890f94f_r0c1.jpg,TP,7,1,0.903459190594619,4060,4359,46.79078325293328,50.23670546786605
ZAINA-679-D_007_jpg.rf.34de0be2ff800849eeb730bc4890f94f_r0c1.jpg,TP,1,6,0.8990417190978608,9460,10159,109.0248299440268,117.08068154348503
ZAINA-679-D_007_jpg.rf.34de0be2ff800849eeb730bc4890f94f_r0c1.jpg,TP,0,22,0.87223291626564,3652,4129,42.088655280717326,47.58599607176392
ZAINA-679-D_007_jpg.rf.34de0be2ff800849eeb730bc4890f94f_r0c1.jpg,TP,4,24,0.8675,2149,2333,24.76684561836296,26.887413135244664
ZAINA-679-D_007_jpg.rf.34de0be2ff800849eeb730bc4890f94f_r0c1.jpg,TP,13,0,0.8545296167247387,3041,3346,35.046988145854705,38.56205930155536
ZAINA-679-D_007_jpg.rf.34de0be2ff800849eeb730bc4890f94f_r0c1.jpg,TP,6,18,0.8356164383561644,3351,3215,38.619683418861925,37.05230742812328
ZAINA-679-D_007_jpg.rf.34de0be2ff800849eeb730bc4890f94f_r0c1.jpg,TP,3,9,0.8235229032971897,7484,8997,86.2517787844711,103.6888366814386
ZAINA-679-D_007_jpg.rf.34de0be2ff800849eeb730bc4890f94f_r0c1.jpg,TP,5,8,0.7624065261726717,2245,2940,25.873228670649066,33.88298097626203
ZAINA-679-D_007_jpg.rf.34de0be2ff800849eeb730bc4890f94f_r0c1.jpg,TP,12,12,0.7580179602309173,4731,6232,54.52393979547472,71.82269981090646
ZAINA-679-D_007_jpg.rf.34de0be2ff800849eeb730bc4890f94f_r0c1.jpg,TP,14,3,0.7438368444643657,26470,20216,305.0620770209714,232.98583109391606
ZAINA-679-D_007_jpg.rf.34de0be2ff800849eeb730bc4890f94f_r0c1.jpg,TP,15,17,0.7435118073415946,3272,4185,37.70922236541815,48.23138618559748
ZAINA-679-D_007_jpg.rf.34de0be2ff800849eeb730bc4890f94f_r0c1.jpg,FP,11,-1,0.0,0,6126,0.0,70.6010685240072
ZAINA-679-D_007_jpg.rf.34de0be2ff800849eeb730bc4890f94f_r0c1.jpg,FN,-1,2,0.0,2106,0,24.271278209526475,0.0
ZAINA-679-D_007_jpg.rf.34de0be2ff800849eeb730bc4890f94f_r0c1.jpg,FN,-1,4,0.0,2358,0,27.175533721777505,0.0
ZAINA-679-D_007_jpg.rf.34de0be2ff800849eeb730bc4890f94f_r0c1.jpg,FN,-1,7,0.0,14312,0,164.94327337832047,0.0
ZAINA-679-D_007_jpg.rf.34de0be2ff800849eeb730bc4890f94f_r0c1.jpg,FN,-1,11,0.0,2894,0,33.3528390970416,0.0
ZAINA-679-D_007_jpg.rf.34de0be2ff800849eeb730bc4890f94f_r0c1.jpg,FN,-1,13,0.0,3412,0,39.322697650002056,0.0
ZAINA-679-D_007_jpg.rf.34de0be2ff800849eeb730bc4890f94f_r0c1.jpg,FN,-1,14,0.0,4905,0,56.52925907774328,0.0
ZAINA-679-D_007_jpg.rf.34de0be2ff800849eeb730bc4890f94f_r0c1.jpg,FN,-1,15,0.0,4171,0,48.070038657139094,0.0
ZAINA-679-D_007_jpg.rf.34de0be2ff800849eeb730bc4890f94f_r0c1.jpg,FN,-1,19,0.0,6295,0,72.54876368896922,0.0
ZAINA-679-D_007_jpg.rf.34de0be2ff800849eeb730bc4890f94f_r0c1.jpg,FN,-1,20,0.0,1000,0,11.524823461313616,0.0
ZAINA-679-D_007_jpg.rf.34de0be2ff800849eeb730bc4890f94f_r0c1.jpg,FN,-1,21,0.0,4522,0,52.11525169206017,0.0
ZAINA-679-D_007_jpg.rf.34de0be2ff800849eeb730bc4890f94f_r0c1.jpg,FN,-1,23,0.0,7905,0,91.10372946168414,0.0
ZAINA-679-D_007_jpg.rf.34de0be2ff800849eeb730bc4890f94f_r0c1.jpg,FN,-1,26,0.0,1083,0,12.481383808602645,0.0
ZAINA-679-D_007_jpg.rf.34de0be2ff800849eeb730bc4890f94f_r0c1.jpg,FN,-1,27,0.0,3980,0,45.86879737602819,0.0
ZAINA-679-D_007_jpg.rf.34de0be2ff800849eeb730bc4890f94f_r0c1.jpg,FN,-1,28,0.0,8625,0,99.40160235382993,0.0
ZAINA-679-D_007_jpg.rf.34de0be2ff800849eeb730bc4890f94f_r0c2.jpg,TP,0,19,0.9380795054886497,8946,9239,103.1010706849116,106.4778439590765
ZAINA-679-D_007_jpg.rf.34de0be2ff800849eeb730bc4890f94f_r0c2.jpg,TP,10,24,0.9244836313168422,12015,11558,138.4707538876831,133.20390956586277
ZAINA-679-D_007_jpg.rf.34de0be2ff800849eeb730bc4890f94f_r0c2.jpg,TP,5,16,0.9064948864391021,6962,7392,80.2358209376654,85.19149502603025
ZAINA-679-D_007_jpg.rf.34de0be2ff800849eeb730bc4890f94f_r0c2.jpg,TP,14,6,0.9055319148936171,9248,8664,106.58156737022831,99.85107046882116
ZAINA-679-D_007_jpg.rf.34de0be2ff800849eeb730bc4890f94f_r0c2.jpg,TP,12,18,0.9016206634591035,7362,7657,84.84575032219084,88.24557324327836
ZAINA-679-D_007_jpg.rf.34de0be2ff800849eeb730bc4890f94f_r0c2.jpg,TP,4,7,0.8903170522707797,10390,11670,119.74291576304847,134.4946897935299
ZAINA-679-D_007_jpg.rf.34de0be2ff800849eeb730bc4890f94f_r0c2.jpg,TP,3,2,0.8870196727339584,9698,10829,111.76773792781944,124.80231326256515
ZAINA-679-D_007_jpg.rf.34de0be2ff800849eeb730bc4890f94f_r0c2.jpg,TP,15,28,0.8851004203643157,3819,4253,44.013300798756696,49.015074180966806
ZAINA-679-D_007_jpg.rf.34de0be2ff800849eeb730bc4890f94f_r0c2.jpg,TP,18,27,0.879407373377742,8054,8310,92.82092815741986,95.77128296351614
ZAINA-679-D_007_jpg.rf.34de0be2ff800849eeb730bc4890f94f_r0c2.jpg,TP,7,20,0.8693089175968896,7452,7452,85.88298443370907,85.88298443370907
ZAINA-679-D_007_jpg.rf.34de0be2ff800849eeb730bc4890f94f_r0c2.jpg,TP,6,0,0.8665040083652841,2581,2774,29.745569353650442,31.96986028168397
ZAINA-679-D_007_jpg.rf.34de0be2ff800849eeb730bc4890f94f_r0c2.jpg,TP,9,10,0.8657569610916467,5243,4875,60.42464940766729,56.183514373903876
ZAINA-679-D_007_jpg.rf.34de0be2ff800849eeb730bc4890f94f_r0c2.jpg,TP,13,5,0.862776025236593,2315,2409,26.67996631294102,27.763299718304502
ZAINA-679-D_007_jpg.rf.34de0be2ff800849eeb730bc4890f94f_r0c2.jpg,TP,2,22,0.811554820415879,7137,8196,82.25266504339528,94.4574530889264
ZAINA-679-D_007_jpg.rf.34de0be2ff800849eeb730bc4890f94f_r0c2.jpg,TP,16,21,0.7884777123633305,2214,2039,25.515959143348347,23.499115037618463
ZAINA-679-D_007_jpg.rf.34de0be2ff800849eeb730bc4890f94f_r0c2.jpg,TP,1,26,0.7266920358793151,5347,7358,61.623231047643905,84.79965102834558
ZAINA-679-D_007_jpg.rf.34de0be2ff800849eeb730bc4890f94f_r0c2.jpg,TP,11,23,0.7256214149139579,6098,4732,70.27837346709043,54.53546461893603
ZAINA-679-D_007_jpg.rf.34de0be2ff800849eeb730bc4890f94f_r0c2.jpg,TP,8,17,0.7003411178168459,3788,2692,43.65603127145598,31.024824757856255
ZAINA-679-D_007_jpg.rf.34de0be2ff800849eeb730bc4890f94f_r0c2.jpg,TP,19,13,0.6779270633397313,3532,5210,40.705676465359694,60.04433023344394
ZAINA-679-D_007_jpg.rf.34de0be2ff800849eeb730bc4890f94f_r0c2.jpg,FP,17,-1,0.0,0,934,0.0,10.764185112866917
ZAINA-679-D_007_jpg.rf.34de0be2ff800849eeb730bc4890f94f_r0c2.jpg,FP,20,-1,0.0,0,6175,0.0,71.16578487361157
ZAINA-679-D_007_jpg.rf.34de0be2ff800849eeb730bc4890f94f_r0c2.jpg,FN,-1,1,0.0,4343,0,50.05230829248503,0.0
ZAINA-679-D_007_jpg.rf.34de0be2ff800849eeb730bc4890f94f_r0c2.jpg,FN,-1,3,0.0,5425,0,62.522167277626366,0.0
ZAINA-679-D_007_jpg.rf.34de0be2ff800849eeb730bc4890f94f_r0c2.jpg,FN,-1,4,0.0,2850,0,32.8457468647438,0.0
ZAINA-679-D_007_jpg.rf.34de0be2ff800849eeb730bc4890f94f_r0c2.jpg,FN,-1,8,0.0,2496,0,28.765959359438785,0.0
ZAINA-679-D_007_jpg.rf.34de0be2ff800849eeb730bc4890f94f_r0c2.jpg,FN,-1,9,0.0,6636,0,76.47872848927716,0.0
ZAINA-679-D_007_jpg.rf.34de0be2ff800849eeb730bc4890f94f_r0c2.jpg,FN,-1,11,0.0,2904,0,33.46808733165474,0.0
ZAINA-679-D_007_jpg.rf.34de0be2ff800849eeb730bc4890f94f_r0c2.jpg,FN,-1,12,0.0,2291,0,26.403370549869493,0.0
ZAINA-679-D_007_jpg.rf.34de0be2ff800849eeb730bc4890f94f_r0c2.jpg,FN,-1,14,0.0,5975,0,68.86082018134886,0.0
ZAINA-679-D_007_jpg.rf.34de0be2ff800849eeb730bc4890f94f_r0c2.jpg,FN,-1,15,0.0,1799,0,20.733157406903196,0.0
ZAINA-679-D_007_jpg.rf.34de0be2ff800849eeb730bc4890f94f_r0c2.jpg,FN,-1,25,0.0,8192,0,94.41135379508114,0.0
ZAINA-679-D_007_jpg.rf.34de0be2ff800849eeb730bc4890f94f_r0c2.jpg,FN,-1,29,0.0,15351,0,176.9175649546253,0.0
ZAINA-679-D_007_jpg.rf.34de0be2ff800849eeb730bc4890f94f_r0c2.jpg,FN,-1,30,0.0,17967,0,207.06650312942173,0.0
ZAINA-679-D_007_jpg.rf.34de0be2ff800849eeb730bc4890f94f_r0c2.jpg,FN,-1,31,0.0,7446,0,85.81383549294118,0.0
ZAINA-679-D_007_jpg.rf.34de0be2ff800849eeb730bc4890f94f_r0c2.jpg,FN,-1,32,0.0,1217,0,14.02571015241867,0.0
ZAINA-679-D_007_jpg.rf.34de0be2ff800849eeb730bc4890f94f_r1c0.jpg,TP,6,7,0.8728205128205129,2570,2908,29.618796295575994,33.514186625499995
ZAINA-679-D_007_jpg.rf.34de0be2ff800849eeb730bc4890f94f_r1c0.jpg,TP,7,11,0.8500258131130615,6843,7491,78.86436694576908,86.3324525487003
ZAINA-679-D_007_jpg.rf.34de0be2ff800849eeb730bc4890f94f_r1c0.jpg,TP,5,9,0.8336536408285288,4379,4208,50.46720193709233,48.4964571252077
ZAINA-679-D_007_jpg.rf.34de0be2ff800849eeb730bc4890f94f_r1c0.jpg,TP,1,5,0.8077146171693735,2818,3415,32.47695251398177,39.357272120386
ZAINA-679-D_007_jpg.rf.34de0be2ff800849eeb730bc4890f94f_r1c0.jpg,TP,4,18,0.7655632411067194,3609,3538,41.59308787188084,40.774825406127576
ZAINA-679-D_007_jpg.rf.34de0be2ff800849eeb730bc4890f94f_r1c0.jpg,TP,0,4,0.7438775510204082,2190,2937,25.239363380276817,33.84840650587809
ZAINA-679-D_007_jpg.rf.34de0be2ff800849eeb730bc4890f94f_r1c0.jpg,TP,2,23,0.5417486646050043,10666,5786,122.92376703837103,66.68262854716058
ZAINA-679-D_007_jpg.rf.34de0be2ff800849eeb730bc4890f94f_r1c0.jpg,FP,3,-1,0.0,0,2548,0.0,29.365250179427093
ZAINA-679-D_007_jpg.rf.34de0be2ff800849eeb730bc4890f94f_r1c0.jpg,FN,-1,0,0.0,4348,0,50.109932409791604,0.0
ZAINA-679-D_007_jpg.rf.34de0be2ff800849eeb730bc4890f94f_r1c0.jpg,FN,-1,1,0.0,1493,0,17.206561427741228,0.0
ZAINA-679-D_007_jpg.rf.34de0be2ff800849eeb730bc4890f94f_r1c0.jpg,FN,-1,2,0.0,3295,0,37.97429330502836,0.0
ZAINA-679-D_007_jpg.rf.34de0be2ff800849eeb730bc4890f94f_r1c0.jpg,FN,-1,3,0.0,2506,0,28.881207594051922,0.0
ZAINA-679-D_007_jpg.rf.34de0be2ff800849eeb730bc4890f94f_r1c0.jpg,FN,-1,6,0.0,2914,0,33.58333556626788,0.0
ZAINA-679-D_007_jpg.rf.34de0be2ff800849eeb730bc4890f94f_r1c0.jpg,FN,-1,8,0.0,1875,0,21.60904398996303,0.0
ZAINA-679-D_007_jpg.rf.34de0be2ff800849eeb730bc4890f94f_r1c0.jpg,FN,-1,10,0.0,4802,0,55.34220226122798,0.0
ZAINA-679-D_007_jpg.rf.34de0be2ff800849eeb730bc4890f94f_r1c0.jpg,FN,-1,12,0.0,3515,0,40.50975446651736,0.0
ZAINA-679-D_007_jpg.rf.34de0be2ff800849eeb730bc4890f94f_r1c0.jpg,FN,-1,13,0.0,1365,0,15.731384024693085,0.0
ZAINA-679-D_007_jpg.rf.34de0be2ff800849eeb730bc4890f94f_r1c0.jpg,FN,-1,14,0.0,4698,0,54.143620621251365,0.0
ZAINA-679-D_007_jpg.rf.34de0be2ff800849eeb730bc4890f94f_r1c0.jpg,FN,-1,15,0.0,17708,0,204.08157385294152,0.0
ZAINA-679-D_007_jpg.rf.34de0be2ff800849eeb730bc4890f94f_r1c0.jpg,FN,-1,16,0.0,7703,0,88.77571512249878,0.0
ZAINA-679-D_007_jpg.rf.34de0be2ff800849eeb730bc4890f94f_r1c0.jpg,FN,-1,17,0.0,10229,0,117.88741918577698,0.0
ZAINA-679-D_007_jpg.rf.34de0be2ff800849eeb730bc4890f94f_r1c0.jpg,FN,-1,19,0.0,1974,0,22.750001512633077,0.0
ZAINA-679-D_007_jpg.rf.34de0be2ff800849eeb730bc4890f94f_r1c0.jpg,FN,-1,20,0.0,2195,0,25.296987497583387,0.0
ZAINA-679-D_007_jpg.rf.34de0be2ff800849eeb730bc4890f94f_r1c0.jpg,FN,-1,21,0.0,2300,0,26.507093961021315,0.0
ZAINA-679-D_007_jpg.rf.34de0be2ff800849eeb730bc4890f94f_r1c0.jpg,FN,-1,22,0.0,2596,0,29.918441705570146,0.0
ZAINA-679-D_007_jpg.rf.34de0be2ff800849eeb730bc4890f94f_r1c0.jpg,FN,-1,24,0.0,5283,0,60.88564234611983,0.0
ZAINA-679-D_007_jpg.rf.34de0be2ff800849eeb730bc4890f94f_r1c0.jpg,FN,-1,25,0.0,3684,0,42.45744963147936,0.0
ZAINA-679-D_007_jpg.rf.34de0be2ff800849eeb730bc4890f94f_r1c0.jpg,FN,-1,26,0.0,4171,0,48.070038657139094,0.0
ZAINA-679-D_007_jpg.rf.34de0be2ff800849eeb730bc4890f94f_r1c0.jpg,FN,-1,27,0.0,5276,0,60.804968581890634,0.0
ZAINA-679-D_007_jpg.rf.34de0be2ff800849eeb730bc4890f94f_r1c0.jpg,FN,-1,28,0.0,7822,0,90.1471691143951,0.0
ZAINA-679-D_007_jpg.rf.34de0be2ff800849eeb730bc4890f94f_r1c1.jpg,TP,6,3,0.9293181463566859,6003,6362,69.18351523826564,73.32092686087722
ZAINA-679-D_007_jpg.rf.34de0be2ff800849eeb730bc4890f94f_r1c1.jpg,TP,2,13,0.9086513555517182,5580,5473,64.30851491412997,63.07535880376942
ZAINA-679-D_007_jpg.rf.34de0be2ff800849eeb730bc4890f94f_r1c1.jpg,TP,8,9,0.9078201737816396,4865,5235,56.06826613929074,60.33245081997678
ZAINA-679-D_007_jpg.rf.34de0be2ff800849eeb730bc4890f94f_r1c1.jpg,TP,3,12,0.8835598188116174,3357,3712,38.68883235962981,42.78014468839614
ZAINA-679-D_007_jpg.rf.34de0be2ff800849eeb730bc4890f94f_r1c1.jpg,TP,10,14,0.8743307974077205,3372,3280,38.861704711549514,37.80142095310866
ZAINA-679-D_007_jpg.rf.34de0be2ff800849eeb730bc4890f94f_r1c1.jpg,TP,7,21,0.8556753115527114,5528,5491,63.70922409414167,63.28280562607306
ZAINA-679-D_007_jpg.rf.34de0be2ff800849eeb730bc4890f94f_r1c1.jpg,TP,17,28,0.8537901900962216,3721,4178,42.88386809954797,48.15071242136829
ZAINA-679-D_007_jpg.rf.34de0be2ff800849eeb730bc4890f94f_r1c1.jpg,TP,13,23,0.8457523919976805,3116,3250,35.91134990545323,37.45567624926925
ZAINA-679-D_007_jpg.rf.34de0be2ff800849eeb730bc4890f94f_r1c1.jpg,TP,4,2,0.8422998705860603,4585,5380,52.84131557012293,62.00355022186725
ZAINA-679-D_007_jpg.rf.34de0be2ff800849eeb730bc4890f94f_r1c1.jpg,TP,12,22,0.8353344768439108,2464,2886,28.39716500867675,33.2606405093511
ZAINA-679-D_007_jpg.rf.34de0be2ff800849eeb730bc4890f94f_r1c1.jpg,TP,0,10,0.8305681246857718,6636,7928,76.47872848927716,91.36880040129435
ZAINA-679-D_007_jpg.rf.34de0be2ff800849eeb730bc4890f94f_r1c1.jpg,TP,5,15,0.801144209903334,4658,4472,53.682627682798824,51.53901051899449
ZAINA-679-D_007_jpg.rf.34de0be2ff800849eeb730bc4890f94f_r1c1.jpg,TP,11,7,0.7806804374240583,2634,3228,30.356384997100065,37.20213013312035
ZAINA-679-D_007_jpg.rf.34de0be2ff800849eeb730bc4890f94f_r1c1.jpg,TP,19,8,0.7197724039829303,680,529,7.836879953693259,6.096631611034903
ZAINA-679-D_007_jpg.rf.34de0be2ff800849eeb730bc4890f94f_r1c1.jpg,TP,14,11,0.6704614759097377,3306,4911,38.10106636310282,56.598408018511165
ZAINA-679-D_007_jpg.rf.34de0be2ff800849eeb730bc4890f94f_r1c1.jpg,FP,1,-1,0.0,0,8754,0.0,100.8883045803394
ZAINA-679-D_007_jpg.rf.34de0be2ff800849eeb730bc4890f94f_r1c1.jpg,FP,9,-1,0.0,0,6082,0.0,70.09397629170941
ZAINA-679-D_007_jpg.rf.34de0be2ff800849eeb730bc4890f94f_r1c1.jpg,FP,15,-1,0.0,0,4546,0.0,52.391847455131696
ZAINA-679-D_007_jpg.rf.34de0be2ff800849eeb730bc4890f94f_r1c1.jpg,FP,16,-1,0.0,0,3937,0.0,45.373229967191705
ZAINA-679-D_007_jpg.rf.34de0be2ff800849eeb730bc4890f94f_r1c1.jpg,FP,18,-1,0.0,0,5854,0.0,67.46631654252991
ZAINA-679-D_007_jpg.rf.34de0be2ff800849eeb730bc4890f94f_r1c1.jpg,FN,-1,0,0.0,17412,0,200.67022610839268,0.0
ZAINA-679-D_007_jpg.rf.34de0be2ff800849eeb730bc4890f94f_r1c1.jpg,FN,-1,1,0.0,7410,0,85.39894184833389,0.0
ZAINA-679-D_007_jpg.rf.34de0be2ff800849eeb730bc4890f94f_r1c1.jpg,FN,-1,4,0.0,25716,0,296.37236013114097,0.0
ZAINA-679-D_007_jpg.rf.34de0be2ff800849eeb730bc4890f94f_r1c1.jpg,FN,-1,5,0.0,16094,0,185.48050878638134,0.0
ZAINA-679-D_007_jpg.rf.34de0be2ff800849eeb730bc4890f94f_r1c1.jpg,FN,-1,6,0.0,1694,0,19.523050943465265,0.0
ZAINA-679-D_007_jpg.rf.34de0be2ff800849eeb730bc4890f94f_r1c1.jpg,FN,-1,16,0.0,1890,0,21.781916341882734,0.0
ZAINA-679-D_007_jpg.rf.34de0be2ff800849eeb730bc4890f94f_r1c1.jpg,FN,-1,17,0.0,18024,0,207.72341806671662,0.0
ZAINA-679-D_007_jpg.rf.34de0be2ff800849eeb730bc4890f94f_r1c1.jpg,FN,-1,18,0.0,1086,0,12.515958278986586,0.0
ZAINA-679-D_007_jpg.rf.34de0be2ff800849eeb730bc4890f94f_r1c1.jpg,FN,-1,19,0.0,5469,0,63.02925950992417,0.0
ZAINA-679-D_007_jpg.rf.34de0be2ff800849eeb730bc4890f94f_r1c1.jpg,FN,-1,20,0.0,6408,0,73.85106874009765,0.0
ZAINA-679-D_007_jpg.rf.34de0be2ff800849eeb730bc4890f94f_r1c1.jpg,FN,-1,24,0.0,4020,0,46.32979031448073,0.0
ZAINA-679-D_007_jpg.rf.34de0be2ff800849eeb730bc4890f94f_r1c1.jpg,FN,-1,25,0.0,15248,0,175.73050813811003,0.0
ZAINA-679-D_007_jpg.rf.34de0be2ff800849eeb730bc4890f94f_r1c1.jpg,FN,-1,26,0.0,2506,0,28.881207594051922,0.0
ZAINA-679-D_007_jpg.rf.34de0be2ff800849eeb730bc4890f94f_r1c1.jpg,FN,-1,27,0.0,5000,0,57.62411730656808,0.0
ZAINA-679-D_007_jpg.rf.34de0be2ff800849eeb730bc4890f94f_r1c1.jpg,FN,-1,29,0.0,14563,0,167.8360040671102,0.0
ZAINA-679-D_007_jpg.rf.34de0be2ff800849eeb730bc4890f94f_r1c1.jpg,FN,-1,30,0.0,6458,0,74.42730991316333,0.0
ZAINA-679-D_007_jpg.rf.34de0be2ff800849eeb730bc4890f94f_r1c1.jpg,FN,-1,31,0.0,3063,0,35.3005342620036,0.0
ZAINA-679-D_007_jpg.rf.34de0be2ff800849eeb730bc4890f94f_r1c1.jpg,FN,-1,32,0.0,6807,0,78.44947330116179,0.0
ZAINA-679-D_007_jpg.rf.34de0be2ff800849eeb730bc4890f94f_r1c1.jpg,FN,-1,33,0.0,1090,0,12.562057572831842,0.0
ZAINA-679-D_007_jpg.rf.34de0be2ff800849eeb730bc4890f94f_r1c1.jpg,FN,-1,34,0.0,5898,0,67.9734087748277,0.0
ZAINA-679-D_007_jpg.rf.34de0be2ff800849eeb730bc4890f94f_r1c1.jpg,FN,-1,35,0.0,2148,0,24.755320794901646,0.0
ZAINA-679-D_007_jpg.rf.34de0be2ff800849eeb730bc4890f94f_r1c1.jpg,FN,-1,36,0.0,3241,0,37.35195283811743,0.0
ZAINA-679-D_007_jpg.rf.34de0be2ff800849eeb730bc4890f94f_r1c2.jpg,TP,1,15,0.9363658656204021,7794,7999,89.82447405747833,92.18706286704762
ZAINA-679-D_007_jpg.rf.34de0be2ff800849eeb730bc4890f94f_r1c2.jpg,TP,15,22,0.9331088320832696,12407,12851,142.98848468451803,148.10550630134128
ZAINA-679-D_007_jpg.rf.34de0be2ff800849eeb730bc4890f94f_r1c2.jpg,TP,0,28,0.9315630186468808,9705,10080,111.84841169204864,116.17022049004125
ZAINA-679-D_007_jpg.rf.34de0be2ff800849eeb730bc4890f94f_r1c2.jpg,TP,2,35,0.9225822108967359,8114,7730,93.51241756509867,89.08688535595425
ZAINA-679-D_007_jpg.rf.34de0be2ff800849eeb730bc4890f94f_r1c2.jpg,TP,6,3,0.9208970792767733,5548,5501,63.93972056336794,63.3980538606862
ZAINA-679-D_007_jpg.rf.34de0be2ff800849eeb730bc4890f94f_r1c2.jpg,TP,10,26,0.9177944862155388,5584,5894,64.35461420797523,67.92730948098246
ZAINA-679-D_007_jpg.rf.34de0be2ff800849eeb730bc4890f94f_r1c2.jpg,TP,4,11,0.9151171043293116,6680,6812,76.98582072157495,78.50709741846835
ZAINA-679-D_007_jpg.rf.34de0be2ff800849eeb730bc4890f94f_r1c2.jpg,TP,20,18,0.903525641025641,6079,5799,70.05940182132547,66.83245125215765
ZAINA-679-D_007_jpg.rf.34de0be2ff800849eeb730bc4890f94f_r1c2.jpg,TP,3,1,0.8949485918641037,6089,6628,70.17465005593861,76.38652990158664
ZAINA-679-D_007_jpg.rf.34de0be2ff800849eeb730bc4890f94f_r1c2.jpg,TP,12,23,0.8857873009632397,4600,4993,53.01418792204263,57.543443542338885
ZAINA-679-D_007_jpg.rf.34de0be2ff800849eeb730bc4890f94f_r1c2.jpg,TP,5,29,0.8852422415717794,3983,4461,45.903371846412135,51.41223746092004
ZAINA-679-D_007_jpg.rf.34de0be2ff800849eeb730bc4890f94f_r1c2.jpg,TP,16,24,0.884759435321233,3177,3365,36.61436413659336,38.78103094732032
ZAINA-679-D_007_jpg.rf.34de0be2ff800849eeb730bc4890f94f_r1c2.jpg,TP,8,9,0.8837929965912612,3042,3037,35.05851296931602,35.00088885200945
ZAINA-679-D_007_jpg.rf.34de0be2ff800849eeb730bc4890f94f_r1c2.jpg,TP,9,2,0.8653413797183765,7384,8380,85.09929643833974,96.5780206058081
ZAINA-679-D_007_jpg.rf.34de0be2ff800849eeb730bc4890f94f_r1c2.jpg,TP,7,5,0.8251404494382022,6105,6890,70.35904723131962,79.40603364845082
ZAINA-679-D_007_jpg.rf.34de0be2ff800849eeb730bc4890f94f_r1c2.jpg,TP,21,19,0.8186596583442839,5775,6681,66.55585548908613,76.99734554503627
ZAINA-679-D_007_jpg.rf.34de0be2ff800849eeb730bc4890f94f_r1c2.jpg,TP,11,14,0.7782760338814151,5977,4730,68.88386982827149,54.5124149720134
ZAINA-679-D_007_jpg.rf.34de0be2ff800849eeb730bc4890f94f_r1c2.jpg,TP,19,8,0.7612655800575263,2938,2573,33.8599313293394,29.653370765959934
ZAINA-679-D_007_jpg.rf.34de0be2ff800849eeb730bc4890f94f_r1c2.jpg,TP,17,21,0.7280452106033501,20359,22144,234.6338808488839,255.20569072732872
ZAINA-679-D_007_jpg.rf.34de0be2ff800849eeb730bc4890f94f_r1c2.jpg,TP,14,31,0.6218467396477868,2614,4201,30.12588852787379,48.4157833609785
ZAINA-679-D_007_jpg.rf.34de0be2ff800849eeb730bc4890f94f_r1c2.jpg,FP,13,-1,0.0,0,12791,0.0,147.41401689366245
ZAINA-679-D_007_jpg.rf.34de0be2ff800849eeb730bc4890f94f_r1c2.jpg,FP,18,-1,0.0,0,2458,0.0,28.328016067908866
ZAINA-679-D_007_jpg.rf.34de0be2ff800849eeb730bc4890f94f_r1c2.jpg,FP,22,-1,0.0,0,2717,0.0,31.312945344389092
ZAINA-679-D_007_jpg.rf.34de0be2ff800849eeb730bc4890f94f_r1c2.jpg,FP,23,-1,0.0,0,2625,0.0,30.252661585948243
ZAINA-679-D_007_jpg.rf.34de0be2ff800849eeb730bc4890f94f_r1c2.jpg,FN,-1,0,0.0,2481,0,28.59308700751908,0.0
ZAINA-679-D_007_jpg.rf.34de0be2ff800849eeb730bc4890f94f_r1c2.jpg,FN,-1,4,0.0,16145,0,186.06827478290833,0.0
ZAINA-679-D_007_jpg.rf.34de0be2ff800849eeb730bc4890f94f_r1c2.jpg,FN,-1,6,0.0,14685,0,169.24203252939046,0.0
ZAINA-679-D_007_jpg.rf.34de0be2ff800849eeb730bc4890f94f_r1c2.jpg,FN,-1,7,0.0,7858,0,90.56206275900239,0.0
ZAINA-679-D_007_jpg.rf.34de0be2ff800849eeb730bc4890f94f_r1c2.jpg,FN,-1,10,0.0,16661,0,192.01508368894616,0.0
ZAINA-679-D_007_jpg.rf.34de0be2ff800849eeb730bc4890f94f_r1c2.jpg,FN,-1,12,0.0,3532,0,40.705676465359694,0.0
ZAINA-679-D_007_jpg.rf.34de0be2ff800849eeb730bc4890f94f_r1c2.jpg,FN,-1,13,0.0,11455,0,132.01685274934746,0.0
ZAINA-679-D_007_jpg.rf.34de0be2ff800849eeb730bc4890f94f_r1c2.jpg,FN,-1,16,0.0,400,0,4.609929384525446,0.0
ZAINA-679-D_007_jpg.rf.34de0be2ff800849eeb730bc4890f94f_r1c2.jpg,FN,-1,17,0.0,4896,0,56.425535666591465,0.0
ZAINA-679-D_007_jpg.rf.34de0be2ff800849eeb730bc4890f94f_r1c2.jpg,FN,-1,20,0.0,7362,0,84.84575032219084,0.0
ZAINA-679-D_007_jpg.rf.34de0be2ff800849eeb730bc4890f94f_r1c2.jpg,FN,-1,25,0.0,7016,0,80.85816140457632,0.0
ZAINA-679-D_007_jpg.rf.34de0be2ff800849eeb730bc4890f94f_r1c2.jpg,FN,-1,27,0.0,28507,0,328.53814241166725,0.0
ZAINA-679-D_007_jpg.rf.34de0be2ff800849eeb730bc4890f94f_r1c2.jpg,FN,-1,30,0.0,15063,0,173.598415797767,0.0
ZAINA-679-D_007_jpg.rf.34de0be2ff800849eeb730bc4890f94f_r1c2.jpg,FN,-1,32,0.0,3547,0,40.878548817279395,0.0
ZAINA-679-D_007_jpg.rf.34de0be2ff800849eeb730bc4890f94f_r1c2.jpg,FN,-1,33,0.0,9992,0,115.15603602544564,0.0
ZAINA-679-D_007_jpg.rf.34de0be2ff800849eeb730bc4890f94f_r1c2.jpg,FN,-1,34,0.0,7625,0,87.87677889251633,0.0
ZAINA-679-D_007_jpg.rf.34de0be2ff800849eeb730bc4890f94f_r2c0.jpg,TP,3,7,0.8760355475222172,6275,6180,72.31826721974294,71.22340899091814
ZAINA-679-D_007_jpg.rf.34de0be2ff800849eeb730bc4890f94f_r2c0.jpg,TP,0,14,0.8366252821670429,3044,3465,35.08156261623865,39.93351329345168
ZAINA-679-D_007_jpg.rf.34de0be2ff800849eeb730bc4890f94f_r2c0.jpg,TP,5,11,0.8309859154929577,4189,4391,48.27748547944274,50.60549981862809
ZAINA-679-D_007_jpg.rf.34de0be2ff800849eeb730bc4890f94f_r2c0.jpg,TP,2,8,0.8100035984166967,2312,2718,26.64539184255708,31.324470167850407
ZAINA-679-D_007_jpg.rf.34de0be2ff800849eeb730bc4890f94f_r2c0.jpg,TP,8,24,0.8044047099869167,4303,3972,49.59131535403249,45.77659878833768
ZAINA-679-D_007_jpg.rf.34de0be2ff800849eeb730bc4890f94f_r2c0.jpg,TP,1,1,0.7929920477137177,3369,3846,38.82713024116557,44.324471032212166
ZAINA-679-D_007_jpg.rf.34de0be2ff800849eeb730bc4890f94f_r2c0.jpg,TP,4,10,0.714329643296433,2323,3252,26.77216490063153,37.478725896191875
ZAINA-679-D_007_jpg.rf.34de0be2ff800849eeb730bc4890f94f_r2c0.jpg,TP,6,4,0.6326427488630622,3901,2561,44.958336322584415,29.51507288442417
ZAINA-679-D_007_jpg.rf.34de0be2ff800849eeb730bc4890f94f_r2c0.jpg,FP,7,-1,0.0,0,2978,0.0,34.320924267791945
ZAINA-679-D_007_jpg.rf.34de0be2ff800849eeb730bc4890f94f_r2c0.jpg,FN,-1,0,0.0,6816,0,78.5531967123136,0.0
ZAINA-679-D_007_jpg.rf.34de0be2ff800849eeb730bc4890f94f_r2c0.jpg,FN,-1,2,0.0,3354,0,38.65425788924587,0.0
ZAINA-679-D_007_jpg.rf.34de0be2ff800849eeb730bc4890f94f_r2c0.jpg,FN,-1,3,0.0,5309,0,61.185287756113986,0.0
ZAINA-679-D_007_jpg.rf.34de0be2ff800849eeb730bc4890f94f_r2c0.jpg,FN,-1,5,0.0,2514,0,28.97340618174243,0.0
ZAINA-679-D_007_jpg.rf.34de0be2ff800849eeb730bc4890f94f_r2c0.jpg,FN,-1,6,0.0,6782,0,78.16135271462895,0.0
ZAINA-679-D_007_jpg.rf.34de0be2ff800849eeb730bc4890f94f_r2c0.jpg,FN,-1,9,0.0,1917,0,22.0930865753382,0.0
ZAINA-679-D_007_jpg.rf.34de0be2ff800849eeb730bc4890f94f_r2c0.jpg,FN,-1,12,0.0,1962,0,22.611703631097313,0.0
ZAINA-679-D_007_jpg.rf.34de0be2ff800849eeb730bc4890f94f_r2c0.jpg,FN,-1,13,0.0,5494,0,63.31738009645701,0.0
ZAINA-679-D_007_jpg.rf.34de0be2ff800849eeb730bc4890f94f_r2c0.jpg,FN,-1,15,0.0,2979,0,34.33244909125326,0.0
ZAINA-679-D_007_jpg.rf.34de0be2ff800849eeb730bc4890f94f_r2c0.jpg,FN,-1,16,0.0,1987,0,22.899824217630155,0.0
ZAINA-679-D_007_jpg.rf.34de0be2ff800849eeb730bc4890f94f_r2c0.jpg,FN,-1,17,0.0,2035,0,23.453015743773207,0.0
ZAINA-679-D_007_jpg.rf.34de0be2ff800849eeb730bc4890f94f_r2c0.jpg,FN,-1,18,0.0,2977,0,34.30939944433064,0.0
ZAINA-679-D_007_jpg.rf.34de0be2ff800849eeb730bc4890f94f_r2c0.jpg,FN,-1,19,0.0,4704,0,54.21276956201925,0.0
ZAINA-679-D_007_jpg.rf.34de0be2ff800849eeb730bc4890f94f_r2c0.jpg,FN,-1,20,0.0,4100,0,47.25177619138582,0.0
ZAINA-679-D_007_jpg.rf.34de0be2ff800849eeb730bc4890f94f_r2c0.jpg,FN,-1,21,0.0,1269,0,14.625000972406978,0.0
ZAINA-679-D_007_jpg.rf.34de0be2ff800849eeb730bc4890f94f_r2c0.jpg,FN,-1,22,0.0,18508,0,213.3014326219924,0.0
ZAINA-679-D_007_jpg.rf.34de0be2ff800849eeb730bc4890f94f_r2c0.jpg,FN,-1,23,0.0,6417,0,73.95479215124948,0.0
ZAINA-679-D_007_jpg.rf.34de0be2ff800849eeb730bc4890f94f_r2c0.jpg,FN,-1,25,0.0,3087,0,35.577130025075135,0.0
ZAINA-679-D_007_jpg.rf.34de0be2ff800849eeb730bc4890f94f_r2c0.jpg,FN,-1,26,0.0,4336,0,49.97163452825584,0.0
ZAINA-679-D_007_jpg.rf.34de0be2ff800849eeb730bc4890f94f_r2c0.jpg,FN,-1,27,0.0,2701,0,31.128548169008077,0.0
ZAINA-679-D_007_jpg.rf.34de0be2ff800849eeb730bc4890f94f_r2c0.jpg,FN,-1,28,0.0,1952,0,22.49645539648418,0.0
ZAINA-679-D_007_jpg.rf.34de0be2ff800849eeb730bc4890f94f_r2c0.jpg,FN,-1,29,0.0,2092,0,24.109930681068086,0.0
ZAINA-679-D_007_jpg.rf.34de0be2ff800849eeb730bc4890f94f_r2c0.jpg,FN,-1,30,0.0,4237,0,48.83067700558579,0.0
ZAINA-679-D_007_jpg.rf.34de0be2ff800849eeb730bc4890f94f_r2c0.jpg,FN,-1,31,0.0,8626,0,99.41312717729124,0.0
ZAINA-679-D_007_jpg.rf.34de0be2ff800849eeb730bc4890f94f_r2c0.jpg,FN,-1,32,0.0,4308,0,49.648939471339055,0.0
ZAINA-679-D_007_jpg.rf.34de0be2ff800849eeb730bc4890f94f_r2c0.jpg,FN,-1,33,0.0,4209,0,48.507981948669006,0.0
ZAINA-679-D_007_jpg.rf.34de0be2ff800849eeb730bc4890f94f_r2c1.jpg,TP,1,27,0.927742241175077,8013,8261,92.34841039550601,95.20656661391178
ZAINA-679-D_007_jpg.rf.34de0be2ff800849eeb730bc4890f94f_r2c1.jpg,TP,18,19,0.9264146155798021,7606,7578,87.65780724675136,87.33511218983458
ZAINA-679-D_007_jpg.rf.34de0be2ff800849eeb730bc4890f94f_r2c1.jpg,TP,0,10,0.9039985258890731,4940,5393,56.932627898889265,62.15337292686433
ZAINA-679-D_007_jpg.rf.34de0be2ff800849eeb730bc4890f94f_r2c1.jpg,TP,5,6,0.8644186863364945,2521,2787,29.054079945971626,32.11968298668105
ZAINA-679-D_007_jpg.rf.34de0be2ff800849eeb730bc4890f94f_r2c1.jpg,TP,14,13,0.8156602847324497,3630,3767,41.83510916456842,43.41400997876839
ZAINA-679-D_007_jpg.rf.34de0be2ff800849eeb730bc4890f94f_r2c1.jpg,TP,10,12,0.8043775649794802,8879,10906,102.3289075130036,125.68972466908629
ZAINA-679-D_007_jpg.rf.34de0be2ff800849eeb730bc4890f94f_r2c1.jpg,TP,16,28,0.801320272572402,3771,4688,43.46010927261364,54.02837238663823
ZAINA-679-D_007_jpg.rf.34de0be2ff800849eeb730bc4890f94f_r2c1.jpg,TP,4,34,0.792427764862172,2825,2572,32.55762627821097,29.64184594249862
ZAINA-679-D_007_jpg.rf.34de0be2ff800849eeb730bc4890f94f_r2c1.jpg,TP,3,23,0.7802628253727572,7783,6306,89.69770099940388,72.67553674704367
ZAINA-679-D_007_jpg.rf.34de0be2ff800849eeb730bc4890f94f_r2c1.jpg,TP,9,22,0.7715891670924885,4560,5841,52.55319498359009,67.31649383753283
ZAINA-679-D_007_jpg.rf.34de0be2ff800849eeb730bc4890f94f_r2c1.jpg,TP,8,40,0.7527751347922613,4766,6287,54.92730861662069,72.4565651012787
ZAINA-679-D_007_jpg.rf.34de0be2ff800849eeb730bc4890f94f_r2c1.jpg,TP,6,17,0.7488667271078876,10439,8851,120.30763211265284,102.00621245608681
ZAINA-679-D_007_jpg.rf.34de0be2ff800849eeb730bc4890f94f_r2c1.jpg,TP,7,37,0.7278513238289206,3643,3144,41.9849318695655,36.23404496237001
ZAINA-679-D_007_jpg.rf.34de0be2ff800849eeb730bc4890f94f_r2c1.jpg,TP,13,42,0.657556270096463,2409,1715,27.763299718304502,19.76507223615285
ZAINA-679-D_007_jpg.rf.34de0be2ff800849eeb730bc4890f94f_r2c1.jpg,TP,17,36,0.6402138157894737,2412,1577,27.797874188688443,18.174646598491574
ZAINA-679-D_007_jpg.rf.34de0be2ff800849eeb730bc4890f94f_r2c1.jpg,TP,12,24,0.5974882260596547,1903,3185,21.931739046879812,36.70656272428386
ZAINA-679-D_007_jpg.rf.34de0be2ff800849eeb730bc4890f94f_r2c1.jpg,TP,15,43,0.5800701344243133,3229,2178,37.213654956581664,25.101065498741054
ZAINA-679-D_007_jpg.rf.34de0be2ff800849eeb730bc4890f94f_r2c1.jpg,FP,2,-1,0.0,0,15882,0.0,183.03724621258286
ZAINA-679-D_007_jpg.rf.34de0be2ff800849eeb730bc4890f94f_r2c1.jpg,FP,11,-1,0.0,0,4814,0.0,55.480500142763745
ZAINA-679-D_007_jpg.rf.34de0be2ff800849eeb730bc4890f94f_r2c1.jpg,FN,-1,0,0.0,4482,0,51.65425875360763,0.0
ZAINA-679-D_007_jpg.rf.34de0be2ff800849eeb730bc4890f94f_r2c1.jpg,FN,-1,1,0.0,6595,0,76.0062107273633,0.0
ZAINA-679-D_007_jpg.rf.34de0be2ff800849eeb730bc4890f94f_r2c1.jpg,FN,-1,2,0.0,9498,0,109.46277323555672,0.0
ZAINA-679-D_007_jpg.rf.34de0be2ff800849eeb730bc4890f94f_r2c1.jpg,FN,-1,3,0.0,4022,0,46.35283996140336,0.0
ZAINA-679-D_007_jpg.rf.34de0be2ff800849eeb730bc4890f94f_r2c1.jpg,FN,-1,4,0.0,3735,0,43.04521562800635,0.0
ZAINA-679-D_007_jpg.rf.34de0be2ff800849eeb730bc4890f94f_r2c1.jpg,FN,-1,5,0.0,2124,0,24.47872503183012,0.0
ZAINA-679-D_007_jpg.rf.34de0be2ff800849eeb730bc4890f94f_r2c1.jpg,FN,-1,7,0.0,19535,0,225.1374263167615,0.0
ZAINA-679-D_007_jpg.rf.34de0be2ff800849eeb730bc4890f94f_r2c1.jpg,FN,-1,8,0.0,2567,0,29.584221825192053,0.0
ZAINA-679-D_007_jpg.rf.34de0be2ff800849eeb730bc4890f94f_r2c1.jpg,FN,-1,9,0.0,2485,0,28.639186301364337,0.0
ZAINA-679-D_007_jpg.rf.34de0be2ff800849eeb730bc4890f94f_r2c1.jpg,FN,-1,11,0.0,3087,0,35.577130025075135,0.0
ZAINA-679-D_007_jpg.rf.34de0be2ff800849eeb730bc4890f94f_r2c1.jpg,FN,-1,14,0.0,2524,0,29.088654416355567,0.0
ZAINA-679-D_007_jpg.rf.34de0be2ff800849eeb730bc4890f94f_r2c1.jpg,FN,-1,15,0.0,17214,0,198.38831106305258,0.0
ZAINA-679-D_007_jpg.rf.34de0be2ff800849eeb730bc4890f94f_r2c1.jpg,FN,-1,16,0.0,3328,0,38.35461247925171,0.0
ZAINA-679-D_007_jpg.rf.34de0be2ff800849eeb730bc4890f94f_r2c1.jpg,FN,-1,18,0.0,6026,0,69.44858617787585,0.0
ZAINA-679-D_007_jpg.rf.34de0be2ff800849eeb730bc4890f94f_r2c1.jpg,FN,-1,20,0.0,3146,0,36.257094609292636,0.0
ZAINA-679-D_007_jpg.rf.34de0be2ff800849eeb730bc4890f94f_r2c1.jpg,FN,-1,21,0.0,1808,0,20.83688081805502,0.0
ZAINA-679-D_007_jpg.rf.34de0be2ff800849eeb730bc4890f94f_r2c1.jpg,FN,-1,25,0.0,3107,0,35.8076264943014,0.0
ZAINA-679-D_007_jpg.rf.34de0be2ff800849eeb730bc4890f94f_r2c1.jpg,FN,-1,26,0.0,3369,0,38.82713024116557,0.0
ZAINA-679-D_007_jpg.rf.34de0be2ff800849eeb730bc4890f94f_r2c1.jpg,FN,-1,29,0.0,8721,0,100.50798540611605,0.0
ZAINA-679-D_007_jpg.rf.34de0be2ff800849eeb730bc4890f94f_r2c1.jpg,FN,-1,30,0.0,7516,0,86.62057313523313,0.0
ZAINA-679-D_007_jpg.rf.34de0be2ff800849eeb730bc4890f94f_r2c1.jpg,FN,-1,31,0.0,7288,0,83.99291338605363,0.0
ZAINA-679-D_007_jpg.rf.34de0be2ff800849eeb730bc4890f94f_r2c1.jpg,FN,-1,32,0.0,2254,0,25.97695208180089,0.0
ZAINA-679-D_007_jpg.rf.34de0be2ff800849eeb730bc4890f94f_r2c1.jpg,FN,-1,33,0.0,3008,0,34.66666897163135,0.0
ZAINA-679-D_007_jpg.rf.34de0be2ff800849eeb730bc4890f94f_r2c1.jpg,FN,-1,35,0.0,2365,0,27.2562074860067,0.0
ZAINA-679-D_007_jpg.rf.34de0be2ff800849eeb730bc4890f94f_r2c1.jpg,FN,-1,38,0.0,4168,0,48.03546418675515,0.0
ZAINA-679-D_007_jpg.rf.34de0be2ff800849eeb730bc4890f94f_r2c1.jpg,FN,-1,39,0.0,2685,0,30.94415099362706,0.0
ZAINA-679-D_007_jpg.rf.34de0be2ff800849eeb730bc4890f94f_r2c1.jpg,FN,-1,41,0.0,5487,0,63.23670633222781,0.0
ZAINA-679-D_007_jpg.rf.34de0be2ff800849eeb730bc4890f94f_r2c1.jpg,FN,-1,44,0.0,2988,0,34.436172502405086,0.0
ZAINA-679-D_007_jpg.rf.34de0be2ff800849eeb730bc4890f94f_r2c1.jpg,FN,-1,45,0.0,5180,0,59.69858552960453,0.0
ZAINA-679-D_007_jpg.rf.34de0be2ff800849eeb730bc4890f94f_r2c1.jpg,FN,-1,46,0.0,3483,0,40.14096011575533,0.0
ZAINA-679-D_007_jpg.rf.34de0be2ff800849eeb730bc4890f94f_r2c1.jpg,FN,-1,47,0.0,3120,0,35.95744919929848,0.0
ZAINA-679-D_007_jpg.rf.34de0be2ff800849eeb730bc4890f94f_r2c1.jpg,FN,-1,48,0.0,3378,0,38.930853652317396,0.0
ZAINA-679-D_007_jpg.rf.34de0be2ff800849eeb730bc4890f94f_r2c1.jpg,FN,-1,49,0.0,2622,0,30.218087115564302,0.0
ZAINA-679-D_007_jpg.rf.34de0be2ff800849eeb730bc4890f94f_r2c2.jpg,TP,0,11,0.9405788177339901,6295,6311,72.54876368896922,72.73316086435022
ZAINA-679-D_007_jpg.rf.34de0be2ff800849eeb730bc4890f94f_r2c2.jpg,TP,12,23,0.9116548149933711,7656,8205,88.23404841981704,94.56117650007822
ZAINA-679-D_007_jpg.rf.34de0be2ff800849eeb730bc4890f94f_r2c2.jpg,TP,4,15,0.9111990950226244,3278,3480,37.77837130618603,40.10638564537138
ZAINA-679-D_007_jpg.rf.34de0be2ff800849eeb730bc4890f94f_r2c2.jpg,TP,3,16,0.9090781927542314,6530,7118,75.2570972023779,82.03369339763032
ZAINA-679-D_007_jpg.rf.34de0be2ff800849eeb730bc4890f94f_r2c2.jpg,TP,7,18,0.8881606765327695,4501,4430,51.87323039937259,51.05496793361932
ZAINA-679-D_007_jpg.rf.34de0be2ff800849eeb730bc4890f94f_r2c2.jpg,TP,8,9,0.8852659692855553,16274,17608,187.5549770094178,202.92909150681015
ZAINA-679-D_007_jpg.rf.34de0be2ff800849eeb730bc4890f94f_r2c2.jpg,TP,9,25,0.8722308088614117,5648,5254,65.0922029094993,60.55142246574174
ZAINA-679-D_007_jpg.rf.34de0be2ff800849eeb730bc4890f94f_r2c2.jpg,TP,14,1,0.842436974789916,3282,2857,37.82447060003129,32.926420628973
ZAINA-679-D_007_jpg.rf.34de0be2ff800849eeb730bc4890f94f_r2c2.jpg,TP,2,19,0.8353878040798517,7784,9041,89.70922582286518,104.1959289137364
ZAINA-679-D_007_jpg.rf.34de0be2ff800849eeb730bc4890f94f_r2c2.jpg,TP,10,17,0.8036379260956746,6743,5850,77.71188459963771,67.42021724868465
ZAINA-679-D_007_jpg.rf.34de0be2ff800849eeb730bc4890f94f_r2c2.jpg,TP,11,10,0.7742376856919468,5082,3995,58.569152830395794,46.0416697279479
ZAINA-679-D_007_jpg.rf.34de0be2ff800849eeb730bc4890f94f_r2c2.jpg,TP,1,2,0.7571653543307086,2523,3056,29.077129592894252,35.21986049777441
ZAINA-679-D_007_jpg.rf.34de0be2ff800849eeb730bc4890f94f_r2c2.jpg,TP,13,13,0.6827456864216054,13078,9353,150.72164122705948,107.79167383366625
ZAINA-679-D_007_jpg.rf.34de0be2ff800849eeb730bc4890f94f_r2c2.jpg,TP,6,26,0.6736100924160188,6649,4760,76.62855119427424,54.85815967585281
ZAINA-679-D_007_jpg.rf.34de0be2ff800849eeb730bc4890f94f_r2c2.jpg,TP,5,12,0.5539807524059492,5674,3207,65.39184831949346,36.96010884043277
ZAINA-679-D_007_jpg.rf.34de0be2ff800849eeb730bc4890f94f_r2c2.jpg,FN,-1,0,0.0,7981,0,91.97961604474396,0.0
ZAINA-679-D_007_jpg.rf.34de0be2ff800849eeb730bc4890f94f_r2c2.jpg,FN,-1,3,0.0,4375,0,50.42110264324707,0.0
ZAINA-679-D_007_jpg.rf.34de0be2ff800849eeb730bc4890f94f_r2c2.jpg,FN,-1,4,0.0,6522,0,75.1648986146874,0.0
ZAINA-679-D_007_jpg.rf.34de0be2ff800849eeb730bc4890f94f_r2c2.jpg,FN,-1,5,0.0,6606,0,76.13298378543774,0.0
ZAINA-679-D_007_jpg.rf.34de0be2ff800849eeb730bc4890f94f_r2c2.jpg,FN,-1,6,0.0,12553,0,144.67110890986982,0.0
ZAINA-679-D_007_jpg.rf.34de0be2ff800849eeb730bc4890f94f_r2c2.jpg,FN,-1,7,0.0,12295,0,141.69770445685091,0.0
ZAINA-679-D_007_jpg.rf.34de0be2ff800849eeb730bc4890f94f_r2c2.jpg,FN,-1,8,0.0,20409,0,235.2101220219496,0.0
ZAINA-679-D_007_jpg.rf.34de0be2ff800849eeb730bc4890f94f_r2c2.jpg,FN,-1,14,0.0,1974,0,22.750001512633077,0.0
ZAINA-679-D_007_jpg.rf.34de0be2ff800849eeb730bc4890f94f_r2c2.jpg,FN,-1,20,0.0,3413,0,39.33422247346337,0.0
ZAINA-679-D_007_jpg.rf.34de0be2ff800849eeb730bc4890f94f_r2c2.jpg,FN,-1,21,0.0,3599,0,41.47783963726771,0.0
ZAINA-679-D_007_jpg.rf.34de0be2ff800849eeb730bc4890f94f_r2c2.jpg,FN,-1,22,0.0,4287,0,49.40691817865147,0.0
ZAINA-679-D_007_jpg.rf.34de0be2ff800849eeb730bc4890f94f_r2c2.jpg,FN,-1,24,0.0,14710,0,169.5301531159233,0.0
ZAINA-679-D_007_jpg.rf.34de0be2ff800849eeb730bc4890f94f_r2c2.jpg,FN,-1,27,0.0,7679,0,88.49911935942725,0.0
ZAINA-679-D_007_jpg.rf.34de0be2ff800849eeb730bc4890f94f_r2c2.jpg,FN,-1,28,0.0,3694,0,42.5726978660925,0.0
ZAINA-679-D_007_jpg.rf.34de0be2ff800849eeb730bc4890f94f_r2c2.jpg,FN,-1,29,0.0,7469,0,86.07890643255139,0.0
ZAINA-679-D_007_jpg.rf.34de0be2ff800849eeb730bc4890f94f_r2c2.jpg,FN,-1,30,0.0,2294,0,26.437945020253434,0.0
ZAINA-679-D_011_jpg.rf.ad543589609cac000708358c39701f62_r0c0.jpg,TP,5,11,0.9331963001027749,5698,5588,65.66844408256499,64.40071350182049
ZAINA-679-D_011_jpg.rf.ad543589609cac000708358c39701f62_r0c0.jpg,TP,0,2,0.8741772151898735,3462,3941,39.89893882306774,45.41932926103696
ZAINA-679-D_011_jpg.rf.ad543589609cac000708358c39701f62_r0c0.jpg,TP,12,19,0.8705234159779615,3919,3550,45.16578314488806,40.91312328766334
ZAINA-679-D_011_jpg.rf.ad543589609cac000708358c39701f62_r0c0.jpg,TP,8,18,0.8652340496418457,5906,5291,68.06560736251822,60.97784093381034
ZAINA-679-D_011_jpg.rf.ad543589609cac000708358c39701f62_r0c0.jpg,TP,10,7,0.8620689655172413,1650,1914,19.015958711167467,22.05851210495426
ZAINA-679-D_011_jpg.rf.ad543589609cac000708358c39701f62_r0c0.jpg,TP,2,0,0.8608419940109212,4900,5664,56.47163496043672,65.27660008488031
ZAINA-679-D_011_jpg.rf.ad543589609cac000708358c39701f62_r0c0.jpg,TP,11,17,0.8465242881072027,4169,4650,48.046989010216464,53.59042909510831
ZAINA-679-D_011_jpg.rf.ad543589609cac000708358c39701f62_r0c0.jpg,TP,3,1,0.8293775190326914,3705,4465,42.699470924166945,51.45833675476529
ZAINA-679-D_011_jpg.rf.ad543589609cac000708358c39701f62_r0c0.jpg,TP,6,8,0.82375,2650,3186,30.54078217248108,36.71808754774518
ZAINA-679-D_011_jpg.rf.ad543589609cac000708358c39701f62_r0c0.jpg,TP,4,12,0.8226214574898786,3260,3943,37.570924483882386,45.442378907959586
ZAINA-679-D_011_jpg.rf.ad543589609cac000708358c39701f62_r0c0.jpg,TP,1,13,0.8115419296663661,3617,4419,41.68528645957135,50.92819487554487
ZAINA-679-D_011_jpg.rf.ad543589609cac000708358c39701f62_r0c0.jpg,TP,9,9,0.7823376623376623,1512,1919,17.425533073506188,22.116136222260828
ZAINA-679-D_011_jpg.rf.ad543589609cac000708358c39701f62_r0c0.jpg,TP,7,14,0.7629327902240326,1887,2441,21.747341871498794,28.132094069066536
ZAINA-679-D_011_jpg.rf.ad543589609cac000708358c39701f62_r0c0.jpg,TP,13,15,0.7357406647517439,1793,2437,20.664008466135314,28.08599477522128
ZAINA-679-D_011_jpg.rf.ad543589609cac000708358c39701f62_r0c0.jpg,TP,17,20,0.7135371179039302,1701,2223,19.60372470769446,25.61968255450017
ZAINA-679-D_011_jpg.rf.ad543589609cac000708358c39701f62_r0c0.jpg,FP,14,-1,0.0,0,905,0.0,10.429965232488822
ZAINA-679-D_011_jpg.rf.ad543589609cac000708358c39701f62_r0c0.jpg,FP,15,-1,0.0,0,14533,0.0,167.49025936327078
ZAINA-679-D_011_jpg.rf.ad543589609cac000708358c39701f62_r0c0.jpg,FP,16,-1,0.0,0,5458,0.0,62.90248645184972
ZAINA-679-D_011_jpg.rf.ad543589609cac000708358c39701f62_r0c0.jpg,FN,-1,3,0.0,5651,0,65.12677737988324,0.0
ZAINA-679-D_011_jpg.rf.ad543589609cac000708358c39701f62_r0c0.jpg,FN,-1,4,0.0,2668,0,30.74822899478473,0.0
ZAINA-679-D_011_jpg.rf.ad543589609cac000708358c39701f62_r0c0.jpg,FN,-1,5,0.0,1586,0,18.278370009643396,0.0
ZAINA-679-D_011_jpg.rf.ad543589609cac000708358c39701f62_r0c0.jpg,FN,-1,6,0.0,4837,0,55.74557108237396,0.0
ZAINA-679-D_011_jpg.rf.ad543589609cac000708358c39701f62_r0c0.jpg,FN,-1,10,0.0,1577,0,18.174646598491574,0.0
ZAINA-679-D_011_jpg.rf.ad543589609cac000708358c39701f62_r0c0.jpg,FN,-1,16,0.0,1869,0,21.53989504919515,0.0
ZAINA-679-D_011_jpg.rf.ad543589609cac000708358c39701f62_r0c0.jpg,FN,-1,21,0.0,8706,0,100.33511305419634,0.0
ZAINA-679-D_011_jpg.rf.ad543589609cac000708358c39701f62_r0c0.jpg,FN,-1,22,0.0,511,0,5.889184788731257,0.0
ZAINA-679-D_011_jpg.rf.ad543589609cac000708358c39701f62_r0c1.jpg,TP,2,6,0.9389969005353621,6901,6862,79.53280670652526,79.08333859153403
ZAINA-679-D_011_jpg.rf.ad543589609cac000708358c39701f62_r0c1.jpg,TP,0,4,0.9356470707275119,9286,9844,107.01951066175823,113.45036215317123
ZAINA-679-D_011_jpg.rf.ad543589609cac000708358c39701f62_r0c1.jpg,TP,1,7,0.8685405027932961,5009,5694,57.7278407177199,65.62234478871973
ZAINA-679-D_011_jpg.rf.ad543589609cac000708358c39701f62_r0c1.jpg,TP,4,5,0.8583294877711122,1865,2162,21.493795755349893,24.91666832336004
ZAINA-679-D_011_jpg.rf.ad543589609cac000708358c39701f62_r0c1.jpg,TP,6,8,0.8387178192831903,3336,3949,38.446811066942224,45.51152784872747
ZAINA-679-D_011_jpg.rf.ad543589609cac000708358c39701f62_r0c1.jpg,TP,3,9,0.8319761668321748,4202,5022,48.427308184439816,57.87766342271698
ZAINA-679-D_011_jpg.rf.ad543589609cac000708358c39701f62_r0c1.jpg,TP,7,0,0.7191263620722615,15070,20901,173.6790895619962,240.8803351649159
ZAINA-679-D_011_jpg.rf.ad543589609cac000708358c39701f62_r0c1.jpg,TP,5,3,0.5082322357019065,1210,2271,13.945036388189475,26.172874080643222
ZAINA-679-D_011_jpg.rf.ad543589609cac000708358c39701f62_r0c1.jpg,TP,8,1,0.5041132580830304,2635,5227,30.367909820561376,60.24025223228627
ZAINA-679-D_011_jpg.rf.ad543589609cac000708358c39701f62_r0c1.jpg,FN,-1,2,0.0,2050,0,23.62588809569291,0.0
ZAINA-679-D_011_jpg.rf.ad543589609cac000708358c39701f62_r0c1.jpg,FN,-1,10,0.0,1570,0,18.093972834262377,0.0
ZAINA-679-D_011_jpg.rf.ad543589609cac000708358c39701f62_r0c1.jpg,FN,-1,11,0.0,690,0,7.952128188306395,0.0
ZAINA-679-D_011_jpg.rf.ad543589609cac000708358c39701f62_r0c2.jpg,TP,3,19,0.9294454155410774,5968,6174,68.78014641711965,71.15426005015027
ZAINA-679-D_011_jpg.rf.ad543589609cac000708358c39701f62_r0c2.jpg,TP,14,16,0.9256441717791412,7632,8062,87.95745265674552,92.91312674511038
ZAINA-679-D_011_jpg.rf.ad543589609cac000708358c39701f62_r0c2.jpg,TP,0,3,0.9041916167664671,4701,5157,54.17819509163531,59.43351458999432
ZAINA-679-D_011_jpg.rf.ad543589609cac000708358c39701f62_r0c2.jpg,TP,6,20,0.9035546982639846,9961,10763,114.79876649814493,124.04167491411845
ZAINA-679-D_011_jpg.rf.ad543589609cac000708358c39701f62_r0c2.jpg,TP,7,17,0.8440818440818441,6559,7681,75.591317082756,88.52216900634988
ZAINA-679-D_011_jpg.rf.ad543589609cac000708358c39701f62_r0c2.jpg,TP,4,5,0.8388594164456233,22614,21754,260.6223577541461,250.7110095774164
ZAINA-679-D_011_jpg.rf.ad543589609cac000708358c39701f62_r0c2.jpg,TP,2,8,0.8144695960940967,3694,4482,42.5726978660925,51.65425875360763
ZAINA-679-D_011_jpg.rf.ad543589609cac000708358c39701f62_r0c2.jpg,TP,8,31,0.8118485428632206,9402,7633,108.35639018327062,87.96897748020683
ZAINA-679-D_011_jpg.rf.ad543589609cac000708358c39701f62_r0c2.jpg,TP,13,11,0.8045299410487123,5186,6446,59.76773447037241,74.28901203162756
ZAINA-679-D_011_jpg.rf.ad543589609cac000708358c39701f62_r0c2.jpg,TP,9,2,0.7915986599089425,9219,11637,106.24734748985023,134.11437061930656
ZAINA-679-D_011_jpg.rf.ad543589609cac000708358c39701f62_r0c2.jpg,TP,12,7,0.7850888166124593,3138,3997,36.164896021602125,46.06471937487052
ZAINA-679-D_011_jpg.rf.ad543589609cac000708358c39701f62_r0c2.jpg,TP,11,9,0.7702276707530648,2207,2847,25.43528537911915,32.811172394359865
ZAINA-679-D_011_jpg.rf.ad543589609cac000708358c39701f62_r0c2.jpg,TP,1,4,0.7461238552905975,8229,11029,94.83777226314974,127.10727795482786
ZAINA-679-D_011_jpg.rf.ad543589609cac000708358c39701f62_r0c2.jpg,TP,17,12,0.7228464419475655,1004,1296,11.57092275515887,14.936171205862447
ZAINA-679-D_011_jpg.rf.ad543589609cac000708358c39701f62_r0c2.jpg,TP,19,14,0.704424368774612,3061,4297,35.27748461508098,49.52216641326461
ZAINA-679-D_011_jpg.rf.ad543589609cac000708358c39701f62_r0c2.jpg,TP,18,10,0.6010518407212622,800,1331,9.219858769050893,15.339540027008423
ZAINA-679-D_011_jpg.rf.ad543589609cac000708358c39701f62_r0c2.jpg,TP,15,6,0.5770833333333333,1939,3360,22.346632691487102,38.72340683001375
ZAINA-679-D_011_jpg.rf.ad543589609cac000708358c39701f62_r0c2.jpg,TP,5,13,0.5511767925561029,2014,3654,23.21099445108562,42.111704927639956
ZAINA-679-D_011_jpg.rf.ad543589609cac000708358c39701f62_r0c2.jpg,TP,10,18,0.5259838841527502,4639,8428,53.463656037033864,97.13121213195116
ZAINA-679-D_011_jpg.rf.ad543589609cac000708358c39701f62_r0c2.jpg,TP,21,15,0.5210696920583469,643,1234,7.410461485624655,14.221632151261002
ZAINA-679-D_011_jpg.rf.ad543589609cac000708358c39701f62_r0c2.jpg,FP,16,-1,0.0,0,7002,0.0,80.69681387611794
ZAINA-679-D_011_jpg.rf.ad543589609cac000708358c39701f62_r0c2.jpg,FP,20,-1,0.0,0,14189,0.0,163.5257200925789
ZAINA-679-D_011_jpg.rf.ad543589609cac000708358c39701f62_r0c2.jpg,FP,22,-1,0.0,0,4842,0.0,55.80319519968053
ZAINA-679-D_011_jpg.rf.ad543589609cac000708358c39701f62_r0c2.jpg,FN,-1,0,0.0,2620,0,30.195037468641672,0.0
ZAINA-679-D_011_jpg.rf.ad543589609cac000708358c39701f62_r0c2.jpg,FN,-1,1,0.0,6037,0,69.5753592359503,0.0
ZAINA-679-D_011_jpg.rf.ad543589609cac000708358c39701f62_r0c2.jpg,FN,-1,21,0.0,626,0,7.214539486782323,0.0
ZAINA-679-D_011_jpg.rf.ad543589609cac000708358c39701f62_r0c2.jpg,FN,-1,22,0.0,4438,0,51.14716652130983,0.0
ZAINA-679-D_011_jpg.rf.ad543589609cac000708358c39701f62_r0c2.jpg,FN,-1,23,0.0,4660,0,53.705677329721446,0.0
ZAINA-679-D_011_jpg.rf.ad543589609cac000708358c39701f62_r0c2.jpg,FN,-1,24,0.0,3452,0,39.783690588454604,0.0
ZAINA-679-D_011_jpg.rf.ad543589609cac000708358c39701f62_r0c2.jpg,FN,-1,25,0.0,5759,0,66.37145831370512,0.0
ZAINA-679-D_011_jpg.rf.ad543589609cac000708358c39701f62_r0c2.jpg,FN,-1,26,0.0,6684,0,77.03192001542021,0.0
ZAINA-679-D_011_jpg.rf.ad543589609cac000708358c39701f62_r0c2.jpg,FN,-1,27,0.0,6278,0,72.35284169012688,0.0
ZAINA-679-D_011_jpg.rf.ad543589609cac000708358c39701f62_r0c2.jpg,FN,-1,28,0.0,3980,0,45.86879737602819,0.0
ZAINA-679-D_011_jpg.rf.ad543589609cac000708358c39701f62_r0c2.jpg,FN,-1,29,0.0,561,0,6.465425961796939,0.0
ZAINA-679-D_011_jpg.rf.ad543589609cac000708358c39701f62_r0c2.jpg,FN,-1,30,0.0,857,0,9.87677370634577,0.0
ZAINA-679-D_011_jpg.rf.ad543589609cac000708358c39701f62_r1c0.jpg,TP,11,3,0.920862509725464,8479,8803,97.71897812847814,101.45302092994376
ZAINA-679-D_011_jpg.rf.ad543589609cac000708358c39701f62_r1c0.jpg,TP,6,21,0.9189600121636005,6088,6533,70.1631252324773,75.29167167276185
ZAINA-679-D_011_jpg.rf.ad543589609cac000708358c39701f62_r1c0.jpg,TP,13,0,0.9146598082768296,3998,4191,46.076244198331835,48.30053512636536
ZAINA-679-D_011_jpg.rf.ad543589609cac000708358c39701f62_r1c0.jpg,TP,0,18,0.8961650594303655,4169,4286,48.046989010216464,49.39539335519016
ZAINA-679-D_011_jpg.rf.ad543589609cac000708358c39701f62_r1c0.jpg,TP,4,15,0.8439729284799707,4666,5415,53.77482627048933,62.40691904301323
ZAINA-679-D_011_jpg.rf.ad543589609cac000708358c39701f62_r1c0.jpg,TP,12,11,0.8389520714865962,4175,4880,48.116137950984346,56.24113849121044
ZAINA-679-D_011_jpg.rf.ad543589609cac000708358c39701f62_r1c0.jpg,TP,5,14,0.8368725868725869,3514,4098,40.49822964305604,47.2287265444632
ZAINA-679-D_011_jpg.rf.ad543589609cac000708358c39701f62_r1c0.jpg,TP,3,1,0.8325914288208083,10012,10984,115.38653249467193,126.58866089906876
ZAINA-679-D_011_jpg.rf.ad543589609cac000708358c39701f62_r1c0.jpg,TP,9,12,0.784877529286475,2220,2808,25.58510808411623,32.36170427936863
ZAINA-679-D_011_jpg.rf.ad543589609cac000708358c39701f62_r1c0.jpg,TP,10,5,0.6395493074219557,6242,9619,71.93794804551959,110.85727687437567
ZAINA-679-D_011_jpg.rf.ad543589609cac000708358c39701f62_r1c0.jpg,TP,1,13,0.5664516129032258,11473,20091,132.2242995716511,231.54522816125186
ZAINA-679-D_011_jpg.rf.ad543589609cac000708358c39701f62_r1c0.jpg,TP,8,2,0.543332789293292,3329,6127,38.36613730271303,70.61259334746852
ZAINA-679-D_011_jpg.rf.ad543589609cac000708358c39701f62_r1c0.jpg,FP,2,-1,0.0,0,21318,0.0,245.68618654828367
ZAINA-679-D_011_jpg.rf.ad543589609cac000708358c39701f62_r1c0.jpg,FP,7,-1,0.0,0,12884,0.0,148.48582547556464
ZAINA-679-D_011_jpg.rf.ad543589609cac000708358c39701f62_r1c0.jpg,FN,-1,4,0.0,1894,0,21.82801563572799,0.0
ZAINA-679-D_011_jpg.rf.ad543589609cac000708358c39701f62_r1c0.jpg,FN,-1,6,0.0,715,0,8.240248774839236,0.0
ZAINA-679-D_011_jpg.rf.ad543589609cac000708358c39701f62_r1c0.jpg,FN,-1,7,0.0,2826,0,32.569151101672276,0.0
ZAINA-679-D_011_jpg.rf.ad543589609cac000708358c39701f62_r1c0.jpg,FN,-1,8,0.0,7013,0,80.82358693419239,0.0
ZAINA-679-D_011_jpg.rf.ad543589609cac000708358c39701f62_r1c0.jpg,FN,-1,9,0.0,2700,0,31.117023345546762,0.0
ZAINA-679-D_011_jpg.rf.ad543589609cac000708358c39701f62_r1c0.jpg,FN,-1,10,0.0,4435,0,51.11259205092588,0.0
ZAINA-679-D_011_jpg.rf.ad543589609cac000708358c39701f62_r1c0.jpg,FN,-1,16,0.0,4455,0,51.34308852015216,0.0
ZAINA-679-D_011_jpg.rf.ad543589609cac000708358c39701f62_r1c0.jpg,FN,-1,17,0.0,4005,0,46.15691796256103,0.0
ZAINA-679-D_011_jpg.rf.ad543589609cac000708358c39701f62_r1c0.jpg,FN,-1,19,0.0,4443,0,51.204790638616394,0.0
ZAINA-679-D_011_jpg.rf.ad543589609cac000708358c39701f62_r1c0.jpg,FN,-1,20,0.0,4363,0,50.282804761711304,0.0
ZAINA-679-D_011_jpg.rf.ad543589609cac000708358c39701f62_r1c0.jpg,FN,-1,22,0.0,7186,0,82.81738139299965,0.0
ZAINA-679-D_011_jpg.rf.ad543589609cac000708358c39701f62_r1c0.jpg,FN,-1,23,0.0,387,0,4.460106679528369,0.0
ZAINA-679-D_011_jpg.rf.ad543589609cac000708358c39701f62_r1c0.jpg,FN,-1,24,0.0,1871,0,21.562944696117775,0.0
ZAINA-679-D_011_jpg.rf.ad543589609cac000708358c39701f62_r1c0.jpg,FN,-1,25,0.0,4762,0,54.88120932277544,0.0
ZAINA-679-D_011_jpg.rf.ad543589609cac000708358c39701f62_r1c0.jpg,FN,-1,26,0.0,2762,0,31.831562400148208,0.0
ZAINA-679-D_011_jpg.rf.ad543589609cac000708358c39701f62_r1c1.jpg,TP,2,11,0.9007243990780376,5497,6048,63.351954566840945,69.70213229402475
ZAINA-679-D_011_jpg.rf.ad543589609cac000708358c39701f62_r1c1.jpg,TP,1,5,0.9001129247510522,9408,9101,108.4255391240385,104.88741832141521
ZAINA-679-D_011_jpg.rf.ad543589609cac000708358c39701f62_r1c1.jpg,TP,3,10,0.8969656552184061,2717,2972,31.312945344389092,34.25177532702406
ZAINA-679-D_011_jpg.rf.ad543589609cac000708358c39701f62_r1c1.jpg,TP,7,15,0.860720248032435,7465,8139,86.03280713870615,93.80053815163151
ZAINA-679-D_011_jpg.rf.ad543589609cac000708358c39701f62_r1c1.jpg,TP,6,6,0.8307507347047822,6964,6741,80.25887058458802,77.68883495271508
ZAINA-679-D_011_jpg.rf.ad543589609cac000708358c39701f62_r1c1.jpg,TP,0,9,0.8150204945127595,6194,7533,71.38475651937654,86.81649513407547
ZAINA-679-D_011_jpg.rf.ad543589609cac000708358c39701f62_r1c1.jpg,TP,4,7,0.7861602497398543,4571,5728,52.67996804166454,66.01418878640439
ZAINA-679-D_011_jpg.rf.ad543589609cac000708358c39701f62_r1c1.jpg,TP,11,3,0.7848167539267016,1534,1875,17.679079189655088,21.60904398996303
ZAINA-679-D_011_jpg.rf.ad543589609cac000708358c39701f62_r1c1.jpg,TP,9,2,0.7603233559099847,3839,4218,44.24379726798297,48.61170535982083
ZAINA-679-D_011_jpg.rf.ad543589609cac000708358c39701f62_r1c1.jpg,TP,5,8,0.7522905759162304,2304,3051,26.55319325486657,35.16223638046784
ZAINA-679-D_011_jpg.rf.ad543589609cac000708358c39701f62_r1c1.jpg,TP,8,0,0.7380952380952381,1229,1618,14.164008033954433,18.64716436040543
ZAINA-679-D_011_jpg.rf.ad543589609cac000708358c39701f62_r1c1.jpg,TP,10,1,0.6963484945547725,1104,1544,12.723405101290233,17.79432742426822
ZAINA-679-D_011_jpg.rf.ad543589609cac000708358c39701f62_r1c1.jpg,FN,-1,4,0.0,594,0,6.8457451360202874,0.0
ZAINA-679-D_011_jpg.rf.ad543589609cac000708358c39701f62_r1c1.jpg,FN,-1,12,0.0,5923,0,68.26152936136054,0.0
ZAINA-679-D_011_jpg.rf.ad543589609cac000708358c39701f62_r1c1.jpg,FN,-1,13,0.0,1983,0,22.8537249237849,0.0
ZAINA-679-D_011_jpg.rf.ad543589609cac000708358c39701f62_r1c1.jpg,FN,-1,14,0.0,2779,0,32.02748439899054,0.0
ZAINA-679-D_011_jpg.rf.ad543589609cac000708358c39701f62_r1c1.jpg,FN,-1,16,0.0,2127,0,24.51329950221406,0.0
ZAINA-679-D_011_jpg.rf.ad543589609cac000708358c39701f62_r1c1.jpg,FN,-1,17,0.0,919,0,10.591312760947213,0.0
ZAINA-679-D_011_jpg.rf.ad543589609cac000708358c39701f62_r1c1.jpg,FN,-1,18,0.0,2361,0,27.210108192161446,0.0
ZAINA-679-D_011_jpg.rf.ad543589609cac000708358c39701f62_r1c1.jpg,FN,-1,19,0.0,2863,0,32.99556956974088,0.0
ZAINA-679-D_011_jpg.rf.ad543589609cac000708358c39701f62_r1c1.jpg,FN,-1,20,0.0,1840,0,21.205675168817052,0.0
ZAINA-679-D_011_jpg.rf.ad543589609cac000708358c39701f62_r1c1.jpg,FN,-1,21,0.0,2792,0,32.177307103987616,0.0
ZAINA-679-D_011_jpg.rf.ad543589609cac000708358c39701f62_r1c2.jpg,TP,4,17,0.8973621103117506,3903,4009,44.981385969507045,46.203017256406284
ZAINA-679-D_011_jpg.rf.ad543589609cac000708358c39701f62_r1c2.jpg,TP,9,16,0.86487747957993,4112,3879,47.390074072921585,44.70479020643552
ZAINA-679-D_011_jpg.rf.ad543589609cac000708358c39701f62_r1c2.jpg,TP,1,11,0.8483376914456481,2341,2607,26.979611722935175,30.045214763644598
ZAINA-679-D_011_jpg.rf.ad543589609cac000708358c39701f62_r1c2.jpg,TP,13,4,0.846964586846543,2043,2338,23.54521433146372,26.945037252551234
ZAINA-679-D_011_jpg.rf.ad543589609cac000708358c39701f62_r1c2.jpg,TP,3,2,0.839567372690401,1918,2164,22.104611398799516,24.939717970282665
ZAINA-679-D_011_jpg.rf.ad543589609cac000708358c39701f62_r1c2.jpg,TP,7,0,0.8386837881219904,2301,2281,26.51861878448263,26.28812231525636
ZAINA-679-D_011_jpg.rf.ad543589609cac000708358c39701f62_r1c2.jpg,TP,5,9,0.8300341296928327,1225,1456,14.11790874010918,16.780142959672624
ZAINA-679-D_011_jpg.rf.ad543589609cac000708358c39701f62_r1c2.jpg,TP,0,12,0.8287361695496338,5342,6393,61.56560693033734,73.67819638817795
ZAINA-679-D_011_jpg.rf.ad543589609cac000708358c39701f62_r1c2.jpg,TP,15,1,0.8074602303894679,1567,1728,18.059398363878437,19.914894941149928
ZAINA-679-D_011_jpg.rf.ad543589609cac000708358c39701f62_r1c2.jpg,TP,12,14,0.7977575629363233,3914,4584,45.10815902758149,52.829790746661615
ZAINA-679-D_011_jpg.rf.ad543589609cac000708358c39701f62_r1c2.jpg,TP,2,6,0.7973977695167286,2151,2684,24.789895265285587,30.932626170165744
ZAINA-679-D_011_jpg.rf.ad543589609cac000708358c39701f62_r1c2.jpg,TP,11,3,0.7798561151079136,1170,1304,13.48404344973693,15.028369793552955
ZAINA-679-D_011_jpg.rf.ad543589609cac000708358c39701f62_r1c2.jpg,TP,8,15,0.7742762916819348,4234,5450,48.79610253520185,62.81028786415921
ZAINA-679-D_011_jpg.rf.ad543589609cac000708358c39701f62_r1c2.jpg,TP,6,8,0.7676567656765677,2336,3020,26.92198760562861,34.80496685316712
ZAINA-679-D_011_jpg.rf.ad543589609cac000708358c39701f62_r1c2.jpg,TP,10,5,0.7602085143353605,1764,2288,20.329788585757218,26.368796079485552
ZAINA-679-D_011_jpg.rf.ad543589609cac000708358c39701f62_r1c2.jpg,TP,14,10,0.7538411245505067,2313,3052,26.656916666018393,35.17376120392915
ZAINA-679-D_011_jpg.rf.ad543589609cac000708358c39701f62_r1c2.jpg,FN,-1,7,0.0,945,0,10.890958170941367,0.0
ZAINA-679-D_011_jpg.rf.ad543589609cac000708358c39701f62_r1c2.jpg,FN,-1,13,0.0,1956,0,22.542554690329432,0.0
ZAINA-679-D_011_jpg.rf.ad543589609cac000708358c39701f62_r1c2.jpg,FN,-1,18,0.0,14582,0,168.05497571287515,0.0
ZAINA-679-D_011_jpg.rf.ad543589609cac000708358c39701f62_r1c2.jpg,FN,-1,19,0.0,2595,0,29.906916882108835,0.0
ZAINA-679-D_011_jpg.rf.ad543589609cac000708358c39701f62_r1c2.jpg,FN,-1,20,0.0,3835,0,44.19769797413772,0.0
ZAINA-679-D_011_jpg.rf.ad543589609cac000708358c39701f62_r1c2.jpg,FN,-1,21,0.0,3164,0,36.46454143159628,0.0
ZAINA-679-D_011_jpg.rf.ad543589609cac000708358c39701f62_r2c0.jpg,TP,0,18,0.9511950614678415,18128,18853,208.9219997066932,217.2774967161456
ZAINA-679-D_011_jpg.rf.ad543589609cac000708358c39701f62_r2c0.jpg,TP,12,10,0.8271767810026385,1309,1461,15.085993910859523,16.837767076979194
ZAINA-679-D_011_jpg.rf.ad543589609cac000708358c39701f62_r2c0.jpg,TP,6,2,0.8257575757575758,1781,2075,20.52571058459955,23.914008682225752
ZAINA-679-D_011_jpg.rf.ad543589609cac000708358c39701f62_r2c0.jpg,TP,1,9,0.8199046483909416,8231,7038,94.86082191007237,81.11170752072523
ZAINA-679-D_011_jpg.rf.ad543589609cac000708358c39701f62_r2c0.jpg,TP,8,3,0.8152073732718894,1795,2144,20.68705811305794,24.70922150105639
ZAINA-679-D_011_jpg.rf.ad543589609cac000708358c39701f62_r2c0.jpg,TP,5,15,0.7713708772717074,3878,4017,44.693265382974204,46.295215844096795
ZAINA-679-D_011_jpg.rf.ad543589609cac000708358c39701f62_r2c0.jpg,TP,9,1,0.7524723247232472,5162,6711,59.491138707300884,77.34309024887567
ZAINA-679-D_011_jpg.rf.ad543589609cac000708358c39701f62_r2c0.jpg,TP,13,12,0.7416212003117693,2502,1967,28.835108300206667,22.669327748403884
ZAINA-679-D_011_jpg.rf.ad543589609cac000708358c39701f62_r2c0.jpg,TP,7,19,0.740506329113924,4248,3452,48.95745006366024,39.783690588454604
ZAINA-679-D_011_jpg.rf.ad543589609cac000708358c39701f62_r2c0.jpg,TP,2,16,0.6690406367825723,5128,6824,59.099294709616224,78.64539530000411
ZAINA-679-D_011_jpg.rf.ad543589609cac000708358c39701f62_r2c0.jpg,TP,10,8,0.6186348862405201,572,922,6.592199019871388,10.625887231331154
ZAINA-679-D_011_jpg.rf.ad543589609cac000708358c39701f62_r2c0.jpg,FP,3,-1,0.0,0,4954,0.0,57.09397542734765
ZAINA-679-D_011_jpg.rf.ad543589609cac000708358c39701f62_r2c0.jpg,FP,4,-1,0.0,0,3277,0.0,37.766846482724716
ZAINA-679-D_011_jpg.rf.ad543589609cac000708358c39701f62_r2c0.jpg,FP,11,-1,0.0,0,2906,0.0,33.491136978577366
ZAINA-679-D_011_jpg.rf.ad543589609cac000708358c39701f62_r2c0.jpg,FP,14,-1,0.0,0,2110,0.0,24.31737750337173
ZAINA-679-D_011_jpg.rf.ad543589609cac000708358c39701f62_r2c0.jpg,FN,-1,0,0.0,13535,0,155.9884855488798,0.0
ZAINA-679-D_011_jpg.rf.ad543589609cac000708358c39701f62_r2c0.jpg,FN,-1,4,0.0,831,0,9.577128296351615,0.0
ZAINA-679-D_011_jpg.rf.ad543589609cac000708358c39701f62_r2c0.jpg,FN,-1,5,0.0,755,0,8.70124171329178,0.0
ZAINA-679-D_011_jpg.rf.ad543589609cac000708358c39701f62_r2c0.jpg,FN,-1,6,0.0,805,0,9.277482886357461,0.0
ZAINA-679-D_011_jpg.rf.ad543589609cac000708358c39701f62_r2c0.jpg,FN,-1,7,0.0,521,0,6.004433023344394,0.0
ZAINA-679-D_011_jpg.rf.ad543589609cac000708358c39701f62_r2c0.jpg,FN,-1,11,0.0,10822,0,124.72163949833595,0.0
ZAINA-679-D_011_jpg.rf.ad543589609cac000708358c39701f62_r2c0.jpg,FN,-1,13,0.0,5517,0,63.58245103606722,0.0
ZAINA-679-D_011_jpg.rf.ad543589609cac000708358c39701f62_r2c0.jpg,FN,-1,14,0.0,383,0,4.414007385683115,0.0
ZAINA-679-D_011_jpg.rf.ad543589609cac000708358c39701f62_r2c0.jpg,FN,-1,17,0.0,1434,0,16.526596843523723,0.0
ZAINA-679-D_011_jpg.rf.ad543589609cac000708358c39701f62_r2c0.jpg,FN,-1,20,0.0,1385,0,15.961880493919358,0.0
ZAINA-679-D_011_jpg.rf.ad543589609cac000708358c39701f62_r2c0.jpg,FN,-1,21,0.0,2468,0,28.443264302522003,0.0
ZAINA-679-D_011_jpg.rf.ad543589609cac000708358c39701f62_r2c1.jpg,TP,2,19,0.9358814881827434,8458,8661,97.47695683579056,99.81649599843723
ZAINA-679-D_011_jpg.rf.ad543589609cac000708358c39701f62_r2c1.jpg,TP,10,1,0.9183303085299456,2135,2093,24.605498089904568,24.121455504529397
ZAINA-679-D_011_jpg.rf.ad543589609cac000708358c39701f62_r2c1.jpg,TP,3,10,0.8876109102859021,2762,2982,31.831562400148208,34.367023561637204
ZAINA-679-D_011_jpg.rf.ad543589609cac000708358c39701f62_r2c1.jpg,TP,1,2,0.8765130307928872,22456,25138,258.80143564725853,289.71101217050165
ZAINA-679-D_011_jpg.rf.ad543589609cac000708358c39701f62_r2c1.jpg,TP,9,13,0.8620178041543026,1201,1309,13.841312977037653,15.085993910859523
ZAINA-679-D_011_jpg.rf.ad543589609cac000708358c39701f62_r2c1.jpg,TP,13,14,0.8363499245852187,1125,1310,12.965426393977818,15.097518734320836
ZAINA-679-D_011_jpg.rf.ad543589609cac000708358c39701f62_r2c1.jpg,TP,8,11,0.8339087073264289,5086,4476,58.61525212424105,51.58510981283975
ZAINA-679-D_011_jpg.rf.ad543589609cac000708358c39701f62_r2c1.jpg,TP,0,12,0.8317575083426029,3023,3564,34.83954132355106,41.074470816121725
ZAINA-679-D_011_jpg.rf.ad543589609cac000708358c39701f62_r2c1.jpg,TP,11,16,0.8270230141054195,1160,1301,13.368795215123795,14.993795323169014
ZAINA-679-D_011_jpg.rf.ad543589609cac000708358c39701f62_r2c1.jpg,TP,5,8,0.8240660830970288,6708,8087,77.30851577849174,93.20124733164322
ZAINA-679-D_011_jpg.rf.ad543589609cac000708358c39701f62_r2c1.jpg,TP,14,5,0.8094585332419465,1195,1445,13.772164036269771,16.653369901598175
ZAINA-679-D_011_jpg.rf.ad543589609cac000708358c39701f62_r2c1.jpg,TP,7,6,0.7979695431472081,1600,1942,18.439717538101785,22.381207161871043
ZAINA-679-D_011_jpg.rf.ad543589609cac000708358c39701f62_r2c1.jpg,TP,12,9,0.7920978363123237,1712,2098,19.73049776576891,24.179079621835967
ZAINA-679-D_011_jpg.rf.ad543589609cac000708358c39701f62_r2c1.jpg,TP,4,4,0.7847893915756631,10064,12817,115.98582331466022,147.7136623036566
ZAINA-679-D_011_jpg.rf.ad543589609cac000708358c39701f62_r2c1.jpg,TP,15,18,0.6227094240837696,3847,6071,44.33599585567348,69.96720323363496
ZAINA-679-D_011_jpg.rf.ad543589609cac000708358c39701f62_r2c1.jpg,FP,6,-1,0.0,0,2440,0.0,28.12056924560522
ZAINA-679-D_011_jpg.rf.ad543589609cac000708358c39701f62_r2c1.jpg,FP,16,-1,0.0,0,2560,0.0,29.503548060962856
ZAINA-679-D_011_jpg.rf.ad543589609cac000708358c39701f62_r2c1.jpg,FN,-1,0,0.0,1270,0,14.636525795868293,0.0
ZAINA-679-D_011_jpg.rf.ad543589609cac000708358c39701f62_r2c1.jpg,FN,-1,3,0.0,3933,0,45.32713067334645,0.0
ZAINA-679-D_011_jpg.rf.ad543589609cac000708358c39701f62_r2c1.jpg,FN,-1,7,0.0,989,0,11.398050403239166,0.0
ZAINA-679-D_011_jpg.rf.ad543589609cac000708358c39701f62_r2c1.jpg,FN,-1,15,0.0,898,0,10.349291468259628,0.0
ZAINA-679-D_011_jpg.rf.ad543589609cac000708358c39701f62_r2c1.jpg,FN,-1,17,0.0,11048,0,127.32624960059283,0.0
ZAINA-679-D_011_jpg.rf.ad543589609cac000708358c39701f62_r2c1.jpg,FN,-1,20,0.0,2622,0,30.218087115564302,0.0
ZAINA-679-D_011_jpg.rf.ad543589609cac000708358c39701f62_r2c1.jpg,FN,-1,21,0.0,439,0,5.0593974995166775,0.0
ZAINA-679-D_011_jpg.rf.ad543589609cac000708358c39701f62_r2c1.jpg,FN,-1,22,0.0,1605,0,18.497341655408352,0.0
ZAINA-679-D_011_jpg.rf.ad543589609cac000708358c39701f62_r2c1.jpg,FN,-1,23,0.0,2759,0,31.796987929764267,0.0
ZAINA-679-D_011_jpg.rf.ad543589609cac000708358c39701f62_r2c1.jpg,FN,-1,24,0.0,569,0,6.557624549487447,0.0
ZAINA-679-D_011_jpg.rf.ad543589609cac000708358c39701f62_r2c1.jpg,FN,-1,25,0.0,644,0,7.421986309085969,0.0
ZAINA-679-D_011_jpg.rf.ad543589609cac000708358c39701f62_r2c1.jpg,FN,-1,26,0.0,3708,0,42.73404539455089,0.0
ZAINA-679-D_011_jpg.rf.ad543589609cac000708358c39701f62_r2c1.jpg,FN,-1,27,0.0,3032,0,34.943264734702886,0.0
ZAINA-679-D_011_jpg.rf.ad543589609cac000708358c39701f62_r2c1.jpg,FN,-1,28,0.0,2046,0,23.57978880184766,0.0
ZAINA-679-D_011_jpg.rf.ad543589609cac000708358c39701f62_r2c2.jpg,TP,2,2,0.8838608048116855,6239,6916,71.90337357513565,79.70567905844497
ZAINA-679-D_011_jpg.rf.ad543589609cac000708358c39701f62_r2c2.jpg,TP,1,1,0.8768987341772152,2777,3154,32.00443475206791,36.34929319698315
ZAINA-679-D_011_jpg.rf.ad543589609cac000708358c39701f62_r2c2.jpg,TP,4,3,0.8365892291446674,3170,3787,36.53369037236416,43.644506447994665
ZAINA-679-D_011_jpg.rf.ad543589609cac000708358c39701f62_r2c2.jpg,TP,0,4,0.795616583047267,9065,11335,104.47252467680792,130.63387393398983
ZAINA-679-D_011_jpg.rf.ad543589609cac000708358c39701f62_r2c2.jpg,TP,6,5,0.7920022608449908,5671,7011,65.35727384910952,80.80053728726976
ZAINA-679-D_011_jpg.rf.ad543589609cac000708358c39701f62_r2c2.jpg,TP,5,6,0.7750229568411386,1688,2178,19.453902002697383,25.101065498741054
ZAINA-679-D_011_jpg.rf.ad543589609cac000708358c39701f62_r2c2.jpg,TP,3,0,0.7040572792362768,4425,6285,50.99734381631275,72.43351545435607
ZAINA-679-D_011_jpg.rf.ad543589609cac000708358c39701f62_r2c2.jpg,FN,-1,7,0.0,3220,0,37.109931545429845,0.0
ZAINA-679-D_011_jpg.rf.ad543589609cac000708358c39701f62_r2c2.jpg,FN,-1,8,0.0,2328,0,26.829789017938097,0.0
ZAINA-679-D_011_jpg.rf.ad543589609cac000708358c39701f62_r2c2.jpg,FN,-1,9,0.0,3052,0,35.17376120392915,0.0
ZAINA-679-D_011_jpg.rf.ad543589609cac000708358c39701f62_r2c2.jpg,FN,-1,10,0.0,989,0,11.398050403239166,0.0
ZAINA-679-D_011_jpg.rf.ad543589609cac000708358c39701f62_r2c2.jpg,FN,-1,11,0.0,2498,0,28.78900900636141,0.0
ZAINA-679-D_011_jpg.rf.ad543589609cac000708358c39701f62_r2c2.jpg,FN,-1,12,0.0,966,0,11.132979463628953,0.0
ZAINA-679-D_011_jpg.rf.ad543589609cac000708358c39701f62_r2c2.jpg,FN,-1,13,0.0,914,0,10.533688643640645,0.0
ZAINA-679-D_011_jpg.rf.ad543589609cac000708358c39701f62_r2c2.jpg,FN,-1,14,0.0,2952,0,34.021278857797796,0.0
ZAINA-679-D_011_jpg.rf.ad543589609cac000708358c39701f62_r2c2.jpg,FN,-1,15,0.0,664,0,7.65248277831224,0.0
ZAINA-679-G_006_jpg.rf.11cd17e1f39e2a9131fc83dd7a404392_r0c0.jpg,TP,0,7,0.9138838828227146,27858,26303,321.0585319852747,303.13743150293203
ZAINA-679-G_006_jpg.rf.11cd17e1f39e2a9131fc83dd7a404392_r0c0.jpg,TP,7,2,0.8859544658493871,12671,14251,146.03103807830482,164.24025914718032
ZAINA-679-G_006_jpg.rf.11cd17e1f39e2a9131fc83dd7a404392_r0c0.jpg,TP,2,8,0.8851623480771287,27864,25028,321.1276809260426,288.4432815897572
ZAINA-679-G_006_jpg.rf.11cd17e1f39e2a9131fc83dd7a404392_r0c0.jpg,TP,5,3,0.8609555189456343,5240,6056,60.390074937283345,69.79433088171525
ZAINA-679-G_006_jpg.rf.11cd17e1f39e2a9131fc83dd7a404392_r0c0.jpg,TP,8,5,0.8539762784367101,4450,5085,51.28546440284559,58.60372730077974
ZAINA-679-G_006_jpg.rf.11cd17e1f39e2a9131fc83dd7a404392_r0c0.jpg,TP,1,0,0.8458822880467759,17524,15940,201.9610063360598,183.70568597333903
ZAINA-679-G_006_jpg.rf.11cd17e1f39e2a9131fc83dd7a404392_r0c0.jpg,TP,3,1,0.8260325406758448,5940,7191,68.45745136020288,82.87500551030621
ZAINA-679-G_006_jpg.rf.11cd17e1f39e2a9131fc83dd7a404392_r0c0.jpg,TP,4,4,0.8204024659765035,7662,7988,88.30319736058492,92.06028980897317
ZAINA-679-G_006_jpg.rf.11cd17e1f39e2a9131fc83dd7a404392_r0c0.jpg,FP,6,-1,0.0,0,1023,0.0,11.78989440092383
ZAINA-679-G_006_jpg.rf.11cd17e1f39e2a9131fc83dd7a404392_r0c0.jpg,FN,-1,6,0.0,3060,0,35.265959791619665,0.0
ZAINA-679-G_006_jpg.rf.11cd17e1f39e2a9131fc83dd7a404392_r0c1.jpg,TP,1,11,0.9152305542617606,6035,6301,69.55230958902767,72.61791262973709
ZAINA-679-G_006_jpg.rf.11cd17e1f39e2a9131fc83dd7a404392_r0c1.jpg,TP,5,14,0.8953774923456053,12407,12974,142.98848468451803,149.52305958708286
ZAINA-679-G_006_jpg.rf.11cd17e1f39e2a9131fc83dd7a404392_r0c1.jpg,TP,12,2,0.8890845070422535,4048,4536,46.65248537139752,52.27659922051856
ZAINA-679-G_006_jpg.rf.11cd17e1f39e2a9131fc83dd7a404392_r0c1.jpg,TP,2,6,0.8789223701627346,11554,12577,133.1578102720175,144.94770467294134
ZAINA-679-G_006_jpg.rf.11cd17e1f39e2a9131fc83dd7a404392_r0c1.jpg,TP,8,13,0.8779413615200705,21663,23109,249.66225064243685,266.32714536749637
ZAINA-679-G_006_jpg.rf.11cd17e1f39e2a9131fc83dd7a404392_r0c1.jpg,TP,4,21,0.8773873185637892,2430,2485,28.005321010992088,28.639186301364337
ZAINA-679-G_006_jpg.rf.11cd17e1f39e2a9131fc83dd7a404392_r0c1.jpg,TP,14,8,0.8755650093060356,20333,21991,234.33423543888975,253.44239273774772
ZAINA-679-G_006_jpg.rf.11cd17e1f39e2a9131fc83dd7a404392_r0c1.jpg,TP,0,10,0.873698395197844,7137,8158,82.25266504339528,94.01950979739648
ZAINA-679-G_006_jpg.rf.11cd17e1f39e2a9131fc83dd7a404392_r0c1.jpg,TP,19,5,0.8691088701378884,4492,4590,51.76950698822076,52.8989396874295
ZAINA-679-G_006_jpg.rf.11cd17e1f39e2a9131fc83dd7a404392_r0c1.jpg,TP,10,1,0.8636801541425819,3597,4141,41.45478999034508,47.724293953299686
ZAINA-679-G_006_jpg.rf.11cd17e1f39e2a9131fc83dd7a404392_r0c1.jpg,TP,6,4,0.8314969094329482,3109,3706,35.83067614122403,42.71099574762826
ZAINA-679-G_006_jpg.rf.11cd17e1f39e2a9131fc83dd7a404392_r0c1.jpg,TP,13,17,0.8202320640627554,5084,6054,58.59220247731842,69.77128123479262
ZAINA-679-G_006_jpg.rf.11cd17e1f39e2a9131fc83dd7a404392_r0c1.jpg,TP,11,3,0.8175444596443229,4781,5848,55.1001809685404,67.39716760176202
ZAINA-679-G_006_jpg.rf.11cd17e1f39e2a9131fc83dd7a404392_r0c1.jpg,TP,3,19,0.8168524028036912,37480,34580,431.9503833300343,398.52839529222484
ZAINA-679-G_006_jpg.rf.11cd17e1f39e2a9131fc83dd7a404392_r0c1.jpg,TP,16,9,0.816341002206114,10361,12692,119.40869588267037,146.2730593709924
ZAINA-679-G_006_jpg.rf.11cd17e1f39e2a9131fc83dd7a404392_r0c1.jpg,TP,7,12,0.8154421469423669,3707,4546,42.722520571089575,52.391847455131696
ZAINA-679-G_006_jpg.rf.11cd17e1f39e2a9131fc83dd7a404392_r0c1.jpg,TP,17,7,0.7350107066381156,1373,1868,15.823582612383595,21.528370225733834
ZAINA-679-G_006_jpg.rf.11cd17e1f39e2a9131fc83dd7a404392_r0c1.jpg,TP,15,15,0.6727819203100877,60882,40967,701.6543019716955,472.1374427396349
ZAINA-679-G_006_jpg.rf.11cd17e1f39e2a9131fc83dd7a404392_r0c1.jpg,FP,9,-1,0.0,0,3688,0.0,42.503548925324615
ZAINA-679-G_006_jpg.rf.11cd17e1f39e2a9131fc83dd7a404392_r0c1.jpg,FP,18,-1,0.0,0,9100,0.0,104.87589349795391
ZAINA-679-G_006_jpg.rf.11cd17e1f39e2a9131fc83dd7a404392_r0c1.jpg,FP,20,-1,0.0,0,4746,0.0,54.69681214739442
ZAINA-679-G_006_jpg.rf.11cd17e1f39e2a9131fc83dd7a404392_r0c1.jpg,FN,-1,0,0.0,3317,0,38.227839421177265,0.0
ZAINA-679-G_006_jpg.rf.11cd17e1f39e2a9131fc83dd7a404392_r0c1.jpg,FN,-1,16,0.0,4031,0,46.45656337255519,0.0
ZAINA-679-G_006_jpg.rf.11cd17e1f39e2a9131fc83dd7a404392_r0c1.jpg,FN,-1,18,0.0,3583,0,41.293442461886684,0.0
ZAINA-679-G_006_jpg.rf.11cd17e1f39e2a9131fc83dd7a404392_r0c1.jpg,FN,-1,20,0.0,3395,0,39.126775651159726,0.0
ZAINA-679-G_006_jpg.rf.11cd17e1f39e2a9131fc83dd7a404392_r0c1.jpg,FN,-1,22,0.0,13362,0,153.99469109007254,0.0
ZAINA-679-G_006_jpg.rf.11cd17e1f39e2a9131fc83dd7a404392_r0c1.jpg,FN,-1,23,0.0,825,0,9.507979355583734,0.0
ZAINA-679-G_006_jpg.rf.11cd17e1f39e2a9131fc83dd7a404392_r0c2.jpg,TP,8,8,0.9036133181990162,9667,10458,111.41046840051872,120.52660375841779
ZAINA-679-G_006_jpg.rf.11cd17e1f39e2a9131fc83dd7a404392_r0c2.jpg,TP,7,17,0.8963742969965298,7631,8217,87.9459278332842,94.69947438161398
ZAINA-679-G_006_jpg.rf.11cd17e1f39e2a9131fc83dd7a404392_r0c2.jpg,TP,4,24,0.8948730009407337,4189,3868,48.27748547944274,44.57801714836106
ZAINA-679-G_006_jpg.rf.11cd17e1f39e2a9131fc83dd7a404392_r0c2.jpg,TP,2,23,0.8901912399753239,2917,3211,33.617910036651814,37.00620813427802
ZAINA-679-G_006_jpg.rf.11cd17e1f39e2a9131fc83dd7a404392_r0c2.jpg,TP,12,10,0.8889751552795031,10555,11342,121.64451163416521,130.71454769821904
ZAINA-679-G_006_jpg.rf.11cd17e1f39e2a9131fc83dd7a404392_r0c2.jpg,TP,1,12,0.876709307454786,4003,4506,46.1338683156384,51.930854516679155
ZAINA-679-G_006_jpg.rf.11cd17e1f39e2a9131fc83dd7a404392_r0c2.jpg,TP,11,7,0.8728962357072503,21180,22554,244.09576091062237,259.93086834646726
ZAINA-679-G_006_jpg.rf.11cd17e1f39e2a9131fc83dd7a404392_r0c2.jpg,TP,15,25,0.8705137227304715,2765,2551,31.86613687053215,29.399824649811034
ZAINA-679-G_006_jpg.rf.11cd17e1f39e2a9131fc83dd7a404392_r0c2.jpg,TP,3,6,0.8648589547343101,3959,4569,45.6267760833406,52.65691839474191
ZAINA-679-G_006_jpg.rf.11cd17e1f39e2a9131fc83dd7a404392_r0c2.jpg,TP,14,18,0.8371748588355087,10048,9799,115.80142613927922,112.93174509741212
ZAINA-679-G_006_jpg.rf.11cd17e1f39e2a9131fc83dd7a404392_r0c2.jpg,TP,6,29,0.8206442166910688,1234,1253,14.221632151261002,14.440603797025961
ZAINA-679-G_006_jpg.rf.11cd17e1f39e2a9131fc83dd7a404392_r0c2.jpg,TP,10,2,0.8040668947168377,4234,5259,48.79610253520185,60.609046583048304
ZAINA-679-G_006_jpg.rf.11cd17e1f39e2a9131fc83dd7a404392_r0c2.jpg,TP,16,27,0.8022644561261626,2424,2033,27.936172070224206,23.42996609685058
ZAINA-679-G_006_jpg.rf.11cd17e1f39e2a9131fc83dd7a404392_r0c2.jpg,TP,9,9,0.7678005493344602,3634,4733,41.88120845841368,54.54698944239734
ZAINA-679-G_006_jpg.rf.11cd17e1f39e2a9131fc83dd7a404392_r0c2.jpg,TP,0,13,0.7286356821589205,14169,12350,163.29522362335263,142.33156974722314
ZAINA-679-G_006_jpg.rf.11cd17e1f39e2a9131fc83dd7a404392_r0c2.jpg,TP,5,11,0.569792467332821,16204,24642,186.74823936712582,283.99469973369014
ZAINA-679-G_006_jpg.rf.11cd17e1f39e2a9131fc83dd7a404392_r0c2.jpg,FP,13,-1,0.0,0,1924,0.0,22.173760339567398
ZAINA-679-G_006_jpg.rf.11cd17e1f39e2a9131fc83dd7a404392_r0c2.jpg,FN,-1,0,0.0,15916,0,183.4290902102675,0.0
ZAINA-679-G_006_jpg.rf.11cd17e1f39e2a9131fc83dd7a404392_r0c2.jpg,FN,-1,1,0.0,4351,0,50.14450688017554,0.0
ZAINA-679-G_006_jpg.rf.11cd17e1f39e2a9131fc83dd7a404392_r0c2.jpg,FN,-1,3,0.0,3563,0,41.06294599266041,0.0
ZAINA-679-G_006_jpg.rf.11cd17e1f39e2a9131fc83dd7a404392_r0c2.jpg,FN,-1,4,0.0,4879,0,56.229613667749135,0.0
ZAINA-679-G_006_jpg.rf.11cd17e1f39e2a9131fc83dd7a404392_r0c2.jpg,FN,-1,5,0.0,5834,0,67.23582007330363,0.0
ZAINA-679-G_006_jpg.rf.11cd17e1f39e2a9131fc83dd7a404392_r0c2.jpg,FN,-1,14,0.0,3206,0,36.94858401697145,0.0
ZAINA-679-G_006_jpg.rf.11cd17e1f39e2a9131fc83dd7a404392_r0c2.jpg,FN,-1,15,0.0,6672,0,76.89362213388445,0.0
ZAINA-679-G_006_jpg.rf.11cd17e1f39e2a9131fc83dd7a404392_r0c2.jpg,FN,-1,16,0.0,3358,0,38.70035718309112,0.0
ZAINA-679-G_006_jpg.rf.11cd17e1f39e2a9131fc83dd7a404392_r0c2.jpg,FN,-1,19,0.0,6774,0,78.06915412693843,0.0
ZAINA-679-G_006_jpg.rf.11cd17e1f39e2a9131fc83dd7a404392_r0c2.jpg,FN,-1,20,0.0,28422,0,327.5585324174556,0.0
ZAINA-679-G_006_jpg.rf.11cd17e1f39e2a9131fc83dd7a404392_r0c2.jpg,FN,-1,21,0.0,7302,0,84.15426091451202,0.0
ZAINA-679-G_006_jpg.rf.11cd17e1f39e2a9131fc83dd7a404392_r0c2.jpg,FN,-1,22,0.0,3577,0,41.2242935211188,0.0
ZAINA-679-G_006_jpg.rf.11cd17e1f39e2a9131fc83dd7a404392_r0c2.jpg,FN,-1,26,0.0,2904,0,33.46808733165474,0.0
ZAINA-679-G_006_jpg.rf.11cd17e1f39e2a9131fc83dd7a404392_r0c2.jpg,FN,-1,28,0.0,4414,0,50.8705707582383,0.0
ZAINA-679-G_006_jpg.rf.11cd17e1f39e2a9131fc83dd7a404392_r0c2.jpg,FN,-1,30,0.0,2190,0,25.239363380276817,0.0
ZAINA-679-G_006_jpg.rf.11cd17e1f39e2a9131fc83dd7a404392_r1c0.jpg,TP,7,0,0.9171692495610352,12079,13034,139.20834258920718,150.21454899476166
ZAINA-679-G_006_jpg.rf.11cd17e1f39e2a9131fc83dd7a404392_r1c0.jpg,TP,2,16,0.9169861792242532,10288,11211,118.56738376999448,129.20479582478694
ZAINA-679-G_006_jpg.rf.11cd17e1f39e2a9131fc83dd7a404392_r1c0.jpg,TP,0,1,0.8904827440186323,16837,18878,194.04345261813734,217.56561730267845
ZAINA-679-G_006_jpg.rf.11cd17e1f39e2a9131fc83dd7a404392_r1c0.jpg,TP,1,17,0.882680657723929,16866,17941,194.37767249851544,206.76685771942758
ZAINA-679-G_006_jpg.rf.11cd17e1f39e2a9131fc83dd7a404392_r1c0.jpg,TP,4,26,0.8769746808050206,8126,9221,93.65071544663444,106.27039713677286
ZAINA-679-G_006_jpg.rf.11cd17e1f39e2a9131fc83dd7a404392_r1c0.jpg,TP,9,8,0.8647276084949215,1889,2150,21.77039151842142,24.778370441824276
ZAINA-679-G_006_jpg.rf.11cd17e1f39e2a9131fc83dd7a404392_r1c0.jpg,TP,5,7,0.8555702333773668,3896,4532,44.90071220527785,52.2304999266733
ZAINA-679-G_006_jpg.rf.11cd17e1f39e2a9131fc83dd7a404392_r1c0.jpg,TP,11,15,0.8339330196512593,3023,3603,34.83954132355106,41.52393893111296
ZAINA-679-G_006_jpg.rf.11cd17e1f39e2a9131fc83dd7a404392_r1c0.jpg,TP,12,5,0.832161837819304,4854,5833,55.941493081216294,67.22429524984233
ZAINA-679-G_006_jpg.rf.11cd17e1f39e2a9131fc83dd7a404392_r1c0.jpg,TP,19,18,0.8232817869415807,9594,11629,110.56915628784283,134.02217203161604
ZAINA-679-G_006_jpg.rf.11cd17e1f39e2a9131fc83dd7a404392_r1c0.jpg,TP,16,13,0.8206811653672548,4002,4872,46.12234349217709,56.14893990351994
ZAINA-679-G_006_jpg.rf.11cd17e1f39e2a9131fc83dd7a404392_r1c0.jpg,TP,3,25,0.7631423508564678,3876,5079,44.670215736051574,58.53457836001186
ZAINA-679-G_006_jpg.rf.11cd17e1f39e2a9131fc83dd7a404392_r1c0.jpg,TP,8,23,0.7550883095037847,4489,5945,51.734932517836825,68.51507547750944
ZAINA-679-G_006_jpg.rf.11cd17e1f39e2a9131fc83dd7a404392_r1c0.jpg,TP,6,24,0.75440638510143,4537,6014,52.28812404397988,69.31028829634009
ZAINA-679-G_006_jpg.rf.11cd17e1f39e2a9131fc83dd7a404392_r1c0.jpg,TP,15,19,0.7234286865431104,37474,48077,431.8812343892664,554.0789375495747
ZAINA-679-G_006_jpg.rf.11cd17e1f39e2a9131fc83dd7a404392_r1c0.jpg,TP,10,12,0.6655732044198895,26809,21426,308.96899217435674,246.93086748210553
ZAINA-679-G_006_jpg.rf.11cd17e1f39e2a9131fc83dd7a404392_r1c0.jpg,TP,18,4,0.5651994639727863,11068,19300,127.5567460698191,222.42909280335277
ZAINA-679-G_006_jpg.rf.11cd17e1f39e2a9131fc83dd7a404392_r1c0.jpg,FP,13,-1,0.0,0,4502,0.0,51.884755222833896
ZAINA-679-G_006_jpg.rf.11cd17e1f39e2a9131fc83dd7a404392_r1c0.jpg,FP,14,-1,0.0,0,8309,0.0,95.75975814005483
ZAINA-679-G_006_jpg.rf.11cd17e1f39e2a9131fc83dd7a404392_r1c0.jpg,FP,17,-1,0.0,0,21371,0.0,246.29700219173327
ZAINA-679-G_006_jpg.rf.11cd17e1f39e2a9131fc83dd7a404392_r1c0.jpg,FP,20,-1,0.0,0,14396,0.0,165.91135854907083
ZAINA-679-G_006_jpg.rf.11cd17e1f39e2a9131fc83dd7a404392_r1c0.jpg,FN,-1,2,0.0,11358,0,130.89894487360004,0.0
ZAINA-679-G_006_jpg.rf.11cd17e1f39e2a9131fc83dd7a404392_r1c0.jpg,FN,-1,3,0.0,14903,0,171.75444404395682,0.0
ZAINA-679-G_006_jpg.rf.11cd17e1f39e2a9131fc83dd7a404392_r1c0.jpg,FN,-1,6,0.0,5375,0,61.945926104560684,0.0
ZAINA-679-G_006_jpg.rf.11cd17e1f39e2a9131fc83dd7a404392_r1c0.jpg,FN,-1,9,0.0,4935,0,56.87500378158269,0.0
ZAINA-679-G_006_jpg.rf.11cd17e1f39e2a9131fc83dd7a404392_r1c0.jpg,FN,-1,10,0.0,2607,0,30.045214763644598,0.0
ZAINA-679-G_006_jpg.rf.11cd17e1f39e2a9131fc83dd7a404392_r1c0.jpg,FN,-1,11,0.0,3435,0,39.58776858961227,0.0
ZAINA-679-G_006_jpg.rf.11cd17e1f39e2a9131fc83dd7a404392_r1c0.jpg,FN,-1,14,0.0,2297,0,26.472519490637374,0.0
ZAINA-679-G_006_jpg.rf.11cd17e1f39e2a9131fc83dd7a404392_r1c0.jpg,FN,-1,20,0.0,6039,0,69.59840888287293,0.0
ZAINA-679-G_006_jpg.rf.11cd17e1f39e2a9131fc83dd7a404392_r1c0.jpg,FN,-1,21,0.0,2702,0,31.14007299246939,0.0
ZAINA-679-G_006_jpg.rf.11cd17e1f39e2a9131fc83dd7a404392_r1c0.jpg,FN,-1,22,0.0,9219,0,106.24734748985023,0.0
ZAINA-679-G_006_jpg.rf.11cd17e1f39e2a9131fc83dd7a404392_r1c1.jpg,TP,1,1,0.929305457122608,5333,5556,61.46188351918551,64.03191915105845
ZAINA-679-G_006_jpg.rf.11cd17e1f39e2a9131fc83dd7a404392_r1c1.jpg,TP,10,21,0.907621804148577,3973,3936,45.788123611798994,45.36170514373039
ZAINA-679-G_006_jpg.rf.11cd17e1f39e2a9131fc83dd7a404392_r1c1.jpg,TP,3,30,0.9056853770175861,15142,16500,174.50887685121077,190.15958711167465
ZAINA-679-G_006_jpg.rf.11cd17e1f39e2a9131fc83dd7a404392_r1c1.jpg,TP,12,35,0.8966097619620101,4008,3880,46.19149243294497,44.716315029896826
ZAINA-679-G_006_jpg.rf.11cd17e1f39e2a9131fc83dd7a404392_r1c1.jpg,TP,4,2,0.893921568627451,4613,5046,53.16401062703971,58.154259185788504
ZAINA-679-G_006_jpg.rf.11cd17e1f39e2a9131fc83dd7a404392_r1c1.jpg,TP,0,0,0.8918506071946842,11702,13068,134.86348414429193,150.60639299244633
ZAINA-679-G_006_jpg.rf.11cd17e1f39e2a9131fc83dd7a404392_r1c1.jpg,TP,15,7,0.8893608414239482,4450,4891,51.28546440284559,56.3679115492849
ZAINA-679-G_006_jpg.rf.11cd17e1f39e2a9131fc83dd7a404392_r1c1.jpg,TP,13,9,0.883808095952024,5954,6611,68.61879888866127,76.19060790274432
ZAINA-679-G_006_jpg.rf.11cd17e1f39e2a9131fc83dd7a404392_r1c1.jpg,TP,11,3,0.8780530355896721,5191,5574,59.82535858767898,64.2393659733621
ZAINA-679-G_006_jpg.rf.11cd17e1f39e2a9131fc83dd7a404392_r1c1.jpg,TP,19,20,0.8696857670979667,1930,2116,22.24290928033528,24.386526444139612
ZAINA-679-G_006_jpg.rf.11cd17e1f39e2a9131fc83dd7a404392_r1c1.jpg,TP,16,16,0.8630452674897119,5290,6028,60.96631611034903,69.47163582479848
ZAINA-679-G_006_jpg.rf.11cd17e1f39e2a9131fc83dd7a404392_r1c1.jpg,TP,17,27,0.86152273888605,3384,3902,39.00000259308528,44.96986114604573
ZAINA-679-G_006_jpg.rf.11cd17e1f39e2a9131fc83dd7a404392_r1c1.jpg,TP,2,4,0.8501912960306074,22006,24419,253.61526508966742,281.4246641018172
ZAINA-679-G_006_jpg.rf.11cd17e1f39e2a9131fc83dd7a404392_r1c1.jpg,TP,8,15,0.843870789618995,6122,7235,70.55496923016196,83.38209774260402
ZAINA-679-G_006_jpg.rf.11cd17e1f39e2a9131fc83dd7a404392_r1c1.jpg,TP,23,33,0.8347463716051157,5963,6805,68.7225222998131,78.42642365423916
ZAINA-679-G_006_jpg.rf.11cd17e1f39e2a9131fc83dd7a404392_r1c1.jpg,TP,5,11,0.8187480279313515,65305,67269,752.6285961410857,775.2633494191056
ZAINA-679-G_006_jpg.rf.11cd17e1f39e2a9131fc83dd7a404392_r1c1.jpg,TP,9,18,0.8186449312277126,4823,5887,55.58422355391557,67.84663571675325
ZAINA-679-G_006_jpg.rf.11cd17e1f39e2a9131fc83dd7a404392_r1c1.jpg,TP,20,25,0.7839043824701195,5039,6155,58.07358542155931,70.9352884043853
ZAINA-679-G_006_jpg.rf.11cd17e1f39e2a9131fc83dd7a404392_r1c1.jpg,TP,24,32,0.7789431222267044,1937,2473,22.323583044564472,28.500888419828573
ZAINA-679-G_006_jpg.rf.11cd17e1f39e2a9131fc83dd7a404392_r1c1.jpg,TP,22,29,0.7719129392296912,58023,46915,668.7048316958,540.6870926875283
ZAINA-679-G_006_jpg.rf.11cd17e1f39e2a9131fc83dd7a404392_r1c1.jpg,TP,21,28,0.7273264401772526,3242,2605,37.36347766157874,30.02216511672197
ZAINA-679-G_006_jpg.rf.11cd17e1f39e2a9131fc83dd7a404392_r1c1.jpg,TP,26,19,0.6731965890758239,2921,4339,33.66400933049707,50.00620899863978
ZAINA-679-G_006_jpg.rf.11cd17e1f39e2a9131fc83dd7a404392_r1c1.jpg,TP,25,14,0.5013696843203757,7804,15215,89.93972229209146,175.35018896388667
ZAINA-679-G_006_jpg.rf.11cd17e1f39e2a9131fc83dd7a404392_r1c1.jpg,FP,6,-1,0.0,0,15079,0.0,173.78281297314803
ZAINA-679-G_006_jpg.rf.11cd17e1f39e2a9131fc83dd7a404392_r1c1.jpg,FP,7,-1,0.0,0,26403,0.0,304.2899138490634
ZAINA-679-G_006_jpg.rf.11cd17e1f39e2a9131fc83dd7a404392_r1c1.jpg,FP,14,-1,0.0,0,6293,0.0,72.52571404204659
ZAINA-679-G_006_jpg.rf.11cd17e1f39e2a9131fc83dd7a404392_r1c1.jpg,FP,18,-1,0.0,0,15209,0.0,175.28104002311878
ZAINA-679-G_006_jpg.rf.11cd17e1f39e2a9131fc83dd7a404392_r1c1.jpg,FN,-1,5,0.0,4714,0,54.32801779663239,0.0
ZAINA-679-G_006_jpg.rf.11cd17e1f39e2a9131fc83dd7a404392_r1c1.jpg,FN,-1,6,0.0,9608,0,110.73050381630122,0.0
ZAINA-679-G_006_jpg.rf.11cd17e1f39e2a9131fc83dd7a404392_r1c1.jpg,FN,-1,8,0.0,6730,0,77.56206189464064,0.0
ZAINA-679-G_006_jpg.rf.11cd17e1f39e2a9131fc83dd7a404392_r1c1.jpg,FN,-1,10,0.0,3282,0,37.82447060003129,0.0
ZAINA-679-G_006_jpg.rf.11cd17e1f39e2a9131fc83dd7a404392_r1c1.jpg,FN,-1,12,0.0,4402,0,50.73227287670254,0.0
ZAINA-679-G_006_jpg.rf.11cd17e1f39e2a9131fc83dd7a404392_r1c1.jpg,FN,-1,13,0.0,7674,0,88.44149524212068,0.0
ZAINA-679-G_006_jpg.rf.11cd17e1f39e2a9131fc83dd7a404392_r1c1.jpg,FN,-1,17,0.0,4136,0,47.66666983599311,0.0
ZAINA-679-G_006_jpg.rf.11cd17e1f39e2a9131fc83dd7a404392_r1c1.jpg,FN,-1,22,0.0,4749,0,54.73138661777836,0.0
ZAINA-679-G_006_jpg.rf.11cd17e1f39e2a9131fc83dd7a404392_r1c1.jpg,FN,-1,23,0.0,6296,0,72.56028851243053,0.0
ZAINA-679-G_006_jpg.rf.11cd17e1f39e2a9131fc83dd7a404392_r1c1.jpg,FN,-1,24,0.0,5453,0,62.844862334543144,0.0
ZAINA-679-G_006_jpg.rf.11cd17e1f39e2a9131fc83dd7a404392_r1c1.jpg,FN,-1,26,0.0,2431,0,28.0168458344534,0.0
ZAINA-679-G_006_jpg.rf.11cd17e1f39e2a9131fc83dd7a404392_r1c1.jpg,FN,-1,31,0.0,8966,0,103.33156715413789,0.0
ZAINA-679-G_006_jpg.rf.11cd17e1f39e2a9131fc83dd7a404392_r1c1.jpg,FN,-1,34,0.0,9244,0,106.53546807638307,0.0
ZAINA-679-G_006_jpg.rf.11cd17e1f39e2a9131fc83dd7a404392_r1c2.jpg,TP,3,13,0.9040366701168121,6178,6699,71.20035934399552,77.2047923673399
ZAINA-679-G_006_jpg.rf.11cd17e1f39e2a9131fc83dd7a404392_r1c2.jpg,TP,0,14,0.8832376700680272,17181,18254,198.00799188882922,210.37412746281873
ZAINA-679-G_006_jpg.rf.11cd17e1f39e2a9131fc83dd7a404392_r1c2.jpg,TP,18,19,0.8744632633587787,16044,15387,184.90426761331565,177.3324585992326
ZAINA-679-G_006_jpg.rf.11cd17e1f39e2a9131fc83dd7a404392_r1c2.jpg,TP,1,7,0.8652569593147752,16163,18680,186.27572160521197,215.28370225733835
ZAINA-679-G_006_jpg.rf.11cd17e1f39e2a9131fc83dd7a404392_r1c2.jpg,TP,2,6,0.8617972420063646,5695,6591,65.63386961218104,75.96011143351804
ZAINA-679-G_006_jpg.rf.11cd17e1f39e2a9131fc83dd7a404392_r1c2.jpg,TP,16,5,0.8595369349503859,4133,4300,47.632095365609175,49.55674088364855
ZAINA-679-G_006_jpg.rf.11cd17e1f39e2a9131fc83dd7a404392_r1c2.jpg,TP,6,10,0.8543721391156623,19605,19691,225.94416395905344,226.9352987767264
ZAINA-679-G_006_jpg.rf.11cd17e1f39e2a9131fc83dd7a404392_r1c2.jpg,TP,8,8,0.8539698749042635,6704,7820,77.26241648464648,90.12411946747248
ZAINA-679-G_006_jpg.rf.11cd17e1f39e2a9131fc83dd7a404392_r1c2.jpg,TP,5,21,0.8513678341174421,4900,5725,56.47163496043672,65.97961431602045
ZAINA-679-G_006_jpg.rf.11cd17e1f39e2a9131fc83dd7a404392_r1c2.jpg,TP,11,15,0.84,3215,3777,37.05230742812328,43.529258213381524
ZAINA-679-G_006_jpg.rf.11cd17e1f39e2a9131fc83dd7a404392_r1c2.jpg,TP,4,11,0.8361394670555482,6316,7534,72.7907849816568,86.82801995753678
ZAINA-679-G_006_jpg.rf.11cd17e1f39e2a9131fc83dd7a404392_r1c2.jpg,TP,9,18,0.8349864743011722,4630,5545,53.35993262588204,63.905146092984
ZAINA-679-G_006_jpg.rf.11cd17e1f39e2a9131fc83dd7a404392_r1c2.jpg,TP,14,12,0.8316404543468764,15674,17867,180.6400829326296,205.91402078329037
ZAINA-679-G_006_jpg.rf.11cd17e1f39e2a9131fc83dd7a404392_r1c2.jpg,TP,7,1,0.820535582186714,5546,6759,63.91667091644531,77.89628177501874
ZAINA-679-G_006_jpg.rf.11cd17e1f39e2a9131fc83dd7a404392_r1c2.jpg,TP,10,3,0.8193533800587837,3676,4371,42.36525104378885,50.375003349401815
ZAINA-679-G_006_jpg.rf.11cd17e1f39e2a9131fc83dd7a404392_r1c2.jpg,TP,15,4,0.8177370030581039,2703,3241,31.151597815930703,37.35195283811743
ZAINA-679-G_006_jpg.rf.11cd17e1f39e2a9131fc83dd7a404392_r1c2.jpg,TP,13,9,0.7891002415458938,5227,6624,60.24025223228627,76.3404306077414
ZAINA-679-G_006_jpg.rf.11cd17e1f39e2a9131fc83dd7a404392_r1c2.jpg,TP,12,0,0.7822878228782287,2552,3244,29.41134947327235,37.38652730850137
ZAINA-679-G_006_jpg.rf.11cd17e1f39e2a9131fc83dd7a404392_r1c2.jpg,TP,17,16,0.7794773741236456,2476,3108,28.535462890212514,35.81915131776272
ZAINA-679-G_006_jpg.rf.11cd17e1f39e2a9131fc83dd7a404392_r1c2.jpg,FN,-1,2,0.0,21172,0,244.00356232293188,0.0
ZAINA-679-G_006_jpg.rf.11cd17e1f39e2a9131fc83dd7a404392_r1c2.jpg,FN,-1,17,0.0,2504,0,28.858157947129293,0.0
ZAINA-679-G_006_jpg.rf.11cd17e1f39e2a9131fc83dd7a404392_r1c2.jpg,FN,-1,20,0.0,11897,0,137.1108247192481,0.0
ZAINA-679-G_006_jpg.rf.11cd17e1f39e2a9131fc83dd7a404392_r2c0.jpg,TP,3,8,0.9462247283729885,6943,7208,80.01684929190043,83.07092750914855
ZAINA-679-G_006_jpg.rf.11cd17e1f39e2a9131fc83dd7a404392_r2c0.jpg,TP,25,0,0.9254429804634258,20695,21684,238.50622153188527,249.90427193512446
ZAINA-679-G_006_jpg.rf.11cd17e1f39e2a9131fc83dd7a404392_r2c0.jpg,TP,19,21,0.9156270518713067,2827,3008,32.58067592513359,34.66666897163135
ZAINA-679-G_006_jpg.rf.11cd17e1f39e2a9131fc83dd7a404392_r2c0.jpg,TP,13,15,0.9135304659498208,4102,4440,47.27482583830845,51.17021616823246
ZAINA-679-G_006_jpg.rf.11cd17e1f39e2a9131fc83dd7a404392_r2c0.jpg,TP,1,1,0.9048966640939885,10641,11572,122.63564645183818,133.36525709432115
ZAINA-679-G_006_jpg.rf.11cd17e1f39e2a9131fc83dd7a404392_r2c0.jpg,TP,0,11,0.8926759133964818,10563,11816,121.73671022185573,136.17731401888167
ZAINA-679-G_006_jpg.rf.11cd17e1f39e2a9131fc83dd7a404392_r2c0.jpg,TP,4,13,0.8902798232695139,7998,7404,92.1755380435863,85.32979290756602
ZAINA-679-G_006_jpg.rf.11cd17e1f39e2a9131fc83dd7a404392_r2c0.jpg,TP,21,22,0.8836724047991653,5085,5748,58.60372730077974,66.24468525563066
ZAINA-679-G_006_jpg.rf.11cd17e1f39e2a9131fc83dd7a404392_r2c0.jpg,TP,8,9,0.8818720948870011,5511,6230,63.51330209529934,71.79965016398383
ZAINA-679-G_006_jpg.rf.11cd17e1f39e2a9131fc83dd7a404392_r2c0.jpg,TP,16,10,0.8806098964326813,39683,38761,457.33956941530823,446.7136821839771
ZAINA-679-G_006_jpg.rf.11cd17e1f39e2a9131fc83dd7a404392_r2c0.jpg,TP,15,19,0.8718830610490111,3072,3459,35.40425767315543,39.8643643526838
ZAINA-679-G_006_jpg.rf.11cd17e1f39e2a9131fc83dd7a404392_r2c0.jpg,TP,12,18,0.8624521072796935,4502,5220,51.884755222833896,60.15957846805708
ZAINA-679-G_006_jpg.rf.11cd17e1f39e2a9131fc83dd7a404392_r2c0.jpg,TP,18,12,0.8541499099927228,24476,23934,282.08157903911206,275.83512472308007
ZAINA-679-G_006_jpg.rf.11cd17e1f39e2a9131fc83dd7a404392_r2c0.jpg,TP,20,14,0.8540160642570281,4281,4952,49.33776923788359,57.07092578042503
ZAINA-679-G_006_jpg.rf.11cd17e1f39e2a9131fc83dd7a404392_r2c0.jpg,TP,7,17,0.8523784447955064,4856,5697,55.964542728138916,65.65691925910367
ZAINA-679-G_006_jpg.rf.11cd17e1f39e2a9131fc83dd7a404392_r2c0.jpg,TP,6,3,0.8390384907956793,5515,6573,63.55940138914459,75.7526646112144
ZAINA-679-G_006_jpg.rf.11cd17e1f39e2a9131fc83dd7a404392_r2c0.jpg,TP,27,25,0.8337421640774053,3061,3667,35.27748461508098,42.261527632637026
ZAINA-679-G_006_jpg.rf.11cd17e1f39e2a9131fc83dd7a404392_r2c0.jpg,TP,9,16,0.8314291441170575,4149,4988,47.81649254099019,57.48581942503232
ZAINA-679-G_006_jpg.rf.11cd17e1f39e2a9131fc83dd7a404392_r2c0.jpg,TP,11,2,0.8204419889502762,4158,5068,47.920215952142016,58.40780530193741
ZAINA-679-G_006_jpg.rf.11cd17e1f39e2a9131fc83dd7a404392_r2c0.jpg,TP,10,20,0.8150114716486397,12540,15148,144.52128620487275,174.57802579197866
ZAINA-679-G_006_jpg.rf.11cd17e1f39e2a9131fc83dd7a404392_r2c0.jpg,TP,2,23,0.7953585424194616,16324,18953,188.13121818248345,218.42997906227697
ZAINA-679-G_006_jpg.rf.11cd17e1f39e2a9131fc83dd7a404392_r2c0.jpg,TP,24,6,0.7893496901264964,38345,45962,441.9193556240706,529.7039359288964
ZAINA-679-G_006_jpg.rf.11cd17e1f39e2a9131fc83dd7a404392_r2c0.jpg,TP,5,5,0.7868632707774799,3522,4476,40.590428230746554,51.58510981283975
ZAINA-679-G_006_jpg.rf.11cd17e1f39e2a9131fc83dd7a404392_r2c0.jpg,TP,17,24,0.7648956356736243,4313,4988,49.70656358864562,57.48581942503232
ZAINA-679-G_006_jpg.rf.11cd17e1f39e2a9131fc83dd7a404392_r2c0.jpg,TP,14,4,0.738161046618758,4006,5427,46.16844278602235,62.545216924548996
ZAINA-679-G_006_jpg.rf.11cd17e1f39e2a9131fc83dd7a404392_r2c0.jpg,TP,22,7,0.6945454545454546,1337,1925,15.408688967776305,22.18528516302871
ZAINA-679-G_006_jpg.rf.11cd17e1f39e2a9131fc83dd7a404392_r2c0.jpg,FP,23,-1,0.0,0,28205,0.0,325.05764572635053
ZAINA-679-G_006_jpg.rf.11cd17e1f39e2a9131fc83dd7a404392_r2c0.jpg,FP,26,-1,0.0,0,18313,0.0,211.05409204703625
ZAINA-679-G_006_jpg.rf.11cd17e1f39e2a9131fc83dd7a404392_r2c1.jpg,TP,3,3,0.9384988703874153,11268,11899,129.86171076208183,137.13387436617072
ZAINA-679-G_006_jpg.rf.11cd17e1f39e2a9131fc83dd7a404392_r2c1.jpg,TP,9,10,0.9329004329004329,8480,8487,97.73050295193946,97.81117671616866
ZAINA-679-G_006_jpg.rf.11cd17e1f39e2a9131fc83dd7a404392_r2c1.jpg,TP,2,0,0.9235023383564694,25403,26420,292.7650903877498,304.4858358479057
ZAINA-679-G_006_jpg.rf.11cd17e1f39e2a9131fc83dd7a404392_r2c1.jpg,TP,5,6,0.9128012048192771,12140,13262,139.9113568203473,152.84220874394117
ZAINA-679-G_006_jpg.rf.11cd17e1f39e2a9131fc83dd7a404392_r2c1.jpg,TP,13,12,0.9078395165351687,5509,5856,63.49025244837671,67.48936618945254
ZAINA-679-G_006_jpg.rf.11cd17e1f39e2a9131fc83dd7a404392_r2c1.jpg,TP,1,9,0.9053357646872274,11441,12591,131.85550522088909,145.10905220139975
ZAINA-679-G_006_jpg.rf.11cd17e1f39e2a9131fc83dd7a404392_r2c1.jpg,TP,0,1,0.8932997331752149,31229,32632,359.9087118733629,376.0780391895859
ZAINA-679-G_006_jpg.rf.11cd17e1f39e2a9131fc83dd7a404392_r2c1.jpg,TP,8,16,0.8873986275733,8604,9549,99.15958106114235,110.05053923208372
ZAINA-679-G_006_jpg.rf.11cd17e1f39e2a9131fc83dd7a404392_r2c1.jpg,TP,6,15,0.8781384599222607,8369,9509,96.45124754773364,109.58954629363117
ZAINA-679-G_006_jpg.rf.11cd17e1f39e2a9131fc83dd7a404392_r2c1.jpg,TP,7,7,0.877,7897,8996,91.01153087399362,103.67731185797729
ZAINA-679-G_006_jpg.rf.11cd17e1f39e2a9131fc83dd7a404392_r2c1.jpg,TP,14,13,0.8560583054965077,2829,3283,32.60372557205622,37.8359954234926
ZAINA-679-G_006_jpg.rf.11cd17e1f39e2a9131fc83dd7a404392_r2c1.jpg,TP,10,8,0.8459114993555779,5907,6983,68.07713218597952,80.47784223035298
ZAINA-679-G_006_jpg.rf.11cd17e1f39e2a9131fc83dd7a404392_r2c1.jpg,TP,16,18,0.8177094609222776,4333,4063,49.937060057871896,46.82535772331722
ZAINA-679-G_006_jpg.rf.11cd17e1f39e2a9131fc83dd7a404392_r2c1.jpg,TP,12,17,0.8099320130062075,2740,3383,31.578016283999307,38.98847776962396
ZAINA-679-G_006_jpg.rf.11cd17e1f39e2a9131fc83dd7a404392_r2c1.jpg,TP,4,11,0.8051114850652082,15341,18985,176.8023167200122,218.798773413039
ZAINA-679-G_006_jpg.rf.11cd17e1f39e2a9131fc83dd7a404392_r2c1.jpg,FP,11,-1,0.0,0,32626,0.0,376.00889024881803
ZAINA-679-G_006_jpg.rf.11cd17e1f39e2a9131fc83dd7a404392_r2c1.jpg,FP,15,-1,0.0,0,19634,0.0,226.27838383943154
ZAINA-679-G_006_jpg.rf.11cd17e1f39e2a9131fc83dd7a404392_r2c1.jpg,FN,-1,2,0.0,9972,0,114.92553955621938,0.0
ZAINA-679-G_006_jpg.rf.11cd17e1f39e2a9131fc83dd7a404392_r2c1.jpg,FN,-1,4,0.0,12662,0,145.927314667153,0.0
ZAINA-679-G_006_jpg.rf.11cd17e1f39e2a9131fc83dd7a404392_r2c1.jpg,FN,-1,5,0.0,16167,0,186.32182089905723,0.0
ZAINA-679-G_006_jpg.rf.11cd17e1f39e2a9131fc83dd7a404392_r2c1.jpg,FN,-1,14,0.0,3475,0,40.048761528064816,0.0
ZAINA-679-G_006_jpg.rf.11cd17e1f39e2a9131fc83dd7a404392_r2c1.jpg,FN,-1,19,0.0,6582,0,75.85638802236622,0.0
ZAINA-679-G_006_jpg.rf.11cd17e1f39e2a9131fc83dd7a404392_r2c2.jpg,TP,9,0,0.924691585343399,5131,5322,59.13386918000016,61.335110461111064
ZAINA-679-G_006_jpg.rf.11cd17e1f39e2a9131fc83dd7a404392_r2c2.jpg,TP,5,5,0.9244317622749189,9564,9994,110.22341158400341,115.17908567236827
ZAINA-679-G_006_jpg.rf.11cd17e1f39e2a9131fc83dd7a404392_r2c2.jpg,TP,0,3,0.9000273149412729,6624,7288,76.3404306077414,83.99291338605363
ZAINA-679-G_006_jpg.rf.11cd17e1f39e2a9131fc83dd7a404392_r2c2.jpg,TP,1,4,0.8941786187778715,7437,8279,85.71011208178936,95.41401343621543
ZAINA-679-G_006_jpg.rf.11cd17e1f39e2a9131fc83dd7a404392_r2c2.jpg,TP,12,2,0.8902789518174133,5379,5802,61.99202539840594,66.8670257225416
ZAINA-679-G_006_jpg.rf.11cd17e1f39e2a9131fc83dd7a404392_r2c2.jpg,TP,8,6,0.8894191437142078,6550,7307,75.48759367160419,84.2118850318186
ZAINA-679-G_006_jpg.rf.11cd17e1f39e2a9131fc83dd7a404392_r2c2.jpg,TP,13,1,0.8857070451089711,3944,3497,45.4539037314209,40.30230764421371
ZAINA-679-G_006_jpg.rf.11cd17e1f39e2a9131fc83dd7a404392_r2c2.jpg,TP,4,7,0.8822176213480561,3860,4322,44.48581856067056,49.81028699979745
ZAINA-679-G_006_jpg.rf.11cd17e1f39e2a9131fc83dd7a404392_r2c2.jpg,TP,10,10,0.8687274187073465,8707,9913,100.34663787765766,114.24557497200188
ZAINA-679-G_006_jpg.rf.11cd17e1f39e2a9131fc83dd7a404392_r2c2.jpg,TP,11,16,0.8570326065984951,4450,5175,51.28546440284559,59.64096141229796
ZAINA-679-G_006_jpg.rf.11cd17e1f39e2a9131fc83dd7a404392_r2c2.jpg,TP,6,9,0.8522933926045666,12808,14693,147.6099388925048,169.33423111708095
ZAINA-679-G_006_jpg.rf.11cd17e1f39e2a9131fc83dd7a404392_r2c2.jpg,TP,7,19,0.8459171597633136,3628,4171,41.8120595176458,48.070038657139094
ZAINA-679-G_006_jpg.rf.11cd17e1f39e2a9131fc83dd7a404392_r2c2.jpg,TP,3,8,0.8355072463768116,6959,8239,80.20124646728145,94.95302049776288
ZAINA-679-G_006_jpg.rf.11cd17e1f39e2a9131fc83dd7a404392_r2c2.jpg,TP,2,18,0.7824364238887688,35172,39054,405.3510907813225,450.09045545814195
ZAINA-679-G_006_jpg.rf.11cd17e1f39e2a9131fc83dd7a404392_r2c2.jpg,FP,14,-1,0.0,0,14382,0.0,165.75001102061242
ZAINA-679-G_006_jpg.rf.11cd17e1f39e2a9131fc83dd7a404392_r2c2.jpg,FP,15,-1,0.0,0,2777,0.0,32.00443475206791
ZAINA-679-G_006_jpg.rf.11cd17e1f39e2a9131fc83dd7a404392_r2c2.jpg,FN,-1,11,0.0,1511,0,17.414008250044873,0.0
ZAINA-679-G_006_jpg.rf.11cd17e1f39e2a9131fc83dd7a404392_r2c2.jpg,FN,-1,12,0.0,6041,0,69.62145852979555,0.0
ZAINA-679-G_006_jpg.rf.11cd17e1f39e2a9131fc83dd7a404392_r2c2.jpg,FN,-1,13,0.0,1781,0,20.52571058459955,0.0
ZAINA-679-G_006_jpg.rf.11cd17e1f39e2a9131fc83dd7a404392_r2c2.jpg,FN,-1,14,0.0,4570,0,52.66844321820322,0.0
ZAINA-679-G_006_jpg.rf.11cd17e1f39e2a9131fc83dd7a404392_r2c2.jpg,FN,-1,15,0.0,6436,0,74.17376379701443,0.0
ZAINA-679-G_006_jpg.rf.11cd17e1f39e2a9131fc83dd7a404392_r2c2.jpg,FN,-1,17,0.0,2331,0,26.864363488322038,0.0
ZAINA-679-G_007_jpg.rf.35e86ec35895ca2f75ff075a91825a0e_r0c0.jpg,TP,5,20,0.9216201522290685,21090,21324,243.05852679910416,245.75533548905153
ZAINA-679-G_007_jpg.rf.35e86ec35895ca2f75ff075a91825a0e_r0c0.jpg,TP,13,5,0.8777593578221796,10111,11410,116.52749001734198,131.49823569358836
ZAINA-679-G_007_jpg.rf.35e86ec35895ca2f75ff075a91825a0e_r0c0.jpg,TP,3,4,0.8763906056860321,11207,10045,129.15869653094168,115.76685166889527
ZAINA-679-G_007_jpg.rf.35e86ec35895ca2f75ff075a91825a0e_r0c0.jpg,TP,16,12,0.8650159744408946,5417,6258,62.429968689935855,72.12234522090061
ZAINA-679-G_007_jpg.rf.35e86ec35895ca2f75ff075a91825a0e_r0c0.jpg,TP,0,10,0.858114674441205,5298,6174,61.05851469803954,71.15426005015027
ZAINA-679-G_007_jpg.rf.35e86ec35895ca2f75ff075a91825a0e_r0c0.jpg,TP,6,16,0.8562434417628542,3264,3812,37.61702377772764,43.932627034527506
ZAINA-679-G_007_jpg.rf.35e86ec35895ca2f75ff075a91825a0e_r0c0.jpg,TP,1,6,0.8493782848352776,6649,7778,76.62855119427424,89.6400768820973
ZAINA-679-G_007_jpg.rf.35e86ec35895ca2f75ff075a91825a0e_r0c0.jpg,TP,4,8,0.8305676855895197,3027,3261,34.88564061739631,37.5824493073437
ZAINA-679-G_007_jpg.rf.35e86ec35895ca2f75ff075a91825a0e_r0c0.jpg,TP,7,17,0.8256945673332153,9794,10840,112.87412098010556,124.9290863206396
ZAINA-679-G_007_jpg.rf.35e86ec35895ca2f75ff075a91825a0e_r0c0.jpg,TP,15,11,0.8004493750877686,5722,7099,65.94503984563651,81.81472175186536
ZAINA-679-G_007_jpg.rf.35e86ec35895ca2f75ff075a91825a0e_r0c0.jpg,TP,2,7,0.7947307469600463,2822,3377,32.523051807827024,38.91932882885608
ZAINA-679-G_007_jpg.rf.35e86ec35895ca2f75ff075a91825a0e_r0c0.jpg,TP,11,9,0.7762818676596963,2715,3486,31.289895697466466,40.175534586139264
ZAINA-679-G_007_jpg.rf.35e86ec35895ca2f75ff075a91825a0e_r0c0.jpg,TP,9,14,0.7318259874069833,2557,3494,29.468973590578916,40.267733173829775
ZAINA-679-G_007_jpg.rf.35e86ec35895ca2f75ff075a91825a0e_r0c0.jpg,TP,10,21,0.7250708293983668,13202,17851,152.15071933626237,205.72962360790936
ZAINA-679-G_007_jpg.rf.35e86ec35895ca2f75ff075a91825a0e_r0c0.jpg,TP,12,15,0.6682542969558914,3227,4829,37.19060530965904,55.65337249468345
ZAINA-679-G_007_jpg.rf.35e86ec35895ca2f75ff075a91825a0e_r0c0.jpg,FP,8,-1,0.0,0,10288,0.0,118.56738376999448
ZAINA-679-G_007_jpg.rf.35e86ec35895ca2f75ff075a91825a0e_r0c0.jpg,FP,14,-1,0.0,0,15925,0.0,183.53281362141934
ZAINA-679-G_007_jpg.rf.35e86ec35895ca2f75ff075a91825a0e_r0c0.jpg,FP,17,-1,0.0,0,6385,0.0,73.58599780048743
ZAINA-679-G_007_jpg.rf.35e86ec35895ca2f75ff075a91825a0e_r0c0.jpg,FP,18,-1,0.0,0,9288,0.0,107.04256030868086
ZAINA-679-G_007_jpg.rf.35e86ec35895ca2f75ff075a91825a0e_r0c0.jpg,FP,19,-1,0.0,0,23350,0.0,269.1046278216729
ZAINA-679-G_007_jpg.rf.35e86ec35895ca2f75ff075a91825a0e_r0c0.jpg,FN,-1,0,0.0,16060,0,185.08866478869666,0.0
ZAINA-679-G_007_jpg.rf.35e86ec35895ca2f75ff075a91825a0e_r0c0.jpg,FN,-1,1,0.0,6701,0,77.22784201426254,0.0
ZAINA-679-G_007_jpg.rf.35e86ec35895ca2f75ff075a91825a0e_r0c0.jpg,FN,-1,2,0.0,7852,0,90.49291381823451,0.0
ZAINA-679-G_007_jpg.rf.35e86ec35895ca2f75ff075a91825a0e_r0c0.jpg,FN,-1,3,0.0,10818,0,124.6755402044907,0.0
ZAINA-679-G_007_jpg.rf.35e86ec35895ca2f75ff075a91825a0e_r0c0.jpg,FN,-1,13,0.0,6633,0,76.44415401889322,0.0
ZAINA-679-G_007_jpg.rf.35e86ec35895ca2f75ff075a91825a0e_r0c0.jpg,FN,-1,18,0.0,4048,0,46.65248537139752,0.0
ZAINA-679-G_007_jpg.rf.35e86ec35895ca2f75ff075a91825a0e_r0c0.jpg,FN,-1,19,0.0,3250,0,37.45567624926925,0.0
ZAINA-679-G_007_jpg.rf.35e86ec35895ca2f75ff075a91825a0e_r0c1.jpg,TP,4,10,0.9160869565217391,4305,4509,49.61436500095512,51.96542898706309
ZAINA-679-G_007_jpg.rf.35e86ec35895ca2f75ff075a91825a0e_r0c1.jpg,TP,0,13,0.9051357540071966,23078,23514,265.96987584019564,270.9946988693284
ZAINA-679-G_007_jpg.rf.35e86ec35895ca2f75ff075a91825a0e_r0c1.jpg,TP,11,11,0.8806575798564146,8480,9595,97.73050295193946,110.58068111130414
ZAINA-679-G_007_jpg.rf.35e86ec35895ca2f75ff075a91825a0e_r0c1.jpg,TP,6,8,0.876043673731535,2779,3063,32.02748439899054,35.3005342620036
ZAINA-679-G_007_jpg.rf.35e86ec35895ca2f75ff075a91825a0e_r0c1.jpg,TP,29,15,0.8645356505547366,11411,12621,131.50976051704967,145.45479690523914
ZAINA-679-G_007_jpg.rf.35e86ec35895ca2f75ff075a91825a0e_r0c1.jpg,TP,19,5,0.8560164552622558,7491,8751,86.3324525487003,100.85373010995545
ZAINA-679-G_007_jpg.rf.35e86ec35895ca2f75ff075a91825a0e_r0c1.jpg,TP,1,18,0.847247990105133,11042,12854,127.25710065982494,148.14008077172522
ZAINA-679-G_007_jpg.rf.35e86ec35895ca2f75ff075a91825a0e_r0c1.jpg,TP,21,6,0.8462009803921569,2851,3175,32.85727168820512,36.59131448967073
ZAINA-679-G_007_jpg.rf.35e86ec35895ca2f75ff075a91825a0e_r0c1.jpg,TP,15,24,0.8390017542866844,14828,17669,170.8900822843583,203.63210573795027
ZAINA-679-G_007_jpg.rf.35e86ec35895ca2f75ff075a91825a0e_r0c1.jpg,TP,13,2,0.8381969775924961,3217,3838,37.0753570750459,44.232272444521655
ZAINA-679-G_007_jpg.rf.35e86ec35895ca2f75ff075a91825a0e_r0c1.jpg,TP,8,9,0.8292325717633274,2891,3354,33.318264626657665,38.65425788924587
ZAINA-679-G_007_jpg.rf.35e86ec35895ca2f75ff075a91825a0e_r0c1.jpg,TP,2,16,0.8245880861850443,3253,3945,37.49025071965319,45.465428554882216
ZAINA-679-G_007_jpg.rf.35e86ec35895ca2f75ff075a91825a0e_r0c1.jpg,TP,22,7,0.8162535748331744,3432,4189,39.55319411922833,48.27748547944274
ZAINA-679-G_007_jpg.rf.35e86ec35895ca2f75ff075a91825a0e_r0c1.jpg,TP,7,0,0.8131997642899234,7017,8368,80.86968622803764,96.43972272427234
ZAINA-679-G_007_jpg.rf.35e86ec35895ca2f75ff075a91825a0e_r0c1.jpg,TP,3,14,0.798452255139263,24031,28723,276.9530325988275,331.02750427931096
ZAINA-679-G_007_jpg.rf.35e86ec35895ca2f75ff075a91825a0e_r0c1.jpg,TP,18,22,0.7847890914885384,35201,43203,405.6853106617006,497.90694799913217
ZAINA-679-G_007_jpg.rf.35e86ec35895ca2f75ff075a91825a0e_r0c1.jpg,TP,14,27,0.7759313856874832,2896,3730,33.37588874396423,42.98759151069979
ZAINA-679-G_007_jpg.rf.35e86ec35895ca2f75ff075a91825a0e_r0c1.jpg,TP,26,20,0.755632582322357,935,1091,10.77570993632823,12.573582396293155
ZAINA-679-G_007_jpg.rf.35e86ec35895ca2f75ff075a91825a0e_r0c1.jpg,TP,28,17,0.7449876407580335,5834,6873,67.23582007330363,79.21011164960848
ZAINA-679-G_007_jpg.rf.35e86ec35895ca2f75ff075a91825a0e_r0c1.jpg,TP,27,4,0.7372262773722628,3738,5068,43.0797900983903,58.40780530193741
ZAINA-679-G_007_jpg.rf.35e86ec35895ca2f75ff075a91825a0e_r0c1.jpg,TP,16,21,0.7141027572698508,9516,13237,109.67022005786036,152.55408815740833
ZAINA-679-G_007_jpg.rf.35e86ec35895ca2f75ff075a91825a0e_r0c1.jpg,TP,30,29,0.6625370790437969,10240,8816,118.01419224385143,101.60284363494084
ZAINA-679-G_007_jpg.rf.35e86ec35895ca2f75ff075a91825a0e_r0c1.jpg,TP,12,19,0.609141494435612,12144,8099,139.95745611419255,93.33954521317898
ZAINA-679-G_007_jpg.rf.35e86ec35895ca2f75ff075a91825a0e_r0c1.jpg,TP,5,3,0.5658909391352245,8272,14471,95.33333967198622,166.77572030866932
ZAINA-679-G_007_jpg.rf.35e86ec35895ca2f75ff075a91825a0e_r0c1.jpg,TP,17,25,0.5617939827759758,5023,8941,57.88918824617829,103.04344656760505
ZAINA-679-G_007_jpg.rf.35e86ec35895ca2f75ff075a91825a0e_r0c1.jpg,FP,9,-1,0.0,0,3411,0.0,39.31117282654074
ZAINA-679-G_007_jpg.rf.35e86ec35895ca2f75ff075a91825a0e_r0c1.jpg,FP,10,-1,0.0,0,2843,0.0,32.76507310051461
ZAINA-679-G_007_jpg.rf.35e86ec35895ca2f75ff075a91825a0e_r0c1.jpg,FP,20,-1,0.0,0,3498,0.0,40.31383246767503
ZAINA-679-G_007_jpg.rf.35e86ec35895ca2f75ff075a91825a0e_r0c1.jpg,FP,23,-1,0.0,0,4298,0.0,49.53369123672592
ZAINA-679-G_007_jpg.rf.35e86ec35895ca2f75ff075a91825a0e_r0c1.jpg,FP,24,-1,0.0,0,2701,0.0,31.128548169008077
ZAINA-679-G_007_jpg.rf.35e86ec35895ca2f75ff075a91825a0e_r0c1.jpg,FP,25,-1,0.0,0,2346,0.0,27.037235840241742
ZAINA-679-G_007_jpg.rf.35e86ec35895ca2f75ff075a91825a0e_r0c1.jpg,FN,-1,1,0.0,1327,0,15.293440733163168,0.0
ZAINA-679-G_007_jpg.rf.35e86ec35895ca2f75ff075a91825a0e_r0c1.jpg,FN,-1,12,0.0,6077,0,70.03635217440284,0.0
ZAINA-679-G_007_jpg.rf.35e86ec35895ca2f75ff075a91825a0e_r0c1.jpg,FN,-1,23,0.0,2666,0,30.7251793478621,0.0
ZAINA-679-G_007_jpg.rf.35e86ec35895ca2f75ff075a91825a0e_r0c1.jpg,FN,-1,26,0.0,3788,0,43.65603127145598,0.0
ZAINA-679-G_007_jpg.rf.35e86ec35895ca2f75ff075a91825a0e_r0c1.jpg,FN,-1,28,0.0,1915,0,22.070036928415576,0.0
ZAINA-679-G_007_jpg.rf.35e86ec35895ca2f75ff075a91825a0e_r0c2.jpg,TP,7,5,0.9327086882453152,11566,11124,133.2961081535533,128.20213618365267
ZAINA-679-G_007_jpg.rf.35e86ec35895ca2f75ff075a91825a0e_r0c2.jpg,TP,1,7,0.9141419787590833,16455,17789,189.64097005591555,205.0150845533079
ZAINA-679-G_007_jpg.rf.35e86ec35895ca2f75ff075a91825a0e_r0c2.jpg,TP,2,8,0.9013955091023947,15696,17413,180.8936290487785,200.681750931854
ZAINA-679-G_007_jpg.rf.35e86ec35895ca2f75ff075a91825a0e_r0c2.jpg,TP,0,0,0.8952442855595277,8297,9198,95.62146025851906,106.00532619716263
ZAINA-679-G_007_jpg.rf.35e86ec35895ca2f75ff075a91825a0e_r0c2.jpg,TP,3,3,0.8724913494809688,5064,5759,58.36170600809215,66.37145831370512
ZAINA-679-G_007_jpg.rf.35e86ec35895ca2f75ff075a91825a0e_r0c2.jpg,TP,5,1,0.8713105076741441,3778,4147,43.54078303684284,47.79344289406757
ZAINA-679-G_007_jpg.rf.35e86ec35895ca2f75ff075a91825a0e_r0c2.jpg,TP,10,9,0.8650211251945742,19886,22049,229.18263935168255,254.11083249850392
ZAINA-679-G_007_jpg.rf.35e86ec35895ca2f75ff075a91825a0e_r0c2.jpg,TP,6,11,0.8046995994659546,31056,36530,357.91491741455565,421.0018010417864
ZAINA-679-G_007_jpg.rf.35e86ec35895ca2f75ff075a91825a0e_r0c2.jpg,TP,9,12,0.7941754730892111,6471,8130,74.5771326181604,93.6968147404797
ZAINA-679-G_007_jpg.rf.35e86ec35895ca2f75ff075a91825a0e_r0c2.jpg,TP,4,4,0.7028688524590164,2744,3904,31.624115577844563,44.99291079296836
ZAINA-679-G_007_jpg.rf.35e86ec35895ca2f75ff075a91825a0e_r0c2.jpg,TP,8,10,0.6107412339103417,32286,22149,372.0904502719714,255.2633148446353
ZAINA-679-G_007_jpg.rf.35e86ec35895ca2f75ff075a91825a0e_r0c2.jpg,TP,16,14,0.5608913303504186,12767,22467,147.13742113059092,258.928208705333
ZAINA-679-G_007_jpg.rf.35e86ec35895ca2f75ff075a91825a0e_r0c2.jpg,FP,11,-1,0.0,0,2270,0.0,26.161349257181907
ZAINA-679-G_007_jpg.rf.35e86ec35895ca2f75ff075a91825a0e_r0c2.jpg,FP,12,-1,0.0,0,3944,0.0,45.4539037314209
ZAINA-679-G_007_jpg.rf.35e86ec35895ca2f75ff075a91825a0e_r0c2.jpg,FP,13,-1,0.0,0,3796,0.0,43.748229859146484
ZAINA-679-G_007_jpg.rf.35e86ec35895ca2f75ff075a91825a0e_r0c2.jpg,FP,14,-1,0.0,0,2914,0.0,33.58333556626788
ZAINA-679-G_007_jpg.rf.35e86ec35895ca2f75ff075a91825a0e_r0c2.jpg,FP,15,-1,0.0,0,5840,0.0,67.30496901407152
ZAINA-679-G_007_jpg.rf.35e86ec35895ca2f75ff075a91825a0e_r0c2.jpg,FP,17,-1,0.0,0,33486,0.0,385.9202384255477
ZAINA-679-G_007_jpg.rf.35e86ec35895ca2f75ff075a91825a0e_r0c2.jpg,FN,-1,2,0.0,9559,0,110.16578746669686,0.0
ZAINA-679-G_007_jpg.rf.35e86ec35895ca2f75ff075a91825a0e_r0c2.jpg,FN,-1,6,0.0,1775,0,20.45656164383167,0.0
ZAINA-679-G_007_jpg.rf.35e86ec35895ca2f75ff075a91825a0e_r0c2.jpg,FN,-1,13,0.0,12260,0,141.29433563570493,0.0
ZAINA-679-G_007_jpg.rf.35e86ec35895ca2f75ff075a91825a0e_r0c2.jpg,FN,-1,15,0.0,7171,0,82.64450904107994,0.0
ZAINA-679-G_007_jpg.rf.35e86ec35895ca2f75ff075a91825a0e_r0c2.jpg,FN,-1,16,0.0,4464,0,51.446811931303984,0.0
ZAINA-679-G_007_jpg.rf.35e86ec35895ca2f75ff075a91825a0e_r1c0.jpg,TP,7,4,0.8975188069156659,13754,15001,158.51242188690748,172.88387674316556
ZAINA-679-G_007_jpg.rf.35e86ec35895ca2f75ff075a91825a0e_r1c0.jpg,TP,2,0,0.8953831041257367,3653,4065,42.10018010417864,46.84840737023985
ZAINA-679-G_007_jpg.rf.35e86ec35895ca2f75ff075a91825a0e_r1c0.jpg,TP,4,3,0.8423199716211422,4749,5638,54.73138661777836,64.97695467488617
ZAINA-679-G_007_jpg.rf.35e86ec35895ca2f75ff075a91825a0e_r1c0.jpg,TP,3,6,0.8392275981774788,3884,4593,44.762414323742085,52.933514157813434
ZAINA-679-G_007_jpg.rf.35e86ec35895ca2f75ff075a91825a0e_r1c0.jpg,TP,9,5,0.8325466396943133,3704,4449,42.68794610070563,51.273939579384276
ZAINA-679-G_007_jpg.rf.35e86ec35895ca2f75ff075a91825a0e_r1c0.jpg,TP,0,2,0.8319227913882702,11206,13470,129.14717170748037,155.23937202389442
ZAINA-679-G_007_jpg.rf.35e86ec35895ca2f75ff075a91825a0e_r1c0.jpg,TP,8,1,0.8206770356816102,6960,6970,80.21277129074277,80.3280195253559
ZAINA-679-G_007_jpg.rf.35e86ec35895ca2f75ff075a91825a0e_r1c0.jpg,TP,1,7,0.8143071467539552,11949,14656,137.7101155392364,168.90781264901236
ZAINA-679-G_007_jpg.rf.35e86ec35895ca2f75ff075a91825a0e_r1c0.jpg,TP,10,8,0.7636834319526628,2215,2554,25.52748396680966,29.434399120194975
ZAINA-679-G_007_jpg.rf.35e86ec35895ca2f75ff075a91825a0e_r1c0.jpg,TP,5,9,0.71259418729817,667,924,7.687057248696182,10.648936878253782
ZAINA-679-G_007_jpg.rf.35e86ec35895ca2f75ff075a91825a0e_r1c0.jpg,FP,6,-1,0.0,0,22270,0.0,256.6578184834542
ZAINA-679-G_007_jpg.rf.35e86ec35895ca2f75ff075a91825a0e_r1c1.jpg,TP,1,17,0.9121773527988845,32529,34663,374.8909823730706,399.4849556395139
ZAINA-679-G_007_jpg.rf.35e86ec35895ca2f75ff075a91825a0e_r1c1.jpg,TP,11,10,0.908532176428055,2517,2762,29.00798065212637,31.831562400148208
ZAINA-679-G_007_jpg.rf.35e86ec35895ca2f75ff075a91825a0e_r1c1.jpg,TP,0,2,0.9034286442622255,22788,22013,262.6276770364147,253.69593885389662
ZAINA-679-G_007_jpg.rf.35e86ec35895ca2f75ff075a91825a0e_r1c1.jpg,TP,4,6,0.894681411269089,22172,24602,255.5283857842455,283.53370679523755
ZAINA-679-G_007_jpg.rf.35e86ec35895ca2f75ff075a91825a0e_r1c1.jpg,TP,5,11,0.8807726465364121,4021,4450,46.34131513794205,51.28546440284559
ZAINA-679-G_007_jpg.rf.35e86ec35895ca2f75ff075a91825a0e_r1c1.jpg,TP,14,4,0.8708690934201441,18569,19361,214.00444685313252,223.13210703449292
ZAINA-679-G_007_jpg.rf.35e86ec35895ca2f75ff075a91825a0e_r1c1.jpg,TP,15,21,0.85428027901078,6784,7837,78.18440236155158,90.3200414663148
ZAINA-679-G_007_jpg.rf.35e86ec35895ca2f75ff075a91825a0e_r1c1.jpg,TP,17,18,0.8462721893491124,7151,8450,82.41401257185366,97.38475824810006
ZAINA-679-G_007_jpg.rf.35e86ec35895ca2f75ff075a91825a0e_r1c1.jpg,TP,3,3,0.8436136045458289,10245,12142,118.071816361158,139.93440646726992
ZAINA-679-G_007_jpg.rf.35e86ec35895ca2f75ff075a91825a0e_r1c1.jpg,TP,9,5,0.837316031017566,11172,12048,128.75532770979572,138.85107306190645
ZAINA-679-G_007_jpg.rf.35e86ec35895ca2f75ff075a91825a0e_r1c1.jpg,TP,6,12,0.8346419224363549,3588,4123,41.35106657919325,47.51684713099604
ZAINA-679-G_007_jpg.rf.35e86ec35895ca2f75ff075a91825a0e_r1c1.jpg,TP,2,14,0.8234478166786884,17922,14942,206.54788607366262,172.20391215894804
ZAINA-679-G_007_jpg.rf.35e86ec35895ca2f75ff075a91825a0e_r1c1.jpg,TP,10,19,0.8072262118491921,3601,4452,41.50088928419033,51.30851404976822
ZAINA-679-G_007_jpg.rf.35e86ec35895ca2f75ff075a91825a0e_r1c1.jpg,TP,20,22,0.806309866278886,25536,31603,294.2978919081045,364.2189958478942
ZAINA-679-G_007_jpg.rf.35e86ec35895ca2f75ff075a91825a0e_r1c1.jpg,TP,12,7,0.7793487826342036,26610,34048,306.6755523055553,392.397189210806
ZAINA-679-G_007_jpg.rf.35e86ec35895ca2f75ff075a91825a0e_r1c1.jpg,TP,7,16,0.7341327873647265,5020,6838,57.85461377579435,78.8067428284625
ZAINA-679-G_007_jpg.rf.35e86ec35895ca2f75ff075a91825a0e_r1c1.jpg,TP,18,0,0.727896743913171,12479,16973,143.8182719737326,195.610828608876
ZAINA-679-G_007_jpg.rf.35e86ec35895ca2f75ff075a91825a0e_r1c1.jpg,TP,21,20,0.718030034511706,7698,10721,88.71809100519222,123.55763232874328
ZAINA-679-G_007_jpg.rf.35e86ec35895ca2f75ff075a91825a0e_r1c1.jpg,TP,16,15,0.7021307021307022,6959,4944,80.20124646728145,56.97872719273452
ZAINA-679-G_007_jpg.rf.35e86ec35895ca2f75ff075a91825a0e_r1c1.jpg,TP,19,8,0.6625624553890078,3713,5604,42.79166951185746,64.5851106772015
ZAINA-679-G_007_jpg.rf.35e86ec35895ca2f75ff075a91825a0e_r1c1.jpg,TP,13,13,0.6400293793609989,13082,9247,150.7677405209047,106.570042546767
ZAINA-679-G_007_jpg.rf.35e86ec35895ca2f75ff075a91825a0e_r1c1.jpg,FP,8,-1,0.0,0,4468,0.0,51.492911225149236
ZAINA-679-G_007_jpg.rf.35e86ec35895ca2f75ff075a91825a0e_r1c1.jpg,FP,22,-1,0.0,0,6903,0.0,79.5558563534479
ZAINA-679-G_007_jpg.rf.35e86ec35895ca2f75ff075a91825a0e_r1c1.jpg,FP,23,-1,0.0,0,6391,0.0,73.65514674125532
ZAINA-679-G_007_jpg.rf.35e86ec35895ca2f75ff075a91825a0e_r1c1.jpg,FP,24,-1,0.0,0,41864,0.0,482.4752093844332
ZAINA-679-G_007_jpg.rf.35e86ec35895ca2f75ff075a91825a0e_r1c1.jpg,FN,-1,1,0.0,12499,0,144.04876844295887,0.0
ZAINA-679-G_007_jpg.rf.35e86ec35895ca2f75ff075a91825a0e_r1c1.jpg,FN,-1,9,0.0,1070,0,12.33156110360557,0.0
ZAINA-679-G_007_jpg.rf.35e86ec35895ca2f75ff075a91825a0e_r1c2.jpg,TP,20,18,0.9181193872160591,3577,3685,41.2242935211188,42.46897445494067
ZAINA-679-G_007_jpg.rf.35e86ec35895ca2f75ff075a91825a0e_r1c2.jpg,TP,5,19,0.9075953797689884,15891,16809,183.14096962373466,193.72075756122058
ZAINA-679-G_007_jpg.rf.35e86ec35895ca2f75ff075a91825a0e_r1c2.jpg,TP,2,5,0.9043821703968403,24232,26396,279.26952211455153,304.2092400848342
ZAINA-679-G_007_jpg.rf.35e86ec35895ca2f75ff075a91825a0e_r1c2.jpg,TP,16,20,0.9034490849366494,7724,8501,89.01773641518636,97.97252424462705
ZAINA-679-G_007_jpg.rf.35e86ec35895ca2f75ff075a91825a0e_r1c2.jpg,TP,10,2,0.9022231815238506,8477,9149,97.69592848155553,105.44060984755826
ZAINA-679-G_007_jpg.rf.35e86ec35895ca2f75ff075a91825a0e_r1c2.jpg,TP,7,6,0.901828445208001,7387,8111,85.13387090872368,93.47784309471474
ZAINA-679-G_007_jpg.rf.35e86ec35895ca2f75ff075a91825a0e_r1c2.jpg,TP,6,11,0.8925089179548157,3760,4198,43.333336214539194,48.38120889059456
ZAINA-679-G_007_jpg.rf.35e86ec35895ca2f75ff075a91825a0e_r1c2.jpg,TP,1,10,0.8844527485495133,8994,10169,103.65426221105466,117.19592977809816
ZAINA-679-G_007_jpg.rf.35e86ec35895ca2f75ff075a91825a0e_r1c2.jpg,TP,11,3,0.8797521004908078,22744,22449,262.1205848041169,258.72076188302935
ZAINA-679-G_007_jpg.rf.35e86ec35895ca2f75ff075a91825a0e_r1c2.jpg,TP,21,14,0.875697350069735,5035,5724,58.027486127714056,65.96808949255913
ZAINA-679-G_007_jpg.rf.35e86ec35895ca2f75ff075a91825a0e_r1c2.jpg,TP,8,17,0.8610526315789474,2912,3276,33.56028591934525,37.75532165926341
ZAINA-679-G_007_jpg.rf.35e86ec35895ca2f75ff075a91825a0e_r1c2.jpg,TP,0,8,0.8298728962337024,35472,42702,408.8085378197166,492.133011445014
ZAINA-679-G_007_jpg.rf.35e86ec35895ca2f75ff075a91825a0e_r1c2.jpg,TP,3,4,0.8085525236506809,16083,16990,185.35373572830687,195.80675060771833
ZAINA-679-G_007_jpg.rf.35e86ec35895ca2f75ff075a91825a0e_r1c2.jpg,TP,12,1,0.7947635739323271,11110,13979,128.04078865519426,161.10550716570305
ZAINA-679-G_007_jpg.rf.35e86ec35895ca2f75ff075a91825a0e_r1c2.jpg,TP,15,16,0.7645897941922751,2731,3528,31.474292872847485,40.659577171514435
ZAINA-679-G_007_jpg.rf.35e86ec35895ca2f75ff075a91825a0e_r1c2.jpg,TP,4,7,0.6542006143982904,9823,14947,113.20834086048364,172.26153627625462
ZAINA-679-G_007_jpg.rf.35e86ec35895ca2f75ff075a91825a0e_r1c2.jpg,TP,9,15,0.5640574214517876,7152,4397,82.42553739531498,50.67464875939597
ZAINA-679-G_007_jpg.rf.35e86ec35895ca2f75ff075a91825a0e_r1c2.jpg,FP,13,-1,0.0,0,3337,0.0,38.45833589040354
ZAINA-679-G_007_jpg.rf.35e86ec35895ca2f75ff075a91825a0e_r1c2.jpg,FP,14,-1,0.0,0,4459,0.0,51.38918781399741
ZAINA-679-G_007_jpg.rf.35e86ec35895ca2f75ff075a91825a0e_r1c2.jpg,FP,17,-1,0.0,0,3421,0.0,39.42642106115388
ZAINA-679-G_007_jpg.rf.35e86ec35895ca2f75ff075a91825a0e_r1c2.jpg,FP,18,-1,0.0,0,2543,0.0,29.307626062120526
ZAINA-679-G_007_jpg.rf.35e86ec35895ca2f75ff075a91825a0e_r1c2.jpg,FP,19,-1,0.0,0,53069,0.0,611.6108562684523
ZAINA-679-G_007_jpg.rf.35e86ec35895ca2f75ff075a91825a0e_r1c2.jpg,FN,-1,0,0.0,9574,0,110.33865981861656,0.0
ZAINA-679-G_007_jpg.rf.35e86ec35895ca2f75ff075a91825a0e_r1c2.jpg,FN,-1,9,0.0,28865,0,332.66402921081755,0.0
ZAINA-679-G_007_jpg.rf.35e86ec35895ca2f75ff075a91825a0e_r1c2.jpg,FN,-1,12,0.0,10207,0,117.63387306962808,0.0
ZAINA-679-G_007_jpg.rf.35e86ec35895ca2f75ff075a91825a0e_r1c2.jpg,FN,-1,13,0.0,3842,0,44.278371738366914,0.0
ZAINA-679-G_007_jpg.rf.35e86ec35895ca2f75ff075a91825a0e_r1c2.jpg,FN,-1,21,0.0,3528,0,40.659577171514435,0.0
ZAINA-679-G_007_jpg.rf.35e86ec35895ca2f75ff075a91825a0e_r2c0.jpg,TP,0,8,0.9376641326883207,21174,20883,244.0266119698545,240.67288834261223
ZAINA-679-G_007_jpg.rf.35e86ec35895ca2f75ff075a91825a0e_r2c0.jpg,TP,8,4,0.9179693545890729,6086,6306,70.14007558555467,72.67553674704367
ZAINA-679-G_007_jpg.rf.35e86ec35895ca2f75ff075a91825a0e_r2c0.jpg,TP,11,10,0.8872229465449805,4112,4573,47.390074072921585,52.70301768858717
ZAINA-679-G_007_jpg.rf.35e86ec35895ca2f75ff075a91825a0e_r2c0.jpg,TP,9,1,0.8711937483158179,3237,3707,37.305853544272175,42.722520571089575
ZAINA-679-G_007_jpg.rf.35e86ec35895ca2f75ff075a91825a0e_r2c0.jpg,TP,4,5,0.8690395826940779,14416,16040,166.1418550182971,184.8581683194704
ZAINA-679-G_007_jpg.rf.35e86ec35895ca2f75ff075a91825a0e_r2c0.jpg,TP,1,2,0.8632919066383753,5696,6598,65.64539443564236,76.04078519774724
ZAINA-679-G_007_jpg.rf.35e86ec35895ca2f75ff075a91825a0e_r2c0.jpg,TP,3,6,0.8627128772034658,5915,6554,68.16933077367004,75.53369296544943
ZAINA-679-G_007_jpg.rf.35e86ec35895ca2f75ff075a91825a0e_r2c0.jpg,TP,5,13,0.8575272433741423,7339,6468,84.58067938258063,74.54255814777646
ZAINA-679-G_007_jpg.rf.35e86ec35895ca2f75ff075a91825a0e_r2c0.jpg,TP,6,12,0.8524399690162665,2413,2370,27.809399012149754,27.313831603313268
ZAINA-679-G_007_jpg.rf.35e86ec35895ca2f75ff075a91825a0e_r2c0.jpg,TP,10,0,0.8460221907459868,14685,16594,169.24203252939046,191.24292051703813
ZAINA-679-G_007_jpg.rf.35e86ec35895ca2f75ff075a91825a0e_r2c0.jpg,TP,12,11,0.792098445595855,3851,4450,44.38209514951873,51.28546440284559
ZAINA-679-G_007_jpg.rf.35e86ec35895ca2f75ff075a91825a0e_r2c0.jpg,TP,2,3,0.7226837060702875,6786,9390,78.20745200847419,108.21809230173486
ZAINA-679-G_007_jpg.rf.35e86ec35895ca2f75ff075a91825a0e_r2c0.jpg,TP,7,7,0.6787077826725404,2343,3373,27.0026613698578,38.87322953501083
ZAINA-679-G_007_jpg.rf.35e86ec35895ca2f75ff075a91825a0e_r2c0.jpg,FP,13,-1,0.0,0,6358,0.0,73.27482756703196
ZAINA-679-G_007_jpg.rf.35e86ec35895ca2f75ff075a91825a0e_r2c0.jpg,FP,14,-1,0.0,0,7710,0.0,88.85638888672798
ZAINA-679-G_007_jpg.rf.35e86ec35895ca2f75ff075a91825a0e_r2c0.jpg,FN,-1,9,0.0,12915,0,148.84309500286534,0.0
ZAINA-679-G_007_jpg.rf.35e86ec35895ca2f75ff075a91825a0e_r2c1.jpg,TP,1,0,0.9383564782987305,21062,21231,242.73583174218737,244.68352690714937
ZAINA-679-G_007_jpg.rf.35e86ec35895ca2f75ff075a91825a0e_r2c1.jpg,TP,0,1,0.9244051379237734,8816,9462,101.60284363494084,109.04787959094944
ZAINA-679-G_007_jpg.rf.35e86ec35895ca2f75ff075a91825a0e_r2c1.jpg,TP,4,6,0.9220462850182704,6286,6338,72.44504027781738,73.0443310978057
ZAINA-679-G_007_jpg.rf.35e86ec35895ca2f75ff075a91825a0e_r2c1.jpg,TP,7,16,0.9158118146444995,10670,10994,122.96986633221628,126.70390913368189
ZAINA-679-G_007_jpg.rf.35e86ec35895ca2f75ff075a91825a0e_r2c1.jpg,TP,6,3,0.899299151604574,9800,10796,112.94326992087343,124.42199408834179
ZAINA-679-G_007_jpg.rf.35e86ec35895ca2f75ff075a91825a0e_r2c1.jpg,TP,11,4,0.8896495350975784,8722,9772,100.51951022957736,112.62057486395665
ZAINA-679-G_007_jpg.rf.35e86ec35895ca2f75ff075a91825a0e_r2c1.jpg,TP,9,23,0.8878404460647652,4264,4539,49.141847239041255,52.3111736909025
ZAINA-679-G_007_jpg.rf.35e86ec35895ca2f75ff075a91825a0e_r2c1.jpg,TP,2,15,0.8790178100959005,8377,9453,96.54344613542416,108.94415617979762
ZAINA-679-G_007_jpg.rf.35e86ec35895ca2f75ff075a91825a0e_r2c1.jpg,TP,16,22,0.8497453310696095,1137,1042,13.103724275513581,12.008866046688787
ZAINA-679-G_007_jpg.rf.35e86ec35895ca2f75ff075a91825a0e_r2c1.jpg,TP,14,21,0.8411284335560505,2346,2614,27.037235840241742,30.12588852787379
ZAINA-679-G_007_jpg.rf.35e86ec35895ca2f75ff075a91825a0e_r2c1.jpg,TP,27,25,0.8385536032594856,3293,3927,37.95124365810574,45.25798173257857
ZAINA-679-G_007_jpg.rf.35e86ec35895ca2f75ff075a91825a0e_r2c1.jpg,TP,10,18,0.8314895806534602,3232,3887,37.24822942696561,44.79698879412602
ZAINA-679-G_007_jpg.rf.35e86ec35895ca2f75ff075a91825a0e_r2c1.jpg,TP,8,13,0.8313662604233483,15033,13518,173.25267109392757,155.79256355003747
ZAINA-679-G_007_jpg.rf.35e86ec35895ca2f75ff075a91825a0e_r2c1.jpg,TP,24,8,0.8274133486107133,6821,5938,78.61082082962017,68.43440171328025
ZAINA-679-G_007_jpg.rf.35e86ec35895ca2f75ff075a91825a0e_r2c1.jpg,TP,12,2,0.8228160549474136,7676,9309,88.46454488904331,107.28458160136844
ZAINA-679-G_007_jpg.rf.35e86ec35895ca2f75ff075a91825a0e_r2c1.jpg,TP,13,26,0.8157686212361331,4148,5018,47.804967717528875,57.831564128871726
ZAINA-679-G_007_jpg.rf.35e86ec35895ca2f75ff075a91825a0e_r2c1.jpg,TP,20,19,0.7991228070175439,983,1068,11.328901462471284,12.308511456682941
ZAINA-679-G_007_jpg.rf.35e86ec35895ca2f75ff075a91825a0e_r2c1.jpg,TP,3,17,0.797482580355136,3556,4441,40.98227222843122,51.181740991693765
ZAINA-679-G_007_jpg.rf.35e86ec35895ca2f75ff075a91825a0e_r2c1.jpg,TP,5,20,0.7963446475195822,3660,4596,42.18085386840784,52.96808862819738
ZAINA-679-G_007_jpg.rf.35e86ec35895ca2f75ff075a91825a0e_r2c1.jpg,TP,18,11,0.7529824561403509,6908,5582,79.61348047075445,64.3315645610526
ZAINA-679-G_007_jpg.rf.35e86ec35895ca2f75ff075a91825a0e_r2c1.jpg,TP,22,7,0.7431742508324084,13290,10269,153.16490380085796,118.34841212422953
ZAINA-679-G_007_jpg.rf.35e86ec35895ca2f75ff075a91825a0e_r2c1.jpg,TP,17,10,0.6375423683219454,12244,18193,141.10993846032392,209.67111323167862
ZAINA-679-G_007_jpg.rf.35e86ec35895ca2f75ff075a91825a0e_r2c1.jpg,TP,15,5,0.5580246913580247,10679,6989,123.0735897433681,80.54699117112087
ZAINA-679-G_007_jpg.rf.35e86ec35895ca2f75ff075a91825a0e_r2c1.jpg,FP,19,-1,0.0,0,3546,0.0,40.86702399381808
ZAINA-679-G_007_jpg.rf.35e86ec35895ca2f75ff075a91825a0e_r2c1.jpg,FP,21,-1,0.0,0,578,0.0,6.66134796063927
ZAINA-679-G_007_jpg.rf.35e86ec35895ca2f75ff075a91825a0e_r2c1.jpg,FP,23,-1,0.0,0,4682,0.0,53.95922344587035
ZAINA-679-G_007_jpg.rf.35e86ec35895ca2f75ff075a91825a0e_r2c1.jpg,FP,25,-1,0.0,0,3389,0.0,39.057626710391844
ZAINA-679-G_007_jpg.rf.35e86ec35895ca2f75ff075a91825a0e_r2c1.jpg,FP,26,-1,0.0,0,4258,0.0,49.07269829827337
ZAINA-679-G_007_jpg.rf.35e86ec35895ca2f75ff075a91825a0e_r2c1.jpg,FN,-1,9,0.0,3665,0,42.238477985714404,0.0
ZAINA-679-G_007_jpg.rf.35e86ec35895ca2f75ff075a91825a0e_r2c1.jpg,FN,-1,12,0.0,6850,0,78.94504070999827,0.0
ZAINA-679-G_007_jpg.rf.35e86ec35895ca2f75ff075a91825a0e_r2c1.jpg,FN,-1,14,0.0,2031,0,23.406916449927955,0.0
ZAINA-679-G_007_jpg.rf.35e86ec35895ca2f75ff075a91825a0e_r2c1.jpg,FN,-1,24,0.0,7280,0,83.90071479836313,0.0
ZAINA-679-G_007_jpg.rf.35e86ec35895ca2f75ff075a91825a0e_r2c2.jpg,TP,1,0,0.9472884525479196,8120,8541,93.58156650586656,98.43351718307959
ZAINA-679-G_007_jpg.rf.35e86ec35895ca2f75ff075a91825a0e_r2c2.jpg,TP,2,5,0.9042160481834078,4711,5090,54.29344332624844,58.661351418086305
ZAINA-679-G_007_jpg.rf.35e86ec35895ca2f75ff075a91825a0e_r2c2.jpg,TP,3,7,0.9017257909875359,3830,4104,44.14007385683115,47.29787548523108
ZAINA-679-G_007_jpg.rf.35e86ec35895ca2f75ff075a91825a0e_r2c2.jpg,TP,4,3,0.8927667269439421,10284,10650,118.52128447614922,122.73936986299
ZAINA-679-G_007_jpg.rf.35e86ec35895ca2f75ff075a91825a0e_r2c2.jpg,TP,7,1,0.8602364264044357,16693,18871,192.38387803970818,217.48494353844924
ZAINA-679-G_007_jpg.rf.35e86ec35895ca2f75ff075a91825a0e_r2c2.jpg,TP,9,8,0.8519191460367931,7526,8782,86.73582136984628,101.21099963725618
ZAINA-679-G_007_jpg.rf.35e86ec35895ca2f75ff075a91825a0e_r2c2.jpg,TP,6,6,0.8419229985740476,4340,4702,50.01773382210109,54.189719915096624
ZAINA-679-G_007_jpg.rf.35e86ec35895ca2f75ff075a91825a0e_r2c2.jpg,TP,0,4,0.8230285363608469,11005,12760,126.83068219175634,147.05674736636175
ZAINA-679-G_007_jpg.rf.35e86ec35895ca2f75ff075a91825a0e_r2c2.jpg,TP,5,2,0.8011869436201781,2552,2304,29.41134947327235,26.55319325486657
ZAINA-679-G_007_jpg.rf.35e86ec35895ca2f75ff075a91825a0e_r2c2.jpg,FP,8,-1,0.0,0,1544,0.0,17.79432742426822
ZAINA-679-G_007_jpg.rf.35e86ec35895ca2f75ff075a91825a0e_r2c2.jpg,FP,10,-1,0.0,0,3055,0.0,35.2083356743131
ZAINA-679-G_007_jpg.rf.35e86ec35895ca2f75ff075a91825a0e_r2c2.jpg,FP,11,-1,0.0,0,21192,0.0,244.23405879215815
ZAINA-679-G_009_jpg.rf.f3d1d1a68f80e6e7a761e1c1f244a623_r0c0.jpg,TP,0,14,0.9290928050052137,13520,14230,155.81561319696007,163.99823785449274
ZAINA-679-G_009_jpg.rf.f3d1d1a68f80e6e7a761e1c1f244a623_r0c0.jpg,TP,26,18,0.9037234236534043,26557,25645,306.0647366621057,295.5540976653877
ZAINA-679-G_009_jpg.rf.f3d1d1a68f80e6e7a761e1c1f244a623_r0c0.jpg,TP,5,17,0.9009551495016611,4667,4488,53.78635109395064,51.72340769437551
ZAINA-679-G_009_jpg.rf.f3d1d1a68f80e6e7a761e1c1f244a623_r0c0.jpg,TP,2,16,0.8988659444820583,11256,11181,129.72341288054605,128.85905112094753
ZAINA-679-G_009_jpg.rf.f3d1d1a68f80e6e7a761e1c1f244a623_r0c0.jpg,TP,3,20,0.8889154732200841,28236,27028,325.41491525365126,311.4929285123844
ZAINA-679-G_009_jpg.rf.f3d1d1a68f80e6e7a761e1c1f244a623_r0c0.jpg,TP,10,12,0.8268195647086356,3668,4138,42.27305245609834,47.68971948291574
ZAINA-679-G_009_jpg.rf.f3d1d1a68f80e6e7a761e1c1f244a623_r0c0.jpg,TP,9,6,0.8227161832474925,3410,3314,39.29964800307943,38.19326495079332
ZAINA-679-G_009_jpg.rf.f3d1d1a68f80e6e7a761e1c1f244a623_r0c0.jpg,TP,8,4,0.8182966438108986,4542,5535,52.345748161286444,63.789897858370864
ZAINA-679-G_009_jpg.rf.f3d1d1a68f80e6e7a761e1c1f244a623_r0c0.jpg,TP,22,11,0.8149561236169401,2301,2456,26.51861878448263,28.30496642098624
ZAINA-679-G_009_jpg.rf.f3d1d1a68f80e6e7a761e1c1f244a623_r0c0.jpg,TP,32,9,0.8064034928142624,23456,26193,270.3262591085722,301.8697009221875
ZAINA-679-G_009_jpg.rf.f3d1d1a68f80e6e7a761e1c1f244a623_r0c0.jpg,TP,17,19,0.7847288503253796,28942,32765,333.55144061733864,377.61084070994065
ZAINA-679-G_009_jpg.rf.f3d1d1a68f80e6e7a761e1c1f244a623_r0c0.jpg,TP,20,5,0.7799301365512861,2712,2893,31.255321227082526,33.34131427358029
ZAINA-679-G_009_jpg.rf.f3d1d1a68f80e6e7a761e1c1f244a623_r0c0.jpg,TP,21,7,0.7466371261275518,6319,4718,72.82535945204074,54.37411709047764
ZAINA-679-G_009_jpg.rf.f3d1d1a68f80e6e7a761e1c1f244a623_r0c0.jpg,TP,7,2,0.597707158594421,25797,16988,297.3058708315073,195.7837009607957
ZAINA-679-G_009_jpg.rf.f3d1d1a68f80e6e7a761e1c1f244a623_r0c0.jpg,TP,4,1,0.567270459211518,37607,22700,433.41403590962113,261.61349257181905
ZAINA-679-G_009_jpg.rf.f3d1d1a68f80e6e7a761e1c1f244a623_r0c0.jpg,TP,1,0,0.538601837742993,41365,25278,476.7243224772377,291.3244874550856
ZAINA-679-G_009_jpg.rf.f3d1d1a68f80e6e7a761e1c1f244a623_r0c0.jpg,TP,15,3,0.5089490911623372,55213,31455,636.3200777695087,362.51332197561976
ZAINA-679-G_009_jpg.rf.f3d1d1a68f80e6e7a761e1c1f244a623_r0c0.jpg,TP,14,10,0.5067242644062271,12049,6437,138.86259788536776,74.18528862047575
ZAINA-679-G_009_jpg.rf.f3d1d1a68f80e6e7a761e1c1f244a623_r0c0.jpg,FP,6,-1,0.0,0,13051,0.0,150.410470993604
ZAINA-679-G_009_jpg.rf.f3d1d1a68f80e6e7a761e1c1f244a623_r0c0.jpg,FP,11,-1,0.0,0,4281,0.0,49.33776923788359
ZAINA-679-G_009_jpg.rf.f3d1d1a68f80e6e7a761e1c1f244a623_r0c0.jpg,FP,12,-1,0.0,0,3847,0.0,44.33599585567348
ZAINA-679-G_009_jpg.rf.f3d1d1a68f80e6e7a761e1c1f244a623_r0c0.jpg,FP,13,-1,0.0,0,3565,0.0,41.08599563958304
ZAINA-679-G_009_jpg.rf.f3d1d1a68f80e6e7a761e1c1f244a623_r0c0.jpg,FP,16,-1,0.0,0,20017,0.0,230.69239122511465
ZAINA-679-G_009_jpg.rf.f3d1d1a68f80e6e7a761e1c1f244a623_r0c0.jpg,FP,18,-1,0.0,0,12848,0.0,148.07093183095733
ZAINA-679-G_009_jpg.rf.f3d1d1a68f80e6e7a761e1c1f244a623_r0c0.jpg,FP,19,-1,0.0,0,8357,0.0,96.31294966619788
ZAINA-679-G_009_jpg.rf.f3d1d1a68f80e6e7a761e1c1f244a623_r0c0.jpg,FP,23,-1,0.0,0,17294,0.0,199.31029693995768
ZAINA-679-G_009_jpg.rf.f3d1d1a68f80e6e7a761e1c1f244a623_r0c0.jpg,FP,24,-1,0.0,0,9198,0.0,106.00532619716263
ZAINA-679-G_009_jpg.rf.f3d1d1a68f80e6e7a761e1c1f244a623_r0c0.jpg,FP,25,-1,0.0,0,26467,0.0,305.0275025505875
ZAINA-679-G_009_jpg.rf.f3d1d1a68f80e6e7a761e1c1f244a623_r0c0.jpg,FP,27,-1,0.0,0,6334,0.0,72.99823180396044
ZAINA-679-G_009_jpg.rf.f3d1d1a68f80e6e7a761e1c1f244a623_r0c0.jpg,FP,28,-1,0.0,0,2020,0.0,23.280143391853503
ZAINA-679-G_009_jpg.rf.f3d1d1a68f80e6e7a761e1c1f244a623_r0c0.jpg,FP,29,-1,0.0,0,3871,0.0,44.61259161874501
ZAINA-679-G_009_jpg.rf.f3d1d1a68f80e6e7a761e1c1f244a623_r0c0.jpg,FP,30,-1,0.0,0,6989,0.0,80.54699117112087
ZAINA-679-G_009_jpg.rf.f3d1d1a68f80e6e7a761e1c1f244a623_r0c0.jpg,FP,31,-1,0.0,0,4645,0.0,53.532804977801746
ZAINA-679-G_009_jpg.rf.f3d1d1a68f80e6e7a761e1c1f244a623_r0c0.jpg,FP,33,-1,0.0,0,4763,0.0,54.892734146236755
ZAINA-679-G_009_jpg.rf.f3d1d1a68f80e6e7a761e1c1f244a623_r0c0.jpg,FN,-1,8,0.0,58795,0,677.601995407934,0.0
ZAINA-679-G_009_jpg.rf.f3d1d1a68f80e6e7a761e1c1f244a623_r0c0.jpg,FN,-1,13,0.0,14576,0,167.98582677210726,0.0
ZAINA-679-G_009_jpg.rf.f3d1d1a68f80e6e7a761e1c1f244a623_r0c0.jpg,FN,-1,15,0.0,14359,0,165.4849400810022,0.0
ZAINA-679-G_009_jpg.rf.f3d1d1a68f80e6e7a761e1c1f244a623_r0c1.jpg,TP,8,12,0.9293197423373681,27061,27450,311.8732476866078,316.35640401305875
ZAINA-679-G_009_jpg.rf.f3d1d1a68f80e6e7a761e1c1f244a623_r0c1.jpg,TP,0,6,0.9191523822378189,13879,14559,159.95302481957168,167.78990477326494
ZAINA-679-G_009_jpg.rf.f3d1d1a68f80e6e7a761e1c1f244a623_r0c1.jpg,TP,7,10,0.9154792824720247,38751,40161,446.59843394936394,462.84843502981613
ZAINA-679-G_009_jpg.rf.f3d1d1a68f80e6e7a761e1c1f244a623_r0c1.jpg,TP,4,7,0.8996542008196722,14277,15388,164.53990455717448,177.34398342269392
ZAINA-679-G_009_jpg.rf.f3d1d1a68f80e6e7a761e1c1f244a623_r0c1.jpg,TP,1,0,0.8968940316686967,15454,15693,178.10462177114061,180.85905457839456
ZAINA-679-G_009_jpg.rf.f3d1d1a68f80e6e7a761e1c1f244a623_r0c1.jpg,TP,16,9,0.8858993522670653,9603,9322,110.67287969899465,107.43440430636552
ZAINA-679-G_009_jpg.rf.f3d1d1a68f80e6e7a761e1c1f244a623_r0c1.jpg,TP,11,1,0.8788297627274821,3973,4183,45.788123611798994,48.20833653867486
ZAINA-679-G_009_jpg.rf.f3d1d1a68f80e6e7a761e1c1f244a623_r0c1.jpg,TP,5,13,0.8554443053817271,4144,4751,47.75886842368362,54.75443626470099
ZAINA-679-G_009_jpg.rf.f3d1d1a68f80e6e7a761e1c1f244a623_r0c1.jpg,TP,12,2,0.8513093652907234,2211,1960,25.481384672964406,22.588653984174687
ZAINA-679-G_009_jpg.rf.f3d1d1a68f80e6e7a761e1c1f244a623_r0c1.jpg,TP,3,11,0.8261556696957725,4189,5055,48.27748547944274,58.25798259694033
ZAINA-679-G_009_jpg.rf.f3d1d1a68f80e6e7a761e1c1f244a623_r0c1.jpg,TP,2,8,0.7896079056423334,4958,6270,57.14007472119291,72.26064310243638
ZAINA-679-G_009_jpg.rf.f3d1d1a68f80e6e7a761e1c1f244a623_r0c1.jpg,TP,15,3,0.7111219274762716,11841,9252,136.46543460541452,106.62766666407357
ZAINA-679-G_009_jpg.rf.f3d1d1a68f80e6e7a761e1c1f244a623_r0c1.jpg,TP,10,14,0.6984912193915409,4031,2836,46.45656337255519,32.684399336285416
ZAINA-679-G_009_jpg.rf.f3d1d1a68f80e6e7a761e1c1f244a623_r0c1.jpg,TP,6,4,0.6225254146602461,6932,5198,79.89007623382598,59.90603235190817
ZAINA-679-G_009_jpg.rf.f3d1d1a68f80e6e7a761e1c1f244a623_r0c1.jpg,FP,9,-1,0.0,0,3201,0.0,36.890959899664885
ZAINA-679-G_009_jpg.rf.f3d1d1a68f80e6e7a761e1c1f244a623_r0c1.jpg,FP,13,-1,0.0,0,2017,0.0,23.245568921469562
ZAINA-679-G_009_jpg.rf.f3d1d1a68f80e6e7a761e1c1f244a623_r0c1.jpg,FP,14,-1,0.0,0,5488,0.0,63.248231155689126
ZAINA-679-G_009_jpg.rf.f3d1d1a68f80e6e7a761e1c1f244a623_r0c1.jpg,FN,-1,5,0.0,10834,0,124.85993737987171,0.0
ZAINA-679-G_009_jpg.rf.f3d1d1a68f80e6e7a761e1c1f244a623_r0c1.jpg,FN,-1,15,0.0,5555,0,64.02039432759713,0.0
ZAINA-679-G_009_jpg.rf.f3d1d1a68f80e6e7a761e1c1f244a623_r0c2.jpg,TP,2,1,0.6208609271523179,750,1208,8.643617595985212,13.921986741266847
ZAINA-679-G_009_jpg.rf.f3d1d1a68f80e6e7a761e1c1f244a623_r0c2.jpg,FP,0,-1,0.0,0,4253,0.0,49.015074180966806
ZAINA-679-G_009_jpg.rf.f3d1d1a68f80e6e7a761e1c1f244a623_r0c2.jpg,FP,1,-1,0.0,0,3760,0.0,43.333336214539194
ZAINA-679-G_009_jpg.rf.f3d1d1a68f80e6e7a761e1c1f244a623_r0c2.jpg,FN,-1,0,0.0,14331,0,165.16224502408542,0.0
ZAINA-679-G_009_jpg.rf.f3d1d1a68f80e6e7a761e1c1f244a623_r1c0.jpg,TP,8,13,0.926248607030696,9179,9835,105.78635455139768,113.34663874201941
ZAINA-679-G_009_jpg.rf.f3d1d1a68f80e6e7a761e1c1f244a623_r1c0.jpg,TP,14,17,0.924044348833361,5763,5864,66.41755760755036,67.58156477714304
ZAINA-679-G_009_jpg.rf.f3d1d1a68f80e6e7a761e1c1f244a623_r1c0.jpg,TP,1,5,0.9155589227908258,13638,14174,157.1755423653951,163.3528477406592
ZAINA-679-G_009_jpg.rf.f3d1d1a68f80e6e7a761e1c1f244a623_r1c0.jpg,TP,0,23,0.9081904761904762,34658,35468,399.4273315222073,408.76243852587135
ZAINA-679-G_009_jpg.rf.f3d1d1a68f80e6e7a761e1c1f244a623_r1c0.jpg,TP,37,30,0.907737931791971,35164,34312,405.258892193632,395.43974260459277
ZAINA-679-G_009_jpg.rf.f3d1d1a68f80e6e7a761e1c1f244a623_r1c0.jpg,TP,2,27,0.9063619047619048,11948,13073,137.69859071577508,150.6640171097529
ZAINA-679-G_009_jpg.rf.f3d1d1a68f80e6e7a761e1c1f244a623_r1c0.jpg,TP,4,26,0.9043234236604403,11208,10507,129.170221354403,121.09132010802216
ZAINA-679-G_009_jpg.rf.f3d1d1a68f80e6e7a761e1c1f244a623_r1c0.jpg,TP,15,9,0.9017104610808131,7284,8059,83.94681409220837,92.87855227472643
ZAINA-679-G_009_jpg.rf.f3d1d1a68f80e6e7a761e1c1f244a623_r1c0.jpg,TP,9,25,0.9000198767640628,5030,4529,57.96986201040749,52.195925456289366
ZAINA-679-G_009_jpg.rf.f3d1d1a68f80e6e7a761e1c1f244a623_r1c0.jpg,TP,5,4,0.8926536731634183,6135,6489,70.70479193515904,74.78457944046406
ZAINA-679-G_009_jpg.rf.f3d1d1a68f80e6e7a761e1c1f244a623_r1c0.jpg,TP,18,20,0.8883833788292387,2960,3266,34.1134774454883,37.64007342465027
ZAINA-679-G_009_jpg.rf.f3d1d1a68f80e6e7a761e1c1f244a623_r1c0.jpg,TP,38,12,0.8862206975414523,3335,3263,38.43528624348091,37.60549895426633
ZAINA-679-G_009_jpg.rf.f3d1d1a68f80e6e7a761e1c1f244a623_r1c0.jpg,TP,24,15,0.8847276264591439,17052,17823,196.5212896623198,205.40692855099257
ZAINA-679-G_009_jpg.rf.f3d1d1a68f80e6e7a761e1c1f244a623_r1c0.jpg,TP,10,19,0.8771037868162693,5129,5578,59.11081953307754,64.28546526720734
ZAINA-679-G_009_jpg.rf.f3d1d1a68f80e6e7a761e1c1f244a623_r1c0.jpg,TP,7,32,0.8621356799600575,14649,15188,168.82713888478315,175.0390187304312
ZAINA-679-G_009_jpg.rf.f3d1d1a68f80e6e7a761e1c1f244a623_r1c0.jpg,TP,13,3,0.8568113568113568,6619,6984,76.28280649043482,80.48936705381429
ZAINA-679-G_009_jpg.rf.f3d1d1a68f80e6e7a761e1c1f244a623_r1c0.jpg,TP,20,29,0.8490984743411928,6131,7201,70.65869264131378,82.99025374491934
ZAINA-679-G_009_jpg.rf.f3d1d1a68f80e6e7a761e1c1f244a623_r1c0.jpg,TP,6,28,0.8425209807470792,5179,6018,59.687060706143214,69.35638759018534
ZAINA-679-G_009_jpg.rf.f3d1d1a68f80e6e7a761e1c1f244a623_r1c0.jpg,TP,22,8,0.8390045248868778,10546,9775,121.5407882230134,112.65514933434059
ZAINA-679-G_009_jpg.rf.f3d1d1a68f80e6e7a761e1c1f244a623_r1c0.jpg,TP,16,24,0.8327915481511581,18274,17810,210.604623932045,205.2571058459955
ZAINA-679-G_009_jpg.rf.f3d1d1a68f80e6e7a761e1c1f244a623_r1c0.jpg,TP,21,10,0.8122352354846748,7869,6676,90.68883581707684,76.9397214277297
ZAINA-679-G_009_jpg.rf.f3d1d1a68f80e6e7a761e1c1f244a623_r1c0.jpg,TP,23,1,0.809377873122893,2933,2971,33.80230721203284,34.240250503562756
ZAINA-679-G_009_jpg.rf.f3d1d1a68f80e6e7a761e1c1f244a623_r1c0.jpg,TP,12,11,0.7987960175966659,6900,8638,79.52128188306395,99.55142505882701
ZAINA-679-G_009_jpg.rf.f3d1d1a68f80e6e7a761e1c1f244a623_r1c0.jpg,TP,28,31,0.7982261640798226,1663,1581,19.165781416164542,18.220745892336826
ZAINA-679-G_009_jpg.rf.f3d1d1a68f80e6e7a761e1c1f244a623_r1c0.jpg,TP,11,7,0.7869507323568575,4137,5257,47.67819465945443,60.58599693612568
ZAINA-679-G_009_jpg.rf.f3d1d1a68f80e6e7a761e1c1f244a623_r1c0.jpg,TP,19,2,0.7856367092044529,6621,6532,76.30585613735745,75.28014684930054
ZAINA-679-G_009_jpg.rf.f3d1d1a68f80e6e7a761e1c1f244a623_r1c0.jpg,TP,17,21,0.7809260539046303,2262,2892,26.0691506694914,33.32978945011898
ZAINA-679-G_009_jpg.rf.f3d1d1a68f80e6e7a761e1c1f244a623_r1c0.jpg,TP,25,6,0.7629171817058097,3971,3160,45.76507396487637,36.41844213775103
ZAINA-679-G_009_jpg.rf.f3d1d1a68f80e6e7a761e1c1f244a623_r1c0.jpg,TP,31,16,0.7087002935681879,6644,6161,76.57092707696766,71.00443734515319
ZAINA-679-G_009_jpg.rf.f3d1d1a68f80e6e7a761e1c1f244a623_r1c0.jpg,TP,29,18,0.7023031969749055,2043,2909,23.54521433146372,33.52571144896131
ZAINA-679-G_009_jpg.rf.f3d1d1a68f80e6e7a761e1c1f244a623_r1c0.jpg,TP,27,0,0.57834179357022,5523,3805,63.6515999768351,43.85195327029831
ZAINA-679-G_009_jpg.rf.f3d1d1a68f80e6e7a761e1c1f244a623_r1c0.jpg,TP,34,14,0.5239248273395152,69505,41263,801.0328546786029,475.5487904841837
ZAINA-679-G_009_jpg.rf.f3d1d1a68f80e6e7a761e1c1f244a623_r1c0.jpg,FP,3,-1,0.0,0,28875,0.0,332.77927744543064
ZAINA-679-G_009_jpg.rf.f3d1d1a68f80e6e7a761e1c1f244a623_r1c0.jpg,FP,26,-1,0.0,0,6912,0.0,79.65957976459971
ZAINA-679-G_009_jpg.rf.f3d1d1a68f80e6e7a761e1c1f244a623_r1c0.jpg,FP,30,-1,0.0,0,6477,0.0,74.6462815589283
ZAINA-679-G_009_jpg.rf.f3d1d1a68f80e6e7a761e1c1f244a623_r1c0.jpg,FP,32,-1,0.0,0,9645,0.0,111.15692228436983
ZAINA-679-G_009_jpg.rf.f3d1d1a68f80e6e7a761e1c1f244a623_r1c0.jpg,FP,33,-1,0.0,0,24017,0.0,276.7916850703691
ZAINA-679-G_009_jpg.rf.f3d1d1a68f80e6e7a761e1c1f244a623_r1c0.jpg,FP,35,-1,0.0,0,4530,0.0,52.20745027975068
ZAINA-679-G_009_jpg.rf.f3d1d1a68f80e6e7a761e1c1f244a623_r1c0.jpg,FP,36,-1,0.0,0,1111,0.0,12.804078865519427
ZAINA-679-G_009_jpg.rf.f3d1d1a68f80e6e7a761e1c1f244a623_r1c0.jpg,FN,-1,22,0.0,13778,0,158.789017649979,0.0
ZAINA-679-G_009_jpg.rf.f3d1d1a68f80e6e7a761e1c1f244a623_r1c1.jpg,TP,6,4,0.9345078693915904,20512,20664,236.3971788384649,238.14895200458454
ZAINA-679-G_009_jpg.rf.f3d1d1a68f80e6e7a761e1c1f244a623_r1c1.jpg,TP,1,20,0.9173321821713792,4352,4531,50.156031703636856,52.218975103211996
ZAINA-679-G_009_jpg.rf.f3d1d1a68f80e6e7a761e1c1f244a623_r1c1.jpg,TP,24,11,0.9054810340232744,20634,22266,237.80320730074516,256.61171918960895
ZAINA-679-G_009_jpg.rf.f3d1d1a68f80e6e7a761e1c1f244a623_r1c1.jpg,TP,21,13,0.8950649016835882,29502,29480,340.0053417556743,339.75179563952537
ZAINA-679-G_009_jpg.rf.f3d1d1a68f80e6e7a761e1c1f244a623_r1c1.jpg,TP,4,14,0.8913393432066967,5626,6123,64.8386567933504,70.56649405362327
ZAINA-679-G_009_jpg.rf.f3d1d1a68f80e6e7a761e1c1f244a623_r1c1.jpg,TP,11,3,0.8880910549232297,12563,12154,144.78635714448296,140.07270434880567
ZAINA-679-G_009_jpg.rf.f3d1d1a68f80e6e7a761e1c1f244a623_r1c1.jpg,TP,7,21,0.8802022559315441,4549,5119,52.42642192551564,58.9955712984644
ZAINA-679-G_009_jpg.rf.f3d1d1a68f80e6e7a761e1c1f244a623_r1c1.jpg,TP,5,19,0.8726779378000418,4229,4743,48.73847841789528,54.66223767701048
ZAINA-679-G_009_jpg.rf.f3d1d1a68f80e6e7a761e1c1f244a623_r1c1.jpg,TP,13,18,0.8482855800845467,1906,2029,21.966313517263753,23.383866803005326
ZAINA-679-G_009_jpg.rf.f3d1d1a68f80e6e7a761e1c1f244a623_r1c1.jpg,TP,2,12,0.8458577148136741,5644,6343,65.04610361565405,73.10195521511227
ZAINA-679-G_009_jpg.rf.f3d1d1a68f80e6e7a761e1c1f244a623_r1c1.jpg,TP,0,5,0.8430553922145125,16314,15029,188.01596994787033,173.20657180008234
ZAINA-679-G_009_jpg.rf.f3d1d1a68f80e6e7a761e1c1f244a623_r1c1.jpg,TP,8,16,0.8222921497184498,16105,16904,185.60728184445577,194.81561579004537
ZAINA-679-G_009_jpg.rf.f3d1d1a68f80e6e7a761e1c1f244a623_r1c1.jpg,TP,16,17,0.7688207861425717,1221,1434,14.071809446263925,16.526596843523723
ZAINA-679-G_009_jpg.rf.f3d1d1a68f80e6e7a761e1c1f244a623_r1c1.jpg,TP,26,9,0.7497310864108999,13860,10540,159.73405317380673,121.4716392822455
ZAINA-679-G_009_jpg.rf.f3d1d1a68f80e6e7a761e1c1f244a623_r1c1.jpg,TP,14,15,0.7407688416793121,2929,3954,33.75620791818758,45.569151966034035
ZAINA-679-G_009_jpg.rf.f3d1d1a68f80e6e7a761e1c1f244a623_r1c1.jpg,TP,9,1,0.7072938185285238,12166,9322,140.21100223034145,107.43440430636552
ZAINA-679-G_009_jpg.rf.f3d1d1a68f80e6e7a761e1c1f244a623_r1c1.jpg,TP,23,2,0.6766490685114388,61173,49345,705.0080255989378,568.6924136985203
ZAINA-679-G_009_jpg.rf.f3d1d1a68f80e6e7a761e1c1f244a623_r1c1.jpg,TP,15,6,0.6730686541493479,4763,6910,54.892734146236755,79.63653011767708
ZAINA-679-G_009_jpg.rf.f3d1d1a68f80e6e7a761e1c1f244a623_r1c1.jpg,TP,12,7,0.5238023829648009,69599,42178,802.1161880839663,486.0940039512857
ZAINA-679-G_009_jpg.rf.f3d1d1a68f80e6e7a761e1c1f244a623_r1c1.jpg,FP,3,-1,0.0,0,43810,0.0,504.90251584014953
ZAINA-679-G_009_jpg.rf.f3d1d1a68f80e6e7a761e1c1f244a623_r1c1.jpg,FP,10,-1,0.0,0,34237,0.0,394.57538084499424
ZAINA-679-G_009_jpg.rf.f3d1d1a68f80e6e7a761e1c1f244a623_r1c1.jpg,FP,17,-1,0.0,0,4885,0.0,56.298762608517016
ZAINA-679-G_009_jpg.rf.f3d1d1a68f80e6e7a761e1c1f244a623_r1c1.jpg,FP,18,-1,0.0,0,8916,0.0,102.7553259810722
ZAINA-679-G_009_jpg.rf.f3d1d1a68f80e6e7a761e1c1f244a623_r1c1.jpg,FP,19,-1,0.0,0,7936,0.0,91.46099898898485
ZAINA-679-G_009_jpg.rf.f3d1d1a68f80e6e7a761e1c1f244a623_r1c1.jpg,FP,20,-1,0.0,0,8845,0.0,101.93706351531893
ZAINA-679-G_009_jpg.rf.f3d1d1a68f80e6e7a761e1c1f244a623_r1c1.jpg,FP,22,-1,0.0,0,14318,0.0,165.01242231908836
ZAINA-679-G_009_jpg.rf.f3d1d1a68f80e6e7a761e1c1f244a623_r1c1.jpg,FP,25,-1,0.0,0,19445,0.0,224.10019220524325
ZAINA-679-G_009_jpg.rf.f3d1d1a68f80e6e7a761e1c1f244a623_r1c1.jpg,FP,27,-1,0.0,0,586,0.0,6.753546548329779
ZAINA-679-G_009_jpg.rf.f3d1d1a68f80e6e7a761e1c1f244a623_r1c1.jpg,FP,28,-1,0.0,0,32171,0.0,370.76509557392035
ZAINA-679-G_009_jpg.rf.f3d1d1a68f80e6e7a761e1c1f244a623_r1c1.jpg,FN,-1,0,0.0,2124,0,24.47872503183012,0.0
ZAINA-679-G_009_jpg.rf.f3d1d1a68f80e6e7a761e1c1f244a623_r1c1.jpg,FN,-1,8,0.0,6561,0,75.61436672967864,0.0
ZAINA-679-G_009_jpg.rf.f3d1d1a68f80e6e7a761e1c1f244a623_r1c1.jpg,FN,-1,10,0.0,14969,0,172.5150823924035,0.0
ZAINA-679-G_009_jpg.rf.f3d1d1a68f80e6e7a761e1c1f244a623_r1c2.jpg,TP,2,11,0.9278815196394076,8823,9141,101.68351739917003,105.34841125986776
ZAINA-679-G_009_jpg.rf.f3d1d1a68f80e6e7a761e1c1f244a623_r1c2.jpg,TP,19,9,0.8955106621773289,8281,8608,95.43706308313806,99.2056803549876
ZAINA-679-G_009_jpg.rf.f3d1d1a68f80e6e7a761e1c1f244a623_r1c2.jpg,TP,11,5,0.8919132149901381,4526,5066,52.16135098590542,58.38475565501478
ZAINA-679-G_009_jpg.rf.f3d1d1a68f80e6e7a761e1c1f244a623_r1c2.jpg,TP,6,3,0.8841563304469927,3797,4254,43.7597546826078,49.02659900442812
ZAINA-679-G_009_jpg.rf.f3d1d1a68f80e6e7a761e1c1f244a623_r1c2.jpg,TP,5,4,0.879603620474407,12056,12033,138.94327164959697,138.67820070998673
ZAINA-679-G_009_jpg.rf.f3d1d1a68f80e6e7a761e1c1f244a623_r1c2.jpg,TP,16,16,0.8739438999662048,2596,2949,29.918441705570146,33.98670438741385
ZAINA-679-G_009_jpg.rf.f3d1d1a68f80e6e7a761e1c1f244a623_r1c2.jpg,TP,0,7,0.8734066701588965,5009,5720,57.7278407177199,65.92199019871389
ZAINA-679-G_009_jpg.rf.f3d1d1a68f80e6e7a761e1c1f244a623_r1c2.jpg,TP,7,12,0.859265793580783,13056,14344,150.46809511091055,165.31206772908251
ZAINA-679-G_009_jpg.rf.f3d1d1a68f80e6e7a761e1c1f244a623_r1c2.jpg,TP,10,17,0.830412559328222,4549,5478,52.42642192551564,63.132982921075985
ZAINA-679-G_009_jpg.rf.f3d1d1a68f80e6e7a761e1c1f244a623_r1c2.jpg,TP,1,0,0.8261022308097664,10736,10056,123.73050468066297,115.89362472696972
ZAINA-679-G_009_jpg.rf.f3d1d1a68f80e6e7a761e1c1f244a623_r1c2.jpg,TP,18,15,0.8046971569839307,9443,8077,108.82890794518447,93.08599909703007
ZAINA-679-G_009_jpg.rf.f3d1d1a68f80e6e7a761e1c1f244a623_r1c2.jpg,TP,12,10,0.7906091370558376,2496,3148,28.765959359438785,36.280144256215266
ZAINA-679-G_009_jpg.rf.f3d1d1a68f80e6e7a761e1c1f244a623_r1c2.jpg,TP,14,13,0.7285496183206107,6267,5055,72.22606863205243,58.25798259694033
ZAINA-679-G_009_jpg.rf.f3d1d1a68f80e6e7a761e1c1f244a623_r1c2.jpg,TP,20,1,0.668626010286554,910,1361,10.48758934979539,15.685284730847831
ZAINA-679-G_009_jpg.rf.f3d1d1a68f80e6e7a761e1c1f244a623_r1c2.jpg,TP,9,19,0.6113649910590105,18992,13448,218.8794471772682,154.9858259077455
ZAINA-679-G_009_jpg.rf.f3d1d1a68f80e6e7a761e1c1f244a623_r1c2.jpg,TP,3,18,0.5253313253012049,32677,17964,376.596656245345,207.0319286590378
ZAINA-679-G_009_jpg.rf.f3d1d1a68f80e6e7a761e1c1f244a623_r1c2.jpg,FP,4,-1,0.0,0,4927,0.0,56.78280519389219
ZAINA-679-G_009_jpg.rf.f3d1d1a68f80e6e7a761e1c1f244a623_r1c2.jpg,FP,8,-1,0.0,0,10576,0.0,121.8865329268528
ZAINA-679-G_009_jpg.rf.f3d1d1a68f80e6e7a761e1c1f244a623_r1c2.jpg,FP,13,-1,0.0,0,5252,0.0,60.52837281881911
ZAINA-679-G_009_jpg.rf.f3d1d1a68f80e6e7a761e1c1f244a623_r1c2.jpg,FP,15,-1,0.0,0,8842,0.0,101.902489044935
ZAINA-679-G_009_jpg.rf.f3d1d1a68f80e6e7a761e1c1f244a623_r1c2.jpg,FP,17,-1,0.0,0,3250,0.0,37.45567624926925
ZAINA-679-G_009_jpg.rf.f3d1d1a68f80e6e7a761e1c1f244a623_r1c2.jpg,FP,21,-1,0.0,0,33355,0.0,384.41048655211563
ZAINA-679-G_009_jpg.rf.f3d1d1a68f80e6e7a761e1c1f244a623_r1c2.jpg,FP,22,-1,0.0,0,25758,0.0,296.85640271651613
ZAINA-679-G_009_jpg.rf.f3d1d1a68f80e6e7a761e1c1f244a623_r1c2.jpg,FN,-1,2,0.0,4671,0,53.8324503877959,0.0
ZAINA-679-G_009_jpg.rf.f3d1d1a68f80e6e7a761e1c1f244a623_r1c2.jpg,FN,-1,6,0.0,6681,0,76.99734554503627,0.0
ZAINA-679-G_009_jpg.rf.f3d1d1a68f80e6e7a761e1c1f244a623_r1c2.jpg,FN,-1,8,0.0,2434,0,28.05142030483734,0.0
ZAINA-679-G_009_jpg.rf.f3d1d1a68f80e6e7a761e1c1f244a623_r1c2.jpg,FN,-1,14,0.0,60899,0,701.8502239705379,0.0
ZAINA-679-G_009_jpg.rf.f3d1d1a68f80e6e7a761e1c1f244a623_r2c0.jpg,TP,0,4,0.8084608460846084,4499,5547,51.85018075244996,63.92819573990663
ZAINA-679-G_009_jpg.rf.f3d1d1a68f80e6e7a761e1c1f244a623_r2c0.jpg,TP,1,2,0.7704605823685662,15590,19736,179.67199776187928,227.45391583248554
ZAINA-679-G_009_jpg.rf.f3d1d1a68f80e6e7a761e1c1f244a623_r2c0.jpg,TP,2,3,0.737037037037037,2388,3240,27.521278425616913,37.34042801465611
ZAINA-679-G_009_jpg.rf.f3d1d1a68f80e6e7a761e1c1f244a623_r2c0.jpg,FN,-1,0,0.0,3195,0,36.821810958897004,0.0
ZAINA-679-G_009_jpg.rf.f3d1d1a68f80e6e7a761e1c1f244a623_r2c0.jpg,FN,-1,1,0.0,3561,0,41.03989634573779,0.0
ZAINA-679-G_009_jpg.rf.f3d1d1a68f80e6e7a761e1c1f244a623_r2c1.jpg,TP,11,0,0.9260831564489949,7442,7984,85.76773619909594,92.01419051512791
ZAINA-679-G_009_jpg.rf.f3d1d1a68f80e6e7a761e1c1f244a623_r2c1.jpg,TP,0,13,0.9189997607083035,7828,8211,90.21631805516299,94.6303254408461
ZAINA-679-G_009_jpg.rf.f3d1d1a68f80e6e7a761e1c1f244a623_r2c1.jpg,TP,6,17,0.9086963029486603,6311,6441,72.73316086435022,74.231387914321
ZAINA-679-G_009_jpg.rf.f3d1d1a68f80e6e7a761e1c1f244a623_r2c1.jpg,TP,7,24,0.9057524396507447,3624,3797,41.76596022380054,43.7597546826078
ZAINA-679-G_009_jpg.rf.f3d1d1a68f80e6e7a761e1c1f244a623_r2c1.jpg,TP,2,19,0.8916993881837275,9816,10900,113.12766709625446,125.62057572831841
ZAINA-679-G_009_jpg.rf.f3d1d1a68f80e6e7a761e1c1f244a623_r2c1.jpg,TP,5,1,0.8865141131374144,8314,7927,95.8173822573614,91.35727557783304
ZAINA-679-G_009_jpg.rf.f3d1d1a68f80e6e7a761e1c1f244a623_r2c1.jpg,TP,4,25,0.8787132867132867,33656,33508,387.87945841397107,386.17378454169665
ZAINA-679-G_009_jpg.rf.f3d1d1a68f80e6e7a761e1c1f244a623_r2c1.jpg,TP,10,22,0.8689128718083706,3633,3467,41.869683634952366,39.956562940374305
ZAINA-679-G_009_jpg.rf.f3d1d1a68f80e6e7a761e1c1f244a623_r2c1.jpg,TP,14,7,0.8681451126913342,7783,7717,89.69770099940388,88.93706265095717
ZAINA-679-G_009_jpg.rf.f3d1d1a68f80e6e7a761e1c1f244a623_r2c1.jpg,TP,1,16,0.8616687279992389,9198,10370,106.00532619716263,119.51241929382219
ZAINA-679-G_009_jpg.rf.f3d1d1a68f80e6e7a761e1c1f244a623_r2c1.jpg,TP,23,11,0.856995353639649,3351,3843,38.619683418861925,44.28989656182823
ZAINA-679-G_009_jpg.rf.f3d1d1a68f80e6e7a761e1c1f244a623_r2c1.jpg,TP,3,21,0.8504469678666344,3528,4131,40.659577171514435,47.609045718686545
ZAINA-679-G_009_jpg.rf.f3d1d1a68f80e6e7a761e1c1f244a623_r2c1.jpg,TP,9,15,0.8448892065761258,3546,4197,40.86702399381808,48.36968406713324
ZAINA-679-G_009_jpg.rf.f3d1d1a68f80e6e7a761e1c1f244a623_r2c1.jpg,TP,19,6,0.8410283315844701,3733,3285,43.02216598108373,37.85904507041523
ZAINA-679-G_009_jpg.rf.f3d1d1a68f80e6e7a761e1c1f244a623_r2c1.jpg,TP,15,18,0.8383673469387755,3674,3082,42.34220139686622,35.51950590776856
ZAINA-679-G_009_jpg.rf.f3d1d1a68f80e6e7a761e1c1f244a623_r2c1.jpg,TP,13,20,0.7846903669724771,6522,5928,75.1648986146874,68.31915347866712
ZAINA-679-G_009_jpg.rf.f3d1d1a68f80e6e7a761e1c1f244a623_r2c1.jpg,TP,17,26,0.7781182960465829,2539,3263,29.26152676827527,37.60549895426633
ZAINA-679-G_009_jpg.rf.f3d1d1a68f80e6e7a761e1c1f244a623_r2c1.jpg,TP,8,14,0.7258092738407699,5347,4516,61.623231047643905,52.04610275129229
ZAINA-679-G_009_jpg.rf.f3d1d1a68f80e6e7a761e1c1f244a623_r2c1.jpg,TP,16,2,0.6689965052421368,3671,3015,42.307626926482286,34.74734273586055
ZAINA-679-G_009_jpg.rf.f3d1d1a68f80e6e7a761e1c1f244a623_r2c1.jpg,FP,12,-1,0.0,0,2616,0.0,30.14893817479642
ZAINA-679-G_009_jpg.rf.f3d1d1a68f80e6e7a761e1c1f244a623_r2c1.jpg,FP,18,-1,0.0,0,2701,0.0,31.128548169008077
ZAINA-679-G_009_jpg.rf.f3d1d1a68f80e6e7a761e1c1f244a623_r2c1.jpg,FP,20,-1,0.0,0,3123,0.0,35.992023669682425
ZAINA-679-G_009_jpg.rf.f3d1d1a68f80e6e7a761e1c1f244a623_r2c1.jpg,FP,21,-1,0.0,0,1008,0.0,11.617022049004124
ZAINA-679-G_009_jpg.rf.f3d1d1a68f80e6e7a761e1c1f244a623_r2c1.jpg,FP,22,-1,0.0,0,4546,0.0,52.391847455131696
ZAINA-679-G_009_jpg.rf.f3d1d1a68f80e6e7a761e1c1f244a623_r2c1.jpg,FN,-1,3,0.0,2556,0,29.4574487671176,0.0
ZAINA-679-G_009_jpg.rf.f3d1d1a68f80e6e7a761e1c1f244a623_r2c1.jpg,FN,-1,4,0.0,3855,0,44.42819444336399,0.0
ZAINA-679-G_009_jpg.rf.f3d1d1a68f80e6e7a761e1c1f244a623_r2c1.jpg,FN,-1,5,0.0,11847,0,136.5345835461824,0.0
ZAINA-679-G_009_jpg.rf.f3d1d1a68f80e6e7a761e1c1f244a623_r2c1.jpg,FN,-1,8,0.0,8427,0,97.11968730848984,0.0
ZAINA-679-G_009_jpg.rf.f3d1d1a68f80e6e7a761e1c1f244a623_r2c1.jpg,FN,-1,9,0.0,4262,0,49.11879759211863,0.0
ZAINA-679-G_009_jpg.rf.f3d1d1a68f80e6e7a761e1c1f244a623_r2c1.jpg,FN,-1,10,0.0,10837,0,124.89451185025565,0.0
ZAINA-679-G_009_jpg.rf.f3d1d1a68f80e6e7a761e1c1f244a623_r2c1.jpg,FN,-1,12,0.0,19795,0,228.13388041670302,0.0
ZAINA-679-G_009_jpg.rf.f3d1d1a68f80e6e7a761e1c1f244a623_r2c1.jpg,FN,-1,23,0.0,5970,0,68.80319606404228,0.0
ZAINA-679-G_009_jpg.rf.f3d1d1a68f80e6e7a761e1c1f244a623_r2c2.jpg,TP,5,3,0.905373831775701,5450,5967,62.81028786415921,68.76862159365835
ZAINA-679-G_009_jpg.rf.f3d1d1a68f80e6e7a761e1c1f244a623_r2c2.jpg,TP,2,7,0.9030285381479325,3142,3393,36.210995315447384,39.103726004237096
ZAINA-679-G_009_jpg.rf.f3d1d1a68f80e6e7a761e1c1f244a623_r2c2.jpg,TP,17,12,0.8996906041361342,5849,5817,67.40869242522334,67.0398980744613
ZAINA-679-G_009_jpg.rf.f3d1d1a68f80e6e7a761e1c1f244a623_r2c2.jpg,TP,8,6,0.8982721382289417,4219,4570,48.623230183282146,52.66844321820322
ZAINA-679-G_009_jpg.rf.f3d1d1a68f80e6e7a761e1c1f244a623_r2c2.jpg,TP,0,15,0.8968974873186268,23217,25023,267.5718263013182,288.3856574724506
ZAINA-679-G_009_jpg.rf.f3d1d1a68f80e6e7a761e1c1f244a623_r2c2.jpg,TP,12,27,0.895172985291071,4553,4595,52.47252121936089,52.956563804736064
ZAINA-679-G_009_jpg.rf.f3d1d1a68f80e6e7a761e1c1f244a623_r2c2.jpg,TP,11,1,0.8821991541714725,12314,12164,141.91667610261587,140.18795258341882
ZAINA-679-G_009_jpg.rf.f3d1d1a68f80e6e7a761e1c1f244a623_r2c2.jpg,TP,9,20,0.858772874058127,4028,4606,46.42198890217124,53.08333686281051
ZAINA-679-G_009_jpg.rf.f3d1d1a68f80e6e7a761e1c1f244a623_r2c2.jpg,TP,3,2,0.8516168645108473,4212,4835,48.54255641905295,55.722521435451334
ZAINA-679-G_009_jpg.rf.f3d1d1a68f80e6e7a761e1c1f244a623_r2c2.jpg,TP,7,18,0.8507082152974504,3009,3524,34.67819379509267,40.61347787766918
ZAINA-679-G_009_jpg.rf.f3d1d1a68f80e6e7a761e1c1f244a623_r2c2.jpg,TP,18,5,0.8429931972789115,3506,3267,40.40603105536554,37.65159824811158
ZAINA-679-G_009_jpg.rf.f3d1d1a68f80e6e7a761e1c1f244a623_r2c2.jpg,TP,6,14,0.838592750533049,3933,4690,45.32713067334645,54.05142203356086
ZAINA-679-G_009_jpg.rf.f3d1d1a68f80e6e7a761e1c1f244a623_r2c2.jpg,TP,24,22,0.8259342698118208,13225,14332,152.41579027587258,165.17376984754674
ZAINA-679-G_009_jpg.rf.f3d1d1a68f80e6e7a761e1c1f244a623_r2c2.jpg,TP,4,30,0.823262839879154,5472,6598,63.063833980308104,76.04078519774724
ZAINA-679-G_009_jpg.rf.f3d1d1a68f80e6e7a761e1c1f244a623_r2c2.jpg,TP,1,4,0.8184458968772694,17236,17820,198.64185717920148,205.37235408060863
ZAINA-679-G_009_jpg.rf.f3d1d1a68f80e6e7a761e1c1f244a623_r2c2.jpg,TP,19,16,0.8136798234861485,3342,4056,38.515960007710106,46.74468395908803
ZAINA-679-G_009_jpg.rf.f3d1d1a68f80e6e7a761e1c1f244a623_r2c2.jpg,TP,21,9,0.7969176432814256,5038,6155,58.06206059809799,70.9352884043853
ZAINA-679-G_009_jpg.rf.f3d1d1a68f80e6e7a761e1c1f244a623_r2c2.jpg,TP,10,17,0.785921625544267,2182,2740,25.14716479258631,31.578016283999307
ZAINA-679-G_009_jpg.rf.f3d1d1a68f80e6e7a761e1c1f244a623_r2c2.jpg,TP,25,11,0.7814397224631396,2801,3361,32.281030515139435,38.734931653475066
ZAINA-679-G_009_jpg.rf.f3d1d1a68f80e6e7a761e1c1f244a623_r2c2.jpg,TP,13,21,0.7640503104601178,4986,6094,57.46276977810969,70.23227417324517
ZAINA-679-G_009_jpg.rf.f3d1d1a68f80e6e7a761e1c1f244a623_r2c2.jpg,TP,15,13,0.755608028335301,1947,2514,22.43883127917761,28.97340618174243
ZAINA-679-G_009_jpg.rf.f3d1d1a68f80e6e7a761e1c1f244a623_r2c2.jpg,TP,16,19,0.7462253193960511,1337,1670,15.408688967776305,19.24645518039374
ZAINA-679-G_009_jpg.rf.f3d1d1a68f80e6e7a761e1c1f244a623_r2c2.jpg,TP,20,25,0.733206106870229,5240,3842,60.390074937283345,44.278371738366914
ZAINA-679-G_009_jpg.rf.f3d1d1a68f80e6e7a761e1c1f244a623_r2c2.jpg,TP,28,24,0.5415337220816372,10641,17381,122.63564645183818,200.31295658109195
ZAINA-679-G_009_jpg.rf.f3d1d1a68f80e6e7a761e1c1f244a623_r2c2.jpg,FP,14,-1,0.0,0,5281,0.0,60.86259269919721
ZAINA-679-G_009_jpg.rf.f3d1d1a68f80e6e7a761e1c1f244a623_r2c2.jpg,FP,22,-1,0.0,0,4151,0.0,47.83954218791282
ZAINA-679-G_009_jpg.rf.f3d1d1a68f80e6e7a761e1c1f244a623_r2c2.jpg,FP,23,-1,0.0,0,803,0.0,9.254433239434833
ZAINA-679-G_009_jpg.rf.f3d1d1a68f80e6e7a761e1c1f244a623_r2c2.jpg,FP,26,-1,0.0,0,2679,0.0,30.875002052859177
ZAINA-679-G_009_jpg.rf.f3d1d1a68f80e6e7a761e1c1f244a623_r2c2.jpg,FP,27,-1,0.0,0,20782,0.0,239.50888117301957
ZAINA-679-G_009_jpg.rf.f3d1d1a68f80e6e7a761e1c1f244a623_r2c2.jpg,FN,-1,0,0.0,9135,0,105.27926231909989,0.0
ZAINA-679-G_009_jpg.rf.f3d1d1a68f80e6e7a761e1c1f244a623_r2c2.jpg,FN,-1,8,0.0,9817,0,113.13919191971577,0.0
ZAINA-679-G_009_jpg.rf.f3d1d1a68f80e6e7a761e1c1f244a623_r2c2.jpg,FN,-1,10,0.0,3276,0,37.75532165926341,0.0
ZAINA-679-G_009_jpg.rf.f3d1d1a68f80e6e7a761e1c1f244a623_r2c2.jpg,FN,-1,23,0.0,15742,0,181.42377092799893,0.0
ZAINA-679-G_009_jpg.rf.f3d1d1a68f80e6e7a761e1c1f244a623_r2c2.jpg,FN,-1,26,0.0,6943,0,80.01684929190043,0.0
ZAINA-679-G_009_jpg.rf.f3d1d1a68f80e6e7a761e1c1f244a623_r2c2.jpg,FN,-1,28,0.0,41970,0,483.69684067133244,0.0
ZAINA-679-G_009_jpg.rf.f3d1d1a68f80e6e7a761e1c1f244a623_r2c2.jpg,FN,-1,29,0.0,17144,0,197.58157342076063,0.0
ZAINA-679-G_011_jpg.rf.5f57ef6c944be100b1ea7d06649ae4ae_r0c0.jpg,TP,4,9,0.8922984356197352,18163,19577,209.3253685278392,225.62146890213666
ZAINA-679-G_011_jpg.rf.5f57ef6c944be100b1ea7d06649ae4ae_r0c0.jpg,TP,0,1,0.8726690525522698,9344,10540,107.68795042251443,121.4716392822455
ZAINA-679-G_011_jpg.rf.5f57ef6c944be100b1ea7d06649ae4ae_r0c0.jpg,TP,6,2,0.8589357429718876,1791,1912,20.640958819212685,22.035462458031635
ZAINA-679-G_011_jpg.rf.5f57ef6c944be100b1ea7d06649ae4ae_r0c0.jpg,TP,17,10,0.85769386180803,24730,25842,285.0088841982857,297.82448788726646
ZAINA-679-G_011_jpg.rf.5f57ef6c944be100b1ea7d06649ae4ae_r0c0.jpg,TP,1,3,0.8469442942130881,4788,5457,55.18085473276959,62.8909616283884
ZAINA-679-G_011_jpg.rf.5f57ef6c944be100b1ea7d06649ae4ae_r0c0.jpg,TP,2,0,0.8180369238942755,6240,7448,71.91489839859696,85.83688513986381
ZAINA-679-G_011_jpg.rf.5f57ef6c944be100b1ea7d06649ae4ae_r0c0.jpg,TP,3,4,0.787819253438114,1605,2035,18.497341655408352,23.453015743773207
ZAINA-679-G_011_jpg.rf.5f57ef6c944be100b1ea7d06649ae4ae_r0c0.jpg,TP,16,5,0.763960396039604,2041,2413,23.52216468454109,27.809399012149754
ZAINA-679-G_011_jpg.rf.5f57ef6c944be100b1ea7d06649ae4ae_r0c0.jpg,TP,14,7,0.7411460895228726,15489,12829,178.5079905922866,147.85196018519238
ZAINA-679-G_011_jpg.rf.5f57ef6c944be100b1ea7d06649ae4ae_r0c0.jpg,TP,8,8,0.6358348862160483,11308,17661,130.32270370053436,203.53990715025978
ZAINA-679-G_011_jpg.rf.5f57ef6c944be100b1ea7d06649ae4ae_r0c0.jpg,TP,10,11,0.6327272727272727,2281,3556,26.28812231525636,40.98227222843122
ZAINA-679-G_011_jpg.rf.5f57ef6c944be100b1ea7d06649ae4ae_r0c0.jpg,TP,15,6,0.5602533304214894,22467,13255,258.928208705333,152.76153497971197
ZAINA-679-G_011_jpg.rf.5f57ef6c944be100b1ea7d06649ae4ae_r0c0.jpg,FP,5,-1,0.0,0,15000,0.0,172.87235191970424
ZAINA-679-G_011_jpg.rf.5f57ef6c944be100b1ea7d06649ae4ae_r0c0.jpg,FP,7,-1,0.0,0,1240,0.0,14.290781092028883
ZAINA-679-G_011_jpg.rf.5f57ef6c944be100b1ea7d06649ae4ae_r0c0.jpg,FP,9,-1,0.0,0,8542,0.0,98.4450420065409
ZAINA-679-G_011_jpg.rf.5f57ef6c944be100b1ea7d06649ae4ae_r0c0.jpg,FP,11,-1,0.0,0,1364,0.0,15.719859201231772
ZAINA-679-G_011_jpg.rf.5f57ef6c944be100b1ea7d06649ae4ae_r0c0.jpg,FP,12,-1,0.0,0,8711,0.0,100.3927371715029
ZAINA-679-G_011_jpg.rf.5f57ef6c944be100b1ea7d06649ae4ae_r0c0.jpg,FP,13,-1,0.0,0,17242,0.0,198.71100611996937
ZAINA-679-G_011_jpg.rf.5f57ef6c944be100b1ea7d06649ae4ae_r0c0.jpg,FP,18,-1,0.0,0,999,0.0,11.513298637852301
ZAINA-679-G_011_jpg.rf.5f57ef6c944be100b1ea7d06649ae4ae_r0c0.jpg,FP,19,-1,0.0,0,9533,0.0,109.8661420567027
ZAINA-679-G_011_jpg.rf.5f57ef6c944be100b1ea7d06649ae4ae_r0c1.jpg,TP,5,13,0.9258655669005886,29704,28201,342.33335609485965,325.01154643250527
ZAINA-679-G_011_jpg.rf.5f57ef6c944be100b1ea7d06649ae4ae_r0c1.jpg,TP,11,4,0.9209812957441041,6847,7326,78.91046623961432,84.43085667758355
ZAINA-679-G_011_jpg.rf.5f57ef6c944be100b1ea7d06649ae4ae_r0c1.jpg,TP,3,5,0.9166154224572624,7507,8077,86.51684972408131,93.08599909703007
ZAINA-679-G_011_jpg.rf.5f57ef6c944be100b1ea7d06649ae4ae_r0c1.jpg,TP,8,17,0.9123440084197865,6122,6597,70.55496923016196,76.02926037428593
ZAINA-679-G_011_jpg.rf.5f57ef6c944be100b1ea7d06649ae4ae_r0c1.jpg,TP,2,12,0.9022224735621783,16560,17077,190.85107651935348,196.80941024885263
ZAINA-679-G_011_jpg.rf.5f57ef6c944be100b1ea7d06649ae4ae_r0c1.jpg,TP,6,11,0.9017194400075167,9722,10518,112.04433369089097,121.21809316609661
ZAINA-679-G_011_jpg.rf.5f57ef6c944be100b1ea7d06649ae4ae_r0c1.jpg,TP,13,15,0.8994596131968146,6382,6975,73.55142333010349,80.38564364266247
ZAINA-679-G_011_jpg.rf.5f57ef6c944be100b1ea7d06649ae4ae_r0c1.jpg,TP,12,14,0.8977904490377762,6970,6343,80.3280195253559,73.10195521511227
ZAINA-679-G_011_jpg.rf.5f57ef6c944be100b1ea7d06649ae4ae_r0c1.jpg,TP,17,9,0.8957411504424779,3486,3369,40.175534586139264,38.82713024116557
ZAINA-679-G_011_jpg.rf.5f57ef6c944be100b1ea7d06649ae4ae_r0c1.jpg,TP,14,20,0.8882966910948257,4066,4437,46.85993219370116,51.13564169784851
ZAINA-679-G_011_jpg.rf.5f57ef6c944be100b1ea7d06649ae4ae_r0c1.jpg,TP,15,10,0.8818411894969946,6037,5860,69.5753592359503,67.53546548329778
ZAINA-679-G_011_jpg.rf.5f57ef6c944be100b1ea7d06649ae4ae_r0c1.jpg,TP,1,2,0.8759063409227359,19039,21580,219.42111387994993,248.70569029514783
ZAINA-679-G_011_jpg.rf.5f57ef6c944be100b1ea7d06649ae4ae_r0c1.jpg,TP,20,18,0.8698300154531406,20883,20257,240.67288834261223,233.4583488558299
ZAINA-679-G_011_jpg.rf.5f57ef6c944be100b1ea7d06649ae4ae_r0c1.jpg,TP,0,3,0.8688180899254988,23254,26664,267.9982447693868,307.29789277246624
ZAINA-679-G_011_jpg.rf.5f57ef6c944be100b1ea7d06649ae4ae_r0c1.jpg,TP,7,1,0.8654937994920066,23641,26302,272.4583514489152,303.12590667947075
ZAINA-679-G_011_jpg.rf.5f57ef6c944be100b1ea7d06649ae4ae_r0c1.jpg,TP,18,8,0.8637644406875176,6231,6998,71.81117498744514,80.65071458227268
ZAINA-679-G_011_jpg.rf.5f57ef6c944be100b1ea7d06649ae4ae_r0c1.jpg,TP,16,19,0.826647564469914,2308,2792,26.599292548711826,32.177307103987616
ZAINA-679-G_011_jpg.rf.5f57ef6c944be100b1ea7d06649ae4ae_r0c1.jpg,TP,10,6,0.8035619820137542,4560,5668,52.55319498359009,65.32269937872557
ZAINA-679-G_011_jpg.rf.5f57ef6c944be100b1ea7d06649ae4ae_r0c1.jpg,TP,4,0,0.7955342074516423,12256,15406,141.24823634185967,177.55143024499756
ZAINA-679-G_011_jpg.rf.5f57ef6c944be100b1ea7d06649ae4ae_r0c1.jpg,TP,9,21,0.7019217663895325,5253,7234,60.53989764228042,83.3705729191427
ZAINA-679-G_011_jpg.rf.5f57ef6c944be100b1ea7d06649ae4ae_r0c1.jpg,FP,19,-1,0.0,0,4408,0.0,50.80142181747042
ZAINA-679-G_011_jpg.rf.5f57ef6c944be100b1ea7d06649ae4ae_r0c1.jpg,FN,-1,7,0.0,9118,0,105.08334032025755,0.0
ZAINA-679-G_011_jpg.rf.5f57ef6c944be100b1ea7d06649ae4ae_r0c1.jpg,FN,-1,16,0.0,3989,0,45.97252078718002,0.0
ZAINA-679-G_011_jpg.rf.5f57ef6c944be100b1ea7d06649ae4ae_r0c2.jpg,TP,27,16,0.9090361647318591,28077,28986,323.5824683233024,334.0585328496365
ZAINA-679-G_011_jpg.rf.5f57ef6c944be100b1ea7d06649ae4ae_r0c2.jpg,TP,26,20,0.9047862709596158,23383,25010,269.4849469958963,288.2358347674535
ZAINA-679-G_011_jpg.rf.5f57ef6c944be100b1ea7d06649ae4ae_r0c2.jpg,TP,3,8,0.8883682008368201,5403,5880,62.26862116147747,67.76596195252407
ZAINA-679-G_011_jpg.rf.5f57ef6c944be100b1ea7d06649ae4ae_r0c2.jpg,TP,4,17,0.8864042933810375,7019,7744,80.89273587496027,89.24823288441264
ZAINA-679-G_011_jpg.rf.5f57ef6c944be100b1ea7d06649ae4ae_r0c2.jpg,TP,2,13,0.8797306710006966,15769,16615,181.7349411614544,191.48494180972574
ZAINA-679-G_011_jpg.rf.5f57ef6c944be100b1ea7d06649ae4ae_r0c2.jpg,TP,6,2,0.8570771001150748,7863,8275,90.61968687630896,95.36791414237017
ZAINA-679-G_011_jpg.rf.5f57ef6c944be100b1ea7d06649ae4ae_r0c2.jpg,TP,29,0,0.8515017350723944,7444,8029,85.79078584601855,92.53280757088702
ZAINA-679-G_011_jpg.rf.5f57ef6c944be100b1ea7d06649ae4ae_r0c2.jpg,TP,10,11,0.8480324197504532,25540,26447,294.34399120194973,304.7970060813612
ZAINA-679-G_011_jpg.rf.5f57ef6c944be100b1ea7d06649ae4ae_r0c2.jpg,TP,1,7,0.8256451183825485,15518,18795,178.8422104726647,216.6090569553894
ZAINA-679-G_011_jpg.rf.5f57ef6c944be100b1ea7d06649ae4ae_r0c2.jpg,TP,12,18,0.8083800841514727,4810,5505,55.43440084891849,63.444153154531456
ZAINA-679-G_011_jpg.rf.5f57ef6c944be100b1ea7d06649ae4ae_r0c2.jpg,TP,5,19,0.806905106470953,7807,9673,89.9742967624754,111.47961734128661
ZAINA-679-G_011_jpg.rf.5f57ef6c944be100b1ea7d06649ae4ae_r0c2.jpg,TP,9,3,0.8063675832127352,2799,3442,32.25798086821681,39.66844235384146
ZAINA-679-G_011_jpg.rf.5f57ef6c944be100b1ea7d06649ae4ae_r0c2.jpg,TP,16,15,0.8023440361372238,6580,8183,75.83333837544359,94.30763038392932
ZAINA-679-G_011_jpg.rf.5f57ef6c944be100b1ea7d06649ae4ae_r0c2.jpg,TP,13,10,0.795827538247566,3184,3272,36.695037900822555,37.70922236541815
ZAINA-679-G_011_jpg.rf.5f57ef6c944be100b1ea7d06649ae4ae_r0c2.jpg,TP,7,21,0.7951292313954277,12087,14375,139.30054117689767,165.66933725638322
ZAINA-679-G_011_jpg.rf.5f57ef6c944be100b1ea7d06649ae4ae_r0c2.jpg,TP,18,9,0.7268026632667517,12891,11488,148.5664992397938,132.39717192357082
ZAINA-679-G_011_jpg.rf.5f57ef6c944be100b1ea7d06649ae4ae_r0c2.jpg,TP,15,4,0.7141937560347602,2219,3107,25.573583260654914,35.8076264943014
ZAINA-679-G_011_jpg.rf.5f57ef6c944be100b1ea7d06649ae4ae_r0c2.jpg,TP,8,12,0.7085666909189354,54634,46344,629.647204985408,534.1064184911182
ZAINA-679-G_011_jpg.rf.5f57ef6c944be100b1ea7d06649ae4ae_r0c2.jpg,TP,14,14,0.6981246218995766,20797,18501,239.68175352493927,213.2207588577632
ZAINA-679-G_011_jpg.rf.5f57ef6c944be100b1ea7d06649ae4ae_r0c2.jpg,TP,19,1,0.6381395348837209,714,1047,8.228723951377921,12.066490163995356
ZAINA-679-G_011_jpg.rf.5f57ef6c944be100b1ea7d06649ae4ae_r0c2.jpg,FP,0,-1,0.0,0,8314,0.0,95.8173822573614
ZAINA-679-G_011_jpg.rf.5f57ef6c944be100b1ea7d06649ae4ae_r0c2.jpg,FP,11,-1,0.0,0,9448,0.0,108.88653206249104
ZAINA-679-G_011_jpg.rf.5f57ef6c944be100b1ea7d06649ae4ae_r0c2.jpg,FP,17,-1,0.0,0,9337,0.0,107.60727665828523
ZAINA-679-G_011_jpg.rf.5f57ef6c944be100b1ea7d06649ae4ae_r0c2.jpg,FP,20,-1,0.0,0,1782,0.0,20.537235408060862
ZAINA-679-G_011_jpg.rf.5f57ef6c944be100b1ea7d06649ae4ae_r0c2.jpg,FP,21,-1,0.0,0,2235,0.0,25.757980436035933
ZAINA-679-G_011_jpg.rf.5f57ef6c944be100b1ea7d06649ae4ae_r0c2.jpg,FP,22,-1,0.0,0,3503,0.0,40.371456584981594
ZAINA-679-G_011_jpg.rf.5f57ef6c944be100b1ea7d06649ae4ae_r0c2.jpg,FP,23,-1,0.0,0,9721,0.0,112.03280886742967
ZAINA-679-G_011_jpg.rf.5f57ef6c944be100b1ea7d06649ae4ae_r0c2.jpg,FP,24,-1,0.0,0,13198,0.0,152.1046200424171
ZAINA-679-G_011_jpg.rf.5f57ef6c944be100b1ea7d06649ae4ae_r0c2.jpg,FP,25,-1,0.0,0,32194,0.0,371.03016651353056
ZAINA-679-G_011_jpg.rf.5f57ef6c944be100b1ea7d06649ae4ae_r0c2.jpg,FP,28,-1,0.0,0,15587,0.0,179.63742329149534
ZAINA-679-G_011_jpg.rf.5f57ef6c944be100b1ea7d06649ae4ae_r0c2.jpg,FP,30,-1,0.0,0,3858,0.0,44.46276891374793
ZAINA-679-G_011_jpg.rf.5f57ef6c944be100b1ea7d06649ae4ae_r0c2.jpg,FN,-1,5,0.0,31040,0,357.7305202391746,0.0
ZAINA-679-G_011_jpg.rf.5f57ef6c944be100b1ea7d06649ae4ae_r0c2.jpg,FN,-1,6,0.0,7337,0,84.557629735658,0.0
ZAINA-679-G_011_jpg.rf.5f57ef6c944be100b1ea7d06649ae4ae_r1c0.jpg,TP,1,27,0.9202464788732394,5653,5254,65.14982702680587,60.55142246574174
ZAINA-679-G_011_jpg.rf.5f57ef6c944be100b1ea7d06649ae4ae_r1c0.jpg,TP,25,0,0.8931757897275139,3721,4130,42.88386809954797,47.59752089522523
ZAINA-679-G_011_jpg.rf.5f57ef6c944be100b1ea7d06649ae4ae_r1c0.jpg,TP,17,33,0.8866479448557569,3632,3758,41.85815881149105,43.310286567616565
ZAINA-679-G_011_jpg.rf.5f57ef6c944be100b1ea7d06649ae4ae_r1c0.jpg,TP,21,9,0.8766427718040621,2946,3337,33.952129917029914,38.45833589040354
ZAINA-679-G_011_jpg.rf.5f57ef6c944be100b1ea7d06649ae4ae_r1c0.jpg,TP,41,6,0.8729937194696441,11702,12454,134.86348414429193,143.53015138719977
ZAINA-679-G_011_jpg.rf.5f57ef6c944be100b1ea7d06649ae4ae_r1c0.jpg,TP,4,10,0.868155049661598,10117,11137,116.59663895810985,128.35195888864973
ZAINA-679-G_011_jpg.rf.5f57ef6c944be100b1ea7d06649ae4ae_r1c0.jpg,TP,6,24,0.8665309683047397,2980,3439,34.343973914714574,39.633867883457526
ZAINA-679-G_011_jpg.rf.5f57ef6c944be100b1ea7d06649ae4ae_r1c0.jpg,TP,15,3,0.8634501593081475,3801,4387,43.80585397645305,50.55940052478283
ZAINA-679-G_011_jpg.rf.5f57ef6c944be100b1ea7d06649ae4ae_r1c0.jpg,TP,24,23,0.8625658077029648,3131,3591,36.08422225737293,41.385641049577195
ZAINA-679-G_011_jpg.rf.5f57ef6c944be100b1ea7d06649ae4ae_r1c0.jpg,TP,29,5,0.8501797842588893,2181,2450,25.135639969124995,28.23581748021836
ZAINA-679-G_011_jpg.rf.5f57ef6c944be100b1ea7d06649ae4ae_r1c0.jpg,TP,26,29,0.8469789842381786,8227,8647,94.81472261622712,99.65514846997884
ZAINA-679-G_011_jpg.rf.5f57ef6c944be100b1ea7d06649ae4ae_r1c0.jpg,TP,34,14,0.843320724666534,4587,4672,52.86436521704555,53.84397521125722
ZAINA-679-G_011_jpg.rf.5f57ef6c944be100b1ea7d06649ae4ae_r1c0.jpg,TP,2,32,0.8428814520703346,4501,5246,51.87323039937259,60.459223878051226
ZAINA-679-G_011_jpg.rf.5f57ef6c944be100b1ea7d06649ae4ae_r1c0.jpg,TP,0,16,0.8410059090284457,6253,7144,72.06472110359404,82.33333880762447
ZAINA-679-G_011_jpg.rf.5f57ef6c944be100b1ea7d06649ae4ae_r1c0.jpg,TP,31,34,0.8395299145299145,3929,4680,45.281031379501194,53.93617379894772
ZAINA-679-G_011_jpg.rf.5f57ef6c944be100b1ea7d06649ae4ae_r1c0.jpg,TP,23,25,0.8394447354635935,3215,3808,37.05230742812328,43.88652774068225
ZAINA-679-G_011_jpg.rf.5f57ef6c944be100b1ea7d06649ae4ae_r1c0.jpg,TP,3,2,0.8373029184837303,2496,2981,28.765959359438785,34.35549873817589
ZAINA-679-G_011_jpg.rf.5f57ef6c944be100b1ea7d06649ae4ae_r1c0.jpg,TP,8,31,0.8365352207617122,2496,2953,28.765959359438785,34.03280368125911
ZAINA-679-G_011_jpg.rf.5f57ef6c944be100b1ea7d06649ae4ae_r1c0.jpg,TP,27,11,0.8353956366004559,5158,6115,59.44503941345563,70.47429546593276
ZAINA-679-G_011_jpg.rf.5f57ef6c944be100b1ea7d06649ae4ae_r1c0.jpg,TP,10,17,0.8342504743833017,9257,10076,106.68529078138015,116.12412119619599
ZAINA-679-G_011_jpg.rf.5f57ef6c944be100b1ea7d06649ae4ae_r1c0.jpg,TP,14,30,0.8205779612575421,2632,3101,30.333335350177435,35.73847755353352
ZAINA-679-G_011_jpg.rf.5f57ef6c944be100b1ea7d06649ae4ae_r1c0.jpg,TP,18,21,0.7974955277280859,2229,2795,25.68883149526805,32.21188157437155
ZAINA-679-G_011_jpg.rf.5f57ef6c944be100b1ea7d06649ae4ae_r1c0.jpg,TP,28,7,0.7897934386391251,2600,3292,29.9645409994154,37.939718834644424
ZAINA-679-G_011_jpg.rf.5f57ef6c944be100b1ea7d06649ae4ae_r1c0.jpg,TP,5,18,0.7880184331797235,2565,3255,29.561172178269423,37.51330036657582
ZAINA-679-G_011_jpg.rf.5f57ef6c944be100b1ea7d06649ae4ae_r1c0.jpg,TP,9,28,0.787827352085354,6627,8119,76.37500507812533,93.57004168240525
ZAINA-679-G_011_jpg.rf.5f57ef6c944be100b1ea7d06649ae4ae_r1c0.jpg,TP,38,35,0.7811382113821138,2402,3075,27.682625954075306,35.43883214353937
ZAINA-679-G_011_jpg.rf.5f57ef6c944be100b1ea7d06649ae4ae_r1c0.jpg,TP,16,20,0.7797776601376389,1473,1889,16.976064958514957,21.77039151842142
ZAINA-679-G_011_jpg.rf.5f57ef6c944be100b1ea7d06649ae4ae_r1c0.jpg,TP,20,22,0.7733798991074893,1993,2577,22.968973158398036,29.699470059805186
ZAINA-679-G_011_jpg.rf.5f57ef6c944be100b1ea7d06649ae4ae_r1c0.jpg,TP,11,1,0.7662102295610149,3884,4887,44.762414323742085,56.32181225543964
ZAINA-679-G_011_jpg.rf.5f57ef6c944be100b1ea7d06649ae4ae_r1c0.jpg,TP,19,15,0.7596042657073108,5931,7764,68.35372794905105,89.47872935363891
ZAINA-679-G_011_jpg.rf.5f57ef6c944be100b1ea7d06649ae4ae_r1c0.jpg,TP,22,19,0.7434061793519217,1973,2654,22.738476689171765,30.586881466326336
ZAINA-679-G_011_jpg.rf.5f57ef6c944be100b1ea7d06649ae4ae_r1c0.jpg,TP,13,13,0.7418416801292407,2297,3094,26.472519490637374,35.657803789304324
ZAINA-679-G_011_jpg.rf.5f57ef6c944be100b1ea7d06649ae4ae_r1c0.jpg,FP,7,-1,0.0,0,15110,0.0,174.14008250044873
ZAINA-679-G_011_jpg.rf.5f57ef6c944be100b1ea7d06649ae4ae_r1c0.jpg,FP,12,-1,0.0,0,10478,0.0,120.75710022764406
ZAINA-679-G_011_jpg.rf.5f57ef6c944be100b1ea7d06649ae4ae_r1c0.jpg,FP,30,-1,0.0,0,2547,0.0,29.35372535596578
ZAINA-679-G_011_jpg.rf.5f57ef6c944be100b1ea7d06649ae4ae_r1c0.jpg,FP,32,-1,0.0,0,5077,0.0,58.51152871308923
ZAINA-679-G_011_jpg.rf.5f57ef6c944be100b1ea7d06649ae4ae_r1c0.jpg,FP,33,-1,0.0,0,787,0.0,9.070036064053816
ZAINA-679-G_011_jpg.rf.5f57ef6c944be100b1ea7d06649ae4ae_r1c0.jpg,FP,35,-1,0.0,0,8546,0.0,98.49114130038616
ZAINA-679-G_011_jpg.rf.5f57ef6c944be100b1ea7d06649ae4ae_r1c0.jpg,FP,36,-1,0.0,0,8622,0.0,99.367027883446
ZAINA-679-G_011_jpg.rf.5f57ef6c944be100b1ea7d06649ae4ae_r1c0.jpg,FP,37,-1,0.0,0,3825,0.0,44.08244973952458
ZAINA-679-G_011_jpg.rf.5f57ef6c944be100b1ea7d06649ae4ae_r1c0.jpg,FP,39,-1,0.0,0,4803,0.0,55.3537270846893
ZAINA-679-G_011_jpg.rf.5f57ef6c944be100b1ea7d06649ae4ae_r1c0.jpg,FP,40,-1,0.0,0,4916,0.0,56.65603213581773
ZAINA-679-G_011_jpg.rf.5f57ef6c944be100b1ea7d06649ae4ae_r1c0.jpg,FN,-1,4,0.0,1294,0,14.91312155893982,0.0
ZAINA-679-G_011_jpg.rf.5f57ef6c944be100b1ea7d06649ae4ae_r1c0.jpg,FN,-1,8,0.0,21681,0,249.8696974647405,0.0
ZAINA-679-G_011_jpg.rf.5f57ef6c944be100b1ea7d06649ae4ae_r1c0.jpg,FN,-1,12,0.0,3271,0,37.697697541956835,0.0
ZAINA-679-G_011_jpg.rf.5f57ef6c944be100b1ea7d06649ae4ae_r1c0.jpg,FN,-1,26,0.0,27536,0,317.3475388307317,0.0
ZAINA-679-G_011_jpg.rf.5f57ef6c944be100b1ea7d06649ae4ae_r1c1.jpg,TP,1,8,0.8871961102106969,8219,9247,94.72252402853661,106.570042546767
ZAINA-679-G_011_jpg.rf.5f57ef6c944be100b1ea7d06649ae4ae_r1c1.jpg,TP,0,17,0.8765020026702269,5403,5841,62.26862116147747,67.31649383753283
ZAINA-679-G_011_jpg.rf.5f57ef6c944be100b1ea7d06649ae4ae_r1c1.jpg,TP,12,7,0.8759588400374182,4994,5033,57.5549683658002,58.004436480791426
ZAINA-679-G_011_jpg.rf.5f57ef6c944be100b1ea7d06649ae4ae_r1c1.jpg,TP,19,20,0.8649706457925636,1418,1441,16.342199668142708,16.60727060775292
ZAINA-679-G_011_jpg.rf.5f57ef6c944be100b1ea7d06649ae4ae_r1c1.jpg,TP,3,2,0.8611746758199847,3451,3869,39.77216576499329,44.58954197182238
ZAINA-679-G_011_jpg.rf.5f57ef6c944be100b1ea7d06649ae4ae_r1c1.jpg,TP,6,16,0.8551779935275081,3207,3672,36.96010884043277,42.3191517499436
ZAINA-679-G_011_jpg.rf.5f57ef6c944be100b1ea7d06649ae4ae_r1c1.jpg,TP,13,11,0.8490453460620525,1424,1675,16.41134860891059,19.304079297700305
ZAINA-679-G_011_jpg.rf.5f57ef6c944be100b1ea7d06649ae4ae_r1c1.jpg,TP,4,3,0.8486156972313945,3345,3933,38.55053447809404,45.32713067334645
ZAINA-679-G_011_jpg.rf.5f57ef6c944be100b1ea7d06649ae4ae_r1c1.jpg,TP,10,9,0.84387215451828,3696,4323,42.59574751301513,49.82181182325876
ZAINA-679-G_011_jpg.rf.5f57ef6c944be100b1ea7d06649ae4ae_r1c1.jpg,TP,2,5,0.8318156476491358,4487,5370,51.711882870914195,61.88830198725412
ZAINA-679-G_011_jpg.rf.5f57ef6c944be100b1ea7d06649ae4ae_r1c1.jpg,TP,9,18,0.830231294850902,32064,31952,369.53193946355975,368.24115923589267
ZAINA-679-G_011_jpg.rf.5f57ef6c944be100b1ea7d06649ae4ae_r1c1.jpg,TP,5,13,0.8292086330935252,5790,6923,66.72872784100583,79.78635282267416
ZAINA-679-G_011_jpg.rf.5f57ef6c944be100b1ea7d06649ae4ae_r1c1.jpg,TP,17,12,0.7972027972027972,1721,2134,19.83422117692073,24.593973266443257
ZAINA-679-G_011_jpg.rf.5f57ef6c944be100b1ea7d06649ae4ae_r1c1.jpg,TP,8,6,0.7835497835497836,3439,4389,39.633867883457526,50.58245017170546
ZAINA-679-G_011_jpg.rf.5f57ef6c944be100b1ea7d06649ae4ae_r1c1.jpg,TP,16,10,0.7648942985265855,3582,4683,41.28191763842537,53.970748269331665
ZAINA-679-G_011_jpg.rf.5f57ef6c944be100b1ea7d06649ae4ae_r1c1.jpg,TP,11,0,0.7568455640744798,2108,2704,24.2943278564491,31.163122639392018
ZAINA-679-G_011_jpg.rf.5f57ef6c944be100b1ea7d06649ae4ae_r1c1.jpg,TP,18,4,0.6338818249813014,1811,2558,20.87145528843896,29.48049841404023
ZAINA-679-G_011_jpg.rf.5f57ef6c944be100b1ea7d06649ae4ae_r1c1.jpg,TP,21,1,0.5412667946257198,605,1001,6.972518194094738,11.53634828477493
ZAINA-679-G_011_jpg.rf.5f57ef6c944be100b1ea7d06649ae4ae_r1c1.jpg,TP,20,14,0.5169234887650789,58772,31893,677.3369244683238,367.5611946516751
ZAINA-679-G_011_jpg.rf.5f57ef6c944be100b1ea7d06649ae4ae_r1c1.jpg,FP,7,-1,0.0,0,7667,0.0,88.36082147789149
ZAINA-679-G_011_jpg.rf.5f57ef6c944be100b1ea7d06649ae4ae_r1c1.jpg,FP,14,-1,0.0,0,4297,0.0,49.52216641326461
ZAINA-679-G_011_jpg.rf.5f57ef6c944be100b1ea7d06649ae4ae_r1c1.jpg,FP,15,-1,0.0,0,8829,0.0,101.75266633993792
ZAINA-679-G_011_jpg.rf.5f57ef6c944be100b1ea7d06649ae4ae_r1c1.jpg,FN,-1,15,0.0,15274,0,176.03015354810418,0.0
ZAINA-679-G_011_jpg.rf.5f57ef6c944be100b1ea7d06649ae4ae_r1c1.jpg,FN,-1,19,0.0,6290,0,72.49113957166264,0.0
ZAINA-679-G_011_jpg.rf.5f57ef6c944be100b1ea7d06649ae4ae_r1c2.jpg,TP,2,3,0.88474913065077,3582,4006,41.28191763842537,46.16844278602235
ZAINA-679-G_011_jpg.rf.5f57ef6c944be100b1ea7d06649ae4ae_r1c2.jpg,TP,4,5,0.8693637881807897,16874,17827,194.46987108620596,205.45302784483783
ZAINA-679-G_011_jpg.rf.5f57ef6c944be100b1ea7d06649ae4ae_r1c2.jpg,TP,9,7,0.8398902104300091,4644,5411,53.52128015434043,62.36081974916797
ZAINA-679-G_011_jpg.rf.5f57ef6c944be100b1ea7d06649ae4ae_r1c2.jpg,TP,0,4,0.8255097202465623,5223,6327,60.194152938441015,72.91755803973125
ZAINA-679-G_011_jpg.rf.5f57ef6c944be100b1ea7d06649ae4ae_r1c2.jpg,TP,5,1,0.8059640974602823,22086,26908,254.53725096657251,310.10994969702676
ZAINA-679-G_011_jpg.rf.5f57ef6c944be100b1ea7d06649ae4ae_r1c2.jpg,TP,10,0,0.6537466100330638,76565,56980,882.398108315477,656.6844408256499
ZAINA-679-G_011_jpg.rf.5f57ef6c944be100b1ea7d06649ae4ae_r1c2.jpg,TP,6,6,0.6255247691015953,5679,4001,65.44947243680002,46.11081866871578
ZAINA-679-G_011_jpg.rf.5f57ef6c944be100b1ea7d06649ae4ae_r1c2.jpg,FP,1,-1,0.0,0,16378,0.0,188.7535586493944
ZAINA-679-G_011_jpg.rf.5f57ef6c944be100b1ea7d06649ae4ae_r1c2.jpg,FP,3,-1,0.0,0,3281,0.0,37.812945776569975
ZAINA-679-G_011_jpg.rf.5f57ef6c944be100b1ea7d06649ae4ae_r1c2.jpg,FP,7,-1,0.0,0,31501,0.0,363.0434638548402
ZAINA-679-G_011_jpg.rf.5f57ef6c944be100b1ea7d06649ae4ae_r1c2.jpg,FP,8,-1,0.0,0,7419,0.0,85.50266525948571
ZAINA-679-G_011_jpg.rf.5f57ef6c944be100b1ea7d06649ae4ae_r1c2.jpg,FN,-1,2,0.0,43635,0,502.88567173441965,0.0
ZAINA-679-G_011_jpg.rf.5f57ef6c944be100b1ea7d06649ae4ae_r2c0.jpg,TP,3,5,0.8785452881976212,4072,4141,46.929081134469044,47.724293953299686
ZAINA-679-G_011_jpg.rf.5f57ef6c944be100b1ea7d06649ae4ae_r2c0.jpg,TP,1,4,0.8459705372616985,4415,4106,50.882095581699616,47.320925132153704
ZAINA-679-G_011_jpg.rf.5f57ef6c944be100b1ea7d06649ae4ae_r2c0.jpg,TP,6,1,0.837514585764294,2920,3379,33.65248450703576,38.94237847577871
ZAINA-679-G_011_jpg.rf.5f57ef6c944be100b1ea7d06649ae4ae_r2c0.jpg,TP,2,0,0.837179691230304,5508,6035,63.47872762491539,69.55230958902767
ZAINA-679-G_011_jpg.rf.5f57ef6c944be100b1ea7d06649ae4ae_r2c0.jpg,TP,5,2,0.8114046560292963,3108,3817,35.81915131776272,43.99025115183407
ZAINA-679-G_011_jpg.rf.5f57ef6c944be100b1ea7d06649ae4ae_r2c0.jpg,TP,4,6,0.7950511027434104,2961,3713,34.125002268949615,42.79166951185746
ZAINA-679-G_011_jpg.rf.5f57ef6c944be100b1ea7d06649ae4ae_r2c0.jpg,TP,0,7,0.7925126903553299,6468,7657,74.54255814777646,88.24557324327836
ZAINA-679-G_011_jpg.rf.5f57ef6c944be100b1ea7d06649ae4ae_r2c0.jpg,TP,7,3,0.7000742390497402,943,1347,10.86790852401874,15.52393720238944
ZAINA-679-G_011_jpg.rf.5f57ef6c944be100b1ea7d06649ae4ae_r2c0.jpg,FP,8,-1,0.0,0,1844,0.0,21.251774462662308
ZAINA-679-G_011_jpg.rf.5f57ef6c944be100b1ea7d06649ae4ae_r2c1.jpg,TP,6,0,0.8859344894026975,2363,2531,27.233157839084075,29.169328180584763
ZAINA-679-G_011_jpg.rf.5f57ef6c944be100b1ea7d06649ae4ae_r2c1.jpg,TP,1,6,0.883033033033033,5924,6617,68.27305418482186,76.25975684351219
ZAINA-679-G_011_jpg.rf.5f57ef6c944be100b1ea7d06649ae4ae_r2c1.jpg,TP,7,11,0.8548161935784085,23393,24439,269.6001952305094,281.65516057104344
ZAINA-679-G_011_jpg.rf.5f57ef6c944be100b1ea7d06649ae4ae_r2c1.jpg,TP,5,9,0.8507504956103087,3031,3504,34.93173991124157,40.38298140844291
ZAINA-679-G_011_jpg.rf.5f57ef6c944be100b1ea7d06649ae4ae_r2c1.jpg,TP,8,4,0.8500615598736684,33042,36080,380.80321680872447,415.81563048419525
ZAINA-679-G_011_jpg.rf.5f57ef6c944be100b1ea7d06649ae4ae_r2c1.jpg,TP,0,3,0.8441343424787133,15291,15897,176.2260755469465,183.21011856450255
ZAINA-679-G_011_jpg.rf.5f57ef6c944be100b1ea7d06649ae4ae_r2c1.jpg,TP,12,7,0.8317066737008705,3153,3791,36.33776837352183,43.69060574183992
ZAINA-679-G_011_jpg.rf.5f57ef6c944be100b1ea7d06649ae4ae_r2c1.jpg,TP,3,8,0.8029449978345604,3708,4618,42.73404539455089,53.221634744346275
ZAINA-679-G_011_jpg.rf.5f57ef6c944be100b1ea7d06649ae4ae_r2c1.jpg,TP,9,10,0.799906224358223,7198,8157,82.95567927453541,94.00798497393517
ZAINA-679-G_011_jpg.rf.5f57ef6c944be100b1ea7d06649ae4ae_r2c1.jpg,TP,2,2,0.7976155859261413,2743,3439,31.61259075438325,39.633867883457526
ZAINA-679-G_011_jpg.rf.5f57ef6c944be100b1ea7d06649ae4ae_r2c1.jpg,TP,4,5,0.7890909090909091,3046,3842,35.10461226316127,44.278371738366914
ZAINA-679-G_011_jpg.rf.5f57ef6c944be100b1ea7d06649ae4ae_r2c1.jpg,TP,16,13,0.7396188628469506,29917,25676,344.78814349211945,295.9113671926884
ZAINA-679-G_011_jpg.rf.5f57ef6c944be100b1ea7d06649ae4ae_r2c1.jpg,TP,10,1,0.5827900912646675,5841,3871,67.31649383753283,44.61259161874501
ZAINA-679-G_011_jpg.rf.5f57ef6c944be100b1ea7d06649ae4ae_r2c1.jpg,FP,11,-1,0.0,0,9820,0.0,113.1737663900997
ZAINA-679-G_011_jpg.rf.5f57ef6c944be100b1ea7d06649ae4ae_r2c1.jpg,FP,13,-1,0.0,0,9731,0.0,112.1480571020428
ZAINA-679-G_011_jpg.rf.5f57ef6c944be100b1ea7d06649ae4ae_r2c1.jpg,FP,14,-1,0.0,0,23760,0.0,273.8298054408115
ZAINA-679-G_011_jpg.rf.5f57ef6c944be100b1ea7d06649ae4ae_r2c1.jpg,FP,15,-1,0.0,0,8487,0.0,97.81117671616866
ZAINA-679-G_011_jpg.rf.5f57ef6c944be100b1ea7d06649ae4ae_r2c1.jpg,FP,17,-1,0.0,0,1337,0.0,15.408688967776305
ZAINA-679-G_011_jpg.rf.5f57ef6c944be100b1ea7d06649ae4ae_r2c1.jpg,FN,-1,12,0.0,3731,0,42.9991163341611,0.0
ZAINA-679-G_011_jpg.rf.5f57ef6c944be100b1ea7d06649ae4ae_r2c2.jpg,TP,29,9,0.8851419241396634,14371,15648,165.62323796253798,180.34043752263545
ZAINA-679-G_011_jpg.rf.5f57ef6c944be100b1ea7d06649ae4ae_r2c2.jpg,TP,20,5,0.879200450938733,21557,21783,248.44061935553762,251.0452294577945
ZAINA-679-G_011_jpg.rf.5f57ef6c944be100b1ea7d06649ae4ae_r2c2.jpg,TP,5,16,0.8783501929293983,17344,18679,199.88653811302336,215.27217743387703
ZAINA-679-G_011_jpg.rf.5f57ef6c944be100b1ea7d06649ae4ae_r2c2.jpg,TP,11,27,0.8655079660666253,26483,27613,305.21189972596846,318.23495023725286
ZAINA-679-G_011_jpg.rf.5f57ef6c944be100b1ea7d06649ae4ae_r2c2.jpg,TP,0,15,0.8630863201567363,7498,8668,86.41312631292949,99.89716976266642
ZAINA-679-G_011_jpg.rf.5f57ef6c944be100b1ea7d06649ae4ae_r2c2.jpg,TP,14,24,0.8553221723877614,20426,21354,235.4060440207919,246.10108019289095
ZAINA-679-G_011_jpg.rf.5f57ef6c944be100b1ea7d06649ae4ae_r2c2.jpg,TP,6,14,0.8515525308379412,4007,4699,46.17996760948366,54.15514544471268
ZAINA-679-G_011_jpg.rf.5f57ef6c944be100b1ea7d06649ae4ae_r2c2.jpg,TP,25,2,0.8505216350265093,4975,5845,57.33599672003524,67.36259313137809
ZAINA-679-G_011_jpg.rf.5f57ef6c944be100b1ea7d06649ae4ae_r2c2.jpg,TP,8,11,0.84977870346264,6540,7670,75.37234543699105,88.39539594827544
ZAINA-679-G_011_jpg.rf.5f57ef6c944be100b1ea7d06649ae4ae_r2c2.jpg,TP,19,17,0.8484585323491098,7832,9196,90.26241734900825,105.98227655024002
ZAINA-679-G_011_jpg.rf.5f57ef6c944be100b1ea7d06649ae4ae_r2c2.jpg,TP,21,6,0.8477630488815244,4093,4828,47.171102427156626,55.64184767122214
ZAINA-679-G_011_jpg.rf.5f57ef6c944be100b1ea7d06649ae4ae_r2c2.jpg,TP,23,7,0.8272058823529411,8672,10214,99.94326905651168,117.71454683385727
ZAINA-679-G_011_jpg.rf.5f57ef6c944be100b1ea7d06649ae4ae_r2c2.jpg,TP,18,19,0.8232514177693762,887,1042,10.222518410185177,12.008866046688787
ZAINA-679-G_011_jpg.rf.5f57ef6c944be100b1ea7d06649ae4ae_r2c2.jpg,TP,13,18,0.8216612377850163,3034,3677,34.96631438162551,42.37677586725017
ZAINA-679-G_011_jpg.rf.5f57ef6c944be100b1ea7d06649ae4ae_r2c2.jpg,TP,10,23,0.8199936728883265,5256,6250,60.57447211266437,72.0301466332101
ZAINA-679-G_011_jpg.rf.5f57ef6c944be100b1ea7d06649ae4ae_r2c2.jpg,TP,1,3,0.8125,5122,6304,59.03014576884834,72.65248710012104
ZAINA-679-G_011_jpg.rf.5f57ef6c944be100b1ea7d06649ae4ae_r2c2.jpg,TP,4,0,0.8062639821029083,3604,4470,41.53546375457427,51.515960872071865
ZAINA-679-G_011_jpg.rf.5f57ef6c944be100b1ea7d06649ae4ae_r2c2.jpg,TP,3,26,0.7915877422870339,33146,35900,382.0017984487011,413.7411622611588
ZAINA-679-G_011_jpg.rf.5f57ef6c944be100b1ea7d06649ae4ae_r2c2.jpg,TP,2,4,0.772699449092022,3801,4887,43.80585397645305,56.32181225543964
ZAINA-679-G_011_jpg.rf.5f57ef6c944be100b1ea7d06649ae4ae_r2c2.jpg,TP,27,20,0.7671232876712328,744,933,8.57446865521733,10.752660289405604
ZAINA-679-G_011_jpg.rf.5f57ef6c944be100b1ea7d06649ae4ae_r2c2.jpg,TP,17,25,0.7234270989907666,3369,4657,38.82713024116557,53.67110285933751
ZAINA-679-G_011_jpg.rf.5f57ef6c944be100b1ea7d06649ae4ae_r2c2.jpg,TP,24,8,0.7013467124372854,3787,2656,43.644506447994665,30.60993111324896
ZAINA-679-G_011_jpg.rf.5f57ef6c944be100b1ea7d06649ae4ae_r2c2.jpg,TP,22,1,0.6263648468708389,13602,10826,156.7606487207878,124.7677387921812
ZAINA-679-G_011_jpg.rf.5f57ef6c944be100b1ea7d06649ae4ae_r2c2.jpg,TP,28,21,0.5833582033873014,49966,34921,575.8493290679961,402.45836009253276
ZAINA-679-G_011_jpg.rf.5f57ef6c944be100b1ea7d06649ae4ae_r2c2.jpg,FP,7,-1,0.0,0,7544,0.0,86.94326819214992
ZAINA-679-G_011_jpg.rf.5f57ef6c944be100b1ea7d06649ae4ae_r2c2.jpg,FP,9,-1,0.0,0,8026,0.0,92.49823310050309
ZAINA-679-G_011_jpg.rf.5f57ef6c944be100b1ea7d06649ae4ae_r2c2.jpg,FP,12,-1,0.0,0,12995,0.0,149.76508087977044
ZAINA-679-G_011_jpg.rf.5f57ef6c944be100b1ea7d06649ae4ae_r2c2.jpg,FP,15,-1,0.0,0,5962,0.0,68.71099747635178
ZAINA-679-G_011_jpg.rf.5f57ef6c944be100b1ea7d06649ae4ae_r2c2.jpg,FP,16,-1,0.0,0,34464,0.0,397.19151577071244
ZAINA-679-G_011_jpg.rf.5f57ef6c944be100b1ea7d06649ae4ae_r2c2.jpg,FP,26,-1,0.0,0,7557,0.0,87.093090897147
ZAINA-679-G_011_jpg.rf.5f57ef6c944be100b1ea7d06649ae4ae_r2c2.jpg,FN,-1,10,0.0,14360,0,165.49646490446352,0.0
ZAINA-679-G_011_jpg.rf.5f57ef6c944be100b1ea7d06649ae4ae_r2c2.jpg,FN,-1,12,0.0,4933,0,56.85195413466007,0.0
ZAINA-679-G_011_jpg.rf.5f57ef6c944be100b1ea7d06649ae4ae_r2c2.jpg,FN,-1,13,0.0,5248,0,60.482273524973856,0.0
ZAINA-679-G_011_jpg.rf.5f57ef6c944be100b1ea7d06649ae4ae_r2c2.jpg,FN,-1,22,0.0,14773,0,170.25621699398604,0.0
ZAINA-679-G_011_jpg.rf.5f57ef6c944be100b1ea7d06649ae4ae_r2c2.jpg,FN,-1,28,0.0,842,0,9.703901354426064,0.0
ZAINA-679-G_012_jpg.rf.435fdf30ec5d45e87c3d9429f66f572f_r0c0.jpg,TP,0,0,0.5428613986743129,37979,24169,437.70127023722983,278.5434582364888
ZAINA-679-G_012_jpg.rf.435fdf30ec5d45e87c3d9429f66f572f_r0c0.jpg,FP,1,-1,0.0,0,15133,0.0,174.40515344005894
ZAINA-679-G_012_jpg.rf.435fdf30ec5d45e87c3d9429f66f572f_r0c1.jpg,TP,3,5,0.8724774049770955,38108,37512,439.18797246373924,432.3191776807964
ZAINA-679-G_012_jpg.rf.435fdf30ec5d45e87c3d9429f66f572f_r0c1.jpg,TP,0,0,0.8564273351864478,32690,38103,376.7464789503421,439.1303483464327
ZAINA-679-G_012_jpg.rf.435fdf30ec5d45e87c3d9429f66f572f_r0c1.jpg,TP,4,7,0.8541852844801906,6362,6087,73.32092686087722,70.15160040901598
ZAINA-679-G_012_jpg.rf.435fdf30ec5d45e87c3d9429f66f572f_r0c1.jpg,TP,1,1,0.8197232199450666,15519,18932,178.853735296126,218.18795776958936
ZAINA-679-G_012_jpg.rf.435fdf30ec5d45e87c3d9429f66f572f_r0c1.jpg,TP,2,6,0.8098287416232316,11036,13270,127.18795171905707,152.9344073316317
ZAINA-679-G_012_jpg.rf.435fdf30ec5d45e87c3d9429f66f572f_r0c1.jpg,TP,5,2,0.7801818309958418,11159,14100,128.60550500479863,162.500010804522
ZAINA-679-G_012_jpg.rf.435fdf30ec5d45e87c3d9429f66f572f_r0c1.jpg,TP,9,8,0.764317686215999,16861,13884,194.32004838120886,160.01064893687825
ZAINA-679-G_012_jpg.rf.435fdf30ec5d45e87c3d9429f66f572f_r0c1.jpg,FP,6,-1,0.0,0,25583,0.0,294.83955861078624
ZAINA-679-G_012_jpg.rf.435fdf30ec5d45e87c3d9429f66f572f_r0c1.jpg,FP,7,-1,0.0,0,28154,0.0,324.46987972982356
ZAINA-679-G_012_jpg.rf.435fdf30ec5d45e87c3d9429f66f572f_r0c1.jpg,FP,8,-1,0.0,0,10212,0.0,117.69149718693464
ZAINA-679-G_012_jpg.rf.435fdf30ec5d45e87c3d9429f66f572f_r0c1.jpg,FN,-1,3,0.0,27127,0,312.63388603505445,0.0
ZAINA-679-G_012_jpg.rf.435fdf30ec5d45e87c3d9429f66f572f_r0c1.jpg,FN,-1,4,0.0,6496,0,74.86525320469325,0.0
ZAINA-679-G_012_jpg.rf.435fdf30ec5d45e87c3d9429f66f572f_r0c2.jpg,TP,2,8,0.9175388806902032,41125,43333,473.95836484652244,499.4051750491029
ZAINA-679-G_012_jpg.rf.435fdf30ec5d45e87c3d9429f66f572f_r0c2.jpg,TP,12,5,0.9142144860437164,22304,20695,257.0496624811389,238.50622153188527
ZAINA-679-G_012_jpg.rf.435fdf30ec5d45e87c3d9429f66f572f_r0c2.jpg,TP,11,1,0.8856124432922877,8202,9255,94.52660202969427,106.66224113445752
ZAINA-679-G_012_jpg.rf.435fdf30ec5d45e87c3d9429f66f572f_r0c2.jpg,TP,0,2,0.8821316132995469,11490,13021,132.42022157049345,150.0647262897646
ZAINA-679-G_012_jpg.rf.435fdf30ec5d45e87c3d9429f66f572f_r0c2.jpg,TP,3,0,0.8473953227839238,26899,25870,310.00622628587496,298.1471829441832
ZAINA-679-G_012_jpg.rf.435fdf30ec5d45e87c3d9429f66f572f_r0c2.jpg,TP,15,9,0.8379310344827586,8505,10150,98.0186235384723,116.9769581323332
ZAINA-679-G_012_jpg.rf.435fdf30ec5d45e87c3d9429f66f572f_r0c2.jpg,TP,16,4,0.6997178557033454,1743,2474,20.087767293069632,28.512413243289885
ZAINA-679-G_012_jpg.rf.435fdf30ec5d45e87c3d9429f66f572f_r0c2.jpg,TP,18,7,0.6842534482147289,80062,62441,922.7004159596908,719.6215017478835
ZAINA-679-G_012_jpg.rf.435fdf30ec5d45e87c3d9429f66f572f_r0c2.jpg,TP,14,10,0.5952100865683347,31056,21830,357.91491741455565,251.58689616047624
ZAINA-679-G_012_jpg.rf.435fdf30ec5d45e87c3d9429f66f572f_r0c2.jpg,TP,8,3,0.5921805072103431,15099,10516,174.0133094423743,121.19504351917398
ZAINA-679-G_012_jpg.rf.435fdf30ec5d45e87c3d9429f66f572f_r0c2.jpg,FP,1,-1,0.0,0,14095,0.0,162.44238668721542
ZAINA-679-G_012_jpg.rf.435fdf30ec5d45e87c3d9429f66f572f_r0c2.jpg,FP,4,-1,0.0,0,60855,0.0,701.3431317382401
ZAINA-679-G_012_jpg.rf.435fdf30ec5d45e87c3d9429f66f572f_r0c2.jpg,FP,5,-1,0.0,0,4779,0.0,55.07713132161777
ZAINA-679-G_012_jpg.rf.435fdf30ec5d45e87c3d9429f66f572f_r0c2.jpg,FP,6,-1,0.0,0,5995,0.0,69.09131665057512
ZAINA-679-G_012_jpg.rf.435fdf30ec5d45e87c3d9429f66f572f_r0c2.jpg,FP,7,-1,0.0,0,12813,0.0,147.66756300981135
ZAINA-679-G_012_jpg.rf.435fdf30ec5d45e87c3d9429f66f572f_r0c2.jpg,FP,9,-1,0.0,0,16165,0.0,186.2987712521346
ZAINA-679-G_012_jpg.rf.435fdf30ec5d45e87c3d9429f66f572f_r0c2.jpg,FP,10,-1,0.0,0,12237,0.0,141.0292646960947
ZAINA-679-G_012_jpg.rf.435fdf30ec5d45e87c3d9429f66f572f_r0c2.jpg,FP,13,-1,0.0,0,5896,0.0,67.95035912790507
ZAINA-679-G_012_jpg.rf.435fdf30ec5d45e87c3d9429f66f572f_r0c2.jpg,FP,17,-1,0.0,0,24594,0.0,283.4415082075471
ZAINA-679-G_012_jpg.rf.435fdf30ec5d45e87c3d9429f66f572f_r0c2.jpg,FP,19,-1,0.0,0,55439,0.0,638.9246878717655
ZAINA-679-G_012_jpg.rf.435fdf30ec5d45e87c3d9429f66f572f_r0c2.jpg,FN,-1,6,0.0,37998,0,437.9202418829948,0.0
ZAINA-679-G_012_jpg.rf.435fdf30ec5d45e87c3d9429f66f572f_r0c2.jpg,FN,-1,11,0.0,15526,0,178.9344090603552,0.0
ZAINA-679-G_012_jpg.rf.435fdf30ec5d45e87c3d9429f66f572f_r0c2.jpg,FN,-1,12,0.0,73057,0,841.9690276131888,0.0
ZAINA-679-G_012_jpg.rf.435fdf30ec5d45e87c3d9429f66f572f_r0c2.jpg,FN,-1,13,0.0,10955,0,126.25444101869066,0.0
ZAINA-679-G_012_jpg.rf.435fdf30ec5d45e87c3d9429f66f572f_r1c0.jpg,TP,6,10,0.9201787043931496,12570,13218,144.86703090871214,152.33511651164338
ZAINA-679-G_012_jpg.rf.435fdf30ec5d45e87c3d9429f66f572f_r1c0.jpg,TP,9,7,0.9016458720467215,6922,7405,79.77482799921285,85.34131773102733
ZAINA-679-G_012_jpg.rf.435fdf30ec5d45e87c3d9429f66f572f_r1c0.jpg,TP,10,3,0.899451064399518,6761,7426,77.91933142194135,85.58333902371491
ZAINA-679-G_012_jpg.rf.435fdf30ec5d45e87c3d9429f66f572f_r1c0.jpg,TP,4,1,0.8767854339978025,11201,12713,129.08954759017382,146.51508066368
ZAINA-679-G_012_jpg.rf.435fdf30ec5d45e87c3d9429f66f572f_r1c0.jpg,TP,2,9,0.8620927902718762,26581,27321,306.3413324251772,314.8697017865493
ZAINA-679-G_012_jpg.rf.435fdf30ec5d45e87c3d9429f66f572f_r1c0.jpg,TP,0,11,0.8568602350750611,7367,8589,84.90337443949741,98.98670870922264
ZAINA-679-G_012_jpg.rf.435fdf30ec5d45e87c3d9429f66f572f_r1c0.jpg,TP,8,4,0.828686836686203,10476,12613,120.73405058072144,145.36259831754865
ZAINA-679-G_012_jpg.rf.435fdf30ec5d45e87c3d9429f66f572f_r1c0.jpg,TP,1,6,0.8094170403587444,8303,10258,95.69060919928695,118.22163906615508
ZAINA-679-G_012_jpg.rf.435fdf30ec5d45e87c3d9429f66f572f_r1c0.jpg,TP,3,5,0.6591150731986587,11405,8881,131.44061157628178,102.35195715992622
ZAINA-679-G_012_jpg.rf.435fdf30ec5d45e87c3d9429f66f572f_r1c0.jpg,TP,5,0,0.6369176837602715,39632,62163,456.7518034187812,716.4176008256383
ZAINA-679-G_012_jpg.rf.435fdf30ec5d45e87c3d9429f66f572f_r1c0.jpg,TP,11,8,0.5367953346292696,17320,10350,199.60994234995184,119.28192282459592
ZAINA-679-G_012_jpg.rf.435fdf30ec5d45e87c3d9429f66f572f_r1c0.jpg,FP,7,-1,0.0,0,3476,0.0,40.06028635152613
ZAINA-679-G_012_jpg.rf.435fdf30ec5d45e87c3d9429f66f572f_r1c0.jpg,FN,-1,2,0.0,8426,0,97.10816248502853,0.0
ZAINA-679-G_012_jpg.rf.435fdf30ec5d45e87c3d9429f66f572f_r1c0.jpg,FN,-1,12,0.0,12362,0,142.46986762875892,0.0
ZAINA-679-G_012_jpg.rf.435fdf30ec5d45e87c3d9429f66f572f_r1c0.jpg,FN,-1,13,0.0,13733,0,158.2704005942199,0.0
ZAINA-679-G_012_jpg.rf.435fdf30ec5d45e87c3d9429f66f572f_r1c1.jpg,TP,7,18,0.9470669906282541,5508,5711,63.47872762491539,65.81826678756207
ZAINA-679-G_012_jpg.rf.435fdf30ec5d45e87c3d9429f66f572f_r1c1.jpg,TP,4,7,0.9098029907429386,8228,7864,94.82624743968843,90.63121169977028
ZAINA-679-G_012_jpg.rf.435fdf30ec5d45e87c3d9429f66f572f_r1c1.jpg,TP,8,16,0.8847174819871065,4727,5213,54.47784050162946,60.07890470382788
ZAINA-679-G_012_jpg.rf.435fdf30ec5d45e87c3d9429f66f572f_r1c1.jpg,TP,14,3,0.8842018196856907,3258,3576,37.54787483695976,41.21276869765749
ZAINA-679-G_012_jpg.rf.435fdf30ec5d45e87c3d9429f66f572f_r1c1.jpg,TP,9,14,0.8643497757847534,4000,4315,46.099293845254465,49.72961323556825
ZAINA-679-G_012_jpg.rf.435fdf30ec5d45e87c3d9429f66f572f_r1c1.jpg,TP,0,4,0.8600921658986175,4779,5312,55.07713132161777,61.21986222649792
ZAINA-679-G_012_jpg.rf.435fdf30ec5d45e87c3d9429f66f572f_r1c1.jpg,TP,5,8,0.8540181862865569,3475,4069,40.048761528064816,46.8945066640851
ZAINA-679-G_012_jpg.rf.435fdf30ec5d45e87c3d9429f66f572f_r1c1.jpg,TP,2,12,0.8313029585461185,29235,34954,336.92821389150356,402.8386792667561
ZAINA-679-G_012_jpg.rf.435fdf30ec5d45e87c3d9429f66f572f_r1c1.jpg,TP,12,9,0.825702139521918,12857,13340,148.17465524210917,153.74114497392364
ZAINA-679-G_012_jpg.rf.435fdf30ec5d45e87c3d9429f66f572f_r1c1.jpg,TP,3,23,0.8243925528557905,11463,11663,132.10905133703798,134.4140160293007
ZAINA-679-G_012_jpg.rf.435fdf30ec5d45e87c3d9429f66f572f_r1c1.jpg,TP,10,6,0.8222222222222222,3663,4455,42.215428338791774,51.34308852015216
ZAINA-679-G_012_jpg.rf.435fdf30ec5d45e87c3d9429f66f572f_r1c1.jpg,TP,16,20,0.8216308412236776,37598,45707,433.31031249846933,526.7651059462614
ZAINA-679-G_012_jpg.rf.435fdf30ec5d45e87c3d9429f66f572f_r1c1.jpg,TP,11,5,0.7652333401263501,3755,4907,43.27571209723263,56.55230872466591
ZAINA-679-G_012_jpg.rf.435fdf30ec5d45e87c3d9429f66f572f_r1c1.jpg,TP,6,13,0.7589486143422718,18702,24394,215.53724837348724,281.13654351528436
ZAINA-679-G_012_jpg.rf.435fdf30ec5d45e87c3d9429f66f572f_r1c1.jpg,TP,17,1,0.6914927916724242,19391,17333,223.47785173833233,199.7597650549489
ZAINA-679-G_012_jpg.rf.435fdf30ec5d45e87c3d9429f66f572f_r1c1.jpg,TP,1,10,0.6558441558441559,6526,4694,75.21099790853266,54.09752132740611
ZAINA-679-G_012_jpg.rf.435fdf30ec5d45e87c3d9429f66f572f_r1c1.jpg,FP,13,-1,0.0,0,21355,0.0,246.11260501635226
ZAINA-679-G_012_jpg.rf.435fdf30ec5d45e87c3d9429f66f572f_r1c1.jpg,FP,15,-1,0.0,0,2693,0.0,31.036349581317566
ZAINA-679-G_012_jpg.rf.435fdf30ec5d45e87c3d9429f66f572f_r1c1.jpg,FN,-1,0,0.0,2131,0,24.559398796059316,0.0
ZAINA-679-G_012_jpg.rf.435fdf30ec5d45e87c3d9429f66f572f_r1c1.jpg,FN,-1,2,0.0,1236,0,14.24468179818363,0.0
ZAINA-679-G_012_jpg.rf.435fdf30ec5d45e87c3d9429f66f572f_r1c1.jpg,FN,-1,11,0.0,6563,0,75.63741637660127,0.0
ZAINA-679-G_012_jpg.rf.435fdf30ec5d45e87c3d9429f66f572f_r1c1.jpg,FN,-1,15,0.0,6448,0,74.3120616785502,0.0
ZAINA-679-G_012_jpg.rf.435fdf30ec5d45e87c3d9429f66f572f_r1c1.jpg,FN,-1,17,0.0,9553,0,110.09663852592897,0.0
ZAINA-679-G_012_jpg.rf.435fdf30ec5d45e87c3d9429f66f572f_r1c1.jpg,FN,-1,19,0.0,5237,0,60.35550046689941,0.0
ZAINA-679-G_012_jpg.rf.435fdf30ec5d45e87c3d9429f66f572f_r1c1.jpg,FN,-1,21,0.0,5126,0,59.076245062693594,0.0
ZAINA-679-G_012_jpg.rf.435fdf30ec5d45e87c3d9429f66f572f_r1c1.jpg,FN,-1,22,0.0,2831,0,32.62677521897885,0.0
ZAINA-679-G_012_jpg.rf.435fdf30ec5d45e87c3d9429f66f572f_r1c1.jpg,FN,-1,24,0.0,3925,0,45.23493208565594,0.0
ZAINA-679-G_012_jpg.rf.435fdf30ec5d45e87c3d9429f66f572f_r1c1.jpg,FN,-1,25,0.0,1435,0,16.538121666985038,0.0
ZAINA-679-G_012_jpg.rf.435fdf30ec5d45e87c3d9429f66f572f_r1c1.jpg,FN,-1,26,0.0,1460,0,16.82624225351788,0.0
ZAINA-679-G_012_jpg.rf.435fdf30ec5d45e87c3d9429f66f572f_r1c2.jpg,TP,1,6,0.8896213398742909,6099,6227,70.28989829055175,71.76507569359988
ZAINA-679-G_012_jpg.rf.435fdf30ec5d45e87c3d9429f66f572f_r1c2.jpg,TP,2,0,0.8834148994018488,24703,27251,284.69771396483026,314.06296414425736
ZAINA-679-G_012_jpg.rf.435fdf30ec5d45e87c3d9429f66f572f_r1c2.jpg,TP,4,4,0.7753935035076343,13153,16963,151.586002986658,195.49558037426286
ZAINA-679-G_012_jpg.rf.435fdf30ec5d45e87c3d9429f66f572f_r1c2.jpg,TP,0,3,0.5747904422391367,37784,27595,435.45392966227365,318.02750341494925
ZAINA-679-G_012_jpg.rf.435fdf30ec5d45e87c3d9429f66f572f_r1c2.jpg,FP,3,-1,0.0,0,2403,0.0,27.69415077753662
ZAINA-679-G_012_jpg.rf.435fdf30ec5d45e87c3d9429f66f572f_r1c2.jpg,FP,5,-1,0.0,0,16597,0.0,191.27749498742207
ZAINA-679-G_012_jpg.rf.435fdf30ec5d45e87c3d9429f66f572f_r1c2.jpg,FP,6,-1,0.0,0,5696,0.0,65.64539443564236
ZAINA-679-G_012_jpg.rf.435fdf30ec5d45e87c3d9429f66f572f_r1c2.jpg,FN,-1,1,0.0,5908,0,68.08865700944084,0.0
ZAINA-679-G_012_jpg.rf.435fdf30ec5d45e87c3d9429f66f572f_r1c2.jpg,FN,-1,2,0.0,11729,0,135.1746543777474,0.0
ZAINA-679-G_012_jpg.rf.435fdf30ec5d45e87c3d9429f66f572f_r1c2.jpg,FN,-1,5,0.0,19785,0,228.0186321820899,0.0
ZAINA-679-G_012_jpg.rf.435fdf30ec5d45e87c3d9429f66f572f_r1c2.jpg,FN,-1,7,0.0,3231,0,37.23670460350429,0.0
ZAINA-679-G_012_jpg.rf.435fdf30ec5d45e87c3d9429f66f572f_r2c0.jpg,TP,2,5,0.8178221552373776,4341,5308,50.02925864556241,61.17376293265267
ZAINA-679-G_012_jpg.rf.435fdf30ec5d45e87c3d9429f66f572f_r2c0.jpg,TP,3,0,0.7786289885447909,26473,22747,305.0966514913554,262.1551592745008
ZAINA-679-G_012_jpg.rf.435fdf30ec5d45e87c3d9429f66f572f_r2c0.jpg,TP,0,3,0.7407649131967106,5675,7661,65.40337314295476,88.29167253712362
ZAINA-679-G_012_jpg.rf.435fdf30ec5d45e87c3d9429f66f572f_r2c0.jpg,FP,1,-1,0.0,0,5066,0.0,58.38475565501478
ZAINA-679-G_012_jpg.rf.435fdf30ec5d45e87c3d9429f66f572f_r2c0.jpg,FP,4,-1,0.0,0,7427,0.0,85.59486384717623
ZAINA-679-G_012_jpg.rf.435fdf30ec5d45e87c3d9429f66f572f_r2c0.jpg,FN,-1,1,0.0,9256,0,106.67376595791883,0.0
ZAINA-679-G_012_jpg.rf.435fdf30ec5d45e87c3d9429f66f572f_r2c0.jpg,FN,-1,2,0.0,43904,0,505.985849245513,0.0
ZAINA-679-G_012_jpg.rf.435fdf30ec5d45e87c3d9429f66f572f_r2c0.jpg,FN,-1,4,0.0,6744,0,77.72340942309903,0.0
ZAINA-679-G_012_jpg.rf.435fdf30ec5d45e87c3d9429f66f572f_r2c1.jpg,TP,2,6,0.9003499416763873,5510,5894,63.50177727183802,67.92730948098246
ZAINA-679-G_012_jpg.rf.435fdf30ec5d45e87c3d9429f66f572f_r2c1.jpg,TP,0,3,0.8590846939596236,10705,12409,123.37323515336226,143.01153433144066
ZAINA-679-G_012_jpg.rf.435fdf30ec5d45e87c3d9429f66f572f_r2c1.jpg,TP,1,2,0.7164597775270031,23510,29726,270.9485995754831,342.5869022110085
ZAINA-679-G_012_jpg.rf.435fdf30ec5d45e87c3d9429f66f572f_r2c1.jpg,TP,5,4,0.7089655856391947,15972,18491,184.07448032410107,213.10551062315008
ZAINA-679-G_012_jpg.rf.435fdf30ec5d45e87c3d9429f66f572f_r2c1.jpg,FP,3,-1,0.0,0,2412,0.0,27.797874188688443
ZAINA-679-G_012_jpg.rf.435fdf30ec5d45e87c3d9429f66f572f_r2c1.jpg,FP,4,-1,0.0,0,1282,0.0,14.774823677404056
ZAINA-679-G_012_jpg.rf.435fdf30ec5d45e87c3d9429f66f572f_r2c1.jpg,FP,6,-1,0.0,0,11110,0.0,128.04078865519426
ZAINA-679-G_012_jpg.rf.435fdf30ec5d45e87c3d9429f66f572f_r2c1.jpg,FN,-1,0,0.0,1483,0,17.09131319312809,0.0
ZAINA-679-G_012_jpg.rf.435fdf30ec5d45e87c3d9429f66f572f_r2c1.jpg,FN,-1,1,0.0,16088,0,185.41135984561345,0.0
ZAINA-679-G_012_jpg.rf.435fdf30ec5d45e87c3d9429f66f572f_r2c1.jpg,FN,-1,5,0.0,19140,0,220.5851210495426,0.0
ZAINA-679-G_012_jpg.rf.435fdf30ec5d45e87c3d9429f66f572f_r2c2.jpg,TP,10,9,0.9266149113812802,6390,6763,73.64362191779401,77.94238106886398
ZAINA-679-G_012_jpg.rf.435fdf30ec5d45e87c3d9429f66f572f_r2c2.jpg,TP,12,13,0.8837308347529813,2165,2258,24.95124279374398,26.023051375646144
ZAINA-679-G_012_jpg.rf.435fdf30ec5d45e87c3d9429f66f572f_r2c2.jpg,TP,3,15,0.8406608410704534,19219,21224,221.4955821029864,244.60285314292017
ZAINA-679-G_012_jpg.rf.435fdf30ec5d45e87c3d9429f66f572f_r2c2.jpg,TP,8,14,0.8034846400733608,8764,10903,101.00355281495253,125.65515019870236
ZAINA-679-G_012_jpg.rf.435fdf30ec5d45e87c3d9429f66f572f_r2c2.jpg,TP,2,10,0.7870048644892287,13590,17268,156.62235083925205,199.01065152996352
ZAINA-679-G_012_jpg.rf.435fdf30ec5d45e87c3d9429f66f572f_r2c2.jpg,TP,4,12,0.778589753556713,25122,20634,289.52661499512067,237.80320730074516
ZAINA-679-G_012_jpg.rf.435fdf30ec5d45e87c3d9429f66f572f_r2c2.jpg,TP,7,0,0.7763868757412044,7392,6089,85.19149502603025,70.17465005593861
ZAINA-679-G_012_jpg.rf.435fdf30ec5d45e87c3d9429f66f572f_r2c2.jpg,TP,11,11,0.7633708039985997,50371,40298,580.5168825698281,464.4273358440161
ZAINA-679-G_012_jpg.rf.435fdf30ec5d45e87c3d9429f66f572f_r2c2.jpg,TP,6,4,0.7344590555887627,4915,6692,56.644507312356424,77.12411860311072
ZAINA-679-G_012_jpg.rf.435fdf30ec5d45e87c3d9429f66f572f_r2c2.jpg,TP,1,1,0.5906452427021116,34206,22518,394.21811131769357,259.51597470186
ZAINA-679-G_012_jpg.rf.435fdf30ec5d45e87c3d9429f66f572f_r2c2.jpg,FP,0,-1,0.0,0,6742,0.0,77.7003597761764
ZAINA-679-G_012_jpg.rf.435fdf30ec5d45e87c3d9429f66f572f_r2c2.jpg,FP,5,-1,0.0,0,11477,0.0,132.27039886549636
ZAINA-679-G_012_jpg.rf.435fdf30ec5d45e87c3d9429f66f572f_r2c2.jpg,FP,9,-1,0.0,0,13310,0.0,153.39540027008422
ZAINA-679-G_012_jpg.rf.435fdf30ec5d45e87c3d9429f66f572f_r2c2.jpg,FP,13,-1,0.0,0,52355,0.0,603.3821323170744
ZAINA-679-G_012_jpg.rf.435fdf30ec5d45e87c3d9429f66f572f_r2c2.jpg,FN,-1,2,0.0,21367,0,246.25090289788804,0.0
ZAINA-679-G_012_jpg.rf.435fdf30ec5d45e87c3d9429f66f572f_r2c2.jpg,FN,-1,3,0.0,17823,0,205.40692855099257,0.0
ZAINA-679-G_012_jpg.rf.435fdf30ec5d45e87c3d9429f66f572f_r2c2.jpg,FN,-1,5,0.0,5668,0,65.32269937872557,0.0
ZAINA-679-G_012_jpg.rf.435fdf30ec5d45e87c3d9429f66f572f_r2c2.jpg,FN,-1,6,0.0,6950,0,80.09752305612963,0.0
ZAINA-679-G_012_jpg.rf.435fdf30ec5d45e87c3d9429f66f572f_r2c2.jpg,FN,-1,7,0.0,13496,0,155.53901743388855,0.0
ZAINA-679-G_012_jpg.rf.435fdf30ec5d45e87c3d9429f66f572f_r2c2.jpg,FN,-1,8,0.0,4436,0,51.1241168743872,0.0
ZAZA-B_004_jpg.rf.9fae4295ae0fe50a89201daf82b520a6_r0c0.jpg,TP,0,14,0.8936364154275622,33119,33359,381.6906282152456,384.4565858459609
ZAZA-B_004_jpg.rf.9fae4295ae0fe50a89201daf82b520a6_r0c0.jpg,TP,9,24,0.8795583807293409,5477,5759,63.12145809761467,66.37145831370512
ZAZA-B_004_jpg.rf.9fae4295ae0fe50a89201daf82b520a6_r0c0.jpg,TP,4,2,0.8739573679332715,6209,5923,71.55762887129625,68.26152936136054
ZAZA-B_004_jpg.rf.9fae4295ae0fe50a89201daf82b520a6_r0c0.jpg,TP,19,10,0.8565484446205667,30051,26169,346.33246983593546,301.593105159116
ZAZA-B_004_jpg.rf.9fae4295ae0fe50a89201daf82b520a6_r0c0.jpg,TP,6,23,0.8412797992471769,2823,3047,32.53457663128834,35.11613708662259
ZAZA-B_004_jpg.rf.9fae4295ae0fe50a89201daf82b520a6_r0c0.jpg,TP,11,6,0.8397795799542525,9215,8480,106.20124819600497,97.73050295193946
ZAZA-B_004_jpg.rf.9fae4295ae0fe50a89201daf82b520a6_r0c0.jpg,TP,5,5,0.8257824381653726,24263,21356,279.62679164185226,246.12412983981358
ZAZA-B_004_jpg.rf.9fae4295ae0fe50a89201daf82b520a6_r0c0.jpg,TP,1,4,0.8227822580645161,4167,4874,48.023939363293835,56.17198955044256
ZAZA-B_004_jpg.rf.9fae4295ae0fe50a89201daf82b520a6_r0c0.jpg,TP,7,13,0.8201708308591787,19773,20076,227.88033430055413,231.37235580933216
ZAZA-B_004_jpg.rf.9fae4295ae0fe50a89201daf82b520a6_r0c0.jpg,TP,2,7,0.8174110654663054,11173,9620,128.76685253325704,110.86880169783699
ZAZA-B_004_jpg.rf.9fae4295ae0fe50a89201daf82b520a6_r0c0.jpg,TP,13,8,0.8143631436314364,11662,12440,134.4024912058394,143.3688038587414
ZAZA-B_004_jpg.rf.9fae4295ae0fe50a89201daf82b520a6_r0c0.jpg,TP,8,1,0.7995575221238939,2108,1959,24.2943278564491,22.577129160713373
ZAZA-B_004_jpg.rf.9fae4295ae0fe50a89201daf82b520a6_r0c0.jpg,TP,3,15,0.7679544328875682,3135,4004,36.13032155121819,46.14539313909972
ZAZA-B_004_jpg.rf.9fae4295ae0fe50a89201daf82b520a6_r0c0.jpg,TP,17,11,0.6263700310813022,6112,3830,70.43972099554883,44.14007385683115
ZAZA-B_004_jpg.rf.9fae4295ae0fe50a89201daf82b520a6_r0c0.jpg,TP,15,16,0.5186164010882238,19419,19655,223.80054679524912,226.52040513211912
ZAZA-B_004_jpg.rf.9fae4295ae0fe50a89201daf82b520a6_r0c0.jpg,FP,10,-1,0.0,0,5723,0.0,65.95656466909783
ZAZA-B_004_jpg.rf.9fae4295ae0fe50a89201daf82b520a6_r0c0.jpg,FP,12,-1,0.0,0,9260,0.0,106.71986525176408
ZAZA-B_004_jpg.rf.9fae4295ae0fe50a89201daf82b520a6_r0c0.jpg,FP,14,-1,0.0,0,41635,0.0,479.8360248117924
ZAZA-B_004_jpg.rf.9fae4295ae0fe50a89201daf82b520a6_r0c0.jpg,FP,16,-1,0.0,0,7449,0.0,85.84840996332512
ZAZA-B_004_jpg.rf.9fae4295ae0fe50a89201daf82b520a6_r0c0.jpg,FP,18,-1,0.0,0,2801,0.0,32.281030515139435
ZAZA-B_004_jpg.rf.9fae4295ae0fe50a89201daf82b520a6_r0c0.jpg,FP,20,-1,0.0,0,1656,0.0,19.08510765193535
ZAZA-B_004_jpg.rf.9fae4295ae0fe50a89201daf82b520a6_r0c0.jpg,FP,21,-1,0.0,0,1276,0.0,14.705674736636174
ZAZA-B_004_jpg.rf.9fae4295ae0fe50a89201daf82b520a6_r0c0.jpg,FN,-1,0,0.0,2042,0,23.533689508002404,0.0
ZAZA-B_004_jpg.rf.9fae4295ae0fe50a89201daf82b520a6_r0c0.jpg,FN,-1,3,0.0,943,0,10.86790852401874,0.0
ZAZA-B_004_jpg.rf.9fae4295ae0fe50a89201daf82b520a6_r0c0.jpg,FN,-1,9,0.0,2872,0,33.099292980892706,0.0
ZAZA-B_004_jpg.rf.9fae4295ae0fe50a89201daf82b520a6_r0c0.jpg,FN,-1,12,0.0,18032,0,207.8156166544071,0.0
ZAZA-B_004_jpg.rf.9fae4295ae0fe50a89201daf82b520a6_r0c0.jpg,FN,-1,17,0.0,4125,0,47.53989677791866,0.0
ZAZA-B_004_jpg.rf.9fae4295ae0fe50a89201daf82b520a6_r0c0.jpg,FN,-1,18,0.0,1635,0,18.843086359247764,0.0
ZAZA-B_004_jpg.rf.9fae4295ae0fe50a89201daf82b520a6_r0c0.jpg,FN,-1,19,0.0,2305,0,26.564718078327886,0.0
ZAZA-B_004_jpg.rf.9fae4295ae0fe50a89201daf82b520a6_r0c0.jpg,FN,-1,20,0.0,2090,0,24.086881034145456,0.0
ZAZA-B_004_jpg.rf.9fae4295ae0fe50a89201daf82b520a6_r0c0.jpg,FN,-1,21,0.0,2609,0,30.068264410567224,0.0
ZAZA-B_004_jpg.rf.9fae4295ae0fe50a89201daf82b520a6_r0c0.jpg,FN,-1,22,0.0,4241,0,48.87677629943104,0.0
ZAZA-B_004_jpg.rf.9fae4295ae0fe50a89201daf82b520a6_r0c1.jpg,TP,0,25,0.9192481203007519,19224,19065,221.55320622029296,219.72075928994408
ZAZA-B_004_jpg.rf.9fae4295ae0fe50a89201daf82b520a6_r0c1.jpg,TP,10,27,0.8783094486276415,3676,4057,42.36525104378885,46.756208782549336
ZAZA-B_004_jpg.rf.9fae4295ae0fe50a89201daf82b520a6_r0c1.jpg,TP,28,31,0.8762146176594846,8913,8851,102.72075151068826,102.00621245608681
ZAZA-B_004_jpg.rf.9fae4295ae0fe50a89201daf82b520a6_r0c1.jpg,TP,31,24,0.8745574102175012,1935,1771,22.300533397641846,20.410462349986414
ZAZA-B_004_jpg.rf.9fae4295ae0fe50a89201daf82b520a6_r0c1.jpg,TP,9,10,0.8734152714603697,10174,9184,117.25355389540472,105.84397866870425
ZAZA-B_004_jpg.rf.9fae4295ae0fe50a89201daf82b520a6_r0c1.jpg,TP,11,7,0.8699518340125972,4941,5153,56.94415272235057,59.387415296149065
ZAZA-B_004_jpg.rf.9fae4295ae0fe50a89201daf82b520a6_r0c1.jpg,TP,1,14,0.8685117967332123,31587,30186,364.0345986725132,347.8883210032128
ZAZA-B_004_jpg.rf.9fae4295ae0fe50a89201daf82b520a6_r0c1.jpg,TP,18,5,0.8479798585301522,7377,8037,85.01862267411055,92.62500615857753
ZAZA-B_004_jpg.rf.9fae4295ae0fe50a89201daf82b520a6_r0c1.jpg,TP,5,2,0.8305140417145672,5710,5436,65.80674196410075,62.648940335700814
ZAZA-B_004_jpg.rf.9fae4295ae0fe50a89201daf82b520a6_r0c1.jpg,TP,34,9,0.830406543180178,8211,7007,94.6303254408461,80.7544379934245
ZAZA-B_004_jpg.rf.9fae4295ae0fe50a89201daf82b520a6_r0c1.jpg,TP,32,1,0.8243779300396682,7580,7597,87.3581618367572,87.55408383559954
ZAZA-B_004_jpg.rf.9fae4295ae0fe50a89201daf82b520a6_r0c1.jpg,TP,23,13,0.8243069754172412,20608,17759,237.503561890751,204.6693398494685
ZAZA-B_004_jpg.rf.9fae4295ae0fe50a89201daf82b520a6_r0c1.jpg,TP,13,22,0.8191807313642757,10934,9761,126.01241972600307,112.4938018058822
ZAZA-B_004_jpg.rf.9fae4295ae0fe50a89201daf82b520a6_r0c1.jpg,TP,4,29,0.8184394483279803,4900,4725,56.47163496043672,54.454790854706836
ZAZA-B_004_jpg.rf.9fae4295ae0fe50a89201daf82b520a6_r0c1.jpg,TP,16,23,0.8124516627996906,2509,2178,28.915782064435863,25.101065498741054
ZAZA-B_004_jpg.rf.9fae4295ae0fe50a89201daf82b520a6_r0c1.jpg,TP,17,6,0.7975452359863343,7832,6374,90.26241734900825,73.45922474241299
ZAZA-B_004_jpg.rf.9fae4295ae0fe50a89201daf82b520a6_r0c1.jpg,TP,2,16,0.773694954797317,9928,8318,114.41844732392158,95.86348155120666
ZAZA-B_004_jpg.rf.9fae4295ae0fe50a89201daf82b520a6_r0c1.jpg,TP,29,4,0.7340283765775653,11690,10431,134.72518626275618,120.21543352496232
ZAZA-B_004_jpg.rf.9fae4295ae0fe50a89201daf82b520a6_r0c1.jpg,TP,7,26,0.7202380952380952,12255,10865,141.23671151839835,125.21720690717244
ZAZA-B_004_jpg.rf.9fae4295ae0fe50a89201daf82b520a6_r0c1.jpg,TP,14,19,0.7182926829268292,4597,3857,52.97961345165869,44.451244090286615
ZAZA-B_004_jpg.rf.9fae4295ae0fe50a89201daf82b520a6_r0c1.jpg,TP,24,30,0.6856209150326797,1262,1317,14.544327208177783,15.178192498550032
ZAZA-B_004_jpg.rf.9fae4295ae0fe50a89201daf82b520a6_r0c1.jpg,TP,20,3,0.6779448621553885,2450,2906,28.23581748021836,33.491136978577366
ZAZA-B_004_jpg.rf.9fae4295ae0fe50a89201daf82b520a6_r0c1.jpg,TP,22,17,0.6630059617194854,2926,2374,33.72163344780364,27.359930897158524
ZAZA-B_004_jpg.rf.9fae4295ae0fe50a89201daf82b520a6_r0c1.jpg,TP,36,12,0.6445198836081474,1959,1432,22.577129160713373,16.503547196601097
ZAZA-B_004_jpg.rf.9fae4295ae0fe50a89201daf82b520a6_r0c1.jpg,TP,12,0,0.5015194015895278,7882,4965,90.83865852207391,57.2207484854221
ZAZA-B_004_jpg.rf.9fae4295ae0fe50a89201daf82b520a6_r0c1.jpg,FP,3,-1,0.0,0,6848,0.0,78.92199106307564
ZAZA-B_004_jpg.rf.9fae4295ae0fe50a89201daf82b520a6_r0c1.jpg,FP,6,-1,0.0,0,7302,0.0,84.15426091451202
ZAZA-B_004_jpg.rf.9fae4295ae0fe50a89201daf82b520a6_r0c1.jpg,FP,8,-1,0.0,0,4017,0.0,46.295215844096795
ZAZA-B_004_jpg.rf.9fae4295ae0fe50a89201daf82b520a6_r0c1.jpg,FP,15,-1,0.0,0,4574,0.0,52.71454251204848
ZAZA-B_004_jpg.rf.9fae4295ae0fe50a89201daf82b520a6_r0c1.jpg,FP,19,-1,0.0,0,2451,0.0,28.247342303679673
ZAZA-B_004_jpg.rf.9fae4295ae0fe50a89201daf82b520a6_r0c1.jpg,FP,21,-1,0.0,0,4851,0.0,55.90691861083235
ZAZA-B_004_jpg.rf.9fae4295ae0fe50a89201daf82b520a6_r0c1.jpg,FP,25,-1,0.0,0,7559,0.0,87.11614054406962
ZAZA-B_004_jpg.rf.9fae4295ae0fe50a89201daf82b520a6_r0c1.jpg,FP,26,-1,0.0,0,2116,0.0,24.386526444139612
ZAZA-B_004_jpg.rf.9fae4295ae0fe50a89201daf82b520a6_r0c1.jpg,FP,27,-1,0.0,0,3305,0.0,38.0895415396415
ZAZA-B_004_jpg.rf.9fae4295ae0fe50a89201daf82b520a6_r0c1.jpg,FP,30,-1,0.0,0,7705,0.0,88.79876476942141
ZAZA-B_004_jpg.rf.9fae4295ae0fe50a89201daf82b520a6_r0c1.jpg,FP,33,-1,0.0,0,3651,0.0,42.07713045725601
ZAZA-B_004_jpg.rf.9fae4295ae0fe50a89201daf82b520a6_r0c1.jpg,FP,35,-1,0.0,0,1675,0.0,19.304079297700305
ZAZA-B_004_jpg.rf.9fae4295ae0fe50a89201daf82b520a6_r0c1.jpg,FP,37,-1,0.0,0,16890,0.0,194.65426826158696
ZAZA-B_004_jpg.rf.9fae4295ae0fe50a89201daf82b520a6_r0c1.jpg,FN,-1,8,0.0,17734,0,204.38121926293567,0.0
ZAZA-B_004_jpg.rf.9fae4295ae0fe50a89201daf82b520a6_r0c1.jpg,FN,-1,11,0.0,14531,0,167.46720971634815,0.0
ZAZA-B_004_jpg.rf.9fae4295ae0fe50a89201daf82b520a6_r0c1.jpg,FN,-1,15,0.0,655,0,7.548759367160418,0.0
ZAZA-B_004_jpg.rf.9fae4295ae0fe50a89201daf82b520a6_r0c1.jpg,FN,-1,18,0.0,2284,0,26.3226967856403,0.0
ZAZA-B_004_jpg.rf.9fae4295ae0fe50a89201daf82b520a6_r0c1.jpg,FN,-1,20,0.0,690,0,7.952128188306395,0.0
ZAZA-B_004_jpg.rf.9fae4295ae0fe50a89201daf82b520a6_r0c1.jpg,FN,-1,21,0.0,9707,0,111.87146133897127,0.0
ZAZA-B_004_jpg.rf.9fae4295ae0fe50a89201daf82b520a6_r0c1.jpg,FN,-1,28,0.0,14386,0,165.79611031445768,0.0
ZAZA-B_004_jpg.rf.9fae4295ae0fe50a89201daf82b520a6_r0c2.jpg,TP,26,3,0.9180251754023937,36159,38199,416.72609153763904,440.2367313987188
ZAZA-B_004_jpg.rf.9fae4295ae0fe50a89201daf82b520a6_r0c2.jpg,TP,4,21,0.9077743902439024,11134,11393,128.3173844182658,131.30231369474603
ZAZA-B_004_jpg.rf.9fae4295ae0fe50a89201daf82b520a6_r0c2.jpg,TP,0,0,0.8928571428571429,30964,32583,356.8546336561148,375.5133228399815
ZAZA-B_004_jpg.rf.9fae4295ae0fe50a89201daf82b520a6_r0c2.jpg,TP,8,23,0.8796671411365379,16597,17737,191.27749498742207,204.41579373331962
ZAZA-B_004_jpg.rf.9fae4295ae0fe50a89201daf82b520a6_r0c2.jpg,TP,14,16,0.873355687387155,32315,33052,372.4246701523495,380.9184650433376
ZAZA-B_004_jpg.rf.9fae4295ae0fe50a89201daf82b520a6_r0c2.jpg,TP,2,14,0.8728300655963469,24311,27366,280.1799831679953,315.3883188423084
ZAZA-B_004_jpg.rf.9fae4295ae0fe50a89201daf82b520a6_r0c2.jpg,TP,19,22,0.8713733075435203,8143,7337,93.84663744547677,84.557629735658
ZAZA-B_004_jpg.rf.9fae4295ae0fe50a89201daf82b520a6_r0c2.jpg,TP,3,26,0.868471282318237,5409,5359,62.33777010224535,61.76152892917967
ZAZA-B_004_jpg.rf.9fae4295ae0fe50a89201daf82b520a6_r0c2.jpg,TP,15,15,0.8676667928293706,25655,28625,295.6693459000008,329.8980715801022
ZAZA-B_004_jpg.rf.9fae4295ae0fe50a89201daf82b520a6_r0c2.jpg,TP,1,6,0.8668466428633632,10323,11114,118.97075259114045,128.08688794903952
ZAZA-B_004_jpg.rf.9fae4295ae0fe50a89201daf82b520a6_r0c2.jpg,TP,23,12,0.8578292203537891,4247,4260,48.945925240198925,49.095747945196
ZAZA-B_004_jpg.rf.9fae4295ae0fe50a89201daf82b520a6_r0c2.jpg,TP,18,1,0.8551382583574082,8433,9547,97.18883624925772,110.02748958516109
ZAZA-B_004_jpg.rf.9fae4295ae0fe50a89201daf82b520a6_r0c2.jpg,TP,12,25,0.845895123069867,5663,6411,65.265075261419,73.88564321048159
ZAZA-B_004_jpg.rf.9fae4295ae0fe50a89201daf82b520a6_r0c2.jpg,TP,17,5,0.8277585010409438,6589,6580,75.93706178659541,75.83333837544359
ZAZA-B_004_jpg.rf.9fae4295ae0fe50a89201daf82b520a6_r0c2.jpg,TP,6,27,0.8176272612536811,4547,4094,52.40337227859301,47.18262725061794
ZAZA-B_004_jpg.rf.9fae4295ae0fe50a89201daf82b520a6_r0c2.jpg,TP,7,4,0.7939420738447933,7555,8673,87.07004125022436,99.954793879973
ZAZA-B_004_jpg.rf.9fae4295ae0fe50a89201daf82b520a6_r0c2.jpg,TP,22,11,0.7754651529485966,5250,6010,60.505323171896485,69.26418900249483
ZAZA-B_004_jpg.rf.9fae4295ae0fe50a89201daf82b520a6_r0c2.jpg,TP,21,13,0.7422402159244265,2442,2722,28.14361889252785,31.370569461695663
ZAZA-B_004_jpg.rf.9fae4295ae0fe50a89201daf82b520a6_r0c2.jpg,TP,24,2,0.7287308228730823,7069,5326,81.46897704802595,61.381209754956316
ZAZA-B_004_jpg.rf.9fae4295ae0fe50a89201daf82b520a6_r0c2.jpg,TP,9,28,0.7228735345472687,3340,3567,38.49291036078748,41.10904528650567
ZAZA-B_004_jpg.rf.9fae4295ae0fe50a89201daf82b520a6_r0c2.jpg,TP,13,17,0.714417920364482,39136,33113,451.03549098196964,381.62147927447774
ZAZA-B_004_jpg.rf.9fae4295ae0fe50a89201daf82b520a6_r0c2.jpg,TP,5,10,0.7091151440582385,40695,42650,469.0026907581576,491.5337206250257
ZAZA-B_004_jpg.rf.9fae4295ae0fe50a89201daf82b520a6_r0c2.jpg,TP,25,29,0.699825479930192,6704,5958,77.26241648464648,68.66489818250652
ZAZA-B_004_jpg.rf.9fae4295ae0fe50a89201daf82b520a6_r0c2.jpg,TP,16,19,0.6406253494665742,29925,43429,344.88034207980996,500.511558101389
ZAZA-B_004_jpg.rf.9fae4295ae0fe50a89201daf82b520a6_r0c2.jpg,TP,20,9,0.6106666666666667,1084,1332,12.49290863206396,15.351064850469736
ZAZA-B_004_jpg.rf.9fae4295ae0fe50a89201daf82b520a6_r0c2.jpg,FP,10,-1,0.0,0,7162,0.0,82.54078562992811
ZAZA-B_004_jpg.rf.9fae4295ae0fe50a89201daf82b520a6_r0c2.jpg,FP,11,-1,0.0,0,8836,0.0,101.8333401041671
ZAZA-B_004_jpg.rf.9fae4295ae0fe50a89201daf82b520a6_r0c2.jpg,FP,27,-1,0.0,0,4480,0.0,51.631209106685
ZAZA-B_004_jpg.rf.9fae4295ae0fe50a89201daf82b520a6_r0c2.jpg,FN,-1,7,0.0,708,0,8.15957501061004,0.0
ZAZA-B_004_jpg.rf.9fae4295ae0fe50a89201daf82b520a6_r0c2.jpg,FN,-1,8,0.0,4336,0,49.97163452825584,0.0
ZAZA-B_004_jpg.rf.9fae4295ae0fe50a89201daf82b520a6_r0c2.jpg,FN,-1,18,0.0,549,0,6.327128080261175,0.0
ZAZA-B_004_jpg.rf.9fae4295ae0fe50a89201daf82b520a6_r0c2.jpg,FN,-1,20,0.0,8335,0,96.05940355004898,0.0
ZAZA-B_004_jpg.rf.9fae4295ae0fe50a89201daf82b520a6_r0c2.jpg,FN,-1,24,0.0,3141,0,36.19947049198607,0.0
ZAZA-B_004_jpg.rf.9fae4295ae0fe50a89201daf82b520a6_r1c0.jpg,TP,0,0,0.8735540486637415,7448,6643,85.83688513986381,76.55940225350635
ZAZA-B_004_jpg.rf.9fae4295ae0fe50a89201daf82b520a6_r1c0.jpg,TP,5,16,0.8614581903061925,6627,6930,76.37500507812533,79.86702658690336
ZAZA-B_004_jpg.rf.9fae4295ae0fe50a89201daf82b520a6_r1c0.jpg,TP,12,13,0.8590459819510099,2253,2073,25.965427258339577,23.890959035303126
ZAZA-B_004_jpg.rf.9fae4295ae0fe50a89201daf82b520a6_r1c0.jpg,TP,1,17,0.8465968586387435,18177,17093,209.48671605629758,196.99380742423364
ZAZA-B_004_jpg.rf.9fae4295ae0fe50a89201daf82b520a6_r1c0.jpg,TP,17,3,0.8448996655518395,2346,2067,27.037235840241742,23.821810094535245
ZAZA-B_004_jpg.rf.9fae4295ae0fe50a89201daf82b520a6_r1c0.jpg,TP,7,12,0.8429507626283129,15127,16651,174.33600449929108,191.89983545433302
ZAZA-B_004_jpg.rf.9fae4295ae0fe50a89201daf82b520a6_r1c0.jpg,TP,8,15,0.8423615670825125,16768,16903,193.2482397993067,194.80409096658406
ZAZA-B_004_jpg.rf.9fae4295ae0fe50a89201daf82b520a6_r1c0.jpg,TP,14,6,0.8343234323432344,1431,1348,16.492022373139783,15.535462025850753
ZAZA-B_004_jpg.rf.9fae4295ae0fe50a89201daf82b520a6_r1c0.jpg,TP,2,7,0.8302369953805985,17761,18690,204.69238949639114,215.39895049195147
ZAZA-B_004_jpg.rf.9fae4295ae0fe50a89201daf82b520a6_r1c0.jpg,TP,4,11,0.8215379901960784,6399,5492,73.74734532894583,63.29433044953438
ZAZA-B_004_jpg.rf.9fae4295ae0fe50a89201daf82b520a6_r1c0.jpg,TP,23,22,0.8079881656804734,3008,3103,34.66666897163135,35.76152720045615
ZAZA-B_004_jpg.rf.9fae4295ae0fe50a89201daf82b520a6_r1c0.jpg,TP,3,5,0.8019618239660657,3194,3603,36.81028613543569,41.52393893111296
ZAZA-B_004_jpg.rf.9fae4295ae0fe50a89201daf82b520a6_r1c0.jpg,TP,21,20,0.7947408731171816,3725,3305,42.92996739339322,38.0895415396415
ZAZA-B_004_jpg.rf.9fae4295ae0fe50a89201daf82b520a6_r1c0.jpg,TP,13,4,0.7876991478325306,2630,2195,30.31028570325481,25.296987497583387
ZAZA-B_004_jpg.rf.9fae4295ae0fe50a89201daf82b520a6_r1c0.jpg,TP,10,1,0.7789048991354467,8112,7320,93.48936791817606,84.36170773681567
ZAZA-B_004_jpg.rf.9fae4295ae0fe50a89201daf82b520a6_r1c0.jpg,TP,11,2,0.7732142857142857,3561,3390,41.03989634573779,39.06915153385316
ZAZA-B_004_jpg.rf.9fae4295ae0fe50a89201daf82b520a6_r1c0.jpg,TP,9,10,0.772754854368932,3059,2784,35.25443496815835,32.085108516297105
ZAZA-B_004_jpg.rf.9fae4295ae0fe50a89201daf82b520a6_r1c0.jpg,TP,6,23,0.757336055116101,3470,3417,39.99113741075825,39.38032176730862
ZAZA-B_004_jpg.rf.9fae4295ae0fe50a89201daf82b520a6_r1c0.jpg,TP,20,21,0.7414418042690294,2238,2086,25.792554906419873,24.040781740300204
ZAZA-B_004_jpg.rf.9fae4295ae0fe50a89201daf82b520a6_r1c0.jpg,TP,18,14,0.721183800623053,1509,1806,17.390958603122247,20.81383117113239
ZAZA-B_004_jpg.rf.9fae4295ae0fe50a89201daf82b520a6_r1c0.jpg,TP,22,8,0.6539047619047619,3758,4925,43.310286567616565,56.75975554696956
ZAZA-B_004_jpg.rf.9fae4295ae0fe50a89201daf82b520a6_r1c0.jpg,TP,16,9,0.6158759124087592,2021,1521,23.291668215314818,17.52925648465801
ZAZA-B_004_jpg.rf.9fae4295ae0fe50a89201daf82b520a6_r1c0.jpg,FP,15,-1,0.0,0,7214,0.0,83.14007644991642
ZAZA-B_004_jpg.rf.9fae4295ae0fe50a89201daf82b520a6_r1c0.jpg,FP,19,-1,0.0,0,1033,0.0,11.905142635536965
ZAZA-B_004_jpg.rf.9fae4295ae0fe50a89201daf82b520a6_r1c0.jpg,FN,-1,18,0.0,9117,0,105.07181549679623,0.0
ZAZA-B_004_jpg.rf.9fae4295ae0fe50a89201daf82b520a6_r1c0.jpg,FN,-1,19,0.0,3773,0,43.48315891953627,0.0
ZAZA-B_004_jpg.rf.9fae4295ae0fe50a89201daf82b520a6_r1c1.jpg,TP,0,8,0.9286545437952041,42128,42403,485.51776277822,488.68708923008126
ZAZA-B_004_jpg.rf.9fae4295ae0fe50a89201daf82b520a6_r1c1.jpg,TP,2,32,0.9065842245989305,11150,11668,128.50178159364683,134.47164014660726
ZAZA-B_004_jpg.rf.9fae4295ae0fe50a89201daf82b520a6_r1c1.jpg,TP,16,11,0.8950411099691675,7535,7216,86.8395447809981,83.16312609683905
ZAZA-B_004_jpg.rf.9fae4295ae0fe50a89201daf82b520a6_r1c1.jpg,TP,26,4,0.893754988028731,9818,9165,113.15071674317709,105.62500702293929
ZAZA-B_004_jpg.rf.9fae4295ae0fe50a89201daf82b520a6_r1c1.jpg,TP,14,25,0.8641557342361404,2296,2109,26.460994667176063,24.305852679910416
ZAZA-B_004_jpg.rf.9fae4295ae0fe50a89201daf82b520a6_r1c1.jpg,TP,12,13,0.859375,7118,6805,82.03369339763032,78.42642365423916
ZAZA-B_004_jpg.rf.9fae4295ae0fe50a89201daf82b520a6_r1c1.jpg,TP,3,30,0.8464631235079784,7905,6791,91.10372946168414,78.26507612578077
ZAZA-B_004_jpg.rf.9fae4295ae0fe50a89201daf82b520a6_r1c1.jpg,TP,9,19,0.8416637126314546,16003,15169,184.4317498514018,174.82004708466624
ZAZA-B_004_jpg.rf.9fae4295ae0fe50a89201daf82b520a6_r1c1.jpg,TP,28,23,0.8341867947614084,18554,21921,213.83157450121283,252.63565509545577
ZAZA-B_004_jpg.rf.9fae4295ae0fe50a89201daf82b520a6_r1c1.jpg,TP,5,18,0.8335974643423137,4555,4701,52.49557086628352,54.17819509163531
ZAZA-B_004_jpg.rf.9fae4295ae0fe50a89201daf82b520a6_r1c1.jpg,TP,30,3,0.8279483037156704,3302,3487,38.05496706925756,40.18705940960058
ZAZA-B_004_jpg.rf.9fae4295ae0fe50a89201daf82b520a6_r1c1.jpg,TP,1,0,0.8194517659462309,29936,32191,345.0071151378844,370.9955920431466
ZAZA-B_004_jpg.rf.9fae4295ae0fe50a89201daf82b520a6_r1c1.jpg,TP,7,12,0.8167861832138168,8798,9190,101.39539681263719,105.91312760947213
ZAZA-B_004_jpg.rf.9fae4295ae0fe50a89201daf82b520a6_r1c1.jpg,TP,6,29,0.7989160491096118,7242,9022,83.4627715068332,103.97695726797144
ZAZA-B_004_jpg.rf.9fae4295ae0fe50a89201daf82b520a6_r1c1.jpg,TP,15,27,0.7961095100864554,1309,1184,15.085993910859523,13.645390978195321
ZAZA-B_004_jpg.rf.9fae4295ae0fe50a89201daf82b520a6_r1c1.jpg,TP,13,17,0.78625,6403,6458,73.79344462279109,74.42730991316333
ZAZA-B_004_jpg.rf.9fae4295ae0fe50a89201daf82b520a6_r1c1.jpg,TP,27,28,0.7861116834947455,4124,4544,47.52837195445735,52.36879780820907
ZAZA-B_004_jpg.rf.9fae4295ae0fe50a89201daf82b520a6_r1c1.jpg,TP,18,6,0.7689787001638448,1828,1411,21.06737728728129,16.261525903913512
ZAZA-B_004_jpg.rf.9fae4295ae0fe50a89201daf82b520a6_r1c1.jpg,TP,4,31,0.7548356659852178,6230,4929,71.79965016398383,56.80585484081481
ZAZA-B_004_jpg.rf.9fae4295ae0fe50a89201daf82b520a6_r1c1.jpg,TP,17,1,0.7475032975315621,4429,4845,51.043443110158,55.83776967006447
ZAZA-B_004_jpg.rf.9fae4295ae0fe50a89201daf82b520a6_r1c1.jpg,TP,20,5,0.7160720853254873,6178,7820,71.20035934399552,90.12411946747248
ZAZA-B_004_jpg.rf.9fae4295ae0fe50a89201daf82b520a6_r1c1.jpg,TP,22,15,0.7129056724282464,21401,21509,246.64274689557269,247.88742782939457
ZAZA-B_004_jpg.rf.9fae4295ae0fe50a89201daf82b520a6_r1c1.jpg,TP,31,20,0.6553191489361702,983,962,11.328901462471284,11.086880169783699
ZAZA-B_004_jpg.rf.9fae4295ae0fe50a89201daf82b520a6_r1c1.jpg,TP,19,14,0.5979788409916311,5813,4307,66.99379878061605,49.63741464787774
ZAZA-B_004_jpg.rf.9fae4295ae0fe50a89201daf82b520a6_r1c1.jpg,FP,8,-1,0.0,0,4773,0.0,55.00798238084989
ZAZA-B_004_jpg.rf.9fae4295ae0fe50a89201daf82b520a6_r1c1.jpg,FP,10,-1,0.0,0,4309,0.0,49.66046429480037
ZAZA-B_004_jpg.rf.9fae4295ae0fe50a89201daf82b520a6_r1c1.jpg,FP,11,-1,0.0,0,5717,0.0,65.88741572832994
ZAZA-B_004_jpg.rf.9fae4295ae0fe50a89201daf82b520a6_r1c1.jpg,FP,21,-1,0.0,0,1946,0.0,22.427306455716295
ZAZA-B_004_jpg.rf.9fae4295ae0fe50a89201daf82b520a6_r1c1.jpg,FP,23,-1,0.0,0,896,0.0,10.326241821337
ZAZA-B_004_jpg.rf.9fae4295ae0fe50a89201daf82b520a6_r1c1.jpg,FP,24,-1,0.0,0,6159,0.0,70.98138769823056
ZAZA-B_004_jpg.rf.9fae4295ae0fe50a89201daf82b520a6_r1c1.jpg,FP,25,-1,0.0,0,14171,0.0,163.31827327027526
ZAZA-B_004_jpg.rf.9fae4295ae0fe50a89201daf82b520a6_r1c1.jpg,FP,29,-1,0.0,0,14658,0.0,168.930862295935
ZAZA-B_004_jpg.rf.9fae4295ae0fe50a89201daf82b520a6_r1c1.jpg,FN,-1,2,0.0,2321,0,26.7491152537089,0.0
ZAZA-B_004_jpg.rf.9fae4295ae0fe50a89201daf82b520a6_r1c1.jpg,FN,-1,7,0.0,485,0,5.589539378737103,0.0
ZAZA-B_004_jpg.rf.9fae4295ae0fe50a89201daf82b520a6_r1c1.jpg,FN,-1,9,0.0,961,0,11.075355346322384,0.0
ZAZA-B_004_jpg.rf.9fae4295ae0fe50a89201daf82b520a6_r1c1.jpg,FN,-1,10,0.0,3947,0,45.48847820180484,0.0
ZAZA-B_004_jpg.rf.9fae4295ae0fe50a89201daf82b520a6_r1c1.jpg,FN,-1,16,0.0,10810,0,124.58334161680018,0.0
ZAZA-B_004_jpg.rf.9fae4295ae0fe50a89201daf82b520a6_r1c1.jpg,FN,-1,21,0.0,771,0,8.885638888672798,0.0
ZAZA-B_004_jpg.rf.9fae4295ae0fe50a89201daf82b520a6_r1c1.jpg,FN,-1,22,0.0,858,0,9.888298529807082,0.0
ZAZA-B_004_jpg.rf.9fae4295ae0fe50a89201daf82b520a6_r1c1.jpg,FN,-1,24,0.0,16923,0,195.03458743581032,0.0
ZAZA-B_004_jpg.rf.9fae4295ae0fe50a89201daf82b520a6_r1c1.jpg,FN,-1,26,0.0,9367,0,107.95302136212464,0.0
ZAZA-B_004_jpg.rf.9fae4295ae0fe50a89201daf82b520a6_r1c2.jpg,TP,2,14,0.8887789187182976,7662,7605,88.30319736058492,87.64628242329005
ZAZA-B_004_jpg.rf.9fae4295ae0fe50a89201daf82b520a6_r1c2.jpg,TP,3,9,0.8871196036801132,5569,5097,64.18174185605552,58.7420251823155
ZAZA-B_004_jpg.rf.9fae4295ae0fe50a89201daf82b520a6_r1c2.jpg,TP,13,1,0.8790075271814887,6711,6769,77.34309024887567,78.01153000963187
ZAZA-B_004_jpg.rf.9fae4295ae0fe50a89201daf82b520a6_r1c2.jpg,TP,18,13,0.8718430034129693,5502,5467,63.40957868414751,63.00620986300154
ZAZA-B_004_jpg.rf.9fae4295ae0fe50a89201daf82b520a6_r1c2.jpg,TP,7,11,0.8641022228137895,6778,7227,78.11525342078369,83.2898991549135
ZAZA-B_004_jpg.rf.9fae4295ae0fe50a89201daf82b520a6_r1c2.jpg,TP,0,0,0.845657413886945,11212,12525,129.21632064824826,144.34841385295303
ZAZA-B_004_jpg.rf.9fae4295ae0fe50a89201daf82b520a6_r1c2.jpg,TP,5,22,0.843115438108484,3091,3535,35.62322931892039,40.74025093574363
ZAZA-B_004_jpg.rf.9fae4295ae0fe50a89201daf82b520a6_r1c2.jpg,TP,1,24,0.8394677725937446,9984,11306,115.06383743775514,130.29965405361173
ZAZA-B_004_jpg.rf.9fae4295ae0fe50a89201daf82b520a6_r1c2.jpg,TP,4,23,0.8354901960784313,4700,4661,54.166670268173995,53.71720215318276
ZAZA-B_004_jpg.rf.9fae4295ae0fe50a89201daf82b520a6_r1c2.jpg,TP,15,3,0.8322091062394603,5271,5594,60.74734446458407,64.46986244258837
ZAZA-B_004_jpg.rf.9fae4295ae0fe50a89201daf82b520a6_r1c2.jpg,TP,16,5,0.8300902708124374,4374,4749,50.40957781978575,54.73138661777836
ZAZA-B_004_jpg.rf.9fae4295ae0fe50a89201daf82b520a6_r1c2.jpg,TP,11,16,0.8241025641025641,3298,3816,38.008867775412305,43.97872632837276
ZAZA-B_004_jpg.rf.9fae4295ae0fe50a89201daf82b520a6_r1c2.jpg,TP,22,18,0.8223076923076923,9261,9691,106.73139007522539,111.68706416359025
ZAZA-B_004_jpg.rf.9fae4295ae0fe50a89201daf82b520a6_r1c2.jpg,TP,14,15,0.8160828025477707,4491,4633,51.75798216475945,53.39450709626598
ZAZA-B_004_jpg.rf.9fae4295ae0fe50a89201daf82b520a6_r1c2.jpg,TP,21,6,0.8108023401587965,8434,8899,97.20036107271903,102.55940398222987
ZAZA-B_004_jpg.rf.9fae4295ae0fe50a89201daf82b520a6_r1c2.jpg,TP,19,10,0.7803379416282642,1164,1154,13.414894508969049,13.299646274355913
ZAZA-B_004_jpg.rf.9fae4295ae0fe50a89201daf82b520a6_r1c2.jpg,TP,8,20,0.7697390155269244,2377,2980,27.394505367542465,34.343973914714574
ZAZA-B_004_jpg.rf.9fae4295ae0fe50a89201daf82b520a6_r1c2.jpg,TP,26,19,0.7694341618191433,1564,1782,18.024823893494496,20.537235408060862
ZAZA-B_004_jpg.rf.9fae4295ae0fe50a89201daf82b520a6_r1c2.jpg,TP,20,7,0.7616300797816161,55978,52438,645.1365677174136,604.3386926643634
ZAZA-B_004_jpg.rf.9fae4295ae0fe50a89201daf82b520a6_r1c2.jpg,TP,9,4,0.7396837639799461,4505,4517,51.91932969321784,52.0576275747536
ZAZA-B_004_jpg.rf.9fae4295ae0fe50a89201daf82b520a6_r1c2.jpg,TP,28,8,0.6211401425178147,2526,1569,29.111704063278193,18.082448010801063
ZAZA-B_004_jpg.rf.9fae4295ae0fe50a89201daf82b520a6_r1c2.jpg,TP,25,12,0.6185365853658537,1015,644,11.69769581323332,7.421986309085969
ZAZA-B_004_jpg.rf.9fae4295ae0fe50a89201daf82b520a6_r1c2.jpg,TP,24,2,0.574032529444756,3548,2065,40.89007364074071,23.798760447612615
ZAZA-B_004_jpg.rf.9fae4295ae0fe50a89201daf82b520a6_r1c2.jpg,TP,27,21,0.5269978401727862,872,542,10.049646058265473,6.24645431603198
ZAZA-B_004_jpg.rf.9fae4295ae0fe50a89201daf82b520a6_r1c2.jpg,FP,6,-1,0.0,0,4676,0.0,53.89007450510247
ZAZA-B_004_jpg.rf.9fae4295ae0fe50a89201daf82b520a6_r1c2.jpg,FP,10,-1,0.0,0,5086,0.0,58.61525212424105
ZAZA-B_004_jpg.rf.9fae4295ae0fe50a89201daf82b520a6_r1c2.jpg,FP,12,-1,0.0,0,2333,0.0,26.887413135244664
ZAZA-B_004_jpg.rf.9fae4295ae0fe50a89201daf82b520a6_r1c2.jpg,FP,17,-1,0.0,0,1690,0.0,19.47695164962001
ZAZA-B_004_jpg.rf.9fae4295ae0fe50a89201daf82b520a6_r1c2.jpg,FP,23,-1,0.0,0,40423,0.0,465.8679387766803
ZAZA-B_004_jpg.rf.9fae4295ae0fe50a89201daf82b520a6_r1c2.jpg,FN,-1,17,0.0,5503,0,63.42110350760883,0.0
ZAZA-B_004_jpg.rf.9fae4295ae0fe50a89201daf82b520a6_r2c0.jpg,TP,14,2,0.9174672038012602,28268,27421,325.7837096044133,316.02218413268065
ZAZA-B_004_jpg.rf.9fae4295ae0fe50a89201daf82b520a6_r2c0.jpg,TP,8,16,0.9031420192710515,23139,22289,266.67289007133576,256.87679012921916
ZAZA-B_004_jpg.rf.9fae4295ae0fe50a89201daf82b520a6_r2c0.jpg,TP,10,9,0.8708157698983388,3724,3821,42.918442569931905,44.036350445679325
ZAZA-B_004_jpg.rf.9fae4295ae0fe50a89201daf82b520a6_r2c0.jpg,TP,11,4,0.8638736447597376,7155,6770,82.46011186569892,78.02305483309318
ZAZA-B_004_jpg.rf.9fae4295ae0fe50a89201daf82b520a6_r2c0.jpg,TP,9,6,0.862621637092158,3120,3388,35.95744919929848,39.04610188693053
ZAZA-B_004_jpg.rf.9fae4295ae0fe50a89201daf82b520a6_r2c0.jpg,TP,5,8,0.8467626832749449,6825,7408,78.65692012346543,85.37589220141126
ZAZA-B_004_jpg.rf.9fae4295ae0fe50a89201daf82b520a6_r2c0.jpg,TP,1,5,0.8421022662566906,15925,16426,183.53281362141934,189.30675017553745
ZAZA-B_004_jpg.rf.9fae4295ae0fe50a89201daf82b520a6_r2c0.jpg,TP,13,11,0.83971151015602,11683,13315,134.64451249852698,153.4530243873908
ZAZA-B_004_jpg.rf.9fae4295ae0fe50a89201daf82b520a6_r2c0.jpg,TP,2,15,0.8379235943647672,7147,7334,82.36791327800842,84.52305526527405
ZAZA-B_004_jpg.rf.9fae4295ae0fe50a89201daf82b520a6_r2c0.jpg,TP,0,14,0.8376153378639704,17610,15649,202.95214115373278,180.35196234609677
ZAZA-B_004_jpg.rf.9fae4295ae0fe50a89201daf82b520a6_r2c0.jpg,TP,16,18,0.8325804433942595,13532,12837,155.95391107849585,147.94415877288287
ZAZA-B_004_jpg.rf.9fae4295ae0fe50a89201daf82b520a6_r2c0.jpg,TP,12,10,0.8315717305604754,16546,15512,190.68972899089508,178.77306153189681
ZAZA-B_004_jpg.rf.9fae4295ae0fe50a89201daf82b520a6_r2c0.jpg,TP,6,0,0.8290450427780574,31084,27065,358.23761247147246,311.919346980453
ZAZA-B_004_jpg.rf.9fae4295ae0fe50a89201daf82b520a6_r2c0.jpg,TP,4,20,0.8206453518422802,12675,11982,146.07713737215008,138.09043471345976
ZAZA-B_004_jpg.rf.9fae4295ae0fe50a89201daf82b520a6_r2c0.jpg,TP,17,13,0.7980160152981953,7734,7310,89.13298464979951,84.24645950220253
ZAZA-B_004_jpg.rf.9fae4295ae0fe50a89201daf82b520a6_r2c0.jpg,TP,3,1,0.7639134275618374,4063,3924,46.82535772331722,45.22340726219463
ZAZA-B_004_jpg.rf.9fae4295ae0fe50a89201daf82b520a6_r2c0.jpg,TP,15,12,0.7257492748952626,2991,2364,34.47074697278902,27.244682662545387
ZAZA-B_004_jpg.rf.9fae4295ae0fe50a89201daf82b520a6_r2c0.jpg,TP,18,7,0.6436567164179104,1907,1617,21.977838340725064,18.635639536944115
ZAZA-B_004_jpg.rf.9fae4295ae0fe50a89201daf82b520a6_r2c0.jpg,FP,7,-1,0.0,0,8546,0.0,98.49114130038616
ZAZA-B_004_jpg.rf.9fae4295ae0fe50a89201daf82b520a6_r2c0.jpg,FN,-1,3,0.0,24634,0,283.9025011459996,0.0
ZAZA-B_004_jpg.rf.9fae4295ae0fe50a89201daf82b520a6_r2c0.jpg,FN,-1,17,0.0,9291,0,107.0771347790648,0.0
ZAZA-B_004_jpg.rf.9fae4295ae0fe50a89201daf82b520a6_r2c0.jpg,FN,-1,19,0.0,17433,0,200.91224740108026,0.0
ZAZA-B_004_jpg.rf.9fae4295ae0fe50a89201daf82b520a6_r2c1.jpg,TP,0,18,0.861138014527845,39953,36912,460.4512717498629,425.4042836040082
ZAZA-B_004_jpg.rf.9fae4295ae0fe50a89201daf82b520a6_r2c1.jpg,TP,2,5,0.8465006861399725,4466,4953,51.469861578226606,57.082450603886336
ZAZA-B_004_jpg.rf.9fae4295ae0fe50a89201daf82b520a6_r2c1.jpg,TP,6,2,0.8461375661375662,4338,4385,49.99468417517846,50.53635087786021
ZAZA-B_004_jpg.rf.9fae4295ae0fe50a89201daf82b520a6_r2c1.jpg,TP,4,21,0.8447287163652404,5766,6780,66.45213207793431,78.13830306770632
ZAZA-B_004_jpg.rf.9fae4295ae0fe50a89201daf82b520a6_r2c1.jpg,TP,15,16,0.843967402106937,4332,4945,49.92553523441058,56.99025201619583
ZAZA-B_004_jpg.rf.9fae4295ae0fe50a89201daf82b520a6_r2c1.jpg,TP,13,20,0.8329831442312182,19699,19558,227.02749736441692,225.4024972563717
ZAZA-B_004_jpg.rf.9fae4295ae0fe50a89201daf82b520a6_r2c1.jpg,TP,7,14,0.8063794068270845,1637,1591,18.86613600617039,18.335994126949963
ZAZA-B_004_jpg.rf.9fae4295ae0fe50a89201daf82b520a6_r2c1.jpg,TP,18,15,0.7943196004993758,3121,2628,35.968974022759795,30.287236056332183
ZAZA-B_004_jpg.rf.9fae4295ae0fe50a89201daf82b520a6_r2c1.jpg,TP,12,3,0.7799921460828588,20005,16257,230.55409334357887,187.35905501057545
ZAZA-B_004_jpg.rf.9fae4295ae0fe50a89201daf82b520a6_r2c1.jpg,TP,17,17,0.7764307865802086,9764,9139,112.52837627626614,105.32536161294513
ZAZA-B_004_jpg.rf.9fae4295ae0fe50a89201daf82b520a6_r2c1.jpg,TP,3,19,0.7747026532479414,3808,3951,43.88652774068225,45.5345774956501
ZAZA-B_004_jpg.rf.9fae4295ae0fe50a89201daf82b520a6_r2c1.jpg,TP,1,4,0.7731897067624177,4784,4105,55.13475543892434,47.309400308692396
ZAZA-B_004_jpg.rf.9fae4295ae0fe50a89201daf82b520a6_r2c1.jpg,TP,23,9,0.7705357142857143,21989,17671,253.4193430908251,203.6551553848729
ZAZA-B_004_jpg.rf.9fae4295ae0fe50a89201daf82b520a6_r2c1.jpg,TP,22,1,0.7587052476704267,1834,1752,21.13652622804917,20.191490704221454
ZAZA-B_004_jpg.rf.9fae4295ae0fe50a89201daf82b520a6_r2c1.jpg,TP,8,12,0.7465715852989577,1469,1715,16.9299656646697,19.76507223615285
ZAZA-B_004_jpg.rf.9fae4295ae0fe50a89201daf82b520a6_r2c1.jpg,TP,5,11,0.7432969215491559,1841,1670,21.217199992278367,19.24645518039374
ZAZA-B_004_jpg.rf.9fae4295ae0fe50a89201daf82b520a6_r2c1.jpg,TP,11,7,0.7376039421004004,2401,3241,27.67110113061399,37.35195283811743
ZAZA-B_004_jpg.rf.9fae4295ae0fe50a89201daf82b520a6_r2c1.jpg,TP,14,6,0.6868910540301152,1709,2100,19.69592329538497,24.202129268758593
ZAZA-B_004_jpg.rf.9fae4295ae0fe50a89201daf82b520a6_r2c1.jpg,FP,9,-1,0.0,0,4126,0.0,47.55142160137998
ZAZA-B_004_jpg.rf.9fae4295ae0fe50a89201daf82b520a6_r2c1.jpg,FP,10,-1,0.0,0,5079,0.0,58.53457836001186
ZAZA-B_004_jpg.rf.9fae4295ae0fe50a89201daf82b520a6_r2c1.jpg,FP,16,-1,0.0,0,2822,0.0,32.523051807827024
ZAZA-B_004_jpg.rf.9fae4295ae0fe50a89201daf82b520a6_r2c1.jpg,FP,19,-1,0.0,0,2361,0.0,27.210108192161446
ZAZA-B_004_jpg.rf.9fae4295ae0fe50a89201daf82b520a6_r2c1.jpg,FP,20,-1,0.0,0,9324,0.0,107.45745395328815
ZAZA-B_004_jpg.rf.9fae4295ae0fe50a89201daf82b520a6_r2c1.jpg,FP,21,-1,0.0,0,2925,0.0,33.710108624342325
ZAZA-B_004_jpg.rf.9fae4295ae0fe50a89201daf82b520a6_r2c1.jpg,FN,-1,0,0.0,1308,0,15.07446908739821,0.0
ZAZA-B_004_jpg.rf.9fae4295ae0fe50a89201daf82b520a6_r2c1.jpg,FN,-1,8,0.0,5873,0,67.68528818829486,0.0
ZAZA-B_004_jpg.rf.9fae4295ae0fe50a89201daf82b520a6_r2c1.jpg,FN,-1,10,0.0,9832,0,113.31206427163546,0.0
ZAZA-B_004_jpg.rf.9fae4295ae0fe50a89201daf82b520a6_r2c1.jpg,FN,-1,13,0.0,5803,0,66.87855054600291,0.0
ZAZA-B_004_jpg.rf.9fae4295ae0fe50a89201daf82b520a6_r2c2.jpg,TP,0,14,0.9014714250873913,11692,11698,134.74823590967878,134.81738485044667
ZAZA-B_004_jpg.rf.9fae4295ae0fe50a89201daf82b520a6_r2c2.jpg,TP,7,1,0.8902771467514766,4092,4229,47.15957760369532,48.73847841789528
ZAZA-B_004_jpg.rf.9fae4295ae0fe50a89201daf82b520a6_r2c2.jpg,TP,22,23,0.8805526590198123,17497,18572,201.64983610260433,214.03902132351647
ZAZA-B_004_jpg.rf.9fae4295ae0fe50a89201daf82b520a6_r2c2.jpg,TP,12,18,0.8798283261802575,3522,3486,40.590428230746554,40.175534586139264
ZAZA-B_004_jpg.rf.9fae4295ae0fe50a89201daf82b520a6_r2c2.jpg,TP,6,2,0.8767665347654042,3326,3314,38.331562832329084,38.19326495079332
ZAZA-B_004_jpg.rf.9fae4295ae0fe50a89201daf82b520a6_r2c2.jpg,TP,21,19,0.8667381207574134,5246,5204,60.459223878051226,59.975181292676055
ZAZA-B_004_jpg.rf.9fae4295ae0fe50a89201daf82b520a6_r2c2.jpg,TP,1,21,0.8661376574090046,26536,27554,305.8227153694181,317.5549856530354
ZAZA-B_004_jpg.rf.9fae4295ae0fe50a89201daf82b520a6_r2c2.jpg,TP,11,9,0.839870340356564,2852,2824,32.86879651166643,32.54610145474965
ZAZA-B_004_jpg.rf.9fae4295ae0fe50a89201daf82b520a6_r2c2.jpg,TP,8,3,0.8247308860060724,6906,6316,79.59043082383182,72.7907849816568
ZAZA-B_004_jpg.rf.9fae4295ae0fe50a89201daf82b520a6_r2c2.jpg,TP,19,6,0.8060987165130502,10281,10686,118.48671000576529,123.15426350759729
ZAZA-B_004_jpg.rf.9fae4295ae0fe50a89201daf82b520a6_r2c2.jpg,TP,15,5,0.8015144895878841,5998,6373,69.12589112095907,73.44769991895167
ZAZA-B_004_jpg.rf.9fae4295ae0fe50a89201daf82b520a6_r2c2.jpg,TP,9,11,0.7738565782044043,2891,3392,33.318264626657665,39.09220118077579
ZAZA-B_004_jpg.rf.9fae4295ae0fe50a89201daf82b520a6_r2c2.jpg,TP,17,10,0.7709190672153635,1975,1898,22.76152633609439,21.874114929573242
ZAZA-B_004_jpg.rf.9fae4295ae0fe50a89201daf82b520a6_r2c2.jpg,TP,14,16,0.7700737198645149,4384,4500,50.52482605439889,51.86170557591127
ZAZA-B_004_jpg.rf.9fae4295ae0fe50a89201daf82b520a6_r2c2.jpg,TP,24,25,0.757227575982209,2353,2388,27.11790960447094,27.521278425616913
ZAZA-B_004_jpg.rf.9fae4295ae0fe50a89201daf82b520a6_r2c2.jpg,TP,2,13,0.7297217288336294,2553,3290,29.42287429673366,37.916669187721794
ZAZA-B_004_jpg.rf.9fae4295ae0fe50a89201daf82b520a6_r2c2.jpg,TP,20,4,0.7279165593613186,5764,7655,66.42908243101168,88.22252359635573
ZAZA-B_004_jpg.rf.9fae4295ae0fe50a89201daf82b520a6_r2c2.jpg,TP,4,12,0.7132023440193037,2466,2504,28.420214655599377,28.858157947129293
ZAZA-B_004_jpg.rf.9fae4295ae0fe50a89201daf82b520a6_r2c2.jpg,TP,3,8,0.7085775612977793,11744,8952,135.3475267296671,103.1702196256795
ZAZA-B_004_jpg.rf.9fae4295ae0fe50a89201daf82b520a6_r2c2.jpg,TP,25,0,0.7074597757191614,5825,4681,67.13209666215181,53.947698622409035
ZAZA-B_004_jpg.rf.9fae4295ae0fe50a89201daf82b520a6_r2c2.jpg,TP,13,15,0.5797950219619327,8509,5518,98.06472283231756,63.593975859528534
ZAZA-B_004_jpg.rf.9fae4295ae0fe50a89201daf82b520a6_r2c2.jpg,FP,5,-1,0.0,0,5631,0.0,64.89628091065697
ZAZA-B_004_jpg.rf.9fae4295ae0fe50a89201daf82b520a6_r2c2.jpg,FP,10,-1,0.0,0,14638,0.0,168.70036582670872
ZAZA-B_004_jpg.rf.9fae4295ae0fe50a89201daf82b520a6_r2c2.jpg,FP,16,-1,0.0,0,2108,0.0,24.2943278564491
ZAZA-B_004_jpg.rf.9fae4295ae0fe50a89201daf82b520a6_r2c2.jpg,FP,18,-1,0.0,0,3199,0.0,36.867910252742256
ZAZA-B_004_jpg.rf.9fae4295ae0fe50a89201daf82b520a6_r2c2.jpg,FP,23,-1,0.0,0,1953,0.0,22.50798021994549
ZAZA-B_004_jpg.rf.9fae4295ae0fe50a89201daf82b520a6_r2c2.jpg,FP,26,-1,0.0,0,2168,0.0,24.98581726412792
ZAZA-B_004_jpg.rf.9fae4295ae0fe50a89201daf82b520a6_r2c2.jpg,FP,27,-1,0.0,0,8915,0.0,102.74380115761089
ZAZA-B_004_jpg.rf.9fae4295ae0fe50a89201daf82b520a6_r2c2.jpg,FP,28,-1,0.0,0,13150,0.0,151.55142851627406
ZAZA-B_004_jpg.rf.9fae4295ae0fe50a89201daf82b520a6_r2c2.jpg,FN,-1,7,0.0,293,0,3.3767732741648895,0.0
ZAZA-B_004_jpg.rf.9fae4295ae0fe50a89201daf82b520a6_r2c2.jpg,FN,-1,17,0.0,6537,0,75.33777096660711,0.0
ZAZA-B_004_jpg.rf.9fae4295ae0fe50a89201daf82b520a6_r2c2.jpg,FN,-1,20,0.0,1282,0,14.774823677404056,0.0
ZAZA-B_004_jpg.rf.9fae4295ae0fe50a89201daf82b520a6_r2c2.jpg,FN,-1,22,0.0,618,0,7.122340899091815,0.0
ZAZA-B_004_jpg.rf.9fae4295ae0fe50a89201daf82b520a6_r2c2.jpg,FN,-1,24,0.0,12102,0,139.4734135288174,0.0
ZAZA-B_004_jpg.rf.9fae4295ae0fe50a89201daf82b520a6_r2c2.jpg,FN,-1,26,0.0,5737,0,66.11791219755621,0.0
ZAZA-G_007_jpg.rf.b9cc35539ff0af0861e89e273942e011_r0c0.jpg,TP,0,0,0.7342795315682281,39267,42480,452.54524285540174,489.5745006366024
ZAZA-G_007_jpg.rf.b9cc35539ff0af0861e89e273942e011_r0c0.jpg,TP,14,1,0.7036045145246359,68264,56416,786.7305487631127,650.184440393469
ZAZA-G_007_jpg.rf.b9cc35539ff0af0861e89e273942e011_r0c0.jpg,TP,5,5,0.6647350993377483,12231,9890,140.96011575532683,113.98050403239166
ZAZA-G_007_jpg.rf.b9cc35539ff0af0861e89e273942e011_r0c0.jpg,TP,3,11,0.6271989174560216,3029,4186,34.90869026431894,48.242911009058794
ZAZA-G_007_jpg.rf.b9cc35539ff0af0861e89e273942e011_r0c0.jpg,TP,15,7,0.554020835771977,7259,6017,83.65869350567554,69.34486276672402
ZAZA-G_007_jpg.rf.b9cc35539ff0af0861e89e273942e011_r0c0.jpg,FP,1,-1,0.0,0,29808,0.0,343.5319377348363
ZAZA-G_007_jpg.rf.b9cc35539ff0af0861e89e273942e011_r0c0.jpg,FP,2,-1,0.0,0,4244,0.0,48.91135076981499
ZAZA-G_007_jpg.rf.b9cc35539ff0af0861e89e273942e011_r0c0.jpg,FP,4,-1,0.0,0,4377,0.0,50.4441522901697
ZAZA-G_007_jpg.rf.b9cc35539ff0af0861e89e273942e011_r0c0.jpg,FP,6,-1,0.0,0,14046,0.0,161.87767033761105
ZAZA-G_007_jpg.rf.b9cc35539ff0af0861e89e273942e011_r0c0.jpg,FP,7,-1,0.0,0,24660,0.0,284.20214655599375
ZAZA-G_007_jpg.rf.b9cc35539ff0af0861e89e273942e011_r0c0.jpg,FP,8,-1,0.0,0,5825,0.0,67.13209666215181
ZAZA-G_007_jpg.rf.b9cc35539ff0af0861e89e273942e011_r0c0.jpg,FP,9,-1,0.0,0,4473,0.0,51.5505353424558
ZAZA-G_007_jpg.rf.b9cc35539ff0af0861e89e273942e011_r0c0.jpg,FP,10,-1,0.0,0,4958,0.0,57.14007472119291
ZAZA-G_007_jpg.rf.b9cc35539ff0af0861e89e273942e011_r0c0.jpg,FP,11,-1,0.0,0,1731,0.0,19.94946941153387
ZAZA-G_007_jpg.rf.b9cc35539ff0af0861e89e273942e011_r0c0.jpg,FP,12,-1,0.0,0,14245,0.0,164.17111020641246
ZAZA-G_007_jpg.rf.b9cc35539ff0af0861e89e273942e011_r0c0.jpg,FP,13,-1,0.0,0,8423,0.0,97.07358801464459
ZAZA-G_007_jpg.rf.b9cc35539ff0af0861e89e273942e011_r0c0.jpg,FN,-1,2,0.0,52966,0,610.4237994519369,0.0
ZAZA-G_007_jpg.rf.b9cc35539ff0af0861e89e273942e011_r0c0.jpg,FN,-1,3,0.0,18639,0,214.8111844954245,0.0
ZAZA-G_007_jpg.rf.b9cc35539ff0af0861e89e273942e011_r0c0.jpg,FN,-1,4,0.0,15881,0,183.02572138912154,0.0
ZAZA-G_007_jpg.rf.b9cc35539ff0af0861e89e273942e011_r0c0.jpg,FN,-1,6,0.0,9212,0,106.16667372562102,0.0
ZAZA-G_007_jpg.rf.b9cc35539ff0af0861e89e273942e011_r0c0.jpg,FN,-1,8,0.0,12256,0,141.24823634185967,0.0
ZAZA-G_007_jpg.rf.b9cc35539ff0af0861e89e273942e011_r0c0.jpg,FN,-1,9,0.0,9923,0,114.36082320661501,0.0
ZAZA-G_007_jpg.rf.b9cc35539ff0af0861e89e273942e011_r0c0.jpg,FN,-1,10,0.0,9237,0,106.45479431215387,0.0
ZAZA-G_007_jpg.rf.b9cc35539ff0af0861e89e273942e011_r0c1.jpg,TP,29,0,0.8430248282576946,16326,17746,188.15426782940608,204.51951714447142
ZAZA-G_007_jpg.rf.b9cc35539ff0af0861e89e273942e011_r0c1.jpg,TP,3,15,0.8133807829181494,6323,6416,72.87145874588599,73.94326732778816
ZAZA-G_007_jpg.rf.b9cc35539ff0af0861e89e273942e011_r0c1.jpg,TP,9,6,0.8022607461476075,16557,18998,190.81650204896954,218.94859611803608
ZAZA-G_007_jpg.rf.b9cc35539ff0af0861e89e273942e011_r0c1.jpg,TP,19,10,0.7909604519774012,1476,1694,17.010639428898898,19.523050943465265
ZAZA-G_007_jpg.rf.b9cc35539ff0af0861e89e273942e011_r0c1.jpg,TP,4,18,0.7899417127484681,11421,12532,131.62500875166282,144.42908761718223
ZAZA-G_007_jpg.rf.b9cc35539ff0af0861e89e273942e011_r0c1.jpg,TP,18,3,0.7813110676852016,15646,14435,180.31738787571283,166.36082666406205
ZAZA-G_007_jpg.rf.b9cc35539ff0af0861e89e273942e011_r0c1.jpg,TP,17,26,0.7696235482579095,9098,8577,104.85284385103128,98.84841082768688
ZAZA-G_007_jpg.rf.b9cc35539ff0af0861e89e273942e011_r0c1.jpg,TP,27,25,0.7630492480094367,5346,6611,61.61170622418259,76.19060790274432
ZAZA-G_007_jpg.rf.b9cc35539ff0af0861e89e273942e011_r0c1.jpg,TP,20,13,0.7575288246429186,5068,5145,58.40780530193741,59.295216708458554
ZAZA-G_007_jpg.rf.b9cc35539ff0af0861e89e273942e011_r0c1.jpg,TP,8,8,0.7558966074313409,21521,21955,248.02572571093032,253.02749909314045
ZAZA-G_007_jpg.rf.b9cc35539ff0af0861e89e273942e011_r0c1.jpg,TP,2,5,0.7388683450686389,15754,18573,181.5620688095347,214.05054614697778
ZAZA-G_007_jpg.rf.b9cc35539ff0af0861e89e273942e011_r0c1.jpg,TP,10,1,0.7365245046073554,10581,10714,121.94415704415937,123.47695856451408
ZAZA-G_007_jpg.rf.b9cc35539ff0af0861e89e273942e011_r0c1.jpg,TP,6,12,0.7051705170517052,3335,4415,38.43528624348091,50.882095581699616
ZAZA-G_007_jpg.rf.b9cc35539ff0af0861e89e273942e011_r0c1.jpg,TP,5,7,0.6928504233301975,6051,4746,69.7367067644087,54.69681214739442
ZAZA-G_007_jpg.rf.b9cc35539ff0af0861e89e273942e011_r0c1.jpg,TP,0,16,0.6302435410686175,7669,9936,88.38387112481412,114.51064591161209
ZAZA-G_007_jpg.rf.b9cc35539ff0af0861e89e273942e011_r0c1.jpg,TP,28,9,0.6194081211286993,900,1453,10.372341115182254,16.745568489288683
ZAZA-G_007_jpg.rf.b9cc35539ff0af0861e89e273942e011_r0c1.jpg,TP,23,19,0.5390671127730762,18683,12597,215.3182767277223,145.1782011421676
ZAZA-G_007_jpg.rf.b9cc35539ff0af0861e89e273942e011_r0c1.jpg,FP,1,-1,0.0,0,5260,0.0,60.62057140650962
ZAZA-G_007_jpg.rf.b9cc35539ff0af0861e89e273942e011_r0c1.jpg,FP,7,-1,0.0,0,4385,0.0,50.53635087786021
ZAZA-G_007_jpg.rf.b9cc35539ff0af0861e89e273942e011_r0c1.jpg,FP,11,-1,0.0,0,2328,0.0,26.829789017938097
ZAZA-G_007_jpg.rf.b9cc35539ff0af0861e89e273942e011_r0c1.jpg,FP,12,-1,0.0,0,4273,0.0,49.24557065019308
ZAZA-G_007_jpg.rf.b9cc35539ff0af0861e89e273942e011_r0c1.jpg,FP,13,-1,0.0,0,3857,0.0,44.451244090286615
ZAZA-G_007_jpg.rf.b9cc35539ff0af0861e89e273942e011_r0c1.jpg,FP,14,-1,0.0,0,1537,0.0,17.71365366003903
ZAZA-G_007_jpg.rf.b9cc35539ff0af0861e89e273942e011_r0c1.jpg,FP,15,-1,0.0,0,3415,0.0,39.357272120386
ZAZA-G_007_jpg.rf.b9cc35539ff0af0861e89e273942e011_r0c1.jpg,FP,16,-1,0.0,0,10109,0.0,116.50444037041935
ZAZA-G_007_jpg.rf.b9cc35539ff0af0861e89e273942e011_r0c1.jpg,FP,21,-1,0.0,0,1073,0.0,12.36613557398951
ZAZA-G_007_jpg.rf.b9cc35539ff0af0861e89e273942e011_r0c1.jpg,FP,22,-1,0.0,0,9689,0.0,111.66401451666762
ZAZA-G_007_jpg.rf.b9cc35539ff0af0861e89e273942e011_r0c1.jpg,FP,24,-1,0.0,0,4314,0.0,49.71808841210694
ZAZA-G_007_jpg.rf.b9cc35539ff0af0861e89e273942e011_r0c1.jpg,FP,25,-1,0.0,0,2434,0.0,28.05142030483734
ZAZA-G_007_jpg.rf.b9cc35539ff0af0861e89e273942e011_r0c1.jpg,FP,26,-1,0.0,0,5921,0.0,68.23847971443791
ZAZA-G_007_jpg.rf.b9cc35539ff0af0861e89e273942e011_r0c1.jpg,FP,30,-1,0.0,0,1291,0.0,14.878547088555878
ZAZA-G_007_jpg.rf.b9cc35539ff0af0861e89e273942e011_r0c1.jpg,FP,31,-1,0.0,0,1456,0.0,16.780142959672624
ZAZA-G_007_jpg.rf.b9cc35539ff0af0861e89e273942e011_r0c1.jpg,FP,32,-1,0.0,0,1051,0.0,12.11258945784061
ZAZA-G_007_jpg.rf.b9cc35539ff0af0861e89e273942e011_r0c1.jpg,FP,33,-1,0.0,0,7249,0.0,83.5434452710624
ZAZA-G_007_jpg.rf.b9cc35539ff0af0861e89e273942e011_r0c1.jpg,FP,34,-1,0.0,0,4242,0.0,48.88830112289236
ZAZA-G_007_jpg.rf.b9cc35539ff0af0861e89e273942e011_r0c1.jpg,FN,-1,2,0.0,25023,0,288.3856574724506,0.0
ZAZA-G_007_jpg.rf.b9cc35539ff0af0861e89e273942e011_r0c1.jpg,FN,-1,4,0.0,7030,0,81.01950893303471,0.0
ZAZA-G_007_jpg.rf.b9cc35539ff0af0861e89e273942e011_r0c1.jpg,FN,-1,11,0.0,474,0,5.462766320662654,0.0
ZAZA-G_007_jpg.rf.b9cc35539ff0af0861e89e273942e011_r0c1.jpg,FN,-1,14,0.0,8512,0,98.0992973027015,0.0
ZAZA-G_007_jpg.rf.b9cc35539ff0af0861e89e273942e011_r0c1.jpg,FN,-1,17,0.0,43232,0,498.2411678795102,0.0
ZAZA-G_007_jpg.rf.b9cc35539ff0af0861e89e273942e011_r0c1.jpg,FN,-1,20,0.0,15247,0,175.7189833146487,0.0
ZAZA-G_007_jpg.rf.b9cc35539ff0af0861e89e273942e011_r0c1.jpg,FN,-1,21,0.0,8280,0,95.42553825967674,0.0
ZAZA-G_007_jpg.rf.b9cc35539ff0af0861e89e273942e011_r0c1.jpg,FN,-1,22,0.0,7500,0,86.43617595985212,0.0
ZAZA-G_007_jpg.rf.b9cc35539ff0af0861e89e273942e011_r0c1.jpg,FN,-1,23,0.0,18122,0,208.85285076592535,0.0
ZAZA-G_007_jpg.rf.b9cc35539ff0af0861e89e273942e011_r0c1.jpg,FN,-1,24,0.0,16062,0,185.1117144356193,0.0
ZAZA-G_007_jpg.rf.b9cc35539ff0af0861e89e273942e011_r0c2.jpg,TP,2,12,0.800251256281407,2059,2240,23.729611506844734,25.8156045533425
ZAZA-G_007_jpg.rf.b9cc35539ff0af0861e89e273942e011_r0c2.jpg,TP,1,0,0.7908496732026143,9558,9622,110.15426264323554,110.89185134475962
ZAZA-G_007_jpg.rf.b9cc35539ff0af0861e89e273942e011_r0c2.jpg,TP,8,5,0.7579298831385642,2830,3488,32.615250395517535,40.198584233061894
ZAZA-G_007_jpg.rf.b9cc35539ff0af0861e89e273942e011_r0c2.jpg,TP,4,8,0.7559950556242274,3161,3942,36.42996696121234,45.43085408449827
ZAZA-G_007_jpg.rf.b9cc35539ff0af0861e89e273942e011_r0c2.jpg,TP,3,7,0.5157413183614057,23001,13445,265.0824644336745,154.95125143736158
ZAZA-G_007_jpg.rf.b9cc35539ff0af0861e89e273942e011_r0c2.jpg,FP,0,-1,0.0,0,9806,0.0,113.01241886164132
ZAZA-G_007_jpg.rf.b9cc35539ff0af0861e89e273942e011_r0c2.jpg,FP,5,-1,0.0,0,4407,0.0,50.789896994009105
ZAZA-G_007_jpg.rf.b9cc35539ff0af0861e89e273942e011_r0c2.jpg,FP,6,-1,0.0,0,5003,0.0,57.65869177695202
ZAZA-G_007_jpg.rf.b9cc35539ff0af0861e89e273942e011_r0c2.jpg,FP,7,-1,0.0,0,2262,0.0,26.0691506694914
ZAZA-G_007_jpg.rf.b9cc35539ff0af0861e89e273942e011_r0c2.jpg,FP,9,-1,0.0,0,3637,0.0,41.91578292879762
ZAZA-G_007_jpg.rf.b9cc35539ff0af0861e89e273942e011_r0c2.jpg,FP,10,-1,0.0,0,4948,0.0,57.02482648657977
ZAZA-G_007_jpg.rf.b9cc35539ff0af0861e89e273942e011_r0c2.jpg,FP,11,-1,0.0,0,3336,0.0,38.446811066942224
ZAZA-G_007_jpg.rf.b9cc35539ff0af0861e89e273942e011_r0c2.jpg,FP,12,-1,0.0,0,4083,0.0,47.05585419254349
ZAZA-G_007_jpg.rf.b9cc35539ff0af0861e89e273942e011_r0c2.jpg,FP,13,-1,0.0,0,5705,0.0,65.74911784679418
ZAZA-G_007_jpg.rf.b9cc35539ff0af0861e89e273942e011_r0c2.jpg,FP,14,-1,0.0,0,1368,0.0,15.765958495077026
ZAZA-G_007_jpg.rf.b9cc35539ff0af0861e89e273942e011_r0c2.jpg,FP,15,-1,0.0,0,2042,0.0,23.533689508002404
ZAZA-G_007_jpg.rf.b9cc35539ff0af0861e89e273942e011_r0c2.jpg,FP,16,-1,0.0,0,1948,0.0,22.450356102638924
ZAZA-G_007_jpg.rf.b9cc35539ff0af0861e89e273942e011_r0c2.jpg,FP,17,-1,0.0,0,812,0.0,9.358156650586656
ZAZA-G_007_jpg.rf.b9cc35539ff0af0861e89e273942e011_r0c2.jpg,FP,18,-1,0.0,0,4506,0.0,51.930854516679155
ZAZA-G_007_jpg.rf.b9cc35539ff0af0861e89e273942e011_r0c2.jpg,FP,19,-1,0.0,0,2959,0.0,34.10195262202699
ZAZA-G_007_jpg.rf.b9cc35539ff0af0861e89e273942e011_r0c2.jpg,FP,20,-1,0.0,0,1812,0.0,20.88298011190027
ZAZA-G_007_jpg.rf.b9cc35539ff0af0861e89e273942e011_r0c2.jpg,FP,21,-1,0.0,0,1595,0.0,18.38209342079522
ZAZA-G_007_jpg.rf.b9cc35539ff0af0861e89e273942e011_r0c2.jpg,FP,22,-1,0.0,0,9737,0.0,112.21720604281067
ZAZA-G_007_jpg.rf.b9cc35539ff0af0861e89e273942e011_r0c2.jpg,FN,-1,1,0.0,22983,0,264.8750176113708,0.0
ZAZA-G_007_jpg.rf.b9cc35539ff0af0861e89e273942e011_r0c2.jpg,FN,-1,2,0.0,7275,0,83.84309068105655,0.0
ZAZA-G_007_jpg.rf.b9cc35539ff0af0861e89e273942e011_r0c2.jpg,FN,-1,3,0.0,10628,0,122.4858237468411,0.0
ZAZA-G_007_jpg.rf.b9cc35539ff0af0861e89e273942e011_r0c2.jpg,FN,-1,4,0.0,22055,0,254.17998143927178,0.0
ZAZA-G_007_jpg.rf.b9cc35539ff0af0861e89e273942e011_r0c2.jpg,FN,-1,6,0.0,23170,0,267.0301595986365,0.0
ZAZA-G_007_jpg.rf.b9cc35539ff0af0861e89e273942e011_r0c2.jpg,FN,-1,9,0.0,4019,0,46.318265491019424,0.0
ZAZA-G_007_jpg.rf.b9cc35539ff0af0861e89e273942e011_r0c2.jpg,FN,-1,10,0.0,23233,0,267.75622347669923,0.0
ZAZA-G_007_jpg.rf.b9cc35539ff0af0861e89e273942e011_r0c2.jpg,FN,-1,11,0.0,4475,0,51.57358498937843,0.0
ZAZA-G_007_jpg.rf.b9cc35539ff0af0861e89e273942e011_r0c2.jpg,FN,-1,13,0.0,24355,0,280.6870754002931,0.0
ZAZA-G_007_jpg.rf.b9cc35539ff0af0861e89e273942e011_r1c0.jpg,TP,2,3,0.8979093325669948,13414,13003,154.59398191006085,149.85727946746096
ZAZA-G_007_jpg.rf.b9cc35539ff0af0861e89e273942e011_r1c0.jpg,TP,11,2,0.8664954337899543,15666,17035,180.5478843449391,196.32536766347744
ZAZA-G_007_jpg.rf.b9cc35539ff0af0861e89e273942e011_r1c0.jpg,TP,1,14,0.8453554295682512,9860,11297,113.63475932855225,130.19593064245993
ZAZA-G_007_jpg.rf.b9cc35539ff0af0861e89e273942e011_r1c0.jpg,TP,7,13,0.7922453703703703,8414,10168,96.96986460349277,117.18440495463685
ZAZA-G_007_jpg.rf.b9cc35539ff0af0861e89e273942e011_r1c0.jpg,TP,4,12,0.7710971263932065,10846,12513,124.99823526140747,144.21011597141728
ZAZA-G_007_jpg.rf.b9cc35539ff0af0861e89e273942e011_r1c0.jpg,TP,8,4,0.7526207329092375,10673,8888,123.00444080260021,102.43263092415542
ZAZA-G_007_jpg.rf.b9cc35539ff0af0861e89e273942e011_r1c0.jpg,TP,0,1,0.7196742391770253,8942,11118,103.05497139106635,128.13298724288478
ZAZA-G_007_jpg.rf.b9cc35539ff0af0861e89e273942e011_r1c0.jpg,TP,10,0,0.7047479718047612,7212,5606,83.11702680299379,64.60816032412413
ZAZA-G_007_jpg.rf.b9cc35539ff0af0861e89e273942e011_r1c0.jpg,TP,6,9,0.6568463341144961,2323,2626,26.77216490063153,30.264186409409554
ZAZA-G_007_jpg.rf.b9cc35539ff0af0861e89e273942e011_r1c0.jpg,TP,5,15,0.6070858002067475,6757,10344,77.8732321280961,119.21277388382804
ZAZA-G_007_jpg.rf.b9cc35539ff0af0861e89e273942e011_r1c0.jpg,FP,3,-1,0.0,0,17024,0.0,196.198594605403
ZAZA-G_007_jpg.rf.b9cc35539ff0af0861e89e273942e011_r1c0.jpg,FP,9,-1,0.0,0,5652,0.0,65.13830220334455
ZAZA-G_007_jpg.rf.b9cc35539ff0af0861e89e273942e011_r1c0.jpg,FP,12,-1,0.0,0,6974,0.0,80.37411881920116
ZAZA-G_007_jpg.rf.b9cc35539ff0af0861e89e273942e011_r1c0.jpg,FP,13,-1,0.0,0,23236,0.0,267.79079794708315
ZAZA-G_007_jpg.rf.b9cc35539ff0af0861e89e273942e011_r1c0.jpg,FP,14,-1,0.0,0,520,0.0,5.992908199883081
ZAZA-G_007_jpg.rf.b9cc35539ff0af0861e89e273942e011_r1c0.jpg,FP,15,-1,0.0,0,7355,0.0,84.76507655796165
ZAZA-G_007_jpg.rf.b9cc35539ff0af0861e89e273942e011_r1c0.jpg,FP,16,-1,0.0,0,5351,0.0,61.66933034148916
ZAZA-G_007_jpg.rf.b9cc35539ff0af0861e89e273942e011_r1c0.jpg,FN,-1,5,0.0,14191,0,163.54876973950152,0.0
ZAZA-G_007_jpg.rf.b9cc35539ff0af0861e89e273942e011_r1c0.jpg,FN,-1,6,0.0,27453,0,316.39097848344267,0.0
ZAZA-G_007_jpg.rf.b9cc35539ff0af0861e89e273942e011_r1c0.jpg,FN,-1,7,0.0,7233,0,83.35904809568139,0.0
ZAZA-G_007_jpg.rf.b9cc35539ff0af0861e89e273942e011_r1c0.jpg,FN,-1,8,0.0,5897,0,67.96188395136639,0.0
ZAZA-G_007_jpg.rf.b9cc35539ff0af0861e89e273942e011_r1c0.jpg,FN,-1,10,0.0,40047,0,461.53460515522636,0.0
ZAZA-G_007_jpg.rf.b9cc35539ff0af0861e89e273942e011_r1c0.jpg,FN,-1,11,0.0,16277,0,187.5895514798017,0.0
ZAZA-G_007_jpg.rf.b9cc35539ff0af0861e89e273942e011_r1c1.jpg,TP,2,6,0.825937996156096,10609,11242,122.26685210107615,129.56206535208767
ZAZA-G_007_jpg.rf.b9cc35539ff0af0861e89e273942e011_r1c1.jpg,TP,4,3,0.788787023977433,4594,5552,52.94503898127475,63.985819857213194
ZAZA-G_007_jpg.rf.b9cc35539ff0af0861e89e273942e011_r1c1.jpg,TP,8,4,0.7722313147845062,10147,9344,116.94238366194926,107.68795042251443
ZAZA-G_007_jpg.rf.b9cc35539ff0af0861e89e273942e011_r1c1.jpg,TP,1,9,0.7636776787274951,10698,9482,123.29256138913306,109.2783760601757
ZAZA-G_007_jpg.rf.b9cc35539ff0af0861e89e273942e011_r1c1.jpg,TP,10,0,0.5896117253792749,3783,2399,43.598407154149406,27.648051483691365
ZAZA-G_007_jpg.rf.b9cc35539ff0af0861e89e273942e011_r1c1.jpg,FP,0,-1,0.0,0,7293,0.0,84.0505375033602
ZAZA-G_007_jpg.rf.b9cc35539ff0af0861e89e273942e011_r1c1.jpg,FP,3,-1,0.0,0,20075,0.0,231.36083098587085
ZAZA-G_007_jpg.rf.b9cc35539ff0af0861e89e273942e011_r1c1.jpg,FP,5,-1,0.0,0,3109,0.0,35.83067614122403
ZAZA-G_007_jpg.rf.b9cc35539ff0af0861e89e273942e011_r1c1.jpg,FP,6,-1,0.0,0,1862,0.0,21.459221284965952
ZAZA-G_007_jpg.rf.b9cc35539ff0af0861e89e273942e011_r1c1.jpg,FP,7,-1,0.0,0,7971,0.0,91.86436781013083
ZAZA-G_007_jpg.rf.b9cc35539ff0af0861e89e273942e011_r1c1.jpg,FP,9,-1,0.0,0,2796,0.0,32.22340639783287
ZAZA-G_007_jpg.rf.b9cc35539ff0af0861e89e273942e011_r1c1.jpg,FP,11,-1,0.0,0,4304,0.0,49.6028401774938
ZAZA-G_007_jpg.rf.b9cc35539ff0af0861e89e273942e011_r1c1.jpg,FP,12,-1,0.0,0,2139,0.0,24.651597383749824
ZAZA-G_007_jpg.rf.b9cc35539ff0af0861e89e273942e011_r1c1.jpg,FP,13,-1,0.0,0,11090,0.0,127.810292185968
ZAZA-G_007_jpg.rf.b9cc35539ff0af0861e89e273942e011_r1c1.jpg,FP,14,-1,0.0,0,13084,0.0,150.79079016782734
ZAZA-G_007_jpg.rf.b9cc35539ff0af0861e89e273942e011_r1c1.jpg,FN,-1,1,0.0,10274,0,118.40603624153609,0.0
ZAZA-G_007_jpg.rf.b9cc35539ff0af0861e89e273942e011_r1c1.jpg,FN,-1,2,0.0,44953,0,518.0753890564309,0.0
ZAZA-G_007_jpg.rf.b9cc35539ff0af0861e89e273942e011_r1c1.jpg,FN,-1,5,0.0,15386,0,177.3209337757713,0.0
ZAZA-G_007_jpg.rf.b9cc35539ff0af0861e89e273942e011_r1c1.jpg,FN,-1,7,0.0,17305,0,199.43706999803211,0.0
ZAZA-G_007_jpg.rf.b9cc35539ff0af0861e89e273942e011_r1c1.jpg,FN,-1,8,0.0,32076,0,369.67023734509553,0.0
ZAZA-G_007_jpg.rf.b9cc35539ff0af0861e89e273942e011_r1c1.jpg,FN,-1,10,0.0,3951,0,45.5345774956501,0.0
ZAZA-G_007_jpg.rf.b9cc35539ff0af0861e89e273942e011_r1c2.jpg,TP,2,1,0.7642460041695622,5307,4848,61.16223810919136,55.87234414044841
ZAZA-G_007_jpg.rf.b9cc35539ff0af0861e89e273942e011_r1c2.jpg,TP,0,5,0.7344531808434596,13299,15819,153.2686272120098,182.31118233452008
ZAZA-G_007_jpg.rf.b9cc35539ff0af0861e89e273942e011_r1c2.jpg,TP,3,4,0.7073005858494817,6772,8382,78.0461044800158,96.60107025273072
ZAZA-G_007_jpg.rf.b9cc35539ff0af0861e89e273942e011_r1c2.jpg,TP,16,7,0.6774921507064364,7628,9469,87.91135336290026,109.12855335517862
ZAZA-G_007_jpg.rf.b9cc35539ff0af0861e89e273942e011_r1c2.jpg,TP,11,2,0.5251742835011619,5058,2818,58.29255706732427,32.47695251398177
ZAZA-G_007_jpg.rf.b9cc35539ff0af0861e89e273942e011_r1c2.jpg,FP,1,-1,0.0,0,15416,0.0,177.6666784796107
ZAZA-G_007_jpg.rf.b9cc35539ff0af0861e89e273942e011_r1c2.jpg,FP,4,-1,0.0,0,4433,0.0,51.08954240400326
ZAZA-G_007_jpg.rf.b9cc35539ff0af0861e89e273942e011_r1c2.jpg,FP,5,-1,0.0,0,4889,0.0,56.34486190236227
ZAZA-G_007_jpg.rf.b9cc35539ff0af0861e89e273942e011_r1c2.jpg,FP,6,-1,0.0,0,1632,0.0,18.80851188886382
ZAZA-G_007_jpg.rf.b9cc35539ff0af0861e89e273942e011_r1c2.jpg,FP,7,-1,0.0,0,5601,0.0,64.55053620681757
ZAZA-G_007_jpg.rf.b9cc35539ff0af0861e89e273942e011_r1c2.jpg,FP,8,-1,0.0,0,1258,0.0,14.498227914332528
ZAZA-G_007_jpg.rf.b9cc35539ff0af0861e89e273942e011_r1c2.jpg,FP,9,-1,0.0,0,2781,0.0,32.05053404591317
ZAZA-G_007_jpg.rf.b9cc35539ff0af0861e89e273942e011_r1c2.jpg,FP,10,-1,0.0,0,4067,0.0,46.87145701716248
ZAZA-G_007_jpg.rf.b9cc35539ff0af0861e89e273942e011_r1c2.jpg,FP,12,-1,0.0,0,4567,0.0,52.633868747819285
ZAZA-G_007_jpg.rf.b9cc35539ff0af0861e89e273942e011_r1c2.jpg,FP,13,-1,0.0,0,4248,0.0,48.95745006366024
ZAZA-G_007_jpg.rf.b9cc35539ff0af0861e89e273942e011_r1c2.jpg,FP,14,-1,0.0,0,9316,0.0,107.36525536559765
ZAZA-G_007_jpg.rf.b9cc35539ff0af0861e89e273942e011_r1c2.jpg,FP,15,-1,0.0,0,5958,0.0,68.66489818250652
ZAZA-G_007_jpg.rf.b9cc35539ff0af0861e89e273942e011_r1c2.jpg,FN,-1,0,0.0,34056,0,392.4893877984965,0.0
ZAZA-G_007_jpg.rf.b9cc35539ff0af0861e89e273942e011_r1c2.jpg,FN,-1,3,0.0,39007,0,449.54878875546024,0.0
ZAZA-G_007_jpg.rf.b9cc35539ff0af0861e89e273942e011_r1c2.jpg,FN,-1,6,0.0,6132,0,70.67021746477509,0.0
ZAZA-G_007_jpg.rf.b9cc35539ff0af0861e89e273942e011_r1c2.jpg,FN,-1,8,0.0,18468,0,212.84043968353987,0.0
ZAZA-G_007_jpg.rf.b9cc35539ff0af0861e89e273942e011_r1c2.jpg,FN,-1,9,0.0,3547,0,40.878548817279395,0.0
ZAZA-G_007_jpg.rf.b9cc35539ff0af0861e89e273942e011_r2c0.jpg,TP,19,2,0.8341708542713567,2755,3085,31.75088863591901,35.554080378152506
ZAZA-G_007_jpg.rf.b9cc35539ff0af0861e89e273942e011_r2c0.jpg,TP,2,5,0.7936863037534179,3236,3980,37.29432872081086,45.86879737602819
ZAZA-G_007_jpg.rf.b9cc35539ff0af0861e89e273942e011_r2c0.jpg,TP,12,4,0.7401654000894055,6937,8634,79.94770035113255,99.50532576498176
ZAZA-G_007_jpg.rf.b9cc35539ff0af0861e89e273942e011_r2c0.jpg,TP,1,10,0.7185567010309278,8274,6729,95.35638931890885,77.55053707117932
ZAZA-G_007_jpg.rf.b9cc35539ff0af0861e89e273942e011_r2c0.jpg,TP,8,3,0.6953125,5873,4326,67.68528818829486,49.8563862936427
ZAZA-G_007_jpg.rf.b9cc35539ff0af0861e89e273942e011_r2c0.jpg,TP,10,7,0.6760757994472957,4631,3860,53.37145744934335,44.48581856067056
ZAZA-G_007_jpg.rf.b9cc35539ff0af0861e89e273942e011_r2c0.jpg,TP,5,1,0.6116475361815696,45128,29148,520.0922331621608,335.92555425036926
ZAZA-G_007_jpg.rf.b9cc35539ff0af0861e89e273942e011_r2c0.jpg,TP,6,17,0.5768711564421779,3846,6667,44.324471032212166,76.83599801657788
ZAZA-G_007_jpg.rf.b9cc35539ff0af0861e89e273942e011_r2c0.jpg,TP,9,15,0.5722061945457515,18018,10865,207.65426912594873,125.21720690717244
ZAZA-G_007_jpg.rf.b9cc35539ff0af0861e89e273942e011_r2c0.jpg,TP,0,16,0.5331490781623918,28767,16720,331.5345965116088,192.69504827316365
ZAZA-G_007_jpg.rf.b9cc35539ff0af0861e89e273942e011_r2c0.jpg,TP,18,14,0.5227479744954217,19968,11795,230.12767487551028,135.9352927261941
ZAZA-G_007_jpg.rf.b9cc35539ff0af0861e89e273942e011_r2c0.jpg,FP,3,-1,0.0,0,4580,0.0,52.78369145281636
ZAZA-G_007_jpg.rf.b9cc35539ff0af0861e89e273942e011_r2c0.jpg,FP,4,-1,0.0,0,10898,0.0,125.59752608139578
ZAZA-G_007_jpg.rf.b9cc35539ff0af0861e89e273942e011_r2c0.jpg,FP,7,-1,0.0,0,8718,0.0,100.4734109357321
ZAZA-G_007_jpg.rf.b9cc35539ff0af0861e89e273942e011_r2c0.jpg,FP,11,-1,0.0,0,3174,0.0,36.579789666209415
ZAZA-G_007_jpg.rf.b9cc35539ff0af0861e89e273942e011_r2c0.jpg,FP,13,-1,0.0,0,6156,0.0,70.94681322784662
ZAZA-G_007_jpg.rf.b9cc35539ff0af0861e89e273942e011_r2c0.jpg,FP,14,-1,0.0,0,3991,0.0,45.99557043410264
ZAZA-G_007_jpg.rf.b9cc35539ff0af0861e89e273942e011_r2c0.jpg,FP,15,-1,0.0,0,9144,0.0,105.3829857302517
ZAZA-G_007_jpg.rf.b9cc35539ff0af0861e89e273942e011_r2c0.jpg,FP,16,-1,0.0,0,7018,0.0,80.88121105149895
ZAZA-G_007_jpg.rf.b9cc35539ff0af0861e89e273942e011_r2c0.jpg,FP,17,-1,0.0,0,1313,0.0,15.132093204704777
ZAZA-G_007_jpg.rf.b9cc35539ff0af0861e89e273942e011_r2c0.jpg,FP,20,-1,0.0,0,1327,0.0,15.293440733163168
ZAZA-G_007_jpg.rf.b9cc35539ff0af0861e89e273942e011_r2c0.jpg,FP,21,-1,0.0,0,1994,0.0,22.98049798185935
ZAZA-G_007_jpg.rf.b9cc35539ff0af0861e89e273942e011_r2c0.jpg,FP,22,-1,0.0,0,2528,0.0,29.13475371020082
ZAZA-G_007_jpg.rf.b9cc35539ff0af0861e89e273942e011_r2c0.jpg,FN,-1,0,0.0,29954,0,345.21456196018806,0.0
ZAZA-G_007_jpg.rf.b9cc35539ff0af0861e89e273942e011_r2c0.jpg,FN,-1,6,0.0,6798,0,78.34574989000996,0.0
ZAZA-G_007_jpg.rf.b9cc35539ff0af0861e89e273942e011_r2c0.jpg,FN,-1,8,0.0,24892,0,286.87590559901855,0.0
ZAZA-G_007_jpg.rf.b9cc35539ff0af0861e89e273942e011_r2c0.jpg,FN,-1,9,0.0,6387,0,73.60904744741006,0.0
ZAZA-G_007_jpg.rf.b9cc35539ff0af0861e89e273942e011_r2c0.jpg,FN,-1,11,0.0,7307,0,84.2118850318186,0.0
ZAZA-G_007_jpg.rf.b9cc35539ff0af0861e89e273942e011_r2c0.jpg,FN,-1,12,0.0,49214,0,567.1826618250883,0.0
ZAZA-G_007_jpg.rf.b9cc35539ff0af0861e89e273942e011_r2c0.jpg,FN,-1,13,0.0,15611,0,179.91401905456686,0.0
ZAZA-G_007_jpg.rf.b9cc35539ff0af0861e89e273942e011_r2c1.jpg,TP,0,6,0.8014144041619249,10392,11769,119.7659654099711,135.63564731619994
ZAZA-G_007_jpg.rf.b9cc35539ff0af0861e89e273942e011_r2c1.jpg,TP,2,8,0.7678895383995162,8018,9523,92.40603451281257,109.75089382208957
ZAZA-G_007_jpg.rf.b9cc35539ff0af0861e89e273942e011_r2c1.jpg,TP,4,1,0.7628019882094556,6760,8490,77.90780659848004,97.8457511865526
ZAZA-G_007_jpg.rf.b9cc35539ff0af0861e89e273942e011_r2c1.jpg,TP,5,0,0.7268722466960352,3404,4436,39.23049906231155,51.1241168743872
ZAZA-G_007_jpg.rf.b9cc35539ff0af0861e89e273942e011_r2c1.jpg,TP,1,7,0.6421474235538781,11775,9545,135.70479625696782,110.00443993823846
ZAZA-G_007_jpg.rf.b9cc35539ff0af0861e89e273942e011_r2c1.jpg,FP,3,-1,0.0,0,7905,0.0,91.10372946168414
ZAZA-G_007_jpg.rf.b9cc35539ff0af0861e89e273942e011_r2c1.jpg,FN,-1,2,0.0,10340,0,119.16667458998279,0.0
ZAZA-G_007_jpg.rf.b9cc35539ff0af0861e89e273942e011_r2c1.jpg,FN,-1,3,0.0,32371,0,373.0700602661831,0.0
ZAZA-G_007_jpg.rf.b9cc35539ff0af0861e89e273942e011_r2c1.jpg,FN,-1,4,0.0,2397,0,27.625001836768735,0.0
ZAZA-G_007_jpg.rf.b9cc35539ff0af0861e89e273942e011_r2c1.jpg,FN,-1,5,0.0,22415,0,258.3289178853447,0.0
ZAZA-G_007_jpg.rf.b9cc35539ff0af0861e89e273942e011_r2c2.jpg,TP,14,4,0.8303529346530262,32893,33126,379.08601811298877,381.77130197947486
ZAZA-G_007_jpg.rf.b9cc35539ff0af0861e89e273942e011_r2c2.jpg,TP,0,7,0.7887210473313192,4586,4295,52.852840393584245,49.49911676634198
ZAZA-G_007_jpg.rf.b9cc35539ff0af0861e89e273942e011_r2c2.jpg,TP,1,9,0.7031084795939945,3466,4588,39.94503811691299,52.87589004050687
ZAZA-G_007_jpg.rf.b9cc35539ff0af0861e89e273942e011_r2c2.jpg,TP,3,5,0.620033147762526,17861,20260,205.84487184252248,233.49292332621386
ZAZA-G_007_jpg.rf.b9cc35539ff0af0861e89e273942e011_r2c2.jpg,TP,5,10,0.5729222520107239,6635,5099,76.46720366581584,58.765074829238124
ZAZA-G_007_jpg.rf.b9cc35539ff0af0861e89e273942e011_r2c2.jpg,FP,2,-1,0.0,0,26645,0.0,307.0789211267013
ZAZA-G_007_jpg.rf.b9cc35539ff0af0861e89e273942e011_r2c2.jpg,FP,4,-1,0.0,0,3261,0.0,37.5824493073437
ZAZA-G_007_jpg.rf.b9cc35539ff0af0861e89e273942e011_r2c2.jpg,FP,6,-1,0.0,0,19422,0.0,223.83512126563303
ZAZA-G_007_jpg.rf.b9cc35539ff0af0861e89e273942e011_r2c2.jpg,FP,7,-1,0.0,0,1748,0.0,20.1453914103762
ZAZA-G_007_jpg.rf.b9cc35539ff0af0861e89e273942e011_r2c2.jpg,FP,8,-1,0.0,0,1580,0.0,18.209221068875515
ZAZA-G_007_jpg.rf.b9cc35539ff0af0861e89e273942e011_r2c2.jpg,FP,9,-1,0.0,0,3779,0.0,43.552307860304154
ZAZA-G_007_jpg.rf.b9cc35539ff0af0861e89e273942e011_r2c2.jpg,FP,10,-1,0.0,0,5020,0.0,57.85461377579435
ZAZA-G_007_jpg.rf.b9cc35539ff0af0861e89e273942e011_r2c2.jpg,FP,11,-1,0.0,0,19754,0.0,227.66136265478917
ZAZA-G_007_jpg.rf.b9cc35539ff0af0861e89e273942e011_r2c2.jpg,FP,12,-1,0.0,0,2398,0.0,27.63652666023005
ZAZA-G_007_jpg.rf.b9cc35539ff0af0861e89e273942e011_r2c2.jpg,FP,13,-1,0.0,0,880,0.0,10.141844645955981
ZAZA-G_007_jpg.rf.b9cc35539ff0af0861e89e273942e011_r2c2.jpg,FN,-1,0,0.0,39203,0,451.8076541538777,0.0
ZAZA-G_007_jpg.rf.b9cc35539ff0af0861e89e273942e011_r2c2.jpg,FN,-1,1,0.0,14066,0,162.10816680683732,0.0
ZAZA-G_007_jpg.rf.b9cc35539ff0af0861e89e273942e011_r2c2.jpg,FN,-1,2,0.0,15319,0,176.5487706038633,0.0
ZAZA-G_007_jpg.rf.b9cc35539ff0af0861e89e273942e011_r2c2.jpg,FN,-1,3,0.0,9881,0,113.87678062123983,0.0
ZAZA-G_007_jpg.rf.b9cc35539ff0af0861e89e273942e011_r2c2.jpg,FN,-1,6,0.0,5168,0,59.560287648068766,0.0
ZAZA-G_007_jpg.rf.b9cc35539ff0af0861e89e273942e011_r2c2.jpg,FN,-1,8,0.0,9198,0,106.00532619716263,0.0
ZAZA-G_007_jpg.rf.b9cc35539ff0af0861e89e273942e011_r2c2.jpg,FN,-1,11,0.0,12686,0,146.20391043022454,0.0
ZAZA-G_013_jpg.rf.d376ef4953acedd3682f9e043326859d_r0c0.jpg,TP,1,0,0.872748553221926,13700,15101,157.89008141999653,174.03635908929692
ZAZA-G_013_jpg.rf.d376ef4953acedd3682f9e043326859d_r0c0.jpg,TP,5,6,0.8534253207455822,14570,16056,167.91667783133937,185.0425654948514
ZAZA-G_013_jpg.rf.d376ef4953acedd3682f9e043326859d_r0c0.jpg,TP,15,14,0.8493088601858146,3880,4281,44.716315029896826,49.33776923788359
ZAZA-G_013_jpg.rf.d376ef4953acedd3682f9e043326859d_r0c0.jpg,TP,12,10,0.8427278674225905,17951,15852,206.88210595404072,182.69150150874344
ZAZA-G_013_jpg.rf.d376ef4953acedd3682f9e043326859d_r0c0.jpg,TP,11,3,0.7894899059947603,6303,5309,72.64096227665972,61.185287756113986
ZAZA-G_013_jpg.rf.d376ef4953acedd3682f9e043326859d_r0c0.jpg,TP,6,7,0.788261515601783,1084,1323,12.49290863206396,15.247341439317914
ZAZA-G_013_jpg.rf.d376ef4953acedd3682f9e043326859d_r0c0.jpg,TP,7,5,0.7730913251508217,16746,17347,192.9946936831578,199.9211125834073
ZAZA-G_013_jpg.rf.d376ef4953acedd3682f9e043326859d_r0c0.jpg,TP,2,9,0.772814294830887,3808,4526,43.88652774068225,52.16135098590542
ZAZA-G_013_jpg.rf.d376ef4953acedd3682f9e043326859d_r0c0.jpg,TP,10,12,0.7221614526361847,4564,3308,52.59929427743534,38.12411601002544
ZAZA-G_013_jpg.rf.d376ef4953acedd3682f9e043326859d_r0c0.jpg,TP,9,13,0.640924241568273,12035,17011,138.70125035690936,196.0487719004059
ZAZA-G_013_jpg.rf.d376ef4953acedd3682f9e043326859d_r0c0.jpg,FP,0,-1,0.0,0,10536,0.0,121.42553998840026
ZAZA-G_013_jpg.rf.d376ef4953acedd3682f9e043326859d_r0c0.jpg,FP,3,-1,0.0,0,10673,0.0,123.00444080260021
ZAZA-G_013_jpg.rf.d376ef4953acedd3682f9e043326859d_r0c0.jpg,FP,4,-1,0.0,0,17453,0.0,201.14274387030653
ZAZA-G_013_jpg.rf.d376ef4953acedd3682f9e043326859d_r0c0.jpg,FP,8,-1,0.0,0,5136,0.0,59.19149329730673
ZAZA-G_013_jpg.rf.d376ef4953acedd3682f9e043326859d_r0c0.jpg,FP,13,-1,0.0,0,2015,0.0,23.222519274546936
ZAZA-G_013_jpg.rf.d376ef4953acedd3682f9e043326859d_r0c0.jpg,FP,14,-1,0.0,0,18264,0.0,210.48937569743188
ZAZA-G_013_jpg.rf.d376ef4953acedd3682f9e043326859d_r0c0.jpg,FN,-1,1,0.0,3028,0,34.89716544085763,0.0
ZAZA-G_013_jpg.rf.d376ef4953acedd3682f9e043326859d_r0c0.jpg,FN,-1,2,0.0,467,0,5.3820925564334585,0.0
ZAZA-G_013_jpg.rf.d376ef4953acedd3682f9e043326859d_r0c0.jpg,FN,-1,4,0.0,3192,0,36.78723648851306,0.0
ZAZA-G_013_jpg.rf.d376ef4953acedd3682f9e043326859d_r0c0.jpg,FN,-1,8,0.0,2287,0,26.35727125602424,0.0
ZAZA-G_013_jpg.rf.d376ef4953acedd3682f9e043326859d_r0c0.jpg,FN,-1,11,0.0,36278,0,418.09754552953535,0.0
ZAZA-G_013_jpg.rf.d376ef4953acedd3682f9e043326859d_r0c0.jpg,FN,-1,15,0.0,11125,0,128.21366100711398,0.0
ZAZA-G_013_jpg.rf.d376ef4953acedd3682f9e043326859d_r0c0.jpg,FN,-1,16,0.0,60782,0,700.5018196255642,0.0
ZAZA-G_013_jpg.rf.d376ef4953acedd3682f9e043326859d_r0c0.jpg,FN,-1,17,0.0,7353,0,84.74202691103902,0.0
ZAZA-G_013_jpg.rf.d376ef4953acedd3682f9e043326859d_r0c1.jpg,TP,0,10,0.9109187594612429,23980,25251,276.3652666023005,291.01331722163013
ZAZA-G_013_jpg.rf.d376ef4953acedd3682f9e043326859d_r0c1.jpg,TP,7,7,0.9076292149459706,14574,14731,167.96277712518463,169.77217440861088
ZAZA-G_013_jpg.rf.d376ef4953acedd3682f9e043326859d_r0c1.jpg,TP,5,11,0.8950087950747582,8762,8475,100.9805031680299,97.6728788346329
ZAZA-G_013_jpg.rf.d376ef4953acedd3682f9e043326859d_r0c1.jpg,TP,3,2,0.8562672993277975,4834,4555,55.71099661199002,52.49557086628352
ZAZA-G_013_jpg.rf.d376ef4953acedd3682f9e043326859d_r0c1.jpg,TP,6,5,0.8500419463087249,4498,4323,51.83865592898864,49.82181182325876
ZAZA-G_013_jpg.rf.d376ef4953acedd3682f9e043326859d_r0c1.jpg,TP,10,9,0.8454085003303237,4422,3958,50.96276934592881,45.615251259879294
ZAZA-G_013_jpg.rf.d376ef4953acedd3682f9e043326859d_r0c1.jpg,TP,16,3,0.8307583797944516,26456,28053,304.900729492513,323.30587256023085
ZAZA-G_013_jpg.rf.d376ef4953acedd3682f9e043326859d_r0c1.jpg,TP,8,0,0.821917808219178,6859,6308,79.04876412115009,72.6985863939663
ZAZA-G_013_jpg.rf.d376ef4953acedd3682f9e043326859d_r0c1.jpg,TP,4,1,0.8182481751824817,6013,6442,69.29876347287878,74.24291273778232
ZAZA-G_013_jpg.rf.d376ef4953acedd3682f9e043326859d_r0c1.jpg,TP,11,4,0.8115705846404563,4824,4069,55.595748377376886,46.8945066640851
ZAZA-G_013_jpg.rf.d376ef4953acedd3682f9e043326859d_r0c1.jpg,TP,1,12,0.8013289784885685,7117,8877,82.022168574169,102.30585786608097
ZAZA-G_013_jpg.rf.d376ef4953acedd3682f9e043326859d_r0c1.jpg,TP,14,8,0.6377850928756172,15911,11951,183.37146609296093,137.73316518615903
ZAZA-G_013_jpg.rf.d376ef4953acedd3682f9e043326859d_r0c1.jpg,FP,2,-1,0.0,0,4635,0.0,53.41755674318861
ZAZA-G_013_jpg.rf.d376ef4953acedd3682f9e043326859d_r0c1.jpg,FP,9,-1,0.0,0,8544,0.0,98.46809165346353
ZAZA-G_013_jpg.rf.d376ef4953acedd3682f9e043326859d_r0c1.jpg,FP,12,-1,0.0,0,16692,0.0,192.37235321624686
ZAZA-G_013_jpg.rf.d376ef4953acedd3682f9e043326859d_r0c1.jpg,FP,13,-1,0.0,0,6857,0.0,79.02571447422747
ZAZA-G_013_jpg.rf.d376ef4953acedd3682f9e043326859d_r0c1.jpg,FP,15,-1,0.0,0,7439,0.0,85.73316172871199
ZAZA-G_013_jpg.rf.d376ef4953acedd3682f9e043326859d_r0c1.jpg,FP,17,-1,0.0,0,5106,0.0,58.84574859346732
ZAZA-G_013_jpg.rf.d376ef4953acedd3682f9e043326859d_r0c1.jpg,FN,-1,6,0.0,16750,0,193.04079297700306,0.0
ZAZA-G_013_jpg.rf.d376ef4953acedd3682f9e043326859d_r0c1.jpg,FN,-1,13,0.0,7801,0,89.90514782170752,0.0
ZAZA-G_013_jpg.rf.d376ef4953acedd3682f9e043326859d_r0c2.jpg,TP,0,17,0.8938555837942891,5997,6671,69.11436629749775,76.88209731042313
ZAZA-G_013_jpg.rf.d376ef4953acedd3682f9e043326859d_r0c2.jpg,TP,3,14,0.8737349397590362,12245,11083,141.12146328378523,127.7296184217388
ZAZA-G_013_jpg.rf.d376ef4953acedd3682f9e043326859d_r0c2.jpg,TP,2,15,0.8701030927835052,15676,14255,180.66313257955224,164.28635844102558
ZAZA-G_013_jpg.rf.d376ef4953acedd3682f9e043326859d_r0c2.jpg,TP,17,6,0.8656165341256663,41208,44185,474.9149251938115,509.2243246381421
ZAZA-G_013_jpg.rf.d376ef4953acedd3682f9e043326859d_r0c2.jpg,TP,12,12,0.8553299492385786,5506,4728,63.45567797799277,54.48936532509077
ZAZA-G_013_jpg.rf.d376ef4953acedd3682f9e043326859d_r0c2.jpg,TP,7,5,0.8437602975097679,20878,18289,240.61526422530568,210.77749628396472
ZAZA-G_013_jpg.rf.d376ef4953acedd3682f9e043326859d_r0c2.jpg,TP,15,11,0.8401706596652445,27879,28191,321.3005532779623,324.8962981978921
ZAZA-G_013_jpg.rf.d376ef4953acedd3682f9e043326859d_r0c2.jpg,TP,5,9,0.830752990851513,10743,10069,123.81117844489218,116.0434474319668
ZAZA-G_013_jpg.rf.d376ef4953acedd3682f9e043326859d_r0c2.jpg,TP,8,2,0.7031076581576027,5406,3801,62.303195631861406,43.80585397645305
ZAZA-G_013_jpg.rf.d376ef4953acedd3682f9e043326859d_r0c2.jpg,TP,13,13,0.6897834536368684,34523,26343,397.87148035493,303.59842444138457
ZAZA-G_013_jpg.rf.d376ef4953acedd3682f9e043326859d_r0c2.jpg,TP,9,10,0.6607938718662952,14292,9557,164.7127769090942,110.14273781977423
ZAZA-G_013_jpg.rf.d376ef4953acedd3682f9e043326859d_r0c2.jpg,TP,21,0,0.643218020917136,29692,21371,342.1950582133239,246.29700219173327
ZAZA-G_013_jpg.rf.d376ef4953acedd3682f9e043326859d_r0c2.jpg,FP,1,-1,0.0,0,7326,0.0,84.43085667758355
ZAZA-G_013_jpg.rf.d376ef4953acedd3682f9e043326859d_r0c2.jpg,FP,4,-1,0.0,0,4578,0.0,52.760641805893734
ZAZA-G_013_jpg.rf.d376ef4953acedd3682f9e043326859d_r0c2.jpg,FP,6,-1,0.0,0,26873,0.0,309.7065808758808
ZAZA-G_013_jpg.rf.d376ef4953acedd3682f9e043326859d_r0c2.jpg,FP,10,-1,0.0,0,12164,0.0,140.18795258341882
ZAZA-G_013_jpg.rf.d376ef4953acedd3682f9e043326859d_r0c2.jpg,FP,11,-1,0.0,0,4894,0.0,56.402486019668835
ZAZA-G_013_jpg.rf.d376ef4953acedd3682f9e043326859d_r0c2.jpg,FP,14,-1,0.0,0,6210,0.0,71.56915369475756
ZAZA-G_013_jpg.rf.d376ef4953acedd3682f9e043326859d_r0c2.jpg,FP,16,-1,0.0,0,9653,0.0,111.24912087206033
ZAZA-G_013_jpg.rf.d376ef4953acedd3682f9e043326859d_r0c2.jpg,FP,18,-1,0.0,0,8271,0.0,95.32181484852492
ZAZA-G_013_jpg.rf.d376ef4953acedd3682f9e043326859d_r0c2.jpg,FP,19,-1,0.0,0,15440,0.0,177.94327424268224
ZAZA-G_013_jpg.rf.d376ef4953acedd3682f9e043326859d_r0c2.jpg,FP,20,-1,0.0,0,8832,0.0,101.78724081032186
ZAZA-G_013_jpg.rf.d376ef4953acedd3682f9e043326859d_r0c2.jpg,FP,22,-1,0.0,0,1109,0.0,12.7810292185968
ZAZA-G_013_jpg.rf.d376ef4953acedd3682f9e043326859d_r0c2.jpg,FP,23,-1,0.0,0,1577,0.0,18.174646598491574
ZAZA-G_013_jpg.rf.d376ef4953acedd3682f9e043326859d_r0c2.jpg,FP,24,-1,0.0,0,5473,0.0,63.07535880376942
ZAZA-G_013_jpg.rf.d376ef4953acedd3682f9e043326859d_r0c2.jpg,FP,25,-1,0.0,0,8217,0.0,94.69947438161398
ZAZA-G_013_jpg.rf.d376ef4953acedd3682f9e043326859d_r0c2.jpg,FN,-1,1,0.0,19908,0,229.43618546783145,0.0
ZAZA-G_013_jpg.rf.d376ef4953acedd3682f9e043326859d_r0c2.jpg,FN,-1,3,0.0,19853,0,228.80232017745922,0.0
ZAZA-G_013_jpg.rf.d376ef4953acedd3682f9e043326859d_r0c2.jpg,FN,-1,4,0.0,79115,0,911.7864081418268,0.0
ZAZA-G_013_jpg.rf.d376ef4953acedd3682f9e043326859d_r0c2.jpg,FN,-1,7,0.0,2942,0,33.906030623184655,0.0
ZAZA-G_013_jpg.rf.d376ef4953acedd3682f9e043326859d_r0c2.jpg,FN,-1,8,0.0,30811,0,355.09133566653384,0.0
ZAZA-G_013_jpg.rf.d376ef4953acedd3682f9e043326859d_r0c2.jpg,FN,-1,16,0.0,19803,0,228.22607900439354,0.0
ZAZA-G_013_jpg.rf.d376ef4953acedd3682f9e043326859d_r0c2.jpg,FN,-1,18,0.0,1562,0,18.001774246571866,0.0
ZAZA-G_013_jpg.rf.d376ef4953acedd3682f9e043326859d_r1c0.jpg,TP,5,13,0.8717063989962359,2956,3011,34.06737815164305,34.7012434420153
ZAZA-G_013_jpg.rf.d376ef4953acedd3682f9e043326859d_r1c0.jpg,TP,2,10,0.8593650793650793,6284,5430,72.42199063089477,62.57979139493293
ZAZA-G_013_jpg.rf.d376ef4953acedd3682f9e043326859d_r1c0.jpg,TP,4,6,0.8583798882681565,3242,3411,37.36347766157874,39.31117282654074
ZAZA-G_013_jpg.rf.d376ef4953acedd3682f9e043326859d_r1c0.jpg,TP,1,7,0.8578748050790822,4371,3969,50.375003349401815,45.74202431795374
ZAZA-G_013_jpg.rf.d376ef4953acedd3682f9e043326859d_r1c0.jpg,TP,9,4,0.843762781186094,4410,4606,50.82447146439304,53.08333686281051
ZAZA-G_013_jpg.rf.d376ef4953acedd3682f9e043326859d_r1c0.jpg,TP,7,11,0.8433420365535248,1334,1490,15.374114497392364,17.171986957357287
ZAZA-G_013_jpg.rf.d376ef4953acedd3682f9e043326859d_r1c0.jpg,TP,11,8,0.8429048921300517,3009,3056,34.67819379509267,35.21986049777441
ZAZA-G_013_jpg.rf.d376ef4953acedd3682f9e043326859d_r1c0.jpg,TP,0,17,0.833035415037426,15289,17526,176.20302590002387,201.98405598298243
ZAZA-G_013_jpg.rf.d376ef4953acedd3682f9e043326859d_r1c0.jpg,TP,6,3,0.8313821138211382,5298,5965,61.05851469803954,68.74557194673572
ZAZA-G_013_jpg.rf.d376ef4953acedd3682f9e043326859d_r1c0.jpg,TP,13,15,0.8215020576131687,5180,5443,59.69858552960453,62.72961409993001
ZAZA-G_013_jpg.rf.d376ef4953acedd3682f9e043326859d_r1c0.jpg,TP,3,0,0.7904861073053104,17298,15373,199.35639623380294,177.1711110707742
ZAZA-G_013_jpg.rf.d376ef4953acedd3682f9e043326859d_r1c0.jpg,TP,10,14,0.7269938650306749,3573,2620,41.17819422727355,30.195037468641672
ZAZA-G_013_jpg.rf.d376ef4953acedd3682f9e043326859d_r1c0.jpg,TP,12,2,0.7269693441986806,10346,11906,119.23582353075066,137.21454813039992
ZAZA-G_013_jpg.rf.d376ef4953acedd3682f9e043326859d_r1c0.jpg,TP,16,1,0.7020161290322581,3946,4496,45.47695337834353,51.815606282066014
ZAZA-G_013_jpg.rf.d376ef4953acedd3682f9e043326859d_r1c0.jpg,FP,8,-1,0.0,0,2579,0.0,29.722519706727816
ZAZA-G_013_jpg.rf.d376ef4953acedd3682f9e043326859d_r1c0.jpg,FP,14,-1,0.0,0,2771,0.0,31.93528581130003
ZAZA-G_013_jpg.rf.d376ef4953acedd3682f9e043326859d_r1c0.jpg,FP,15,-1,0.0,0,836,0.0,9.634752413658182
ZAZA-G_013_jpg.rf.d376ef4953acedd3682f9e043326859d_r1c0.jpg,FN,-1,5,0.0,2671,0,30.78280346516867,0.0
ZAZA-G_013_jpg.rf.d376ef4953acedd3682f9e043326859d_r1c0.jpg,FN,-1,9,0.0,8248,0,95.0567439089147,0.0
ZAZA-G_013_jpg.rf.d376ef4953acedd3682f9e043326859d_r1c0.jpg,FN,-1,12,0.0,12075,0,139.16224329536192,0.0
ZAZA-G_013_jpg.rf.d376ef4953acedd3682f9e043326859d_r1c0.jpg,FN,-1,16,0.0,4987,0,57.474294601571,0.0
ZAZA-G_013_jpg.rf.d376ef4953acedd3682f9e043326859d_r1c1.jpg,TP,3,10,0.9146822267781107,5892,6249,67.90425983405983,72.01862180974878
ZAZA-G_013_jpg.rf.d376ef4953acedd3682f9e043326859d_r1c1.jpg,TP,15,4,0.8991081720560578,15264,16039,175.91490531349103,184.84664349600908
ZAZA-G_013_jpg.rf.d376ef4953acedd3682f9e043326859d_r1c1.jpg,TP,1,3,0.8923850823937555,25750,28798,296.7642041288256,331.8918660389095
ZAZA-G_013_jpg.rf.d376ef4953acedd3682f9e043326859d_r1c1.jpg,TP,0,0,0.8618725231175693,11272,11279,129.9078100559271,129.98848382015626
ZAZA-G_013_jpg.rf.d376ef4953acedd3682f9e043326859d_r1c1.jpg,TP,9,11,0.7890730768073648,29458,30009,339.4982495233765,345.8484272505603
ZAZA-G_013_jpg.rf.d376ef4953acedd3682f9e043326859d_r1c1.jpg,TP,7,8,0.7806997484564372,3414,4373,39.345747296924685,50.398052996324445
ZAZA-G_013_jpg.rf.d376ef4953acedd3682f9e043326859d_r1c1.jpg,TP,11,5,0.7671107028020211,4220,3474,48.63475500674346,40.0372367046035
ZAZA-G_013_jpg.rf.d376ef4953acedd3682f9e043326859d_r1c1.jpg,TP,4,2,0.5757454827624432,43826,27248,505.0869130155305,314.0283896738734
ZAZA-G_013_jpg.rf.d376ef4953acedd3682f9e043326859d_r1c1.jpg,TP,14,6,0.5325264750378215,1983,1056,22.8537249237849,12.170213575147178
ZAZA-G_013_jpg.rf.d376ef4953acedd3682f9e043326859d_r1c1.jpg,FP,2,-1,0.0,0,8833,0.0,101.79876563378316
ZAZA-G_013_jpg.rf.d376ef4953acedd3682f9e043326859d_r1c1.jpg,FP,5,-1,0.0,0,8418,0.0,97.01596389733801
ZAZA-G_013_jpg.rf.d376ef4953acedd3682f9e043326859d_r1c1.jpg,FP,6,-1,0.0,0,11405,0.0,131.44061157628178
ZAZA-G_013_jpg.rf.d376ef4953acedd3682f9e043326859d_r1c1.jpg,FP,8,-1,0.0,0,7618,0.0,87.79610512828712
ZAZA-G_013_jpg.rf.d376ef4953acedd3682f9e043326859d_r1c1.jpg,FP,10,-1,0.0,0,4986,0.0,57.46276977810969
ZAZA-G_013_jpg.rf.d376ef4953acedd3682f9e043326859d_r1c1.jpg,FP,12,-1,0.0,0,9534,0.0,109.87766688016401
ZAZA-G_013_jpg.rf.d376ef4953acedd3682f9e043326859d_r1c1.jpg,FP,13,-1,0.0,0,19862,0.0,228.90604358861103
ZAZA-G_013_jpg.rf.d376ef4953acedd3682f9e043326859d_r1c1.jpg,FN,-1,1,0.0,57686,0,664.8209661893372,0.0
ZAZA-G_013_jpg.rf.d376ef4953acedd3682f9e043326859d_r1c1.jpg,FN,-1,7,0.0,18297,0,210.86969487165524,0.0
ZAZA-G_013_jpg.rf.d376ef4953acedd3682f9e043326859d_r1c1.jpg,FN,-1,9,0.0,7823,0,90.15869393785641,0.0
ZAZA-G_013_jpg.rf.d376ef4953acedd3682f9e043326859d_r1c2.jpg,TP,2,6,0.9153487963451064,21476,22125,247.5071086551712,254.98671908156376
ZAZA-G_013_jpg.rf.d376ef4953acedd3682f9e043326859d_r1c2.jpg,TP,22,8,0.9071515419476069,8787,8467,101.26862375456274,97.58068024694238
ZAZA-G_013_jpg.rf.d376ef4953acedd3682f9e043326859d_r1c2.jpg,TP,16,11,0.878872227709437,43218,40482,498.07982035105186,466.5479033608978
ZAZA-G_013_jpg.rf.d376ef4953acedd3682f9e043326859d_r1c2.jpg,TP,17,7,0.8644670050761422,7321,7371,84.37323256027697,84.94947373334266
ZAZA-G_013_jpg.rf.d376ef4953acedd3682f9e043326859d_r1c2.jpg,TP,3,9,0.8629646215853113,8843,7797,101.91401386839631,89.85904852786226
ZAZA-G_013_jpg.rf.d376ef4953acedd3682f9e043326859d_r1c2.jpg,TP,4,5,0.8580581122541058,9797,10794,112.90869545048949,124.39894444141918
ZAZA-G_013_jpg.rf.d376ef4953acedd3682f9e043326859d_r1c2.jpg,TP,10,10,0.8424825891028267,13655,13330,157.37146436423743,153.6258967393105
ZAZA-G_013_jpg.rf.d376ef4953acedd3682f9e043326859d_r1c2.jpg,TP,11,2,0.8201288003594429,10952,13354,126.21986654830673,153.90249250238202
ZAZA-G_013_jpg.rf.d376ef4953acedd3682f9e043326859d_r1c2.jpg,TP,14,4,0.7848842001153877,11937,9719,137.57181765770062,112.00975922050704
ZAZA-G_013_jpg.rf.d376ef4953acedd3682f9e043326859d_r1c2.jpg,TP,1,12,0.7685253418488496,9510,12089,109.60107111709249,139.3235908238203
ZAZA-G_013_jpg.rf.d376ef4953acedd3682f9e043326859d_r1c2.jpg,TP,18,3,0.6712630998345284,9065,6085,104.47252467680792,70.12855076209335
ZAZA-G_013_jpg.rf.d376ef4953acedd3682f9e043326859d_r1c2.jpg,FP,0,-1,0.0,0,12754,0.0,146.98759842559386
ZAZA-G_013_jpg.rf.d376ef4953acedd3682f9e043326859d_r1c2.jpg,FP,5,-1,0.0,0,8156,0.0,93.99646015047385
ZAZA-G_013_jpg.rf.d376ef4953acedd3682f9e043326859d_r1c2.jpg,FP,6,-1,0.0,0,5693,0.0,65.61081996525841
ZAZA-G_013_jpg.rf.d376ef4953acedd3682f9e043326859d_r1c2.jpg,FP,7,-1,0.0,0,18178,0.0,209.4982408797589
ZAZA-G_013_jpg.rf.d376ef4953acedd3682f9e043326859d_r1c2.jpg,FP,8,-1,0.0,0,7408,0.0,85.37589220141126
ZAZA-G_013_jpg.rf.d376ef4953acedd3682f9e043326859d_r1c2.jpg,FP,9,-1,0.0,0,6402,0.0,73.78191979932977
ZAZA-G_013_jpg.rf.d376ef4953acedd3682f9e043326859d_r1c2.jpg,FP,12,-1,0.0,0,7600,0.0,87.58865830598349
ZAZA-G_013_jpg.rf.d376ef4953acedd3682f9e043326859d_r1c2.jpg,FP,13,-1,0.0,0,21462,0.0,247.34576112671283
ZAZA-G_013_jpg.rf.d376ef4953acedd3682f9e043326859d_r1c2.jpg,FP,15,-1,0.0,0,2047,0.0,23.59131362530897
ZAZA-G_013_jpg.rf.d376ef4953acedd3682f9e043326859d_r1c2.jpg,FP,19,-1,0.0,0,14392,0.0,165.86525925522557
ZAZA-G_013_jpg.rf.d376ef4953acedd3682f9e043326859d_r1c2.jpg,FP,20,-1,0.0,0,9910,0.0,114.21100050161793
ZAZA-G_013_jpg.rf.d376ef4953acedd3682f9e043326859d_r1c2.jpg,FP,21,-1,0.0,0,15498,0.0,178.6117140034384
ZAZA-G_013_jpg.rf.d376ef4953acedd3682f9e043326859d_r1c2.jpg,FN,-1,0,0.0,103589,0,1193.8449375340163,0.0
ZAZA-G_013_jpg.rf.d376ef4953acedd3682f9e043326859d_r1c2.jpg,FN,-1,1,0.0,54239,0,625.0948997181893,0.0
ZAZA-G_013_jpg.rf.d376ef4953acedd3682f9e043326859d_r1c2.jpg,FN,-1,13,0.0,2571,0,29.630321119037305,0.0
ZAZA-G_013_jpg.rf.d376ef4953acedd3682f9e043326859d_r2c0.jpg,TP,4,2,0.897197962154294,5025,5402,57.91223789310092,62.257096338016154
ZAZA-G_013_jpg.rf.d376ef4953acedd3682f9e043326859d_r2c0.jpg,TP,11,18,0.8805835734870316,4953,5488,57.082450603886336,63.248231155689126
ZAZA-G_013_jpg.rf.d376ef4953acedd3682f9e043326859d_r2c0.jpg,TP,1,1,0.8649062380405664,26058,27545,300.3138497549102,317.45126224188357
ZAZA-G_013_jpg.rf.d376ef4953acedd3682f9e043326859d_r2c0.jpg,TP,0,7,0.8555986003499125,13973,15724,161.03635822493516,181.2163241056953
ZAZA-G_013_jpg.rf.d376ef4953acedd3682f9e043326859d_r2c0.jpg,TP,2,5,0.8362209872507356,16141,17561,186.02217548906307,202.38742480412841
ZAZA-G_013_jpg.rf.d376ef4953acedd3682f9e043326859d_r2c0.jpg,TP,3,19,0.8277249451353328,7246,7745,83.50887080067847,89.25975770787396
ZAZA-G_013_jpg.rf.d376ef4953acedd3682f9e043326859d_r2c0.jpg,TP,13,4,0.8128245067497404,3735,3248,43.04521562800635,37.43262660234662
ZAZA-G_013_jpg.rf.d376ef4953acedd3682f9e043326859d_r2c0.jpg,TP,10,17,0.8104681812476465,6615,7809,76.23670719658956,89.99734640939802
ZAZA-G_013_jpg.rf.d376ef4953acedd3682f9e043326859d_r2c0.jpg,TP,8,13,0.8011840157868771,4001,3301,46.11081866871578,38.04344224579624
ZAZA-G_013_jpg.rf.d376ef4953acedd3682f9e043326859d_r2c0.jpg,TP,7,3,0.8007473919136348,31702,37688,365.35995337056426,434.34754660998755
ZAZA-G_013_jpg.rf.d376ef4953acedd3682f9e043326859d_r2c0.jpg,TP,9,6,0.7783755412675502,6353,7200,73.2172034497254,82.97872892145803
ZAZA-G_013_jpg.rf.d376ef4953acedd3682f9e043326859d_r2c0.jpg,TP,5,10,0.7525232919254659,4435,4594,51.11259205092588,52.94503898127475
ZAZA-G_013_jpg.rf.d376ef4953acedd3682f9e043326859d_r2c0.jpg,TP,12,0,0.5333333333333333,1050,560,12.101064634379297,6.453901138335625
ZAZA-G_013_jpg.rf.d376ef4953acedd3682f9e043326859d_r2c0.jpg,FP,6,-1,0.0,0,7858,0.0,90.56206275900239
ZAZA-G_013_jpg.rf.d376ef4953acedd3682f9e043326859d_r2c0.jpg,FP,14,-1,0.0,0,4604,0.0,53.06028721588789
ZAZA-G_013_jpg.rf.d376ef4953acedd3682f9e043326859d_r2c0.jpg,FP,15,-1,0.0,0,1210,0.0,13.945036388189475
ZAZA-G_013_jpg.rf.d376ef4953acedd3682f9e043326859d_r2c0.jpg,FN,-1,8,0.0,3403,0,39.21897423885024,0.0
ZAZA-G_013_jpg.rf.d376ef4953acedd3682f9e043326859d_r2c0.jpg,FN,-1,9,0.0,1667,0,19.211880710009797,0.0
ZAZA-G_013_jpg.rf.d376ef4953acedd3682f9e043326859d_r2c0.jpg,FN,-1,11,0.0,14681,0,169.1959332355452,0.0
ZAZA-G_013_jpg.rf.d376ef4953acedd3682f9e043326859d_r2c0.jpg,FN,-1,12,0.0,12595,0,145.15515149524498,0.0
ZAZA-G_013_jpg.rf.d376ef4953acedd3682f9e043326859d_r2c0.jpg,FN,-1,14,0.0,5465,0,62.98316021607891,0.0
ZAZA-G_013_jpg.rf.d376ef4953acedd3682f9e043326859d_r2c0.jpg,FN,-1,15,0.0,8144,0,93.85816226893809,0.0
ZAZA-G_013_jpg.rf.d376ef4953acedd3682f9e043326859d_r2c0.jpg,FN,-1,16,0.0,1555,0,17.921100482342673,0.0
ZAZA-G_013_jpg.rf.d376ef4953acedd3682f9e043326859d_r2c1.jpg,TP,9,1,0.8479471838250464,9025,8889,104.01153173835539,102.44415574761673
ZAZA-G_013_jpg.rf.d376ef4953acedd3682f9e043326859d_r2c1.jpg,TP,6,3,0.8279968542860353,14865,17677,171.3165007524269,203.7243043256408
ZAZA-G_013_jpg.rf.d376ef4953acedd3682f9e043326859d_r2c1.jpg,TP,8,13,0.8276942355889725,1443,1474,16.63032025467555,16.98758978197627
ZAZA-G_013_jpg.rf.d376ef4953acedd3682f9e043326859d_r2c1.jpg,TP,1,4,0.708478629072432,9523,7625,109.75089382208957,87.87677889251633
ZAZA-G_013_jpg.rf.d376ef4953acedd3682f9e043326859d_r2c1.jpg,TP,10,9,0.6912062481920741,6909,4784,79.62500529421577,55.13475543892434
ZAZA-G_013_jpg.rf.d376ef4953acedd3682f9e043326859d_r2c1.jpg,TP,4,7,0.6838628057351701,6942,5037,80.00532446843913,58.050535774636685
ZAZA-G_013_jpg.rf.d376ef4953acedd3682f9e043326859d_r2c1.jpg,FP,0,-1,0.0,0,34952,0.0,402.8156296198335
ZAZA-G_013_jpg.rf.d376ef4953acedd3682f9e043326859d_r2c1.jpg,FP,2,-1,0.0,0,15401,0.0,177.493806127691
ZAZA-G_013_jpg.rf.d376ef4953acedd3682f9e043326859d_r2c1.jpg,FP,3,-1,0.0,0,6905,0.0,79.57890600037052
ZAZA-G_013_jpg.rf.d376ef4953acedd3682f9e043326859d_r2c1.jpg,FP,5,-1,0.0,0,6687,0.0,77.06649448580414
ZAZA-G_013_jpg.rf.d376ef4953acedd3682f9e043326859d_r2c1.jpg,FP,7,-1,0.0,0,11217,0.0,129.27394476555483
ZAZA-G_013_jpg.rf.d376ef4953acedd3682f9e043326859d_r2c1.jpg,FN,-1,0,0.0,35068,0,404.1525091413459,0.0
ZAZA-G_013_jpg.rf.d376ef4953acedd3682f9e043326859d_r2c1.jpg,FN,-1,2,0.0,57295,0,660.3147602159636,0.0
ZAZA-G_013_jpg.rf.d376ef4953acedd3682f9e043326859d_r2c1.jpg,FN,-1,5,0.0,2943,0,33.91755544664597,0.0
ZAZA-G_013_jpg.rf.d376ef4953acedd3682f9e043326859d_r2c1.jpg,FN,-1,6,0.0,10989,0,126.64628501637533,0.0
ZAZA-G_013_jpg.rf.d376ef4953acedd3682f9e043326859d_r2c1.jpg,FN,-1,8,0.0,92123,0,1061.7013117265942,0.0
ZAZA-G_013_jpg.rf.d376ef4953acedd3682f9e043326859d_r2c1.jpg,FN,-1,10,0.0,9236,0,106.44326948869255,0.0
ZAZA-G_013_jpg.rf.d376ef4953acedd3682f9e043326859d_r2c1.jpg,FN,-1,11,0.0,2315,0,26.67996631294102,0.0
ZAZA-G_013_jpg.rf.d376ef4953acedd3682f9e043326859d_r2c1.jpg,FN,-1,12,0.0,1726,0,19.891845294227302,0.0
ZAZA-G_013_jpg.rf.d376ef4953acedd3682f9e043326859d_r2c2.jpg,TP,8,11,0.9299242424242424,3937,4215,45.373229967191705,48.57713088943689
ZAZA-G_013_jpg.rf.d376ef4953acedd3682f9e043326859d_r2c2.jpg,TP,0,7,0.928314121037464,20673,22151,238.25267541573638,255.2863644915579
ZAZA-G_013_jpg.rf.d376ef4953acedd3682f9e043326859d_r2c2.jpg,TP,4,10,0.9180383505854404,10866,11740,125.22873173063375,135.30142743582184
ZAZA-G_013_jpg.rf.d376ef4953acedd3682f9e043326859d_r2c2.jpg,TP,12,9,0.9117013639626705,9246,9395,106.5585177233057,108.27571641904142
ZAZA-G_013_jpg.rf.d376ef4953acedd3682f9e043326859d_r2c2.jpg,TP,2,20,0.9087120919824061,11852,12883,136.59220766348898,148.47430065210332
ZAZA-G_013_jpg.rf.d376ef4953acedd3682f9e043326859d_r2c2.jpg,TP,3,0,0.881339144215531,8909,10085,102.674652216843,116.22784460734782
ZAZA-G_013_jpg.rf.d376ef4953acedd3682f9e043326859d_r2c2.jpg,TP,9,3,0.8772082607613835,7056,8033,81.31915434302887,92.57890686473228
ZAZA-G_013_jpg.rf.d376ef4953acedd3682f9e043326859d_r2c2.jpg,TP,6,4,0.8701900424061567,11424,12391,131.65958322204673,142.80408750913702
ZAZA-G_013_jpg.rf.d376ef4953acedd3682f9e043326859d_r2c2.jpg,TP,5,6,0.8559822747415067,6610,5955,76.179083079283,68.63032371212259
ZAZA-G_013_jpg.rf.d376ef4953acedd3682f9e043326859d_r2c2.jpg,TP,1,22,0.8299540630445114,10971,12134,126.43883819407168,139.8422078795794
ZAZA-G_013_jpg.rf.d376ef4953acedd3682f9e043326859d_r2c2.jpg,TP,7,1,0.8238841265149276,16591,14260,191.2083460466542,164.34398255833216
ZAZA-G_013_jpg.rf.d376ef4953acedd3682f9e043326859d_r2c2.jpg,TP,13,16,0.7786384019567876,2031,2332,23.406916449927955,26.875888311783353
ZAZA-G_013_jpg.rf.d376ef4953acedd3682f9e043326859d_r2c2.jpg,TP,19,18,0.6073934160820291,2620,3337,30.195037468641672,38.45833589040354
ZAZA-G_013_jpg.rf.d376ef4953acedd3682f9e043326859d_r2c2.jpg,TP,18,13,0.588272543059777,15415,9667,177.6551536561494,111.41046840051872
ZAZA-G_013_jpg.rf.d376ef4953acedd3682f9e043326859d_r2c2.jpg,TP,15,17,0.5785216178521618,3300,2359,38.031917422334935,27.18705854523882
ZAZA-G_013_jpg.rf.d376ef4953acedd3682f9e043326859d_r2c2.jpg,TP,17,8,0.5635115252574792,2013,1175,23.199469627624307,13.541667567043499
ZAZA-G_013_jpg.rf.d376ef4953acedd3682f9e043326859d_r2c2.jpg,FP,10,-1,0.0,0,7070,0.0,81.48050187148726
ZAZA-G_013_jpg.rf.d376ef4953acedd3682f9e043326859d_r2c2.jpg,FP,11,-1,0.0,0,4905,0.0,56.52925907774328
ZAZA-G_013_jpg.rf.d376ef4953acedd3682f9e043326859d_r2c2.jpg,FP,14,-1,0.0,0,2254,0.0,25.97695208180089
ZAZA-G_013_jpg.rf.d376ef4953acedd3682f9e043326859d_r2c2.jpg,FP,16,-1,0.0,0,3294,0.0,37.96276848156705
ZAZA-G_013_jpg.rf.d376ef4953acedd3682f9e043326859d_r2c2.jpg,FN,-1,2,0.0,2731,0,31.474292872847485,0.0
ZAZA-G_013_jpg.rf.d376ef4953acedd3682f9e043326859d_r2c2.jpg,FN,-1,5,0.0,16263,0,187.42820395134333,0.0
ZAZA-G_013_jpg.rf.d376ef4953acedd3682f9e043326859d_r2c2.jpg,FN,-1,12,0.0,26483,0,305.21189972596846,0.0
ZAZA-G_013_jpg.rf.d376ef4953acedd3682f9e043326859d_r2c2.jpg,FN,-1,14,0.0,6478,0,74.65780638238961,0.0
ZAZA-G_013_jpg.rf.d376ef4953acedd3682f9e043326859d_r2c2.jpg,FN,-1,15,0.0,3069,0,35.36968320277148,0.0
ZAZA-G_013_jpg.rf.d376ef4953acedd3682f9e043326859d_r2c2.jpg,FN,-1,19,0.0,4443,0,51.204790638616394,0.0
ZAZA-G_013_jpg.rf.d376ef4953acedd3682f9e043326859d_r2c2.jpg,FN,-1,21,0.0,1794,0,20.675533289596626,0.0
