Tile,Match_Type,AI_Index,GT_Index,IoU,GT_Area_px,AI_Area_px,GT_Area_um2,AI_Area_um2
ROSILHA-M-B_011_jpg.rf.4a966541cdff84d474cd4516dd35b742_r0c0.jpg,TP,0,12,0.86507001701348,6767,7484,77.98848036270924,86.2517787844711
ROSILHA-M-B_011_jpg.rf.4a966541cdff84d474cd4516dd35b742_r0c0.jpg,TP,10,0,0.8550161812297734,1499,1367,17.27571036850911,15.754433671615713
ROSILHA-M-B_011_jpg.rf.4a966541cdff84d474cd4516dd35b742_r0c0.jpg,TP,4,17,0.8526428190069407,3699,3241,42.630321983399064,37.35195283811743
ROSILHA-M-B_011_jpg.rf.4a966541cdff84d474cd4516dd35b742_r0c0.jpg,TP,2,9,0.847538250294233,18699,18976,215.5026739031033,218.69505000188718
ROSILHA-M-B_011_jpg.rf.4a966541cdff84d474cd4516dd35b742_r0c0.jpg,TP,15,19,0.8458411507191995,8359,9350,96.33599931312051,107.75709936328231
ROSILHA-M-B_011_jpg.rf.4a966541cdff84d474cd4516dd35b742_r0c0.jpg,TP,5,14,0.8364485981308412,6752,7003,77.81560801078953,80.70833869957926
ROSILHA-M-B_011_jpg.rf.4a966541cdff84d474cd4516dd35b742_r0c0.jpg,TP,11,18,0.826382336289866,4809,4869,55.42287602545718,56.114365433135994
ROSILHA-M-B_011_jpg.rf.4a966541cdff84d474cd4516dd35b742_r0c0.jpg,TP,20,13,0.8142997612024161,6342,6574,73.09043039165095,75.76418943467571
ROSILHA-M-B_011_jpg.rf.4a966541cdff84d474cd4516dd35b742_r0c0.jpg,TP,6,5,0.8009578544061303,4218,5183,48.61170535982083,59.73315999998847
ROSILHA-M-B_011_jpg.rf.4a966541cdff84d474cd4516dd35b742_r0c0.jpg,TP,19,7,0.7777074097530082,1443,1364,16.63032025467555,15.719859201231772
ROSILHA-M-B_011_jpg.rf.4a966541cdff84d474cd4516dd35b742_r0c0.jpg,TP,1,16,0.772105742935278,5445,4275,62.75266374685264,49.26862029711571
ROSILHA-M-B_011_jpg.rf.4a966541cdff84d474cd4516dd35b742_r0c0.jpg,TP,9,4,0.7351574599896747,1909,1452,22.000887987647694,16.73404366582737
ROSILHA-M-B_011_jpg.rf.4a966541cdff84d474cd4516dd35b742_r0c0.jpg,TP,14,10,0.7115384615384616,2565,1974,29.561172178269423,22.750001512633077
ROSILHA-M-B_011_jpg.rf.4a966541cdff84d474cd4516dd35b742_r0c0.jpg,TP,12,1,0.6821561338289963,1074,736,12.377660397450823,8.482270067526821
ROSILHA-M-B_011_jpg.rf.4a966541cdff84d474cd4516dd35b742_r0c0.jpg,TP,3,2,0.6626973137635004,3558,2446,41.00532187535384,28.189718186373103
ROSILHA-M-B_011_jpg.rf.4a966541cdff84d474cd4516dd35b742_r0c0.jpg,TP,21,11,0.6381197922504951,17506,26335,201.75355951375616,303.50622585369405
ROSILHA-M-B_011_jpg.rf.4a966541cdff84d474cd4516dd35b742_r0c0.jpg,TP,13,3,0.5183164458300857,1037,911,11.951241929382219,10.499114173256704
ROSILHA-M-B_011_jpg.rf.4a966541cdff84d474cd4516dd35b742_r0c0.jpg,FP,7,-1,0.0,0,3815,0.0,43.96720150491144
ROSILHA-M-B_011_jpg.rf.4a966541cdff84d474cd4516dd35b742_r0c0.jpg,FP,8,-1,0.0,0,11300,0.0,130.23050511284387
ROSILHA-M-B_011_jpg.rf.4a966541cdff84d474cd4516dd35b742_r0c0.jpg,FP,16,-1,0.0,0,553,0.0,6.373227374106429
ROSILHA-M-B_011_jpg.rf.4a966541cdff84d474cd4516dd35b742_r0c0.jpg,FP,17,-1,0.0,0,9099,0.0,104.8643686744926
ROSILHA-M-B_011_jpg.rf.4a966541cdff84d474cd4516dd35b742_r0c0.jpg,FP,18,-1,0.0,0,9211,0.0,106.15514890215971
ROSILHA-M-B_011_jpg.rf.4a966541cdff84d474cd4516dd35b742_r0c0.jpg,FN,-1,6,0.0,4627,0,53.3253581554981,0.0
ROSILHA-M-B_011_jpg.rf.4a966541cdff84d474cd4516dd35b742_r0c0.jpg,FN,-1,8,0.0,4890,0,56.35638672582358,0.0
ROSILHA-M-B_011_jpg.rf.4a966541cdff84d474cd4516dd35b742_r0c0.jpg,FN,-1,15,0.0,13312,0,153.41844991700685,0.0
ROSILHA-M-B_011_jpg.rf.4a966541cdff84d474cd4516dd35b742_r0c1.jpg,TP,6,0,0.9325822442541686,21216,21668,244.51065455522968,249.71987475974342
ROSILHA-M-B_011_jpg.rf.4a966541cdff84d474cd4516dd35b742_r0c1.jpg,TP,2,13,0.9110644257703081,5263,5653,60.65514587689356,65.14982702680587
ROSILHA-M-B_011_jpg.rf.4a966541cdff84d474cd4516dd35b742_r0c1.jpg,TP,10,1,0.9099194294016643,7041,7419,81.14628199110916,85.50266525948571
ROSILHA-M-B_011_jpg.rf.4a966541cdff84d474cd4516dd35b742_r0c1.jpg,TP,3,18,0.9060396321228785,10050,10053,115.82447578620184,115.85905025658577
ROSILHA-M-B_011_jpg.rf.4a966541cdff84d474cd4516dd35b742_r0c1.jpg,TP,8,20,0.877281418390405,5500,5300,63.38652903722489,61.08156434496216
ROSILHA-M-B_011_jpg.rf.4a966541cdff84d474cd4516dd35b742_r0c1.jpg,TP,19,21,0.8768840471571407,6049,6528,69.71365711748606,75.23404755545528
ROSILHA-M-B_011_jpg.rf.4a966541cdff84d474cd4516dd35b742_r0c1.jpg,TP,17,11,0.8762104161214341,3442,3727,39.66844235384146,42.95301704031585
ROSILHA-M-B_011_jpg.rf.4a966541cdff84d474cd4516dd35b742_r0c1.jpg,TP,9,2,0.8717311432893884,17900,16742,206.29433995751373,192.94859438931255
ROSILHA-M-B_011_jpg.rf.4a966541cdff84d474cd4516dd35b742_r0c1.jpg,TP,16,9,0.8688051901243468,5059,5311,58.30408189078558,61.208337403036616
ROSILHA-M-B_011_jpg.rf.4a966541cdff84d474cd4516dd35b742_r0c1.jpg,TP,7,15,0.8636363636363636,3880,3459,44.716315029896826,39.8643643526838
ROSILHA-M-B_011_jpg.rf.4a966541cdff84d474cd4516dd35b742_r0c1.jpg,TP,11,14,0.8584628307433851,4482,4368,51.65425875360763,50.34042887901787
ROSILHA-M-B_011_jpg.rf.4a966541cdff84d474cd4516dd35b742_r0c1.jpg,TP,5,17,0.8557444616177228,5791,5015,66.74025266446715,57.79698965848778
ROSILHA-M-B_011_jpg.rf.4a966541cdff84d474cd4516dd35b742_r0c1.jpg,TP,4,6,0.8516075845012366,6981,6495,80.45479258343035,74.85372838123193
ROSILHA-M-B_011_jpg.rf.4a966541cdff84d474cd4516dd35b742_r0c1.jpg,TP,1,19,0.8362459546925566,4493,4018,51.78103181168208,46.30674066755811
ROSILHA-M-B_011_jpg.rf.4a966541cdff84d474cd4516dd35b742_r0c1.jpg,TP,20,16,0.8288572933122696,1723,1750,19.85727082384336,20.16844105729883
ROSILHA-M-B_011_jpg.rf.4a966541cdff84d474cd4516dd35b742_r0c1.jpg,TP,23,8,0.8229220816727315,58331,67910,672.2544773218846,782.6507612578076
ROSILHA-M-B_011_jpg.rf.4a966541cdff84d474cd4516dd35b742_r0c1.jpg,TP,15,7,0.8170047831106713,11858,10175,136.66135660425687,117.26507871886604
ROSILHA-M-B_011_jpg.rf.4a966541cdff84d474cd4516dd35b742_r0c1.jpg,TP,14,5,0.8145850403839401,7779,7723,89.65160170555862,89.00621159172505
ROSILHA-M-B_011_jpg.rf.4a966541cdff84d474cd4516dd35b742_r0c1.jpg,TP,13,4,0.7754413806784368,4806,4144,55.38830155507324,47.75886842368362
ROSILHA-M-B_011_jpg.rf.4a966541cdff84d474cd4516dd35b742_r0c1.jpg,TP,18,3,0.7413972888425443,739,931,8.516844537910762,10.729610642482976
ROSILHA-M-B_011_jpg.rf.4a966541cdff84d474cd4516dd35b742_r0c1.jpg,TP,0,12,0.656976928691568,29740,22473,342.7482497394669,258.9973576461009
ROSILHA-M-B_011_jpg.rf.4a966541cdff84d474cd4516dd35b742_r0c1.jpg,FP,12,-1,0.0,0,9194,0.0,105.95922690331739
ROSILHA-M-B_011_jpg.rf.4a966541cdff84d474cd4516dd35b742_r0c1.jpg,FP,21,-1,0.0,0,9671,0.0,111.45656769436398
ROSILHA-M-B_011_jpg.rf.4a966541cdff84d474cd4516dd35b742_r0c1.jpg,FP,22,-1,0.0,0,19460,0.0,224.27306455716297
ROSILHA-M-B_011_jpg.rf.4a966541cdff84d474cd4516dd35b742_r0c1.jpg,FN,-1,10,0.0,2188,0,25.21631373335419,0.0
ROSILHA-M-B_011_jpg.rf.4a966541cdff84d474cd4516dd35b742_r0c2.jpg,TP,0,1,0.8696482019693749,20606,22495,237.48051224382837,259.2509037622498
ROSILHA-M-B_011_jpg.rf.4a966541cdff84d474cd4516dd35b742_r0c2.jpg,TP,6,4,0.8308545211240681,23784,24102,274.106401203883,277.7712950645808
ROSILHA-M-B_011_jpg.rf.4a966541cdff84d474cd4516dd35b742_r0c2.jpg,TP,3,2,0.8230940044411547,4802,5050,55.34220226122798,58.200358479633756
ROSILHA-M-B_011_jpg.rf.4a966541cdff84d474cd4516dd35b742_r0c2.jpg,TP,1,0,0.8033831282952548,3980,4229,45.86879737602819,48.73847841789528
ROSILHA-M-B_011_jpg.rf.4a966541cdff84d474cd4516dd35b742_r0c2.jpg,TP,4,7,0.7563869717883521,7190,7316,82.8634806868449,84.31560844297042
ROSILHA-M-B_011_jpg.rf.4a966541cdff84d474cd4516dd35b742_r0c2.jpg,TP,2,6,0.6902670111972438,8014,11610,92.35993521896732,133.80320038585108
ROSILHA-M-B_011_jpg.rf.4a966541cdff84d474cd4516dd35b742_r0c2.jpg,FP,5,-1,0.0,0,73031,0.0,841.6693822031947
ROSILHA-M-B_011_jpg.rf.4a966541cdff84d474cd4516dd35b742_r0c2.jpg,FP,7,-1,0.0,0,10591,0.0,122.0594052787725
ROSILHA-M-B_011_jpg.rf.4a966541cdff84d474cd4516dd35b742_r0c2.jpg,FP,8,-1,0.0,0,9561,0.0,110.18883711361948
ROSILHA-M-B_011_jpg.rf.4a966541cdff84d474cd4516dd35b742_r0c2.jpg,FP,9,-1,0.0,0,5162,0.0,59.491138707300884
ROSILHA-M-B_011_jpg.rf.4a966541cdff84d474cd4516dd35b742_r0c2.jpg,FN,-1,3,0.0,2170,0,25.008866911050546,0.0
ROSILHA-M-B_011_jpg.rf.4a966541cdff84d474cd4516dd35b742_r0c2.jpg,FN,-1,5,0.0,33189,0,382.4973658575376,0.0
ROSILHA-M-B_011_jpg.rf.4a966541cdff84d474cd4516dd35b742_r1c0.jpg,TP,0,0,0.6235521235521235,1500,1023,17.287235191970424,11.78989440092383
ROSILHA-M-B_011_jpg.rf.4a966541cdff84d474cd4516dd35b742_r1c1.jpg,TP,2,2,0.8961773700305811,19614,17589,226.04788737020527,202.7101198610452
ROSILHA-M-B_011_jpg.rf.4a966541cdff84d474cd4516dd35b742_r1c1.jpg,TP,12,13,0.8869816083663902,13302,12861,153.3032016823937,148.2207545359544
ROSILHA-M-B_011_jpg.rf.4a966541cdff84d474cd4516dd35b742_r1c1.jpg,TP,10,4,0.8846325167037862,4212,4250,48.54255641905295,48.98049971058287
ROSILHA-M-B_011_jpg.rf.4a966541cdff84d474cd4516dd35b742_r1c1.jpg,TP,0,7,0.8810796365579904,23433,25840,270.06118816896196,297.8014382403438
ROSILHA-M-B_011_jpg.rf.4a966541cdff84d474cd4516dd35b742_r1c1.jpg,TP,3,9,0.8718031900513652,17270,17349,199.03370117688615,199.9441622303299
ROSILHA-M-B_011_jpg.rf.4a966541cdff84d474cd4516dd35b742_r1c1.jpg,TP,8,8,0.868038063252169,20580,19467,237.18086683383422,224.35373832139217
ROSILHA-M-B_011_jpg.rf.4a966541cdff84d474cd4516dd35b742_r1c1.jpg,TP,6,3,0.855325117723675,9388,9130,108.19504265481223,105.22163820179331
ROSILHA-M-B_011_jpg.rf.4a966541cdff84d474cd4516dd35b742_r1c1.jpg,TP,9,12,0.8383712798197218,12216,11442,140.78724340340713,131.8670300443504
ROSILHA-M-B_011_jpg.rf.4a966541cdff84d474cd4516dd35b742_r1c1.jpg,TP,11,5,0.8312216964331145,16981,19008,195.70302719656652,219.0638443526492
ROSILHA-M-B_011_jpg.rf.4a966541cdff84d474cd4516dd35b742_r1c1.jpg,TP,5,6,0.8285493827160494,6127,5722,70.61259334746852,65.94503984563651
ROSILHA-M-B_011_jpg.rf.4a966541cdff84d474cd4516dd35b742_r1c1.jpg,TP,4,0,0.8242309255996747,7302,6159,84.15426091451202,70.98138769823056
ROSILHA-M-B_011_jpg.rf.4a966541cdff84d474cd4516dd35b742_r1c1.jpg,TP,1,1,0.8014446497564254,5828,4896,67.16667113253575,56.425535666591465
ROSILHA-M-B_011_jpg.rf.4a966541cdff84d474cd4516dd35b742_r1c1.jpg,TP,13,10,0.6888726207906296,7952,5890,91.64539616436588,67.8812101871372
ROSILHA-M-B_011_jpg.rf.4a966541cdff84d474cd4516dd35b742_r1c1.jpg,FP,7,-1,0.0,0,9025,0.0,104.01153173835539
ROSILHA-M-B_011_jpg.rf.4a966541cdff84d474cd4516dd35b742_r1c1.jpg,FP,14,-1,0.0,0,31723,0.0,365.60197466325184
ROSILHA-M-B_011_jpg.rf.4a966541cdff84d474cd4516dd35b742_r1c1.jpg,FP,15,-1,0.0,0,8494,0.0,97.89185048039785
ROSILHA-M-B_011_jpg.rf.4a966541cdff84d474cd4516dd35b742_r1c1.jpg,FN,-1,11,0.0,18562,0,213.92377308890335,0.0
ROSILHA-M-B_011_jpg.rf.4a966541cdff84d474cd4516dd35b742_r1c2.jpg,TP,0,5,0.9221122112211221,14554,14566,167.73228065595836,167.87057853749414
ROSILHA-M-B_011_jpg.rf.4a966541cdff84d474cd4516dd35b742_r1c2.jpg,TP,7,4,0.9141137076090055,27246,26487,314.00534002695076,305.2579990198137
ROSILHA-M-B_011_jpg.rf.4a966541cdff84d474cd4516dd35b742_r1c2.jpg,TP,3,6,0.8962888377445339,19499,20050,224.7225326721542,231.072710399338
ROSILHA-M-B_011_jpg.rf.4a966541cdff84d474cd4516dd35b742_r1c2.jpg,TP,2,0,0.88474627164448,18425,19236,212.34487227470336,221.6915041018287
ROSILHA-M-B_011_jpg.rf.4a966541cdff84d474cd4516dd35b742_r1c2.jpg,TP,1,3,0.8390607101947308,18623,16698,214.62678732004346,192.44150215701475
ROSILHA-M-B_011_jpg.rf.4a966541cdff84d474cd4516dd35b742_r1c2.jpg,TP,6,9,0.8004744958481613,3838,3751,44.232272444521655,43.229612803387376
ROSILHA-M-B_011_jpg.rf.4a966541cdff84d474cd4516dd35b742_r1c2.jpg,TP,4,7,0.7542685220007521,11148,12175,128.4787319467242,140.31472564149328
ROSILHA-M-B_011_jpg.rf.4a966541cdff84d474cd4516dd35b742_r1c2.jpg,FP,5,-1,0.0,0,21051,0.0,242.60905868411294
ROSILHA-M-B_011_jpg.rf.4a966541cdff84d474cd4516dd35b742_r1c2.jpg,FP,8,-1,0.0,0,17414,0.0,200.6932757553153
ROSILHA-M-B_011_jpg.rf.4a966541cdff84d474cd4516dd35b742_r1c2.jpg,FP,9,-1,0.0,0,17216,0.0,198.4113607099752
ROSILHA-M-B_011_jpg.rf.4a966541cdff84d474cd4516dd35b742_r1c2.jpg,FP,10,-1,0.0,0,3116,0.0,35.91134990545323
ROSILHA-M-B_011_jpg.rf.4a966541cdff84d474cd4516dd35b742_r1c2.jpg,FN,-1,1,0.0,809,0,9.323582180202715,0.0
ROSILHA-M-B_011_jpg.rf.4a966541cdff84d474cd4516dd35b742_r1c2.jpg,FN,-1,2,0.0,44340,0,511.01067227464574,0.0
ROSILHA-M-B_011_jpg.rf.4a966541cdff84d474cd4516dd35b742_r1c2.jpg,FN,-1,8,0.0,32081,0,369.72786146240213,0.0
ROSILHA-M-B_011_jpg.rf.4a966541cdff84d474cd4516dd35b742_r2c0.jpg,TP,3,8,0.9170001143249114,8134,8634,93.74291403432495,99.50532576498176
ROSILHA-M-B_011_jpg.rf.4a966541cdff84d474cd4516dd35b742_r2c0.jpg,TP,0,10,0.88535600847009,28714,28269,330.92378086815916,325.7952344278746
ROSILHA-M-B_011_jpg.rf.4a966541cdff84d474cd4516dd35b742_r2c0.jpg,TP,5,0,0.8722793007742125,18312,20139,211.04256722357493,232.0984196873949
ROSILHA-M-B_011_jpg.rf.4a966541cdff84d474cd4516dd35b742_r2c0.jpg,TP,1,6,0.8657199800697558,18630,18815,214.70746108427267,216.83955342461567
ROSILHA-M-B_011_jpg.rf.4a966541cdff84d474cd4516dd35b742_r2c0.jpg,TP,7,1,0.8294483704250607,16465,18225,189.7562182905287,210.03990758244063
ROSILHA-M-B_011_jpg.rf.4a966541cdff84d474cd4516dd35b742_r2c0.jpg,TP,4,9,0.7415567122624379,8166,6221,94.11170838508698,71.69592675283201
ROSILHA-M-B_011_jpg.rf.4a966541cdff84d474cd4516dd35b742_r2c0.jpg,TP,8,5,0.7302904564315352,6453,8142,74.36968579585677,93.83511262201546
ROSILHA-M-B_011_jpg.rf.4a966541cdff84d474cd4516dd35b742_r2c0.jpg,TP,2,4,0.6422122814152095,12267,7924,141.37500939993413,91.32270110744909
ROSILHA-M-B_011_jpg.rf.4a966541cdff84d474cd4516dd35b742_r2c0.jpg,TP,6,7,0.5767840301791889,12370,7693,142.56206621644944,88.66046688788565
ROSILHA-M-B_011_jpg.rf.4a966541cdff84d474cd4516dd35b742_r2c0.jpg,FP,9,-1,0.0,0,6811,0.0,78.49557259500703
ROSILHA-M-B_011_jpg.rf.4a966541cdff84d474cd4516dd35b742_r2c0.jpg,FN,-1,2,0.0,3140,0,36.187945668524755,0.0
ROSILHA-M-B_011_jpg.rf.4a966541cdff84d474cd4516dd35b742_r2c0.jpg,FN,-1,3,0.0,2300,0,26.507093961021315,0.0
ROSILHA-M-B_011_jpg.rf.4a966541cdff84d474cd4516dd35b742_r2c1.jpg,TP,17,6,0.9057363110758417,16453,17168,189.61792040899292,197.85816918383216
ROSILHA-M-B_011_jpg.rf.4a966541cdff84d474cd4516dd35b742_r2c1.jpg,TP,18,2,0.904780096461487,19743,20145,227.5345895967147,232.1675686281628
ROSILHA-M-B_011_jpg.rf.4a966541cdff84d474cd4516dd35b742_r2c1.jpg,TP,0,18,0.898485251129418,17769,17951,204.78458808408163,206.88210595404072
ROSILHA-M-B_011_jpg.rf.4a966541cdff84d474cd4516dd35b742_r2c1.jpg,TP,12,19,0.8863834164095261,35802,35724,412.6117295619501,411.7127933319676
ROSILHA-M-B_011_jpg.rf.4a966541cdff84d474cd4516dd35b742_r2c1.jpg,TP,19,16,0.8762157033288527,45739,49175,527.1339002970235,566.7331937100971
ROSILHA-M-B_011_jpg.rf.4a966541cdff84d474cd4516dd35b742_r2c1.jpg,TP,22,11,0.8687580025608195,9050,8464,104.29965232488823,97.54610577655845
ROSILHA-M-B_011_jpg.rf.4a966541cdff84d474cd4516dd35b742_r2c1.jpg,TP,9,17,0.8673791961463194,12923,11887,148.93529359055586,136.99557648463494
ROSILHA-M-B_011_jpg.rf.4a966541cdff84d474cd4516dd35b742_r2c1.jpg,TP,3,13,0.8427740863787375,42063,46685,484.7686492532346,538.0363832914262
ROSILHA-M-B_011_jpg.rf.4a966541cdff84d474cd4516dd35b742_r2c1.jpg,TP,16,8,0.8422176820208024,10146,9691,116.93085883848795,111.68706416359025
ROSILHA-M-B_011_jpg.rf.4a966541cdff84d474cd4516dd35b742_r2c1.jpg,TP,7,0,0.8369861845471601,20745,22336,239.08246270495096,257.4184568319009
ROSILHA-M-B_011_jpg.rf.4a966541cdff84d474cd4516dd35b742_r2c1.jpg,TP,4,15,0.8366580614879137,8503,7149,97.99557389154967,82.39096292493105
ROSILHA-M-B_011_jpg.rf.4a966541cdff84d474cd4516dd35b742_r2c1.jpg,TP,15,1,0.8305377304849322,48070,42073,553.9982637853456,484.8838974878478
ROSILHA-M-B_011_jpg.rf.4a966541cdff84d474cd4516dd35b742_r2c1.jpg,TP,6,4,0.8200535654502845,5238,5635,60.36702529036072,64.94238020450223
ROSILHA-M-B_011_jpg.rf.4a966541cdff84d474cd4516dd35b742_r2c1.jpg,TP,5,3,0.8180338247264176,10919,9183,125.83954737408337,105.83245384524294
ROSILHA-M-B_011_jpg.rf.4a966541cdff84d474cd4516dd35b742_r2c1.jpg,TP,2,20,0.8128576879053796,4911,4592,56.598408018511165,52.921989334352126
ROSILHA-M-B_011_jpg.rf.4a966541cdff84d474cd4516dd35b742_r2c1.jpg,TP,24,12,0.7943760984182777,4302,4887,49.579790530571174,56.32181225543964
ROSILHA-M-B_011_jpg.rf.4a966541cdff84d474cd4516dd35b742_r2c1.jpg,TP,14,5,0.7831439393939394,6143,7038,70.79699052284954,81.11170752072523
ROSILHA-M-B_011_jpg.rf.4a966541cdff84d474cd4516dd35b742_r2c1.jpg,TP,10,9,0.7056272115055359,17377,12509,200.2668572872467,144.16401667757202
ROSILHA-M-B_011_jpg.rf.4a966541cdff84d474cd4516dd35b742_r2c1.jpg,TP,11,10,0.6840437788018433,13638,9750,157.1755423653951,112.36702874780775
ROSILHA-M-B_011_jpg.rf.4a966541cdff84d474cd4516dd35b742_r2c1.jpg,TP,21,21,0.6471030850263356,1250,939,14.40602932664202,10.821809230173486
ROSILHA-M-B_011_jpg.rf.4a966541cdff84d474cd4516dd35b742_r2c1.jpg,FP,1,-1,0.0,0,8179,0.0,94.26153109008406
ROSILHA-M-B_011_jpg.rf.4a966541cdff84d474cd4516dd35b742_r2c1.jpg,FP,8,-1,0.0,0,8888,0.0,102.43263092415542
ROSILHA-M-B_011_jpg.rf.4a966541cdff84d474cd4516dd35b742_r2c1.jpg,FP,13,-1,0.0,0,9727,0.0,112.10195780819754
ROSILHA-M-B_011_jpg.rf.4a966541cdff84d474cd4516dd35b742_r2c1.jpg,FP,20,-1,0.0,0,11007,0.0,126.85373183867897
ROSILHA-M-B_011_jpg.rf.4a966541cdff84d474cd4516dd35b742_r2c1.jpg,FP,23,-1,0.0,0,1742,0.0,20.076242469608317
ROSILHA-M-B_011_jpg.rf.4a966541cdff84d474cd4516dd35b742_r2c1.jpg,FP,25,-1,0.0,0,8708,0.0,100.35816270111897
ROSILHA-M-B_011_jpg.rf.4a966541cdff84d474cd4516dd35b742_r2c1.jpg,FP,26,-1,0.0,0,8466,0.0,97.56915542348108
ROSILHA-M-B_011_jpg.rf.4a966541cdff84d474cd4516dd35b742_r2c1.jpg,FN,-1,7,0.0,26216,0,302.13477186179773,0.0
ROSILHA-M-B_011_jpg.rf.4a966541cdff84d474cd4516dd35b742_r2c1.jpg,FN,-1,14,0.0,828,0,9.542553825967675,0.0
ROSILHA-M-B_011_jpg.rf.4a966541cdff84d474cd4516dd35b742_r2c2.jpg,TP,1,3,0.8893235435724602,16268,15125,187.4858280686499,174.31295485236845
ROSILHA-M-B_011_jpg.rf.4a966541cdff84d474cd4516dd35b742_r2c2.jpg,TP,4,4,0.8864647179872989,41517,43738,478.4760956433574,504.0727285509349
ROSILHA-M-B_011_jpg.rf.4a966541cdff84d474cd4516dd35b742_r2c2.jpg,TP,0,11,0.8861143266633592,16568,17648,190.94327510704397,203.3900844452627
ROSILHA-M-B_011_jpg.rf.4a966541cdff84d474cd4516dd35b742_r2c2.jpg,TP,2,5,0.8858469904085794,25184,24757,290.2411540497221,285.3200544317412
ROSILHA-M-B_011_jpg.rf.4a966541cdff84d474cd4516dd35b742_r2c2.jpg,TP,6,9,0.8805147058823529,4157,4027,47.9086911286807,46.41046407870993
ROSILHA-M-B_011_jpg.rf.4a966541cdff84d474cd4516dd35b742_r2c2.jpg,TP,5,6,0.8750813924367643,18376,19060,211.780155925099,219.6631351726375
ROSILHA-M-B_011_jpg.rf.4a966541cdff84d474cd4516dd35b742_r2c2.jpg,TP,3,0,0.8568184853746494,14357,13447,165.46189043407958,154.97430108428418
ROSILHA-M-B_011_jpg.rf.4a966541cdff84d474cd4516dd35b742_r2c2.jpg,TP,7,7,0.7988696808510638,13948,13107,160.74823763840232,151.05586110743755
ROSILHA-M-B_011_jpg.rf.4a966541cdff84d474cd4516dd35b742_r2c2.jpg,TP,9,1,0.7985739750445633,1061,957,12.227837692453747,11.02925605247713
ROSILHA-M-B_011_jpg.rf.4a966541cdff84d474cd4516dd35b742_r2c2.jpg,TP,10,8,0.7203832752613241,1062,913,12.23936251591506,10.522163820179331
ROSILHA-M-B_011_jpg.rf.4a966541cdff84d474cd4516dd35b742_r2c2.jpg,TP,11,10,0.5439121756487026,1002,545,11.547873108236242,6.281028786415921
ROSILHA-M-B_011_jpg.rf.4a966541cdff84d474cd4516dd35b742_r2c2.jpg,FP,8,-1,0.0,0,7133,0.0,82.20656574955002
ROSILHA-M-B_011_jpg.rf.4a966541cdff84d474cd4516dd35b742_r2c2.jpg,FN,-1,2,0.0,3255,0,37.51330036657582,0.0
ROSILHA-M-B_011_jpg.rf.4a966541cdff84d474cd4516dd35b742_r2c2.jpg,FN,-1,12,0.0,805,0,9.277482886357461,0.0
ROSILHA-M-D_006_jpg.rf.4bf38cf5314617b13c7c11445fe40b04_r0c0.jpg,TP,0,0,0.9033389789499153,7525,8208,86.72429654638496,94.59575097046216
ROSILHA-M-D_006_jpg.rf.4bf38cf5314617b13c7c11445fe40b04_r0c0.jpg,TP,7,12,0.89379827351204,7876,8797,90.76950958130604,101.38387198917587
ROSILHA-M-D_006_jpg.rf.4bf38cf5314617b13c7c11445fe40b04_r0c0.jpg,TP,5,7,0.8814299900695134,4507,4966,51.94237934014047,57.232273308883414
ROSILHA-M-D_006_jpg.rf.4bf38cf5314617b13c7c11445fe40b04_r0c0.jpg,TP,6,2,0.8800203355363497,1862,1836,21.459221284965952,21.1595758749718
ROSILHA-M-D_006_jpg.rf.4bf38cf5314617b13c7c11445fe40b04_r0c0.jpg,TP,1,5,0.8756915511235571,13277,14185,153.01508109586086,163.47962079873363
ROSILHA-M-D_006_jpg.rf.4bf38cf5314617b13c7c11445fe40b04_r0c0.jpg,TP,10,1,0.8605187319884726,1493,1735,17.206561427741228,19.995568705379124
ROSILHA-M-D_006_jpg.rf.4bf38cf5314617b13c7c11445fe40b04_r0c0.jpg,TP,3,8,0.8464626191670848,8461,9939,97.5115313061745,114.54522038199603
ROSILHA-M-D_006_jpg.rf.4bf38cf5314617b13c7c11445fe40b04_r0c0.jpg,TP,11,9,0.8421052631578947,2562,3038,29.526597707885482,35.01241367547077
ROSILHA-M-D_006_jpg.rf.4bf38cf5314617b13c7c11445fe40b04_r0c0.jpg,TP,22,10,0.8404907975460123,5087,6013,58.62677694770236,69.29876347287878
ROSILHA-M-D_006_jpg.rf.4bf38cf5314617b13c7c11445fe40b04_r0c0.jpg,TP,14,15,0.8002148227712137,1568,1784,18.07092318733975,20.560285054983492
ROSILHA-M-D_006_jpg.rf.4bf38cf5314617b13c7c11445fe40b04_r0c0.jpg,TP,15,11,0.7997698504027618,1446,1682,16.66489472505949,19.3847530619295
ROSILHA-M-D_006_jpg.rf.4bf38cf5314617b13c7c11445fe40b04_r0c0.jpg,TP,2,6,0.7932240173619484,6666,8207,76.82447319311656,94.58422614700085
ROSILHA-M-D_006_jpg.rf.4bf38cf5314617b13c7c11445fe40b04_r0c0.jpg,TP,12,13,0.7853148301574151,9178,8061,105.77482972793636,92.90160192164906
ROSILHA-M-D_006_jpg.rf.4bf38cf5314617b13c7c11445fe40b04_r0c0.jpg,TP,9,4,0.7487715536496025,10470,9104,120.66490163995356,104.92199279179916
ROSILHA-M-D_006_jpg.rf.4bf38cf5314617b13c7c11445fe40b04_r0c0.jpg,TP,4,3,0.6401774646049455,10555,14584,121.64451163416521,168.07802535979778
ROSILHA-M-D_006_jpg.rf.4bf38cf5314617b13c7c11445fe40b04_r0c0.jpg,FP,8,-1,0.0,0,1081,0.0,12.45833416168002
ROSILHA-M-D_006_jpg.rf.4bf38cf5314617b13c7c11445fe40b04_r0c0.jpg,FP,13,-1,0.0,0,3650,0.0,42.065605633794696
ROSILHA-M-D_006_jpg.rf.4bf38cf5314617b13c7c11445fe40b04_r0c0.jpg,FP,16,-1,0.0,0,1177,0.0,13.564717213966127
ROSILHA-M-D_006_jpg.rf.4bf38cf5314617b13c7c11445fe40b04_r0c0.jpg,FP,17,-1,0.0,0,1519,0.0,17.506206837735384
ROSILHA-M-D_006_jpg.rf.4bf38cf5314617b13c7c11445fe40b04_r0c0.jpg,FP,18,-1,0.0,0,782,0.0,9.012411946747248
ROSILHA-M-D_006_jpg.rf.4bf38cf5314617b13c7c11445fe40b04_r0c0.jpg,FP,19,-1,0.0,0,901,0.0,10.383865938643568
ROSILHA-M-D_006_jpg.rf.4bf38cf5314617b13c7c11445fe40b04_r0c0.jpg,FP,20,-1,0.0,0,1022,0.0,11.778369577462515
ROSILHA-M-D_006_jpg.rf.4bf38cf5314617b13c7c11445fe40b04_r0c0.jpg,FP,21,-1,0.0,0,4179,0.0,48.1622372448296
ROSILHA-M-D_006_jpg.rf.4bf38cf5314617b13c7c11445fe40b04_r0c0.jpg,FP,23,-1,0.0,0,756,0.0,8.712766536753094
ROSILHA-M-D_006_jpg.rf.4bf38cf5314617b13c7c11445fe40b04_r0c0.jpg,FP,24,-1,0.0,0,667,0.0,7.687057248696182
ROSILHA-M-D_006_jpg.rf.4bf38cf5314617b13c7c11445fe40b04_r0c0.jpg,FP,25,-1,0.0,0,5151,0.0,59.364365649226436
ROSILHA-M-D_006_jpg.rf.4bf38cf5314617b13c7c11445fe40b04_r0c0.jpg,FP,26,-1,0.0,0,669,0.0,7.710106895618809
ROSILHA-M-D_006_jpg.rf.4bf38cf5314617b13c7c11445fe40b04_r0c0.jpg,FP,27,-1,0.0,0,975,0.0,11.236702874780775
ROSILHA-M-D_006_jpg.rf.4bf38cf5314617b13c7c11445fe40b04_r0c0.jpg,FN,-1,14,0.0,1408,0,16.22695143352957,0.0
ROSILHA-M-D_006_jpg.rf.4bf38cf5314617b13c7c11445fe40b04_r0c1.jpg,TP,9,0,0.916708254316798,18629,19778,214.69593626081135,227.9379584178607
ROSILHA-M-D_006_jpg.rf.4bf38cf5314617b13c7c11445fe40b04_r0c1.jpg,TP,2,4,0.8884640594275727,16475,18099,189.8714665251418,208.58777982631514
ROSILHA-M-D_006_jpg.rf.4bf38cf5314617b13c7c11445fe40b04_r0c1.jpg,TP,3,1,0.8877271838968145,9145,10174,105.39451055371302,117.25355389540472
ROSILHA-M-D_006_jpg.rf.4bf38cf5314617b13c7c11445fe40b04_r0c1.jpg,TP,0,8,0.8847195357833656,6956,7660,80.1666719968975,88.2801477136623
ROSILHA-M-D_006_jpg.rf.4bf38cf5314617b13c7c11445fe40b04_r0c1.jpg,TP,4,3,0.8701343437822942,5059,5799,58.30408189078558,66.83245125215765
ROSILHA-M-D_006_jpg.rf.4bf38cf5314617b13c7c11445fe40b04_r0c1.jpg,TP,6,7,0.8161543098251959,1436,1577,16.549646490446353,18.174646598491574
ROSILHA-M-D_006_jpg.rf.4bf38cf5314617b13c7c11445fe40b04_r0c1.jpg,TP,7,5,0.7458971553610503,2727,3656,31.42819357900223,42.13475457456258
ROSILHA-M-D_006_jpg.rf.4bf38cf5314617b13c7c11445fe40b04_r0c1.jpg,TP,1,2,0.7198411173041194,27447,26243,316.32182954267483,302.4459420952532
ROSILHA-M-D_006_jpg.rf.4bf38cf5314617b13c7c11445fe40b04_r0c1.jpg,FP,5,-1,0.0,0,2153,0.0,24.812944912208216
ROSILHA-M-D_006_jpg.rf.4bf38cf5314617b13c7c11445fe40b04_r0c1.jpg,FP,8,-1,0.0,0,3194,0.0,36.81028613543569
ROSILHA-M-D_006_jpg.rf.4bf38cf5314617b13c7c11445fe40b04_r0c1.jpg,FP,10,-1,0.0,0,867,0.0,9.992021940958905
ROSILHA-M-D_006_jpg.rf.4bf38cf5314617b13c7c11445fe40b04_r0c1.jpg,FP,11,-1,0.0,0,1487,0.0,17.137412486973346
ROSILHA-M-D_006_jpg.rf.4bf38cf5314617b13c7c11445fe40b04_r0c1.jpg,FP,12,-1,0.0,0,3867,0.0,44.566492324899755
ROSILHA-M-D_006_jpg.rf.4bf38cf5314617b13c7c11445fe40b04_r0c1.jpg,FP,13,-1,0.0,0,1209,0.0,13.933511564728162
ROSILHA-M-D_006_jpg.rf.4bf38cf5314617b13c7c11445fe40b04_r0c1.jpg,FP,14,-1,0.0,0,16028,0.0,184.71987043793465
ROSILHA-M-D_006_jpg.rf.4bf38cf5314617b13c7c11445fe40b04_r0c1.jpg,FN,-1,6,0.0,3679,0,42.39982551417279,0.0
ROSILHA-M-D_006_jpg.rf.4bf38cf5314617b13c7c11445fe40b04_r0c2.jpg,TP,5,40,0.9090128755364807,7453,8115,85.89450925717038,93.52394238855999
ROSILHA-M-D_006_jpg.rf.4bf38cf5314617b13c7c11445fe40b04_r0c2.jpg,TP,6,45,0.9037919147602632,2892,3183,33.32978945011898,36.68351307736124
ROSILHA-M-D_006_jpg.rf.4bf38cf5314617b13c7c11445fe40b04_r0c2.jpg,TP,8,35,0.9022640663528357,4242,4244,48.88830112289236,48.91135076981499
ROSILHA-M-D_006_jpg.rf.4bf38cf5314617b13c7c11445fe40b04_r0c2.jpg,TP,3,27,0.8995223192225333,11493,11571,132.4547960408774,133.35373227085984
ROSILHA-M-D_006_jpg.rf.4bf38cf5314617b13c7c11445fe40b04_r0c2.jpg,TP,16,15,0.8942436412315931,10302,10923,118.72873129845287,125.88564666792863
ROSILHA-M-D_006_jpg.rf.4bf38cf5314617b13c7c11445fe40b04_r0c2.jpg,TP,17,36,0.8871359223300971,4415,4915,50.882095581699616,56.644507312356424
ROSILHA-M-D_006_jpg.rf.4bf38cf5314617b13c7c11445fe40b04_r0c2.jpg,TP,14,28,0.8856853818917552,1767,1961,20.36436305614116,22.600178807636002
ROSILHA-M-D_006_jpg.rf.4bf38cf5314617b13c7c11445fe40b04_r0c2.jpg,TP,15,2,0.8844197873324087,1971,2105,22.715427042249136,24.25975338606516
ROSILHA-M-D_006_jpg.rf.4bf38cf5314617b13c7c11445fe40b04_r0c2.jpg,TP,30,24,0.8833609729132117,1748,1659,20.1453914103762,19.11968212231929
ROSILHA-M-D_006_jpg.rf.4bf38cf5314617b13c7c11445fe40b04_r0c2.jpg,TP,1,12,0.8826982720425344,8013,8984,92.34841039550601,103.53901397644152
ROSILHA-M-D_006_jpg.rf.4bf38cf5314617b13c7c11445fe40b04_r0c2.jpg,TP,12,30,0.8792134831460674,2509,2843,28.915782064435863,32.76507310051461
ROSILHA-M-D_006_jpg.rf.4bf38cf5314617b13c7c11445fe40b04_r0c2.jpg,TP,7,43,0.8788171006107361,5514,6176,63.547876565683275,71.17730969707289
ROSILHA-M-D_006_jpg.rf.4bf38cf5314617b13c7c11445fe40b04_r0c2.jpg,TP,44,41,0.8763097020002721,6675,7114,76.92819660426838,81.98759410378506
ROSILHA-M-D_006_jpg.rf.4bf38cf5314617b13c7c11445fe40b04_r0c2.jpg,TP,33,10,0.8653846153846154,1981,2190,22.830675276862273,25.239363380276817
ROSILHA-M-D_006_jpg.rf.4bf38cf5314617b13c7c11445fe40b04_r0c2.jpg,TP,18,22,0.8632502055357633,3201,3598,36.890959899664885,41.46631481380639
ROSILHA-M-D_006_jpg.rf.4bf38cf5314617b13c7c11445fe40b04_r0c2.jpg,TP,25,32,0.8599033816425121,4214,4641,48.56560606597558,53.486705683956494
ROSILHA-M-D_006_jpg.rf.4bf38cf5314617b13c7c11445fe40b04_r0c2.jpg,TP,32,16,0.8496654860291224,2230,2470,25.700356318729362,28.466313949444633
ROSILHA-M-D_006_jpg.rf.4bf38cf5314617b13c7c11445fe40b04_r0c2.jpg,TP,27,13,0.8478389579632919,1445,1676,16.653369901598175,19.31560412116162
ROSILHA-M-D_006_jpg.rf.4bf38cf5314617b13c7c11445fe40b04_r0c2.jpg,TP,38,23,0.845679012345679,1059,1034,12.204788045531119,11.916667458998278
ROSILHA-M-D_006_jpg.rf.4bf38cf5314617b13c7c11445fe40b04_r0c2.jpg,TP,2,21,0.8386188981491504,7764,9223,89.47872935363891,106.29344678369547
ROSILHA-M-D_006_jpg.rf.4bf38cf5314617b13c7c11445fe40b04_r0c2.jpg,TP,23,5,0.8373620599054125,3201,3792,36.890959899664885,43.70213056530123
ROSILHA-M-D_006_jpg.rf.4bf38cf5314617b13c7c11445fe40b04_r0c2.jpg,TP,26,11,0.8350071736011477,1763,2074,20.318263762295906,23.902483858764437
ROSILHA-M-D_006_jpg.rf.4bf38cf5314617b13c7c11445fe40b04_r0c2.jpg,TP,22,44,0.8281637717121588,1350,1597,15.558511672773381,18.405143067717844
ROSILHA-M-D_006_jpg.rf.4bf38cf5314617b13c7c11445fe40b04_r0c2.jpg,TP,10,29,0.8225165562913908,1331,1421,15.339540027008423,16.37677413852665
ROSILHA-M-D_006_jpg.rf.4bf38cf5314617b13c7c11445fe40b04_r0c2.jpg,TP,0,9,0.8219989954796585,8209,9929,94.60727579392348,114.4299721473829
ROSILHA-M-D_006_jpg.rf.4bf38cf5314617b13c7c11445fe40b04_r0c2.jpg,TP,34,31,0.8175732217573222,3016,3500,34.758867559321864,40.33688211459766
ROSILHA-M-D_006_jpg.rf.4bf38cf5314617b13c7c11445fe40b04_r0c2.jpg,TP,4,26,0.8046188875636995,9004,7640,103.76951044566779,88.04965124443602
ROSILHA-M-D_006_jpg.rf.4bf38cf5314617b13c7c11445fe40b04_r0c2.jpg,TP,21,39,0.797339246119734,1806,2247,20.81383117113239,25.896278317571696
ROSILHA-M-D_006_jpg.rf.4bf38cf5314617b13c7c11445fe40b04_r0c2.jpg,TP,31,18,0.7962382445141066,793,926,9.139185004821698,10.671986525176408
ROSILHA-M-D_006_jpg.rf.4bf38cf5314617b13c7c11445fe40b04_r0c2.jpg,TP,35,42,0.7864334923158453,1492,1879,17.195036604279913,21.655143283808282
ROSILHA-M-D_006_jpg.rf.4bf38cf5314617b13c7c11445fe40b04_r0c2.jpg,TP,11,17,0.7846959557753855,2991,3143,34.47074697278902,36.22252013890869
ROSILHA-M-D_006_jpg.rf.4bf38cf5314617b13c7c11445fe40b04_r0c2.jpg,TP,29,7,0.7779141104294478,659,790,7.594858661005673,9.104610534437757
ROSILHA-M-D_006_jpg.rf.4bf38cf5314617b13c7c11445fe40b04_r0c2.jpg,TP,39,38,0.7743553008595988,1088,1389,12.539007925909214,16.00797978776461
ROSILHA-M-D_006_jpg.rf.4bf38cf5314617b13c7c11445fe40b04_r0c2.jpg,TP,13,1,0.7715996578272027,905,1166,10.429965232488822,13.437944155891676
ROSILHA-M-D_006_jpg.rf.4bf38cf5314617b13c7c11445fe40b04_r0c2.jpg,TP,20,25,0.758446687143484,3458,4557,39.852839529222486,52.518620513206145
ROSILHA-M-D_006_jpg.rf.4bf38cf5314617b13c7c11445fe40b04_r0c2.jpg,TP,42,3,0.7582929194956353,4056,5008,46.74468395908803,57.716315894258585
ROSILHA-M-D_006_jpg.rf.4bf38cf5314617b13c7c11445fe40b04_r0c2.jpg,TP,37,14,0.7554585152838428,2121,2703,24.44415056144618,31.151597815930703
ROSILHA-M-D_006_jpg.rf.4bf38cf5314617b13c7c11445fe40b04_r0c2.jpg,TP,19,6,0.728225806451613,916,1227,10.556738290563272,14.140958387031807
ROSILHA-M-D_006_jpg.rf.4bf38cf5314617b13c7c11445fe40b04_r0c2.jpg,TP,24,20,0.7181286549707603,617,852,7.110816075630501,9.8191495890392
ROSILHA-M-D_006_jpg.rf.4bf38cf5314617b13c7c11445fe40b04_r0c2.jpg,TP,40,19,0.6848341232227488,597,825,6.880319606404228,9.507979355583734
ROSILHA-M-D_006_jpg.rf.4bf38cf5314617b13c7c11445fe40b04_r0c2.jpg,TP,9,0,0.6731580655631288,2074,3081,23.902483858764437,35.507981084307254
ROSILHA-M-D_006_jpg.rf.4bf38cf5314617b13c7c11445fe40b04_r0c2.jpg,TP,47,8,0.6353467561521253,306,425,3.5265959791619665,4.8980499710582865
ROSILHA-M-D_006_jpg.rf.4bf38cf5314617b13c7c11445fe40b04_r0c2.jpg,TP,41,34,0.5850622406639004,722,424,8.32092253906843,4.8865251475969735
ROSILHA-M-D_006_jpg.rf.4bf38cf5314617b13c7c11445fe40b04_r0c2.jpg,FP,28,-1,0.0,0,1058,0.0,12.193263222069806
ROSILHA-M-D_006_jpg.rf.4bf38cf5314617b13c7c11445fe40b04_r0c2.jpg,FP,36,-1,0.0,0,1006,0.0,11.593972402081498
ROSILHA-M-D_006_jpg.rf.4bf38cf5314617b13c7c11445fe40b04_r0c2.jpg,FP,43,-1,0.0,0,999,0.0,11.513298637852301
ROSILHA-M-D_006_jpg.rf.4bf38cf5314617b13c7c11445fe40b04_r0c2.jpg,FP,45,-1,0.0,0,847,0.0,9.761525471732632
ROSILHA-M-D_006_jpg.rf.4bf38cf5314617b13c7c11445fe40b04_r0c2.jpg,FP,46,-1,0.0,0,607,0.0,6.9955678410173645
ROSILHA-M-D_006_jpg.rf.4bf38cf5314617b13c7c11445fe40b04_r0c2.jpg,FP,48,-1,0.0,0,7442,0.0,85.76773619909594
ROSILHA-M-D_006_jpg.rf.4bf38cf5314617b13c7c11445fe40b04_r0c2.jpg,FN,-1,4,0.0,4502,0,51.884755222833896,0.0
ROSILHA-M-D_006_jpg.rf.4bf38cf5314617b13c7c11445fe40b04_r0c2.jpg,FN,-1,33,0.0,528,0,6.085106787573589,0.0
ROSILHA-M-D_006_jpg.rf.4bf38cf5314617b13c7c11445fe40b04_r0c2.jpg,FN,-1,37,0.0,7664,0,88.32624700750755,0.0
ROSILHA-M-D_006_jpg.rf.4bf38cf5314617b13c7c11445fe40b04_r1c0.jpg,TP,2,15,0.9381443298969072,11623,12253,133.95302309084815,141.21366187147572
ROSILHA-M-D_006_jpg.rf.4bf38cf5314617b13c7c11445fe40b04_r1c0.jpg,TP,3,17,0.9282043213761275,17705,19062,204.04699938255757,219.68618481956014
ROSILHA-M-D_006_jpg.rf.4bf38cf5314617b13c7c11445fe40b04_r1c0.jpg,TP,16,1,0.9240382259250184,3822,4030,44.04787526914064,46.44503854909387
ROSILHA-M-D_006_jpg.rf.4bf38cf5314617b13c7c11445fe40b04_r1c0.jpg,TP,17,21,0.9228159457167091,3339,3462,38.48138553732616,39.89893882306774
ROSILHA-M-D_006_jpg.rf.4bf38cf5314617b13c7c11445fe40b04_r1c0.jpg,TP,4,0,0.9192812715964064,13321,14451,153.5221733281587,166.54522383944305
ROSILHA-M-D_006_jpg.rf.4bf38cf5314617b13c7c11445fe40b04_r1c0.jpg,TP,0,7,0.9185644570963807,9153,9718,105.48670914140352,111.99823439704572
ROSILHA-M-D_006_jpg.rf.4bf38cf5314617b13c7c11445fe40b04_r1c0.jpg,TP,32,18,0.9098998887652948,1665,1769,19.18883106308717,20.387412703063788
ROSILHA-M-D_006_jpg.rf.4bf38cf5314617b13c7c11445fe40b04_r1c0.jpg,TP,1,22,0.9030433888546165,8808,9701,101.51064504725032,111.80231239820338
ROSILHA-M-D_006_jpg.rf.4bf38cf5314617b13c7c11445fe40b04_r1c0.jpg,TP,13,6,0.902432575356954,3417,3778,39.38032176730862,43.54078303684284
ROSILHA-M-D_006_jpg.rf.4bf38cf5314617b13c7c11445fe40b04_r1c0.jpg,TP,11,20,0.8880239520958084,2986,3320,34.413122855482456,38.2624138915612
ROSILHA-M-D_006_jpg.rf.4bf38cf5314617b13c7c11445fe40b04_r1c0.jpg,TP,9,13,0.8818804630285849,3762,4204,43.356385861461824,48.45035783136244
ROSILHA-M-D_006_jpg.rf.4bf38cf5314617b13c7c11445fe40b04_r1c0.jpg,TP,19,3,0.8578068514374246,4992,5800,57.53191871887757,66.84397607561897
ROSILHA-M-D_006_jpg.rf.4bf38cf5314617b13c7c11445fe40b04_r1c0.jpg,TP,21,2,0.8555194805194806,1108,1178,12.769504395135487,13.57624203742744
ROSILHA-M-D_006_jpg.rf.4bf38cf5314617b13c7c11445fe40b04_r1c0.jpg,TP,14,11,0.8550506947052197,4564,5316,52.59929427743534,61.26596152034318
ROSILHA-M-D_006_jpg.rf.4bf38cf5314617b13c7c11445fe40b04_r1c0.jpg,TP,27,16,0.8507549361207898,1558,1629,17.955674952726614,18.77393741847988
ROSILHA-M-D_006_jpg.rf.4bf38cf5314617b13c7c11445fe40b04_r1c0.jpg,TP,12,19,0.8505045140732873,3203,3766,36.914009546587515,43.402485155307076
ROSILHA-M-D_006_jpg.rf.4bf38cf5314617b13c7c11445fe40b04_r1c0.jpg,TP,7,12,0.822212926166074,3931,4781,45.30408102642382,55.1001809685404
ROSILHA-M-D_006_jpg.rf.4bf38cf5314617b13c7c11445fe40b04_r1c0.jpg,TP,18,5,0.8213419563459984,2057,2449,23.706561859922108,28.224292656757044
ROSILHA-M-D_006_jpg.rf.4bf38cf5314617b13c7c11445fe40b04_r1c0.jpg,TP,22,26,0.8200398803589233,1648,2003,18.992909064244838,23.084221393011173
ROSILHA-M-D_006_jpg.rf.4bf38cf5314617b13c7c11445fe40b04_r1c0.jpg,TP,23,9,0.7656659278662099,4924,3839,56.74823072350824,44.24379726798297
ROSILHA-M-D_006_jpg.rf.4bf38cf5314617b13c7c11445fe40b04_r1c0.jpg,TP,30,14,0.7586500042506163,10553,10134,121.62146198724258,116.79256095695219
ROSILHA-M-D_006_jpg.rf.4bf38cf5314617b13c7c11445fe40b04_r1c0.jpg,TP,20,8,0.7340920848422142,3065,3639,35.32358390892623,41.93883257572025
ROSILHA-M-D_006_jpg.rf.4bf38cf5314617b13c7c11445fe40b04_r1c0.jpg,TP,10,25,0.722831193235202,9560,12444,110.17731229015817,143.41490315258665
ROSILHA-M-D_006_jpg.rf.4bf38cf5314617b13c7c11445fe40b04_r1c0.jpg,TP,5,24,0.6529397948798247,12578,8535,144.95922949640266,98.36436824231171
ROSILHA-M-D_006_jpg.rf.4bf38cf5314617b13c7c11445fe40b04_r1c0.jpg,TP,6,4,0.6148123578468537,20117,13962,231.844873571246,160.9095851668607
ROSILHA-M-D_006_jpg.rf.4bf38cf5314617b13c7c11445fe40b04_r1c0.jpg,TP,28,10,0.5899936400254399,4684,2816,53.98227309279298,32.45390286705914
ROSILHA-M-D_006_jpg.rf.4bf38cf5314617b13c7c11445fe40b04_r1c0.jpg,TP,8,23,0.5783179387457462,9777,6456,112.67819898126322,74.4042602662407
ROSILHA-M-D_006_jpg.rf.4bf38cf5314617b13c7c11445fe40b04_r1c0.jpg,FP,15,-1,0.0,0,3896,0.0,44.90071220527785
ROSILHA-M-D_006_jpg.rf.4bf38cf5314617b13c7c11445fe40b04_r1c0.jpg,FP,24,-1,0.0,0,1981,0.0,22.830675276862273
ROSILHA-M-D_006_jpg.rf.4bf38cf5314617b13c7c11445fe40b04_r1c0.jpg,FP,25,-1,0.0,0,4183,0.0,48.20833653867486
ROSILHA-M-D_006_jpg.rf.4bf38cf5314617b13c7c11445fe40b04_r1c0.jpg,FP,26,-1,0.0,0,3244,0.0,37.38652730850137
ROSILHA-M-D_006_jpg.rf.4bf38cf5314617b13c7c11445fe40b04_r1c0.jpg,FP,29,-1,0.0,0,1263,0.0,14.555852031639096
ROSILHA-M-D_006_jpg.rf.4bf38cf5314617b13c7c11445fe40b04_r1c0.jpg,FP,31,-1,0.0,0,304,0.0,3.503546332239339
ROSILHA-M-D_006_jpg.rf.4bf38cf5314617b13c7c11445fe40b04_r1c1.jpg,TP,1,0,0.9359518405210697,9778,9839,112.68972380472454,113.39273803586467
ROSILHA-M-D_006_jpg.rf.4bf38cf5314617b13c7c11445fe40b04_r1c1.jpg,TP,10,32,0.9320761978064268,5149,4892,59.341316002303806,56.379436372746206
ROSILHA-M-D_006_jpg.rf.4bf38cf5314617b13c7c11445fe40b04_r1c1.jpg,TP,2,26,0.9240204429301533,8290,8651,95.54078649428988,99.70124776382409
ROSILHA-M-D_006_jpg.rf.4bf38cf5314617b13c7c11445fe40b04_r1c1.jpg,TP,18,19,0.9233076263924593,4316,4662,49.741138059029566,53.728726976644076
ROSILHA-M-D_006_jpg.rf.4bf38cf5314617b13c7c11445fe40b04_r1c1.jpg,TP,23,1,0.8956476140534871,1724,1891,19.868795647304673,21.79344116534405
ROSILHA-M-D_006_jpg.rf.4bf38cf5314617b13c7c11445fe40b04_r1c1.jpg,TP,15,2,0.8869936034115139,10050,11190,115.82447578620184,128.96277453209936
ROSILHA-M-D_006_jpg.rf.4bf38cf5314617b13c7c11445fe40b04_r1c1.jpg,TP,16,8,0.8860585197934595,2654,2825,30.586881466326336,32.55762627821097
ROSILHA-M-D_006_jpg.rf.4bf38cf5314617b13c7c11445fe40b04_r1c1.jpg,TP,26,15,0.8780996808249447,7616,7683,87.7730554813645,88.54521865327251
ROSILHA-M-D_006_jpg.rf.4bf38cf5314617b13c7c11445fe40b04_r1c1.jpg,TP,4,12,0.8710543989254533,3907,4451,45.0274852633523,51.296989226306906
ROSILHA-M-D_006_jpg.rf.4bf38cf5314617b13c7c11445fe40b04_r1c1.jpg,TP,8,10,0.8661800486618005,2517,2852,29.00798065212637,32.86879651166643
ROSILHA-M-D_006_jpg.rf.4bf38cf5314617b13c7c11445fe40b04_r1c1.jpg,TP,6,23,0.8644115180318703,3115,3554,35.899825081991914,40.95922258150859
ROSILHA-M-D_006_jpg.rf.4bf38cf5314617b13c7c11445fe40b04_r1c1.jpg,TP,3,13,0.862663369833981,12530,13836,144.4060379702596,159.4574574107352
ROSILHA-M-D_006_jpg.rf.4bf38cf5314617b13c7c11445fe40b04_r1c1.jpg,TP,13,22,0.8544374303750464,2305,2689,26.564718078327886,30.990250287472314
ROSILHA-M-D_006_jpg.rf.4bf38cf5314617b13c7c11445fe40b04_r1c1.jpg,TP,7,4,0.849789029535865,2041,2343,23.52216468454109,27.0026613698578
ROSILHA-M-D_006_jpg.rf.4bf38cf5314617b13c7c11445fe40b04_r1c1.jpg,TP,17,20,0.8379629629629629,1869,2101,21.53989504919515,24.213654092219908
ROSILHA-M-D_006_jpg.rf.4bf38cf5314617b13c7c11445fe40b04_r1c1.jpg,TP,9,14,0.8356100949293818,3678,4250,42.38830069071148,48.98049971058287
ROSILHA-M-D_006_jpg.rf.4bf38cf5314617b13c7c11445fe40b04_r1c1.jpg,TP,19,35,0.8351831298557159,1509,1798,17.390958603122247,20.72163258344188
ROSILHA-M-D_006_jpg.rf.4bf38cf5314617b13c7c11445fe40b04_r1c1.jpg,TP,30,30,0.8332333533293341,1393,1663,16.054079081609867,19.165781416164542
ROSILHA-M-D_006_jpg.rf.4bf38cf5314617b13c7c11445fe40b04_r1c1.jpg,TP,5,24,0.8308732580192958,10287,11916,118.55585894653316,137.32979636501304
ROSILHA-M-D_006_jpg.rf.4bf38cf5314617b13c7c11445fe40b04_r1c1.jpg,TP,22,27,0.8165929203539823,3710,4501,42.75709504147351,51.87323039937259
ROSILHA-M-D_006_jpg.rf.4bf38cf5314617b13c7c11445fe40b04_r1c1.jpg,TP,24,5,0.8139130434782609,1404,1725,16.180852139684315,19.880320470765987
ROSILHA-M-D_006_jpg.rf.4bf38cf5314617b13c7c11445fe40b04_r1c1.jpg,TP,32,7,0.8076550387596899,3749,3713,43.206563156464746,42.79166951185746
ROSILHA-M-D_006_jpg.rf.4bf38cf5314617b13c7c11445fe40b04_r1c1.jpg,TP,21,25,0.8058690744920993,1786,2214,20.583334701906118,25.515959143348347
ROSILHA-M-D_006_jpg.rf.4bf38cf5314617b13c7c11445fe40b04_r1c1.jpg,TP,14,17,0.8002481389578163,1943,2410,22.392731985332354,27.774824541765813
ROSILHA-M-D_006_jpg.rf.4bf38cf5314617b13c7c11445fe40b04_r1c1.jpg,TP,27,33,0.8000831255195345,1930,2401,22.24290928033528,27.67110113061399
ROSILHA-M-D_006_jpg.rf.4bf38cf5314617b13c7c11445fe40b04_r1c1.jpg,TP,36,29,0.7846497764530551,1118,1277,12.884752629748622,14.717199560097487
ROSILHA-M-D_006_jpg.rf.4bf38cf5314617b13c7c11445fe40b04_r1c1.jpg,TP,11,18,0.7741463414634147,1587,2050,18.289894833104707,23.62588809569291
ROSILHA-M-D_006_jpg.rf.4bf38cf5314617b13c7c11445fe40b04_r1c1.jpg,TP,25,31,0.7505638249887235,1691,2190,19.488476473081324,25.239363380276817
ROSILHA-M-D_006_jpg.rf.4bf38cf5314617b13c7c11445fe40b04_r1c1.jpg,TP,20,11,0.7338487023743788,1356,1784,15.627660613541263,20.560285054983492
ROSILHA-M-D_006_jpg.rf.4bf38cf5314617b13c7c11445fe40b04_r1c1.jpg,TP,34,28,0.7282608695652174,528,585,6.085106787573589,6.742021724868465
ROSILHA-M-D_006_jpg.rf.4bf38cf5314617b13c7c11445fe40b04_r1c1.jpg,TP,0,21,0.7146237906313079,13732,10902,158.25887577075858,125.64362537524104
ROSILHA-M-D_006_jpg.rf.4bf38cf5314617b13c7c11445fe40b04_r1c1.jpg,TP,12,16,0.710915104740904,3224,4535,37.1560308392751,52.26507439705725
ROSILHA-M-D_006_jpg.rf.4bf38cf5314617b13c7c11445fe40b04_r1c1.jpg,TP,33,6,0.6971428571428572,506,682,5.83156067142469,7.859929600615886
ROSILHA-M-D_006_jpg.rf.4bf38cf5314617b13c7c11445fe40b04_r1c1.jpg,TP,29,9,0.6882352941176471,936,1360,10.787234759789545,15.673759907386518
ROSILHA-M-D_006_jpg.rf.4bf38cf5314617b13c7c11445fe40b04_r1c1.jpg,TP,31,3,0.6696528555431132,598,893,6.891844429865542,10.291667350953059
ROSILHA-M-D_006_jpg.rf.4bf38cf5314617b13c7c11445fe40b04_r1c1.jpg,FP,28,-1,0.0,0,3278,0.0,37.77837130618603
ROSILHA-M-D_006_jpg.rf.4bf38cf5314617b13c7c11445fe40b04_r1c1.jpg,FP,35,-1,0.0,0,664,0.0,7.65248277831224
ROSILHA-M-D_006_jpg.rf.4bf38cf5314617b13c7c11445fe40b04_r1c1.jpg,FP,37,-1,0.0,0,1011,0.0,11.651596519388066
ROSILHA-M-D_006_jpg.rf.4bf38cf5314617b13c7c11445fe40b04_r1c1.jpg,FP,38,-1,0.0,0,2393,0.0,27.578902542923483
ROSILHA-M-D_006_jpg.rf.4bf38cf5314617b13c7c11445fe40b04_r1c1.jpg,FP,39,-1,0.0,0,606,0.0,6.9840430175560515
ROSILHA-M-D_006_jpg.rf.4bf38cf5314617b13c7c11445fe40b04_r1c1.jpg,FN,-1,34,0.0,4285,0,49.383868531728844,0.0
ROSILHA-M-D_006_jpg.rf.4bf38cf5314617b13c7c11445fe40b04_r1c2.jpg,TP,1,20,0.9259323503902862,10851,11355,125.05585937871405,130.8643704032161
ROSILHA-M-D_006_jpg.rf.4bf38cf5314617b13c7c11445fe40b04_r1c2.jpg,TP,4,5,0.9015298427063133,4196,4629,48.358159243671935,53.34840780242073
ROSILHA-M-D_006_jpg.rf.4bf38cf5314617b13c7c11445fe40b04_r1c2.jpg,TP,9,14,0.8836863004632693,5511,5874,63.51330209529934,67.69681301175618
ROSILHA-M-D_006_jpg.rf.4bf38cf5314617b13c7c11445fe40b04_r1c2.jpg,TP,3,25,0.8726242080693565,2627,2989,30.27571123287087,34.4476973258664
ROSILHA-M-D_006_jpg.rf.4bf38cf5314617b13c7c11445fe40b04_r1c2.jpg,TP,11,11,0.8521075581395349,2345,2752,27.02571101678043,31.71631416553507
ROSILHA-M-D_006_jpg.rf.4bf38cf5314617b13c7c11445fe40b04_r1c2.jpg,TP,0,15,0.8481788676523621,4729,5521,54.50089014855209,63.62855032991247
ROSILHA-M-D_006_jpg.rf.4bf38cf5314617b13c7c11445fe40b04_r1c2.jpg,TP,15,26,0.8464951197870453,962,1119,11.086880169783699,12.896277453209937
ROSILHA-M-D_006_jpg.rf.4bf38cf5314617b13c7c11445fe40b04_r1c2.jpg,TP,2,0,0.8432701618481118,6116,7209,70.48582028939407,83.08245233260986
ROSILHA-M-D_006_jpg.rf.4bf38cf5314617b13c7c11445fe40b04_r1c2.jpg,TP,20,22,0.8408839779005525,812,854,9.358156650586656,9.842199235961829
ROSILHA-M-D_006_jpg.rf.4bf38cf5314617b13c7c11445fe40b04_r1c2.jpg,TP,6,3,0.8380225080385852,2476,2097,28.535462890212514,24.167554798374653
ROSILHA-M-D_006_jpg.rf.4bf38cf5314617b13c7c11445fe40b04_r1c2.jpg,TP,13,18,0.8073465193937838,3166,3870,36.48759107851891,44.60106679528369
ROSILHA-M-D_006_jpg.rf.4bf38cf5314617b13c7c11445fe40b04_r1c2.jpg,TP,8,10,0.8009162848812995,1924,2400,22.173760339567398,27.659576307152676
ROSILHA-M-D_006_jpg.rf.4bf38cf5314617b13c7c11445fe40b04_r1c2.jpg,TP,12,24,0.7924016282225237,1178,1464,13.57624203742744,16.872341547363135
ROSILHA-M-D_006_jpg.rf.4bf38cf5314617b13c7c11445fe40b04_r1c2.jpg,TP,18,12,0.7754472547809994,1271,1607,14.648050619329606,18.52039130233098
ROSILHA-M-D_006_jpg.rf.4bf38cf5314617b13c7c11445fe40b04_r1c2.jpg,TP,14,23,0.7651452282157676,3698,4810,42.61879715993775,55.43440084891849
ROSILHA-M-D_006_jpg.rf.4bf38cf5314617b13c7c11445fe40b04_r1c2.jpg,TP,16,1,0.7627181581878946,2054,2693,23.671987389538167,31.036349581317566
ROSILHA-M-D_006_jpg.rf.4bf38cf5314617b13c7c11445fe40b04_r1c2.jpg,TP,10,9,0.7554824561403509,1418,1784,16.342199668142708,20.560285054983492
ROSILHA-M-D_006_jpg.rf.4bf38cf5314617b13c7c11445fe40b04_r1c2.jpg,TP,7,16,0.7273228563551144,3621,2644,41.7313857534166,30.4716332317132
ROSILHA-M-D_006_jpg.rf.4bf38cf5314617b13c7c11445fe40b04_r1c2.jpg,TP,21,6,0.7248134328358209,794,1055,9.150709828283011,12.158688751685865
ROSILHA-M-D_006_jpg.rf.4bf38cf5314617b13c7c11445fe40b04_r1c2.jpg,TP,19,4,0.7208872458410351,790,1072,9.104610534437757,12.354610750528195
ROSILHA-M-D_006_jpg.rf.4bf38cf5314617b13c7c11445fe40b04_r1c2.jpg,TP,26,19,0.7082551594746717,755,1066,8.70124171329178,12.285461809760314
ROSILHA-M-D_006_jpg.rf.4bf38cf5314617b13c7c11445fe40b04_r1c2.jpg,TP,17,2,0.6942970822281167,2099,3011,24.19060444529728,34.7012434420153
ROSILHA-M-D_006_jpg.rf.4bf38cf5314617b13c7c11445fe40b04_r1c2.jpg,TP,24,8,0.6671214188267395,713,509,8.217199127916608,5.8661351418086305
ROSILHA-M-D_006_jpg.rf.4bf38cf5314617b13c7c11445fe40b04_r1c2.jpg,TP,23,17,0.655448717948718,409,624,4.713652795677269,7.191489839859696
ROSILHA-M-D_006_jpg.rf.4bf38cf5314617b13c7c11445fe40b04_r1c2.jpg,TP,5,7,0.640084835630965,3056,4677,35.21986049777441,53.90159932856378
ROSILHA-M-D_006_jpg.rf.4bf38cf5314617b13c7c11445fe40b04_r1c2.jpg,TP,25,21,0.6085972850678733,544,878,6.269503962954607,10.118794999033355
ROSILHA-M-D_006_jpg.rf.4bf38cf5314617b13c7c11445fe40b04_r1c2.jpg,FP,22,-1,0.0,0,787,0.0,9.070036064053816
ROSILHA-M-D_006_jpg.rf.4bf38cf5314617b13c7c11445fe40b04_r1c2.jpg,FN,-1,13,0.0,1970,0,22.703902218787825,0.0
ROSILHA-M-D_006_jpg.rf.4bf38cf5314617b13c7c11445fe40b04_r2c0.jpg,TP,1,1,0.906896551724138,5008,5499,57.716315894258585,63.375004213763575
ROSILHA-M-D_006_jpg.rf.4bf38cf5314617b13c7c11445fe40b04_r2c0.jpg,TP,0,0,0.8806489642396003,15765,17735,181.68884186760914,204.392744086397
ROSILHA-M-D_006_jpg.rf.4bf38cf5314617b13c7c11445fe40b04_r2c0.jpg,TP,2,2,0.7675079209002513,8852,7326,102.01773727954813,84.43085667758355
ROSILHA-M-D_006_jpg.rf.4bf38cf5314617b13c7c11445fe40b04_r2c1.jpg,TP,18,3,0.9198380566801619,2356,2386,27.15248407485488,27.498228778694287
ROSILHA-M-D_006_jpg.rf.4bf38cf5314617b13c7c11445fe40b04_r2c1.jpg,TP,8,2,0.8963710459926256,5127,4645,59.08776988615491,53.532804977801746
ROSILHA-M-D_006_jpg.rf.4bf38cf5314617b13c7c11445fe40b04_r2c1.jpg,TP,1,5,0.8825515494995779,7375,8237,84.99557302718792,94.92997085084025
ROSILHA-M-D_006_jpg.rf.4bf38cf5314617b13c7c11445fe40b04_r2c1.jpg,TP,10,0,0.875267094017094,3368,3653,38.815605417704255,42.10018010417864
ROSILHA-M-D_006_jpg.rf.4bf38cf5314617b13c7c11445fe40b04_r2c1.jpg,TP,13,10,0.8630551034643106,3719,4294,42.86081845262534,49.48759194288067
ROSILHA-M-D_006_jpg.rf.4bf38cf5314617b13c7c11445fe40b04_r2c1.jpg,TP,12,8,0.8614049362625441,3186,3677,36.71808754774518,42.37677586725017
ROSILHA-M-D_006_jpg.rf.4bf38cf5314617b13c7c11445fe40b04_r2c1.jpg,TP,23,1,0.8477556686719111,1843,2150,21.240249639200993,24.778370441824276
ROSILHA-M-D_006_jpg.rf.4bf38cf5314617b13c7c11445fe40b04_r2c1.jpg,TP,3,19,0.8444976076555024,2134,2492,24.593973266443257,28.71986006559353
ROSILHA-M-D_006_jpg.rf.4bf38cf5314617b13c7c11445fe40b04_r2c1.jpg,TP,11,24,0.8374963267704966,3225,3028,37.16755566273641,34.89716544085763
ROSILHA-M-D_006_jpg.rf.4bf38cf5314617b13c7c11445fe40b04_r2c1.jpg,TP,9,9,0.8260738960648843,2760,3319,31.80851275322558,38.25088906809989
ROSILHA-M-D_006_jpg.rf.4bf38cf5314617b13c7c11445fe40b04_r2c1.jpg,TP,25,25,0.8257575757575758,933,995,10.752660289405604,11.467199344007048
ROSILHA-M-D_006_jpg.rf.4bf38cf5314617b13c7c11445fe40b04_r2c1.jpg,TP,4,15,0.8192837465564738,2977,3627,34.30939944433064,41.800534694184485
ROSILHA-M-D_006_jpg.rf.4bf38cf5314617b13c7c11445fe40b04_r2c1.jpg,TP,17,11,0.8092451726155646,1437,1655,16.561171313907664,19.073582828474034
ROSILHA-M-D_006_jpg.rf.4bf38cf5314617b13c7c11445fe40b04_r2c1.jpg,TP,6,20,0.8031218529707955,1704,1877,19.6382991780784,21.632093636885656
ROSILHA-M-D_006_jpg.rf.4bf38cf5314617b13c7c11445fe40b04_r2c1.jpg,TP,21,4,0.8011349915479353,8182,6735,94.296105560468,77.61968601194721
ROSILHA-M-D_006_jpg.rf.4bf38cf5314617b13c7c11445fe40b04_r2c1.jpg,TP,15,12,0.7661488143908421,945,1215,10.890958170941367,14.002660505496044
ROSILHA-M-D_006_jpg.rf.4bf38cf5314617b13c7c11445fe40b04_r2c1.jpg,TP,30,13,0.7603823335530653,2506,2835,28.881207594051922,32.6728745128241
ROSILHA-M-D_006_jpg.rf.4bf38cf5314617b13c7c11445fe40b04_r2c1.jpg,TP,19,21,0.7545914293319138,3549,3043,40.901598464202024,35.070037792777335
ROSILHA-M-D_006_jpg.rf.4bf38cf5314617b13c7c11445fe40b04_r2c1.jpg,TP,22,23,0.7518248175182481,733,947,8.44769559714288,10.914007817863995
ROSILHA-M-D_006_jpg.rf.4bf38cf5314617b13c7c11445fe40b04_r2c1.jpg,TP,0,14,0.7118959107806692,6567,5406,75.68351567044651,62.303195631861406
ROSILHA-M-D_006_jpg.rf.4bf38cf5314617b13c7c11445fe40b04_r2c1.jpg,TP,2,22,0.6728741613035739,7005,5212,80.73138834650187,60.067379880366566
ROSILHA-M-D_006_jpg.rf.4bf38cf5314617b13c7c11445fe40b04_r2c1.jpg,TP,7,16,0.6606586559857588,4088,3375,47.11347830985006,38.89627918193345
ROSILHA-M-D_006_jpg.rf.4bf38cf5314617b13c7c11445fe40b04_r2c1.jpg,TP,24,17,0.564625850340136,913,1617,10.522163820179331,18.635639536944115
ROSILHA-M-D_006_jpg.rf.4bf38cf5314617b13c7c11445fe40b04_r2c1.jpg,FP,5,-1,0.0,0,3239,0.0,37.328903191194804
ROSILHA-M-D_006_jpg.rf.4bf38cf5314617b13c7c11445fe40b04_r2c1.jpg,FP,14,-1,0.0,0,3158,0.0,36.3953924908284
ROSILHA-M-D_006_jpg.rf.4bf38cf5314617b13c7c11445fe40b04_r2c1.jpg,FP,16,-1,0.0,0,2939,0.0,33.87145615280072
ROSILHA-M-D_006_jpg.rf.4bf38cf5314617b13c7c11445fe40b04_r2c1.jpg,FP,20,-1,0.0,0,1649,0.0,19.004433887706153
ROSILHA-M-D_006_jpg.rf.4bf38cf5314617b13c7c11445fe40b04_r2c1.jpg,FP,26,-1,0.0,0,1167,0.0,13.44946897935299
ROSILHA-M-D_006_jpg.rf.4bf38cf5314617b13c7c11445fe40b04_r2c1.jpg,FP,27,-1,0.0,0,1957,0.0,22.554079513790747
ROSILHA-M-D_006_jpg.rf.4bf38cf5314617b13c7c11445fe40b04_r2c1.jpg,FP,28,-1,0.0,0,1160,0.0,13.368795215123795
ROSILHA-M-D_006_jpg.rf.4bf38cf5314617b13c7c11445fe40b04_r2c1.jpg,FP,29,-1,0.0,0,469,0.0,5.405142203356085
ROSILHA-M-D_006_jpg.rf.4bf38cf5314617b13c7c11445fe40b04_r2c1.jpg,FP,31,-1,0.0,0,1157,0.0,13.334220744739854
ROSILHA-M-D_006_jpg.rf.4bf38cf5314617b13c7c11445fe40b04_r2c1.jpg,FP,32,-1,0.0,0,611,0.0,7.041667134862619
ROSILHA-M-D_006_jpg.rf.4bf38cf5314617b13c7c11445fe40b04_r2c1.jpg,FP,33,-1,0.0,0,838,0.0,9.65780206058081
ROSILHA-M-D_006_jpg.rf.4bf38cf5314617b13c7c11445fe40b04_r2c1.jpg,FP,34,-1,0.0,0,198,0.0,2.281915045340096
ROSILHA-M-D_006_jpg.rf.4bf38cf5314617b13c7c11445fe40b04_r2c1.jpg,FN,-1,6,0.0,4754,0,54.78901073508493,0.0
ROSILHA-M-D_006_jpg.rf.4bf38cf5314617b13c7c11445fe40b04_r2c1.jpg,FN,-1,7,0.0,3857,0,44.451244090286615,0.0
ROSILHA-M-D_006_jpg.rf.4bf38cf5314617b13c7c11445fe40b04_r2c1.jpg,FN,-1,18,0.0,7588,0,87.45036042444772,0.0
ROSILHA-M-D_006_jpg.rf.4bf38cf5314617b13c7c11445fe40b04_r2c2.jpg,TP,17,2,0.9390243902439024,2451,2319,28.247342303679673,26.726065606786275
ROSILHA-M-D_006_jpg.rf.4bf38cf5314617b13c7c11445fe40b04_r2c2.jpg,TP,13,15,0.9170596214714811,14591,15087,168.15869912402698,173.87501156083852
ROSILHA-M-D_006_jpg.rf.4bf38cf5314617b13c7c11445fe40b04_r2c2.jpg,TP,8,7,0.9098587223587223,6013,6424,69.29876347287878,74.03546591547867
ROSILHA-M-D_006_jpg.rf.4bf38cf5314617b13c7c11445fe40b04_r2c2.jpg,TP,4,6,0.8976219888820259,5840,6449,67.30496901407152,74.32358650201151
ROSILHA-M-D_006_jpg.rf.4bf38cf5314617b13c7c11445fe40b04_r2c2.jpg,TP,6,13,0.8970675355450237,6148,6661,70.85461464015611,76.76684907581
ROSILHA-M-D_006_jpg.rf.4bf38cf5314617b13c7c11445fe40b04_r2c2.jpg,TP,11,8,0.8949980908743795,2353,2610,27.11790960447094,30.07978923402854
ROSILHA-M-D_006_jpg.rf.4bf38cf5314617b13c7c11445fe40b04_r2c2.jpg,TP,0,20,0.8811963445029077,6366,7220,73.36702615472248,83.20922539068431
ROSILHA-M-D_006_jpg.rf.4bf38cf5314617b13c7c11445fe40b04_r2c2.jpg,TP,3,0,0.874694589877836,2837,2534,32.69592415974673,29.203902650968704
ROSILHA-M-D_006_jpg.rf.4bf38cf5314617b13c7c11445fe40b04_r2c2.jpg,TP,12,17,0.872870249017038,2031,2256,23.406916449927955,26.000001728723518
ROSILHA-M-D_006_jpg.rf.4bf38cf5314617b13c7c11445fe40b04_r2c2.jpg,TP,7,11,0.8704485488126649,3326,3763,38.331562832329084,43.36791068492314
ROSILHA-M-D_006_jpg.rf.4bf38cf5314617b13c7c11445fe40b04_r2c2.jpg,TP,20,9,0.8669755129053607,1343,1478,15.477837908544187,17.033689075821524
ROSILHA-M-D_006_jpg.rf.4bf38cf5314617b13c7c11445fe40b04_r2c2.jpg,TP,1,3,0.8663164039696439,4485,5106,51.688833223991566,58.84574859346732
ROSILHA-M-D_006_jpg.rf.4bf38cf5314617b13c7c11445fe40b04_r2c2.jpg,TP,2,18,0.8619479379935654,3017,3349,34.77039238278318,38.5966337719393
ROSILHA-M-D_006_jpg.rf.4bf38cf5314617b13c7c11445fe40b04_r2c2.jpg,TP,10,16,0.8579581483830057,1381,1549,15.915781200074104,17.851951541574792
ROSILHA-M-D_006_jpg.rf.4bf38cf5314617b13c7c11445fe40b04_r2c2.jpg,TP,5,1,0.8476658476658476,1738,2022,20.030143175763065,23.303193038776133
ROSILHA-M-D_006_jpg.rf.4bf38cf5314617b13c7c11445fe40b04_r2c2.jpg,TP,14,5,0.8393799472295514,2610,2967,30.07978923402854,34.194151209717496
ROSILHA-M-D_006_jpg.rf.4bf38cf5314617b13c7c11445fe40b04_r2c2.jpg,TP,9,10,0.8370651050637272,2442,2891,28.14361889252785,33.318264626657665
ROSILHA-M-D_006_jpg.rf.4bf38cf5314617b13c7c11445fe40b04_r2c2.jpg,TP,22,21,0.8349573690621194,1407,1606,16.215426610068256,18.508866478869667
ROSILHA-M-D_006_jpg.rf.4bf38cf5314617b13c7c11445fe40b04_r2c2.jpg,TP,21,22,0.8098663926002055,843,918,9.715426177887379,10.5797879374859
ROSILHA-M-D_006_jpg.rf.4bf38cf5314617b13c7c11445fe40b04_r2c2.jpg,TP,16,19,0.8062937062937063,5862,7053,67.55851513022041,81.28457987264493
ROSILHA-M-D_006_jpg.rf.4bf38cf5314617b13c7c11445fe40b04_r2c2.jpg,TP,23,4,0.7822618488972314,1667,2131,19.211880710009797,24.559398796059316
ROSILHA-M-D_006_jpg.rf.4bf38cf5314617b13c7c11445fe40b04_r2c2.jpg,TP,15,12,0.7817951157627656,2476,3142,28.535462890212514,36.210995315447384
ROSILHA-M-D_006_jpg.rf.4bf38cf5314617b13c7c11445fe40b04_r2c2.jpg,TP,18,14,0.6704545454545454,1475,2200,16.999114605437583,25.354611614889954
ROSILHA-M-D_006_jpg.rf.4bf38cf5314617b13c7c11445fe40b04_r2c2.jpg,FP,19,-1,0.0,0,5293,0.0,61.00089058073297
ROSILHA-M-D_011_jpg.rf.3a2fb2d36de8bcc90049d66dd562a41c_r0c0.jpg,TP,0,4,0.9164407197436529,11175,12150,128.78990218017967,140.02660505496044
ROSILHA-M-D_011_jpg.rf.3a2fb2d36de8bcc90049d66dd562a41c_r0c0.jpg,TP,1,8,0.9002834321051275,7077,7673,81.56117563571645,88.42997041865938
ROSILHA-M-D_011_jpg.rf.3a2fb2d36de8bcc90049d66dd562a41c_r0c0.jpg,TP,4,2,0.8984027232259754,3530,3720,40.682626818437065,42.87234327608665
ROSILHA-M-D_011_jpg.rf.3a2fb2d36de8bcc90049d66dd562a41c_r0c0.jpg,TP,7,1,0.8949152542372881,1621,1733,18.68173883078937,19.972519058456495
ROSILHA-M-D_011_jpg.rf.3a2fb2d36de8bcc90049d66dd562a41c_r0c0.jpg,TP,2,5,0.8594841483073616,3221,3700,37.12145636889116,42.64184680686038
ROSILHA-M-D_011_jpg.rf.3a2fb2d36de8bcc90049d66dd562a41c_r0c0.jpg,TP,6,3,0.8558352402745996,1167,1266,13.44946897935299,14.590426502023037
ROSILHA-M-D_011_jpg.rf.3a2fb2d36de8bcc90049d66dd562a41c_r0c0.jpg,TP,5,0,0.8462594371997255,1240,1450,14.290781092028883,16.710994018904742
ROSILHA-M-D_011_jpg.rf.3a2fb2d36de8bcc90049d66dd562a41c_r0c0.jpg,TP,8,6,0.7867590454195535,1033,1288,11.905142635536965,14.843972618171938
ROSILHA-M-D_011_jpg.rf.3a2fb2d36de8bcc90049d66dd562a41c_r0c0.jpg,TP,3,7,0.7850729517396184,2805,3557,32.327129808984694,40.99379705189253
ROSILHA-M-D_011_jpg.rf.3a2fb2d36de8bcc90049d66dd562a41c_r0c1.jpg,TP,1,26,0.9087890625,9427,10119,108.64451076980346,116.61968860503248
ROSILHA-M-D_011_jpg.rf.3a2fb2d36de8bcc90049d66dd562a41c_r0c1.jpg,TP,5,15,0.9069297700435053,5853,6420,67.4547917190686,73.98936662163341
ROSILHA-M-D_011_jpg.rf.3a2fb2d36de8bcc90049d66dd562a41c_r0c1.jpg,TP,10,35,0.9013750592697961,5754,6276,66.31383419639855,72.32979204320425
ROSILHA-M-D_011_jpg.rf.3a2fb2d36de8bcc90049d66dd562a41c_r0c1.jpg,TP,18,0,0.8974065598779558,2387,2588,27.5097536021556,29.82624311787964
ROSILHA-M-D_011_jpg.rf.3a2fb2d36de8bcc90049d66dd562a41c_r0c1.jpg,TP,2,4,0.8893197960695455,20768,22590,239.34753364456117,260.3457619910746
ROSILHA-M-D_011_jpg.rf.3a2fb2d36de8bcc90049d66dd562a41c_r0c1.jpg,TP,11,24,0.887720156555773,3637,4080,41.91578292879762,47.021279722159555
ROSILHA-M-D_011_jpg.rf.3a2fb2d36de8bcc90049d66dd562a41c_r0c1.jpg,TP,13,12,0.8851531291611185,2721,2942,31.359044638234348,33.906030623184655
ROSILHA-M-D_011_jpg.rf.3a2fb2d36de8bcc90049d66dd562a41c_r0c1.jpg,TP,6,29,0.8812080536912752,3944,4465,45.4539037314209,51.45833675476529
ROSILHA-M-D_011_jpg.rf.3a2fb2d36de8bcc90049d66dd562a41c_r0c1.jpg,TP,4,6,0.8807603686635944,3068,3462,35.358158379310176,39.89893882306774
ROSILHA-M-D_011_jpg.rf.3a2fb2d36de8bcc90049d66dd562a41c_r0c1.jpg,TP,3,9,0.8781540952637971,6539,7380,75.36082061352974,85.05319714449449
ROSILHA-M-D_011_jpg.rf.3a2fb2d36de8bcc90049d66dd562a41c_r0c1.jpg,TP,7,37,0.8764930114358322,3473,3911,40.025711881142186,45.07358455719755
ROSILHA-M-D_011_jpg.rf.3a2fb2d36de8bcc90049d66dd562a41c_r0c1.jpg,TP,20,28,0.8720271800679502,2313,2646,26.656916666018393,30.494682878635828
ROSILHA-M-D_011_jpg.rf.3a2fb2d36de8bcc90049d66dd562a41c_r0c1.jpg,TP,14,8,0.8661720252816708,3161,3630,36.42996696121234,41.83510916456842
ROSILHA-M-D_011_jpg.rf.3a2fb2d36de8bcc90049d66dd562a41c_r0c1.jpg,TP,15,38,0.865931268561731,2089,2309,24.075356210684145,26.610817372173138
ROSILHA-M-D_011_jpg.rf.3a2fb2d36de8bcc90049d66dd562a41c_r0c1.jpg,TP,24,11,0.8659003831417624,1604,1805,18.48581683194704,20.802306347671077
ROSILHA-M-D_011_jpg.rf.3a2fb2d36de8bcc90049d66dd562a41c_r0c1.jpg,TP,28,3,0.8537371134020618,1385,1492,15.961880493919358,17.195036604279913
ROSILHA-M-D_011_jpg.rf.3a2fb2d36de8bcc90049d66dd562a41c_r0c1.jpg,TP,8,36,0.8413260379787576,2620,3101,30.195037468641672,35.73847755353352
ROSILHA-M-D_011_jpg.rf.3a2fb2d36de8bcc90049d66dd562a41c_r0c1.jpg,TP,16,32,0.8324192565508836,2764,3250,31.854612047070834,37.45567624926925
ROSILHA-M-D_011_jpg.rf.3a2fb2d36de8bcc90049d66dd562a41c_r0c1.jpg,TP,31,1,0.824696802646086,802,853,9.24290841597352,9.830674412500514
ROSILHA-M-D_011_jpg.rf.3a2fb2d36de8bcc90049d66dd562a41c_r0c1.jpg,TP,12,16,0.821411192214112,3376,4110,38.907804005394766,47.36702442599896
ROSILHA-M-D_011_jpg.rf.3a2fb2d36de8bcc90049d66dd562a41c_r0c1.jpg,TP,22,31,0.8210922787193974,2193,2642,25.273937850660758,30.448583584790573
ROSILHA-M-D_011_jpg.rf.3a2fb2d36de8bcc90049d66dd562a41c_r0c1.jpg,TP,25,22,0.8086232980332829,1088,1303,12.539007925909214,15.016844970091642
ROSILHA-M-D_011_jpg.rf.3a2fb2d36de8bcc90049d66dd562a41c_r0c1.jpg,TP,21,14,0.8072613177947109,1803,2229,20.779256700748448,25.68883149526805
ROSILHA-M-D_011_jpg.rf.3a2fb2d36de8bcc90049d66dd562a41c_r0c1.jpg,TP,19,25,0.8052181736392263,1807,2206,20.825355994593703,25.423760555657836
ROSILHA-M-D_011_jpg.rf.3a2fb2d36de8bcc90049d66dd562a41c_r0c1.jpg,TP,29,20,0.804902962206333,801,966,9.231383592512206,11.132979463628953
ROSILHA-M-D_011_jpg.rf.3a2fb2d36de8bcc90049d66dd562a41c_r0c1.jpg,TP,33,19,0.8036322360953462,780,809,8.98936229982462,9.323582180202715
ROSILHA-M-D_011_jpg.rf.3a2fb2d36de8bcc90049d66dd562a41c_r0c1.jpg,TP,9,18,0.8005595523581135,4138,4872,47.68971948291574,56.14893990351994
ROSILHA-M-D_011_jpg.rf.3a2fb2d36de8bcc90049d66dd562a41c_r0c1.jpg,TP,23,33,0.7907676869041645,1605,1964,18.497341655408352,22.634753278019943
ROSILHA-M-D_011_jpg.rf.3a2fb2d36de8bcc90049d66dd562a41c_r0c1.jpg,TP,34,10,0.7777104784978801,1286,1649,14.82092297124931,19.004433887706153
ROSILHA-M-D_011_jpg.rf.3a2fb2d36de8bcc90049d66dd562a41c_r0c1.jpg,TP,36,7,0.7748917748917749,616,614,7.099291252169188,7.07624160524656
ROSILHA-M-D_011_jpg.rf.3a2fb2d36de8bcc90049d66dd562a41c_r0c1.jpg,TP,17,27,0.7604633781763827,2044,2667,23.55673915492503,30.736704171323414
ROSILHA-M-D_011_jpg.rf.3a2fb2d36de8bcc90049d66dd562a41c_r0c1.jpg,TP,38,23,0.7543668122270742,716,891,8.251773598300549,10.268617704030431
ROSILHA-M-D_011_jpg.rf.3a2fb2d36de8bcc90049d66dd562a41c_r0c1.jpg,TP,27,30,0.7361550632911392,2482,1907,28.604611830980396,21.977838340725064
ROSILHA-M-D_011_jpg.rf.3a2fb2d36de8bcc90049d66dd562a41c_r0c1.jpg,TP,30,39,0.7279894875164258,2790,3785,32.154257457064986,43.621456801072036
ROSILHA-M-D_011_jpg.rf.3a2fb2d36de8bcc90049d66dd562a41c_r0c1.jpg,TP,26,21,0.717425431711146,1828,2548,21.06737728728129,29.365250179427093
ROSILHA-M-D_011_jpg.rf.3a2fb2d36de8bcc90049d66dd562a41c_r0c1.jpg,TP,37,5,0.6430493273542601,723,1109,8.332447362529745,12.7810292185968
ROSILHA-M-D_011_jpg.rf.3a2fb2d36de8bcc90049d66dd562a41c_r0c1.jpg,TP,39,40,0.6405940594059406,665,992,7.664007601773554,11.432624873623107
ROSILHA-M-D_011_jpg.rf.3a2fb2d36de8bcc90049d66dd562a41c_r0c1.jpg,TP,0,13,0.5958678867600801,13319,9004,153.49912368123606,103.76951044566779
ROSILHA-M-D_011_jpg.rf.3a2fb2d36de8bcc90049d66dd562a41c_r0c1.jpg,FP,32,-1,0.0,0,1447,0.0,16.6764195485208
ROSILHA-M-D_011_jpg.rf.3a2fb2d36de8bcc90049d66dd562a41c_r0c1.jpg,FP,35,-1,0.0,0,1005,0.0,11.582447578620183
ROSILHA-M-D_011_jpg.rf.3a2fb2d36de8bcc90049d66dd562a41c_r0c1.jpg,FP,40,-1,0.0,0,954,0.0,10.99468158209319
ROSILHA-M-D_011_jpg.rf.3a2fb2d36de8bcc90049d66dd562a41c_r0c1.jpg,FN,-1,2,0.0,406,0,4.679078325293328,0.0
ROSILHA-M-D_011_jpg.rf.3a2fb2d36de8bcc90049d66dd562a41c_r0c1.jpg,FN,-1,17,0.0,3152,0,36.32624355006052,0.0
ROSILHA-M-D_011_jpg.rf.3a2fb2d36de8bcc90049d66dd562a41c_r0c1.jpg,FN,-1,34,0.0,1174,0,13.530142743582186,0.0
ROSILHA-M-D_011_jpg.rf.3a2fb2d36de8bcc90049d66dd562a41c_r0c1.jpg,FN,-1,41,0.0,697,0,8.032801952535591,0.0
ROSILHA-M-D_011_jpg.rf.3a2fb2d36de8bcc90049d66dd562a41c_r0c1.jpg,FN,-1,42,0.0,1024,0,11.801419224385143,0.0
ROSILHA-M-D_011_jpg.rf.3a2fb2d36de8bcc90049d66dd562a41c_r0c2.jpg,TP,1,8,0.9132846715328468,3237,3316,37.305853544272175,38.21631459771595
ROSILHA-M-D_011_jpg.rf.3a2fb2d36de8bcc90049d66dd562a41c_r0c2.jpg,TP,8,2,0.8873055869319663,10289,11432,118.5789085934558,131.75178180973725
ROSILHA-M-D_011_jpg.rf.3a2fb2d36de8bcc90049d66dd562a41c_r0c2.jpg,TP,5,5,0.8766094420600858,2472,2775,28.48936359636726,31.981385105145282
ROSILHA-M-D_011_jpg.rf.3a2fb2d36de8bcc90049d66dd562a41c_r0c2.jpg,TP,2,7,0.8645908761766835,3647,4078,42.03103116341076,46.998230075236926
ROSILHA-M-D_011_jpg.rf.3a2fb2d36de8bcc90049d66dd562a41c_r0c2.jpg,TP,0,9,0.8237740805604203,3788,4543,43.65603127145598,52.35727298474776
ROSILHA-M-D_011_jpg.rf.3a2fb2d36de8bcc90049d66dd562a41c_r0c2.jpg,TP,4,4,0.8139691067830759,2445,2957,28.17819336291179,34.07890297510436
ROSILHA-M-D_011_jpg.rf.3a2fb2d36de8bcc90049d66dd562a41c_r0c2.jpg,TP,7,1,0.7828503034966231,10931,9923,125.97784525561913,114.36082320661501
ROSILHA-M-D_011_jpg.rf.3a2fb2d36de8bcc90049d66dd562a41c_r0c2.jpg,TP,9,11,0.731740614334471,1378,1159,15.881206729690163,13.35727039166248
ROSILHA-M-D_011_jpg.rf.3a2fb2d36de8bcc90049d66dd562a41c_r0c2.jpg,TP,3,3,0.7154471544715447,2205,3070,25.41223573219652,35.3812080262328
ROSILHA-M-D_011_jpg.rf.3a2fb2d36de8bcc90049d66dd562a41c_r0c2.jpg,TP,6,6,0.7089201877934272,1090,1458,12.562057572831842,16.803192606595253
ROSILHA-M-D_011_jpg.rf.3a2fb2d36de8bcc90049d66dd562a41c_r0c2.jpg,FP,10,-1,0.0,0,6600,0.0,76.06383484466987
ROSILHA-M-D_011_jpg.rf.3a2fb2d36de8bcc90049d66dd562a41c_r0c2.jpg,FN,-1,0,0.0,7047,0,81.21543093187705,0.0
ROSILHA-M-D_011_jpg.rf.3a2fb2d36de8bcc90049d66dd562a41c_r0c2.jpg,FN,-1,10,0.0,776,0,8.943263005979366,0.0
ROSILHA-M-D_011_jpg.rf.3a2fb2d36de8bcc90049d66dd562a41c_r1c0.jpg,TP,1,6,0.9275469466213219,6633,6403,76.44415401889322,73.79344462279109
ROSILHA-M-D_011_jpg.rf.3a2fb2d36de8bcc90049d66dd562a41c_r1c0.jpg,TP,16,18,0.9257125530624621,6258,6444,72.12234522090061,74.26596238470493
ROSILHA-M-D_011_jpg.rf.3a2fb2d36de8bcc90049d66dd562a41c_r1c0.jpg,TP,2,16,0.9115722266560256,5723,6253,65.95656466909783,72.06472110359404
ROSILHA-M-D_011_jpg.rf.3a2fb2d36de8bcc90049d66dd562a41c_r1c0.jpg,TP,8,20,0.9071347678369196,8939,9585,103.02039692068242,110.46543287669101
ROSILHA-M-D_011_jpg.rf.3a2fb2d36de8bcc90049d66dd562a41c_r1c0.jpg,TP,0,0,0.9068619384564752,5549,6039,63.95124538682926,69.59840888287293
ROSILHA-M-D_011_jpg.rf.3a2fb2d36de8bcc90049d66dd562a41c_r1c0.jpg,TP,15,24,0.8980206540447504,2227,2184,25.66578184834542,25.170214439508936
ROSILHA-M-D_011_jpg.rf.3a2fb2d36de8bcc90049d66dd562a41c_r1c0.jpg,TP,28,5,0.8971176941553243,2254,2485,25.97695208180089,28.639186301364337
ROSILHA-M-D_011_jpg.rf.3a2fb2d36de8bcc90049d66dd562a41c_r1c0.jpg,TP,17,3,0.8969935929029078,1897,1952,21.86259010611193,22.49645539648418
ROSILHA-M-D_011_jpg.rf.3a2fb2d36de8bcc90049d66dd562a41c_r1c0.jpg,TP,3,7,0.8962765957446809,3156,3261,36.37234284390577,37.5824493073437
ROSILHA-M-D_011_jpg.rf.3a2fb2d36de8bcc90049d66dd562a41c_r1c0.jpg,TP,4,34,0.8859993952222558,3010,3227,34.68971861855398,37.19060530965904
ROSILHA-M-D_011_jpg.rf.3a2fb2d36de8bcc90049d66dd562a41c_r1c0.jpg,TP,13,9,0.877164056059357,4278,4830,49.30319476749965,55.66489731814477
ROSILHA-M-D_011_jpg.rf.3a2fb2d36de8bcc90049d66dd562a41c_r1c0.jpg,TP,5,23,0.8702581369248036,3898,4434,44.92376185220047,51.101067227464576
ROSILHA-M-D_011_jpg.rf.3a2fb2d36de8bcc90049d66dd562a41c_r1c0.jpg,TP,20,19,0.8618677042801557,7007,6391,80.7544379934245,73.65514674125532
ROSILHA-M-D_011_jpg.rf.3a2fb2d36de8bcc90049d66dd562a41c_r1c0.jpg,TP,7,29,0.8613081166272656,2198,2526,25.33156196796733,29.111704063278193
ROSILHA-M-D_011_jpg.rf.3a2fb2d36de8bcc90049d66dd562a41c_r1c0.jpg,TP,6,28,0.8596425912137007,2316,2679,26.691491136402334,30.875002052859177
ROSILHA-M-D_011_jpg.rf.3a2fb2d36de8bcc90049d66dd562a41c_r1c0.jpg,TP,11,30,0.8571969696969697,2304,2599,26.55319325486657,29.953016175954087
ROSILHA-M-D_011_jpg.rf.3a2fb2d36de8bcc90049d66dd562a41c_r1c0.jpg,TP,34,21,0.8402777777777778,975,1145,11.236702874780775,13.19592286320409
ROSILHA-M-D_011_jpg.rf.3a2fb2d36de8bcc90049d66dd562a41c_r1c0.jpg,TP,21,8,0.8333885392514078,2522,3013,29.065604769432937,34.72429308893793
ROSILHA-M-D_011_jpg.rf.3a2fb2d36de8bcc90049d66dd562a41c_r1c0.jpg,TP,22,26,0.8269662921348314,1482,1770,17.07978836966678,20.3989375265251
ROSILHA-M-D_011_jpg.rf.3a2fb2d36de8bcc90049d66dd562a41c_r1c0.jpg,TP,14,27,0.8247491638795986,1275,1453,14.69414991317486,16.745568489288683
ROSILHA-M-D_011_jpg.rf.3a2fb2d36de8bcc90049d66dd562a41c_r1c0.jpg,TP,24,25,0.8203655352480418,1575,1911,18.151596951568944,22.02393763457032
ROSILHA-M-D_011_jpg.rf.3a2fb2d36de8bcc90049d66dd562a41c_r1c0.jpg,TP,32,10,0.8170332241459991,1854,2029,21.367022697275445,23.383866803005326
ROSILHA-M-D_011_jpg.rf.3a2fb2d36de8bcc90049d66dd562a41c_r1c0.jpg,TP,10,33,0.812972012438916,1833,2248,21.12500140458786,25.907803141033007
ROSILHA-M-D_011_jpg.rf.3a2fb2d36de8bcc90049d66dd562a41c_r1c0.jpg,TP,33,37,0.8098564221963523,2148,2516,24.755320794901646,28.996455828665056
ROSILHA-M-D_011_jpg.rf.3a2fb2d36de8bcc90049d66dd562a41c_r1c0.jpg,TP,19,31,0.8014866637516397,1835,2285,21.148051051510485,26.33422160910161
ROSILHA-M-D_011_jpg.rf.3a2fb2d36de8bcc90049d66dd562a41c_r1c0.jpg,TP,23,13,0.7937194584635103,9948,12443,114.64894379314785,143.40337832912533
ROSILHA-M-D_011_jpg.rf.3a2fb2d36de8bcc90049d66dd562a41c_r1c0.jpg,TP,9,17,0.785513078470825,1952,2485,22.49645539648418,28.639186301364337
ROSILHA-M-D_011_jpg.rf.3a2fb2d36de8bcc90049d66dd562a41c_r1c0.jpg,TP,27,32,0.7813884785819794,1060,1352,12.216312868992432,15.581561319696009
ROSILHA-M-D_011_jpg.rf.3a2fb2d36de8bcc90049d66dd562a41c_r1c0.jpg,TP,25,2,0.774728781110402,2476,3086,28.535462890212514,35.56560520161382
ROSILHA-M-D_011_jpg.rf.3a2fb2d36de8bcc90049d66dd562a41c_r1c0.jpg,TP,12,1,0.7717797969000535,1461,1854,16.837767076979194,21.367022697275445
ROSILHA-M-D_011_jpg.rf.3a2fb2d36de8bcc90049d66dd562a41c_r1c0.jpg,TP,38,4,0.7235494880546075,521,489,6.004433023344394,5.635638672582358
ROSILHA-M-D_011_jpg.rf.3a2fb2d36de8bcc90049d66dd562a41c_r1c0.jpg,TP,36,36,0.6794504865483686,1633,1301,18.820036712325134,14.993795323169014
ROSILHA-M-D_011_jpg.rf.3a2fb2d36de8bcc90049d66dd562a41c_r1c0.jpg,TP,18,11,0.6027327567410422,12916,9136,148.85461982632665,105.2907871425612
ROSILHA-M-D_011_jpg.rf.3a2fb2d36de8bcc90049d66dd562a41c_r1c0.jpg,FP,26,-1,0.0,0,3402,0.0,39.20744941538892
ROSILHA-M-D_011_jpg.rf.3a2fb2d36de8bcc90049d66dd562a41c_r1c0.jpg,FP,29,-1,0.0,0,4290,0.0,49.44149264903541
ROSILHA-M-D_011_jpg.rf.3a2fb2d36de8bcc90049d66dd562a41c_r1c0.jpg,FP,30,-1,0.0,0,3222,0.0,37.13298119235247
ROSILHA-M-D_011_jpg.rf.3a2fb2d36de8bcc90049d66dd562a41c_r1c0.jpg,FP,31,-1,0.0,0,1160,0.0,13.368795215123795
ROSILHA-M-D_011_jpg.rf.3a2fb2d36de8bcc90049d66dd562a41c_r1c0.jpg,FP,35,-1,0.0,0,433,0.0,4.990248558748796
ROSILHA-M-D_011_jpg.rf.3a2fb2d36de8bcc90049d66dd562a41c_r1c0.jpg,FP,37,-1,0.0,0,6566,0.0,75.6719908469852
ROSILHA-M-D_011_jpg.rf.3a2fb2d36de8bcc90049d66dd562a41c_r1c0.jpg,FN,-1,12,0.0,5094,0,58.70745071193156,0.0
ROSILHA-M-D_011_jpg.rf.3a2fb2d36de8bcc90049d66dd562a41c_r1c0.jpg,FN,-1,14,0.0,2267,0,26.126774786797966,0.0
ROSILHA-M-D_011_jpg.rf.3a2fb2d36de8bcc90049d66dd562a41c_r1c0.jpg,FN,-1,15,0.0,2378,0,27.40603019100378,0.0
ROSILHA-M-D_011_jpg.rf.3a2fb2d36de8bcc90049d66dd562a41c_r1c0.jpg,FN,-1,22,0.0,7865,0,90.64273652323159,0.0
ROSILHA-M-D_011_jpg.rf.3a2fb2d36de8bcc90049d66dd562a41c_r1c0.jpg,FN,-1,35,0.0,5840,0,67.30496901407152,0.0
ROSILHA-M-D_011_jpg.rf.3a2fb2d36de8bcc90049d66dd562a41c_r1c1.jpg,TP,20,28,0.9103756043138713,2548,2589,29.365250179427093,29.83776794134095
ROSILHA-M-D_011_jpg.rf.3a2fb2d36de8bcc90049d66dd562a41c_r1c1.jpg,TP,29,24,0.9062918340026773,1405,1443,16.19237696314563,16.63032025467555
ROSILHA-M-D_011_jpg.rf.3a2fb2d36de8bcc90049d66dd562a41c_r1c1.jpg,TP,34,14,0.8992094861660079,8713,9546,100.41578681842553,110.01596476169978
ROSILHA-M-D_011_jpg.rf.3a2fb2d36de8bcc90049d66dd562a41c_r1c1.jpg,TP,0,10,0.8948142499182917,16472,18313,189.83689205475787,211.05409204703625
ROSILHA-M-D_011_jpg.rf.3a2fb2d36de8bcc90049d66dd562a41c_r1c1.jpg,TP,3,29,0.8896839594514013,2999,3339,34.562945560479534,38.48138553732616
ROSILHA-M-D_011_jpg.rf.3a2fb2d36de8bcc90049d66dd562a41c_r1c1.jpg,TP,2,7,0.8895996209429046,7513,8439,86.5859986648492,97.25798519002561
ROSILHA-M-D_011_jpg.rf.3a2fb2d36de8bcc90049d66dd562a41c_r1c1.jpg,TP,11,13,0.8884941780146043,4513,5056,52.01152828090835,58.26950742040164
ROSILHA-M-D_011_jpg.rf.3a2fb2d36de8bcc90049d66dd562a41c_r1c1.jpg,TP,33,12,0.8876311143420916,25851,28677,297.92821129841826,330.49736240009054
ROSILHA-M-D_011_jpg.rf.3a2fb2d36de8bcc90049d66dd562a41c_r1c1.jpg,TP,4,4,0.8797846019502256,6049,6867,69.71365711748606,79.1409627088406
ROSILHA-M-D_011_jpg.rf.3a2fb2d36de8bcc90049d66dd562a41c_r1c1.jpg,TP,32,30,0.8797776233495483,1284,1421,14.797873324326682,16.37677413852665
ROSILHA-M-D_011_jpg.rf.3a2fb2d36de8bcc90049d66dd562a41c_r1c1.jpg,TP,10,27,0.8755849440488301,8953,9484,103.18174444914081,109.30142570709833
ROSILHA-M-D_011_jpg.rf.3a2fb2d36de8bcc90049d66dd562a41c_r1c1.jpg,TP,19,25,0.8721500721500721,3044,3443,35.08156261623865,39.67996717730278
ROSILHA-M-D_011_jpg.rf.3a2fb2d36de8bcc90049d66dd562a41c_r1c1.jpg,TP,26,15,0.8675188843695526,6155,6701,70.9352884043853,77.22784201426254
ROSILHA-M-D_011_jpg.rf.3a2fb2d36de8bcc90049d66dd562a41c_r1c1.jpg,TP,8,6,0.8649471610245387,4830,5582,55.66489731814477,64.3315645610526
ROSILHA-M-D_011_jpg.rf.3a2fb2d36de8bcc90049d66dd562a41c_r1c1.jpg,TP,7,2,0.863697705802969,3862,4424,44.50886820759318,50.985818992851435
ROSILHA-M-D_011_jpg.rf.3a2fb2d36de8bcc90049d66dd562a41c_r1c1.jpg,TP,9,3,0.8584314708093209,3519,3898,40.555853760362616,44.92376185220047
ROSILHA-M-D_011_jpg.rf.3a2fb2d36de8bcc90049d66dd562a41c_r1c1.jpg,TP,6,9,0.8584222310022389,6526,7585,75.21099790853266,87.41578595406378
ROSILHA-M-D_011_jpg.rf.3a2fb2d36de8bcc90049d66dd562a41c_r1c1.jpg,TP,27,21,0.8580341050880355,6341,7061,73.07890556818964,81.37677846033544
ROSILHA-M-D_011_jpg.rf.3a2fb2d36de8bcc90049d66dd562a41c_r1c1.jpg,TP,23,17,0.8571428571428571,1343,1543,15.477837908544187,17.78280260080691
ROSILHA-M-D_011_jpg.rf.3a2fb2d36de8bcc90049d66dd562a41c_r1c1.jpg,TP,31,16,0.8500772797527048,606,591,6.9840430175560515,6.811170665636347
ROSILHA-M-D_011_jpg.rf.3a2fb2d36de8bcc90049d66dd562a41c_r1c1.jpg,TP,22,23,0.8460949464012251,1146,1265,13.207447686665404,14.578901678561724
ROSILHA-M-D_011_jpg.rf.3a2fb2d36de8bcc90049d66dd562a41c_r1c1.jpg,TP,13,1,0.8354689902614044,1666,1915,19.200355886548483,22.070036928415576
ROSILHA-M-D_011_jpg.rf.3a2fb2d36de8bcc90049d66dd562a41c_r1c1.jpg,TP,1,26,0.8219713417281806,3786,4606,43.63298162453335,53.08333686281051
ROSILHA-M-D_011_jpg.rf.3a2fb2d36de8bcc90049d66dd562a41c_r1c1.jpg,TP,12,22,0.8192725909261342,2237,2615,25.78103008295856,30.137413351335105
ROSILHA-M-D_011_jpg.rf.3a2fb2d36de8bcc90049d66dd562a41c_r1c1.jpg,TP,5,19,0.8130469371519491,3068,3769,35.358158379310176,43.43705962569102
ROSILHA-M-D_011_jpg.rf.3a2fb2d36de8bcc90049d66dd562a41c_r1c1.jpg,TP,18,8,0.8064853556485355,4718,5644,54.37411709047764,65.04610361565405
ROSILHA-M-D_011_jpg.rf.3a2fb2d36de8bcc90049d66dd562a41c_r1c1.jpg,TP,17,20,0.8050239234449761,1372,1646,15.812057788922282,18.969859417322212
ROSILHA-M-D_011_jpg.rf.3a2fb2d36de8bcc90049d66dd562a41c_r1c1.jpg,TP,16,33,0.7880171950564213,3672,2983,42.3191517499436,34.37854838509852
ROSILHA-M-D_011_jpg.rf.3a2fb2d36de8bcc90049d66dd562a41c_r1c1.jpg,TP,24,11,0.7873217115689382,2515,3124,28.984931005203745,36.00354849314373
ROSILHA-M-D_011_jpg.rf.3a2fb2d36de8bcc90049d66dd562a41c_r1c1.jpg,TP,14,5,0.7148760330578512,1220,1685,14.06028462280261,19.419327532313442
ROSILHA-M-D_011_jpg.rf.3a2fb2d36de8bcc90049d66dd562a41c_r1c1.jpg,TP,15,18,0.6999439147504206,1266,1765,14.590426502023037,20.341313409218532
ROSILHA-M-D_011_jpg.rf.3a2fb2d36de8bcc90049d66dd562a41c_r1c1.jpg,TP,35,32,0.6253709198813057,1295,896,14.924646382401132,10.326241821337
ROSILHA-M-D_011_jpg.rf.3a2fb2d36de8bcc90049d66dd562a41c_r1c1.jpg,TP,28,31,0.587012987012987,1504,940,17.333334485815676,10.833334053634799
ROSILHA-M-D_011_jpg.rf.3a2fb2d36de8bcc90049d66dd562a41c_r1c1.jpg,FP,21,-1,0.0,0,17292,0.0,199.28724729303505
ROSILHA-M-D_011_jpg.rf.3a2fb2d36de8bcc90049d66dd562a41c_r1c1.jpg,FP,25,-1,0.0,0,13418,0.0,154.6400812039061
ROSILHA-M-D_011_jpg.rf.3a2fb2d36de8bcc90049d66dd562a41c_r1c1.jpg,FP,30,-1,0.0,0,14212,0.0,163.7907910321891
ROSILHA-M-D_011_jpg.rf.3a2fb2d36de8bcc90049d66dd562a41c_r1c1.jpg,FP,36,-1,0.0,0,1802,0.0,20.767731877287137
ROSILHA-M-D_011_jpg.rf.3a2fb2d36de8bcc90049d66dd562a41c_r1c1.jpg,FN,-1,0,0.0,345,0,3.9760640941531973,0.0
ROSILHA-M-D_011_jpg.rf.3a2fb2d36de8bcc90049d66dd562a41c_r1c2.jpg,TP,23,38,0.9215253239104829,6317,6734,72.80230980511811,77.6081611884859
ROSILHA-M-D_011_jpg.rf.3a2fb2d36de8bcc90049d66dd562a41c_r1c2.jpg,TP,22,37,0.9205374280230326,9768,10244,112.5744755701114,118.06029153769668
ROSILHA-M-D_011_jpg.rf.3a2fb2d36de8bcc90049d66dd562a41c_r1c2.jpg,TP,0,35,0.9176195192221122,10312,10987,118.843979533066,126.6232353694527
ROSILHA-M-D_011_jpg.rf.3a2fb2d36de8bcc90049d66dd562a41c_r1c2.jpg,TP,6,13,0.9159192825112108,4140,4405,47.71276912983837,50.766847347086475
ROSILHA-M-D_011_jpg.rf.3a2fb2d36de8bcc90049d66dd562a41c_r1c2.jpg,TP,1,9,0.9044479213232007,8175,8866,94.2154317962388,102.17908480800652
ROSILHA-M-D_011_jpg.rf.3a2fb2d36de8bcc90049d66dd562a41c_r1c2.jpg,TP,20,8,0.8953055141579732,2454,2633,28.281916774063614,30.34486017363875
ROSILHA-M-D_011_jpg.rf.3a2fb2d36de8bcc90049d66dd562a41c_r1c2.jpg,TP,7,11,0.8910505836575876,3948,4314,45.50000302526615,49.71808841210694
ROSILHA-M-D_011_jpg.rf.3a2fb2d36de8bcc90049d66dd562a41c_r1c2.jpg,TP,17,4,0.8826609177702495,2893,3220,33.34131427358029,37.109931545429845
ROSILHA-M-D_011_jpg.rf.3a2fb2d36de8bcc90049d66dd562a41c_r1c2.jpg,TP,2,19,0.878755364806867,9839,11173,113.39273803586467,128.76685253325704
ROSILHA-M-D_011_jpg.rf.3a2fb2d36de8bcc90049d66dd562a41c_r1c2.jpg,TP,5,34,0.8766996291718171,5677,6469,65.42642278987739,74.55408297123778
ROSILHA-M-D_011_jpg.rf.3a2fb2d36de8bcc90049d66dd562a41c_r1c2.jpg,TP,19,10,0.8705187684521299,2085,2350,24.02925691683889,27.083335134086997
ROSILHA-M-D_011_jpg.rf.3a2fb2d36de8bcc90049d66dd562a41c_r1c2.jpg,TP,4,6,0.8678631298688493,8801,10141,101.42997128302113,116.87323472118138
ROSILHA-M-D_011_jpg.rf.3a2fb2d36de8bcc90049d66dd562a41c_r1c2.jpg,TP,9,21,0.8661008141347653,5000,5773,57.62411730656808,66.5328058421635
ROSILHA-M-D_011_jpg.rf.3a2fb2d36de8bcc90049d66dd562a41c_r1c2.jpg,TP,16,23,0.8544663767146202,5325,5761,61.369684931495,66.39450796062773
ROSILHA-M-D_011_jpg.rf.3a2fb2d36de8bcc90049d66dd562a41c_r1c2.jpg,TP,8,20,0.8534518396031417,4168,4799,48.03546418675515,55.307627790844045
ROSILHA-M-D_011_jpg.rf.3a2fb2d36de8bcc90049d66dd562a41c_r1c2.jpg,TP,18,3,0.8519261637239165,2167,2448,24.974292440666606,28.212767833295732
ROSILHA-M-D_011_jpg.rf.3a2fb2d36de8bcc90049d66dd562a41c_r1c2.jpg,TP,31,31,0.8505025125628141,694,779,7.998227482151649,8.977837476363307
ROSILHA-M-D_011_jpg.rf.3a2fb2d36de8bcc90049d66dd562a41c_r1c2.jpg,TP,28,24,0.8481116584564861,1076,1175,12.40071004437345,13.541667567043499
ROSILHA-M-D_011_jpg.rf.3a2fb2d36de8bcc90049d66dd562a41c_r1c2.jpg,TP,21,0,0.8435114503816794,2022,2325,23.303193038776133,26.795214547554156
ROSILHA-M-D_011_jpg.rf.3a2fb2d36de8bcc90049d66dd562a41c_r1c2.jpg,TP,32,30,0.8337244384847469,2811,2659,32.396278749752575,30.644505583632906
ROSILHA-M-D_011_jpg.rf.3a2fb2d36de8bcc90049d66dd562a41c_r1c2.jpg,TP,14,5,0.8270719275061356,4381,5297,50.49025158401495,61.04698987457822
ROSILHA-M-D_011_jpg.rf.3a2fb2d36de8bcc90049d66dd562a41c_r1c2.jpg,TP,3,2,0.822121528988033,7098,8585,81.80319692840405,98.9406094153774
ROSILHA-M-D_011_jpg.rf.3a2fb2d36de8bcc90049d66dd562a41c_r1c2.jpg,TP,12,33,0.8145021645021645,3763,4620,43.36791068492314,53.244684391268905
ROSILHA-M-D_011_jpg.rf.3a2fb2d36de8bcc90049d66dd562a41c_r1c2.jpg,TP,10,1,0.80759682224429,7704,6858,88.7872399459601,79.03723929768877
ROSILHA-M-D_011_jpg.rf.3a2fb2d36de8bcc90049d66dd562a41c_r1c2.jpg,TP,15,36,0.8068799034399518,4448,4534,51.26241475592296,52.25354957359593
ROSILHA-M-D_011_jpg.rf.3a2fb2d36de8bcc90049d66dd562a41c_r1c2.jpg,TP,13,7,0.8040045121263395,2855,3542,32.903370982050376,40.82092469997283
ROSILHA-M-D_011_jpg.rf.3a2fb2d36de8bcc90049d66dd562a41c_r1c2.jpg,TP,27,14,0.8038103878430483,3570,4383,41.143619756889606,50.51330123093758
ROSILHA-M-D_011_jpg.rf.3a2fb2d36de8bcc90049d66dd562a41c_r1c2.jpg,TP,26,22,0.8005376344086022,3028,3670,34.89716544085763,42.29610210302097
ROSILHA-M-D_011_jpg.rf.3a2fb2d36de8bcc90049d66dd562a41c_r1c2.jpg,TP,29,18,0.8004094165813715,952,807,10.971631935170562,9.300532533280087
ROSILHA-M-D_011_jpg.rf.3a2fb2d36de8bcc90049d66dd562a41c_r1c2.jpg,TP,25,25,0.7965921192758253,1543,1831,17.78280260080691,21.10195175766523
ROSILHA-M-D_011_jpg.rf.3a2fb2d36de8bcc90049d66dd562a41c_r1c2.jpg,TP,34,15,0.7781371280724451,1227,1522,14.140958387031807,17.540781308119325
ROSILHA-M-D_011_jpg.rf.3a2fb2d36de8bcc90049d66dd562a41c_r1c2.jpg,TP,11,26,0.7713245160053671,4078,5163,46.998230075236926,59.5026635307622
ROSILHA-M-D_011_jpg.rf.3a2fb2d36de8bcc90049d66dd562a41c_r1c2.jpg,TP,33,29,0.7616169248205515,4181,5145,48.18528689175223,59.295216708458554
ROSILHA-M-D_011_jpg.rf.3a2fb2d36de8bcc90049d66dd562a41c_r1c2.jpg,TP,35,32,0.7428752374920836,1176,1576,13.553192390504812,18.16312177503026
ROSILHA-M-D_011_jpg.rf.3a2fb2d36de8bcc90049d66dd562a41c_r1c2.jpg,TP,39,17,0.7175792507204611,996,1388,11.47872416746836,15.996454964303298
ROSILHA-M-D_011_jpg.rf.3a2fb2d36de8bcc90049d66dd562a41c_r1c2.jpg,TP,24,12,0.650564617314931,4712,3181,54.30496814970976,36.66046343043861
ROSILHA-M-D_011_jpg.rf.3a2fb2d36de8bcc90049d66dd562a41c_r1c2.jpg,TP,37,16,0.5857400722021661,984,773,11.340426285932597,8.908688535595426
ROSILHA-M-D_011_jpg.rf.3a2fb2d36de8bcc90049d66dd562a41c_r1c2.jpg,TP,38,27,0.5053475935828877,1323,2618,15.247341439317914,30.171987821719046
ROSILHA-M-D_011_jpg.rf.3a2fb2d36de8bcc90049d66dd562a41c_r1c2.jpg,FP,30,-1,0.0,0,3303,0.0,38.06649189271887
ROSILHA-M-D_011_jpg.rf.3a2fb2d36de8bcc90049d66dd562a41c_r1c2.jpg,FP,36,-1,0.0,0,417,0.0,4.805851383367778
ROSILHA-M-D_011_jpg.rf.3a2fb2d36de8bcc90049d66dd562a41c_r1c2.jpg,FN,-1,28,0.0,2187,0,25.204788909892876,0.0
ROSILHA-M-D_011_jpg.rf.3a2fb2d36de8bcc90049d66dd562a41c_r1c2.jpg,FN,-1,39,0.0,1076,0,12.40071004437345,0.0
ROSILHA-M-D_011_jpg.rf.3a2fb2d36de8bcc90049d66dd562a41c_r1c2.jpg,FN,-1,40,0.0,499,0,5.750886907195494,0.0
ROSILHA-M-D_011_jpg.rf.3a2fb2d36de8bcc90049d66dd562a41c_r2c0.jpg,TP,2,15,0.9307116104868914,4036,4212,46.514187489861754,48.54255641905295
ROSILHA-M-D_011_jpg.rf.3a2fb2d36de8bcc90049d66dd562a41c_r2c0.jpg,TP,16,7,0.8965291421087099,1412,1484,16.273050727374827,17.102838016589406
ROSILHA-M-D_011_jpg.rf.3a2fb2d36de8bcc90049d66dd562a41c_r2c0.jpg,TP,1,20,0.873106698081454,5203,5927,59.96365646921474,68.3076286552058
ROSILHA-M-D_011_jpg.rf.3a2fb2d36de8bcc90049d66dd562a41c_r2c0.jpg,TP,7,14,0.8730812429801572,2352,2651,27.106384781009623,30.552306995942395
ROSILHA-M-D_011_jpg.rf.3a2fb2d36de8bcc90049d66dd562a41c_r2c0.jpg,TP,21,4,0.8690861957226182,2703,3065,31.151597815930703,35.32358390892623
ROSILHA-M-D_011_jpg.rf.3a2fb2d36de8bcc90049d66dd562a41c_r2c0.jpg,TP,0,24,0.8659872434830838,12551,14364,144.64805926294719,165.54256419830878
ROSILHA-M-D_011_jpg.rf.3a2fb2d36de8bcc90049d66dd562a41c_r2c0.jpg,TP,27,13,0.8580363636363636,5926,6848,68.29610383174449,78.92199106307564
ROSILHA-M-D_011_jpg.rf.3a2fb2d36de8bcc90049d66dd562a41c_r2c0.jpg,TP,3,18,0.8506248183667539,2927,3441,33.733158271264955,39.65691753038015
ROSILHA-M-D_011_jpg.rf.3a2fb2d36de8bcc90049d66dd562a41c_r2c0.jpg,TP,10,9,0.8468852459016394,2607,3026,30.045214763644598,34.874115793935005
ROSILHA-M-D_011_jpg.rf.3a2fb2d36de8bcc90049d66dd562a41c_r2c0.jpg,TP,12,10,0.8452305748578648,1359,1562,15.662235083925204,18.001774246571866
ROSILHA-M-D_011_jpg.rf.3a2fb2d36de8bcc90049d66dd562a41c_r2c0.jpg,TP,19,26,0.8450928381962864,1638,1840,18.877660829631704,21.205675168817052
ROSILHA-M-D_011_jpg.rf.3a2fb2d36de8bcc90049d66dd562a41c_r2c0.jpg,TP,8,25,0.8436611711199545,2968,3518,34.20567603317881,40.5443289369013
ROSILHA-M-D_011_jpg.rf.3a2fb2d36de8bcc90049d66dd562a41c_r2c0.jpg,TP,5,21,0.8415518491660624,2379,2700,27.41755501446509,31.117023345546762
ROSILHA-M-D_011_jpg.rf.3a2fb2d36de8bcc90049d66dd562a41c_r2c0.jpg,TP,17,3,0.8387317518248175,3693,4368,42.56117304263118,50.34042887901787
ROSILHA-M-D_011_jpg.rf.3a2fb2d36de8bcc90049d66dd562a41c_r2c0.jpg,TP,6,6,0.8270944741532977,1487,1588,17.137412486973346,18.301419656566022
ROSILHA-M-D_011_jpg.rf.3a2fb2d36de8bcc90049d66dd562a41c_r2c0.jpg,TP,11,22,0.8253223915592028,1424,1690,16.41134860891059,19.47695164962001
ROSILHA-M-D_011_jpg.rf.3a2fb2d36de8bcc90049d66dd562a41c_r2c0.jpg,TP,15,19,0.82,1445,1649,16.653369901598175,19.004433887706153
ROSILHA-M-D_011_jpg.rf.3a2fb2d36de8bcc90049d66dd562a41c_r2c0.jpg,TP,9,5,0.8199108469539376,2763,3361,31.84308722360952,38.734931653475066
ROSILHA-M-D_011_jpg.rf.3a2fb2d36de8bcc90049d66dd562a41c_r2c0.jpg,TP,4,17,0.8160401002506266,3264,3982,37.61702377772764,45.89184702295082
ROSILHA-M-D_011_jpg.rf.3a2fb2d36de8bcc90049d66dd562a41c_r2c0.jpg,TP,18,12,0.8056927098460644,2898,3319,33.39893839088686,38.25088906809989
ROSILHA-M-D_011_jpg.rf.3a2fb2d36de8bcc90049d66dd562a41c_r2c0.jpg,TP,24,16,0.7932804479701353,1773,2070,20.43351199690904,23.856384564919185
ROSILHA-M-D_011_jpg.rf.3a2fb2d36de8bcc90049d66dd562a41c_r2c0.jpg,TP,14,0,0.793233082706767,2532,3192,29.180853004046075,36.78723648851306
ROSILHA-M-D_011_jpg.rf.3a2fb2d36de8bcc90049d66dd562a41c_r2c0.jpg,TP,30,2,0.7904040404040404,975,1152,11.236702874780775,13.276596627433285
ROSILHA-M-D_011_jpg.rf.3a2fb2d36de8bcc90049d66dd562a41c_r2c0.jpg,TP,13,27,0.7845710627400768,2539,3036,29.26152676827527,34.98936402854814
ROSILHA-M-D_011_jpg.rf.3a2fb2d36de8bcc90049d66dd562a41c_r2c0.jpg,TP,23,1,0.7697160883280757,741,942,8.53989418483339,10.856383700557426
ROSILHA-M-D_011_jpg.rf.3a2fb2d36de8bcc90049d66dd562a41c_r2c0.jpg,TP,20,23,0.7528239202657807,1137,1501,13.103724275513581,17.298760015431736
ROSILHA-M-D_011_jpg.rf.3a2fb2d36de8bcc90049d66dd562a41c_r2c0.jpg,TP,25,8,0.7364649681528662,1018,1163,11.732270283617261,13.403369685507736
ROSILHA-M-D_011_jpg.rf.3a2fb2d36de8bcc90049d66dd562a41c_r2c0.jpg,TP,22,11,0.5963065239903348,5685,3564,65.51862137756791,41.074470816121725
ROSILHA-M-D_011_jpg.rf.3a2fb2d36de8bcc90049d66dd562a41c_r2c0.jpg,FP,26,-1,0.0,0,2973,0.0,34.26330015048538
ROSILHA-M-D_011_jpg.rf.3a2fb2d36de8bcc90049d66dd562a41c_r2c0.jpg,FP,28,-1,0.0,0,386,0.0,4.448581856067055
ROSILHA-M-D_011_jpg.rf.3a2fb2d36de8bcc90049d66dd562a41c_r2c0.jpg,FP,29,-1,0.0,0,3167,0.0,36.49911590198022
ROSILHA-M-D_011_jpg.rf.3a2fb2d36de8bcc90049d66dd562a41c_r2c0.jpg,FP,31,-1,0.0,0,2055,0.0,23.68351221299948
ROSILHA-M-D_011_jpg.rf.3a2fb2d36de8bcc90049d66dd562a41c_r2c1.jpg,TP,4,10,0.9019189765458422,2558,2794,29.48049841404023,32.200356750910245
ROSILHA-M-D_011_jpg.rf.3a2fb2d36de8bcc90049d66dd562a41c_r2c1.jpg,TP,1,2,0.8979444355227236,11454,12183,132.00532792588615,140.40692422918377
ROSILHA-M-D_011_jpg.rf.3a2fb2d36de8bcc90049d66dd562a41c_r2c1.jpg,TP,11,15,0.8960629921259843,1172,1236,13.507093096659558,14.24468179818363
ROSILHA-M-D_011_jpg.rf.3a2fb2d36de8bcc90049d66dd562a41c_r2c1.jpg,TP,5,12,0.8959240205777602,4533,5049,52.24202475013462,58.18883365617245
ROSILHA-M-D_011_jpg.rf.3a2fb2d36de8bcc90049d66dd562a41c_r2c1.jpg,TP,8,16,0.8653177363262725,2777,3123,32.00443475206791,35.992023669682425
ROSILHA-M-D_011_jpg.rf.3a2fb2d36de8bcc90049d66dd562a41c_r2c1.jpg,TP,6,7,0.8591975775927327,2327,2585,26.818264194476782,29.791668647495698
ROSILHA-M-D_011_jpg.rf.3a2fb2d36de8bcc90049d66dd562a41c_r2c1.jpg,TP,10,11,0.8591549295774648,1161,1215,13.380320038585108,14.002660505496044
ROSILHA-M-D_011_jpg.rf.3a2fb2d36de8bcc90049d66dd562a41c_r2c1.jpg,TP,3,5,0.8566919929865575,7484,8400,86.2517787844711,96.80851707503437
ROSILHA-M-D_011_jpg.rf.3a2fb2d36de8bcc90049d66dd562a41c_r2c1.jpg,TP,7,0,0.8447937131630648,3027,3546,34.88564061739631,40.86702399381808
ROSILHA-M-D_011_jpg.rf.3a2fb2d36de8bcc90049d66dd562a41c_r2c1.jpg,TP,13,9,0.8409410818419465,4209,4946,48.507981948669006,57.00177683965715
ROSILHA-M-D_011_jpg.rf.3a2fb2d36de8bcc90049d66dd562a41c_r2c1.jpg,TP,9,8,0.8277333333333333,3104,3750,35.773052023917465,43.21808797992606
ROSILHA-M-D_011_jpg.rf.3a2fb2d36de8bcc90049d66dd562a41c_r2c1.jpg,TP,0,14,0.7880617495711836,11758,14303,135.5088742581255,164.83954996716864
ROSILHA-M-D_011_jpg.rf.3a2fb2d36de8bcc90049d66dd562a41c_r2c1.jpg,TP,15,13,0.7690763052208835,767,995,8.839539594827544,11.467199344007048
ROSILHA-M-D_011_jpg.rf.3a2fb2d36de8bcc90049d66dd562a41c_r2c1.jpg,TP,12,1,0.7611395178962747,1045,1366,12.043440517072728,15.7429088481544
ROSILHA-M-D_011_jpg.rf.3a2fb2d36de8bcc90049d66dd562a41c_r2c1.jpg,TP,2,6,0.7332466899520754,24315,18361,280.2260824618406,211.6072835731793
ROSILHA-M-D_011_jpg.rf.3a2fb2d36de8bcc90049d66dd562a41c_r2c1.jpg,TP,16,3,0.6077140169332079,743,966,8.562943831756016,11.132979463628953
ROSILHA-M-D_011_jpg.rf.3a2fb2d36de8bcc90049d66dd562a41c_r2c1.jpg,FP,14,-1,0.0,0,832,0.0,9.588653119812928
ROSILHA-M-D_011_jpg.rf.3a2fb2d36de8bcc90049d66dd562a41c_r2c1.jpg,FN,-1,4,0.0,1890,0,21.781916341882734,0.0
ROSILHA-M-D_011_jpg.rf.3a2fb2d36de8bcc90049d66dd562a41c_r2c1.jpg,FN,-1,17,0.0,446,0,5.140071263745873,0.0
ROSILHA-M-D_011_jpg.rf.3a2fb2d36de8bcc90049d66dd562a41c_r2c2.jpg,TP,0,0,0.9229393468118195,11911,12818,137.27217224770646,147.72518712711792
ROSILHA-M-D_011_jpg.rf.3a2fb2d36de8bcc90049d66dd562a41c_r2c2.jpg,TP,7,10,0.9153256704980843,2529,2470,29.146278533662134,28.466313949444633
ROSILHA-M-D_011_jpg.rf.3a2fb2d36de8bcc90049d66dd562a41c_r2c2.jpg,TP,8,3,0.8903811969188228,4561,5010,52.564719807051404,57.739365541181215
ROSILHA-M-D_011_jpg.rf.3a2fb2d36de8bcc90049d66dd562a41c_r2c2.jpg,TP,4,6,0.8695114409400123,2834,3212,32.66134968936279,37.017732957739334
ROSILHA-M-D_011_jpg.rf.3a2fb2d36de8bcc90049d66dd562a41c_r2c2.jpg,TP,9,5,0.8652482269503546,2363,2634,27.233157839084075,30.356384997100065
ROSILHA-M-D_011_jpg.rf.3a2fb2d36de8bcc90049d66dd562a41c_r2c2.jpg,TP,1,12,0.8648498331479422,4668,5391,53.79787591741196,62.130323279941706
ROSILHA-M-D_011_jpg.rf.3a2fb2d36de8bcc90049d66dd562a41c_r2c2.jpg,TP,2,13,0.8604214780600462,5961,6928,68.69947265289046,79.84397693998073
ROSILHA-M-D_011_jpg.rf.3a2fb2d36de8bcc90049d66dd562a41c_r2c2.jpg,TP,5,1,0.8501687873279667,3291,3834,37.92819401118311,44.1861731506764
ROSILHA-M-D_011_jpg.rf.3a2fb2d36de8bcc90049d66dd562a41c_r2c2.jpg,TP,3,4,0.8379645913940673,7168,8508,82.609934570696,98.05319800885624
ROSILHA-M-D_011_jpg.rf.3a2fb2d36de8bcc90049d66dd562a41c_r2c2.jpg,TP,11,11,0.8303886925795053,1426,1682,16.434398255833216,19.3847530619295
ROSILHA-M-D_011_jpg.rf.3a2fb2d36de8bcc90049d66dd562a41c_r2c2.jpg,TP,13,14,0.7908611599297012,1350,1707,15.558511672773381,19.672873648462343
ROSILHA-M-D_011_jpg.rf.3a2fb2d36de8bcc90049d66dd562a41c_r2c2.jpg,TP,6,7,0.7817965023847376,1989,2494,22.92287386455278,28.74290971251616
ROSILHA-M-D_011_jpg.rf.3a2fb2d36de8bcc90049d66dd562a41c_r2c2.jpg,TP,14,15,0.780718336483932,999,885,11.513298637852301,10.19946876326255
ROSILHA-M-D_011_jpg.rf.3a2fb2d36de8bcc90049d66dd562a41c_r2c2.jpg,TP,12,8,0.75839939599849,2038,2620,23.487590214157148,30.195037468641672
ROSILHA-M-D_011_jpg.rf.3a2fb2d36de8bcc90049d66dd562a41c_r2c2.jpg,TP,15,16,0.7457098283931357,1766,1591,20.352838232679847,18.335994126949963
ROSILHA-M-D_011_jpg.rf.3a2fb2d36de8bcc90049d66dd562a41c_r2c2.jpg,TP,10,2,0.6654191616766467,903,1322,10.406915585566194,15.2358166158566
ROSILHA-M-D_011_jpg.rf.3a2fb2d36de8bcc90049d66dd562a41c_r2c2.jpg,FN,-1,9,0.0,4345,0,50.07535793940766,0.0
TORDILHA-B_006_jpg.rf.235faef65a5565236d3b0050d4713580_r0c0.jpg,TP,0,26,0.9020534458509142,17297,16512,199.34487141034163,190.29788499321043
TORDILHA-B_006_jpg.rf.235faef65a5565236d3b0050d4713580_r0c0.jpg,TP,1,14,0.9006338553318419,30659,30511,353.33956250041416,351.63388862813974
TORDILHA-B_006_jpg.rf.235faef65a5565236d3b0050d4713580_r0c0.jpg,TP,14,12,0.89695885509839,5368,5236,61.86525234033149,60.34397564343809
TORDILHA-B_006_jpg.rf.235faef65a5565236d3b0050d4713580_r0c0.jpg,TP,11,25,0.8911950970377936,70751,68110,815.3927847113996,784.9557259500704
TORDILHA-B_006_jpg.rf.235faef65a5565236d3b0050d4713580_r0c0.jpg,TP,27,22,0.8795872513938587,10709,11878,123.41933444720752,136.89185307348313
TORDILHA-B_006_jpg.rf.235faef65a5565236d3b0050d4713580_r0c0.jpg,TP,6,21,0.878494193031638,22747,24159,262.1551592745008,278.42821000187564
TORDILHA-B_006_jpg.rf.235faef65a5565236d3b0050d4713580_r0c0.jpg,TP,10,8,0.8774864376130199,6399,6060,73.74734532894583,69.84043017556051
TORDILHA-B_006_jpg.rf.235faef65a5565236d3b0050d4713580_r0c0.jpg,TP,2,34,0.8679346850888211,16304,14926,187.90072171325718,172.01951498356703
TORDILHA-B_006_jpg.rf.235faef65a5565236d3b0050d4713580_r0c0.jpg,TP,22,19,0.860032362459547,4857,4339,55.97606755160023,50.00620899863978
TORDILHA-B_006_jpg.rf.235faef65a5565236d3b0050d4713580_r0c0.jpg,TP,21,5,0.8451118963486455,1522,1611,17.540781308119325,18.566490596176234
TORDILHA-B_006_jpg.rf.235faef65a5565236d3b0050d4713580_r0c0.jpg,TP,29,11,0.8350619782443713,7092,7416,81.73404798763616,85.46809078910178
TORDILHA-B_006_jpg.rf.235faef65a5565236d3b0050d4713580_r0c0.jpg,TP,3,4,0.8252002913328478,2289,2723,26.380320902946867,31.382094285156978
TORDILHA-B_006_jpg.rf.235faef65a5565236d3b0050d4713580_r0c0.jpg,TP,30,17,0.8224592220828105,1403,1502,16.169327316223004,17.31028483889305
TORDILHA-B_006_jpg.rf.235faef65a5565236d3b0050d4713580_r0c0.jpg,TP,9,37,0.8117062788222774,13715,11821,158.06295377191623,136.23493813618825
TORDILHA-B_006_jpg.rf.235faef65a5565236d3b0050d4713580_r0c0.jpg,TP,5,32,0.80967659137577,7707,6394,88.82181441634404,73.68972121163925
TORDILHA-B_006_jpg.rf.235faef65a5565236d3b0050d4713580_r0c0.jpg,TP,24,2,0.8090935587292335,2942,3265,33.906030623184655,37.62854860118895
TORDILHA-B_006_jpg.rf.235faef65a5565236d3b0050d4713580_r0c0.jpg,TP,4,27,0.8087118689223391,13270,13886,152.9344073316317,160.03369858380086
TORDILHA-B_006_jpg.rf.235faef65a5565236d3b0050d4713580_r0c0.jpg,TP,33,23,0.7990731204943358,8393,9076,96.72784331080518,104.59929773488237
TORDILHA-B_006_jpg.rf.235faef65a5565236d3b0050d4713580_r0c0.jpg,TP,12,9,0.7989841765969916,4114,5095,47.413123719844215,58.71897553539287
TORDILHA-B_006_jpg.rf.235faef65a5565236d3b0050d4713580_r0c0.jpg,TP,19,0,0.784850078905839,2988,3798,34.436172502405086,43.77127950606911
TORDILHA-B_006_jpg.rf.235faef65a5565236d3b0050d4713580_r0c0.jpg,TP,36,20,0.7844942620763278,18213,21906,209.90160970090488,252.46278274353608
TORDILHA-B_006_jpg.rf.235faef65a5565236d3b0050d4713580_r0c0.jpg,TP,25,16,0.7629796839729119,3110,3919,35.84220096468535,45.16578314488806
TORDILHA-B_006_jpg.rf.235faef65a5565236d3b0050d4713580_r0c0.jpg,TP,32,35,0.7486129711115362,4743,4397,54.66223767701048,50.67464875939597
TORDILHA-B_006_jpg.rf.235faef65a5565236d3b0050d4713580_r0c0.jpg,TP,28,29,0.7427443696308336,3995,3511,46.0416697279479,40.463655172672105
TORDILHA-B_006_jpg.rf.235faef65a5565236d3b0050d4713580_r0c0.jpg,TP,35,13,0.6871859296482412,677,666,7.8023054833093175,7.675532425234868
TORDILHA-B_006_jpg.rf.235faef65a5565236d3b0050d4713580_r0c0.jpg,TP,7,1,0.6708817498291183,2473,2416,28.500888419828573,27.843973482533695
TORDILHA-B_006_jpg.rf.235faef65a5565236d3b0050d4713580_r0c0.jpg,TP,18,6,0.6273291925465838,707,1127,8.148050187148726,12.988476040900444
TORDILHA-B_006_jpg.rf.235faef65a5565236d3b0050d4713580_r0c0.jpg,TP,15,18,0.6141498216409037,1179,1536,13.587766860888753,17.702128836577714
TORDILHA-B_006_jpg.rf.235faef65a5565236d3b0050d4713580_r0c0.jpg,TP,16,24,0.5873570098430434,29132,18603,335.7411570749883,214.3962908508172
TORDILHA-B_006_jpg.rf.235faef65a5565236d3b0050d4713580_r0c0.jpg,TP,23,36,0.5017191219254166,3597,2081,41.45478999034508,23.983157622993634
TORDILHA-B_006_jpg.rf.235faef65a5565236d3b0050d4713580_r0c0.jpg,FP,8,-1,0.0,0,5396,0.0,62.18794739724827
TORDILHA-B_006_jpg.rf.235faef65a5565236d3b0050d4713580_r0c0.jpg,FP,13,-1,0.0,0,7126,0.0,82.12589198532082
TORDILHA-B_006_jpg.rf.235faef65a5565236d3b0050d4713580_r0c0.jpg,FP,17,-1,0.0,0,10390,0.0,119.74291576304847
TORDILHA-B_006_jpg.rf.235faef65a5565236d3b0050d4713580_r0c0.jpg,FP,20,-1,0.0,0,10201,0.0,117.56472412886019
TORDILHA-B_006_jpg.rf.235faef65a5565236d3b0050d4713580_r0c0.jpg,FP,26,-1,0.0,0,4701,0.0,54.17819509163531
TORDILHA-B_006_jpg.rf.235faef65a5565236d3b0050d4713580_r0c0.jpg,FP,31,-1,0.0,0,1939,0.0,22.346632691487102
TORDILHA-B_006_jpg.rf.235faef65a5565236d3b0050d4713580_r0c0.jpg,FP,34,-1,0.0,0,10131,0.0,116.75798648656824
TORDILHA-B_006_jpg.rf.235faef65a5565236d3b0050d4713580_r0c0.jpg,FP,37,-1,0.0,0,9118,0.0,105.08334032025755
TORDILHA-B_006_jpg.rf.235faef65a5565236d3b0050d4713580_r0c0.jpg,FN,-1,3,0.0,18922,0,218.07270953497624,0.0
TORDILHA-B_006_jpg.rf.235faef65a5565236d3b0050d4713580_r0c0.jpg,FN,-1,7,0.0,908,0,10.464539702872763,0.0
TORDILHA-B_006_jpg.rf.235faef65a5565236d3b0050d4713580_r0c0.jpg,FN,-1,10,0.0,2313,0,26.656916666018393,0.0
TORDILHA-B_006_jpg.rf.235faef65a5565236d3b0050d4713580_r0c0.jpg,FN,-1,15,0.0,520,0,5.992908199883081,0.0
TORDILHA-B_006_jpg.rf.235faef65a5565236d3b0050d4713580_r0c0.jpg,FN,-1,28,0.0,465,0,5.359042909510832,0.0
TORDILHA-B_006_jpg.rf.235faef65a5565236d3b0050d4713580_r0c0.jpg,FN,-1,30,0.0,599,0,6.903369253326856,0.0
TORDILHA-B_006_jpg.rf.235faef65a5565236d3b0050d4713580_r0c0.jpg,FN,-1,31,0.0,4903,0,56.50620943082066,0.0
TORDILHA-B_006_jpg.rf.235faef65a5565236d3b0050d4713580_r0c0.jpg,FN,-1,33,0.0,3883,0,44.75088950028077,0.0
TORDILHA-B_006_jpg.rf.235faef65a5565236d3b0050d4713580_r0c0.jpg,FN,-1,38,0.0,20240,0,233.2624268569876,0.0
TORDILHA-B_006_jpg.rf.235faef65a5565236d3b0050d4713580_r0c1.jpg,TP,30,33,0.9412206855081179,6427,6486,74.07004038586261,74.75000497008011
TORDILHA-B_006_jpg.rf.235faef65a5565236d3b0050d4713580_r0c1.jpg,TP,0,37,0.9336767546683837,20882,21160,240.66136351915094,243.8652644413961
TORDILHA-B_006_jpg.rf.235faef65a5565236d3b0050d4713580_r0c1.jpg,TP,6,27,0.9179762749670486,9455,9462,108.96720582672023,109.04787959094944
TORDILHA-B_006_jpg.rf.235faef65a5565236d3b0050d4713580_r0c1.jpg,TP,2,3,0.916741711011052,11209,12204,129.1817461778643,140.64894552187135
TORDILHA-B_006_jpg.rf.235faef65a5565236d3b0050d4713580_r0c1.jpg,TP,24,38,0.910501025655436,33534,34455,386.4734299516908,397.08779235956064
TORDILHA-B_006_jpg.rf.235faef65a5565236d3b0050d4713580_r0c1.jpg,TP,29,19,0.8913910693604427,7382,7316,85.0762467914171,84.31560844297042
TORDILHA-B_006_jpg.rf.235faef65a5565236d3b0050d4713580_r0c1.jpg,TP,3,28,0.8892495883321572,20849,19307,240.28104434492758,222.50976656758198
TORDILHA-B_006_jpg.rf.235faef65a5565236d3b0050d4713580_r0c1.jpg,TP,1,13,0.8843610641242503,5996,6258,69.10284147403644,72.12234522090061
TORDILHA-B_006_jpg.rf.235faef65a5565236d3b0050d4713580_r0c1.jpg,TP,42,8,0.882016632016632,3446,3796,39.71454164768672,43.748229859146484
TORDILHA-B_006_jpg.rf.235faef65a5565236d3b0050d4713580_r0c1.jpg,TP,4,36,0.8778648099796925,20019,18819,230.71544087203728,216.88565271846093
TORDILHA-B_006_jpg.rf.235faef65a5565236d3b0050d4713580_r0c1.jpg,TP,18,12,0.8741285824941906,11653,12542,134.29876779468756,144.54433585179538
TORDILHA-B_006_jpg.rf.235faef65a5565236d3b0050d4713580_r0c1.jpg,TP,36,11,0.8684332868433287,8206,7870,94.57270132353953,90.70036064053815
TORDILHA-B_006_jpg.rf.235faef65a5565236d3b0050d4713580_r0c1.jpg,TP,22,9,0.8658901830282862,2605,3002,30.02216511672197,34.59752003086347
TORDILHA-B_006_jpg.rf.235faef65a5565236d3b0050d4713580_r0c1.jpg,TP,5,46,0.8643956043956044,4172,4311,48.08156348060041,49.683513941723
TORDILHA-B_006_jpg.rf.235faef65a5565236d3b0050d4713580_r0c1.jpg,TP,16,21,0.8639277389277389,3162,3235,36.44149178467365,37.282803897349545
TORDILHA-B_006_jpg.rf.235faef65a5565236d3b0050d4713580_r0c1.jpg,TP,7,42,0.8561967833491012,2869,3017,33.06471851050876,34.77039238278318
TORDILHA-B_006_jpg.rf.235faef65a5565236d3b0050d4713580_r0c1.jpg,TP,19,31,0.852135997350701,16929,16628,195.1037363765782,191.6347645147228
TORDILHA-B_006_jpg.rf.235faef65a5565236d3b0050d4713580_r0c1.jpg,TP,28,44,0.8485939643347051,5122,5659,59.03014576884834,65.21897596757375
TORDILHA-B_006_jpg.rf.235faef65a5565236d3b0050d4713580_r0c1.jpg,TP,9,40,0.8426134825376771,10566,9852,121.77128469223966,113.54256074086175
TORDILHA-B_006_jpg.rf.235faef65a5565236d3b0050d4713580_r0c1.jpg,TP,20,22,0.8424797843665768,9148,7941,105.42908502409696,91.51862310629143
TORDILHA-B_006_jpg.rf.235faef65a5565236d3b0050d4713580_r0c1.jpg,TP,11,10,0.8379928315412186,2354,2774,27.129434427932253,31.96986028168397
TORDILHA-B_006_jpg.rf.235faef65a5565236d3b0050d4713580_r0c1.jpg,TP,31,41,0.8333333333333334,4419,4238,50.92819487554487,48.842201829047106
TORDILHA-B_006_jpg.rf.235faef65a5565236d3b0050d4713580_r0c1.jpg,TP,26,23,0.822246455834242,1550,1792,17.863476365036103,20.652483642674
TORDILHA-B_006_jpg.rf.235faef65a5565236d3b0050d4713580_r0c1.jpg,TP,8,7,0.8217620787657328,4060,4914,46.79078325293328,56.63298248889511
TORDILHA-B_006_jpg.rf.235faef65a5565236d3b0050d4713580_r0c1.jpg,TP,14,16,0.8130598093036695,6132,6418,70.67021746477509,73.9663169747108
TORDILHA-B_006_jpg.rf.235faef65a5565236d3b0050d4713580_r0c1.jpg,TP,35,24,0.8113475177304964,2695,2413,31.059399228240196,27.809399012149754
TORDILHA-B_006_jpg.rf.235faef65a5565236d3b0050d4713580_r0c1.jpg,TP,10,14,0.7958419179621652,4738,4850,54.604613559703914,55.895393787371034
TORDILHA-B_006_jpg.rf.235faef65a5565236d3b0050d4713580_r0c1.jpg,TP,44,30,0.7813570938999315,1164,1435,13.414894508969049,16.538121666985038
TORDILHA-B_006_jpg.rf.235faef65a5565236d3b0050d4713580_r0c1.jpg,TP,43,15,0.7777777777777778,698,742,8.044326775996904,8.551419008294703
TORDILHA-B_006_jpg.rf.235faef65a5565236d3b0050d4713580_r0c1.jpg,TP,38,20,0.7768976897689769,1425,1267,16.4228734323719,14.601951325484352
TORDILHA-B_006_jpg.rf.235faef65a5565236d3b0050d4713580_r0c1.jpg,TP,12,17,0.7664507404741652,36883,44107,425.0700637236301,508.32538840815965
TORDILHA-B_006_jpg.rf.235faef65a5565236d3b0050d4713580_r0c1.jpg,TP,17,18,0.7527772364061587,19982,15992,230.28902240396866,184.30497679332734
TORDILHA-B_006_jpg.rf.235faef65a5565236d3b0050d4713580_r0c1.jpg,TP,32,39,0.7278766310794781,3071,4212,35.39273284969411,48.54255641905295
TORDILHA-B_006_jpg.rf.235faef65a5565236d3b0050d4713580_r0c1.jpg,TP,33,4,0.6900647948164147,680,885,7.836879953693259,10.19946876326255
TORDILHA-B_006_jpg.rf.235faef65a5565236d3b0050d4713580_r0c1.jpg,TP,13,26,0.686380865246373,15275,10530,176.04167837156547,121.35639104763237
TORDILHA-B_006_jpg.rf.235faef65a5565236d3b0050d4713580_r0c1.jpg,TP,15,5,0.6440129449838188,796,1236,9.173759475205639,14.24468179818363
TORDILHA-B_006_jpg.rf.235faef65a5565236d3b0050d4713580_r0c1.jpg,FP,21,-1,0.0,0,1349,0.0,15.546986849312068
TORDILHA-B_006_jpg.rf.235faef65a5565236d3b0050d4713580_r0c1.jpg,FP,23,-1,0.0,0,12129,0.0,139.78458376227286
TORDILHA-B_006_jpg.rf.235faef65a5565236d3b0050d4713580_r0c1.jpg,FP,25,-1,0.0,0,7694,0.0,88.67199171134696
TORDILHA-B_006_jpg.rf.235faef65a5565236d3b0050d4713580_r0c1.jpg,FP,27,-1,0.0,0,11007,0.0,126.85373183867897
TORDILHA-B_006_jpg.rf.235faef65a5565236d3b0050d4713580_r0c1.jpg,FP,34,-1,0.0,0,12878,0.0,148.41667653479675
TORDILHA-B_006_jpg.rf.235faef65a5565236d3b0050d4713580_r0c1.jpg,FP,37,-1,0.0,0,3746,0.0,43.1719886860808
TORDILHA-B_006_jpg.rf.235faef65a5565236d3b0050d4713580_r0c1.jpg,FP,39,-1,0.0,0,278,0.0,3.203900922245185
TORDILHA-B_006_jpg.rf.235faef65a5565236d3b0050d4713580_r0c1.jpg,FP,40,-1,0.0,0,4550,0.0,52.437946748976955
TORDILHA-B_006_jpg.rf.235faef65a5565236d3b0050d4713580_r0c1.jpg,FP,41,-1,0.0,0,3247,0.0,37.42110177888531
TORDILHA-B_006_jpg.rf.235faef65a5565236d3b0050d4713580_r0c1.jpg,FP,45,-1,0.0,0,1852,0.0,21.343973050352815
TORDILHA-B_006_jpg.rf.235faef65a5565236d3b0050d4713580_r0c1.jpg,FP,46,-1,0.0,0,1517,0.0,17.483157190812754
TORDILHA-B_006_jpg.rf.235faef65a5565236d3b0050d4713580_r0c1.jpg,FN,-1,0,0.0,8814,0,101.57979398801821,0.0
TORDILHA-B_006_jpg.rf.235faef65a5565236d3b0050d4713580_r0c1.jpg,FN,-1,1,0.0,843,0,9.715426177887379,0.0
TORDILHA-B_006_jpg.rf.235faef65a5565236d3b0050d4713580_r0c1.jpg,FN,-1,2,0.0,5580,0,64.30851491412997,0.0
TORDILHA-B_006_jpg.rf.235faef65a5565236d3b0050d4713580_r0c1.jpg,FN,-1,6,0.0,437,0,5.03634785259405,0.0
TORDILHA-B_006_jpg.rf.235faef65a5565236d3b0050d4713580_r0c1.jpg,FN,-1,25,0.0,370,0,4.2641846806860375,0.0
TORDILHA-B_006_jpg.rf.235faef65a5565236d3b0050d4713580_r0c1.jpg,FN,-1,29,0.0,2946,0,33.952129917029914,0.0
TORDILHA-B_006_jpg.rf.235faef65a5565236d3b0050d4713580_r0c1.jpg,FN,-1,32,0.0,668,0,7.698582072157495,0.0
TORDILHA-B_006_jpg.rf.235faef65a5565236d3b0050d4713580_r0c1.jpg,FN,-1,34,0.0,4154,0,47.87411665829676,0.0
TORDILHA-B_006_jpg.rf.235faef65a5565236d3b0050d4713580_r0c1.jpg,FN,-1,35,0.0,1110,0,12.792554042058114,0.0
TORDILHA-B_006_jpg.rf.235faef65a5565236d3b0050d4713580_r0c1.jpg,FN,-1,43,0.0,4408,0,50.80142181747042,0.0
TORDILHA-B_006_jpg.rf.235faef65a5565236d3b0050d4713580_r0c1.jpg,FN,-1,45,0.0,252,0,2.904255512251031,0.0
TORDILHA-B_006_jpg.rf.235faef65a5565236d3b0050d4713580_r0c2.jpg,TP,4,35,0.9227386110017067,15050,14241,173.44859309276993,164.1250109125672
TORDILHA-B_006_jpg.rf.235faef65a5565236d3b0050d4713580_r0c2.jpg,TP,15,13,0.9070853274191666,8341,7997,96.12855249081687,92.16401322012499
TORDILHA-B_006_jpg.rf.235faef65a5565236d3b0050d4713580_r0c2.jpg,TP,17,16,0.9036740814796301,18173,19910,209.44061676245235,229.45923511475408
TORDILHA-B_006_jpg.rf.235faef65a5565236d3b0050d4713580_r0c2.jpg,TP,19,7,0.8942368020077082,10234,10900,117.94504330308354,125.62057572831841
TORDILHA-B_006_jpg.rf.235faef65a5565236d3b0050d4713580_r0c2.jpg,TP,2,32,0.884223986360488,17534,17831,202.07625457067294,205.4991271386831
TORDILHA-B_006_jpg.rf.235faef65a5565236d3b0050d4713580_r0c2.jpg,TP,11,12,0.8841449342257097,4002,4162,46.12234349217709,47.96631524598727
TORDILHA-B_006_jpg.rf.235faef65a5565236d3b0050d4713580_r0c2.jpg,TP,9,33,0.8794774546986937,10857,11443,125.12500831948192,131.87855486781172
TORDILHA-B_006_jpg.rf.235faef65a5565236d3b0050d4713580_r0c2.jpg,TP,7,0,0.8763102725366876,15267,16953,175.94947978387498,195.38033213964974
TORDILHA-B_006_jpg.rf.235faef65a5565236d3b0050d4713580_r0c2.jpg,TP,3,9,0.8698315467075038,8717,8377,100.46188611227079,96.54344613542416
TORDILHA-B_006_jpg.rf.235faef65a5565236d3b0050d4713580_r0c2.jpg,TP,0,30,0.8673259374529391,19462,17737,224.2961142040856,204.41579373331962
TORDILHA-B_006_jpg.rf.235faef65a5565236d3b0050d4713580_r0c2.jpg,TP,28,11,0.8658547668817596,10013,10517,115.39805731813324,121.2065683426353
TORDILHA-B_006_jpg.rf.235faef65a5565236d3b0050d4713580_r0c2.jpg,TP,6,1,0.8634861900356813,6586,7515,75.90248731621148,86.60904831177183
TORDILHA-B_006_jpg.rf.235faef65a5565236d3b0050d4713580_r0c2.jpg,TP,5,34,0.8569715861407505,7666,7823,88.34929665443018,90.15869393785641
TORDILHA-B_006_jpg.rf.235faef65a5565236d3b0050d4713580_r0c2.jpg,TP,16,8,0.8513021237017516,25231,22540,290.78282075240384,259.7695208180089
TORDILHA-B_006_jpg.rf.235faef65a5565236d3b0050d4713580_r0c2.jpg,TP,23,24,0.8494634857797687,8991,8762,103.61968774067071,100.9805031680299
TORDILHA-B_006_jpg.rf.235faef65a5565236d3b0050d4713580_r0c2.jpg,TP,29,2,0.8360957642725598,1431,1560,16.492022373139783,17.97872459964924
TORDILHA-B_006_jpg.rf.235faef65a5565236d3b0050d4713580_r0c2.jpg,TP,13,28,0.8295139245709587,25775,27634,297.05232471535845,318.47697152994044
TORDILHA-B_006_jpg.rf.235faef65a5565236d3b0050d4713580_r0c2.jpg,TP,24,27,0.8148247978436658,3453,3280,39.79521541191591,37.80142095310866
TORDILHA-B_006_jpg.rf.235faef65a5565236d3b0050d4713580_r0c2.jpg,TP,1,26,0.8128233970753656,11262,12912,129.79256182131394,148.8085205324814
TORDILHA-B_006_jpg.rf.235faef65a5565236d3b0050d4713580_r0c2.jpg,TP,8,22,0.8005639301594187,7439,9164,85.73316172871199,105.61348219947797
TORDILHA-B_006_jpg.rf.235faef65a5565236d3b0050d4713580_r0c2.jpg,TP,10,10,0.7898334045279795,13866,11274,159.8032021145746,129.93085970284972
TORDILHA-B_006_jpg.rf.235faef65a5565236d3b0050d4713580_r0c2.jpg,TP,14,29,0.781175937184428,41765,44663,481.33425186176316,514.73319025265
TORDILHA-B_006_jpg.rf.235faef65a5565236d3b0050d4713580_r0c2.jpg,TP,22,4,0.7561374795417348,1161,985,13.380320038585108,11.351951109393912
TORDILHA-B_006_jpg.rf.235faef65a5565236d3b0050d4713580_r0c2.jpg,TP,27,23,0.7540878714631025,13136,11537,151.39008098781565,132.9618882731752
TORDILHA-B_006_jpg.rf.235faef65a5565236d3b0050d4713580_r0c2.jpg,TP,18,5,0.7503201024327785,3606,3229,41.558513401496896,37.213654956581664
TORDILHA-B_006_jpg.rf.235faef65a5565236d3b0050d4713580_r0c2.jpg,TP,21,3,0.7232472324723247,593,808,6.834220312558974,9.312057356741402
TORDILHA-B_006_jpg.rf.235faef65a5565236d3b0050d4713580_r0c2.jpg,TP,26,6,0.6968869470234844,2814,3400,32.43085322013651,39.18439976846629
TORDILHA-B_006_jpg.rf.235faef65a5565236d3b0050d4713580_r0c2.jpg,TP,12,17,0.6189747513389442,19297,12443,222.39451833296886,143.40337832912533
TORDILHA-B_006_jpg.rf.235faef65a5565236d3b0050d4713580_r0c2.jpg,TP,25,15,0.60595258303627,11281,17101,130.0115334670789,197.08600601192416
TORDILHA-B_006_jpg.rf.235faef65a5565236d3b0050d4713580_r0c2.jpg,TP,20,31,0.5004289390906491,10383,5358,119.66224199881927,61.750004105718354
TORDILHA-B_006_jpg.rf.235faef65a5565236d3b0050d4713580_r0c2.jpg,FP,30,-1,0.0,0,2248,0.0,25.907803141033007
TORDILHA-B_006_jpg.rf.235faef65a5565236d3b0050d4713580_r0c2.jpg,FP,31,-1,0.0,0,4637,0.0,53.440606390111235
TORDILHA-B_006_jpg.rf.235faef65a5565236d3b0050d4713580_r0c2.jpg,FN,-1,14,0.0,4454,0,51.33156369669084,0.0
TORDILHA-B_006_jpg.rf.235faef65a5565236d3b0050d4713580_r0c2.jpg,FN,-1,18,0.0,2417,0,27.85549830599501,0.0
TORDILHA-B_006_jpg.rf.235faef65a5565236d3b0050d4713580_r0c2.jpg,FN,-1,19,0.0,949,0,10.937057464786621,0.0
TORDILHA-B_006_jpg.rf.235faef65a5565236d3b0050d4713580_r0c2.jpg,FN,-1,20,0.0,1304,0,15.028369793552955,0.0
TORDILHA-B_006_jpg.rf.235faef65a5565236d3b0050d4713580_r0c2.jpg,FN,-1,21,0.0,1242,0,14.313830738951511,0.0
TORDILHA-B_006_jpg.rf.235faef65a5565236d3b0050d4713580_r0c2.jpg,FN,-1,25,0.0,522,0,6.0159578468057076,0.0
TORDILHA-B_006_jpg.rf.235faef65a5565236d3b0050d4713580_r1c0.jpg,TP,12,2,0.9151815549120071,17097,17292,197.0399067180789,199.28724729303505
TORDILHA-B_006_jpg.rf.235faef65a5565236d3b0050d4713580_r1c0.jpg,TP,0,15,0.9009117386349247,15434,14589,177.87412530191435,168.13564947710435
TORDILHA-B_006_jpg.rf.235faef65a5565236d3b0050d4713580_r1c0.jpg,TP,5,19,0.9000125140783382,7691,7492,88.63741724096302,86.3439773721616
TORDILHA-B_006_jpg.rf.235faef65a5565236d3b0050d4713580_r1c0.jpg,TP,10,13,0.8941621167576649,11695,10855,134.78281038006273,125.1019586725593
TORDILHA-B_006_jpg.rf.235faef65a5565236d3b0050d4713580_r1c0.jpg,TP,6,23,0.8896486065431886,11306,10527,130.29965405361173,121.32181657724843
TORDILHA-B_006_jpg.rf.235faef65a5565236d3b0050d4713580_r1c0.jpg,TP,19,0,0.8849052017501216,23597,22930,271.9512592166174,264.2642019679212
TORDILHA-B_006_jpg.rf.235faef65a5565236d3b0050d4713580_r1c0.jpg,TP,4,21,0.8787813773868268,4240,4517,48.86525147596973,52.0576275747536
TORDILHA-B_006_jpg.rf.235faef65a5565236d3b0050d4713580_r1c0.jpg,TP,9,8,0.8762994256419994,20132,19396,232.0177459231657,223.53547585563888
TORDILHA-B_006_jpg.rf.235faef65a5565236d3b0050d4713580_r1c0.jpg,TP,3,24,0.8627819548872181,7600,7265,87.58865830598349,83.72784244644342
TORDILHA-B_006_jpg.rf.235faef65a5565236d3b0050d4713580_r1c0.jpg,TP,21,3,0.8620904836193448,2906,3062,33.491136978577366,35.289009438542294
TORDILHA-B_006_jpg.rf.235faef65a5565236d3b0050d4713580_r1c0.jpg,TP,8,12,0.8617807153965785,4585,4992,52.84131557012293,57.53191871887757
TORDILHA-B_006_jpg.rf.235faef65a5565236d3b0050d4713580_r1c0.jpg,TP,15,17,0.8086268165140266,34211,28391,394.2757354350001,327.20126289015485
TORDILHA-B_006_jpg.rf.235faef65a5565236d3b0050d4713580_r1c0.jpg,TP,14,6,0.8039000876424189,3803,4430,43.82890362337568,51.05496793361932
TORDILHA-B_006_jpg.rf.235faef65a5565236d3b0050d4713580_r1c0.jpg,TP,7,22,0.8033567134268537,3798,3401,43.77127950606911,39.19592459192761
TORDILHA-B_006_jpg.rf.235faef65a5565236d3b0050d4713580_r1c0.jpg,TP,2,1,0.7988261886822382,24797,20564,285.78104737019373,236.9964696584532
TORDILHA-B_006_jpg.rf.235faef65a5565236d3b0050d4713580_r1c0.jpg,TP,1,20,0.7883334813104856,10877,9265,125.3555047887082,106.77748936907065
TORDILHA-B_006_jpg.rf.235faef65a5565236d3b0050d4713580_r1c0.jpg,TP,11,18,0.722953216374269,1357,1000,15.639185437002576,11.524823461313616
TORDILHA-B_006_jpg.rf.235faef65a5565236d3b0050d4713580_r1c0.jpg,TP,26,16,0.7006385068762279,4055,2870,46.733159135626714,33.076243333970076
TORDILHA-B_006_jpg.rf.235faef65a5565236d3b0050d4713580_r1c0.jpg,TP,25,7,0.6689723320158103,798,891,9.196809122128265,10.268617704030431
TORDILHA-B_006_jpg.rf.235faef65a5565236d3b0050d4713580_r1c0.jpg,FP,13,-1,0.0,0,9553,0.0,110.09663852592897
TORDILHA-B_006_jpg.rf.235faef65a5565236d3b0050d4713580_r1c0.jpg,FP,16,-1,0.0,0,1888,0.0,21.758866694960105
TORDILHA-B_006_jpg.rf.235faef65a5565236d3b0050d4713580_r1c0.jpg,FP,17,-1,0.0,0,983,0.0,11.328901462471284
TORDILHA-B_006_jpg.rf.235faef65a5565236d3b0050d4713580_r1c0.jpg,FP,18,-1,0.0,0,2644,0.0,30.4716332317132
TORDILHA-B_006_jpg.rf.235faef65a5565236d3b0050d4713580_r1c0.jpg,FP,20,-1,0.0,0,4837,0.0,55.74557108237396
TORDILHA-B_006_jpg.rf.235faef65a5565236d3b0050d4713580_r1c0.jpg,FP,22,-1,0.0,0,555,0.0,6.396277021029057
TORDILHA-B_006_jpg.rf.235faef65a5565236d3b0050d4713580_r1c0.jpg,FP,23,-1,0.0,0,1101,0.0,12.68883063090629
TORDILHA-B_006_jpg.rf.235faef65a5565236d3b0050d4713580_r1c0.jpg,FP,24,-1,0.0,0,5310,0.0,61.1968125795753
TORDILHA-B_006_jpg.rf.235faef65a5565236d3b0050d4713580_r1c0.jpg,FP,27,-1,0.0,0,3657,0.0,42.14627939802389
TORDILHA-B_006_jpg.rf.235faef65a5565236d3b0050d4713580_r1c0.jpg,FP,28,-1,0.0,0,276,0.0,3.180851275322558
TORDILHA-B_006_jpg.rf.235faef65a5565236d3b0050d4713580_r1c0.jpg,FN,-1,4,0.0,18967,0,218.59132659073535,0.0
TORDILHA-B_006_jpg.rf.235faef65a5565236d3b0050d4713580_r1c0.jpg,FN,-1,5,0.0,323,0,3.722517978004298,0.0
TORDILHA-B_006_jpg.rf.235faef65a5565236d3b0050d4713580_r1c0.jpg,FN,-1,9,0.0,288,0,3.3191491568583213,0.0
TORDILHA-B_006_jpg.rf.235faef65a5565236d3b0050d4713580_r1c0.jpg,FN,-1,10,0.0,1069,0,12.320036280144254,0.0
TORDILHA-B_006_jpg.rf.235faef65a5565236d3b0050d4713580_r1c0.jpg,FN,-1,11,0.0,2019,0,23.268618568392192,0.0
TORDILHA-B_006_jpg.rf.235faef65a5565236d3b0050d4713580_r1c0.jpg,FN,-1,14,0.0,686,0,7.906028894461141,0.0
TORDILHA-B_006_jpg.rf.235faef65a5565236d3b0050d4713580_r1c1.jpg,TP,5,0,0.919836161497952,7938,8467,91.48404863590748,97.58068024694238
TORDILHA-B_006_jpg.rf.235faef65a5565236d3b0050d4713580_r1c1.jpg,TP,16,18,0.9053223671771602,41185,39433,474.6498542542013,454.4583635499798
TORDILHA-B_006_jpg.rf.235faef65a5565236d3b0050d4713580_r1c1.jpg,TP,2,10,0.8995092024539877,16117,14845,185.74557972599155,171.08600428320062
TORDILHA-B_006_jpg.rf.235faef65a5565236d3b0050d4713580_r1c1.jpg,TP,8,23,0.8901252548791144,16382,16062,188.79965794323965,185.1117144356193
TORDILHA-B_006_jpg.rf.235faef65a5565236d3b0050d4713580_r1c1.jpg,TP,0,6,0.8672773435555334,18065,19443,208.19593582863047,224.07714255832065
TORDILHA-B_006_jpg.rf.235faef65a5565236d3b0050d4713580_r1c1.jpg,TP,17,9,0.8585034013605443,12600,13354,145.21277561255155,153.90249250238202
TORDILHA-B_006_jpg.rf.235faef65a5565236d3b0050d4713580_r1c1.jpg,TP,9,3,0.8511530398322851,1246,1403,14.359930032796765,16.169327316223004
TORDILHA-B_006_jpg.rf.235faef65a5565236d3b0050d4713580_r1c1.jpg,TP,4,15,0.8429346422113149,7007,7261,80.7544379934245,83.68174315259816
TORDILHA-B_006_jpg.rf.235faef65a5565236d3b0050d4713580_r1c1.jpg,TP,13,20,0.839818450711408,19402,16675,223.60462479640677,192.17643121740454
TORDILHA-B_006_jpg.rf.235faef65a5565236d3b0050d4713580_r1c1.jpg,TP,1,13,0.8338854326573483,12377,10321,142.6427399806786,118.94770294421782
TORDILHA-B_006_jpg.rf.235faef65a5565236d3b0050d4713580_r1c1.jpg,TP,3,17,0.8121695414752536,10667,10240,122.93529186183234,118.01419224385143
TORDILHA-B_006_jpg.rf.235faef65a5565236d3b0050d4713580_r1c1.jpg,TP,24,1,0.7925179092597506,2987,3769,34.42464767894377,43.43705962569102
TORDILHA-B_006_jpg.rf.235faef65a5565236d3b0050d4713580_r1c1.jpg,TP,12,4,0.7853107344632768,1122,1406,12.930851923593877,16.203901786606945
TORDILHA-B_006_jpg.rf.235faef65a5565236d3b0050d4713580_r1c1.jpg,TP,10,12,0.7801608579088471,4475,3493,51.57358498937843,40.25620835036846
TORDILHA-B_006_jpg.rf.235faef65a5565236d3b0050d4713580_r1c1.jpg,TP,20,16,0.7648491661982387,5283,4136,60.88564234611983,47.66666983599311
TORDILHA-B_006_jpg.rf.235faef65a5565236d3b0050d4713580_r1c1.jpg,TP,22,19,0.7368342710845167,31427,26915,362.190626918703,310.190623461256
TORDILHA-B_006_jpg.rf.235faef65a5565236d3b0050d4713580_r1c1.jpg,TP,6,22,0.7304010349288487,3420,3268,39.41489623769257,37.6631230715729
TORDILHA-B_006_jpg.rf.235faef65a5565236d3b0050d4713580_r1c1.jpg,TP,7,14,0.7111385628989088,4691,3620,54.06294685702217,41.71986092995529
TORDILHA-B_006_jpg.rf.235faef65a5565236d3b0050d4713580_r1c1.jpg,TP,14,7,0.7078903189703414,1777,1275,20.479611290754296,14.69414991317486
TORDILHA-B_006_jpg.rf.235faef65a5565236d3b0050d4713580_r1c1.jpg,TP,21,11,0.6580502215657311,1313,932,15.132093204704777,10.74113546594429
TORDILHA-B_006_jpg.rf.235faef65a5565236d3b0050d4713580_r1c1.jpg,FP,11,-1,0.0,0,8121,0.0,93.59309132932788
TORDILHA-B_006_jpg.rf.235faef65a5565236d3b0050d4713580_r1c1.jpg,FP,15,-1,0.0,0,49289,0.0,568.0470235846868
TORDILHA-B_006_jpg.rf.235faef65a5565236d3b0050d4713580_r1c1.jpg,FP,18,-1,0.0,0,11783,0.0,135.79699484465834
TORDILHA-B_006_jpg.rf.235faef65a5565236d3b0050d4713580_r1c1.jpg,FP,19,-1,0.0,0,7667,0.0,88.36082147789149
TORDILHA-B_006_jpg.rf.235faef65a5565236d3b0050d4713580_r1c1.jpg,FP,23,-1,0.0,0,3958,0.0,45.615251259879294
TORDILHA-B_006_jpg.rf.235faef65a5565236d3b0050d4713580_r1c1.jpg,FP,25,-1,0.0,0,3812,0.0,43.932627034527506
TORDILHA-B_006_jpg.rf.235faef65a5565236d3b0050d4713580_r1c1.jpg,FN,-1,2,0.0,3175,0,36.59131448967073,0.0
TORDILHA-B_006_jpg.rf.235faef65a5565236d3b0050d4713580_r1c1.jpg,FN,-1,5,0.0,43706,0,503.7039342001729,0.0
TORDILHA-B_006_jpg.rf.235faef65a5565236d3b0050d4713580_r1c1.jpg,FN,-1,8,0.0,2779,0,32.02748439899054,0.0
TORDILHA-B_006_jpg.rf.235faef65a5565236d3b0050d4713580_r1c1.jpg,FN,-1,21,0.0,1323,0,15.247341439317914,0.0
TORDILHA-B_006_jpg.rf.235faef65a5565236d3b0050d4713580_r1c2.jpg,TP,1,29,0.9201311117181098,17903,17245,206.32891442789767,198.7455805903533
TORDILHA-B_006_jpg.rf.235faef65a5565236d3b0050d4713580_r1c2.jpg,TP,3,0,0.9026900787129141,10440,11557,120.31915693611415,133.19238474240146
TORDILHA-B_006_jpg.rf.235faef65a5565236d3b0050d4713580_r1c2.jpg,TP,19,31,0.9002209131075111,23694,22755,273.0691670923648,262.24735786219134
TORDILHA-B_006_jpg.rf.235faef65a5565236d3b0050d4713580_r1c2.jpg,TP,13,28,0.8817449194113525,5237,5504,60.35550046689941,63.43262833107014
TORDILHA-B_006_jpg.rf.235faef65a5565236d3b0050d4713580_r1c2.jpg,TP,18,8,0.8816150714759065,19293,20458,222.3484190391236,235.77483837155395
TORDILHA-B_006_jpg.rf.235faef65a5565236d3b0050d4713580_r1c2.jpg,TP,28,26,0.875807398708162,3223,3166,37.14450601581378,36.48759107851891
TORDILHA-B_006_jpg.rf.235faef65a5565236d3b0050d4713580_r1c2.jpg,TP,34,6,0.8685897435897436,3393,3603,39.103726004237096,41.52393893111296
TORDILHA-B_006_jpg.rf.235faef65a5565236d3b0050d4713580_r1c2.jpg,TP,10,24,0.86810249960698,5991,5892,69.04521735672988,67.90425983405983
TORDILHA-B_006_jpg.rf.235faef65a5565236d3b0050d4713580_r1c2.jpg,TP,0,30,0.8540749489960271,8446,8821,97.3386589542548,101.6604677522474
TORDILHA-B_006_jpg.rf.235faef65a5565236d3b0050d4713580_r1c2.jpg,TP,30,32,0.8526905567876736,8472,7400,97.63830436424895,85.28369361372076
TORDILHA-B_006_jpg.rf.235faef65a5565236d3b0050d4713580_r1c2.jpg,TP,21,2,0.8455522971652004,887,1001,10.222518410185177,11.53634828477493
TORDILHA-B_006_jpg.rf.235faef65a5565236d3b0050d4713580_r1c2.jpg,TP,8,11,0.8435498627630376,4854,5221,55.941493081216294,60.171103291518385
TORDILHA-B_006_jpg.rf.235faef65a5565236d3b0050d4713580_r1c2.jpg,TP,42,7,0.8379079317052086,4122,4382,47.505322307534726,50.501776407476264
TORDILHA-B_006_jpg.rf.235faef65a5565236d3b0050d4713580_r1c2.jpg,TP,12,35,0.8376729559748428,15444,13775,177.9893735365275,158.75444317959506
TORDILHA-B_006_jpg.rf.235faef65a5565236d3b0050d4713580_r1c2.jpg,TP,27,22,0.8350232361639206,4069,4618,46.8945066640851,53.221634744346275
TORDILHA-B_006_jpg.rf.235faef65a5565236d3b0050d4713580_r1c2.jpg,TP,36,13,0.819760773390136,5904,5202,68.04255771559559,59.95213164575343
TORDILHA-B_006_jpg.rf.235faef65a5565236d3b0050d4713580_r1c2.jpg,TP,29,4,0.8186335403726708,693,771,7.986702658690335,8.885638888672798
TORDILHA-B_006_jpg.rf.235faef65a5565236d3b0050d4713580_r1c2.jpg,TP,25,21,0.8102373046084069,11034,11317,127.16490207213444,130.4264271116862
TORDILHA-B_006_jpg.rf.235faef65a5565236d3b0050d4713580_r1c2.jpg,TP,2,12,0.8045300113250283,4016,3951,46.28369102063548,45.5345774956501
TORDILHA-B_006_jpg.rf.235faef65a5565236d3b0050d4713580_r1c2.jpg,TP,23,20,0.7910094637223974,3617,3196,41.68528645957135,36.83333578235832
TORDILHA-B_006_jpg.rf.235faef65a5565236d3b0050d4713580_r1c2.jpg,TP,20,14,0.789603090972954,7440,7845,85.7446865521733,90.41224005400531
TORDILHA-B_006_jpg.rf.235faef65a5565236d3b0050d4713580_r1c2.jpg,TP,39,23,0.7887109077040427,3609,3426,41.59308787188084,39.48404517846045
TORDILHA-B_006_jpg.rf.235faef65a5565236d3b0050d4713580_r1c2.jpg,TP,4,18,0.7836080178173719,9029,10992,104.05763103220063,126.68085948675926
TORDILHA-B_006_jpg.rf.235faef65a5565236d3b0050d4713580_r1c2.jpg,TP,7,5,0.78101802757158,1485,1874,17.11436284005072,21.597519166501716
TORDILHA-B_006_jpg.rf.235faef65a5565236d3b0050d4713580_r1c2.jpg,TP,15,15,0.7789642285104111,1829,1503,21.078902110742604,17.321809662354365
TORDILHA-B_006_jpg.rf.235faef65a5565236d3b0050d4713580_r1c2.jpg,TP,5,16,0.775053053525112,4030,3498,46.44503854909387,40.31383246767503
TORDILHA-B_006_jpg.rf.235faef65a5565236d3b0050d4713580_r1c2.jpg,TP,14,33,0.758957654723127,6893,5527,79.44060811883476,63.69769927068035
TORDILHA-B_006_jpg.rf.235faef65a5565236d3b0050d4713580_r1c2.jpg,TP,22,17,0.7537537537537538,893,859,10.291667350953059,9.899823353268395
TORDILHA-B_006_jpg.rf.235faef65a5565236d3b0050d4713580_r1c2.jpg,TP,17,1,0.7368125070295805,6570,8872,75.71809014083045,102.2482337487744
TORDILHA-B_006_jpg.rf.235faef65a5565236d3b0050d4713580_r1c2.jpg,TP,31,10,0.6613972463029066,1684,1574,19.407802708852127,18.140072128107633
TORDILHA-B_006_jpg.rf.235faef65a5565236d3b0050d4713580_r1c2.jpg,TP,9,3,0.6412429378531074,3886,5991,44.78546397066471,69.04521735672988
TORDILHA-B_006_jpg.rf.235faef65a5565236d3b0050d4713580_r1c2.jpg,TP,6,9,0.5898887765419616,13662,9924,157.45213812846663,114.37234803007632
TORDILHA-B_006_jpg.rf.235faef65a5565236d3b0050d4713580_r1c2.jpg,FP,11,-1,0.0,0,3514,0.0,40.49822964305604
TORDILHA-B_006_jpg.rf.235faef65a5565236d3b0050d4713580_r1c2.jpg,FP,16,-1,0.0,0,3602,0.0,41.512414107651644
TORDILHA-B_006_jpg.rf.235faef65a5565236d3b0050d4713580_r1c2.jpg,FP,24,-1,0.0,0,1198,0.0,13.806738506653712
TORDILHA-B_006_jpg.rf.235faef65a5565236d3b0050d4713580_r1c2.jpg,FP,26,-1,0.0,0,14015,0.0,161.52040081031032
TORDILHA-B_006_jpg.rf.235faef65a5565236d3b0050d4713580_r1c2.jpg,FP,32,-1,0.0,0,8960,0.0,103.26241821337
TORDILHA-B_006_jpg.rf.235faef65a5565236d3b0050d4713580_r1c2.jpg,FP,33,-1,0.0,0,15554,0.0,179.25710411727198
TORDILHA-B_006_jpg.rf.235faef65a5565236d3b0050d4713580_r1c2.jpg,FP,35,-1,0.0,0,8901,0.0,102.5824536291525
TORDILHA-B_006_jpg.rf.235faef65a5565236d3b0050d4713580_r1c2.jpg,FP,37,-1,0.0,0,2995,0.0,34.51684626663428
TORDILHA-B_006_jpg.rf.235faef65a5565236d3b0050d4713580_r1c2.jpg,FP,38,-1,0.0,0,10514,0.0,121.17199387225136
TORDILHA-B_006_jpg.rf.235faef65a5565236d3b0050d4713580_r1c2.jpg,FP,40,-1,0.0,0,15644,0.0,180.2943382287902
TORDILHA-B_006_jpg.rf.235faef65a5565236d3b0050d4713580_r1c2.jpg,FP,41,-1,0.0,0,359,0.0,4.137411622611588
TORDILHA-B_006_jpg.rf.235faef65a5565236d3b0050d4713580_r1c2.jpg,FN,-1,19,0.0,1032,0,11.893617812075652,0.0
TORDILHA-B_006_jpg.rf.235faef65a5565236d3b0050d4713580_r1c2.jpg,FN,-1,25,0.0,1523,0,17.552306131580636,0.0
TORDILHA-B_006_jpg.rf.235faef65a5565236d3b0050d4713580_r1c2.jpg,FN,-1,27,0.0,7405,0,85.34131773102733,0.0
TORDILHA-B_006_jpg.rf.235faef65a5565236d3b0050d4713580_r1c2.jpg,FN,-1,34,0.0,763,0,8.793440300982288,0.0
TORDILHA-B_006_jpg.rf.235faef65a5565236d3b0050d4713580_r2c0.jpg,TP,6,1,0.8879251312485734,4205,4066,48.461882654823754,46.85993219370116
TORDILHA-B_006_jpg.rf.235faef65a5565236d3b0050d4713580_r2c0.jpg,TP,3,22,0.88593118406783,18858,19400,217.33512083345218,223.58157514948414
TORDILHA-B_006_jpg.rf.235faef65a5565236d3b0050d4713580_r2c0.jpg,TP,0,8,0.8847761802793923,18380,18588,211.82625521894425,214.2234184988975
TORDILHA-B_006_jpg.rf.235faef65a5565236d3b0050d4713580_r2c0.jpg,TP,7,0,0.8523578669017188,3868,4538,44.57801714836106,52.299648867441185
TORDILHA-B_006_jpg.rf.235faef65a5565236d3b0050d4713580_r2c0.jpg,TP,14,15,0.8512516046213093,5771,5766,66.50975619524088,66.45213207793431
TORDILHA-B_006_jpg.rf.235faef65a5565236d3b0050d4713580_r2c0.jpg,TP,2,12,0.838879336502478,8410,9771,96.92376530964751,112.60905004049533
TORDILHA-B_006_jpg.rf.235faef65a5565236d3b0050d4713580_r2c0.jpg,TP,1,5,0.8273349030160332,7510,8788,86.55142419446526,101.28014857802405
TORDILHA-B_006_jpg.rf.235faef65a5565236d3b0050d4713580_r2c0.jpg,TP,10,18,0.8038536179650679,6698,6315,77.1932675438786,72.77926015819548
TORDILHA-B_006_jpg.rf.235faef65a5565236d3b0050d4713580_r2c0.jpg,TP,35,29,0.8022227096585508,12828,11821,147.84043536173107,136.23493813618825
TORDILHA-B_006_jpg.rf.235faef65a5565236d3b0050d4713580_r2c0.jpg,TP,20,20,0.8019564414913252,5049,4714,58.18883365617245,54.32801779663239
TORDILHA-B_006_jpg.rf.235faef65a5565236d3b0050d4713580_r2c0.jpg,TP,13,2,0.8011695906432749,962,1194,11.086880169783699,13.760639212808456
TORDILHA-B_006_jpg.rf.235faef65a5565236d3b0050d4713580_r2c0.jpg,TP,17,26,0.7890691716481639,4342,4038,50.04078346902372,46.537237136784384
TORDILHA-B_006_jpg.rf.235faef65a5565236d3b0050d4713580_r2c0.jpg,TP,12,11,0.7723978977143755,48217,53290,555.6924128341586,614.1578422534026
TORDILHA-B_006_jpg.rf.235faef65a5565236d3b0050d4713580_r2c0.jpg,TP,24,6,0.7723562810503903,5635,4354,64.94238020450223,50.179081350559485
TORDILHA-B_006_jpg.rf.235faef65a5565236d3b0050d4713580_r2c0.jpg,TP,34,4,0.7722627737226277,645,569,7.433511132547282,6.557624549487447
TORDILHA-B_006_jpg.rf.235faef65a5565236d3b0050d4713580_r2c0.jpg,TP,9,21,0.7574786324786325,3500,3080,40.33688211459766,35.49645626084594
TORDILHA-B_006_jpg.rf.235faef65a5565236d3b0050d4713580_r2c0.jpg,TP,28,3,0.7547271745002702,1500,1748,17.287235191970424,20.1453914103762
TORDILHA-B_006_jpg.rf.235faef65a5565236d3b0050d4713580_r2c0.jpg,TP,8,17,0.7339647008179079,3677,4379,42.37677586725017,50.46720193709233
TORDILHA-B_006_jpg.rf.235faef65a5565236d3b0050d4713580_r2c0.jpg,TP,18,9,0.7130730050933786,493,516,5.681737966427613,5.946808906037826
TORDILHA-B_006_jpg.rf.235faef65a5565236d3b0050d4713580_r2c0.jpg,TP,21,16,0.7083849648905411,2377,1759,27.394505367542465,20.27216446845065
TORDILHA-B_006_jpg.rf.235faef65a5565236d3b0050d4713580_r2c0.jpg,TP,4,31,0.7041350941762287,21445,17912,247.14983912787048,206.43263783904948
TORDILHA-B_006_jpg.rf.235faef65a5565236d3b0050d4713580_r2c0.jpg,TP,29,27,0.6922503725782414,25744,31031,296.6950551880577,357.6267968280228
TORDILHA-B_006_jpg.rf.235faef65a5565236d3b0050d4713580_r2c0.jpg,TP,25,7,0.6893009270859434,3879,2863,44.70479020643552,32.99556956974088
TORDILHA-B_006_jpg.rf.235faef65a5565236d3b0050d4713580_r2c0.jpg,TP,19,14,0.6813219238713485,3273,2425,37.720747188879464,27.947696893685517
TORDILHA-B_006_jpg.rf.235faef65a5565236d3b0050d4713580_r2c0.jpg,TP,11,28,0.6695084522823598,15133,19137,174.40515344005894,220.55054657915866
TORDILHA-B_006_jpg.rf.235faef65a5565236d3b0050d4713580_r2c0.jpg,TP,22,24,0.6446078431372549,1620,1064,18.670214007328056,12.262412162837688
TORDILHA-B_006_jpg.rf.235faef65a5565236d3b0050d4713580_r2c0.jpg,TP,30,25,0.6357954545454545,1758,1121,20.260639644989336,12.919327100132563
TORDILHA-B_006_jpg.rf.235faef65a5565236d3b0050d4713580_r2c0.jpg,TP,26,23,0.6335149863760218,1421,977,16.37677413852665,11.259752521703403
TORDILHA-B_006_jpg.rf.235faef65a5565236d3b0050d4713580_r2c0.jpg,TP,33,30,0.5531095611740773,27461,15293,316.4831770711332,176.24912519386913
TORDILHA-B_006_jpg.rf.235faef65a5565236d3b0050d4713580_r2c0.jpg,FP,5,-1,0.0,0,7620,0.0,87.81915477520975
TORDILHA-B_006_jpg.rf.235faef65a5565236d3b0050d4713580_r2c0.jpg,FP,15,-1,0.0,0,3793,0.0,43.71365538876255
TORDILHA-B_006_jpg.rf.235faef65a5565236d3b0050d4713580_r2c0.jpg,FP,16,-1,0.0,0,3185,0.0,36.70656272428386
TORDILHA-B_006_jpg.rf.235faef65a5565236d3b0050d4713580_r2c0.jpg,FP,23,-1,0.0,0,4501,0.0,51.87323039937259
TORDILHA-B_006_jpg.rf.235faef65a5565236d3b0050d4713580_r2c0.jpg,FP,27,-1,0.0,0,2962,0.0,34.13652709241093
TORDILHA-B_006_jpg.rf.235faef65a5565236d3b0050d4713580_r2c0.jpg,FP,31,-1,0.0,0,1787,0.0,20.594859525367433
TORDILHA-B_006_jpg.rf.235faef65a5565236d3b0050d4713580_r2c0.jpg,FP,32,-1,0.0,0,9163,0.0,105.60195737601666
TORDILHA-B_006_jpg.rf.235faef65a5565236d3b0050d4713580_r2c0.jpg,FP,36,-1,0.0,0,1421,0.0,16.37677413852665
TORDILHA-B_006_jpg.rf.235faef65a5565236d3b0050d4713580_r2c0.jpg,FP,37,-1,0.0,0,1346,0.0,15.512412378928127
TORDILHA-B_006_jpg.rf.235faef65a5565236d3b0050d4713580_r2c0.jpg,FN,-1,10,0.0,846,0,9.75000064827132,0.0
TORDILHA-B_006_jpg.rf.235faef65a5565236d3b0050d4713580_r2c0.jpg,FN,-1,13,0.0,6076,0,70.02482735094154,0.0
TORDILHA-B_006_jpg.rf.235faef65a5565236d3b0050d4713580_r2c0.jpg,FN,-1,19,0.0,8381,0,96.5895454292694,0.0
TORDILHA-B_006_jpg.rf.235faef65a5565236d3b0050d4713580_r2c1.jpg,TP,12,14,0.9165035877364645,4284,4530,49.37234370826753,52.20745027975068
TORDILHA-B_006_jpg.rf.235faef65a5565236d3b0050d4713580_r2c1.jpg,TP,6,0,0.8984268790056321,4665,5110,53.76330144702802,58.89184788731258
TORDILHA-B_006_jpg.rf.235faef65a5565236d3b0050d4713580_r2c1.jpg,TP,3,11,0.8822865738999623,9959,10061,114.7757168512223,115.9512488442763
TORDILHA-B_006_jpg.rf.235faef65a5565236d3b0050d4713580_r2c1.jpg,TP,7,6,0.8698583951449764,2591,2955,29.86081758826358,34.05585332818173
TORDILHA-B_006_jpg.rf.235faef65a5565236d3b0050d4713580_r2c1.jpg,TP,15,18,0.8677932405566601,1806,1952,20.81383117113239,22.49645539648418
TORDILHA-B_006_jpg.rf.235faef65a5565236d3b0050d4713580_r2c1.jpg,TP,5,3,0.8442728442728443,4603,5428,53.048762392426575,62.5567417480103
TORDILHA-B_006_jpg.rf.235faef65a5565236d3b0050d4713580_r2c1.jpg,TP,2,2,0.8438480306727083,4844,5736,55.82624484660315,66.1063873740949
TORDILHA-B_006_jpg.rf.235faef65a5565236d3b0050d4713580_r2c1.jpg,TP,9,1,0.8340617935192163,5718,6451,65.89894055179126,74.34663614893414
TORDILHA-B_006_jpg.rf.235faef65a5565236d3b0050d4713580_r2c1.jpg,TP,14,10,0.8333333333333334,3299,2861,38.02039259887362,32.97251992281826
TORDILHA-B_006_jpg.rf.235faef65a5565236d3b0050d4713580_r2c1.jpg,TP,13,9,0.8291571753986332,3604,3623,41.53546375457427,41.75443540033923
TORDILHA-B_006_jpg.rf.235faef65a5565236d3b0050d4713580_r2c1.jpg,TP,1,4,0.8262378094523631,8848,10627,101.97163798570287,122.47429892337979
TORDILHA-B_006_jpg.rf.235faef65a5565236d3b0050d4713580_r2c1.jpg,TP,16,12,0.8246228858753619,6037,5938,69.5753592359503,68.43440171328025
TORDILHA-B_006_jpg.rf.235faef65a5565236d3b0050d4713580_r2c1.jpg,TP,4,13,0.8152191894127379,5215,5758,60.1019543507505,66.3599334902438
TORDILHA-B_006_jpg.rf.235faef65a5565236d3b0050d4713580_r2c1.jpg,TP,17,17,0.8083152790673682,8978,8550,103.46986503567365,98.53724059423142
TORDILHA-B_006_jpg.rf.235faef65a5565236d3b0050d4713580_r2c1.jpg,TP,8,7,0.7581620314389359,658,796,7.583333837544359,9.173759475205639
TORDILHA-B_006_jpg.rf.235faef65a5565236d3b0050d4713580_r2c1.jpg,TP,11,16,0.6831127156036904,2387,1809,27.5097536021556,20.84840564151633
TORDILHA-B_006_jpg.rf.235faef65a5565236d3b0050d4713580_r2c1.jpg,TP,0,5,0.6685303514376997,3406,4950,39.253548709234174,57.0478761335024
TORDILHA-B_006_jpg.rf.235faef65a5565236d3b0050d4713580_r2c1.jpg,TP,18,8,0.5474343675417661,5329,5045,61.41578422534026,58.14273436232719
TORDILHA-B_006_jpg.rf.235faef65a5565236d3b0050d4713580_r2c1.jpg,FP,10,-1,0.0,0,4379,0.0,50.46720193709233
TORDILHA-B_006_jpg.rf.235faef65a5565236d3b0050d4713580_r2c1.jpg,FP,19,-1,0.0,0,975,0.0,11.236702874780775
TORDILHA-B_006_jpg.rf.235faef65a5565236d3b0050d4713580_r2c1.jpg,FN,-1,15,0.0,9406,0,108.40248947711586,0.0
TORDILHA-B_006_jpg.rf.235faef65a5565236d3b0050d4713580_r2c2.jpg,TP,13,4,0.9265633964429145,3282,3434,37.82447060003129,39.57624376615096
TORDILHA-B_006_jpg.rf.235faef65a5565236d3b0050d4713580_r2c2.jpg,TP,2,32,0.9019773217130541,10005,10291,115.30585873044272,118.60195824037842
TORDILHA-B_006_jpg.rf.235faef65a5565236d3b0050d4713580_r2c2.jpg,TP,10,9,0.9004889975550122,3793,3980,43.71365538876255,45.86879737602819
TORDILHA-B_006_jpg.rf.235faef65a5565236d3b0050d4713580_r2c2.jpg,TP,0,11,0.8998424487958586,8558,8324,98.62943918192192,95.93263049197454
TORDILHA-B_006_jpg.rf.235faef65a5565236d3b0050d4713580_r2c2.jpg,TP,33,19,0.8940559013792262,7884,7634,90.86170816899654,87.98050230366815
TORDILHA-B_006_jpg.rf.235faef65a5565236d3b0050d4713580_r2c2.jpg,TP,26,18,0.8921556814073984,15799,15607,182.08068586529382,179.8679197607216
TORDILHA-B_006_jpg.rf.235faef65a5565236d3b0050d4713580_r2c2.jpg,TP,25,36,0.8843818984547461,3298,3531,38.008867775412305,40.69415164189838
TORDILHA-B_006_jpg.rf.235faef65a5565236d3b0050d4713580_r2c2.jpg,TP,3,38,0.8842563783447418,5884,6228,67.81206124636931,71.7766005170612
TORDILHA-B_006_jpg.rf.235faef65a5565236d3b0050d4713580_r2c2.jpg,TP,11,5,0.8833588565594691,3526,3853,40.63652752459181,44.40514479644136
TORDILHA-B_006_jpg.rf.235faef65a5565236d3b0050d4713580_r2c2.jpg,TP,22,8,0.8824480992181181,3285,3697,37.85904507041523,42.607272336476434
TORDILHA-B_006_jpg.rf.235faef65a5565236d3b0050d4713580_r2c2.jpg,TP,42,28,0.8797943851324634,4684,4824,53.98227309279298,55.595748377376886
TORDILHA-B_006_jpg.rf.235faef65a5565236d3b0050d4713580_r2c2.jpg,TP,7,2,0.8740802675585284,5234,5973,60.32092599651546,68.83777053442623
TORDILHA-B_006_jpg.rf.235faef65a5565236d3b0050d4713580_r2c2.jpg,TP,29,37,0.865315852205006,3783,4042,43.598407154149406,46.583336430629636
TORDILHA-B_006_jpg.rf.235faef65a5565236d3b0050d4713580_r2c2.jpg,TP,15,12,0.8466722830665543,2243,2141,25.85017902372644,24.67464703067245
TORDILHA-B_006_jpg.rf.235faef65a5565236d3b0050d4713580_r2c2.jpg,TP,28,41,0.842482351701612,25208,27253,290.5177498127936,314.08601379118
TORDILHA-B_006_jpg.rf.235faef65a5565236d3b0050d4713580_r2c2.jpg,TP,34,7,0.8348837209302326,1803,2142,20.779256700748448,24.686171854133764
TORDILHA-B_006_jpg.rf.235faef65a5565236d3b0050d4713580_r2c2.jpg,TP,9,14,0.8339372605859819,9161,8553,105.57890772909404,98.57181506461535
TORDILHA-B_006_jpg.rf.235faef65a5565236d3b0050d4713580_r2c2.jpg,TP,1,34,0.822820958529923,7851,6830,90.4813889947732,78.714544240772
TORDILHA-B_006_jpg.rf.235faef65a5565236d3b0050d4713580_r2c2.jpg,TP,14,25,0.819135410044501,5493,5953,63.30585527299569,68.60727406519996
TORDILHA-B_006_jpg.rf.235faef65a5565236d3b0050d4713580_r2c2.jpg,TP,8,15,0.8091391062862914,7633,6699,87.96897748020683,77.2047923673399
TORDILHA-B_006_jpg.rf.235faef65a5565236d3b0050d4713580_r2c2.jpg,TP,21,26,0.8075807787903894,4381,4346,50.49025158401495,50.086882762868974
TORDILHA-B_006_jpg.rf.235faef65a5565236d3b0050d4713580_r2c2.jpg,TP,4,1,0.7983493810178817,2911,3626,33.54876109588393,41.78900987072317
TORDILHA-B_006_jpg.rf.235faef65a5565236d3b0050d4713580_r2c2.jpg,TP,16,29,0.7981432360742705,3247,3532,37.42110177888531,40.705676465359694
TORDILHA-B_006_jpg.rf.235faef65a5565236d3b0050d4713580_r2c2.jpg,TP,6,3,0.7920345301157544,4067,5067,46.87145701716248,58.39628047847609
TORDILHA-B_006_jpg.rf.235faef65a5565236d3b0050d4713580_r2c2.jpg,TP,19,13,0.7880386983289358,3297,2802,37.99734295195099,32.29255533860075
TORDILHA-B_006_jpg.rf.235faef65a5565236d3b0050d4713580_r2c2.jpg,TP,18,0,0.7822045152722443,3534,4518,40.72872611228232,52.06915239821492
TORDILHA-B_006_jpg.rf.235faef65a5565236d3b0050d4713580_r2c2.jpg,TP,30,10,0.7765255634964267,3383,3080,38.98847776962396,35.49645626084594
TORDILHA-B_006_jpg.rf.235faef65a5565236d3b0050d4713580_r2c2.jpg,TP,38,33,0.7745504840940526,1225,1341,14.11790874010918,15.454788261621559
TORDILHA-B_006_jpg.rf.235faef65a5565236d3b0050d4713580_r2c2.jpg,TP,12,20,0.75730110775428,6791,8914,78.26507612578077,102.73227633414957
TORDILHA-B_006_jpg.rf.235faef65a5565236d3b0050d4713580_r2c2.jpg,TP,41,40,0.7535545023696683,572,538,6.592199019871388,6.200355022186725
TORDILHA-B_006_jpg.rf.235faef65a5565236d3b0050d4713580_r2c2.jpg,TP,37,31,0.7445255474452555,2058,2244,23.718086683383422,25.861703847187755
TORDILHA-B_006_jpg.rf.235faef65a5565236d3b0050d4713580_r2c2.jpg,TP,32,21,0.7055739514348786,2612,3569,30.102838880951165,41.13209493342829
TORDILHA-B_006_jpg.rf.235faef65a5565236d3b0050d4713580_r2c2.jpg,TP,20,17,0.6998211091234348,2176,2575,25.078015851818428,29.67642041288256
TORDILHA-B_006_jpg.rf.235faef65a5565236d3b0050d4713580_r2c2.jpg,TP,35,23,0.6817859673990078,1168,1205,13.460993802814304,13.887412270882907
TORDILHA-B_006_jpg.rf.235faef65a5565236d3b0050d4713580_r2c2.jpg,TP,45,35,0.6533564814814815,1595,1262,18.38209342079522,14.544327208177783
TORDILHA-B_006_jpg.rf.235faef65a5565236d3b0050d4713580_r2c2.jpg,TP,17,42,0.5944201775398056,34320,22258,395.5319411922833,256.5195206019185
TORDILHA-B_006_jpg.rf.235faef65a5565236d3b0050d4713580_r2c2.jpg,TP,24,30,0.5214679779323579,3995,2348,46.0416697279479,27.06028548716437
TORDILHA-B_006_jpg.rf.235faef65a5565236d3b0050d4713580_r2c2.jpg,FP,5,-1,0.0,0,16128,0.0,185.87235278406598
TORDILHA-B_006_jpg.rf.235faef65a5565236d3b0050d4713580_r2c2.jpg,FP,23,-1,0.0,0,5128,0.0,59.099294709616224
TORDILHA-B_006_jpg.rf.235faef65a5565236d3b0050d4713580_r2c2.jpg,FP,27,-1,0.0,0,9127,0.0,105.18706373140937
TORDILHA-B_006_jpg.rf.235faef65a5565236d3b0050d4713580_r2c2.jpg,FP,31,-1,0.0,0,9504,0.0,109.5319221763246
TORDILHA-B_006_jpg.rf.235faef65a5565236d3b0050d4713580_r2c2.jpg,FP,36,-1,0.0,0,7158,0.0,82.49468633608286
TORDILHA-B_006_jpg.rf.235faef65a5565236d3b0050d4713580_r2c2.jpg,FP,39,-1,0.0,0,8240,0.0,94.9645453212242
TORDILHA-B_006_jpg.rf.235faef65a5565236d3b0050d4713580_r2c2.jpg,FP,40,-1,0.0,0,4320,0.0,49.78723735287482
TORDILHA-B_006_jpg.rf.235faef65a5565236d3b0050d4713580_r2c2.jpg,FP,43,-1,0.0,0,13210,0.0,152.24291792395286
TORDILHA-B_006_jpg.rf.235faef65a5565236d3b0050d4713580_r2c2.jpg,FP,44,-1,0.0,0,2653,0.0,30.57535664286502
TORDILHA-B_006_jpg.rf.235faef65a5565236d3b0050d4713580_r2c2.jpg,FP,46,-1,0.0,0,3904,0.0,44.99291079296836
TORDILHA-B_006_jpg.rf.235faef65a5565236d3b0050d4713580_r2c2.jpg,FP,47,-1,0.0,0,672,0.0,7.74468136600275
TORDILHA-B_006_jpg.rf.235faef65a5565236d3b0050d4713580_r2c2.jpg,FP,48,-1,0.0,0,1320,0.0,15.212766968933973
TORDILHA-B_006_jpg.rf.235faef65a5565236d3b0050d4713580_r2c2.jpg,FN,-1,6,0.0,3027,0,34.88564061739631,0.0
TORDILHA-B_006_jpg.rf.235faef65a5565236d3b0050d4713580_r2c2.jpg,FN,-1,16,0.0,2279,0,26.26507266833373,0.0
TORDILHA-B_006_jpg.rf.235faef65a5565236d3b0050d4713580_r2c2.jpg,FN,-1,22,0.0,574,0,6.615248666794016,0.0
TORDILHA-B_006_jpg.rf.235faef65a5565236d3b0050d4713580_r2c2.jpg,FN,-1,24,0.0,28681,0,330.5434616939358,0.0
TORDILHA-B_006_jpg.rf.235faef65a5565236d3b0050d4713580_r2c2.jpg,FN,-1,27,0.0,9610,0,110.75355346322385,0.0
TORDILHA-B_006_jpg.rf.235faef65a5565236d3b0050d4713580_r2c2.jpg,FN,-1,39,0.0,2657,0,30.621455936710277,0.0
TORDILHA-D_003_jpg.rf.e67cd4ad20c15ed213012bb43fa0dc3f_r0c0.jpg,TP,4,2,0.8768245838668374,3449,3880,39.74911611807066,44.716315029896826
TORDILHA-D_003_jpg.rf.e67cd4ad20c15ed213012bb43fa0dc3f_r0c0.jpg,TP,0,0,0.8755909015071465,15821,17904,182.3342319814427,206.340439251359
TORDILHA-D_003_jpg.rf.e67cd4ad20c15ed213012bb43fa0dc3f_r0c0.jpg,TP,15,1,0.8495098039215686,3497,4049,40.30230764421371,46.66401019485883
TORDILHA-D_003_jpg.rf.e67cd4ad20c15ed213012bb43fa0dc3f_r0c0.jpg,TP,11,17,0.8104639684106614,821,1013,9.461880061738478,11.674646166310692
TORDILHA-D_003_jpg.rf.e67cd4ad20c15ed213012bb43fa0dc3f_r0c0.jpg,TP,29,8,0.8091212690461281,8536,8799,98.37589306577303,101.4069216360985
TORDILHA-D_003_jpg.rf.e67cd4ad20c15ed213012bb43fa0dc3f_r0c0.jpg,TP,1,5,0.707508687112857,6420,4882,73.98936662163341,56.26418813813307
TORDILHA-D_003_jpg.rf.e67cd4ad20c15ed213012bb43fa0dc3f_r0c0.jpg,TP,24,6,0.7074403558431055,3547,4898,40.878548817279395,56.44858531351409
TORDILHA-D_003_jpg.rf.e67cd4ad20c15ed213012bb43fa0dc3f_r0c0.jpg,TP,5,9,0.7059686888454012,1753,1734,20.20301552768277,19.98404388191781
TORDILHA-D_003_jpg.rf.e67cd4ad20c15ed213012bb43fa0dc3f_r0c0.jpg,TP,26,13,0.5816368244624315,11091,8254,127.82181700942931,95.12589284968259
TORDILHA-D_003_jpg.rf.e67cd4ad20c15ed213012bb43fa0dc3f_r0c0.jpg,TP,31,3,0.5336011056404941,21044,14465,242.52838491988373,166.70657136790146
TORDILHA-D_003_jpg.rf.e67cd4ad20c15ed213012bb43fa0dc3f_r0c0.jpg,FP,2,-1,0.0,0,2390,0.0,27.544328072539543
TORDILHA-D_003_jpg.rf.e67cd4ad20c15ed213012bb43fa0dc3f_r0c0.jpg,FP,3,-1,0.0,0,3624,0.0,41.76596022380054
TORDILHA-D_003_jpg.rf.e67cd4ad20c15ed213012bb43fa0dc3f_r0c0.jpg,FP,6,-1,0.0,0,2960,0.0,34.1134774454883
TORDILHA-D_003_jpg.rf.e67cd4ad20c15ed213012bb43fa0dc3f_r0c0.jpg,FP,7,-1,0.0,0,2652,0.0,30.56383181940371
TORDILHA-D_003_jpg.rf.e67cd4ad20c15ed213012bb43fa0dc3f_r0c0.jpg,FP,8,-1,0.0,0,5857,0.0,67.50089101291385
TORDILHA-D_003_jpg.rf.e67cd4ad20c15ed213012bb43fa0dc3f_r0c0.jpg,FP,9,-1,0.0,0,4865,0.0,56.06826613929074
TORDILHA-D_003_jpg.rf.e67cd4ad20c15ed213012bb43fa0dc3f_r0c0.jpg,FP,10,-1,0.0,0,3853,0.0,44.40514479644136
TORDILHA-D_003_jpg.rf.e67cd4ad20c15ed213012bb43fa0dc3f_r0c0.jpg,FP,12,-1,0.0,0,5561,0.0,64.08954326836502
TORDILHA-D_003_jpg.rf.e67cd4ad20c15ed213012bb43fa0dc3f_r0c0.jpg,FP,13,-1,0.0,0,830,0.0,9.5656034728903
TORDILHA-D_003_jpg.rf.e67cd4ad20c15ed213012bb43fa0dc3f_r0c0.jpg,FP,14,-1,0.0,0,928,0.0,10.695036172099035
TORDILHA-D_003_jpg.rf.e67cd4ad20c15ed213012bb43fa0dc3f_r0c0.jpg,FP,16,-1,0.0,0,2127,0.0,24.51329950221406
TORDILHA-D_003_jpg.rf.e67cd4ad20c15ed213012bb43fa0dc3f_r0c0.jpg,FP,17,-1,0.0,0,1562,0.0,18.001774246571866
TORDILHA-D_003_jpg.rf.e67cd4ad20c15ed213012bb43fa0dc3f_r0c0.jpg,FP,18,-1,0.0,0,1670,0.0,19.24645518039374
TORDILHA-D_003_jpg.rf.e67cd4ad20c15ed213012bb43fa0dc3f_r0c0.jpg,FP,19,-1,0.0,0,2305,0.0,26.564718078327886
TORDILHA-D_003_jpg.rf.e67cd4ad20c15ed213012bb43fa0dc3f_r0c0.jpg,FP,20,-1,0.0,0,4991,0.0,57.520393895416255
TORDILHA-D_003_jpg.rf.e67cd4ad20c15ed213012bb43fa0dc3f_r0c0.jpg,FP,21,-1,0.0,0,2894,0.0,33.3528390970416
TORDILHA-D_003_jpg.rf.e67cd4ad20c15ed213012bb43fa0dc3f_r0c0.jpg,FP,22,-1,0.0,0,1821,0.0,20.986703523052093
TORDILHA-D_003_jpg.rf.e67cd4ad20c15ed213012bb43fa0dc3f_r0c0.jpg,FP,23,-1,0.0,0,4413,0.0,50.85904593477699
TORDILHA-D_003_jpg.rf.e67cd4ad20c15ed213012bb43fa0dc3f_r0c0.jpg,FP,25,-1,0.0,0,1676,0.0,19.31560412116162
TORDILHA-D_003_jpg.rf.e67cd4ad20c15ed213012bb43fa0dc3f_r0c0.jpg,FP,27,-1,0.0,0,1512,0.0,17.425533073506188
TORDILHA-D_003_jpg.rf.e67cd4ad20c15ed213012bb43fa0dc3f_r0c0.jpg,FP,28,-1,0.0,0,1859,0.0,21.42464681458201
TORDILHA-D_003_jpg.rf.e67cd4ad20c15ed213012bb43fa0dc3f_r0c0.jpg,FP,30,-1,0.0,0,4291,0.0,49.453017472496725
TORDILHA-D_003_jpg.rf.e67cd4ad20c15ed213012bb43fa0dc3f_r0c0.jpg,FP,32,-1,0.0,0,3244,0.0,37.38652730850137
TORDILHA-D_003_jpg.rf.e67cd4ad20c15ed213012bb43fa0dc3f_r0c0.jpg,FP,33,-1,0.0,0,3211,0.0,37.00620813427802
TORDILHA-D_003_jpg.rf.e67cd4ad20c15ed213012bb43fa0dc3f_r0c0.jpg,FP,34,-1,0.0,0,1009,0.0,11.628546872465439
TORDILHA-D_003_jpg.rf.e67cd4ad20c15ed213012bb43fa0dc3f_r0c0.jpg,FP,35,-1,0.0,0,9260,0.0,106.71986525176408
TORDILHA-D_003_jpg.rf.e67cd4ad20c15ed213012bb43fa0dc3f_r0c0.jpg,FN,-1,4,0.0,3357,0,38.68883235962981,0.0
TORDILHA-D_003_jpg.rf.e67cd4ad20c15ed213012bb43fa0dc3f_r0c0.jpg,FN,-1,7,0.0,24593,0,283.42998338408574,0.0
TORDILHA-D_003_jpg.rf.e67cd4ad20c15ed213012bb43fa0dc3f_r0c0.jpg,FN,-1,10,0.0,8888,0,102.43263092415542,0.0
TORDILHA-D_003_jpg.rf.e67cd4ad20c15ed213012bb43fa0dc3f_r0c0.jpg,FN,-1,11,0.0,12461,0,143.61082515142897,0.0
TORDILHA-D_003_jpg.rf.e67cd4ad20c15ed213012bb43fa0dc3f_r0c0.jpg,FN,-1,12,0.0,6535,0,75.31472131968448,0.0
TORDILHA-D_003_jpg.rf.e67cd4ad20c15ed213012bb43fa0dc3f_r0c0.jpg,FN,-1,14,0.0,30193,0,347.968994767442,0.0
TORDILHA-D_003_jpg.rf.e67cd4ad20c15ed213012bb43fa0dc3f_r0c0.jpg,FN,-1,15,0.0,12697,0,146.33068348829897,0.0
TORDILHA-D_003_jpg.rf.e67cd4ad20c15ed213012bb43fa0dc3f_r0c0.jpg,FN,-1,16,0.0,5693,0,65.61081996525841,0.0
TORDILHA-D_003_jpg.rf.e67cd4ad20c15ed213012bb43fa0dc3f_r0c0.jpg,FN,-1,18,0.0,855,0,9.853724059423142,0.0
TORDILHA-D_003_jpg.rf.e67cd4ad20c15ed213012bb43fa0dc3f_r0c1.jpg,TP,4,11,0.7763392134649619,4879,6097,56.229613667749135,70.26684864362912
TORDILHA-D_003_jpg.rf.e67cd4ad20c15ed213012bb43fa0dc3f_r0c1.jpg,TP,16,14,0.7741935483870968,676,864,7.7907806598480045,9.957447470574964
TORDILHA-D_003_jpg.rf.e67cd4ad20c15ed213012bb43fa0dc3f_r0c1.jpg,TP,3,6,0.7647940074906368,4362,5062,50.27127993824999,58.33865636116953
TORDILHA-D_003_jpg.rf.e67cd4ad20c15ed213012bb43fa0dc3f_r0c1.jpg,TP,14,12,0.7283372365339579,933,1281,10.752660289405604,14.763298853942741
TORDILHA-D_003_jpg.rf.e67cd4ad20c15ed213012bb43fa0dc3f_r0c1.jpg,TP,24,5,0.7124876604146101,3393,3546,39.103726004237096,40.86702399381808
TORDILHA-D_003_jpg.rf.e67cd4ad20c15ed213012bb43fa0dc3f_r0c1.jpg,TP,7,4,0.6394839898640866,3516,3601,40.52127928997867,41.50088928419033
TORDILHA-D_003_jpg.rf.e67cd4ad20c15ed213012bb43fa0dc3f_r0c1.jpg,TP,22,8,0.6277577216205376,3932,4184,45.31560584988514,48.21986136213617
TORDILHA-D_003_jpg.rf.e67cd4ad20c15ed213012bb43fa0dc3f_r0c1.jpg,TP,26,7,0.5384752088146437,5347,3310,61.623231047643905,38.14716565694807
TORDILHA-D_003_jpg.rf.e67cd4ad20c15ed213012bb43fa0dc3f_r0c1.jpg,FP,0,-1,0.0,0,3084,0.0,35.54255555469119
TORDILHA-D_003_jpg.rf.e67cd4ad20c15ed213012bb43fa0dc3f_r0c1.jpg,FP,1,-1,0.0,0,4396,0.0,50.66312393593466
TORDILHA-D_003_jpg.rf.e67cd4ad20c15ed213012bb43fa0dc3f_r0c1.jpg,FP,2,-1,0.0,0,2668,0.0,30.74822899478473
TORDILHA-D_003_jpg.rf.e67cd4ad20c15ed213012bb43fa0dc3f_r0c1.jpg,FP,5,-1,0.0,0,4521,0.0,52.103726868598855
TORDILHA-D_003_jpg.rf.e67cd4ad20c15ed213012bb43fa0dc3f_r0c1.jpg,FP,6,-1,0.0,0,3352,0.0,38.63120824232324
TORDILHA-D_003_jpg.rf.e67cd4ad20c15ed213012bb43fa0dc3f_r0c1.jpg,FP,8,-1,0.0,0,1891,0.0,21.79344116534405
TORDILHA-D_003_jpg.rf.e67cd4ad20c15ed213012bb43fa0dc3f_r0c1.jpg,FP,9,-1,0.0,0,5577,0.0,64.27394044374604
TORDILHA-D_003_jpg.rf.e67cd4ad20c15ed213012bb43fa0dc3f_r0c1.jpg,FP,10,-1,0.0,0,3064,0.0,35.31205908546492
TORDILHA-D_003_jpg.rf.e67cd4ad20c15ed213012bb43fa0dc3f_r0c1.jpg,FP,11,-1,0.0,0,12391,0.0,142.80408750913702
TORDILHA-D_003_jpg.rf.e67cd4ad20c15ed213012bb43fa0dc3f_r0c1.jpg,FP,12,-1,0.0,0,2429,0.0,27.993796187530773
TORDILHA-D_003_jpg.rf.e67cd4ad20c15ed213012bb43fa0dc3f_r0c1.jpg,FP,13,-1,0.0,0,3500,0.0,40.33688211459766
TORDILHA-D_003_jpg.rf.e67cd4ad20c15ed213012bb43fa0dc3f_r0c1.jpg,FP,15,-1,0.0,0,4869,0.0,56.114365433135994
TORDILHA-D_003_jpg.rf.e67cd4ad20c15ed213012bb43fa0dc3f_r0c1.jpg,FP,17,-1,0.0,0,1394,0.0,16.065603905071182
TORDILHA-D_003_jpg.rf.e67cd4ad20c15ed213012bb43fa0dc3f_r0c1.jpg,FP,18,-1,0.0,0,2904,0.0,33.46808733165474
TORDILHA-D_003_jpg.rf.e67cd4ad20c15ed213012bb43fa0dc3f_r0c1.jpg,FP,19,-1,0.0,0,2881,0.0,33.203016392044525
TORDILHA-D_003_jpg.rf.e67cd4ad20c15ed213012bb43fa0dc3f_r0c1.jpg,FP,20,-1,0.0,0,1477,0.0,17.02216425236021
TORDILHA-D_003_jpg.rf.e67cd4ad20c15ed213012bb43fa0dc3f_r0c1.jpg,FP,21,-1,0.0,0,1874,0.0,21.597519166501716
TORDILHA-D_003_jpg.rf.e67cd4ad20c15ed213012bb43fa0dc3f_r0c1.jpg,FP,23,-1,0.0,0,5056,0.0,58.26950742040164
TORDILHA-D_003_jpg.rf.e67cd4ad20c15ed213012bb43fa0dc3f_r0c1.jpg,FP,25,-1,0.0,0,4455,0.0,51.34308852015216
TORDILHA-D_003_jpg.rf.e67cd4ad20c15ed213012bb43fa0dc3f_r0c1.jpg,FP,27,-1,0.0,0,3354,0.0,38.65425788924587
TORDILHA-D_003_jpg.rf.e67cd4ad20c15ed213012bb43fa0dc3f_r0c1.jpg,FP,28,-1,0.0,0,6339,0.0,73.05585592126701
TORDILHA-D_003_jpg.rf.e67cd4ad20c15ed213012bb43fa0dc3f_r0c1.jpg,FP,29,-1,0.0,0,23069,0.0,265.8661524290438
TORDILHA-D_003_jpg.rf.e67cd4ad20c15ed213012bb43fa0dc3f_r0c1.jpg,FP,30,-1,0.0,0,1383,0.0,15.93883084699673
TORDILHA-D_003_jpg.rf.e67cd4ad20c15ed213012bb43fa0dc3f_r0c1.jpg,FP,31,-1,0.0,0,1103,0.0,12.711880277828918
TORDILHA-D_003_jpg.rf.e67cd4ad20c15ed213012bb43fa0dc3f_r0c1.jpg,FP,32,-1,0.0,0,1218,0.0,14.037234975879985
TORDILHA-D_003_jpg.rf.e67cd4ad20c15ed213012bb43fa0dc3f_r0c1.jpg,FP,33,-1,0.0,0,4459,0.0,51.38918781399741
TORDILHA-D_003_jpg.rf.e67cd4ad20c15ed213012bb43fa0dc3f_r0c1.jpg,FP,34,-1,0.0,0,1684,0.0,19.407802708852127
TORDILHA-D_003_jpg.rf.e67cd4ad20c15ed213012bb43fa0dc3f_r0c1.jpg,FP,35,-1,0.0,0,26917,0.0,310.21367310817857
TORDILHA-D_003_jpg.rf.e67cd4ad20c15ed213012bb43fa0dc3f_r0c1.jpg,FP,36,-1,0.0,0,312,0.0,3.595744919929848
TORDILHA-D_003_jpg.rf.e67cd4ad20c15ed213012bb43fa0dc3f_r0c1.jpg,FN,-1,0,0.0,53759,0,619.5629844567587,0.0
TORDILHA-D_003_jpg.rf.e67cd4ad20c15ed213012bb43fa0dc3f_r0c1.jpg,FN,-1,1,0.0,7084,0,81.64184939994566,0.0
TORDILHA-D_003_jpg.rf.e67cd4ad20c15ed213012bb43fa0dc3f_r0c1.jpg,FN,-1,2,0.0,81019,0,933.7296720121678,0.0
TORDILHA-D_003_jpg.rf.e67cd4ad20c15ed213012bb43fa0dc3f_r0c1.jpg,FN,-1,3,0.0,9554,0,110.10816334939028,0.0
TORDILHA-D_003_jpg.rf.e67cd4ad20c15ed213012bb43fa0dc3f_r0c1.jpg,FN,-1,9,0.0,8318,0,95.86348155120666,0.0
TORDILHA-D_003_jpg.rf.e67cd4ad20c15ed213012bb43fa0dc3f_r0c1.jpg,FN,-1,10,0.0,27845,0,320.9087092802776,0.0
TORDILHA-D_003_jpg.rf.e67cd4ad20c15ed213012bb43fa0dc3f_r0c1.jpg,FN,-1,13,0.0,1033,0,11.905142635536965,0.0
TORDILHA-D_003_jpg.rf.e67cd4ad20c15ed213012bb43fa0dc3f_r0c1.jpg,FN,-1,15,0.0,5237,0,60.35550046689941,0.0
TORDILHA-D_003_jpg.rf.e67cd4ad20c15ed213012bb43fa0dc3f_r0c1.jpg,FN,-1,16,0.0,1116,0,12.861702982825996,0.0
TORDILHA-D_003_jpg.rf.e67cd4ad20c15ed213012bb43fa0dc3f_r1c0.jpg,TP,9,2,0.8679911699779249,3941,4521,45.41932926103696,52.103726868598855
TORDILHA-D_003_jpg.rf.e67cd4ad20c15ed213012bb43fa0dc3f_r1c0.jpg,TP,3,6,0.8524540800963565,2841,3311,32.74202345359198,38.15869048040938
TORDILHA-D_003_jpg.rf.e67cd4ad20c15ed213012bb43fa0dc3f_r1c0.jpg,TP,20,5,0.8173679498657117,948,1082,10.925532641325308,12.469858985141332
TORDILHA-D_003_jpg.rf.e67cd4ad20c15ed213012bb43fa0dc3f_r1c0.jpg,TP,25,21,0.8157661647475642,1045,1005,12.043440517072728,11.582447578620183
TORDILHA-D_003_jpg.rf.e67cd4ad20c15ed213012bb43fa0dc3f_r1c0.jpg,TP,2,4,0.8125648244184324,5947,6286,68.53812512443207,72.44504027781738
TORDILHA-D_003_jpg.rf.e67cd4ad20c15ed213012bb43fa0dc3f_r1c0.jpg,TP,22,23,0.7472312703583062,1152,1530,13.276596627433285,17.632979895809832
TORDILHA-D_003_jpg.rf.e67cd4ad20c15ed213012bb43fa0dc3f_r1c0.jpg,TP,23,9,0.7023490930716622,2588,3137,29.82624311787964,36.15337119814081
TORDILHA-D_003_jpg.rf.e67cd4ad20c15ed213012bb43fa0dc3f_r1c0.jpg,TP,7,15,0.6928605654048874,1625,1908,18.727838124634626,21.98936316418638
TORDILHA-D_003_jpg.rf.e67cd4ad20c15ed213012bb43fa0dc3f_r1c0.jpg,TP,1,14,0.6875,4285,3248,49.383868531728844,37.43262660234662
TORDILHA-D_003_jpg.rf.e67cd4ad20c15ed213012bb43fa0dc3f_r1c0.jpg,TP,0,0,0.6840236686390533,2330,3362,26.852838664860723,38.74645647693637
TORDILHA-D_003_jpg.rf.e67cd4ad20c15ed213012bb43fa0dc3f_r1c0.jpg,TP,11,11,0.6806620912394025,2070,2093,23.856384564919185,24.121455504529397
TORDILHA-D_003_jpg.rf.e67cd4ad20c15ed213012bb43fa0dc3f_r1c0.jpg,TP,14,20,0.6504344974585998,4138,5928,47.68971948291574,68.31915347866712
TORDILHA-D_003_jpg.rf.e67cd4ad20c15ed213012bb43fa0dc3f_r1c0.jpg,TP,16,17,0.6119500984898227,2526,2384,29.111704063278193,27.47517913177166
TORDILHA-D_003_jpg.rf.e67cd4ad20c15ed213012bb43fa0dc3f_r1c0.jpg,TP,8,7,0.5942453480358374,5804,3449,66.89007536946423,39.74911611807066
TORDILHA-D_003_jpg.rf.e67cd4ad20c15ed213012bb43fa0dc3f_r1c0.jpg,TP,17,1,0.5748407643312102,754,1224,8.689716889830466,14.106383916647866
TORDILHA-D_003_jpg.rf.e67cd4ad20c15ed213012bb43fa0dc3f_r1c0.jpg,TP,15,13,0.5389380530973451,632,1107,7.283688427550205,12.757979571674174
TORDILHA-D_003_jpg.rf.e67cd4ad20c15ed213012bb43fa0dc3f_r1c0.jpg,FP,4,-1,0.0,0,2915,0.0,33.59486038972919
TORDILHA-D_003_jpg.rf.e67cd4ad20c15ed213012bb43fa0dc3f_r1c0.jpg,FP,5,-1,0.0,0,4014,0.0,46.26064137371285
TORDILHA-D_003_jpg.rf.e67cd4ad20c15ed213012bb43fa0dc3f_r1c0.jpg,FP,6,-1,0.0,0,1620,0.0,18.670214007328056
TORDILHA-D_003_jpg.rf.e67cd4ad20c15ed213012bb43fa0dc3f_r1c0.jpg,FP,10,-1,0.0,0,1676,0.0,19.31560412116162
TORDILHA-D_003_jpg.rf.e67cd4ad20c15ed213012bb43fa0dc3f_r1c0.jpg,FP,12,-1,0.0,0,1855,0.0,21.378547520736756
TORDILHA-D_003_jpg.rf.e67cd4ad20c15ed213012bb43fa0dc3f_r1c0.jpg,FP,13,-1,0.0,0,5458,0.0,62.90248645184972
TORDILHA-D_003_jpg.rf.e67cd4ad20c15ed213012bb43fa0dc3f_r1c0.jpg,FP,18,-1,0.0,0,1096,0.0,12.631206513599723
TORDILHA-D_003_jpg.rf.e67cd4ad20c15ed213012bb43fa0dc3f_r1c0.jpg,FP,19,-1,0.0,0,4071,0.0,46.91755631100773
TORDILHA-D_003_jpg.rf.e67cd4ad20c15ed213012bb43fa0dc3f_r1c0.jpg,FP,21,-1,0.0,0,1495,0.0,17.229611074663854
TORDILHA-D_003_jpg.rf.e67cd4ad20c15ed213012bb43fa0dc3f_r1c0.jpg,FP,24,-1,0.0,0,2148,0.0,24.755320794901646
TORDILHA-D_003_jpg.rf.e67cd4ad20c15ed213012bb43fa0dc3f_r1c0.jpg,FP,26,-1,0.0,0,1121,0.0,12.919327100132563
TORDILHA-D_003_jpg.rf.e67cd4ad20c15ed213012bb43fa0dc3f_r1c0.jpg,FP,27,-1,0.0,0,1537,0.0,17.71365366003903
TORDILHA-D_003_jpg.rf.e67cd4ad20c15ed213012bb43fa0dc3f_r1c0.jpg,FP,28,-1,0.0,0,1203,0.0,13.86436262396028
TORDILHA-D_003_jpg.rf.e67cd4ad20c15ed213012bb43fa0dc3f_r1c0.jpg,FP,29,-1,0.0,0,2474,0.0,28.512413243289885
TORDILHA-D_003_jpg.rf.e67cd4ad20c15ed213012bb43fa0dc3f_r1c0.jpg,FP,30,-1,0.0,0,5259,0.0,60.609046583048304
TORDILHA-D_003_jpg.rf.e67cd4ad20c15ed213012bb43fa0dc3f_r1c0.jpg,FP,31,-1,0.0,0,2754,0.0,31.739363812457697
TORDILHA-D_003_jpg.rf.e67cd4ad20c15ed213012bb43fa0dc3f_r1c0.jpg,FP,32,-1,0.0,0,1662,0.0,19.15425659270323
TORDILHA-D_003_jpg.rf.e67cd4ad20c15ed213012bb43fa0dc3f_r1c0.jpg,FP,33,-1,0.0,0,962,0.0,11.086880169783699
TORDILHA-D_003_jpg.rf.e67cd4ad20c15ed213012bb43fa0dc3f_r1c0.jpg,FP,34,-1,0.0,0,2781,0.0,32.05053404591317
TORDILHA-D_003_jpg.rf.e67cd4ad20c15ed213012bb43fa0dc3f_r1c0.jpg,FN,-1,3,0.0,3991,0,45.99557043410264,0.0
TORDILHA-D_003_jpg.rf.e67cd4ad20c15ed213012bb43fa0dc3f_r1c0.jpg,FN,-1,8,0.0,8122,0,93.60461615278919,0.0
TORDILHA-D_003_jpg.rf.e67cd4ad20c15ed213012bb43fa0dc3f_r1c0.jpg,FN,-1,10,0.0,2974,0,34.27482497394669,0.0
TORDILHA-D_003_jpg.rf.e67cd4ad20c15ed213012bb43fa0dc3f_r1c0.jpg,FN,-1,12,0.0,12360,0,142.4468179818363,0.0
TORDILHA-D_003_jpg.rf.e67cd4ad20c15ed213012bb43fa0dc3f_r1c0.jpg,FN,-1,16,0.0,16112,0,185.68795560868497,0.0
TORDILHA-D_003_jpg.rf.e67cd4ad20c15ed213012bb43fa0dc3f_r1c0.jpg,FN,-1,18,0.0,10773,0,124.15692314873158,0.0
TORDILHA-D_003_jpg.rf.e67cd4ad20c15ed213012bb43fa0dc3f_r1c0.jpg,FN,-1,19,0.0,3028,0,34.89716544085763,0.0
TORDILHA-D_003_jpg.rf.e67cd4ad20c15ed213012bb43fa0dc3f_r1c0.jpg,FN,-1,22,0.0,11834,0,136.38476084118534,0.0
TORDILHA-D_003_jpg.rf.e67cd4ad20c15ed213012bb43fa0dc3f_r1c0.jpg,FN,-1,24,0.0,3787,0,43.644506447994665,0.0
TORDILHA-D_003_jpg.rf.e67cd4ad20c15ed213012bb43fa0dc3f_r1c1.jpg,TP,42,25,0.8720576017723622,6567,6953,75.68351567044651,80.13209752651358
TORDILHA-D_003_jpg.rf.e67cd4ad20c15ed213012bb43fa0dc3f_r1c1.jpg,TP,2,15,0.8643089137495489,4790,5542,55.20390437969222,63.87057162260006
TORDILHA-D_003_jpg.rf.e67cd4ad20c15ed213012bb43fa0dc3f_r1c1.jpg,TP,31,26,0.8210227272727273,1184,1380,13.645390978195321,15.90425637661279
TORDILHA-D_003_jpg.rf.e67cd4ad20c15ed213012bb43fa0dc3f_r1c1.jpg,TP,0,4,0.8171318575553417,5802,5526,66.8670257225416,63.68617444721904
TORDILHA-D_003_jpg.rf.e67cd4ad20c15ed213012bb43fa0dc3f_r1c1.jpg,TP,7,6,0.7887896019496344,2961,3645,34.125002268949615,42.00798151648813
TORDILHA-D_003_jpg.rf.e67cd4ad20c15ed213012bb43fa0dc3f_r1c1.jpg,TP,8,16,0.7786538180756315,5333,6849,61.46188351918551,78.93351588653695
TORDILHA-D_003_jpg.rf.e67cd4ad20c15ed213012bb43fa0dc3f_r1c1.jpg,TP,24,21,0.751270815074496,5559,4432,64.06649362144239,51.078017580541946
TORDILHA-D_003_jpg.rf.e67cd4ad20c15ed213012bb43fa0dc3f_r1c1.jpg,TP,1,1,0.7443693693693694,3329,4416,38.36613730271303,50.89362040516093
TORDILHA-D_003_jpg.rf.e67cd4ad20c15ed213012bb43fa0dc3f_r1c1.jpg,TP,18,11,0.7176395939086294,3918,4203,45.154258321426745,48.438833007901124
TORDILHA-D_003_jpg.rf.e67cd4ad20c15ed213012bb43fa0dc3f_r1c1.jpg,TP,4,14,0.7061567164179104,3959,5186,45.6267760833406,59.76773447037241
TORDILHA-D_003_jpg.rf.e67cd4ad20c15ed213012bb43fa0dc3f_r1c1.jpg,TP,21,23,0.6985507246376812,728,1030,8.390071479836312,11.870568165153024
TORDILHA-D_003_jpg.rf.e67cd4ad20c15ed213012bb43fa0dc3f_r1c1.jpg,TP,5,5,0.6856179233919537,2981,4016,34.35549873817589,46.28369102063548
TORDILHA-D_003_jpg.rf.e67cd4ad20c15ed213012bb43fa0dc3f_r1c1.jpg,TP,6,9,0.6560633421308515,9715,14129,111.96365992666178,162.83423068490006
TORDILHA-D_003_jpg.rf.e67cd4ad20c15ed213012bb43fa0dc3f_r1c1.jpg,TP,45,30,0.6509695290858726,488,704,5.624113849121045,8.113475716764786
TORDILHA-D_003_jpg.rf.e67cd4ad20c15ed213012bb43fa0dc3f_r1c1.jpg,TP,29,8,0.613611888864958,12476,10000,143.78369750334866,115.24823461313616
TORDILHA-D_003_jpg.rf.e67cd4ad20c15ed213012bb43fa0dc3f_r1c1.jpg,TP,14,12,0.59583781844277,12864,9374,148.25532900633834,108.03369512635383
TORDILHA-D_003_jpg.rf.e67cd4ad20c15ed213012bb43fa0dc3f_r1c1.jpg,TP,10,2,0.5729048926207008,3603,6138,41.52393893111296,70.73936640554297
TORDILHA-D_003_jpg.rf.e67cd4ad20c15ed213012bb43fa0dc3f_r1c1.jpg,TP,26,0,0.5660919540229885,511,579,5.889184788731257,6.6728727841005835
TORDILHA-D_003_jpg.rf.e67cd4ad20c15ed213012bb43fa0dc3f_r1c1.jpg,TP,32,19,0.5083240843507214,662,697,7.6294331313896135,8.032801952535591
TORDILHA-D_003_jpg.rf.e67cd4ad20c15ed213012bb43fa0dc3f_r1c1.jpg,TP,9,10,0.5013245033112583,9232,6637,106.3971701948473,76.49025331273847
TORDILHA-D_003_jpg.rf.e67cd4ad20c15ed213012bb43fa0dc3f_r1c1.jpg,TP,38,7,0.5011356108640106,19810,11915,228.30675276862272,137.31827154155172
TORDILHA-D_003_jpg.rf.e67cd4ad20c15ed213012bb43fa0dc3f_r1c1.jpg,FP,3,-1,0.0,0,2290,0.0,26.39184572640818
TORDILHA-D_003_jpg.rf.e67cd4ad20c15ed213012bb43fa0dc3f_r1c1.jpg,FP,11,-1,0.0,0,7941,0.0,91.51862310629143
TORDILHA-D_003_jpg.rf.e67cd4ad20c15ed213012bb43fa0dc3f_r1c1.jpg,FP,12,-1,0.0,0,2779,0.0,32.02748439899054
TORDILHA-D_003_jpg.rf.e67cd4ad20c15ed213012bb43fa0dc3f_r1c1.jpg,FP,13,-1,0.0,0,1588,0.0,18.301419656566022
TORDILHA-D_003_jpg.rf.e67cd4ad20c15ed213012bb43fa0dc3f_r1c1.jpg,FP,15,-1,0.0,0,2569,0.0,29.60727147211468
TORDILHA-D_003_jpg.rf.e67cd4ad20c15ed213012bb43fa0dc3f_r1c1.jpg,FP,16,-1,0.0,0,1169,0.0,13.472518626275617
TORDILHA-D_003_jpg.rf.e67cd4ad20c15ed213012bb43fa0dc3f_r1c1.jpg,FP,17,-1,0.0,0,2164,0.0,24.939717970282665
TORDILHA-D_003_jpg.rf.e67cd4ad20c15ed213012bb43fa0dc3f_r1c1.jpg,FP,19,-1,0.0,0,1126,0.0,12.976951217439131
TORDILHA-D_003_jpg.rf.e67cd4ad20c15ed213012bb43fa0dc3f_r1c1.jpg,FP,20,-1,0.0,0,2483,0.0,28.616136654441707
TORDILHA-D_003_jpg.rf.e67cd4ad20c15ed213012bb43fa0dc3f_r1c1.jpg,FP,22,-1,0.0,0,1343,0.0,15.477837908544187
TORDILHA-D_003_jpg.rf.e67cd4ad20c15ed213012bb43fa0dc3f_r1c1.jpg,FP,23,-1,0.0,0,1603,0.0,18.474292008485726
TORDILHA-D_003_jpg.rf.e67cd4ad20c15ed213012bb43fa0dc3f_r1c1.jpg,FP,25,-1,0.0,0,1340,0.0,15.443263438160246
TORDILHA-D_003_jpg.rf.e67cd4ad20c15ed213012bb43fa0dc3f_r1c1.jpg,FP,27,-1,0.0,0,39428,0.0,454.4007394326732
TORDILHA-D_003_jpg.rf.e67cd4ad20c15ed213012bb43fa0dc3f_r1c1.jpg,FP,28,-1,0.0,0,3547,0.0,40.878548817279395
TORDILHA-D_003_jpg.rf.e67cd4ad20c15ed213012bb43fa0dc3f_r1c1.jpg,FP,30,-1,0.0,0,992,0.0,11.432624873623107
TORDILHA-D_003_jpg.rf.e67cd4ad20c15ed213012bb43fa0dc3f_r1c1.jpg,FP,33,-1,0.0,0,1376,0.0,15.858157082767535
TORDILHA-D_003_jpg.rf.e67cd4ad20c15ed213012bb43fa0dc3f_r1c1.jpg,FP,34,-1,0.0,0,973,0.0,11.213653227858147
TORDILHA-D_003_jpg.rf.e67cd4ad20c15ed213012bb43fa0dc3f_r1c1.jpg,FP,35,-1,0.0,0,388,0.0,4.471631502989683
TORDILHA-D_003_jpg.rf.e67cd4ad20c15ed213012bb43fa0dc3f_r1c1.jpg,FP,36,-1,0.0,0,1547,0.0,17.828901894652162
TORDILHA-D_003_jpg.rf.e67cd4ad20c15ed213012bb43fa0dc3f_r1c1.jpg,FP,37,-1,0.0,0,904,0.0,10.41844040902751
TORDILHA-D_003_jpg.rf.e67cd4ad20c15ed213012bb43fa0dc3f_r1c1.jpg,FP,39,-1,0.0,0,2807,0.0,32.350179455907316
TORDILHA-D_003_jpg.rf.e67cd4ad20c15ed213012bb43fa0dc3f_r1c1.jpg,FP,40,-1,0.0,0,19795,0.0,228.13388041670302
TORDILHA-D_003_jpg.rf.e67cd4ad20c15ed213012bb43fa0dc3f_r1c1.jpg,FP,41,-1,0.0,0,1729,0.0,19.926419764611243
TORDILHA-D_003_jpg.rf.e67cd4ad20c15ed213012bb43fa0dc3f_r1c1.jpg,FP,43,-1,0.0,0,4141,0.0,47.724293953299686
TORDILHA-D_003_jpg.rf.e67cd4ad20c15ed213012bb43fa0dc3f_r1c1.jpg,FP,44,-1,0.0,0,6967,0.0,80.29344505497195
TORDILHA-D_003_jpg.rf.e67cd4ad20c15ed213012bb43fa0dc3f_r1c1.jpg,FP,46,-1,0.0,0,1240,0.0,14.290781092028883
TORDILHA-D_003_jpg.rf.e67cd4ad20c15ed213012bb43fa0dc3f_r1c1.jpg,FP,47,-1,0.0,0,5050,0.0,58.200358479633756
TORDILHA-D_003_jpg.rf.e67cd4ad20c15ed213012bb43fa0dc3f_r1c1.jpg,FN,-1,3,0.0,4746,0,54.69681214739442,0.0
TORDILHA-D_003_jpg.rf.e67cd4ad20c15ed213012bb43fa0dc3f_r1c1.jpg,FN,-1,13,0.0,12809,0,147.62146371596612,0.0
TORDILHA-D_003_jpg.rf.e67cd4ad20c15ed213012bb43fa0dc3f_r1c1.jpg,FN,-1,17,0.0,3626,0,41.78900987072317,0.0
TORDILHA-D_003_jpg.rf.e67cd4ad20c15ed213012bb43fa0dc3f_r1c1.jpg,FN,-1,18,0.0,4737,0,54.5930887362426,0.0
TORDILHA-D_003_jpg.rf.e67cd4ad20c15ed213012bb43fa0dc3f_r1c1.jpg,FN,-1,20,0.0,572,0,6.592199019871388,0.0
TORDILHA-D_003_jpg.rf.e67cd4ad20c15ed213012bb43fa0dc3f_r1c1.jpg,FN,-1,22,0.0,8074,0,93.05142462664614,0.0
TORDILHA-D_003_jpg.rf.e67cd4ad20c15ed213012bb43fa0dc3f_r1c1.jpg,FN,-1,24,0.0,2223,0,25.61968255450017,0.0
TORDILHA-D_003_jpg.rf.e67cd4ad20c15ed213012bb43fa0dc3f_r1c1.jpg,FN,-1,27,0.0,11869,0,136.7881296623313,0.0
TORDILHA-D_003_jpg.rf.e67cd4ad20c15ed213012bb43fa0dc3f_r1c1.jpg,FN,-1,28,0.0,30074,0,346.59754077554567,0.0
TORDILHA-D_003_jpg.rf.e67cd4ad20c15ed213012bb43fa0dc3f_r1c1.jpg,FN,-1,29,0.0,4287,0,49.40691817865147,0.0
TORDILHA-D_003_jpg.rf.e67cd4ad20c15ed213012bb43fa0dc3f_r1c2.jpg,TP,11,0,0.8237965485921889,2748,3276,31.670214871689815,37.75532165926341
TORDILHA-D_003_jpg.rf.e67cd4ad20c15ed213012bb43fa0dc3f_r1c2.jpg,TP,31,25,0.8109756097560976,943,1136,10.86790852401874,13.092199452052267
TORDILHA-D_003_jpg.rf.e67cd4ad20c15ed213012bb43fa0dc3f_r1c2.jpg,TP,29,26,0.8055865921787709,737,879,8.493794890988134,10.130319822494668
TORDILHA-D_003_jpg.rf.e67cd4ad20c15ed213012bb43fa0dc3f_r1c2.jpg,TP,16,11,0.8055122204888195,6318,7570,72.81383462857943,87.24291360214407
TORDILHA-D_003_jpg.rf.e67cd4ad20c15ed213012bb43fa0dc3f_r1c2.jpg,TP,9,23,0.7942365137937094,5687,4524,65.54167102449053,52.1383013389828
TORDILHA-D_003_jpg.rf.e67cd4ad20c15ed213012bb43fa0dc3f_r1c2.jpg,TP,41,1,0.7813154125812493,7157,9012,82.48316151262155,103.86170903335831
TORDILHA-D_003_jpg.rf.e67cd4ad20c15ed213012bb43fa0dc3f_r1c2.jpg,TP,38,24,0.7036553524804178,1111,1499,12.804078865519427,17.27571036850911
TORDILHA-D_003_jpg.rf.e67cd4ad20c15ed213012bb43fa0dc3f_r1c2.jpg,TP,28,17,0.6871750433275563,840,1107,9.680851707503438,12.757979571674174
TORDILHA-D_003_jpg.rf.e67cd4ad20c15ed213012bb43fa0dc3f_r1c2.jpg,TP,46,27,0.6785998408910103,2219,2001,25.573583260654914,23.061171746088544
TORDILHA-D_003_jpg.rf.e67cd4ad20c15ed213012bb43fa0dc3f_r1c2.jpg,TP,24,22,0.6605231061119393,6291,5962,72.50266439512396,68.71099747635178
TORDILHA-D_003_jpg.rf.e67cd4ad20c15ed213012bb43fa0dc3f_r1c2.jpg,TP,2,10,0.6345553180996218,12081,7805,139.23139223612978,89.95124711555277
TORDILHA-D_003_jpg.rf.e67cd4ad20c15ed213012bb43fa0dc3f_r1c2.jpg,TP,0,4,0.6258444482937814,15392,12766,177.39008271653918,147.1258963071296
TORDILHA-D_003_jpg.rf.e67cd4ad20c15ed213012bb43fa0dc3f_r1c2.jpg,TP,44,19,0.6143380429094715,3025,3145,34.86259097047369,36.24556978583132
TORDILHA-D_003_jpg.rf.e67cd4ad20c15ed213012bb43fa0dc3f_r1c2.jpg,TP,26,18,0.5866441251056635,5915,3470,68.16933077367004,39.99113741075825
TORDILHA-D_003_jpg.rf.e67cd4ad20c15ed213012bb43fa0dc3f_r1c2.jpg,TP,32,12,0.558861045961404,23684,14201,272.95391885775166,163.66401797411467
TORDILHA-D_003_jpg.rf.e67cd4ad20c15ed213012bb43fa0dc3f_r1c2.jpg,TP,15,2,0.5414101846670397,6540,4478,75.37234543699105,51.60815945976237
TORDILHA-D_003_jpg.rf.e67cd4ad20c15ed213012bb43fa0dc3f_r1c2.jpg,TP,17,8,0.5381406436233611,1183,1398,13.633866154734008,16.111703198916434
TORDILHA-D_003_jpg.rf.e67cd4ad20c15ed213012bb43fa0dc3f_r1c2.jpg,FP,1,-1,0.0,0,4912,0.0,56.60993284197248
TORDILHA-D_003_jpg.rf.e67cd4ad20c15ed213012bb43fa0dc3f_r1c2.jpg,FP,3,-1,0.0,0,6579,0.0,75.82181355198227
TORDILHA-D_003_jpg.rf.e67cd4ad20c15ed213012bb43fa0dc3f_r1c2.jpg,FP,4,-1,0.0,0,9496,0.0,109.4397235886341
TORDILHA-D_003_jpg.rf.e67cd4ad20c15ed213012bb43fa0dc3f_r1c2.jpg,FP,5,-1,0.0,0,2312,0.0,26.64539184255708
TORDILHA-D_003_jpg.rf.e67cd4ad20c15ed213012bb43fa0dc3f_r1c2.jpg,FP,6,-1,0.0,0,1946,0.0,22.427306455716295
TORDILHA-D_003_jpg.rf.e67cd4ad20c15ed213012bb43fa0dc3f_r1c2.jpg,FP,7,-1,0.0,0,2535,0.0,29.215427474430015
TORDILHA-D_003_jpg.rf.e67cd4ad20c15ed213012bb43fa0dc3f_r1c2.jpg,FP,8,-1,0.0,0,4080,0.0,47.021279722159555
TORDILHA-D_003_jpg.rf.e67cd4ad20c15ed213012bb43fa0dc3f_r1c2.jpg,FP,10,-1,0.0,0,3133,0.0,36.10727190429556
TORDILHA-D_003_jpg.rf.e67cd4ad20c15ed213012bb43fa0dc3f_r1c2.jpg,FP,12,-1,0.0,0,1862,0.0,21.459221284965952
TORDILHA-D_003_jpg.rf.e67cd4ad20c15ed213012bb43fa0dc3f_r1c2.jpg,FP,13,-1,0.0,0,3147,0.0,36.26861943275395
TORDILHA-D_003_jpg.rf.e67cd4ad20c15ed213012bb43fa0dc3f_r1c2.jpg,FP,14,-1,0.0,0,2135,0.0,24.605498089904568
TORDILHA-D_003_jpg.rf.e67cd4ad20c15ed213012bb43fa0dc3f_r1c2.jpg,FP,18,-1,0.0,0,1071,0.0,12.343085927066882
TORDILHA-D_003_jpg.rf.e67cd4ad20c15ed213012bb43fa0dc3f_r1c2.jpg,FP,19,-1,0.0,0,2675,0.0,30.82890275901392
TORDILHA-D_003_jpg.rf.e67cd4ad20c15ed213012bb43fa0dc3f_r1c2.jpg,FP,20,-1,0.0,0,1648,0.0,18.992909064244838
TORDILHA-D_003_jpg.rf.e67cd4ad20c15ed213012bb43fa0dc3f_r1c2.jpg,FP,21,-1,0.0,0,922,0.0,10.625887231331154
TORDILHA-D_003_jpg.rf.e67cd4ad20c15ed213012bb43fa0dc3f_r1c2.jpg,FP,22,-1,0.0,0,1855,0.0,21.378547520736756
TORDILHA-D_003_jpg.rf.e67cd4ad20c15ed213012bb43fa0dc3f_r1c2.jpg,FP,23,-1,0.0,0,1133,0.0,13.057624981668326
TORDILHA-D_003_jpg.rf.e67cd4ad20c15ed213012bb43fa0dc3f_r1c2.jpg,FP,25,-1,0.0,0,3182,0.0,36.671988253899926
TORDILHA-D_003_jpg.rf.e67cd4ad20c15ed213012bb43fa0dc3f_r1c2.jpg,FP,27,-1,0.0,0,13328,0.0,153.60284709238786
TORDILHA-D_003_jpg.rf.e67cd4ad20c15ed213012bb43fa0dc3f_r1c2.jpg,FP,30,-1,0.0,0,2261,0.0,26.057625846030085
TORDILHA-D_003_jpg.rf.e67cd4ad20c15ed213012bb43fa0dc3f_r1c2.jpg,FP,33,-1,0.0,0,1106,0.0,12.746454748212859
TORDILHA-D_003_jpg.rf.e67cd4ad20c15ed213012bb43fa0dc3f_r1c2.jpg,FP,34,-1,0.0,0,677,0.0,7.8023054833093175
TORDILHA-D_003_jpg.rf.e67cd4ad20c15ed213012bb43fa0dc3f_r1c2.jpg,FP,35,-1,0.0,0,920,0.0,10.602837584408526
TORDILHA-D_003_jpg.rf.e67cd4ad20c15ed213012bb43fa0dc3f_r1c2.jpg,FP,36,-1,0.0,0,1804,0.0,20.790781524209763
TORDILHA-D_003_jpg.rf.e67cd4ad20c15ed213012bb43fa0dc3f_r1c2.jpg,FP,37,-1,0.0,0,1696,0.0,19.546100590387894
TORDILHA-D_003_jpg.rf.e67cd4ad20c15ed213012bb43fa0dc3f_r1c2.jpg,FP,39,-1,0.0,0,2391,0.0,27.555852896000854
TORDILHA-D_003_jpg.rf.e67cd4ad20c15ed213012bb43fa0dc3f_r1c2.jpg,FP,40,-1,0.0,0,889,0.0,10.245568057107805
TORDILHA-D_003_jpg.rf.e67cd4ad20c15ed213012bb43fa0dc3f_r1c2.jpg,FP,42,-1,0.0,0,6854,0.0,78.99114000384353
TORDILHA-D_003_jpg.rf.e67cd4ad20c15ed213012bb43fa0dc3f_r1c2.jpg,FP,43,-1,0.0,0,11114,0.0,128.08688794903952
TORDILHA-D_003_jpg.rf.e67cd4ad20c15ed213012bb43fa0dc3f_r1c2.jpg,FP,45,-1,0.0,0,1085,0.0,12.504433455525273
TORDILHA-D_003_jpg.rf.e67cd4ad20c15ed213012bb43fa0dc3f_r1c2.jpg,FP,47,-1,0.0,0,2581,0.0,29.745569353650442
TORDILHA-D_003_jpg.rf.e67cd4ad20c15ed213012bb43fa0dc3f_r1c2.jpg,FN,-1,3,0.0,7085,0,81.65337422340697,0.0
TORDILHA-D_003_jpg.rf.e67cd4ad20c15ed213012bb43fa0dc3f_r1c2.jpg,FN,-1,5,0.0,17906,0,206.36348889828162,0.0
TORDILHA-D_003_jpg.rf.e67cd4ad20c15ed213012bb43fa0dc3f_r1c2.jpg,FN,-1,6,0.0,7390,0,85.16844537910762,0.0
TORDILHA-D_003_jpg.rf.e67cd4ad20c15ed213012bb43fa0dc3f_r1c2.jpg,FN,-1,7,0.0,9177,0,105.76330490447505,0.0
TORDILHA-D_003_jpg.rf.e67cd4ad20c15ed213012bb43fa0dc3f_r1c2.jpg,FN,-1,9,0.0,3273,0,37.720747188879464,0.0
TORDILHA-D_003_jpg.rf.e67cd4ad20c15ed213012bb43fa0dc3f_r1c2.jpg,FN,-1,13,0.0,39197,0,451.7385052131098,0.0
TORDILHA-D_003_jpg.rf.e67cd4ad20c15ed213012bb43fa0dc3f_r1c2.jpg,FN,-1,14,0.0,21685,0,249.91579675858577,0.0
TORDILHA-D_003_jpg.rf.e67cd4ad20c15ed213012bb43fa0dc3f_r1c2.jpg,FN,-1,15,0.0,17490,0,201.56916233837515,0.0
TORDILHA-D_003_jpg.rf.e67cd4ad20c15ed213012bb43fa0dc3f_r1c2.jpg,FN,-1,16,0.0,20155,0,232.28281686277592,0.0
TORDILHA-D_003_jpg.rf.e67cd4ad20c15ed213012bb43fa0dc3f_r1c2.jpg,FN,-1,20,0.0,5165,0,59.52571317768483,0.0
TORDILHA-D_003_jpg.rf.e67cd4ad20c15ed213012bb43fa0dc3f_r1c2.jpg,FN,-1,21,0.0,1384,0,15.950355670458045,0.0
TORDILHA-D_003_jpg.rf.e67cd4ad20c15ed213012bb43fa0dc3f_r2c0.jpg,TP,1,6,0.906308224647325,13624,15024,157.0141948369367,173.14894768277577
TORDILHA-D_003_jpg.rf.e67cd4ad20c15ed213012bb43fa0dc3f_r2c0.jpg,TP,26,17,0.8960212201591512,1726,1848,19.891845294227302,21.297873756507563
TORDILHA-D_003_jpg.rf.e67cd4ad20c15ed213012bb43fa0dc3f_r2c0.jpg,TP,12,14,0.885556704584626,2617,2853,30.16046299825773,32.880321335127746
TORDILHA-D_003_jpg.rf.e67cd4ad20c15ed213012bb43fa0dc3f_r2c0.jpg,TP,3,18,0.8796423658872077,5263,5669,60.65514587689356,65.33422420218689
TORDILHA-D_003_jpg.rf.e67cd4ad20c15ed213012bb43fa0dc3f_r2c0.jpg,TP,10,15,0.8603411513859275,3265,3715,37.62854860118895,42.814719158780086
TORDILHA-D_003_jpg.rf.e67cd4ad20c15ed213012bb43fa0dc3f_r2c0.jpg,TP,35,1,0.8538502889396586,14579,13010,168.0204012424912,149.93795323169013
TORDILHA-D_003_jpg.rf.e67cd4ad20c15ed213012bb43fa0dc3f_r2c0.jpg,TP,9,13,0.8462078651685393,8011,7763,92.32536074858338,89.4672045301776
TORDILHA-D_003_jpg.rf.e67cd4ad20c15ed213012bb43fa0dc3f_r2c0.jpg,TP,8,12,0.8391826368044332,7841,8090,90.36614076016006,93.23582180202715
TORDILHA-D_003_jpg.rf.e67cd4ad20c15ed213012bb43fa0dc3f_r2c0.jpg,TP,20,3,0.8389211926265001,7143,7721,82.32181398416316,88.98316194480243
TORDILHA-D_003_jpg.rf.e67cd4ad20c15ed213012bb43fa0dc3f_r2c0.jpg,TP,15,0,0.830395649728108,9708,9815,111.88298616243259,113.11614227279314
TORDILHA-D_003_jpg.rf.e67cd4ad20c15ed213012bb43fa0dc3f_r2c0.jpg,TP,16,11,0.7835356825584838,8782,9287,101.21099963725618,107.03103548521955
TORDILHA-D_003_jpg.rf.e67cd4ad20c15ed213012bb43fa0dc3f_r2c0.jpg,TP,7,10,0.7626898610930806,6404,7174,73.8049694462524,82.67908351146389
TORDILHA-D_003_jpg.rf.e67cd4ad20c15ed213012bb43fa0dc3f_r2c0.jpg,TP,27,16,0.7466666666666667,616,825,7.099291252169188,9.507979355583734
TORDILHA-D_003_jpg.rf.e67cd4ad20c15ed213012bb43fa0dc3f_r2c0.jpg,TP,33,31,0.7063989962358845,1564,1156,18.024823893494496,13.32269592127854
TORDILHA-D_003_jpg.rf.e67cd4ad20c15ed213012bb43fa0dc3f_r2c0.jpg,TP,6,21,0.6845734280127611,7441,8928,85.75621137563462,102.89362386260797
TORDILHA-D_003_jpg.rf.e67cd4ad20c15ed213012bb43fa0dc3f_r2c0.jpg,TP,11,28,0.657501494321578,4816,3503,55.503549789686375,40.371456584981594
TORDILHA-D_003_jpg.rf.e67cd4ad20c15ed213012bb43fa0dc3f_r2c0.jpg,TP,2,7,0.6474665536654761,30636,23793,353.07449156080395,274.2101246150349
TORDILHA-D_003_jpg.rf.e67cd4ad20c15ed213012bb43fa0dc3f_r2c0.jpg,TP,17,20,0.6286253878321867,7105,4968,81.88387069263324,57.255322955806044
TORDILHA-D_003_jpg.rf.e67cd4ad20c15ed213012bb43fa0dc3f_r2c0.jpg,TP,13,25,0.5671576170586942,7337,6921,84.557629735658,79.76330317575153
TORDILHA-D_003_jpg.rf.e67cd4ad20c15ed213012bb43fa0dc3f_r2c0.jpg,TP,29,27,0.5638297872340425,1997,1825,23.01507245224329,21.032802816897348
TORDILHA-D_003_jpg.rf.e67cd4ad20c15ed213012bb43fa0dc3f_r2c0.jpg,TP,4,9,0.5256064690026954,20350,12478,234.53015743773207,143.8067471502713
TORDILHA-D_003_jpg.rf.e67cd4ad20c15ed213012bb43fa0dc3f_r2c0.jpg,TP,18,24,0.5219656364273907,19530,10853,225.07980219945492,125.07890902563668
TORDILHA-D_003_jpg.rf.e67cd4ad20c15ed213012bb43fa0dc3f_r2c0.jpg,FP,0,-1,0.0,0,8056,0.0,92.84397780434249
TORDILHA-D_003_jpg.rf.e67cd4ad20c15ed213012bb43fa0dc3f_r2c0.jpg,FP,5,-1,0.0,0,7217,0.0,83.17465092030037
TORDILHA-D_003_jpg.rf.e67cd4ad20c15ed213012bb43fa0dc3f_r2c0.jpg,FP,14,-1,0.0,0,8290,0.0,95.54078649428988
TORDILHA-D_003_jpg.rf.e67cd4ad20c15ed213012bb43fa0dc3f_r2c0.jpg,FP,19,-1,0.0,0,1965,0.0,22.646278101481254
TORDILHA-D_003_jpg.rf.e67cd4ad20c15ed213012bb43fa0dc3f_r2c0.jpg,FP,21,-1,0.0,0,4371,0.0,50.375003349401815
TORDILHA-D_003_jpg.rf.e67cd4ad20c15ed213012bb43fa0dc3f_r2c0.jpg,FP,22,-1,0.0,0,3229,0.0,37.213654956581664
TORDILHA-D_003_jpg.rf.e67cd4ad20c15ed213012bb43fa0dc3f_r2c0.jpg,FP,23,-1,0.0,0,1953,0.0,22.50798021994549
TORDILHA-D_003_jpg.rf.e67cd4ad20c15ed213012bb43fa0dc3f_r2c0.jpg,FP,24,-1,0.0,0,3938,0.0,45.38475479065302
TORDILHA-D_003_jpg.rf.e67cd4ad20c15ed213012bb43fa0dc3f_r2c0.jpg,FP,25,-1,0.0,0,2166,0.0,24.96276761720529
TORDILHA-D_003_jpg.rf.e67cd4ad20c15ed213012bb43fa0dc3f_r2c0.jpg,FP,28,-1,0.0,0,3270,0.0,37.68617271849553
TORDILHA-D_003_jpg.rf.e67cd4ad20c15ed213012bb43fa0dc3f_r2c0.jpg,FP,30,-1,0.0,0,1468,0.0,16.918440841208387
TORDILHA-D_003_jpg.rf.e67cd4ad20c15ed213012bb43fa0dc3f_r2c0.jpg,FP,31,-1,0.0,0,2415,0.0,27.832448659072384
TORDILHA-D_003_jpg.rf.e67cd4ad20c15ed213012bb43fa0dc3f_r2c0.jpg,FP,32,-1,0.0,0,2888,0.0,33.28369015627372
TORDILHA-D_003_jpg.rf.e67cd4ad20c15ed213012bb43fa0dc3f_r2c0.jpg,FP,34,-1,0.0,0,3507,0.0,40.41755587882685
TORDILHA-D_003_jpg.rf.e67cd4ad20c15ed213012bb43fa0dc3f_r2c0.jpg,FP,36,-1,0.0,0,1534,0.0,17.679079189655088
TORDILHA-D_003_jpg.rf.e67cd4ad20c15ed213012bb43fa0dc3f_r2c0.jpg,FP,37,-1,0.0,0,1915,0.0,22.070036928415576
TORDILHA-D_003_jpg.rf.e67cd4ad20c15ed213012bb43fa0dc3f_r2c0.jpg,FP,38,-1,0.0,0,2061,0.0,23.752661153767363
TORDILHA-D_003_jpg.rf.e67cd4ad20c15ed213012bb43fa0dc3f_r2c0.jpg,FP,39,-1,0.0,0,1215,0.0,14.002660505496044
TORDILHA-D_003_jpg.rf.e67cd4ad20c15ed213012bb43fa0dc3f_r2c0.jpg,FP,40,-1,0.0,0,2729,0.0,31.45124322592486
TORDILHA-D_003_jpg.rf.e67cd4ad20c15ed213012bb43fa0dc3f_r2c0.jpg,FP,41,-1,0.0,0,525,0.0,6.050532317189648
TORDILHA-D_003_jpg.rf.e67cd4ad20c15ed213012bb43fa0dc3f_r2c0.jpg,FP,42,-1,0.0,0,1482,0.0,17.07978836966678
TORDILHA-D_003_jpg.rf.e67cd4ad20c15ed213012bb43fa0dc3f_r2c0.jpg,FP,43,-1,0.0,0,1317,0.0,15.178192498550032
TORDILHA-D_003_jpg.rf.e67cd4ad20c15ed213012bb43fa0dc3f_r2c0.jpg,FN,-1,2,0.0,16068,0,185.18086337638718,0.0
TORDILHA-D_003_jpg.rf.e67cd4ad20c15ed213012bb43fa0dc3f_r2c0.jpg,FN,-1,4,0.0,18929,0,218.15338329920544,0.0
TORDILHA-D_003_jpg.rf.e67cd4ad20c15ed213012bb43fa0dc3f_r2c0.jpg,FN,-1,5,0.0,5462,0,62.94858574569497,0.0
TORDILHA-D_003_jpg.rf.e67cd4ad20c15ed213012bb43fa0dc3f_r2c0.jpg,FN,-1,8,0.0,29803,0,343.4743136175297,0.0
TORDILHA-D_003_jpg.rf.e67cd4ad20c15ed213012bb43fa0dc3f_r2c0.jpg,FN,-1,19,0.0,13510,0,155.70036496234695,0.0
TORDILHA-D_003_jpg.rf.e67cd4ad20c15ed213012bb43fa0dc3f_r2c0.jpg,FN,-1,22,0.0,8491,0,97.8572760100139,0.0
TORDILHA-D_003_jpg.rf.e67cd4ad20c15ed213012bb43fa0dc3f_r2c0.jpg,FN,-1,23,0.0,7438,0,85.72163690525068,0.0
TORDILHA-D_003_jpg.rf.e67cd4ad20c15ed213012bb43fa0dc3f_r2c0.jpg,FN,-1,26,0.0,5610,0,64.65425961796939,0.0
TORDILHA-D_003_jpg.rf.e67cd4ad20c15ed213012bb43fa0dc3f_r2c0.jpg,FN,-1,29,0.0,7336,0,84.54610491219668,0.0
TORDILHA-D_003_jpg.rf.e67cd4ad20c15ed213012bb43fa0dc3f_r2c0.jpg,FN,-1,30,0.0,1405,0,16.19237696314563,0.0
TORDILHA-D_003_jpg.rf.e67cd4ad20c15ed213012bb43fa0dc3f_r2c1.jpg,TP,5,5,0.8778829366902509,10017,10420,115.44415661197849,120.08866046688787
TORDILHA-D_003_jpg.rf.e67cd4ad20c15ed213012bb43fa0dc3f_r2c1.jpg,TP,7,3,0.8689881324172393,6063,5906,69.87500464594446,68.06560736251822
TORDILHA-D_003_jpg.rf.e67cd4ad20c15ed213012bb43fa0dc3f_r2c1.jpg,TP,15,0,0.8556499020248204,1418,1423,16.342199668142708,16.399823785449275
TORDILHA-D_003_jpg.rf.e67cd4ad20c15ed213012bb43fa0dc3f_r2c1.jpg,TP,1,9,0.847061216188733,4457,4625,51.36613816707479,53.30230850857547
TORDILHA-D_003_jpg.rf.e67cd4ad20c15ed213012bb43fa0dc3f_r2c1.jpg,TP,2,20,0.8376313276026743,4491,5129,51.75798216475945,59.11081953307754
TORDILHA-D_003_jpg.rf.e67cd4ad20c15ed213012bb43fa0dc3f_r2c1.jpg,TP,35,31,0.8114343029087262,847,959,9.761525471732632,11.052305699399758
TORDILHA-D_003_jpg.rf.e67cd4ad20c15ed213012bb43fa0dc3f_r2c1.jpg,TP,4,19,0.803282324240408,3622,4509,41.74291057687792,51.96542898706309
TORDILHA-D_003_jpg.rf.e67cd4ad20c15ed213012bb43fa0dc3f_r2c1.jpg,TP,24,22,0.7958860759493671,1026,1244,11.82446887130777,14.336880385874139
TORDILHA-D_003_jpg.rf.e67cd4ad20c15ed213012bb43fa0dc3f_r2c1.jpg,TP,11,21,0.7906287069988137,1352,1667,15.581561319696009,19.211880710009797
TORDILHA-D_003_jpg.rf.e67cd4ad20c15ed213012bb43fa0dc3f_r2c1.jpg,TP,6,18,0.7851964898893552,9598,9118,110.61525558168809,105.08334032025755
TORDILHA-D_003_jpg.rf.e67cd4ad20c15ed213012bb43fa0dc3f_r2c1.jpg,TP,16,11,0.7820379709285079,13199,10830,152.11614486587843,124.81383808602646
TORDILHA-D_003_jpg.rf.e67cd4ad20c15ed213012bb43fa0dc3f_r2c1.jpg,TP,21,1,0.7801616915422885,8348,8827,96.20922625504606,101.72961669301529
TORDILHA-D_003_jpg.rf.e67cd4ad20c15ed213012bb43fa0dc3f_r2c1.jpg,TP,0,14,0.7353856054917944,8344,7835,96.16312696120082,90.29699181939218
TORDILHA-D_003_jpg.rf.e67cd4ad20c15ed213012bb43fa0dc3f_r2c1.jpg,TP,9,13,0.7112588284171167,4702,3536,54.189719915096624,40.751775759204946
TORDILHA-D_003_jpg.rf.e67cd4ad20c15ed213012bb43fa0dc3f_r2c1.jpg,TP,19,23,0.658859920459567,6168,8848,71.08511110938238,101.97163798570287
TORDILHA-D_003_jpg.rf.e67cd4ad20c15ed213012bb43fa0dc3f_r2c1.jpg,TP,28,2,0.6281667664073409,9332,6992,107.54965254097866,80.5815656415048
TORDILHA-D_003_jpg.rf.e67cd4ad20c15ed213012bb43fa0dc3f_r2c1.jpg,TP,39,10,0.6123532699832308,32820,24870,378.2447060003129,286.6223594828696
TORDILHA-D_003_jpg.rf.e67cd4ad20c15ed213012bb43fa0dc3f_r2c1.jpg,TP,20,4,0.5984759671746777,1203,1524,13.86436262396028,17.56383095504195
TORDILHA-D_003_jpg.rf.e67cd4ad20c15ed213012bb43fa0dc3f_r2c1.jpg,TP,34,17,0.5906298003072197,8674,5823,99.9663187034343,67.10904701522918
TORDILHA-D_003_jpg.rf.e67cd4ad20c15ed213012bb43fa0dc3f_r2c1.jpg,TP,42,6,0.5598062953995158,1541,1680,17.75975295388428,19.361703415006875
TORDILHA-D_003_jpg.rf.e67cd4ad20c15ed213012bb43fa0dc3f_r2c1.jpg,TP,31,8,0.5497448979591837,936,1494,10.787234759789545,17.218086251202543
TORDILHA-D_003_jpg.rf.e67cd4ad20c15ed213012bb43fa0dc3f_r2c1.jpg,FP,3,-1,0.0,0,8912,0.0,102.70922668722694
TORDILHA-D_003_jpg.rf.e67cd4ad20c15ed213012bb43fa0dc3f_r2c1.jpg,FP,8,-1,0.0,0,1751,0.0,20.17996588076014
TORDILHA-D_003_jpg.rf.e67cd4ad20c15ed213012bb43fa0dc3f_r2c1.jpg,FP,10,-1,0.0,0,8339,0.0,96.10550284389424
TORDILHA-D_003_jpg.rf.e67cd4ad20c15ed213012bb43fa0dc3f_r2c1.jpg,FP,12,-1,0.0,0,1840,0.0,21.205675168817052
TORDILHA-D_003_jpg.rf.e67cd4ad20c15ed213012bb43fa0dc3f_r2c1.jpg,FP,13,-1,0.0,0,4672,0.0,53.84397521125722
TORDILHA-D_003_jpg.rf.e67cd4ad20c15ed213012bb43fa0dc3f_r2c1.jpg,FP,14,-1,0.0,0,2471,0.0,28.477838772905944
TORDILHA-D_003_jpg.rf.e67cd4ad20c15ed213012bb43fa0dc3f_r2c1.jpg,FP,17,-1,0.0,0,532,0.0,6.131206081418844
TORDILHA-D_003_jpg.rf.e67cd4ad20c15ed213012bb43fa0dc3f_r2c1.jpg,FP,18,-1,0.0,0,1717,0.0,19.78812188307548
TORDILHA-D_003_jpg.rf.e67cd4ad20c15ed213012bb43fa0dc3f_r2c1.jpg,FP,22,-1,0.0,0,1050,0.0,12.101064634379297
TORDILHA-D_003_jpg.rf.e67cd4ad20c15ed213012bb43fa0dc3f_r2c1.jpg,FP,23,-1,0.0,0,1079,0.0,12.435284514757392
TORDILHA-D_003_jpg.rf.e67cd4ad20c15ed213012bb43fa0dc3f_r2c1.jpg,FP,25,-1,0.0,0,2595,0.0,29.906916882108835
TORDILHA-D_003_jpg.rf.e67cd4ad20c15ed213012bb43fa0dc3f_r2c1.jpg,FP,26,-1,0.0,0,4914,0.0,56.63298248889511
TORDILHA-D_003_jpg.rf.e67cd4ad20c15ed213012bb43fa0dc3f_r2c1.jpg,FP,27,-1,0.0,0,1088,0.0,12.539007925909214
TORDILHA-D_003_jpg.rf.e67cd4ad20c15ed213012bb43fa0dc3f_r2c1.jpg,FP,29,-1,0.0,0,468,0.0,5.393617379894772
TORDILHA-D_003_jpg.rf.e67cd4ad20c15ed213012bb43fa0dc3f_r2c1.jpg,FP,30,-1,0.0,0,1779,0.0,20.50266093767692
TORDILHA-D_003_jpg.rf.e67cd4ad20c15ed213012bb43fa0dc3f_r2c1.jpg,FP,32,-1,0.0,0,5139,0.0,59.22606776769067
TORDILHA-D_003_jpg.rf.e67cd4ad20c15ed213012bb43fa0dc3f_r2c1.jpg,FP,33,-1,0.0,0,5501,0.0,63.3980538606862
TORDILHA-D_003_jpg.rf.e67cd4ad20c15ed213012bb43fa0dc3f_r2c1.jpg,FP,36,-1,0.0,0,1077,0.0,12.412234867834764
TORDILHA-D_003_jpg.rf.e67cd4ad20c15ed213012bb43fa0dc3f_r2c1.jpg,FP,37,-1,0.0,0,4574,0.0,52.71454251204848
TORDILHA-D_003_jpg.rf.e67cd4ad20c15ed213012bb43fa0dc3f_r2c1.jpg,FP,38,-1,0.0,0,1857,0.0,21.401597167659386
TORDILHA-D_003_jpg.rf.e67cd4ad20c15ed213012bb43fa0dc3f_r2c1.jpg,FP,40,-1,0.0,0,11605,0.0,133.7455762685445
TORDILHA-D_003_jpg.rf.e67cd4ad20c15ed213012bb43fa0dc3f_r2c1.jpg,FP,41,-1,0.0,0,209,0.0,2.4086881034145455
TORDILHA-D_003_jpg.rf.e67cd4ad20c15ed213012bb43fa0dc3f_r2c1.jpg,FP,43,-1,0.0,0,9556,0.0,110.13121299631291
TORDILHA-D_003_jpg.rf.e67cd4ad20c15ed213012bb43fa0dc3f_r2c1.jpg,FP,44,-1,0.0,0,11297,0.0,130.19593064245993
TORDILHA-D_003_jpg.rf.e67cd4ad20c15ed213012bb43fa0dc3f_r2c1.jpg,FP,45,-1,0.0,0,2484,0.0,28.627661477903022
TORDILHA-D_003_jpg.rf.e67cd4ad20c15ed213012bb43fa0dc3f_r2c1.jpg,FP,46,-1,0.0,0,1438,0.0,16.57269613736898
TORDILHA-D_003_jpg.rf.e67cd4ad20c15ed213012bb43fa0dc3f_r2c1.jpg,FP,47,-1,0.0,0,1538,0.0,17.72517848350034
TORDILHA-D_003_jpg.rf.e67cd4ad20c15ed213012bb43fa0dc3f_r2c1.jpg,FP,48,-1,0.0,0,290,0.0,3.3421988037809487
TORDILHA-D_003_jpg.rf.e67cd4ad20c15ed213012bb43fa0dc3f_r2c1.jpg,FP,49,-1,0.0,0,2708,0.0,31.20922193323727
TORDILHA-D_003_jpg.rf.e67cd4ad20c15ed213012bb43fa0dc3f_r2c1.jpg,FP,50,-1,0.0,0,2972,0.0,34.25177532702406
TORDILHA-D_003_jpg.rf.e67cd4ad20c15ed213012bb43fa0dc3f_r2c1.jpg,FN,-1,7,0.0,20968,0,241.6524983368239,0.0
TORDILHA-D_003_jpg.rf.e67cd4ad20c15ed213012bb43fa0dc3f_r2c1.jpg,FN,-1,12,0.0,1214,0,13.991135682034729,0.0
TORDILHA-D_003_jpg.rf.e67cd4ad20c15ed213012bb43fa0dc3f_r2c1.jpg,FN,-1,15,0.0,16182,0,186.49469325097692,0.0
TORDILHA-D_003_jpg.rf.e67cd4ad20c15ed213012bb43fa0dc3f_r2c1.jpg,FN,-1,16,0.0,4197,0,48.36968406713324,0.0
TORDILHA-D_003_jpg.rf.e67cd4ad20c15ed213012bb43fa0dc3f_r2c1.jpg,FN,-1,24,0.0,6651,0,76.65160084119685,0.0
TORDILHA-D_003_jpg.rf.e67cd4ad20c15ed213012bb43fa0dc3f_r2c1.jpg,FN,-1,25,0.0,8017,0,92.39450968935125,0.0
TORDILHA-D_003_jpg.rf.e67cd4ad20c15ed213012bb43fa0dc3f_r2c1.jpg,FN,-1,26,0.0,526,0,6.062057140650962,0.0
TORDILHA-D_003_jpg.rf.e67cd4ad20c15ed213012bb43fa0dc3f_r2c1.jpg,FN,-1,27,0.0,10243,0,118.04876671423537,0.0
TORDILHA-D_003_jpg.rf.e67cd4ad20c15ed213012bb43fa0dc3f_r2c1.jpg,FN,-1,28,0.0,17798,0,205.11880796445973,0.0
TORDILHA-D_003_jpg.rf.e67cd4ad20c15ed213012bb43fa0dc3f_r2c1.jpg,FN,-1,29,0.0,8335,0,96.05940355004898,0.0
TORDILHA-D_003_jpg.rf.e67cd4ad20c15ed213012bb43fa0dc3f_r2c1.jpg,FN,-1,30,0.0,7277,0,83.86614032797918,0.0
TORDILHA-D_003_jpg.rf.e67cd4ad20c15ed213012bb43fa0dc3f_r2c1.jpg,FN,-1,32,0.0,3182,0,36.671988253899926,0.0
TORDILHA-D_003_jpg.rf.e67cd4ad20c15ed213012bb43fa0dc3f_r2c2.jpg,TP,7,32,0.8588807785888077,5935,6289,68.39982724289631,72.47961474820133
TORDILHA-D_003_jpg.rf.e67cd4ad20c15ed213012bb43fa0dc3f_r2c2.jpg,TP,1,16,0.8549875494360627,6131,6533,70.65869264131378,75.29167167276185
TORDILHA-D_003_jpg.rf.e67cd4ad20c15ed213012bb43fa0dc3f_r2c2.jpg,TP,27,8,0.8431253170979198,17801,18527,205.15338243484368,213.52040426775736
TORDILHA-D_003_jpg.rf.e67cd4ad20c15ed213012bb43fa0dc3f_r2c2.jpg,TP,0,14,0.8102698993595608,21733,25754,250.46898828472882,296.81030342267087
TORDILHA-D_003_jpg.rf.e67cd4ad20c15ed213012bb43fa0dc3f_r2c2.jpg,TP,53,40,0.7868217054263565,1944,2205,22.40425680879367,25.41223573219652
TORDILHA-D_003_jpg.rf.e67cd4ad20c15ed213012bb43fa0dc3f_r2c2.jpg,TP,2,17,0.7734668335419274,5481,4438,63.16755739145993,51.14716652130983
TORDILHA-D_003_jpg.rf.e67cd4ad20c15ed213012bb43fa0dc3f_r2c2.jpg,TP,16,31,0.7709677419354839,4369,4964,50.351953702479186,57.20922366196079
TORDILHA-D_003_jpg.rf.e67cd4ad20c15ed213012bb43fa0dc3f_r2c2.jpg,TP,44,38,0.7654135338345864,572,602,6.592199019871388,6.937943723710797
TORDILHA-D_003_jpg.rf.e67cd4ad20c15ed213012bb43fa0dc3f_r2c2.jpg,TP,62,0,0.7282456140350877,4997,4854,57.58954283618414,55.941493081216294
TORDILHA-D_003_jpg.rf.e67cd4ad20c15ed213012bb43fa0dc3f_r2c2.jpg,TP,60,11,0.7169071797612685,5168,4469,59.560287648068766,51.50443604861055
TORDILHA-D_003_jpg.rf.e67cd4ad20c15ed213012bb43fa0dc3f_r2c2.jpg,TP,3,4,0.6642817320200706,9241,8670,106.50089360599912,99.92021940958905
TORDILHA-D_003_jpg.rf.e67cd4ad20c15ed213012bb43fa0dc3f_r2c2.jpg,TP,19,36,0.6574074074074074,2174,3196,25.054966204895802,36.83333578235832
TORDILHA-D_003_jpg.rf.e67cd4ad20c15ed213012bb43fa0dc3f_r2c2.jpg,TP,34,34,0.6409846547314578,5826,4440,67.14362148561312,51.17021616823246
TORDILHA-D_003_jpg.rf.e67cd4ad20c15ed213012bb43fa0dc3f_r2c2.jpg,TP,59,29,0.6293402777777778,739,1138,8.516844537910762,13.115249098974894
TORDILHA-D_003_jpg.rf.e67cd4ad20c15ed213012bb43fa0dc3f_r2c2.jpg,TP,40,27,0.6261046511627907,33077,22861,381.20658562987046,263.4689891490906
TORDILHA-D_003_jpg.rf.e67cd4ad20c15ed213012bb43fa0dc3f_r2c2.jpg,TP,14,13,0.6165540540540541,2143,1685,24.69769667759508,19.419327532313442
TORDILHA-D_003_jpg.rf.e67cd4ad20c15ed213012bb43fa0dc3f_r2c2.jpg,TP,43,19,0.5927718130954182,5219,5314,60.14805364459576,61.24291187342055
TORDILHA-D_003_jpg.rf.e67cd4ad20c15ed213012bb43fa0dc3f_r2c2.jpg,TP,67,21,0.5795795795795796,1813,1343,20.894504935361585,15.477837908544187
TORDILHA-D_003_jpg.rf.e67cd4ad20c15ed213012bb43fa0dc3f_r2c2.jpg,TP,37,35,0.5745289472047759,15382,9938,177.27483448192604,114.53369555853472
TORDILHA-D_003_jpg.rf.e67cd4ad20c15ed213012bb43fa0dc3f_r2c2.jpg,TP,13,7,0.5627906976744186,6151,5609,70.88918911054004,64.64273479450807
TORDILHA-D_003_jpg.rf.e67cd4ad20c15ed213012bb43fa0dc3f_r2c2.jpg,FP,4,-1,0.0,0,8543,0.0,98.45656683000222
TORDILHA-D_003_jpg.rf.e67cd4ad20c15ed213012bb43fa0dc3f_r2c2.jpg,FP,5,-1,0.0,0,6214,0.0,71.6152529886028
TORDILHA-D_003_jpg.rf.e67cd4ad20c15ed213012bb43fa0dc3f_r2c2.jpg,FP,6,-1,0.0,0,6727,0.0,77.52748742425669
TORDILHA-D_003_jpg.rf.e67cd4ad20c15ed213012bb43fa0dc3f_r2c2.jpg,FP,8,-1,0.0,0,3128,0.0,36.04964778698899
TORDILHA-D_003_jpg.rf.e67cd4ad20c15ed213012bb43fa0dc3f_r2c2.jpg,FP,9,-1,0.0,0,7835,0.0,90.29699181939218
TORDILHA-D_003_jpg.rf.e67cd4ad20c15ed213012bb43fa0dc3f_r2c2.jpg,FP,10,-1,0.0,0,4934,0.0,56.863478958121384
TORDILHA-D_003_jpg.rf.e67cd4ad20c15ed213012bb43fa0dc3f_r2c2.jpg,FP,11,-1,0.0,0,3903,0.0,44.981385969507045
TORDILHA-D_003_jpg.rf.e67cd4ad20c15ed213012bb43fa0dc3f_r2c2.jpg,FP,12,-1,0.0,0,3550,0.0,40.91312328766334
TORDILHA-D_003_jpg.rf.e67cd4ad20c15ed213012bb43fa0dc3f_r2c2.jpg,FP,15,-1,0.0,0,1436,0.0,16.549646490446353
TORDILHA-D_003_jpg.rf.e67cd4ad20c15ed213012bb43fa0dc3f_r2c2.jpg,FP,17,-1,0.0,0,6866,0.0,79.12943788537929
TORDILHA-D_003_jpg.rf.e67cd4ad20c15ed213012bb43fa0dc3f_r2c2.jpg,FP,18,-1,0.0,0,1908,0.0,21.98936316418638
TORDILHA-D_003_jpg.rf.e67cd4ad20c15ed213012bb43fa0dc3f_r2c2.jpg,FP,20,-1,0.0,0,1881,0.0,21.678192930730912
TORDILHA-D_003_jpg.rf.e67cd4ad20c15ed213012bb43fa0dc3f_r2c2.jpg,FP,21,-1,0.0,0,3437,0.0,39.6108182365349
TORDILHA-D_003_jpg.rf.e67cd4ad20c15ed213012bb43fa0dc3f_r2c2.jpg,FP,22,-1,0.0,0,5001,0.0,57.635642130029396
TORDILHA-D_003_jpg.rf.e67cd4ad20c15ed213012bb43fa0dc3f_r2c2.jpg,FP,23,-1,0.0,0,2415,0.0,27.832448659072384
TORDILHA-D_003_jpg.rf.e67cd4ad20c15ed213012bb43fa0dc3f_r2c2.jpg,FP,24,-1,0.0,0,5770,0.0,66.49823137177957
TORDILHA-D_003_jpg.rf.e67cd4ad20c15ed213012bb43fa0dc3f_r2c2.jpg,FP,25,-1,0.0,0,12961,0.0,149.37323688208576
TORDILHA-D_003_jpg.rf.e67cd4ad20c15ed213012bb43fa0dc3f_r2c2.jpg,FP,26,-1,0.0,0,2705,0.0,31.17464746285333
TORDILHA-D_003_jpg.rf.e67cd4ad20c15ed213012bb43fa0dc3f_r2c2.jpg,FP,28,-1,0.0,0,895,0.0,10.314716997875687
TORDILHA-D_003_jpg.rf.e67cd4ad20c15ed213012bb43fa0dc3f_r2c2.jpg,FP,29,-1,0.0,0,3116,0.0,35.91134990545323
TORDILHA-D_003_jpg.rf.e67cd4ad20c15ed213012bb43fa0dc3f_r2c2.jpg,FP,30,-1,0.0,0,12693,0.0,146.2845841944537
TORDILHA-D_003_jpg.rf.e67cd4ad20c15ed213012bb43fa0dc3f_r2c2.jpg,FP,31,-1,0.0,0,7727,0.0,89.05231088557031
TORDILHA-D_003_jpg.rf.e67cd4ad20c15ed213012bb43fa0dc3f_r2c2.jpg,FP,32,-1,0.0,0,2637,0.0,30.390959467484006
TORDILHA-D_003_jpg.rf.e67cd4ad20c15ed213012bb43fa0dc3f_r2c2.jpg,FP,33,-1,0.0,0,3894,0.0,44.87766255835522
TORDILHA-D_003_jpg.rf.e67cd4ad20c15ed213012bb43fa0dc3f_r2c2.jpg,FP,35,-1,0.0,0,2105,0.0,24.25975338606516
TORDILHA-D_003_jpg.rf.e67cd4ad20c15ed213012bb43fa0dc3f_r2c2.jpg,FP,36,-1,0.0,0,4382,0.0,50.501776407476264
TORDILHA-D_003_jpg.rf.e67cd4ad20c15ed213012bb43fa0dc3f_r2c2.jpg,FP,38,-1,0.0,0,1675,0.0,19.304079297700305
TORDILHA-D_003_jpg.rf.e67cd4ad20c15ed213012bb43fa0dc3f_r2c2.jpg,FP,39,-1,0.0,0,2154,0.0,24.824469735669528
TORDILHA-D_003_jpg.rf.e67cd4ad20c15ed213012bb43fa0dc3f_r2c2.jpg,FP,41,-1,0.0,0,8081,0.0,93.13209839087533
TORDILHA-D_003_jpg.rf.e67cd4ad20c15ed213012bb43fa0dc3f_r2c2.jpg,FP,42,-1,0.0,0,4549,0.0,52.42642192551564
TORDILHA-D_003_jpg.rf.e67cd4ad20c15ed213012bb43fa0dc3f_r2c2.jpg,FP,45,-1,0.0,0,2362,0.0,27.22163301562276
TORDILHA-D_003_jpg.rf.e67cd4ad20c15ed213012bb43fa0dc3f_r2c2.jpg,FP,46,-1,0.0,0,9894,0.0,114.02660332623691
TORDILHA-D_003_jpg.rf.e67cd4ad20c15ed213012bb43fa0dc3f_r2c2.jpg,FP,47,-1,0.0,0,2550,0.0,29.38829982634972
TORDILHA-D_003_jpg.rf.e67cd4ad20c15ed213012bb43fa0dc3f_r2c2.jpg,FP,48,-1,0.0,0,487,0.0,5.612589025659731
TORDILHA-D_003_jpg.rf.e67cd4ad20c15ed213012bb43fa0dc3f_r2c2.jpg,FP,49,-1,0.0,0,7603,0.0,87.62323277636742
TORDILHA-D_003_jpg.rf.e67cd4ad20c15ed213012bb43fa0dc3f_r2c2.jpg,FP,50,-1,0.0,0,1987,0.0,22.899824217630155
TORDILHA-D_003_jpg.rf.e67cd4ad20c15ed213012bb43fa0dc3f_r2c2.jpg,FP,51,-1,0.0,0,3815,0.0,43.96720150491144
TORDILHA-D_003_jpg.rf.e67cd4ad20c15ed213012bb43fa0dc3f_r2c2.jpg,FP,52,-1,0.0,0,868,0.0,10.003546764420218
TORDILHA-D_003_jpg.rf.e67cd4ad20c15ed213012bb43fa0dc3f_r2c2.jpg,FP,54,-1,0.0,0,1406,0.0,16.203901786606945
TORDILHA-D_003_jpg.rf.e67cd4ad20c15ed213012bb43fa0dc3f_r2c2.jpg,FP,55,-1,0.0,0,2175,0.0,25.066491028357113
TORDILHA-D_003_jpg.rf.e67cd4ad20c15ed213012bb43fa0dc3f_r2c2.jpg,FP,56,-1,0.0,0,2201,0.0,25.36613643835127
TORDILHA-D_003_jpg.rf.e67cd4ad20c15ed213012bb43fa0dc3f_r2c2.jpg,FP,57,-1,0.0,0,4057,0.0,46.756208782549336
TORDILHA-D_003_jpg.rf.e67cd4ad20c15ed213012bb43fa0dc3f_r2c2.jpg,FP,58,-1,0.0,0,233,0.0,2.6852838664860723
TORDILHA-D_003_jpg.rf.e67cd4ad20c15ed213012bb43fa0dc3f_r2c2.jpg,FP,61,-1,0.0,0,10588,0.0,122.02483080838856
TORDILHA-D_003_jpg.rf.e67cd4ad20c15ed213012bb43fa0dc3f_r2c2.jpg,FP,63,-1,0.0,0,1572,0.0,18.117022481185003
TORDILHA-D_003_jpg.rf.e67cd4ad20c15ed213012bb43fa0dc3f_r2c2.jpg,FP,64,-1,0.0,0,3404,0.0,39.23049906231155
TORDILHA-D_003_jpg.rf.e67cd4ad20c15ed213012bb43fa0dc3f_r2c2.jpg,FP,65,-1,0.0,0,1142,0.0,13.16134839282015
TORDILHA-D_003_jpg.rf.e67cd4ad20c15ed213012bb43fa0dc3f_r2c2.jpg,FP,66,-1,0.0,0,1330,0.0,15.328015203547109
TORDILHA-D_003_jpg.rf.e67cd4ad20c15ed213012bb43fa0dc3f_r2c2.jpg,FP,68,-1,0.0,0,2880,0.0,33.19149156858322
TORDILHA-D_003_jpg.rf.e67cd4ad20c15ed213012bb43fa0dc3f_r2c2.jpg,FN,-1,1,0.0,28317,0,326.34842595401767,0.0
TORDILHA-D_003_jpg.rf.e67cd4ad20c15ed213012bb43fa0dc3f_r2c2.jpg,FN,-1,2,0.0,5595,0,64.48138726604968,0.0
TORDILHA-D_003_jpg.rf.e67cd4ad20c15ed213012bb43fa0dc3f_r2c2.jpg,FN,-1,3,0.0,3861,0,44.497343384131874,0.0
TORDILHA-D_003_jpg.rf.e67cd4ad20c15ed213012bb43fa0dc3f_r2c2.jpg,FN,-1,5,0.0,5697,0,65.65691925910367,0.0
TORDILHA-D_003_jpg.rf.e67cd4ad20c15ed213012bb43fa0dc3f_r2c2.jpg,FN,-1,6,0.0,31117,0,358.61793164569576,0.0
TORDILHA-D_003_jpg.rf.e67cd4ad20c15ed213012bb43fa0dc3f_r2c2.jpg,FN,-1,9,0.0,4380,0,50.478726760553634,0.0
TORDILHA-D_003_jpg.rf.e67cd4ad20c15ed213012bb43fa0dc3f_r2c2.jpg,FN,-1,10,0.0,1794,0,20.675533289596626,0.0
TORDILHA-D_003_jpg.rf.e67cd4ad20c15ed213012bb43fa0dc3f_r2c2.jpg,FN,-1,12,0.0,2593,0,29.883867235186205,0.0
TORDILHA-D_003_jpg.rf.e67cd4ad20c15ed213012bb43fa0dc3f_r2c2.jpg,FN,-1,15,0.0,10959,0,126.30054031253592,0.0
TORDILHA-D_003_jpg.rf.e67cd4ad20c15ed213012bb43fa0dc3f_r2c2.jpg,FN,-1,18,0.0,8103,0,93.38564450702422,0.0
TORDILHA-D_003_jpg.rf.e67cd4ad20c15ed213012bb43fa0dc3f_r2c2.jpg,FN,-1,20,0.0,8120,0,93.58156650586656,0.0
TORDILHA-D_003_jpg.rf.e67cd4ad20c15ed213012bb43fa0dc3f_r2c2.jpg,FN,-1,22,0.0,1181,0,13.61081650781138,0.0
TORDILHA-D_003_jpg.rf.e67cd4ad20c15ed213012bb43fa0dc3f_r2c2.jpg,FN,-1,23,0.0,10006,0,115.31738355390404,0.0
TORDILHA-D_003_jpg.rf.e67cd4ad20c15ed213012bb43fa0dc3f_r2c2.jpg,FN,-1,24,0.0,24500,0,282.3581748021836,0.0
TORDILHA-D_003_jpg.rf.e67cd4ad20c15ed213012bb43fa0dc3f_r2c2.jpg,FN,-1,25,0.0,14891,0,171.61614616242105,0.0
TORDILHA-D_003_jpg.rf.e67cd4ad20c15ed213012bb43fa0dc3f_r2c2.jpg,FN,-1,26,0.0,70070,0,807.5443799342451,0.0
TORDILHA-D_003_jpg.rf.e67cd4ad20c15ed213012bb43fa0dc3f_r2c2.jpg,FN,-1,28,0.0,10078,0,116.14717084311862,0.0
TORDILHA-D_003_jpg.rf.e67cd4ad20c15ed213012bb43fa0dc3f_r2c2.jpg,FN,-1,30,0.0,46449,0,535.3165249545561,0.0
TORDILHA-D_003_jpg.rf.e67cd4ad20c15ed213012bb43fa0dc3f_r2c2.jpg,FN,-1,33,0.0,15697,0,180.90515387223982,0.0
TORDILHA-D_003_jpg.rf.e67cd4ad20c15ed213012bb43fa0dc3f_r2c2.jpg,FN,-1,37,0.0,6686,0,77.05496966234284,0.0
TORDILHA-D_003_jpg.rf.e67cd4ad20c15ed213012bb43fa0dc3f_r2c2.jpg,FN,-1,39,0.0,2199,0,25.34308679142864,0.0
TORDILHA-D_003_jpg.rf.e67cd4ad20c15ed213012bb43fa0dc3f_r2c2.jpg,FN,-1,41,0.0,2549,0,29.376775002888408,0.0
TORDILHA-D_003_jpg.rf.e67cd4ad20c15ed213012bb43fa0dc3f_r2c2.jpg,FN,-1,42,0.0,9521,0,109.72784417516694,0.0
TORDILHA-D_003_jpg.rf.e67cd4ad20c15ed213012bb43fa0dc3f_r2c2.jpg,FN,-1,43,0.0,1472,0,16.964540135053642,0.0
TORDILHA-D_011_jpg.rf.67cbd65b708b681788cae0003256ca67_r0c0.jpg,TP,2,4,0.8554437328453797,3118,2966,35.93439955237585,34.18262638625618
TORDILHA-D_011_jpg.rf.67cbd65b708b681788cae0003256ca67_r0c0.jpg,TP,0,0,0.8552247518972563,5014,4520,57.78546483502647,52.09220204513754
TORDILHA-D_011_jpg.rf.67cbd65b708b681788cae0003256ca67_r0c0.jpg,TP,1,3,0.8474505723204995,4414,4463,50.8705707582383,51.43528710784267
TORDILHA-D_011_jpg.rf.67cbd65b708b681788cae0003256ca67_r0c0.jpg,FP,3,-1,0.0,0,2374,0.0,27.359930897158524
TORDILHA-D_011_jpg.rf.67cbd65b708b681788cae0003256ca67_r0c0.jpg,FN,-1,1,0.0,1413,0,16.284575550836138,0.0
TORDILHA-D_011_jpg.rf.67cbd65b708b681788cae0003256ca67_r0c0.jpg,FN,-1,2,0.0,4626,0,53.313833332036786,0.0
TORDILHA-D_011_jpg.rf.67cbd65b708b681788cae0003256ca67_r0c1.jpg,TP,4,5,0.8870836718115354,5994,5621,69.07979182711381,64.78103267604384
TORDILHA-D_011_jpg.rf.67cbd65b708b681788cae0003256ca67_r0c1.jpg,TP,2,16,0.8726860596902153,2592,2365,29.872342411724894,27.2562074860067
TORDILHA-D_011_jpg.rf.67cbd65b708b681788cae0003256ca67_r0c1.jpg,TP,0,4,0.8540480488820997,12728,13974,146.6879530155997,161.04788304839647
TORDILHA-D_011_jpg.rf.67cbd65b708b681788cae0003256ca67_r0c1.jpg,TP,5,9,0.8232432432432433,1754,1619,20.21454035114408,18.658689183866745
TORDILHA-D_011_jpg.rf.67cbd65b708b681788cae0003256ca67_r0c1.jpg,TP,13,6,0.8165572574762947,4983,4979,57.428195307725744,57.38209601388049
TORDILHA-D_011_jpg.rf.67cbd65b708b681788cae0003256ca67_r0c1.jpg,TP,1,10,0.8042974510216979,4423,4142,50.97429416939012,47.73581877676099
TORDILHA-D_011_jpg.rf.67cbd65b708b681788cae0003256ca67_r0c1.jpg,TP,20,3,0.8015873015873016,2359,1954,27.18705854523882,22.519505043406806
TORDILHA-D_011_jpg.rf.67cbd65b708b681788cae0003256ca67_r0c1.jpg,TP,6,18,0.7467737310008603,3485,2606,40.16400976267795,30.033689940183283
TORDILHA-D_011_jpg.rf.67cbd65b708b681788cae0003256ca67_r0c1.jpg,TP,15,11,0.7433264887063655,3240,2703,37.34042801465611,31.151597815930703
TORDILHA-D_011_jpg.rf.67cbd65b708b681788cae0003256ca67_r0c1.jpg,TP,11,7,0.7278545826932924,3789,2960,43.66755609491729,34.1134774454883
TORDILHA-D_011_jpg.rf.67cbd65b708b681788cae0003256ca67_r0c1.jpg,TP,3,1,0.707497612225406,3618,3533,41.69681128303266,40.717201288821
TORDILHA-D_011_jpg.rf.67cbd65b708b681788cae0003256ca67_r0c1.jpg,TP,19,2,0.6829121540312876,4200,4191,48.40425853751719,48.30053512636536
TORDILHA-D_011_jpg.rf.67cbd65b708b681788cae0003256ca67_r0c1.jpg,TP,14,17,0.6791497975708503,4258,4037,49.07269829827337,46.52571231332307
TORDILHA-D_011_jpg.rf.67cbd65b708b681788cae0003256ca67_r0c1.jpg,TP,17,15,0.6418624891209748,6677,4642,76.95124625119101,53.4982305074178
TORDILHA-D_011_jpg.rf.67cbd65b708b681788cae0003256ca67_r0c1.jpg,TP,16,0,0.6238390092879257,434,615,5.001773382210109,7.087766428707874
TORDILHA-D_011_jpg.rf.67cbd65b708b681788cae0003256ca67_r0c1.jpg,TP,21,14,0.5202750770690064,4199,2212,48.39273371405587,25.492909496425717
TORDILHA-D_011_jpg.rf.67cbd65b708b681788cae0003256ca67_r0c1.jpg,FP,7,-1,0.0,0,5856,0.0,67.48936618945254
TORDILHA-D_011_jpg.rf.67cbd65b708b681788cae0003256ca67_r0c1.jpg,FP,8,-1,0.0,0,2089,0.0,24.075356210684145
TORDILHA-D_011_jpg.rf.67cbd65b708b681788cae0003256ca67_r0c1.jpg,FP,9,-1,0.0,0,849,0.0,9.78457511865526
TORDILHA-D_011_jpg.rf.67cbd65b708b681788cae0003256ca67_r0c1.jpg,FP,10,-1,0.0,0,2517,0.0,29.00798065212637
TORDILHA-D_011_jpg.rf.67cbd65b708b681788cae0003256ca67_r0c1.jpg,FP,12,-1,0.0,0,1712,0.0,19.73049776576891
TORDILHA-D_011_jpg.rf.67cbd65b708b681788cae0003256ca67_r0c1.jpg,FP,18,-1,0.0,0,600,0.0,6.914894076788169
TORDILHA-D_011_jpg.rf.67cbd65b708b681788cae0003256ca67_r0c1.jpg,FN,-1,8,0.0,1100,0,12.677305807444977,0.0
TORDILHA-D_011_jpg.rf.67cbd65b708b681788cae0003256ca67_r0c1.jpg,FN,-1,12,0.0,7371,0,84.94947373334266,0.0
TORDILHA-D_011_jpg.rf.67cbd65b708b681788cae0003256ca67_r0c1.jpg,FN,-1,13,0.0,10779,0,124.22607208949947,0.0
TORDILHA-D_011_jpg.rf.67cbd65b708b681788cae0003256ca67_r0c2.jpg,TP,10,7,0.8737974462130488,11341,10084,130.70302287475772,116.2163197838865
TORDILHA-D_011_jpg.rf.67cbd65b708b681788cae0003256ca67_r0c2.jpg,TP,8,0,0.8660066653597334,9877,9160,113.83068132739459,105.56738290563273
TORDILHA-D_011_jpg.rf.67cbd65b708b681788cae0003256ca67_r0c2.jpg,TP,1,2,0.8443531093638313,5353,4968,61.69237998841179,57.255322955806044
TORDILHA-D_011_jpg.rf.67cbd65b708b681788cae0003256ca67_r0c2.jpg,TP,3,8,0.7921792618629174,4505,3653,51.91932969321784,42.10018010417864
TORDILHA-D_011_jpg.rf.67cbd65b708b681788cae0003256ca67_r0c2.jpg,TP,9,10,0.787117903930131,802,835,9.24290841597352,9.62322759019687
TORDILHA-D_011_jpg.rf.67cbd65b708b681788cae0003256ca67_r0c2.jpg,TP,6,5,0.7743409490333919,2576,2472,29.687945236343875,28.48936359636726
TORDILHA-D_011_jpg.rf.67cbd65b708b681788cae0003256ca67_r0c2.jpg,TP,2,6,0.7670854271356784,3522,3511,40.590428230746554,40.463655172672105
TORDILHA-D_011_jpg.rf.67cbd65b708b681788cae0003256ca67_r0c2.jpg,TP,12,4,0.7369345630215195,3791,4119,43.69060574183992,47.47074783715078
TORDILHA-D_011_jpg.rf.67cbd65b708b681788cae0003256ca67_r0c2.jpg,TP,5,9,0.6995744680851064,2340,1654,26.96808689947386,19.06205800501272
TORDILHA-D_011_jpg.rf.67cbd65b708b681788cae0003256ca67_r0c2.jpg,TP,7,3,0.6877564979480164,2839,2096,32.718973806669354,24.156029974913338
TORDILHA-D_011_jpg.rf.67cbd65b708b681788cae0003256ca67_r0c2.jpg,TP,4,1,0.621996685998343,4828,3003,55.64184767122214,34.609044854324786
TORDILHA-D_011_jpg.rf.67cbd65b708b681788cae0003256ca67_r0c2.jpg,FP,0,-1,0.0,0,4578,0.0,52.760641805893734
TORDILHA-D_011_jpg.rf.67cbd65b708b681788cae0003256ca67_r0c2.jpg,FP,11,-1,0.0,0,4536,0.0,52.27659922051856
TORDILHA-D_011_jpg.rf.67cbd65b708b681788cae0003256ca67_r1c0.jpg,TP,7,11,0.9047853971386285,3774,3948,43.49468374299759,45.50000302526615
TORDILHA-D_011_jpg.rf.67cbd65b708b681788cae0003256ca67_r1c0.jpg,TP,23,1,0.8804950917626974,6894,6324,79.45213294229606,72.8829835693473
TORDILHA-D_011_jpg.rf.67cbd65b708b681788cae0003256ca67_r1c0.jpg,TP,27,22,0.8736178229175199,11700,11175,134.8404344973693,128.78990218017967
TORDILHA-D_011_jpg.rf.67cbd65b708b681788cae0003256ca67_r1c0.jpg,TP,5,15,0.8527407407407407,6364,6142,73.34397650779985,70.78546569938823
TORDILHA-D_011_jpg.rf.67cbd65b708b681788cae0003256ca67_r1c0.jpg,TP,0,16,0.8480880648899188,8005,7944,92.25621180781549,91.55319757667536
TORDILHA-D_011_jpg.rf.67cbd65b708b681788cae0003256ca67_r1c0.jpg,TP,19,7,0.8439541041482789,5384,5062,62.04964951571251,58.33865636116953
TORDILHA-D_011_jpg.rf.67cbd65b708b681788cae0003256ca67_r1c0.jpg,TP,30,18,0.8402832415420929,10305,10746,118.76330576883682,123.84575291527611
TORDILHA-D_011_jpg.rf.67cbd65b708b681788cae0003256ca67_r1c0.jpg,TP,8,0,0.8395634379263301,3476,3266,40.06028635152613,37.64007342465027
TORDILHA-D_011_jpg.rf.67cbd65b708b681788cae0003256ca67_r1c0.jpg,TP,24,42,0.8379591836734694,2297,2206,26.472519490637374,25.423760555657836
TORDILHA-D_011_jpg.rf.67cbd65b708b681788cae0003256ca67_r1c0.jpg,TP,1,6,0.8204325554923164,3244,3153,37.38652730850137,36.33776837352183
TORDILHA-D_011_jpg.rf.67cbd65b708b681788cae0003256ca67_r1c0.jpg,TP,2,28,0.8127349624060151,4070,3645,46.906031487546414,42.00798151648813
TORDILHA-D_011_jpg.rf.67cbd65b708b681788cae0003256ca67_r1c0.jpg,TP,17,14,0.8113360323886639,1227,1010,14.140958387031807,11.640071695926752
TORDILHA-D_011_jpg.rf.67cbd65b708b681788cae0003256ca67_r1c0.jpg,TP,9,33,0.8082383308238331,7618,9195,87.79610512828712,105.9707517267787
TORDILHA-D_011_jpg.rf.67cbd65b708b681788cae0003256ca67_r1c0.jpg,TP,4,8,0.8048684727129957,10366,12619,119.46631999997695,145.4317472583165
TORDILHA-D_011_jpg.rf.67cbd65b708b681788cae0003256ca67_r1c0.jpg,TP,6,27,0.7983846388296251,6227,5574,71.76507569359988,64.2393659733621
TORDILHA-D_011_jpg.rf.67cbd65b708b681788cae0003256ca67_r1c0.jpg,TP,37,34,0.7884615384615384,12240,14358,141.06383916647866,165.4734152575409
TORDILHA-D_011_jpg.rf.67cbd65b708b681788cae0003256ca67_r1c0.jpg,TP,18,9,0.7873578418407828,3312,3446,38.1702153038707,39.71454164768672
TORDILHA-D_011_jpg.rf.67cbd65b708b681788cae0003256ca67_r1c0.jpg,TP,3,41,0.773666220835191,5206,6729,59.998230939598685,77.55053707117932
TORDILHA-D_011_jpg.rf.67cbd65b708b681788cae0003256ca67_r1c0.jpg,TP,20,37,0.7637931034482759,2180,1912,25.124115145663684,22.035462458031635
TORDILHA-D_011_jpg.rf.67cbd65b708b681788cae0003256ca67_r1c0.jpg,TP,11,40,0.7601880877742947,2279,2213,26.26507266833373,25.504434319887032
TORDILHA-D_011_jpg.rf.67cbd65b708b681788cae0003256ca67_r1c0.jpg,TP,10,29,0.751694393099199,2988,2698,34.436172502405086,31.093973698624136
TORDILHA-D_011_jpg.rf.67cbd65b708b681788cae0003256ca67_r1c0.jpg,TP,36,21,0.7452657299938913,1501,1356,17.298760015431736,15.627660613541263
TORDILHA-D_011_jpg.rf.67cbd65b708b681788cae0003256ca67_r1c0.jpg,TP,22,5,0.7348242811501597,3293,4309,37.95124365810574,49.66046429480037
TORDILHA-D_011_jpg.rf.67cbd65b708b681788cae0003256ca67_r1c0.jpg,TP,34,35,0.7232689307572303,6824,7536,78.64539530000411,86.85106960445941
TORDILHA-D_011_jpg.rf.67cbd65b708b681788cae0003256ca67_r1c0.jpg,TP,32,2,0.679144385026738,718,538,8.274823245223176,6.200355022186725
TORDILHA-D_011_jpg.rf.67cbd65b708b681788cae0003256ca67_r1c0.jpg,TP,16,10,0.6732856764628011,2929,3391,33.75620791818758,39.08067635731447
TORDILHA-D_011_jpg.rf.67cbd65b708b681788cae0003256ca67_r1c0.jpg,TP,31,13,0.6575757575757576,1504,1231,17.333334485815676,14.18705768087706
TORDILHA-D_011_jpg.rf.67cbd65b708b681788cae0003256ca67_r1c0.jpg,TP,25,32,0.6440793976728268,1309,1093,15.085993910859523,12.596632043215783
TORDILHA-D_011_jpg.rf.67cbd65b708b681788cae0003256ca67_r1c0.jpg,TP,35,36,0.6416083916083916,881,997,10.153369469417296,11.490248990929675
TORDILHA-D_011_jpg.rf.67cbd65b708b681788cae0003256ca67_r1c0.jpg,TP,21,19,0.6359649122807017,3980,2734,45.86879737602819,31.508867343231426
TORDILHA-D_011_jpg.rf.67cbd65b708b681788cae0003256ca67_r1c0.jpg,TP,33,4,0.5797056060131538,5763,4325,66.41755760755036,49.844861470181385
TORDILHA-D_011_jpg.rf.67cbd65b708b681788cae0003256ca67_r1c0.jpg,TP,39,31,0.5453047775947282,1689,1125,19.465426826158698,12.965426393977818
TORDILHA-D_011_jpg.rf.67cbd65b708b681788cae0003256ca67_r1c0.jpg,FP,12,-1,0.0,0,11211,0.0,129.20479582478694
TORDILHA-D_011_jpg.rf.67cbd65b708b681788cae0003256ca67_r1c0.jpg,FP,13,-1,0.0,0,9790,0.0,112.8280216862603
TORDILHA-D_011_jpg.rf.67cbd65b708b681788cae0003256ca67_r1c0.jpg,FP,14,-1,0.0,0,3544,0.0,40.84397434689546
TORDILHA-D_011_jpg.rf.67cbd65b708b681788cae0003256ca67_r1c0.jpg,FP,15,-1,0.0,0,7086,0.0,81.66489904686829
TORDILHA-D_011_jpg.rf.67cbd65b708b681788cae0003256ca67_r1c0.jpg,FP,26,-1,0.0,0,19711,0.0,227.1657952459527
TORDILHA-D_011_jpg.rf.67cbd65b708b681788cae0003256ca67_r1c0.jpg,FP,28,-1,0.0,0,3308,0.0,38.12411601002544
TORDILHA-D_011_jpg.rf.67cbd65b708b681788cae0003256ca67_r1c0.jpg,FP,29,-1,0.0,0,1219,0.0,14.048759799341298
TORDILHA-D_011_jpg.rf.67cbd65b708b681788cae0003256ca67_r1c0.jpg,FP,38,-1,0.0,0,3550,0.0,40.91312328766334
TORDILHA-D_011_jpg.rf.67cbd65b708b681788cae0003256ca67_r1c0.jpg,FN,-1,3,0.0,692,0,7.975177835229022,0.0
TORDILHA-D_011_jpg.rf.67cbd65b708b681788cae0003256ca67_r1c0.jpg,FN,-1,12,0.0,4774,0,55.0195072043112,0.0
TORDILHA-D_011_jpg.rf.67cbd65b708b681788cae0003256ca67_r1c0.jpg,FN,-1,17,0.0,23882,0,275.23583390309176,0.0
TORDILHA-D_011_jpg.rf.67cbd65b708b681788cae0003256ca67_r1c0.jpg,FN,-1,20,0.0,870,0,10.026596411342846,0.0
TORDILHA-D_011_jpg.rf.67cbd65b708b681788cae0003256ca67_r1c0.jpg,FN,-1,23,0.0,1843,0,21.240249639200993,0.0
TORDILHA-D_011_jpg.rf.67cbd65b708b681788cae0003256ca67_r1c0.jpg,FN,-1,24,0.0,909,0,10.476064526334076,0.0
TORDILHA-D_011_jpg.rf.67cbd65b708b681788cae0003256ca67_r1c0.jpg,FN,-1,25,0.0,2969,0,34.217200856640126,0.0
TORDILHA-D_011_jpg.rf.67cbd65b708b681788cae0003256ca67_r1c0.jpg,FN,-1,26,0.0,14680,0,169.18440841208388,0.0
TORDILHA-D_011_jpg.rf.67cbd65b708b681788cae0003256ca67_r1c0.jpg,FN,-1,30,0.0,1416,0,16.31915002122008,0.0
TORDILHA-D_011_jpg.rf.67cbd65b708b681788cae0003256ca67_r1c0.jpg,FN,-1,38,0.0,1548,0,17.840426718113477,0.0
TORDILHA-D_011_jpg.rf.67cbd65b708b681788cae0003256ca67_r1c0.jpg,FN,-1,39,0.0,33993,0,391.7633239204337,0.0
TORDILHA-D_011_jpg.rf.67cbd65b708b681788cae0003256ca67_r1c1.jpg,TP,8,30,0.9064184223419892,3871,3911,44.61259161874501,45.07358455719755
TORDILHA-D_011_jpg.rf.67cbd65b708b681788cae0003256ca67_r1c1.jpg,TP,30,11,0.8765548238737326,8570,9383,98.76773706345769,108.13741853750565
TORDILHA-D_011_jpg.rf.67cbd65b708b681788cae0003256ca67_r1c1.jpg,TP,4,34,0.854872280037843,4817,4986,55.51507461314769,57.46276977810969
TORDILHA-D_011_jpg.rf.67cbd65b708b681788cae0003256ca67_r1c1.jpg,TP,21,5,0.8458492226459372,11967,13203,137.91756236154004,152.16224415972366
TORDILHA-D_011_jpg.rf.67cbd65b708b681788cae0003256ca67_r1c1.jpg,TP,10,16,0.8404526166902404,3411,3095,39.31117282654074,35.66932861276564
TORDILHA-D_011_jpg.rf.67cbd65b708b681788cae0003256ca67_r1c1.jpg,TP,36,8,0.8366640440597954,11568,11776,133.31915780047592,135.71632108042914
TORDILHA-D_011_jpg.rf.67cbd65b708b681788cae0003256ca67_r1c1.jpg,TP,25,28,0.8349768981449556,13378,13231,154.17908826545354,152.48493921664044
TORDILHA-D_011_jpg.rf.67cbd65b708b681788cae0003256ca67_r1c1.jpg,TP,20,4,0.8287721893491125,2544,2401,29.319150885581838,27.67110113061399
TORDILHA-D_011_jpg.rf.67cbd65b708b681788cae0003256ca67_r1c1.jpg,TP,24,38,0.8271334792122538,2556,2454,29.4574487671176,28.281916774063614
TORDILHA-D_011_jpg.rf.67cbd65b708b681788cae0003256ca67_r1c1.jpg,TP,45,31,0.8244604316546763,658,610,7.583333837544359,7.030142311401305
TORDILHA-D_011_jpg.rf.67cbd65b708b681788cae0003256ca67_r1c1.jpg,TP,0,33,0.8238903953189668,6982,5798,80.46631740689166,66.82092642869634
TORDILHA-D_011_jpg.rf.67cbd65b708b681788cae0003256ca67_r1c1.jpg,TP,19,6,0.8111338797814208,5652,4954,65.13830220334455,57.09397542734765
TORDILHA-D_011_jpg.rf.67cbd65b708b681788cae0003256ca67_r1c1.jpg,TP,3,36,0.8090969017798286,7080,6642,81.5957501061004,76.54787743004503
TORDILHA-D_011_jpg.rf.67cbd65b708b681788cae0003256ca67_r1c1.jpg,TP,13,26,0.8042156465342521,2404,2047,27.70567560099793,23.59131362530897
TORDILHA-D_011_jpg.rf.67cbd65b708b681788cae0003256ca67_r1c1.jpg,TP,5,25,0.8035670657219643,4089,3293,47.125003133311374,37.95124365810574
TORDILHA-D_011_jpg.rf.67cbd65b708b681788cae0003256ca67_r1c1.jpg,TP,15,39,0.8027190332326284,2852,3115,32.86879651166643,35.899825081991914
TORDILHA-D_011_jpg.rf.67cbd65b708b681788cae0003256ca67_r1c1.jpg,TP,11,15,0.8019914651493599,3250,3084,37.45567624926925,35.54255555469119
TORDILHA-D_011_jpg.rf.67cbd65b708b681788cae0003256ca67_r1c1.jpg,TP,38,23,0.7968911917098446,896,838,10.326241821337,9.65780206058081
TORDILHA-D_011_jpg.rf.67cbd65b708b681788cae0003256ca67_r1c1.jpg,TP,2,37,0.7929437706725468,4019,4112,46.318265491019424,47.390074072921585
TORDILHA-D_011_jpg.rf.67cbd65b708b681788cae0003256ca67_r1c1.jpg,TP,6,17,0.7884032463087904,9094,9196,104.80674455718602,105.98227655024002
TORDILHA-D_011_jpg.rf.67cbd65b708b681788cae0003256ca67_r1c1.jpg,TP,1,35,0.7781895182636316,5400,4677,62.234046691093525,53.90159932856378
TORDILHA-D_011_jpg.rf.67cbd65b708b681788cae0003256ca67_r1c1.jpg,TP,7,32,0.7673787724652424,5596,4828,64.492912089511,55.64184767122214
TORDILHA-D_011_jpg.rf.67cbd65b708b681788cae0003256ca67_r1c1.jpg,TP,29,24,0.7662120790425828,3291,3055,37.92819401118311,35.2083356743131
TORDILHA-D_011_jpg.rf.67cbd65b708b681788cae0003256ca67_r1c1.jpg,TP,27,14,0.7639608520437536,1607,1457,18.52039130233098,16.79166778313394
TORDILHA-D_011_jpg.rf.67cbd65b708b681788cae0003256ca67_r1c1.jpg,TP,16,18,0.7609351432880844,5288,4052,60.9432664634264,46.69858466524277
TORDILHA-D_011_jpg.rf.67cbd65b708b681788cae0003256ca67_r1c1.jpg,TP,12,12,0.7458904109589041,2715,2383,31.289895697466466,27.463654308310346
TORDILHA-D_011_jpg.rf.67cbd65b708b681788cae0003256ca67_r1c1.jpg,TP,17,22,0.7457010582010583,5973,4585,68.83777053442623,52.84131557012293
TORDILHA-D_011_jpg.rf.67cbd65b708b681788cae0003256ca67_r1c1.jpg,TP,18,2,0.7285988483685221,2018,2485,23.257093744930877,28.639186301364337
TORDILHA-D_011_jpg.rf.67cbd65b708b681788cae0003256ca67_r1c1.jpg,TP,28,7,0.7282828282828283,878,833,10.118794999033355,9.600177943274241
TORDILHA-D_011_jpg.rf.67cbd65b708b681788cae0003256ca67_r1c1.jpg,TP,14,13,0.7212990936555891,1227,1052,14.140958387031807,12.124114281301924
TORDILHA-D_011_jpg.rf.67cbd65b708b681788cae0003256ca67_r1c1.jpg,TP,34,29,0.7159746251441753,3377,2574,38.91932882885608,29.664895589421246
TORDILHA-D_011_jpg.rf.67cbd65b708b681788cae0003256ca67_r1c1.jpg,TP,32,27,0.6299104066161269,1364,1001,15.719859201231772,11.53634828477493
TORDILHA-D_011_jpg.rf.67cbd65b708b681788cae0003256ca67_r1c1.jpg,TP,23,3,0.6222873900293255,1690,1076,19.47695164962001,12.40071004437345
TORDILHA-D_011_jpg.rf.67cbd65b708b681788cae0003256ca67_r1c1.jpg,TP,40,21,0.5839080459770115,1095,972,12.619681690138409,11.202128404396834
TORDILHA-D_011_jpg.rf.67cbd65b708b681788cae0003256ca67_r1c1.jpg,FP,9,-1,0.0,0,7012,0.0,80.81206211073108
TORDILHA-D_011_jpg.rf.67cbd65b708b681788cae0003256ca67_r1c1.jpg,FP,22,-1,0.0,0,5180,0.0,59.69858552960453
TORDILHA-D_011_jpg.rf.67cbd65b708b681788cae0003256ca67_r1c1.jpg,FP,26,-1,0.0,0,8339,0.0,96.10550284389424
TORDILHA-D_011_jpg.rf.67cbd65b708b681788cae0003256ca67_r1c1.jpg,FP,31,-1,0.0,0,1347,0.0,15.52393720238944
TORDILHA-D_011_jpg.rf.67cbd65b708b681788cae0003256ca67_r1c1.jpg,FP,33,-1,0.0,0,3663,0.0,42.215428338791774
TORDILHA-D_011_jpg.rf.67cbd65b708b681788cae0003256ca67_r1c1.jpg,FP,35,-1,0.0,0,1892,0.0,21.80496598880536
TORDILHA-D_011_jpg.rf.67cbd65b708b681788cae0003256ca67_r1c1.jpg,FP,37,-1,0.0,0,1533,0.0,17.667554366193773
TORDILHA-D_011_jpg.rf.67cbd65b708b681788cae0003256ca67_r1c1.jpg,FP,39,-1,0.0,0,887,0.0,10.222518410185177
TORDILHA-D_011_jpg.rf.67cbd65b708b681788cae0003256ca67_r1c1.jpg,FP,41,-1,0.0,0,2008,0.0,23.14184551031774
TORDILHA-D_011_jpg.rf.67cbd65b708b681788cae0003256ca67_r1c1.jpg,FP,42,-1,0.0,0,278,0.0,3.203900922245185
TORDILHA-D_011_jpg.rf.67cbd65b708b681788cae0003256ca67_r1c1.jpg,FP,43,-1,0.0,0,1344,0.0,15.4893627320055
TORDILHA-D_011_jpg.rf.67cbd65b708b681788cae0003256ca67_r1c1.jpg,FP,44,-1,0.0,0,1386,0.0,15.97340531738067
TORDILHA-D_011_jpg.rf.67cbd65b708b681788cae0003256ca67_r1c1.jpg,FN,-1,0,0.0,16052,0,184.99646620100617,0.0
TORDILHA-D_011_jpg.rf.67cbd65b708b681788cae0003256ca67_r1c1.jpg,FN,-1,1,0.0,3020,0,34.80496685316712,0.0
TORDILHA-D_011_jpg.rf.67cbd65b708b681788cae0003256ca67_r1c1.jpg,FN,-1,9,0.0,8779,0,101.17642516687224,0.0
TORDILHA-D_011_jpg.rf.67cbd65b708b681788cae0003256ca67_r1c1.jpg,FN,-1,10,0.0,2348,0,27.06028548716437,0.0
TORDILHA-D_011_jpg.rf.67cbd65b708b681788cae0003256ca67_r1c1.jpg,FN,-1,19,0.0,1712,0,19.73049776576891,0.0
TORDILHA-D_011_jpg.rf.67cbd65b708b681788cae0003256ca67_r1c1.jpg,FN,-1,20,0.0,7205,0,83.0363530387646,0.0
TORDILHA-D_011_jpg.rf.67cbd65b708b681788cae0003256ca67_r1c2.jpg,TP,23,6,0.8960431654676259,10596,10488,122.11702939607908,120.87234846225721
TORDILHA-D_011_jpg.rf.67cbd65b708b681788cae0003256ca67_r1c2.jpg,TP,18,9,0.8850626118067979,4225,4205,48.69237912405003,48.461882654823754
TORDILHA-D_011_jpg.rf.67cbd65b708b681788cae0003256ca67_r1c2.jpg,TP,3,19,0.8628518321826872,7223,6808,83.24379986106824,78.4609981246231
TORDILHA-D_011_jpg.rf.67cbd65b708b681788cae0003256ca67_r1c2.jpg,TP,21,4,0.851015611885177,11382,10671,131.17554063667157,122.9813911556776
TORDILHA-D_011_jpg.rf.67cbd65b708b681788cae0003256ca67_r1c2.jpg,TP,8,12,0.8453027950310559,5010,4497,57.739365541181215,51.82713110552733
TORDILHA-D_011_jpg.rf.67cbd65b708b681788cae0003256ca67_r1c2.jpg,TP,7,11,0.8424390243902439,5440,5891,62.69503962954607,67.89273501059851
TORDILHA-D_011_jpg.rf.67cbd65b708b681788cae0003256ca67_r1c2.jpg,TP,11,22,0.8416389811738649,10254,9702,118.17553977230982,111.8138372216647
TORDILHA-D_011_jpg.rf.67cbd65b708b681788cae0003256ca67_r1c2.jpg,TP,1,20,0.8399798927613941,5150,5831,59.35284082576512,67.2012456029197
TORDILHA-D_011_jpg.rf.67cbd65b708b681788cae0003256ca67_r1c2.jpg,TP,5,25,0.8320996569777939,14929,15515,172.05408945395098,178.80763600228076
TORDILHA-D_011_jpg.rf.67cbd65b708b681788cae0003256ca67_r1c2.jpg,TP,9,30,0.8313497087870347,3788,3444,43.65603127145598,39.69149200076409
TORDILHA-D_011_jpg.rf.67cbd65b708b681788cae0003256ca67_r1c2.jpg,TP,0,10,0.8282507412113511,12257,13642,141.25976116532098,157.22164165924033
TORDILHA-D_011_jpg.rf.67cbd65b708b681788cae0003256ca67_r1c2.jpg,TP,19,33,0.8191668673248255,4132,3423,47.62057054214786,39.449470708076504
TORDILHA-D_011_jpg.rf.67cbd65b708b681788cae0003256ca67_r1c2.jpg,TP,27,3,0.8190491085392555,5904,5727,68.04255771559559,66.00266396294307
TORDILHA-D_011_jpg.rf.67cbd65b708b681788cae0003256ca67_r1c2.jpg,TP,4,5,0.8183461845253922,16564,17630,190.89717581319874,203.18263762295905
TORDILHA-D_011_jpg.rf.67cbd65b708b681788cae0003256ca67_r1c2.jpg,TP,17,17,0.8016564026332554,11933,13519,137.5257183638554,155.8040883734988
TORDILHA-D_011_jpg.rf.67cbd65b708b681788cae0003256ca67_r1c2.jpg,TP,12,28,0.7937866927592955,3540,3793,40.7978750530502,43.71365538876255
TORDILHA-D_011_jpg.rf.67cbd65b708b681788cae0003256ca67_r1c2.jpg,TP,38,16,0.785876993166287,3499,3557,40.32535729113634,40.99379705189253
TORDILHA-D_011_jpg.rf.67cbd65b708b681788cae0003256ca67_r1c2.jpg,TP,22,1,0.7847399829497016,2265,1922,26.10372513987534,22.15071069264477
TORDILHA-D_011_jpg.rf.67cbd65b708b681788cae0003256ca67_r1c2.jpg,TP,10,29,0.7621052631578947,3168,3528,36.51064072544153,40.659577171514435
TORDILHA-D_011_jpg.rf.67cbd65b708b681788cae0003256ca67_r1c2.jpg,TP,2,2,0.740129749768304,4038,5350,46.537237136784384,61.65780551802784
TORDILHA-D_011_jpg.rf.67cbd65b708b681788cae0003256ca67_r1c2.jpg,TP,15,18,0.7147626112759644,4029,5217,46.43351372563256,60.12500399767313
TORDILHA-D_011_jpg.rf.67cbd65b708b681788cae0003256ca67_r1c2.jpg,TP,36,26,0.7032359905288083,1026,1132,11.82446887130777,13.046100158207013
TORDILHA-D_011_jpg.rf.67cbd65b708b681788cae0003256ca67_r1c2.jpg,TP,16,32,0.6930413281525962,2683,2110,30.921101346704432,24.31737750337173
TORDILHA-D_011_jpg.rf.67cbd65b708b681788cae0003256ca67_r1c2.jpg,TP,32,21,0.6209029066171924,1560,1061,17.97872459964924,12.227837692453747
TORDILHA-D_011_jpg.rf.67cbd65b708b681788cae0003256ca67_r1c2.jpg,TP,25,24,0.5814860426929392,4831,2874,55.676422141606075,33.12234262781533
TORDILHA-D_011_jpg.rf.67cbd65b708b681788cae0003256ca67_r1c2.jpg,TP,28,14,0.5638148667601683,11035,6805,127.17642689559575,78.42642365423916
TORDILHA-D_011_jpg.rf.67cbd65b708b681788cae0003256ca67_r1c2.jpg,TP,31,13,0.5558205758512424,40183,23741,463.101981145965,273.6108337950466
TORDILHA-D_011_jpg.rf.67cbd65b708b681788cae0003256ca67_r1c2.jpg,TP,30,27,0.5327313769751693,1294,743,14.91312155893982,8.562943831756016
TORDILHA-D_011_jpg.rf.67cbd65b708b681788cae0003256ca67_r1c2.jpg,FP,6,-1,0.0,0,15125,0.0,174.31295485236845
TORDILHA-D_011_jpg.rf.67cbd65b708b681788cae0003256ca67_r1c2.jpg,FP,13,-1,0.0,0,3856,0.0,44.4397192668253
TORDILHA-D_011_jpg.rf.67cbd65b708b681788cae0003256ca67_r1c2.jpg,FP,14,-1,0.0,0,23763,0.0,273.86437991119544
TORDILHA-D_011_jpg.rf.67cbd65b708b681788cae0003256ca67_r1c2.jpg,FP,20,-1,0.0,0,2977,0.0,34.30939944433064
TORDILHA-D_011_jpg.rf.67cbd65b708b681788cae0003256ca67_r1c2.jpg,FP,24,-1,0.0,0,6946,0.0,80.05142376228437
TORDILHA-D_011_jpg.rf.67cbd65b708b681788cae0003256ca67_r1c2.jpg,FP,26,-1,0.0,0,20880,0.0,240.6383138722283
TORDILHA-D_011_jpg.rf.67cbd65b708b681788cae0003256ca67_r1c2.jpg,FP,29,-1,0.0,0,13735,0.0,158.29345024114252
TORDILHA-D_011_jpg.rf.67cbd65b708b681788cae0003256ca67_r1c2.jpg,FP,33,-1,0.0,0,423,0.0,4.87500032413566
TORDILHA-D_011_jpg.rf.67cbd65b708b681788cae0003256ca67_r1c2.jpg,FP,34,-1,0.0,0,4933,0.0,56.85195413466007
TORDILHA-D_011_jpg.rf.67cbd65b708b681788cae0003256ca67_r1c2.jpg,FP,35,-1,0.0,0,5397,0.0,62.19947222070959
TORDILHA-D_011_jpg.rf.67cbd65b708b681788cae0003256ca67_r1c2.jpg,FP,37,-1,0.0,0,1453,0.0,16.745568489288683
TORDILHA-D_011_jpg.rf.67cbd65b708b681788cae0003256ca67_r1c2.jpg,FP,39,-1,0.0,0,90299,0.0,1040.680033733158
TORDILHA-D_011_jpg.rf.67cbd65b708b681788cae0003256ca67_r1c2.jpg,FN,-1,0,0.0,49766,0,573.5443643757334,0.0
TORDILHA-D_011_jpg.rf.67cbd65b708b681788cae0003256ca67_r1c2.jpg,FN,-1,7,0.0,859,0,9.899823353268395,0.0
TORDILHA-D_011_jpg.rf.67cbd65b708b681788cae0003256ca67_r1c2.jpg,FN,-1,8,0.0,1841,0,21.217199992278367,0.0
TORDILHA-D_011_jpg.rf.67cbd65b708b681788cae0003256ca67_r1c2.jpg,FN,-1,15,0.0,1978,0,22.796100806478332,0.0
TORDILHA-D_011_jpg.rf.67cbd65b708b681788cae0003256ca67_r1c2.jpg,FN,-1,23,0.0,2495,0,28.75443453597747,0.0
TORDILHA-D_011_jpg.rf.67cbd65b708b681788cae0003256ca67_r1c2.jpg,FN,-1,31,0.0,450,0,5.186170557591127,0.0
TORDILHA-D_011_jpg.rf.67cbd65b708b681788cae0003256ca67_r1c2.jpg,FN,-1,34,0.0,4369,0,50.351953702479186,0.0
TORDILHA-D_011_jpg.rf.67cbd65b708b681788cae0003256ca67_r1c2.jpg,FN,-1,35,0.0,2373,0,27.34840607369721,0.0
TORDILHA-D_011_jpg.rf.67cbd65b708b681788cae0003256ca67_r2c0.jpg,TP,8,22,0.9087004540434409,15815,15293,182.26508304067482,176.24912519386913
TORDILHA-D_011_jpg.rf.67cbd65b708b681788cae0003256ca67_r2c0.jpg,TP,4,0,0.8730408436753482,16022,16125,184.65072149716676,185.83777831368207
TORDILHA-D_011_jpg.rf.67cbd65b708b681788cae0003256ca67_r2c0.jpg,TP,1,5,0.8525785093846808,15177,15322,174.91224567235676,176.58334507424723
TORDILHA-D_011_jpg.rf.67cbd65b708b681788cae0003256ca67_r2c0.jpg,TP,7,4,0.8453301606186794,4937,4369,56.89805342850532,50.351953702479186
TORDILHA-D_011_jpg.rf.67cbd65b708b681788cae0003256ca67_r2c0.jpg,TP,16,24,0.8103130755064457,1617,1332,18.635639536944115,15.351064850469736
TORDILHA-D_011_jpg.rf.67cbd65b708b681788cae0003256ca67_r2c0.jpg,TP,5,14,0.8081737849779087,5177,4645,59.66401105922059,53.532804977801746
TORDILHA-D_011_jpg.rf.67cbd65b708b681788cae0003256ca67_r2c0.jpg,TP,3,18,0.7971240664362947,8125,7997,93.63919062317312,92.16401322012499
TORDILHA-D_011_jpg.rf.67cbd65b708b681788cae0003256ca67_r2c0.jpg,TP,17,17,0.7922801432550736,4985,4023,57.451244954648374,46.36436478486468
TORDILHA-D_011_jpg.rf.67cbd65b708b681788cae0003256ca67_r2c0.jpg,TP,15,21,0.789208270297529,3650,3446,42.065605633794696,39.71454164768672
TORDILHA-D_011_jpg.rf.67cbd65b708b681788cae0003256ca67_r2c0.jpg,TP,0,16,0.7779491926360177,8821,8466,101.6604677522474,97.56915542348108
TORDILHA-D_011_jpg.rf.67cbd65b708b681788cae0003256ca67_r2c0.jpg,TP,18,2,0.7754101853824845,4128,4204,47.57447124830261,48.45035783136244
TORDILHA-D_011_jpg.rf.67cbd65b708b681788cae0003256ca67_r2c0.jpg,TP,13,7,0.7730029000790931,15172,11728,174.8546215550502,135.1631295542861
TORDILHA-D_011_jpg.rf.67cbd65b708b681788cae0003256ca67_r2c0.jpg,TP,9,9,0.7675722294092281,4111,4087,47.37854924946028,47.101953486388744
TORDILHA-D_011_jpg.rf.67cbd65b708b681788cae0003256ca67_r2c0.jpg,TP,10,15,0.7648125755743652,1551,1368,17.875001188497418,15.765958495077026
TORDILHA-D_011_jpg.rf.67cbd65b708b681788cae0003256ca67_r2c0.jpg,TP,11,6,0.7471918100383904,6923,5365,79.78635282267416,61.83067786994755
TORDILHA-D_011_jpg.rf.67cbd65b708b681788cae0003256ca67_r2c0.jpg,TP,2,26,0.7450128918442123,5490,7369,63.27128080261175,84.92642408642004
TORDILHA-D_011_jpg.rf.67cbd65b708b681788cae0003256ca67_r2c0.jpg,TP,6,12,0.7256461232604374,3441,3503,39.65691753038015,40.371456584981594
TORDILHA-D_011_jpg.rf.67cbd65b708b681788cae0003256ca67_r2c0.jpg,TP,12,11,0.7226107226107226,2676,2497,30.840427582475236,28.7774841829001
TORDILHA-D_011_jpg.rf.67cbd65b708b681788cae0003256ca67_r2c0.jpg,TP,22,20,0.7220015885623511,2475,1861,28.5239380667512,21.447696461504638
TORDILHA-D_011_jpg.rf.67cbd65b708b681788cae0003256ca67_r2c0.jpg,TP,24,25,0.7148481439820022,1379,1670,15.892731553151476,19.24645518039374
TORDILHA-D_011_jpg.rf.67cbd65b708b681788cae0003256ca67_r2c0.jpg,TP,21,1,0.6949728260869565,1377,1118,15.869681906228848,12.884752629748622
TORDILHA-D_011_jpg.rf.67cbd65b708b681788cae0003256ca67_r2c0.jpg,TP,19,10,0.680762358546754,1639,1183,18.889185653093016,13.633866154734008
TORDILHA-D_011_jpg.rf.67cbd65b708b681788cae0003256ca67_r2c0.jpg,TP,14,8,0.6802875224626924,10170,11336,117.20745460155948,130.64539875745115
TORDILHA-D_011_jpg.rf.67cbd65b708b681788cae0003256ca67_r2c0.jpg,TP,20,23,0.6032494758909853,1703,1356,19.626774354617087,15.627660613541263
TORDILHA-D_011_jpg.rf.67cbd65b708b681788cae0003256ca67_r2c0.jpg,FP,23,-1,0.0,0,1507,0.0,17.36790895619962
TORDILHA-D_011_jpg.rf.67cbd65b708b681788cae0003256ca67_r2c0.jpg,FN,-1,3,0.0,5515,0,63.55940138914459,0.0
TORDILHA-D_011_jpg.rf.67cbd65b708b681788cae0003256ca67_r2c0.jpg,FN,-1,13,0.0,3070,0,35.3812080262328,0.0
TORDILHA-D_011_jpg.rf.67cbd65b708b681788cae0003256ca67_r2c0.jpg,FN,-1,19,0.0,1640,0,18.90071047655433,0.0
TORDILHA-D_011_jpg.rf.67cbd65b708b681788cae0003256ca67_r2c1.jpg,TP,0,3,0.8940207443563148,16176,14867,186.42554431020906,171.33955039934952
TORDILHA-D_011_jpg.rf.67cbd65b708b681788cae0003256ca67_r2c1.jpg,TP,4,5,0.8656987295825771,8403,8045,96.84309154541832,92.71720474626804
TORDILHA-D_011_jpg.rf.67cbd65b708b681788cae0003256ca67_r2c1.jpg,TP,7,2,0.8635104669887279,14772,14159,170.24469217052473,163.17997538873948
TORDILHA-D_011_jpg.rf.67cbd65b708b681788cae0003256ca67_r2c1.jpg,TP,21,11,0.8599900348779272,15185,14679,175.00444426004725,169.17288358862257
TORDILHA-D_011_jpg.rf.67cbd65b708b681788cae0003256ca67_r2c1.jpg,TP,1,4,0.8566274509803922,38084,32932,438.91137670066774,379.53548622798
TORDILHA-D_011_jpg.rf.67cbd65b708b681788cae0003256ca67_r2c1.jpg,TP,3,0,0.8497325181505541,9287,10076,107.03103548521955,116.12412119619599
TORDILHA-D_011_jpg.rf.67cbd65b708b681788cae0003256ca67_r2c1.jpg,TP,6,10,0.8480392156862745,7652,7428,88.18794912597178,85.60638867063754
TORDILHA-D_011_jpg.rf.67cbd65b708b681788cae0003256ca67_r2c1.jpg,TP,13,13,0.8432783840260042,3900,4039,44.9468114991231,46.54876196024569
TORDILHA-D_011_jpg.rf.67cbd65b708b681788cae0003256ca67_r2c1.jpg,TP,5,20,0.8332113047298286,6461,6058,74.46188438354727,69.81738052863788
TORDILHA-D_011_jpg.rf.67cbd65b708b681788cae0003256ca67_r2c1.jpg,TP,12,15,0.8270964217426933,3373,3316,38.87322953501083,38.21631459771595
TORDILHA-D_011_jpg.rf.67cbd65b708b681788cae0003256ca67_r2c1.jpg,TP,16,16,0.790956749672346,1474,1259,16.98758978197627,14.509752737793843
TORDILHA-D_011_jpg.rf.67cbd65b708b681788cae0003256ca67_r2c1.jpg,TP,10,18,0.7883906633906634,2655,3168,30.59840628978765,36.51064072544153
TORDILHA-D_011_jpg.rf.67cbd65b708b681788cae0003256ca67_r2c1.jpg,TP,2,21,0.7737901033170201,5415,4371,62.40691904301323,50.375003349401815
TORDILHA-D_011_jpg.rf.67cbd65b708b681788cae0003256ca67_r2c1.jpg,TP,14,17,0.7555477280732652,5402,4566,62.257096338016154,52.62234392435797
TORDILHA-D_011_jpg.rf.67cbd65b708b681788cae0003256ca67_r2c1.jpg,TP,24,8,0.7511480428602668,4116,3892,47.436173366766845,44.85461291143259
TORDILHA-D_011_jpg.rf.67cbd65b708b681788cae0003256ca67_r2c1.jpg,TP,9,12,0.7239027283511269,2512,3301,28.950356534819804,38.04344224579624
TORDILHA-D_011_jpg.rf.67cbd65b708b681788cae0003256ca67_r2c1.jpg,TP,15,7,0.6155029221777915,2150,3102,24.778370441824276,35.750002376994836
TORDILHA-D_011_jpg.rf.67cbd65b708b681788cae0003256ca67_r2c1.jpg,FP,8,-1,0.0,0,7924,0.0,91.32270110744909
TORDILHA-D_011_jpg.rf.67cbd65b708b681788cae0003256ca67_r2c1.jpg,FP,11,-1,0.0,0,3952,0.0,45.54610231911141
TORDILHA-D_011_jpg.rf.67cbd65b708b681788cae0003256ca67_r2c1.jpg,FP,17,-1,0.0,0,2632,0.0,30.333335350177435
TORDILHA-D_011_jpg.rf.67cbd65b708b681788cae0003256ca67_r2c1.jpg,FP,18,-1,0.0,0,10873,0.0,125.30940549486294
TORDILHA-D_011_jpg.rf.67cbd65b708b681788cae0003256ca67_r2c1.jpg,FP,19,-1,0.0,0,549,0.0,6.327128080261175
TORDILHA-D_011_jpg.rf.67cbd65b708b681788cae0003256ca67_r2c1.jpg,FP,20,-1,0.0,0,1196,0.0,13.783688859731084
TORDILHA-D_011_jpg.rf.67cbd65b708b681788cae0003256ca67_r2c1.jpg,FP,22,-1,0.0,0,3040,0.0,35.03546332239339
TORDILHA-D_011_jpg.rf.67cbd65b708b681788cae0003256ca67_r2c1.jpg,FP,23,-1,0.0,0,1188,0.0,13.691490272040575
TORDILHA-D_011_jpg.rf.67cbd65b708b681788cae0003256ca67_r2c1.jpg,FN,-1,1,0.0,1381,0,15.915781200074104,0.0
TORDILHA-D_011_jpg.rf.67cbd65b708b681788cae0003256ca67_r2c1.jpg,FN,-1,6,0.0,14157,0,163.15692574181685,0.0
TORDILHA-D_011_jpg.rf.67cbd65b708b681788cae0003256ca67_r2c1.jpg,FN,-1,9,0.0,4476,0,51.58510981283975,0.0
TORDILHA-D_011_jpg.rf.67cbd65b708b681788cae0003256ca67_r2c1.jpg,FN,-1,14,0.0,884,0,10.187943939801237,0.0
TORDILHA-D_011_jpg.rf.67cbd65b708b681788cae0003256ca67_r2c1.jpg,FN,-1,19,0.0,3575,0,41.20124387419617,0.0
TORDILHA-D_011_jpg.rf.67cbd65b708b681788cae0003256ca67_r2c2.jpg,TP,19,25,0.9053503530689843,6856,7175,79.01418965076616,82.69060833492519
TORDILHA-D_011_jpg.rf.67cbd65b708b681788cae0003256ca67_r2c2.jpg,TP,4,31,0.9000308864408525,9338,9117,107.61880148174654,105.07181549679623
TORDILHA-D_011_jpg.rf.67cbd65b708b681788cae0003256ca67_r2c2.jpg,TP,17,11,0.8865112724493696,9778,9970,112.68972380472454,114.90248990929675
TORDILHA-D_011_jpg.rf.67cbd65b708b681788cae0003256ca67_r2c2.jpg,TP,27,2,0.8823942672474357,6852,6545,78.9680903569209,75.42996955429761
TORDILHA-D_011_jpg.rf.67cbd65b708b681788cae0003256ca67_r2c2.jpg,TP,26,35,0.8728271800028732,25627,26520,295.34665084308403,305.6383181940371
TORDILHA-D_011_jpg.rf.67cbd65b708b681788cae0003256ca67_r2c2.jpg,TP,3,3,0.8687339013275213,8965,9898,103.32004233067657,114.07270262008217
TORDILHA-D_011_jpg.rf.67cbd65b708b681788cae0003256ca67_r2c2.jpg,TP,1,45,0.864965485146979,12362,11683,142.46986762875892,134.64451249852698
TORDILHA-D_011_jpg.rf.67cbd65b708b681788cae0003256ca67_r2c2.jpg,TP,8,21,0.8600285306704708,16812,15785,193.7553320316045,181.91933833683544
TORDILHA-D_011_jpg.rf.67cbd65b708b681788cae0003256ca67_r2c2.jpg,TP,44,4,0.8508659981768459,5373,4779,61.922876457638054,55.07713132161777
TORDILHA-D_011_jpg.rf.67cbd65b708b681788cae0003256ca67_r2c2.jpg,TP,6,33,0.8463656387665198,10023,10095,115.51330555274637,116.34309284196095
TORDILHA-D_011_jpg.rf.67cbd65b708b681788cae0003256ca67_r2c2.jpg,TP,16,29,0.8443522087162764,2855,3366,32.903370982050376,38.79255577078163
TORDILHA-D_011_jpg.rf.67cbd65b708b681788cae0003256ca67_r2c2.jpg,TP,12,28,0.8377473806752037,6560,6069,75.60284190621732,69.94415358671233
TORDILHA-D_011_jpg.rf.67cbd65b708b681788cae0003256ca67_r2c2.jpg,TP,20,10,0.8317061831706183,4278,3602,49.30319476749965,41.512414107651644
TORDILHA-D_011_jpg.rf.67cbd65b708b681788cae0003256ca67_r2c2.jpg,TP,0,12,0.8181723995026937,9168,8381,105.65958149332323,96.5895454292694
TORDILHA-D_011_jpg.rf.67cbd65b708b681788cae0003256ca67_r2c2.jpg,TP,13,43,0.8117839607201309,4834,5129,55.71099661199002,59.11081953307754
TORDILHA-D_011_jpg.rf.67cbd65b708b681788cae0003256ca67_r2c2.jpg,TP,5,6,0.809943865276664,7289,6253,84.00443820951494,72.06472110359404
TORDILHA-D_011_jpg.rf.67cbd65b708b681788cae0003256ca67_r2c2.jpg,TP,40,0,0.807688836747586,9802,10229,112.96631956779606,117.88741918577698
TORDILHA-D_011_jpg.rf.67cbd65b708b681788cae0003256ca67_r2c2.jpg,TP,39,23,0.807574832009774,1466,1493,16.89539119428576,17.206561427741228
TORDILHA-D_011_jpg.rf.67cbd65b708b681788cae0003256ca67_r2c2.jpg,TP,2,5,0.8043437204910293,4784,4770,55.13475543892434,54.973407910465944
TORDILHA-D_011_jpg.rf.67cbd65b708b681788cae0003256ca67_r2c2.jpg,TP,37,40,0.799863387978142,1296,1339,14.936171205862447,15.431738614698931
TORDILHA-D_011_jpg.rf.67cbd65b708b681788cae0003256ca67_r2c2.jpg,TP,11,20,0.7913669064748201,3436,2789,39.59929341307358,32.14273263360367
TORDILHA-D_011_jpg.rf.67cbd65b708b681788cae0003256ca67_r2c2.jpg,TP,10,34,0.788193059433586,4945,4021,56.99025201619583,46.34131513794205
TORDILHA-D_011_jpg.rf.67cbd65b708b681788cae0003256ca67_r2c2.jpg,TP,9,36,0.7737159568634618,4371,5333,50.375003349401815,61.46188351918551
TORDILHA-D_011_jpg.rf.67cbd65b708b681788cae0003256ca67_r2c2.jpg,TP,30,22,0.7665770609318996,1805,2138,20.802306347671077,24.64007256028851
TORDILHA-D_011_jpg.rf.67cbd65b708b681788cae0003256ca67_r2c2.jpg,TP,28,46,0.7560288130284999,2983,2624,34.37854838509852,30.241136762486928
TORDILHA-D_011_jpg.rf.67cbd65b708b681788cae0003256ca67_r2c2.jpg,TP,15,14,0.7492204899777283,4305,3549,49.61436500095512,40.901598464202024
TORDILHA-D_011_jpg.rf.67cbd65b708b681788cae0003256ca67_r2c2.jpg,TP,42,1,0.7451754385964913,2139,1840,24.651597383749824,21.205675168817052
TORDILHA-D_011_jpg.rf.67cbd65b708b681788cae0003256ca67_r2c2.jpg,TP,25,42,0.742107012296444,2490,2752,28.696810418670903,31.71631416553507
TORDILHA-D_011_jpg.rf.67cbd65b708b681788cae0003256ca67_r2c2.jpg,TP,35,8,0.7401327279077891,2245,2737,25.873228670649066,31.543441813615367
TORDILHA-D_011_jpg.rf.67cbd65b708b681788cae0003256ca67_r2c2.jpg,TP,41,41,0.7382592360676268,1332,1444,15.351064850469736,16.64184507813686
TORDILHA-D_011_jpg.rf.67cbd65b708b681788cae0003256ca67_r2c2.jpg,TP,18,16,0.7280940046749637,15558,11796,179.30320341111724,135.9468175496554
TORDILHA-D_011_jpg.rf.67cbd65b708b681788cae0003256ca67_r2c2.jpg,TP,48,15,0.7126582278481013,2015,2044,23.222519274546936,23.55673915492503
TORDILHA-D_011_jpg.rf.67cbd65b708b681788cae0003256ca67_r2c2.jpg,TP,22,19,0.7122724603640634,1604,1312,18.48581683194704,15.120568381243464
TORDILHA-D_011_jpg.rf.67cbd65b708b681788cae0003256ca67_r2c2.jpg,TP,45,7,0.6919881305637983,1172,1679,13.507093096659558,19.35017859154556
TORDILHA-D_011_jpg.rf.67cbd65b708b681788cae0003256ca67_r2c2.jpg,TP,23,9,0.6916780354706685,1417,1063,16.330674844681393,12.250887339376373
TORDILHA-D_011_jpg.rf.67cbd65b708b681788cae0003256ca67_r2c2.jpg,TP,21,17,0.6909150757077024,2560,2577,29.503548060962856,29.699470059805186
TORDILHA-D_011_jpg.rf.67cbd65b708b681788cae0003256ca67_r2c2.jpg,TP,33,18,0.6852276449394039,2214,2931,25.515959143348347,33.77925756511021
TORDILHA-D_011_jpg.rf.67cbd65b708b681788cae0003256ca67_r2c2.jpg,TP,29,13,0.680151024811219,1851,1264,21.332448226891504,14.56737685510041
TORDILHA-D_011_jpg.rf.67cbd65b708b681788cae0003256ca67_r2c2.jpg,TP,24,44,0.6694579109739973,2068,1720,23.833334917996556,19.82269635345942
TORDILHA-D_011_jpg.rf.67cbd65b708b681788cae0003256ca67_r2c2.jpg,TP,32,27,0.6147506339814032,2912,4729,33.56028591934525,54.50089014855209
TORDILHA-D_011_jpg.rf.67cbd65b708b681788cae0003256ca67_r2c2.jpg,TP,46,32,0.6080717488789238,1062,731,12.23936251591506,8.424645950220253
TORDILHA-D_011_jpg.rf.67cbd65b708b681788cae0003256ca67_r2c2.jpg,TP,7,39,0.5703532772924564,17465,11117,201.2810417518423,128.12146241942347
TORDILHA-D_011_jpg.rf.67cbd65b708b681788cae0003256ca67_r2c2.jpg,FP,14,-1,0.0,0,12483,0.0,143.86437126757787
TORDILHA-D_011_jpg.rf.67cbd65b708b681788cae0003256ca67_r2c2.jpg,FP,31,-1,0.0,0,2694,0.0,31.04787440477888
TORDILHA-D_011_jpg.rf.67cbd65b708b681788cae0003256ca67_r2c2.jpg,FP,34,-1,0.0,0,14389,0.0,165.83068478484162
TORDILHA-D_011_jpg.rf.67cbd65b708b681788cae0003256ca67_r2c2.jpg,FP,36,-1,0.0,0,4934,0.0,56.863478958121384
TORDILHA-D_011_jpg.rf.67cbd65b708b681788cae0003256ca67_r2c2.jpg,FP,38,-1,0.0,0,6780,0.0,78.13830306770632
TORDILHA-D_011_jpg.rf.67cbd65b708b681788cae0003256ca67_r2c2.jpg,FP,43,-1,0.0,0,1619,0.0,18.658689183866745
TORDILHA-D_011_jpg.rf.67cbd65b708b681788cae0003256ca67_r2c2.jpg,FP,47,-1,0.0,0,17194,0.0,198.15781459382632
TORDILHA-D_011_jpg.rf.67cbd65b708b681788cae0003256ca67_r2c2.jpg,FP,49,-1,0.0,0,4145,0.0,47.77039324714494
TORDILHA-D_011_jpg.rf.67cbd65b708b681788cae0003256ca67_r2c2.jpg,FP,50,-1,0.0,0,1001,0.0,11.53634828477493
TORDILHA-D_011_jpg.rf.67cbd65b708b681788cae0003256ca67_r2c2.jpg,FN,-1,24,0.0,3482,0,40.12943529229401,0.0
TORDILHA-D_011_jpg.rf.67cbd65b708b681788cae0003256ca67_r2c2.jpg,FN,-1,26,0.0,7435,0,85.68706243486673,0.0
TORDILHA-D_011_jpg.rf.67cbd65b708b681788cae0003256ca67_r2c2.jpg,FN,-1,30,0.0,2095,0,24.144505151452027,0.0
TORDILHA-D_011_jpg.rf.67cbd65b708b681788cae0003256ca67_r2c2.jpg,FN,-1,37,0.0,1322,0,15.2358166158566,0.0
TORDILHA-D_011_jpg.rf.67cbd65b708b681788cae0003256ca67_r2c2.jpg,FN,-1,38,0.0,1588,0,18.301419656566022,0.0
TORDILHA-D_011_jpg.rf.67cbd65b708b681788cae0003256ca67_r2c2.jpg,FN,-1,47,0.0,2303,0,26.541668431405256,0.0
TORDILHA-D_011_jpg.rf.67cbd65b708b681788cae0003256ca67_r2c2.jpg,FN,-1,48,0.0,1850,0,21.32092340343019,0.0
TORDILHA-D_011_jpg.rf.67cbd65b708b681788cae0003256ca67_r2c2.jpg,FN,-1,49,0.0,1149,0,13.242022157049345,0.0
TORDILHA-D_011_jpg.rf.67cbd65b708b681788cae0003256ca67_r2c2.jpg,FN,-1,50,0.0,36048,0,415.44683613343324,0.0
TORDILHA-G_012_jpg.rf.5a71e85cb1442ba538dc7acb7149a07d_r0c0.jpg,TP,7,4,0.8818639798488666,3619,3852,41.708336106493974,44.39361997298005
TORDILHA-G_012_jpg.rf.5a71e85cb1442ba538dc7acb7149a07d_r0c0.jpg,TP,0,1,0.8479925303454715,5118,4778,58.98404647500308,55.065606498156455
TORDILHA-G_012_jpg.rf.5a71e85cb1442ba538dc7acb7149a07d_r0c0.jpg,TP,5,3,0.7987851176917237,5713,6132,65.84131643448468,70.67021746477509
TORDILHA-G_012_jpg.rf.5a71e85cb1442ba538dc7acb7149a07d_r0c0.jpg,TP,6,0,0.7870738339259569,4323,4221,49.82181182325876,48.64627983020477
TORDILHA-G_012_jpg.rf.5a71e85cb1442ba538dc7acb7149a07d_r0c0.jpg,TP,2,2,0.7812006319115324,2493,2017,28.731384889054844,23.245568921469562
TORDILHA-G_012_jpg.rf.5a71e85cb1442ba538dc7acb7149a07d_r0c0.jpg,TP,1,5,0.7198391420911529,12073,11021,139.1391936484393,127.01507936713736
TORDILHA-G_012_jpg.rf.5a71e85cb1442ba538dc7acb7149a07d_r0c0.jpg,FP,3,-1,0.0,0,8768,0.0,101.04965210879779
TORDILHA-G_012_jpg.rf.5a71e85cb1442ba538dc7acb7149a07d_r0c0.jpg,FP,4,-1,0.0,0,805,0.0,9.277482886357461
TORDILHA-G_012_jpg.rf.5a71e85cb1442ba538dc7acb7149a07d_r0c1.jpg,TP,0,0,0.9334767641996558,11227,11240,129.38919300016798,129.53901570516504
TORDILHA-G_012_jpg.rf.5a71e85cb1442ba538dc7acb7149a07d_r0c1.jpg,TP,11,36,0.9015191199580932,1889,1741,21.77039151842142,20.064717646147006
TORDILHA-G_012_jpg.rf.5a71e85cb1442ba538dc7acb7149a07d_r0c1.jpg,TP,7,27,0.8860978778692075,2265,2090,26.10372513987534,24.086881034145456
TORDILHA-G_012_jpg.rf.5a71e85cb1442ba538dc7acb7149a07d_r0c1.jpg,TP,8,21,0.863588110403397,3608,3414,41.581563048419525,39.345747296924685
TORDILHA-G_012_jpg.rf.5a71e85cb1442ba538dc7acb7149a07d_r0c1.jpg,TP,23,41,0.8615457562825984,1883,2043,21.701242577653538,23.54521433146372
TORDILHA-G_012_jpg.rf.5a71e85cb1442ba538dc7acb7149a07d_r0c1.jpg,TP,20,24,0.8497632371932845,4623,3971,53.27925886165285,45.76507396487637
TORDILHA-G_012_jpg.rf.5a71e85cb1442ba538dc7acb7149a07d_r0c1.jpg,TP,9,5,0.8494897959183674,2272,2078,26.184398904104533,23.948583152609693
TORDILHA-G_012_jpg.rf.5a71e85cb1442ba538dc7acb7149a07d_r0c1.jpg,TP,30,20,0.848889217462019,25055,24963,288.75445182321266,287.6941680647718
TORDILHA-G_012_jpg.rf.5a71e85cb1442ba538dc7acb7149a07d_r0c1.jpg,TP,27,22,0.8479439674649797,4226,3953,48.70390394751134,45.55762714257272
TORDILHA-G_012_jpg.rf.5a71e85cb1442ba538dc7acb7149a07d_r0c1.jpg,TP,3,23,0.8478536080101278,8464,7592,97.54610577655845,87.49645971829297
TORDILHA-G_012_jpg.rf.5a71e85cb1442ba538dc7acb7149a07d_r0c1.jpg,TP,18,10,0.8458302400395942,3847,3612,44.33599585567348,41.62766234226478
TORDILHA-G_012_jpg.rf.5a71e85cb1442ba538dc7acb7149a07d_r0c1.jpg,TP,1,29,0.8428048545559622,14052,14646,161.94681927837894,168.7925644143992
TORDILHA-G_012_jpg.rf.5a71e85cb1442ba538dc7acb7149a07d_r0c1.jpg,TP,14,4,0.8424522083058669,2955,2635,34.05585332818173,30.367909820561376
TORDILHA-G_012_jpg.rf.5a71e85cb1442ba538dc7acb7149a07d_r0c1.jpg,TP,19,11,0.8421052631578947,2470,2500,28.466313949444633,28.81205865328404
TORDILHA-G_012_jpg.rf.5a71e85cb1442ba538dc7acb7149a07d_r0c1.jpg,TP,21,35,0.8378378378378378,2555,2681,29.44592394365629,30.898051699781803
TORDILHA-G_012_jpg.rf.5a71e85cb1442ba538dc7acb7149a07d_r0c1.jpg,TP,33,16,0.8373134328358209,1943,1750,22.392731985332354,20.16844105729883
TORDILHA-G_012_jpg.rf.5a71e85cb1442ba538dc7acb7149a07d_r0c1.jpg,TP,13,6,0.8363671951458211,4873,4509,56.16046472698125,51.96542898706309
TORDILHA-G_012_jpg.rf.5a71e85cb1442ba538dc7acb7149a07d_r0c1.jpg,TP,40,14,0.8361602309635511,2757,2331,31.773938282841637,26.864363488322038
TORDILHA-G_012_jpg.rf.5a71e85cb1442ba538dc7acb7149a07d_r0c1.jpg,TP,15,32,0.8356181934657271,7568,6759,87.21986395522144,77.89628177501874
TORDILHA-G_012_jpg.rf.5a71e85cb1442ba538dc7acb7149a07d_r0c1.jpg,TP,4,25,0.8346133474576272,6444,7411,74.26596238470493,85.4104666717952
TORDILHA-G_012_jpg.rf.5a71e85cb1442ba538dc7acb7149a07d_r0c1.jpg,TP,2,38,0.8292922673656619,5890,5276,67.8812101871372,60.804968581890634
TORDILHA-G_012_jpg.rf.5a71e85cb1442ba538dc7acb7149a07d_r0c1.jpg,TP,12,2,0.8282979704797048,8093,7762,93.27039627241109,89.45567970671628
TORDILHA-G_012_jpg.rf.5a71e85cb1442ba538dc7acb7149a07d_r0c1.jpg,TP,22,7,0.8242461163569905,6224,5754,71.73050122321594,66.31383419639855
TORDILHA-G_012_jpg.rf.5a71e85cb1442ba538dc7acb7149a07d_r0c1.jpg,TP,16,15,0.8184373243395165,3411,3059,39.31117282654074,35.25443496815835
TORDILHA-G_012_jpg.rf.5a71e85cb1442ba538dc7acb7149a07d_r0c1.jpg,TP,6,17,0.8024083196496989,1530,1763,17.632979895809832,20.318263762295906
TORDILHA-G_012_jpg.rf.5a71e85cb1442ba538dc7acb7149a07d_r0c1.jpg,TP,5,33,0.7954303931987248,5616,4521,64.72340855873726,52.103726868598855
TORDILHA-G_012_jpg.rf.5a71e85cb1442ba538dc7acb7149a07d_r0c1.jpg,TP,46,30,0.7679671457905544,924,798,10.648936878253782,9.196809122128265
TORDILHA-G_012_jpg.rf.5a71e85cb1442ba538dc7acb7149a07d_r0c1.jpg,TP,10,28,0.7594086021505376,2211,1716,25.481384672964406,19.776597059614165
TORDILHA-G_012_jpg.rf.5a71e85cb1442ba538dc7acb7149a07d_r0c1.jpg,TP,47,31,0.7451869530628481,12333,9604,142.13564774838082,110.68440452245596
TORDILHA-G_012_jpg.rf.5a71e85cb1442ba538dc7acb7149a07d_r0c1.jpg,TP,42,1,0.7436510857563489,4271,5204,49.22252100327045,59.975181292676055
TORDILHA-G_012_jpg.rf.5a71e85cb1442ba538dc7acb7149a07d_r0c1.jpg,TP,17,34,0.7221727515583259,861,1073,9.922873000191023,12.36613557398951
TORDILHA-G_012_jpg.rf.5a71e85cb1442ba538dc7acb7149a07d_r0c1.jpg,TP,24,37,0.7059142702116115,1842,1302,21.22872481573968,15.005320146630329
TORDILHA-G_012_jpg.rf.5a71e85cb1442ba538dc7acb7149a07d_r0c1.jpg,FP,25,-1,0.0,0,1253,0.0,14.440603797025961
TORDILHA-G_012_jpg.rf.5a71e85cb1442ba538dc7acb7149a07d_r0c1.jpg,FP,26,-1,0.0,0,2215,0.0,25.52748396680966
TORDILHA-G_012_jpg.rf.5a71e85cb1442ba538dc7acb7149a07d_r0c1.jpg,FP,28,-1,0.0,0,4730,0.0,54.5124149720134
TORDILHA-G_012_jpg.rf.5a71e85cb1442ba538dc7acb7149a07d_r0c1.jpg,FP,29,-1,0.0,0,2207,0.0,25.43528537911915
TORDILHA-G_012_jpg.rf.5a71e85cb1442ba538dc7acb7149a07d_r0c1.jpg,FP,31,-1,0.0,0,3206,0.0,36.94858401697145
TORDILHA-G_012_jpg.rf.5a71e85cb1442ba538dc7acb7149a07d_r0c1.jpg,FP,32,-1,0.0,0,2873,0.0,33.11081780435402
TORDILHA-G_012_jpg.rf.5a71e85cb1442ba538dc7acb7149a07d_r0c1.jpg,FP,34,-1,0.0,0,4358,0.0,50.22518064440474
TORDILHA-G_012_jpg.rf.5a71e85cb1442ba538dc7acb7149a07d_r0c1.jpg,FP,35,-1,0.0,0,1975,0.0,22.76152633609439
TORDILHA-G_012_jpg.rf.5a71e85cb1442ba538dc7acb7149a07d_r0c1.jpg,FP,36,-1,0.0,0,2471,0.0,28.477838772905944
TORDILHA-G_012_jpg.rf.5a71e85cb1442ba538dc7acb7149a07d_r0c1.jpg,FP,37,-1,0.0,0,780,0.0,8.98936229982462
TORDILHA-G_012_jpg.rf.5a71e85cb1442ba538dc7acb7149a07d_r0c1.jpg,FP,38,-1,0.0,0,7514,0.0,86.59752348831051
TORDILHA-G_012_jpg.rf.5a71e85cb1442ba538dc7acb7149a07d_r0c1.jpg,FP,39,-1,0.0,0,41432,0.0,477.4964856491457
TORDILHA-G_012_jpg.rf.5a71e85cb1442ba538dc7acb7149a07d_r0c1.jpg,FP,41,-1,0.0,0,2818,0.0,32.47695251398177
TORDILHA-G_012_jpg.rf.5a71e85cb1442ba538dc7acb7149a07d_r0c1.jpg,FP,43,-1,0.0,0,796,0.0,9.173759475205639
TORDILHA-G_012_jpg.rf.5a71e85cb1442ba538dc7acb7149a07d_r0c1.jpg,FP,44,-1,0.0,0,1223,0.0,14.094859093186551
TORDILHA-G_012_jpg.rf.5a71e85cb1442ba538dc7acb7149a07d_r0c1.jpg,FP,45,-1,0.0,0,1049,0.0,12.089539810917984
TORDILHA-G_012_jpg.rf.5a71e85cb1442ba538dc7acb7149a07d_r0c1.jpg,FP,48,-1,0.0,0,569,0.0,6.557624549487447
TORDILHA-G_012_jpg.rf.5a71e85cb1442ba538dc7acb7149a07d_r0c1.jpg,FP,49,-1,0.0,0,3576,0.0,41.21276869765749
TORDILHA-G_012_jpg.rf.5a71e85cb1442ba538dc7acb7149a07d_r0c1.jpg,FN,-1,3,0.0,9404,0,108.37943983019325,0.0
TORDILHA-G_012_jpg.rf.5a71e85cb1442ba538dc7acb7149a07d_r0c1.jpg,FN,-1,8,0.0,8879,0,102.3289075130036,0.0
TORDILHA-G_012_jpg.rf.5a71e85cb1442ba538dc7acb7149a07d_r0c1.jpg,FN,-1,9,0.0,1297,0,14.94769602932376,0.0
TORDILHA-G_012_jpg.rf.5a71e85cb1442ba538dc7acb7149a07d_r0c1.jpg,FN,-1,12,0.0,14768,0,170.19859287667947,0.0
TORDILHA-G_012_jpg.rf.5a71e85cb1442ba538dc7acb7149a07d_r0c1.jpg,FN,-1,13,0.0,773,0,8.908688535595426,0.0
TORDILHA-G_012_jpg.rf.5a71e85cb1442ba538dc7acb7149a07d_r0c1.jpg,FN,-1,18,0.0,6034,0,69.54078476556636,0.0
TORDILHA-G_012_jpg.rf.5a71e85cb1442ba538dc7acb7149a07d_r0c1.jpg,FN,-1,19,0.0,15505,0,178.6923877676676,0.0
TORDILHA-G_012_jpg.rf.5a71e85cb1442ba538dc7acb7149a07d_r0c1.jpg,FN,-1,26,0.0,5281,0,60.86259269919721,0.0
TORDILHA-G_012_jpg.rf.5a71e85cb1442ba538dc7acb7149a07d_r0c1.jpg,FN,-1,39,0.0,5010,0,57.739365541181215,0.0
TORDILHA-G_012_jpg.rf.5a71e85cb1442ba538dc7acb7149a07d_r0c1.jpg,FN,-1,40,0.0,452,0,5.209220204513755,0.0
TORDILHA-G_012_jpg.rf.5a71e85cb1442ba538dc7acb7149a07d_r0c2.jpg,TP,6,6,0.8952129021247547,10798,11412,124.44504373526442,131.52128534051099
TORDILHA-G_012_jpg.rf.5a71e85cb1442ba538dc7acb7149a07d_r0c2.jpg,TP,5,12,0.8949796472184531,10414,10535,120.01951152612,121.41401516493895
TORDILHA-G_012_jpg.rf.5a71e85cb1442ba538dc7acb7149a07d_r0c2.jpg,TP,7,1,0.8737994621590472,5040,4715,58.08511024502062,54.339542620093695
TORDILHA-G_012_jpg.rf.5a71e85cb1442ba538dc7acb7149a07d_r0c2.jpg,TP,0,5,0.8717718167740647,18797,18674,216.63210660231204,215.21455331657046
TORDILHA-G_012_jpg.rf.5a71e85cb1442ba538dc7acb7149a07d_r0c2.jpg,TP,8,0,0.8695099818511797,5172,5129,59.60638694191402,59.11081953307754
TORDILHA-G_012_jpg.rf.5a71e85cb1442ba538dc7acb7149a07d_r0c2.jpg,TP,3,11,0.8692285632348724,3122,3396,35.98049884622111,39.13830047462104
TORDILHA-G_012_jpg.rf.5a71e85cb1442ba538dc7acb7149a07d_r0c2.jpg,TP,2,18,0.8260130348540663,3447,2997,39.72606647114803,34.539895913556904
TORDILHA-G_012_jpg.rf.5a71e85cb1442ba538dc7acb7149a07d_r0c2.jpg,TP,13,14,0.8177954847277557,3327,3517,38.3430876557904,40.53280411343999
TORDILHA-G_012_jpg.rf.5a71e85cb1442ba538dc7acb7149a07d_r0c2.jpg,TP,4,15,0.8117738187451587,1169,1170,13.472518626275617,13.48404344973693
TORDILHA-G_012_jpg.rf.5a71e85cb1442ba538dc7acb7149a07d_r0c2.jpg,TP,12,17,0.7891077636152954,844,700,9.726951001348692,8.067376422919532
TORDILHA-G_012_jpg.rf.5a71e85cb1442ba538dc7acb7149a07d_r0c2.jpg,TP,10,2,0.7219321148825065,2158,1799,24.870569029514783,20.733157406903196
TORDILHA-G_012_jpg.rf.5a71e85cb1442ba538dc7acb7149a07d_r0c2.jpg,TP,11,8,0.7137989778534923,1131,881,13.0345753347457,10.153369469417296
TORDILHA-G_012_jpg.rf.5a71e85cb1442ba538dc7acb7149a07d_r0c2.jpg,TP,9,10,0.7013392857142857,2167,1644,24.974292440666606,18.946809770399586
TORDILHA-G_012_jpg.rf.5a71e85cb1442ba538dc7acb7149a07d_r0c2.jpg,FP,1,-1,0.0,0,62549,0.0,720.8661826817054
TORDILHA-G_012_jpg.rf.5a71e85cb1442ba538dc7acb7149a07d_r0c2.jpg,FP,14,-1,0.0,0,329,0.0,3.7916669187721794
TORDILHA-G_012_jpg.rf.5a71e85cb1442ba538dc7acb7149a07d_r0c2.jpg,FN,-1,3,0.0,28768,0,331.5461213350701,0.0
TORDILHA-G_012_jpg.rf.5a71e85cb1442ba538dc7acb7149a07d_r0c2.jpg,FN,-1,4,0.0,29637,0,341.56119292295165,0.0
TORDILHA-G_012_jpg.rf.5a71e85cb1442ba538dc7acb7149a07d_r0c2.jpg,FN,-1,7,0.0,306,0,3.5265959791619665,0.0
TORDILHA-G_012_jpg.rf.5a71e85cb1442ba538dc7acb7149a07d_r0c2.jpg,FN,-1,9,0.0,3365,0,38.78103094732032,0.0
TORDILHA-G_012_jpg.rf.5a71e85cb1442ba538dc7acb7149a07d_r0c2.jpg,FN,-1,13,0.0,2343,0,27.0026613698578,0.0
TORDILHA-G_012_jpg.rf.5a71e85cb1442ba538dc7acb7149a07d_r0c2.jpg,FN,-1,16,0.0,1861,0,21.447696461504638,0.0
TORDILHA-G_012_jpg.rf.5a71e85cb1442ba538dc7acb7149a07d_r1c0.jpg,TP,2,4,0.8921521425132403,3964,3896,45.684400200647175,44.90071220527785
TORDILHA-G_012_jpg.rf.5a71e85cb1442ba538dc7acb7149a07d_r1c0.jpg,TP,5,8,0.8840140949923073,18714,19247,215.675546255023,221.81827715990318
TORDILHA-G_012_jpg.rf.5a71e85cb1442ba538dc7acb7149a07d_r1c0.jpg,TP,7,6,0.8730971128608924,6996,7277,80.62766493535005,83.86614032797918
TORDILHA-G_012_jpg.rf.5a71e85cb1442ba538dc7acb7149a07d_r1c0.jpg,TP,0,5,0.862528047868362,6483,5968,74.71543049969617,68.78014641711965
TORDILHA-G_012_jpg.rf.5a71e85cb1442ba538dc7acb7149a07d_r1c0.jpg,TP,3,2,0.8449431652579423,3331,2999,38.38918694963566,34.562945560479534
TORDILHA-G_012_jpg.rf.5a71e85cb1442ba538dc7acb7149a07d_r1c0.jpg,TP,6,3,0.8357743422836995,6327,7210,72.91755803973125,83.09397715607118
TORDILHA-G_012_jpg.rf.5a71e85cb1442ba538dc7acb7149a07d_r1c0.jpg,TP,4,0,0.8025857782197912,3931,3319,45.30408102642382,38.25088906809989
TORDILHA-G_012_jpg.rf.5a71e85cb1442ba538dc7acb7149a07d_r1c0.jpg,TP,1,1,0.7984721716987996,2585,2359,29.791668647495698,27.18705854523882
TORDILHA-G_012_jpg.rf.5a71e85cb1442ba538dc7acb7149a07d_r1c0.jpg,TP,8,7,0.615539858728557,956,645,11.017731229015817,7.433511132547282
TORDILHA-G_012_jpg.rf.5a71e85cb1442ba538dc7acb7149a07d_r1c0.jpg,FP,9,-1,0.0,0,5519,0.0,63.60550068298985
TORDILHA-G_012_jpg.rf.5a71e85cb1442ba538dc7acb7149a07d_r1c0.jpg,FP,10,-1,0.0,0,310,0.0,3.572695273007221
TORDILHA-G_012_jpg.rf.5a71e85cb1442ba538dc7acb7149a07d_r1c0.jpg,FP,11,-1,0.0,0,1443,0.0,16.63032025467555
TORDILHA-G_012_jpg.rf.5a71e85cb1442ba538dc7acb7149a07d_r1c1.jpg,TP,0,55,0.9120957112440434,9440,9419,108.79433347480054,108.55231218211294
TORDILHA-G_012_jpg.rf.5a71e85cb1442ba538dc7acb7149a07d_r1c1.jpg,TP,31,2,0.906813627254509,990,913,11.409575226700479,10.522163820179331
TORDILHA-G_012_jpg.rf.5a71e85cb1442ba538dc7acb7149a07d_r1c1.jpg,TP,17,23,0.8879342547627942,2571,2483,29.630321119037305,28.616136654441707
TORDILHA-G_012_jpg.rf.5a71e85cb1442ba538dc7acb7149a07d_r1c1.jpg,TP,15,43,0.8858250276854928,8326,8703,95.95568013889716,100.3005385838124
TORDILHA-G_012_jpg.rf.5a71e85cb1442ba538dc7acb7149a07d_r1c1.jpg,TP,1,28,0.8817266744096013,4970,4751,57.27837260272867,54.75443626470099
TORDILHA-G_012_jpg.rf.5a71e85cb1442ba538dc7acb7149a07d_r1c1.jpg,TP,10,14,0.8791615289765722,9274,9014,106.88121278022247,103.88475868028094
TORDILHA-G_012_jpg.rf.5a71e85cb1442ba538dc7acb7149a07d_r1c1.jpg,TP,28,39,0.8639604415823368,8448,7761,97.36170860117743,89.44415488325497
TORDILHA-G_012_jpg.rf.5a71e85cb1442ba538dc7acb7149a07d_r1c1.jpg,TP,21,21,0.8507223113964687,2314,2298,26.668441489479708,26.48404431409869
TORDILHA-G_012_jpg.rf.5a71e85cb1442ba538dc7acb7149a07d_r1c1.jpg,TP,27,49,0.849765644272675,11291,11204,130.12678170169204,129.12412206055774
TORDILHA-G_012_jpg.rf.5a71e85cb1442ba538dc7acb7149a07d_r1c1.jpg,TP,5,32,0.8491466589528492,12460,13110,143.59930032796765,151.0904355778215
TORDILHA-G_012_jpg.rf.5a71e85cb1442ba538dc7acb7149a07d_r1c1.jpg,TP,33,44,0.8480555555555556,3274,3379,37.73227201234078,38.94237847577871
TORDILHA-G_012_jpg.rf.5a71e85cb1442ba538dc7acb7149a07d_r1c1.jpg,TP,58,38,0.8437007874015748,2382,2301,27.45212948484903,26.51861878448263
TORDILHA-G_012_jpg.rf.5a71e85cb1442ba538dc7acb7149a07d_r1c1.jpg,TP,6,19,0.8398932621747832,2915,2601,33.59486038972919,29.976065822876716
TORDILHA-G_012_jpg.rf.5a71e85cb1442ba538dc7acb7149a07d_r1c1.jpg,TP,25,13,0.8375900458415193,1313,1493,15.132093204704777,17.206561427741228
TORDILHA-G_012_jpg.rf.5a71e85cb1442ba538dc7acb7149a07d_r1c1.jpg,TP,2,16,0.8342315554729605,5230,4640,60.27482670267021,53.47518086049518
TORDILHA-G_012_jpg.rf.5a71e85cb1442ba538dc7acb7149a07d_r1c1.jpg,TP,50,34,0.8315899581589958,879,872,10.130319822494668,10.049646058265473
TORDILHA-G_012_jpg.rf.5a71e85cb1442ba538dc7acb7149a07d_r1c1.jpg,TP,4,53,0.8304831124412142,4325,4238,49.844861470181385,48.842201829047106
TORDILHA-G_012_jpg.rf.5a71e85cb1442ba538dc7acb7149a07d_r1c1.jpg,TP,12,27,0.8293470007593015,4596,5041,52.96808862819738,58.09663506848194
TORDILHA-G_012_jpg.rf.5a71e85cb1442ba538dc7acb7149a07d_r1c1.jpg,TP,18,25,0.827109552300392,4538,4318,52.299648867441185,49.764187705952196
TORDILHA-G_012_jpg.rf.5a71e85cb1442ba538dc7acb7149a07d_r1c1.jpg,TP,13,29,0.8239192174187441,3102,2678,35.750002376994836,30.863477229397862
TORDILHA-G_012_jpg.rf.5a71e85cb1442ba538dc7acb7149a07d_r1c1.jpg,TP,20,22,0.8188034188034188,2295,1961,26.44946984371475,22.600178807636002
TORDILHA-G_012_jpg.rf.5a71e85cb1442ba538dc7acb7149a07d_r1c1.jpg,TP,19,51,0.8186257411928846,2754,2460,31.739363812457697,28.351065714831496
TORDILHA-G_012_jpg.rf.5a71e85cb1442ba538dc7acb7149a07d_r1c1.jpg,TP,14,52,0.8157672849915683,2372,1935,27.336881250235898,22.300533397641846
TORDILHA-G_012_jpg.rf.5a71e85cb1442ba538dc7acb7149a07d_r1c1.jpg,TP,47,1,0.8149807938540333,1467,1368,16.906916017747076,15.765958495077026
TORDILHA-G_012_jpg.rf.5a71e85cb1442ba538dc7acb7149a07d_r1c1.jpg,TP,3,7,0.8106500691562932,6922,6169,79.77482799921285,71.0966359328437
TORDILHA-G_012_jpg.rf.5a71e85cb1442ba538dc7acb7149a07d_r1c1.jpg,TP,11,15,0.8094014654106004,9503,9512,109.52039735286328,109.62412076401512
TORDILHA-G_012_jpg.rf.5a71e85cb1442ba538dc7acb7149a07d_r1c1.jpg,TP,32,33,0.8025837706903513,2450,2015,28.23581748021836,23.222519274546936
TORDILHA-G_012_jpg.rf.5a71e85cb1442ba538dc7acb7149a07d_r1c1.jpg,TP,7,8,0.8024580335731415,3230,2783,37.22517978004298,32.07358369283579
TORDILHA-G_012_jpg.rf.5a71e85cb1442ba538dc7acb7149a07d_r1c1.jpg,TP,36,11,0.7979949874686717,3184,3990,36.695037900822555,45.984045610641324
TORDILHA-G_012_jpg.rf.5a71e85cb1442ba538dc7acb7149a07d_r1c1.jpg,TP,46,40,0.797335072679836,8610,10679,99.22873000191024,123.0735897433681
TORDILHA-G_012_jpg.rf.5a71e85cb1442ba538dc7acb7149a07d_r1c1.jpg,TP,30,0,0.7941567065073041,2169,1884,24.99734208758923,21.712767401114853
TORDILHA-G_012_jpg.rf.5a71e85cb1442ba538dc7acb7149a07d_r1c1.jpg,TP,8,24,0.7816979051819184,2637,2211,30.390959467484006,25.481384672964406
TORDILHA-G_012_jpg.rf.5a71e85cb1442ba538dc7acb7149a07d_r1c1.jpg,TP,9,3,0.775635139271503,3062,2739,35.289009438542294,31.566491460537993
TORDILHA-G_012_jpg.rf.5a71e85cb1442ba538dc7acb7149a07d_r1c1.jpg,TP,34,4,0.768695652173913,2766,2319,31.87766169399346,26.726065606786275
TORDILHA-G_012_jpg.rf.5a71e85cb1442ba538dc7acb7149a07d_r1c1.jpg,TP,16,35,0.7686904164576016,10096,11054,116.35461766542227,127.3953985413607
TORDILHA-G_012_jpg.rf.5a71e85cb1442ba538dc7acb7149a07d_r1c1.jpg,TP,24,46,0.760361718161266,1129,1207,13.011525687823072,13.910461917805534
TORDILHA-G_012_jpg.rf.5a71e85cb1442ba538dc7acb7149a07d_r1c1.jpg,TP,60,41,0.7598752598752598,806,887,9.289007709818774,10.222518410185177
TORDILHA-G_012_jpg.rf.5a71e85cb1442ba538dc7acb7149a07d_r1c1.jpg,TP,61,54,0.7542293233082706,4133,3333,47.632095365609175,38.41223659655828
TORDILHA-G_012_jpg.rf.5a71e85cb1442ba538dc7acb7149a07d_r1c1.jpg,TP,29,50,0.7427830035679532,3052,2321,35.17376120392915,26.7491152537089
TORDILHA-G_012_jpg.rf.5a71e85cb1442ba538dc7acb7149a07d_r1c1.jpg,TP,51,48,0.7413654618473896,1174,994,13.530142743582186,11.455674520545735
TORDILHA-G_012_jpg.rf.5a71e85cb1442ba538dc7acb7149a07d_r1c1.jpg,TP,57,17,0.7205743879472694,4121,3188,47.49379748407341,36.74113719466781
TORDILHA-G_012_jpg.rf.5a71e85cb1442ba538dc7acb7149a07d_r1c1.jpg,TP,39,30,0.7196513799543474,4619,3668,53.23315956780759,42.27305245609834
TORDILHA-G_012_jpg.rf.5a71e85cb1442ba538dc7acb7149a07d_r1c1.jpg,TP,38,12,0.7193763919821826,2591,2813,29.86081758826358,32.4193283966752
TORDILHA-G_012_jpg.rf.5a71e85cb1442ba538dc7acb7149a07d_r1c1.jpg,TP,44,20,0.7094339622641509,564,795,6.5000004321808795,9.162234651744324
TORDILHA-G_012_jpg.rf.5a71e85cb1442ba538dc7acb7149a07d_r1c1.jpg,TP,23,26,0.6638198757763976,1188,955,13.691490272040575,11.006206405554503
TORDILHA-G_012_jpg.rf.5a71e85cb1442ba538dc7acb7149a07d_r1c1.jpg,TP,35,45,0.6558966074313409,1218,832,14.037234975879985,9.588653119812928
TORDILHA-G_012_jpg.rf.5a71e85cb1442ba538dc7acb7149a07d_r1c1.jpg,TP,26,6,0.6467889908256881,1308,846,15.07446908739821,9.75000064827132
TORDILHA-G_012_jpg.rf.5a71e85cb1442ba538dc7acb7149a07d_r1c1.jpg,TP,37,42,0.6141170364603608,7426,5014,85.58333902371491,57.78546483502647
TORDILHA-G_012_jpg.rf.5a71e85cb1442ba538dc7acb7149a07d_r1c1.jpg,TP,42,10,0.6119438496312158,4029,2746,46.43351372563256,31.64716522476719
TORDILHA-G_012_jpg.rf.5a71e85cb1442ba538dc7acb7149a07d_r1c1.jpg,TP,41,5,0.5790760869565217,3465,2346,39.93351329345168,27.037235840241742
TORDILHA-G_012_jpg.rf.5a71e85cb1442ba538dc7acb7149a07d_r1c1.jpg,FP,22,-1,0.0,0,24610,0.0,283.62590538292807
TORDILHA-G_012_jpg.rf.5a71e85cb1442ba538dc7acb7149a07d_r1c1.jpg,FP,40,-1,0.0,0,1712,0.0,19.73049776576891
TORDILHA-G_012_jpg.rf.5a71e85cb1442ba538dc7acb7149a07d_r1c1.jpg,FP,43,-1,0.0,0,2002,0.0,23.07269656954986
TORDILHA-G_012_jpg.rf.5a71e85cb1442ba538dc7acb7149a07d_r1c1.jpg,FP,45,-1,0.0,0,1814,0.0,20.9060297588229
TORDILHA-G_012_jpg.rf.5a71e85cb1442ba538dc7acb7149a07d_r1c1.jpg,FP,48,-1,0.0,0,2068,0.0,23.833334917996556
TORDILHA-G_012_jpg.rf.5a71e85cb1442ba538dc7acb7149a07d_r1c1.jpg,FP,49,-1,0.0,0,1490,0.0,17.171986957357287
TORDILHA-G_012_jpg.rf.5a71e85cb1442ba538dc7acb7149a07d_r1c1.jpg,FP,52,-1,0.0,0,3642,0.0,41.973407046104185
TORDILHA-G_012_jpg.rf.5a71e85cb1442ba538dc7acb7149a07d_r1c1.jpg,FP,53,-1,0.0,0,14143,0.0,162.99557821335847
TORDILHA-G_012_jpg.rf.5a71e85cb1442ba538dc7acb7149a07d_r1c1.jpg,FP,54,-1,0.0,0,5056,0.0,58.26950742040164
TORDILHA-G_012_jpg.rf.5a71e85cb1442ba538dc7acb7149a07d_r1c1.jpg,FP,55,-1,0.0,0,1601,0.0,18.4512423615631
TORDILHA-G_012_jpg.rf.5a71e85cb1442ba538dc7acb7149a07d_r1c1.jpg,FP,56,-1,0.0,0,264,0.0,3.0425533937867946
TORDILHA-G_012_jpg.rf.5a71e85cb1442ba538dc7acb7149a07d_r1c1.jpg,FP,59,-1,0.0,0,2608,0.0,30.05673958710591
TORDILHA-G_012_jpg.rf.5a71e85cb1442ba538dc7acb7149a07d_r1c1.jpg,FN,-1,9,0.0,7578,0,87.33511218983458,0.0
TORDILHA-G_012_jpg.rf.5a71e85cb1442ba538dc7acb7149a07d_r1c1.jpg,FN,-1,18,0.0,11915,0,137.31827154155172,0.0
TORDILHA-G_012_jpg.rf.5a71e85cb1442ba538dc7acb7149a07d_r1c1.jpg,FN,-1,31,0.0,739,0,8.516844537910762,0.0
TORDILHA-G_012_jpg.rf.5a71e85cb1442ba538dc7acb7149a07d_r1c1.jpg,FN,-1,36,0.0,1678,0,19.338653768084246,0.0
TORDILHA-G_012_jpg.rf.5a71e85cb1442ba538dc7acb7149a07d_r1c1.jpg,FN,-1,37,0.0,1112,0,12.81560368898074,0.0
TORDILHA-G_012_jpg.rf.5a71e85cb1442ba538dc7acb7149a07d_r1c1.jpg,FN,-1,47,0.0,3869,0,44.58954197182238,0.0
TORDILHA-G_012_jpg.rf.5a71e85cb1442ba538dc7acb7149a07d_r1c2.jpg,TP,6,2,0.9137563535005738,5753,5919,66.30230937293723,68.21543006751529
TORDILHA-G_012_jpg.rf.5a71e85cb1442ba538dc7acb7149a07d_r1c2.jpg,TP,2,12,0.8979509028200446,4903,4452,56.50620943082066,51.30851404976822
TORDILHA-G_012_jpg.rf.5a71e85cb1442ba538dc7acb7149a07d_r1c2.jpg,TP,0,24,0.8768668277870731,15100,15187,174.0248342658356,175.02749390696988
TORDILHA-G_012_jpg.rf.5a71e85cb1442ba538dc7acb7149a07d_r1c2.jpg,TP,30,20,0.8580109678375575,6261,6275,72.15691969128454,72.31826721974294
TORDILHA-G_012_jpg.rf.5a71e85cb1442ba538dc7acb7149a07d_r1c2.jpg,TP,20,13,0.843920955677124,8186,8330,94.34220485431325,96.00177943274242
TORDILHA-G_012_jpg.rf.5a71e85cb1442ba538dc7acb7149a07d_r1c2.jpg,TP,1,11,0.8395506108202443,9008,7857,103.81560973951305,90.55053793554107
TORDILHA-G_012_jpg.rf.5a71e85cb1442ba538dc7acb7149a07d_r1c2.jpg,TP,7,1,0.8267058641497756,6343,5463,73.10195521511227,62.960110569156285
TORDILHA-G_012_jpg.rf.5a71e85cb1442ba538dc7acb7149a07d_r1c2.jpg,TP,15,17,0.8219584569732937,3628,3126,41.8120595176458,36.02659814006636
TORDILHA-G_012_jpg.rf.5a71e85cb1442ba538dc7acb7149a07d_r1c2.jpg,TP,5,14,0.8204257246376812,8082,7996,93.14362321433664,92.15248839666367
TORDILHA-G_012_jpg.rf.5a71e85cb1442ba538dc7acb7149a07d_r1c2.jpg,TP,26,29,0.8187325256290774,6294,5415,72.5372388655079,62.40691904301323
TORDILHA-G_012_jpg.rf.5a71e85cb1442ba538dc7acb7149a07d_r1c2.jpg,TP,3,9,0.8179539608205264,13638,13924,157.1755423653951,160.4716418753308
TORDILHA-G_012_jpg.rf.5a71e85cb1442ba538dc7acb7149a07d_r1c2.jpg,TP,8,22,0.8068381063705435,9741,8808,112.26330533665593,101.51064504725032
TORDILHA-G_012_jpg.rf.5a71e85cb1442ba538dc7acb7149a07d_r1c2.jpg,TP,11,25,0.8064081449318761,6485,5580,74.7384801466188,64.30851491412997
TORDILHA-G_012_jpg.rf.5a71e85cb1442ba538dc7acb7149a07d_r1c2.jpg,TP,21,3,0.8003762050317423,3861,3796,44.497343384131874,43.748229859146484
TORDILHA-G_012_jpg.rf.5a71e85cb1442ba538dc7acb7149a07d_r1c2.jpg,TP,13,30,0.7972309066547566,4294,3754,49.48759194288067,43.26418727377131
TORDILHA-G_012_jpg.rf.5a71e85cb1442ba538dc7acb7149a07d_r1c2.jpg,TP,24,23,0.7967914438502673,816,864,9.40425594443191,9.957447470574964
TORDILHA-G_012_jpg.rf.5a71e85cb1442ba538dc7acb7149a07d_r1c2.jpg,TP,27,28,0.7778999450247389,3637,2831,41.91578292879762,32.62677521897885
TORDILHA-G_012_jpg.rf.5a71e85cb1442ba538dc7acb7149a07d_r1c2.jpg,TP,4,6,0.776702161987738,11659,10365,134.36791673545545,119.45479517651563
TORDILHA-G_012_jpg.rf.5a71e85cb1442ba538dc7acb7149a07d_r1c2.jpg,TP,9,15,0.7765801077902988,1939,1687,22.346632691487102,19.44237717923607
TORDILHA-G_012_jpg.rf.5a71e85cb1442ba538dc7acb7149a07d_r1c2.jpg,TP,12,21,0.769933263083948,2764,2275,31.854612047070834,26.218973374488478
TORDILHA-G_012_jpg.rf.5a71e85cb1442ba538dc7acb7149a07d_r1c2.jpg,TP,14,27,0.7619722300935109,3439,2779,39.633867883457526,32.02748439899054
TORDILHA-G_012_jpg.rf.5a71e85cb1442ba538dc7acb7149a07d_r1c2.jpg,TP,17,18,0.7438380281690141,2922,3021,33.67553415395839,34.81649167662843
TORDILHA-G_012_jpg.rf.5a71e85cb1442ba538dc7acb7149a07d_r1c2.jpg,TP,22,7,0.7246022031823746,674,735,7.767731012925377,8.470745244065508
TORDILHA-G_012_jpg.rf.5a71e85cb1442ba538dc7acb7149a07d_r1c2.jpg,TP,19,4,0.7103548153511948,1326,1036,15.281915909701855,11.939717105920906
TORDILHA-G_012_jpg.rf.5a71e85cb1442ba538dc7acb7149a07d_r1c2.jpg,TP,23,16,0.7062297018010039,2876,2903,33.14539227473796,33.45656250819343
TORDILHA-G_012_jpg.rf.5a71e85cb1442ba538dc7acb7149a07d_r1c2.jpg,TP,18,0,0.6913510457885811,1564,1428,18.024823893494496,16.457447902755842
TORDILHA-G_012_jpg.rf.5a71e85cb1442ba538dc7acb7149a07d_r1c2.jpg,TP,10,19,0.6432416267942583,3294,2201,37.96276848156705,25.36613643835127
TORDILHA-G_012_jpg.rf.5a71e85cb1442ba538dc7acb7149a07d_r1c2.jpg,TP,16,10,0.6357388316151202,1356,1024,15.627660613541263,11.801419224385143
TORDILHA-G_012_jpg.rf.5a71e85cb1442ba538dc7acb7149a07d_r1c2.jpg,TP,33,5,0.5461153128376387,10082,5659,116.19327013696387,65.21897596757375
TORDILHA-G_012_jpg.rf.5a71e85cb1442ba538dc7acb7149a07d_r1c2.jpg,FP,25,-1,0.0,0,3459,0.0,39.8643643526838
TORDILHA-G_012_jpg.rf.5a71e85cb1442ba538dc7acb7149a07d_r1c2.jpg,FP,28,-1,0.0,0,6092,0.0,70.20922452632254
TORDILHA-G_012_jpg.rf.5a71e85cb1442ba538dc7acb7149a07d_r1c2.jpg,FP,29,-1,0.0,0,2355,0.0,27.140959251393564
TORDILHA-G_012_jpg.rf.5a71e85cb1442ba538dc7acb7149a07d_r1c2.jpg,FP,31,-1,0.0,0,2226,0.0,25.65425702488411
TORDILHA-G_012_jpg.rf.5a71e85cb1442ba538dc7acb7149a07d_r1c2.jpg,FP,32,-1,0.0,0,9070,0.0,104.5301487941145
TORDILHA-G_012_jpg.rf.5a71e85cb1442ba538dc7acb7149a07d_r1c2.jpg,FP,34,-1,0.0,0,938,0.0,10.81028440671217
TORDILHA-G_012_jpg.rf.5a71e85cb1442ba538dc7acb7149a07d_r1c2.jpg,FN,-1,8,0.0,6097,0,70.26684864362912,0.0
TORDILHA-G_012_jpg.rf.5a71e85cb1442ba538dc7acb7149a07d_r1c2.jpg,FN,-1,26,0.0,1200,0,13.829788153576338,0.0
TORDILHA-G_012_jpg.rf.5a71e85cb1442ba538dc7acb7149a07d_r2c0.jpg,TP,0,33,0.8889427152718905,7806,7791,89.96277193901409,89.78989958709438
TORDILHA-G_012_jpg.rf.5a71e85cb1442ba538dc7acb7149a07d_r2c0.jpg,TP,12,31,0.8791715777066846,27629,28173,318.4193474126339,324.6888513755885
TORDILHA-G_012_jpg.rf.5a71e85cb1442ba538dc7acb7149a07d_r2c0.jpg,TP,30,15,0.859180855959503,9973,10227,114.93706437968069,117.86436953885435
TORDILHA-G_012_jpg.rf.5a71e85cb1442ba538dc7acb7149a07d_r2c0.jpg,TP,36,38,0.839965645576868,3414,3013,39.345747296924685,34.72429308893793
TORDILHA-G_012_jpg.rf.5a71e85cb1442ba538dc7acb7149a07d_r2c0.jpg,TP,3,5,0.8327326690693237,4644,4001,53.52128015434043,46.11081866871578
TORDILHA-G_012_jpg.rf.5a71e85cb1442ba538dc7acb7149a07d_r2c0.jpg,TP,11,30,0.826881975777725,4033,3660,46.47961301947781,42.18085386840784
TORDILHA-G_012_jpg.rf.5a71e85cb1442ba538dc7acb7149a07d_r2c0.jpg,TP,7,27,0.8264346190028222,2086,1797,24.040781740300204,20.710107759980566
TORDILHA-G_012_jpg.rf.5a71e85cb1442ba538dc7acb7149a07d_r2c0.jpg,TP,14,4,0.8241512249720184,7233,7435,83.35904809568139,85.68706243486673
TORDILHA-G_012_jpg.rf.5a71e85cb1442ba538dc7acb7149a07d_r2c0.jpg,TP,2,35,0.8223206377325066,5000,5287,57.62411730656808,60.93174163996509
TORDILHA-G_012_jpg.rf.5a71e85cb1442ba538dc7acb7149a07d_r2c0.jpg,TP,5,1,0.8193979933110368,4725,3979,54.454790854706836,45.857272552566876
TORDILHA-G_012_jpg.rf.5a71e85cb1442ba538dc7acb7149a07d_r2c0.jpg,TP,20,12,0.817863757974892,4373,4460,50.398052996324445,51.400712637458724
TORDILHA-G_012_jpg.rf.5a71e85cb1442ba538dc7acb7149a07d_r2c0.jpg,TP,25,32,0.8139593908629441,3746,3401,43.1719886860808,39.19592459192761
TORDILHA-G_012_jpg.rf.5a71e85cb1442ba538dc7acb7149a07d_r2c0.jpg,TP,28,36,0.8120649651972158,3054,3194,35.19681085085178,36.81028613543569
TORDILHA-G_012_jpg.rf.5a71e85cb1442ba538dc7acb7149a07d_r2c0.jpg,TP,1,28,0.811660989781607,4721,4321,54.40869156086158,49.79876217633613
TORDILHA-G_012_jpg.rf.5a71e85cb1442ba538dc7acb7149a07d_r2c0.jpg,TP,22,21,0.8069627315331399,4339,3758,50.00620899863978,43.310286567616565
TORDILHA-G_012_jpg.rf.5a71e85cb1442ba538dc7acb7149a07d_r2c0.jpg,TP,9,26,0.8036923076923077,4583,4210,52.8182659232003,48.51950677213032
TORDILHA-G_012_jpg.rf.5a71e85cb1442ba538dc7acb7149a07d_r2c0.jpg,TP,4,34,0.7974532431356944,2257,2260,26.01152655218483,26.04610102256877
TORDILHA-G_012_jpg.rf.5a71e85cb1442ba538dc7acb7149a07d_r2c0.jpg,TP,8,11,0.7914670658682634,6075,5892,70.01330252748022,67.90425983405983
TORDILHA-G_012_jpg.rf.5a71e85cb1442ba538dc7acb7149a07d_r2c0.jpg,TP,18,17,0.7792553191489362,2484,2199,28.627661477903022,25.34308679142864
TORDILHA-G_012_jpg.rf.5a71e85cb1442ba538dc7acb7149a07d_r2c0.jpg,TP,6,37,0.7717795979151154,2592,2167,29.872342411724894,24.974292440666606
TORDILHA-G_012_jpg.rf.5a71e85cb1442ba538dc7acb7149a07d_r2c0.jpg,TP,40,7,0.7684841564373395,2879,3316,33.1799667451219,38.21631459771595
TORDILHA-G_012_jpg.rf.5a71e85cb1442ba538dc7acb7149a07d_r2c0.jpg,TP,26,19,0.7638168283329574,4200,3619,48.40425853751719,41.708336106493974
TORDILHA-G_012_jpg.rf.5a71e85cb1442ba538dc7acb7149a07d_r2c0.jpg,TP,10,24,0.750122249388753,3983,3175,45.903371846412135,36.59131448967073
TORDILHA-G_012_jpg.rf.5a71e85cb1442ba538dc7acb7149a07d_r2c0.jpg,TP,17,13,0.7451349654739485,2889,2671,33.295214979735036,30.78280346516867
TORDILHA-G_012_jpg.rf.5a71e85cb1442ba538dc7acb7149a07d_r2c0.jpg,TP,24,9,0.7351134215500945,3486,3857,40.175534586139264,44.451244090286615
TORDILHA-G_012_jpg.rf.5a71e85cb1442ba538dc7acb7149a07d_r2c0.jpg,TP,23,14,0.6867233485938522,1405,1174,16.19237696314563,13.530142743582186
TORDILHA-G_012_jpg.rf.5a71e85cb1442ba538dc7acb7149a07d_r2c0.jpg,TP,37,16,0.5942028985507246,1523,1007,17.552306131580636,11.60549722554281
TORDILHA-G_012_jpg.rf.5a71e85cb1442ba538dc7acb7149a07d_r2c0.jpg,TP,16,10,0.5382728164867517,2038,1097,23.487590214157148,12.642731337061036
TORDILHA-G_012_jpg.rf.5a71e85cb1442ba538dc7acb7149a07d_r2c0.jpg,TP,13,6,0.5136417556346382,2987,2117,34.42464767894377,24.398051267600923
TORDILHA-G_012_jpg.rf.5a71e85cb1442ba538dc7acb7149a07d_r2c0.jpg,TP,19,0,0.5000681849174963,7301,3699,84.14273609105071,42.630321983399064
TORDILHA-G_012_jpg.rf.5a71e85cb1442ba538dc7acb7149a07d_r2c0.jpg,FP,15,-1,0.0,0,1519,0.0,17.506206837735384
TORDILHA-G_012_jpg.rf.5a71e85cb1442ba538dc7acb7149a07d_r2c0.jpg,FP,21,-1,0.0,0,2043,0.0,23.54521433146372
TORDILHA-G_012_jpg.rf.5a71e85cb1442ba538dc7acb7149a07d_r2c0.jpg,FP,27,-1,0.0,0,1340,0.0,15.443263438160246
TORDILHA-G_012_jpg.rf.5a71e85cb1442ba538dc7acb7149a07d_r2c0.jpg,FP,29,-1,0.0,0,2420,0.0,27.89007277637895
TORDILHA-G_012_jpg.rf.5a71e85cb1442ba538dc7acb7149a07d_r2c0.jpg,FP,31,-1,0.0,0,912,0.0,10.510638996718018
TORDILHA-G_012_jpg.rf.5a71e85cb1442ba538dc7acb7149a07d_r2c0.jpg,FP,32,-1,0.0,0,6958,0.0,80.18972164382014
TORDILHA-G_012_jpg.rf.5a71e85cb1442ba538dc7acb7149a07d_r2c0.jpg,FP,33,-1,0.0,0,709,0.0,8.171099834071354
TORDILHA-G_012_jpg.rf.5a71e85cb1442ba538dc7acb7149a07d_r2c0.jpg,FP,34,-1,0.0,0,1345,0.0,15.500887555466813
TORDILHA-G_012_jpg.rf.5a71e85cb1442ba538dc7acb7149a07d_r2c0.jpg,FP,35,-1,0.0,0,1840,0.0,21.205675168817052
TORDILHA-G_012_jpg.rf.5a71e85cb1442ba538dc7acb7149a07d_r2c0.jpg,FP,38,-1,0.0,0,1113,0.0,12.827128512442055
TORDILHA-G_012_jpg.rf.5a71e85cb1442ba538dc7acb7149a07d_r2c0.jpg,FP,39,-1,0.0,0,2458,0.0,28.328016067908866
TORDILHA-G_012_jpg.rf.5a71e85cb1442ba538dc7acb7149a07d_r2c0.jpg,FN,-1,2,0.0,2791,0,32.1657822805263,0.0
TORDILHA-G_012_jpg.rf.5a71e85cb1442ba538dc7acb7149a07d_r2c0.jpg,FN,-1,3,0.0,1530,0,17.632979895809832,0.0
TORDILHA-G_012_jpg.rf.5a71e85cb1442ba538dc7acb7149a07d_r2c0.jpg,FN,-1,8,0.0,462,0,5.324468439126891,0.0
TORDILHA-G_012_jpg.rf.5a71e85cb1442ba538dc7acb7149a07d_r2c0.jpg,FN,-1,18,0.0,6504,0,74.95745179238375,0.0
TORDILHA-G_012_jpg.rf.5a71e85cb1442ba538dc7acb7149a07d_r2c0.jpg,FN,-1,20,0.0,4135,0,47.655145012531804,0.0
TORDILHA-G_012_jpg.rf.5a71e85cb1442ba538dc7acb7149a07d_r2c0.jpg,FN,-1,22,0.0,1356,0,15.627660613541263,0.0
TORDILHA-G_012_jpg.rf.5a71e85cb1442ba538dc7acb7149a07d_r2c0.jpg,FN,-1,23,0.0,4212,0,48.54255641905295,0.0
TORDILHA-G_012_jpg.rf.5a71e85cb1442ba538dc7acb7149a07d_r2c0.jpg,FN,-1,25,0.0,4684,0,53.98227309279298,0.0
TORDILHA-G_012_jpg.rf.5a71e85cb1442ba538dc7acb7149a07d_r2c0.jpg,FN,-1,29,0.0,4118,0,47.45922301368947,0.0
TORDILHA-G_012_jpg.rf.5a71e85cb1442ba538dc7acb7149a07d_r2c1.jpg,TP,9,4,0.911069816830369,7267,7131,83.75089209336605,82.1835161026274
TORDILHA-G_012_jpg.rf.5a71e85cb1442ba538dc7acb7149a07d_r2c1.jpg,TP,0,12,0.9022229940951719,5512,5441,63.52482691876065,62.70656445300738
TORDILHA-G_012_jpg.rf.5a71e85cb1442ba538dc7acb7149a07d_r2c1.jpg,TP,14,0,0.8823855755894591,12763,14381,147.0913218367457,165.7384861971511
TORDILHA-G_012_jpg.rf.5a71e85cb1442ba538dc7acb7149a07d_r2c1.jpg,TP,21,2,0.8820517869449641,9648,9468,111.19149675475377,109.11702853171731
TORDILHA-G_012_jpg.rf.5a71e85cb1442ba538dc7acb7149a07d_r2c1.jpg,TP,2,21,0.8740102468560782,7941,8153,91.51862310629143,93.9618856800899
TORDILHA-G_012_jpg.rf.5a71e85cb1442ba538dc7acb7149a07d_r2c1.jpg,TP,5,20,0.8640815778880988,6715,7178,77.38918954272093,82.72518280530913
TORDILHA-G_012_jpg.rf.5a71e85cb1442ba538dc7acb7149a07d_r2c1.jpg,TP,10,17,0.862366829830118,3311,3157,38.15869048040938,36.383867667367085
TORDILHA-G_012_jpg.rf.5a71e85cb1442ba538dc7acb7149a07d_r2c1.jpg,TP,33,9,0.8537817779883152,11663,11817,134.4140160293007,136.188838842343
TORDILHA-G_012_jpg.rf.5a71e85cb1442ba538dc7acb7149a07d_r2c1.jpg,TP,20,19,0.8515610036391495,4969,4698,57.26684777926736,54.143620621251365
TORDILHA-G_012_jpg.rf.5a71e85cb1442ba538dc7acb7149a07d_r2c1.jpg,TP,6,31,0.8457502623294858,4531,4264,52.218975103211996,49.141847239041255
TORDILHA-G_012_jpg.rf.5a71e85cb1442ba538dc7acb7149a07d_r2c1.jpg,TP,8,5,0.8355806872553284,4222,4218,48.65780465366608,48.61170535982083
TORDILHA-G_012_jpg.rf.5a71e85cb1442ba538dc7acb7149a07d_r2c1.jpg,TP,27,13,0.8354368932038835,3946,3616,45.47695337834353,41.67376163611004
TORDILHA-G_012_jpg.rf.5a71e85cb1442ba538dc7acb7149a07d_r2c1.jpg,TP,16,6,0.8340736495199885,6497,6303,74.87677802815456,72.64096227665972
TORDILHA-G_012_jpg.rf.5a71e85cb1442ba538dc7acb7149a07d_r2c1.jpg,TP,17,24,0.8335201793721974,3493,3049,40.25620835036846,35.139186733545216
TORDILHA-G_012_jpg.rf.5a71e85cb1442ba538dc7acb7149a07d_r2c1.jpg,TP,13,18,0.8087431693989071,2602,2363,29.987590646338028,27.233157839084075
TORDILHA-G_012_jpg.rf.5a71e85cb1442ba538dc7acb7149a07d_r2c1.jpg,TP,1,3,0.8066865671641791,8244,6887,95.01064461506945,79.37145917806687
TORDILHA-G_012_jpg.rf.5a71e85cb1442ba538dc7acb7149a07d_r2c1.jpg,TP,28,8,0.794682422451994,650,565,7.49113524985385,6.5115252556421925
TORDILHA-G_012_jpg.rf.5a71e85cb1442ba538dc7acb7149a07d_r2c1.jpg,TP,3,28,0.7930485539931016,3653,3105,42.10018010417864,35.78457684737878
TORDILHA-G_012_jpg.rf.5a71e85cb1442ba538dc7acb7149a07d_r2c1.jpg,TP,32,1,0.7690941385435168,1117,875,12.873227806287309,10.084220528649414
TORDILHA-G_012_jpg.rf.5a71e85cb1442ba538dc7acb7149a07d_r2c1.jpg,TP,22,16,0.7617176730079956,14102,11457,162.52306045144462,132.0399023962701
TORDILHA-G_012_jpg.rf.5a71e85cb1442ba538dc7acb7149a07d_r2c1.jpg,TP,4,11,0.7521638776687825,3433,2640,39.564718942689645,30.425533937867947
TORDILHA-G_012_jpg.rf.5a71e85cb1442ba538dc7acb7149a07d_r2c1.jpg,TP,29,14,0.7418419144307469,1225,1177,14.11790874010918,13.564717213966127
TORDILHA-G_012_jpg.rf.5a71e85cb1442ba538dc7acb7149a07d_r2c1.jpg,TP,12,25,0.737984496124031,3782,2944,43.5868823306881,33.929080270107285
TORDILHA-G_012_jpg.rf.5a71e85cb1442ba538dc7acb7149a07d_r2c1.jpg,TP,36,7,0.7355769230769231,1610,1278,18.554965772714922,14.7287243835588
TORDILHA-G_012_jpg.rf.5a71e85cb1442ba538dc7acb7149a07d_r2c1.jpg,TP,24,30,0.7154531946508172,1308,1001,15.07446908739821,11.53634828477493
TORDILHA-G_012_jpg.rf.5a71e85cb1442ba538dc7acb7149a07d_r2c1.jpg,TP,25,29,0.6510301109350237,3082,2127,35.51950590776856,24.51329950221406
TORDILHA-G_012_jpg.rf.5a71e85cb1442ba538dc7acb7149a07d_r2c1.jpg,TP,19,22,0.6447140381282496,5092,3449,58.684401065008934,39.74911611807066
TORDILHA-G_012_jpg.rf.5a71e85cb1442ba538dc7acb7149a07d_r2c1.jpg,TP,23,26,0.633149087605058,12991,8578,149.71898158592518,98.85993565114819
TORDILHA-G_012_jpg.rf.5a71e85cb1442ba538dc7acb7149a07d_r2c1.jpg,TP,7,15,0.5023712183156174,6061,3126,69.85195499902183,36.02659814006636
TORDILHA-G_012_jpg.rf.5a71e85cb1442ba538dc7acb7149a07d_r2c1.jpg,FP,11,-1,0.0,0,3238,0.0,37.31737836773349
TORDILHA-G_012_jpg.rf.5a71e85cb1442ba538dc7acb7149a07d_r2c1.jpg,FP,15,-1,0.0,0,4117,0.0,47.44769819022816
TORDILHA-G_012_jpg.rf.5a71e85cb1442ba538dc7acb7149a07d_r2c1.jpg,FP,18,-1,0.0,0,3138,0.0,36.164896021602125
TORDILHA-G_012_jpg.rf.5a71e85cb1442ba538dc7acb7149a07d_r2c1.jpg,FP,26,-1,0.0,0,4594,0.0,52.94503898127475
TORDILHA-G_012_jpg.rf.5a71e85cb1442ba538dc7acb7149a07d_r2c1.jpg,FP,30,-1,0.0,0,3213,0.0,37.02925778120065
TORDILHA-G_012_jpg.rf.5a71e85cb1442ba538dc7acb7149a07d_r2c1.jpg,FP,31,-1,0.0,0,2524,0.0,29.088654416355567
TORDILHA-G_012_jpg.rf.5a71e85cb1442ba538dc7acb7149a07d_r2c1.jpg,FP,34,-1,0.0,0,1039,0.0,11.974291576304847
TORDILHA-G_012_jpg.rf.5a71e85cb1442ba538dc7acb7149a07d_r2c1.jpg,FP,35,-1,0.0,0,3009,0.0,34.67819379509267
TORDILHA-G_012_jpg.rf.5a71e85cb1442ba538dc7acb7149a07d_r2c1.jpg,FP,37,-1,0.0,0,2226,0.0,25.65425702488411
TORDILHA-G_012_jpg.rf.5a71e85cb1442ba538dc7acb7149a07d_r2c1.jpg,FP,38,-1,0.0,0,3260,0.0,37.570924483882386
TORDILHA-G_012_jpg.rf.5a71e85cb1442ba538dc7acb7149a07d_r2c1.jpg,FP,39,-1,0.0,0,4841,0.0,55.791670376219216
TORDILHA-G_012_jpg.rf.5a71e85cb1442ba538dc7acb7149a07d_r2c1.jpg,FN,-1,10,0.0,12616,0,145.3971727879326,0.0
TORDILHA-G_012_jpg.rf.5a71e85cb1442ba538dc7acb7149a07d_r2c1.jpg,FN,-1,23,0.0,15559,0,179.31472823457855,0.0
TORDILHA-G_012_jpg.rf.5a71e85cb1442ba538dc7acb7149a07d_r2c1.jpg,FN,-1,27,0.0,766,0,8.82801477136623,0.0
TORDILHA-G_012_jpg.rf.5a71e85cb1442ba538dc7acb7149a07d_r2c2.jpg,TP,17,26,0.8968027273564912,10421,10165,120.10018529034919,117.1498304842529
TORDILHA-G_012_jpg.rf.5a71e85cb1442ba538dc7acb7149a07d_r2c2.jpg,TP,5,31,0.8660460558549731,9847,9196,113.48493662355517,105.98227655024002
TORDILHA-G_012_jpg.rf.5a71e85cb1442ba538dc7acb7149a07d_r2c2.jpg,TP,1,20,0.8551808332061651,13047,11267,150.36437169975875,129.8501859386205
TORDILHA-G_012_jpg.rf.5a71e85cb1442ba538dc7acb7149a07d_r2c2.jpg,TP,0,21,0.841602495369919,10039,8854,115.69770272812738,102.04078692647076
TORDILHA-G_012_jpg.rf.5a71e85cb1442ba538dc7acb7149a07d_r2c2.jpg,TP,30,24,0.8219478648153,27078,28557,312.0691696854501,329.11438358473293
TORDILHA-G_012_jpg.rf.5a71e85cb1442ba538dc7acb7149a07d_r2c2.jpg,TP,22,17,0.8171508011999707,12419,12416,143.1267825660538,143.09220809566986
TORDILHA-G_012_jpg.rf.5a71e85cb1442ba538dc7acb7149a07d_r2c2.jpg,TP,11,1,0.8101412066752246,7773,6328,89.58245276479073,72.92908286319256
TORDILHA-G_012_jpg.rf.5a71e85cb1442ba538dc7acb7149a07d_r2c2.jpg,TP,35,19,0.8100270336692061,6618,8112,76.27128166697351,93.48936791817606
TORDILHA-G_012_jpg.rf.5a71e85cb1442ba538dc7acb7149a07d_r2c2.jpg,TP,32,5,0.8053016453382084,966,1009,11.132979463628953,11.628546872465439
TORDILHA-G_012_jpg.rf.5a71e85cb1442ba538dc7acb7149a07d_r2c2.jpg,TP,25,6,0.800100263190876,7693,6670,88.66046688788565,76.87057248696182
TORDILHA-G_012_jpg.rf.5a71e85cb1442ba538dc7acb7149a07d_r2c2.jpg,TP,9,35,0.798896088312935,3901,3595,44.958336322584415,41.43174034342245
TORDILHA-G_012_jpg.rf.5a71e85cb1442ba538dc7acb7149a07d_r2c2.jpg,TP,23,14,0.7843097091356002,4334,4377,49.94858488133321,50.4441522901697
TORDILHA-G_012_jpg.rf.5a71e85cb1442ba538dc7acb7149a07d_r2c2.jpg,TP,20,23,0.7781569965870307,826,737,9.519504179045047,8.493794890988134
TORDILHA-G_012_jpg.rf.5a71e85cb1442ba538dc7acb7149a07d_r2c2.jpg,TP,24,12,0.7694967345370726,2483,2123,28.616136654441707,24.467200208368805
TORDILHA-G_012_jpg.rf.5a71e85cb1442ba538dc7acb7149a07d_r2c2.jpg,TP,3,4,0.7693670534287501,23270,27663,268.18264194476785,318.81119141031854
TORDILHA-G_012_jpg.rf.5a71e85cb1442ba538dc7acb7149a07d_r2c2.jpg,TP,4,33,0.7623973727422003,5685,5048,65.51862137756791,58.177308832711134
TORDILHA-G_012_jpg.rf.5a71e85cb1442ba538dc7acb7149a07d_r2c2.jpg,TP,8,0,0.7533366287691547,1694,1853,19.523050943465265,21.35549787381413
TORDILHA-G_012_jpg.rf.5a71e85cb1442ba538dc7acb7149a07d_r2c2.jpg,TP,2,10,0.7389483480688692,2081,1656,23.983157622993634,19.08510765193535
TORDILHA-G_012_jpg.rf.5a71e85cb1442ba538dc7acb7149a07d_r2c2.jpg,TP,7,15,0.7298956414978515,1608,1210,18.531916125792293,13.945036388189475
TORDILHA-G_012_jpg.rf.5a71e85cb1442ba538dc7acb7149a07d_r2c2.jpg,TP,6,9,0.7151260504201681,1185,856,13.656915801656634,9.865248882884455
TORDILHA-G_012_jpg.rf.5a71e85cb1442ba538dc7acb7149a07d_r2c2.jpg,TP,36,11,0.7141796585003712,1227,1082,14.140958387031807,12.469858985141332
TORDILHA-G_012_jpg.rf.5a71e85cb1442ba538dc7acb7149a07d_r2c2.jpg,TP,21,28,0.7114026236125126,915,781,10.54521346710196,9.000887123285933
TORDILHA-G_012_jpg.rf.5a71e85cb1442ba538dc7acb7149a07d_r2c2.jpg,TP,14,3,0.7097488921713442,2019,2611,23.268618568392192,30.09131405748985
TORDILHA-G_012_jpg.rf.5a71e85cb1442ba538dc7acb7149a07d_r2c2.jpg,TP,10,30,0.7049075844486934,1526,1149,17.586880601964577,13.242022157049345
TORDILHA-G_012_jpg.rf.5a71e85cb1442ba538dc7acb7149a07d_r2c2.jpg,TP,13,2,0.70154427986133,2678,2721,30.863477229397862,31.359044638234348
TORDILHA-G_012_jpg.rf.5a71e85cb1442ba538dc7acb7149a07d_r2c2.jpg,TP,34,18,0.677485380116959,3382,2355,38.97695294616265,27.140959251393564
TORDILHA-G_012_jpg.rf.5a71e85cb1442ba538dc7acb7149a07d_r2c2.jpg,TP,16,27,0.6591707659873507,1394,967,16.065603905071182,11.144504287090266
TORDILHA-G_012_jpg.rf.5a71e85cb1442ba538dc7acb7149a07d_r2c2.jpg,TP,12,32,0.5506775947415402,14830,23388,170.91313193128093,269.5425711132028
TORDILHA-G_012_jpg.rf.5a71e85cb1442ba538dc7acb7149a07d_r2c2.jpg,FP,15,-1,0.0,0,870,0.0,10.026596411342846
TORDILHA-G_012_jpg.rf.5a71e85cb1442ba538dc7acb7149a07d_r2c2.jpg,FP,18,-1,0.0,0,7552,0.0,87.03546677984042
TORDILHA-G_012_jpg.rf.5a71e85cb1442ba538dc7acb7149a07d_r2c2.jpg,FP,19,-1,0.0,0,985,0.0,11.351951109393912
TORDILHA-G_012_jpg.rf.5a71e85cb1442ba538dc7acb7149a07d_r2c2.jpg,FP,26,-1,0.0,0,22980,0.0,264.8404431409869
TORDILHA-G_012_jpg.rf.5a71e85cb1442ba538dc7acb7149a07d_r2c2.jpg,FP,27,-1,0.0,0,1446,0.0,16.66489472505949
TORDILHA-G_012_jpg.rf.5a71e85cb1442ba538dc7acb7149a07d_r2c2.jpg,FP,28,-1,0.0,0,44642,0.0,514.4911689599625
TORDILHA-G_012_jpg.rf.5a71e85cb1442ba538dc7acb7149a07d_r2c2.jpg,FP,29,-1,0.0,0,890,0.0,10.257092880569118
TORDILHA-G_012_jpg.rf.5a71e85cb1442ba538dc7acb7149a07d_r2c2.jpg,FP,31,-1,0.0,0,1819,0.0,20.963653876129467
TORDILHA-G_012_jpg.rf.5a71e85cb1442ba538dc7acb7149a07d_r2c2.jpg,FP,33,-1,0.0,0,1581,0.0,18.220745892336826
TORDILHA-G_012_jpg.rf.5a71e85cb1442ba538dc7acb7149a07d_r2c2.jpg,FN,-1,7,0.0,12167,0,140.22252705380276,0.0
TORDILHA-G_012_jpg.rf.5a71e85cb1442ba538dc7acb7149a07d_r2c2.jpg,FN,-1,8,0.0,3484,0,40.152484939216635,0.0
TORDILHA-G_012_jpg.rf.5a71e85cb1442ba538dc7acb7149a07d_r2c2.jpg,FN,-1,13,0.0,2435,0,28.062945128298654,0.0
TORDILHA-G_012_jpg.rf.5a71e85cb1442ba538dc7acb7149a07d_r2c2.jpg,FN,-1,16,0.0,2377,0,27.394505367542465,0.0
TORDILHA-G_012_jpg.rf.5a71e85cb1442ba538dc7acb7149a07d_r2c2.jpg,FN,-1,22,0.0,877,0,10.10727017557204,0.0
TORDILHA-G_012_jpg.rf.5a71e85cb1442ba538dc7acb7149a07d_r2c2.jpg,FN,-1,25,0.0,855,0,9.853724059423142,0.0
TORDILHA-G_012_jpg.rf.5a71e85cb1442ba538dc7acb7149a07d_r2c2.jpg,FN,-1,29,0.0,1002,0,11.547873108236242,0.0
TORDILHA-G_012_jpg.rf.5a71e85cb1442ba538dc7acb7149a07d_r2c2.jpg,FN,-1,34,0.0,2568,0,29.595746648653364,0.0
TORDILHA-G_012_jpg.rf.5a71e85cb1442ba538dc7acb7149a07d_r2c2.jpg,FN,-1,36,0.0,4066,0,46.85993219370116,0.0
TOSTADA-B_004_jpg.rf.25c22e0051034e43662e42875d5b085f_r0c0.jpg,TP,3,0,0.8009383378016086,3855,4206,44.42819444336399,48.47340747828507
TOSTADA-B_004_jpg.rf.25c22e0051034e43662e42875d5b085f_r0c0.jpg,TP,0,4,0.7763912310286678,2883,2384,33.226066038967154,27.47517913177166
TOSTADA-B_004_jpg.rf.25c22e0051034e43662e42875d5b085f_r0c0.jpg,TP,2,2,0.718970326605021,44485,33778,512.6817716765362,389.2854868762513
TOSTADA-B_004_jpg.rf.25c22e0051034e43662e42875d5b085f_r0c0.jpg,TP,4,3,0.7045546150745667,2479,1750,28.570037360596455,20.16844105729883
TOSTADA-B_004_jpg.rf.25c22e0051034e43662e42875d5b085f_r0c0.jpg,TP,5,1,0.69305881219285,58410,47010,673.1649383753283,541.781950916353
TOSTADA-B_004_jpg.rf.25c22e0051034e43662e42875d5b085f_r0c0.jpg,FP,1,-1,0.0,0,9225,0.0,106.3164964306181
TOSTADA-B_004_jpg.rf.25c22e0051034e43662e42875d5b085f_r0c0.jpg,FN,-1,5,0.0,19606,0,225.95568878251476,0.0
TOSTADA-B_004_jpg.rf.25c22e0051034e43662e42875d5b085f_r0c1.jpg,TP,3,15,0.8584368288355588,9542,10360,109.96986546785452,119.39717105920906
TOSTADA-B_004_jpg.rf.25c22e0051034e43662e42875d5b085f_r0c1.jpg,TP,5,3,0.857415151773776,33999,31291,391.8324728612016,360.62325092796436
TOSTADA-B_004_jpg.rf.25c22e0051034e43662e42875d5b085f_r0c1.jpg,TP,0,14,0.8424649983463786,8710,8003,100.3812123480416,92.23316216089287
TOSTADA-B_004_jpg.rf.25c22e0051034e43662e42875d5b085f_r0c1.jpg,TP,20,16,0.8409015210391917,8437,8144,97.23493554310298,93.85816226893809
TOSTADA-B_004_jpg.rf.25c22e0051034e43662e42875d5b085f_r0c1.jpg,TP,10,17,0.8211452224905139,10742,10376,123.79965362143086,119.58156823459008
TOSTADA-B_004_jpg.rf.25c22e0051034e43662e42875d5b085f_r0c1.jpg,TP,1,1,0.796622691292876,9170,7853,105.68263114024586,90.50443864169583
TOSTADA-B_004_jpg.rf.25c22e0051034e43662e42875d5b085f_r0c1.jpg,TP,8,13,0.7582976754943911,7912,7292,91.18440322591333,84.03901267989889
TOSTADA-B_004_jpg.rf.25c22e0051034e43662e42875d5b085f_r0c1.jpg,TP,2,24,0.7412617220801364,1896,2189,21.851065282650616,25.227838556815506
TOSTADA-B_004_jpg.rf.25c22e0051034e43662e42875d5b085f_r0c1.jpg,TP,14,20,0.7259706836746112,16638,14212,191.75001274933595,163.7907910321891
TOSTADA-B_004_jpg.rf.25c22e0051034e43662e42875d5b085f_r0c1.jpg,TP,7,10,0.7026787155075036,12001,9102,138.3094063592247,104.89894314487653
TOSTADA-B_004_jpg.rf.25c22e0051034e43662e42875d5b085f_r0c1.jpg,TP,6,12,0.6979107204018724,8686,6186,100.10461658497006,71.29255793168603
TOSTADA-B_004_jpg.rf.25c22e0051034e43662e42875d5b085f_r0c1.jpg,TP,9,19,0.5708712613784135,35531,22453,409.4885024039341,258.7668611768746
TOSTADA-B_004_jpg.rf.25c22e0051034e43662e42875d5b085f_r0c1.jpg,TP,12,0,0.5363586659376709,1748,1062,20.1453914103762,12.23936251591506
TOSTADA-B_004_jpg.rf.25c22e0051034e43662e42875d5b085f_r0c1.jpg,FP,4,-1,0.0,0,12814,0.0,147.67908783327266
TOSTADA-B_004_jpg.rf.25c22e0051034e43662e42875d5b085f_r0c1.jpg,FP,11,-1,0.0,0,4666,0.0,53.77482627048933
TOSTADA-B_004_jpg.rf.25c22e0051034e43662e42875d5b085f_r0c1.jpg,FP,13,-1,0.0,0,6434,0.0,74.1507141500918
TOSTADA-B_004_jpg.rf.25c22e0051034e43662e42875d5b085f_r0c1.jpg,FP,15,-1,0.0,0,6661,0.0,76.76684907581
TOSTADA-B_004_jpg.rf.25c22e0051034e43662e42875d5b085f_r0c1.jpg,FP,16,-1,0.0,0,10174,0.0,117.25355389540472
TOSTADA-B_004_jpg.rf.25c22e0051034e43662e42875d5b085f_r0c1.jpg,FP,17,-1,0.0,0,8381,0.0,96.5895454292694
TOSTADA-B_004_jpg.rf.25c22e0051034e43662e42875d5b085f_r0c1.jpg,FP,18,-1,0.0,0,7781,0.0,89.67465135248125
TOSTADA-B_004_jpg.rf.25c22e0051034e43662e42875d5b085f_r0c1.jpg,FP,19,-1,0.0,0,4883,0.0,56.27571296159439
TOSTADA-B_004_jpg.rf.25c22e0051034e43662e42875d5b085f_r0c1.jpg,FN,-1,2,0.0,37689,0,434.3590714334489,0.0
TOSTADA-B_004_jpg.rf.25c22e0051034e43662e42875d5b085f_r0c1.jpg,FN,-1,4,0.0,45393,0,523.146311379409,0.0
TOSTADA-B_004_jpg.rf.25c22e0051034e43662e42875d5b085f_r0c1.jpg,FN,-1,5,0.0,12192,0,140.5106476403356,0.0
TOSTADA-B_004_jpg.rf.25c22e0051034e43662e42875d5b085f_r0c1.jpg,FN,-1,6,0.0,7075,0,81.53812598879384,0.0
TOSTADA-B_004_jpg.rf.25c22e0051034e43662e42875d5b085f_r0c1.jpg,FN,-1,7,0.0,35985,0,414.7207722553705,0.0
TOSTADA-B_004_jpg.rf.25c22e0051034e43662e42875d5b085f_r0c1.jpg,FN,-1,8,0.0,87239,0,1005.4140739415385,0.0
TOSTADA-B_004_jpg.rf.25c22e0051034e43662e42875d5b085f_r0c1.jpg,FN,-1,9,0.0,5784,0,66.65957890023796,0.0
TOSTADA-B_004_jpg.rf.25c22e0051034e43662e42875d5b085f_r0c1.jpg,FN,-1,11,0.0,8088,0,93.21277215510453,0.0
TOSTADA-B_004_jpg.rf.25c22e0051034e43662e42875d5b085f_r0c1.jpg,FN,-1,18,0.0,30905,0,356.1746690718973,0.0
TOSTADA-B_004_jpg.rf.25c22e0051034e43662e42875d5b085f_r0c1.jpg,FN,-1,21,0.0,15763,0,181.6657922206865,0.0
TOSTADA-B_004_jpg.rf.25c22e0051034e43662e42875d5b085f_r0c1.jpg,FN,-1,22,0.0,2116,0,24.386526444139612,0.0
TOSTADA-B_004_jpg.rf.25c22e0051034e43662e42875d5b085f_r0c1.jpg,FN,-1,23,0.0,1703,0,19.626774354617087,0.0
TOSTADA-B_004_jpg.rf.25c22e0051034e43662e42875d5b085f_r0c2.jpg,TP,6,6,0.8574009654019362,33872,35006,390.3688202816148,403.43797008674443
TOSTADA-B_004_jpg.rf.25c22e0051034e43662e42875d5b085f_r0c2.jpg,TP,4,2,0.8390418305327136,12222,13497,140.85639234417502,155.55054225734986
TOSTADA-B_004_jpg.rf.25c22e0051034e43662e42875d5b085f_r0c2.jpg,TP,3,12,0.7508896797153025,7633,6635,87.96897748020683,76.46720366581584
TOSTADA-B_004_jpg.rf.25c22e0051034e43662e42875d5b085f_r0c2.jpg,TP,1,0,0.7267610038308185,12372,9715,142.58511586337207,111.96365992666178
TOSTADA-B_004_jpg.rf.25c22e0051034e43662e42875d5b085f_r0c2.jpg,TP,7,11,0.7135380418139807,27142,34410,312.80675838697414,396.5691753038015
TOSTADA-B_004_jpg.rf.25c22e0051034e43662e42875d5b085f_r0c2.jpg,TP,0,3,0.6993416239941478,4830,6785,55.66489731814477,78.19592718501288
TOSTADA-B_004_jpg.rf.25c22e0051034e43662e42875d5b085f_r0c2.jpg,TP,2,1,0.6627629063097514,8281,5633,95.43706308313806,64.9193305575796
TOSTADA-B_004_jpg.rf.25c22e0051034e43662e42875d5b085f_r0c2.jpg,FP,5,-1,0.0,0,5129,0.0,59.11081953307754
TOSTADA-B_004_jpg.rf.25c22e0051034e43662e42875d5b085f_r0c2.jpg,FP,8,-1,0.0,0,1598,0.0,18.41666789117916
TOSTADA-B_004_jpg.rf.25c22e0051034e43662e42875d5b085f_r0c2.jpg,FP,9,-1,0.0,0,10702,0.0,123.33866068297831
TOSTADA-B_004_jpg.rf.25c22e0051034e43662e42875d5b085f_r0c2.jpg,FP,10,-1,0.0,0,52881,0.0,609.4441894577253
TOSTADA-B_004_jpg.rf.25c22e0051034e43662e42875d5b085f_r0c2.jpg,FP,11,-1,0.0,0,1671,0.0,19.257980003855053
TOSTADA-B_004_jpg.rf.25c22e0051034e43662e42875d5b085f_r0c2.jpg,FN,-1,4,0.0,6806,0,78.43794847770047,0.0
TOSTADA-B_004_jpg.rf.25c22e0051034e43662e42875d5b085f_r0c2.jpg,FN,-1,5,0.0,2956,0,34.06737815164305,0.0
TOSTADA-B_004_jpg.rf.25c22e0051034e43662e42875d5b085f_r0c2.jpg,FN,-1,7,0.0,9288,0,107.04256030868086,0.0
TOSTADA-B_004_jpg.rf.25c22e0051034e43662e42875d5b085f_r0c2.jpg,FN,-1,8,0.0,12299,0,141.74380375069617,0.0
TOSTADA-B_004_jpg.rf.25c22e0051034e43662e42875d5b085f_r0c2.jpg,FN,-1,9,0.0,6603,0,76.0984093150538,0.0
TOSTADA-B_004_jpg.rf.25c22e0051034e43662e42875d5b085f_r0c2.jpg,FN,-1,10,0.0,19665,0,226.63565336673224,0.0
TOSTADA-B_004_jpg.rf.25c22e0051034e43662e42875d5b085f_r1c0.jpg,FP,0,-1,0.0,0,10504,0.0,121.05674563763822
TOSTADA-B_004_jpg.rf.25c22e0051034e43662e42875d5b085f_r1c0.jpg,FP,1,-1,0.0,0,36425,0.0,419.7916945783485
TOSTADA-B_004_jpg.rf.25c22e0051034e43662e42875d5b085f_r1c0.jpg,FN,-1,0,0.0,97920,0,1128.5107133318293,0.0
TOSTADA-B_004_jpg.rf.25c22e0051034e43662e42875d5b085f_r1c1.jpg,TP,1,3,0.7799076535609346,6887,5834,79.37145917806687,67.23582007330363
TOSTADA-B_004_jpg.rf.25c22e0051034e43662e42875d5b085f_r1c1.jpg,TP,0,8,0.7751575523480382,14636,11560,168.6773161797861,133.2269592127854
TOSTADA-B_004_jpg.rf.25c22e0051034e43662e42875d5b085f_r1c1.jpg,TP,2,10,0.7529880478087649,5985,5015,68.97606841596199,57.79698965848778
TOSTADA-B_004_jpg.rf.25c22e0051034e43662e42875d5b085f_r1c1.jpg,TP,7,4,0.7251106194690266,1704,1415,19.6382991780784,16.307625197758767
TOSTADA-B_004_jpg.rf.25c22e0051034e43662e42875d5b085f_r1c1.jpg,TP,3,11,0.6919698271746395,7247,10473,83.52039562413978,120.6994761103375
TOSTADA-B_004_jpg.rf.25c22e0051034e43662e42875d5b085f_r1c1.jpg,TP,6,5,0.6891433689463247,15026,11377,173.1719973296984,131.117916519365
TOSTADA-B_004_jpg.rf.25c22e0051034e43662e42875d5b085f_r1c1.jpg,FP,4,-1,0.0,0,2463,0.0,28.385640185215436
TOSTADA-B_004_jpg.rf.25c22e0051034e43662e42875d5b085f_r1c1.jpg,FP,5,-1,0.0,0,2745,0.0,31.635640401305874
TOSTADA-B_004_jpg.rf.25c22e0051034e43662e42875d5b085f_r1c1.jpg,FP,8,-1,0.0,0,7450,0.0,85.85993478678644
TOSTADA-B_004_jpg.rf.25c22e0051034e43662e42875d5b085f_r1c1.jpg,FP,9,-1,0.0,0,7894,0.0,90.97695640360968
TOSTADA-B_004_jpg.rf.25c22e0051034e43662e42875d5b085f_r1c1.jpg,FP,10,-1,0.0,0,17148,0.0,197.6276727146059
TOSTADA-B_004_jpg.rf.25c22e0051034e43662e42875d5b085f_r1c1.jpg,FP,11,-1,0.0,0,4889,0.0,56.34486190236227
TOSTADA-B_004_jpg.rf.25c22e0051034e43662e42875d5b085f_r1c1.jpg,FN,-1,0,0.0,27241,0,313.9477159096442,0.0
TOSTADA-B_004_jpg.rf.25c22e0051034e43662e42875d5b085f_r1c1.jpg,FN,-1,1,0.0,93092,0,1072.868865660607,0.0
TOSTADA-B_004_jpg.rf.25c22e0051034e43662e42875d5b085f_r1c1.jpg,FN,-1,2,0.0,1459,0,16.814717430056564,0.0
TOSTADA-B_004_jpg.rf.25c22e0051034e43662e42875d5b085f_r1c1.jpg,FN,-1,6,0.0,3471,0,40.002662234219564,0.0
TOSTADA-B_004_jpg.rf.25c22e0051034e43662e42875d5b085f_r1c1.jpg,FN,-1,7,0.0,15534,0,179.0266076480457,0.0
TOSTADA-B_004_jpg.rf.25c22e0051034e43662e42875d5b085f_r1c1.jpg,FN,-1,9,0.0,775,0,8.931738182518052,0.0
TOSTADA-B_004_jpg.rf.25c22e0051034e43662e42875d5b085f_r1c2.jpg,TP,7,6,0.8644043997191668,19994,19839,230.42732028550444,228.64097264900082
TOSTADA-B_004_jpg.rf.25c22e0051034e43662e42875d5b085f_r1c2.jpg,TP,1,4,0.849802371541502,7627,7349,87.89982853943894,84.69592761719376
TOSTADA-B_004_jpg.rf.25c22e0051034e43662e42875d5b085f_r1c2.jpg,TP,3,5,0.8339064290924247,26146,26654,301.3280342195058,307.1826445378531
TOSTADA-B_004_jpg.rf.25c22e0051034e43662e42875d5b085f_r1c2.jpg,TP,8,3,0.8204195804195804,3027,3481,34.88564061739631,40.1179104688327
TOSTADA-B_004_jpg.rf.25c22e0051034e43662e42875d5b085f_r1c2.jpg,TP,0,0,0.8017937219730942,5397,4648,62.19947222070959,53.56737944818568
TOSTADA-B_004_jpg.rf.25c22e0051034e43662e42875d5b085f_r1c2.jpg,TP,2,16,0.7578587142507944,15623,20334,180.0523169361026,234.34576026235106
TOSTADA-B_004_jpg.rf.25c22e0051034e43662e42875d5b085f_r1c2.jpg,TP,4,12,0.7229065571730745,6344,7503,73.11348003857358,86.47075043023607
TOSTADA-B_004_jpg.rf.25c22e0051034e43662e42875d5b085f_r1c2.jpg,TP,9,1,0.7176901924839597,10766,13596,124.07624938450239,156.6914997800199
TOSTADA-B_004_jpg.rf.25c22e0051034e43662e42875d5b085f_r1c2.jpg,TP,6,11,0.5937401698647373,5677,4456,65.42642278987739,51.35461334361347
TOSTADA-B_004_jpg.rf.25c22e0051034e43662e42875d5b085f_r1c2.jpg,FP,5,-1,0.0,0,33496,0.0,386.03548666016087
TOSTADA-B_004_jpg.rf.25c22e0051034e43662e42875d5b085f_r1c2.jpg,FP,10,-1,0.0,0,9149,0.0,105.44060984755826
TOSTADA-B_004_jpg.rf.25c22e0051034e43662e42875d5b085f_r1c2.jpg,FN,-1,2,0.0,9723,0,112.05585851435228,0.0
TOSTADA-B_004_jpg.rf.25c22e0051034e43662e42875d5b085f_r1c2.jpg,FN,-1,7,0.0,11656,0,134.3333422650715,0.0
TOSTADA-B_004_jpg.rf.25c22e0051034e43662e42875d5b085f_r1c2.jpg,FN,-1,8,0.0,5593,0,64.45833761912705,0.0
TOSTADA-B_004_jpg.rf.25c22e0051034e43662e42875d5b085f_r1c2.jpg,FN,-1,9,0.0,43311,0,499.151628932954,0.0
TOSTADA-B_004_jpg.rf.25c22e0051034e43662e42875d5b085f_r1c2.jpg,FN,-1,10,0.0,10079,0,116.15869566657993,0.0
TOSTADA-B_004_jpg.rf.25c22e0051034e43662e42875d5b085f_r1c2.jpg,FN,-1,13,0.0,21354,0,246.10108019289095,0.0
TOSTADA-B_004_jpg.rf.25c22e0051034e43662e42875d5b085f_r1c2.jpg,FN,-1,14,0.0,8182,0,94.296105560468,0.0
TOSTADA-B_004_jpg.rf.25c22e0051034e43662e42875d5b085f_r1c2.jpg,FN,-1,15,0.0,11165,0,128.67465394556652,0.0
TOSTADA-B_004_jpg.rf.25c22e0051034e43662e42875d5b085f_r2c0.jpg,TP,3,5,0.8609168609168609,15201,13539,175.1888414354283,156.03458484272505
TOSTADA-B_004_jpg.rf.25c22e0051034e43662e42875d5b085f_r2c0.jpg,TP,4,2,0.860414068346221,18302,18990,210.9273189889618,218.85639753034556
TOSTADA-B_004_jpg.rf.25c22e0051034e43662e42875d5b085f_r2c0.jpg,TP,1,3,0.8369804956104312,42820,42133,493.49294061344904,485.57538689552655
TOSTADA-B_004_jpg.rf.25c22e0051034e43662e42875d5b085f_r2c0.jpg,TP,0,0,0.8181346381969158,40433,33136,465.9831870112934,381.88655021408795
TOSTADA-B_004_jpg.rf.25c22e0051034e43662e42875d5b085f_r2c0.jpg,TP,6,1,0.5677011307248028,48824,28263,562.6879806751759,325.72608548710673
TOSTADA-B_004_jpg.rf.25c22e0051034e43662e42875d5b085f_r2c0.jpg,TP,5,6,0.5408987414900486,82258,53771,948.0089282807354,619.7012823382944
TOSTADA-B_004_jpg.rf.25c22e0051034e43662e42875d5b085f_r2c0.jpg,FP,2,-1,0.0,0,6573,0.0,75.7526646112144
TOSTADA-B_004_jpg.rf.25c22e0051034e43662e42875d5b085f_r2c0.jpg,FN,-1,4,0.0,15286,0,176.16845142963993,0.0
TOSTADA-B_004_jpg.rf.25c22e0051034e43662e42875d5b085f_r2c1.jpg,TP,6,26,0.8974442454826632,6103,5553,70.33599758439699,63.99734468067451
TOSTADA-B_004_jpg.rf.25c22e0051034e43662e42875d5b085f_r2c1.jpg,TP,2,0,0.8891976145296828,14388,13489,165.8191599613803,155.45834366965937
TOSTADA-B_004_jpg.rf.25c22e0051034e43662e42875d5b085f_r2c1.jpg,TP,9,24,0.8188553909044456,3630,3489,41.83510916456842,40.21010905652321
TOSTADA-B_004_jpg.rf.25c22e0051034e43662e42875d5b085f_r2c1.jpg,TP,4,22,0.8051863857374392,5469,5669,63.02925950992417,65.33422420218689
TOSTADA-B_004_jpg.rf.25c22e0051034e43662e42875d5b085f_r2c1.jpg,TP,5,21,0.7973206962544427,9103,10619,104.91046796833784,122.38210033568929
TOSTADA-B_004_jpg.rf.25c22e0051034e43662e42875d5b085f_r2c1.jpg,TP,11,12,0.7919036467045835,2940,2416,33.88298097626203,27.843973482533695
TOSTADA-B_004_jpg.rf.25c22e0051034e43662e42875d5b085f_r2c1.jpg,TP,12,1,0.7762737836802451,7579,6331,87.34663701329589,72.9636573335765
TOSTADA-B_004_jpg.rf.25c22e0051034e43662e42875d5b085f_r2c1.jpg,TP,7,11,0.7601442741208295,7629,6035,87.92287818636157,69.55230958902767
TOSTADA-B_004_jpg.rf.25c22e0051034e43662e42875d5b085f_r2c1.jpg,TP,20,2,0.7496984318455971,11561,8746,133.23848403624672,100.79610599264889
TOSTADA-B_004_jpg.rf.25c22e0051034e43662e42875d5b085f_r2c1.jpg,TP,8,10,0.7330455368333101,6783,5662,78.17287753809026,65.2535504379577
TOSTADA-B_004_jpg.rf.25c22e0051034e43662e42875d5b085f_r2c1.jpg,TP,1,9,0.6757616337462337,4757,5254,54.82358520546887,60.55142246574174
TOSTADA-B_004_jpg.rf.25c22e0051034e43662e42875d5b085f_r2c1.jpg,TP,13,4,0.6398455101383972,3107,1988,35.8076264943014,22.91134904109147
TOSTADA-B_004_jpg.rf.25c22e0051034e43662e42875d5b085f_r2c1.jpg,TP,3,15,0.6168730370744738,17088,27701,196.93618330692706,319.24913470184845
TOSTADA-B_004_jpg.rf.25c22e0051034e43662e42875d5b085f_r2c1.jpg,TP,14,5,0.5706256457761785,111197,65134,1281.5257944276902,750.6578513292011
TOSTADA-B_004_jpg.rf.25c22e0051034e43662e42875d5b085f_r2c1.jpg,TP,15,3,0.5184381778741866,1336,764,15.39716414431499,8.804965124443603
TOSTADA-B_004_jpg.rf.25c22e0051034e43662e42875d5b085f_r2c1.jpg,FP,0,-1,0.0,0,27409,0.0,315.8838862511449
TOSTADA-B_004_jpg.rf.25c22e0051034e43662e42875d5b085f_r2c1.jpg,FP,10,-1,0.0,0,6322,0.0,72.85993392242467
TOSTADA-B_004_jpg.rf.25c22e0051034e43662e42875d5b085f_r2c1.jpg,FP,16,-1,0.0,0,12135,0.0,139.85373270304072
TOSTADA-B_004_jpg.rf.25c22e0051034e43662e42875d5b085f_r2c1.jpg,FP,17,-1,0.0,0,3757,0.0,43.29876174415526
TOSTADA-B_004_jpg.rf.25c22e0051034e43662e42875d5b085f_r2c1.jpg,FP,18,-1,0.0,0,16895,0.0,194.71189237889354
TOSTADA-B_004_jpg.rf.25c22e0051034e43662e42875d5b085f_r2c1.jpg,FP,19,-1,0.0,0,6899,0.0,79.50975705960263
TOSTADA-B_004_jpg.rf.25c22e0051034e43662e42875d5b085f_r2c1.jpg,FN,-1,6,0.0,2287,0,26.35727125602424,0.0
TOSTADA-B_004_jpg.rf.25c22e0051034e43662e42875d5b085f_r2c1.jpg,FN,-1,7,0.0,1474,0,16.98758978197627,0.0
TOSTADA-B_004_jpg.rf.25c22e0051034e43662e42875d5b085f_r2c1.jpg,FN,-1,8,0.0,7257,0,83.63564385875291,0.0
TOSTADA-B_004_jpg.rf.25c22e0051034e43662e42875d5b085f_r2c1.jpg,FN,-1,13,0.0,2324,0,26.78368972409284,0.0
TOSTADA-B_004_jpg.rf.25c22e0051034e43662e42875d5b085f_r2c1.jpg,FN,-1,14,0.0,4485,0,51.688833223991566,0.0
TOSTADA-B_004_jpg.rf.25c22e0051034e43662e42875d5b085f_r2c1.jpg,FN,-1,16,0.0,1824,0,21.021277993436037,0.0
TOSTADA-B_004_jpg.rf.25c22e0051034e43662e42875d5b085f_r2c1.jpg,FN,-1,17,0.0,17140,0,197.53547412691537,0.0
TOSTADA-B_004_jpg.rf.25c22e0051034e43662e42875d5b085f_r2c1.jpg,FN,-1,18,0.0,8561,0,98.66401365230587,0.0
TOSTADA-B_004_jpg.rf.25c22e0051034e43662e42875d5b085f_r2c1.jpg,FN,-1,19,0.0,7613,0,87.73848101098055,0.0
TOSTADA-B_004_jpg.rf.25c22e0051034e43662e42875d5b085f_r2c1.jpg,FN,-1,20,0.0,9446,0,108.86348241556841,0.0
TOSTADA-B_004_jpg.rf.25c22e0051034e43662e42875d5b085f_r2c1.jpg,FN,-1,23,0.0,5341,0,61.554082106876024,0.0
TOSTADA-B_004_jpg.rf.25c22e0051034e43662e42875d5b085f_r2c1.jpg,FN,-1,25,0.0,25648,0,295.5886721357716,0.0
TOSTADA-B_004_jpg.rf.25c22e0051034e43662e42875d5b085f_r2c1.jpg,FN,-1,27,0.0,6232,0,71.82269981090646,0.0
TOSTADA-B_004_jpg.rf.25c22e0051034e43662e42875d5b085f_r2c1.jpg,FN,-1,28,0.0,2879,0,33.1799667451219,0.0
TOSTADA-B_004_jpg.rf.25c22e0051034e43662e42875d5b085f_r2c1.jpg,FN,-1,29,0.0,1715,0,19.76507223615285,0.0
TOSTADA-B_004_jpg.rf.25c22e0051034e43662e42875d5b085f_r2c1.jpg,FN,-1,30,0.0,5143,0,59.272167061535924,0.0
TOSTADA-B_004_jpg.rf.25c22e0051034e43662e42875d5b085f_r2c1.jpg,FN,-1,31,0.0,1963,0,22.623228454558628,0.0
TOSTADA-B_004_jpg.rf.25c22e0051034e43662e42875d5b085f_r2c2.jpg,TP,1,4,0.8495547407019381,18299,17009,210.89274451857784,196.02572225348328
TOSTADA-B_004_jpg.rf.25c22e0051034e43662e42875d5b085f_r2c2.jpg,TP,0,16,0.8090153172866521,11193,9475,128.9973490024833,109.19770229594651
TOSTADA-B_004_jpg.rf.25c22e0051034e43662e42875d5b085f_r2c2.jpg,TP,3,10,0.8040402318445278,10333,10832,119.08600082575359,124.83688773294908
TOSTADA-B_004_jpg.rf.25c22e0051034e43662e42875d5b085f_r2c2.jpg,FP,2,-1,0.0,0,20079,0.0,231.40693027971608
TOSTADA-B_004_jpg.rf.25c22e0051034e43662e42875d5b085f_r2c2.jpg,FP,4,-1,0.0,0,14703,0.0,169.4494793516941
TOSTADA-B_004_jpg.rf.25c22e0051034e43662e42875d5b085f_r2c2.jpg,FP,5,-1,0.0,0,8050,0.0,92.77482886357461
TOSTADA-B_004_jpg.rf.25c22e0051034e43662e42875d5b085f_r2c2.jpg,FP,6,-1,0.0,0,6538,0.0,75.34929579006842
TOSTADA-B_004_jpg.rf.25c22e0051034e43662e42875d5b085f_r2c2.jpg,FP,7,-1,0.0,0,2477,0.0,28.546987713673825
TOSTADA-B_004_jpg.rf.25c22e0051034e43662e42875d5b085f_r2c2.jpg,FP,8,-1,0.0,0,3094,0.0,35.657803789304324
TOSTADA-B_004_jpg.rf.25c22e0051034e43662e42875d5b085f_r2c2.jpg,FN,-1,0,0.0,17551,0,202.27217656951527,0.0
TOSTADA-B_004_jpg.rf.25c22e0051034e43662e42875d5b085f_r2c2.jpg,FN,-1,1,0.0,6394,0,73.68972121163925,0.0
TOSTADA-B_004_jpg.rf.25c22e0051034e43662e42875d5b085f_r2c2.jpg,FN,-1,2,0.0,13375,0,154.1445137950696,0.0
TOSTADA-B_004_jpg.rf.25c22e0051034e43662e42875d5b085f_r2c2.jpg,FN,-1,3,0.0,73662,0,848.9415458072835,0.0
TOSTADA-B_004_jpg.rf.25c22e0051034e43662e42875d5b085f_r2c2.jpg,FN,-1,5,0.0,13769,0,158.68529423882717,0.0
TOSTADA-B_004_jpg.rf.25c22e0051034e43662e42875d5b085f_r2c2.jpg,FN,-1,6,0.0,9352,0,107.78014901020494,0.0
TOSTADA-B_004_jpg.rf.25c22e0051034e43662e42875d5b085f_r2c2.jpg,FN,-1,7,0.0,22920,0,264.1489537333081,0.0
TOSTADA-B_004_jpg.rf.25c22e0051034e43662e42875d5b085f_r2c2.jpg,FN,-1,8,0.0,10384,0,119.67376682228058,0.0
TOSTADA-B_004_jpg.rf.25c22e0051034e43662e42875d5b085f_r2c2.jpg,FN,-1,9,0.0,22149,0,255.2633148446353,0.0
TOSTADA-B_004_jpg.rf.25c22e0051034e43662e42875d5b085f_r2c2.jpg,FN,-1,11,0.0,4918,0,56.67908178274036,0.0
TOSTADA-B_004_jpg.rf.25c22e0051034e43662e42875d5b085f_r2c2.jpg,FN,-1,12,0.0,2040,0,23.510639861079778,0.0
TOSTADA-B_004_jpg.rf.25c22e0051034e43662e42875d5b085f_r2c2.jpg,FN,-1,13,0.0,1688,0,19.453902002697383,0.0
TOSTADA-B_004_jpg.rf.25c22e0051034e43662e42875d5b085f_r2c2.jpg,FN,-1,14,0.0,4444,0,51.21631546207771,0.0
TOSTADA-B_004_jpg.rf.25c22e0051034e43662e42875d5b085f_r2c2.jpg,FN,-1,15,0.0,1256,0,14.475178267409902,0.0
TOSTADA-B_011_jpg.rf.e52fc7a5f2ca4041d6a049b2f927f63d_r0c0.jpg,TP,7,23,0.8876286103880004,15403,15052,177.51685577461362,173.47164273969256
TOSTADA-B_011_jpg.rf.e52fc7a5f2ca4041d6a049b2f927f63d_r0c0.jpg,TP,5,1,0.8813688212927757,12956,11784,149.31561276477922,135.80851966811966
TOSTADA-B_011_jpg.rf.e52fc7a5f2ca4041d6a049b2f927f63d_r0c0.jpg,TP,0,0,0.8559232492286886,21783,22130,251.0452294577945,255.0443431988703
TOSTADA-B_011_jpg.rf.e52fc7a5f2ca4041d6a049b2f927f63d_r0c0.jpg,TP,16,28,0.8537051454455375,38822,39751,447.4166964151172,458.1232574106775
TOSTADA-B_011_jpg.rf.e52fc7a5f2ca4041d6a049b2f927f63d_r0c0.jpg,TP,8,19,0.8503010399562124,3160,3601,36.41844213775103,41.50088928419033
TOSTADA-B_011_jpg.rf.e52fc7a5f2ca4041d6a049b2f927f63d_r0c0.jpg,TP,6,27,0.8481040564373897,3999,4384,46.08776902179315,50.52482605439889
TOSTADA-B_011_jpg.rf.e52fc7a5f2ca4041d6a049b2f927f63d_r0c0.jpg,TP,15,17,0.8345656192236599,11897,13908,137.1108247192481,160.28724469994978
TOSTADA-B_011_jpg.rf.e52fc7a5f2ca4041d6a049b2f927f63d_r0c0.jpg,TP,12,11,0.8082466703156358,8871,10951,102.23670892531308,126.20834172484541
TOSTADA-B_011_jpg.rf.e52fc7a5f2ca4041d6a049b2f927f63d_r0c0.jpg,TP,11,7,0.7895362663495838,707,798,8.148050187148726,9.196809122128265
TOSTADA-B_011_jpg.rf.e52fc7a5f2ca4041d6a049b2f927f63d_r0c0.jpg,TP,4,24,0.7637166281269708,22835,27505,263.1693437390964,316.990269303431
TOSTADA-B_011_jpg.rf.e52fc7a5f2ca4041d6a049b2f927f63d_r0c0.jpg,TP,3,14,0.7035467320990408,9462,13449,109.04787959094944,154.9973507312068
TOSTADA-B_011_jpg.rf.e52fc7a5f2ca4041d6a049b2f927f63d_r0c0.jpg,FP,1,-1,0.0,0,56133,0.0,646.9229153539172
TOSTADA-B_011_jpg.rf.e52fc7a5f2ca4041d6a049b2f927f63d_r0c0.jpg,FP,2,-1,0.0,0,12032,0.0,138.6666758865254
TOSTADA-B_011_jpg.rf.e52fc7a5f2ca4041d6a049b2f927f63d_r0c0.jpg,FP,9,-1,0.0,0,9974,0.0,114.948589203142
TOSTADA-B_011_jpg.rf.e52fc7a5f2ca4041d6a049b2f927f63d_r0c0.jpg,FP,10,-1,0.0,0,69776,0.0,804.1560818366189
TOSTADA-B_011_jpg.rf.e52fc7a5f2ca4041d6a049b2f927f63d_r0c0.jpg,FP,13,-1,0.0,0,24681,0.0,284.44416784868133
TOSTADA-B_011_jpg.rf.e52fc7a5f2ca4041d6a049b2f927f63d_r0c0.jpg,FP,14,-1,0.0,0,3395,0.0,39.126775651159726
TOSTADA-B_011_jpg.rf.e52fc7a5f2ca4041d6a049b2f927f63d_r0c0.jpg,FN,-1,2,0.0,14350,0,165.38121666985037,0.0
TOSTADA-B_011_jpg.rf.e52fc7a5f2ca4041d6a049b2f927f63d_r0c0.jpg,FN,-1,3,0.0,2645,0,30.483158055174513,0.0
TOSTADA-B_011_jpg.rf.e52fc7a5f2ca4041d6a049b2f927f63d_r0c0.jpg,FN,-1,4,0.0,3542,0,40.82092469997283,0.0
TOSTADA-B_011_jpg.rf.e52fc7a5f2ca4041d6a049b2f927f63d_r0c0.jpg,FN,-1,5,0.0,866,0,9.980497117497592,0.0
TOSTADA-B_011_jpg.rf.e52fc7a5f2ca4041d6a049b2f927f63d_r0c0.jpg,FN,-1,6,0.0,1786,0,20.583334701906118,0.0
TOSTADA-B_011_jpg.rf.e52fc7a5f2ca4041d6a049b2f927f63d_r0c0.jpg,FN,-1,8,0.0,902,0,10.395390762104881,0.0
TOSTADA-B_011_jpg.rf.e52fc7a5f2ca4041d6a049b2f927f63d_r0c0.jpg,FN,-1,9,0.0,1083,0,12.481383808602645,0.0
TOSTADA-B_011_jpg.rf.e52fc7a5f2ca4041d6a049b2f927f63d_r0c0.jpg,FN,-1,10,0.0,5347,0,61.623231047643905,0.0
TOSTADA-B_011_jpg.rf.e52fc7a5f2ca4041d6a049b2f927f63d_r0c0.jpg,FN,-1,12,0.0,700,0,8.067376422919532,0.0
TOSTADA-B_011_jpg.rf.e52fc7a5f2ca4041d6a049b2f927f63d_r0c0.jpg,FN,-1,13,0.0,655,0,7.548759367160418,0.0
TOSTADA-B_011_jpg.rf.e52fc7a5f2ca4041d6a049b2f927f63d_r0c0.jpg,FN,-1,15,0.0,4164,0,47.9893648929099,0.0
TOSTADA-B_011_jpg.rf.e52fc7a5f2ca4041d6a049b2f927f63d_r0c0.jpg,FN,-1,16,0.0,15724,0,181.2163241056953,0.0
TOSTADA-B_011_jpg.rf.e52fc7a5f2ca4041d6a049b2f927f63d_r0c0.jpg,FN,-1,18,0.0,9938,0,114.53369555853472,0.0
TOSTADA-B_011_jpg.rf.e52fc7a5f2ca4041d6a049b2f927f63d_r0c0.jpg,FN,-1,20,0.0,13428,0,154.75532943851923,0.0
TOSTADA-B_011_jpg.rf.e52fc7a5f2ca4041d6a049b2f927f63d_r0c0.jpg,FN,-1,21,0.0,17925,0,206.58246054404657,0.0
TOSTADA-B_011_jpg.rf.e52fc7a5f2ca4041d6a049b2f927f63d_r0c0.jpg,FN,-1,22,0.0,34346,0,395.83158660227747,0.0
TOSTADA-B_011_jpg.rf.e52fc7a5f2ca4041d6a049b2f927f63d_r0c0.jpg,FN,-1,25,0.0,2591,0,29.86081758826358,0.0
TOSTADA-B_011_jpg.rf.e52fc7a5f2ca4041d6a049b2f927f63d_r0c0.jpg,FN,-1,26,0.0,7837,0,90.3200414663148,0.0
TOSTADA-B_011_jpg.rf.e52fc7a5f2ca4041d6a049b2f927f63d_r0c0.jpg,FN,-1,29,0.0,6411,0,73.88564321048159,0.0
TOSTADA-B_011_jpg.rf.e52fc7a5f2ca4041d6a049b2f927f63d_r0c1.jpg,TP,3,23,0.9107173875282265,5463,5537,62.960110569156285,63.812947505293494
TOSTADA-B_011_jpg.rf.e52fc7a5f2ca4041d6a049b2f927f63d_r0c1.jpg,TP,6,5,0.8921509281678773,27071,29194,311.9884959212209,336.4556961295897
TOSTADA-B_011_jpg.rf.e52fc7a5f2ca4041d6a049b2f927f63d_r0c1.jpg,TP,1,19,0.8882424242424243,7466,8112,86.04433196216746,93.48936791817606
TOSTADA-B_011_jpg.rf.e52fc7a5f2ca4041d6a049b2f927f63d_r0c1.jpg,TP,4,1,0.8681081081081081,2589,2595,29.83776794134095,29.906916882108835
TOSTADA-B_011_jpg.rf.e52fc7a5f2ca4041d6a049b2f927f63d_r0c1.jpg,TP,5,4,0.8347446753913267,9971,11479,114.91401473275806,132.293448512419
TOSTADA-B_011_jpg.rf.e52fc7a5f2ca4041d6a049b2f927f63d_r0c1.jpg,TP,2,21,0.8094822571262362,5826,6616,67.14362148561312,76.24823202005088
TOSTADA-B_011_jpg.rf.e52fc7a5f2ca4041d6a049b2f927f63d_r0c1.jpg,TP,9,16,0.7881599293130108,3821,4274,44.036350445679325,49.257095473654395
TOSTADA-B_011_jpg.rf.e52fc7a5f2ca4041d6a049b2f927f63d_r0c1.jpg,TP,0,15,0.7720644666155027,4102,5134,47.27482583830845,59.168443650384106
TOSTADA-B_011_jpg.rf.e52fc7a5f2ca4041d6a049b2f927f63d_r0c1.jpg,TP,8,18,0.7205020920502092,2841,3327,32.74202345359198,38.3430876557904
TOSTADA-B_011_jpg.rf.e52fc7a5f2ca4041d6a049b2f927f63d_r0c1.jpg,TP,7,14,0.6958011996572407,2509,3428,28.915782064435863,39.50709482538308
TOSTADA-B_011_jpg.rf.e52fc7a5f2ca4041d6a049b2f927f63d_r0c1.jpg,FN,-1,0,0.0,9583,0,110.44238322976838,0.0
TOSTADA-B_011_jpg.rf.e52fc7a5f2ca4041d6a049b2f927f63d_r0c1.jpg,FN,-1,2,0.0,4743,0,54.66223767701048,0.0
TOSTADA-B_011_jpg.rf.e52fc7a5f2ca4041d6a049b2f927f63d_r0c1.jpg,FN,-1,3,0.0,5925,0,68.28457900828317,0.0
TOSTADA-B_011_jpg.rf.e52fc7a5f2ca4041d6a049b2f927f63d_r0c1.jpg,FN,-1,6,0.0,5935,0,68.39982724289631,0.0
TOSTADA-B_011_jpg.rf.e52fc7a5f2ca4041d6a049b2f927f63d_r0c1.jpg,FN,-1,7,0.0,7130,0,82.17199127916608,0.0
TOSTADA-B_011_jpg.rf.e52fc7a5f2ca4041d6a049b2f927f63d_r0c1.jpg,FN,-1,8,0.0,6269,0,72.24911827897506,0.0
TOSTADA-B_011_jpg.rf.e52fc7a5f2ca4041d6a049b2f927f63d_r0c1.jpg,FN,-1,9,0.0,1203,0,13.86436262396028,0.0
TOSTADA-B_011_jpg.rf.e52fc7a5f2ca4041d6a049b2f927f63d_r0c1.jpg,FN,-1,10,0.0,2504,0,28.858157947129293,0.0
TOSTADA-B_011_jpg.rf.e52fc7a5f2ca4041d6a049b2f927f63d_r0c1.jpg,FN,-1,11,0.0,3945,0,45.465428554882216,0.0
TOSTADA-B_011_jpg.rf.e52fc7a5f2ca4041d6a049b2f927f63d_r0c1.jpg,FN,-1,12,0.0,3081,0,35.507981084307254,0.0
TOSTADA-B_011_jpg.rf.e52fc7a5f2ca4041d6a049b2f927f63d_r0c1.jpg,FN,-1,13,0.0,5306,0,61.15071328573004,0.0
TOSTADA-B_011_jpg.rf.e52fc7a5f2ca4041d6a049b2f927f63d_r0c1.jpg,FN,-1,17,0.0,2313,0,26.656916666018393,0.0
TOSTADA-B_011_jpg.rf.e52fc7a5f2ca4041d6a049b2f927f63d_r0c1.jpg,FN,-1,20,0.0,7787,0,89.74380029324912,0.0
TOSTADA-B_011_jpg.rf.e52fc7a5f2ca4041d6a049b2f927f63d_r0c1.jpg,FN,-1,22,0.0,4205,0,48.461882654823754,0.0
TOSTADA-B_011_jpg.rf.e52fc7a5f2ca4041d6a049b2f927f63d_r0c2.jpg,TP,1,12,0.9159635504556193,11060,11648,127.4645474821286,134.241143677381
TOSTADA-B_011_jpg.rf.e52fc7a5f2ca4041d6a049b2f927f63d_r0c2.jpg,TP,10,4,0.8549394050679398,7272,7881,83.80851621067261,90.82713369861261
TOSTADA-B_011_jpg.rf.e52fc7a5f2ca4041d6a049b2f927f63d_r0c2.jpg,TP,8,7,0.8325743369943746,6403,7279,73.79344462279109,83.88918997490181
TOSTADA-B_011_jpg.rf.e52fc7a5f2ca4041d6a049b2f927f63d_r0c2.jpg,TP,3,2,0.7915703361195091,4451,5623,51.296989226306906,64.80408232296647
TOSTADA-B_011_jpg.rf.e52fc7a5f2ca4041d6a049b2f927f63d_r0c2.jpg,TP,11,15,0.754581901489118,3170,2957,36.53369037236416,34.07890297510436
TOSTADA-B_011_jpg.rf.e52fc7a5f2ca4041d6a049b2f927f63d_r0c2.jpg,TP,2,8,0.7357803888946657,7089,9604,81.69947351725222,110.68440452245596
TOSTADA-B_011_jpg.rf.e52fc7a5f2ca4041d6a049b2f927f63d_r0c2.jpg,TP,4,11,0.7222820236813778,2791,3609,32.1657822805263,41.59308787188084
TOSTADA-B_011_jpg.rf.e52fc7a5f2ca4041d6a049b2f927f63d_r0c2.jpg,TP,5,13,0.7101534828807556,3613,5078,41.63918716572609,58.52305353655054
TOSTADA-B_011_jpg.rf.e52fc7a5f2ca4041d6a049b2f927f63d_r0c2.jpg,TP,0,6,0.6639603067207939,2946,4432,33.952129917029914,51.078017580541946
TOSTADA-B_011_jpg.rf.e52fc7a5f2ca4041d6a049b2f927f63d_r0c2.jpg,TP,7,5,0.5362369337979094,1539,2870,17.736703306961655,33.076243333970076
TOSTADA-B_011_jpg.rf.e52fc7a5f2ca4041d6a049b2f927f63d_r0c2.jpg,FP,6,-1,0.0,0,23085,0.0,266.0505496044248
TOSTADA-B_011_jpg.rf.e52fc7a5f2ca4041d6a049b2f927f63d_r0c2.jpg,FP,9,-1,0.0,0,5099,0.0,58.765074829238124
TOSTADA-B_011_jpg.rf.e52fc7a5f2ca4041d6a049b2f927f63d_r0c2.jpg,FN,-1,0,0.0,4097,0,47.217201721001885,0.0
TOSTADA-B_011_jpg.rf.e52fc7a5f2ca4041d6a049b2f927f63d_r0c2.jpg,FN,-1,1,0.0,4577,0,52.74911698243242,0.0
TOSTADA-B_011_jpg.rf.e52fc7a5f2ca4041d6a049b2f927f63d_r0c2.jpg,FN,-1,3,0.0,5630,0,64.88475608719565,0.0
TOSTADA-B_011_jpg.rf.e52fc7a5f2ca4041d6a049b2f927f63d_r0c2.jpg,FN,-1,9,0.0,1208,0,13.921986741266847,0.0
TOSTADA-B_011_jpg.rf.e52fc7a5f2ca4041d6a049b2f927f63d_r0c2.jpg,FN,-1,10,0.0,1634,0,18.83156153578645,0.0
TOSTADA-B_011_jpg.rf.e52fc7a5f2ca4041d6a049b2f927f63d_r0c2.jpg,FN,-1,14,0.0,2866,0,33.030144040124824,0.0
TOSTADA-B_011_jpg.rf.e52fc7a5f2ca4041d6a049b2f927f63d_r0c2.jpg,FN,-1,16,0.0,5862,0,67.55851513022041,0.0
TOSTADA-B_011_jpg.rf.e52fc7a5f2ca4041d6a049b2f927f63d_r1c0.jpg,TP,0,10,0.8958568207440811,6726,6727,77.51596260079538,77.52748742425669
TOSTADA-B_011_jpg.rf.e52fc7a5f2ca4041d6a049b2f927f63d_r1c0.jpg,TP,1,1,0.8448773448773449,10991,9465,126.66933466329795,109.08245406133338
TOSTADA-B_011_jpg.rf.e52fc7a5f2ca4041d6a049b2f927f63d_r1c0.jpg,TP,2,0,0.8217363727940902,23411,25417,269.80764205281304,292.92643791620816
TOSTADA-B_011_jpg.rf.e52fc7a5f2ca4041d6a049b2f927f63d_r1c0.jpg,TP,5,6,0.7292120156726165,5241,6675,60.40159976074466,76.92819660426838
TOSTADA-B_011_jpg.rf.e52fc7a5f2ca4041d6a049b2f927f63d_r1c0.jpg,FP,3,-1,0.0,0,29446,0.0,339.3599516418407
TOSTADA-B_011_jpg.rf.e52fc7a5f2ca4041d6a049b2f927f63d_r1c0.jpg,FP,4,-1,0.0,0,5235,0.0,60.33245081997678
TOSTADA-B_011_jpg.rf.e52fc7a5f2ca4041d6a049b2f927f63d_r1c0.jpg,FP,6,-1,0.0,0,3100,0.0,35.726952730072206
TOSTADA-B_011_jpg.rf.e52fc7a5f2ca4041d6a049b2f927f63d_r1c0.jpg,FP,7,-1,0.0,0,3236,0.0,37.29432872081086
TOSTADA-B_011_jpg.rf.e52fc7a5f2ca4041d6a049b2f927f63d_r1c0.jpg,FN,-1,2,0.0,1075,0,12.389185220912138,0.0
TOSTADA-B_011_jpg.rf.e52fc7a5f2ca4041d6a049b2f927f63d_r1c0.jpg,FN,-1,3,0.0,810,0,9.335107003664028,0.0
TOSTADA-B_011_jpg.rf.e52fc7a5f2ca4041d6a049b2f927f63d_r1c0.jpg,FN,-1,4,0.0,29223,0,336.7899160099678,0.0
TOSTADA-B_011_jpg.rf.e52fc7a5f2ca4041d6a049b2f927f63d_r1c0.jpg,FN,-1,5,0.0,4713,0,54.31649297317107,0.0
TOSTADA-B_011_jpg.rf.e52fc7a5f2ca4041d6a049b2f927f63d_r1c0.jpg,FN,-1,7,0.0,4619,0,53.23315956780759,0.0
TOSTADA-B_011_jpg.rf.e52fc7a5f2ca4041d6a049b2f927f63d_r1c0.jpg,FN,-1,8,0.0,14483,0,166.9140181902051,0.0
TOSTADA-B_011_jpg.rf.e52fc7a5f2ca4041d6a049b2f927f63d_r1c0.jpg,FN,-1,9,0.0,13198,0,152.1046200424171,0.0
TOSTADA-B_011_jpg.rf.e52fc7a5f2ca4041d6a049b2f927f63d_r1c1.jpg,TP,6,2,0.9183832280509018,20533,21376,236.63920013115248,246.35462630903984
TOSTADA-B_011_jpg.rf.e52fc7a5f2ca4041d6a049b2f927f63d_r1c1.jpg,TP,17,5,0.8666114333057167,9397,8627,108.29876606596405,99.42465200075256
TOSTADA-B_011_jpg.rf.e52fc7a5f2ca4041d6a049b2f927f63d_r1c1.jpg,TP,19,8,0.8455087177223571,4165,4197,48.00088971637121,48.36968406713324
TOSTADA-B_011_jpg.rf.e52fc7a5f2ca4041d6a049b2f927f63d_r1c1.jpg,TP,14,6,0.8277465133349645,3672,3798,42.3191517499436,43.77127950606911
TOSTADA-B_011_jpg.rf.e52fc7a5f2ca4041d6a049b2f927f63d_r1c1.jpg,TP,4,22,0.8182299245932002,6358,7386,73.27482756703196,85.12234608526236
TOSTADA-B_011_jpg.rf.e52fc7a5f2ca4041d6a049b2f927f63d_r1c1.jpg,TP,13,3,0.8065984072810012,2991,3361,34.47074697278902,38.734931653475066
TOSTADA-B_011_jpg.rf.e52fc7a5f2ca4041d6a049b2f927f63d_r1c1.jpg,TP,20,10,0.8043738394883433,20186,23543,232.64008639007665,271.3289187497065
TOSTADA-B_011_jpg.rf.e52fc7a5f2ca4041d6a049b2f927f63d_r1c1.jpg,TP,5,7,0.7922485038472499,2863,3426,32.99556956974088,39.48404517846045
TOSTADA-B_011_jpg.rf.e52fc7a5f2ca4041d6a049b2f927f63d_r1c1.jpg,TP,1,16,0.7899973111051358,2981,3676,34.35549873817589,42.36525104378885
TOSTADA-B_011_jpg.rf.e52fc7a5f2ca4041d6a049b2f927f63d_r1c1.jpg,TP,18,21,0.7855222734254992,4221,5078,48.64627983020477,58.52305353655054
TOSTADA-B_011_jpg.rf.e52fc7a5f2ca4041d6a049b2f927f63d_r1c1.jpg,TP,10,9,0.7850444599556918,28613,30206,329.7597736985665,348.1188174724391
TOSTADA-B_011_jpg.rf.e52fc7a5f2ca4041d6a049b2f927f63d_r1c1.jpg,TP,2,23,0.7837338262476895,2165,2660,24.95124279374398,30.656030407094217
TOSTADA-B_011_jpg.rf.e52fc7a5f2ca4041d6a049b2f927f63d_r1c1.jpg,TP,3,1,0.7557323981656325,7383,5634,85.08777161487842,64.93085538104091
TOSTADA-B_011_jpg.rf.e52fc7a5f2ca4041d6a049b2f927f63d_r1c1.jpg,TP,8,0,0.741765987440728,5788,7803,66.7056781940832,89.92819746863015
TOSTADA-B_011_jpg.rf.e52fc7a5f2ca4041d6a049b2f927f63d_r1c1.jpg,TP,9,4,0.6581537642990157,5175,7291,59.64096141229796,84.02748785643757
TOSTADA-B_011_jpg.rf.e52fc7a5f2ca4041d6a049b2f927f63d_r1c1.jpg,TP,11,11,0.5243227497815321,6323,4143,72.87145874588599,47.74734360022231
TOSTADA-B_011_jpg.rf.e52fc7a5f2ca4041d6a049b2f927f63d_r1c1.jpg,FP,0,-1,0.0,0,26340,0.0,303.56384997100065
TOSTADA-B_011_jpg.rf.e52fc7a5f2ca4041d6a049b2f927f63d_r1c1.jpg,FP,7,-1,0.0,0,3938,0.0,45.38475479065302
TOSTADA-B_011_jpg.rf.e52fc7a5f2ca4041d6a049b2f927f63d_r1c1.jpg,FP,12,-1,0.0,0,27606,0.0,318.1542764730237
TOSTADA-B_011_jpg.rf.e52fc7a5f2ca4041d6a049b2f927f63d_r1c1.jpg,FP,15,-1,0.0,0,11609,0.0,133.79167556238977
TOSTADA-B_011_jpg.rf.e52fc7a5f2ca4041d6a049b2f927f63d_r1c1.jpg,FP,16,-1,0.0,0,4490,0.0,51.74645734129813
TOSTADA-B_011_jpg.rf.e52fc7a5f2ca4041d6a049b2f927f63d_r1c1.jpg,FN,-1,12,0.0,12583,0,145.01685361370923,0.0
TOSTADA-B_011_jpg.rf.e52fc7a5f2ca4041d6a049b2f927f63d_r1c1.jpg,FN,-1,13,0.0,4701,0,54.17819509163531,0.0
TOSTADA-B_011_jpg.rf.e52fc7a5f2ca4041d6a049b2f927f63d_r1c1.jpg,FN,-1,14,0.0,8591,0,99.00975835614527,0.0
TOSTADA-B_011_jpg.rf.e52fc7a5f2ca4041d6a049b2f927f63d_r1c1.jpg,FN,-1,15,0.0,9166,0,105.6365318464006,0.0
TOSTADA-B_011_jpg.rf.e52fc7a5f2ca4041d6a049b2f927f63d_r1c1.jpg,FN,-1,17,0.0,14510,0,167.22518842366057,0.0
TOSTADA-B_011_jpg.rf.e52fc7a5f2ca4041d6a049b2f927f63d_r1c1.jpg,FN,-1,18,0.0,4050,0,46.67553501832015,0.0
TOSTADA-B_011_jpg.rf.e52fc7a5f2ca4041d6a049b2f927f63d_r1c1.jpg,FN,-1,19,0.0,7685,0,88.56826830019514,0.0
TOSTADA-B_011_jpg.rf.e52fc7a5f2ca4041d6a049b2f927f63d_r1c1.jpg,FN,-1,20,0.0,9013,0,103.87323385681962,0.0
TOSTADA-B_011_jpg.rf.e52fc7a5f2ca4041d6a049b2f927f63d_r1c1.jpg,FN,-1,24,0.0,1541,0,17.75975295388428,0.0
TOSTADA-B_011_jpg.rf.e52fc7a5f2ca4041d6a049b2f927f63d_r1c2.jpg,TP,20,36,0.8316485225505443,4863,4559,56.04521649236811,52.541670160128774
TOSTADA-B_011_jpg.rf.e52fc7a5f2ca4041d6a049b2f927f63d_r1c2.jpg,TP,3,32,0.8311067532785881,7237,7703,83.40514738952663,88.77571512249878
TOSTADA-B_011_jpg.rf.e52fc7a5f2ca4041d6a049b2f927f63d_r1c2.jpg,TP,4,34,0.8242006103224094,6279,7470,72.3643665135882,86.0904312560127
TOSTADA-B_011_jpg.rf.e52fc7a5f2ca4041d6a049b2f927f63d_r1c2.jpg,TP,10,11,0.8201233667175167,12821,14621,147.75976159750186,168.50444382786637
TOSTADA-B_011_jpg.rf.e52fc7a5f2ca4041d6a049b2f927f63d_r1c2.jpg,TP,15,28,0.8112023177209078,2045,1706,23.568263978386344,19.661348825001028
TOSTADA-B_011_jpg.rf.e52fc7a5f2ca4041d6a049b2f927f63d_r1c2.jpg,TP,0,30,0.8002199103442442,10237,11047,117.97961777346748,127.31472477713152
TOSTADA-B_011_jpg.rf.e52fc7a5f2ca4041d6a049b2f927f63d_r1c2.jpg,TP,14,14,0.7938522709894479,5323,6407,61.34663528457238,73.83954391663633
TOSTADA-B_011_jpg.rf.e52fc7a5f2ca4041d6a049b2f927f63d_r1c2.jpg,TP,1,35,0.7810966810966811,5513,6830,63.53635174222197,78.714544240772
TOSTADA-B_011_jpg.rf.e52fc7a5f2ca4041d6a049b2f927f63d_r1c2.jpg,TP,5,9,0.7673480015622965,6093,7482,70.22074934978386,86.22872913754847
TOSTADA-B_011_jpg.rf.e52fc7a5f2ca4041d6a049b2f927f63d_r1c2.jpg,TP,9,1,0.7549413218035824,5159,6206,59.45656423691695,71.5230544009123
TOSTADA-B_011_jpg.rf.e52fc7a5f2ca4041d6a049b2f927f63d_r1c2.jpg,TP,17,15,0.7287786708488532,7577,10060,87.32358736637326,115.93972402081498
TOSTADA-B_011_jpg.rf.e52fc7a5f2ca4041d6a049b2f927f63d_r1c2.jpg,TP,18,26,0.7162162162162162,2440,3402,28.12056924560522,39.20744941538892
TOSTADA-B_011_jpg.rf.e52fc7a5f2ca4041d6a049b2f927f63d_r1c2.jpg,TP,11,10,0.7009937358564823,21823,30042,251.50622239624704,346.22874642478365
TOSTADA-B_011_jpg.rf.e52fc7a5f2ca4041d6a049b2f927f63d_r1c2.jpg,TP,8,24,0.6958424507658644,4771,6854,54.98493273392726,78.99114000384353
TOSTADA-B_011_jpg.rf.e52fc7a5f2ca4041d6a049b2f927f63d_r1c2.jpg,TP,19,13,0.6880317640385706,2426,3526,27.959221717146832,40.63652752459181
TOSTADA-B_011_jpg.rf.e52fc7a5f2ca4041d6a049b2f927f63d_r1c2.jpg,TP,7,0,0.679367088607595,11849,14685,136.55763319310503,169.24203252939046
TOSTADA-B_011_jpg.rf.e52fc7a5f2ca4041d6a049b2f927f63d_r1c2.jpg,TP,16,12,0.6669498725573492,4718,7054,54.37411709047764,81.29610469610624
TOSTADA-B_011_jpg.rf.e52fc7a5f2ca4041d6a049b2f927f63d_r1c2.jpg,TP,21,39,0.6309523809523809,3392,3184,39.09220118077579,36.695037900822555
TOSTADA-B_011_jpg.rf.e52fc7a5f2ca4041d6a049b2f927f63d_r1c2.jpg,TP,12,29,0.5145314353499407,3470,6744,39.99113741075825,77.72340942309903
TOSTADA-B_011_jpg.rf.e52fc7a5f2ca4041d6a049b2f927f63d_r1c2.jpg,FP,2,-1,0.0,0,28047,0.0,323.23672361946296
TOSTADA-B_011_jpg.rf.e52fc7a5f2ca4041d6a049b2f927f63d_r1c2.jpg,FP,6,-1,0.0,0,8060,0.0,92.89007709818775
TOSTADA-B_011_jpg.rf.e52fc7a5f2ca4041d6a049b2f927f63d_r1c2.jpg,FP,13,-1,0.0,0,5101,0.0,58.78812447616075
TOSTADA-B_011_jpg.rf.e52fc7a5f2ca4041d6a049b2f927f63d_r1c2.jpg,FP,22,-1,0.0,0,19700,0.0,227.03902218787823
TOSTADA-B_011_jpg.rf.e52fc7a5f2ca4041d6a049b2f927f63d_r1c2.jpg,FP,23,-1,0.0,0,23130,0.0,266.56916666018395
TOSTADA-B_011_jpg.rf.e52fc7a5f2ca4041d6a049b2f927f63d_r1c2.jpg,FN,-1,2,0.0,8433,0,97.18883624925772,0.0
TOSTADA-B_011_jpg.rf.e52fc7a5f2ca4041d6a049b2f927f63d_r1c2.jpg,FN,-1,3,0.0,3202,0,36.9024847231262,0.0
TOSTADA-B_011_jpg.rf.e52fc7a5f2ca4041d6a049b2f927f63d_r1c2.jpg,FN,-1,4,0.0,10048,0,115.80142613927922,0.0
TOSTADA-B_011_jpg.rf.e52fc7a5f2ca4041d6a049b2f927f63d_r1c2.jpg,FN,-1,5,0.0,6896,0,79.47518258921869,0.0
TOSTADA-B_011_jpg.rf.e52fc7a5f2ca4041d6a049b2f927f63d_r1c2.jpg,FN,-1,6,0.0,6338,0,73.0443310978057,0.0
TOSTADA-B_011_jpg.rf.e52fc7a5f2ca4041d6a049b2f927f63d_r1c2.jpg,FN,-1,7,0.0,947,0,10.914007817863995,0.0
TOSTADA-B_011_jpg.rf.e52fc7a5f2ca4041d6a049b2f927f63d_r1c2.jpg,FN,-1,8,0.0,1343,0,15.477837908544187,0.0
TOSTADA-B_011_jpg.rf.e52fc7a5f2ca4041d6a049b2f927f63d_r1c2.jpg,FN,-1,16,0.0,12983,0,149.62678299823466,0.0
TOSTADA-B_011_jpg.rf.e52fc7a5f2ca4041d6a049b2f927f63d_r1c2.jpg,FN,-1,17,0.0,2719,0,31.335994991311722,0.0
TOSTADA-B_011_jpg.rf.e52fc7a5f2ca4041d6a049b2f927f63d_r1c2.jpg,FN,-1,18,0.0,2252,0,25.953902434878263,0.0
TOSTADA-B_011_jpg.rf.e52fc7a5f2ca4041d6a049b2f927f63d_r1c2.jpg,FN,-1,19,0.0,4922,0,56.72518107658561,0.0
TOSTADA-B_011_jpg.rf.e52fc7a5f2ca4041d6a049b2f927f63d_r1c2.jpg,FN,-1,20,0.0,5209,0,60.03280540998262,0.0
TOSTADA-B_011_jpg.rf.e52fc7a5f2ca4041d6a049b2f927f63d_r1c2.jpg,FN,-1,21,0.0,2043,0,23.54521433146372,0.0
TOSTADA-B_011_jpg.rf.e52fc7a5f2ca4041d6a049b2f927f63d_r1c2.jpg,FN,-1,22,0.0,5254,0,60.55142246574174,0.0
TOSTADA-B_011_jpg.rf.e52fc7a5f2ca4041d6a049b2f927f63d_r1c2.jpg,FN,-1,23,0.0,3104,0,35.773052023917465,0.0
TOSTADA-B_011_jpg.rf.e52fc7a5f2ca4041d6a049b2f927f63d_r1c2.jpg,FN,-1,25,0.0,2257,0,26.01152655218483,0.0
TOSTADA-B_011_jpg.rf.e52fc7a5f2ca4041d6a049b2f927f63d_r1c2.jpg,FN,-1,27,0.0,4404,0,50.75532252362516,0.0
TOSTADA-B_011_jpg.rf.e52fc7a5f2ca4041d6a049b2f927f63d_r1c2.jpg,FN,-1,31,0.0,24959,0,287.64806877092656,0.0
TOSTADA-B_011_jpg.rf.e52fc7a5f2ca4041d6a049b2f927f63d_r1c2.jpg,FN,-1,33,0.0,721,0,8.309397715607117,0.0
TOSTADA-B_011_jpg.rf.e52fc7a5f2ca4041d6a049b2f927f63d_r1c2.jpg,FN,-1,37,0.0,7462,0,85.9982326683222,0.0
TOSTADA-B_011_jpg.rf.e52fc7a5f2ca4041d6a049b2f927f63d_r1c2.jpg,FN,-1,38,0.0,3084,0,35.54255555469119,0.0
TOSTADA-B_011_jpg.rf.e52fc7a5f2ca4041d6a049b2f927f63d_r2c0.jpg,TP,6,23,0.8970543910124674,33080,36153,381.24116010025443,416.65694259687115
TOSTADA-B_011_jpg.rf.e52fc7a5f2ca4041d6a049b2f927f63d_r2c0.jpg,TP,5,1,0.8071094745786715,23507,27533,270.91402510509914,317.3129643603478
TOSTADA-B_011_jpg.rf.e52fc7a5f2ca4041d6a049b2f927f63d_r2c0.jpg,TP,2,21,0.7760162117058053,6874,8025,79.2216364730698,92.48670827704177
TOSTADA-B_011_jpg.rf.e52fc7a5f2ca4041d6a049b2f927f63d_r2c0.jpg,TP,12,9,0.7741125251172136,5058,5537,58.29255706732427,63.812947505293494
TOSTADA-B_011_jpg.rf.e52fc7a5f2ca4041d6a049b2f927f63d_r2c0.jpg,TP,4,10,0.7612334801762115,878,1121,10.118794999033355,12.919327100132563
TOSTADA-B_011_jpg.rf.e52fc7a5f2ca4041d6a049b2f927f63d_r2c0.jpg,TP,3,25,0.691679653093028,20754,29181,239.1861861161028,336.3058734245926
TOSTADA-B_011_jpg.rf.e52fc7a5f2ca4041d6a049b2f927f63d_r2c0.jpg,TP,7,12,0.6810126582278481,542,786,6.24645431603198,9.058511240592502
TOSTADA-B_011_jpg.rf.e52fc7a5f2ca4041d6a049b2f927f63d_r2c0.jpg,TP,1,24,0.6725160256410256,8965,11908,103.32004233067657,137.23759777732255
TOSTADA-B_011_jpg.rf.e52fc7a5f2ca4041d6a049b2f927f63d_r2c0.jpg,TP,0,8,0.5720072918776585,2829,4932,32.60372557205622,56.840429311198754
TOSTADA-B_011_jpg.rf.e52fc7a5f2ca4041d6a049b2f927f63d_r2c0.jpg,FP,8,-1,0.0,0,40497,0.0,466.7207757128175
TOSTADA-B_011_jpg.rf.e52fc7a5f2ca4041d6a049b2f927f63d_r2c0.jpg,FP,9,-1,0.0,0,52571,0.0,605.8714941847181
TOSTADA-B_011_jpg.rf.e52fc7a5f2ca4041d6a049b2f927f63d_r2c0.jpg,FP,10,-1,0.0,0,1593,0.0,18.35904377387259
TOSTADA-B_011_jpg.rf.e52fc7a5f2ca4041d6a049b2f927f63d_r2c0.jpg,FP,11,-1,0.0,0,61751,0.0,711.6693735595771
TOSTADA-B_011_jpg.rf.e52fc7a5f2ca4041d6a049b2f927f63d_r2c0.jpg,FN,-1,0,0.0,36768,0,423.744709025579,0.0
TOSTADA-B_011_jpg.rf.e52fc7a5f2ca4041d6a049b2f927f63d_r2c0.jpg,FN,-1,2,0.0,2753,0,31.727838988996385,0.0
TOSTADA-B_011_jpg.rf.e52fc7a5f2ca4041d6a049b2f927f63d_r2c0.jpg,FN,-1,3,0.0,13091,0,150.87146393205654,0.0
TOSTADA-B_011_jpg.rf.e52fc7a5f2ca4041d6a049b2f927f63d_r2c0.jpg,FN,-1,4,0.0,13956,0,160.84043622609283,0.0
TOSTADA-B_011_jpg.rf.e52fc7a5f2ca4041d6a049b2f927f63d_r2c0.jpg,FN,-1,5,0.0,2448,0,28.212767833295732,0.0
TOSTADA-B_011_jpg.rf.e52fc7a5f2ca4041d6a049b2f927f63d_r2c0.jpg,FN,-1,6,0.0,6292,0,72.51418921858527,0.0
TOSTADA-B_011_jpg.rf.e52fc7a5f2ca4041d6a049b2f927f63d_r2c0.jpg,FN,-1,7,0.0,15984,0,184.21277820563682,0.0
TOSTADA-B_011_jpg.rf.e52fc7a5f2ca4041d6a049b2f927f63d_r2c0.jpg,FN,-1,11,0.0,3039,0,35.023938498932075,0.0
TOSTADA-B_011_jpg.rf.e52fc7a5f2ca4041d6a049b2f927f63d_r2c0.jpg,FN,-1,13,0.0,6145,0,70.82004016977217,0.0
TOSTADA-B_011_jpg.rf.e52fc7a5f2ca4041d6a049b2f927f63d_r2c0.jpg,FN,-1,14,0.0,7002,0,80.69681387611794,0.0
TOSTADA-B_011_jpg.rf.e52fc7a5f2ca4041d6a049b2f927f63d_r2c0.jpg,FN,-1,15,0.0,4162,0,47.96631524598727,0.0
TOSTADA-B_011_jpg.rf.e52fc7a5f2ca4041d6a049b2f927f63d_r2c0.jpg,FN,-1,16,0.0,4427,0,51.02039346323538,0.0
TOSTADA-B_011_jpg.rf.e52fc7a5f2ca4041d6a049b2f927f63d_r2c0.jpg,FN,-1,17,0.0,3184,0,36.695037900822555,0.0
TOSTADA-B_011_jpg.rf.e52fc7a5f2ca4041d6a049b2f927f63d_r2c0.jpg,FN,-1,18,0.0,10664,0,122.9007173914484,0.0
TOSTADA-B_011_jpg.rf.e52fc7a5f2ca4041d6a049b2f927f63d_r2c0.jpg,FN,-1,19,0.0,5217,0,60.12500399767313,0.0
TOSTADA-B_011_jpg.rf.e52fc7a5f2ca4041d6a049b2f927f63d_r2c0.jpg,FN,-1,20,0.0,9212,0,106.16667372562102,0.0
TOSTADA-B_011_jpg.rf.e52fc7a5f2ca4041d6a049b2f927f63d_r2c0.jpg,FN,-1,22,0.0,1996,0,23.003547628781977,0.0
TOSTADA-B_011_jpg.rf.e52fc7a5f2ca4041d6a049b2f927f63d_r2c0.jpg,FN,-1,26,0.0,2498,0,28.78900900636141,0.0
TOSTADA-B_011_jpg.rf.e52fc7a5f2ca4041d6a049b2f927f63d_r2c0.jpg,FN,-1,27,0.0,7173,0,82.66755868800257,0.0
TOSTADA-B_011_jpg.rf.e52fc7a5f2ca4041d6a049b2f927f63d_r2c1.jpg,TP,11,27,0.9140261466873476,4264,4374,49.141847239041255,50.40957781978575
TOSTADA-B_011_jpg.rf.e52fc7a5f2ca4041d6a049b2f927f63d_r2c1.jpg,TP,0,29,0.9114992255514608,17551,18238,202.27217656951527,210.18973028743773
TOSTADA-B_011_jpg.rf.e52fc7a5f2ca4041d6a049b2f927f63d_r2c1.jpg,TP,8,16,0.9047421948912016,16040,16173,184.8581683194704,186.39096983982512
TOSTADA-B_011_jpg.rf.e52fc7a5f2ca4041d6a049b2f927f63d_r2c1.jpg,TP,13,23,0.8590847304032624,7838,8574,90.33156628977612,98.81383635730295
TOSTADA-B_011_jpg.rf.e52fc7a5f2ca4041d6a049b2f927f63d_r2c1.jpg,TP,6,11,0.8556769281694803,5734,5478,66.08333772717228,63.132982921075985
TOSTADA-B_011_jpg.rf.e52fc7a5f2ca4041d6a049b2f927f63d_r2c1.jpg,TP,9,15,0.8327893350112077,21869,24737,252.03636427546746,285.0895579625149
TOSTADA-B_011_jpg.rf.e52fc7a5f2ca4041d6a049b2f927f63d_r2c1.jpg,TP,3,32,0.8100747414764001,7962,9717,91.76064439897901,111.9867095735844
TOSTADA-B_011_jpg.rf.e52fc7a5f2ca4041d6a049b2f927f63d_r2c1.jpg,TP,1,0,0.7372876697267879,13412,18191,154.57093226313822,209.648063584756
TOSTADA-B_011_jpg.rf.e52fc7a5f2ca4041d6a049b2f927f63d_r2c1.jpg,TP,17,26,0.6148579253680246,16879,25574,194.52749520351253,294.73583519963444
TOSTADA-B_011_jpg.rf.e52fc7a5f2ca4041d6a049b2f927f63d_r2c1.jpg,TP,7,17,0.600791452314998,7704,12522,88.7872399459601,144.31383938256909
TOSTADA-B_011_jpg.rf.e52fc7a5f2ca4041d6a049b2f927f63d_r2c1.jpg,TP,4,24,0.5604643222942984,8376,14477,96.53192131196285,166.8448692494372
TOSTADA-B_011_jpg.rf.e52fc7a5f2ca4041d6a049b2f927f63d_r2c1.jpg,TP,12,25,0.5249423262967281,21681,39794,249.8696974647405,458.61882481951403
TOSTADA-B_011_jpg.rf.e52fc7a5f2ca4041d6a049b2f927f63d_r2c1.jpg,FP,2,-1,0.0,0,7179,0.0,82.73670762877045
TOSTADA-B_011_jpg.rf.e52fc7a5f2ca4041d6a049b2f927f63d_r2c1.jpg,FP,5,-1,0.0,0,25170,0.0,290.0798065212637
TOSTADA-B_011_jpg.rf.e52fc7a5f2ca4041d6a049b2f927f63d_r2c1.jpg,FP,10,-1,0.0,0,20099,0.0,231.63742674894237
TOSTADA-B_011_jpg.rf.e52fc7a5f2ca4041d6a049b2f927f63d_r2c1.jpg,FP,14,-1,0.0,0,9949,0.0,114.66046861660917
TOSTADA-B_011_jpg.rf.e52fc7a5f2ca4041d6a049b2f927f63d_r2c1.jpg,FP,15,-1,0.0,0,11201,0.0,129.08954759017382
TOSTADA-B_011_jpg.rf.e52fc7a5f2ca4041d6a049b2f927f63d_r2c1.jpg,FP,16,-1,0.0,0,31991,0.0,368.69062735088386
TOSTADA-B_011_jpg.rf.e52fc7a5f2ca4041d6a049b2f927f63d_r2c1.jpg,FN,-1,1,0.0,12688,0,146.22696007714717,0.0
TOSTADA-B_011_jpg.rf.e52fc7a5f2ca4041d6a049b2f927f63d_r2c1.jpg,FN,-1,2,0.0,17976,0,207.17022654057357,0.0
TOSTADA-B_011_jpg.rf.e52fc7a5f2ca4041d6a049b2f927f63d_r2c1.jpg,FN,-1,3,0.0,6092,0,70.20922452632254,0.0
TOSTADA-B_011_jpg.rf.e52fc7a5f2ca4041d6a049b2f927f63d_r2c1.jpg,FN,-1,4,0.0,7300,0,84.13121126758939,0.0
TOSTADA-B_011_jpg.rf.e52fc7a5f2ca4041d6a049b2f927f63d_r2c1.jpg,FN,-1,5,0.0,1350,0,15.558511672773381,0.0
TOSTADA-B_011_jpg.rf.e52fc7a5f2ca4041d6a049b2f927f63d_r2c1.jpg,FN,-1,6,0.0,976,0,11.24822769824209,0.0
TOSTADA-B_011_jpg.rf.e52fc7a5f2ca4041d6a049b2f927f63d_r2c1.jpg,FN,-1,7,0.0,2461,0,28.362590538292807,0.0
TOSTADA-B_011_jpg.rf.e52fc7a5f2ca4041d6a049b2f927f63d_r2c1.jpg,FN,-1,8,0.0,2355,0,27.140959251393564,0.0
TOSTADA-B_011_jpg.rf.e52fc7a5f2ca4041d6a049b2f927f63d_r2c1.jpg,FN,-1,9,0.0,1732,0,19.960994234995184,0.0
TOSTADA-B_011_jpg.rf.e52fc7a5f2ca4041d6a049b2f927f63d_r2c1.jpg,FN,-1,10,0.0,37510,0,432.29612803387374,0.0
TOSTADA-B_011_jpg.rf.e52fc7a5f2ca4041d6a049b2f927f63d_r2c1.jpg,FN,-1,12,0.0,10473,0,120.6994761103375,0.0
TOSTADA-B_011_jpg.rf.e52fc7a5f2ca4041d6a049b2f927f63d_r2c1.jpg,FN,-1,13,0.0,8615,0,99.2863541192168,0.0
TOSTADA-B_011_jpg.rf.e52fc7a5f2ca4041d6a049b2f927f63d_r2c1.jpg,FN,-1,14,0.0,7769,0,89.53635347094549,0.0
TOSTADA-B_011_jpg.rf.e52fc7a5f2ca4041d6a049b2f927f63d_r2c1.jpg,FN,-1,18,0.0,2375,0,27.37145572061984,0.0
TOSTADA-B_011_jpg.rf.e52fc7a5f2ca4041d6a049b2f927f63d_r2c1.jpg,FN,-1,19,0.0,1960,0,22.588653984174687,0.0
TOSTADA-B_011_jpg.rf.e52fc7a5f2ca4041d6a049b2f927f63d_r2c1.jpg,FN,-1,20,0.0,4093,0,47.171102427156626,0.0
TOSTADA-B_011_jpg.rf.e52fc7a5f2ca4041d6a049b2f927f63d_r2c1.jpg,FN,-1,21,0.0,3682,0,42.434399984556734,0.0
TOSTADA-B_011_jpg.rf.e52fc7a5f2ca4041d6a049b2f927f63d_r2c1.jpg,FN,-1,22,0.0,6303,0,72.64096227665972,0.0
TOSTADA-B_011_jpg.rf.e52fc7a5f2ca4041d6a049b2f927f63d_r2c1.jpg,FN,-1,28,0.0,7665,0,88.33777183096886,0.0
TOSTADA-B_011_jpg.rf.e52fc7a5f2ca4041d6a049b2f927f63d_r2c1.jpg,FN,-1,30,0.0,7341,0,84.60372902950326,0.0
TOSTADA-B_011_jpg.rf.e52fc7a5f2ca4041d6a049b2f927f63d_r2c1.jpg,FN,-1,31,0.0,12253,0,141.21366187147572,0.0
TOSTADA-B_011_jpg.rf.e52fc7a5f2ca4041d6a049b2f927f63d_r2c1.jpg,FN,-1,33,0.0,11388,0,131.24468957743946,0.0
TOSTADA-B_011_jpg.rf.e52fc7a5f2ca4041d6a049b2f927f63d_r2c2.jpg,TP,3,1,0.8721804511278195,8311,8621,95.78280778697746,99.35550305998468
TOSTADA-B_011_jpg.rf.e52fc7a5f2ca4041d6a049b2f927f63d_r2c2.jpg,TP,1,13,0.8634068945622385,13246,12592,152.65781156856016,145.12057702486106
TOSTADA-B_011_jpg.rf.e52fc7a5f2ca4041d6a049b2f927f63d_r2c2.jpg,TP,4,4,0.8005746279652276,12639,11802,145.6622437275428,136.0159664904233
TOSTADA-B_011_jpg.rf.e52fc7a5f2ca4041d6a049b2f927f63d_r2c2.jpg,TP,6,0,0.7995901639344263,5961,7212,68.69947265289046,83.11702680299379
TOSTADA-B_011_jpg.rf.e52fc7a5f2ca4041d6a049b2f927f63d_r2c2.jpg,TP,0,6,0.7974593963412476,24981,25817,287.9016148870754,297.5363673007336
TOSTADA-B_011_jpg.rf.e52fc7a5f2ca4041d6a049b2f927f63d_r2c2.jpg,TP,7,14,0.7201963534361852,1152,1301,13.276596627433285,14.993795323169014
TOSTADA-B_011_jpg.rf.e52fc7a5f2ca4041d6a049b2f927f63d_r2c2.jpg,TP,2,7,0.7022323117669316,3769,5229,43.43705962569102,60.263301879208896
TOSTADA-B_011_jpg.rf.e52fc7a5f2ca4041d6a049b2f927f63d_r2c2.jpg,TP,9,8,0.5213767405373603,5317,10198,61.2774863438045,117.53014965847625
TOSTADA-B_011_jpg.rf.e52fc7a5f2ca4041d6a049b2f927f63d_r2c2.jpg,FP,5,-1,0.0,0,17832,0.0,205.5106519621444
TOSTADA-B_011_jpg.rf.e52fc7a5f2ca4041d6a049b2f927f63d_r2c2.jpg,FP,8,-1,0.0,0,596,0.0,6.868794782942915
TOSTADA-B_011_jpg.rf.e52fc7a5f2ca4041d6a049b2f927f63d_r2c2.jpg,FP,10,-1,0.0,0,2641,0.0,30.437058761329258
TOSTADA-B_011_jpg.rf.e52fc7a5f2ca4041d6a049b2f927f63d_r2c2.jpg,FN,-1,2,0.0,711,0,8.19414948099398,0.0
TOSTADA-B_011_jpg.rf.e52fc7a5f2ca4041d6a049b2f927f63d_r2c2.jpg,FN,-1,3,0.0,4828,0,55.64184767122214,0.0
TOSTADA-B_011_jpg.rf.e52fc7a5f2ca4041d6a049b2f927f63d_r2c2.jpg,FN,-1,5,0.0,8994,0,103.65426221105466,0.0
TOSTADA-B_011_jpg.rf.e52fc7a5f2ca4041d6a049b2f927f63d_r2c2.jpg,FN,-1,9,0.0,3212,0,37.017732957739334,0.0
TOSTADA-B_011_jpg.rf.e52fc7a5f2ca4041d6a049b2f927f63d_r2c2.jpg,FN,-1,10,0.0,2266,0,26.11524996333665,0.0
TOSTADA-B_011_jpg.rf.e52fc7a5f2ca4041d6a049b2f927f63d_r2c2.jpg,FN,-1,11,0.0,8833,0,101.79876563378316,0.0
TOSTADA-B_011_jpg.rf.e52fc7a5f2ca4041d6a049b2f927f63d_r2c2.jpg,FN,-1,12,0.0,4861,0,56.02216684544548,0.0
TOSTADA-B_011_jpg.rf.e52fc7a5f2ca4041d6a049b2f927f63d_r2c2.jpg,FN,-1,15,0.0,6809,0,78.4725229480844,0.0
TOSTADA-B_011_jpg.rf.e52fc7a5f2ca4041d6a049b2f927f63d_r2c2.jpg,FN,-1,16,0.0,6531,0,75.26862202583922,0.0
TOSTADA-D_004_jpg.rf.3e98f483ac7b358f6b42724649248703_r0c0.jpg,TP,5,3,0.8557623478883322,7315,8240,84.3040836195091,94.9645453212242
TOSTADA-D_004_jpg.rf.3e98f483ac7b358f6b42724649248703_r0c0.jpg,TP,0,2,0.8232004416388642,37948,38012,437.3440007099291,438.08158941145314
TOSTADA-D_004_jpg.rf.3e98f483ac7b358f6b42724649248703_r0c0.jpg,TP,1,1,0.8156846587007279,5987,7233,68.99911806288462,83.35904809568139
TOSTADA-D_004_jpg.rf.3e98f483ac7b358f6b42724649248703_r0c0.jpg,TP,3,7,0.7374734745138799,53608,66752,617.8227361141003,769.3050156896065
TOSTADA-D_004_jpg.rf.3e98f483ac7b358f6b42724649248703_r0c0.jpg,TP,7,16,0.678934555348704,15500,19672,178.63476365036104,226.71632713096145
TOSTADA-D_004_jpg.rf.3e98f483ac7b358f6b42724649248703_r0c0.jpg,TP,4,9,0.5854667332239891,8210,14023,94.61880061738479,161.61259939800084
TOSTADA-D_004_jpg.rf.3e98f483ac7b358f6b42724649248703_r0c0.jpg,FP,2,-1,0.0,0,3627,0.0,41.800534694184485
TOSTADA-D_004_jpg.rf.3e98f483ac7b358f6b42724649248703_r0c0.jpg,FP,6,-1,0.0,0,776,0.0,8.943263005979366
TOSTADA-D_004_jpg.rf.3e98f483ac7b358f6b42724649248703_r0c0.jpg,FP,8,-1,0.0,0,1047,0.0,12.066490163995356
TOSTADA-D_004_jpg.rf.3e98f483ac7b358f6b42724649248703_r0c0.jpg,FP,9,-1,0.0,0,5708,0.0,65.78369231717812
TOSTADA-D_004_jpg.rf.3e98f483ac7b358f6b42724649248703_r0c0.jpg,FP,10,-1,0.0,0,65825,0.0,758.6215043409687
TOSTADA-D_004_jpg.rf.3e98f483ac7b358f6b42724649248703_r0c0.jpg,FN,-1,0,0.0,19027,0,219.28281599841418,0.0
TOSTADA-D_004_jpg.rf.3e98f483ac7b358f6b42724649248703_r0c0.jpg,FN,-1,4,0.0,1857,0,21.401597167659386,0.0
TOSTADA-D_004_jpg.rf.3e98f483ac7b358f6b42724649248703_r0c0.jpg,FN,-1,5,0.0,7590,0,87.47341007137034,0.0
TOSTADA-D_004_jpg.rf.3e98f483ac7b358f6b42724649248703_r0c0.jpg,FN,-1,6,0.0,7452,0,85.88298443370907,0.0
TOSTADA-D_004_jpg.rf.3e98f483ac7b358f6b42724649248703_r0c0.jpg,FN,-1,8,0.0,11886,0,136.98405166117362,0.0
TOSTADA-D_004_jpg.rf.3e98f483ac7b358f6b42724649248703_r0c0.jpg,FN,-1,10,0.0,15153,0,174.6356499092852,0.0
TOSTADA-D_004_jpg.rf.3e98f483ac7b358f6b42724649248703_r0c0.jpg,FN,-1,11,0.0,22262,0,256.5656198957637,0.0
TOSTADA-D_004_jpg.rf.3e98f483ac7b358f6b42724649248703_r0c0.jpg,FN,-1,12,0.0,741,0,8.53989418483339,0.0
TOSTADA-D_004_jpg.rf.3e98f483ac7b358f6b42724649248703_r0c0.jpg,FN,-1,13,0.0,720,0,8.297872892145804,0.0
TOSTADA-D_004_jpg.rf.3e98f483ac7b358f6b42724649248703_r0c0.jpg,FN,-1,14,0.0,29605,0,341.1923985721896,0.0
TOSTADA-D_004_jpg.rf.3e98f483ac7b358f6b42724649248703_r0c0.jpg,FN,-1,15,0.0,2210,0,25.46985984950309,0.0
TOSTADA-D_004_jpg.rf.3e98f483ac7b358f6b42724649248703_r0c1.jpg,TP,0,2,0.9618402351887545,50148,50618,577.9468469379552,583.3635139647726
TOSTADA-D_004_jpg.rf.3e98f483ac7b358f6b42724649248703_r0c1.jpg,TP,2,11,0.8987594151528577,12701,13012,146.37678278214423,149.96100287861276
TOSTADA-D_004_jpg.rf.3e98f483ac7b358f6b42724649248703_r0c1.jpg,TP,3,4,0.8563918757467145,10847,12460,125.00976008486879,143.59930032796765
TOSTADA-D_004_jpg.rf.3e98f483ac7b358f6b42724649248703_r0c1.jpg,TP,13,7,0.8478789516346933,13000,14356,149.822704997077,165.45036561061826
TOSTADA-D_004_jpg.rf.3e98f483ac7b358f6b42724649248703_r0c1.jpg,TP,8,9,0.8433171096967428,9833,9861,113.32358909509678,113.64628415201356
TOSTADA-D_004_jpg.rf.3e98f483ac7b358f6b42724649248703_r0c1.jpg,TP,14,10,0.8320845598073321,6328,7365,72.92908286319256,84.88032479257478
TOSTADA-D_004_jpg.rf.3e98f483ac7b358f6b42724649248703_r0c1.jpg,TP,18,0,0.8221288515406162,35136,36419,404.9361971367152,419.7225456375806
TOSTADA-D_004_jpg.rf.3e98f483ac7b358f6b42724649248703_r0c1.jpg,TP,10,1,0.8161967794048673,36157,33545,416.7030418907164,386.60020300976527
TOSTADA-D_004_jpg.rf.3e98f483ac7b358f6b42724649248703_r0c1.jpg,TP,11,12,0.762843851132686,8966,8465,103.33156715413789,97.55763060001976
TOSTADA-D_004_jpg.rf.3e98f483ac7b358f6b42724649248703_r0c1.jpg,TP,5,15,0.7519872813990461,3788,3926,43.65603127145598,45.246456909117256
TOSTADA-D_004_jpg.rf.3e98f483ac7b358f6b42724649248703_r0c1.jpg,TP,7,16,0.7360933974296086,28997,24091,334.1853059077109,277.6445220065063
TOSTADA-D_004_jpg.rf.3e98f483ac7b358f6b42724649248703_r0c1.jpg,TP,15,8,0.7318814451575684,50692,45372,584.2163509009098,522.9042900867214
TOSTADA-D_004_jpg.rf.3e98f483ac7b358f6b42724649248703_r0c1.jpg,TP,9,3,0.6940707186802786,28183,21931,324.80409961020166,252.7509033300689
TOSTADA-D_004_jpg.rf.3e98f483ac7b358f6b42724649248703_r0c1.jpg,TP,20,14,0.663387000596303,3252,2327,37.478725896191875,26.818264194476782
TOSTADA-D_004_jpg.rf.3e98f483ac7b358f6b42724649248703_r0c1.jpg,TP,4,17,0.6015260550392363,16836,27451,194.03192779467602,316.3679288365201
TOSTADA-D_004_jpg.rf.3e98f483ac7b358f6b42724649248703_r0c1.jpg,FP,1,-1,0.0,0,3243,0.0,37.375002485040056
TOSTADA-D_004_jpg.rf.3e98f483ac7b358f6b42724649248703_r0c1.jpg,FP,6,-1,0.0,0,7060,0.0,81.36525363687413
TOSTADA-D_004_jpg.rf.3e98f483ac7b358f6b42724649248703_r0c1.jpg,FP,12,-1,0.0,0,46079,0.0,531.0523402738701
TOSTADA-D_004_jpg.rf.3e98f483ac7b358f6b42724649248703_r0c1.jpg,FP,16,-1,0.0,0,7227,0.0,83.2898991549135
TOSTADA-D_004_jpg.rf.3e98f483ac7b358f6b42724649248703_r0c1.jpg,FP,17,-1,0.0,0,6919,0.0,79.7402535288289
TOSTADA-D_004_jpg.rf.3e98f483ac7b358f6b42724649248703_r0c1.jpg,FP,19,-1,0.0,0,5165,0.0,59.52571317768483
TOSTADA-D_004_jpg.rf.3e98f483ac7b358f6b42724649248703_r0c1.jpg,FN,-1,5,0.0,4054,0,46.7216343121654,0.0
TOSTADA-D_004_jpg.rf.3e98f483ac7b358f6b42724649248703_r0c1.jpg,FN,-1,6,0.0,14221,0,163.89451444334094,0.0
TOSTADA-D_004_jpg.rf.3e98f483ac7b358f6b42724649248703_r0c1.jpg,FN,-1,13,0.0,1641,0,18.912235300015645,0.0
TOSTADA-D_004_jpg.rf.3e98f483ac7b358f6b42724649248703_r0c1.jpg,FN,-1,18,0.0,7999,0,92.18706286704762,0.0
TOSTADA-D_004_jpg.rf.3e98f483ac7b358f6b42724649248703_r0c2.jpg,TP,3,12,0.8761120701102111,7290,6839,84.01596303297626,78.81826765192382
TOSTADA-D_004_jpg.rf.3e98f483ac7b358f6b42724649248703_r0c2.jpg,TP,0,3,0.8421505376344086,6424,6425,74.03546591547867,74.04699073893998
TOSTADA-D_004_jpg.rf.3e98f483ac7b358f6b42724649248703_r0c2.jpg,TP,4,0,0.8050713934022649,75864,70780,874.3192070690961,815.7270045917777
TOSTADA-D_004_jpg.rf.3e98f483ac7b358f6b42724649248703_r0c2.jpg,TP,6,4,0.7917773509338346,24468,19375,281.98938045142154,223.2934545629513
TOSTADA-D_004_jpg.rf.3e98f483ac7b358f6b42724649248703_r0c2.jpg,TP,1,11,0.7555555555555555,3160,2607,36.41844213775103,30.045214763644598
TOSTADA-D_004_jpg.rf.3e98f483ac7b358f6b42724649248703_r0c2.jpg,FP,2,-1,0.0,0,1201,0.0,13.841312977037653
TOSTADA-D_004_jpg.rf.3e98f483ac7b358f6b42724649248703_r0c2.jpg,FP,5,-1,0.0,0,2180,0.0,25.124115145663684
TOSTADA-D_004_jpg.rf.3e98f483ac7b358f6b42724649248703_r0c2.jpg,FN,-1,1,0.0,8583,0,98.91755976845477,0.0
TOSTADA-D_004_jpg.rf.3e98f483ac7b358f6b42724649248703_r0c2.jpg,FN,-1,2,0.0,8679,0,100.02394282074087,0.0
TOSTADA-D_004_jpg.rf.3e98f483ac7b358f6b42724649248703_r0c2.jpg,FN,-1,5,0.0,9284,0,106.9964610148356,0.0
TOSTADA-D_004_jpg.rf.3e98f483ac7b358f6b42724649248703_r0c2.jpg,FN,-1,6,0.0,809,0,9.323582180202715,0.0
TOSTADA-D_004_jpg.rf.3e98f483ac7b358f6b42724649248703_r0c2.jpg,FN,-1,7,0.0,2867,0,33.04166886358614,0.0
TOSTADA-D_004_jpg.rf.3e98f483ac7b358f6b42724649248703_r0c2.jpg,FN,-1,8,0.0,779,0,8.977837476363307,0.0
TOSTADA-D_004_jpg.rf.3e98f483ac7b358f6b42724649248703_r0c2.jpg,FN,-1,9,0.0,3851,0,44.38209514951873,0.0
TOSTADA-D_004_jpg.rf.3e98f483ac7b358f6b42724649248703_r0c2.jpg,FN,-1,10,0.0,1643,0,18.93528494693827,0.0
TOSTADA-D_004_jpg.rf.3e98f483ac7b358f6b42724649248703_r1c0.jpg,TP,2,15,0.9318563276267203,5758,5752,66.3599334902438,66.29078454947592
TOSTADA-D_004_jpg.rf.3e98f483ac7b358f6b42724649248703_r1c0.jpg,TP,14,10,0.9126637554585153,21104,21382,243.21987432756254,246.42377524980773
TOSTADA-D_004_jpg.rf.3e98f483ac7b358f6b42724649248703_r1c0.jpg,TP,7,11,0.8642315222711698,14537,15932,167.53635865711604,183.61348738564854
TOSTADA-D_004_jpg.rf.3e98f483ac7b358f6b42724649248703_r1c0.jpg,TP,9,13,0.8630174291938998,3258,3583,37.54787483695976,41.293442461886684
TOSTADA-D_004_jpg.rf.3e98f483ac7b358f6b42724649248703_r1c0.jpg,TP,13,7,0.8622293035052351,58978,55564,679.7110381013545,640.3652908044297
TOSTADA-D_004_jpg.rf.3e98f483ac7b358f6b42724649248703_r1c0.jpg,TP,3,14,0.8555012702755521,22252,25221,256.4503716611506,290.6675725177907
TOSTADA-D_004_jpg.rf.3e98f483ac7b358f6b42724649248703_r1c0.jpg,TP,0,0,0.8435322989233692,22963,23612,264.6445211421446,272.1241315685371
TOSTADA-D_004_jpg.rf.3e98f483ac7b358f6b42724649248703_r1c0.jpg,TP,1,5,0.8420799763471062,23624,26219,272.2624294500729,302.1693463321817
TOSTADA-D_004_jpg.rf.3e98f483ac7b358f6b42724649248703_r1c0.jpg,TP,10,8,0.7948237514322303,61565,71584,709.5257563957728,824.9929626546739
TOSTADA-D_004_jpg.rf.3e98f483ac7b358f6b42724649248703_r1c0.jpg,TP,5,2,0.7629740180449087,11329,14659,130.56472499322194,168.9423871193963
TOSTADA-D_004_jpg.rf.3e98f483ac7b358f6b42724649248703_r1c0.jpg,TP,6,12,0.7067020570670206,1066,1506,12.285461809760314,17.356384132738306
TOSTADA-D_004_jpg.rf.3e98f483ac7b358f6b42724649248703_r1c0.jpg,FP,4,-1,0.0,0,37812,0.0,435.77662471919047
TOSTADA-D_004_jpg.rf.3e98f483ac7b358f6b42724649248703_r1c0.jpg,FP,8,-1,0.0,0,2052,0.0,23.64893774261554
TOSTADA-D_004_jpg.rf.3e98f483ac7b358f6b42724649248703_r1c0.jpg,FP,11,-1,0.0,0,12572,0.0,144.89008055563477
TOSTADA-D_004_jpg.rf.3e98f483ac7b358f6b42724649248703_r1c0.jpg,FP,12,-1,0.0,0,38077,0.0,438.83070293643857
TOSTADA-D_004_jpg.rf.3e98f483ac7b358f6b42724649248703_r1c0.jpg,FN,-1,1,0.0,9631,0,110.99557475591143,0.0
TOSTADA-D_004_jpg.rf.3e98f483ac7b358f6b42724649248703_r1c0.jpg,FN,-1,3,0.0,28179,0,324.7580003163564,0.0
TOSTADA-D_004_jpg.rf.3e98f483ac7b358f6b42724649248703_r1c0.jpg,FN,-1,4,0.0,774,0,8.920213359056739,0.0
TOSTADA-D_004_jpg.rf.3e98f483ac7b358f6b42724649248703_r1c0.jpg,FN,-1,6,0.0,93437,0,1076.8449297547604,0.0
TOSTADA-D_004_jpg.rf.3e98f483ac7b358f6b42724649248703_r1c0.jpg,FN,-1,9,0.0,47624,0,548.8581925215997,0.0
TOSTADA-D_004_jpg.rf.3e98f483ac7b358f6b42724649248703_r1c0.jpg,FN,-1,16,0.0,6668,0,76.84752284003919,0.0
TOSTADA-D_004_jpg.rf.3e98f483ac7b358f6b42724649248703_r1c1.jpg,TP,0,0,0.8997587360884115,24492,24328,282.2659762144931,280.37590516683764
TOSTADA-D_004_jpg.rf.3e98f483ac7b358f6b42724649248703_r1c1.jpg,TP,7,2,0.8633985387697384,19004,20528,219.01774505880397,236.5815760138459
TOSTADA-D_004_jpg.rf.3e98f483ac7b358f6b42724649248703_r1c1.jpg,TP,9,18,0.8629538461538462,14183,16090,163.456571151811,185.43440949253608
TOSTADA-D_004_jpg.rf.3e98f483ac7b358f6b42724649248703_r1c1.jpg,TP,2,5,0.8479209072404769,3058,3297,35.242910144697035,37.99734295195099
TOSTADA-D_004_jpg.rf.3e98f483ac7b358f6b42724649248703_r1c1.jpg,TP,11,3,0.8430271726925668,3825,4382,44.08244973952458,50.501776407476264
TOSTADA-D_004_jpg.rf.3e98f483ac7b358f6b42724649248703_r1c1.jpg,TP,8,1,0.8273553323768532,3763,3879,43.36791068492314,44.70479020643552
TOSTADA-D_004_jpg.rf.3e98f483ac7b358f6b42724649248703_r1c1.jpg,TP,13,17,0.8233567117925298,5110,6069,58.89184788731258,69.94415358671233
TOSTADA-D_004_jpg.rf.3e98f483ac7b358f6b42724649248703_r1c1.jpg,TP,4,16,0.774904214559387,9738,12498,112.22873086627199,144.03724361949756
TOSTADA-D_004_jpg.rf.3e98f483ac7b358f6b42724649248703_r1c1.jpg,TP,6,8,0.7700863713970071,39286,31213,452.7642145011667,359.72431469798187
TOSTADA-D_004_jpg.rf.3e98f483ac7b358f6b42724649248703_r1c1.jpg,TP,1,11,0.7640709915251016,26117,20301,300.9938143391277,233.9654410881277
TOSTADA-D_004_jpg.rf.3e98f483ac7b358f6b42724649248703_r1c1.jpg,TP,3,15,0.6161007181487721,21389,33295,246.50444901403694,383.71899714443686
TOSTADA-D_004_jpg.rf.3e98f483ac7b358f6b42724649248703_r1c1.jpg,TP,12,6,0.526064610866373,1433,2724,16.515072020062412,31.39361910861829
TOSTADA-D_004_jpg.rf.3e98f483ac7b358f6b42724649248703_r1c1.jpg,FP,5,-1,0.0,0,29843,0.0,343.9353065559822
TOSTADA-D_004_jpg.rf.3e98f483ac7b358f6b42724649248703_r1c1.jpg,FP,10,-1,0.0,0,2101,0.0,24.213654092219908
TOSTADA-D_004_jpg.rf.3e98f483ac7b358f6b42724649248703_r1c1.jpg,FN,-1,4,0.0,17291,0,199.27572246957374,0.0
TOSTADA-D_004_jpg.rf.3e98f483ac7b358f6b42724649248703_r1c1.jpg,FN,-1,7,0.0,43499,0,501.31829574368095,0.0
TOSTADA-D_004_jpg.rf.3e98f483ac7b358f6b42724649248703_r1c1.jpg,FN,-1,9,0.0,66168,0,762.5745187881994,0.0
TOSTADA-D_004_jpg.rf.3e98f483ac7b358f6b42724649248703_r1c1.jpg,FN,-1,10,0.0,25559,0,294.5629628477147,0.0
TOSTADA-D_004_jpg.rf.3e98f483ac7b358f6b42724649248703_r1c1.jpg,FN,-1,12,0.0,7989,0,92.07181463243448,0.0
TOSTADA-D_004_jpg.rf.3e98f483ac7b358f6b42724649248703_r1c1.jpg,FN,-1,13,0.0,16645,0,191.83068651356513,0.0
TOSTADA-D_004_jpg.rf.3e98f483ac7b358f6b42724649248703_r1c1.jpg,FN,-1,14,0.0,7768,0,89.52482864748417,0.0
TOSTADA-D_004_jpg.rf.3e98f483ac7b358f6b42724649248703_r1c1.jpg,FN,-1,19,0.0,7321,0,84.37323256027697,0.0
TOSTADA-D_004_jpg.rf.3e98f483ac7b358f6b42724649248703_r1c2.jpg,TP,0,9,0.9050255792958171,16232,15420,187.0709344240426,177.71277777345597
TOSTADA-D_004_jpg.rf.3e98f483ac7b358f6b42724649248703_r1c2.jpg,TP,4,10,0.7952986615169475,43585,37295,502.30943056135396,429.8182909896913
TOSTADA-D_004_jpg.rf.3e98f483ac7b358f6b42724649248703_r1c2.jpg,TP,2,11,0.7879874750925135,15814,15592,182.2535582172135,179.69504740880188
TOSTADA-D_004_jpg.rf.3e98f483ac7b358f6b42724649248703_r1c2.jpg,TP,6,3,0.7744259342638451,8306,7458,95.7251836696709,85.95213337447694
TOSTADA-D_004_jpg.rf.3e98f483ac7b358f6b42724649248703_r1c2.jpg,TP,3,0,0.6703685820054724,4767,5611,54.93883344008201,64.6657844414307
TOSTADA-D_004_jpg.rf.3e98f483ac7b358f6b42724649248703_r1c2.jpg,TP,1,2,0.6664187983343248,26843,17977,309.3608361720414,207.18175136403488
TOSTADA-D_004_jpg.rf.3e98f483ac7b358f6b42724649248703_r1c2.jpg,FP,5,-1,0.0,0,27962,0.0,322.25711362525135
TOSTADA-D_004_jpg.rf.3e98f483ac7b358f6b42724649248703_r1c2.jpg,FP,7,-1,0.0,0,6779,0.0,78.126778244245
TOSTADA-D_004_jpg.rf.3e98f483ac7b358f6b42724649248703_r1c2.jpg,FN,-1,1,0.0,18982,0,218.76419894265504,0.0
TOSTADA-D_004_jpg.rf.3e98f483ac7b358f6b42724649248703_r1c2.jpg,FN,-1,4,0.0,3559,0,41.01684669881516,0.0
TOSTADA-D_004_jpg.rf.3e98f483ac7b358f6b42724649248703_r1c2.jpg,FN,-1,5,0.0,23505,0,270.8909754581765,0.0
TOSTADA-D_004_jpg.rf.3e98f483ac7b358f6b42724649248703_r1c2.jpg,FN,-1,6,0.0,12431,0,143.26508044758955,0.0
TOSTADA-D_004_jpg.rf.3e98f483ac7b358f6b42724649248703_r1c2.jpg,FN,-1,7,0.0,1801,0,20.756207053825822,0.0
TOSTADA-D_004_jpg.rf.3e98f483ac7b358f6b42724649248703_r1c2.jpg,FN,-1,8,0.0,8298,0,95.63298508198038,0.0
TOSTADA-D_004_jpg.rf.3e98f483ac7b358f6b42724649248703_r1c2.jpg,FN,-1,12,0.0,34258,0,394.8174021376818,0.0
TOSTADA-D_004_jpg.rf.3e98f483ac7b358f6b42724649248703_r1c2.jpg,FN,-1,13,0.0,25677,0,295.9228920161497,0.0
TOSTADA-D_004_jpg.rf.3e98f483ac7b358f6b42724649248703_r2c0.jpg,TP,1,6,0.9299121189107085,17976,17600,207.17022654057357,202.83689291911963
TOSTADA-D_004_jpg.rf.3e98f483ac7b358f6b42724649248703_r2c0.jpg,TP,8,1,0.8922188258074342,88322,85624,1017.8954577501412,986.801484051517
TOSTADA-D_004_jpg.rf.3e98f483ac7b358f6b42724649248703_r2c0.jpg,TP,0,5,0.8693695265343149,28298,25280,326.1294543082527,291.34753710200823
TOSTADA-D_004_jpg.rf.3e98f483ac7b358f6b42724649248703_r2c0.jpg,TP,5,4,0.860276585598474,12123,11283,139.71543482150497,130.03458311400152
TOSTADA-D_004_jpg.rf.3e98f483ac7b358f6b42724649248703_r2c0.jpg,TP,4,2,0.8506653916646745,10923,12301,125.88564666792863,141.76685339761877
TOSTADA-D_004_jpg.rf.3e98f483ac7b358f6b42724649248703_r2c0.jpg,TP,2,7,0.810553083280356,18895,20977,217.76153930152077,241.75622174797573
TOSTADA-D_004_jpg.rf.3e98f483ac7b358f6b42724649248703_r2c0.jpg,TP,7,0,0.7174274625762336,15900,21272,183.2446930348865,245.15604466906325
TOSTADA-D_004_jpg.rf.3e98f483ac7b358f6b42724649248703_r2c0.jpg,TP,3,3,0.6732154093546808,9629,14303,110.9725251089888,164.83954996716864
TOSTADA-D_004_jpg.rf.3e98f483ac7b358f6b42724649248703_r2c0.jpg,FP,6,-1,0.0,0,98293,0.0,1132.8094724828993
TOSTADA-D_004_jpg.rf.3e98f483ac7b358f6b42724649248703_r2c0.jpg,FN,-1,8,0.0,4375,0,50.42110264324707,0.0
TOSTADA-D_004_jpg.rf.3e98f483ac7b358f6b42724649248703_r2c1.jpg,TP,0,20,0.9094733299680297,39791,39645,458.58425034913006,456.90162612377827
TOSTADA-D_004_jpg.rf.3e98f483ac7b358f6b42724649248703_r2c1.jpg,TP,19,13,0.9075535512965051,29883,29337,344.3962994944348,338.10374588455755
TOSTADA-D_004_jpg.rf.3e98f483ac7b358f6b42724649248703_r2c1.jpg,TP,10,11,0.9069096431283219,12069,13045,139.09309435459403,150.34132205283612
TOSTADA-D_004_jpg.rf.3e98f483ac7b358f6b42724649248703_r2c1.jpg,TP,8,14,0.8935353104331129,9343,8407,107.67642559905312,96.88919083926356
TOSTADA-D_004_jpg.rf.3e98f483ac7b358f6b42724649248703_r2c1.jpg,TP,4,16,0.8745716244002741,5223,5717,60.194152938441015,65.88741572832994
TOSTADA-D_004_jpg.rf.3e98f483ac7b358f6b42724649248703_r2c1.jpg,TP,17,9,0.8514464425332291,1129,1239,13.011525687823072,14.27925626856757
TOSTADA-D_004_jpg.rf.3e98f483ac7b358f6b42724649248703_r2c1.jpg,TP,3,15,0.8487674883411059,7004,6871,80.71986352304056,79.18706200268585
TOSTADA-D_004_jpg.rf.3e98f483ac7b358f6b42724649248703_r2c1.jpg,TP,6,18,0.833217705009019,6152,7060,70.90071393400136,81.36525363687413
TOSTADA-D_004_jpg.rf.3e98f483ac7b358f6b42724649248703_r2c1.jpg,TP,12,0,0.8200849514563107,2703,3296,31.151597815930703,37.985818128489676
TOSTADA-D_004_jpg.rf.3e98f483ac7b358f6b42724649248703_r2c1.jpg,TP,9,12,0.8071853741496599,7594,9408,87.5195093652156,108.4255391240385
TOSTADA-D_004_jpg.rf.3e98f483ac7b358f6b42724649248703_r2c1.jpg,TP,1,1,0.7833182230281052,29495,25581,339.9246679914451,294.8165089638636
TOSTADA-D_004_jpg.rf.3e98f483ac7b358f6b42724649248703_r2c1.jpg,TP,14,2,0.693196435671352,32521,39875,374.7987837853801,459.55233551988044
TOSTADA-D_004_jpg.rf.3e98f483ac7b358f6b42724649248703_r2c1.jpg,TP,5,6,0.692896509491733,9399,7188,108.32181571288667,82.84043103992227
TOSTADA-D_004_jpg.rf.3e98f483ac7b358f6b42724649248703_r2c1.jpg,TP,15,4,0.6813336195177792,9542,13958,109.96986546785452,160.86348587301546
TOSTADA-D_004_jpg.rf.3e98f483ac7b358f6b42724649248703_r2c1.jpg,FP,2,-1,0.0,0,5563,0.0,64.11259291528765
TOSTADA-D_004_jpg.rf.3e98f483ac7b358f6b42724649248703_r2c1.jpg,FP,7,-1,0.0,0,12901,0.0,148.68174747440696
TOSTADA-D_004_jpg.rf.3e98f483ac7b358f6b42724649248703_r2c1.jpg,FP,11,-1,0.0,0,7682,0.0,88.5336938298112
TOSTADA-D_004_jpg.rf.3e98f483ac7b358f6b42724649248703_r2c1.jpg,FP,13,-1,0.0,0,19917,0.0,229.53990887898328
TOSTADA-D_004_jpg.rf.3e98f483ac7b358f6b42724649248703_r2c1.jpg,FP,16,-1,0.0,0,11326,0.0,130.530150522838
TOSTADA-D_004_jpg.rf.3e98f483ac7b358f6b42724649248703_r2c1.jpg,FP,18,-1,0.0,0,19177,0.0,221.0115395176112
TOSTADA-D_004_jpg.rf.3e98f483ac7b358f6b42724649248703_r2c1.jpg,FN,-1,3,0.0,10651,0,122.75089468645132,0.0
TOSTADA-D_004_jpg.rf.3e98f483ac7b358f6b42724649248703_r2c1.jpg,FN,-1,5,0.0,33361,0,384.4796354928835,0.0
TOSTADA-D_004_jpg.rf.3e98f483ac7b358f6b42724649248703_r2c1.jpg,FN,-1,7,0.0,4195,0,48.34663442021062,0.0
TOSTADA-D_004_jpg.rf.3e98f483ac7b358f6b42724649248703_r2c1.jpg,FN,-1,8,0.0,1722,0,19.845746000382047,0.0
TOSTADA-D_004_jpg.rf.3e98f483ac7b358f6b42724649248703_r2c1.jpg,FN,-1,10,0.0,19277,0,222.16402186374256,0.0
TOSTADA-D_004_jpg.rf.3e98f483ac7b358f6b42724649248703_r2c1.jpg,FN,-1,17,0.0,5316,0,61.26596152034318,0.0
TOSTADA-D_004_jpg.rf.3e98f483ac7b358f6b42724649248703_r2c1.jpg,FN,-1,19,0.0,5430,0,62.57979139493293,0.0
TOSTADA-D_004_jpg.rf.3e98f483ac7b358f6b42724649248703_r2c2.jpg,TP,0,12,0.8615541046772985,33357,36213,384.43353619903826,417.34843200455
TOSTADA-D_004_jpg.rf.3e98f483ac7b358f6b42724649248703_r2c2.jpg,TP,10,6,0.8567614744840333,8440,9643,97.26951001348692,111.1338726374472
TOSTADA-D_004_jpg.rf.3e98f483ac7b358f6b42724649248703_r2c2.jpg,TP,3,4,0.8556105118884453,15334,15805,176.72164295578298,182.1498348060617
TOSTADA-D_004_jpg.rf.3e98f483ac7b358f6b42724649248703_r2c2.jpg,TP,4,3,0.836635350240958,37444,38016,431.535489685427,438.1276887052984
TOSTADA-D_004_jpg.rf.3e98f483ac7b358f6b42724649248703_r2c2.jpg,TP,6,0,0.8357030015797788,16692,19330,192.37235321624686,222.7748375071922
TOSTADA-D_004_jpg.rf.3e98f483ac7b358f6b42724649248703_r2c2.jpg,TP,2,9,0.8216963448922212,3539,4236,40.786350229588884,48.819152182124476
TOSTADA-D_004_jpg.rf.3e98f483ac7b358f6b42724649248703_r2c2.jpg,TP,1,1,0.7867676365085692,6158,7291,70.96986287476925,84.02748785643757
TOSTADA-D_004_jpg.rf.3e98f483ac7b358f6b42724649248703_r2c2.jpg,TP,5,11,0.7693834900731452,7366,9567,84.8918496160361,110.25798605438736
TOSTADA-D_004_jpg.rf.3e98f483ac7b358f6b42724649248703_r2c2.jpg,TP,9,5,0.64229153756111,13630,10221,157.08334377770458,117.79522059808647
TOSTADA-D_004_jpg.rf.3e98f483ac7b358f6b42724649248703_r2c2.jpg,FP,7,-1,0.0,0,22548,0.0,259.86171940569943
TOSTADA-D_004_jpg.rf.3e98f483ac7b358f6b42724649248703_r2c2.jpg,FP,8,-1,0.0,0,25029,0.0,288.4548064132185
TOSTADA-D_004_jpg.rf.3e98f483ac7b358f6b42724649248703_r2c2.jpg,FN,-1,2,0.0,12224,0,140.87944199109765,0.0
TOSTADA-D_004_jpg.rf.3e98f483ac7b358f6b42724649248703_r2c2.jpg,FN,-1,7,0.0,7956,0,91.69149545821112,0.0
TOSTADA-D_004_jpg.rf.3e98f483ac7b358f6b42724649248703_r2c2.jpg,FN,-1,8,0.0,21005,0,242.0789168048925,0.0
TOSTADA-D_004_jpg.rf.3e98f483ac7b358f6b42724649248703_r2c2.jpg,FN,-1,10,0.0,1238,0,14.267731445106257,0.0
TOSTADA-D_005_jpg.rf.9eda8c127b0d32eddbe6f3379d28ec98_r0c0.jpg,TP,0,0,0.6821618764990447,48398,34361,557.7784058806564,396.00445895419716
TOSTADA-D_005_jpg.rf.9eda8c127b0d32eddbe6f3379d28ec98_r0c0.jpg,TP,1,3,0.5999156829679595,3501,4089,40.34840693805897,47.125003133311374
TOSTADA-D_005_jpg.rf.9eda8c127b0d32eddbe6f3379d28ec98_r0c0.jpg,FP,2,-1,0.0,0,6900,0.0,79.52128188306395
TOSTADA-D_005_jpg.rf.9eda8c127b0d32eddbe6f3379d28ec98_r0c0.jpg,FP,3,-1,0.0,0,3938,0.0,45.38475479065302
TOSTADA-D_005_jpg.rf.9eda8c127b0d32eddbe6f3379d28ec98_r0c0.jpg,FP,4,-1,0.0,0,6409,0.0,73.86259356355896
TOSTADA-D_005_jpg.rf.9eda8c127b0d32eddbe6f3379d28ec98_r0c0.jpg,FN,-1,1,0.0,2697,0,31.08244887516282,0.0
TOSTADA-D_005_jpg.rf.9eda8c127b0d32eddbe6f3379d28ec98_r0c0.jpg,FN,-1,2,0.0,4756,0,54.81206038200756,0.0
TOSTADA-D_005_jpg.rf.9eda8c127b0d32eddbe6f3379d28ec98_r0c0.jpg,FN,-1,4,0.0,1751,0,20.17996588076014,0.0
TOSTADA-D_005_jpg.rf.9eda8c127b0d32eddbe6f3379d28ec98_r0c1.jpg,TP,14,5,0.8391148325358851,4593,4632,52.933514157813434,53.38298227280467
TOSTADA-D_005_jpg.rf.9eda8c127b0d32eddbe6f3379d28ec98_r0c1.jpg,TP,16,11,0.8084970452004472,5997,5326,69.11436629749775,61.381209754956316
TOSTADA-D_005_jpg.rf.9eda8c127b0d32eddbe6f3379d28ec98_r0c1.jpg,TP,1,3,0.78744920993228,8729,11067,100.60018399380655,127.54522124635778
TOSTADA-D_005_jpg.rf.9eda8c127b0d32eddbe6f3379d28ec98_r0c1.jpg,TP,3,1,0.7688508396443859,4993,5751,57.543443542338885,66.2792597260146
TOSTADA-D_005_jpg.rf.9eda8c127b0d32eddbe6f3379d28ec98_r0c1.jpg,TP,12,18,0.7676336746302617,2849,3366,32.834222041282494,38.79255577078163
TOSTADA-D_005_jpg.rf.9eda8c127b0d32eddbe6f3379d28ec98_r0c1.jpg,TP,9,13,0.7544738725841088,1098,1353,12.65425616052235,15.593086143157322
TOSTADA-D_005_jpg.rf.9eda8c127b0d32eddbe6f3379d28ec98_r0c1.jpg,TP,8,12,0.7512820512820513,908,1141,10.464539702872763,13.149823569358835
TOSTADA-D_005_jpg.rf.9eda8c127b0d32eddbe6f3379d28ec98_r0c1.jpg,TP,18,17,0.7458184682388918,16764,20916,193.20214050546144,241.05320751683558
TOSTADA-D_005_jpg.rf.9eda8c127b0d32eddbe6f3379d28ec98_r0c1.jpg,TP,10,21,0.7265453606917022,5816,7563,67.02837325099999,87.16223983791488
TOSTADA-D_005_jpg.rf.9eda8c127b0d32eddbe6f3379d28ec98_r0c1.jpg,TP,4,9,0.7025036818851251,2428,3352,27.982271364069458,38.63120824232324
TOSTADA-D_005_jpg.rf.9eda8c127b0d32eddbe6f3379d28ec98_r0c1.jpg,TP,7,8,0.7009966777408638,2322,3310,26.760640077170216,38.14716565694807
TOSTADA-D_005_jpg.rf.9eda8c127b0d32eddbe6f3379d28ec98_r0c1.jpg,TP,2,10,0.6935955786736021,4277,6142,49.29166994403833,70.78546569938823
TOSTADA-D_005_jpg.rf.9eda8c127b0d32eddbe6f3379d28ec98_r0c1.jpg,TP,5,14,0.6916258015843078,9944,7994,114.60284449930259,92.12943874974104
TOSTADA-D_005_jpg.rf.9eda8c127b0d32eddbe6f3379d28ec98_r0c1.jpg,TP,13,7,0.6502542764678687,2813,4326,32.4193283966752,49.8563862936427
TOSTADA-D_005_jpg.rf.9eda8c127b0d32eddbe6f3379d28ec98_r0c1.jpg,TP,19,19,0.5759130697253245,3123,2098,35.992023669682425,24.179079621835967
TOSTADA-D_005_jpg.rf.9eda8c127b0d32eddbe6f3379d28ec98_r0c1.jpg,FP,0,-1,0.0,0,8444,0.0,97.31560930733217
TOSTADA-D_005_jpg.rf.9eda8c127b0d32eddbe6f3379d28ec98_r0c1.jpg,FP,6,-1,0.0,0,5790,0.0,66.72872784100583
TOSTADA-D_005_jpg.rf.9eda8c127b0d32eddbe6f3379d28ec98_r0c1.jpg,FP,11,-1,0.0,0,8407,0.0,96.88919083926356
TOSTADA-D_005_jpg.rf.9eda8c127b0d32eddbe6f3379d28ec98_r0c1.jpg,FP,15,-1,0.0,0,14458,0.0,166.62589760367226
TOSTADA-D_005_jpg.rf.9eda8c127b0d32eddbe6f3379d28ec98_r0c1.jpg,FP,17,-1,0.0,0,8255,0.0,95.1374176731439
TOSTADA-D_005_jpg.rf.9eda8c127b0d32eddbe6f3379d28ec98_r0c1.jpg,FN,-1,0,0.0,48871,0,563.2296473778578,0.0
TOSTADA-D_005_jpg.rf.9eda8c127b0d32eddbe6f3379d28ec98_r0c1.jpg,FN,-1,2,0.0,5030,0,57.96986201040749,0.0
TOSTADA-D_005_jpg.rf.9eda8c127b0d32eddbe6f3379d28ec98_r0c1.jpg,FN,-1,4,0.0,67880,0,782.3050165539682,0.0
TOSTADA-D_005_jpg.rf.9eda8c127b0d32eddbe6f3379d28ec98_r0c1.jpg,FN,-1,6,0.0,10080,0,116.17022049004125,0.0
TOSTADA-D_005_jpg.rf.9eda8c127b0d32eddbe6f3379d28ec98_r0c1.jpg,FN,-1,15,0.0,6176,0,71.17730969707289,0.0
TOSTADA-D_005_jpg.rf.9eda8c127b0d32eddbe6f3379d28ec98_r0c1.jpg,FN,-1,16,0.0,2478,0,28.55851253713514,0.0
TOSTADA-D_005_jpg.rf.9eda8c127b0d32eddbe6f3379d28ec98_r0c1.jpg,FN,-1,20,0.0,2284,0,26.3226967856403,0.0
TOSTADA-D_005_jpg.rf.9eda8c127b0d32eddbe6f3379d28ec98_r0c1.jpg,FN,-1,22,0.0,8852,0,102.01773727954813,0.0
TOSTADA-D_005_jpg.rf.9eda8c127b0d32eddbe6f3379d28ec98_r0c1.jpg,FN,-1,23,0.0,2963,0,34.148051915872244,0.0
TOSTADA-D_005_jpg.rf.9eda8c127b0d32eddbe6f3379d28ec98_r0c2.jpg,TP,19,24,0.8678454386098621,11845,12663,136.51153389925977,145.93883949061433
TOSTADA-D_005_jpg.rf.9eda8c127b0d32eddbe6f3379d28ec98_r0c2.jpg,TP,8,13,0.851218740107629,5432,6264,62.60284104185556,72.19149416166849
TOSTADA-D_005_jpg.rf.9eda8c127b0d32eddbe6f3379d28ec98_r0c2.jpg,TP,1,14,0.8297506448839209,2968,3416,34.20567603317881,39.368796943847315
TOSTADA-D_005_jpg.rf.9eda8c127b0d32eddbe6f3379d28ec98_r0c2.jpg,TP,21,25,0.7853470437017995,6645,7245,76.58245190042898,83.49734597721715
TOSTADA-D_005_jpg.rf.9eda8c127b0d32eddbe6f3379d28ec98_r0c2.jpg,TP,3,7,0.7559808612440191,2415,2723,27.832448659072384,31.382094285156978
TOSTADA-D_005_jpg.rf.9eda8c127b0d32eddbe6f3379d28ec98_r0c2.jpg,TP,5,5,0.7544581618655692,5838,6952,67.28191936714889,80.12057270305226
TOSTADA-D_005_jpg.rf.9eda8c127b0d32eddbe6f3379d28ec98_r0c2.jpg,TP,7,17,0.7470373746581586,1734,2099,19.98404388191781,24.19060444529728
TOSTADA-D_005_jpg.rf.9eda8c127b0d32eddbe6f3379d28ec98_r0c2.jpg,TP,12,20,0.7058707643814027,12046,13931,138.82802341498382,160.55231563956
TOSTADA-D_005_jpg.rf.9eda8c127b0d32eddbe6f3379d28ec98_r0c2.jpg,TP,15,8,0.6592695330559408,1487,2102,17.137412486973346,24.22517891568122
TOSTADA-D_005_jpg.rf.9eda8c127b0d32eddbe6f3379d28ec98_r0c2.jpg,TP,0,1,0.6410753209009445,2755,4021,31.75088863591901,46.34131513794205
TOSTADA-D_005_jpg.rf.9eda8c127b0d32eddbe6f3379d28ec98_r0c2.jpg,TP,10,11,0.5891921060746222,12861,7754,148.2207545359544,89.36348111902578
TOSTADA-D_005_jpg.rf.9eda8c127b0d32eddbe6f3379d28ec98_r0c2.jpg,TP,6,4,0.5073260073260073,3479,2282,40.09486082191007,26.29964713871767
TOSTADA-D_005_jpg.rf.9eda8c127b0d32eddbe6f3379d28ec98_r0c2.jpg,FP,2,-1,0.0,0,2875,0.0,33.13386745127664
TOSTADA-D_005_jpg.rf.9eda8c127b0d32eddbe6f3379d28ec98_r0c2.jpg,FP,4,-1,0.0,0,7440,0.0,85.7446865521733
TOSTADA-D_005_jpg.rf.9eda8c127b0d32eddbe6f3379d28ec98_r0c2.jpg,FP,9,-1,0.0,0,3224,0.0,37.1560308392751
TOSTADA-D_005_jpg.rf.9eda8c127b0d32eddbe6f3379d28ec98_r0c2.jpg,FP,11,-1,0.0,0,1955,0.0,22.53102986686812
TOSTADA-D_005_jpg.rf.9eda8c127b0d32eddbe6f3379d28ec98_r0c2.jpg,FP,13,-1,0.0,0,5830,0.0,67.18972077945838
TOSTADA-D_005_jpg.rf.9eda8c127b0d32eddbe6f3379d28ec98_r0c2.jpg,FP,14,-1,0.0,0,8025,0.0,92.48670827704177
TOSTADA-D_005_jpg.rf.9eda8c127b0d32eddbe6f3379d28ec98_r0c2.jpg,FP,16,-1,0.0,0,1440,0.0,16.59574578429161
TOSTADA-D_005_jpg.rf.9eda8c127b0d32eddbe6f3379d28ec98_r0c2.jpg,FP,17,-1,0.0,0,12363,0.0,142.48139245222023
TOSTADA-D_005_jpg.rf.9eda8c127b0d32eddbe6f3379d28ec98_r0c2.jpg,FP,18,-1,0.0,0,3316,0.0,38.21631459771595
TOSTADA-D_005_jpg.rf.9eda8c127b0d32eddbe6f3379d28ec98_r0c2.jpg,FP,20,-1,0.0,0,3836,0.0,44.20922279759903
TOSTADA-D_005_jpg.rf.9eda8c127b0d32eddbe6f3379d28ec98_r0c2.jpg,FN,-1,0,0.0,28440,0,327.76597923975925,0.0
TOSTADA-D_005_jpg.rf.9eda8c127b0d32eddbe6f3379d28ec98_r0c2.jpg,FN,-1,2,0.0,1136,0,13.092199452052267,0.0
TOSTADA-D_005_jpg.rf.9eda8c127b0d32eddbe6f3379d28ec98_r0c2.jpg,FN,-1,3,0.0,1183,0,13.633866154734008,0.0
TOSTADA-D_005_jpg.rf.9eda8c127b0d32eddbe6f3379d28ec98_r0c2.jpg,FN,-1,6,0.0,794,0,9.150709828283011,0.0
TOSTADA-D_005_jpg.rf.9eda8c127b0d32eddbe6f3379d28ec98_r0c2.jpg,FN,-1,9,0.0,1366,0,15.7429088481544,0.0
TOSTADA-D_005_jpg.rf.9eda8c127b0d32eddbe6f3379d28ec98_r0c2.jpg,FN,-1,10,0.0,4369,0,50.351953702479186,0.0
TOSTADA-D_005_jpg.rf.9eda8c127b0d32eddbe6f3379d28ec98_r0c2.jpg,FN,-1,12,0.0,13599,0,156.72607425040385,0.0
TOSTADA-D_005_jpg.rf.9eda8c127b0d32eddbe6f3379d28ec98_r0c2.jpg,FN,-1,15,0.0,15658,0,180.4556857572486,0.0
TOSTADA-D_005_jpg.rf.9eda8c127b0d32eddbe6f3379d28ec98_r0c2.jpg,FN,-1,16,0.0,1080,0,12.446809338218705,0.0
TOSTADA-D_005_jpg.rf.9eda8c127b0d32eddbe6f3379d28ec98_r0c2.jpg,FN,-1,18,0.0,14511,0,167.23671324712188,0.0
TOSTADA-D_005_jpg.rf.9eda8c127b0d32eddbe6f3379d28ec98_r0c2.jpg,FN,-1,19,0.0,3406,0,39.253548709234174,0.0
TOSTADA-D_005_jpg.rf.9eda8c127b0d32eddbe6f3379d28ec98_r0c2.jpg,FN,-1,21,0.0,8945,0,103.08954586145029,0.0
TOSTADA-D_005_jpg.rf.9eda8c127b0d32eddbe6f3379d28ec98_r0c2.jpg,FN,-1,22,0.0,13209,0,152.23139310049154,0.0
TOSTADA-D_005_jpg.rf.9eda8c127b0d32eddbe6f3379d28ec98_r0c2.jpg,FN,-1,23,0.0,4526,0,52.16135098590542,0.0
TOSTADA-D_005_jpg.rf.9eda8c127b0d32eddbe6f3379d28ec98_r1c0.jpg,TP,1,2,0.8860303710275009,17936,18206,206.709233602121,209.82093593667568
TOSTADA-D_005_jpg.rf.9eda8c127b0d32eddbe6f3379d28ec98_r1c0.jpg,TP,5,6,0.8081349804157879,31193,28819,359.49381822875563,332.13388733159707
TOSTADA-D_005_jpg.rf.9eda8c127b0d32eddbe6f3379d28ec98_r1c0.jpg,TP,0,5,0.7646826025011872,10218,12077,117.76064612770253,139.18529294228455
TOSTADA-D_005_jpg.rf.9eda8c127b0d32eddbe6f3379d28ec98_r1c0.jpg,TP,6,4,0.7161551930697632,10598,8024,122.1400790430017,92.47518345358046
TOSTADA-D_005_jpg.rf.9eda8c127b0d32eddbe6f3379d28ec98_r1c0.jpg,TP,8,11,0.710430589628627,10611,9608,122.28990174799878,110.73050381630122
TOSTADA-D_005_jpg.rf.9eda8c127b0d32eddbe6f3379d28ec98_r1c0.jpg,TP,4,0,0.5366412439399314,67259,36704,775.1481011844925,423.00712032405494
TOSTADA-D_005_jpg.rf.9eda8c127b0d32eddbe6f3379d28ec98_r1c0.jpg,FP,2,-1,0.0,0,21692,0.0,249.99647052281495
TOSTADA-D_005_jpg.rf.9eda8c127b0d32eddbe6f3379d28ec98_r1c0.jpg,FP,3,-1,0.0,0,5093,0.0,58.69592588847024
TOSTADA-D_005_jpg.rf.9eda8c127b0d32eddbe6f3379d28ec98_r1c0.jpg,FP,7,-1,0.0,0,1909,0.0,22.000887987647694
TOSTADA-D_005_jpg.rf.9eda8c127b0d32eddbe6f3379d28ec98_r1c0.jpg,FP,9,-1,0.0,0,4664,0.0,53.751776623566705
TOSTADA-D_005_jpg.rf.9eda8c127b0d32eddbe6f3379d28ec98_r1c0.jpg,FP,10,-1,0.0,0,35819,0.0,412.8076515607924
TOSTADA-D_005_jpg.rf.9eda8c127b0d32eddbe6f3379d28ec98_r1c0.jpg,FN,-1,1,0.0,57877,0,667.0222074704482,0.0
TOSTADA-D_005_jpg.rf.9eda8c127b0d32eddbe6f3379d28ec98_r1c0.jpg,FN,-1,3,0.0,11245,0,129.59663982247162,0.0
TOSTADA-D_005_jpg.rf.9eda8c127b0d32eddbe6f3379d28ec98_r1c0.jpg,FN,-1,7,0.0,4860,0,56.010642021984175,0.0
TOSTADA-D_005_jpg.rf.9eda8c127b0d32eddbe6f3379d28ec98_r1c0.jpg,FN,-1,8,0.0,4133,0,47.632095365609175,0.0
TOSTADA-D_005_jpg.rf.9eda8c127b0d32eddbe6f3379d28ec98_r1c0.jpg,FN,-1,9,0.0,25302,0,291.6010832181571,0.0
TOSTADA-D_005_jpg.rf.9eda8c127b0d32eddbe6f3379d28ec98_r1c0.jpg,FN,-1,10,0.0,6109,0,70.40514652516488,0.0
TOSTADA-D_005_jpg.rf.9eda8c127b0d32eddbe6f3379d28ec98_r1c0.jpg,FN,-1,12,0.0,42770,0,492.91669944038335,0.0
TOSTADA-D_005_jpg.rf.9eda8c127b0d32eddbe6f3379d28ec98_r1c0.jpg,FN,-1,13,0.0,12884,0,148.48582547556464,0.0
TOSTADA-D_005_jpg.rf.9eda8c127b0d32eddbe6f3379d28ec98_r1c0.jpg,FN,-1,14,0.0,12146,0,139.98050576111518,0.0
TOSTADA-D_005_jpg.rf.9eda8c127b0d32eddbe6f3379d28ec98_r1c1.jpg,TP,6,2,0.8987917214977869,32688,30800,376.7234293034195,354.96456260845935
TOSTADA-D_005_jpg.rf.9eda8c127b0d32eddbe6f3379d28ec98_r1c1.jpg,TP,8,11,0.8693908315163261,37067,32379,427.1906312405118,373.16225885387354
TOSTADA-D_005_jpg.rf.9eda8c127b0d32eddbe6f3379d28ec98_r1c1.jpg,TP,5,14,0.8218592145999674,22894,21829,263.8493083233139,251.57537133701493
TOSTADA-D_005_jpg.rf.9eda8c127b0d32eddbe6f3379d28ec98_r1c1.jpg,TP,2,6,0.8202511773940345,4844,4432,55.82624484660315,51.078017580541946
TOSTADA-D_005_jpg.rf.9eda8c127b0d32eddbe6f3379d28ec98_r1c1.jpg,TP,0,0,0.8087233643691808,26958,30932,310.68619087009245,356.4858393053528
TOSTADA-D_005_jpg.rf.9eda8c127b0d32eddbe6f3379d28ec98_r1c1.jpg,TP,13,10,0.8026685393258427,3551,4150,40.92464811112465,47.828017364451505
TOSTADA-D_005_jpg.rf.9eda8c127b0d32eddbe6f3379d28ec98_r1c1.jpg,TP,9,15,0.7659060402684563,3630,2948,41.83510916456842,33.97517956395254
TOSTADA-D_005_jpg.rf.9eda8c127b0d32eddbe6f3379d28ec98_r1c1.jpg,TP,1,12,0.7463768115942029,5818,6955,67.05142289792262,80.15514717343619
TOSTADA-D_005_jpg.rf.9eda8c127b0d32eddbe6f3379d28ec98_r1c1.jpg,TP,4,3,0.7313245448838669,3519,4755,40.555853760362616,54.800535558546244
TOSTADA-D_005_jpg.rf.9eda8c127b0d32eddbe6f3379d28ec98_r1c1.jpg,TP,7,5,0.7149565217391304,4215,5646,48.57713088943689,65.06915326257668
TOSTADA-D_005_jpg.rf.9eda8c127b0d32eddbe6f3379d28ec98_r1c1.jpg,TP,14,16,0.694633857100504,3283,2433,37.8359954234926,28.03989548137603
TOSTADA-D_005_jpg.rf.9eda8c127b0d32eddbe6f3379d28ec98_r1c1.jpg,TP,18,18,0.6543459523967381,21215,28690,244.49912973176836,330.64718510508766
TOSTADA-D_005_jpg.rf.9eda8c127b0d32eddbe6f3379d28ec98_r1c1.jpg,TP,17,19,0.5343253816061977,12041,7962,138.77039929767724,91.76064439897901
TOSTADA-D_005_jpg.rf.9eda8c127b0d32eddbe6f3379d28ec98_r1c1.jpg,FP,3,-1,0.0,0,5629,0.0,64.87323126373434
TOSTADA-D_005_jpg.rf.9eda8c127b0d32eddbe6f3379d28ec98_r1c1.jpg,FP,10,-1,0.0,0,7951,0.0,91.63387134090456
TOSTADA-D_005_jpg.rf.9eda8c127b0d32eddbe6f3379d28ec98_r1c1.jpg,FP,11,-1,0.0,0,26546,0.0,305.93796360403127
TOSTADA-D_005_jpg.rf.9eda8c127b0d32eddbe6f3379d28ec98_r1c1.jpg,FP,12,-1,0.0,0,3136,0.0,36.1418463746795
TOSTADA-D_005_jpg.rf.9eda8c127b0d32eddbe6f3379d28ec98_r1c1.jpg,FP,15,-1,0.0,0,1719,0.0,19.811171529998106
TOSTADA-D_005_jpg.rf.9eda8c127b0d32eddbe6f3379d28ec98_r1c1.jpg,FP,16,-1,0.0,0,12018,0.0,138.50532835806703
TOSTADA-D_005_jpg.rf.9eda8c127b0d32eddbe6f3379d28ec98_r1c1.jpg,FN,-1,1,0.0,6951,0,80.10904787959095,0.0
TOSTADA-D_005_jpg.rf.9eda8c127b0d32eddbe6f3379d28ec98_r1c1.jpg,FN,-1,4,0.0,1675,0,19.304079297700305,0.0
TOSTADA-D_005_jpg.rf.9eda8c127b0d32eddbe6f3379d28ec98_r1c1.jpg,FN,-1,7,0.0,1034,0,11.916667458998278,0.0
TOSTADA-D_005_jpg.rf.9eda8c127b0d32eddbe6f3379d28ec98_r1c1.jpg,FN,-1,8,0.0,11795,0,135.9352927261941,0.0
TOSTADA-D_005_jpg.rf.9eda8c127b0d32eddbe6f3379d28ec98_r1c1.jpg,FN,-1,9,0.0,6801,0,78.3803243603939,0.0
TOSTADA-D_005_jpg.rf.9eda8c127b0d32eddbe6f3379d28ec98_r1c1.jpg,FN,-1,13,0.0,16696,0,192.41845251009212,0.0
TOSTADA-D_005_jpg.rf.9eda8c127b0d32eddbe6f3379d28ec98_r1c1.jpg,FN,-1,17,0.0,4760,0,54.85815967585281,0.0
TOSTADA-D_005_jpg.rf.9eda8c127b0d32eddbe6f3379d28ec98_r1c2.jpg,TP,14,11,0.8210347752332485,1156,991,13.32269592127854,11.421100050161794
TOSTADA-D_005_jpg.rf.9eda8c127b0d32eddbe6f3379d28ec98_r1c2.jpg,TP,2,4,0.818537348455221,2098,2552,24.179079621835967,29.41134947327235
TOSTADA-D_005_jpg.rf.9eda8c127b0d32eddbe6f3379d28ec98_r1c2.jpg,TP,3,22,0.800498545907769,10612,11057,122.30142657146008,127.42997301174465
TOSTADA-D_005_jpg.rf.9eda8c127b0d32eddbe6f3379d28ec98_r1c2.jpg,TP,7,2,0.7942659105229993,2677,3018,30.85195240593655,34.78191720624449
TOSTADA-D_005_jpg.rf.9eda8c127b0d32eddbe6f3379d28ec98_r1c2.jpg,TP,9,5,0.7779417189229066,2210,2610,25.46985984950309,30.07978923402854
TOSTADA-D_005_jpg.rf.9eda8c127b0d32eddbe6f3379d28ec98_r1c2.jpg,TP,0,18,0.7555600897775964,4042,4562,46.583336430629636,52.57624463051272
TOSTADA-D_005_jpg.rf.9eda8c127b0d32eddbe6f3379d28ec98_r1c2.jpg,TP,18,20,0.7260356818869066,3124,2584,36.00354849314373,29.780143824034383
TOSTADA-D_005_jpg.rf.9eda8c127b0d32eddbe6f3379d28ec98_r1c2.jpg,TP,8,16,0.7241847826086957,4096,4787,47.20567689754057,55.16932990930828
TOSTADA-D_005_jpg.rf.9eda8c127b0d32eddbe6f3379d28ec98_r1c2.jpg,TP,6,9,0.7121931908155186,2247,2078,25.896278317571696,23.948583152609693
TOSTADA-D_005_jpg.rf.9eda8c127b0d32eddbe6f3379d28ec98_r1c2.jpg,TP,11,6,0.6849474912485414,2510,3266,28.927306887897174,37.64007342465027
TOSTADA-D_005_jpg.rf.9eda8c127b0d32eddbe6f3379d28ec98_r1c2.jpg,TP,20,8,0.6757660167130919,1232,1776,14.198582504338376,20.46808646729298
TOSTADA-D_005_jpg.rf.9eda8c127b0d32eddbe6f3379d28ec98_r1c2.jpg,TP,5,0,0.6588569400070997,1878,2795,21.64361846034697,32.21188157437155
TOSTADA-D_005_jpg.rf.9eda8c127b0d32eddbe6f3379d28ec98_r1c2.jpg,TP,19,25,0.5094453376205788,14048,8485,161.90071998453368,97.78812706924603
TOSTADA-D_005_jpg.rf.9eda8c127b0d32eddbe6f3379d28ec98_r1c2.jpg,FP,1,-1,0.0,0,9568,0.0,110.26951087784867
TOSTADA-D_005_jpg.rf.9eda8c127b0d32eddbe6f3379d28ec98_r1c2.jpg,FP,4,-1,0.0,0,4632,0.0,53.38298227280467
TOSTADA-D_005_jpg.rf.9eda8c127b0d32eddbe6f3379d28ec98_r1c2.jpg,FP,10,-1,0.0,0,14580,0.0,168.03192606595252
TOSTADA-D_005_jpg.rf.9eda8c127b0d32eddbe6f3379d28ec98_r1c2.jpg,FP,12,-1,0.0,0,1992,0.0,22.95744833493672
TOSTADA-D_005_jpg.rf.9eda8c127b0d32eddbe6f3379d28ec98_r1c2.jpg,FP,13,-1,0.0,0,4219,0.0,48.623230183282146
TOSTADA-D_005_jpg.rf.9eda8c127b0d32eddbe6f3379d28ec98_r1c2.jpg,FP,15,-1,0.0,0,3744,0.0,43.14893903915818
TOSTADA-D_005_jpg.rf.9eda8c127b0d32eddbe6f3379d28ec98_r1c2.jpg,FP,16,-1,0.0,0,2268,0.0,26.13829961025928
TOSTADA-D_005_jpg.rf.9eda8c127b0d32eddbe6f3379d28ec98_r1c2.jpg,FP,17,-1,0.0,0,4267,0.0,49.1764217094252
TOSTADA-D_005_jpg.rf.9eda8c127b0d32eddbe6f3379d28ec98_r1c2.jpg,FN,-1,1,0.0,2986,0,34.413122855482456,0.0
TOSTADA-D_005_jpg.rf.9eda8c127b0d32eddbe6f3379d28ec98_r1c2.jpg,FN,-1,3,0.0,851,0,9.807624765577888,0.0
TOSTADA-D_005_jpg.rf.9eda8c127b0d32eddbe6f3379d28ec98_r1c2.jpg,FN,-1,7,0.0,2762,0,31.831562400148208,0.0
TOSTADA-D_005_jpg.rf.9eda8c127b0d32eddbe6f3379d28ec98_r1c2.jpg,FN,-1,10,0.0,14464,0,166.69504654444015,0.0
TOSTADA-D_005_jpg.rf.9eda8c127b0d32eddbe6f3379d28ec98_r1c2.jpg,FN,-1,12,0.0,2175,0,25.066491028357113,0.0
TOSTADA-D_005_jpg.rf.9eda8c127b0d32eddbe6f3379d28ec98_r1c2.jpg,FN,-1,13,0.0,732,0,8.436170773681567,0.0
TOSTADA-D_005_jpg.rf.9eda8c127b0d32eddbe6f3379d28ec98_r1c2.jpg,FN,-1,14,0.0,1465,0,16.883866370824446,0.0
TOSTADA-D_005_jpg.rf.9eda8c127b0d32eddbe6f3379d28ec98_r1c2.jpg,FN,-1,15,0.0,18919,0,218.0381350645923,0.0
TOSTADA-D_005_jpg.rf.9eda8c127b0d32eddbe6f3379d28ec98_r1c2.jpg,FN,-1,17,0.0,20122,0,231.9024976885526,0.0
TOSTADA-D_005_jpg.rf.9eda8c127b0d32eddbe6f3379d28ec98_r1c2.jpg,FN,-1,19,0.0,32431,0,373.76154967386185,0.0
TOSTADA-D_005_jpg.rf.9eda8c127b0d32eddbe6f3379d28ec98_r1c2.jpg,FN,-1,21,0.0,1685,0,19.419327532313442,0.0
TOSTADA-D_005_jpg.rf.9eda8c127b0d32eddbe6f3379d28ec98_r1c2.jpg,FN,-1,23,0.0,21022,0,242.27483880373484,0.0
TOSTADA-D_005_jpg.rf.9eda8c127b0d32eddbe6f3379d28ec98_r1c2.jpg,FN,-1,24,0.0,5125,0,59.06472023923228,0.0
TOSTADA-D_005_jpg.rf.9eda8c127b0d32eddbe6f3379d28ec98_r2c0.jpg,TP,6,12,0.8818417732066757,40606,38437,467.97698147010067,442.97963938251144
TOSTADA-D_005_jpg.rf.9eda8c127b0d32eddbe6f3379d28ec98_r2c0.jpg,TP,3,8,0.8577263647476223,31117,31193,358.61793164569576,359.49381822875563
TOSTADA-D_005_jpg.rf.9eda8c127b0d32eddbe6f3379d28ec98_r2c0.jpg,TP,0,15,0.8517451523545706,8430,8282,97.15426177887377,95.44858790659937
TOSTADA-D_005_jpg.rf.9eda8c127b0d32eddbe6f3379d28ec98_r2c0.jpg,TP,15,0,0.831788975312817,27664,26502,318.8227162337799,305.4308713717335
TOSTADA-D_005_jpg.rf.9eda8c127b0d32eddbe6f3379d28ec98_r2c0.jpg,TP,12,6,0.771494785631518,4050,3594,46.67553501832015,41.42021551996113
TOSTADA-D_005_jpg.rf.9eda8c127b0d32eddbe6f3379d28ec98_r2c0.jpg,TP,7,4,0.7625253893026405,5861,4552,67.5469903067591,52.46099639589958
TOSTADA-D_005_jpg.rf.9eda8c127b0d32eddbe6f3379d28ec98_r2c0.jpg,TP,5,5,0.75391623152983,8054,7733,92.82092815741986,89.1214598263382
TOSTADA-D_005_jpg.rf.9eda8c127b0d32eddbe6f3379d28ec98_r2c0.jpg,TP,2,3,0.6222746022392457,41880,32451,482.6596065598142,373.99204614308815
TOSTADA-D_005_jpg.rf.9eda8c127b0d32eddbe6f3379d28ec98_r2c0.jpg,TP,1,7,0.5846538274012677,15954,10047,183.86703350179744,115.7899013158179
TOSTADA-D_005_jpg.rf.9eda8c127b0d32eddbe6f3379d28ec98_r2c0.jpg,FP,4,-1,0.0,0,12304,0.0,141.80142786800272
TOSTADA-D_005_jpg.rf.9eda8c127b0d32eddbe6f3379d28ec98_r2c0.jpg,FP,8,-1,0.0,0,6702,0.0,77.23936683772385
TOSTADA-D_005_jpg.rf.9eda8c127b0d32eddbe6f3379d28ec98_r2c0.jpg,FP,9,-1,0.0,0,10527,0.0,121.32181657724843
TOSTADA-D_005_jpg.rf.9eda8c127b0d32eddbe6f3379d28ec98_r2c0.jpg,FP,10,-1,0.0,0,3484,0.0,40.152484939216635
TOSTADA-D_005_jpg.rf.9eda8c127b0d32eddbe6f3379d28ec98_r2c0.jpg,FP,11,-1,0.0,0,42036,0.0,484.45747901977916
TOSTADA-D_005_jpg.rf.9eda8c127b0d32eddbe6f3379d28ec98_r2c0.jpg,FP,13,-1,0.0,0,26307,0.0,303.1835307967773
TOSTADA-D_005_jpg.rf.9eda8c127b0d32eddbe6f3379d28ec98_r2c0.jpg,FP,14,-1,0.0,0,15921,0.0,183.48671432757408
TOSTADA-D_005_jpg.rf.9eda8c127b0d32eddbe6f3379d28ec98_r2c0.jpg,FN,-1,1,0.0,3152,0,36.32624355006052,0.0
TOSTADA-D_005_jpg.rf.9eda8c127b0d32eddbe6f3379d28ec98_r2c0.jpg,FN,-1,2,0.0,14455,0,166.5913231332883,0.0
TOSTADA-D_005_jpg.rf.9eda8c127b0d32eddbe6f3379d28ec98_r2c0.jpg,FN,-1,9,0.0,74244,0,855.6489930617681,0.0
TOSTADA-D_005_jpg.rf.9eda8c127b0d32eddbe6f3379d28ec98_r2c0.jpg,FN,-1,10,0.0,140028,0,1613.797979640823,0.0
TOSTADA-D_005_jpg.rf.9eda8c127b0d32eddbe6f3379d28ec98_r2c0.jpg,FN,-1,11,0.0,1921,0,22.139185869183457,0.0
TOSTADA-D_005_jpg.rf.9eda8c127b0d32eddbe6f3379d28ec98_r2c0.jpg,FN,-1,13,0.0,9220,0,106.25887231331154,0.0
TOSTADA-D_005_jpg.rf.9eda8c127b0d32eddbe6f3379d28ec98_r2c0.jpg,FN,-1,14,0.0,7053,0,81.28457987264493,0.0
TOSTADA-D_005_jpg.rf.9eda8c127b0d32eddbe6f3379d28ec98_r2c1.jpg,TP,11,0,0.8461787041525287,10973,11879,126.46188784099431,136.90337789694445
TOSTADA-D_005_jpg.rf.9eda8c127b0d32eddbe6f3379d28ec98_r2c1.jpg,TP,7,3,0.8257638315441783,1145,1066,13.19592286320409,12.285461809760314
TOSTADA-D_005_jpg.rf.9eda8c127b0d32eddbe6f3379d28ec98_r2c1.jpg,TP,13,5,0.8094144661308841,15969,15551,184.03990585371713,179.22252964688803
TOSTADA-D_005_jpg.rf.9eda8c127b0d32eddbe6f3379d28ec98_r2c1.jpg,TP,4,1,0.7959772456846669,53224,56961,613.3972039049559,656.4654691798848
TOSTADA-D_005_jpg.rf.9eda8c127b0d32eddbe6f3379d28ec98_r2c1.jpg,TP,0,11,0.7847400405131668,7102,6114,81.8492962222493,70.46277064247144
TOSTADA-D_005_jpg.rf.9eda8c127b0d32eddbe6f3379d28ec98_r2c1.jpg,TP,2,2,0.7422902223284724,3260,4028,37.570924483882386,46.42198890217124
TOSTADA-D_005_jpg.rf.9eda8c127b0d32eddbe6f3379d28ec98_r2c1.jpg,TP,10,7,0.6638396299151889,864,1294,9.957447470574964,14.91312155893982
TOSTADA-D_005_jpg.rf.9eda8c127b0d32eddbe6f3379d28ec98_r2c1.jpg,TP,8,8,0.6068811723478815,6118,3970,70.5088699363167,45.75354914141506
TOSTADA-D_005_jpg.rf.9eda8c127b0d32eddbe6f3379d28ec98_r2c1.jpg,FP,1,-1,0.0,0,1908,0.0,21.98936316418638
TOSTADA-D_005_jpg.rf.9eda8c127b0d32eddbe6f3379d28ec98_r2c1.jpg,FP,3,-1,0.0,0,3472,0.0,40.01418705768087
TOSTADA-D_005_jpg.rf.9eda8c127b0d32eddbe6f3379d28ec98_r2c1.jpg,FP,5,-1,0.0,0,5470,0.0,63.04078433338548
TOSTADA-D_005_jpg.rf.9eda8c127b0d32eddbe6f3379d28ec98_r2c1.jpg,FP,6,-1,0.0,0,3027,0.0,34.88564061739631
TOSTADA-D_005_jpg.rf.9eda8c127b0d32eddbe6f3379d28ec98_r2c1.jpg,FP,9,-1,0.0,0,903,0.0,10.406915585566194
TOSTADA-D_005_jpg.rf.9eda8c127b0d32eddbe6f3379d28ec98_r2c1.jpg,FP,12,-1,0.0,0,20977,0.0,241.75622174797573
TOSTADA-D_005_jpg.rf.9eda8c127b0d32eddbe6f3379d28ec98_r2c1.jpg,FN,-1,4,0.0,10164,0,117.13830566079159,0.0
TOSTADA-D_005_jpg.rf.9eda8c127b0d32eddbe6f3379d28ec98_r2c1.jpg,FN,-1,6,0.0,7073,0,81.51507634187121,0.0
TOSTADA-D_005_jpg.rf.9eda8c127b0d32eddbe6f3379d28ec98_r2c1.jpg,FN,-1,9,0.0,9330,0,107.52660289405604,0.0
TOSTADA-D_005_jpg.rf.9eda8c127b0d32eddbe6f3379d28ec98_r2c1.jpg,FN,-1,10,0.0,16169,0,186.34487054597986,0.0
TOSTADA-D_005_jpg.rf.9eda8c127b0d32eddbe6f3379d28ec98_r2c2.jpg,TP,0,11,0.8929804372842347,6636,6524,76.47872848927716,75.18794826161003
TOSTADA-D_005_jpg.rf.9eda8c127b0d32eddbe6f3379d28ec98_r2c2.jpg,TP,2,8,0.8875337092424613,15332,15465,176.69859330886035,178.23139482921508
TOSTADA-D_005_jpg.rf.9eda8c127b0d32eddbe6f3379d28ec98_r2c2.jpg,TP,6,2,0.7518208500924013,8420,7695,97.03901354426064,88.68351653480828
TOSTADA-D_005_jpg.rf.9eda8c127b0d32eddbe6f3379d28ec98_r2c2.jpg,TP,7,0,0.6800550837732384,6119,8521,70.52039475977801,98.20302071385332
TOSTADA-D_005_jpg.rf.9eda8c127b0d32eddbe6f3379d28ec98_r2c2.jpg,TP,1,1,0.6272437510484818,5231,4469,60.286351526131526,51.50443604861055
TOSTADA-D_005_jpg.rf.9eda8c127b0d32eddbe6f3379d28ec98_r2c2.jpg,FP,3,-1,0.0,0,2579,0.0,29.722519706727816
TOSTADA-D_005_jpg.rf.9eda8c127b0d32eddbe6f3379d28ec98_r2c2.jpg,FP,4,-1,0.0,0,6338,0.0,73.0443310978057
TOSTADA-D_005_jpg.rf.9eda8c127b0d32eddbe6f3379d28ec98_r2c2.jpg,FP,5,-1,0.0,0,2555,0.0,29.44592394365629
TOSTADA-D_005_jpg.rf.9eda8c127b0d32eddbe6f3379d28ec98_r2c2.jpg,FN,-1,3,0.0,9729,0,112.12500745512017,0.0
TOSTADA-D_005_jpg.rf.9eda8c127b0d32eddbe6f3379d28ec98_r2c2.jpg,FN,-1,4,0.0,4464,0,51.446811931303984,0.0
TOSTADA-D_005_jpg.rf.9eda8c127b0d32eddbe6f3379d28ec98_r2c2.jpg,FN,-1,5,0.0,7044,0,81.18085646149311,0.0
TOSTADA-D_005_jpg.rf.9eda8c127b0d32eddbe6f3379d28ec98_r2c2.jpg,FN,-1,6,0.0,10420,0,120.08866046688787,0.0
TOSTADA-D_005_jpg.rf.9eda8c127b0d32eddbe6f3379d28ec98_r2c2.jpg,FN,-1,7,0.0,8794,0,101.34929751879194,0.0
TOSTADA-D_005_jpg.rf.9eda8c127b0d32eddbe6f3379d28ec98_r2c2.jpg,FN,-1,9,0.0,12509,0,144.16401667757202,0.0
TOSTADA-D_005_jpg.rf.9eda8c127b0d32eddbe6f3379d28ec98_r2c2.jpg,FN,-1,10,0.0,3472,0,40.01418705768087,0.0
TOSTADA-G_004_jpg.rf.a8373c1bf8f08d538788901740142a7d_r0c0.jpg,TP,3,4,0.9263756384311458,9719,10271,112.00975922050704,118.37146177115214
TOSTADA-G_004_jpg.rf.a8373c1bf8f08d538788901740142a7d_r0c0.jpg,TP,13,7,0.8947514414218066,48738,46892,561.696845857503,540.422021747918
TOSTADA-G_004_jpg.rf.a8373c1bf8f08d538788901740142a7d_r0c0.jpg,TP,6,5,0.8681559917355371,7046,7421,81.20390610841574,85.52571490640834
TOSTADA-G_004_jpg.rf.a8373c1bf8f08d538788901740142a7d_r0c0.jpg,TP,11,8,0.8579063767047549,4804,5277,55.36525190815061,60.81649340535195
TOSTADA-G_004_jpg.rf.a8373c1bf8f08d538788901740142a7d_r0c0.jpg,TP,2,23,0.853588727432849,8237,8601,94.92997085084025,99.1250065907584
TOSTADA-G_004_jpg.rf.a8373c1bf8f08d538788901740142a7d_r0c0.jpg,TP,1,0,0.83996096608929,6925,8159,79.80940246959679,94.0310346208578
TOSTADA-G_004_jpg.rf.a8373c1bf8f08d538788901740142a7d_r0c0.jpg,TP,9,12,0.8012606599925843,2310,2548,26.622342195634452,29.365250179427093
TOSTADA-G_004_jpg.rf.a8373c1bf8f08d538788901740142a7d_r0c0.jpg,TP,7,24,0.7958143278776496,3394,3299,39.11525082769841,38.02039259887362
TOSTADA-G_004_jpg.rf.a8373c1bf8f08d538788901740142a7d_r0c0.jpg,TP,8,3,0.7844842284739983,9515,11417,109.65869523439905,131.57890945781756
TOSTADA-G_004_jpg.rf.a8373c1bf8f08d538788901740142a7d_r0c0.jpg,TP,4,6,0.7687675632276194,3893,4919,44.866137734893904,56.690606606201676
TOSTADA-G_004_jpg.rf.a8373c1bf8f08d538788901740142a7d_r0c0.jpg,TP,5,15,0.7550351288056206,4836,6405,55.73404625891265,73.81649426971371
TOSTADA-G_004_jpg.rf.a8373c1bf8f08d538788901740142a7d_r0c0.jpg,TP,10,2,0.7464019851116626,3969,3069,45.74202431795374,35.36968320277148
TOSTADA-G_004_jpg.rf.a8373c1bf8f08d538788901740142a7d_r0c0.jpg,TP,14,11,0.7004140007527286,2145,2373,24.720746324517705,27.34840607369721
TOSTADA-G_004_jpg.rf.a8373c1bf8f08d538788901740142a7d_r0c0.jpg,TP,0,16,0.6897557418884434,1968,2667,22.680852571865195,30.736704171323414
TOSTADA-G_004_jpg.rf.a8373c1bf8f08d538788901740142a7d_r0c0.jpg,TP,12,10,0.6568062827225131,10487,8500,120.86082363879589,97.96099942116574
TOSTADA-G_004_jpg.rf.a8373c1bf8f08d538788901740142a7d_r0c0.jpg,FN,-1,1,0.0,8579,0,98.8714604746095,0.0
TOSTADA-G_004_jpg.rf.a8373c1bf8f08d538788901740142a7d_r0c0.jpg,FN,-1,9,0.0,1245,0,14.348405209335452,0.0
TOSTADA-G_004_jpg.rf.a8373c1bf8f08d538788901740142a7d_r0c0.jpg,FN,-1,13,0.0,1221,0,14.071809446263925,0.0
TOSTADA-G_004_jpg.rf.a8373c1bf8f08d538788901740142a7d_r0c0.jpg,FN,-1,14,0.0,2481,0,28.59308700751908,0.0
TOSTADA-G_004_jpg.rf.a8373c1bf8f08d538788901740142a7d_r0c0.jpg,FN,-1,17,0.0,1278,0,14.7287243835588,0.0
TOSTADA-G_004_jpg.rf.a8373c1bf8f08d538788901740142a7d_r0c0.jpg,FN,-1,18,0.0,1866,0,21.505320578811208,0.0
TOSTADA-G_004_jpg.rf.a8373c1bf8f08d538788901740142a7d_r0c0.jpg,FN,-1,19,0.0,2021,0,23.291668215314818,0.0
TOSTADA-G_004_jpg.rf.a8373c1bf8f08d538788901740142a7d_r0c0.jpg,FN,-1,20,0.0,3332,0,38.400711773096965,0.0
TOSTADA-G_004_jpg.rf.a8373c1bf8f08d538788901740142a7d_r0c0.jpg,FN,-1,21,0.0,1590,0,18.324469303488648,0.0
TOSTADA-G_004_jpg.rf.a8373c1bf8f08d538788901740142a7d_r0c0.jpg,FN,-1,22,0.0,2478,0,28.55851253713514,0.0
TOSTADA-G_004_jpg.rf.a8373c1bf8f08d538788901740142a7d_r0c0.jpg,FN,-1,25,0.0,13223,0,152.39274062894995,0.0
TOSTADA-G_004_jpg.rf.a8373c1bf8f08d538788901740142a7d_r0c0.jpg,FN,-1,26,0.0,2943,0,33.91755544664597,0.0
TOSTADA-G_004_jpg.rf.a8373c1bf8f08d538788901740142a7d_r0c1.jpg,TP,4,6,0.8430121250797703,5633,5919,64.9193305575796,68.21543006751529
TOSTADA-G_004_jpg.rf.a8373c1bf8f08d538788901740142a7d_r0c1.jpg,TP,0,5,0.7801628423390081,2669,2141,30.75975381824604,24.67464703067245
TOSTADA-G_004_jpg.rf.a8373c1bf8f08d538788901740142a7d_r0c1.jpg,TP,5,2,0.7751196172248804,934,921,10.764185112866917,10.61436240786984
TOSTADA-G_004_jpg.rf.a8373c1bf8f08d538788901740142a7d_r0c1.jpg,TP,2,1,0.7498250174982501,15318,19682,176.53724578040197,226.8315753655746
TOSTADA-G_004_jpg.rf.a8373c1bf8f08d538788901740142a7d_r0c1.jpg,TP,1,4,0.6382978723404256,3570,2898,41.143619756889606,33.39893839088686
TOSTADA-G_004_jpg.rf.a8373c1bf8f08d538788901740142a7d_r0c1.jpg,FP,3,-1,0.0,0,44284,0.0,510.36528216081217
TOSTADA-G_004_jpg.rf.a8373c1bf8f08d538788901740142a7d_r0c1.jpg,FN,-1,0,0.0,140361,0,1617.6357458534405,0.0
TOSTADA-G_004_jpg.rf.a8373c1bf8f08d538788901740142a7d_r0c1.jpg,FN,-1,3,0.0,70947,0,817.6516501098171,0.0
TOSTADA-G_004_jpg.rf.a8373c1bf8f08d538788901740142a7d_r0c1.jpg,FN,-1,7,0.0,5697,0,65.65691925910367,0.0
TOSTADA-G_004_jpg.rf.a8373c1bf8f08d538788901740142a7d_r0c1.jpg,FN,-1,8,0.0,2073,0,23.890959035303126,0.0
TOSTADA-G_004_jpg.rf.a8373c1bf8f08d538788901740142a7d_r0c1.jpg,FN,-1,9,0.0,6866,0,79.12943788537929,0.0
TOSTADA-G_004_jpg.rf.a8373c1bf8f08d538788901740142a7d_r0c1.jpg,FN,-1,10,0.0,1462,0,16.849291900440505,0.0
TOSTADA-G_004_jpg.rf.a8373c1bf8f08d538788901740142a7d_r0c2.jpg,TP,0,1,0.890578371465113,6393,6911,73.67819638817795,79.6480549411384
TOSTADA-G_004_jpg.rf.a8373c1bf8f08d538788901740142a7d_r0c2.jpg,TP,3,17,0.8503253796095445,922,784,10.625887231331154,9.035461593669876
TOSTADA-G_004_jpg.rf.a8373c1bf8f08d538788901740142a7d_r0c2.jpg,TP,9,8,0.8345854663918623,26735,28453,308.1161552382195,327.9158019447563
TOSTADA-G_004_jpg.rf.a8373c1bf8f08d538788901740142a7d_r0c2.jpg,TP,2,7,0.8239306432077517,26934,30290,310.40959510702095,349.08690264318943
TOSTADA-G_004_jpg.rf.a8373c1bf8f08d538788901740142a7d_r0c2.jpg,TP,4,11,0.7767980159823643,6104,6792,70.3475224078583,78.27660094924208
TOSTADA-G_004_jpg.rf.a8373c1bf8f08d538788901740142a7d_r0c2.jpg,TP,5,4,0.6060140519060202,31544,46860,363.5390312636767,540.0532273971561
TOSTADA-G_004_jpg.rf.a8373c1bf8f08d538788901740142a7d_r0c2.jpg,FP,1,-1,0.0,0,15260,0.0,175.86880601964577
TOSTADA-G_004_jpg.rf.a8373c1bf8f08d538788901740142a7d_r0c2.jpg,FP,6,-1,0.0,0,33680,0.0,388.15605417704256
TOSTADA-G_004_jpg.rf.a8373c1bf8f08d538788901740142a7d_r0c2.jpg,FP,7,-1,0.0,0,1305,0.0,15.03989461701427
TOSTADA-G_004_jpg.rf.a8373c1bf8f08d538788901740142a7d_r0c2.jpg,FP,8,-1,0.0,0,14013,0.0,161.4973511633877
TOSTADA-G_004_jpg.rf.a8373c1bf8f08d538788901740142a7d_r0c2.jpg,FP,10,-1,0.0,0,25595,0.0,294.977856492322
TOSTADA-G_004_jpg.rf.a8373c1bf8f08d538788901740142a7d_r0c2.jpg,FN,-1,0,0.0,39721,0,457.77751270683814,0.0
TOSTADA-G_004_jpg.rf.a8373c1bf8f08d538788901740142a7d_r0c2.jpg,FN,-1,2,0.0,5380,0,62.00355022186725,0.0
TOSTADA-G_004_jpg.rf.a8373c1bf8f08d538788901740142a7d_r0c2.jpg,FN,-1,3,0.0,7680,0,88.51064418288857,0.0
TOSTADA-G_004_jpg.rf.a8373c1bf8f08d538788901740142a7d_r0c2.jpg,FN,-1,5,0.0,4093,0,47.171102427156626,0.0
TOSTADA-G_004_jpg.rf.a8373c1bf8f08d538788901740142a7d_r0c2.jpg,FN,-1,6,0.0,10621,0,122.40514998261192,0.0
TOSTADA-G_004_jpg.rf.a8373c1bf8f08d538788901740142a7d_r0c2.jpg,FN,-1,9,0.0,228,0,2.6276597491795046,0.0
TOSTADA-G_004_jpg.rf.a8373c1bf8f08d538788901740142a7d_r0c2.jpg,FN,-1,10,0.0,5803,0,66.87855054600291,0.0
TOSTADA-G_004_jpg.rf.a8373c1bf8f08d538788901740142a7d_r0c2.jpg,FN,-1,12,0.0,2544,0,29.319150885581838,0.0
TOSTADA-G_004_jpg.rf.a8373c1bf8f08d538788901740142a7d_r0c2.jpg,FN,-1,13,0.0,3116,0,35.91134990545323,0.0
TOSTADA-G_004_jpg.rf.a8373c1bf8f08d538788901740142a7d_r0c2.jpg,FN,-1,14,0.0,1713,0,19.742022589230224,0.0
TOSTADA-G_004_jpg.rf.a8373c1bf8f08d538788901740142a7d_r0c2.jpg,FN,-1,15,0.0,3391,0,39.08067635731447,0.0
TOSTADA-G_004_jpg.rf.a8373c1bf8f08d538788901740142a7d_r0c2.jpg,FN,-1,16,0.0,8028,0,92.5212827474257,0.0
TOSTADA-G_004_jpg.rf.a8373c1bf8f08d538788901740142a7d_r1c0.jpg,TP,14,7,0.9054477461087528,18103,19602,208.63387912016037,225.9095894886695
TOSTADA-G_004_jpg.rf.a8373c1bf8f08d538788901740142a7d_r1c0.jpg,TP,5,26,0.8852060861490106,13300,13091,153.28015203547108,150.87146393205654
TOSTADA-G_004_jpg.rf.a8373c1bf8f08d538788901740142a7d_r1c0.jpg,TP,7,3,0.8772526351581095,5518,5524,63.593975859528534,63.663124800296416
TOSTADA-G_004_jpg.rf.a8373c1bf8f08d538788901740142a7d_r1c0.jpg,TP,0,17,0.8549194601654332,8792,8251,101.32624787186931,95.09131837929864
TOSTADA-G_004_jpg.rf.a8373c1bf8f08d538788901740142a7d_r1c0.jpg,TP,10,12,0.8417140866333759,7886,7973,90.88475781591917,91.88741745705346
TOSTADA-G_004_jpg.rf.a8373c1bf8f08d538788901740142a7d_r1c0.jpg,TP,6,16,0.8379188712522045,4827,5594,55.63032284776082,64.46986244258837
TOSTADA-G_004_jpg.rf.a8373c1bf8f08d538788901740142a7d_r1c0.jpg,TP,1,6,0.8375194764724213,15479,14004,178.39274235767346,161.3936277522359
TOSTADA-G_004_jpg.rf.a8373c1bf8f08d538788901740142a7d_r1c0.jpg,TP,13,13,0.8342575477510783,2994,2960,34.50532144317297,34.1134774454883
TOSTADA-G_004_jpg.rf.a8373c1bf8f08d538788901740142a7d_r1c0.jpg,TP,2,25,0.8053489195890896,4855,5338,55.9530179046776,61.51950763649208
TOSTADA-G_004_jpg.rf.a8373c1bf8f08d538788901740142a7d_r1c0.jpg,TP,11,21,0.803751143641354,1875,2068,21.60904398996303,23.833334917996556
TOSTADA-G_004_jpg.rf.a8373c1bf8f08d538788901740142a7d_r1c0.jpg,TP,4,19,0.7789191603394372,3488,4478,40.198584233061894,51.60815945976237
TOSTADA-G_004_jpg.rf.a8373c1bf8f08d538788901740142a7d_r1c0.jpg,TP,3,4,0.7366976972072513,19252,16194,221.87590127720972,186.6329911325127
TOSTADA-G_004_jpg.rf.a8373c1bf8f08d538788901740142a7d_r1c0.jpg,TP,8,14,0.6325283243887895,6126,4825,70.6010685240072,55.60727320083819
TOSTADA-G_004_jpg.rf.a8373c1bf8f08d538788901740142a7d_r1c0.jpg,TP,15,0,0.5292785887790958,71081,58611,819.1959764536331,675.4814278910524
TOSTADA-G_004_jpg.rf.a8373c1bf8f08d538788901740142a7d_r1c0.jpg,FP,9,-1,0.0,0,3852,0.0,44.39361997298005
TOSTADA-G_004_jpg.rf.a8373c1bf8f08d538788901740142a7d_r1c0.jpg,FP,12,-1,0.0,0,3451,0.0,39.77216576499329
TOSTADA-G_004_jpg.rf.a8373c1bf8f08d538788901740142a7d_r1c0.jpg,FN,-1,1,0.0,15954,0,183.86703350179744,0.0
TOSTADA-G_004_jpg.rf.a8373c1bf8f08d538788901740142a7d_r1c0.jpg,FN,-1,2,0.0,49871,0,574.7544708391713,0.0
TOSTADA-G_004_jpg.rf.a8373c1bf8f08d538788901740142a7d_r1c0.jpg,FN,-1,5,0.0,2206,0,25.423760555657836,0.0
TOSTADA-G_004_jpg.rf.a8373c1bf8f08d538788901740142a7d_r1c0.jpg,FN,-1,8,0.0,9304,0,107.22695748406188,0.0
TOSTADA-G_004_jpg.rf.a8373c1bf8f08d538788901740142a7d_r1c0.jpg,FN,-1,9,0.0,4608,0,53.10638650973314,0.0
TOSTADA-G_004_jpg.rf.a8373c1bf8f08d538788901740142a7d_r1c0.jpg,FN,-1,10,0.0,6119,0,70.52039475977801,0.0
TOSTADA-G_004_jpg.rf.a8373c1bf8f08d538788901740142a7d_r1c0.jpg,FN,-1,11,0.0,2978,0,34.320924267791945,0.0
TOSTADA-G_004_jpg.rf.a8373c1bf8f08d538788901740142a7d_r1c0.jpg,FN,-1,15,0.0,5459,0,62.914011275311026,0.0
TOSTADA-G_004_jpg.rf.a8373c1bf8f08d538788901740142a7d_r1c0.jpg,FN,-1,18,0.0,19363,0,223.15515668141555,0.0
TOSTADA-G_004_jpg.rf.a8373c1bf8f08d538788901740142a7d_r1c0.jpg,FN,-1,20,0.0,4835,0,55.722521435451334,0.0
TOSTADA-G_004_jpg.rf.a8373c1bf8f08d538788901740142a7d_r1c0.jpg,FN,-1,22,0.0,3966,0,45.7074498475698,0.0
TOSTADA-G_004_jpg.rf.a8373c1bf8f08d538788901740142a7d_r1c0.jpg,FN,-1,23,0.0,2923,0,33.687058977419696,0.0
TOSTADA-G_004_jpg.rf.a8373c1bf8f08d538788901740142a7d_r1c0.jpg,FN,-1,24,0.0,2187,0,25.204788909892876,0.0
TOSTADA-G_004_jpg.rf.a8373c1bf8f08d538788901740142a7d_r1c1.jpg,TP,3,10,0.8796936924833748,14679,13304,169.17288358862257,153.32625132931634
TOSTADA-G_004_jpg.rf.a8373c1bf8f08d538788901740142a7d_r1c1.jpg,TP,9,12,0.86644171111353,8548,8599,98.51419094730879,99.10195694383579
TOSTADA-G_004_jpg.rf.a8373c1bf8f08d538788901740142a7d_r1c1.jpg,TP,4,5,0.8554808216687875,15960,14661,183.9361824425653,168.96543676631893
TOSTADA-G_004_jpg.rf.a8373c1bf8f08d538788901740142a7d_r1c1.jpg,TP,11,6,0.83543428132206,10919,12960,125.83954737408337,149.36171205862445
TOSTADA-G_004_jpg.rf.a8373c1bf8f08d538788901740142a7d_r1c1.jpg,TP,5,7,0.7709585574185385,5181,6015,59.71011035306584,69.3218131198014
TOSTADA-G_004_jpg.rf.a8373c1bf8f08d538788901740142a7d_r1c1.jpg,TP,2,11,0.7130815081296512,26145,22426,301.31650939604447,258.45569094341914
TOSTADA-G_004_jpg.rf.a8373c1bf8f08d538788901740142a7d_r1c1.jpg,TP,7,4,0.6799956837415795,62257,46726,717.5009342310018,538.50890105334
TOSTADA-G_004_jpg.rf.a8373c1bf8f08d538788901740142a7d_r1c1.jpg,TP,8,8,0.6660250926717992,13448,9923,154.9858259077455,114.36082320661501
TOSTADA-G_004_jpg.rf.a8373c1bf8f08d538788901740142a7d_r1c1.jpg,FP,0,-1,0.0,0,5462,0.0,62.94858574569497
TOSTADA-G_004_jpg.rf.a8373c1bf8f08d538788901740142a7d_r1c1.jpg,FP,1,-1,0.0,0,4185,0.0,48.23138618559748
TOSTADA-G_004_jpg.rf.a8373c1bf8f08d538788901740142a7d_r1c1.jpg,FP,6,-1,0.0,0,21434,0.0,247.02306606979604
TOSTADA-G_004_jpg.rf.a8373c1bf8f08d538788901740142a7d_r1c1.jpg,FP,10,-1,0.0,0,5248,0.0,60.482273524973856
TOSTADA-G_004_jpg.rf.a8373c1bf8f08d538788901740142a7d_r1c1.jpg,FN,-1,0,0.0,16148,0,186.10284925329228,0.0
TOSTADA-G_004_jpg.rf.a8373c1bf8f08d538788901740142a7d_r1c1.jpg,FN,-1,1,0.0,18458,0,212.72519144892672,0.0
TOSTADA-G_004_jpg.rf.a8373c1bf8f08d538788901740142a7d_r1c1.jpg,FN,-1,2,0.0,5439,0,62.68351480608476,0.0
TOSTADA-G_004_jpg.rf.a8373c1bf8f08d538788901740142a7d_r1c1.jpg,FN,-1,3,0.0,23854,0,274.913138846175,0.0
TOSTADA-G_004_jpg.rf.a8373c1bf8f08d538788901740142a7d_r1c1.jpg,FN,-1,9,0.0,9289,0,107.05408513214218,0.0
TOSTADA-G_004_jpg.rf.a8373c1bf8f08d538788901740142a7d_r1c2.jpg,TP,0,3,0.9303840361445783,50008,52534,576.3333716533713,605.4450757166495
TOSTADA-G_004_jpg.rf.a8373c1bf8f08d538788901740142a7d_r1c2.jpg,TP,4,9,0.8671617161716172,1097,1166,12.642731337061036,13.437944155891676
TOSTADA-G_004_jpg.rf.a8373c1bf8f08d538788901740142a7d_r1c2.jpg,TP,3,0,0.8394236174808415,31004,31163,357.31562659456733,359.1480735249162
TOSTADA-G_004_jpg.rf.a8373c1bf8f08d538788901740142a7d_r1c2.jpg,TP,1,1,0.7299509001636661,19499,17496,224.7225326721542,201.638311279143
TOSTADA-G_004_jpg.rf.a8373c1bf8f08d538788901740142a7d_r1c2.jpg,TP,5,10,0.5207729860027954,33678,41398,388.13300453011993,477.10464165146107
TOSTADA-G_004_jpg.rf.a8373c1bf8f08d538788901740142a7d_r1c2.jpg,FP,2,-1,0.0,0,92428,0.0,1065.216382882295
TOSTADA-G_004_jpg.rf.a8373c1bf8f08d538788901740142a7d_r1c2.jpg,FN,-1,2,0.0,29792,0,343.34754055945524,0.0
TOSTADA-G_004_jpg.rf.a8373c1bf8f08d538788901740142a7d_r1c2.jpg,FN,-1,4,0.0,18231,0,210.10905652320852,0.0
TOSTADA-G_004_jpg.rf.a8373c1bf8f08d538788901740142a7d_r1c2.jpg,FN,-1,5,0.0,2528,0,29.13475371020082,0.0
TOSTADA-G_004_jpg.rf.a8373c1bf8f08d538788901740142a7d_r1c2.jpg,FN,-1,6,0.0,12238,0,141.04078951955603,0.0
TOSTADA-G_004_jpg.rf.a8373c1bf8f08d538788901740142a7d_r1c2.jpg,FN,-1,7,0.0,3977,0,45.83422290564425,0.0
TOSTADA-G_004_jpg.rf.a8373c1bf8f08d538788901740142a7d_r1c2.jpg,FN,-1,8,0.0,42692,0,492.01776321040086,0.0
TOSTADA-G_004_jpg.rf.a8373c1bf8f08d538788901740142a7d_r1c2.jpg,FN,-1,11,0.0,9635,0,111.0416740497567,0.0
TOSTADA-G_004_jpg.rf.a8373c1bf8f08d538788901740142a7d_r2c0.jpg,TP,0,20,0.9285026581271715,22807,23263,262.84664868217965,268.1019681805386
TOSTADA-G_004_jpg.rf.a8373c1bf8f08d538788901740142a7d_r2c0.jpg,TP,2,9,0.8990996584911518,5826,6408,67.14362148561312,73.85106874009765
TOSTADA-G_004_jpg.rf.a8373c1bf8f08d538788901740142a7d_r2c0.jpg,TP,4,7,0.8758566978193146,17793,18336,205.06118384715316,211.31916298664646
TOSTADA-G_004_jpg.rf.a8373c1bf8f08d538788901740142a7d_r2c0.jpg,TP,10,15,0.8525019648938957,3700,3371,42.64184680686038,38.8501798880882
TOSTADA-G_004_jpg.rf.a8373c1bf8f08d538788901740142a7d_r2c0.jpg,TP,5,3,0.8433035714285714,4119,4139,47.47074783715078,47.701244306377056
TOSTADA-G_004_jpg.rf.a8373c1bf8f08d538788901740142a7d_r2c0.jpg,TP,3,11,0.8298586149053438,7931,7341,91.40337487167828,84.60372902950326
TOSTADA-G_004_jpg.rf.a8373c1bf8f08d538788901740142a7d_r2c0.jpg,TP,1,0,0.8013994649104754,4121,4632,47.49379748407341,53.38298227280467
TOSTADA-G_004_jpg.rf.a8373c1bf8f08d538788901740142a7d_r2c0.jpg,TP,11,13,0.7585610800131709,31832,32257,366.858180420535,371.7562303915933
TOSTADA-G_004_jpg.rf.a8373c1bf8f08d538788901740142a7d_r2c0.jpg,TP,6,4,0.7476960528603721,5504,4547,63.43262833107014,52.40337227859301
TOSTADA-G_004_jpg.rf.a8373c1bf8f08d538788901740142a7d_r2c0.jpg,TP,7,1,0.7228915662650602,3600,3693,41.489364460729014,42.56117304263118
TOSTADA-G_004_jpg.rf.a8373c1bf8f08d538788901740142a7d_r2c0.jpg,FP,8,-1,0.0,0,3812,0.0,43.932627034527506
TOSTADA-G_004_jpg.rf.a8373c1bf8f08d538788901740142a7d_r2c0.jpg,FP,9,-1,0.0,0,5454,0.0,62.85638715800446
TOSTADA-G_004_jpg.rf.a8373c1bf8f08d538788901740142a7d_r2c0.jpg,FP,12,-1,0.0,0,4929,0.0,56.80585484081481
TOSTADA-G_004_jpg.rf.a8373c1bf8f08d538788901740142a7d_r2c0.jpg,FP,13,-1,0.0,0,6597,0.0,76.02926037428593
TOSTADA-G_004_jpg.rf.a8373c1bf8f08d538788901740142a7d_r2c0.jpg,FN,-1,2,0.0,13537,0,156.01153519580242,0.0
TOSTADA-G_004_jpg.rf.a8373c1bf8f08d538788901740142a7d_r2c0.jpg,FN,-1,5,0.0,4389,0,50.58245017170546,0.0
TOSTADA-G_004_jpg.rf.a8373c1bf8f08d538788901740142a7d_r2c0.jpg,FN,-1,6,0.0,3706,0,42.71099574762826,0.0
TOSTADA-G_004_jpg.rf.a8373c1bf8f08d538788901740142a7d_r2c0.jpg,FN,-1,8,0.0,25171,0,290.091331344725,0.0
TOSTADA-G_004_jpg.rf.a8373c1bf8f08d538788901740142a7d_r2c0.jpg,FN,-1,10,0.0,1200,0,13.829788153576338,0.0
TOSTADA-G_004_jpg.rf.a8373c1bf8f08d538788901740142a7d_r2c0.jpg,FN,-1,12,0.0,25124,0,289.5496646420433,0.0
TOSTADA-G_004_jpg.rf.a8373c1bf8f08d538788901740142a7d_r2c0.jpg,FN,-1,14,0.0,19679,0,226.79700089519065,0.0
TOSTADA-G_004_jpg.rf.a8373c1bf8f08d538788901740142a7d_r2c0.jpg,FN,-1,16,0.0,11936,0,137.5602928342393,0.0
TOSTADA-G_004_jpg.rf.a8373c1bf8f08d538788901740142a7d_r2c0.jpg,FN,-1,17,0.0,5048,0,58.177308832711134,0.0
TOSTADA-G_004_jpg.rf.a8373c1bf8f08d538788901740142a7d_r2c0.jpg,FN,-1,18,0.0,15719,0,181.15869998838872,0.0
TOSTADA-G_004_jpg.rf.a8373c1bf8f08d538788901740142a7d_r2c0.jpg,FN,-1,19,0.0,13206,0,152.1968186301076,0.0
TOSTADA-G_004_jpg.rf.a8373c1bf8f08d538788901740142a7d_r2c1.jpg,TP,2,13,0.836873335709643,43118,44488,496.9273380049205,512.7163461469202
TOSTADA-G_004_jpg.rf.a8373c1bf8f08d538788901740142a7d_r2c1.jpg,TP,0,8,0.8327439886845828,7129,8420,82.16046645570476,97.03901354426064
TOSTADA-G_004_jpg.rf.a8373c1bf8f08d538788901740142a7d_r2c1.jpg,TP,1,10,0.8183293474547318,10037,11252,115.67465308120477,129.6773135867008
TOSTADA-G_004_jpg.rf.a8373c1bf8f08d538788901740142a7d_r2c1.jpg,TP,7,12,0.803426939552594,7970,7186,91.85284298666951,82.81738139299965
TOSTADA-G_004_jpg.rf.a8373c1bf8f08d538788901740142a7d_r2c1.jpg,TP,6,7,0.7784944744994683,34805,42122,401.1214805710204,485.4486138374521
TOSTADA-G_004_jpg.rf.a8373c1bf8f08d538788901740142a7d_r2c1.jpg,TP,3,17,0.7433969665271967,13032,13635,150.19149934783903,157.14096789501116
TOSTADA-G_004_jpg.rf.a8373c1bf8f08d538788901740142a7d_r2c1.jpg,TP,4,4,0.7269178137325928,24007,18900,276.67643683575596,217.81916341882734
TOSTADA-G_004_jpg.rf.a8373c1bf8f08d538788901740142a7d_r2c1.jpg,FP,5,-1,0.0,0,15890,0.0,183.12944480027335
TOSTADA-G_004_jpg.rf.a8373c1bf8f08d538788901740142a7d_r2c1.jpg,FP,8,-1,0.0,0,47447,0.0,546.8182987689471
TOSTADA-G_004_jpg.rf.a8373c1bf8f08d538788901740142a7d_r2c1.jpg,FP,9,-1,0.0,0,42767,0.0,492.8821249699994
TOSTADA-G_004_jpg.rf.a8373c1bf8f08d538788901740142a7d_r2c1.jpg,FP,10,-1,0.0,0,1325,0.0,15.27039108624054
TOSTADA-G_004_jpg.rf.a8373c1bf8f08d538788901740142a7d_r2c1.jpg,FN,-1,0,0.0,21657,0,249.59310170166899,0.0
TOSTADA-G_004_jpg.rf.a8373c1bf8f08d538788901740142a7d_r2c1.jpg,FN,-1,1,0.0,1350,0,15.558511672773381,0.0
TOSTADA-G_004_jpg.rf.a8373c1bf8f08d538788901740142a7d_r2c1.jpg,FN,-1,2,0.0,58009,0,668.5434841673415,0.0
TOSTADA-G_004_jpg.rf.a8373c1bf8f08d538788901740142a7d_r2c1.jpg,FN,-1,3,0.0,3001,0,34.58599520740216,0.0
TOSTADA-G_004_jpg.rf.a8373c1bf8f08d538788901740142a7d_r2c1.jpg,FN,-1,5,0.0,4677,0,53.90159932856378,0.0
TOSTADA-G_004_jpg.rf.a8373c1bf8f08d538788901740142a7d_r2c1.jpg,FN,-1,6,0.0,1470,0,16.941490488131016,0.0
TOSTADA-G_004_jpg.rf.a8373c1bf8f08d538788901740142a7d_r2c1.jpg,FN,-1,9,0.0,9537,0,109.91224135054796,0.0
TOSTADA-G_004_jpg.rf.a8373c1bf8f08d538788901740142a7d_r2c1.jpg,FN,-1,11,0.0,6902,0,79.54433152998658,0.0
TOSTADA-G_004_jpg.rf.a8373c1bf8f08d538788901740142a7d_r2c1.jpg,FN,-1,14,0.0,8037,0,92.62500615857753,0.0
TOSTADA-G_004_jpg.rf.a8373c1bf8f08d538788901740142a7d_r2c1.jpg,FN,-1,15,0.0,19030,0,219.3173904687981,0.0
TOSTADA-G_004_jpg.rf.a8373c1bf8f08d538788901740142a7d_r2c1.jpg,FN,-1,16,0.0,25455,0,293.36438120773806,0.0
TOSTADA-G_004_jpg.rf.a8373c1bf8f08d538788901740142a7d_r2c1.jpg,FN,-1,18,0.0,9918,0,114.30319908930844,0.0
TOSTADA-G_004_jpg.rf.a8373c1bf8f08d538788901740142a7d_r2c2.jpg,TP,4,2,0.8952152031848569,12463,12768,143.6338747983516,147.14894595405224
TOSTADA-G_004_jpg.rf.a8373c1bf8f08d538788901740142a7d_r2c2.jpg,TP,0,10,0.8167419840757478,19527,22685,225.04522772907097,261.44062021989936
TOSTADA-G_004_jpg.rf.a8373c1bf8f08d538788901740142a7d_r2c2.jpg,TP,2,3,0.8121909266824339,7594,9263,87.5195093652156,106.75443972214802
TOSTADA-G_004_jpg.rf.a8373c1bf8f08d538788901740142a7d_r2c2.jpg,TP,3,5,0.7793635938231165,6934,8276,79.91312588074861,95.37943896583148
TOSTADA-G_004_jpg.rf.a8373c1bf8f08d538788901740142a7d_r2c2.jpg,TP,6,4,0.7661531152436541,55198,48892,636.147205417589,563.4716686705453
TOSTADA-G_004_jpg.rf.a8373c1bf8f08d538788901740142a7d_r2c2.jpg,TP,1,6,0.701872617798155,12831,17978,147.875009832115,207.1932761874962
TOSTADA-G_004_jpg.rf.a8373c1bf8f08d538788901740142a7d_r2c2.jpg,TP,10,0,0.5991788825433587,24156,36608,278.3936355314917,421.90073727176883
TOSTADA-G_004_jpg.rf.a8373c1bf8f08d538788901740142a7d_r2c2.jpg,TP,7,1,0.5607788489795145,79311,85334,914.0452735402442,983.459285247736
TOSTADA-G_004_jpg.rf.a8373c1bf8f08d538788901740142a7d_r2c2.jpg,FP,5,-1,0.0,0,3870,0.0,44.60106679528369
TOSTADA-G_004_jpg.rf.a8373c1bf8f08d538788901740142a7d_r2c2.jpg,FP,8,-1,0.0,0,1880,0.0,21.666668107269597
TOSTADA-G_004_jpg.rf.a8373c1bf8f08d538788901740142a7d_r2c2.jpg,FP,9,-1,0.0,0,5985,0.0,68.97606841596199
TOSTADA-G_004_jpg.rf.a8373c1bf8f08d538788901740142a7d_r2c2.jpg,FN,-1,7,0.0,8888,0,102.43263092415542,0.0
TOSTADA-G_004_jpg.rf.a8373c1bf8f08d538788901740142a7d_r2c2.jpg,FN,-1,8,0.0,5290,0,60.96631611034903,0.0
TOSTADA-G_004_jpg.rf.a8373c1bf8f08d538788901740142a7d_r2c2.jpg,FN,-1,9,0.0,4887,0,56.32181225543964,0.0
TOSTADA-G_004_jpg.rf.a8373c1bf8f08d538788901740142a7d_r2c2.jpg,FN,-1,11,0.0,38260,0,440.9397456298589,0.0
TOSTADA-G_004_jpg.rf.a8373c1bf8f08d538788901740142a7d_r2c2.jpg,FN,-1,12,0.0,12172,0,140.28015117110934,0.0
TOSTADA-G_004_jpg.rf.a8373c1bf8f08d538788901740142a7d_r2c2.jpg,FN,-1,13,0.0,2154,0,24.824469735669528,0.0
TOSTADA-G_011_jpg.rf.9ccdeb5753c9cd5d19a9f9b7f930b630_r0c0.jpg,TP,2,0,0.8598576679440056,11677,12105,134.5753635577591,139.50798799920133
TOSTADA-G_011_jpg.rf.9ccdeb5753c9cd5d19a9f9b7f930b630_r0c0.jpg,TP,18,2,0.849021932424422,32370,30016,373.05853544272173,345.92910101478947
TOSTADA-G_011_jpg.rf.9ccdeb5753c9cd5d19a9f9b7f930b630_r0c0.jpg,TP,0,11,0.8356980206691189,5517,4963,63.58245103606722,57.19769883849948
TOSTADA-G_011_jpg.rf.9ccdeb5753c9cd5d19a9f9b7f930b630_r0c0.jpg,TP,6,8,0.8273814878114599,9678,10637,111.53724145859317,122.58954715799293
TOSTADA-G_011_jpg.rf.9ccdeb5753c9cd5d19a9f9b7f930b630_r0c0.jpg,TP,4,6,0.8236717517096265,8374,8960,96.50887166504022,103.26241821337
TOSTADA-G_011_jpg.rf.9ccdeb5753c9cd5d19a9f9b7f930b630_r0c0.jpg,TP,8,4,0.8028566059011464,4641,4952,53.486705683956494,57.07092578042503
TOSTADA-G_011_jpg.rf.9ccdeb5753c9cd5d19a9f9b7f930b630_r0c0.jpg,TP,12,7,0.7806140048292515,7327,8159,84.44238150104486,94.0310346208578
TOSTADA-G_011_jpg.rf.9ccdeb5753c9cd5d19a9f9b7f930b630_r0c0.jpg,TP,5,9,0.7803013097130744,12313,11203,141.90515127915455,129.11259723709645
TOSTADA-G_011_jpg.rf.9ccdeb5753c9cd5d19a9f9b7f930b630_r0c0.jpg,TP,7,5,0.7508137432188066,4430,5252,51.05496793361932,60.52837281881911
TOSTADA-G_011_jpg.rf.9ccdeb5753c9cd5d19a9f9b7f930b630_r0c0.jpg,TP,10,17,0.7396032329169728,6190,5648,71.33865722553128,65.0922029094993
TOSTADA-G_011_jpg.rf.9ccdeb5753c9cd5d19a9f9b7f930b630_r0c0.jpg,TP,19,10,0.72920759659463,5358,5204,61.750004105718354,59.975181292676055
TOSTADA-G_011_jpg.rf.9ccdeb5753c9cd5d19a9f9b7f930b630_r0c0.jpg,TP,16,14,0.7264179104477612,4900,6667,56.47163496043672,76.83599801657788
TOSTADA-G_011_jpg.rf.9ccdeb5753c9cd5d19a9f9b7f930b630_r0c0.jpg,TP,14,15,0.7205809334657398,7640,6221,88.04965124443602,71.69592675283201
TOSTADA-G_011_jpg.rf.9ccdeb5753c9cd5d19a9f9b7f930b630_r0c0.jpg,TP,20,16,0.7105630184247229,12668,10635,145.99646360792087,122.56649751107031
TOSTADA-G_011_jpg.rf.9ccdeb5753c9cd5d19a9f9b7f930b630_r0c0.jpg,TP,3,3,0.6791741894968207,9665,11726,111.3874187535961,135.14007990736346
TOSTADA-G_011_jpg.rf.9ccdeb5753c9cd5d19a9f9b7f930b630_r0c0.jpg,TP,11,13,0.673193966657846,3731,2592,42.9991163341611,29.872342411724894
TOSTADA-G_011_jpg.rf.9ccdeb5753c9cd5d19a9f9b7f930b630_r0c0.jpg,TP,1,12,0.6506830220239754,4730,7112,54.5124149720134,81.96454445686244
TOSTADA-G_011_jpg.rf.9ccdeb5753c9cd5d19a9f9b7f930b630_r0c0.jpg,FP,9,-1,0.0,0,4389,0.0,50.58245017170546
TOSTADA-G_011_jpg.rf.9ccdeb5753c9cd5d19a9f9b7f930b630_r0c0.jpg,FP,13,-1,0.0,0,23730,0.0,273.4840607369721
TOSTADA-G_011_jpg.rf.9ccdeb5753c9cd5d19a9f9b7f930b630_r0c0.jpg,FP,15,-1,0.0,0,3786,0.0,43.63298162453335
TOSTADA-G_011_jpg.rf.9ccdeb5753c9cd5d19a9f9b7f930b630_r0c0.jpg,FP,17,-1,0.0,0,1468,0.0,16.918440841208387
TOSTADA-G_011_jpg.rf.9ccdeb5753c9cd5d19a9f9b7f930b630_r0c0.jpg,FN,-1,1,0.0,8989,0,103.5966380937481,0.0
TOSTADA-G_011_jpg.rf.9ccdeb5753c9cd5d19a9f9b7f930b630_r0c0.jpg,FN,-1,18,0.0,3003,0,34.609044854324786,0.0
TOSTADA-G_011_jpg.rf.9ccdeb5753c9cd5d19a9f9b7f930b630_r0c0.jpg,FN,-1,19,0.0,2462,0,28.37411536175412,0.0
TOSTADA-G_011_jpg.rf.9ccdeb5753c9cd5d19a9f9b7f930b630_r0c0.jpg,FN,-1,20,0.0,4333,0,49.937060057871896,0.0
TOSTADA-G_011_jpg.rf.9ccdeb5753c9cd5d19a9f9b7f930b630_r0c0.jpg,FN,-1,21,0.0,2654,0,30.586881466326336,0.0
TOSTADA-G_011_jpg.rf.9ccdeb5753c9cd5d19a9f9b7f930b630_r0c0.jpg,FN,-1,22,0.0,1746,0,20.122341763453573,0.0
TOSTADA-G_011_jpg.rf.9ccdeb5753c9cd5d19a9f9b7f930b630_r0c1.jpg,TP,0,12,0.888055053870586,30519,30114,351.72608721583026,347.0585337139982
TOSTADA-G_011_jpg.rf.9ccdeb5753c9cd5d19a9f9b7f930b630_r0c1.jpg,TP,20,2,0.8819505015263847,35296,33749,406.7801688905254,388.9512669958732
TOSTADA-G_011_jpg.rf.9ccdeb5753c9cd5d19a9f9b7f930b630_r0c1.jpg,TP,5,0,0.8507181539910526,3784,4076,43.60993197761072,46.975180428314296
TOSTADA-G_011_jpg.rf.9ccdeb5753c9cd5d19a9f9b7f930b630_r0c1.jpg,TP,2,8,0.8501154324276328,5024,5394,57.90071306963961,62.16489775032564
TOSTADA-G_011_jpg.rf.9ccdeb5753c9cd5d19a9f9b7f930b630_r0c1.jpg,TP,3,7,0.8471335020690209,21719,24258,250.30764075627042,279.5691675245457
TOSTADA-G_011_jpg.rf.9ccdeb5753c9cd5d19a9f9b7f930b630_r0c1.jpg,TP,1,21,0.84235368156073,5571,6139,64.20479150297815,70.75089122900428
TOSTADA-G_011_jpg.rf.9ccdeb5753c9cd5d19a9f9b7f930b630_r0c1.jpg,TP,22,10,0.8299909301622493,9197,8962,105.99380137370133,103.28546786029263
TOSTADA-G_011_jpg.rf.9ccdeb5753c9cd5d19a9f9b7f930b630_r0c1.jpg,TP,16,1,0.8107235142118863,1388,1415,15.996454964303298,16.307625197758767
TOSTADA-G_011_jpg.rf.9ccdeb5753c9cd5d19a9f9b7f930b630_r0c1.jpg,TP,7,14,0.8105247240284289,6199,5774,71.4423806366831,66.54433066562481
TOSTADA-G_011_jpg.rf.9ccdeb5753c9cd5d19a9f9b7f930b630_r0c1.jpg,TP,4,15,0.8101954463026395,4708,4276,54.258868855864506,49.28014512057702
TOSTADA-G_011_jpg.rf.9ccdeb5753c9cd5d19a9f9b7f930b630_r0c1.jpg,TP,13,28,0.8061771087605099,27510,25765,317.0478934207376,296.9370764807453
TOSTADA-G_011_jpg.rf.9ccdeb5753c9cd5d19a9f9b7f930b630_r0c1.jpg,TP,17,3,0.8049501292944219,2707,2179,31.19769710977596,25.11259032220237
TOSTADA-G_011_jpg.rf.9ccdeb5753c9cd5d19a9f9b7f930b630_r0c1.jpg,TP,23,5,0.7865544280442804,8070,7423,93.00532533280088,85.54876455333097
TOSTADA-G_011_jpg.rf.9ccdeb5753c9cd5d19a9f9b7f930b630_r0c1.jpg,TP,9,11,0.7848470919070925,32316,33693,372.4361949758108,388.3058768820397
TOSTADA-G_011_jpg.rf.9ccdeb5753c9cd5d19a9f9b7f930b630_r0c1.jpg,TP,11,16,0.7768899815611555,1565,1326,18.036348716955807,15.281915909701855
TOSTADA-G_011_jpg.rf.9ccdeb5753c9cd5d19a9f9b7f930b630_r0c1.jpg,TP,8,13,0.733694474539545,3627,4374,41.800534694184485,50.40957781978575
TOSTADA-G_011_jpg.rf.9ccdeb5753c9cd5d19a9f9b7f930b630_r0c1.jpg,TP,10,4,0.7024793388429752,4526,6186,52.16135098590542,71.29255793168603
TOSTADA-G_011_jpg.rf.9ccdeb5753c9cd5d19a9f9b7f930b630_r0c1.jpg,FP,6,-1,0.0,0,15544,0.0,179.14185588265883
TOSTADA-G_011_jpg.rf.9ccdeb5753c9cd5d19a9f9b7f930b630_r0c1.jpg,FP,12,-1,0.0,0,35022,0.0,403.62236726212547
TOSTADA-G_011_jpg.rf.9ccdeb5753c9cd5d19a9f9b7f930b630_r0c1.jpg,FP,14,-1,0.0,0,14065,0.0,162.096641983376
TOSTADA-G_011_jpg.rf.9ccdeb5753c9cd5d19a9f9b7f930b630_r0c1.jpg,FP,15,-1,0.0,0,70317,0.0,810.3910113291895
TOSTADA-G_011_jpg.rf.9ccdeb5753c9cd5d19a9f9b7f930b630_r0c1.jpg,FP,18,-1,0.0,0,20066,0.0,231.25710757471902
TOSTADA-G_011_jpg.rf.9ccdeb5753c9cd5d19a9f9b7f930b630_r0c1.jpg,FP,19,-1,0.0,0,36509,0.0,420.7597797490988
TOSTADA-G_011_jpg.rf.9ccdeb5753c9cd5d19a9f9b7f930b630_r0c1.jpg,FP,21,-1,0.0,0,25024,0.0,288.39718229591193
TOSTADA-G_011_jpg.rf.9ccdeb5753c9cd5d19a9f9b7f930b630_r0c1.jpg,FN,-1,6,0.0,2160,0,24.89361867643741,0.0
TOSTADA-G_011_jpg.rf.9ccdeb5753c9cd5d19a9f9b7f930b630_r0c1.jpg,FN,-1,9,0.0,3077,0,35.461881790461995,0.0
TOSTADA-G_011_jpg.rf.9ccdeb5753c9cd5d19a9f9b7f930b630_r0c1.jpg,FN,-1,17,0.0,26070,0,300.45214763644594,0.0
TOSTADA-G_011_jpg.rf.9ccdeb5753c9cd5d19a9f9b7f930b630_r0c1.jpg,FN,-1,18,0.0,2341,0,26.979611722935175,0.0
TOSTADA-G_011_jpg.rf.9ccdeb5753c9cd5d19a9f9b7f930b630_r0c1.jpg,FN,-1,19,0.0,8327,0,95.96720496235848,0.0
TOSTADA-G_011_jpg.rf.9ccdeb5753c9cd5d19a9f9b7f930b630_r0c1.jpg,FN,-1,20,0.0,20421,0,235.34841990348534,0.0
TOSTADA-G_011_jpg.rf.9ccdeb5753c9cd5d19a9f9b7f930b630_r0c1.jpg,FN,-1,22,0.0,6667,0,76.83599801657788,0.0
TOSTADA-G_011_jpg.rf.9ccdeb5753c9cd5d19a9f9b7f930b630_r0c1.jpg,FN,-1,23,0.0,6089,0,70.17465005593861,0.0
TOSTADA-G_011_jpg.rf.9ccdeb5753c9cd5d19a9f9b7f930b630_r0c1.jpg,FN,-1,24,0.0,4547,0,52.40337227859301,0.0
TOSTADA-G_011_jpg.rf.9ccdeb5753c9cd5d19a9f9b7f930b630_r0c1.jpg,FN,-1,25,0.0,10443,0,120.35373140649808,0.0
TOSTADA-G_011_jpg.rf.9ccdeb5753c9cd5d19a9f9b7f930b630_r0c1.jpg,FN,-1,26,0.0,15054,0,173.49469238661518,0.0
TOSTADA-G_011_jpg.rf.9ccdeb5753c9cd5d19a9f9b7f930b630_r0c1.jpg,FN,-1,27,0.0,16131,0,185.90692725444993,0.0
TOSTADA-G_011_jpg.rf.9ccdeb5753c9cd5d19a9f9b7f930b630_r0c1.jpg,FN,-1,29,0.0,2835,0,32.6728745128241,0.0
TOSTADA-G_011_jpg.rf.9ccdeb5753c9cd5d19a9f9b7f930b630_r0c1.jpg,FN,-1,30,0.0,11658,0,134.35639191199414,0.0
TOSTADA-G_011_jpg.rf.9ccdeb5753c9cd5d19a9f9b7f930b630_r0c2.jpg,TP,5,17,0.8971216049867735,37444,34990,431.535489685427,403.2535729113634
TOSTADA-G_011_jpg.rf.9ccdeb5753c9cd5d19a9f9b7f930b630_r0c2.jpg,TP,14,2,0.8863474475662841,11560,12274,133.2269592127854,141.45568316416333
TOSTADA-G_011_jpg.rf.9ccdeb5753c9cd5d19a9f9b7f930b630_r0c2.jpg,TP,1,18,0.8833087149187593,6344,6406,73.11348003857358,73.82801909317503
TOSTADA-G_011_jpg.rf.9ccdeb5753c9cd5d19a9f9b7f930b630_r0c2.jpg,TP,0,16,0.8749029151348833,18428,17782,212.3794467450873,204.93441078907873
TOSTADA-G_011_jpg.rf.9ccdeb5753c9cd5d19a9f9b7f930b630_r0c2.jpg,TP,12,12,0.8743096234309623,10905,11493,125.67819984562497,132.4547960408774
TOSTADA-G_011_jpg.rf.9ccdeb5753c9cd5d19a9f9b7f930b630_r0c2.jpg,TP,3,10,0.8732782369146006,7782,8538,89.68617617594256,98.39894271269566
TOSTADA-G_011_jpg.rf.9ccdeb5753c9cd5d19a9f9b7f930b630_r0c2.jpg,TP,7,19,0.8523603535828475,4679,5170,53.924648975486406,59.583337294991395
TOSTADA-G_011_jpg.rf.9ccdeb5753c9cd5d19a9f9b7f930b630_r0c2.jpg,TP,15,1,0.8458884634340524,23050,25639,265.6471807832788,295.4849487246198
TOSTADA-G_011_jpg.rf.9ccdeb5753c9cd5d19a9f9b7f930b630_r0c2.jpg,TP,4,13,0.8082338264124042,4851,5295,55.90691861083235,61.023940227655594
TOSTADA-G_011_jpg.rf.9ccdeb5753c9cd5d19a9f9b7f930b630_r0c2.jpg,TP,2,0,0.7530582624922247,7264,9646,83.7163176229821,111.16844710783114
TOSTADA-G_011_jpg.rf.9ccdeb5753c9cd5d19a9f9b7f930b630_r0c2.jpg,TP,6,11,0.7477694426638485,47265,53618,544.7207808989881,617.9379843487135
TOSTADA-G_011_jpg.rf.9ccdeb5753c9cd5d19a9f9b7f930b630_r0c2.jpg,TP,17,4,0.6226110983191342,2708,4339,31.20922193323727,50.00620899863978
TOSTADA-G_011_jpg.rf.9ccdeb5753c9cd5d19a9f9b7f930b630_r0c2.jpg,TP,18,21,0.5593257718966603,18237,31256,210.1782054639764,360.2198821068184
TOSTADA-G_011_jpg.rf.9ccdeb5753c9cd5d19a9f9b7f930b630_r0c2.jpg,FP,8,-1,0.0,0,3480,0.0,40.10638564537138
TOSTADA-G_011_jpg.rf.9ccdeb5753c9cd5d19a9f9b7f930b630_r0c2.jpg,FP,9,-1,0.0,0,51272,0.0,590.9007485084717
TOSTADA-G_011_jpg.rf.9ccdeb5753c9cd5d19a9f9b7f930b630_r0c2.jpg,FP,10,-1,0.0,0,15792,0.0,182.0000121010646
TOSTADA-G_011_jpg.rf.9ccdeb5753c9cd5d19a9f9b7f930b630_r0c2.jpg,FP,11,-1,0.0,0,5206,0.0,59.998230939598685
TOSTADA-G_011_jpg.rf.9ccdeb5753c9cd5d19a9f9b7f930b630_r0c2.jpg,FP,13,-1,0.0,0,31434,0.0,362.2713006829322
TOSTADA-G_011_jpg.rf.9ccdeb5753c9cd5d19a9f9b7f930b630_r0c2.jpg,FP,16,-1,0.0,0,28806,0.0,331.9840646266
TOSTADA-G_011_jpg.rf.9ccdeb5753c9cd5d19a9f9b7f930b630_r0c2.jpg,FN,-1,3,0.0,8654,0,99.73582223420803,0.0
TOSTADA-G_011_jpg.rf.9ccdeb5753c9cd5d19a9f9b7f930b630_r0c2.jpg,FN,-1,5,0.0,10894,0,125.55142678755053,0.0
TOSTADA-G_011_jpg.rf.9ccdeb5753c9cd5d19a9f9b7f930b630_r0c2.jpg,FN,-1,6,0.0,61602,0,709.9521748638414,0.0
TOSTADA-G_011_jpg.rf.9ccdeb5753c9cd5d19a9f9b7f930b630_r0c2.jpg,FN,-1,7,0.0,14014,0,161.508875986849,0.0
TOSTADA-G_011_jpg.rf.9ccdeb5753c9cd5d19a9f9b7f930b630_r0c2.jpg,FN,-1,8,0.0,8194,0,94.43440344200377,0.0
TOSTADA-G_011_jpg.rf.9ccdeb5753c9cd5d19a9f9b7f930b630_r0c2.jpg,FN,-1,9,0.0,1326,0,15.281915909701855,0.0
TOSTADA-G_011_jpg.rf.9ccdeb5753c9cd5d19a9f9b7f930b630_r0c2.jpg,FN,-1,14,0.0,1254,0,14.452128620487274,0.0
TOSTADA-G_011_jpg.rf.9ccdeb5753c9cd5d19a9f9b7f930b630_r0c2.jpg,FN,-1,15,0.0,6472,0,74.58865744162172,0.0
TOSTADA-G_011_jpg.rf.9ccdeb5753c9cd5d19a9f9b7f930b630_r0c2.jpg,FN,-1,20,0.0,11100,0,127.92554042058113,0.0
TOSTADA-G_011_jpg.rf.9ccdeb5753c9cd5d19a9f9b7f930b630_r0c2.jpg,FN,-1,22,0.0,7544,0,86.94326819214992,0.0
TOSTADA-G_011_jpg.rf.9ccdeb5753c9cd5d19a9f9b7f930b630_r0c2.jpg,FN,-1,23,0.0,995,0,11.467199344007048,0.0
TOSTADA-G_011_jpg.rf.9ccdeb5753c9cd5d19a9f9b7f930b630_r1c0.jpg,TP,0,21,0.9086277550116292,8369,8864,96.45124754773364,102.15603516108389
TOSTADA-G_011_jpg.rf.9ccdeb5753c9cd5d19a9f9b7f930b630_r1c0.jpg,TP,3,0,0.8876227088624974,13231,14266,152.48493921664044,164.41313149910005
TOSTADA-G_011_jpg.rf.9ccdeb5753c9cd5d19a9f9b7f930b630_r1c0.jpg,TP,5,9,0.8714007360900627,4252,4392,49.00354935750549,50.6170246420894
TOSTADA-G_011_jpg.rf.9ccdeb5753c9cd5d19a9f9b7f930b630_r1c0.jpg,TP,1,8,0.8594738848646588,12035,12352,138.70125035690936,142.35461939414577
TOSTADA-G_011_jpg.rf.9ccdeb5753c9cd5d19a9f9b7f930b630_r1c0.jpg,TP,4,19,0.8541720597117957,10109,11379,116.50444037041935,131.14096616628763
TOSTADA-G_011_jpg.rf.9ccdeb5753c9cd5d19a9f9b7f930b630_r1c0.jpg,TP,7,3,0.8537522410996329,10842,10871,124.95213596756223,125.28635584794031
TOSTADA-G_011_jpg.rf.9ccdeb5753c9cd5d19a9f9b7f930b630_r1c0.jpg,TP,6,17,0.8488326318020774,29710,31344,342.40250503562754,361.23406657141396
TOSTADA-G_011_jpg.rf.9ccdeb5753c9cd5d19a9f9b7f930b630_r1c0.jpg,TP,2,11,0.8448137363189075,17361,19384,200.0824601118657,223.39717797410313
TOSTADA-G_011_jpg.rf.9ccdeb5753c9cd5d19a9f9b7f930b630_r1c0.jpg,TP,11,16,0.6578749058025621,1313,887,15.132093204704777,10.222518410185177
TOSTADA-G_011_jpg.rf.9ccdeb5753c9cd5d19a9f9b7f930b630_r1c0.jpg,FP,8,-1,0.0,0,2308,0.0,26.599292548711826
TOSTADA-G_011_jpg.rf.9ccdeb5753c9cd5d19a9f9b7f930b630_r1c0.jpg,FP,9,-1,0.0,0,24893,0.0,286.88743042247984
TOSTADA-G_011_jpg.rf.9ccdeb5753c9cd5d19a9f9b7f930b630_r1c0.jpg,FP,10,-1,0.0,0,10779,0.0,124.22607208949947
TOSTADA-G_011_jpg.rf.9ccdeb5753c9cd5d19a9f9b7f930b630_r1c0.jpg,FP,12,-1,0.0,0,5913,0.0,68.14628112674741
TOSTADA-G_011_jpg.rf.9ccdeb5753c9cd5d19a9f9b7f930b630_r1c0.jpg,FP,13,-1,0.0,0,7315,0.0,84.3040836195091
TOSTADA-G_011_jpg.rf.9ccdeb5753c9cd5d19a9f9b7f930b630_r1c0.jpg,FP,14,-1,0.0,0,18671,0.0,215.17997884618651
TOSTADA-G_011_jpg.rf.9ccdeb5753c9cd5d19a9f9b7f930b630_r1c0.jpg,FN,-1,1,0.0,2782,0,32.06205886937448,0.0
TOSTADA-G_011_jpg.rf.9ccdeb5753c9cd5d19a9f9b7f930b630_r1c0.jpg,FN,-1,2,0.0,3240,0,37.34042801465611,0.0
TOSTADA-G_011_jpg.rf.9ccdeb5753c9cd5d19a9f9b7f930b630_r1c0.jpg,FN,-1,4,0.0,4089,0,47.125003133311374,0.0
TOSTADA-G_011_jpg.rf.9ccdeb5753c9cd5d19a9f9b7f930b630_r1c0.jpg,FN,-1,5,0.0,4522,0,52.11525169206017,0.0
TOSTADA-G_011_jpg.rf.9ccdeb5753c9cd5d19a9f9b7f930b630_r1c0.jpg,FN,-1,6,0.0,38395,0,442.4955967971363,0.0
TOSTADA-G_011_jpg.rf.9ccdeb5753c9cd5d19a9f9b7f930b630_r1c0.jpg,FN,-1,7,0.0,5699,0,65.6799689060263,0.0
TOSTADA-G_011_jpg.rf.9ccdeb5753c9cd5d19a9f9b7f930b630_r1c0.jpg,FN,-1,10,0.0,3996,0,46.053194551409206,0.0
TOSTADA-G_011_jpg.rf.9ccdeb5753c9cd5d19a9f9b7f930b630_r1c0.jpg,FN,-1,12,0.0,4273,0,49.24557065019308,0.0
TOSTADA-G_011_jpg.rf.9ccdeb5753c9cd5d19a9f9b7f930b630_r1c0.jpg,FN,-1,13,0.0,4010,0,46.2145420798676,0.0
TOSTADA-G_011_jpg.rf.9ccdeb5753c9cd5d19a9f9b7f930b630_r1c0.jpg,FN,-1,14,0.0,4915,0,56.644507312356424,0.0
TOSTADA-G_011_jpg.rf.9ccdeb5753c9cd5d19a9f9b7f930b630_r1c0.jpg,FN,-1,15,0.0,3288,0,37.89361954079917,0.0
TOSTADA-G_011_jpg.rf.9ccdeb5753c9cd5d19a9f9b7f930b630_r1c0.jpg,FN,-1,18,0.0,14072,0,162.1773157476052,0.0
TOSTADA-G_011_jpg.rf.9ccdeb5753c9cd5d19a9f9b7f930b630_r1c0.jpg,FN,-1,20,0.0,11389,0,131.25621440090077,0.0
TOSTADA-G_011_jpg.rf.9ccdeb5753c9cd5d19a9f9b7f930b630_r1c0.jpg,FN,-1,22,0.0,10571,0,121.82890880954623,0.0
TOSTADA-G_011_jpg.rf.9ccdeb5753c9cd5d19a9f9b7f930b630_r1c0.jpg,FN,-1,23,0.0,958,0,11.040780875938443,0.0
TOSTADA-G_011_jpg.rf.9ccdeb5753c9cd5d19a9f9b7f930b630_r1c1.jpg,TP,3,12,0.8623268698060942,6644,6802,76.57092707696766,78.39184918385521
TOSTADA-G_011_jpg.rf.9ccdeb5753c9cd5d19a9f9b7f930b630_r1c1.jpg,TP,2,7,0.8566832302577485,27226,24711,313.7748435577245,284.7899125525208
TOSTADA-G_011_jpg.rf.9ccdeb5753c9cd5d19a9f9b7f930b630_r1c1.jpg,TP,16,3,0.8428945074106364,5710,4859,65.80674196410075,55.99911719852286
TOSTADA-G_011_jpg.rf.9ccdeb5753c9cd5d19a9f9b7f930b630_r1c1.jpg,TP,21,23,0.8324062443926072,9407,11017,108.41401430057718,126.9689800732921
TOSTADA-G_011_jpg.rf.9ccdeb5753c9cd5d19a9f9b7f930b630_r1c1.jpg,TP,7,2,0.8251319355298816,6103,6693,70.33599758439699,77.13564342657203
TOSTADA-G_011_jpg.rf.9ccdeb5753c9cd5d19a9f9b7f930b630_r1c1.jpg,TP,1,27,0.7996711427788435,7075,6059,81.53812598879384,69.8289053520992
TOSTADA-G_011_jpg.rf.9ccdeb5753c9cd5d19a9f9b7f930b630_r1c1.jpg,TP,18,16,0.7827231695085256,28570,28306,329.26420628973,326.22165289594324
TOSTADA-G_011_jpg.rf.9ccdeb5753c9cd5d19a9f9b7f930b630_r1c1.jpg,TP,13,1,0.7661782036173592,31236,37705,359.9893856375921,434.54346860882987
TOSTADA-G_011_jpg.rf.9ccdeb5753c9cd5d19a9f9b7f930b630_r1c1.jpg,TP,0,5,0.7508985779027973,14883,18729,171.52394757473056,215.84841860694272
TOSTADA-G_011_jpg.rf.9ccdeb5753c9cd5d19a9f9b7f930b630_r1c1.jpg,TP,14,8,0.7363715656345399,6801,9125,78.3803243603939,105.16401408448674
TOSTADA-G_011_jpg.rf.9ccdeb5753c9cd5d19a9f9b7f930b630_r1c1.jpg,TP,6,10,0.6947701860748076,36051,44737,415.48141060381715,515.5860271887873
TOSTADA-G_011_jpg.rf.9ccdeb5753c9cd5d19a9f9b7f930b630_r1c1.jpg,TP,15,0,0.5956678222669172,65285,55306,752.3980996718594,637.3918863514108
TOSTADA-G_011_jpg.rf.9ccdeb5753c9cd5d19a9f9b7f930b630_r1c1.jpg,FP,4,-1,0.0,0,6943,0.0,80.01684929190043
TOSTADA-G_011_jpg.rf.9ccdeb5753c9cd5d19a9f9b7f930b630_r1c1.jpg,FP,5,-1,0.0,0,5266,0.0,60.6897203472775
TOSTADA-G_011_jpg.rf.9ccdeb5753c9cd5d19a9f9b7f930b630_r1c1.jpg,FP,8,-1,0.0,0,14276,0.0,164.52837973371317
TOSTADA-G_011_jpg.rf.9ccdeb5753c9cd5d19a9f9b7f930b630_r1c1.jpg,FP,9,-1,0.0,0,1174,0.0,13.530142743582186
TOSTADA-G_011_jpg.rf.9ccdeb5753c9cd5d19a9f9b7f930b630_r1c1.jpg,FP,10,-1,0.0,0,7082,0.0,81.61879975302303
TOSTADA-G_011_jpg.rf.9ccdeb5753c9cd5d19a9f9b7f930b630_r1c1.jpg,FP,11,-1,0.0,0,71277,0.0,821.4548418520505
TOSTADA-G_011_jpg.rf.9ccdeb5753c9cd5d19a9f9b7f930b630_r1c1.jpg,FP,12,-1,0.0,0,1976,0.0,22.773051159555706
TOSTADA-G_011_jpg.rf.9ccdeb5753c9cd5d19a9f9b7f930b630_r1c1.jpg,FP,17,-1,0.0,0,15397,0.0,177.44770683384573
TOSTADA-G_011_jpg.rf.9ccdeb5753c9cd5d19a9f9b7f930b630_r1c1.jpg,FP,19,-1,0.0,0,6362,0.0,73.32092686087722
TOSTADA-G_011_jpg.rf.9ccdeb5753c9cd5d19a9f9b7f930b630_r1c1.jpg,FP,20,-1,0.0,0,1512,0.0,17.425533073506188
TOSTADA-G_011_jpg.rf.9ccdeb5753c9cd5d19a9f9b7f930b630_r1c1.jpg,FN,-1,4,0.0,3691,0,42.53812339570855,0.0
TOSTADA-G_011_jpg.rf.9ccdeb5753c9cd5d19a9f9b7f930b630_r1c1.jpg,FN,-1,6,0.0,5728,0,66.01418878640439,0.0
TOSTADA-G_011_jpg.rf.9ccdeb5753c9cd5d19a9f9b7f930b630_r1c1.jpg,FN,-1,9,0.0,8116,0,93.5354672120213,0.0
TOSTADA-G_011_jpg.rf.9ccdeb5753c9cd5d19a9f9b7f930b630_r1c1.jpg,FN,-1,11,0.0,1803,0,20.779256700748448,0.0
TOSTADA-G_011_jpg.rf.9ccdeb5753c9cd5d19a9f9b7f930b630_r1c1.jpg,FN,-1,13,0.0,4460,0,51.400712637458724,0.0
TOSTADA-G_011_jpg.rf.9ccdeb5753c9cd5d19a9f9b7f930b630_r1c1.jpg,FN,-1,14,0.0,44785,0,516.1392187149303,0.0
TOSTADA-G_011_jpg.rf.9ccdeb5753c9cd5d19a9f9b7f930b630_r1c1.jpg,FN,-1,15,0.0,13005,0,149.88032911438358,0.0
TOSTADA-G_011_jpg.rf.9ccdeb5753c9cd5d19a9f9b7f930b630_r1c1.jpg,FN,-1,17,0.0,5256,0,60.57447211266437,0.0
TOSTADA-G_011_jpg.rf.9ccdeb5753c9cd5d19a9f9b7f930b630_r1c1.jpg,FN,-1,18,0.0,5923,0,68.26152936136054,0.0
TOSTADA-G_011_jpg.rf.9ccdeb5753c9cd5d19a9f9b7f930b630_r1c1.jpg,FN,-1,19,0.0,2329,0,26.841313841399412,0.0
TOSTADA-G_011_jpg.rf.9ccdeb5753c9cd5d19a9f9b7f930b630_r1c1.jpg,FN,-1,20,0.0,719,0,8.28634806868449,0.0
TOSTADA-G_011_jpg.rf.9ccdeb5753c9cd5d19a9f9b7f930b630_r1c1.jpg,FN,-1,21,0.0,1040,0,11.985816399766161,0.0
TOSTADA-G_011_jpg.rf.9ccdeb5753c9cd5d19a9f9b7f930b630_r1c1.jpg,FN,-1,22,0.0,7900,0,91.04610534437757,0.0
TOSTADA-G_011_jpg.rf.9ccdeb5753c9cd5d19a9f9b7f930b630_r1c1.jpg,FN,-1,24,0.0,1556,0,17.932625305803985,0.0
TOSTADA-G_011_jpg.rf.9ccdeb5753c9cd5d19a9f9b7f930b630_r1c1.jpg,FN,-1,25,0.0,9526,0,109.78546829247351,0.0
TOSTADA-G_011_jpg.rf.9ccdeb5753c9cd5d19a9f9b7f930b630_r1c1.jpg,FN,-1,26,0.0,26781,0,308.64629711743993,0.0
TOSTADA-G_011_jpg.rf.9ccdeb5753c9cd5d19a9f9b7f930b630_r1c2.jpg,TP,6,3,0.9147774979009236,4500,4622,51.86170557591127,53.267734038191534
TOSTADA-G_011_jpg.rf.9ccdeb5753c9cd5d19a9f9b7f930b630_r1c2.jpg,TP,1,8,0.9121992917328123,7981,7678,91.97961604474396,88.48759453596594
TOSTADA-G_011_jpg.rf.9ccdeb5753c9cd5d19a9f9b7f930b630_r1c2.jpg,TP,9,24,0.8613915551797882,17485,19942,201.51153822106858,229.82802946551612
TOSTADA-G_011_jpg.rf.9ccdeb5753c9cd5d19a9f9b7f930b630_r1c2.jpg,TP,7,20,0.8602501359434476,5155,5108,59.41046494307169,58.86879824038995
TOSTADA-G_011_jpg.rf.9ccdeb5753c9cd5d19a9f9b7f930b630_r1c2.jpg,TP,14,5,0.8358739255014327,8404,7614,96.85461636887963,87.75000583444186
TOSTADA-G_011_jpg.rf.9ccdeb5753c9cd5d19a9f9b7f930b630_r1c2.jpg,TP,13,23,0.8355513307984791,4035,3689,46.50266266640044,42.51507374878593
TOSTADA-G_011_jpg.rf.9ccdeb5753c9cd5d19a9f9b7f930b630_r1c2.jpg,TP,15,2,0.8330813172043011,10111,11710,116.52749001734198,134.95568273198245
TOSTADA-G_011_jpg.rf.9ccdeb5753c9cd5d19a9f9b7f930b630_r1c2.jpg,TP,0,26,0.832055809146499,10201,11071,117.56472412886019,127.59132054020304
TOSTADA-G_011_jpg.rf.9ccdeb5753c9cd5d19a9f9b7f930b630_r1c2.jpg,TP,8,4,0.8320524412296564,3923,4182,45.21188243873331,48.19681171521354
TOSTADA-G_011_jpg.rf.9ccdeb5753c9cd5d19a9f9b7f930b630_r1c2.jpg,TP,2,17,0.791441538794035,7368,9210,84.91489926295873,106.1436240786984
TOSTADA-G_011_jpg.rf.9ccdeb5753c9cd5d19a9f9b7f930b630_r1c2.jpg,TP,16,0,0.7669006959560966,30461,27170,351.05764745507406,313.12945344389095
TOSTADA-G_011_jpg.rf.9ccdeb5753c9cd5d19a9f9b7f930b630_r1c2.jpg,TP,17,12,0.7371143213839843,9097,10383,104.84131902756997,119.66224199881927
TOSTADA-G_011_jpg.rf.9ccdeb5753c9cd5d19a9f9b7f930b630_r1c2.jpg,FP,3,-1,0.0,0,9432,0.0,108.70213488711002
TOSTADA-G_011_jpg.rf.9ccdeb5753c9cd5d19a9f9b7f930b630_r1c2.jpg,FP,4,-1,0.0,0,6593,0.0,75.98316108044067
TOSTADA-G_011_jpg.rf.9ccdeb5753c9cd5d19a9f9b7f930b630_r1c2.jpg,FP,5,-1,0.0,0,40378,0.0,465.3493217209212
TOSTADA-G_011_jpg.rf.9ccdeb5753c9cd5d19a9f9b7f930b630_r1c2.jpg,FP,10,-1,0.0,0,3633,0.0,41.869683634952366
TOSTADA-G_011_jpg.rf.9ccdeb5753c9cd5d19a9f9b7f930b630_r1c2.jpg,FP,11,-1,0.0,0,5481,0.0,63.16755739145993
TOSTADA-G_011_jpg.rf.9ccdeb5753c9cd5d19a9f9b7f930b630_r1c2.jpg,FP,12,-1,0.0,0,909,0.0,10.476064526334076
TOSTADA-G_011_jpg.rf.9ccdeb5753c9cd5d19a9f9b7f930b630_r1c2.jpg,FP,18,-1,0.0,0,12129,0.0,139.78458376227286
TOSTADA-G_011_jpg.rf.9ccdeb5753c9cd5d19a9f9b7f930b630_r1c2.jpg,FP,19,-1,0.0,0,14561,0.0,167.81295442018757
TOSTADA-G_011_jpg.rf.9ccdeb5753c9cd5d19a9f9b7f930b630_r1c2.jpg,FP,20,-1,0.0,0,7108,0.0,81.91844516301718
TOSTADA-G_011_jpg.rf.9ccdeb5753c9cd5d19a9f9b7f930b630_r1c2.jpg,FP,21,-1,0.0,0,1075,0.0,12.389185220912138
TOSTADA-G_011_jpg.rf.9ccdeb5753c9cd5d19a9f9b7f930b630_r1c2.jpg,FN,-1,1,0.0,47892,0,551.9468452092317,0.0
TOSTADA-G_011_jpg.rf.9ccdeb5753c9cd5d19a9f9b7f930b630_r1c2.jpg,FN,-1,6,0.0,2385,0,27.486703955232972,0.0
TOSTADA-G_011_jpg.rf.9ccdeb5753c9cd5d19a9f9b7f930b630_r1c2.jpg,FN,-1,7,0.0,19051,0,219.5594117614857,0.0
TOSTADA-G_011_jpg.rf.9ccdeb5753c9cd5d19a9f9b7f930b630_r1c2.jpg,FN,-1,9,0.0,7106,0,81.89539551609455,0.0
TOSTADA-G_011_jpg.rf.9ccdeb5753c9cd5d19a9f9b7f930b630_r1c2.jpg,FN,-1,10,0.0,10467,0,120.63032716956961,0.0
TOSTADA-G_011_jpg.rf.9ccdeb5753c9cd5d19a9f9b7f930b630_r1c2.jpg,FN,-1,11,0.0,7480,0,86.20567949062584,0.0
TOSTADA-G_011_jpg.rf.9ccdeb5753c9cd5d19a9f9b7f930b630_r1c2.jpg,FN,-1,13,0.0,1409,0,16.238476256990886,0.0
TOSTADA-G_011_jpg.rf.9ccdeb5753c9cd5d19a9f9b7f930b630_r1c2.jpg,FN,-1,14,0.0,31931,0,367.9991379432051,0.0
TOSTADA-G_011_jpg.rf.9ccdeb5753c9cd5d19a9f9b7f930b630_r1c2.jpg,FN,-1,15,0.0,1712,0,19.73049776576891,0.0
TOSTADA-G_011_jpg.rf.9ccdeb5753c9cd5d19a9f9b7f930b630_r1c2.jpg,FN,-1,16,0.0,3335,0,38.43528624348091,0.0
TOSTADA-G_011_jpg.rf.9ccdeb5753c9cd5d19a9f9b7f930b630_r1c2.jpg,FN,-1,18,0.0,2276,0,26.23049819794979,0.0
TOSTADA-G_011_jpg.rf.9ccdeb5753c9cd5d19a9f9b7f930b630_r1c2.jpg,FN,-1,19,0.0,4160,0,47.943265599064645,0.0
TOSTADA-G_011_jpg.rf.9ccdeb5753c9cd5d19a9f9b7f930b630_r1c2.jpg,FN,-1,21,0.0,5059,0,58.30408189078558,0.0
TOSTADA-G_011_jpg.rf.9ccdeb5753c9cd5d19a9f9b7f930b630_r1c2.jpg,FN,-1,22,0.0,29333,0,338.0576465907123,0.0
TOSTADA-G_011_jpg.rf.9ccdeb5753c9cd5d19a9f9b7f930b630_r1c2.jpg,FN,-1,25,0.0,2961,0,34.125002268949615,0.0
TOSTADA-G_011_jpg.rf.9ccdeb5753c9cd5d19a9f9b7f930b630_r1c2.jpg,FN,-1,27,0.0,26107,0,300.87856610451456,0.0
TOSTADA-G_011_jpg.rf.9ccdeb5753c9cd5d19a9f9b7f930b630_r2c0.jpg,TP,12,1,0.8892369949742184,28286,29604,325.99115642671694,341.1808737487283
TOSTADA-G_011_jpg.rf.9ccdeb5753c9cd5d19a9f9b7f930b630_r2c0.jpg,TP,18,19,0.862706118319459,54001,50942,622.3519917343966,587.0975567662382
TOSTADA-G_011_jpg.rf.9ccdeb5753c9cd5d19a9f9b7f930b630_r2c0.jpg,TP,2,21,0.8503126891264878,4348,4824,50.109932409791604,55.595748377376886
TOSTADA-G_011_jpg.rf.9ccdeb5753c9cd5d19a9f9b7f930b630_r2c0.jpg,TP,0,0,0.8143632938047213,8126,8245,93.65071544663444,95.02216943853077
TOSTADA-G_011_jpg.rf.9ccdeb5753c9cd5d19a9f9b7f930b630_r2c0.jpg,TP,1,20,0.7943661971830986,5179,6287,59.687060706143214,72.4565651012787
TOSTADA-G_011_jpg.rf.9ccdeb5753c9cd5d19a9f9b7f930b630_r2c0.jpg,TP,3,7,0.7921602787456447,4556,5731,52.50709568974484,66.04876325678833
TOSTADA-G_011_jpg.rf.9ccdeb5753c9cd5d19a9f9b7f930b630_r2c0.jpg,TP,13,17,0.7639372822299652,1794,2256,20.675533289596626,26.000001728723518
TOSTADA-G_011_jpg.rf.9ccdeb5753c9cd5d19a9f9b7f930b630_r2c0.jpg,TP,15,3,0.7628358606012238,7017,6236,80.86968622803764,71.8687991047517
TOSTADA-G_011_jpg.rf.9ccdeb5753c9cd5d19a9f9b7f930b630_r2c0.jpg,TP,6,5,0.723351226993865,4372,4617,50.38652817286313,53.21010992088497
TOSTADA-G_011_jpg.rf.9ccdeb5753c9cd5d19a9f9b7f930b630_r2c0.jpg,TP,7,2,0.7226811821093957,40556,30968,467.400740297035,356.90073294996006
TOSTADA-G_011_jpg.rf.9ccdeb5753c9cd5d19a9f9b7f930b630_r2c0.jpg,TP,5,8,0.697427652733119,2172,3107,25.031916557973172,35.8076264943014
TOSTADA-G_011_jpg.rf.9ccdeb5753c9cd5d19a9f9b7f930b630_r2c0.jpg,TP,19,16,0.6877540735763481,24220,26016,279.13122423301576,299.829807169535
TOSTADA-G_011_jpg.rf.9ccdeb5753c9cd5d19a9f9b7f930b630_r2c0.jpg,TP,4,15,0.5996693759471001,8706,14518,100.33511305419634,167.3173870113511
TOSTADA-G_011_jpg.rf.9ccdeb5753c9cd5d19a9f9b7f930b630_r2c0.jpg,TP,17,4,0.5462068965517242,814,1428,9.381206297509284,16.457447902755842
TOSTADA-G_011_jpg.rf.9ccdeb5753c9cd5d19a9f9b7f930b630_r2c0.jpg,FP,8,-1,0.0,0,6400,0.0,73.75887015240714
TOSTADA-G_011_jpg.rf.9ccdeb5753c9cd5d19a9f9b7f930b630_r2c0.jpg,FP,9,-1,0.0,0,5869,0.0,67.63918889444962
TOSTADA-G_011_jpg.rf.9ccdeb5753c9cd5d19a9f9b7f930b630_r2c0.jpg,FP,10,-1,0.0,0,29133,0.0,335.75268189844957
TOSTADA-G_011_jpg.rf.9ccdeb5753c9cd5d19a9f9b7f930b630_r2c0.jpg,FP,11,-1,0.0,0,24752,0.0,285.2624303144346
TOSTADA-G_011_jpg.rf.9ccdeb5753c9cd5d19a9f9b7f930b630_r2c0.jpg,FP,14,-1,0.0,0,8016,0.0,92.38298486588994
TOSTADA-G_011_jpg.rf.9ccdeb5753c9cd5d19a9f9b7f930b630_r2c0.jpg,FP,16,-1,0.0,0,6879,0.0,79.27926059037637
TOSTADA-G_011_jpg.rf.9ccdeb5753c9cd5d19a9f9b7f930b630_r2c0.jpg,FN,-1,6,0.0,17732,0,204.35816961601304,0.0
TOSTADA-G_011_jpg.rf.9ccdeb5753c9cd5d19a9f9b7f930b630_r2c0.jpg,FN,-1,9,0.0,4036,0,46.514187489861754,0.0
TOSTADA-G_011_jpg.rf.9ccdeb5753c9cd5d19a9f9b7f930b630_r2c0.jpg,FN,-1,10,0.0,4348,0,50.109932409791604,0.0
TOSTADA-G_011_jpg.rf.9ccdeb5753c9cd5d19a9f9b7f930b630_r2c0.jpg,FN,-1,11,0.0,8846,0,101.94858833878024,0.0
TOSTADA-G_011_jpg.rf.9ccdeb5753c9cd5d19a9f9b7f930b630_r2c0.jpg,FN,-1,12,0.0,1071,0,12.343085927066882,0.0
TOSTADA-G_011_jpg.rf.9ccdeb5753c9cd5d19a9f9b7f930b630_r2c0.jpg,FN,-1,13,0.0,4209,0,48.507981948669006,0.0
TOSTADA-G_011_jpg.rf.9ccdeb5753c9cd5d19a9f9b7f930b630_r2c0.jpg,FN,-1,14,0.0,17321,0,199.62146717341315,0.0
TOSTADA-G_011_jpg.rf.9ccdeb5753c9cd5d19a9f9b7f930b630_r2c0.jpg,FN,-1,18,0.0,7687,0,88.59131794711776,0.0
TOSTADA-G_011_jpg.rf.9ccdeb5753c9cd5d19a9f9b7f930b630_r2c0.jpg,FN,-1,22,0.0,1481,0,17.068263546205465,0.0
TOSTADA-G_011_jpg.rf.9ccdeb5753c9cd5d19a9f9b7f930b630_r2c0.jpg,FN,-1,23,0.0,1783,0,20.548760231522177,0.0
TOSTADA-G_011_jpg.rf.9ccdeb5753c9cd5d19a9f9b7f930b630_r2c1.jpg,TP,1,1,0.874578629140136,17066,17968,196.68263719077817,207.07802795288305
TOSTADA-G_011_jpg.rf.9ccdeb5753c9cd5d19a9f9b7f930b630_r2c1.jpg,TP,0,11,0.8327228327228328,6332,7177,72.97518215703782,82.71365798184782
TOSTADA-G_011_jpg.rf.9ccdeb5753c9cd5d19a9f9b7f930b630_r2c1.jpg,TP,4,2,0.8149830612873422,11887,11686,136.99557648463494,134.67908696891092
TOSTADA-G_011_jpg.rf.9ccdeb5753c9cd5d19a9f9b7f930b630_r2c1.jpg,TP,10,8,0.7706860843551727,51590,56135,594.5656423691695,646.9459650008398
TOSTADA-G_011_jpg.rf.9ccdeb5753c9cd5d19a9f9b7f930b630_r2c1.jpg,TP,8,14,0.7499855324074074,62173,58786,716.5328490602515,677.4982719967823
TOSTADA-G_011_jpg.rf.9ccdeb5753c9cd5d19a9f9b7f930b630_r2c1.jpg,TP,5,10,0.7467187240405383,9037,11990,104.14982961989115,138.18263330115025
TOSTADA-G_011_jpg.rf.9ccdeb5753c9cd5d19a9f9b7f930b630_r2c1.jpg,TP,9,18,0.7182032258881321,30672,37185,353.4893852054112,428.5505604089468
TOSTADA-G_011_jpg.rf.9ccdeb5753c9cd5d19a9f9b7f930b630_r2c1.jpg,FP,2,-1,0.0,0,7875,0.0,90.75798475784472
TOSTADA-G_011_jpg.rf.9ccdeb5753c9cd5d19a9f9b7f930b630_r2c1.jpg,FP,3,-1,0.0,0,28433,0.0,327.68530547553
TOSTADA-G_011_jpg.rf.9ccdeb5753c9cd5d19a9f9b7f930b630_r2c1.jpg,FP,6,-1,0.0,0,3641,0.0,41.96188222264288
TOSTADA-G_011_jpg.rf.9ccdeb5753c9cd5d19a9f9b7f930b630_r2c1.jpg,FP,7,-1,0.0,0,15300,0.0,176.3297989580983
TOSTADA-G_011_jpg.rf.9ccdeb5753c9cd5d19a9f9b7f930b630_r2c1.jpg,FN,-1,0,0.0,3232,0,37.24822942696561,0.0
TOSTADA-G_011_jpg.rf.9ccdeb5753c9cd5d19a9f9b7f930b630_r2c1.jpg,FN,-1,3,0.0,6937,0,79.94770035113255,0.0
TOSTADA-G_011_jpg.rf.9ccdeb5753c9cd5d19a9f9b7f930b630_r2c1.jpg,FN,-1,4,0.0,8074,0,93.05142462664614,0.0
TOSTADA-G_011_jpg.rf.9ccdeb5753c9cd5d19a9f9b7f930b630_r2c1.jpg,FN,-1,5,0.0,3784,0,43.60993197761072,0.0
TOSTADA-G_011_jpg.rf.9ccdeb5753c9cd5d19a9f9b7f930b630_r2c1.jpg,FN,-1,6,0.0,5682,0,65.48404690718397,0.0
TOSTADA-G_011_jpg.rf.9ccdeb5753c9cd5d19a9f9b7f930b630_r2c1.jpg,FN,-1,7,0.0,4098,0,47.2287265444632,0.0
TOSTADA-G_011_jpg.rf.9ccdeb5753c9cd5d19a9f9b7f930b630_r2c1.jpg,FN,-1,9,0.0,3616,0,41.67376163611004,0.0
TOSTADA-G_011_jpg.rf.9ccdeb5753c9cd5d19a9f9b7f930b630_r2c1.jpg,FN,-1,12,0.0,2924,0,33.69858380088101,0.0
TOSTADA-G_011_jpg.rf.9ccdeb5753c9cd5d19a9f9b7f930b630_r2c1.jpg,FN,-1,13,0.0,810,0,9.335107003664028,0.0
TOSTADA-G_011_jpg.rf.9ccdeb5753c9cd5d19a9f9b7f930b630_r2c1.jpg,FN,-1,15,0.0,2873,0,33.11081780435402,0.0
TOSTADA-G_011_jpg.rf.9ccdeb5753c9cd5d19a9f9b7f930b630_r2c1.jpg,FN,-1,16,0.0,864,0,9.957447470574964,0.0
TOSTADA-G_011_jpg.rf.9ccdeb5753c9cd5d19a9f9b7f930b630_r2c1.jpg,FN,-1,17,0.0,1005,0,11.582447578620183,0.0
TOSTADA-G_011_jpg.rf.9ccdeb5753c9cd5d19a9f9b7f930b630_r2c1.jpg,FN,-1,19,0.0,7712,0,88.8794385336506,0.0
TOSTADA-G_011_jpg.rf.9ccdeb5753c9cd5d19a9f9b7f930b630_r2c1.jpg,FN,-1,20,0.0,1487,0,17.137412486973346,0.0
TOSTADA-G_011_jpg.rf.9ccdeb5753c9cd5d19a9f9b7f930b630_r2c1.jpg,FN,-1,21,0.0,1040,0,11.985816399766161,0.0
TOSTADA-G_011_jpg.rf.9ccdeb5753c9cd5d19a9f9b7f930b630_r2c2.jpg,TP,6,4,0.8187653388710591,4666,4968,53.77482627048933,57.255322955806044
TOSTADA-G_011_jpg.rf.9ccdeb5753c9cd5d19a9f9b7f930b630_r2c2.jpg,TP,3,10,0.8170709127939271,5143,4671,59.272167061535924,53.8324503877959
TOSTADA-G_011_jpg.rf.9ccdeb5753c9cd5d19a9f9b7f930b630_r2c2.jpg,TP,2,19,0.8104737217776776,22400,25793,258.156045533425,297.2597715376621
TOSTADA-G_011_jpg.rf.9ccdeb5753c9cd5d19a9f9b7f930b630_r2c2.jpg,TP,8,8,0.801932496453521,32985,34337,380.1463018714296,395.7278631911256
TOSTADA-G_011_jpg.rf.9ccdeb5753c9cd5d19a9f9b7f930b630_r2c2.jpg,TP,7,9,0.7783860144799576,4793,5278,55.23847885007616,60.828018228813264
TOSTADA-G_011_jpg.rf.9ccdeb5753c9cd5d19a9f9b7f930b630_r2c2.jpg,TP,0,11,0.7534847702632937,3088,3705,35.58865484853644,42.699470924166945
TOSTADA-G_011_jpg.rf.9ccdeb5753c9cd5d19a9f9b7f930b630_r2c2.jpg,TP,4,21,0.6577442827442828,3334,3045,38.423761420019595,35.09308743969996
TOSTADA-G_011_jpg.rf.9ccdeb5753c9cd5d19a9f9b7f930b630_r2c2.jpg,TP,1,16,0.6192795244574948,13787,8823,158.89274106113083,101.68351739917003
TOSTADA-G_011_jpg.rf.9ccdeb5753c9cd5d19a9f9b7f930b630_r2c2.jpg,FP,5,-1,0.0,0,7556,0.0,87.08156607368568
TOSTADA-G_011_jpg.rf.9ccdeb5753c9cd5d19a9f9b7f930b630_r2c2.jpg,FN,-1,0,0.0,8410,0,96.92376530964751,0.0
TOSTADA-G_011_jpg.rf.9ccdeb5753c9cd5d19a9f9b7f930b630_r2c2.jpg,FN,-1,1,0.0,999,0,11.513298637852301,0.0
TOSTADA-G_011_jpg.rf.9ccdeb5753c9cd5d19a9f9b7f930b630_r2c2.jpg,FN,-1,2,0.0,20328,0,234.27661132158318,0.0
TOSTADA-G_011_jpg.rf.9ccdeb5753c9cd5d19a9f9b7f930b630_r2c2.jpg,FN,-1,3,0.0,5420,0,62.4645431603198,0.0
TOSTADA-G_011_jpg.rf.9ccdeb5753c9cd5d19a9f9b7f930b630_r2c2.jpg,FN,-1,5,0.0,2377,0,27.394505367542465,0.0
TOSTADA-G_011_jpg.rf.9ccdeb5753c9cd5d19a9f9b7f930b630_r2c2.jpg,FN,-1,6,0.0,3858,0,44.46276891374793,0.0
TOSTADA-G_011_jpg.rf.9ccdeb5753c9cd5d19a9f9b7f930b630_r2c2.jpg,FN,-1,7,0.0,4692,0,54.074471680483484,0.0
TOSTADA-G_011_jpg.rf.9ccdeb5753c9cd5d19a9f9b7f930b630_r2c2.jpg,FN,-1,12,0.0,13079,0,150.7331660505208,0.0
TOSTADA-G_011_jpg.rf.9ccdeb5753c9cd5d19a9f9b7f930b630_r2c2.jpg,FN,-1,13,0.0,14847,0,171.10905393012325,0.0
TOSTADA-G_011_jpg.rf.9ccdeb5753c9cd5d19a9f9b7f930b630_r2c2.jpg,FN,-1,14,0.0,12837,0,147.94415877288287,0.0
TOSTADA-G_011_jpg.rf.9ccdeb5753c9cd5d19a9f9b7f930b630_r2c2.jpg,FN,-1,15,0.0,1635,0,18.843086359247764,0.0
TOSTADA-G_011_jpg.rf.9ccdeb5753c9cd5d19a9f9b7f930b630_r2c2.jpg,FN,-1,17,0.0,7426,0,85.58333902371491,0.0
TOSTADA-G_011_jpg.rf.9ccdeb5753c9cd5d19a9f9b7f930b630_r2c2.jpg,FN,-1,18,0.0,2597,0,29.92996652903146,0.0
TOSTADA-G_011_jpg.rf.9ccdeb5753c9cd5d19a9f9b7f930b630_r2c2.jpg,FN,-1,20,0.0,23962,0,276.1578197799969,0.0
TP-D_001_jpg.rf.a759b345b354228cb1ebf83b7e7c1c88_r0c0.jpg,TP,2,16,0.8745436442084301,2756,2892,31.762413459380326,33.32978945011898
TP-D_001_jpg.rf.a759b345b354228cb1ebf83b7e7c1c88_r0c0.jpg,TP,4,9,0.8651987110633728,26054,26041,300.26775046106496,300.11792775606784
TP-D_001_jpg.rf.a759b345b354228cb1ebf83b7e7c1c88_r0c0.jpg,TP,3,4,0.8509088683517964,15713,14529,181.08955104762086,167.44416006942552
TP-D_001_jpg.rf.a759b345b354228cb1ebf83b7e7c1c88_r0c0.jpg,TP,10,1,0.8190580389705117,17483,17432,201.48848857414595,200.90072257761895
TP-D_001_jpg.rf.a759b345b354228cb1ebf83b7e7c1c88_r0c0.jpg,TP,0,5,0.7853271389856755,4937,4286,56.89805342850532,49.39539335519016
TP-D_001_jpg.rf.a759b345b354228cb1ebf83b7e7c1c88_r0c0.jpg,TP,5,15,0.775255391600454,2278,2414,26.25354784487242,27.82092383561107
TP-D_001_jpg.rf.a759b345b354228cb1ebf83b7e7c1c88_r0c0.jpg,TP,1,6,0.7727898176814586,5256,5051,60.57447211266437,58.21188330309507
TP-D_001_jpg.rf.a759b345b354228cb1ebf83b7e7c1c88_r0c0.jpg,TP,9,7,0.7654716603244542,4560,4255,52.55319498359009,49.038123827889436
TP-D_001_jpg.rf.a759b345b354228cb1ebf83b7e7c1c88_r0c0.jpg,TP,7,0,0.6480695652173913,28432,18950,327.67378065206873,218.39540459189303
TP-D_001_jpg.rf.a759b345b354228cb1ebf83b7e7c1c88_r0c0.jpg,TP,6,14,0.6075635461872287,1589,1004,18.312944480027337,11.57092275515887
TP-D_001_jpg.rf.a759b345b354228cb1ebf83b7e7c1c88_r0c0.jpg,FP,8,-1,0.0,0,6855,0.0,79.00266482730484
TP-D_001_jpg.rf.a759b345b354228cb1ebf83b7e7c1c88_r0c0.jpg,FN,-1,2,0.0,1217,0,14.02571015241867,0.0
TP-D_001_jpg.rf.a759b345b354228cb1ebf83b7e7c1c88_r0c0.jpg,FN,-1,3,0.0,1118,0,12.884752629748622,0.0
TP-D_001_jpg.rf.a759b345b354228cb1ebf83b7e7c1c88_r0c0.jpg,FN,-1,8,0.0,8870,0,102.22518410185177,0.0
TP-D_001_jpg.rf.a759b345b354228cb1ebf83b7e7c1c88_r0c0.jpg,FN,-1,10,0.0,2450,0,28.23581748021836,0.0
TP-D_001_jpg.rf.a759b345b354228cb1ebf83b7e7c1c88_r0c0.jpg,FN,-1,11,0.0,13587,0,156.5877763688681,0.0
TP-D_001_jpg.rf.a759b345b354228cb1ebf83b7e7c1c88_r0c0.jpg,FN,-1,12,0.0,907,0,10.45301487941145,0.0
TP-D_001_jpg.rf.a759b345b354228cb1ebf83b7e7c1c88_r0c0.jpg,FN,-1,13,0.0,3077,0,35.461881790461995,0.0
TP-D_001_jpg.rf.a759b345b354228cb1ebf83b7e7c1c88_r0c1.jpg,TP,2,18,0.8721962494090455,17635,18006,203.24026174026562,207.51597124441295
TP-D_001_jpg.rf.a759b345b354228cb1ebf83b7e7c1c88_r0c1.jpg,TP,8,0,0.8610413606860283,40352,38210,465.049676310927,440.36350445679324
TP-D_001_jpg.rf.a759b345b354228cb1ebf83b7e7c1c88_r0c1.jpg,TP,0,1,0.8594253679046951,6891,6376,79.41755847191213,73.48227438933561
TP-D_001_jpg.rf.a759b345b354228cb1ebf83b7e7c1c88_r0c1.jpg,TP,3,13,0.8471655328798186,11014,9351,126.93440560290817,107.76862418674362
TP-D_001_jpg.rf.a759b345b354228cb1ebf83b7e7c1c88_r0c1.jpg,TP,19,10,0.8407395898073338,12386,11308,142.74646339183045,130.32270370053436
TP-D_001_jpg.rf.a759b345b354228cb1ebf83b7e7c1c88_r0c1.jpg,TP,6,16,0.8401384083044983,21310,21234,245.59398796059315,244.71810137753332
TP-D_001_jpg.rf.a759b345b354228cb1ebf83b7e7c1c88_r0c1.jpg,TP,7,9,0.8212741659189167,11820,10507,136.22341331272693,121.09132010802216
TP-D_001_jpg.rf.a759b345b354228cb1ebf83b7e7c1c88_r0c1.jpg,TP,1,5,0.8127981825066263,12859,11079,148.1977048890318,127.68351912789355
TP-D_001_jpg.rf.a759b345b354228cb1ebf83b7e7c1c88_r0c1.jpg,TP,12,14,0.7907929226736566,5778,5153,66.59042995947007,59.387415296149065
TP-D_001_jpg.rf.a759b345b354228cb1ebf83b7e7c1c88_r0c1.jpg,TP,17,11,0.7404400769066439,4583,3564,52.8182659232003,41.074470816121725
TP-D_001_jpg.rf.a759b345b354228cb1ebf83b7e7c1c88_r0c1.jpg,TP,18,8,0.7184191954834157,1400,1035,16.134752845839063,11.928192282459593
TP-D_001_jpg.rf.a759b345b354228cb1ebf83b7e7c1c88_r0c1.jpg,TP,11,12,0.6907216494845361,13175,17985,151.8395491028069,207.27394995172537
TP-D_001_jpg.rf.a759b345b354228cb1ebf83b7e7c1c88_r0c1.jpg,TP,20,6,0.6802325581395349,1386,1504,15.97340531738067,17.333334485815676
TP-D_001_jpg.rf.a759b345b354228cb1ebf83b7e7c1c88_r0c1.jpg,TP,14,7,0.648052557484749,2129,1383,24.536349149136687,15.93883084699673
TP-D_001_jpg.rf.a759b345b354228cb1ebf83b7e7c1c88_r0c1.jpg,FP,4,-1,0.0,0,6828,0.0,78.69149459384937
TP-D_001_jpg.rf.a759b345b354228cb1ebf83b7e7c1c88_r0c1.jpg,FP,5,-1,0.0,0,7569,0.0,87.23138877868276
TP-D_001_jpg.rf.a759b345b354228cb1ebf83b7e7c1c88_r0c1.jpg,FP,9,-1,0.0,0,4727,0.0,54.47784050162946
TP-D_001_jpg.rf.a759b345b354228cb1ebf83b7e7c1c88_r0c1.jpg,FP,10,-1,0.0,0,13589,0.0,156.61082601579074
TP-D_001_jpg.rf.a759b345b354228cb1ebf83b7e7c1c88_r0c1.jpg,FP,13,-1,0.0,0,12843,0.0,148.01330771365076
TP-D_001_jpg.rf.a759b345b354228cb1ebf83b7e7c1c88_r0c1.jpg,FP,15,-1,0.0,0,3791,0.0,43.69060574183992
TP-D_001_jpg.rf.a759b345b354228cb1ebf83b7e7c1c88_r0c1.jpg,FP,16,-1,0.0,0,6770,0.0,78.02305483309318
TP-D_001_jpg.rf.a759b345b354228cb1ebf83b7e7c1c88_r0c1.jpg,FP,21,-1,0.0,0,1121,0.0,12.919327100132563
TP-D_001_jpg.rf.a759b345b354228cb1ebf83b7e7c1c88_r0c1.jpg,FN,-1,2,0.0,1801,0,20.756207053825822,0.0
TP-D_001_jpg.rf.a759b345b354228cb1ebf83b7e7c1c88_r0c1.jpg,FN,-1,3,0.0,2295,0,26.44946984371475,0.0
TP-D_001_jpg.rf.a759b345b354228cb1ebf83b7e7c1c88_r0c1.jpg,FN,-1,4,0.0,26024,0,299.9220057572255,0.0
TP-D_001_jpg.rf.a759b345b354228cb1ebf83b7e7c1c88_r0c1.jpg,FN,-1,15,0.0,3092,0,35.6347541423817,0.0
TP-D_001_jpg.rf.a759b345b354228cb1ebf83b7e7c1c88_r0c1.jpg,FN,-1,17,0.0,7169,0,82.62145939415731,0.0
TP-D_001_jpg.rf.a759b345b354228cb1ebf83b7e7c1c88_r0c1.jpg,FN,-1,19,0.0,2452,0,28.258867127140984,0.0
TP-D_001_jpg.rf.a759b345b354228cb1ebf83b7e7c1c88_r0c2.jpg,TP,0,3,0.8871950193504964,27748,28330,319.7908014045302,326.49824865901473
TP-D_001_jpg.rf.a759b345b354228cb1ebf83b7e7c1c88_r0c2.jpg,TP,5,7,0.884302297577188,19684,19436,226.85462501249722,223.99646879409144
TP-D_001_jpg.rf.a759b345b354228cb1ebf83b7e7c1c88_r0c2.jpg,TP,3,10,0.8820537025382841,18846,17041,217.1968229519164,196.39451660424533
TP-D_001_jpg.rf.a759b345b354228cb1ebf83b7e7c1c88_r0c2.jpg,TP,23,25,0.8642343836373687,8841,8021,101.89096422147368,92.44060898319651
TP-D_001_jpg.rf.a759b345b354228cb1ebf83b7e7c1c88_r0c2.jpg,TP,2,5,0.8592729100351818,5412,5686,62.37234457262929,65.53014620102923
TP-D_001_jpg.rf.a759b345b354228cb1ebf83b7e7c1c88_r0c2.jpg,TP,4,2,0.8424634229329704,5299,5531,61.07003952150085,63.74379856452561
TP-D_001_jpg.rf.a759b345b354228cb1ebf83b7e7c1c88_r0c2.jpg,TP,18,4,0.8301198963058976,10995,11596,126.7154339571432,133.64185285739268
TP-D_001_jpg.rf.a759b345b354228cb1ebf83b7e7c1c88_r0c2.jpg,TP,27,8,0.8140096618357487,3074,2934,35.42730732007806,33.81383203549415
TP-D_001_jpg.rf.a759b345b354228cb1ebf83b7e7c1c88_r0c2.jpg,TP,6,1,0.8108489614841702,4341,4639,50.02925864556241,53.463656037033864
TP-D_001_jpg.rf.a759b345b354228cb1ebf83b7e7c1c88_r0c2.jpg,TP,12,23,0.8077284506079676,32936,30546,379.5815855218253,352.03725744928573
TP-D_001_jpg.rf.a759b345b354228cb1ebf83b7e7c1c88_r0c2.jpg,TP,8,22,0.7994593681365095,5034,5617,58.01596130425274,64.73493338219858
TP-D_001_jpg.rf.a759b345b354228cb1ebf83b7e7c1c88_r0c2.jpg,TP,13,18,0.7817494414847912,4896,5472,56.425535666591465,63.063833980308104
TP-D_001_jpg.rf.a759b345b354228cb1ebf83b7e7c1c88_r0c2.jpg,TP,1,21,0.75716258198136,9834,10528,113.3351139185581,121.33334140070974
TP-D_001_jpg.rf.a759b345b354228cb1ebf83b7e7c1c88_r0c2.jpg,TP,10,12,0.752475817595578,43823,47488,505.0523385451466,547.290816530861
TP-D_001_jpg.rf.a759b345b354228cb1ebf83b7e7c1c88_r0c2.jpg,TP,20,17,0.7337121712699881,5971,7148,68.8147208875036,82.37943810146973
TP-D_001_jpg.rf.a759b345b354228cb1ebf83b7e7c1c88_r0c2.jpg,TP,7,0,0.7331925378387891,7421,7351,85.52571490640834,84.71897726411639
TP-D_001_jpg.rf.a759b345b354228cb1ebf83b7e7c1c88_r0c2.jpg,TP,16,11,0.7321107976404206,7436,6071,85.69858725832805,69.96720323363496
TP-D_001_jpg.rf.a759b345b354228cb1ebf83b7e7c1c88_r0c2.jpg,TP,28,9,0.7238022034332565,7609,5847,87.6923817171353,67.3856427783007
TP-D_001_jpg.rf.a759b345b354228cb1ebf83b7e7c1c88_r0c2.jpg,TP,26,24,0.6564051638530288,762,906,8.781915477520975,10.441490055950135
TP-D_001_jpg.rf.a759b345b354228cb1ebf83b7e7c1c88_r0c2.jpg,TP,30,16,0.63249348392702,2302,1456,26.530143607943945,16.780142959672624
TP-D_001_jpg.rf.a759b345b354228cb1ebf83b7e7c1c88_r0c2.jpg,TP,9,19,0.5828064654555858,31974,23353,368.49470535204154,269.1392022920569
TP-D_001_jpg.rf.a759b345b354228cb1ebf83b7e7c1c88_r0c2.jpg,FP,11,-1,0.0,0,23742,0.0,273.62235861850786
TP-D_001_jpg.rf.a759b345b354228cb1ebf83b7e7c1c88_r0c2.jpg,FP,14,-1,0.0,0,15306,0.0,176.3989478988662
TP-D_001_jpg.rf.a759b345b354228cb1ebf83b7e7c1c88_r0c2.jpg,FP,15,-1,0.0,0,32517,0.0,374.75268449153486
TP-D_001_jpg.rf.a759b345b354228cb1ebf83b7e7c1c88_r0c2.jpg,FP,17,-1,0.0,0,1608,0.0,18.531916125792293
TP-D_001_jpg.rf.a759b345b354228cb1ebf83b7e7c1c88_r0c2.jpg,FP,19,-1,0.0,0,2189,0.0,25.227838556815506
TP-D_001_jpg.rf.a759b345b354228cb1ebf83b7e7c1c88_r0c2.jpg,FP,21,-1,0.0,0,1344,0.0,15.4893627320055
TP-D_001_jpg.rf.a759b345b354228cb1ebf83b7e7c1c88_r0c2.jpg,FP,22,-1,0.0,0,4340,0.0,50.01773382210109
TP-D_001_jpg.rf.a759b345b354228cb1ebf83b7e7c1c88_r0c2.jpg,FP,24,-1,0.0,0,6211,0.0,71.58067851821887
TP-D_001_jpg.rf.a759b345b354228cb1ebf83b7e7c1c88_r0c2.jpg,FP,25,-1,0.0,0,1856,0.0,21.39007234419807
TP-D_001_jpg.rf.a759b345b354228cb1ebf83b7e7c1c88_r0c2.jpg,FP,29,-1,0.0,0,9951,0.0,114.6835182635318
TP-D_001_jpg.rf.a759b345b354228cb1ebf83b7e7c1c88_r0c2.jpg,FN,-1,6,0.0,4576,0,52.737592158971104,0.0
TP-D_001_jpg.rf.a759b345b354228cb1ebf83b7e7c1c88_r0c2.jpg,FN,-1,13,0.0,11797,0,135.95834237311672,0.0
TP-D_001_jpg.rf.a759b345b354228cb1ebf83b7e7c1c88_r0c2.jpg,FN,-1,14,0.0,1303,0,15.016844970091642,0.0
TP-D_001_jpg.rf.a759b345b354228cb1ebf83b7e7c1c88_r0c2.jpg,FN,-1,15,0.0,3136,0,36.1418463746795,0.0
TP-D_001_jpg.rf.a759b345b354228cb1ebf83b7e7c1c88_r0c2.jpg,FN,-1,20,0.0,28836,0,332.32980933043945,0.0
TP-D_001_jpg.rf.a759b345b354228cb1ebf83b7e7c1c88_r1c0.jpg,TP,12,21,0.9155711364300322,6441,6673,74.231387914321,76.90514695734576
TP-D_001_jpg.rf.a759b345b354228cb1ebf83b7e7c1c88_r1c0.jpg,TP,2,6,0.8795624169307842,9551,8833,110.07358887900635,101.79876563378316
TP-D_001_jpg.rf.a759b345b354228cb1ebf83b7e7c1c88_r1c0.jpg,TP,25,11,0.8747321758404137,24674,26075,284.36349408445216,300.50977175375255
TP-D_001_jpg.rf.a759b345b354228cb1ebf83b7e7c1c88_r1c0.jpg,TP,5,13,0.8719933810058507,16322,15354,188.10816853556085,176.95213942500925
TP-D_001_jpg.rf.a759b345b354228cb1ebf83b7e7c1c88_r1c0.jpg,TP,10,9,0.8665506958250497,3665,3846,42.238477985714404,44.324471032212166
TP-D_001_jpg.rf.a759b345b354228cb1ebf83b7e7c1c88_r1c0.jpg,TP,6,24,0.8496331047756526,16250,14502,187.27838124634624,167.13298983597005
TP-D_001_jpg.rf.a759b345b354228cb1ebf83b7e7c1c88_r1c0.jpg,TP,3,23,0.8300927310798684,3028,3090,34.89716544085763,35.61170449545907
TP-D_001_jpg.rf.a759b345b354228cb1ebf83b7e7c1c88_r1c0.jpg,TP,1,0,0.8201932066064195,6067,5615,69.9211039397897,64.71188373527595
TP-D_001_jpg.rf.a759b345b354228cb1ebf83b7e7c1c88_r1c0.jpg,TP,11,25,0.8075452459852154,3514,3577,40.49822964305604,41.2242935211188
TP-D_001_jpg.rf.a759b345b354228cb1ebf83b7e7c1c88_r1c0.jpg,TP,17,12,0.7872294836083137,3991,4350,45.99557043410264,50.132982056714226
TP-D_001_jpg.rf.a759b345b354228cb1ebf83b7e7c1c88_r1c0.jpg,TP,7,3,0.7800053461641272,14616,12020,168.44681971055982,138.52837800498966
TP-D_001_jpg.rf.a759b345b354228cb1ebf83b7e7c1c88_r1c0.jpg,TP,20,16,0.773221242567152,9605,7691,110.69592934591728,88.63741724096302
TP-D_001_jpg.rf.a759b345b354228cb1ebf83b7e7c1c88_r1c0.jpg,TP,22,4,0.7579628400796284,5679,4918,65.44947243680002,56.67908178274036
TP-D_001_jpg.rf.a759b345b354228cb1ebf83b7e7c1c88_r1c0.jpg,TP,19,10,0.7326589595375722,5173,4419,59.61791176537533,50.92819487554487
TP-D_001_jpg.rf.a759b345b354228cb1ebf83b7e7c1c88_r1c0.jpg,TP,9,26,0.7211911955114372,3738,4238,43.0797900983903,48.842201829047106
TP-D_001_jpg.rf.a759b345b354228cb1ebf83b7e7c1c88_r1c0.jpg,TP,16,1,0.6967463598777638,5106,4333,58.84574859346732,49.937060057871896
TP-D_001_jpg.rf.a759b345b354228cb1ebf83b7e7c1c88_r1c0.jpg,TP,0,30,0.6914037347070187,12424,8590,143.18440668336035,98.99823353268395
TP-D_001_jpg.rf.a759b345b354228cb1ebf83b7e7c1c88_r1c0.jpg,TP,21,22,0.6903389830508475,4225,5748,48.69237912405003,66.24468525563066
TP-D_001_jpg.rf.a759b345b354228cb1ebf83b7e7c1c88_r1c0.jpg,TP,14,7,0.6865394609844829,12390,10326,142.7925626856757,119.0053270615244
TP-D_001_jpg.rf.a759b345b354228cb1ebf83b7e7c1c88_r1c0.jpg,TP,4,8,0.6792420327304048,5805,3943,66.90160019292554,45.442378907959586
TP-D_001_jpg.rf.a759b345b354228cb1ebf83b7e7c1c88_r1c0.jpg,TP,15,19,0.6352542372881356,1475,937,16.999114605437583,10.798759583250858
TP-D_001_jpg.rf.a759b345b354228cb1ebf83b7e7c1c88_r1c0.jpg,TP,30,15,0.5925684485006519,3043,1843,35.070037792777335,21.240249639200993
TP-D_001_jpg.rf.a759b345b354228cb1ebf83b7e7c1c88_r1c0.jpg,TP,18,18,0.5735679520778735,2355,1848,27.140959251393564,21.297873756507563
TP-D_001_jpg.rf.a759b345b354228cb1ebf83b7e7c1c88_r1c0.jpg,TP,24,2,0.5732874091083047,2504,1607,28.858157947129293,18.52039130233098
TP-D_001_jpg.rf.a759b345b354228cb1ebf83b7e7c1c88_r1c0.jpg,TP,13,14,0.5135566188197768,1875,972,21.60904398996303,11.202128404396834
TP-D_001_jpg.rf.a759b345b354228cb1ebf83b7e7c1c88_r1c0.jpg,FP,8,-1,0.0,0,5196,0.0,59.88298270498555
TP-D_001_jpg.rf.a759b345b354228cb1ebf83b7e7c1c88_r1c0.jpg,FP,23,-1,0.0,0,1784,0.0,20.560285054983492
TP-D_001_jpg.rf.a759b345b354228cb1ebf83b7e7c1c88_r1c0.jpg,FP,26,-1,0.0,0,3884,0.0,44.762414323742085
TP-D_001_jpg.rf.a759b345b354228cb1ebf83b7e7c1c88_r1c0.jpg,FP,27,-1,0.0,0,3895,0.0,44.889187381816534
TP-D_001_jpg.rf.a759b345b354228cb1ebf83b7e7c1c88_r1c0.jpg,FP,28,-1,0.0,0,618,0.0,7.122340899091815
TP-D_001_jpg.rf.a759b345b354228cb1ebf83b7e7c1c88_r1c0.jpg,FP,29,-1,0.0,0,1225,0.0,14.11790874010918
TP-D_001_jpg.rf.a759b345b354228cb1ebf83b7e7c1c88_r1c0.jpg,FN,-1,5,0.0,4115,0,47.42464854330553,0.0
TP-D_001_jpg.rf.a759b345b354228cb1ebf83b7e7c1c88_r1c0.jpg,FN,-1,17,0.0,3625,0,41.777485047261855,0.0
TP-D_001_jpg.rf.a759b345b354228cb1ebf83b7e7c1c88_r1c0.jpg,FN,-1,20,0.0,12190,0,140.48759799341298,0.0
TP-D_001_jpg.rf.a759b345b354228cb1ebf83b7e7c1c88_r1c0.jpg,FN,-1,27,0.0,24924,0,287.24469994978057,0.0
TP-D_001_jpg.rf.a759b345b354228cb1ebf83b7e7c1c88_r1c0.jpg,FN,-1,28,0.0,1331,0,15.339540027008423,0.0
TP-D_001_jpg.rf.a759b345b354228cb1ebf83b7e7c1c88_r1c0.jpg,FN,-1,29,0.0,3025,0,34.86259097047369,0.0
TP-D_001_jpg.rf.a759b345b354228cb1ebf83b7e7c1c88_r1c1.jpg,TP,6,4,0.8933454876937101,3025,3206,34.86259097047369,36.94858401697145
TP-D_001_jpg.rf.a759b345b354228cb1ebf83b7e7c1c88_r1c1.jpg,TP,2,7,0.8873356978927602,4603,4443,53.048762392426575,51.204790638616394
TP-D_001_jpg.rf.a759b345b354228cb1ebf83b7e7c1c88_r1c1.jpg,TP,24,17,0.8781290115532734,11696,11713,134.79433520352404,134.9902572023664
TP-D_001_jpg.rf.a759b345b354228cb1ebf83b7e7c1c88_r1c1.jpg,TP,9,16,0.8530197075651621,7150,7424,82.40248774839235,85.56028937679228
TP-D_001_jpg.rf.a759b345b354228cb1ebf83b7e7c1c88_r1c1.jpg,TP,7,6,0.8466436720615548,3607,3353,41.57003822495821,38.642733065784554
TP-D_001_jpg.rf.a759b345b354228cb1ebf83b7e7c1c88_r1c1.jpg,TP,15,14,0.8391136801541426,3950,3686,45.52305267218878,42.480499278401986
TP-D_001_jpg.rf.a759b345b354228cb1ebf83b7e7c1c88_r1c1.jpg,TP,11,11,0.8365936167083394,6739,5748,77.66578530579245,66.24468525563066
TP-D_001_jpg.rf.a759b345b354228cb1ebf83b7e7c1c88_r1c1.jpg,TP,0,5,0.834675615212528,4134,4067,47.64362018907049,46.87145701716248
TP-D_001_jpg.rf.a759b345b354228cb1ebf83b7e7c1c88_r1c1.jpg,TP,5,8,0.8258856216716832,4224,3662,48.68085430058871,42.20390351533046
TP-D_001_jpg.rf.a759b345b354228cb1ebf83b7e7c1c88_r1c1.jpg,TP,20,21,0.8088043761396196,7149,6739,82.39096292493105,77.66578530579245
TP-D_001_jpg.rf.a759b345b354228cb1ebf83b7e7c1c88_r1c1.jpg,TP,18,19,0.8062094848174685,7719,8163,88.9601122978798,94.07713391470304
TP-D_001_jpg.rf.a759b345b354228cb1ebf83b7e7c1c88_r1c1.jpg,TP,4,0,0.7760380260030756,6536,6168,75.3262461431458,71.08511110938238
TP-D_001_jpg.rf.a759b345b354228cb1ebf83b7e7c1c88_r1c1.jpg,TP,1,18,0.748269435569755,7500,5633,86.43617595985212,64.9193305575796
TP-D_001_jpg.rf.a759b345b354228cb1ebf83b7e7c1c88_r1c1.jpg,TP,3,10,0.7451703288600502,5744,6090,66.19858596178541,70.18617487939991
TP-D_001_jpg.rf.a759b345b354228cb1ebf83b7e7c1c88_r1c1.jpg,TP,13,20,0.7308276385725133,5171,3947,59.59486211845271,45.48847820180484
TP-D_001_jpg.rf.a759b345b354228cb1ebf83b7e7c1c88_r1c1.jpg,TP,16,3,0.716271783826121,3813,4952,43.944151857988814,57.07092578042503
TP-D_001_jpg.rf.a759b345b354228cb1ebf83b7e7c1c88_r1c1.jpg,TP,8,22,0.7023067856541505,5929,4181,68.33067830212843,48.18528689175223
TP-D_001_jpg.rf.a759b345b354228cb1ebf83b7e7c1c88_r1c1.jpg,TP,23,1,0.6996359223300971,1350,1451,15.558511672773381,16.722518842366057
TP-D_001_jpg.rf.a759b345b354228cb1ebf83b7e7c1c88_r1c1.jpg,TP,17,23,0.6469824789097989,4621,2993,53.25620921473022,34.49379661971165
TP-D_001_jpg.rf.a759b345b354228cb1ebf83b7e7c1c88_r1c1.jpg,TP,22,13,0.5444287729196051,1759,1526,20.27216446845065,17.586880601964577
TP-D_001_jpg.rf.a759b345b354228cb1ebf83b7e7c1c88_r1c1.jpg,FP,10,-1,0.0,0,6363,0.0,73.33245168433854
TP-D_001_jpg.rf.a759b345b354228cb1ebf83b7e7c1c88_r1c1.jpg,FP,12,-1,0.0,0,5916,0.0,68.18085559713136
TP-D_001_jpg.rf.a759b345b354228cb1ebf83b7e7c1c88_r1c1.jpg,FP,14,-1,0.0,0,13093,0.0,150.89451357897917
TP-D_001_jpg.rf.a759b345b354228cb1ebf83b7e7c1c88_r1c1.jpg,FP,19,-1,0.0,0,11182,0.0,128.87057594440884
TP-D_001_jpg.rf.a759b345b354228cb1ebf83b7e7c1c88_r1c1.jpg,FP,21,-1,0.0,0,4808,0.0,55.41135120199586
TP-D_001_jpg.rf.a759b345b354228cb1ebf83b7e7c1c88_r1c1.jpg,FP,25,-1,0.0,0,3578,0.0,41.23581834458012
TP-D_001_jpg.rf.a759b345b354228cb1ebf83b7e7c1c88_r1c1.jpg,FP,26,-1,0.0,0,4593,0.0,52.933514157813434
TP-D_001_jpg.rf.a759b345b354228cb1ebf83b7e7c1c88_r1c1.jpg,FP,27,-1,0.0,0,4715,0.0,54.339542620093695
TP-D_001_jpg.rf.a759b345b354228cb1ebf83b7e7c1c88_r1c1.jpg,FN,-1,2,0.0,1223,0,14.094859093186551,0.0
TP-D_001_jpg.rf.a759b345b354228cb1ebf83b7e7c1c88_r1c1.jpg,FN,-1,9,0.0,1741,0,20.064717646147006,0.0
TP-D_001_jpg.rf.a759b345b354228cb1ebf83b7e7c1c88_r1c1.jpg,FN,-1,12,0.0,6816,0,78.5531967123136,0.0
TP-D_001_jpg.rf.a759b345b354228cb1ebf83b7e7c1c88_r1c1.jpg,FN,-1,15,0.0,11927,0,137.4565694230875,0.0
TP-D_001_jpg.rf.a759b345b354228cb1ebf83b7e7c1c88_r1c2.jpg,TP,14,22,0.9069961132704053,3574,3295,41.189719050734865,37.97429330502836
TP-D_001_jpg.rf.a759b345b354228cb1ebf83b7e7c1c88_r1c2.jpg,TP,5,11,0.8538112272977435,13170,13777,151.78192498550032,158.7774928265177
TP-D_001_jpg.rf.a759b345b354228cb1ebf83b7e7c1c88_r1c2.jpg,TP,4,17,0.8456150590982051,5938,6710,68.43440171328025,77.33156542541437
TP-D_001_jpg.rf.a759b345b354228cb1ebf83b7e7c1c88_r1c2.jpg,TP,1,12,0.8252957233848953,7036,7006,81.0886578738026,80.74291316996319
TP-D_001_jpg.rf.a759b345b354228cb1ebf83b7e7c1c88_r1c2.jpg,TP,15,21,0.8179530201342282,12939,10898,149.11969076593687,125.59752608139578
TP-D_001_jpg.rf.a759b345b354228cb1ebf83b7e7c1c88_r1c2.jpg,TP,0,5,0.8037314529161158,5848,6430,67.39716760176202,74.10461485624656
TP-D_001_jpg.rf.a759b345b354228cb1ebf83b7e7c1c88_r1c2.jpg,TP,3,18,0.7917752234993615,17816,17258,205.32625478676337,198.89540329535038
TP-D_001_jpg.rf.a759b345b354228cb1ebf83b7e7c1c88_r1c2.jpg,TP,16,14,0.7847660899020416,10314,9181,118.86702917998863,105.80940419832031
TP-D_001_jpg.rf.a759b345b354228cb1ebf83b7e7c1c88_r1c2.jpg,TP,7,19,0.7832131822863028,3240,3686,37.34042801465611,42.480499278401986
TP-D_001_jpg.rf.a759b345b354228cb1ebf83b7e7c1c88_r1c2.jpg,TP,12,7,0.7829642928386196,4335,4603,49.960109704794526,53.048762392426575
TP-D_001_jpg.rf.a759b345b354228cb1ebf83b7e7c1c88_r1c2.jpg,TP,8,2,0.7688907598400336,4542,3862,52.345748161286444,44.50886820759318
TP-D_001_jpg.rf.a759b345b354228cb1ebf83b7e7c1c88_r1c2.jpg,TP,10,4,0.7592058917707333,2730,2764,31.46276804938617,31.854612047070834
TP-D_001_jpg.rf.a759b345b354228cb1ebf83b7e7c1c88_r1c2.jpg,TP,13,15,0.7426160337552743,1822,1482,20.998228346513407,17.07978836966678
TP-D_001_jpg.rf.a759b345b354228cb1ebf83b7e7c1c88_r1c2.jpg,TP,17,9,0.7405367514520328,7403,9978,85.3182680841047,114.99468849698725
TP-D_001_jpg.rf.a759b345b354228cb1ebf83b7e7c1c88_r1c2.jpg,TP,11,1,0.7027027027027027,5101,3845,58.78812447616075,44.31294620875085
TP-D_001_jpg.rf.a759b345b354228cb1ebf83b7e7c1c88_r1c2.jpg,TP,9,6,0.6954241273286309,4195,5179,48.34663442021062,59.687060706143214
TP-D_001_jpg.rf.a759b345b354228cb1ebf83b7e7c1c88_r1c2.jpg,TP,2,3,0.5572598659717052,6501,3956,74.92287732199982,45.592201612956664
TP-D_001_jpg.rf.a759b345b354228cb1ebf83b7e7c1c88_r1c2.jpg,FP,6,-1,0.0,0,5024,0.0,57.90071306963961
TP-D_001_jpg.rf.a759b345b354228cb1ebf83b7e7c1c88_r1c2.jpg,FP,18,-1,0.0,0,2837,0.0,32.69592415974673
TP-D_001_jpg.rf.a759b345b354228cb1ebf83b7e7c1c88_r1c2.jpg,FP,19,-1,0.0,0,729,0.0,8.401596303297627
TP-D_001_jpg.rf.a759b345b354228cb1ebf83b7e7c1c88_r1c2.jpg,FP,20,-1,0.0,0,5565,0.0,64.13564256221026
TP-D_001_jpg.rf.a759b345b354228cb1ebf83b7e7c1c88_r1c2.jpg,FP,21,-1,0.0,0,8116,0.0,93.5354672120213
TP-D_001_jpg.rf.a759b345b354228cb1ebf83b7e7c1c88_r1c2.jpg,FP,22,-1,0.0,0,783,0.0,9.02393677020856
TP-D_001_jpg.rf.a759b345b354228cb1ebf83b7e7c1c88_r1c2.jpg,FN,-1,0,0.0,16809,0,193.72075756122058,0.0
TP-D_001_jpg.rf.a759b345b354228cb1ebf83b7e7c1c88_r1c2.jpg,FN,-1,8,0.0,2084,0,24.017732093377575,0.0
TP-D_001_jpg.rf.a759b345b354228cb1ebf83b7e7c1c88_r1c2.jpg,FN,-1,10,0.0,3218,0,37.086881898507215,0.0
TP-D_001_jpg.rf.a759b345b354228cb1ebf83b7e7c1c88_r1c2.jpg,FN,-1,13,0.0,38766,0,446.77130630128363,0.0
TP-D_001_jpg.rf.a759b345b354228cb1ebf83b7e7c1c88_r1c2.jpg,FN,-1,16,0.0,1373,0,15.823582612383595,0.0
TP-D_001_jpg.rf.a759b345b354228cb1ebf83b7e7c1c88_r1c2.jpg,FN,-1,20,0.0,1391,0,16.03102943468724,0.0
TP-D_001_jpg.rf.a759b345b354228cb1ebf83b7e7c1c88_r1c2.jpg,FN,-1,23,0.0,16665,0,192.0611829827914,0.0
TP-D_001_jpg.rf.a759b345b354228cb1ebf83b7e7c1c88_r2c0.jpg,TP,2,4,0.8795962509012256,11787,11676,135.8430941385036,134.56383873429778
TP-D_001_jpg.rf.a759b345b354228cb1ebf83b7e7c1c88_r2c0.jpg,TP,1,17,0.8763952532017389,7693,8277,88.66046688788565,95.3909637892928
TP-D_001_jpg.rf.a759b345b354228cb1ebf83b7e7c1c88_r2c0.jpg,TP,0,0,0.8456838477205076,6078,5703,70.04787699786415,65.72606819987155
TP-D_001_jpg.rf.a759b345b354228cb1ebf83b7e7c1c88_r2c0.jpg,TP,7,23,0.8370168603247939,27137,26142,312.7491342696676,301.28193492566055
TP-D_001_jpg.rf.a759b345b354228cb1ebf83b7e7c1c88_r2c0.jpg,TP,8,19,0.8326992753623188,10284,9949,118.52128447614922,114.66046861660917
TP-D_001_jpg.rf.a759b345b354228cb1ebf83b7e7c1c88_r2c0.jpg,TP,15,10,0.8266759560303453,12074,11523,139.1507184719006,132.80054074471678
TP-D_001_jpg.rf.a759b345b354228cb1ebf83b7e7c1c88_r2c0.jpg,TP,22,3,0.8116022099447514,1733,1546,19.972519058456495,17.81737707119085
TP-D_001_jpg.rf.a759b345b354228cb1ebf83b7e7c1c88_r2c0.jpg,TP,6,6,0.8038598412263893,7065,6114,81.42287775418069,70.46277064247144
TP-D_001_jpg.rf.a759b345b354228cb1ebf83b7e7c1c88_r2c0.jpg,TP,14,18,0.8019222732971166,2278,2034,26.25354784487242,23.441490920311896
TP-D_001_jpg.rf.a759b345b354228cb1ebf83b7e7c1c88_r2c0.jpg,TP,13,13,0.7982271000422119,2286,1974,26.345746432562926,22.750001512633077
TP-D_001_jpg.rf.a759b345b354228cb1ebf83b7e7c1c88_r2c0.jpg,TP,5,16,0.7971976998461164,11766,10424,135.601072845816,120.13475976073313
TP-D_001_jpg.rf.a759b345b354228cb1ebf83b7e7c1c88_r2c0.jpg,TP,11,12,0.7893020221787345,8245,8213,95.02216943853077,94.65337508776872
TP-D_001_jpg.rf.a759b345b354228cb1ebf83b7e7c1c88_r2c0.jpg,TP,3,8,0.7863036303630363,8735,10750,100.66933293457443,123.89185220912137
TP-D_001_jpg.rf.a759b345b354228cb1ebf83b7e7c1c88_r2c0.jpg,TP,24,9,0.7772983114446529,14868,13551,171.35107522281083,156.1728827242608
TP-D_001_jpg.rf.a759b345b354228cb1ebf83b7e7c1c88_r2c0.jpg,TP,10,5,0.7692799123847769,9487,9899,109.33600017748228,114.08422744354348
TP-D_001_jpg.rf.a759b345b354228cb1ebf83b7e7c1c88_r2c0.jpg,TP,23,22,0.7682926829268293,1056,974,12.170213575147178,11.225178051319462
TP-D_001_jpg.rf.a759b345b354228cb1ebf83b7e7c1c88_r2c0.jpg,TP,4,21,0.7545862972669413,4042,5331,46.583336430629636,61.43883387226288
TP-D_001_jpg.rf.a759b345b354228cb1ebf83b7e7c1c88_r2c0.jpg,TP,20,20,0.7297939778129953,1260,923,14.521277561255156,10.637412054792467
TP-D_001_jpg.rf.a759b345b354228cb1ebf83b7e7c1c88_r2c0.jpg,TP,17,7,0.7231392991601506,10252,7598,118.15249012538719,87.56560865906086
TP-D_001_jpg.rf.a759b345b354228cb1ebf83b7e7c1c88_r2c0.jpg,TP,12,14,0.710741548527808,3661,2614,42.192378691869145,30.12588852787379
TP-D_001_jpg.rf.a759b345b354228cb1ebf83b7e7c1c88_r2c0.jpg,TP,21,15,0.6711930164888458,3093,2076,35.64627896584302,23.925533505687067
TP-D_001_jpg.rf.a759b345b354228cb1ebf83b7e7c1c88_r2c0.jpg,TP,9,2,0.6369047619047619,2110,2015,24.31737750337173,23.222519274546936
TP-D_001_jpg.rf.a759b345b354228cb1ebf83b7e7c1c88_r2c0.jpg,TP,19,1,0.5813424345847554,1754,1026,20.21454035114408,11.82446887130777
TP-D_001_jpg.rf.a759b345b354228cb1ebf83b7e7c1c88_r2c0.jpg,FP,16,-1,0.0,0,1238,0.0,14.267731445106257
TP-D_001_jpg.rf.a759b345b354228cb1ebf83b7e7c1c88_r2c0.jpg,FP,18,-1,0.0,0,3171,0.0,36.54521519582548
TP-D_001_jpg.rf.a759b345b354228cb1ebf83b7e7c1c88_r2c0.jpg,FN,-1,11,0.0,3314,0,38.19326495079332,0.0
TP-D_001_jpg.rf.a759b345b354228cb1ebf83b7e7c1c88_r2c1.jpg,TP,7,14,0.8708370837083709,4100,4214,47.25177619138582,48.56560606597558
TP-D_001_jpg.rf.a759b345b354228cb1ebf83b7e7c1c88_r2c1.jpg,TP,18,8,0.8443974973592264,12008,10691,138.39008012345388,123.21188762490387
TP-D_001_jpg.rf.a759b345b354228cb1ebf83b7e7c1c88_r2c1.jpg,TP,4,13,0.8424229808492922,4793,4058,55.23847885007616,46.76773360601065
TP-D_001_jpg.rf.a759b345b354228cb1ebf83b7e7c1c88_r2c1.jpg,TP,10,4,0.8358001390682428,9164,9317,105.61348219947797,107.37678018905896
TP-D_001_jpg.rf.a759b345b354228cb1ebf83b7e7c1c88_r2c1.jpg,TP,2,2,0.8296321410408544,5819,4974,67.06294772138394,57.324471896573925
TP-D_001_jpg.rf.a759b345b354228cb1ebf83b7e7c1c88_r2c1.jpg,TP,3,11,0.8107460643394935,4901,5681,56.48315978389803,65.47252208372265
TP-D_001_jpg.rf.a759b345b354228cb1ebf83b7e7c1c88_r2c1.jpg,TP,9,15,0.795827538247566,2899,3557,33.41046321434817,40.99379705189253
TP-D_001_jpg.rf.a759b345b354228cb1ebf83b7e7c1c88_r2c1.jpg,TP,6,18,0.7882228677053076,3539,3233,40.786350229588884,37.25975425042692
TP-D_001_jpg.rf.a759b345b354228cb1ebf83b7e7c1c88_r2c1.jpg,TP,8,17,0.78767803908579,5436,5358,62.648940335700814,61.750004105718354
TP-D_001_jpg.rf.a759b345b354228cb1ebf83b7e7c1c88_r2c1.jpg,TP,12,7,0.7822028624766646,6335,5121,73.00975662742175,59.01862094538703
TP-D_001_jpg.rf.a759b345b354228cb1ebf83b7e7c1c88_r2c1.jpg,TP,0,16,0.745176429688858,5749,4291,66.25621007909197,49.453017472496725
TP-D_001_jpg.rf.a759b345b354228cb1ebf83b7e7c1c88_r2c1.jpg,TP,22,1,0.7163271511097598,2424,3221,27.936172070224206,37.12145636889116
TP-D_001_jpg.rf.a759b345b354228cb1ebf83b7e7c1c88_r2c1.jpg,TP,5,3,0.7139311200744648,3071,2453,35.39273284969411,28.2703919506023
TP-D_001_jpg.rf.a759b345b354228cb1ebf83b7e7c1c88_r2c1.jpg,TP,20,23,0.7027756360832691,2098,2319,24.179079621835967,26.726065606786275
TP-D_001_jpg.rf.a759b345b354228cb1ebf83b7e7c1c88_r2c1.jpg,TP,11,21,0.6954879328436516,4750,3329,54.74291144123968,38.36613730271303
TP-D_001_jpg.rf.a759b345b354228cb1ebf83b7e7c1c88_r2c1.jpg,TP,1,6,0.676038062283737,6933,4692,79.9016010572873,54.074471680483484
TP-D_001_jpg.rf.a759b345b354228cb1ebf83b7e7c1c88_r2c1.jpg,TP,13,5,0.6661800486618005,1922,1502,22.15071069264477,17.31028483889305
TP-D_001_jpg.rf.a759b345b354228cb1ebf83b7e7c1c88_r2c1.jpg,TP,15,12,0.5789025221540559,4949,4316,57.036351310041084,49.741138059029566
TP-D_001_jpg.rf.a759b345b354228cb1ebf83b7e7c1c88_r2c1.jpg,TP,17,10,0.5273109243697479,2146,1489,24.73227114797902,17.160462133895972
TP-D_001_jpg.rf.a759b345b354228cb1ebf83b7e7c1c88_r2c1.jpg,FP,14,-1,0.0,0,824,0.0,9.496454532122419
TP-D_001_jpg.rf.a759b345b354228cb1ebf83b7e7c1c88_r2c1.jpg,FP,16,-1,0.0,0,807,0.0,9.300532533280087
TP-D_001_jpg.rf.a759b345b354228cb1ebf83b7e7c1c88_r2c1.jpg,FP,19,-1,0.0,0,2453,0.0,28.2703919506023
TP-D_001_jpg.rf.a759b345b354228cb1ebf83b7e7c1c88_r2c1.jpg,FP,21,-1,0.0,0,4197,0.0,48.36968406713324
TP-D_001_jpg.rf.a759b345b354228cb1ebf83b7e7c1c88_r2c1.jpg,FP,23,-1,0.0,0,1679,0.0,19.35017859154556
TP-D_001_jpg.rf.a759b345b354228cb1ebf83b7e7c1c88_r2c1.jpg,FP,24,-1,0.0,0,5221,0.0,60.171103291518385
TP-D_001_jpg.rf.a759b345b354228cb1ebf83b7e7c1c88_r2c1.jpg,FP,25,-1,0.0,0,4852,0.0,55.918443434293664
TP-D_001_jpg.rf.a759b345b354228cb1ebf83b7e7c1c88_r2c1.jpg,FN,-1,0,0.0,1480,0,17.05673872274415,0.0
TP-D_001_jpg.rf.a759b345b354228cb1ebf83b7e7c1c88_r2c1.jpg,FN,-1,9,0.0,6808,0,78.4609981246231,0.0
TP-D_001_jpg.rf.a759b345b354228cb1ebf83b7e7c1c88_r2c1.jpg,FN,-1,19,0.0,7816,0,90.07802017362722,0.0
TP-D_001_jpg.rf.a759b345b354228cb1ebf83b7e7c1c88_r2c1.jpg,FN,-1,20,0.0,2511,0,28.93883171135849,0.0
TP-D_001_jpg.rf.a759b345b354228cb1ebf83b7e7c1c88_r2c1.jpg,FN,-1,22,0.0,1522,0,17.540781308119325,0.0
TP-D_001_jpg.rf.a759b345b354228cb1ebf83b7e7c1c88_r2c2.jpg,TP,10,9,0.8910989557434112,5571,5838,64.20479150297815,67.28191936714889
TP-D_001_jpg.rf.a759b345b354228cb1ebf83b7e7c1c88_r2c2.jpg,TP,4,18,0.8848432150426607,17610,17073,202.95214115373278,196.76331095500737
TP-D_001_jpg.rf.a759b345b354228cb1ebf83b7e7c1c88_r2c2.jpg,TP,0,1,0.8589760377111432,6731,7466,77.57358671810195,86.04433196216746
TP-D_001_jpg.rf.a759b345b354228cb1ebf83b7e7c1c88_r2c2.jpg,TP,5,0,0.8483026874115983,7376,8305,85.00709785064923,95.71365884620958
TP-D_001_jpg.rf.a759b345b354228cb1ebf83b7e7c1c88_r2c2.jpg,TP,1,10,0.8263076126359399,9084,8549,104.69149632257289,98.5257157707701
TP-D_001_jpg.rf.a759b345b354228cb1ebf83b7e7c1c88_r2c2.jpg,TP,18,16,0.8239582588807091,13527,11992,155.89628696118928,138.20568294807288
TP-D_001_jpg.rf.a759b345b354228cb1ebf83b7e7c1c88_r2c2.jpg,TP,2,3,0.8065414057063326,8027,7549,92.5097579239644,87.00089230945649
TP-D_001_jpg.rf.a759b345b354228cb1ebf83b7e7c1c88_r2c2.jpg,TP,16,19,0.7963992586709029,6563,7007,75.63741637660127,80.7544379934245
TP-D_001_jpg.rf.a759b345b354228cb1ebf83b7e7c1c88_r2c2.jpg,TP,7,7,0.7875986905449643,5013,4270,57.77394001156516,49.210996179809136
TP-D_001_jpg.rf.a759b345b354228cb1ebf83b7e7c1c88_r2c2.jpg,TP,12,17,0.7268183967042615,14227,11342,163.9636633841088,130.71454769821904
TP-D_001_jpg.rf.a759b345b354228cb1ebf83b7e7c1c88_r2c2.jpg,TP,13,6,0.6731218697829716,2790,2221,32.154257457064986,25.59663290757754
TP-D_001_jpg.rf.a759b345b354228cb1ebf83b7e7c1c88_r2c2.jpg,FP,3,-1,0.0,0,9260,0.0,106.71986525176408
TP-D_001_jpg.rf.a759b345b354228cb1ebf83b7e7c1c88_r2c2.jpg,FP,6,-1,0.0,0,7812,0.0,90.03192087978196
TP-D_001_jpg.rf.a759b345b354228cb1ebf83b7e7c1c88_r2c2.jpg,FP,8,-1,0.0,0,2583,0.0,29.768619000573068
TP-D_001_jpg.rf.a759b345b354228cb1ebf83b7e7c1c88_r2c2.jpg,FP,9,-1,0.0,0,2521,0.0,29.054079945971626
TP-D_001_jpg.rf.a759b345b354228cb1ebf83b7e7c1c88_r2c2.jpg,FP,11,-1,0.0,0,3336,0.0,38.446811066942224
TP-D_001_jpg.rf.a759b345b354228cb1ebf83b7e7c1c88_r2c2.jpg,FP,14,-1,0.0,0,4834,0.0,55.71099661199002
TP-D_001_jpg.rf.a759b345b354228cb1ebf83b7e7c1c88_r2c2.jpg,FP,15,-1,0.0,0,3297,0.0,37.99734295195099
TP-D_001_jpg.rf.a759b345b354228cb1ebf83b7e7c1c88_r2c2.jpg,FP,17,-1,0.0,0,1657,0.0,19.09663247539666
TP-D_001_jpg.rf.a759b345b354228cb1ebf83b7e7c1c88_r2c2.jpg,FP,19,-1,0.0,0,4258,0.0,49.07269829827337
TP-D_001_jpg.rf.a759b345b354228cb1ebf83b7e7c1c88_r2c2.jpg,FP,20,-1,0.0,0,3500,0.0,40.33688211459766
TP-D_001_jpg.rf.a759b345b354228cb1ebf83b7e7c1c88_r2c2.jpg,FN,-1,2,0.0,7191,0,82.87500551030621,0.0
TP-D_001_jpg.rf.a759b345b354228cb1ebf83b7e7c1c88_r2c2.jpg,FN,-1,4,0.0,4543,0,52.35727298474776,0.0
TP-D_001_jpg.rf.a759b345b354228cb1ebf83b7e7c1c88_r2c2.jpg,FN,-1,5,0.0,7285,0,83.95833891566969,0.0
TP-D_001_jpg.rf.a759b345b354228cb1ebf83b7e7c1c88_r2c2.jpg,FN,-1,8,0.0,3728,0,42.96454186377716,0.0
TP-D_001_jpg.rf.a759b345b354228cb1ebf83b7e7c1c88_r2c2.jpg,FN,-1,11,0.0,13136,0,151.39008098781565,0.0
TP-D_001_jpg.rf.a759b345b354228cb1ebf83b7e7c1c88_r2c2.jpg,FN,-1,12,0.0,3555,0,40.970747404969906,0.0
TP-D_001_jpg.rf.a759b345b354228cb1ebf83b7e7c1c88_r2c2.jpg,FN,-1,13,0.0,1223,0,14.094859093186551,0.0
TP-D_001_jpg.rf.a759b345b354228cb1ebf83b7e7c1c88_r2c2.jpg,FN,-1,14,0.0,4534,0,52.25354957359593,0.0
TP-D_001_jpg.rf.a759b345b354228cb1ebf83b7e7c1c88_r2c2.jpg,FN,-1,15,0.0,7488,0,86.29787807831636,0.0
TP-D_009_jpg.rf.e8cdb11635df3be6c85d743284d8ecfb_r0c0.jpg,TP,5,16,0.9140473582202747,10983,11731,126.57713607560744,135.19770402467003
TP-D_009_jpg.rf.e8cdb11635df3be6c85d743284d8ecfb_r0c0.jpg,TP,2,17,0.9128619528619528,6906,7297,79.59043082383182,84.09663679720545
TP-D_009_jpg.rf.e8cdb11635df3be6c85d743284d8ecfb_r0c0.jpg,TP,17,30,0.9083245521601686,9056,9054,104.3688012656561,104.34575161873347
TP-D_009_jpg.rf.e8cdb11635df3be6c85d743284d8ecfb_r0c0.jpg,TP,1,1,0.9034121201350631,10351,11070,119.29344764805724,127.57979571674173
TP-D_009_jpg.rf.e8cdb11635df3be6c85d743284d8ecfb_r0c0.jpg,TP,11,7,0.8921116238189409,8487,8735,97.81117671616866,100.66933293457443
TP-D_009_jpg.rf.e8cdb11635df3be6c85d743284d8ecfb_r0c0.jpg,TP,9,27,0.8873826903023984,3468,3772,39.96808776383562,43.47163409607496
TP-D_009_jpg.rf.e8cdb11635df3be6c85d743284d8ecfb_r0c0.jpg,TP,6,25,0.8703409291644586,5471,5117,63.05230915684679,58.97252165154177
TP-D_009_jpg.rf.e8cdb11635df3be6c85d743284d8ecfb_r0c0.jpg,TP,3,22,0.8676860346585117,4256,4905,49.04964865135075,56.52925907774328
TP-D_009_jpg.rf.e8cdb11635df3be6c85d743284d8ecfb_r0c0.jpg,TP,4,0,0.8646114730653106,5457,6277,62.8909616283884,72.34131686666557
TP-D_009_jpg.rf.e8cdb11635df3be6c85d743284d8ecfb_r0c0.jpg,TP,12,2,0.8633917722617601,5289,5446,60.95479128688771,62.764188570313955
TP-D_009_jpg.rf.e8cdb11635df3be6c85d743284d8ecfb_r0c0.jpg,TP,0,4,0.8604158493526873,21940,25482,252.85462674122073,293.67555144119353
TP-D_009_jpg.rf.e8cdb11635df3be6c85d743284d8ecfb_r0c0.jpg,TP,8,28,0.8585883514313919,3510,4021,40.45213034921079,46.34131513794205
TP-D_009_jpg.rf.e8cdb11635df3be6c85d743284d8ecfb_r0c0.jpg,TP,10,3,0.8413452027695351,4258,5050,49.07269829827337,58.200358479633756
TP-D_009_jpg.rf.e8cdb11635df3be6c85d743284d8ecfb_r0c0.jpg,TP,30,15,0.8411181882519462,2430,2773,28.005321010992088,31.958335458222656
TP-D_009_jpg.rf.e8cdb11635df3be6c85d743284d8ecfb_r0c0.jpg,TP,34,21,0.8397711015736766,652,634,7.514184896776477,7.3067380744728325
TP-D_009_jpg.rf.e8cdb11635df3be6c85d743284d8ecfb_r0c0.jpg,TP,14,6,0.8273901196540694,7828,7597,90.21631805516299,87.55408383559954
TP-D_009_jpg.rf.e8cdb11635df3be6c85d743284d8ecfb_r0c0.jpg,TP,16,32,0.8178455848358761,1799,2133,20.733157406903196,24.582448442981942
TP-D_009_jpg.rf.e8cdb11635df3be6c85d743284d8ecfb_r0c0.jpg,TP,21,20,0.8112122664111164,1693,2087,19.51152612000395,24.052306563761515
TP-D_009_jpg.rf.e8cdb11635df3be6c85d743284d8ecfb_r0c0.jpg,TP,32,13,0.8,2825,3430,32.55762627821097,39.5301444723057
TP-D_009_jpg.rf.e8cdb11635df3be6c85d743284d8ecfb_r0c0.jpg,TP,7,33,0.7917758516428139,3941,4948,45.41932926103696,57.02482648657977
TP-D_009_jpg.rf.e8cdb11635df3be6c85d743284d8ecfb_r0c0.jpg,TP,22,26,0.7875125881168177,4692,5958,54.074471680483484,68.66489818250652
TP-D_009_jpg.rf.e8cdb11635df3be6c85d743284d8ecfb_r0c0.jpg,TP,13,31,0.781540847983454,3025,3866,34.86259097047369,44.55496750143844
TP-D_009_jpg.rf.e8cdb11635df3be6c85d743284d8ecfb_r0c0.jpg,TP,19,12,0.7795298165137615,9089,9532,104.74912043987945,109.85461723324138
TP-D_009_jpg.rf.e8cdb11635df3be6c85d743284d8ecfb_r0c0.jpg,TP,29,10,0.7645794966236955,2667,3082,30.736704171323414,35.51950590776856
TP-D_009_jpg.rf.e8cdb11635df3be6c85d743284d8ecfb_r0c0.jpg,TP,27,19,0.7579710144927536,1577,2062,18.174646598491574,23.764185977228674
TP-D_009_jpg.rf.e8cdb11635df3be6c85d743284d8ecfb_r0c0.jpg,TP,25,8,0.745414364640884,3711,4187,42.76861986493483,48.25443583252011
TP-D_009_jpg.rf.e8cdb11635df3be6c85d743284d8ecfb_r0c0.jpg,TP,20,11,0.7381326010200079,4527,4334,52.17287580936674,49.94858488133321
TP-D_009_jpg.rf.e8cdb11635df3be6c85d743284d8ecfb_r0c0.jpg,TP,18,29,0.7260891337005508,1507,1940,17.36790895619962,22.358157514948413
TP-D_009_jpg.rf.e8cdb11635df3be6c85d743284d8ecfb_r0c0.jpg,TP,23,9,0.7163433274544385,2542,3297,29.29610123865921,37.99734295195099
TP-D_009_jpg.rf.e8cdb11635df3be6c85d743284d8ecfb_r0c0.jpg,TP,15,5,0.7098844672657253,8897,12415,102.53635433530724,143.08068327220855
TP-D_009_jpg.rf.e8cdb11635df3be6c85d743284d8ecfb_r0c0.jpg,TP,26,24,0.7085427135678392,705,995,8.125000540226099,11.467199344007048
TP-D_009_jpg.rf.e8cdb11635df3be6c85d743284d8ecfb_r0c0.jpg,TP,24,23,0.6986666666666667,823,1088,9.484929708661106,12.539007925909214
TP-D_009_jpg.rf.e8cdb11635df3be6c85d743284d8ecfb_r0c0.jpg,TP,28,34,0.6790174854288094,1631,2402,18.796987065402508,27.682625954075306
TP-D_009_jpg.rf.e8cdb11635df3be6c85d743284d8ecfb_r0c0.jpg,TP,31,14,0.671415004748338,1457,2063,16.79166778313394,23.77571080068999
TP-D_009_jpg.rf.e8cdb11635df3be6c85d743284d8ecfb_r0c0.jpg,FP,33,-1,0.0,0,1813,0.0,20.894504935361585
TP-D_009_jpg.rf.e8cdb11635df3be6c85d743284d8ecfb_r0c0.jpg,FN,-1,18,0.0,1417,0,16.330674844681393,0.0
TP-D_009_jpg.rf.e8cdb11635df3be6c85d743284d8ecfb_r0c1.jpg,TP,5,8,0.8990731956505874,12339,13684,142.2047966891487,157.70568424461553
TP-D_009_jpg.rf.e8cdb11635df3be6c85d743284d8ecfb_r0c1.jpg,TP,10,23,0.8957862761897344,12118,12222,139.6578107041984,140.85639234417502
TP-D_009_jpg.rf.e8cdb11635df3be6c85d743284d8ecfb_r0c1.jpg,TP,4,4,0.8839540186205587,18747,20914,216.05586542924635,241.03015786991295
TP-D_009_jpg.rf.e8cdb11635df3be6c85d743284d8ecfb_r0c1.jpg,TP,16,6,0.8791600262491797,9509,10536,109.58954629363117,121.42553998840026
TP-D_009_jpg.rf.e8cdb11635df3be6c85d743284d8ecfb_r0c1.jpg,TP,21,28,0.8761614867029798,5877,5834,67.73138748214012,67.23582007330363
TP-D_009_jpg.rf.e8cdb11635df3be6c85d743284d8ecfb_r0c1.jpg,TP,9,10,0.8706308313605348,6608,6825,76.15603343236037,78.65692012346543
TP-D_009_jpg.rf.e8cdb11635df3be6c85d743284d8ecfb_r0c1.jpg,TP,11,33,0.8574332909783989,3424,3885,39.46099553153782,44.7739391472034
TP-D_009_jpg.rf.e8cdb11635df3be6c85d743284d8ecfb_r0c1.jpg,TP,7,16,0.8534708865186221,5154,5446,59.39894011961037,62.764188570313955
TP-D_009_jpg.rf.e8cdb11635df3be6c85d743284d8ecfb_r0c1.jpg,TP,26,24,0.8516080293546299,23953,27518,276.054096368845,317.1400920084281
TP-D_009_jpg.rf.e8cdb11635df3be6c85d743284d8ecfb_r0c1.jpg,TP,15,9,0.844472049689441,6798,8050,78.34574989000996,92.77482886357461
TP-D_009_jpg.rf.e8cdb11635df3be6c85d743284d8ecfb_r0c1.jpg,TP,18,5,0.8363713437897414,12017,13975,138.49380353460572,161.0594078718578
TP-D_009_jpg.rf.e8cdb11635df3be6c85d743284d8ecfb_r0c1.jpg,TP,1,21,0.832688030315512,10169,12078,117.19592977809816,139.19681776574586
TP-D_009_jpg.rf.e8cdb11635df3be6c85d743284d8ecfb_r0c1.jpg,TP,2,14,0.830156516348985,16807,18623,193.69770791429795,214.62678732004346
TP-D_009_jpg.rf.e8cdb11635df3be6c85d743284d8ecfb_r0c1.jpg,TP,6,18,0.8250542888165038,6351,7096,73.19415380280277,81.78014728148142
TP-D_009_jpg.rf.e8cdb11635df3be6c85d743284d8ecfb_r0c1.jpg,TP,13,22,0.8232217573221757,6630,7314,76.40957954850927,84.29255879604779
TP-D_009_jpg.rf.e8cdb11635df3be6c85d743284d8ecfb_r0c1.jpg,TP,23,29,0.8209003215434083,2667,2996,30.736704171323414,34.52837109009559
TP-D_009_jpg.rf.e8cdb11635df3be6c85d743284d8ecfb_r0c1.jpg,TP,8,32,0.8116583982990787,4773,5452,55.00798238084989,62.83333751108184
TP-D_009_jpg.rf.e8cdb11635df3be6c85d743284d8ecfb_r0c1.jpg,TP,14,30,0.8072944064527442,4781,5526,55.1001809685404,63.68617444721904
TP-D_009_jpg.rf.e8cdb11635df3be6c85d743284d8ecfb_r0c1.jpg,TP,22,15,0.8002481389578163,7767,9645,89.51330382402286,111.15692228436983
TP-D_009_jpg.rf.e8cdb11635df3be6c85d743284d8ecfb_r0c1.jpg,TP,0,13,0.795525494276795,10874,13283,125.32093031832426,153.08423003662875
TP-D_009_jpg.rf.e8cdb11635df3be6c85d743284d8ecfb_r0c1.jpg,TP,20,7,0.7948412698412698,4006,5040,46.16844278602235,58.08511024502062
TP-D_009_jpg.rf.e8cdb11635df3be6c85d743284d8ecfb_r0c1.jpg,TP,34,2,0.7643898695318496,2038,2560,23.487590214157148,29.503548060962856
TP-D_009_jpg.rf.e8cdb11635df3be6c85d743284d8ecfb_r0c1.jpg,TP,29,20,0.763801652892562,9928,11414,114.41844732392158,131.54433498743361
TP-D_009_jpg.rf.e8cdb11635df3be6c85d743284d8ecfb_r0c1.jpg,TP,17,34,0.7592219986586184,1213,1410,13.979610858573416,16.250001080452197
TP-D_009_jpg.rf.e8cdb11635df3be6c85d743284d8ecfb_r0c1.jpg,TP,3,31,0.7394372823939023,8236,10249,94.91844602737893,118.11791565500324
TP-D_009_jpg.rf.e8cdb11635df3be6c85d743284d8ecfb_r0c1.jpg,TP,31,1,0.7158098933074685,815,954,9.392731120970597,10.99468158209319
TP-D_009_jpg.rf.e8cdb11635df3be6c85d743284d8ecfb_r0c1.jpg,TP,27,11,0.6381909547738693,1905,2985,21.95478869380244,34.40159803202114
TP-D_009_jpg.rf.e8cdb11635df3be6c85d743284d8ecfb_r0c1.jpg,TP,28,27,0.6229681232847794,3263,4425,37.60549895426633,50.99734381631275
TP-D_009_jpg.rf.e8cdb11635df3be6c85d743284d8ecfb_r0c1.jpg,TP,24,19,0.506120527306968,1075,2124,12.389185220912138,24.47872503183012
TP-D_009_jpg.rf.e8cdb11635df3be6c85d743284d8ecfb_r0c1.jpg,TP,12,25,0.5034918523445294,1514,3007,17.448582720428814,34.655144148170045
TP-D_009_jpg.rf.e8cdb11635df3be6c85d743284d8ecfb_r0c1.jpg,FP,19,-1,0.0,0,11512,0.0,132.67376768664235
TP-D_009_jpg.rf.e8cdb11635df3be6c85d743284d8ecfb_r0c1.jpg,FP,25,-1,0.0,0,4387,0.0,50.55940052478283
TP-D_009_jpg.rf.e8cdb11635df3be6c85d743284d8ecfb_r0c1.jpg,FP,30,-1,0.0,0,9707,0.0,111.87146133897127
TP-D_009_jpg.rf.e8cdb11635df3be6c85d743284d8ecfb_r0c1.jpg,FP,32,-1,0.0,0,14069,0.0,162.14274127722126
TP-D_009_jpg.rf.e8cdb11635df3be6c85d743284d8ecfb_r0c1.jpg,FP,33,-1,0.0,0,15898,0.0,183.22164338796387
TP-D_009_jpg.rf.e8cdb11635df3be6c85d743284d8ecfb_r0c1.jpg,FP,35,-1,0.0,0,568,0.0,6.546099726026133
TP-D_009_jpg.rf.e8cdb11635df3be6c85d743284d8ecfb_r0c1.jpg,FP,36,-1,0.0,0,797,0.0,9.185284298666952
TP-D_009_jpg.rf.e8cdb11635df3be6c85d743284d8ecfb_r0c1.jpg,FN,-1,0,0.0,510,0,5.877659965269944,0.0
TP-D_009_jpg.rf.e8cdb11635df3be6c85d743284d8ecfb_r0c1.jpg,FN,-1,3,0.0,220,0,2.5354611614889953,0.0
TP-D_009_jpg.rf.e8cdb11635df3be6c85d743284d8ecfb_r0c1.jpg,FN,-1,12,0.0,4813,0,55.46897531930243,0.0
TP-D_009_jpg.rf.e8cdb11635df3be6c85d743284d8ecfb_r0c1.jpg,FN,-1,17,0.0,940,0,10.833334053634799,0.0
TP-D_009_jpg.rf.e8cdb11635df3be6c85d743284d8ecfb_r0c1.jpg,FN,-1,26,0.0,879,0,10.130319822494668,0.0
TP-D_009_jpg.rf.e8cdb11635df3be6c85d743284d8ecfb_r0c1.jpg,FN,-1,35,0.0,1284,0,14.797873324326682,0.0
TP-D_009_jpg.rf.e8cdb11635df3be6c85d743284d8ecfb_r0c1.jpg,FN,-1,36,0.0,335,0,3.8608158595400615,0.0
TP-D_009_jpg.rf.e8cdb11635df3be6c85d743284d8ecfb_r0c2.jpg,TP,12,4,0.9235104669887279,6018,5927,69.35638759018534,68.3076286552058
TP-D_009_jpg.rf.e8cdb11635df3be6c85d743284d8ecfb_r0c2.jpg,TP,14,37,0.9202546998180715,3077,3256,35.461881790461995,37.524825190037134
TP-D_009_jpg.rf.e8cdb11635df3be6c85d743284d8ecfb_r0c2.jpg,TP,25,33,0.9136932812710381,6870,7343,79.17553717922453,84.62677867642589
TP-D_009_jpg.rf.e8cdb11635df3be6c85d743284d8ecfb_r0c2.jpg,TP,9,24,0.8963127938629052,7469,7857,86.07890643255139,90.55053793554107
TP-D_009_jpg.rf.e8cdb11635df3be6c85d743284d8ecfb_r0c2.jpg,TP,23,10,0.8951765022904877,6796,7270,78.32270024308734,83.78546656374999
TP-D_009_jpg.rf.e8cdb11635df3be6c85d743284d8ecfb_r0c2.jpg,TP,2,18,0.8897105097545627,5979,6032,68.90691947519412,69.51773511864373
TP-D_009_jpg.rf.e8cdb11635df3be6c85d743284d8ecfb_r0c2.jpg,TP,10,15,0.8795025728987993,10794,11121,124.39894444141918,128.16756171326873
TP-D_009_jpg.rf.e8cdb11635df3be6c85d743284d8ecfb_r0c2.jpg,TP,3,28,0.8648509763617678,3394,3864,39.11525082769841,44.53191785451581
TP-D_009_jpg.rf.e8cdb11635df3be6c85d743284d8ecfb_r0c2.jpg,TP,32,26,0.864019520851819,4441,3962,51.181740991693765,45.661350553724546
TP-D_009_jpg.rf.e8cdb11635df3be6c85d743284d8ecfb_r0c2.jpg,TP,7,30,0.8591356048479305,3856,4274,44.4397192668253,49.257095473654395
TP-D_009_jpg.rf.e8cdb11635df3be6c85d743284d8ecfb_r0c2.jpg,TP,27,34,0.8579608015855539,4057,4380,46.756208782549336,50.478726760553634
TP-D_009_jpg.rf.e8cdb11635df3be6c85d743284d8ecfb_r0c2.jpg,TP,28,11,0.8251158870627897,2016,2315,23.234044098008248,26.67996631294102
TP-D_009_jpg.rf.e8cdb11635df3be6c85d743284d8ecfb_r0c2.jpg,TP,8,16,0.8177309361438314,5625,6103,64.8271319698891,70.33599758439699
TP-D_009_jpg.rf.e8cdb11635df3be6c85d743284d8ecfb_r0c2.jpg,TP,6,19,0.8134490238611713,2639,3213,30.414009114406632,37.02925778120065
TP-D_009_jpg.rf.e8cdb11635df3be6c85d743284d8ecfb_r0c2.jpg,TP,0,27,0.8024176740308462,5797,7175,66.80940160523502,82.69060833492519
TP-D_009_jpg.rf.e8cdb11635df3be6c85d743284d8ecfb_r0c2.jpg,TP,37,6,0.7939779550138901,9449,10570,108.89805688595236,121.81738398608492
TP-D_009_jpg.rf.e8cdb11635df3be6c85d743284d8ecfb_r0c2.jpg,TP,40,35,0.7800820911643983,3735,4505,43.04521562800635,51.91932969321784
TP-D_009_jpg.rf.e8cdb11635df3be6c85d743284d8ecfb_r0c2.jpg,TP,19,20,0.7737805866148112,4790,6156,55.20390437969222,70.94681322784662
TP-D_009_jpg.rf.e8cdb11635df3be6c85d743284d8ecfb_r0c2.jpg,TP,18,23,0.772002772002772,6738,8604,77.65426048233114,99.15958106114235
TP-D_009_jpg.rf.e8cdb11635df3be6c85d743284d8ecfb_r0c2.jpg,TP,26,2,0.7664035811049593,6509,8486,75.01507590969032,97.79965189270735
TP-D_009_jpg.rf.e8cdb11635df3be6c85d743284d8ecfb_r0c2.jpg,TP,43,1,0.7651487988526353,2340,2583,26.96808689947386,29.768619000573068
TP-D_009_jpg.rf.e8cdb11635df3be6c85d743284d8ecfb_r0c2.jpg,TP,39,42,0.753338898163606,4718,3684,54.37411709047764,42.45744963147936
TP-D_009_jpg.rf.e8cdb11635df3be6c85d743284d8ecfb_r0c2.jpg,TP,1,38,0.7531812725090036,3237,4065,37.305853544272175,46.84840737023985
TP-D_009_jpg.rf.e8cdb11635df3be6c85d743284d8ecfb_r0c2.jpg,TP,4,39,0.7498001598721024,4120,4636,47.4822726606121,53.42908156664992
TP-D_009_jpg.rf.e8cdb11635df3be6c85d743284d8ecfb_r0c2.jpg,TP,29,0,0.7428571428571429,941,767,10.844858877096112,8.839539594827544
TP-D_009_jpg.rf.e8cdb11635df3be6c85d743284d8ecfb_r0c2.jpg,TP,17,31,0.741224698949526,9239,11149,106.4778439590765,128.4902567701855
TP-D_009_jpg.rf.e8cdb11635df3be6c85d743284d8ecfb_r0c2.jpg,TP,13,29,0.7339618303058174,3377,4164,38.91932882885608,47.9893648929099
TP-D_009_jpg.rf.e8cdb11635df3be6c85d743284d8ecfb_r0c2.jpg,TP,35,9,0.7009014810045074,2179,3104,25.11259032220237,35.773052023917465
TP-D_009_jpg.rf.e8cdb11635df3be6c85d743284d8ecfb_r0c2.jpg,TP,21,17,0.6979758606114685,15342,20813,176.8138415434735,239.86615070032028
TP-D_009_jpg.rf.e8cdb11635df3be6c85d743284d8ecfb_r0c2.jpg,TP,34,7,0.6944541332403209,3982,5734,45.89184702295082,66.08333772717228
TP-D_009_jpg.rf.e8cdb11635df3be6c85d743284d8ecfb_r0c2.jpg,TP,20,36,0.6795269484296239,3593,5070,41.408690696499825,58.43085494886003
TP-D_009_jpg.rf.e8cdb11635df3be6c85d743284d8ecfb_r0c2.jpg,TP,11,25,0.6473323543808125,2665,4066,30.713654524400788,46.85993219370116
TP-D_009_jpg.rf.e8cdb11635df3be6c85d743284d8ecfb_r0c2.jpg,TP,36,14,0.6461137646547981,1488,2303,17.14893731043466,26.541668431405256
TP-D_009_jpg.rf.e8cdb11635df3be6c85d743284d8ecfb_r0c2.jpg,TP,30,22,0.6248834172728969,3351,5360,38.619683418861925,61.77305375264098
TP-D_009_jpg.rf.e8cdb11635df3be6c85d743284d8ecfb_r0c2.jpg,TP,22,13,0.5759162303664922,1540,2674,17.74822813042297,30.81737793555261
TP-D_009_jpg.rf.e8cdb11635df3be6c85d743284d8ecfb_r0c2.jpg,FP,5,-1,0.0,0,3750,0.0,43.21808797992606
TP-D_009_jpg.rf.e8cdb11635df3be6c85d743284d8ecfb_r0c2.jpg,FP,15,-1,0.0,0,2480,0.0,28.581562184057766
TP-D_009_jpg.rf.e8cdb11635df3be6c85d743284d8ecfb_r0c2.jpg,FP,16,-1,0.0,0,3389,0.0,39.057626710391844
TP-D_009_jpg.rf.e8cdb11635df3be6c85d743284d8ecfb_r0c2.jpg,FP,24,-1,0.0,0,3213,0.0,37.02925778120065
TP-D_009_jpg.rf.e8cdb11635df3be6c85d743284d8ecfb_r0c2.jpg,FP,31,-1,0.0,0,9471,0.0,109.15160300210125
TP-D_009_jpg.rf.e8cdb11635df3be6c85d743284d8ecfb_r0c2.jpg,FP,33,-1,0.0,0,13905,0.0,160.25267022956584
TP-D_009_jpg.rf.e8cdb11635df3be6c85d743284d8ecfb_r0c2.jpg,FP,38,-1,0.0,0,10420,0.0,120.08866046688787
TP-D_009_jpg.rf.e8cdb11635df3be6c85d743284d8ecfb_r0c2.jpg,FP,41,-1,0.0,0,12786,0.0,147.3563927763559
TP-D_009_jpg.rf.e8cdb11635df3be6c85d743284d8ecfb_r0c2.jpg,FP,42,-1,0.0,0,4251,0.0,48.992024534044184
TP-D_009_jpg.rf.e8cdb11635df3be6c85d743284d8ecfb_r0c2.jpg,FN,-1,3,0.0,2981,0,34.35549873817589,0.0
TP-D_009_jpg.rf.e8cdb11635df3be6c85d743284d8ecfb_r0c2.jpg,FN,-1,5,0.0,1605,0,18.497341655408352,0.0
TP-D_009_jpg.rf.e8cdb11635df3be6c85d743284d8ecfb_r0c2.jpg,FN,-1,8,0.0,2844,0,32.77659792397592,0.0
TP-D_009_jpg.rf.e8cdb11635df3be6c85d743284d8ecfb_r0c2.jpg,FN,-1,12,0.0,1903,0,21.931739046879812,0.0
TP-D_009_jpg.rf.e8cdb11635df3be6c85d743284d8ecfb_r0c2.jpg,FN,-1,21,0.0,6145,0,70.82004016977217,0.0
TP-D_009_jpg.rf.e8cdb11635df3be6c85d743284d8ecfb_r0c2.jpg,FN,-1,32,0.0,1316,0,15.166667675088718,0.0
TP-D_009_jpg.rf.e8cdb11635df3be6c85d743284d8ecfb_r0c2.jpg,FN,-1,40,0.0,1354,0,15.604610966618635,0.0
TP-D_009_jpg.rf.e8cdb11635df3be6c85d743284d8ecfb_r0c2.jpg,FN,-1,41,0.0,7033,0,81.05408340341866,0.0
TP-D_009_jpg.rf.e8cdb11635df3be6c85d743284d8ecfb_r1c0.jpg,TP,5,18,0.9091015442208704,7898,8421,91.02305569745494,97.05053836772196
TP-D_009_jpg.rf.e8cdb11635df3be6c85d743284d8ecfb_r1c0.jpg,TP,8,1,0.8852949985025457,9181,9704,105.80940419832031,111.83688686858733
TP-D_009_jpg.rf.e8cdb11635df3be6c85d743284d8ecfb_r1c0.jpg,TP,15,15,0.8746789933230611,1832,1818,21.113476581126545,20.952129052668152
TP-D_009_jpg.rf.e8cdb11635df3be6c85d743284d8ecfb_r1c0.jpg,TP,7,10,0.8726823238566132,5160,5445,59.468089060378254,62.75266374685264
TP-D_009_jpg.rf.e8cdb11635df3be6c85d743284d8ecfb_r1c0.jpg,TP,30,6,0.8695942338494395,6987,7020,80.52394152419824,80.90426069842158
TP-D_009_jpg.rf.e8cdb11635df3be6c85d743284d8ecfb_r1c0.jpg,TP,11,23,0.8675721561969439,5744,6356,66.19858596178541,73.25177792010935
TP-D_009_jpg.rf.e8cdb11635df3be6c85d743284d8ecfb_r1c0.jpg,TP,13,17,0.8628749513050253,2254,2528,25.97695208180089,29.13475371020082
TP-D_009_jpg.rf.e8cdb11635df3be6c85d743284d8ecfb_r1c0.jpg,TP,0,2,0.8562700964630225,7989,9330,92.07181463243448,107.52660289405604
TP-D_009_jpg.rf.e8cdb11635df3be6c85d743284d8ecfb_r1c0.jpg,TP,16,11,0.8412993039443155,1897,2071,21.86259010611193,23.867909388380497
TP-D_009_jpg.rf.e8cdb11635df3be6c85d743284d8ecfb_r1c0.jpg,TP,26,24,0.8140096618357487,2707,3301,31.19769710977596,38.04344224579624
TP-D_009_jpg.rf.e8cdb11635df3be6c85d743284d8ecfb_r1c0.jpg,TP,19,0,0.7974493623405852,1187,1209,13.679965448579262,13.933511564728162
TP-D_009_jpg.rf.e8cdb11635df3be6c85d743284d8ecfb_r1c0.jpg,TP,3,14,0.7877551020408163,2800,3332,32.26950569167813,38.400711773096965
TP-D_009_jpg.rf.e8cdb11635df3be6c85d743284d8ecfb_r1c0.jpg,TP,4,21,0.7781774580335732,6220,5644,71.6844019293707,65.04610361565405
TP-D_009_jpg.rf.e8cdb11635df3be6c85d743284d8ecfb_r1c0.jpg,TP,10,35,0.7671339563862928,2030,2508,23.39539162646664,28.904257240974548
TP-D_009_jpg.rf.e8cdb11635df3be6c85d743284d8ecfb_r1c0.jpg,TP,23,36,0.7598078462770216,2161,2235,24.905143499898724,25.757980436035933
TP-D_009_jpg.rf.e8cdb11635df3be6c85d743284d8ecfb_r1c0.jpg,TP,2,13,0.7520946278955151,3142,3968,36.210995315447384,45.73049949449243
TP-D_009_jpg.rf.e8cdb11635df3be6c85d743284d8ecfb_r1c0.jpg,TP,1,22,0.7353142857142857,3378,4214,38.930853652317396,48.56560606597558
TP-D_009_jpg.rf.e8cdb11635df3be6c85d743284d8ecfb_r1c0.jpg,TP,9,28,0.7351962741184298,3344,4480,38.53900965463273,51.631209106685
TP-D_009_jpg.rf.e8cdb11635df3be6c85d743284d8ecfb_r1c0.jpg,TP,27,33,0.7320359281437125,4514,4742,52.02305310436966,54.650712853549166
TP-D_009_jpg.rf.e8cdb11635df3be6c85d743284d8ecfb_r1c0.jpg,TP,25,34,0.7274109470026064,3349,4604,38.5966337719393,53.06028721588789
TP-D_009_jpg.rf.e8cdb11635df3be6c85d743284d8ecfb_r1c0.jpg,TP,14,19,0.7120055517002082,2073,2861,23.890959035303126,32.97251992281826
TP-D_009_jpg.rf.e8cdb11635df3be6c85d743284d8ecfb_r1c0.jpg,TP,17,9,0.698685540950455,5064,6696,58.36170600809215,77.17021789695598
TP-D_009_jpg.rf.e8cdb11635df3be6c85d743284d8ecfb_r1c0.jpg,TP,12,20,0.6958614051973051,3627,5183,41.800534694184485,59.73315999998847
TP-D_009_jpg.rf.e8cdb11635df3be6c85d743284d8ecfb_r1c0.jpg,TP,18,29,0.6757362355953905,2118,3117,24.409576091062238,35.92287472891454
TP-D_009_jpg.rf.e8cdb11635df3be6c85d743284d8ecfb_r1c0.jpg,TP,21,7,0.6711509715994021,630,488,7.260638780627578,5.624113849121045
TP-D_009_jpg.rf.e8cdb11635df3be6c85d743284d8ecfb_r1c0.jpg,TP,28,26,0.593167701863354,955,1610,11.006206405554503,18.554965772714922
TP-D_009_jpg.rf.e8cdb11635df3be6c85d743284d8ecfb_r1c0.jpg,FP,6,-1,0.0,0,9288,0.0,107.04256030868086
TP-D_009_jpg.rf.e8cdb11635df3be6c85d743284d8ecfb_r1c0.jpg,FP,20,-1,0.0,0,1167,0.0,13.44946897935299
TP-D_009_jpg.rf.e8cdb11635df3be6c85d743284d8ecfb_r1c0.jpg,FP,22,-1,0.0,0,8173,0.0,94.19238214931619
TP-D_009_jpg.rf.e8cdb11635df3be6c85d743284d8ecfb_r1c0.jpg,FP,24,-1,0.0,0,10773,0.0,124.15692314873158
TP-D_009_jpg.rf.e8cdb11635df3be6c85d743284d8ecfb_r1c0.jpg,FP,29,-1,0.0,0,12495,0.0,144.00266914911364
TP-D_009_jpg.rf.e8cdb11635df3be6c85d743284d8ecfb_r1c0.jpg,FN,-1,3,0.0,5613,0,64.68883408835333,0.0
TP-D_009_jpg.rf.e8cdb11635df3be6c85d743284d8ecfb_r1c0.jpg,FN,-1,4,0.0,5584,0,64.35461420797523,0.0
TP-D_009_jpg.rf.e8cdb11635df3be6c85d743284d8ecfb_r1c0.jpg,FN,-1,5,0.0,4897,0,56.43706049005278,0.0
TP-D_009_jpg.rf.e8cdb11635df3be6c85d743284d8ecfb_r1c0.jpg,FN,-1,8,0.0,3868,0,44.57801714836106,0.0
TP-D_009_jpg.rf.e8cdb11635df3be6c85d743284d8ecfb_r1c0.jpg,FN,-1,12,0.0,1041,0,11.997341223227474,0.0
TP-D_009_jpg.rf.e8cdb11635df3be6c85d743284d8ecfb_r1c0.jpg,FN,-1,16,0.0,3822,0,44.04787526914064,0.0
TP-D_009_jpg.rf.e8cdb11635df3be6c85d743284d8ecfb_r1c0.jpg,FN,-1,25,0.0,16813,0,193.7668568550658,0.0
TP-D_009_jpg.rf.e8cdb11635df3be6c85d743284d8ecfb_r1c0.jpg,FN,-1,27,0.0,775,0,8.931738182518052,0.0
TP-D_009_jpg.rf.e8cdb11635df3be6c85d743284d8ecfb_r1c0.jpg,FN,-1,30,0.0,4177,0,48.139187597906975,0.0
TP-D_009_jpg.rf.e8cdb11635df3be6c85d743284d8ecfb_r1c0.jpg,FN,-1,31,0.0,3536,0,40.751775759204946,0.0
TP-D_009_jpg.rf.e8cdb11635df3be6c85d743284d8ecfb_r1c0.jpg,FN,-1,32,0.0,1742,0,20.076242469608317,0.0
TP-D_009_jpg.rf.e8cdb11635df3be6c85d743284d8ecfb_r1c1.jpg,TP,1,17,0.9159798351604385,11900,12044,137.14539918963203,138.8049737680612
TP-D_009_jpg.rf.e8cdb11635df3be6c85d743284d8ecfb_r1c1.jpg,TP,10,7,0.9083865086599817,2001,2186,23.061171746088544,25.193264086431565
TP-D_009_jpg.rf.e8cdb11635df3be6c85d743284d8ecfb_r1c1.jpg,TP,7,23,0.872165462247695,3782,3731,43.5868823306881,42.9991163341611
TP-D_009_jpg.rf.e8cdb11635df3be6c85d743284d8ecfb_r1c1.jpg,TP,9,9,0.8639102778707733,5610,5525,64.65425961796939,63.67464962375773
TP-D_009_jpg.rf.e8cdb11635df3be6c85d743284d8ecfb_r1c1.jpg,TP,5,4,0.8518018018018018,4071,4151,46.91755631100773,47.83954218791282
TP-D_009_jpg.rf.e8cdb11635df3be6c85d743284d8ecfb_r1c1.jpg,TP,3,24,0.8507057546145494,4861,5366,56.02216684544548,61.842202693408865
TP-D_009_jpg.rf.e8cdb11635df3be6c85d743284d8ecfb_r1c1.jpg,TP,4,25,0.8481768312358825,5381,6074,62.015075045328565,70.0017777040189
TP-D_009_jpg.rf.e8cdb11635df3be6c85d743284d8ecfb_r1c1.jpg,TP,18,10,0.8455961331901182,10608,10011,122.25532727761484,115.37500767121061
TP-D_009_jpg.rf.e8cdb11635df3be6c85d743284d8ecfb_r1c1.jpg,TP,2,15,0.8389830508474576,3454,3924,39.80674023537723,45.22340726219463
TP-D_009_jpg.rf.e8cdb11635df3be6c85d743284d8ecfb_r1c1.jpg,TP,13,12,0.8274713562483347,7326,6391,84.43085667758355,73.65514674125532
TP-D_009_jpg.rf.e8cdb11635df3be6c85d743284d8ecfb_r1c1.jpg,TP,0,21,0.8119498163166285,11896,14245,137.09929989578677,164.17111020641246
TP-D_009_jpg.rf.e8cdb11635df3be6c85d743284d8ecfb_r1c1.jpg,TP,6,1,0.8068558791006266,2193,2709,25.273937850660758,31.220746756698585
TP-D_009_jpg.rf.e8cdb11635df3be6c85d743284d8ecfb_r1c1.jpg,TP,14,19,0.7851411589895988,5326,6688,61.381209754956316,77.07801930926546
TP-D_009_jpg.rf.e8cdb11635df3be6c85d743284d8ecfb_r1c1.jpg,TP,11,16,0.7828405235094522,1670,2008,19.24645518039374,23.14184551031774
TP-D_009_jpg.rf.e8cdb11635df3be6c85d743284d8ecfb_r1c1.jpg,TP,8,22,0.7783363802559415,3469,4313,39.979612587296934,49.70656358864562
TP-D_009_jpg.rf.e8cdb11635df3be6c85d743284d8ecfb_r1c1.jpg,TP,17,2,0.7688699360341151,1858,2290,21.413121991120697,26.39184572640818
TP-D_009_jpg.rf.e8cdb11635df3be6c85d743284d8ecfb_r1c1.jpg,TP,15,8,0.7685478757133798,1212,1577,13.968086035112103,18.174646598491574
TP-D_009_jpg.rf.e8cdb11635df3be6c85d743284d8ecfb_r1c1.jpg,TP,12,0,0.7600969305331179,2162,2196,24.91666832336004,25.3085123210447
TP-D_009_jpg.rf.e8cdb11635df3be6c85d743284d8ecfb_r1c1.jpg,TP,22,18,0.7425978987583572,1558,2091,17.955674952726614,24.09840585760677
TP-D_009_jpg.rf.e8cdb11635df3be6c85d743284d8ecfb_r1c1.jpg,TP,20,3,0.727802981205444,1144,1522,13.184398039742776,17.540781308119325
TP-D_009_jpg.rf.e8cdb11635df3be6c85d743284d8ecfb_r1c1.jpg,TP,19,11,0.6975903614457831,589,820,6.78812101871372,9.450355238277165
TP-D_009_jpg.rf.e8cdb11635df3be6c85d743284d8ecfb_r1c1.jpg,TP,24,6,0.6953955135773318,592,844,6.8226954890976605,9.726951001348692
TP-D_009_jpg.rf.e8cdb11635df3be6c85d743284d8ecfb_r1c1.jpg,TP,21,14,0.5983651226158038,1160,1773,13.368795215123795,20.43351199690904
TP-D_009_jpg.rf.e8cdb11635df3be6c85d743284d8ecfb_r1c1.jpg,TP,16,13,0.5820244328097731,1438,2188,16.57269613736898,25.21631373335419
TP-D_009_jpg.rf.e8cdb11635df3be6c85d743284d8ecfb_r1c1.jpg,FP,23,-1,0.0,0,415,0.0,4.78280173644515
TP-D_009_jpg.rf.e8cdb11635df3be6c85d743284d8ecfb_r1c1.jpg,FN,-1,5,0.0,1430,0,16.48049754967847,0.0
TP-D_009_jpg.rf.e8cdb11635df3be6c85d743284d8ecfb_r1c1.jpg,FN,-1,20,0.0,8383,0,96.61259507619204,0.0
TP-D_009_jpg.rf.e8cdb11635df3be6c85d743284d8ecfb_r1c1.jpg,FN,-1,26,0.0,920,0,10.602837584408526,0.0
TP-D_009_jpg.rf.e8cdb11635df3be6c85d743284d8ecfb_r1c2.jpg,TP,15,9,0.8644492131616596,5343,5083,61.577131753798646,58.58067765385711
TP-D_009_jpg.rf.e8cdb11635df3be6c85d743284d8ecfb_r1c2.jpg,TP,23,31,0.8551901250931986,11736,10658,135.2553281419766,122.83156845068052
TP-D_009_jpg.rf.e8cdb11635df3be6c85d743284d8ecfb_r1c2.jpg,TP,3,43,0.8544,5511,6079,63.51330209529934,70.05940182132547
TP-D_009_jpg.rf.e8cdb11635df3be6c85d743284d8ecfb_r1c2.jpg,TP,17,34,0.8311656740002431,6838,8227,78.8067428284625,94.81472261622712
TP-D_009_jpg.rf.e8cdb11635df3be6c85d743284d8ecfb_r1c2.jpg,TP,1,21,0.8267727335070635,6105,7214,70.35904723131962,83.14007644991642
TP-D_009_jpg.rf.e8cdb11635df3be6c85d743284d8ecfb_r1c2.jpg,TP,32,38,0.8234279441743767,5321,6307,61.32358563764975,72.68706157050498
TP-D_009_jpg.rf.e8cdb11635df3be6c85d743284d8ecfb_r1c2.jpg,TP,40,48,0.8151260504201681,982,962,11.317376639009971,11.086880169783699
TP-D_009_jpg.rf.e8cdb11635df3be6c85d743284d8ecfb_r1c2.jpg,TP,6,15,0.8144499178981938,4757,5188,54.82358520546887,59.79078411729504
TP-D_009_jpg.rf.e8cdb11635df3be6c85d743284d8ecfb_r1c2.jpg,TP,36,45,0.8105426356589147,2719,3120,31.335994991311722,35.95744919929848
TP-D_009_jpg.rf.e8cdb11635df3be6c85d743284d8ecfb_r1c2.jpg,TP,25,1,0.8071240105540897,3077,3772,35.461881790461995,43.47163409607496
TP-D_009_jpg.rf.e8cdb11635df3be6c85d743284d8ecfb_r1c2.jpg,TP,2,39,0.8058596518862724,10354,12575,119.32802211844118,144.9246550260187
TP-D_009_jpg.rf.e8cdb11635df3be6c85d743284d8ecfb_r1c2.jpg,TP,0,14,0.8004941321803583,7804,9686,89.93972229209146,111.62944004628368
TP-D_009_jpg.rf.e8cdb11635df3be6c85d743284d8ecfb_r1c2.jpg,TP,31,4,0.797995991983968,2037,2449,23.476065390695837,28.224292656757044
TP-D_009_jpg.rf.e8cdb11635df3be6c85d743284d8ecfb_r1c2.jpg,TP,16,42,0.7944207087207841,3532,3608,40.705676465359694,41.581563048419525
TP-D_009_jpg.rf.e8cdb11635df3be6c85d743284d8ecfb_r1c2.jpg,TP,39,41,0.776290259992239,4954,4201,57.09397542734765,48.4157833609785
TP-D_009_jpg.rf.e8cdb11635df3be6c85d743284d8ecfb_r1c2.jpg,TP,24,11,0.7730844793713163,2361,3054,27.210108192161446,35.19681085085178
TP-D_009_jpg.rf.e8cdb11635df3be6c85d743284d8ecfb_r1c2.jpg,TP,4,23,0.7726034183799851,3196,3960,36.83333578235832,45.638300906801916
TP-D_009_jpg.rf.e8cdb11635df3be6c85d743284d8ecfb_r1c2.jpg,TP,19,3,0.7620689655172413,1590,1987,18.324469303488648,22.899824217630155
TP-D_009_jpg.rf.e8cdb11635df3be6c85d743284d8ecfb_r1c2.jpg,TP,8,29,0.752600063031831,2704,2857,31.163122639392018,32.926420628973
TP-D_009_jpg.rf.e8cdb11635df3be6c85d743284d8ecfb_r1c2.jpg,TP,13,5,0.7518107194591984,3128,4128,36.04964778698899,47.57447124830261
TP-D_009_jpg.rf.e8cdb11635df3be6c85d743284d8ecfb_r1c2.jpg,TP,41,30,0.7450199203187251,1725,2217,19.880320470765987,25.550533613732288
TP-D_009_jpg.rf.e8cdb11635df3be6c85d743284d8ecfb_r1c2.jpg,TP,7,17,0.7265402048010744,5585,4700,64.36613903143655,54.166670268173995
TP-D_009_jpg.rf.e8cdb11635df3be6c85d743284d8ecfb_r1c2.jpg,TP,14,25,0.7056830031282586,2707,3836,31.19769710977596,44.20922279759903
TP-D_009_jpg.rf.e8cdb11635df3be6c85d743284d8ecfb_r1c2.jpg,TP,38,0,0.7019247146993698,4275,5717,49.26862029711571,65.88741572832994
TP-D_009_jpg.rf.e8cdb11635df3be6c85d743284d8ecfb_r1c2.jpg,TP,30,7,0.6970366280139886,4392,4828,50.6170246420894,55.64184767122214
TP-D_009_jpg.rf.e8cdb11635df3be6c85d743284d8ecfb_r1c2.jpg,TP,35,2,0.6913621262458471,2192,2899,25.262413027199447,33.41046321434817
TP-D_009_jpg.rf.e8cdb11635df3be6c85d743284d8ecfb_r1c2.jpg,TP,27,44,0.6777048838904509,6578,9533,75.81028872852096,109.8661420567027
TP-D_009_jpg.rf.e8cdb11635df3be6c85d743284d8ecfb_r1c2.jpg,TP,10,16,0.6631142687981054,2547,3071,29.35372535596578,35.39273284969411
TP-D_009_jpg.rf.e8cdb11635df3be6c85d743284d8ecfb_r1c2.jpg,TP,5,32,0.652033178231843,3859,4307,44.474293737209244,49.63741464787774
TP-D_009_jpg.rf.e8cdb11635df3be6c85d743284d8ecfb_r1c2.jpg,TP,18,33,0.6491507430997877,3693,5628,42.56117304263118,64.86170644027303
TP-D_009_jpg.rf.e8cdb11635df3be6c85d743284d8ecfb_r1c2.jpg,TP,26,24,0.6271676300578035,1953,3114,22.50798021994549,35.8883002585306
TP-D_009_jpg.rf.e8cdb11635df3be6c85d743284d8ecfb_r1c2.jpg,TP,22,27,0.6150858544562551,3101,4800,35.73847755353352,55.31915261430535
TP-D_009_jpg.rf.e8cdb11635df3be6c85d743284d8ecfb_r1c2.jpg,TP,11,35,0.5836624775583483,3251,5570,37.46720107273057,64.19326667951684
TP-D_009_jpg.rf.e8cdb11635df3be6c85d743284d8ecfb_r1c2.jpg,TP,20,22,0.5356692714897908,2128,3964,24.524824325675375,45.684400200647175
TP-D_009_jpg.rf.e8cdb11635df3be6c85d743284d8ecfb_r1c2.jpg,TP,33,37,0.503578154425612,1337,2655,15.408688967776305,30.59840628978765
TP-D_009_jpg.rf.e8cdb11635df3be6c85d743284d8ecfb_r1c2.jpg,FP,9,-1,0.0,0,12381,0.0,142.68883927452387
TP-D_009_jpg.rf.e8cdb11635df3be6c85d743284d8ecfb_r1c2.jpg,FP,12,-1,0.0,0,7761,0.0,89.44415488325497
TP-D_009_jpg.rf.e8cdb11635df3be6c85d743284d8ecfb_r1c2.jpg,FP,21,-1,0.0,0,8326,0.0,95.95568013889716
TP-D_009_jpg.rf.e8cdb11635df3be6c85d743284d8ecfb_r1c2.jpg,FP,28,-1,0.0,0,3399,0.0,39.17287494500498
TP-D_009_jpg.rf.e8cdb11635df3be6c85d743284d8ecfb_r1c2.jpg,FP,29,-1,0.0,0,7189,0.0,82.85195586338358
TP-D_009_jpg.rf.e8cdb11635df3be6c85d743284d8ecfb_r1c2.jpg,FP,34,-1,0.0,0,1147,0.0,13.218972510126717
TP-D_009_jpg.rf.e8cdb11635df3be6c85d743284d8ecfb_r1c2.jpg,FP,37,-1,0.0,0,5153,0.0,59.387415296149065
TP-D_009_jpg.rf.e8cdb11635df3be6c85d743284d8ecfb_r1c2.jpg,FN,-1,6,0.0,3648,0,42.042555986872074,0.0
TP-D_009_jpg.rf.e8cdb11635df3be6c85d743284d8ecfb_r1c2.jpg,FN,-1,8,0.0,211,0,2.431737750337173,0.0
TP-D_009_jpg.rf.e8cdb11635df3be6c85d743284d8ecfb_r1c2.jpg,FN,-1,10,0.0,1454,0,16.757093312749998,0.0
TP-D_009_jpg.rf.e8cdb11635df3be6c85d743284d8ecfb_r1c2.jpg,FN,-1,12,0.0,1391,0,16.03102943468724,0.0
TP-D_009_jpg.rf.e8cdb11635df3be6c85d743284d8ecfb_r1c2.jpg,FN,-1,13,0.0,3824,0,44.07092491606327,0.0
TP-D_009_jpg.rf.e8cdb11635df3be6c85d743284d8ecfb_r1c2.jpg,FN,-1,18,0.0,3958,0,45.615251259879294,0.0
TP-D_009_jpg.rf.e8cdb11635df3be6c85d743284d8ecfb_r1c2.jpg,FN,-1,19,0.0,3361,0,38.734931653475066,0.0
TP-D_009_jpg.rf.e8cdb11635df3be6c85d743284d8ecfb_r1c2.jpg,FN,-1,20,0.0,4705,0,54.22429438548056,0.0
TP-D_009_jpg.rf.e8cdb11635df3be6c85d743284d8ecfb_r1c2.jpg,FN,-1,26,0.0,2014,0,23.21099445108562,0.0
TP-D_009_jpg.rf.e8cdb11635df3be6c85d743284d8ecfb_r1c2.jpg,FN,-1,28,0.0,1608,0,18.531916125792293,0.0
TP-D_009_jpg.rf.e8cdb11635df3be6c85d743284d8ecfb_r1c2.jpg,FN,-1,36,0.0,11688,0,134.70213661583355,0.0
TP-D_009_jpg.rf.e8cdb11635df3be6c85d743284d8ecfb_r1c2.jpg,FN,-1,40,0.0,3350,0,38.60815859540061,0.0
TP-D_009_jpg.rf.e8cdb11635df3be6c85d743284d8ecfb_r1c2.jpg,FN,-1,46,0.0,2273,0,26.195923727565848,0.0
TP-D_009_jpg.rf.e8cdb11635df3be6c85d743284d8ecfb_r1c2.jpg,FN,-1,47,0.0,1164,0,13.414894508969049,0.0
TP-D_009_jpg.rf.e8cdb11635df3be6c85d743284d8ecfb_r2c0.jpg,TP,30,4,0.926038720904938,4417,4437,50.90514522862224,51.13564169784851
TP-D_009_jpg.rf.e8cdb11635df3be6c85d743284d8ecfb_r2c0.jpg,TP,18,36,0.8772554002541296,10419,11742,120.07713564342656,135.32447708274447
TP-D_009_jpg.rf.e8cdb11635df3be6c85d743284d8ecfb_r2c0.jpg,TP,17,24,0.8652830188679246,2366,2577,27.267732309468016,29.699470059805186
TP-D_009_jpg.rf.e8cdb11635df3be6c85d743284d8ecfb_r2c0.jpg,TP,3,26,0.8639974578964092,2757,3109,31.773938282841637,35.83067614122403
TP-D_009_jpg.rf.e8cdb11635df3be6c85d743284d8ecfb_r2c0.jpg,TP,1,7,0.8472912230896616,7210,8407,83.09397715607118,96.88919083926356
TP-D_009_jpg.rf.e8cdb11635df3be6c85d743284d8ecfb_r2c0.jpg,TP,7,42,0.8458410351201479,2354,2639,27.129434427932253,30.414009114406632
TP-D_009_jpg.rf.e8cdb11635df3be6c85d743284d8ecfb_r2c0.jpg,TP,13,34,0.8424813251055537,2632,3041,30.333335350177435,35.046988145854705
TP-D_009_jpg.rf.e8cdb11635df3be6c85d743284d8ecfb_r2c0.jpg,TP,6,39,0.8396730587865451,2718,3134,31.324470167850407,36.11879672775687
TP-D_009_jpg.rf.e8cdb11635df3be6c85d743284d8ecfb_r2c0.jpg,TP,8,38,0.8354526188313655,5555,6570,64.02039432759713,75.71809014083045
TP-D_009_jpg.rf.e8cdb11635df3be6c85d743284d8ecfb_r2c0.jpg,TP,0,27,0.8338509316770186,6481,7691,74.69238085277354,88.63741724096302
TP-D_009_jpg.rf.e8cdb11635df3be6c85d743284d8ecfb_r2c0.jpg,TP,4,3,0.8287385129490392,3012,3555,34.71276826547661,40.970747404969906
TP-D_009_jpg.rf.e8cdb11635df3be6c85d743284d8ecfb_r2c0.jpg,TP,24,5,0.8265582655826558,2786,3280,32.108158163219734,37.80142095310866
TP-D_009_jpg.rf.e8cdb11635df3be6c85d743284d8ecfb_r2c0.jpg,TP,11,25,0.8084727661089356,2271,2809,26.172874080643222,32.373229102829946
TP-D_009_jpg.rf.e8cdb11635df3be6c85d743284d8ecfb_r2c0.jpg,TP,9,14,0.79644128113879,2610,2438,30.07978923402854,28.097519598682595
TP-D_009_jpg.rf.e8cdb11635df3be6c85d743284d8ecfb_r2c0.jpg,TP,15,41,0.7921516461589624,2385,3004,27.486703955232972,34.6205696777861
TP-D_009_jpg.rf.e8cdb11635df3be6c85d743284d8ecfb_r2c0.jpg,TP,2,17,0.7869067103109656,2669,2790,30.75975381824604,32.154257457064986
TP-D_009_jpg.rf.e8cdb11635df3be6c85d743284d8ecfb_r2c0.jpg,TP,26,23,0.7794580970384373,1249,1575,14.394504503180706,18.151596951568944
TP-D_009_jpg.rf.e8cdb11635df3be6c85d743284d8ecfb_r2c0.jpg,TP,10,11,0.7719459791282995,2517,3256,29.00798065212637,37.524825190037134
TP-D_009_jpg.rf.e8cdb11635df3be6c85d743284d8ecfb_r2c0.jpg,TP,19,0,0.7545671167593329,1258,951,14.498227914332528,10.960107111709249
TP-D_009_jpg.rf.e8cdb11635df3be6c85d743284d8ecfb_r2c0.jpg,TP,21,18,0.7427990511690952,2273,2870,26.195923727565848,33.076243333970076
TP-D_009_jpg.rf.e8cdb11635df3be6c85d743284d8ecfb_r2c0.jpg,TP,16,43,0.7300531914893617,2729,2475,31.45124322592486,28.5239380667512
TP-D_009_jpg.rf.e8cdb11635df3be6c85d743284d8ecfb_r2c0.jpg,TP,20,37,0.7198177676537585,1896,2634,21.851065282650616,30.356384997100065
TP-D_009_jpg.rf.e8cdb11635df3be6c85d743284d8ecfb_r2c0.jpg,TP,28,12,0.7171052631578947,973,854,11.213653227858147,9.842199235961829
TP-D_009_jpg.rf.e8cdb11635df3be6c85d743284d8ecfb_r2c0.jpg,TP,22,19,0.6937864077669903,3576,5147,41.21276869765749,59.31826635538118
TP-D_009_jpg.rf.e8cdb11635df3be6c85d743284d8ecfb_r2c0.jpg,TP,12,1,0.6269185360094451,1600,2534,18.439717538101785,29.203902650968704
TP-D_009_jpg.rf.e8cdb11635df3be6c85d743284d8ecfb_r2c0.jpg,FP,5,-1,0.0,0,30836,0.0,355.3794562530667
TP-D_009_jpg.rf.e8cdb11635df3be6c85d743284d8ecfb_r2c0.jpg,FP,14,-1,0.0,0,1323,0.0,15.247341439317914
TP-D_009_jpg.rf.e8cdb11635df3be6c85d743284d8ecfb_r2c0.jpg,FP,23,-1,0.0,0,2322,0.0,26.760640077170216
TP-D_009_jpg.rf.e8cdb11635df3be6c85d743284d8ecfb_r2c0.jpg,FP,25,-1,0.0,0,2063,0.0,23.77571080068999
TP-D_009_jpg.rf.e8cdb11635df3be6c85d743284d8ecfb_r2c0.jpg,FP,27,-1,0.0,0,2113,0.0,24.35195197375567
TP-D_009_jpg.rf.e8cdb11635df3be6c85d743284d8ecfb_r2c0.jpg,FP,29,-1,0.0,0,5543,0.0,63.882096446061375
TP-D_009_jpg.rf.e8cdb11635df3be6c85d743284d8ecfb_r2c0.jpg,FP,31,-1,0.0,0,1218,0.0,14.037234975879985
TP-D_009_jpg.rf.e8cdb11635df3be6c85d743284d8ecfb_r2c0.jpg,FP,32,-1,0.0,0,3580,0.0,41.25886799150275
TP-D_009_jpg.rf.e8cdb11635df3be6c85d743284d8ecfb_r2c0.jpg,FN,-1,2,0.0,13997,0,161.31295398800668,0.0
TP-D_009_jpg.rf.e8cdb11635df3be6c85d743284d8ecfb_r2c0.jpg,FN,-1,6,0.0,979,0,11.28280216862603,0.0
TP-D_009_jpg.rf.e8cdb11635df3be6c85d743284d8ecfb_r2c0.jpg,FN,-1,8,0.0,5370,0,61.88830198725412,0.0
TP-D_009_jpg.rf.e8cdb11635df3be6c85d743284d8ecfb_r2c0.jpg,FN,-1,9,0.0,1127,0,12.988476040900444,0.0
TP-D_009_jpg.rf.e8cdb11635df3be6c85d743284d8ecfb_r2c0.jpg,FN,-1,10,0.0,837,0,9.646277237119497,0.0
TP-D_009_jpg.rf.e8cdb11635df3be6c85d743284d8ecfb_r2c0.jpg,FN,-1,13,0.0,416,0,4.794326559906464,0.0
TP-D_009_jpg.rf.e8cdb11635df3be6c85d743284d8ecfb_r2c0.jpg,FN,-1,15,0.0,1612,0,18.57801541963755,0.0
TP-D_009_jpg.rf.e8cdb11635df3be6c85d743284d8ecfb_r2c0.jpg,FN,-1,16,0.0,2073,0,23.890959035303126,0.0
TP-D_009_jpg.rf.e8cdb11635df3be6c85d743284d8ecfb_r2c0.jpg,FN,-1,20,0.0,5123,0,59.04167059230966,0.0
TP-D_009_jpg.rf.e8cdb11635df3be6c85d743284d8ecfb_r2c0.jpg,FN,-1,21,0.0,2046,0,23.57978880184766,0.0
TP-D_009_jpg.rf.e8cdb11635df3be6c85d743284d8ecfb_r2c0.jpg,FN,-1,22,0.0,1539,0,17.736703306961655,0.0
TP-D_009_jpg.rf.e8cdb11635df3be6c85d743284d8ecfb_r2c0.jpg,FN,-1,28,0.0,2544,0,29.319150885581838,0.0
TP-D_009_jpg.rf.e8cdb11635df3be6c85d743284d8ecfb_r2c0.jpg,FN,-1,29,0.0,13011,0,149.94947805515145,0.0
TP-D_009_jpg.rf.e8cdb11635df3be6c85d743284d8ecfb_r2c0.jpg,FN,-1,30,0.0,13652,0,157.33688989385348,0.0
TP-D_009_jpg.rf.e8cdb11635df3be6c85d743284d8ecfb_r2c0.jpg,FN,-1,31,0.0,2522,0,29.065604769432937,0.0
TP-D_009_jpg.rf.e8cdb11635df3be6c85d743284d8ecfb_r2c0.jpg,FN,-1,32,0.0,581,0,6.69592243102321,0.0
TP-D_009_jpg.rf.e8cdb11635df3be6c85d743284d8ecfb_r2c0.jpg,FN,-1,33,0.0,1767,0,20.36436305614116,0.0
TP-D_009_jpg.rf.e8cdb11635df3be6c85d743284d8ecfb_r2c0.jpg,FN,-1,35,0.0,2902,0,33.445037684732114,0.0
TP-D_009_jpg.rf.e8cdb11635df3be6c85d743284d8ecfb_r2c0.jpg,FN,-1,40,0.0,679,0,7.825355130231945,0.0
TP-D_009_jpg.rf.e8cdb11635df3be6c85d743284d8ecfb_r2c1.jpg,TP,17,20,0.900455432661028,4405,4358,50.766847347086475,50.22518064440474
TP-D_009_jpg.rf.e8cdb11635df3be6c85d743284d8ecfb_r2c1.jpg,TP,2,7,0.8616401088223863,4798,4782,55.29610296738273,55.11170579200171
TP-D_009_jpg.rf.e8cdb11635df3be6c85d743284d8ecfb_r2c1.jpg,TP,19,8,0.8585749385749386,8948,9963,103.12412033183423,114.82181614506756
TP-D_009_jpg.rf.e8cdb11635df3be6c85d743284d8ecfb_r2c1.jpg,TP,1,11,0.8369055592766242,2570,2915,29.618796295575994,33.59486038972919
TP-D_009_jpg.rf.e8cdb11635df3be6c85d743284d8ecfb_r2c1.jpg,TP,8,23,0.8344816535811569,5293,6156,61.00089058073297,70.94681322784662
TP-D_009_jpg.rf.e8cdb11635df3be6c85d743284d8ecfb_r2c1.jpg,TP,15,1,0.8266881028938907,5218,6144,60.13652882113445,70.80851534631086
TP-D_009_jpg.rf.e8cdb11635df3be6c85d743284d8ecfb_r2c1.jpg,TP,18,19,0.8256467051657306,10492,12586,120.91844775610245,145.05142808409317
TP-D_009_jpg.rf.e8cdb11635df3be6c85d743284d8ecfb_r2c1.jpg,TP,3,2,0.8240280619701842,2819,3421,32.488477337443086,39.42642106115388
TP-D_009_jpg.rf.e8cdb11635df3be6c85d743284d8ecfb_r2c1.jpg,TP,5,5,0.8202805895933227,4672,5578,53.84397521125722,64.28546526720734
TP-D_009_jpg.rf.e8cdb11635df3be6c85d743284d8ecfb_r2c1.jpg,TP,4,0,0.8081308874566188,3321,3973,38.27393871502252,45.788123611798994
TP-D_009_jpg.rf.e8cdb11635df3be6c85d743284d8ecfb_r2c1.jpg,TP,20,24,0.7978905735003295,6102,7535,70.32447276093568,86.8395447809981
TP-D_009_jpg.rf.e8cdb11635df3be6c85d743284d8ecfb_r2c1.jpg,TP,25,4,0.7946831633506103,4762,5972,54.88120932277544,68.82624571096491
TP-D_009_jpg.rf.e8cdb11635df3be6c85d743284d8ecfb_r2c1.jpg,TP,9,13,0.7872841444270016,2235,2319,25.757980436035933,26.726065606786275
TP-D_009_jpg.rf.e8cdb11635df3be6c85d743284d8ecfb_r2c1.jpg,TP,14,6,0.7852412488174078,1662,2112,19.15425659270323,24.340427150294357
TP-D_009_jpg.rf.e8cdb11635df3be6c85d743284d8ecfb_r2c1.jpg,TP,6,14,0.7832946635730859,1718,2125,19.79964670653679,24.490249855291434
TP-D_009_jpg.rf.e8cdb11635df3be6c85d743284d8ecfb_r2c1.jpg,TP,0,17,0.7768231124476426,17890,15198,206.17909172290058,175.15426696504434
TP-D_009_jpg.rf.e8cdb11635df3be6c85d743284d8ecfb_r2c1.jpg,TP,12,10,0.713671875,1832,2555,21.113476581126545,29.44592394365629
TP-D_009_jpg.rf.e8cdb11635df3be6c85d743284d8ecfb_r2c1.jpg,TP,11,3,0.6890273119310014,3141,3909,36.19947049198607,45.050534910274926
TP-D_009_jpg.rf.e8cdb11635df3be6c85d743284d8ecfb_r2c1.jpg,TP,7,15,0.666005946481665,1344,2018,15.4893627320055,23.257093744930877
TP-D_009_jpg.rf.e8cdb11635df3be6c85d743284d8ecfb_r2c1.jpg,TP,10,27,0.6588989222254588,2296,3399,26.460994667176063,39.17287494500498
TP-D_009_jpg.rf.e8cdb11635df3be6c85d743284d8ecfb_r2c1.jpg,TP,23,25,0.6104771784232366,2484,3726,28.627661477903022,42.941492216854535
TP-D_009_jpg.rf.e8cdb11635df3be6c85d743284d8ecfb_r2c1.jpg,TP,21,26,0.6089159067882473,1488,1688,17.14893731043466,19.453902002697383
TP-D_009_jpg.rf.e8cdb11635df3be6c85d743284d8ecfb_r2c1.jpg,FP,13,-1,0.0,0,2802,0.0,32.29255533860075
TP-D_009_jpg.rf.e8cdb11635df3be6c85d743284d8ecfb_r2c1.jpg,FP,16,-1,0.0,0,2696,0.0,31.070924051701507
TP-D_009_jpg.rf.e8cdb11635df3be6c85d743284d8ecfb_r2c1.jpg,FP,22,-1,0.0,0,3080,0.0,35.49645626084594
TP-D_009_jpg.rf.e8cdb11635df3be6c85d743284d8ecfb_r2c1.jpg,FP,24,-1,0.0,0,2539,0.0,29.26152676827527
TP-D_009_jpg.rf.e8cdb11635df3be6c85d743284d8ecfb_r2c1.jpg,FN,-1,9,0.0,6820,0,78.59929600615887,0.0
TP-D_009_jpg.rf.e8cdb11635df3be6c85d743284d8ecfb_r2c1.jpg,FN,-1,12,0.0,1078,0,12.423759691296079,0.0
TP-D_009_jpg.rf.e8cdb11635df3be6c85d743284d8ecfb_r2c1.jpg,FN,-1,16,0.0,1493,0,17.206561427741228,0.0
TP-D_009_jpg.rf.e8cdb11635df3be6c85d743284d8ecfb_r2c1.jpg,FN,-1,18,0.0,11427,0,131.69415769243068,0.0
TP-D_009_jpg.rf.e8cdb11635df3be6c85d743284d8ecfb_r2c1.jpg,FN,-1,21,0.0,3792,0,43.70213056530123,0.0
TP-D_009_jpg.rf.e8cdb11635df3be6c85d743284d8ecfb_r2c1.jpg,FN,-1,22,0.0,2426,0,27.959221717146832,0.0
TP-D_009_jpg.rf.e8cdb11635df3be6c85d743284d8ecfb_r2c2.jpg,TP,0,9,0.8798202920254586,2386,2635,27.498228778694287,30.367909820561376
TP-D_009_jpg.rf.e8cdb11635df3be6c85d743284d8ecfb_r2c2.jpg,TP,17,0,0.8374699759807847,3587,3298,41.33954175573194,38.008867775412305
TP-D_009_jpg.rf.e8cdb11635df3be6c85d743284d8ecfb_r2c2.jpg,TP,1,6,0.8347401155042203,1927,2203,22.20833480995134,25.389186085273895
TP-D_009_jpg.rf.e8cdb11635df3be6c85d743284d8ecfb_r2c2.jpg,TP,16,14,0.8279174330676476,4677,4267,53.90159932856378,49.1764217094252
TP-D_009_jpg.rf.e8cdb11635df3be6c85d743284d8ecfb_r2c2.jpg,TP,2,1,0.8231404958677686,1076,1130,12.40071004437345,13.023050511284385
TP-D_009_jpg.rf.e8cdb11635df3be6c85d743284d8ecfb_r2c2.jpg,TP,19,13,0.7988754325259516,2310,1849,26.622342195634452,21.309398579968875
TP-D_009_jpg.rf.e8cdb11635df3be6c85d743284d8ecfb_r2c2.jpg,TP,9,3,0.7856388595564942,755,936,8.70124171329178,10.787234759789545
TP-D_009_jpg.rf.e8cdb11635df3be6c85d743284d8ecfb_r2c2.jpg,TP,4,12,0.7763207193705508,2493,2248,28.731384889054844,25.907803141033007
TP-D_009_jpg.rf.e8cdb11635df3be6c85d743284d8ecfb_r2c2.jpg,TP,6,4,0.765253360910031,740,967,8.528369361372075,11.144504287090266
TP-D_009_jpg.rf.e8cdb11635df3be6c85d743284d8ecfb_r2c2.jpg,TP,14,16,0.7642121327737504,2044,2580,23.55673915492503,29.734044530189127
TP-D_009_jpg.rf.e8cdb11635df3be6c85d743284d8ecfb_r2c2.jpg,TP,7,19,0.7325383304940375,879,1155,10.130319822494668,13.311171097817226
TP-D_009_jpg.rf.e8cdb11635df3be6c85d743284d8ecfb_r2c2.jpg,TP,5,15,0.7312239221140473,2566,2413,29.572697001730738,27.809399012149754
TP-D_009_jpg.rf.e8cdb11635df3be6c85d743284d8ecfb_r2c2.jpg,TP,11,5,0.7217057396928052,4347,4172,50.09840758633029,48.08156348060041
TP-D_009_jpg.rf.e8cdb11635df3be6c85d743284d8ecfb_r2c2.jpg,TP,3,2,0.7205308352849337,923,1281,10.637412054792467,14.763298853942741
TP-D_009_jpg.rf.e8cdb11635df3be6c85d743284d8ecfb_r2c2.jpg,TP,15,21,0.667384284176534,927,622,10.683511348637722,7.168440192937069
TP-D_009_jpg.rf.e8cdb11635df3be6c85d743284d8ecfb_r2c2.jpg,TP,12,7,0.6320224719101124,457,705,5.266844321820322,8.125000540226099
TP-D_009_jpg.rf.e8cdb11635df3be6c85d743284d8ecfb_r2c2.jpg,TP,13,20,0.5605138607167005,990,1318,11.409575226700479,15.189717322011346
TP-D_009_jpg.rf.e8cdb11635df3be6c85d743284d8ecfb_r2c2.jpg,TP,18,8,0.5338417540514776,564,1045,6.5000004321808795,12.043440517072728
TP-D_009_jpg.rf.e8cdb11635df3be6c85d743284d8ecfb_r2c2.jpg,FP,8,-1,0.0,0,4396,0.0,50.66312393593466
TP-D_009_jpg.rf.e8cdb11635df3be6c85d743284d8ecfb_r2c2.jpg,FP,10,-1,0.0,0,3119,0.0,35.945924375837166
TP-D_009_jpg.rf.e8cdb11635df3be6c85d743284d8ecfb_r2c2.jpg,FN,-1,10,0.0,2094,0,24.132980327990712,0.0
TP-D_009_jpg.rf.e8cdb11635df3be6c85d743284d8ecfb_r2c2.jpg,FN,-1,11,0.0,1363,0,15.70833437777046,0.0
TP-D_009_jpg.rf.e8cdb11635df3be6c85d743284d8ecfb_r2c2.jpg,FN,-1,17,0.0,2267,0,26.126774786797966,0.0
TP-D_009_jpg.rf.e8cdb11635df3be6c85d743284d8ecfb_r2c2.jpg,FN,-1,18,0.0,1835,0,21.148051051510485,0.0
ZAINA-679-B_001_jpg.rf.42f7c9c2b999e82410968535976ef160_r0c0.jpg,TP,0,14,0.9406034366120958,13976,14710,161.0709326953191,169.5301531159233
ZAINA-679-B_001_jpg.rf.42f7c9c2b999e82410968535976ef160_r0c0.jpg,TP,8,20,0.9343983946901289,12203,12861,140.63742069841004,148.2207545359544
ZAINA-679-B_001_jpg.rf.42f7c9c2b999e82410968535976ef160_r0c0.jpg,TP,1,8,0.9240764998690071,17848,18873,205.69504913752542,217.50799318537187
ZAINA-679-B_001_jpg.rf.42f7c9c2b999e82410968535976ef160_r0c0.jpg,TP,2,18,0.9106543060593847,6846,7375,78.89894141615301,84.99557302718792
ZAINA-679-B_001_jpg.rf.42f7c9c2b999e82410968535976ef160_r0c0.jpg,TP,4,22,0.8988925348646432,4492,4767,51.76950698822076,54.93883344008201
ZAINA-679-B_001_jpg.rf.42f7c9c2b999e82410968535976ef160_r0c0.jpg,TP,7,0,0.8937376725838264,10891,12152,125.5168523171666,140.04965470188307
ZAINA-679-B_001_jpg.rf.42f7c9c2b999e82410968535976ef160_r0c0.jpg,TP,16,15,0.8926797150894834,15242,16379,175.66135919734214,188.7650834728557
ZAINA-679-B_001_jpg.rf.42f7c9c2b999e82410968535976ef160_r0c0.jpg,TP,27,26,0.8535729943007453,2205,2023,25.41223573219652,23.314717862237444
ZAINA-679-B_001_jpg.rf.42f7c9c2b999e82410968535976ef160_r0c0.jpg,TP,10,7,0.8350316233309909,4892,5553,56.379436372746206,63.99734468067451
ZAINA-679-B_001_jpg.rf.42f7c9c2b999e82410968535976ef160_r0c0.jpg,TP,11,16,0.8244301374630242,4777,5708,55.05408167469514,65.78369231717812
ZAINA-679-B_001_jpg.rf.42f7c9c2b999e82410968535976ef160_r0c0.jpg,TP,15,9,0.8189256761875899,10870,13138,125.274831024479,151.41313063473828
ZAINA-679-B_001_jpg.rf.42f7c9c2b999e82410968535976ef160_r0c0.jpg,TP,9,11,0.8172189027702336,6018,7364,69.35638759018534,84.86879996911347
ZAINA-679-B_001_jpg.rf.42f7c9c2b999e82410968535976ef160_r0c0.jpg,TP,33,5,0.8155410312273057,1140,1360,13.138298745897522,15.673759907386518
ZAINA-679-B_001_jpg.rf.42f7c9c2b999e82410968535976ef160_r0c0.jpg,TP,3,17,0.8111138798903563,6539,7997,75.36082061352974,92.16401322012499
ZAINA-679-B_001_jpg.rf.42f7c9c2b999e82410968535976ef160_r0c0.jpg,TP,14,10,0.8050900062073246,6485,8055,74.7384801466188,92.83245298088117
ZAINA-679-B_001_jpg.rf.42f7c9c2b999e82410968535976ef160_r0c0.jpg,TP,18,25,0.776876982728234,4408,5674,50.80142181747042,65.39184831949346
ZAINA-679-B_001_jpg.rf.42f7c9c2b999e82410968535976ef160_r0c0.jpg,TP,35,12,0.7660334346504559,11666,11575,134.44859049968466,133.3998315647051
ZAINA-679-B_001_jpg.rf.42f7c9c2b999e82410968535976ef160_r0c0.jpg,TP,13,23,0.7605916989803245,10592,13926,122.07093010223382,160.49469152225342
ZAINA-679-B_001_jpg.rf.42f7c9c2b999e82410968535976ef160_r0c0.jpg,TP,5,24,0.7252336448598131,5432,7490,62.60284104185556,86.32092772523899
ZAINA-679-B_001_jpg.rf.42f7c9c2b999e82410968535976ef160_r0c0.jpg,TP,20,19,0.7091862206689965,2903,3944,33.45656250819343,45.4539037314209
ZAINA-679-B_001_jpg.rf.42f7c9c2b999e82410968535976ef160_r0c0.jpg,TP,31,21,0.702663410095371,12593,16686,145.13210184832235,192.303204275479
ZAINA-679-B_001_jpg.rf.42f7c9c2b999e82410968535976ef160_r0c0.jpg,TP,32,1,0.6863525091799265,4550,6472,52.437946748976955,74.58865744162172
ZAINA-679-B_001_jpg.rf.42f7c9c2b999e82410968535976ef160_r0c0.jpg,TP,23,6,0.6020477815699659,11661,7115,134.39096638237808,81.99911892724637
ZAINA-679-B_001_jpg.rf.42f7c9c2b999e82410968535976ef160_r0c0.jpg,FP,6,-1,0.0,0,20954,0.0,241.49115080836552
ZAINA-679-B_001_jpg.rf.42f7c9c2b999e82410968535976ef160_r0c0.jpg,FP,12,-1,0.0,0,38328,0.0,441.72343362522827
ZAINA-679-B_001_jpg.rf.42f7c9c2b999e82410968535976ef160_r0c0.jpg,FP,17,-1,0.0,0,20655,0.0,238.04522859343274
ZAINA-679-B_001_jpg.rf.42f7c9c2b999e82410968535976ef160_r0c0.jpg,FP,19,-1,0.0,0,32798,0.0,377.99115988416395
ZAINA-679-B_001_jpg.rf.42f7c9c2b999e82410968535976ef160_r0c0.jpg,FP,21,-1,0.0,0,4900,0.0,56.47163496043672
ZAINA-679-B_001_jpg.rf.42f7c9c2b999e82410968535976ef160_r0c0.jpg,FP,22,-1,0.0,0,2021,0.0,23.291668215314818
ZAINA-679-B_001_jpg.rf.42f7c9c2b999e82410968535976ef160_r0c0.jpg,FP,24,-1,0.0,0,4307,0.0,49.63741464787774
ZAINA-679-B_001_jpg.rf.42f7c9c2b999e82410968535976ef160_r0c0.jpg,FP,25,-1,0.0,0,21143,0.0,243.66934244255378
ZAINA-679-B_001_jpg.rf.42f7c9c2b999e82410968535976ef160_r0c0.jpg,FP,26,-1,0.0,0,3860,0.0,44.48581856067056
ZAINA-679-B_001_jpg.rf.42f7c9c2b999e82410968535976ef160_r0c0.jpg,FP,28,-1,0.0,0,7222,0.0,83.23227503760694
ZAINA-679-B_001_jpg.rf.42f7c9c2b999e82410968535976ef160_r0c0.jpg,FP,29,-1,0.0,0,6291,0.0,72.50266439512396
ZAINA-679-B_001_jpg.rf.42f7c9c2b999e82410968535976ef160_r0c0.jpg,FP,30,-1,0.0,0,10173,0.0,117.2420290719434
ZAINA-679-B_001_jpg.rf.42f7c9c2b999e82410968535976ef160_r0c0.jpg,FP,34,-1,0.0,0,1074,0.0,12.377660397450823
ZAINA-679-B_001_jpg.rf.42f7c9c2b999e82410968535976ef160_r0c0.jpg,FN,-1,2,0.0,18996,0,218.92554647111345,0.0
ZAINA-679-B_001_jpg.rf.42f7c9c2b999e82410968535976ef160_r0c0.jpg,FN,-1,3,0.0,77423,0,892.2864068452841,0.0
ZAINA-679-B_001_jpg.rf.42f7c9c2b999e82410968535976ef160_r0c0.jpg,FN,-1,4,0.0,42362,0,488.2145714681674,0.0
ZAINA-679-B_001_jpg.rf.42f7c9c2b999e82410968535976ef160_r0c0.jpg,FN,-1,13,0.0,1676,0,19.31560412116162,0.0
ZAINA-679-B_001_jpg.rf.42f7c9c2b999e82410968535976ef160_r0c0.jpg,FN,-1,27,0.0,15930,0,183.5904377387259,0.0
ZAINA-679-B_001_jpg.rf.42f7c9c2b999e82410968535976ef160_r0c0.jpg,FN,-1,28,0.0,3531,0,40.69415164189838,0.0
ZAINA-679-B_001_jpg.rf.42f7c9c2b999e82410968535976ef160_r0c1.jpg,TP,0,32,0.9396988460455953,13460,14107,155.12412378928127,162.58068456875117
ZAINA-679-B_001_jpg.rf.42f7c9c2b999e82410968535976ef160_r0c1.jpg,TP,8,36,0.9090094128193635,2069,2190,23.84485974145787,25.239363380276817
ZAINA-679-B_001_jpg.rf.42f7c9c2b999e82410968535976ef160_r0c1.jpg,TP,30,9,0.9042139754629277,24801,25177,285.827146664039,290.1604802854929
ZAINA-679-B_001_jpg.rf.42f7c9c2b999e82410968535976ef160_r0c1.jpg,TP,2,31,0.9038741311493076,17310,18024,199.4946941153387,207.72341806671662
ZAINA-679-B_001_jpg.rf.42f7c9c2b999e82410968535976ef160_r0c1.jpg,TP,3,35,0.893212669683258,11253,11759,129.6888384101621,135.52039908158682
ZAINA-679-B_001_jpg.rf.42f7c9c2b999e82410968535976ef160_r0c1.jpg,TP,1,20,0.8915488895298529,6379,6737,73.51684885971956,77.64273565886982
ZAINA-679-B_001_jpg.rf.42f7c9c2b999e82410968535976ef160_r0c1.jpg,TP,4,30,0.8874182745973529,5570,6266,64.19326667951684,72.21454380859112
ZAINA-679-B_001_jpg.rf.42f7c9c2b999e82410968535976ef160_r0c1.jpg,TP,22,11,0.8814453125,4849,4784,55.88386896390972,55.13475543892434
ZAINA-679-B_001_jpg.rf.42f7c9c2b999e82410968535976ef160_r0c1.jpg,TP,17,6,0.8804270462633452,1265,1377,14.578901678561724,15.869681906228848
ZAINA-679-B_001_jpg.rf.42f7c9c2b999e82410968535976ef160_r0c1.jpg,TP,29,13,0.877287641268684,12301,13446,141.76685339761877,154.9627762608229
ZAINA-679-B_001_jpg.rf.42f7c9c2b999e82410968535976ef160_r0c1.jpg,TP,19,10,0.8576618658362528,6767,7550,77.98848036270924,87.0124171329178
ZAINA-679-B_001_jpg.rf.42f7c9c2b999e82410968535976ef160_r0c1.jpg,TP,10,5,0.8460869565217392,1976,2270,22.773051159555706,26.161349257181907
ZAINA-679-B_001_jpg.rf.42f7c9c2b999e82410968535976ef160_r0c1.jpg,TP,20,27,0.8376560999039385,3501,4151,40.34840693805897,47.83954218791282
ZAINA-679-B_001_jpg.rf.42f7c9c2b999e82410968535976ef160_r0c1.jpg,TP,12,19,0.8348280168009989,7354,8809,84.75355173450033,101.52216987071164
ZAINA-679-B_001_jpg.rf.42f7c9c2b999e82410968535976ef160_r0c1.jpg,TP,7,8,0.832225263981228,4291,5079,49.453017472496725,58.53457836001186
ZAINA-679-B_001_jpg.rf.42f7c9c2b999e82410968535976ef160_r0c1.jpg,TP,23,21,0.8309574174560839,9910,9998,114.21100050161793,115.22518496621353
ZAINA-679-B_001_jpg.rf.42f7c9c2b999e82410968535976ef160_r0c1.jpg,TP,11,16,0.8304597701149425,875,1036,10.084220528649414,11.939717105920906
ZAINA-679-B_001_jpg.rf.42f7c9c2b999e82410968535976ef160_r0c1.jpg,TP,13,14,0.8295491669389089,11156,11245,128.57093053441469,129.59663982247162
ZAINA-679-B_001_jpg.rf.42f7c9c2b999e82410968535976ef160_r0c1.jpg,TP,34,26,0.8201422854602045,3802,4385,43.817378799914366,50.53635087786021
ZAINA-679-B_001_jpg.rf.42f7c9c2b999e82410968535976ef160_r0c1.jpg,TP,26,2,0.8191603875134553,782,908,9.012411946747248,10.464539702872763
ZAINA-679-B_001_jpg.rf.42f7c9c2b999e82410968535976ef160_r0c1.jpg,TP,43,28,0.8177613320999075,894,1071,10.303192174414372,12.343085927066882
ZAINA-679-B_001_jpg.rf.42f7c9c2b999e82410968535976ef160_r0c1.jpg,TP,6,25,0.817193675889328,876,963,10.095745352110727,11.098404993245012
ZAINA-679-B_001_jpg.rf.42f7c9c2b999e82410968535976ef160_r0c1.jpg,TP,38,17,0.8165196130541087,15529,18647,178.96898353073914,214.903383083115
ZAINA-679-B_001_jpg.rf.42f7c9c2b999e82410968535976ef160_r0c1.jpg,TP,9,1,0.7766497461928934,846,904,9.75000064827132,10.41844040902751
ZAINA-679-B_001_jpg.rf.42f7c9c2b999e82410968535976ef160_r0c1.jpg,TP,27,3,0.7710843373493976,786,978,9.058511240592502,11.271277345164716
ZAINA-679-B_001_jpg.rf.42f7c9c2b999e82410968535976ef160_r0c1.jpg,TP,35,34,0.7469135802469136,732,966,8.436170773681567,11.132979463628953
ZAINA-679-B_001_jpg.rf.42f7c9c2b999e82410968535976ef160_r0c1.jpg,TP,37,23,0.7464324917672887,704,887,8.113475716764786,10.222518410185177
ZAINA-679-B_001_jpg.rf.42f7c9c2b999e82410968535976ef160_r0c1.jpg,TP,28,33,0.7124117053481333,724,973,8.343972185991058,11.213653227858147
ZAINA-679-B_001_jpg.rf.42f7c9c2b999e82410968535976ef160_r0c1.jpg,TP,15,15,0.6982466933251307,2270,3251,26.161349257181907,37.46720107273057
ZAINA-679-B_001_jpg.rf.42f7c9c2b999e82410968535976ef160_r0c1.jpg,TP,42,18,0.6907993966817496,916,1326,10.556738290563272,15.281915909701855
ZAINA-679-B_001_jpg.rf.42f7c9c2b999e82410968535976ef160_r0c1.jpg,TP,18,4,0.6685975609756097,2259,3214,26.03457619910746,37.04078260466196
ZAINA-679-B_001_jpg.rf.42f7c9c2b999e82410968535976ef160_r0c1.jpg,FP,5,-1,0.0,0,5918,0.0,68.20390524405398
ZAINA-679-B_001_jpg.rf.42f7c9c2b999e82410968535976ef160_r0c1.jpg,FP,14,-1,0.0,0,6912,0.0,79.65957976459971
ZAINA-679-B_001_jpg.rf.42f7c9c2b999e82410968535976ef160_r0c1.jpg,FP,16,-1,0.0,0,3946,0.0,45.47695337834353
ZAINA-679-B_001_jpg.rf.42f7c9c2b999e82410968535976ef160_r0c1.jpg,FP,21,-1,0.0,0,2396,0.0,27.613477013307424
ZAINA-679-B_001_jpg.rf.42f7c9c2b999e82410968535976ef160_r0c1.jpg,FP,24,-1,0.0,0,7769,0.0,89.53635347094549
ZAINA-679-B_001_jpg.rf.42f7c9c2b999e82410968535976ef160_r0c1.jpg,FP,25,-1,0.0,0,11794,0.0,135.92376790273278
ZAINA-679-B_001_jpg.rf.42f7c9c2b999e82410968535976ef160_r0c1.jpg,FP,31,-1,0.0,0,1082,0.0,12.469858985141332
ZAINA-679-B_001_jpg.rf.42f7c9c2b999e82410968535976ef160_r0c1.jpg,FP,32,-1,0.0,0,12703,0.0,146.39983242906686
ZAINA-679-B_001_jpg.rf.42f7c9c2b999e82410968535976ef160_r0c1.jpg,FP,33,-1,0.0,0,2318,0.0,26.71454078332496
ZAINA-679-B_001_jpg.rf.42f7c9c2b999e82410968535976ef160_r0c1.jpg,FP,36,-1,0.0,0,4831,0.0,55.676422141606075
ZAINA-679-B_001_jpg.rf.42f7c9c2b999e82410968535976ef160_r0c1.jpg,FP,39,-1,0.0,0,15678,0.0,180.68618222647487
ZAINA-679-B_001_jpg.rf.42f7c9c2b999e82410968535976ef160_r0c1.jpg,FP,40,-1,0.0,0,15700,0.0,180.93972834262377
ZAINA-679-B_001_jpg.rf.42f7c9c2b999e82410968535976ef160_r0c1.jpg,FP,41,-1,0.0,0,4623,0.0,53.27925886165285
ZAINA-679-B_001_jpg.rf.42f7c9c2b999e82410968535976ef160_r0c1.jpg,FP,44,-1,0.0,0,6569,0.0,75.70656531736914
ZAINA-679-B_001_jpg.rf.42f7c9c2b999e82410968535976ef160_r0c1.jpg,FP,45,-1,0.0,0,3657,0.0,42.14627939802389
ZAINA-679-B_001_jpg.rf.42f7c9c2b999e82410968535976ef160_r0c1.jpg,FN,-1,0,0.0,47028,0,541.9893977386567,0.0
ZAINA-679-B_001_jpg.rf.42f7c9c2b999e82410968535976ef160_r0c1.jpg,FN,-1,7,0.0,2754,0,31.739363812457697,0.0
ZAINA-679-B_001_jpg.rf.42f7c9c2b999e82410968535976ef160_r0c1.jpg,FN,-1,12,0.0,6268,0,72.23759345551375,0.0
ZAINA-679-B_001_jpg.rf.42f7c9c2b999e82410968535976ef160_r0c1.jpg,FN,-1,22,0.0,10899,0,125.6090509048571,0.0
ZAINA-679-B_001_jpg.rf.42f7c9c2b999e82410968535976ef160_r0c1.jpg,FN,-1,24,0.0,848,0,9.773050295193947,0.0
ZAINA-679-B_001_jpg.rf.42f7c9c2b999e82410968535976ef160_r0c1.jpg,FN,-1,29,0.0,863,0,9.945922647113651,0.0
ZAINA-679-B_001_jpg.rf.42f7c9c2b999e82410968535976ef160_r0c1.jpg,FN,-1,37,0.0,9673,0,111.47961734128661,0.0
ZAINA-679-B_001_jpg.rf.42f7c9c2b999e82410968535976ef160_r0c2.jpg,TP,0,0,0.9218950064020487,9402,10111,108.35639018327062,116.52749001734198
ZAINA-679-B_001_jpg.rf.42f7c9c2b999e82410968535976ef160_r0c2.jpg,TP,2,8,0.9170755055641977,15401,16641,177.493806127691,191.78458721971987
ZAINA-679-B_001_jpg.rf.42f7c9c2b999e82410968535976ef160_r0c2.jpg,TP,11,27,0.9049034175334324,1308,1256,15.07446908739821,14.475178267409902
ZAINA-679-B_001_jpg.rf.42f7c9c2b999e82410968535976ef160_r0c2.jpg,TP,7,7,0.8993660685505533,44983,43404,518.4211337602703,500.2234375148562
ZAINA-679-B_001_jpg.rf.42f7c9c2b999e82410968535976ef160_r0c2.jpg,TP,5,5,0.8789224393132031,2976,3371,34.29787462086932,38.8501798880882
ZAINA-679-B_001_jpg.rf.42f7c9c2b999e82410968535976ef160_r0c2.jpg,TP,6,10,0.8605179463880055,17983,18872,207.25090030480274,217.49646836191056
ZAINA-679-B_001_jpg.rf.42f7c9c2b999e82410968535976ef160_r0c2.jpg,TP,16,15,0.8434231232065167,19417,20412,223.7774971483265,235.24469649233353
ZAINA-679-B_001_jpg.rf.42f7c9c2b999e82410968535976ef160_r0c2.jpg,TP,3,3,0.8394391677973767,5783,6418,66.64805407677665,73.9663169747108
ZAINA-679-B_001_jpg.rf.42f7c9c2b999e82410968535976ef160_r0c2.jpg,TP,17,13,0.8273155416012559,557,607,6.419326667951684,6.9955678410173645
ZAINA-679-B_001_jpg.rf.42f7c9c2b999e82410968535976ef160_r0c2.jpg,TP,14,26,0.8243947287771989,5457,6449,62.8909616283884,74.32358650201151
ZAINA-679-B_001_jpg.rf.42f7c9c2b999e82410968535976ef160_r0c2.jpg,TP,1,6,0.7955974842767296,8657,10757,99.77039670459197,123.97252597335057
ZAINA-679-B_001_jpg.rf.42f7c9c2b999e82410968535976ef160_r0c2.jpg,TP,10,1,0.7278088144009932,4690,6444,54.05142203356086,74.26596238470493
ZAINA-679-B_001_jpg.rf.42f7c9c2b999e82410968535976ef160_r0c2.jpg,TP,12,2,0.6633719433719434,18984,13327,218.78724858957767,153.59132226892655
ZAINA-679-B_001_jpg.rf.42f7c9c2b999e82410968535976ef160_r0c2.jpg,TP,8,17,0.6015625,16404,27056,189.05320405938855,311.8156235693012
ZAINA-679-B_001_jpg.rf.42f7c9c2b999e82410968535976ef160_r0c2.jpg,TP,9,4,0.5024138165499422,14462,7634,166.67199689751752,87.98050230366815
ZAINA-679-B_001_jpg.rf.42f7c9c2b999e82410968535976ef160_r0c2.jpg,FP,4,-1,0.0,0,7930,0.0,91.39185004821697
ZAINA-679-B_001_jpg.rf.42f7c9c2b999e82410968535976ef160_r0c2.jpg,FP,13,-1,0.0,0,3377,0.0,38.91932882885608
ZAINA-679-B_001_jpg.rf.42f7c9c2b999e82410968535976ef160_r0c2.jpg,FP,15,-1,0.0,0,3690,0.0,42.526598572247245
ZAINA-679-B_001_jpg.rf.42f7c9c2b999e82410968535976ef160_r0c2.jpg,FP,18,-1,0.0,0,8130,0.0,93.6968147404797
ZAINA-679-B_001_jpg.rf.42f7c9c2b999e82410968535976ef160_r0c2.jpg,FP,19,-1,0.0,0,8754,0.0,100.8883045803394
ZAINA-679-B_001_jpg.rf.42f7c9c2b999e82410968535976ef160_r0c2.jpg,FP,20,-1,0.0,0,12494,0.0,143.99114432565233
ZAINA-679-B_001_jpg.rf.42f7c9c2b999e82410968535976ef160_r0c2.jpg,FP,21,-1,0.0,0,7579,0.0,87.34663701329589
ZAINA-679-B_001_jpg.rf.42f7c9c2b999e82410968535976ef160_r0c2.jpg,FN,-1,9,0.0,1915,0,22.070036928415576,0.0
ZAINA-679-B_001_jpg.rf.42f7c9c2b999e82410968535976ef160_r0c2.jpg,FN,-1,11,0.0,5381,0,62.015075045328565,0.0
ZAINA-679-B_001_jpg.rf.42f7c9c2b999e82410968535976ef160_r0c2.jpg,FN,-1,12,0.0,20837,0,240.1427464633918,0.0
ZAINA-679-B_001_jpg.rf.42f7c9c2b999e82410968535976ef160_r0c2.jpg,FN,-1,14,0.0,4217,0,48.60018053635952,0.0
ZAINA-679-B_001_jpg.rf.42f7c9c2b999e82410968535976ef160_r0c2.jpg,FN,-1,16,0.0,1168,0,13.460993802814304,0.0
ZAINA-679-B_001_jpg.rf.42f7c9c2b999e82410968535976ef160_r0c2.jpg,FN,-1,18,0.0,4837,0,55.74557108237396,0.0
ZAINA-679-B_001_jpg.rf.42f7c9c2b999e82410968535976ef160_r0c2.jpg,FN,-1,19,0.0,9018,0,103.93085797412618,0.0
ZAINA-679-B_001_jpg.rf.42f7c9c2b999e82410968535976ef160_r0c2.jpg,FN,-1,20,0.0,573,0,6.603723843332702,0.0
ZAINA-679-B_001_jpg.rf.42f7c9c2b999e82410968535976ef160_r0c2.jpg,FN,-1,21,0.0,39232,0,452.14187403425575,0.0
ZAINA-679-B_001_jpg.rf.42f7c9c2b999e82410968535976ef160_r0c2.jpg,FN,-1,22,0.0,25463,0,293.4565797954286,0.0
ZAINA-679-B_001_jpg.rf.42f7c9c2b999e82410968535976ef160_r0c2.jpg,FN,-1,23,0.0,5952,0,68.59574924173864,0.0
ZAINA-679-B_001_jpg.rf.42f7c9c2b999e82410968535976ef160_r0c2.jpg,FN,-1,24,0.0,3828,0,44.11702420990852,0.0
ZAINA-679-B_001_jpg.rf.42f7c9c2b999e82410968535976ef160_r0c2.jpg,FN,-1,25,0.0,44397,0,511.6675872119406,0.0
ZAINA-679-B_001_jpg.rf.42f7c9c2b999e82410968535976ef160_r0c2.jpg,FN,-1,28,0.0,1485,0,17.11436284005072,0.0
ZAINA-679-B_001_jpg.rf.42f7c9c2b999e82410968535976ef160_r1c0.jpg,TP,21,18,0.9078388887239915,31161,33116,359.12502387799356,381.6560537448617
ZAINA-679-B_001_jpg.rf.42f7c9c2b999e82410968535976ef160_r1c0.jpg,TP,4,0,0.8963323725275818,9377,9702,108.06826959673778,111.8138372216647
ZAINA-679-B_001_jpg.rf.42f7c9c2b999e82410968535976ef160_r1c0.jpg,TP,9,3,0.8961082407166487,51627,50395,594.992060837238,580.7934783328997
ZAINA-679-B_001_jpg.rf.42f7c9c2b999e82410968535976ef160_r1c0.jpg,TP,5,21,0.8892005610098177,8292,9219,95.5638361412125,106.24734748985023
ZAINA-679-B_001_jpg.rf.42f7c9c2b999e82410968535976ef160_r1c0.jpg,TP,11,24,0.8796426892336624,3748,4248,43.19503833300343,48.95745006366024
ZAINA-679-B_001_jpg.rf.42f7c9c2b999e82410968535976ef160_r1c0.jpg,TP,32,25,0.8685237757274663,16033,15560,184.7774945552412,179.32625305803987
ZAINA-679-B_001_jpg.rf.42f7c9c2b999e82410968535976ef160_r1c0.jpg,TP,0,7,0.8663268195978476,9263,10507,106.75443972214802,121.09132010802216
ZAINA-679-B_001_jpg.rf.42f7c9c2b999e82410968535976ef160_r1c0.jpg,TP,3,13,0.8534432448205428,11814,13593,136.15426437195904,156.65692530963597
ZAINA-679-B_001_jpg.rf.42f7c9c2b999e82410968535976ef160_r1c0.jpg,TP,28,16,0.8518892078516564,10998,12871,126.75000842752715,148.33600277056755
ZAINA-679-B_001_jpg.rf.42f7c9c2b999e82410968535976ef160_r1c0.jpg,TP,6,9,0.8476887519260401,11021,12962,127.01507936713736,149.38476170554708
ZAINA-679-B_001_jpg.rf.42f7c9c2b999e82410968535976ef160_r1c0.jpg,TP,10,6,0.8453038674033149,7321,8043,84.37323256027697,92.69415509934541
ZAINA-679-B_001_jpg.rf.42f7c9c2b999e82410968535976ef160_r1c0.jpg,TP,30,12,0.8450220696419813,1891,1871,21.79344116534405,21.562944696117775
ZAINA-679-B_001_jpg.rf.42f7c9c2b999e82410968535976ef160_r1c0.jpg,TP,18,5,0.8438661710037175,5653,5755,65.14982702680587,66.32535901985986
ZAINA-679-B_001_jpg.rf.42f7c9c2b999e82410968535976ef160_r1c0.jpg,TP,19,11,0.8351016799292661,4358,3944,50.22518064440474,45.4539037314209
ZAINA-679-B_001_jpg.rf.42f7c9c2b999e82410968535976ef160_r1c0.jpg,TP,7,14,0.8283043317289893,8981,10772,103.50443950605758,124.14539832527026
ZAINA-679-B_001_jpg.rf.42f7c9c2b999e82410968535976ef160_r1c0.jpg,TP,12,22,0.827836855566025,6153,7426,70.91223875746267,85.58333902371491
ZAINA-679-B_001_jpg.rf.42f7c9c2b999e82410968535976ef160_r1c0.jpg,TP,1,2,0.8145512060102807,12360,15174,142.4468179818363,174.87767120197282
ZAINA-679-B_001_jpg.rf.42f7c9c2b999e82410968535976ef160_r1c0.jpg,TP,17,23,0.8054129724685021,4154,3584,47.87411665829676,41.304967285348
ZAINA-679-B_001_jpg.rf.42f7c9c2b999e82410968535976ef160_r1c0.jpg,TP,16,8,0.8020024167098222,4929,5510,56.80585484081481,63.50177727183802
ZAINA-679-B_001_jpg.rf.42f7c9c2b999e82410968535976ef160_r1c0.jpg,TP,22,4,0.7988312953143599,8426,8197,97.10816248502853,94.46897791238771
ZAINA-679-B_001_jpg.rf.42f7c9c2b999e82410968535976ef160_r1c0.jpg,TP,15,10,0.7982388552559163,7261,9076,83.68174315259816,104.59929773488237
ZAINA-679-B_001_jpg.rf.42f7c9c2b999e82410968535976ef160_r1c0.jpg,TP,2,17,0.6912871627427393,27221,21987,313.7172194404179,253.39629344390247
ZAINA-679-B_001_jpg.rf.42f7c9c2b999e82410968535976ef160_r1c0.jpg,TP,20,1,0.6780048810250152,4471,6530,51.52748569553317,75.2570972023779
ZAINA-679-B_001_jpg.rf.42f7c9c2b999e82410968535976ef160_r1c0.jpg,TP,13,19,0.5904807314747293,34131,22576,393.35374955809505,260.1844144626162
ZAINA-679-B_001_jpg.rf.42f7c9c2b999e82410968535976ef160_r1c0.jpg,FP,8,-1,0.0,0,8021,0.0,92.44060898319651
ZAINA-679-B_001_jpg.rf.42f7c9c2b999e82410968535976ef160_r1c0.jpg,FP,14,-1,0.0,0,11060,0.0,127.4645474821286
ZAINA-679-B_001_jpg.rf.42f7c9c2b999e82410968535976ef160_r1c0.jpg,FP,23,-1,0.0,0,7493,0.0,86.35550219562292
ZAINA-679-B_001_jpg.rf.42f7c9c2b999e82410968535976ef160_r1c0.jpg,FP,24,-1,0.0,0,9685,0.0,111.61791522282238
ZAINA-679-B_001_jpg.rf.42f7c9c2b999e82410968535976ef160_r1c0.jpg,FP,25,-1,0.0,0,3869,0.0,44.58954197182238
ZAINA-679-B_001_jpg.rf.42f7c9c2b999e82410968535976ef160_r1c0.jpg,FP,26,-1,0.0,0,9832,0.0,113.31206427163546
ZAINA-679-B_001_jpg.rf.42f7c9c2b999e82410968535976ef160_r1c0.jpg,FP,27,-1,0.0,0,5836,0.0,67.25886972022626
ZAINA-679-B_001_jpg.rf.42f7c9c2b999e82410968535976ef160_r1c0.jpg,FP,29,-1,0.0,0,7027,0.0,80.98493446265078
ZAINA-679-B_001_jpg.rf.42f7c9c2b999e82410968535976ef160_r1c0.jpg,FP,31,-1,0.0,0,9617,0.0,110.83422722745304
ZAINA-679-B_001_jpg.rf.42f7c9c2b999e82410968535976ef160_r1c0.jpg,FP,33,-1,0.0,0,815,0.0,9.392731120970597
ZAINA-679-B_001_jpg.rf.42f7c9c2b999e82410968535976ef160_r1c0.jpg,FP,34,-1,0.0,0,2075,0.0,23.914008682225752
ZAINA-679-B_001_jpg.rf.42f7c9c2b999e82410968535976ef160_r1c0.jpg,FN,-1,15,0.0,43164,0,497.4574798841409,0.0
ZAINA-679-B_001_jpg.rf.42f7c9c2b999e82410968535976ef160_r1c0.jpg,FN,-1,20,0.0,6208,0,71.54610404783493,0.0
ZAINA-679-B_001_jpg.rf.42f7c9c2b999e82410968535976ef160_r1c0.jpg,FN,-1,26,0.0,9725,0,112.07890816127491,0.0
ZAINA-679-B_001_jpg.rf.42f7c9c2b999e82410968535976ef160_r1c0.jpg,FN,-1,27,0.0,17066,0,196.68263719077817,0.0
ZAINA-679-B_001_jpg.rf.42f7c9c2b999e82410968535976ef160_r1c1.jpg,TP,0,11,0.89302783244307,6488,6979,74.77305461700274,80.43174293650773
ZAINA-679-B_001_jpg.rf.42f7c9c2b999e82410968535976ef160_r1c1.jpg,TP,11,6,0.8876168977749114,11011,12403,126.89983113252423,142.94238539067277
ZAINA-679-B_001_jpg.rf.42f7c9c2b999e82410968535976ef160_r1c1.jpg,TP,1,19,0.8828808864265928,7972,9021,91.87589263359214,103.96543244451013
ZAINA-679-B_001_jpg.rf.42f7c9c2b999e82410968535976ef160_r1c1.jpg,TP,5,21,0.8775624301155424,9546,10604,110.01596476169978,122.20922798376958
ZAINA-679-B_001_jpg.rf.42f7c9c2b999e82410968535976ef160_r1c1.jpg,TP,18,17,0.8715919085312225,2103,2153,24.236703739142534,24.812944912208216
ZAINA-679-B_001_jpg.rf.42f7c9c2b999e82410968535976ef160_r1c1.jpg,TP,19,9,0.8667699457784663,21273,24517,245.16756949252454,282.55409680102593
ZAINA-679-B_001_jpg.rf.42f7c9c2b999e82410968535976ef160_r1c1.jpg,TP,10,2,0.8612108773730118,3381,3874,38.96542812270133,44.647166089128945
ZAINA-679-B_001_jpg.rf.42f7c9c2b999e82410968535976ef160_r1c1.jpg,TP,3,24,0.8611673151750973,5533,6425,63.766848211448234,74.04699073893998
ZAINA-679-B_001_jpg.rf.42f7c9c2b999e82410968535976ef160_r1c1.jpg,TP,12,26,0.8548128011862103,14148,15874,163.05320233066504,182.94504762489234
ZAINA-679-B_001_jpg.rf.42f7c9c2b999e82410968535976ef160_r1c1.jpg,TP,13,5,0.8467391304347827,6284,7308,72.42199063089477,84.22340985527991
ZAINA-679-B_001_jpg.rf.42f7c9c2b999e82410968535976ef160_r1c1.jpg,TP,7,14,0.8436018957345972,10691,12649,123.21188762490387,145.77749196215592
ZAINA-679-B_001_jpg.rf.42f7c9c2b999e82410968535976ef160_r1c1.jpg,TP,6,1,0.8412034009156312,6441,7635,74.231387914321,87.99202712712946
ZAINA-679-B_001_jpg.rf.42f7c9c2b999e82410968535976ef160_r1c1.jpg,TP,4,18,0.8281932665124646,6467,7760,74.53103332431516,89.43263005979365
ZAINA-679-B_001_jpg.rf.42f7c9c2b999e82410968535976ef160_r1c1.jpg,TP,26,13,0.8120681713496085,5303,6499,61.116138815346105,74.89982767507719
ZAINA-679-B_001_jpg.rf.42f7c9c2b999e82410968535976ef160_r1c1.jpg,TP,14,3,0.8066783831282952,3695,4529,42.58422268955381,52.195925456289366
ZAINA-679-B_001_jpg.rf.42f7c9c2b999e82410968535976ef160_r1c1.jpg,TP,9,8,0.8040054775761726,4725,5814,54.454790854706836,67.00532360407736
ZAINA-679-B_001_jpg.rf.42f7c9c2b999e82410968535976ef160_r1c1.jpg,TP,2,7,0.8026744671959883,9604,11965,110.68440452245596,137.8945127146174
ZAINA-679-B_001_jpg.rf.42f7c9c2b999e82410968535976ef160_r1c1.jpg,TP,16,4,0.7223382045929019,695,955,8.009752305612963,11.006206405554503
ZAINA-679-B_001_jpg.rf.42f7c9c2b999e82410968535976ef160_r1c1.jpg,TP,21,25,0.7058226680502709,41854,32119,482.3599611498201,370.16580475393204
ZAINA-679-B_001_jpg.rf.42f7c9c2b999e82410968535976ef160_r1c1.jpg,TP,8,22,0.6851160917997584,33108,29671,381.5638551571712,341.9530369206363
ZAINA-679-B_001_jpg.rf.42f7c9c2b999e82410968535976ef160_r1c1.jpg,TP,28,16,0.6435191786681876,6540,4986,75.37234543699105,57.46276977810969
ZAINA-679-B_001_jpg.rf.42f7c9c2b999e82410968535976ef160_r1c1.jpg,TP,22,0,0.525056596007409,19436,10205,223.99646879409144,117.61082342270545
ZAINA-679-B_001_jpg.rf.42f7c9c2b999e82410968535976ef160_r1c1.jpg,FP,15,-1,0.0,0,7065,0.0,81.42287775418069
ZAINA-679-B_001_jpg.rf.42f7c9c2b999e82410968535976ef160_r1c1.jpg,FP,17,-1,0.0,0,19551,0.0,225.3218234921425
ZAINA-679-B_001_jpg.rf.42f7c9c2b999e82410968535976ef160_r1c1.jpg,FP,20,-1,0.0,0,4848,0.0,55.87234414044841
ZAINA-679-B_001_jpg.rf.42f7c9c2b999e82410968535976ef160_r1c1.jpg,FP,23,-1,0.0,0,4761,0.0,54.869684499314126
ZAINA-679-B_001_jpg.rf.42f7c9c2b999e82410968535976ef160_r1c1.jpg,FP,24,-1,0.0,0,2953,0.0,34.03280368125911
ZAINA-679-B_001_jpg.rf.42f7c9c2b999e82410968535976ef160_r1c1.jpg,FP,25,-1,0.0,0,7392,0.0,85.19149502603025
ZAINA-679-B_001_jpg.rf.42f7c9c2b999e82410968535976ef160_r1c1.jpg,FP,27,-1,0.0,0,6488,0.0,74.77305461700274
ZAINA-679-B_001_jpg.rf.42f7c9c2b999e82410968535976ef160_r1c1.jpg,FP,29,-1,0.0,0,13913,0.0,160.34486881725633
ZAINA-679-B_001_jpg.rf.42f7c9c2b999e82410968535976ef160_r1c1.jpg,FP,30,-1,0.0,0,11993,0.0,138.2172077715342
ZAINA-679-B_001_jpg.rf.42f7c9c2b999e82410968535976ef160_r1c1.jpg,FP,31,-1,0.0,0,10615,0.0,122.33600104184403
ZAINA-679-B_001_jpg.rf.42f7c9c2b999e82410968535976ef160_r1c1.jpg,FP,32,-1,0.0,0,2643,0.0,30.460108408251887
ZAINA-679-B_001_jpg.rf.42f7c9c2b999e82410968535976ef160_r1c1.jpg,FP,33,-1,0.0,0,4077,0.0,46.98670525177561
ZAINA-679-B_001_jpg.rf.42f7c9c2b999e82410968535976ef160_r1c1.jpg,FN,-1,10,0.0,862,0,9.934397823652336,0.0
ZAINA-679-B_001_jpg.rf.42f7c9c2b999e82410968535976ef160_r1c1.jpg,FN,-1,12,0.0,21130,0,243.5195197375567,0.0
ZAINA-679-B_001_jpg.rf.42f7c9c2b999e82410968535976ef160_r1c1.jpg,FN,-1,15,0.0,56255,0,648.3289438161975,0.0
ZAINA-679-B_001_jpg.rf.42f7c9c2b999e82410968535976ef160_r1c1.jpg,FN,-1,20,0.0,25193,0,290.34487746087393,0.0
ZAINA-679-B_001_jpg.rf.42f7c9c2b999e82410968535976ef160_r1c1.jpg,FN,-1,23,0.0,31191,0,359.470768581833,0.0
ZAINA-679-B_001_jpg.rf.42f7c9c2b999e82410968535976ef160_r1c2.jpg,TP,2,9,0.9564404561600299,5132,5333,59.145394003461476,61.46188351918551
ZAINA-679-B_001_jpg.rf.42f7c9c2b999e82410968535976ef160_r1c2.jpg,TP,1,0,0.930159497341711,19894,20041,229.27483793937307,230.96898698818617
ZAINA-679-B_001_jpg.rf.42f7c9c2b999e82410968535976ef160_r1c2.jpg,TP,3,14,0.8913737100807727,32611,33188,375.83601789689834,382.48584103407626
ZAINA-679-B_001_jpg.rf.42f7c9c2b999e82410968535976ef160_r1c2.jpg,TP,0,13,0.890805571559291,28430,27362,327.6507310051461,315.34221954846316
ZAINA-679-B_001_jpg.rf.42f7c9c2b999e82410968535976ef160_r1c2.jpg,TP,5,3,0.8891703609879671,9925,10956,114.38387285353764,126.26596584215197
ZAINA-679-B_001_jpg.rf.42f7c9c2b999e82410968535976ef160_r1c2.jpg,TP,11,1,0.8460331982747353,13570,14678,156.39185437002575,169.16135876516125
ZAINA-679-B_001_jpg.rf.42f7c9c2b999e82410968535976ef160_r1c2.jpg,TP,7,5,0.8199647975861202,3263,3975,37.60549895426633,45.811173258721624
ZAINA-679-B_001_jpg.rf.42f7c9c2b999e82410968535976ef160_r1c2.jpg,TP,6,4,0.8020123839009288,5213,6428,60.07890470382788,74.08156520932393
ZAINA-679-B_001_jpg.rf.42f7c9c2b999e82410968535976ef160_r1c2.jpg,TP,10,6,0.7852925389157274,5401,4577,62.24557151455484,52.74911698243242
ZAINA-679-B_001_jpg.rf.42f7c9c2b999e82410968535976ef160_r1c2.jpg,TP,9,8,0.7679083094555874,553,681,6.373227374106429,7.848404777154572
ZAINA-679-B_001_jpg.rf.42f7c9c2b999e82410968535976ef160_r1c2.jpg,TP,13,10,0.7367905381762194,56062,43206,646.104652888164,497.9415224695161
ZAINA-679-B_001_jpg.rf.42f7c9c2b999e82410968535976ef160_r1c2.jpg,TP,20,7,0.7163636363636363,2607,2113,30.045214763644598,24.35195197375567
ZAINA-679-B_001_jpg.rf.42f7c9c2b999e82410968535976ef160_r1c2.jpg,TP,4,2,0.7009873060648801,17004,11940,195.96809813617674,137.60639212808456
ZAINA-679-B_001_jpg.rf.42f7c9c2b999e82410968535976ef160_r1c2.jpg,TP,8,12,0.5842423951174972,37030,28903,426.7642127724432,333.10197250234745
ZAINA-679-B_001_jpg.rf.42f7c9c2b999e82410968535976ef160_r1c2.jpg,FP,12,-1,0.0,0,10438,0.0,120.29610728919153
ZAINA-679-B_001_jpg.rf.42f7c9c2b999e82410968535976ef160_r1c2.jpg,FP,14,-1,0.0,0,7790,0.0,89.77837476363307
ZAINA-679-B_001_jpg.rf.42f7c9c2b999e82410968535976ef160_r1c2.jpg,FP,15,-1,0.0,0,620,0.0,7.145390546014442
ZAINA-679-B_001_jpg.rf.42f7c9c2b999e82410968535976ef160_r1c2.jpg,FP,16,-1,0.0,0,5477,0.0,63.12145809761467
ZAINA-679-B_001_jpg.rf.42f7c9c2b999e82410968535976ef160_r1c2.jpg,FP,17,-1,0.0,0,4198,0.0,48.38120889059456
ZAINA-679-B_001_jpg.rf.42f7c9c2b999e82410968535976ef160_r1c2.jpg,FP,18,-1,0.0,0,3358,0.0,38.70035718309112
ZAINA-679-B_001_jpg.rf.42f7c9c2b999e82410968535976ef160_r1c2.jpg,FP,19,-1,0.0,0,14244,0.0,164.15958538295115
ZAINA-679-B_001_jpg.rf.42f7c9c2b999e82410968535976ef160_r1c2.jpg,FN,-1,11,0.0,49756,0,573.4291161411203,0.0
ZAINA-679-B_001_jpg.rf.42f7c9c2b999e82410968535976ef160_r2c0.jpg,TP,7,3,0.929289170078154,5007,5361,57.70479107079728,61.78457857610229
ZAINA-679-B_001_jpg.rf.42f7c9c2b999e82410968535976ef160_r2c0.jpg,TP,2,8,0.8934499375334642,5059,5550,58.30408189078558,63.962770210290564
ZAINA-679-B_001_jpg.rf.42f7c9c2b999e82410968535976ef160_r2c0.jpg,TP,30,21,0.892879835544758,23899,26745,275.4317559019341,308.23140347283265
ZAINA-679-B_001_jpg.rf.42f7c9c2b999e82410968535976ef160_r2c0.jpg,TP,8,6,0.887331816955164,46737,51174,538.6356741114145,589.771315809263
ZAINA-679-B_001_jpg.rf.42f7c9c2b999e82410968535976ef160_r2c0.jpg,TP,5,19,0.8745071641503991,18188,20798,209.61348911437204,239.69327834840058
ZAINA-679-B_001_jpg.rf.42f7c9c2b999e82410968535976ef160_r2c0.jpg,TP,1,24,0.8729433272394881,6696,7647,77.17021789695598,88.13032500866522
ZAINA-679-B_001_jpg.rf.42f7c9c2b999e82410968535976ef160_r2c0.jpg,TP,6,22,0.8619305856832972,16007,18327,184.47784914524703,211.21543957549463
ZAINA-679-B_001_jpg.rf.42f7c9c2b999e82410968535976ef160_r2c0.jpg,TP,27,13,0.8612606355270012,4972,5747,57.301422249651296,66.23316043216936
ZAINA-679-B_001_jpg.rf.42f7c9c2b999e82410968535976ef160_r2c0.jpg,TP,21,20,0.860624725032996,9978,11168,114.99468849698725,128.70922841595046
ZAINA-679-B_001_jpg.rf.42f7c9c2b999e82410968535976ef160_r2c0.jpg,TP,10,18,0.8577524893314367,7858,9120,90.56206275900239,105.10638996718018
ZAINA-679-B_001_jpg.rf.42f7c9c2b999e82410968535976ef160_r2c0.jpg,TP,14,12,0.8388516746411483,8810,10406,101.53369469417295,119.92731293842948
ZAINA-679-B_001_jpg.rf.42f7c9c2b999e82410968535976ef160_r2c0.jpg,TP,13,17,0.8322553724181098,3991,4791,45.99557043410264,55.21542920315353
ZAINA-679-B_001_jpg.rf.42f7c9c2b999e82410968535976ef160_r2c0.jpg,TP,34,15,0.831002119285498,14939,15300,172.1693376885641,176.3297989580983
ZAINA-679-B_001_jpg.rf.42f7c9c2b999e82410968535976ef160_r2c0.jpg,TP,9,7,0.8234084019055868,8207,8634,94.58422614700085,99.50532576498176
ZAINA-679-B_001_jpg.rf.42f7c9c2b999e82410968535976ef160_r2c0.jpg,TP,23,11,0.8033213936828395,5780,5296,66.6134796063927,61.03546505111691
ZAINA-679-B_001_jpg.rf.42f7c9c2b999e82410968535976ef160_r2c0.jpg,TP,32,1,0.801980198019802,15143,17435,174.5204016746721,200.9352970480029
ZAINA-679-B_001_jpg.rf.42f7c9c2b999e82410968535976ef160_r2c0.jpg,TP,0,2,0.7741288086115672,9465,9983,109.08245406133338,115.05231261429383
ZAINA-679-B_001_jpg.rf.42f7c9c2b999e82410968535976ef160_r2c0.jpg,TP,3,4,0.7479287489643744,3611,4828,41.61613751880347,55.64184767122214
ZAINA-679-B_001_jpg.rf.42f7c9c2b999e82410968535976ef160_r2c0.jpg,TP,29,23,0.7071380920613742,1174,1385,13.530142743582186,15.961880493919358
ZAINA-679-B_001_jpg.rf.42f7c9c2b999e82410968535976ef160_r2c0.jpg,TP,4,9,0.7055778059978509,14446,20474,166.48759972213648,235.95923554693496
ZAINA-679-B_001_jpg.rf.42f7c9c2b999e82410968535976ef160_r2c0.jpg,TP,25,5,0.6665698518733663,2295,3443,26.44946984371475,39.67996717730278
ZAINA-679-B_001_jpg.rf.42f7c9c2b999e82410968535976ef160_r2c0.jpg,TP,28,14,0.6301271460383593,9127,13566,105.18706373140937,156.34575507618052
ZAINA-679-B_001_jpg.rf.42f7c9c2b999e82410968535976ef160_r2c0.jpg,FP,11,-1,0.0,0,12748,0.0,146.91844948482597
ZAINA-679-B_001_jpg.rf.42f7c9c2b999e82410968535976ef160_r2c0.jpg,FP,12,-1,0.0,0,16673,0.0,192.1533815704819
ZAINA-679-B_001_jpg.rf.42f7c9c2b999e82410968535976ef160_r2c0.jpg,FP,15,-1,0.0,0,4412,0.0,50.84752111131567
ZAINA-679-B_001_jpg.rf.42f7c9c2b999e82410968535976ef160_r2c0.jpg,FP,16,-1,0.0,0,11775,0.0,135.70479625696782
ZAINA-679-B_001_jpg.rf.42f7c9c2b999e82410968535976ef160_r2c0.jpg,FP,17,-1,0.0,0,8611,0.0,99.24025482537155
ZAINA-679-B_001_jpg.rf.42f7c9c2b999e82410968535976ef160_r2c0.jpg,FP,18,-1,0.0,0,16204,0.0,186.74823936712582
ZAINA-679-B_001_jpg.rf.42f7c9c2b999e82410968535976ef160_r2c0.jpg,FP,19,-1,0.0,0,6760,0.0,77.90780659848004
ZAINA-679-B_001_jpg.rf.42f7c9c2b999e82410968535976ef160_r2c0.jpg,FP,20,-1,0.0,0,3796,0.0,43.748229859146484
ZAINA-679-B_001_jpg.rf.42f7c9c2b999e82410968535976ef160_r2c0.jpg,FP,22,-1,0.0,0,1825,0.0,21.032802816897348
ZAINA-679-B_001_jpg.rf.42f7c9c2b999e82410968535976ef160_r2c0.jpg,FP,24,-1,0.0,0,12770,0.0,147.17199560097487
ZAINA-679-B_001_jpg.rf.42f7c9c2b999e82410968535976ef160_r2c0.jpg,FP,26,-1,0.0,0,10602,0.0,122.18617833684695
ZAINA-679-B_001_jpg.rf.42f7c9c2b999e82410968535976ef160_r2c0.jpg,FP,31,-1,0.0,0,8241,0.0,94.97607014468551
ZAINA-679-B_001_jpg.rf.42f7c9c2b999e82410968535976ef160_r2c0.jpg,FP,33,-1,0.0,0,13365,0.0,154.02926556045648
ZAINA-679-B_001_jpg.rf.42f7c9c2b999e82410968535976ef160_r2c0.jpg,FP,35,-1,0.0,0,5930,0.0,68.34220312558975
ZAINA-679-B_001_jpg.rf.42f7c9c2b999e82410968535976ef160_r2c0.jpg,FN,-1,0,0.0,33764,0,389.12413934779295,0.0
ZAINA-679-B_001_jpg.rf.42f7c9c2b999e82410968535976ef160_r2c0.jpg,FN,-1,10,0.0,45896,0,528.9432975804497,0.0
ZAINA-679-B_001_jpg.rf.42f7c9c2b999e82410968535976ef160_r2c0.jpg,FN,-1,16,0.0,10524,0,121.2872421068645,0.0
ZAINA-679-B_001_jpg.rf.42f7c9c2b999e82410968535976ef160_r2c1.jpg,TP,14,8,0.901719104768083,15265,14050,175.92643013695235,161.9237696314563
ZAINA-679-B_001_jpg.rf.42f7c9c2b999e82410968535976ef160_r2c1.jpg,TP,1,28,0.900803646395586,22686,24855,261.4521450433607,286.44948713094993
ZAINA-679-B_001_jpg.rf.42f7c9c2b999e82410968535976ef160_r2c1.jpg,TP,8,5,0.8928071292170592,21824,22780,251.51774721970835,262.5354784487242
ZAINA-679-B_001_jpg.rf.42f7c9c2b999e82410968535976ef160_r2c1.jpg,TP,11,24,0.8755695758850333,5456,5246,62.87943680492709,60.459223878051226
ZAINA-679-B_001_jpg.rf.42f7c9c2b999e82410968535976ef160_r2c1.jpg,TP,19,3,0.8710350584307178,6596,6853,76.01773555082461,78.97961518038221
ZAINA-679-B_001_jpg.rf.42f7c9c2b999e82410968535976ef160_r2c1.jpg,TP,29,11,0.8698527981324168,14234,14601,164.044337148338,168.2739473586401
ZAINA-679-B_001_jpg.rf.42f7c9c2b999e82410968535976ef160_r2c1.jpg,TP,16,7,0.8693617444986558,8856,9918,102.06383657339339,114.30319908930844
ZAINA-679-B_001_jpg.rf.42f7c9c2b999e82410968535976ef160_r2c1.jpg,TP,3,22,0.8587762669962917,8692,9353,100.17376552573795,107.79167383366625
ZAINA-679-B_001_jpg.rf.42f7c9c2b999e82410968535976ef160_r2c1.jpg,TP,12,6,0.8580323785803238,3623,3837,41.75443540033923,44.22074762106034
ZAINA-679-B_001_jpg.rf.42f7c9c2b999e82410968535976ef160_r2c1.jpg,TP,0,2,0.8536575141479774,23035,21184,265.47430843135913,244.14186020446763
ZAINA-679-B_001_jpg.rf.42f7c9c2b999e82410968535976ef160_r2c1.jpg,TP,6,15,0.8528946535906359,2710,3147,31.2322715801599,36.26861943275395
ZAINA-679-B_001_jpg.rf.42f7c9c2b999e82410968535976ef160_r2c1.jpg,TP,5,16,0.8448275862068966,3724,4408,42.918442569931905,50.80142181747042
ZAINA-679-B_001_jpg.rf.42f7c9c2b999e82410968535976ef160_r2c1.jpg,TP,26,19,0.8351568198395332,2578,2454,29.7109948832665,28.281916774063614
ZAINA-679-B_001_jpg.rf.42f7c9c2b999e82410968535976ef160_r2c1.jpg,TP,32,1,0.8305220883534137,8919,9313,102.78990045145613,107.3306808952137
ZAINA-679-B_001_jpg.rf.42f7c9c2b999e82410968535976ef160_r2c1.jpg,TP,17,14,0.8303777949113339,4328,5168,49.87943594056533,59.560287648068766
ZAINA-679-B_001_jpg.rf.42f7c9c2b999e82410968535976ef160_r2c1.jpg,TP,21,29,0.8141882673942701,3150,3499,36.30319390313789,40.32535729113634
ZAINA-679-B_001_jpg.rf.42f7c9c2b999e82410968535976ef160_r2c1.jpg,TP,2,23,0.8025854778301317,6645,8275,76.58245190042898,95.36791414237017
ZAINA-679-B_001_jpg.rf.42f7c9c2b999e82410968535976ef160_r2c1.jpg,TP,22,13,0.8019869818430969,2569,2691,29.60727147211468,31.01329993439494
ZAINA-679-B_001_jpg.rf.42f7c9c2b999e82410968535976ef160_r2c1.jpg,TP,4,10,0.7964465044418695,4160,5142,47.943265599064645,59.26064223807461
ZAINA-679-B_001_jpg.rf.42f7c9c2b999e82410968535976ef160_r2c1.jpg,TP,23,30,0.7798934968533161,5981,5049,68.92996912211673,58.18883365617245
ZAINA-679-B_001_jpg.rf.42f7c9c2b999e82410968535976ef160_r2c1.jpg,TP,18,4,0.7712504495863806,8018,6756,92.40603451281257,77.86170730463479
ZAINA-679-B_001_jpg.rf.42f7c9c2b999e82410968535976ef160_r2c1.jpg,TP,20,9,0.7478485370051635,1824,2238,21.021277993436037,25.792554906419873
ZAINA-679-B_001_jpg.rf.42f7c9c2b999e82410968535976ef160_r2c1.jpg,TP,7,25,0.7190988702453373,14279,11437,164.5629542040971,131.80940592704383
ZAINA-679-B_001_jpg.rf.42f7c9c2b999e82410968535976ef160_r2c1.jpg,TP,9,21,0.6769638128861429,4602,6798,53.03723756896526,78.34574989000996
ZAINA-679-B_001_jpg.rf.42f7c9c2b999e82410968535976ef160_r2c1.jpg,TP,27,12,0.6499937003905758,5159,7937,59.45656423691695,91.47252381244617
ZAINA-679-B_001_jpg.rf.42f7c9c2b999e82410968535976ef160_r2c1.jpg,TP,30,17,0.5106612685560054,1910,3687,22.012412811109005,42.4920241018633
ZAINA-679-B_001_jpg.rf.42f7c9c2b999e82410968535976ef160_r2c1.jpg,TP,10,18,0.5045719035743973,15172,8358,174.8546215550502,96.3244744896592
ZAINA-679-B_001_jpg.rf.42f7c9c2b999e82410968535976ef160_r2c1.jpg,FP,13,-1,0.0,0,3786,0.0,43.63298162453335
ZAINA-679-B_001_jpg.rf.42f7c9c2b999e82410968535976ef160_r2c1.jpg,FP,15,-1,0.0,0,2851,0.0,32.85727168820512
ZAINA-679-B_001_jpg.rf.42f7c9c2b999e82410968535976ef160_r2c1.jpg,FP,24,-1,0.0,0,1976,0.0,22.773051159555706
ZAINA-679-B_001_jpg.rf.42f7c9c2b999e82410968535976ef160_r2c1.jpg,FP,25,-1,0.0,0,3653,0.0,42.10018010417864
ZAINA-679-B_001_jpg.rf.42f7c9c2b999e82410968535976ef160_r2c1.jpg,FP,28,-1,0.0,0,4110,0.0,47.36702442599896
ZAINA-679-B_001_jpg.rf.42f7c9c2b999e82410968535976ef160_r2c1.jpg,FP,31,-1,0.0,0,3582,0.0,41.28191763842537
ZAINA-679-B_001_jpg.rf.42f7c9c2b999e82410968535976ef160_r2c1.jpg,FN,-1,0,0.0,10722,0,123.56915715220458,0.0
ZAINA-679-B_001_jpg.rf.42f7c9c2b999e82410968535976ef160_r2c1.jpg,FN,-1,20,0.0,2159,0,24.882093852976098,0.0
ZAINA-679-B_001_jpg.rf.42f7c9c2b999e82410968535976ef160_r2c1.jpg,FN,-1,26,0.0,44895,0,517.4069492956747,0.0
ZAINA-679-B_001_jpg.rf.42f7c9c2b999e82410968535976ef160_r2c1.jpg,FN,-1,27,0.0,27686,0,319.07626234992875,0.0
ZAINA-679-B_001_jpg.rf.42f7c9c2b999e82410968535976ef160_r2c1.jpg,FN,-1,31,0.0,5213,0,60.07890470382788,0.0
ZAINA-679-B_001_jpg.rf.42f7c9c2b999e82410968535976ef160_r2c2.jpg,TP,6,14,0.9385749385749386,5071,5186,58.442379772321345,59.76773447037241
ZAINA-679-B_001_jpg.rf.42f7c9c2b999e82410968535976ef160_r2c2.jpg,TP,1,1,0.9187181663837012,13752,13371,158.48937223998485,154.09841450122437
ZAINA-679-B_001_jpg.rf.42f7c9c2b999e82410968535976ef160_r2c2.jpg,TP,20,17,0.91748325477549,31575,30260,363.8963007909774,348.74115793935
ZAINA-679-B_001_jpg.rf.42f7c9c2b999e82410968535976ef160_r2c2.jpg,TP,12,11,0.9128805778707891,28807,27864,331.99558945006135,321.1276809260426
ZAINA-679-B_001_jpg.rf.42f7c9c2b999e82410968535976ef160_r2c2.jpg,TP,4,8,0.8867077958496915,5144,4948,59.28369188499724,57.02482648657977
ZAINA-679-B_001_jpg.rf.42f7c9c2b999e82410968535976ef160_r2c2.jpg,TP,2,16,0.8698151950718686,4711,4395,54.29344332624844,50.65159911247334
ZAINA-679-B_001_jpg.rf.42f7c9c2b999e82410968535976ef160_r2c2.jpg,TP,0,13,0.8683900466016002,52000,54246,599.290819988308,625.1755734824184
ZAINA-679-B_001_jpg.rf.42f7c9c2b999e82410968535976ef160_r2c2.jpg,TP,3,6,0.8534531162268388,1548,1753,17.840426718113477,20.20301552768277
ZAINA-679-B_001_jpg.rf.42f7c9c2b999e82410968535976ef160_r2c2.jpg,TP,7,0,0.8479591836734693,880,931,10.141844645955981,10.729610642482976
ZAINA-679-B_001_jpg.rf.42f7c9c2b999e82410968535976ef160_r2c2.jpg,TP,9,12,0.7979149959903769,2012,2472,23.187944804162996,28.48936359636726
ZAINA-679-B_001_jpg.rf.42f7c9c2b999e82410968535976ef160_r2c2.jpg,TP,10,4,0.7971665514858327,2329,2872,26.841313841399412,33.099292980892706
ZAINA-679-B_001_jpg.rf.42f7c9c2b999e82410968535976ef160_r2c2.jpg,TP,15,15,0.6862904042962813,17970,15314,207.10107759980568,176.49114648655672
ZAINA-679-B_001_jpg.rf.42f7c9c2b999e82410968535976ef160_r2c2.jpg,TP,8,2,0.5601653007684628,40287,26914,464.3005627859416,310.17909863779465
ZAINA-679-B_001_jpg.rf.42f7c9c2b999e82410968535976ef160_r2c2.jpg,FP,5,-1,0.0,0,13749,0.0,158.4547977696009
ZAINA-679-B_001_jpg.rf.42f7c9c2b999e82410968535976ef160_r2c2.jpg,FP,11,-1,0.0,0,2495,0.0,28.75443453597747
ZAINA-679-B_001_jpg.rf.42f7c9c2b999e82410968535976ef160_r2c2.jpg,FP,13,-1,0.0,0,3207,0.0,36.96010884043277
ZAINA-679-B_001_jpg.rf.42f7c9c2b999e82410968535976ef160_r2c2.jpg,FP,14,-1,0.0,0,24113,0.0,277.8980681226552
ZAINA-679-B_001_jpg.rf.42f7c9c2b999e82410968535976ef160_r2c2.jpg,FP,16,-1,0.0,0,4923,0.0,56.73670590004693
ZAINA-679-B_001_jpg.rf.42f7c9c2b999e82410968535976ef160_r2c2.jpg,FP,17,-1,0.0,0,1347,0.0,15.52393720238944
ZAINA-679-B_001_jpg.rf.42f7c9c2b999e82410968535976ef160_r2c2.jpg,FP,18,-1,0.0,0,22336,0.0,257.4184568319009
ZAINA-679-B_001_jpg.rf.42f7c9c2b999e82410968535976ef160_r2c2.jpg,FP,19,-1,0.0,0,3650,0.0,42.065605633794696
ZAINA-679-B_001_jpg.rf.42f7c9c2b999e82410968535976ef160_r2c2.jpg,FN,-1,3,0.0,10813,0,124.61791608718413,0.0
ZAINA-679-B_001_jpg.rf.42f7c9c2b999e82410968535976ef160_r2c2.jpg,FN,-1,5,0.0,22034,0,253.9379601465842,0.0
ZAINA-679-B_001_jpg.rf.42f7c9c2b999e82410968535976ef160_r2c2.jpg,FN,-1,7,0.0,33240,0,383.08513185406457,0.0
ZAINA-679-B_001_jpg.rf.42f7c9c2b999e82410968535976ef160_r2c2.jpg,FN,-1,9,0.0,57780,0,665.9042995947008,0.0
ZAINA-679-B_001_jpg.rf.42f7c9c2b999e82410968535976ef160_r2c2.jpg,FN,-1,10,0.0,23136,0,266.63831560095184,0.0
ZAINA-679-B_011_jpg.rf.c763cf36a3a341bfed1f7851c1c77278_r0c0.jpg,TP,1,24,0.933758850032182,17682,18371,203.78192844294736,211.72253180779245
ZAINA-679-B_011_jpg.rf.c763cf36a3a341bfed1f7851c1c77278_r0c0.jpg,TP,10,1,0.9260001178342073,15786,16904,181.93086316029675,194.81561579004537
ZAINA-679-B_011_jpg.rf.c763cf36a3a341bfed1f7851c1c77278_r0c0.jpg,TP,3,23,0.9221337922133792,13592,13216,156.64540048617468,152.31206686472075
ZAINA-679-B_011_jpg.rf.c763cf36a3a341bfed1f7851c1c77278_r0c0.jpg,TP,9,25,0.9152337452982268,6850,7407,78.94504070999827,85.36436737794995
ZAINA-679-B_011_jpg.rf.c763cf36a3a341bfed1f7851c1c77278_r0c0.jpg,TP,2,5,0.9124031602362507,11949,12983,137.7101155392364,149.62678299823466
ZAINA-679-B_011_jpg.rf.c763cf36a3a341bfed1f7851c1c77278_r0c0.jpg,TP,12,13,0.9078608721229502,37182,40653,428.51598593856284,468.51864817278243
ZAINA-679-B_011_jpg.rf.c763cf36a3a341bfed1f7851c1c77278_r0c0.jpg,TP,6,9,0.9011986156832954,21688,23359,249.9503712289697,269.2083512328247
ZAINA-679-B_011_jpg.rf.c763cf36a3a341bfed1f7851c1c77278_r0c0.jpg,TP,4,21,0.898022717711401,10732,11826,123.68440538681773,136.29256225349482
ZAINA-679-B_011_jpg.rf.c763cf36a3a341bfed1f7851c1c77278_r0c0.jpg,TP,30,29,0.8797322253000923,7712,8574,88.8794385336506,98.81383635730295
ZAINA-679-B_011_jpg.rf.c763cf36a3a341bfed1f7851c1c77278_r0c0.jpg,TP,31,26,0.869553450608931,6427,7389,74.07004038586261,85.15692055564631
ZAINA-679-B_011_jpg.rf.c763cf36a3a341bfed1f7851c1c77278_r0c0.jpg,TP,20,0,0.8630035270094673,4962,5074,57.18617401503816,58.47695424270529
ZAINA-679-B_011_jpg.rf.c763cf36a3a341bfed1f7851c1c77278_r0c0.jpg,TP,16,32,0.8607239546776296,8828,9729,101.7411415164766,112.12500745512017
ZAINA-679-B_011_jpg.rf.c763cf36a3a341bfed1f7851c1c77278_r0c0.jpg,TP,14,7,0.8596158141612688,7704,8947,88.7872399459601,103.11259550837292
ZAINA-679-B_011_jpg.rf.c763cf36a3a341bfed1f7851c1c77278_r0c0.jpg,TP,13,12,0.8541249722036913,3891,4447,44.84308808797128,51.25088993246165
ZAINA-679-B_011_jpg.rf.c763cf36a3a341bfed1f7851c1c77278_r0c0.jpg,TP,5,14,0.8539387642852777,14038,16298,161.78547174992053,187.83157277248932
ZAINA-679-B_011_jpg.rf.c763cf36a3a341bfed1f7851c1c77278_r0c0.jpg,TP,24,16,0.8484147025813692,12657,13694,145.86969054984644,157.82093247922865
ZAINA-679-B_011_jpg.rf.c763cf36a3a341bfed1f7851c1c77278_r0c0.jpg,TP,15,2,0.8406492069347105,2287,2703,26.35727125602424,31.151597815930703
ZAINA-679-B_011_jpg.rf.c763cf36a3a341bfed1f7851c1c77278_r0c0.jpg,TP,7,10,0.8389762192664248,8333,9917,96.03635390312635,114.29167426584712
ZAINA-679-B_011_jpg.rf.c763cf36a3a341bfed1f7851c1c77278_r0c0.jpg,TP,11,4,0.8336917562724014,3489,4185,40.21010905652321,48.23138618559748
ZAINA-679-B_011_jpg.rf.c763cf36a3a341bfed1f7851c1c77278_r0c0.jpg,TP,0,22,0.8262811825528283,16765,19620,193.21366532892276,226.11703631097313
ZAINA-679-B_011_jpg.rf.c763cf36a3a341bfed1f7851c1c77278_r0c0.jpg,TP,17,19,0.8116642958748221,5749,6987,66.25621007909197,80.52394152419824
ZAINA-679-B_011_jpg.rf.c763cf36a3a341bfed1f7851c1c77278_r0c0.jpg,TP,27,17,0.8036221590909091,2633,2446,30.34486017363875,28.189718186373103
ZAINA-679-B_011_jpg.rf.c763cf36a3a341bfed1f7851c1c77278_r0c0.jpg,TP,22,11,0.7964135021097046,4530,5688,52.20745027975068,65.55319584795184
ZAINA-679-B_011_jpg.rf.c763cf36a3a341bfed1f7851c1c77278_r0c0.jpg,TP,25,33,0.7948946804712602,8906,11204,102.64007774645906,129.12412206055774
ZAINA-679-B_011_jpg.rf.c763cf36a3a341bfed1f7851c1c77278_r0c0.jpg,TP,18,6,0.7754549926217412,3153,4066,36.33776837352183,46.85993219370116
ZAINA-679-B_011_jpg.rf.c763cf36a3a341bfed1f7851c1c77278_r0c0.jpg,TP,21,20,0.7682465833091014,2642,3439,30.448583584790573,39.633867883457526
ZAINA-679-B_011_jpg.rf.c763cf36a3a341bfed1f7851c1c77278_r0c0.jpg,TP,8,8,0.7581446714522363,24714,32598,284.8244870229047,375.6861951919012
ZAINA-679-B_011_jpg.rf.c763cf36a3a341bfed1f7851c1c77278_r0c0.jpg,TP,19,15,0.7362776025236593,4669,6339,53.80940074087327,73.05585592126701
ZAINA-679-B_011_jpg.rf.c763cf36a3a341bfed1f7851c1c77278_r0c0.jpg,TP,23,3,0.6680478087649402,4192,6275,48.312059949826676,72.31826721974294
ZAINA-679-B_011_jpg.rf.c763cf36a3a341bfed1f7851c1c77278_r0c0.jpg,FP,26,-1,0.0,0,5128,0.0,59.099294709616224
ZAINA-679-B_011_jpg.rf.c763cf36a3a341bfed1f7851c1c77278_r0c0.jpg,FP,28,-1,0.0,0,13723,0.0,158.15515235960675
ZAINA-679-B_011_jpg.rf.c763cf36a3a341bfed1f7851c1c77278_r0c0.jpg,FP,29,-1,0.0,0,30053,0.0,346.3555194828581
ZAINA-679-B_011_jpg.rf.c763cf36a3a341bfed1f7851c1c77278_r0c0.jpg,FP,32,-1,0.0,0,25365,0.0,292.32714709621985
ZAINA-679-B_011_jpg.rf.c763cf36a3a341bfed1f7851c1c77278_r0c0.jpg,FN,-1,18,0.0,6849,0,78.93351588653695,0.0
ZAINA-679-B_011_jpg.rf.c763cf36a3a341bfed1f7851c1c77278_r0c0.jpg,FN,-1,27,0.0,3864,0,44.53191785451581,0.0
ZAINA-679-B_011_jpg.rf.c763cf36a3a341bfed1f7851c1c77278_r0c0.jpg,FN,-1,28,0.0,2275,0,26.218973374488478,0.0
ZAINA-679-B_011_jpg.rf.c763cf36a3a341bfed1f7851c1c77278_r0c0.jpg,FN,-1,30,0.0,11662,0,134.4024912058394,0.0
ZAINA-679-B_011_jpg.rf.c763cf36a3a341bfed1f7851c1c77278_r0c0.jpg,FN,-1,31,0.0,2772,0,31.94681063476134,0.0
ZAINA-679-B_011_jpg.rf.c763cf36a3a341bfed1f7851c1c77278_r0c1.jpg,TP,1,1,0.9595440680687108,6076,6130,70.02482735094154,70.64716781785246
ZAINA-679-B_011_jpg.rf.c763cf36a3a341bfed1f7851c1c77278_r0c1.jpg,TP,20,26,0.9181632734690612,23436,24520,270.0957626393459,282.58867127140985
ZAINA-679-B_011_jpg.rf.c763cf36a3a341bfed1f7851c1c77278_r0c1.jpg,TP,0,25,0.9167309175019275,16646,18158,191.84221133702644,209.26774441053263
ZAINA-679-B_011_jpg.rf.c763cf36a3a341bfed1f7851c1c77278_r0c1.jpg,TP,2,8,0.9141564135200113,6581,6954,75.8448631989049,80.14362234997489
ZAINA-679-B_011_jpg.rf.c763cf36a3a341bfed1f7851c1c77278_r0c1.jpg,TP,25,4,0.9066100667070952,1543,1601,17.78280260080691,18.4512423615631
ZAINA-679-B_011_jpg.rf.c763cf36a3a341bfed1f7851c1c77278_r0c1.jpg,TP,13,5,0.8946651090342679,4894,4837,56.402486019668835,55.74557108237396
ZAINA-679-B_011_jpg.rf.c763cf36a3a341bfed1f7851c1c77278_r0c1.jpg,TP,9,11,0.8887181738366988,4102,4503,47.27482583830845,51.89628004629521
ZAINA-679-B_011_jpg.rf.c763cf36a3a341bfed1f7851c1c77278_r0c1.jpg,TP,3,15,0.8780107973421927,8796,9293,101.37234716571456,107.10018442598744
ZAINA-679-B_011_jpg.rf.c763cf36a3a341bfed1f7851c1c77278_r0c1.jpg,TP,15,30,0.8772396920198604,12870,13218,148.32447794710623,152.33511651164338
ZAINA-679-B_011_jpg.rf.c763cf36a3a341bfed1f7851c1c77278_r0c1.jpg,TP,6,23,0.8696911196911197,7293,8203,84.0505375033602,94.53812685315559
ZAINA-679-B_011_jpg.rf.c763cf36a3a341bfed1f7851c1c77278_r0c1.jpg,TP,17,28,0.856467728868485,6594,7155,75.99468590390198,82.46011186569892
ZAINA-679-B_011_jpg.rf.c763cf36a3a341bfed1f7851c1c77278_r0c1.jpg,TP,27,6,0.8499660556687033,2525,2925,29.100179239816878,33.710108624342325
ZAINA-679-B_011_jpg.rf.c763cf36a3a341bfed1f7851c1c77278_r0c1.jpg,TP,7,20,0.8443643512450852,2584,3045,29.780143824034383,35.09308743969996
ZAINA-679-B_011_jpg.rf.c763cf36a3a341bfed1f7851c1c77278_r0c1.jpg,TP,22,10,0.836620145631068,5554,6553,64.00886950413582,75.52216814198812
ZAINA-679-B_011_jpg.rf.c763cf36a3a341bfed1f7851c1c77278_r0c1.jpg,TP,28,2,0.8302516520926507,14348,13071,165.35816702292777,150.64096746283028
ZAINA-679-B_011_jpg.rf.c763cf36a3a341bfed1f7851c1c77278_r0c1.jpg,TP,10,19,0.8261748357756442,5518,5324,63.593975859528534,61.358160108033694
ZAINA-679-B_011_jpg.rf.c763cf36a3a341bfed1f7851c1c77278_r0c1.jpg,TP,5,16,0.8246624022743426,13237,12436,152.55408815740833,143.32270456489613
ZAINA-679-B_011_jpg.rf.c763cf36a3a341bfed1f7851c1c77278_r0c1.jpg,TP,11,13,0.799184043517679,3914,4024,45.10815902758149,46.37588960832599
ZAINA-679-B_011_jpg.rf.c763cf36a3a341bfed1f7851c1c77278_r0c1.jpg,TP,8,17,0.7983286908077994,8647,10721,99.65514846997884,123.55763232874328
ZAINA-679-B_011_jpg.rf.c763cf36a3a341bfed1f7851c1c77278_r0c1.jpg,TP,19,27,0.7771093397503384,5707,6109,65.77216749371681,70.40514652516488
ZAINA-679-B_011_jpg.rf.c763cf36a3a341bfed1f7851c1c77278_r0c1.jpg,TP,4,7,0.7523233515267739,6693,5186,77.13564342657203,59.76773447037241
ZAINA-679-B_011_jpg.rf.c763cf36a3a341bfed1f7851c1c77278_r0c1.jpg,TP,16,18,0.6347677156925712,18570,11974,214.01597167659384,137.99823612576924
ZAINA-679-B_011_jpg.rf.c763cf36a3a341bfed1f7851c1c77278_r0c1.jpg,TP,24,3,0.6257156119449172,4044,6463,46.606386077552266,74.4849340304699
ZAINA-679-B_011_jpg.rf.c763cf36a3a341bfed1f7851c1c77278_r0c1.jpg,TP,29,21,0.6178116114830781,9891,7748,113.99202885585298,89.29433217825789
ZAINA-679-B_011_jpg.rf.c763cf36a3a341bfed1f7851c1c77278_r0c1.jpg,TP,21,9,0.5691070693371437,40130,24660,462.4911655025154,284.20214655599375
ZAINA-679-B_011_jpg.rf.c763cf36a3a341bfed1f7851c1c77278_r0c1.jpg,TP,18,12,0.5297405886977029,10743,6771,123.81117844489218,78.0345796565545
ZAINA-679-B_011_jpg.rf.c763cf36a3a341bfed1f7851c1c77278_r0c1.jpg,FP,12,-1,0.0,0,4663,0.0,53.74025180010539
ZAINA-679-B_011_jpg.rf.c763cf36a3a341bfed1f7851c1c77278_r0c1.jpg,FP,14,-1,0.0,0,9356,0.0,107.8262483040502
ZAINA-679-B_011_jpg.rf.c763cf36a3a341bfed1f7851c1c77278_r0c1.jpg,FP,23,-1,0.0,0,17835,0.0,205.54522643252832
ZAINA-679-B_011_jpg.rf.c763cf36a3a341bfed1f7851c1c77278_r0c1.jpg,FP,26,-1,0.0,0,10332,0.0,119.07447600229227
ZAINA-679-B_011_jpg.rf.c763cf36a3a341bfed1f7851c1c77278_r0c1.jpg,FP,30,-1,0.0,0,13742,0.0,158.3741240053717
ZAINA-679-B_011_jpg.rf.c763cf36a3a341bfed1f7851c1c77278_r0c1.jpg,FP,31,-1,0.0,0,10294,0.0,118.63653271076237
ZAINA-679-B_011_jpg.rf.c763cf36a3a341bfed1f7851c1c77278_r0c1.jpg,FN,-1,0,0.0,8473,0,97.64982918771027,0.0
ZAINA-679-B_011_jpg.rf.c763cf36a3a341bfed1f7851c1c77278_r0c1.jpg,FN,-1,14,0.0,6403,0,73.79344462279109,0.0
ZAINA-679-B_011_jpg.rf.c763cf36a3a341bfed1f7851c1c77278_r0c1.jpg,FN,-1,22,0.0,10392,0,119.7659654099711,0.0
ZAINA-679-B_011_jpg.rf.c763cf36a3a341bfed1f7851c1c77278_r0c1.jpg,FN,-1,24,0.0,1821,0,20.986703523052093,0.0
ZAINA-679-B_011_jpg.rf.c763cf36a3a341bfed1f7851c1c77278_r0c1.jpg,FN,-1,29,0.0,3757,0,43.29876174415526,0.0
ZAINA-679-B_011_jpg.rf.c763cf36a3a341bfed1f7851c1c77278_r0c2.jpg,TP,21,26,0.9224607497596924,6098,5902,70.27837346709043,68.01950806867296
ZAINA-679-B_011_jpg.rf.c763cf36a3a341bfed1f7851c1c77278_r0c2.jpg,TP,11,19,0.9057129024449286,7616,8129,87.7730554813645,93.68528991701838
ZAINA-679-B_011_jpg.rf.c763cf36a3a341bfed1f7851c1c77278_r0c2.jpg,TP,25,6,0.8878996014584923,11147,11117,128.46720712326288,128.12146241942347
ZAINA-679-B_011_jpg.rf.c763cf36a3a341bfed1f7851c1c77278_r0c2.jpg,TP,0,14,0.8694630265774724,14427,16593,166.26862807637153,191.23139569357681
ZAINA-679-B_011_jpg.rf.c763cf36a3a341bfed1f7851c1c77278_r0c2.jpg,TP,15,8,0.8640858999717435,3062,3535,35.289009438542294,40.74025093574363
ZAINA-679-B_011_jpg.rf.c763cf36a3a341bfed1f7851c1c77278_r0c2.jpg,TP,24,21,0.863808621506395,7836,7902,90.30851664285349,91.0691549913002
ZAINA-679-B_011_jpg.rf.c763cf36a3a341bfed1f7851c1c77278_r0c2.jpg,TP,4,12,0.8527475541739051,18918,21609,218.02661024113098,249.03991017552593
ZAINA-679-B_011_jpg.rf.c763cf36a3a341bfed1f7851c1c77278_r0c2.jpg,TP,20,25,0.8439757295579312,9396,9750,108.28724124250273,112.36702874780775
ZAINA-679-B_011_jpg.rf.c763cf36a3a341bfed1f7851c1c77278_r0c2.jpg,TP,6,22,0.8433529796987558,32964,37406,379.90428057874203,431.0975463938971
ZAINA-679-B_011_jpg.rf.c763cf36a3a341bfed1f7851c1c77278_r0c2.jpg,TP,22,27,0.8399175541051185,5007,5705,57.70479107079728,65.74911784679418
ZAINA-679-B_011_jpg.rf.c763cf36a3a341bfed1f7851c1c77278_r0c2.jpg,TP,5,7,0.8391091532060695,17387,20186,200.38210552185984,232.64008639007665
ZAINA-679-B_011_jpg.rf.c763cf36a3a341bfed1f7851c1c77278_r0c2.jpg,TP,17,1,0.8331791551032994,2819,3126,32.488477337443086,36.02659814006636
ZAINA-679-B_011_jpg.rf.c763cf36a3a341bfed1f7851c1c77278_r0c2.jpg,TP,1,16,0.831972496776966,7771,9281,89.55940311786811,106.96188654445167
ZAINA-679-B_011_jpg.rf.c763cf36a3a341bfed1f7851c1c77278_r0c2.jpg,TP,12,15,0.8293257897218294,1823,2057,21.009753169974722,23.706561859922108
ZAINA-679-B_011_jpg.rf.c763cf36a3a341bfed1f7851c1c77278_r0c2.jpg,TP,7,3,0.8281406762656254,32496,34924,374.5106631988473,402.49293456291673
ZAINA-679-B_011_jpg.rf.c763cf36a3a341bfed1f7851c1c77278_r0c2.jpg,TP,3,9,0.8275989641139475,4474,5406,51.56206016591712,62.303195631861406
ZAINA-679-B_011_jpg.rf.c763cf36a3a341bfed1f7851c1c77278_r0c2.jpg,TP,8,17,0.8162787494835422,5934,7254,68.38830241943499,83.60106938836897
ZAINA-679-B_011_jpg.rf.c763cf36a3a341bfed1f7851c1c77278_r0c2.jpg,TP,2,18,0.8059658268172604,2783,3453,32.07358369283579,39.79521541191591
ZAINA-679-B_011_jpg.rf.c763cf36a3a341bfed1f7851c1c77278_r0c2.jpg,TP,26,23,0.8017543859649123,2479,2656,28.570037360596455,30.60993111324896
ZAINA-679-B_011_jpg.rf.c763cf36a3a341bfed1f7851c1c77278_r0c2.jpg,TP,13,20,0.7677092916283349,1679,2164,19.35017859154556,24.939717970282665
ZAINA-679-B_011_jpg.rf.c763cf36a3a341bfed1f7851c1c77278_r0c2.jpg,TP,9,2,0.7635883368891598,7533,9826,86.81649513407547,113.24291533086759
ZAINA-679-B_011_jpg.rf.c763cf36a3a341bfed1f7851c1c77278_r0c2.jpg,TP,10,11,0.7492287299557766,65687,83433,757.0310787033075,961.5505958477789
ZAINA-679-B_011_jpg.rf.c763cf36a3a341bfed1f7851c1c77278_r0c2.jpg,TP,29,28,0.6710192237939789,4128,5086,47.57447124830261,58.61525212424105
ZAINA-679-B_011_jpg.rf.c763cf36a3a341bfed1f7851c1c77278_r0c2.jpg,TP,16,10,0.6395513448764021,5873,9183,67.68528818829486,105.83245384524294
ZAINA-679-B_011_jpg.rf.c763cf36a3a341bfed1f7851c1c77278_r0c2.jpg,TP,18,4,0.5283395423097392,7261,4226,83.68174315259816,48.70390394751134
ZAINA-679-B_011_jpg.rf.c763cf36a3a341bfed1f7851c1c77278_r0c2.jpg,TP,14,5,0.5158857811292378,27502,45068,316.95569483304706,519.400743754482
ZAINA-679-B_011_jpg.rf.c763cf36a3a341bfed1f7851c1c77278_r0c2.jpg,FP,19,-1,0.0,0,2362,0.0,27.22163301562276
ZAINA-679-B_011_jpg.rf.c763cf36a3a341bfed1f7851c1c77278_r0c2.jpg,FP,23,-1,0.0,0,1287,0.0,14.832447794710623
ZAINA-679-B_011_jpg.rf.c763cf36a3a341bfed1f7851c1c77278_r0c2.jpg,FP,27,-1,0.0,0,12090,0.0,139.3351156472816
ZAINA-679-B_011_jpg.rf.c763cf36a3a341bfed1f7851c1c77278_r0c2.jpg,FP,28,-1,0.0,0,31340,0.0,361.1879672775687
ZAINA-679-B_011_jpg.rf.c763cf36a3a341bfed1f7851c1c77278_r0c2.jpg,FN,-1,0,0.0,13760,0,158.58157082767536,0.0
ZAINA-679-B_011_jpg.rf.c763cf36a3a341bfed1f7851c1c77278_r0c2.jpg,FN,-1,13,0.0,13324,0,153.55674779854263,0.0
ZAINA-679-B_011_jpg.rf.c763cf36a3a341bfed1f7851c1c77278_r0c2.jpg,FN,-1,24,0.0,3542,0,40.82092469997283,0.0
ZAINA-679-B_011_jpg.rf.c763cf36a3a341bfed1f7851c1c77278_r1c0.jpg,TP,14,18,0.9369374739226322,16564,15932,190.89717581319874,183.61348738564854
ZAINA-679-B_011_jpg.rf.c763cf36a3a341bfed1f7851c1c77278_r1c0.jpg,TP,6,9,0.9238688467860542,10714,11524,123.47695856451408,132.8120655681781
ZAINA-679-B_011_jpg.rf.c763cf36a3a341bfed1f7851c1c77278_r1c0.jpg,TP,3,8,0.9122153209109731,11041,12049,127.24557583636363,138.86259788536776
ZAINA-679-B_011_jpg.rf.c763cf36a3a341bfed1f7851c1c77278_r1c0.jpg,TP,0,11,0.9103702964367701,9150,9990,105.45213467101958,115.13298637852303
ZAINA-679-B_011_jpg.rf.c763cf36a3a341bfed1f7851c1c77278_r1c0.jpg,TP,7,7,0.9090746054519369,15585,16350,179.6143736445727,188.4308635924776
ZAINA-679-B_011_jpg.rf.c763cf36a3a341bfed1f7851c1c77278_r1c0.jpg,TP,22,5,0.8784297171802449,11149,11101,128.4902567701855,127.93706524404244
ZAINA-679-B_011_jpg.rf.c763cf36a3a341bfed1f7851c1c77278_r1c0.jpg,TP,10,20,0.8637873754152824,3144,3588,36.23404496237001,41.35106657919325
ZAINA-679-B_011_jpg.rf.c763cf36a3a341bfed1f7851c1c77278_r1c0.jpg,TP,21,17,0.8517073170731707,3900,3692,44.9468114991231,42.54964821916987
ZAINA-679-B_011_jpg.rf.c763cf36a3a341bfed1f7851c1c77278_r1c0.jpg,TP,11,1,0.8479027268148788,11954,13730,137.76773965654297,158.23582612383595
ZAINA-679-B_011_jpg.rf.c763cf36a3a341bfed1f7851c1c77278_r1c0.jpg,TP,13,14,0.846486127263665,5144,5970,59.28369188499724,68.80319606404228
ZAINA-679-B_011_jpg.rf.c763cf36a3a341bfed1f7851c1c77278_r1c0.jpg,TP,1,22,0.8408694272568618,5332,6271,61.4503586957242,72.27216792589769
ZAINA-679-B_011_jpg.rf.c763cf36a3a341bfed1f7851c1c77278_r1c0.jpg,TP,23,4,0.8252654590880699,10636,12742,122.57802233453162,146.84930054405808
ZAINA-679-B_011_jpg.rf.c763cf36a3a341bfed1f7851c1c77278_r1c0.jpg,TP,4,13,0.8074429622241616,12953,16042,149.28103829439527,184.88121796639302
ZAINA-679-B_011_jpg.rf.c763cf36a3a341bfed1f7851c1c77278_r1c0.jpg,TP,8,25,0.8058727569331158,3956,4900,45.592201612956664,56.47163496043672
ZAINA-679-B_011_jpg.rf.c763cf36a3a341bfed1f7851c1c77278_r1c0.jpg,TP,2,23,0.8053560742070617,5421,6646,62.476067983781114,76.5939767238903
ZAINA-679-B_011_jpg.rf.c763cf36a3a341bfed1f7851c1c77278_r1c0.jpg,TP,5,19,0.8008917852855428,5787,4714,66.69415337062189,54.32801779663239
ZAINA-679-B_011_jpg.rf.c763cf36a3a341bfed1f7851c1c77278_r1c0.jpg,TP,19,21,0.7896756191140565,2640,2491,30.425533937867947,28.708335242132218
ZAINA-679-B_011_jpg.rf.c763cf36a3a341bfed1f7851c1c77278_r1c0.jpg,TP,26,26,0.7846367262007976,4821,5471,55.56117390699294,63.05230915684679
ZAINA-679-B_011_jpg.rf.c763cf36a3a341bfed1f7851c1c77278_r1c0.jpg,TP,12,16,0.7653136987996535,12394,16137,142.83866197952096,185.97607619521781
ZAINA-679-B_011_jpg.rf.c763cf36a3a341bfed1f7851c1c77278_r1c0.jpg,TP,9,12,0.7581699346405228,3132,4131,36.09574708083424,47.609045718686545
ZAINA-679-B_011_jpg.rf.c763cf36a3a341bfed1f7851c1c77278_r1c0.jpg,TP,15,10,0.74608,6169,4744,71.0966359328437,54.673762500471796
ZAINA-679-B_011_jpg.rf.c763cf36a3a341bfed1f7851c1c77278_r1c0.jpg,TP,25,15,0.5814118761844599,7954,12073,91.6684458112885,139.1391936484393
ZAINA-679-B_011_jpg.rf.c763cf36a3a341bfed1f7851c1c77278_r1c0.jpg,TP,16,27,0.5663316974370959,11699,8408,134.828909673908,96.90071566272488
ZAINA-679-B_011_jpg.rf.c763cf36a3a341bfed1f7851c1c77278_r1c0.jpg,FP,17,-1,0.0,0,5957,0.0,68.6533733590452
ZAINA-679-B_011_jpg.rf.c763cf36a3a341bfed1f7851c1c77278_r1c0.jpg,FP,18,-1,0.0,0,21708,0.0,250.18086769819598
ZAINA-679-B_011_jpg.rf.c763cf36a3a341bfed1f7851c1c77278_r1c0.jpg,FP,20,-1,0.0,0,5144,0.0,59.28369188499724
ZAINA-679-B_011_jpg.rf.c763cf36a3a341bfed1f7851c1c77278_r1c0.jpg,FP,24,-1,0.0,0,5767,0.0,66.46365690139562
ZAINA-679-B_011_jpg.rf.c763cf36a3a341bfed1f7851c1c77278_r1c0.jpg,FN,-1,0,0.0,12025,0,138.58600212229624,0.0
ZAINA-679-B_011_jpg.rf.c763cf36a3a341bfed1f7851c1c77278_r1c0.jpg,FN,-1,2,0.0,11489,0,132.40869674703214,0.0
ZAINA-679-B_011_jpg.rf.c763cf36a3a341bfed1f7851c1c77278_r1c0.jpg,FN,-1,3,0.0,8175,0,94.2154317962388,0.0
ZAINA-679-B_011_jpg.rf.c763cf36a3a341bfed1f7851c1c77278_r1c0.jpg,FN,-1,6,0.0,4430,0,51.05496793361932,0.0
ZAINA-679-B_011_jpg.rf.c763cf36a3a341bfed1f7851c1c77278_r1c0.jpg,FN,-1,24,0.0,5995,0,69.09131665057512,0.0
ZAINA-679-B_011_jpg.rf.c763cf36a3a341bfed1f7851c1c77278_r1c0.jpg,FN,-1,28,0.0,19332,0,222.79788715411482,0.0
ZAINA-679-B_011_jpg.rf.c763cf36a3a341bfed1f7851c1c77278_r1c1.jpg,TP,15,19,0.9448384554767534,1248,1220,14.382979679719393,14.06028462280261
ZAINA-679-B_011_jpg.rf.c763cf36a3a341bfed1f7851c1c77278_r1c1.jpg,TP,2,24,0.9323878776929678,41483,44087,478.08425164567274,508.09489193893336
ZAINA-679-B_011_jpg.rf.c763cf36a3a341bfed1f7851c1c77278_r1c1.jpg,TP,4,6,0.9258864561131563,10195,9684,117.49557518809232,111.60639039936106
ZAINA-679-B_011_jpg.rf.c763cf36a3a341bfed1f7851c1c77278_r1c1.jpg,TP,12,23,0.913549459684123,24477,23865,282.0931038625734,275.03991190424944
ZAINA-679-B_011_jpg.rf.c763cf36a3a341bfed1f7851c1c77278_r1c1.jpg,TP,3,0,0.8939157566302652,18426,19208,212.35639709816468,221.36880904491193
ZAINA-679-B_011_jpg.rf.c763cf36a3a341bfed1f7851c1c77278_r1c1.jpg,TP,1,21,0.8924434638720353,4876,5417,56.19503919736519,62.429968689935855
ZAINA-679-B_011_jpg.rf.c763cf36a3a341bfed1f7851c1c77278_r1c1.jpg,TP,8,5,0.8626276587575827,11565,12692,133.28458333009198,146.2730593709924
ZAINA-679-B_011_jpg.rf.c763cf36a3a341bfed1f7851c1c77278_r1c1.jpg,TP,0,20,0.8486251725724805,29533,34740,340.362611282975,400.37236704603504
ZAINA-679-B_011_jpg.rf.c763cf36a3a341bfed1f7851c1c77278_r1c1.jpg,TP,20,12,0.8204062050215897,5408,5975,62.326245278784036,68.86082018134886
ZAINA-679-B_011_jpg.rf.c763cf36a3a341bfed1f7851c1c77278_r1c1.jpg,TP,5,17,0.8094871794871795,6318,7796,72.81383462857943,89.84752370440094
ZAINA-679-B_011_jpg.rf.c763cf36a3a341bfed1f7851c1c77278_r1c1.jpg,TP,25,28,0.7975766567754698,18164,18183,209.33689335130052,209.55586499706547
ZAINA-679-B_011_jpg.rf.c763cf36a3a341bfed1f7851c1c77278_r1c1.jpg,TP,16,16,0.794955446267712,17932,18931,206.66313430827577,218.17643294612807
ZAINA-679-B_011_jpg.rf.c763cf36a3a341bfed1f7851c1c77278_r1c1.jpg,TP,22,10,0.7921558830876843,6342,8006,73.09043039165095,92.2677366312768
ZAINA-679-B_011_jpg.rf.c763cf36a3a341bfed1f7851c1c77278_r1c1.jpg,TP,19,25,0.7920184190330007,6194,7816,71.38475651937654,90.07802017362722
ZAINA-679-B_011_jpg.rf.c763cf36a3a341bfed1f7851c1c77278_r1c1.jpg,TP,6,22,0.7850946372239748,5977,7604,68.88386982827149,87.63475759982873
ZAINA-679-B_011_jpg.rf.c763cf36a3a341bfed1f7851c1c77278_r1c1.jpg,TP,7,14,0.7844772289929441,2462,3102,28.37411536175412,35.750002376994836
ZAINA-679-B_011_jpg.rf.c763cf36a3a341bfed1f7851c1c77278_r1c1.jpg,TP,9,15,0.7700064363870414,7232,9268,83.34752327222007,106.8120638394546
ZAINA-679-B_011_jpg.rf.c763cf36a3a341bfed1f7851c1c77278_r1c1.jpg,TP,10,11,0.7494683935820607,23262,31038,268.09044335707733,357.707470592252
ZAINA-679-B_011_jpg.rf.c763cf36a3a341bfed1f7851c1c77278_r1c1.jpg,TP,21,26,0.743767572633552,3968,5335,45.73049949449243,61.48493316610814
ZAINA-679-B_011_jpg.rf.c763cf36a3a341bfed1f7851c1c77278_r1c1.jpg,TP,13,3,0.7434821034025629,30270,24967,348.85640617396314,287.740267358617
ZAINA-679-B_011_jpg.rf.c763cf36a3a341bfed1f7851c1c77278_r1c1.jpg,TP,29,7,0.7387205387205387,1107,1475,12.757979571674174,16.999114605437583
ZAINA-679-B_011_jpg.rf.c763cf36a3a341bfed1f7851c1c77278_r1c1.jpg,TP,11,27,0.6794019933554817,1637,2407,18.86613600617039,27.740250071381872
ZAINA-679-B_011_jpg.rf.c763cf36a3a341bfed1f7851c1c77278_r1c1.jpg,TP,23,2,0.5437507557131918,24781,13521,285.5966501948127,155.8271380204214
ZAINA-679-B_011_jpg.rf.c763cf36a3a341bfed1f7851c1c77278_r1c1.jpg,FP,14,-1,0.0,0,3023,0.0,34.83954132355106
ZAINA-679-B_011_jpg.rf.c763cf36a3a341bfed1f7851c1c77278_r1c1.jpg,FP,17,-1,0.0,0,1669,0.0,19.234930356932423
ZAINA-679-B_011_jpg.rf.c763cf36a3a341bfed1f7851c1c77278_r1c1.jpg,FP,18,-1,0.0,0,2157,0.0,24.85904420605347
ZAINA-679-B_011_jpg.rf.c763cf36a3a341bfed1f7851c1c77278_r1c1.jpg,FP,24,-1,0.0,0,18528,0.0,213.53192909121867
ZAINA-679-B_011_jpg.rf.c763cf36a3a341bfed1f7851c1c77278_r1c1.jpg,FP,26,-1,0.0,0,11865,0.0,136.74203036848604
ZAINA-679-B_011_jpg.rf.c763cf36a3a341bfed1f7851c1c77278_r1c1.jpg,FP,27,-1,0.0,0,16650,0.0,191.8883106308717
ZAINA-679-B_011_jpg.rf.c763cf36a3a341bfed1f7851c1c77278_r1c1.jpg,FP,28,-1,0.0,0,1617,0.0,18.635639536944115
ZAINA-679-B_011_jpg.rf.c763cf36a3a341bfed1f7851c1c77278_r1c1.jpg,FN,-1,1,0.0,5726,0,65.99113913948176,0.0
ZAINA-679-B_011_jpg.rf.c763cf36a3a341bfed1f7851c1c77278_r1c1.jpg,FN,-1,4,0.0,2949,0,33.98670438741385,0.0
ZAINA-679-B_011_jpg.rf.c763cf36a3a341bfed1f7851c1c77278_r1c1.jpg,FN,-1,8,0.0,8069,0,92.99380050933956,0.0
ZAINA-679-B_011_jpg.rf.c763cf36a3a341bfed1f7851c1c77278_r1c1.jpg,FN,-1,9,0.0,8745,0,100.78458116918758,0.0
ZAINA-679-B_011_jpg.rf.c763cf36a3a341bfed1f7851c1c77278_r1c1.jpg,FN,-1,13,0.0,12126,0,139.75000929188892,0.0
ZAINA-679-B_011_jpg.rf.c763cf36a3a341bfed1f7851c1c77278_r1c1.jpg,FN,-1,18,0.0,11336,0,130.64539875745115,0.0
ZAINA-679-B_011_jpg.rf.c763cf36a3a341bfed1f7851c1c77278_r1c2.jpg,TP,1,24,0.9202639538080836,6929,7039,79.85550176344205,81.12323234418655
ZAINA-679-B_011_jpg.rf.c763cf36a3a341bfed1f7851c1c77278_r1c2.jpg,TP,6,0,0.9190176207431754,10291,10728,118.60195824037842,123.63830609297247
ZAINA-679-B_011_jpg.rf.c763cf36a3a341bfed1f7851c1c77278_r1c2.jpg,TP,0,2,0.905841557748733,10295,11140,118.64805753422367,128.38653335903368
ZAINA-679-B_011_jpg.rf.c763cf36a3a341bfed1f7851c1c77278_r1c2.jpg,TP,4,20,0.8967189921174965,14522,13631,167.36348630519632,157.0948686011659
ZAINA-679-B_011_jpg.rf.c763cf36a3a341bfed1f7851c1c77278_r1c2.jpg,TP,12,23,0.8664787874171681,11666,12839,134.44859049968466,147.9672084198055
ZAINA-679-B_011_jpg.rf.c763cf36a3a341bfed1f7851c1c77278_r1c2.jpg,TP,22,22,0.8642993287478247,45032,44954,518.9858501098747,518.0869138798923
ZAINA-679-B_011_jpg.rf.c763cf36a3a341bfed1f7851c1c77278_r1c2.jpg,TP,7,9,0.8557037321308645,9045,10297,104.24202820758165,118.6711071811463
ZAINA-679-B_011_jpg.rf.c763cf36a3a341bfed1f7851c1c77278_r1c2.jpg,TP,19,3,0.8478344377220782,36626,40340,422.1081840940725,464.9113784293913
ZAINA-679-B_011_jpg.rf.c763cf36a3a341bfed1f7851c1c77278_r1c2.jpg,TP,8,11,0.8213185459026494,4017,4851,46.295215844096795,55.90691861083235
ZAINA-679-B_011_jpg.rf.c763cf36a3a341bfed1f7851c1c77278_r1c2.jpg,TP,10,4,0.8128038154636339,10606,9159,122.23227763069221,105.55585808217141
ZAINA-679-B_011_jpg.rf.c763cf36a3a341bfed1f7851c1c77278_r1c2.jpg,TP,3,5,0.8061391744896439,5410,6711,62.34929492570666,77.34309024887567
ZAINA-679-B_011_jpg.rf.c763cf36a3a341bfed1f7851c1c77278_r1c2.jpg,TP,16,15,0.7949526813880127,3276,4121,37.75532165926341,47.49379748407341
ZAINA-679-B_011_jpg.rf.c763cf36a3a341bfed1f7851c1c77278_r1c2.jpg,TP,14,17,0.7805888767720829,3579,4585,41.24734316804143,52.84131557012293
ZAINA-679-B_011_jpg.rf.c763cf36a3a341bfed1f7851c1c77278_r1c2.jpg,TP,20,16,0.777114632640461,4008,4627,46.19149243294497,53.3253581554981
ZAINA-679-B_011_jpg.rf.c763cf36a3a341bfed1f7851c1c77278_r1c2.jpg,TP,2,21,0.7570204733555975,29245,31258,337.0434621261167,360.242931753741
ZAINA-679-B_011_jpg.rf.c763cf36a3a341bfed1f7851c1c77278_r1c2.jpg,TP,15,19,0.7519132653061225,2573,2921,29.653370765959934,33.66400933049707
ZAINA-679-B_011_jpg.rf.c763cf36a3a341bfed1f7851c1c77278_r1c2.jpg,TP,5,1,0.7514285714285714,3436,4533,39.59929341307358,52.24202475013462
ZAINA-679-B_011_jpg.rf.c763cf36a3a341bfed1f7851c1c77278_r1c2.jpg,TP,13,12,0.7460079840319361,2990,4008,34.45922214932771,46.19149243294497
ZAINA-679-B_011_jpg.rf.c763cf36a3a341bfed1f7851c1c77278_r1c2.jpg,TP,17,10,0.7364762111666304,6883,9103,79.32535988422161,104.91046796833784
ZAINA-679-B_011_jpg.rf.c763cf36a3a341bfed1f7851c1c77278_r1c2.jpg,TP,11,13,0.6587541101752173,42176,31476,486.07095430436306,362.75534326830734
ZAINA-679-B_011_jpg.rf.c763cf36a3a341bfed1f7851c1c77278_r1c2.jpg,TP,9,14,0.5983506514926604,18280,30174,210.6737728728129,347.75002312167703
ZAINA-679-B_011_jpg.rf.c763cf36a3a341bfed1f7851c1c77278_r1c2.jpg,FP,18,-1,0.0,0,31157,0.0,359.07892458414835
ZAINA-679-B_011_jpg.rf.c763cf36a3a341bfed1f7851c1c77278_r1c2.jpg,FP,21,-1,0.0,0,10425,0.0,120.14628458419445
ZAINA-679-B_011_jpg.rf.c763cf36a3a341bfed1f7851c1c77278_r1c2.jpg,FN,-1,6,0.0,31764,0,366.0744924251657,0.0
ZAINA-679-B_011_jpg.rf.c763cf36a3a341bfed1f7851c1c77278_r1c2.jpg,FN,-1,7,0.0,19696,0,226.99292289403297,0.0
ZAINA-679-B_011_jpg.rf.c763cf36a3a341bfed1f7851c1c77278_r1c2.jpg,FN,-1,8,0.0,16583,0,191.1161474589637,0.0
ZAINA-679-B_011_jpg.rf.c763cf36a3a341bfed1f7851c1c77278_r1c2.jpg,FN,-1,18,0.0,8352,0,96.25532554889132,0.0
ZAINA-679-B_011_jpg.rf.c763cf36a3a341bfed1f7851c1c77278_r2c0.jpg,TP,0,3,0.9419573428127083,17485,17478,201.51153822106858,201.43086445683937
ZAINA-679-B_011_jpg.rf.c763cf36a3a341bfed1f7851c1c77278_r2c0.jpg,TP,2,18,0.9092657903174094,8931,8934,102.9281983329919,102.96277280337584
ZAINA-679-B_011_jpg.rf.c763cf36a3a341bfed1f7851c1c77278_r2c0.jpg,TP,16,22,0.8889608287471674,16997,18013,195.88742437194753,207.59664500864216
ZAINA-679-B_011_jpg.rf.c763cf36a3a341bfed1f7851c1c77278_r2c0.jpg,TP,4,11,0.8739281339322172,8561,9796,98.66401365230587,112.89717062702817
ZAINA-679-B_011_jpg.rf.c763cf36a3a341bfed1f7851c1c77278_r2c0.jpg,TP,10,2,0.8545654868475416,6259,7207,72.13387004436193,83.05940268568723
ZAINA-679-B_011_jpg.rf.c763cf36a3a341bfed1f7851c1c77278_r2c0.jpg,TP,22,14,0.85450943233698,10704,10825,123.36171032990094,124.75621396871989
ZAINA-679-B_011_jpg.rf.c763cf36a3a341bfed1f7851c1c77278_r2c0.jpg,TP,12,5,0.8496625076702802,4368,4675,50.34042887901787,53.878549681641154
ZAINA-679-B_011_jpg.rf.c763cf36a3a341bfed1f7851c1c77278_r2c0.jpg,TP,21,7,0.8437842778793418,10137,10034,116.82713542733612,115.64007861082082
ZAINA-679-B_011_jpg.rf.c763cf36a3a341bfed1f7851c1c77278_r2c0.jpg,TP,8,10,0.8290845886442642,2871,3443,33.08776815743139,39.67996717730278
ZAINA-679-B_011_jpg.rf.c763cf36a3a341bfed1f7851c1c77278_r2c0.jpg,TP,6,0,0.8286964676461395,10738,12662,123.7535543275856,145.927314667153
ZAINA-679-B_011_jpg.rf.c763cf36a3a341bfed1f7851c1c77278_r2c0.jpg,TP,19,9,0.8144391706220335,33006,39626,380.3883231641172,456.6826544780133
ZAINA-679-B_011_jpg.rf.c763cf36a3a341bfed1f7851c1c77278_r2c0.jpg,TP,7,4,0.8122977346278317,8168,9752,94.13475803200961,112.39007839473038
ZAINA-679-B_011_jpg.rf.c763cf36a3a341bfed1f7851c1c77278_r2c0.jpg,TP,24,21,0.7990384615384616,1756,1986,20.23758999806671,22.88829939416884
ZAINA-679-B_011_jpg.rf.c763cf36a3a341bfed1f7851c1c77278_r2c0.jpg,TP,3,6,0.7954643940488227,5710,6720,65.80674196410075,77.4468136600275
ZAINA-679-B_011_jpg.rf.c763cf36a3a341bfed1f7851c1c77278_r2c0.jpg,TP,13,20,0.7869822485207101,5498,4770,63.36347939030226,54.973407910465944
ZAINA-679-B_011_jpg.rf.c763cf36a3a341bfed1f7851c1c77278_r2c0.jpg,TP,18,16,0.7553585262976672,8775,11617,101.13032587302698,133.8838741500803
ZAINA-679-B_011_jpg.rf.c763cf36a3a341bfed1f7851c1c77278_r2c0.jpg,TP,5,17,0.7545684940642924,11316,14992,130.41490228822488,172.78015333201373
ZAINA-679-B_011_jpg.rf.c763cf36a3a341bfed1f7851c1c77278_r2c0.jpg,TP,1,19,0.7458631760928625,3020,4049,34.80496685316712,46.66401019485883
ZAINA-679-B_011_jpg.rf.c763cf36a3a341bfed1f7851c1c77278_r2c0.jpg,TP,20,27,0.7144160315451844,32100,26161,369.9468331081671,301.5009065714255
ZAINA-679-B_011_jpg.rf.c763cf36a3a341bfed1f7851c1c77278_r2c0.jpg,TP,11,1,0.6741017359709326,6679,9908,76.97429589811364,114.1879508546953
ZAINA-679-B_011_jpg.rf.c763cf36a3a341bfed1f7851c1c77278_r2c0.jpg,TP,26,23,0.6357934350825841,3915,3909,45.11968385104281,45.050534910274926
ZAINA-679-B_011_jpg.rf.c763cf36a3a341bfed1f7851c1c77278_r2c0.jpg,TP,15,24,0.6064571358689006,16023,10249,184.66224632062807,118.11791565500324
ZAINA-679-B_011_jpg.rf.c763cf36a3a341bfed1f7851c1c77278_r2c0.jpg,TP,9,12,0.5475948665866495,12113,21411,139.60018658689182,246.75799513018583
ZAINA-679-B_011_jpg.rf.c763cf36a3a341bfed1f7851c1c77278_r2c0.jpg,FP,14,-1,0.0,0,24044,0.0,277.1028553038246
ZAINA-679-B_011_jpg.rf.c763cf36a3a341bfed1f7851c1c77278_r2c0.jpg,FP,17,-1,0.0,0,3166,0.0,36.48759107851891
ZAINA-679-B_011_jpg.rf.c763cf36a3a341bfed1f7851c1c77278_r2c0.jpg,FP,23,-1,0.0,0,18299,0.0,210.89274451857784
ZAINA-679-B_011_jpg.rf.c763cf36a3a341bfed1f7851c1c77278_r2c0.jpg,FP,25,-1,0.0,0,740,0.0,8.528369361372075
ZAINA-679-B_011_jpg.rf.c763cf36a3a341bfed1f7851c1c77278_r2c0.jpg,FN,-1,8,0.0,11133,0,128.30585959480447,0.0
ZAINA-679-B_011_jpg.rf.c763cf36a3a341bfed1f7851c1c77278_r2c0.jpg,FN,-1,13,0.0,4378,0,50.45567711363101,0.0
ZAINA-679-B_011_jpg.rf.c763cf36a3a341bfed1f7851c1c77278_r2c0.jpg,FN,-1,15,0.0,2005,0,23.1072710399338,0.0
ZAINA-679-B_011_jpg.rf.c763cf36a3a341bfed1f7851c1c77278_r2c0.jpg,FN,-1,25,0.0,4702,0,54.189719915096624,0.0
ZAINA-679-B_011_jpg.rf.c763cf36a3a341bfed1f7851c1c77278_r2c0.jpg,FN,-1,26,0.0,10337,0,119.13210011959885,0.0
ZAINA-679-B_011_jpg.rf.c763cf36a3a341bfed1f7851c1c77278_r2c1.jpg,TP,2,6,0.8999305430504463,36804,37052,424.1596026701863,427.0177588885921
ZAINA-679-B_011_jpg.rf.c763cf36a3a341bfed1f7851c1c77278_r2c1.jpg,TP,18,3,0.8876142090383906,21783,24288,251.0452294577945,279.9149122283851
ZAINA-679-B_011_jpg.rf.c763cf36a3a341bfed1f7851c1c77278_r2c1.jpg,TP,7,9,0.8811288385657917,55011,54640,633.9920634303234,629.716353926176
ZAINA-679-B_011_jpg.rf.c763cf36a3a341bfed1f7851c1c77278_r2c1.jpg,TP,0,5,0.8803425980350995,10636,11757,122.57802233453162,135.4973494346642
ZAINA-679-B_011_jpg.rf.c763cf36a3a341bfed1f7851c1c77278_r2c1.jpg,TP,1,13,0.8626781375188809,27326,29400,314.9273259038559,338.8298097626203
ZAINA-679-B_011_jpg.rf.c763cf36a3a341bfed1f7851c1c77278_r2c1.jpg,TP,16,12,0.8569061737007325,10077,11218,116.1356460196573,129.28546958901615
ZAINA-679-B_011_jpg.rf.c763cf36a3a341bfed1f7851c1c77278_r2c1.jpg,TP,5,0,0.8440586173940745,5362,6215,61.796103399563606,71.62677781206412
ZAINA-679-B_011_jpg.rf.c763cf36a3a341bfed1f7851c1c77278_r2c1.jpg,TP,17,8,0.8364325068870524,26719,31944,307.9317580628385,368.14896064820215
ZAINA-679-B_011_jpg.rf.c763cf36a3a341bfed1f7851c1c77278_r2c1.jpg,TP,22,16,0.8055066763275023,8739,8704,100.71543222841969,100.31206340727371
ZAINA-679-B_011_jpg.rf.c763cf36a3a341bfed1f7851c1c77278_r2c1.jpg,TP,23,2,0.7961246840775064,1076,1056,12.40071004437345,12.170213575147178
ZAINA-679-B_011_jpg.rf.c763cf36a3a341bfed1f7851c1c77278_r2c1.jpg,TP,10,4,0.7655990367248645,79967,66666,921.6055577308659,768.3138808719335
ZAINA-679-B_011_jpg.rf.c763cf36a3a341bfed1f7851c1c77278_r2c1.jpg,TP,4,1,0.729628238828389,2016,2590,23.234044098008248,29.849292764802264
ZAINA-679-B_011_jpg.rf.c763cf36a3a341bfed1f7851c1c77278_r2c1.jpg,TP,21,11,0.6445320007687872,6707,10406,77.29699095503042,119.92731293842948
ZAINA-679-B_011_jpg.rf.c763cf36a3a341bfed1f7851c1c77278_r2c1.jpg,TP,19,18,0.6419887251239557,11499,12676,132.52394498164526,146.0886621956114
ZAINA-679-B_011_jpg.rf.c763cf36a3a341bfed1f7851c1c77278_r2c1.jpg,TP,12,19,0.5626763522843249,31925,20134,367.9299890024372,232.04079557008833
ZAINA-679-B_011_jpg.rf.c763cf36a3a341bfed1f7851c1c77278_r2c1.jpg,TP,15,7,0.5518834399431415,7765,14070,89.49025417710023,162.15426610068258
ZAINA-679-B_011_jpg.rf.c763cf36a3a341bfed1f7851c1c77278_r2c1.jpg,FP,3,-1,0.0,0,15001,0.0,172.88387674316556
ZAINA-679-B_011_jpg.rf.c763cf36a3a341bfed1f7851c1c77278_r2c1.jpg,FP,6,-1,0.0,0,33026,0.0,380.6188196333435
ZAINA-679-B_011_jpg.rf.c763cf36a3a341bfed1f7851c1c77278_r2c1.jpg,FP,8,-1,0.0,0,11016,0.0,126.95745524983079
ZAINA-679-B_011_jpg.rf.c763cf36a3a341bfed1f7851c1c77278_r2c1.jpg,FP,9,-1,0.0,0,5113,0.0,58.92642235769652
ZAINA-679-B_011_jpg.rf.c763cf36a3a341bfed1f7851c1c77278_r2c1.jpg,FP,11,-1,0.0,0,12193,0.0,140.52217246379692
ZAINA-679-B_011_jpg.rf.c763cf36a3a341bfed1f7851c1c77278_r2c1.jpg,FP,13,-1,0.0,0,58681,0.0,676.2881655333443
ZAINA-679-B_011_jpg.rf.c763cf36a3a341bfed1f7851c1c77278_r2c1.jpg,FP,14,-1,0.0,0,18809,0.0,216.7704044838478
ZAINA-679-B_011_jpg.rf.c763cf36a3a341bfed1f7851c1c77278_r2c1.jpg,FP,20,-1,0.0,0,17781,0.0,204.9228859656174
ZAINA-679-B_011_jpg.rf.c763cf36a3a341bfed1f7851c1c77278_r2c1.jpg,FN,-1,10,0.0,40846,0,470.74293910081593,0.0
ZAINA-679-B_011_jpg.rf.c763cf36a3a341bfed1f7851c1c77278_r2c1.jpg,FN,-1,14,0.0,2003,0,23.084221393011173,0.0
ZAINA-679-B_011_jpg.rf.c763cf36a3a341bfed1f7851c1c77278_r2c1.jpg,FN,-1,15,0.0,7999,0,92.18706286704762,0.0
ZAINA-679-B_011_jpg.rf.c763cf36a3a341bfed1f7851c1c77278_r2c1.jpg,FN,-1,17,0.0,4609,0,53.117911333194456,0.0
ZAINA-679-B_011_jpg.rf.c763cf36a3a341bfed1f7851c1c77278_r2c1.jpg,FN,-1,20,0.0,5724,0,65.96808949255913,0.0
ZAINA-679-B_011_jpg.rf.c763cf36a3a341bfed1f7851c1c77278_r2c1.jpg,FN,-1,21,0.0,2247,0,25.896278317571696,0.0
ZAINA-679-B_011_jpg.rf.c763cf36a3a341bfed1f7851c1c77278_r2c2.jpg,TP,13,16,0.8916253998860598,20939,22226,241.3182784564458,256.1507262511564
ZAINA-679-B_011_jpg.rf.c763cf36a3a341bfed1f7851c1c77278_r2c2.jpg,TP,15,11,0.8902496152044436,13575,14671,156.44947848733233,169.08068500093205
ZAINA-679-B_011_jpg.rf.c763cf36a3a341bfed1f7851c1c77278_r2c2.jpg,TP,23,9,0.8899655115782559,22833,23199,263.1462940921738,267.3643794790146
ZAINA-679-B_011_jpg.rf.c763cf36a3a341bfed1f7851c1c77278_r2c2.jpg,TP,14,0,0.8894549159449822,7411,7425,85.4104666717952,85.5718142002536
ZAINA-679-B_011_jpg.rf.c763cf36a3a341bfed1f7851c1c77278_r2c2.jpg,TP,2,7,0.8829036439579433,6393,6680,73.67819638817795,76.98582072157495
ZAINA-679-B_011_jpg.rf.c763cf36a3a341bfed1f7851c1c77278_r2c2.jpg,TP,4,25,0.856755382268181,11294,10612,130.16135617207598,122.30142657146008
ZAINA-679-B_011_jpg.rf.c763cf36a3a341bfed1f7851c1c77278_r2c2.jpg,TP,8,5,0.8485342019543974,2151,2389,24.789895265285587,27.532803249078228
ZAINA-679-B_011_jpg.rf.c763cf36a3a341bfed1f7851c1c77278_r2c2.jpg,TP,5,23,0.8378276683807852,6768,7885,78.00000518617055,90.87323299245786
ZAINA-679-B_011_jpg.rf.c763cf36a3a341bfed1f7851c1c77278_r2c2.jpg,TP,1,17,0.8339398350315381,14777,15461,170.3023162878313,178.18529553536982
ZAINA-679-B_011_jpg.rf.c763cf36a3a341bfed1f7851c1c77278_r2c2.jpg,TP,20,12,0.8293212498819975,9362,10016,107.89539724481807,115.43263178851717
ZAINA-679-B_011_jpg.rf.c763cf36a3a341bfed1f7851c1c77278_r2c2.jpg,TP,0,13,0.8269327519704847,9903,11885,114.13032673738874,136.97252683771234
ZAINA-679-B_011_jpg.rf.c763cf36a3a341bfed1f7851c1c77278_r2c2.jpg,TP,3,21,0.8264425261244889,5464,6596,62.9716353926176,76.01773555082461
ZAINA-679-B_011_jpg.rf.c763cf36a3a341bfed1f7851c1c77278_r2c2.jpg,TP,18,27,0.7926186917218307,26096,24273,300.7517930464401,279.7420398764654
ZAINA-679-B_011_jpg.rf.c763cf36a3a341bfed1f7851c1c77278_r2c2.jpg,TP,22,19,0.7772006560962275,2847,3654,32.811172394359865,42.111704927639956
ZAINA-679-B_011_jpg.rf.c763cf36a3a341bfed1f7851c1c77278_r2c2.jpg,TP,17,1,0.6947423037011414,16735,12662,192.86792062508337,145.927314667153
ZAINA-679-B_011_jpg.rf.c763cf36a3a341bfed1f7851c1c77278_r2c2.jpg,TP,9,18,0.6474106990258075,15158,23398,174.69327402659178,269.657819347816
ZAINA-679-B_011_jpg.rf.c763cf36a3a341bfed1f7851c1c77278_r2c2.jpg,TP,19,6,0.616191904047976,1233,2001,14.210107327799689,23.061171746088544
ZAINA-679-B_011_jpg.rf.c763cf36a3a341bfed1f7851c1c77278_r2c2.jpg,TP,11,24,0.589943679174866,8694,14737,100.19681517266058,169.84132334937877
ZAINA-679-B_011_jpg.rf.c763cf36a3a341bfed1f7851c1c77278_r2c2.jpg,TP,6,4,0.5758638607430502,7512,4619,86.57447384138788,53.23315956780759
ZAINA-679-B_011_jpg.rf.c763cf36a3a341bfed1f7851c1c77278_r2c2.jpg,FP,7,-1,0.0,0,4760,0.0,54.85815967585281
ZAINA-679-B_011_jpg.rf.c763cf36a3a341bfed1f7851c1c77278_r2c2.jpg,FP,10,-1,0.0,0,2234,0.0,25.746455612574618
ZAINA-679-B_011_jpg.rf.c763cf36a3a341bfed1f7851c1c77278_r2c2.jpg,FP,12,-1,0.0,0,5456,0.0,62.87943680492709
ZAINA-679-B_011_jpg.rf.c763cf36a3a341bfed1f7851c1c77278_r2c2.jpg,FP,16,-1,0.0,0,19643,0.0,226.38210725058335
ZAINA-679-B_011_jpg.rf.c763cf36a3a341bfed1f7851c1c77278_r2c2.jpg,FP,21,-1,0.0,0,3106,0.0,35.79610167084009
ZAINA-679-B_011_jpg.rf.c763cf36a3a341bfed1f7851c1c77278_r2c2.jpg,FP,24,-1,0.0,0,4012,0.0,46.23759172679023
ZAINA-679-B_011_jpg.rf.c763cf36a3a341bfed1f7851c1c77278_r2c2.jpg,FP,25,-1,0.0,0,3833,0.0,44.17464832721509
ZAINA-679-B_011_jpg.rf.c763cf36a3a341bfed1f7851c1c77278_r2c2.jpg,FN,-1,2,0.0,13260,0,152.81915909701854,0.0
ZAINA-679-B_011_jpg.rf.c763cf36a3a341bfed1f7851c1c77278_r2c2.jpg,FN,-1,3,0.0,8129,0,93.68528991701838,0.0
ZAINA-679-B_011_jpg.rf.c763cf36a3a341bfed1f7851c1c77278_r2c2.jpg,FN,-1,8,0.0,3261,0,37.5824493073437,0.0
ZAINA-679-B_011_jpg.rf.c763cf36a3a341bfed1f7851c1c77278_r2c2.jpg,FN,-1,10,0.0,14396,0,165.91135854907083,0.0
ZAINA-679-B_011_jpg.rf.c763cf36a3a341bfed1f7851c1c77278_r2c2.jpg,FN,-1,14,0.0,2898,0,33.39893839088686,0.0
ZAINA-679-B_011_jpg.rf.c763cf36a3a341bfed1f7851c1c77278_r2c2.jpg,FN,-1,15,0.0,9136,0,105.2907871425612,0.0
ZAINA-679-B_011_jpg.rf.c763cf36a3a341bfed1f7851c1c77278_r2c2.jpg,FN,-1,20,0.0,2877,0,33.15691709819927,0.0
ZAINA-679-B_011_jpg.rf.c763cf36a3a341bfed1f7851c1c77278_r2c2.jpg,FN,-1,22,0.0,1963,0,22.623228454558628,0.0
ZAINA-679-B_011_jpg.rf.c763cf36a3a341bfed1f7851c1c77278_r2c2.jpg,FN,-1,26,0.0,2291,0,26.403370549869493,0.0
ZAINA-679-B_011_jpg.rf.c763cf36a3a341bfed1f7851c1c77278_r2c2.jpg,FN,-1,28,0.0,13422,0,154.68618049775134,0.0
ZAINA-679-D_007_jpg.rf.34de0be2ff800849eeb730bc4890f94f_r0c0.jpg,TP,6,6,0.9059957818620066,9675,9303,111.50266698820923,107.21543266060057
ZAINA-679-D_007_jpg.rf.34de0be2ff800849eeb730bc4890f94f_r0c0.jpg,TP,2,16,0.8816825875649406,5352,5876,61.68085516495047,67.7198626586788
ZAINA-679-D_007_jpg.rf.34de0be2ff800849eeb730bc4890f94f_r0c0.jpg,TP,8,18,0.8669246799642751,3247,3024,37.42110177888531,34.851066147012375
ZAINA-679-D_007_jpg.rf.34de0be2ff800849eeb730bc4890f94f_r0c0.jpg,TP,0,7,0.8532494758909853,7778,9018,89.6400768820973,103.93085797412618
ZAINA-679-D_007_jpg.rf.34de0be2ff800849eeb730bc4890f94f_r0c0.jpg,TP,10,5,0.8055480743334231,3040,3664,35.03546332239339,42.22695316225309
ZAINA-679-D_007_jpg.rf.34de0be2ff800849eeb730bc4890f94f_r0c0.jpg,TP,5,1,0.7554535017221584,4625,6078,53.30230850857547,70.04787699786415
ZAINA-679-D_007_jpg.rf.34de0be2ff800849eeb730bc4890f94f_r0c0.jpg,TP,4,17,0.7353629976580797,2512,3416,28.950356534819804,39.368796943847315
ZAINA-679-D_007_jpg.rf.34de0be2ff800849eeb730bc4890f94f_r0c0.jpg,TP,3,10,0.6951596292481977,4050,5826,46.67553501832015,67.14362148561312
ZAINA-679-D_007_jpg.rf.34de0be2ff800849eeb730bc4890f94f_r0c0.jpg,TP,1,11,0.6240853021116454,2985,4783,34.40159803202114,55.12323061546302
ZAINA-679-D_007_jpg.rf.34de0be2ff800849eeb730bc4890f94f_r0c0.jpg,FP,7,-1,0.0,0,3633,0.0,41.869683634952366
ZAINA-679-D_007_jpg.rf.34de0be2ff800849eeb730bc4890f94f_r0c0.jpg,FP,9,-1,0.0,0,6761,0.0,77.91933142194135
ZAINA-679-D_007_jpg.rf.34de0be2ff800849eeb730bc4890f94f_r0c0.jpg,FP,11,-1,0.0,0,4573,0.0,52.70301768858717
ZAINA-679-D_007_jpg.rf.34de0be2ff800849eeb730bc4890f94f_r0c0.jpg,FN,-1,0,0.0,3100,0,35.726952730072206,0.0
ZAINA-679-D_007_jpg.rf.34de0be2ff800849eeb730bc4890f94f_r0c0.jpg,FN,-1,2,0.0,6854,0,78.99114000384353,0.0
ZAINA-679-D_007_jpg.rf.34de0be2ff800849eeb730bc4890f94f_r0c0.jpg,FN,-1,3,0.0,1545,0,17.805852247729536,0.0
ZAINA-679-D_007_jpg.rf.34de0be2ff800849eeb730bc4890f94f_r0c0.jpg,FN,-1,4,0.0,4213,0,48.554081242514265,0.0
ZAINA-679-D_007_jpg.rf.34de0be2ff800849eeb730bc4890f94f_r0c0.jpg,FN,-1,8,0.0,2820,0,32.500002160904394,0.0
ZAINA-679-D_007_jpg.rf.34de0be2ff800849eeb730bc4890f94f_r0c0.jpg,FN,-1,9,0.0,2259,0,26.03457619910746,0.0
ZAINA-679-D_007_jpg.rf.34de0be2ff800849eeb730bc4890f94f_r0c0.jpg,FN,-1,12,0.0,3645,0,42.00798151648813,0.0
ZAINA-679-D_007_jpg.rf.34de0be2ff800849eeb730bc4890f94f_r0c0.jpg,FN,-1,13,0.0,3504,0,40.38298140844291,0.0
ZAINA-679-D_007_jpg.rf.34de0be2ff800849eeb730bc4890f94f_r0c0.jpg,FN,-1,14,0.0,1095,0,12.619681690138409,0.0
ZAINA-679-D_007_jpg.rf.34de0be2ff800849eeb730bc4890f94f_r0c0.jpg,FN,-1,15,0.0,3868,0,44.57801714836106,0.0
ZAINA-679-D_007_jpg.rf.34de0be2ff800849eeb730bc4890f94f_r0c0.jpg,FN,-1,19,0.0,1534,0,17.679079189655088,0.0
ZAINA-679-D_007_jpg.rf.34de0be2ff800849eeb730bc4890f94f_r0c0.jpg,FN,-1,20,0.0,2503,0,28.84663312366798,0.0
ZAINA-679-D_007_jpg.rf.34de0be2ff800849eeb730bc4890f94f_r0c0.jpg,FN,-1,21,0.0,2299,0,26.495569137560004,0.0
ZAINA-679-D_007_jpg.rf.34de0be2ff800849eeb730bc4890f94f_r0c0.jpg,FN,-1,22,0.0,5424,0,62.51064245416505,0.0
ZAINA-679-D_007_jpg.rf.34de0be2ff800849eeb730bc4890f94f_r0c1.jpg,TP,3,10,0.9036551653527184,8951,9642,103.15869480221818,111.12234781398588
ZAINA-679-D_007_jpg.rf.34de0be2ff800849eeb730bc4890f94f_r0c1.jpg,TP,18,16,0.8922104052888761,9770,9979,112.59752521703403,115.00621332044857
ZAINA-679-D_007_jpg.rf.34de0be2ff800849eeb730bc4890f94f_r0c1.jpg,TP,0,6,0.8893466181260778,9460,10261,109.0248299440268,118.25621353653901
ZAINA-679-D_007_jpg.rf.34de0be2ff800849eeb730bc4890f94f_r0c1.jpg,TP,2,7,0.8852578068264343,14312,14244,164.94327337832047,164.15958538295115
ZAINA-679-D_007_jpg.rf.34de0be2ff800849eeb730bc4890f94f_r0c1.jpg,TP,10,11,0.8813783962889331,2894,2784,33.3528390970416,32.085108516297105
ZAINA-679-D_007_jpg.rf.34de0be2ff800849eeb730bc4890f94f_r0c1.jpg,TP,9,24,0.8702415063446582,2149,2420,24.76684561836296,27.89007277637895
ZAINA-679-D_007_jpg.rf.34de0be2ff800849eeb730bc4890f94f_r0c1.jpg,TP,17,1,0.8616298811544991,4060,4712,46.79078325293328,54.30496814970976
ZAINA-679-D_007_jpg.rf.34de0be2ff800849eeb730bc4890f94f_r0c1.jpg,TP,16,18,0.8468061051441492,3351,3183,38.619683418861925,36.68351307736124
ZAINA-679-D_007_jpg.rf.34de0be2ff800849eeb730bc4890f94f_r0c1.jpg,TP,13,19,0.827490774907749,6295,7572,72.54876368896922,87.2659632490667
ZAINA-679-D_007_jpg.rf.34de0be2ff800849eeb730bc4890f94f_r0c1.jpg,TP,14,3,0.7741731932741918,26470,21328,305.0620770209714,245.8014347828968
ZAINA-679-D_007_jpg.rf.34de0be2ff800849eeb730bc4890f94f_r0c1.jpg,TP,4,22,0.7640167364016737,3652,4780,42.088655280717326,55.088656145079085
ZAINA-679-D_007_jpg.rf.34de0be2ff800849eeb730bc4890f94f_r0c1.jpg,TP,15,15,0.7603323391563699,4171,4092,48.070038657139094,47.15957760369532
ZAINA-679-D_007_jpg.rf.34de0be2ff800849eeb730bc4890f94f_r0c1.jpg,TP,7,12,0.7504758883248731,4731,6304,54.52393979547472,72.65248710012104
ZAINA-679-D_007_jpg.rf.34de0be2ff800849eeb730bc4890f94f_r0c1.jpg,TP,1,9,0.7214147286821705,7484,10281,86.2517787844711,118.48671000576529
ZAINA-679-D_007_jpg.rf.34de0be2ff800849eeb730bc4890f94f_r0c1.jpg,TP,11,17,0.7151954325867369,3272,4539,37.70922236541815,52.3111736909025
ZAINA-679-D_007_jpg.rf.34de0be2ff800849eeb730bc4890f94f_r0c1.jpg,TP,21,0,0.7101449275362319,3041,4275,35.046988145854705,49.26862029711571
ZAINA-679-D_007_jpg.rf.34de0be2ff800849eeb730bc4890f94f_r0c1.jpg,TP,6,5,0.6958302852962692,4762,6829,54.88120932277544,78.70301941731068
ZAINA-679-D_007_jpg.rf.34de0be2ff800849eeb730bc4890f94f_r0c1.jpg,TP,8,13,0.6806303610612408,3412,5013,39.322697650002056,57.77394001156516
ZAINA-679-D_007_jpg.rf.34de0be2ff800849eeb730bc4890f94f_r0c1.jpg,TP,19,14,0.6760151913526147,4905,6569,56.52925907774328,75.70656531736914
ZAINA-679-D_007_jpg.rf.34de0be2ff800849eeb730bc4890f94f_r0c1.jpg,TP,5,8,0.6606774668630339,2245,3393,25.873228670649066,39.103726004237096
ZAINA-679-D_007_jpg.rf.34de0be2ff800849eeb730bc4890f94f_r0c1.jpg,FP,12,-1,0.0,0,5467,0.0,63.00620986300154
ZAINA-679-D_007_jpg.rf.34de0be2ff800849eeb730bc4890f94f_r0c1.jpg,FP,20,-1,0.0,0,3494,0.0,40.267733173829775
ZAINA-679-D_007_jpg.rf.34de0be2ff800849eeb730bc4890f94f_r0c1.jpg,FN,-1,2,0.0,2106,0,24.271278209526475,0.0
ZAINA-679-D_007_jpg.rf.34de0be2ff800849eeb730bc4890f94f_r0c1.jpg,FN,-1,4,0.0,2358,0,27.175533721777505,0.0
ZAINA-679-D_007_jpg.rf.34de0be2ff800849eeb730bc4890f94f_r0c1.jpg,FN,-1,20,0.0,1000,0,11.524823461313616,0.0
ZAINA-679-D_007_jpg.rf.34de0be2ff800849eeb730bc4890f94f_r0c1.jpg,FN,-1,21,0.0,4522,0,52.11525169206017,0.0
ZAINA-679-D_007_jpg.rf.34de0be2ff800849eeb730bc4890f94f_r0c1.jpg,FN,-1,23,0.0,7905,0,91.10372946168414,0.0
ZAINA-679-D_007_jpg.rf.34de0be2ff800849eeb730bc4890f94f_r0c1.jpg,FN,-1,25,0.0,2217,0,25.550533613732288,0.0
ZAINA-679-D_007_jpg.rf.34de0be2ff800849eeb730bc4890f94f_r0c1.jpg,FN,-1,26,0.0,1083,0,12.481383808602645,0.0
ZAINA-679-D_007_jpg.rf.34de0be2ff800849eeb730bc4890f94f_r0c1.jpg,FN,-1,27,0.0,3980,0,45.86879737602819,0.0
ZAINA-679-D_007_jpg.rf.34de0be2ff800849eeb730bc4890f94f_r0c1.jpg,FN,-1,28,0.0,8625,0,99.40160235382993,0.0
ZAINA-679-D_007_jpg.rf.34de0be2ff800849eeb730bc4890f94f_r0c2.jpg,TP,10,24,0.9153325123152709,12015,12869,138.4707538876831,148.31295312364492
ZAINA-679-D_007_jpg.rf.34de0be2ff800849eeb730bc4890f94f_r0c2.jpg,TP,0,19,0.8803940886699507,8946,10140,103.1010706849116,116.86170989772006
ZAINA-679-D_007_jpg.rf.34de0be2ff800849eeb730bc4890f94f_r0c2.jpg,TP,5,7,0.877228559357837,10390,11827,119.74291576304847,136.30408707695614
ZAINA-679-D_007_jpg.rf.34de0be2ff800849eeb730bc4890f94f_r0c2.jpg,TP,6,20,0.8748652855945396,7452,8205,85.88298443370907,94.56117650007822
ZAINA-679-D_007_jpg.rf.34de0be2ff800849eeb730bc4890f94f_r0c2.jpg,TP,15,8,0.8710021321961621,2496,2769,28.765959359438785,31.9122361643774
ZAINA-679-D_007_jpg.rf.34de0be2ff800849eeb730bc4890f94f_r0c2.jpg,TP,7,6,0.8619525461877521,9248,10606,106.58156737022831,122.23227763069221
ZAINA-679-D_007_jpg.rf.34de0be2ff800849eeb730bc4890f94f_r0c2.jpg,TP,8,9,0.8605635859249525,6636,6107,76.47872848927716,70.38209687824225
ZAINA-679-D_007_jpg.rf.34de0be2ff800849eeb730bc4890f94f_r0c2.jpg,TP,4,16,0.8600247524752476,6962,8067,80.2358209376654,92.97075086241693
ZAINA-679-D_007_jpg.rf.34de0be2ff800849eeb730bc4890f94f_r0c2.jpg,TP,3,22,0.8506881013274875,7137,8059,82.25266504339528,92.87855227472643
ZAINA-679-D_007_jpg.rf.34de0be2ff800849eeb730bc4890f94f_r0c2.jpg,TP,33,12,0.8476150274377374,2291,2086,26.403370549869493,24.040781740300204
ZAINA-679-D_007_jpg.rf.34de0be2ff800849eeb730bc4890f94f_r0c2.jpg,TP,16,21,0.8427487352445194,2214,2157,25.515959143348347,24.85904420605347
ZAINA-679-D_007_jpg.rf.34de0be2ff800849eeb730bc4890f94f_r0c2.jpg,TP,23,27,0.8418679549114332,8054,9103,92.82092815741986,104.91046796833784
ZAINA-679-D_007_jpg.rf.34de0be2ff800849eeb730bc4890f94f_r0c2.jpg,TP,12,10,0.8285398230088495,5243,6328,60.42464940766729,72.92908286319256
ZAINA-679-D_007_jpg.rf.34de0be2ff800849eeb730bc4890f94f_r0c2.jpg,TP,9,28,0.8214208125135781,3819,4565,44.013300798756696,52.610819100896656
ZAINA-679-D_007_jpg.rf.34de0be2ff800849eeb730bc4890f94f_r0c2.jpg,TP,21,11,0.8159819921215532,2904,3550,33.46808733165474,40.91312328766334
ZAINA-679-D_007_jpg.rf.34de0be2ff800849eeb730bc4890f94f_r0c2.jpg,TP,20,0,0.8123425692695214,2581,3175,29.745569353650442,36.59131448967073
ZAINA-679-D_007_jpg.rf.34de0be2ff800849eeb730bc4890f94f_r0c2.jpg,TP,27,29,0.8055696202531646,15351,16743,176.9175649546253,192.96011921277386
ZAINA-679-D_007_jpg.rf.34de0be2ff800849eeb730bc4890f94f_r0c2.jpg,TP,2,2,0.7869198312236287,9698,12324,111.76773792781944,142.03192433722901
ZAINA-679-D_007_jpg.rf.34de0be2ff800849eeb730bc4890f94f_r0c2.jpg,TP,26,17,0.7861538461538462,3788,3178,43.65603127145598,36.625888960054674
ZAINA-679-D_007_jpg.rf.34de0be2ff800849eeb730bc4890f94f_r0c2.jpg,TP,13,31,0.7813878860810268,7446,5877,85.81383549294118,67.73138748214012
ZAINA-679-D_007_jpg.rf.34de0be2ff800849eeb730bc4890f94f_r0c2.jpg,TP,30,23,0.7779053450695241,6098,7839,70.27837346709043,90.34309111323743
ZAINA-679-D_007_jpg.rf.34de0be2ff800849eeb730bc4890f94f_r0c2.jpg,TP,1,26,0.7248203876914735,5347,7377,61.623231047643905,85.01862267411055
ZAINA-679-D_007_jpg.rf.34de0be2ff800849eeb730bc4890f94f_r0c2.jpg,TP,32,5,0.7218584346741503,2315,3207,26.67996631294102,36.96010884043277
ZAINA-679-D_007_jpg.rf.34de0be2ff800849eeb730bc4890f94f_r0c2.jpg,TP,11,18,0.6654013015184381,7362,11064,84.84575032219084,127.51064677597384
ZAINA-679-D_007_jpg.rf.34de0be2ff800849eeb730bc4890f94f_r0c2.jpg,TP,31,13,0.6474793767186068,3532,5455,40.705676465359694,62.867911981465774
ZAINA-679-D_007_jpg.rf.34de0be2ff800849eeb730bc4890f94f_r0c2.jpg,TP,17,4,0.6371441482150927,2850,4396,32.8457468647438,50.66312393593466
ZAINA-679-D_007_jpg.rf.34de0be2ff800849eeb730bc4890f94f_r0c2.jpg,FP,14,-1,0.0,0,5136,0.0,59.19149329730673
ZAINA-679-D_007_jpg.rf.34de0be2ff800849eeb730bc4890f94f_r0c2.jpg,FP,18,-1,0.0,0,5273,0.0,60.7703941115067
ZAINA-679-D_007_jpg.rf.34de0be2ff800849eeb730bc4890f94f_r0c2.jpg,FP,19,-1,0.0,0,5250,0.0,60.505323171896485
ZAINA-679-D_007_jpg.rf.34de0be2ff800849eeb730bc4890f94f_r0c2.jpg,FP,22,-1,0.0,0,5306,0.0,61.15071328573004
ZAINA-679-D_007_jpg.rf.34de0be2ff800849eeb730bc4890f94f_r0c2.jpg,FP,24,-1,0.0,0,4298,0.0,49.53369123672592
ZAINA-679-D_007_jpg.rf.34de0be2ff800849eeb730bc4890f94f_r0c2.jpg,FP,25,-1,0.0,0,5743,0.0,66.1870611383241
ZAINA-679-D_007_jpg.rf.34de0be2ff800849eeb730bc4890f94f_r0c2.jpg,FP,28,-1,0.0,0,5609,0.0,64.64273479450807
ZAINA-679-D_007_jpg.rf.34de0be2ff800849eeb730bc4890f94f_r0c2.jpg,FP,29,-1,0.0,0,8711,0.0,100.3927371715029
ZAINA-679-D_007_jpg.rf.34de0be2ff800849eeb730bc4890f94f_r0c2.jpg,FP,34,-1,0.0,0,13211,0.0,152.25444274741417
ZAINA-679-D_007_jpg.rf.34de0be2ff800849eeb730bc4890f94f_r0c2.jpg,FN,-1,1,0.0,4343,0,50.05230829248503,0.0
ZAINA-679-D_007_jpg.rf.34de0be2ff800849eeb730bc4890f94f_r0c2.jpg,FN,-1,3,0.0,5425,0,62.522167277626366,0.0
ZAINA-679-D_007_jpg.rf.34de0be2ff800849eeb730bc4890f94f_r0c2.jpg,FN,-1,14,0.0,5975,0,68.86082018134886,0.0
ZAINA-679-D_007_jpg.rf.34de0be2ff800849eeb730bc4890f94f_r0c2.jpg,FN,-1,15,0.0,1799,0,20.733157406903196,0.0
ZAINA-679-D_007_jpg.rf.34de0be2ff800849eeb730bc4890f94f_r0c2.jpg,FN,-1,25,0.0,8192,0,94.41135379508114,0.0
ZAINA-679-D_007_jpg.rf.34de0be2ff800849eeb730bc4890f94f_r0c2.jpg,FN,-1,30,0.0,17967,0,207.06650312942173,0.0
ZAINA-679-D_007_jpg.rf.34de0be2ff800849eeb730bc4890f94f_r0c2.jpg,FN,-1,32,0.0,1217,0,14.02571015241867,0.0
ZAINA-679-D_007_jpg.rf.34de0be2ff800849eeb730bc4890f94f_r1c0.jpg,TP,8,12,0.8885464817668207,3515,3839,40.50975446651736,44.24379726798297
ZAINA-679-D_007_jpg.rf.34de0be2ff800849eeb730bc4890f94f_r1c0.jpg,TP,0,11,0.8584844976199666,6843,7603,78.86436694576908,87.62323277636742
ZAINA-679-D_007_jpg.rf.34de0be2ff800849eeb730bc4890f94f_r1c0.jpg,TP,3,7,0.837,2570,2941,29.618796295575994,33.89450579972334
ZAINA-679-D_007_jpg.rf.34de0be2ff800849eeb730bc4890f94f_r1c0.jpg,TP,6,21,0.8237645348837209,2300,2719,26.507093961021315,31.335994991311722
ZAINA-679-D_007_jpg.rf.34de0be2ff800849eeb730bc4890f94f_r1c0.jpg,TP,15,22,0.805352798053528,2596,2598,29.918441705570146,29.941491352492775
ZAINA-679-D_007_jpg.rf.34de0be2ff800849eeb730bc4890f94f_r1c0.jpg,TP,2,9,0.8049723756906078,4379,5422,50.46720193709233,62.48759280724242
ZAINA-679-D_007_jpg.rf.34de0be2ff800849eeb730bc4890f94f_r1c0.jpg,TP,10,1,0.7661637931034483,1493,1785,17.206561427741228,20.571809878444803
ZAINA-679-D_007_jpg.rf.34de0be2ff800849eeb730bc4890f94f_r1c0.jpg,TP,5,5,0.7622396537733297,2818,3697,32.47695251398177,42.607272336476434
ZAINA-679-D_007_jpg.rf.34de0be2ff800849eeb730bc4890f94f_r1c0.jpg,TP,13,0,0.7588098755011606,4348,3987,50.109932409791604,45.94947114025739
ZAINA-679-D_007_jpg.rf.34de0be2ff800849eeb730bc4890f94f_r1c0.jpg,TP,4,18,0.7510926118626431,3609,4805,41.59308787188084,55.376776731611926
ZAINA-679-D_007_jpg.rf.34de0be2ff800849eeb730bc4890f94f_r1c0.jpg,TP,7,2,0.7364774251229325,3295,4474,37.97429330502836,51.56206016591712
ZAINA-679-D_007_jpg.rf.34de0be2ff800849eeb730bc4890f94f_r1c0.jpg,TP,1,4,0.7181938035596572,2190,3023,25.239363380276817,34.83954132355106
ZAINA-679-D_007_jpg.rf.34de0be2ff800849eeb730bc4890f94f_r1c0.jpg,TP,12,26,0.6970357454228422,4171,3615,48.070038657139094,41.66223681264872
ZAINA-679-D_007_jpg.rf.34de0be2ff800849eeb730bc4890f94f_r1c0.jpg,TP,9,3,0.6809782608695653,2506,3680,28.881207594051922,42.411350337634104
ZAINA-679-D_007_jpg.rf.34de0be2ff800849eeb730bc4890f94f_r1c0.jpg,TP,11,8,0.6432413051272857,1875,2708,21.60904398996303,31.20922193323727
ZAINA-679-D_007_jpg.rf.34de0be2ff800849eeb730bc4890f94f_r1c0.jpg,FP,14,-1,0.0,0,9554,0.0,110.10816334939028
ZAINA-679-D_007_jpg.rf.34de0be2ff800849eeb730bc4890f94f_r1c0.jpg,FN,-1,6,0.0,2914,0,33.58333556626788,0.0
ZAINA-679-D_007_jpg.rf.34de0be2ff800849eeb730bc4890f94f_r1c0.jpg,FN,-1,10,0.0,4802,0,55.34220226122798,0.0
ZAINA-679-D_007_jpg.rf.34de0be2ff800849eeb730bc4890f94f_r1c0.jpg,FN,-1,13,0.0,1365,0,15.731384024693085,0.0
ZAINA-679-D_007_jpg.rf.34de0be2ff800849eeb730bc4890f94f_r1c0.jpg,FN,-1,14,0.0,4698,0,54.143620621251365,0.0
ZAINA-679-D_007_jpg.rf.34de0be2ff800849eeb730bc4890f94f_r1c0.jpg,FN,-1,15,0.0,17708,0,204.08157385294152,0.0
ZAINA-679-D_007_jpg.rf.34de0be2ff800849eeb730bc4890f94f_r1c0.jpg,FN,-1,16,0.0,7703,0,88.77571512249878,0.0
ZAINA-679-D_007_jpg.rf.34de0be2ff800849eeb730bc4890f94f_r1c0.jpg,FN,-1,17,0.0,10229,0,117.88741918577698,0.0
ZAINA-679-D_007_jpg.rf.34de0be2ff800849eeb730bc4890f94f_r1c0.jpg,FN,-1,19,0.0,1974,0,22.750001512633077,0.0
ZAINA-679-D_007_jpg.rf.34de0be2ff800849eeb730bc4890f94f_r1c0.jpg,FN,-1,20,0.0,2195,0,25.296987497583387,0.0
ZAINA-679-D_007_jpg.rf.34de0be2ff800849eeb730bc4890f94f_r1c0.jpg,FN,-1,23,0.0,10666,0,122.92376703837103,0.0
ZAINA-679-D_007_jpg.rf.34de0be2ff800849eeb730bc4890f94f_r1c0.jpg,FN,-1,24,0.0,5283,0,60.88564234611983,0.0
ZAINA-679-D_007_jpg.rf.34de0be2ff800849eeb730bc4890f94f_r1c0.jpg,FN,-1,25,0.0,3684,0,42.45744963147936,0.0
ZAINA-679-D_007_jpg.rf.34de0be2ff800849eeb730bc4890f94f_r1c0.jpg,FN,-1,27,0.0,5276,0,60.804968581890634,0.0
ZAINA-679-D_007_jpg.rf.34de0be2ff800849eeb730bc4890f94f_r1c0.jpg,FN,-1,28,0.0,7822,0,90.1471691143951,0.0
ZAINA-679-D_007_jpg.rf.34de0be2ff800849eeb730bc4890f94f_r1c1.jpg,TP,0,3,0.9325297432686287,6003,6342,69.18351523826564,73.09043039165095
ZAINA-679-D_007_jpg.rf.34de0be2ff800849eeb730bc4890f94f_r1c1.jpg,TP,1,13,0.9166806370494551,5580,5853,64.30851491412997,67.4547917190686
ZAINA-679-D_007_jpg.rf.34de0be2ff800849eeb730bc4890f94f_r1c1.jpg,TP,24,8,0.8902606310013718,680,698,7.836879953693259,8.044326775996904
ZAINA-679-D_007_jpg.rf.34de0be2ff800849eeb730bc4890f94f_r1c1.jpg,TP,7,21,0.8594405594405594,5528,5108,63.70922409414167,58.86879824038995
ZAINA-679-D_007_jpg.rf.34de0be2ff800849eeb730bc4890f94f_r1c1.jpg,TP,19,17,0.8556861563190677,18024,18919,207.72341806671662,218.0381350645923
ZAINA-679-D_007_jpg.rf.34de0be2ff800849eeb730bc4890f94f_r1c1.jpg,TP,3,2,0.8521641371557055,4585,5300,52.84131557012293,61.08156434496216
ZAINA-679-D_007_jpg.rf.34de0be2ff800849eeb730bc4890f94f_r1c1.jpg,TP,29,4,0.8484567901234568,25716,28185,296.37236013114097,324.82714925712423
ZAINA-679-D_007_jpg.rf.34de0be2ff800849eeb730bc4890f94f_r1c1.jpg,TP,11,0,0.8482058297379775,17412,17715,200.67022610839268,204.1622476171707
ZAINA-679-D_007_jpg.rf.34de0be2ff800849eeb730bc4890f94f_r1c1.jpg,TP,6,19,0.8391371340523883,5469,6467,63.02925950992417,74.53103332431516
ZAINA-679-D_007_jpg.rf.34de0be2ff800849eeb730bc4890f94f_r1c1.jpg,TP,15,27,0.8354474370112945,5000,5563,57.62411730656808,64.11259291528765
ZAINA-679-D_007_jpg.rf.34de0be2ff800849eeb730bc4890f94f_r1c1.jpg,TP,16,14,0.8329588014981273,3372,3969,38.861704711549514,45.74202431795374
ZAINA-679-D_007_jpg.rf.34de0be2ff800849eeb730bc4890f94f_r1c1.jpg,TP,4,28,0.8259507829977628,3721,4441,42.88386809954797,51.181740991693765
ZAINA-679-D_007_jpg.rf.34de0be2ff800849eeb730bc4890f94f_r1c1.jpg,TP,8,26,0.8255304816436511,2506,2914,28.881207594051922,33.58333556626788
ZAINA-679-D_007_jpg.rf.34de0be2ff800849eeb730bc4890f94f_r1c1.jpg,TP,10,5,0.8250860695750475,16094,19424,185.48050878638134,223.85817091255566
ZAINA-679-D_007_jpg.rf.34de0be2ff800849eeb730bc4890f94f_r1c1.jpg,TP,21,31,0.8238250073898906,3063,3107,35.3005342620036,35.8076264943014
ZAINA-679-D_007_jpg.rf.34de0be2ff800849eeb730bc4890f94f_r1c1.jpg,TP,2,10,0.8161683277962348,6636,8124,76.47872848927716,93.62766579971182
ZAINA-679-D_007_jpg.rf.34de0be2ff800849eeb730bc4890f94f_r1c1.jpg,TP,22,9,0.8104684114019003,4865,5996,56.06826613929074,69.10284147403644
ZAINA-679-D_007_jpg.rf.34de0be2ff800849eeb730bc4890f94f_r1c1.jpg,TP,20,15,0.8090586145648313,4658,5527,53.682627682798824,63.69769927068035
ZAINA-679-D_007_jpg.rf.34de0be2ff800849eeb730bc4890f94f_r1c1.jpg,TP,28,6,0.8069815195071869,1694,1826,19.523050943465265,21.044327640358663
ZAINA-679-D_007_jpg.rf.34de0be2ff800849eeb730bc4890f94f_r1c1.jpg,TP,12,25,0.805497790486093,15248,12535,175.73050813811003,144.46366208756618
ZAINA-679-D_007_jpg.rf.34de0be2ff800849eeb730bc4890f94f_r1c1.jpg,TP,17,23,0.795863550899812,3116,3570,35.91134990545323,41.143619756889606
ZAINA-679-D_007_jpg.rf.34de0be2ff800849eeb730bc4890f94f_r1c1.jpg,TP,31,7,0.7512835139760411,2634,3506,30.356384997100065,40.40603105536554
ZAINA-679-D_007_jpg.rf.34de0be2ff800849eeb730bc4890f94f_r1c1.jpg,TP,5,12,0.75,3357,4476,38.68883235962981,51.58510981283975
ZAINA-679-D_007_jpg.rf.34de0be2ff800849eeb730bc4890f94f_r1c1.jpg,TP,14,16,0.7289647150058162,1890,2569,21.781916341882734,29.60727147211468
ZAINA-679-D_007_jpg.rf.34de0be2ff800849eeb730bc4890f94f_r1c1.jpg,TP,9,22,0.7283476204552173,2464,3383,28.39716500867675,38.98847776962396
ZAINA-679-D_007_jpg.rf.34de0be2ff800849eeb730bc4890f94f_r1c1.jpg,TP,30,24,0.7085983510011779,4020,3233,46.32979031448073,37.25975425042692
ZAINA-679-D_007_jpg.rf.34de0be2ff800849eeb730bc4890f94f_r1c1.jpg,TP,18,11,0.5732384588684485,3306,5759,38.10106636310282,66.37145831370512
ZAINA-679-D_007_jpg.rf.34de0be2ff800849eeb730bc4890f94f_r1c1.jpg,FP,13,-1,0.0,0,7709,0.0,88.84486406326667
ZAINA-679-D_007_jpg.rf.34de0be2ff800849eeb730bc4890f94f_r1c1.jpg,FP,23,-1,0.0,0,4835,0.0,55.722521435451334
ZAINA-679-D_007_jpg.rf.34de0be2ff800849eeb730bc4890f94f_r1c1.jpg,FP,25,-1,0.0,0,5293,0.0,61.00089058073297
ZAINA-679-D_007_jpg.rf.34de0be2ff800849eeb730bc4890f94f_r1c1.jpg,FP,26,-1,0.0,0,9187,0.0,105.87855313908818
ZAINA-679-D_007_jpg.rf.34de0be2ff800849eeb730bc4890f94f_r1c1.jpg,FP,27,-1,0.0,0,1102,0.0,12.700355454367605
ZAINA-679-D_007_jpg.rf.34de0be2ff800849eeb730bc4890f94f_r1c1.jpg,FN,-1,1,0.0,7410,0,85.39894184833389,0.0
ZAINA-679-D_007_jpg.rf.34de0be2ff800849eeb730bc4890f94f_r1c1.jpg,FN,-1,18,0.0,1086,0,12.515958278986586,0.0
ZAINA-679-D_007_jpg.rf.34de0be2ff800849eeb730bc4890f94f_r1c1.jpg,FN,-1,20,0.0,6408,0,73.85106874009765,0.0
ZAINA-679-D_007_jpg.rf.34de0be2ff800849eeb730bc4890f94f_r1c1.jpg,FN,-1,29,0.0,14563,0,167.8360040671102,0.0
ZAINA-679-D_007_jpg.rf.34de0be2ff800849eeb730bc4890f94f_r1c1.jpg,FN,-1,30,0.0,6458,0,74.42730991316333,0.0
ZAINA-679-D_007_jpg.rf.34de0be2ff800849eeb730bc4890f94f_r1c1.jpg,FN,-1,32,0.0,6807,0,78.44947330116179,0.0
ZAINA-679-D_007_jpg.rf.34de0be2ff800849eeb730bc4890f94f_r1c1.jpg,FN,-1,33,0.0,1090,0,12.562057572831842,0.0
ZAINA-679-D_007_jpg.rf.34de0be2ff800849eeb730bc4890f94f_r1c1.jpg,FN,-1,34,0.0,5898,0,67.9734087748277,0.0
ZAINA-679-D_007_jpg.rf.34de0be2ff800849eeb730bc4890f94f_r1c1.jpg,FN,-1,35,0.0,2148,0,24.755320794901646,0.0
ZAINA-679-D_007_jpg.rf.34de0be2ff800849eeb730bc4890f94f_r1c1.jpg,FN,-1,36,0.0,3241,0,37.35195283811743,0.0
ZAINA-679-D_007_jpg.rf.34de0be2ff800849eeb730bc4890f94f_r1c2.jpg,TP,11,3,0.9144250168123739,5548,5839,63.93972056336794,67.2934441906102
ZAINA-679-D_007_jpg.rf.34de0be2ff800849eeb730bc4890f94f_r1c2.jpg,TP,6,18,0.908352144469526,6079,6602,70.05940182132547,76.08688449159249
ZAINA-679-D_007_jpg.rf.34de0be2ff800849eeb730bc4890f94f_r1c2.jpg,TP,8,22,0.8963271875914545,12407,13512,142.98848468451803,155.72341460926958
ZAINA-679-D_007_jpg.rf.34de0be2ff800849eeb730bc4890f94f_r1c2.jpg,TP,23,10,0.8788766368022054,16661,16054,192.01508368894616,185.0195158479288
ZAINA-679-D_007_jpg.rf.34de0be2ff800849eeb730bc4890f94f_r1c2.jpg,TP,4,11,0.8727272727272727,6680,7534,76.98582072157495,86.82801995753678
ZAINA-679-D_007_jpg.rf.34de0be2ff800849eeb730bc4890f94f_r1c2.jpg,TP,1,26,0.8629307668425955,5584,6417,64.35461420797523,73.95479215124948
ZAINA-679-D_007_jpg.rf.34de0be2ff800849eeb730bc4890f94f_r1c2.jpg,TP,25,12,0.8610203568735864,3532,3873,40.705676465359694,44.63564126566764
ZAINA-679-D_007_jpg.rf.34de0be2ff800849eeb730bc4890f94f_r1c2.jpg,TP,5,28,0.8578648696577408,9705,11248,111.84841169204864,129.63121429285556
ZAINA-679-D_007_jpg.rf.34de0be2ff800849eeb730bc4890f94f_r1c2.jpg,TP,10,7,0.8521651306653201,7858,6813,90.56206275900239,78.51862224192966
ZAINA-679-D_007_jpg.rf.34de0be2ff800849eeb730bc4890f94f_r1c2.jpg,TP,21,9,0.8488238668961561,3042,3403,35.05851296931602,39.21897423885024
ZAINA-679-D_007_jpg.rf.34de0be2ff800849eeb730bc4890f94f_r1c2.jpg,TP,2,1,0.8406737539693497,6089,7243,70.17465005593861,83.47429633029452
ZAINA-679-D_007_jpg.rf.34de0be2ff800849eeb730bc4890f94f_r1c2.jpg,TP,17,2,0.8252863238266337,7384,8872,85.09929643833974,102.2482337487744
ZAINA-679-D_007_jpg.rf.34de0be2ff800849eeb730bc4890f94f_r1c2.jpg,TP,0,35,0.818594791035736,8114,9901,93.51241756509867,114.10727709046611
ZAINA-679-D_007_jpg.rf.34de0be2ff800849eeb730bc4890f94f_r1c2.jpg,TP,9,5,0.8101433882103027,6105,7529,70.35904723131962,86.77039584023021
ZAINA-679-D_007_jpg.rf.34de0be2ff800849eeb730bc4890f94f_r1c2.jpg,TP,12,29,0.8059490084985835,3983,4942,45.903371846412135,56.95567754581189
ZAINA-679-D_007_jpg.rf.34de0be2ff800849eeb730bc4890f94f_r1c2.jpg,TP,3,15,0.8037537382695679,7794,9697,89.82447405747833,111.75621310435814
ZAINA-679-D_007_jpg.rf.34de0be2ff800849eeb730bc4890f94f_r1c2.jpg,TP,31,32,0.8031788079470199,3547,3260,40.878548817279395,37.570924483882386
ZAINA-679-D_007_jpg.rf.34de0be2ff800849eeb730bc4890f94f_r1c2.jpg,TP,7,14,0.7880827314510834,5977,4916,68.88386982827149,56.65603213581773
ZAINA-679-D_007_jpg.rf.34de0be2ff800849eeb730bc4890f94f_r1c2.jpg,TP,15,21,0.7780107611963918,20359,24582,234.6338808488839,283.3032103260113
ZAINA-679-D_007_jpg.rf.34de0be2ff800849eeb730bc4890f94f_r1c2.jpg,TP,13,8,0.7604408352668214,2938,3132,33.8599313293394,36.09574708083424
ZAINA-679-D_007_jpg.rf.34de0be2ff800849eeb730bc4890f94f_r1c2.jpg,TP,22,4,0.7569221801224133,16145,13995,186.06827478290833,161.28990434108405
ZAINA-679-D_007_jpg.rf.34de0be2ff800849eeb730bc4890f94f_r1c2.jpg,TP,20,24,0.7558886509635975,3177,4203,36.61436413659336,48.438833007901124
ZAINA-679-D_007_jpg.rf.34de0be2ff800849eeb730bc4890f94f_r1c2.jpg,TP,26,6,0.7016107909900472,14685,11302,169.24203252939046,130.25355475976647
ZAINA-679-D_007_jpg.rf.34de0be2ff800849eeb730bc4890f94f_r1c2.jpg,TP,27,0,0.7015803013597942,2481,2149,28.59308700751908,24.76684561836296
ZAINA-679-D_007_jpg.rf.34de0be2ff800849eeb730bc4890f94f_r1c2.jpg,TP,24,30,0.6987451832822844,15063,19323,173.598415797767,222.69416374296298
ZAINA-679-D_007_jpg.rf.34de0be2ff800849eeb730bc4890f94f_r1c2.jpg,TP,30,17,0.6718814326883491,4896,7287,56.425535666591465,83.98138856259231
ZAINA-679-D_007_jpg.rf.34de0be2ff800849eeb730bc4890f94f_r1c2.jpg,TP,18,23,0.657988842797883,4600,6991,53.01418792204263,80.5700408180435
ZAINA-679-D_007_jpg.rf.34de0be2ff800849eeb730bc4890f94f_r1c2.jpg,TP,14,31,0.620607787274454,2614,4212,30.12588852787379,48.54255641905295
ZAINA-679-D_007_jpg.rf.34de0be2ff800849eeb730bc4890f94f_r1c2.jpg,FP,16,-1,0.0,0,5252,0.0,60.52837281881911
ZAINA-679-D_007_jpg.rf.34de0be2ff800849eeb730bc4890f94f_r1c2.jpg,FP,19,-1,0.0,0,13820,0.0,159.27306023535417
ZAINA-679-D_007_jpg.rf.34de0be2ff800849eeb730bc4890f94f_r1c2.jpg,FP,28,-1,0.0,0,17958,0.0,206.9627797182699
ZAINA-679-D_007_jpg.rf.34de0be2ff800849eeb730bc4890f94f_r1c2.jpg,FP,29,-1,0.0,0,2637,0.0,30.390959467484006
ZAINA-679-D_007_jpg.rf.34de0be2ff800849eeb730bc4890f94f_r1c2.jpg,FN,-1,13,0.0,11455,0,132.01685274934746,0.0
ZAINA-679-D_007_jpg.rf.34de0be2ff800849eeb730bc4890f94f_r1c2.jpg,FN,-1,16,0.0,400,0,4.609929384525446,0.0
ZAINA-679-D_007_jpg.rf.34de0be2ff800849eeb730bc4890f94f_r1c2.jpg,FN,-1,19,0.0,5775,0,66.55585548908613,0.0
ZAINA-679-D_007_jpg.rf.34de0be2ff800849eeb730bc4890f94f_r1c2.jpg,FN,-1,20,0.0,7362,0,84.84575032219084,0.0
ZAINA-679-D_007_jpg.rf.34de0be2ff800849eeb730bc4890f94f_r1c2.jpg,FN,-1,25,0.0,7016,0,80.85816140457632,0.0
ZAINA-679-D_007_jpg.rf.34de0be2ff800849eeb730bc4890f94f_r1c2.jpg,FN,-1,27,0.0,28507,0,328.53814241166725,0.0
ZAINA-679-D_007_jpg.rf.34de0be2ff800849eeb730bc4890f94f_r1c2.jpg,FN,-1,33,0.0,9992,0,115.15603602544564,0.0
ZAINA-679-D_007_jpg.rf.34de0be2ff800849eeb730bc4890f94f_r1c2.jpg,FN,-1,34,0.0,7625,0,87.87677889251633,0.0
ZAINA-679-D_007_jpg.rf.34de0be2ff800849eeb730bc4890f94f_r2c0.jpg,TP,2,3,0.8810169491525424,5309,5789,61.185287756113986,66.71720301754452
ZAINA-679-D_007_jpg.rf.34de0be2ff800849eeb730bc4890f94f_r2c0.jpg,TP,4,4,0.8673746046091279,3901,4364,44.958336322584415,50.29432958517262
ZAINA-679-D_007_jpg.rf.34de0be2ff800849eeb730bc4890f94f_r2c0.jpg,TP,0,7,0.8672669183851293,6275,6583,72.31826721974294,75.86791284582753
ZAINA-679-D_007_jpg.rf.34de0be2ff800849eeb730bc4890f94f_r2c0.jpg,TP,1,14,0.8591144335825187,3044,3422,35.08156261623865,39.437945884615196
ZAINA-679-D_007_jpg.rf.34de0be2ff800849eeb730bc4890f94f_r2c0.jpg,TP,8,2,0.8572676958928052,3354,3022,38.65425788924587,34.828016500089745
ZAINA-679-D_007_jpg.rf.34de0be2ff800849eeb730bc4890f94f_r2c0.jpg,TP,10,6,0.8397606382978723,6782,7053,78.16135271462895,81.28457987264493
ZAINA-679-D_007_jpg.rf.34de0be2ff800849eeb730bc4890f94f_r2c0.jpg,TP,12,16,0.8357298474945534,1987,2226,22.899824217630155,25.65425702488411
ZAINA-679-D_007_jpg.rf.34de0be2ff800849eeb730bc4890f94f_r2c0.jpg,TP,9,15,0.7871532846715329,2979,3142,34.33244909125326,36.210995315447384
ZAINA-679-D_007_jpg.rf.34de0be2ff800849eeb730bc4890f94f_r2c0.jpg,TP,3,1,0.7793611793611793,3369,3873,38.82713024116557,44.63564126566764
ZAINA-679-D_007_jpg.rf.34de0be2ff800849eeb730bc4890f94f_r2c0.jpg,TP,7,11,0.770140428677014,4189,5391,48.27748547944274,62.130323279941706
ZAINA-679-D_007_jpg.rf.34de0be2ff800849eeb730bc4890f94f_r2c0.jpg,TP,6,8,0.723404255319149,2312,3196,26.64539184255708,36.83333578235832
ZAINA-679-D_007_jpg.rf.34de0be2ff800849eeb730bc4890f94f_r2c0.jpg,TP,5,10,0.6605061131646289,2323,3517,26.77216490063153,40.53280411343999
ZAINA-679-D_007_jpg.rf.34de0be2ff800849eeb730bc4890f94f_r2c0.jpg,TP,11,0,0.6187618908239426,6816,4245,78.5531967123136,48.9228755932763
ZAINA-679-D_007_jpg.rf.34de0be2ff800849eeb730bc4890f94f_r2c0.jpg,FN,-1,5,0.0,2514,0,28.97340618174243,0.0
ZAINA-679-D_007_jpg.rf.34de0be2ff800849eeb730bc4890f94f_r2c0.jpg,FN,-1,9,0.0,1917,0,22.0930865753382,0.0
ZAINA-679-D_007_jpg.rf.34de0be2ff800849eeb730bc4890f94f_r2c0.jpg,FN,-1,12,0.0,1962,0,22.611703631097313,0.0
ZAINA-679-D_007_jpg.rf.34de0be2ff800849eeb730bc4890f94f_r2c0.jpg,FN,-1,13,0.0,5494,0,63.31738009645701,0.0
ZAINA-679-D_007_jpg.rf.34de0be2ff800849eeb730bc4890f94f_r2c0.jpg,FN,-1,17,0.0,2035,0,23.453015743773207,0.0
ZAINA-679-D_007_jpg.rf.34de0be2ff800849eeb730bc4890f94f_r2c0.jpg,FN,-1,18,0.0,2977,0,34.30939944433064,0.0
ZAINA-679-D_007_jpg.rf.34de0be2ff800849eeb730bc4890f94f_r2c0.jpg,FN,-1,19,0.0,4704,0,54.21276956201925,0.0
ZAINA-679-D_007_jpg.rf.34de0be2ff800849eeb730bc4890f94f_r2c0.jpg,FN,-1,20,0.0,4100,0,47.25177619138582,0.0
ZAINA-679-D_007_jpg.rf.34de0be2ff800849eeb730bc4890f94f_r2c0.jpg,FN,-1,21,0.0,1269,0,14.625000972406978,0.0
ZAINA-679-D_007_jpg.rf.34de0be2ff800849eeb730bc4890f94f_r2c0.jpg,FN,-1,22,0.0,18508,0,213.3014326219924,0.0
ZAINA-679-D_007_jpg.rf.34de0be2ff800849eeb730bc4890f94f_r2c0.jpg,FN,-1,23,0.0,6417,0,73.95479215124948,0.0
ZAINA-679-D_007_jpg.rf.34de0be2ff800849eeb730bc4890f94f_r2c0.jpg,FN,-1,24,0.0,4303,0,49.59131535403249,0.0
ZAINA-679-D_007_jpg.rf.34de0be2ff800849eeb730bc4890f94f_r2c0.jpg,FN,-1,25,0.0,3087,0,35.577130025075135,0.0
ZAINA-679-D_007_jpg.rf.34de0be2ff800849eeb730bc4890f94f_r2c0.jpg,FN,-1,26,0.0,4336,0,49.97163452825584,0.0
ZAINA-679-D_007_jpg.rf.34de0be2ff800849eeb730bc4890f94f_r2c0.jpg,FN,-1,27,0.0,2701,0,31.128548169008077,0.0
ZAINA-679-D_007_jpg.rf.34de0be2ff800849eeb730bc4890f94f_r2c0.jpg,FN,-1,28,0.0,1952,0,22.49645539648418,0.0
ZAINA-679-D_007_jpg.rf.34de0be2ff800849eeb730bc4890f94f_r2c0.jpg,FN,-1,29,0.0,2092,0,24.109930681068086,0.0
ZAINA-679-D_007_jpg.rf.34de0be2ff800849eeb730bc4890f94f_r2c0.jpg,FN,-1,30,0.0,4237,0,48.83067700558579,0.0
ZAINA-679-D_007_jpg.rf.34de0be2ff800849eeb730bc4890f94f_r2c0.jpg,FN,-1,31,0.0,8626,0,99.41312717729124,0.0
ZAINA-679-D_007_jpg.rf.34de0be2ff800849eeb730bc4890f94f_r2c0.jpg,FN,-1,32,0.0,4308,0,49.648939471339055,0.0
ZAINA-679-D_007_jpg.rf.34de0be2ff800849eeb730bc4890f94f_r2c0.jpg,FN,-1,33,0.0,4209,0,48.507981948669006,0.0
ZAINA-679-D_007_jpg.rf.34de0be2ff800849eeb730bc4890f94f_r2c1.jpg,TP,0,27,0.9357624512007571,8013,8350,92.34841039550601,96.23227590196869
ZAINA-679-D_007_jpg.rf.34de0be2ff800849eeb730bc4890f94f_r2c1.jpg,TP,16,19,0.8954314720812183,7606,7330,87.65780724675136,84.47695597142881
ZAINA-679-D_007_jpg.rf.34de0be2ff800849eeb730bc4890f94f_r2c1.jpg,TP,21,15,0.8938398128550741,17214,16788,198.38831106305258,193.47873626853297
ZAINA-679-D_007_jpg.rf.34de0be2ff800849eeb730bc4890f94f_r2c1.jpg,TP,26,7,0.8734793187347932,19535,17425,225.1374263167615,200.82004881338975
ZAINA-679-D_007_jpg.rf.34de0be2ff800849eeb730bc4890f94f_r2c1.jpg,TP,18,29,0.8651192640924164,8721,8716,100.50798540611605,100.45036128880948
ZAINA-679-D_007_jpg.rf.34de0be2ff800849eeb730bc4890f94f_r2c1.jpg,TP,4,10,0.8505509641873278,4940,5808,56.932627898889265,66.93617466330949
ZAINA-679-D_007_jpg.rf.34de0be2ff800849eeb730bc4890f94f_r2c1.jpg,TP,32,18,0.8484500574052812,6026,6854,69.44858617787585,78.99114000384353
ZAINA-679-D_007_jpg.rf.34de0be2ff800849eeb730bc4890f94f_r2c1.jpg,TP,29,11,0.8420737189091999,3087,3060,35.577130025075135,35.265959791619665
ZAINA-679-D_007_jpg.rf.34de0be2ff800849eeb730bc4890f94f_r2c1.jpg,TP,9,17,0.815744080288537,10439,12719,120.30763211265284,146.58422960444787
ZAINA-679-D_007_jpg.rf.34de0be2ff800849eeb730bc4890f94f_r2c1.jpg,TP,14,6,0.8151997401753817,2521,3068,29.054079945971626,35.358158379310176
ZAINA-679-D_007_jpg.rf.34de0be2ff800849eeb730bc4890f94f_r2c1.jpg,TP,43,9,0.8088624338624338,2485,2985,28.639186301364337,34.40159803202114
ZAINA-679-D_007_jpg.rf.34de0be2ff800849eeb730bc4890f94f_r2c1.jpg,TP,15,44,0.8031581813231691,2988,3635,34.436172502405086,41.892733281874996
ZAINA-679-D_007_jpg.rf.34de0be2ff800849eeb730bc4890f94f_r2c1.jpg,TP,36,1,0.802958134870895,6595,7789,76.0062107273633,89.76684994017175
ZAINA-679-D_007_jpg.rf.34de0be2ff800849eeb730bc4890f94f_r2c1.jpg,TP,3,34,0.7923497267759563,2825,2423,32.55762627821097,27.92464724676289
ZAINA-679-D_007_jpg.rf.34de0be2ff800849eeb730bc4890f94f_r2c1.jpg,TP,39,30,0.7846250920180882,7516,9454,86.62057313523313,108.95568100325892
ZAINA-679-D_007_jpg.rf.34de0be2ff800849eeb730bc4890f94f_r2c1.jpg,TP,31,45,0.7795837763937414,5180,6535,59.69858552960453,75.31472131968448
ZAINA-679-D_007_jpg.rf.34de0be2ff800849eeb730bc4890f94f_r2c1.jpg,TP,11,41,0.7772753792298717,5487,6698,63.23670633222781,77.1932675438786
ZAINA-679-D_007_jpg.rf.34de0be2ff800849eeb730bc4890f94f_r2c1.jpg,TP,1,22,0.771370420624152,4560,5884,52.55319498359009,67.81206124636931
ZAINA-679-D_007_jpg.rf.34de0be2ff800849eeb730bc4890f94f_r2c1.jpg,TP,5,12,0.7689443145405733,8879,11547,102.3289075130036,133.0771365077883
ZAINA-679-D_007_jpg.rf.34de0be2ff800849eeb730bc4890f94f_r2c1.jpg,TP,7,23,0.7646593493523188,7783,10063,89.69770099940388,115.97429849119892
ZAINA-679-D_007_jpg.rf.34de0be2ff800849eeb730bc4890f94f_r2c1.jpg,TP,10,33,0.7601043024771839,3008,2392,34.66666897163135,27.56737771946217
ZAINA-679-D_007_jpg.rf.34de0be2ff800849eeb730bc4890f94f_r2c1.jpg,TP,17,28,0.7482142857142857,3771,5040,43.46010927261364,58.08511024502062
ZAINA-679-D_007_jpg.rf.34de0be2ff800849eeb730bc4890f94f_r2c1.jpg,TP,19,16,0.7341040462427746,3328,2672,38.35461247925171,30.79432828862998
ZAINA-679-D_007_jpg.rf.34de0be2ff800849eeb730bc4890f94f_r2c1.jpg,TP,27,43,0.7318737560420813,3229,2862,37.213654956581664,32.984044746279565
ZAINA-679-D_007_jpg.rf.34de0be2ff800849eeb730bc4890f94f_r2c1.jpg,TP,37,35,0.7298280423280423,2365,2866,27.2562074860067,33.030144040124824
ZAINA-679-D_007_jpg.rf.34de0be2ff800849eeb730bc4890f94f_r2c1.jpg,TP,12,46,0.7286614936954413,3483,3646,40.14096011575533,42.019506339949444
ZAINA-679-D_007_jpg.rf.34de0be2ff800849eeb730bc4890f94f_r2c1.jpg,TP,8,47,0.7203502255240116,3120,3364,35.95744919929848,38.769506123859
ZAINA-679-D_007_jpg.rf.34de0be2ff800849eeb730bc4890f94f_r2c1.jpg,TP,28,0,0.72,4482,5967,51.65425875360763,68.76862159365835
ZAINA-679-D_007_jpg.rf.34de0be2ff800849eeb730bc4890f94f_r2c1.jpg,TP,2,37,0.7151484650226472,3643,3173,41.9849318695655,36.5682648427481
ZAINA-679-D_007_jpg.rf.34de0be2ff800849eeb730bc4890f94f_r2c1.jpg,TP,24,32,0.7082079931241942,2254,1721,25.97695208180089,19.83422117692073
ZAINA-679-D_007_jpg.rf.34de0be2ff800849eeb730bc4890f94f_r2c1.jpg,TP,41,36,0.6946902654867256,2412,2567,27.797874188688443,29.584221825192053
ZAINA-679-D_007_jpg.rf.34de0be2ff800849eeb730bc4890f94f_r2c1.jpg,TP,25,13,0.6934097421203438,3630,5235,41.83510916456842,60.33245081997678
ZAINA-679-D_007_jpg.rf.34de0be2ff800849eeb730bc4890f94f_r2c1.jpg,TP,23,42,0.6933629959213942,2409,2158,27.763299718304502,24.870569029514783
ZAINA-679-D_007_jpg.rf.34de0be2ff800849eeb730bc4890f94f_r2c1.jpg,TP,42,21,0.6911764705882353,1808,1757,20.83688081805502,20.24911482152802
ZAINA-679-D_007_jpg.rf.34de0be2ff800849eeb730bc4890f94f_r2c1.jpg,TP,6,40,0.6895453229076166,4766,6902,54.92730861662069,79.54433152998658
ZAINA-679-D_007_jpg.rf.34de0be2ff800849eeb730bc4890f94f_r2c1.jpg,TP,38,26,0.687639946260636,3369,4168,38.82713024116557,48.03546418675515
ZAINA-679-D_007_jpg.rf.34de0be2ff800849eeb730bc4890f94f_r2c1.jpg,TP,34,39,0.6809935807982138,2685,3338,30.94415099362706,38.46986071386485
ZAINA-679-D_007_jpg.rf.34de0be2ff800849eeb730bc4890f94f_r2c1.jpg,TP,33,8,0.6182562620423893,2567,4152,29.584221825192053,47.851067011374134
ZAINA-679-D_007_jpg.rf.34de0be2ff800849eeb730bc4890f94f_r2c1.jpg,TP,13,24,0.5995589161940769,1903,3174,21.931739046879812,36.579789666209415
ZAINA-679-D_007_jpg.rf.34de0be2ff800849eeb730bc4890f94f_r2c1.jpg,TP,30,4,0.5970709055188427,3735,5207,43.04521562800635,60.00975576306
ZAINA-679-D_007_jpg.rf.34de0be2ff800849eeb730bc4890f94f_r2c1.jpg,FP,20,-1,0.0,0,15661,0.0,180.49026022763255
ZAINA-679-D_007_jpg.rf.34de0be2ff800849eeb730bc4890f94f_r2c1.jpg,FP,22,-1,0.0,0,1759,0.0,20.27216446845065
ZAINA-679-D_007_jpg.rf.34de0be2ff800849eeb730bc4890f94f_r2c1.jpg,FP,35,-1,0.0,0,5396,0.0,62.18794739724827
ZAINA-679-D_007_jpg.rf.34de0be2ff800849eeb730bc4890f94f_r2c1.jpg,FP,40,-1,0.0,0,4416,0.0,50.89362040516093
ZAINA-679-D_007_jpg.rf.34de0be2ff800849eeb730bc4890f94f_r2c1.jpg,FN,-1,2,0.0,9498,0,109.46277323555672,0.0
ZAINA-679-D_007_jpg.rf.34de0be2ff800849eeb730bc4890f94f_r2c1.jpg,FN,-1,3,0.0,4022,0,46.35283996140336,0.0
ZAINA-679-D_007_jpg.rf.34de0be2ff800849eeb730bc4890f94f_r2c1.jpg,FN,-1,5,0.0,2124,0,24.47872503183012,0.0
ZAINA-679-D_007_jpg.rf.34de0be2ff800849eeb730bc4890f94f_r2c1.jpg,FN,-1,14,0.0,2524,0,29.088654416355567,0.0
ZAINA-679-D_007_jpg.rf.34de0be2ff800849eeb730bc4890f94f_r2c1.jpg,FN,-1,20,0.0,3146,0,36.257094609292636,0.0
ZAINA-679-D_007_jpg.rf.34de0be2ff800849eeb730bc4890f94f_r2c1.jpg,FN,-1,25,0.0,3107,0,35.8076264943014,0.0
ZAINA-679-D_007_jpg.rf.34de0be2ff800849eeb730bc4890f94f_r2c1.jpg,FN,-1,31,0.0,7288,0,83.99291338605363,0.0
ZAINA-679-D_007_jpg.rf.34de0be2ff800849eeb730bc4890f94f_r2c1.jpg,FN,-1,38,0.0,4168,0,48.03546418675515,0.0
ZAINA-679-D_007_jpg.rf.34de0be2ff800849eeb730bc4890f94f_r2c1.jpg,FN,-1,48,0.0,3378,0,38.930853652317396,0.0
ZAINA-679-D_007_jpg.rf.34de0be2ff800849eeb730bc4890f94f_r2c1.jpg,FN,-1,49,0.0,2622,0,30.218087115564302,0.0
ZAINA-679-D_007_jpg.rf.34de0be2ff800849eeb730bc4890f94f_r2c2.jpg,TP,24,4,0.9252699784017279,6522,6849,75.1648986146874,78.93351588653695
ZAINA-679-D_007_jpg.rf.34de0be2ff800849eeb730bc4890f94f_r2c2.jpg,TP,5,17,0.918990151199889,6743,7091,77.71188459963771,81.72252316417485
ZAINA-679-D_007_jpg.rf.34de0be2ff800849eeb730bc4890f94f_r2c2.jpg,TP,3,23,0.9110871130309576,7656,8271,88.23404841981704,95.32181484852492
ZAINA-679-D_007_jpg.rf.34de0be2ff800849eeb730bc4890f94f_r2c2.jpg,TP,0,9,0.9004343468092215,16274,17854,187.5549770094178,205.7641980782933
ZAINA-679-D_007_jpg.rf.34de0be2ff800849eeb730bc4890f94f_r2c2.jpg,TP,2,16,0.8971819196428571,6530,7069,75.2570972023779,81.46897704802595
ZAINA-679-D_007_jpg.rf.34de0be2ff800849eeb730bc4890f94f_r2c2.jpg,TP,4,15,0.8865013774104683,3278,3570,37.77837130618603,41.143619756889606
ZAINA-679-D_007_jpg.rf.34de0be2ff800849eeb730bc4890f94f_r2c2.jpg,TP,11,25,0.8797912249225249,5648,5877,65.0922029094993,67.73138748214012
ZAINA-679-D_007_jpg.rf.34de0be2ff800849eeb730bc4890f94f_r2c2.jpg,TP,9,27,0.872360176375029,7679,8457,88.49911935942725,97.46543201232925
ZAINA-679-D_007_jpg.rf.34de0be2ff800849eeb730bc4890f94f_r2c2.jpg,TP,20,8,0.8715825446898002,20409,22308,235.2101220219496,257.09576177498417
ZAINA-679-D_007_jpg.rf.34de0be2ff800849eeb730bc4890f94f_r2c2.jpg,TP,7,26,0.8699604743083004,6649,7544,76.62855119427424,86.94326819214992
ZAINA-679-D_007_jpg.rf.34de0be2ff800849eeb730bc4890f94f_r2c2.jpg,TP,15,1,0.8626041966082207,3282,3198,37.82447060003129,36.85638542928094
ZAINA-679-D_007_jpg.rf.34de0be2ff800849eeb730bc4890f94f_r2c2.jpg,TP,16,24,0.8267942583732057,14710,17743,169.5301531159233,204.48494267408748
ZAINA-679-D_007_jpg.rf.34de0be2ff800849eeb730bc4890f94f_r2c2.jpg,TP,12,10,0.8263866097801116,5082,6048,58.569152830395794,69.70213229402475
ZAINA-679-D_007_jpg.rf.34de0be2ff800849eeb730bc4890f94f_r2c2.jpg,TP,10,21,0.8257804632426989,3599,3653,41.47783963726771,42.10018010417864
ZAINA-679-D_007_jpg.rf.34de0be2ff800849eeb730bc4890f94f_r2c2.jpg,TP,21,20,0.8091256569517439,3413,4160,39.33422247346337,47.943265599064645
ZAINA-679-D_007_jpg.rf.34de0be2ff800849eeb730bc4890f94f_r2c2.jpg,TP,8,18,0.8002490217004624,4501,5620,51.87323039937259,64.76950785258252
ZAINA-679-D_007_jpg.rf.34de0be2ff800849eeb730bc4890f94f_r2c2.jpg,TP,1,19,0.7903407346771718,7784,9713,89.70922582286518,111.94061027973915
ZAINA-679-D_007_jpg.rf.34de0be2ff800849eeb730bc4890f94f_r2c2.jpg,TP,23,28,0.7781875658587988,3694,3056,42.5726978660925,35.21986049777441
ZAINA-679-D_007_jpg.rf.34de0be2ff800849eeb730bc4890f94f_r2c2.jpg,TP,6,11,0.7720137355898945,6295,8154,72.54876368896922,93.97341050355122
ZAINA-679-D_007_jpg.rf.34de0be2ff800849eeb730bc4890f94f_r2c2.jpg,TP,14,6,0.7497575757575757,12553,16318,144.67110890986982,188.0620692417156
ZAINA-679-D_007_jpg.rf.34de0be2ff800849eeb730bc4890f94f_r2c2.jpg,TP,18,2,0.7197122302158273,2523,3453,29.077129592894252,39.79521541191591
ZAINA-679-D_007_jpg.rf.34de0be2ff800849eeb730bc4890f94f_r2c2.jpg,TP,17,3,0.7147213281382347,4375,5747,50.42110264324707,66.23316043216936
ZAINA-679-D_007_jpg.rf.34de0be2ff800849eeb730bc4890f94f_r2c2.jpg,TP,13,5,0.5292845124589376,6606,12481,76.13298378543774,143.84132162065524
ZAINA-679-D_007_jpg.rf.34de0be2ff800849eeb730bc4890f94f_r2c2.jpg,FP,19,-1,0.0,0,9451,0.0,108.92110653287499
ZAINA-679-D_007_jpg.rf.34de0be2ff800849eeb730bc4890f94f_r2c2.jpg,FP,22,-1,0.0,0,13636,0.0,157.15249271847247
ZAINA-679-D_007_jpg.rf.34de0be2ff800849eeb730bc4890f94f_r2c2.jpg,FN,-1,0,0.0,7981,0,91.97961604474396,0.0
ZAINA-679-D_007_jpg.rf.34de0be2ff800849eeb730bc4890f94f_r2c2.jpg,FN,-1,7,0.0,12295,0,141.69770445685091,0.0
ZAINA-679-D_007_jpg.rf.34de0be2ff800849eeb730bc4890f94f_r2c2.jpg,FN,-1,12,0.0,5674,0,65.39184831949346,0.0
ZAINA-679-D_007_jpg.rf.34de0be2ff800849eeb730bc4890f94f_r2c2.jpg,FN,-1,13,0.0,13078,0,150.72164122705948,0.0
ZAINA-679-D_007_jpg.rf.34de0be2ff800849eeb730bc4890f94f_r2c2.jpg,FN,-1,14,0.0,1974,0,22.750001512633077,0.0
ZAINA-679-D_007_jpg.rf.34de0be2ff800849eeb730bc4890f94f_r2c2.jpg,FN,-1,22,0.0,4287,0,49.40691817865147,0.0
ZAINA-679-D_007_jpg.rf.34de0be2ff800849eeb730bc4890f94f_r2c2.jpg,FN,-1,29,0.0,7469,0,86.07890643255139,0.0
ZAINA-679-D_007_jpg.rf.34de0be2ff800849eeb730bc4890f94f_r2c2.jpg,FN,-1,30,0.0,2294,0,26.437945020253434,0.0
ZAINA-679-D_011_jpg.rf.ad543589609cac000708358c39701f62_r0c0.jpg,TP,3,11,0.8979279891304348,5698,5477,65.66844408256499,63.12145809761467
ZAINA-679-D_011_jpg.rf.ad543589609cac000708358c39701f62_r0c0.jpg,TP,15,7,0.8956043956043956,1650,1800,19.015958711167467,20.744682230364507
ZAINA-679-D_011_jpg.rf.ad543589609cac000708358c39701f62_r0c0.jpg,TP,9,3,0.8931854199683043,5651,6295,65.12677737988324,72.54876368896922
ZAINA-679-D_011_jpg.rf.ad543589609cac000708358c39701f62_r0c0.jpg,TP,7,18,0.8878535773710483,5906,5440,68.06560736251822,62.69503962954607
ZAINA-679-D_011_jpg.rf.ad543589609cac000708358c39701f62_r0c0.jpg,TP,16,19,0.8849912302681032,3919,3604,45.16578314488806,41.53546375457427
ZAINA-679-D_011_jpg.rf.ad543589609cac000708358c39701f62_r0c0.jpg,TP,4,2,0.86084142394822,3462,4013,39.89893882306774,46.24911655025154
ZAINA-679-D_011_jpg.rf.ad543589609cac000708358c39701f62_r0c0.jpg,TP,2,0,0.8500173792144595,4900,5745,56.47163496043672,66.21011078524673
ZAINA-679-D_011_jpg.rf.ad543589609cac000708358c39701f62_r0c0.jpg,TP,8,1,0.8279329608938547,3705,4475,42.699470924166945,51.57358498937843
ZAINA-679-D_011_jpg.rf.ad543589609cac000708358c39701f62_r0c0.jpg,TP,5,12,0.8226626016260162,3260,3914,37.570924483882386,45.10815902758149
ZAINA-679-D_011_jpg.rf.ad543589609cac000708358c39701f62_r0c0.jpg,TP,6,9,0.7916885849552867,1512,1894,17.425533073506188,21.82801563572799
ZAINA-679-D_011_jpg.rf.ad543589609cac000708358c39701f62_r0c0.jpg,TP,13,14,0.7719950433705081,1887,2403,21.747341871498794,27.69415077753662
ZAINA-679-D_011_jpg.rf.ad543589609cac000708358c39701f62_r0c0.jpg,TP,0,13,0.7643702451394759,3617,4732,41.68528645957135,54.53546461893603
ZAINA-679-D_011_jpg.rf.ad543589609cac000708358c39701f62_r0c0.jpg,TP,1,8,0.7519863791146425,2650,3524,30.54078217248108,40.61347787766918
ZAINA-679-D_011_jpg.rf.ad543589609cac000708358c39701f62_r0c0.jpg,TP,12,15,0.751364972700546,1793,2377,20.664008466135314,27.394505367542465
ZAINA-679-D_011_jpg.rf.ad543589609cac000708358c39701f62_r0c0.jpg,TP,10,6,0.7444061962134251,4837,5298,55.74557108237396,61.05851469803954
ZAINA-679-D_011_jpg.rf.ad543589609cac000708358c39701f62_r0c0.jpg,TP,11,4,0.7285636264336428,2668,3662,30.74822899478473,42.20390351533046
ZAINA-679-D_011_jpg.rf.ad543589609cac000708358c39701f62_r0c0.jpg,TP,14,17,0.6971186440677966,4169,5844,48.046989010216464,67.35106830791678
ZAINA-679-D_011_jpg.rf.ad543589609cac000708358c39701f62_r0c0.jpg,TP,19,5,0.6801029159519726,1586,2332,18.278370009643396,26.875888311783353
ZAINA-679-D_011_jpg.rf.ad543589609cac000708358c39701f62_r0c0.jpg,TP,20,10,0.5735906167234204,1577,2582,18.174646598491574,29.757094177111757
ZAINA-679-D_011_jpg.rf.ad543589609cac000708358c39701f62_r0c0.jpg,TP,18,20,0.5097799511002445,1701,3239,19.60372470769446,37.328903191194804
ZAINA-679-D_011_jpg.rf.ad543589609cac000708358c39701f62_r0c0.jpg,FP,17,-1,0.0,0,734,0.0,8.459220420604193
ZAINA-679-D_011_jpg.rf.ad543589609cac000708358c39701f62_r0c0.jpg,FN,-1,16,0.0,1869,0,21.53989504919515,0.0
ZAINA-679-D_011_jpg.rf.ad543589609cac000708358c39701f62_r0c0.jpg,FN,-1,21,0.0,8706,0,100.33511305419634,0.0
ZAINA-679-D_011_jpg.rf.ad543589609cac000708358c39701f62_r0c0.jpg,FN,-1,22,0.0,511,0,5.889184788731257,0.0
ZAINA-679-D_011_jpg.rf.ad543589609cac000708358c39701f62_r0c1.jpg,TP,8,6,0.9362628106135056,6901,6891,79.53280670652526,79.41755847191213
ZAINA-679-D_011_jpg.rf.ad543589609cac000708358c39701f62_r0c1.jpg,TP,0,4,0.9322051074179165,9286,9781,107.01951066175823,112.72429827510848
ZAINA-679-D_011_jpg.rf.ad543589609cac000708358c39701f62_r0c1.jpg,TP,3,5,0.8805182341650671,1865,2054,21.493795755349893,23.671987389538167
ZAINA-679-D_011_jpg.rf.ad543589609cac000708358c39701f62_r0c1.jpg,TP,1,7,0.8585382871097157,5009,5646,57.7278407177199,65.06915326257668
ZAINA-679-D_011_jpg.rf.ad543589609cac000708358c39701f62_r0c1.jpg,TP,4,8,0.8116404715127702,3336,4041,38.446811066942224,46.57181160716832
ZAINA-679-D_011_jpg.rf.ad543589609cac000708358c39701f62_r0c1.jpg,TP,2,0,0.7483473333664695,15070,20105,173.6790895619962,231.70657568971023
ZAINA-679-D_011_jpg.rf.ad543589609cac000708358c39701f62_r0c1.jpg,TP,6,9,0.7342302987943387,4202,5723,48.427308184439816,65.95656466909783
ZAINA-679-D_011_jpg.rf.ad543589609cac000708358c39701f62_r0c1.jpg,TP,9,1,0.5341653027823241,2635,4864,30.367909820561376,56.05674131582943
ZAINA-679-D_011_jpg.rf.ad543589609cac000708358c39701f62_r0c1.jpg,TP,5,3,0.5341530054644809,1210,2159,13.945036388189475,24.882093852976098
ZAINA-679-D_011_jpg.rf.ad543589609cac000708358c39701f62_r0c1.jpg,TP,10,10,0.5131147540983606,1570,3045,18.093972834262377,35.09308743969996
ZAINA-679-D_011_jpg.rf.ad543589609cac000708358c39701f62_r0c1.jpg,FP,7,-1,0.0,0,14278,0.0,164.5514293806358
ZAINA-679-D_011_jpg.rf.ad543589609cac000708358c39701f62_r0c1.jpg,FP,11,-1,0.0,0,7114,0.0,81.98759410378506
ZAINA-679-D_011_jpg.rf.ad543589609cac000708358c39701f62_r0c1.jpg,FN,-1,2,0.0,2050,0,23.62588809569291,0.0
ZAINA-679-D_011_jpg.rf.ad543589609cac000708358c39701f62_r0c1.jpg,FN,-1,11,0.0,690,0,7.952128188306395,0.0
ZAINA-679-D_011_jpg.rf.ad543589609cac000708358c39701f62_r0c2.jpg,TP,4,19,0.8924827792752321,5968,6670,68.78014641711965,76.87057248696182
ZAINA-679-D_011_jpg.rf.ad543589609cac000708358c39701f62_r0c2.jpg,TP,0,3,0.8676797627872498,4701,5377,54.17819509163531,61.96897575148331
ZAINA-679-D_011_jpg.rf.ad543589609cac000708358c39701f62_r0c2.jpg,TP,3,11,0.8609304652326163,5186,5974,59.76773447037241,68.84929535788754
ZAINA-679-D_011_jpg.rf.ad543589609cac000708358c39701f62_r0c2.jpg,TP,5,5,0.8388599958394009,22614,21583,260.6223577541461,248.74026476553178
ZAINA-679-D_011_jpg.rf.ad543589609cac000708358c39701f62_r0c2.jpg,TP,2,8,0.8066930867459269,3694,4512,42.5726978660925,52.000003457447036
ZAINA-679-D_011_jpg.rf.ad543589609cac000708358c39701f62_r0c2.jpg,TP,15,21,0.8033282904689864,626,566,7.214539486782323,6.523050079103506
ZAINA-679-D_011_jpg.rf.ad543589609cac000708358c39701f62_r0c2.jpg,TP,13,31,0.7894401359821523,9402,7442,108.35639018327062,85.76773619909594
ZAINA-679-D_011_jpg.rf.ad543589609cac000708358c39701f62_r0c2.jpg,TP,12,9,0.7801769911504425,2207,2822,25.43528537911915,32.523051807827024
ZAINA-679-D_011_jpg.rf.ad543589609cac000708358c39701f62_r0c2.jpg,TP,10,17,0.7660593319317917,6559,8562,75.591317082756,98.67553847576718
ZAINA-679-D_011_jpg.rf.ad543589609cac000708358c39701f62_r0c2.jpg,TP,8,10,0.763915547024952,800,1038,9.219858769050893,11.962766752843534
ZAINA-679-D_011_jpg.rf.ad543589609cac000708358c39701f62_r0c2.jpg,TP,1,2,0.7538650306748467,9219,12222,106.24734748985023,140.85639234417502
ZAINA-679-D_011_jpg.rf.ad543589609cac000708358c39701f62_r0c2.jpg,TP,6,12,0.7492236024844721,1004,1249,11.57092275515887,14.394504503180706
ZAINA-679-D_011_jpg.rf.ad543589609cac000708358c39701f62_r0c2.jpg,TP,18,22,0.7394201932689104,4438,6002,51.14716652130983,69.17199041480433
ZAINA-679-D_011_jpg.rf.ad543589609cac000708358c39701f62_r0c2.jpg,TP,19,7,0.7367926743366987,3138,4259,36.164896021602125,49.08422312173469
ZAINA-679-D_011_jpg.rf.ad543589609cac000708358c39701f62_r0c2.jpg,TP,17,6,0.7361427486712224,1939,2634,22.346632691487102,30.356384997100065
ZAINA-679-D_011_jpg.rf.ad543589609cac000708358c39701f62_r0c2.jpg,TP,9,13,0.6904176904176904,2014,2802,23.21099445108562,32.29255533860075
ZAINA-679-D_011_jpg.rf.ad543589609cac000708358c39701f62_r0c2.jpg,TP,7,4,0.6701963020281828,8229,12276,94.83777226314974,141.47873281108593
ZAINA-679-D_011_jpg.rf.ad543589609cac000708358c39701f62_r0c2.jpg,TP,22,16,0.5496469231877792,7632,13874,87.95745265674552,159.8954007022651
ZAINA-679-D_011_jpg.rf.ad543589609cac000708358c39701f62_r0c2.jpg,TP,20,15,0.5472340425531915,643,1175,7.410461485624655,13.541667567043499
ZAINA-679-D_011_jpg.rf.ad543589609cac000708358c39701f62_r0c2.jpg,TP,11,18,0.504296747525291,4639,9190,53.463656037033864,105.91312760947213
ZAINA-679-D_011_jpg.rf.ad543589609cac000708358c39701f62_r0c2.jpg,FP,14,-1,0.0,0,7804,0.0,89.93972229209146
ZAINA-679-D_011_jpg.rf.ad543589609cac000708358c39701f62_r0c2.jpg,FP,16,-1,0.0,0,23088,0.0,266.0851240748088
ZAINA-679-D_011_jpg.rf.ad543589609cac000708358c39701f62_r0c2.jpg,FP,21,-1,0.0,0,5376,0.0,61.957450928022
ZAINA-679-D_011_jpg.rf.ad543589609cac000708358c39701f62_r0c2.jpg,FP,23,-1,0.0,0,15144,0.0,174.5319264981334
ZAINA-679-D_011_jpg.rf.ad543589609cac000708358c39701f62_r0c2.jpg,FP,24,-1,0.0,0,27471,0.0,316.59842530574633
ZAINA-679-D_011_jpg.rf.ad543589609cac000708358c39701f62_r0c2.jpg,FN,-1,0,0.0,2620,0,30.195037468641672,0.0
ZAINA-679-D_011_jpg.rf.ad543589609cac000708358c39701f62_r0c2.jpg,FN,-1,1,0.0,6037,0,69.5753592359503,0.0
ZAINA-679-D_011_jpg.rf.ad543589609cac000708358c39701f62_r0c2.jpg,FN,-1,14,0.0,3061,0,35.27748461508098,0.0
ZAINA-679-D_011_jpg.rf.ad543589609cac000708358c39701f62_r0c2.jpg,FN,-1,20,0.0,9961,0,114.79876649814493,0.0
ZAINA-679-D_011_jpg.rf.ad543589609cac000708358c39701f62_r0c2.jpg,FN,-1,23,0.0,4660,0,53.705677329721446,0.0
ZAINA-679-D_011_jpg.rf.ad543589609cac000708358c39701f62_r0c2.jpg,FN,-1,24,0.0,3452,0,39.783690588454604,0.0
ZAINA-679-D_011_jpg.rf.ad543589609cac000708358c39701f62_r0c2.jpg,FN,-1,25,0.0,5759,0,66.37145831370512,0.0
ZAINA-679-D_011_jpg.rf.ad543589609cac000708358c39701f62_r0c2.jpg,FN,-1,26,0.0,6684,0,77.03192001542021,0.0
ZAINA-679-D_011_jpg.rf.ad543589609cac000708358c39701f62_r0c2.jpg,FN,-1,27,0.0,6278,0,72.35284169012688,0.0
ZAINA-679-D_011_jpg.rf.ad543589609cac000708358c39701f62_r0c2.jpg,FN,-1,28,0.0,3980,0,45.86879737602819,0.0
ZAINA-679-D_011_jpg.rf.ad543589609cac000708358c39701f62_r0c2.jpg,FN,-1,29,0.0,561,0,6.465425961796939,0.0
ZAINA-679-D_011_jpg.rf.ad543589609cac000708358c39701f62_r0c2.jpg,FN,-1,30,0.0,857,0,9.87677370634577,0.0
ZAINA-679-D_011_jpg.rf.ad543589609cac000708358c39701f62_r1c0.jpg,TP,12,3,0.9110550559333187,8479,8946,97.71897812847814,103.1010706849116
ZAINA-679-D_011_jpg.rf.ad543589609cac000708358c39701f62_r1c0.jpg,TP,4,0,0.9041157847127996,3998,4422,46.076244198331835,50.96276934592881
ZAINA-679-D_011_jpg.rf.ad543589609cac000708358c39701f62_r1c0.jpg,TP,10,19,0.8661556603773585,4443,5052,51.204790638616394,58.223408126556386
ZAINA-679-D_011_jpg.rf.ad543589609cac000708358c39701f62_r1c0.jpg,TP,20,13,0.8310513860716701,11473,10192,132.2242995716511,117.46100071770837
ZAINA-679-D_011_jpg.rf.ad543589609cac000708358c39701f62_r1c0.jpg,TP,13,6,0.820543093270366,715,827,8.240248774839236,9.53102900250636
ZAINA-679-D_011_jpg.rf.ad543589609cac000708358c39701f62_r1c0.jpg,TP,6,14,0.8186068256194483,3514,4266,40.49822964305604,49.164896885963884
ZAINA-679-D_011_jpg.rf.ad543589609cac000708358c39701f62_r1c0.jpg,TP,5,18,0.814260389994091,4169,5042,48.046989010216464,58.10815989194325
ZAINA-679-D_011_jpg.rf.ad543589609cac000708358c39701f62_r1c0.jpg,TP,16,25,0.7781477627471384,4762,3782,54.88120932277544,43.5868823306881
ZAINA-679-D_011_jpg.rf.ad543589609cac000708358c39701f62_r1c0.jpg,TP,1,1,0.7720294258755798,10012,12149,115.38653249467193,140.01508023149913
ZAINA-679-D_011_jpg.rf.ad543589609cac000708358c39701f62_r1c0.jpg,TP,7,15,0.7705598936700448,4666,5991,53.77482627048933,69.04521735672988
ZAINA-679-D_011_jpg.rf.ad543589609cac000708358c39701f62_r1c0.jpg,TP,18,11,0.766691257838436,4175,5404,48.116137950984346,62.28014598493878
ZAINA-679-D_011_jpg.rf.ad543589609cac000708358c39701f62_r1c0.jpg,TP,9,12,0.7546784620619258,2220,2937,25.58510808411623,33.84840650587809
ZAINA-679-D_011_jpg.rf.ad543589609cac000708358c39701f62_r1c0.jpg,TP,14,7,0.7507499318243797,2826,3594,32.569151101672276,41.42021551996113
ZAINA-679-D_011_jpg.rf.ad543589609cac000708358c39701f62_r1c0.jpg,TP,19,24,0.7166521360069747,1871,2067,21.562944696117775,23.821810094535245
ZAINA-679-D_011_jpg.rf.ad543589609cac000708358c39701f62_r1c0.jpg,TP,11,21,0.7053095293299327,6088,8622,70.1631252324773,99.367027883446
ZAINA-679-D_011_jpg.rf.ad543589609cac000708358c39701f62_r1c0.jpg,TP,8,2,0.5698390961999316,3329,5842,38.36613730271303,67.32801866099415
ZAINA-679-D_011_jpg.rf.ad543589609cac000708358c39701f62_r1c0.jpg,TP,3,5,0.5528833258828788,6242,11127,71.93794804551959,128.2367106540366
ZAINA-679-D_011_jpg.rf.ad543589609cac000708358c39701f62_r1c0.jpg,FP,0,-1,0.0,0,20182,0.0,232.5939870962314
ZAINA-679-D_011_jpg.rf.ad543589609cac000708358c39701f62_r1c0.jpg,FP,2,-1,0.0,0,19749,0.0,227.6037385374826
ZAINA-679-D_011_jpg.rf.ad543589609cac000708358c39701f62_r1c0.jpg,FP,15,-1,0.0,0,11956,0.0,137.7907893034656
ZAINA-679-D_011_jpg.rf.ad543589609cac000708358c39701f62_r1c0.jpg,FP,17,-1,0.0,0,12221,0.0,140.8448675207137
ZAINA-679-D_011_jpg.rf.ad543589609cac000708358c39701f62_r1c0.jpg,FN,-1,4,0.0,1894,0,21.82801563572799,0.0
ZAINA-679-D_011_jpg.rf.ad543589609cac000708358c39701f62_r1c0.jpg,FN,-1,8,0.0,7013,0,80.82358693419239,0.0
ZAINA-679-D_011_jpg.rf.ad543589609cac000708358c39701f62_r1c0.jpg,FN,-1,9,0.0,2700,0,31.117023345546762,0.0
ZAINA-679-D_011_jpg.rf.ad543589609cac000708358c39701f62_r1c0.jpg,FN,-1,10,0.0,4435,0,51.11259205092588,0.0
ZAINA-679-D_011_jpg.rf.ad543589609cac000708358c39701f62_r1c0.jpg,FN,-1,16,0.0,4455,0,51.34308852015216,0.0
ZAINA-679-D_011_jpg.rf.ad543589609cac000708358c39701f62_r1c0.jpg,FN,-1,17,0.0,4005,0,46.15691796256103,0.0
ZAINA-679-D_011_jpg.rf.ad543589609cac000708358c39701f62_r1c0.jpg,FN,-1,20,0.0,4363,0,50.282804761711304,0.0
ZAINA-679-D_011_jpg.rf.ad543589609cac000708358c39701f62_r1c0.jpg,FN,-1,22,0.0,7186,0,82.81738139299965,0.0
ZAINA-679-D_011_jpg.rf.ad543589609cac000708358c39701f62_r1c0.jpg,FN,-1,23,0.0,387,0,4.460106679528369,0.0
ZAINA-679-D_011_jpg.rf.ad543589609cac000708358c39701f62_r1c0.jpg,FN,-1,26,0.0,2762,0,31.831562400148208,0.0
ZAINA-679-D_011_jpg.rf.ad543589609cac000708358c39701f62_r1c1.jpg,TP,1,5,0.8976581037862374,9408,8986,108.4255391240385,103.56206362336415
ZAINA-679-D_011_jpg.rf.ad543589609cac000708358c39701f62_r1c1.jpg,TP,2,10,0.8959920503477973,2717,3007,31.312945344389092,34.655144148170045
ZAINA-679-D_011_jpg.rf.ad543589609cac000708358c39701f62_r1c1.jpg,TP,12,15,0.8539205155746509,7465,8069,86.03280713870615,92.99380050933956
ZAINA-679-D_011_jpg.rf.ad543589609cac000708358c39701f62_r1c1.jpg,TP,9,2,0.8368634520054078,3839,4313,44.24379726798297,49.70656358864562
ZAINA-679-D_011_jpg.rf.ad543589609cac000708358c39701f62_r1c1.jpg,TP,3,6,0.8279075872932529,6964,6961,80.25887058458802,80.22429611420408
ZAINA-679-D_011_jpg.rf.ad543589609cac000708358c39701f62_r1c1.jpg,TP,5,11,0.824058797060147,5497,6664,63.351954566840945,76.80142354619393
ZAINA-679-D_011_jpg.rf.ad543589609cac000708358c39701f62_r1c1.jpg,TP,0,9,0.8184717607973422,6194,7490,71.38475651937654,86.32092772523899
ZAINA-679-D_011_jpg.rf.ad543589609cac000708358c39701f62_r1c1.jpg,TP,4,8,0.7974727974727974,2304,2817,26.55319325486657,32.46542769052046
ZAINA-679-D_011_jpg.rf.ad543589609cac000708358c39701f62_r1c1.jpg,TP,7,3,0.7917547568710359,1534,1856,17.679079189655088,21.39007234419807
ZAINA-679-D_011_jpg.rf.ad543589609cac000708358c39701f62_r1c1.jpg,TP,6,7,0.7739667295489624,4571,5773,52.67996804166454,66.5328058421635
ZAINA-679-D_011_jpg.rf.ad543589609cac000708358c39701f62_r1c1.jpg,TP,14,13,0.7643504531722054,1983,1521,22.8537249237849,17.52925648465801
ZAINA-679-D_011_jpg.rf.ad543589609cac000708358c39701f62_r1c1.jpg,TP,8,1,0.7349560513860717,1104,1462,12.723405101290233,16.849291900440505
ZAINA-679-D_011_jpg.rf.ad543589609cac000708358c39701f62_r1c1.jpg,TP,10,0,0.7170588235294117,1229,1690,14.164008033954433,19.47695164962001
ZAINA-679-D_011_jpg.rf.ad543589609cac000708358c39701f62_r1c1.jpg,TP,15,16,0.681757656458056,2127,1662,24.51329950221406,19.15425659270323
ZAINA-679-D_011_jpg.rf.ad543589609cac000708358c39701f62_r1c1.jpg,TP,11,12,0.6793334931671062,5923,8086,68.26152936136054,93.1897225081819
ZAINA-679-D_011_jpg.rf.ad543589609cac000708358c39701f62_r1c1.jpg,TP,13,4,0.6550522648083623,594,831,6.8457451360202874,9.577128296351615
ZAINA-679-D_011_jpg.rf.ad543589609cac000708358c39701f62_r1c1.jpg,TP,16,21,0.5834527220630372,2792,1629,32.177307103987616,18.77393741847988
ZAINA-679-D_011_jpg.rf.ad543589609cac000708358c39701f62_r1c1.jpg,FN,-1,14,0.0,2779,0,32.02748439899054,0.0
ZAINA-679-D_011_jpg.rf.ad543589609cac000708358c39701f62_r1c1.jpg,FN,-1,17,0.0,919,0,10.591312760947213,0.0
ZAINA-679-D_011_jpg.rf.ad543589609cac000708358c39701f62_r1c1.jpg,FN,-1,18,0.0,2361,0,27.210108192161446,0.0
ZAINA-679-D_011_jpg.rf.ad543589609cac000708358c39701f62_r1c1.jpg,FN,-1,19,0.0,2863,0,32.99556956974088,0.0
ZAINA-679-D_011_jpg.rf.ad543589609cac000708358c39701f62_r1c1.jpg,FN,-1,20,0.0,1840,0,21.205675168817052,0.0
ZAINA-679-D_011_jpg.rf.ad543589609cac000708358c39701f62_r1c2.jpg,TP,8,16,0.8983885407341092,4112,4370,47.390074072921585,50.3634785259405
ZAINA-679-D_011_jpg.rf.ad543589609cac000708358c39701f62_r1c2.jpg,TP,5,11,0.8780945236309077,2341,2666,26.979611722935175,30.7251793478621
ZAINA-679-D_011_jpg.rf.ad543589609cac000708358c39701f62_r1c2.jpg,TP,9,0,0.8420841683366733,2301,2295,26.51861878448263,26.44946984371475
ZAINA-679-D_011_jpg.rf.ad543589609cac000708358c39701f62_r1c2.jpg,TP,2,8,0.8366318819719324,2336,2768,26.92198760562861,31.90071134091609
ZAINA-679-D_011_jpg.rf.ad543589609cac000708358c39701f62_r1c2.jpg,TP,6,2,0.8326639892904953,1918,2189,22.104611398799516,25.227838556815506
ZAINA-679-D_011_jpg.rf.ad543589609cac000708358c39701f62_r1c2.jpg,TP,14,1,0.8309782608695652,1567,1802,18.059398363878437,20.767731877287137
ZAINA-679-D_011_jpg.rf.ad543589609cac000708358c39701f62_r1c2.jpg,TP,10,9,0.8134130146082338,1225,1506,14.11790874010918,17.356384132738306
ZAINA-679-D_011_jpg.rf.ad543589609cac000708358c39701f62_r1c2.jpg,TP,7,3,0.7884892086330936,1170,1316,13.48404344973693,15.166667675088718
ZAINA-679-D_011_jpg.rf.ad543589609cac000708358c39701f62_r1c2.jpg,TP,4,5,0.7848101265822784,1764,2184,20.329788585757218,25.170214439508936
ZAINA-679-D_011_jpg.rf.ad543589609cac000708358c39701f62_r1c2.jpg,TP,0,12,0.7815064478311841,5342,6815,61.56560693033734,78.54167188885229
ZAINA-679-D_011_jpg.rf.ad543589609cac000708358c39701f62_r1c2.jpg,TP,3,14,0.7783221065523577,3914,4798,45.10815902758149,55.29610296738273
ZAINA-679-D_011_jpg.rf.ad543589609cac000708358c39701f62_r1c2.jpg,TP,1,6,0.7758931793576326,2151,2770,24.789895265285587,31.923760987838715
ZAINA-679-D_011_jpg.rf.ad543589609cac000708358c39701f62_r1c2.jpg,TP,12,10,0.7590401051939514,2313,3038,26.656916666018393,35.01241367547077
ZAINA-679-D_011_jpg.rf.ad543589609cac000708358c39701f62_r1c2.jpg,TP,15,4,0.7439912600145666,2043,2746,23.54521433146372,31.64716522476719
ZAINA-679-D_011_jpg.rf.ad543589609cac000708358c39701f62_r1c2.jpg,TP,11,13,0.7241762310255461,1956,2701,22.542554690329432,31.128548169008077
ZAINA-679-D_011_jpg.rf.ad543589609cac000708358c39701f62_r1c2.jpg,TP,17,15,0.7237931034482759,4234,5764,48.79610253520185,66.42908243101168
ZAINA-679-D_011_jpg.rf.ad543589609cac000708358c39701f62_r1c2.jpg,TP,13,7,0.7164518574677786,945,1319,10.890958170941367,15.201242145472659
ZAINA-679-D_011_jpg.rf.ad543589609cac000708358c39701f62_r1c2.jpg,FP,16,-1,0.0,0,4200,0.0,48.40425853751719
ZAINA-679-D_011_jpg.rf.ad543589609cac000708358c39701f62_r1c2.jpg,FP,18,-1,0.0,0,5615,0.0,64.71188373527595
ZAINA-679-D_011_jpg.rf.ad543589609cac000708358c39701f62_r1c2.jpg,FN,-1,17,0.0,3903,0,44.981385969507045,0.0
ZAINA-679-D_011_jpg.rf.ad543589609cac000708358c39701f62_r1c2.jpg,FN,-1,18,0.0,14582,0,168.05497571287515,0.0
ZAINA-679-D_011_jpg.rf.ad543589609cac000708358c39701f62_r1c2.jpg,FN,-1,19,0.0,2595,0,29.906916882108835,0.0
ZAINA-679-D_011_jpg.rf.ad543589609cac000708358c39701f62_r1c2.jpg,FN,-1,20,0.0,3835,0,44.19769797413772,0.0
ZAINA-679-D_011_jpg.rf.ad543589609cac000708358c39701f62_r1c2.jpg,FN,-1,21,0.0,3164,0,36.46454143159628,0.0
ZAINA-679-D_011_jpg.rf.ad543589609cac000708358c39701f62_r2c0.jpg,TP,0,18,0.9298542692939245,18128,19481,208.9219997066932,224.51508584985055
ZAINA-679-D_011_jpg.rf.ad543589609cac000708358c39701f62_r2c0.jpg,TP,18,21,0.8912350597609562,2468,2279,28.443264302522003,26.26507266833373
ZAINA-679-D_011_jpg.rf.ad543589609cac000708358c39701f62_r2c0.jpg,TP,6,1,0.8494893688263854,5162,5885,59.491138707300884,67.82358606983063
ZAINA-679-D_011_jpg.rf.ad543589609cac000708358c39701f62_r2c0.jpg,TP,1,9,0.8200373221366923,8231,7374,94.86082191007237,84.9840482037266
ZAINA-679-D_011_jpg.rf.ad543589609cac000708358c39701f62_r2c0.jpg,TP,9,10,0.8167506297229219,1309,1576,15.085993910859523,18.16312177503026
ZAINA-679-D_011_jpg.rf.ad543589609cac000708358c39701f62_r2c0.jpg,TP,4,3,0.8111985192040722,1795,2119,20.68705811305794,24.421100914523553
ZAINA-679-D_011_jpg.rf.ad543589609cac000708358c39701f62_r2c0.jpg,TP,10,13,0.8068910256410257,5517,5758,63.58245103606722,66.3599334902438
ZAINA-679-D_011_jpg.rf.ad543589609cac000708358c39701f62_r2c0.jpg,TP,5,2,0.8040109389243391,1781,2177,20.52571058459955,25.089540675279743
ZAINA-679-D_011_jpg.rf.ad543589609cac000708358c39701f62_r2c0.jpg,TP,11,12,0.7420410592085689,2502,3353,28.835108300206667,38.642733065784554
ZAINA-679-D_011_jpg.rf.ad543589609cac000708358c39701f62_r2c0.jpg,TP,7,19,0.737974961563804,4248,3665,48.95745006366024,42.238477985714404
ZAINA-679-D_011_jpg.rf.ad543589609cac000708358c39701f62_r2c0.jpg,TP,13,6,0.7284287011807448,805,1098,9.277482886357461,12.65425616052235
ZAINA-679-D_011_jpg.rf.ad543589609cac000708358c39701f62_r2c0.jpg,TP,17,7,0.6740547588005215,521,763,6.004433023344394,8.793440300982288
ZAINA-679-D_011_jpg.rf.ad543589609cac000708358c39701f62_r2c0.jpg,TP,12,8,0.6706302021403091,572,833,6.592199019871388,9.600177943274241
ZAINA-679-D_011_jpg.rf.ad543589609cac000708358c39701f62_r2c0.jpg,TP,22,4,0.636650868878357,831,1241,9.577128296351615,14.302305915490198
ZAINA-679-D_011_jpg.rf.ad543589609cac000708358c39701f62_r2c0.jpg,TP,8,16,0.6337187616560984,5128,8012,59.099294709616224,92.3368855720447
ZAINA-679-D_011_jpg.rf.ad543589609cac000708358c39701f62_r2c0.jpg,TP,21,17,0.6115169746454663,1434,2316,16.526596843523723,26.691491136402334
ZAINA-679-D_011_jpg.rf.ad543589609cac000708358c39701f62_r2c0.jpg,TP,19,5,0.591692789968652,755,1276,8.70124171329178,14.705674736636174
ZAINA-679-D_011_jpg.rf.ad543589609cac000708358c39701f62_r2c0.jpg,TP,16,15,0.5559059633027523,3878,6976,44.693265382974204,80.39716846612379
ZAINA-679-D_011_jpg.rf.ad543589609cac000708358c39701f62_r2c0.jpg,FP,2,-1,0.0,0,4926,0.0,56.77128037043087
ZAINA-679-D_011_jpg.rf.ad543589609cac000708358c39701f62_r2c0.jpg,FP,3,-1,0.0,0,3175,0.0,36.59131448967073
ZAINA-679-D_011_jpg.rf.ad543589609cac000708358c39701f62_r2c0.jpg,FP,14,-1,0.0,0,3167,0.0,36.49911590198022
ZAINA-679-D_011_jpg.rf.ad543589609cac000708358c39701f62_r2c0.jpg,FP,15,-1,0.0,0,6429,0.0,74.09309003278524
ZAINA-679-D_011_jpg.rf.ad543589609cac000708358c39701f62_r2c0.jpg,FP,20,-1,0.0,0,865,0.0,9.968972294036277
ZAINA-679-D_011_jpg.rf.ad543589609cac000708358c39701f62_r2c0.jpg,FP,23,-1,0.0,0,1938,0.0,22.335107868025787
ZAINA-679-D_011_jpg.rf.ad543589609cac000708358c39701f62_r2c0.jpg,FN,-1,0,0.0,13535,0,155.9884855488798,0.0
ZAINA-679-D_011_jpg.rf.ad543589609cac000708358c39701f62_r2c0.jpg,FN,-1,11,0.0,10822,0,124.72163949833595,0.0
ZAINA-679-D_011_jpg.rf.ad543589609cac000708358c39701f62_r2c0.jpg,FN,-1,14,0.0,383,0,4.414007385683115,0.0
ZAINA-679-D_011_jpg.rf.ad543589609cac000708358c39701f62_r2c0.jpg,FN,-1,20,0.0,1385,0,15.961880493919358,0.0
ZAINA-679-D_011_jpg.rf.ad543589609cac000708358c39701f62_r2c1.jpg,TP,6,19,0.9173362685745735,8458,8961,97.47695683579056,103.27394303683131
ZAINA-679-D_011_jpg.rf.ad543589609cac000708358c39701f62_r2c1.jpg,TP,2,8,0.9014925373134328,6708,7306,77.30851577849174,84.20036020835728
ZAINA-679-D_011_jpg.rf.ad543589609cac000708358c39701f62_r2c1.jpg,TP,5,1,0.9013333333333333,2135,2143,24.605498089904568,24.69769667759508
ZAINA-679-D_011_jpg.rf.ad543589609cac000708358c39701f62_r2c1.jpg,TP,4,10,0.8746327130264446,2762,2980,31.831562400148208,34.343973914714574
ZAINA-679-D_011_jpg.rf.ad543589609cac000708358c39701f62_r2c1.jpg,TP,14,11,0.8472245514003018,5086,5929,58.61525212424105,68.33067830212843
ZAINA-679-D_011_jpg.rf.ad543589609cac000708358c39701f62_r2c1.jpg,TP,7,13,0.8412816691505216,1201,1270,13.841312977037653,14.636525795868293
ZAINA-679-D_011_jpg.rf.ad543589609cac000708358c39701f62_r2c1.jpg,TP,3,4,0.8397693079237714,10064,11947,115.98582331466022,137.68706589231377
ZAINA-679-D_011_jpg.rf.ad543589609cac000708358c39701f62_r2c1.jpg,TP,1,12,0.8283024093049017,3023,3579,34.83954132355106,41.24734316804143
ZAINA-679-D_011_jpg.rf.ad543589609cac000708358c39701f62_r2c1.jpg,TP,9,16,0.8273001508295625,1160,1263,13.368795215123795,14.555852031639096
ZAINA-679-D_011_jpg.rf.ad543589609cac000708358c39701f62_r2c1.jpg,TP,0,2,0.8263922428205224,22456,26705,258.80143564725853,307.7704105343801
ZAINA-679-D_011_jpg.rf.ad543589609cac000708358c39701f62_r2c1.jpg,TP,8,6,0.8258098778544876,1600,1838,18.439717538101785,21.182625521894426
ZAINA-679-D_011_jpg.rf.ad543589609cac000708358c39701f62_r2c1.jpg,TP,12,14,0.8026315789473685,1125,1341,12.965426393977818,15.454788261621559
ZAINA-679-D_011_jpg.rf.ad543589609cac000708358c39701f62_r2c1.jpg,TP,13,5,0.7969924812030075,1195,1434,13.772164036269771,16.526596843523723
ZAINA-679-D_011_jpg.rf.ad543589609cac000708358c39701f62_r2c1.jpg,TP,11,9,0.7926484448633365,1712,2092,19.73049776576891,24.109930681068086
ZAINA-679-D_011_jpg.rf.ad543589609cac000708358c39701f62_r2c1.jpg,TP,15,15,0.7465986394557823,898,1156,10.349291468259628,13.32269592127854
ZAINA-679-D_011_jpg.rf.ad543589609cac000708358c39701f62_r2c1.jpg,TP,10,3,0.6346619331934807,3933,6197,45.32713067334645,71.41933098976048
ZAINA-679-D_011_jpg.rf.ad543589609cac000708358c39701f62_r2c1.jpg,TP,17,7,0.6020151133501259,989,1555,11.398050403239166,17.921100482342673
ZAINA-679-D_011_jpg.rf.ad543589609cac000708358c39701f62_r2c1.jpg,FP,16,-1,0.0,0,2793,0.0,32.18883192744893
ZAINA-679-D_011_jpg.rf.ad543589609cac000708358c39701f62_r2c1.jpg,FP,18,-1,0.0,0,2368,0.0,27.290781956390642
ZAINA-679-D_011_jpg.rf.ad543589609cac000708358c39701f62_r2c1.jpg,FP,19,-1,0.0,0,7335,0.0,84.53458008873537
ZAINA-679-D_011_jpg.rf.ad543589609cac000708358c39701f62_r2c1.jpg,FN,-1,0,0.0,1270,0,14.636525795868293,0.0
ZAINA-679-D_011_jpg.rf.ad543589609cac000708358c39701f62_r2c1.jpg,FN,-1,17,0.0,11048,0,127.32624960059283,0.0
ZAINA-679-D_011_jpg.rf.ad543589609cac000708358c39701f62_r2c1.jpg,FN,-1,18,0.0,3847,0,44.33599585567348,0.0
ZAINA-679-D_011_jpg.rf.ad543589609cac000708358c39701f62_r2c1.jpg,FN,-1,20,0.0,2622,0,30.218087115564302,0.0
ZAINA-679-D_011_jpg.rf.ad543589609cac000708358c39701f62_r2c1.jpg,FN,-1,21,0.0,439,0,5.0593974995166775,0.0
ZAINA-679-D_011_jpg.rf.ad543589609cac000708358c39701f62_r2c1.jpg,FN,-1,22,0.0,1605,0,18.497341655408352,0.0
ZAINA-679-D_011_jpg.rf.ad543589609cac000708358c39701f62_r2c1.jpg,FN,-1,23,0.0,2759,0,31.796987929764267,0.0
ZAINA-679-D_011_jpg.rf.ad543589609cac000708358c39701f62_r2c1.jpg,FN,-1,24,0.0,569,0,6.557624549487447,0.0
ZAINA-679-D_011_jpg.rf.ad543589609cac000708358c39701f62_r2c1.jpg,FN,-1,25,0.0,644,0,7.421986309085969,0.0
ZAINA-679-D_011_jpg.rf.ad543589609cac000708358c39701f62_r2c1.jpg,FN,-1,26,0.0,3708,0,42.73404539455089,0.0
ZAINA-679-D_011_jpg.rf.ad543589609cac000708358c39701f62_r2c1.jpg,FN,-1,27,0.0,3032,0,34.943264734702886,0.0
ZAINA-679-D_011_jpg.rf.ad543589609cac000708358c39701f62_r2c1.jpg,FN,-1,28,0.0,2046,0,23.57978880184766,0.0
ZAINA-679-D_011_jpg.rf.ad543589609cac000708358c39701f62_r2c2.jpg,TP,1,1,0.8582089552238806,2777,3199,32.00443475206791,36.867910252742256
ZAINA-679-D_011_jpg.rf.ad543589609cac000708358c39701f62_r2c2.jpg,TP,6,3,0.8441835645677694,3170,3742,36.53369037236416,43.12588939223555
ZAINA-679-D_011_jpg.rf.ad543589609cac000708358c39701f62_r2c2.jpg,TP,5,2,0.8366083445491251,6239,7407,71.90337357513565,85.36436737794995
ZAINA-679-D_011_jpg.rf.ad543589609cac000708358c39701f62_r2c2.jpg,TP,0,4,0.7801308539944903,9065,11613,104.47252467680792,133.83777485623503
ZAINA-679-D_011_jpg.rf.ad543589609cac000708358c39701f62_r2c2.jpg,TP,4,6,0.7497777777777778,1688,2249,19.453902002697383,25.91932796449432
ZAINA-679-D_011_jpg.rf.ad543589609cac000708358c39701f62_r2c2.jpg,TP,3,0,0.6304316854252743,4425,7019,50.99734381631275,80.89273587496027
ZAINA-679-D_011_jpg.rf.ad543589609cac000708358c39701f62_r2c2.jpg,TP,2,5,0.5270131566669777,5671,10694,65.35727384910952,123.24646209528781
ZAINA-679-D_011_jpg.rf.ad543589609cac000708358c39701f62_r2c2.jpg,FP,7,-1,0.0,0,1276,0.0,14.705674736636174
ZAINA-679-D_011_jpg.rf.ad543589609cac000708358c39701f62_r2c2.jpg,FN,-1,7,0.0,3220,0,37.109931545429845,0.0
ZAINA-679-D_011_jpg.rf.ad543589609cac000708358c39701f62_r2c2.jpg,FN,-1,8,0.0,2328,0,26.829789017938097,0.0
ZAINA-679-D_011_jpg.rf.ad543589609cac000708358c39701f62_r2c2.jpg,FN,-1,9,0.0,3052,0,35.17376120392915,0.0
ZAINA-679-D_011_jpg.rf.ad543589609cac000708358c39701f62_r2c2.jpg,FN,-1,10,0.0,989,0,11.398050403239166,0.0
ZAINA-679-D_011_jpg.rf.ad543589609cac000708358c39701f62_r2c2.jpg,FN,-1,11,0.0,2498,0,28.78900900636141,0.0
ZAINA-679-D_011_jpg.rf.ad543589609cac000708358c39701f62_r2c2.jpg,FN,-1,12,0.0,966,0,11.132979463628953,0.0
ZAINA-679-D_011_jpg.rf.ad543589609cac000708358c39701f62_r2c2.jpg,FN,-1,13,0.0,914,0,10.533688643640645,0.0
ZAINA-679-D_011_jpg.rf.ad543589609cac000708358c39701f62_r2c2.jpg,FN,-1,14,0.0,2952,0,34.021278857797796,0.0
ZAINA-679-D_011_jpg.rf.ad543589609cac000708358c39701f62_r2c2.jpg,FN,-1,15,0.0,664,0,7.65248277831224,0.0
ZAINA-679-G_006_jpg.rf.11cd17e1f39e2a9131fc83dd7a404392_r0c0.jpg,TP,3,8,0.8963210702341137,27864,26568,321.1276809260426,306.19150972018014
ZAINA-679-G_006_jpg.rf.11cd17e1f39e2a9131fc83dd7a404392_r0c0.jpg,TP,1,7,0.8951630012021781,27858,25741,321.0585319852747,296.6604807176738
ZAINA-679-G_006_jpg.rf.11cd17e1f39e2a9131fc83dd7a404392_r0c0.jpg,TP,7,5,0.8806270096463023,4450,4908,51.28546440284559,56.56383354812723
ZAINA-679-G_006_jpg.rf.11cd17e1f39e2a9131fc83dd7a404392_r0c0.jpg,TP,5,3,0.8769048425330173,5240,5845,60.390074937283345,67.36259313137809
ZAINA-679-G_006_jpg.rf.11cd17e1f39e2a9131fc83dd7a404392_r0c0.jpg,TP,2,1,0.8691260430390865,5940,6828,68.45745136020288,78.69149459384937
ZAINA-679-G_006_jpg.rf.11cd17e1f39e2a9131fc83dd7a404392_r0c0.jpg,TP,8,2,0.8630832348237257,12671,14122,146.03103807830482,162.7535569206709
ZAINA-679-G_006_jpg.rf.11cd17e1f39e2a9131fc83dd7a404392_r0c0.jpg,TP,0,0,0.8512456708747626,17524,15617,201.9610063360598,179.98316799533472
ZAINA-679-G_006_jpg.rf.11cd17e1f39e2a9131fc83dd7a404392_r0c0.jpg,TP,4,4,0.8322085175703979,7662,8084,88.30319736058492,93.16667286125927
ZAINA-679-G_006_jpg.rf.11cd17e1f39e2a9131fc83dd7a404392_r0c0.jpg,FP,6,-1,0.0,0,976,0.0,11.24822769824209
ZAINA-679-G_006_jpg.rf.11cd17e1f39e2a9131fc83dd7a404392_r0c0.jpg,FP,9,-1,0.0,0,10211,0.0,117.67997236347333
ZAINA-679-G_006_jpg.rf.11cd17e1f39e2a9131fc83dd7a404392_r0c0.jpg,FP,10,-1,0.0,0,20618,0.0,237.61881012536412
ZAINA-679-G_006_jpg.rf.11cd17e1f39e2a9131fc83dd7a404392_r0c0.jpg,FN,-1,6,0.0,3060,0,35.265959791619665,0.0
ZAINA-679-G_006_jpg.rf.11cd17e1f39e2a9131fc83dd7a404392_r0c1.jpg,TP,1,11,0.9297611565053425,6035,6246,69.55230958902767,71.98404733936485
ZAINA-679-G_006_jpg.rf.11cd17e1f39e2a9131fc83dd7a404392_r0c1.jpg,TP,3,14,0.9027655192703736,12407,13463,142.98848468451803,155.15869825966521
ZAINA-679-G_006_jpg.rf.11cd17e1f39e2a9131fc83dd7a404392_r0c1.jpg,TP,22,18,0.9009723643807575,3583,3846,41.293442461886684,44.324471032212166
ZAINA-679-G_006_jpg.rf.11cd17e1f39e2a9131fc83dd7a404392_r0c1.jpg,TP,19,5,0.8920217209690894,4492,4567,51.76950698822076,52.633868747819285
ZAINA-679-G_006_jpg.rf.11cd17e1f39e2a9131fc83dd7a404392_r0c1.jpg,TP,10,21,0.8839670717365739,2430,2376,28.005321010992088,27.38298054408115
ZAINA-679-G_006_jpg.rf.11cd17e1f39e2a9131fc83dd7a404392_r0c1.jpg,TP,16,8,0.8832439678284182,20333,21814,234.33423543888975,251.4024989850952
ZAINA-679-G_006_jpg.rf.11cd17e1f39e2a9131fc83dd7a404392_r0c1.jpg,TP,6,2,0.8799825746024831,4048,4583,46.65248537139752,52.8182659232003
ZAINA-679-G_006_jpg.rf.11cd17e1f39e2a9131fc83dd7a404392_r0c1.jpg,TP,12,13,0.8750263969252862,21663,22732,249.66225064243685,261.9822869225811
ZAINA-679-G_006_jpg.rf.11cd17e1f39e2a9131fc83dd7a404392_r0c1.jpg,TP,2,6,0.8727401351988681,11554,12271,133.1578102720175,141.4211086937794
ZAINA-679-G_006_jpg.rf.11cd17e1f39e2a9131fc83dd7a404392_r0c1.jpg,TP,9,1,0.8690882496343247,3597,4070,41.45478999034508,46.906031487546414
ZAINA-679-G_006_jpg.rf.11cd17e1f39e2a9131fc83dd7a404392_r0c1.jpg,TP,0,10,0.8650619985412108,7137,8205,82.25266504339528,94.56117650007822
ZAINA-679-G_006_jpg.rf.11cd17e1f39e2a9131fc83dd7a404392_r0c1.jpg,TP,5,12,0.8640504555010512,3707,4273,42.722520571089575,49.24557065019308
ZAINA-679-G_006_jpg.rf.11cd17e1f39e2a9131fc83dd7a404392_r0c1.jpg,TP,7,4,0.8425624321389794,3109,3679,35.83067614122403,42.39982551417279
ZAINA-679-G_006_jpg.rf.11cd17e1f39e2a9131fc83dd7a404392_r0c1.jpg,TP,20,23,0.8358974358974359,825,965,9.507979355583734,11.12145464016764
ZAINA-679-G_006_jpg.rf.11cd17e1f39e2a9131fc83dd7a404392_r0c1.jpg,TP,14,17,0.8289907651715039,5084,6007,58.59220247731842,69.22961453211089
ZAINA-679-G_006_jpg.rf.11cd17e1f39e2a9131fc83dd7a404392_r0c1.jpg,TP,17,20,0.8238119312436805,3395,3820,39.126775651159726,44.02482562221801
ZAINA-679-G_006_jpg.rf.11cd17e1f39e2a9131fc83dd7a404392_r0c1.jpg,TP,11,3,0.8224668845690694,4781,5813,55.1001809685404,66.99379878061605
ZAINA-679-G_006_jpg.rf.11cd17e1f39e2a9131fc83dd7a404392_r0c1.jpg,TP,24,0,0.8018433179723502,3317,4112,38.227839421177265,47.390074072921585
ZAINA-679-G_006_jpg.rf.11cd17e1f39e2a9131fc83dd7a404392_r0c1.jpg,TP,13,19,0.79653330645974,37480,33828,431.9503833300343,389.861728049317
ZAINA-679-G_006_jpg.rf.11cd17e1f39e2a9131fc83dd7a404392_r0c1.jpg,TP,15,7,0.7773371104815864,1373,1764,15.823582612383595,20.329788585757218
ZAINA-679-G_006_jpg.rf.11cd17e1f39e2a9131fc83dd7a404392_r0c1.jpg,TP,4,15,0.7591899083472947,60882,46221,701.6543019716955,532.6888652053766
ZAINA-679-G_006_jpg.rf.11cd17e1f39e2a9131fc83dd7a404392_r0c1.jpg,FP,8,-1,0.0,0,3633,0.0,41.869683634952366
ZAINA-679-G_006_jpg.rf.11cd17e1f39e2a9131fc83dd7a404392_r0c1.jpg,FP,18,-1,0.0,0,29056,0.0,334.8652704919284
ZAINA-679-G_006_jpg.rf.11cd17e1f39e2a9131fc83dd7a404392_r0c1.jpg,FP,21,-1,0.0,0,3411,0.0,39.31117282654074
ZAINA-679-G_006_jpg.rf.11cd17e1f39e2a9131fc83dd7a404392_r0c1.jpg,FP,23,-1,0.0,0,16073,0.0,185.23848749369375
ZAINA-679-G_006_jpg.rf.11cd17e1f39e2a9131fc83dd7a404392_r0c1.jpg,FN,-1,9,0.0,10361,0,119.40869588267037,0.0
ZAINA-679-G_006_jpg.rf.11cd17e1f39e2a9131fc83dd7a404392_r0c1.jpg,FN,-1,16,0.0,4031,0,46.45656337255519,0.0
ZAINA-679-G_006_jpg.rf.11cd17e1f39e2a9131fc83dd7a404392_r0c1.jpg,FN,-1,22,0.0,13362,0,153.99469109007254,0.0
ZAINA-679-G_006_jpg.rf.11cd17e1f39e2a9131fc83dd7a404392_r0c2.jpg,TP,7,28,0.9212430821626224,4414,4612,50.8705707582383,53.152485803578394
ZAINA-679-G_006_jpg.rf.11cd17e1f39e2a9131fc83dd7a404392_r0c2.jpg,TP,9,24,0.9061215660826303,4189,4623,48.27748547944274,53.27925886165285
ZAINA-679-G_006_jpg.rf.11cd17e1f39e2a9131fc83dd7a404392_r0c2.jpg,TP,1,12,0.9046532846715328,4003,4347,46.1338683156384,50.09840758633029
ZAINA-679-G_006_jpg.rf.11cd17e1f39e2a9131fc83dd7a404392_r0c2.jpg,TP,12,17,0.8943329397874853,7631,8414,87.9459278332842,96.96986460349277
ZAINA-679-G_006_jpg.rf.11cd17e1f39e2a9131fc83dd7a404392_r0c2.jpg,TP,0,6,0.891015537041207,3959,4439,45.6267760833406,51.15869134477114
ZAINA-679-G_006_jpg.rf.11cd17e1f39e2a9131fc83dd7a404392_r0c2.jpg,TP,4,23,0.882335148215366,2917,3306,33.617910036651814,38.10106636310282
ZAINA-679-G_006_jpg.rf.11cd17e1f39e2a9131fc83dd7a404392_r0c2.jpg,TP,10,0,0.8822778486984515,15916,17997,183.4290902102675,207.41224783326115
ZAINA-679-G_006_jpg.rf.11cd17e1f39e2a9131fc83dd7a404392_r0c2.jpg,TP,15,7,0.8799093326358921,21180,21947,244.09576091062237,252.93530050544993
ZAINA-679-G_006_jpg.rf.11cd17e1f39e2a9131fc83dd7a404392_r0c2.jpg,TP,6,8,0.879571481344662,9667,10685,111.41046840051872,123.14273868413598
ZAINA-679-G_006_jpg.rf.11cd17e1f39e2a9131fc83dd7a404392_r0c2.jpg,TP,5,29,0.8775834658187599,1234,1128,14.221632151261002,13.000000864361759
ZAINA-679-G_006_jpg.rf.11cd17e1f39e2a9131fc83dd7a404392_r0c2.jpg,TP,11,1,0.8563008130081301,4351,4782,50.14450688017554,55.11170579200171
ZAINA-679-G_006_jpg.rf.11cd17e1f39e2a9131fc83dd7a404392_r0c2.jpg,TP,18,27,0.8363363363363363,2424,2468,27.936172070224206,28.443264302522003
ZAINA-679-G_006_jpg.rf.11cd17e1f39e2a9131fc83dd7a404392_r0c2.jpg,TP,2,13,0.8219385820801213,14169,14665,163.29522362335263,169.0115360601642
ZAINA-679-G_006_jpg.rf.11cd17e1f39e2a9131fc83dd7a404392_r0c2.jpg,TP,8,9,0.7971874313337728,3634,4545,41.88120845841368,52.38032263167038
ZAINA-679-G_006_jpg.rf.11cd17e1f39e2a9131fc83dd7a404392_r0c2.jpg,TP,13,2,0.7258534911648653,4234,5826,48.79610253520185,67.14362148561312
ZAINA-679-G_006_jpg.rf.11cd17e1f39e2a9131fc83dd7a404392_r0c2.jpg,TP,16,20,0.6827060653188181,28422,25677,327.5585324174556,295.9228920161497
ZAINA-679-G_006_jpg.rf.11cd17e1f39e2a9131fc83dd7a404392_r0c2.jpg,TP,3,11,0.5904836498923047,16204,24409,186.74823936712582,281.30941586720405
ZAINA-679-G_006_jpg.rf.11cd17e1f39e2a9131fc83dd7a404392_r0c2.jpg,FP,14,-1,0.0,0,6965,0.0,80.27039540804934
ZAINA-679-G_006_jpg.rf.11cd17e1f39e2a9131fc83dd7a404392_r0c2.jpg,FP,17,-1,0.0,0,24272,0.0,279.73051505300407
ZAINA-679-G_006_jpg.rf.11cd17e1f39e2a9131fc83dd7a404392_r0c2.jpg,FN,-1,3,0.0,3563,0,41.06294599266041,0.0
ZAINA-679-G_006_jpg.rf.11cd17e1f39e2a9131fc83dd7a404392_r0c2.jpg,FN,-1,4,0.0,4879,0,56.229613667749135,0.0
ZAINA-679-G_006_jpg.rf.11cd17e1f39e2a9131fc83dd7a404392_r0c2.jpg,FN,-1,5,0.0,5834,0,67.23582007330363,0.0
ZAINA-679-G_006_jpg.rf.11cd17e1f39e2a9131fc83dd7a404392_r0c2.jpg,FN,-1,10,0.0,10555,0,121.64451163416521,0.0
ZAINA-679-G_006_jpg.rf.11cd17e1f39e2a9131fc83dd7a404392_r0c2.jpg,FN,-1,14,0.0,3206,0,36.94858401697145,0.0
ZAINA-679-G_006_jpg.rf.11cd17e1f39e2a9131fc83dd7a404392_r0c2.jpg,FN,-1,15,0.0,6672,0,76.89362213388445,0.0
ZAINA-679-G_006_jpg.rf.11cd17e1f39e2a9131fc83dd7a404392_r0c2.jpg,FN,-1,16,0.0,3358,0,38.70035718309112,0.0
ZAINA-679-G_006_jpg.rf.11cd17e1f39e2a9131fc83dd7a404392_r0c2.jpg,FN,-1,18,0.0,10048,0,115.80142613927922,0.0
ZAINA-679-G_006_jpg.rf.11cd17e1f39e2a9131fc83dd7a404392_r0c2.jpg,FN,-1,19,0.0,6774,0,78.06915412693843,0.0
ZAINA-679-G_006_jpg.rf.11cd17e1f39e2a9131fc83dd7a404392_r0c2.jpg,FN,-1,21,0.0,7302,0,84.15426091451202,0.0
ZAINA-679-G_006_jpg.rf.11cd17e1f39e2a9131fc83dd7a404392_r0c2.jpg,FN,-1,22,0.0,3577,0,41.2242935211188,0.0
ZAINA-679-G_006_jpg.rf.11cd17e1f39e2a9131fc83dd7a404392_r0c2.jpg,FN,-1,25,0.0,2765,0,31.86613687053215,0.0
ZAINA-679-G_006_jpg.rf.11cd17e1f39e2a9131fc83dd7a404392_r0c2.jpg,FN,-1,26,0.0,2904,0,33.46808733165474,0.0
ZAINA-679-G_006_jpg.rf.11cd17e1f39e2a9131fc83dd7a404392_r0c2.jpg,FN,-1,30,0.0,2190,0,25.239363380276817,0.0
ZAINA-679-G_006_jpg.rf.11cd17e1f39e2a9131fc83dd7a404392_r1c0.jpg,TP,16,0,0.9344835626020052,12079,12812,139.20834258920718,147.65603818635006
ZAINA-679-G_006_jpg.rf.11cd17e1f39e2a9131fc83dd7a404392_r1c0.jpg,TP,0,16,0.9301777294160319,10288,10998,118.56738376999448,126.75000842752715
ZAINA-679-G_006_jpg.rf.11cd17e1f39e2a9131fc83dd7a404392_r1c0.jpg,TP,3,26,0.9001239995490925,8126,8730,93.65071544663444,100.61170881726787
ZAINA-679-G_006_jpg.rf.11cd17e1f39e2a9131fc83dd7a404392_r1c0.jpg,TP,1,17,0.8926141352063214,16866,17625,194.37767249851544,203.12501350565248
ZAINA-679-G_006_jpg.rf.11cd17e1f39e2a9131fc83dd7a404392_r1c0.jpg,TP,19,19,0.887918449534357,37474,37533,431.8812343892664,432.56119897348395
ZAINA-679-G_006_jpg.rf.11cd17e1f39e2a9131fc83dd7a404392_r1c0.jpg,TP,4,7,0.8770566727605119,3896,4318,44.90071220527785,49.764187705952196
ZAINA-679-G_006_jpg.rf.11cd17e1f39e2a9131fc83dd7a404392_r1c0.jpg,TP,18,6,0.8725170954086616,5375,6126,61.945926104560684,70.6010685240072
ZAINA-679-G_006_jpg.rf.11cd17e1f39e2a9131fc83dd7a404392_r1c0.jpg,TP,22,2,0.8704642687371257,11358,12251,130.89894487360004,141.19061222455312
ZAINA-679-G_006_jpg.rf.11cd17e1f39e2a9131fc83dd7a404392_r1c0.jpg,TP,8,8,0.8694444444444445,1889,2149,21.77039151842142,24.76684561836296
ZAINA-679-G_006_jpg.rf.11cd17e1f39e2a9131fc83dd7a404392_r1c0.jpg,TP,6,1,0.8682687338501291,16837,19314,194.04345261813734,222.59044033181118
ZAINA-679-G_006_jpg.rf.11cd17e1f39e2a9131fc83dd7a404392_r1c0.jpg,TP,7,15,0.8672413793103448,3023,3475,34.83954132355106,40.048761528064816
ZAINA-679-G_006_jpg.rf.11cd17e1f39e2a9131fc83dd7a404392_r1c0.jpg,TP,15,18,0.8629235760634463,9594,11077,110.56915628784283,127.66046948097092
ZAINA-679-G_006_jpg.rf.11cd17e1f39e2a9131fc83dd7a404392_r1c0.jpg,TP,11,5,0.8366080661840745,4854,5802,55.941493081216294,66.8670257225416
ZAINA-679-G_006_jpg.rf.11cd17e1f39e2a9131fc83dd7a404392_r1c0.jpg,TP,2,25,0.8366069501402978,3876,4633,44.670215736051574,53.39450709626598
ZAINA-679-G_006_jpg.rf.11cd17e1f39e2a9131fc83dd7a404392_r1c0.jpg,TP,5,23,0.8171021377672208,4489,5456,51.734932517836825,62.87943680492709
ZAINA-679-G_006_jpg.rf.11cd17e1f39e2a9131fc83dd7a404392_r1c0.jpg,TP,13,24,0.7551597869507324,4537,6008,52.28812404397988,69.2411393555722
ZAINA-679-G_006_jpg.rf.11cd17e1f39e2a9131fc83dd7a404392_r1c0.jpg,TP,24,11,0.7368082368082368,3435,4662,39.58776858961227,53.728726976644076
ZAINA-679-G_006_jpg.rf.11cd17e1f39e2a9131fc83dd7a404392_r1c0.jpg,TP,17,20,0.6876565702573446,6039,8782,69.59840888287293,101.21099963725618
ZAINA-679-G_006_jpg.rf.11cd17e1f39e2a9131fc83dd7a404392_r1c0.jpg,TP,23,12,0.634236494964224,26809,21383,308.96899217435674,246.43530007326905
ZAINA-679-G_006_jpg.rf.11cd17e1f39e2a9131fc83dd7a404392_r1c0.jpg,TP,14,4,0.5688900334792686,11068,19392,127.5567460698191,223.48937656179365
ZAINA-679-G_006_jpg.rf.11cd17e1f39e2a9131fc83dd7a404392_r1c0.jpg,TP,9,13,0.5123607019341616,4002,7805,46.12234349217709,89.95124711555277
ZAINA-679-G_006_jpg.rf.11cd17e1f39e2a9131fc83dd7a404392_r1c0.jpg,FP,10,-1,0.0,0,53095,0.0,611.9105016784464
ZAINA-679-G_006_jpg.rf.11cd17e1f39e2a9131fc83dd7a404392_r1c0.jpg,FP,12,-1,0.0,0,21228,0.0,244.64895243676543
ZAINA-679-G_006_jpg.rf.11cd17e1f39e2a9131fc83dd7a404392_r1c0.jpg,FP,20,-1,0.0,0,15152,0.0,174.62412508582392
ZAINA-679-G_006_jpg.rf.11cd17e1f39e2a9131fc83dd7a404392_r1c0.jpg,FP,21,-1,0.0,0,4801,0.0,55.33067743776667
ZAINA-679-G_006_jpg.rf.11cd17e1f39e2a9131fc83dd7a404392_r1c0.jpg,FN,-1,3,0.0,14903,0,171.75444404395682,0.0
ZAINA-679-G_006_jpg.rf.11cd17e1f39e2a9131fc83dd7a404392_r1c0.jpg,FN,-1,9,0.0,4935,0,56.87500378158269,0.0
ZAINA-679-G_006_jpg.rf.11cd17e1f39e2a9131fc83dd7a404392_r1c0.jpg,FN,-1,10,0.0,2607,0,30.045214763644598,0.0
ZAINA-679-G_006_jpg.rf.11cd17e1f39e2a9131fc83dd7a404392_r1c0.jpg,FN,-1,14,0.0,2297,0,26.472519490637374,0.0
ZAINA-679-G_006_jpg.rf.11cd17e1f39e2a9131fc83dd7a404392_r1c0.jpg,FN,-1,21,0.0,2702,0,31.14007299246939,0.0
ZAINA-679-G_006_jpg.rf.11cd17e1f39e2a9131fc83dd7a404392_r1c0.jpg,FN,-1,22,0.0,9219,0,106.24734748985023,0.0
ZAINA-679-G_006_jpg.rf.11cd17e1f39e2a9131fc83dd7a404392_r1c1.jpg,TP,0,1,0.9392265193370166,5333,5548,61.46188351918551,63.93972056336794
ZAINA-679-G_006_jpg.rf.11cd17e1f39e2a9131fc83dd7a404392_r1c1.jpg,TP,7,21,0.9229678638941399,3973,4165,45.788123611798994,48.00088971637121
ZAINA-679-G_006_jpg.rf.11cd17e1f39e2a9131fc83dd7a404392_r1c1.jpg,TP,19,35,0.9127920425630349,4008,4261,46.19149243294497,49.10727276865732
ZAINA-679-G_006_jpg.rf.11cd17e1f39e2a9131fc83dd7a404392_r1c1.jpg,TP,10,9,0.8987341772151899,5954,6496,68.61879888866127,74.86525320469325
ZAINA-679-G_006_jpg.rf.11cd17e1f39e2a9131fc83dd7a404392_r1c1.jpg,TP,2,0,0.8873929008567931,11702,12970,134.86348414429193,149.4769602932376
ZAINA-679-G_006_jpg.rf.11cd17e1f39e2a9131fc83dd7a404392_r1c1.jpg,TP,30,30,0.8860152135751902,15142,17090,174.50887685121077,196.9592329538497
ZAINA-679-G_006_jpg.rf.11cd17e1f39e2a9131fc83dd7a404392_r1c1.jpg,TP,6,3,0.8801993812306634,5191,5748,59.82535858767898,66.24468525563066
ZAINA-679-G_006_jpg.rf.11cd17e1f39e2a9131fc83dd7a404392_r1c1.jpg,TP,4,2,0.8721041547003637,4613,5165,53.16401062703971,59.52571317768483
ZAINA-679-G_006_jpg.rf.11cd17e1f39e2a9131fc83dd7a404392_r1c1.jpg,TP,1,7,0.8640471512770137,4450,5038,51.28546440284559,58.06206059809799
ZAINA-679-G_006_jpg.rf.11cd17e1f39e2a9131fc83dd7a404392_r1c1.jpg,TP,8,15,0.8481857361323509,6122,7172,70.55496923016196,82.65603386454126
ZAINA-679-G_006_jpg.rf.11cd17e1f39e2a9131fc83dd7a404392_r1c1.jpg,TP,25,23,0.8472614722110079,6296,7431,72.56028851243053,85.64096314102147
ZAINA-679-G_006_jpg.rf.11cd17e1f39e2a9131fc83dd7a404392_r1c1.jpg,TP,12,16,0.8459939229169998,5290,6253,60.96631611034903,72.06472110359404
ZAINA-679-G_006_jpg.rf.11cd17e1f39e2a9131fc83dd7a404392_r1c1.jpg,TP,11,4,0.8428273774423084,22006,24870,253.61526508966742,286.6223594828696
ZAINA-679-G_006_jpg.rf.11cd17e1f39e2a9131fc83dd7a404392_r1c1.jpg,TP,17,20,0.8298059964726632,1930,2220,22.24290928033528,25.58510808411623
ZAINA-679-G_006_jpg.rf.11cd17e1f39e2a9131fc83dd7a404392_r1c1.jpg,TP,22,17,0.8278836509528585,4136,4976,47.66666983599311,57.347521543496555
ZAINA-679-G_006_jpg.rf.11cd17e1f39e2a9131fc83dd7a404392_r1c1.jpg,TP,28,27,0.8276031434184676,3384,4058,39.00000259308528,46.76773360601065
ZAINA-679-G_006_jpg.rf.11cd17e1f39e2a9131fc83dd7a404392_r1c1.jpg,TP,20,33,0.8100299809212319,5963,7319,68.7225222998131,84.35018291335436
ZAINA-679-G_006_jpg.rf.11cd17e1f39e2a9131fc83dd7a404392_r1c1.jpg,TP,3,18,0.7769168684422921,4823,6185,55.58422355391557,71.28103310822472
ZAINA-679-G_006_jpg.rf.11cd17e1f39e2a9131fc83dd7a404392_r1c1.jpg,TP,16,32,0.7668784749801429,1937,2512,22.323583044564472,28.950356534819804
ZAINA-679-G_006_jpg.rf.11cd17e1f39e2a9131fc83dd7a404392_r1c1.jpg,TP,13,10,0.7406905890318213,3282,4431,37.82447060003129,51.06649275708063
ZAINA-679-G_006_jpg.rf.11cd17e1f39e2a9131fc83dd7a404392_r1c1.jpg,TP,27,25,0.7369113775957883,5039,6838,58.07358542155931,78.8067428284625
ZAINA-679-G_006_jpg.rf.11cd17e1f39e2a9131fc83dd7a404392_r1c1.jpg,TP,31,34,0.7286273841961853,9244,11057,106.53546807638307,127.42997301174465
ZAINA-679-G_006_jpg.rf.11cd17e1f39e2a9131fc83dd7a404392_r1c1.jpg,TP,15,28,0.6622699386503067,3242,2177,37.36347766157874,25.089540675279743
ZAINA-679-G_006_jpg.rf.11cd17e1f39e2a9131fc83dd7a404392_r1c1.jpg,TP,23,31,0.5345332253845675,8966,15674,103.33156715413789,180.6400829326296
ZAINA-679-G_006_jpg.rf.11cd17e1f39e2a9131fc83dd7a404392_r1c1.jpg,FP,5,-1,0.0,0,26689,0.0,307.5860133589991
ZAINA-679-G_006_jpg.rf.11cd17e1f39e2a9131fc83dd7a404392_r1c1.jpg,FP,9,-1,0.0,0,14966,0.0,172.48050792201957
ZAINA-679-G_006_jpg.rf.11cd17e1f39e2a9131fc83dd7a404392_r1c1.jpg,FP,14,-1,0.0,0,13965,0.0,160.94415963724464
ZAINA-679-G_006_jpg.rf.11cd17e1f39e2a9131fc83dd7a404392_r1c1.jpg,FP,18,-1,0.0,0,6700,0.0,77.21631719080122
ZAINA-679-G_006_jpg.rf.11cd17e1f39e2a9131fc83dd7a404392_r1c1.jpg,FP,21,-1,0.0,0,2718,0.0,31.324470167850407
ZAINA-679-G_006_jpg.rf.11cd17e1f39e2a9131fc83dd7a404392_r1c1.jpg,FP,24,-1,0.0,0,15255,0.0,175.8111819023392
ZAINA-679-G_006_jpg.rf.11cd17e1f39e2a9131fc83dd7a404392_r1c1.jpg,FP,26,-1,0.0,0,9513,0.0,109.63564558747643
ZAINA-679-G_006_jpg.rf.11cd17e1f39e2a9131fc83dd7a404392_r1c1.jpg,FP,29,-1,0.0,0,28143,0.0,324.34310667174907
ZAINA-679-G_006_jpg.rf.11cd17e1f39e2a9131fc83dd7a404392_r1c1.jpg,FN,-1,5,0.0,4714,0,54.32801779663239,0.0
ZAINA-679-G_006_jpg.rf.11cd17e1f39e2a9131fc83dd7a404392_r1c1.jpg,FN,-1,6,0.0,9608,0,110.73050381630122,0.0
ZAINA-679-G_006_jpg.rf.11cd17e1f39e2a9131fc83dd7a404392_r1c1.jpg,FN,-1,8,0.0,6730,0,77.56206189464064,0.0
ZAINA-679-G_006_jpg.rf.11cd17e1f39e2a9131fc83dd7a404392_r1c1.jpg,FN,-1,11,0.0,65305,0,752.6285961410857,0.0
ZAINA-679-G_006_jpg.rf.11cd17e1f39e2a9131fc83dd7a404392_r1c1.jpg,FN,-1,12,0.0,4402,0,50.73227287670254,0.0
ZAINA-679-G_006_jpg.rf.11cd17e1f39e2a9131fc83dd7a404392_r1c1.jpg,FN,-1,13,0.0,7674,0,88.44149524212068,0.0
ZAINA-679-G_006_jpg.rf.11cd17e1f39e2a9131fc83dd7a404392_r1c1.jpg,FN,-1,14,0.0,7804,0,89.93972229209146,0.0
ZAINA-679-G_006_jpg.rf.11cd17e1f39e2a9131fc83dd7a404392_r1c1.jpg,FN,-1,19,0.0,2921,0,33.66400933049707,0.0
ZAINA-679-G_006_jpg.rf.11cd17e1f39e2a9131fc83dd7a404392_r1c1.jpg,FN,-1,22,0.0,4749,0,54.73138661777836,0.0
ZAINA-679-G_006_jpg.rf.11cd17e1f39e2a9131fc83dd7a404392_r1c1.jpg,FN,-1,24,0.0,5453,0,62.844862334543144,0.0
ZAINA-679-G_006_jpg.rf.11cd17e1f39e2a9131fc83dd7a404392_r1c1.jpg,FN,-1,26,0.0,2431,0,28.0168458344534,0.0
ZAINA-679-G_006_jpg.rf.11cd17e1f39e2a9131fc83dd7a404392_r1c1.jpg,FN,-1,29,0.0,58023,0,668.7048316958,0.0
ZAINA-679-G_006_jpg.rf.11cd17e1f39e2a9131fc83dd7a404392_r1c2.jpg,TP,1,13,0.9170665866826635,6178,6605,71.20035934399552,76.12145896197643
ZAINA-679-G_006_jpg.rf.11cd17e1f39e2a9131fc83dd7a404392_r1c2.jpg,TP,0,14,0.9070895319056183,17181,17816,198.00799188882922,205.32625478676337
ZAINA-679-G_006_jpg.rf.11cd17e1f39e2a9131fc83dd7a404392_r1c2.jpg,TP,15,5,0.8853615520282186,4133,4419,47.632095365609175,50.92819487554487
ZAINA-679-G_006_jpg.rf.11cd17e1f39e2a9131fc83dd7a404392_r1c2.jpg,TP,9,6,0.8811819595645413,5695,6401,65.63386961218104,73.77039497586846
ZAINA-679-G_006_jpg.rf.11cd17e1f39e2a9131fc83dd7a404392_r1c2.jpg,TP,8,8,0.8656890734492603,6704,7673,77.26241648464648,88.42997041865938
ZAINA-679-G_006_jpg.rf.11cd17e1f39e2a9131fc83dd7a404392_r1c2.jpg,TP,4,11,0.8595988538681948,6316,7313,72.7907849816568,84.28103397258647
ZAINA-679-G_006_jpg.rf.11cd17e1f39e2a9131fc83dd7a404392_r1c2.jpg,TP,12,4,0.8573260660468098,2703,3090,31.151597815930703,35.61170449545907
ZAINA-679-G_006_jpg.rf.11cd17e1f39e2a9131fc83dd7a404392_r1c2.jpg,TP,7,7,0.853063809574075,16163,18947,186.27572160521197,218.36083012150908
ZAINA-679-G_006_jpg.rf.11cd17e1f39e2a9131fc83dd7a404392_r1c2.jpg,TP,19,12,0.8362035973976273,15674,17912,180.6400829326296,206.43263783904948
ZAINA-679-G_006_jpg.rf.11cd17e1f39e2a9131fc83dd7a404392_r1c2.jpg,TP,2,21,0.830335934848999,4900,5888,56.47163496043672,67.85816054021457
ZAINA-679-G_006_jpg.rf.11cd17e1f39e2a9131fc83dd7a404392_r1c2.jpg,TP,5,15,0.8256833419288293,3215,3865,37.05230742812328,44.543442677977126
ZAINA-679-G_006_jpg.rf.11cd17e1f39e2a9131fc83dd7a404392_r1c2.jpg,TP,3,3,0.8234360834088849,3676,4369,42.36525104378885,50.351953702479186
ZAINA-679-G_006_jpg.rf.11cd17e1f39e2a9131fc83dd7a404392_r1c2.jpg,TP,11,9,0.8218553459119496,5227,6360,60.24025223228627,73.29787721395459
ZAINA-679-G_006_jpg.rf.11cd17e1f39e2a9131fc83dd7a404392_r1c2.jpg,TP,16,10,0.8076119749361801,19605,19340,225.94416395905344,222.89008574180534
ZAINA-679-G_006_jpg.rf.11cd17e1f39e2a9131fc83dd7a404392_r1c2.jpg,TP,14,16,0.8075272367117861,2476,2999,28.535462890212514,34.562945560479534
ZAINA-679-G_006_jpg.rf.11cd17e1f39e2a9131fc83dd7a404392_r1c2.jpg,TP,6,1,0.7951254480286738,5546,6975,63.91667091644531,80.38564364266247
ZAINA-679-G_006_jpg.rf.11cd17e1f39e2a9131fc83dd7a404392_r1c2.jpg,TP,10,0,0.7650122549019608,2552,3209,29.41134947327235,36.9831584873554
ZAINA-679-G_006_jpg.rf.11cd17e1f39e2a9131fc83dd7a404392_r1c2.jpg,TP,18,18,0.7565359477124183,4630,6120,53.35993262588204,70.53191958323933
ZAINA-679-G_006_jpg.rf.11cd17e1f39e2a9131fc83dd7a404392_r1c2.jpg,TP,17,19,0.7067140991579232,16044,21857,184.90426761331565,251.8980663939317
ZAINA-679-G_006_jpg.rf.11cd17e1f39e2a9131fc83dd7a404392_r1c2.jpg,TP,22,2,0.5917931486174787,21172,34727,244.00356232293188,400.2225443410379
ZAINA-679-G_006_jpg.rf.11cd17e1f39e2a9131fc83dd7a404392_r1c2.jpg,TP,13,20,0.5747273263240641,11897,20155,137.1108247192481,232.28281686277592
ZAINA-679-G_006_jpg.rf.11cd17e1f39e2a9131fc83dd7a404392_r1c2.jpg,FP,20,-1,0.0,0,909,0.0,10.476064526334076
ZAINA-679-G_006_jpg.rf.11cd17e1f39e2a9131fc83dd7a404392_r1c2.jpg,FP,21,-1,0.0,0,6605,0.0,76.12145896197643
ZAINA-679-G_006_jpg.rf.11cd17e1f39e2a9131fc83dd7a404392_r1c2.jpg,FN,-1,17,0.0,2504,0,28.858157947129293,0.0
ZAINA-679-G_006_jpg.rf.11cd17e1f39e2a9131fc83dd7a404392_r2c0.jpg,TP,0,8,0.9435097797838873,6943,7266,80.01684929190043,83.73936726990473
ZAINA-679-G_006_jpg.rf.11cd17e1f39e2a9131fc83dd7a404392_r2c0.jpg,TP,8,1,0.9282338526168388,10641,11391,122.63564645183818,131.2792640478234
ZAINA-679-G_006_jpg.rf.11cd17e1f39e2a9131fc83dd7a404392_r2c0.jpg,TP,14,15,0.9118773946360154,4102,4381,47.27482583830845,50.49025158401495
ZAINA-679-G_006_jpg.rf.11cd17e1f39e2a9131fc83dd7a404392_r2c0.jpg,TP,21,21,0.9055932751374071,2827,3067,32.58067592513359,35.34663355584886
ZAINA-679-G_006_jpg.rf.11cd17e1f39e2a9131fc83dd7a404392_r2c0.jpg,TP,25,10,0.9047436327881433,39683,39741,457.33956941530823,458.0080091760644
ZAINA-679-G_006_jpg.rf.11cd17e1f39e2a9131fc83dd7a404392_r2c0.jpg,TP,19,12,0.8922446792221712,24476,24957,282.08157903911206,287.6250191240039
ZAINA-679-G_006_jpg.rf.11cd17e1f39e2a9131fc83dd7a404392_r2c0.jpg,TP,5,16,0.8873420432640823,4149,4663,47.81649254099019,53.74025180010539
ZAINA-679-G_006_jpg.rf.11cd17e1f39e2a9131fc83dd7a404392_r2c0.jpg,TP,6,13,0.8788461538461538,7998,7634,92.1755380435863,87.98050230366815
ZAINA-679-G_006_jpg.rf.11cd17e1f39e2a9131fc83dd7a404392_r2c0.jpg,TP,13,19,0.8769230769230769,3072,3394,35.40425767315543,39.11525082769841
ZAINA-679-G_006_jpg.rf.11cd17e1f39e2a9131fc83dd7a404392_r2c0.jpg,TP,1,11,0.8742321102440644,10563,12014,121.73671022185573,138.45922906422177
ZAINA-679-G_006_jpg.rf.11cd17e1f39e2a9131fc83dd7a404392_r2c0.jpg,TP,7,9,0.8725770575150937,5511,6275,63.51330209529934,72.31826721974294
ZAINA-679-G_006_jpg.rf.11cd17e1f39e2a9131fc83dd7a404392_r2c0.jpg,TP,11,2,0.8622480781217536,4158,4805,47.920215952142016,55.376776731611926
ZAINA-679-G_006_jpg.rf.11cd17e1f39e2a9131fc83dd7a404392_r2c0.jpg,TP,23,6,0.8483912307199414,38345,42426,441.9193556240706,488.95216016969147
ZAINA-679-G_006_jpg.rf.11cd17e1f39e2a9131fc83dd7a404392_r2c0.jpg,TP,10,18,0.841967458387881,4502,5347,51.884755222833896,61.623231047643905
ZAINA-679-G_006_jpg.rf.11cd17e1f39e2a9131fc83dd7a404392_r2c0.jpg,TP,15,20,0.8394951642773852,12540,14278,144.52128620487275,164.5514293806358
ZAINA-679-G_006_jpg.rf.11cd17e1f39e2a9131fc83dd7a404392_r2c0.jpg,TP,3,17,0.8392116182572614,4856,5782,55.964542728138916,66.63652925331533
ZAINA-679-G_006_jpg.rf.11cd17e1f39e2a9131fc83dd7a404392_r2c0.jpg,TP,18,14,0.8348283931357254,4281,5128,49.33776923788359,59.099294709616224
ZAINA-679-G_006_jpg.rf.11cd17e1f39e2a9131fc83dd7a404392_r2c0.jpg,TP,4,3,0.8340895341802783,5515,6612,63.55940138914459,76.20213272620563
ZAINA-679-G_006_jpg.rf.11cd17e1f39e2a9131fc83dd7a404392_r2c0.jpg,TP,17,22,0.8336065573770491,5085,6100,58.60372730077974,70.30142311401306
ZAINA-679-G_006_jpg.rf.11cd17e1f39e2a9131fc83dd7a404392_r2c0.jpg,TP,2,23,0.8231882543497571,16324,18570,188.13121818248345,214.01597167659384
ZAINA-679-G_006_jpg.rf.11cd17e1f39e2a9131fc83dd7a404392_r2c0.jpg,TP,9,5,0.8092819210344031,3522,4314,40.590428230746554,49.71808841210694
ZAINA-679-G_006_jpg.rf.11cd17e1f39e2a9131fc83dd7a404392_r2c0.jpg,TP,20,0,0.7935617365007361,20695,24379,238.50622153188527,280.96367116336467
ZAINA-679-G_006_jpg.rf.11cd17e1f39e2a9131fc83dd7a404392_r2c0.jpg,TP,12,4,0.7607163269194133,4006,5236,46.16844278602235,60.34397564343809
ZAINA-679-G_006_jpg.rf.11cd17e1f39e2a9131fc83dd7a404392_r2c0.jpg,TP,22,24,0.7209184534864089,4313,5880,49.70656358864562,67.76596195252407
ZAINA-679-G_006_jpg.rf.11cd17e1f39e2a9131fc83dd7a404392_r2c0.jpg,TP,24,7,0.7164339419978518,1337,1859,15.408688967776305,21.42464681458201
ZAINA-679-G_006_jpg.rf.11cd17e1f39e2a9131fc83dd7a404392_r2c0.jpg,FP,16,-1,0.0,0,28203,0.0,325.0345960794279
ZAINA-679-G_006_jpg.rf.11cd17e1f39e2a9131fc83dd7a404392_r2c0.jpg,FN,-1,25,0.0,3061,0,35.27748461508098,0.0
ZAINA-679-G_006_jpg.rf.11cd17e1f39e2a9131fc83dd7a404392_r2c1.jpg,TP,2,3,0.9413143574717455,11268,11921,129.86171076208183,137.3874204823196
ZAINA-679-G_006_jpg.rf.11cd17e1f39e2a9131fc83dd7a404392_r2c1.jpg,TP,1,0,0.9255786038486065,25403,25931,292.7650903877498,298.8501971753234
ZAINA-679-G_006_jpg.rf.11cd17e1f39e2a9131fc83dd7a404392_r2c1.jpg,TP,15,4,0.9185201497467518,12662,13474,145.927314667153,155.28547131773965
ZAINA-679-G_006_jpg.rf.11cd17e1f39e2a9131fc83dd7a404392_r2c1.jpg,TP,6,10,0.9101995565410199,8480,8750,97.73050295193946,100.84220528649413
ZAINA-679-G_006_jpg.rf.11cd17e1f39e2a9131fc83dd7a404392_r2c1.jpg,TP,4,9,0.9014295869204644,11441,12633,131.85550522088909,145.5930947867749
ZAINA-679-G_006_jpg.rf.11cd17e1f39e2a9131fc83dd7a404392_r2c1.jpg,TP,5,6,0.9008607895517958,12140,13476,139.9113568203473,155.30852096466228
ZAINA-679-G_006_jpg.rf.11cd17e1f39e2a9131fc83dd7a404392_r2c1.jpg,TP,11,16,0.8924340054042819,8604,9605,99.15958106114235,110.69592934591728
ZAINA-679-G_006_jpg.rf.11cd17e1f39e2a9131fc83dd7a404392_r2c1.jpg,TP,0,1,0.8921984122246762,31229,32171,359.9087118733629,370.76509557392035
ZAINA-679-G_006_jpg.rf.11cd17e1f39e2a9131fc83dd7a404392_r2c1.jpg,TP,14,13,0.8859759949463045,2829,3142,32.60372557205622,36.210995315447384
ZAINA-679-G_006_jpg.rf.11cd17e1f39e2a9131fc83dd7a404392_r2c1.jpg,TP,9,15,0.87465825446898,8369,9459,96.45124754773364,109.01330512056549
ZAINA-679-G_006_jpg.rf.11cd17e1f39e2a9131fc83dd7a404392_r2c1.jpg,TP,12,12,0.8726713105459258,5509,6051,63.49025244837671,69.7367067644087
ZAINA-679-G_006_jpg.rf.11cd17e1f39e2a9131fc83dd7a404392_r2c1.jpg,TP,7,7,0.8665051217094394,7897,9049,91.01153087399362,104.28812750142691
ZAINA-679-G_006_jpg.rf.11cd17e1f39e2a9131fc83dd7a404392_r2c1.jpg,TP,8,11,0.842450283699664,15341,18105,176.8023167200122,208.656928767083
ZAINA-679-G_006_jpg.rf.11cd17e1f39e2a9131fc83dd7a404392_r2c1.jpg,TP,16,18,0.8258051846032993,4333,4964,49.937060057871896,57.20922366196079
ZAINA-679-G_006_jpg.rf.11cd17e1f39e2a9131fc83dd7a404392_r2c1.jpg,TP,13,17,0.8246987951807229,2740,3318,31.578016283999307,38.23936424463858
ZAINA-679-G_006_jpg.rf.11cd17e1f39e2a9131fc83dd7a404392_r2c1.jpg,TP,3,8,0.8084029013274941,5907,7307,68.07713218597952,84.2118850318186
ZAINA-679-G_006_jpg.rf.11cd17e1f39e2a9131fc83dd7a404392_r2c1.jpg,TP,19,14,0.7548575991482566,3475,3118,40.048761528064816,35.93439955237585
ZAINA-679-G_006_jpg.rf.11cd17e1f39e2a9131fc83dd7a404392_r2c1.jpg,FP,10,-1,0.0,0,32184,0.0,370.9149182789174
ZAINA-679-G_006_jpg.rf.11cd17e1f39e2a9131fc83dd7a404392_r2c1.jpg,FP,17,-1,0.0,0,19031,0.0,219.3289152922594
ZAINA-679-G_006_jpg.rf.11cd17e1f39e2a9131fc83dd7a404392_r2c1.jpg,FP,18,-1,0.0,0,24174,0.0,278.60108235379533
ZAINA-679-G_006_jpg.rf.11cd17e1f39e2a9131fc83dd7a404392_r2c1.jpg,FN,-1,2,0.0,9972,0,114.92553955621938,0.0
ZAINA-679-G_006_jpg.rf.11cd17e1f39e2a9131fc83dd7a404392_r2c1.jpg,FN,-1,5,0.0,16167,0,186.32182089905723,0.0
ZAINA-679-G_006_jpg.rf.11cd17e1f39e2a9131fc83dd7a404392_r2c1.jpg,FN,-1,19,0.0,6582,0,75.85638802236622,0.0
ZAINA-679-G_006_jpg.rf.11cd17e1f39e2a9131fc83dd7a404392_r2c2.jpg,TP,4,0,0.9317109979249198,5131,5109,59.13386918000016,58.880323063851264
ZAINA-679-G_006_jpg.rf.11cd17e1f39e2a9131fc83dd7a404392_r2c2.jpg,TP,3,6,0.9198359960412837,6550,7029,75.48759367160419,81.0079841095734
ZAINA-679-G_006_jpg.rf.11cd17e1f39e2a9131fc83dd7a404392_r2c2.jpg,TP,1,4,0.9047503045066991,7437,8201,85.71011208178936,94.51507720623296
ZAINA-679-G_006_jpg.rf.11cd17e1f39e2a9131fc83dd7a404392_r2c2.jpg,TP,7,5,0.8943668661537,9564,10378,110.22341158400341,119.60461788151271
ZAINA-679-G_006_jpg.rf.11cd17e1f39e2a9131fc83dd7a404392_r2c2.jpg,TP,0,3,0.8924128503075871,6624,7219,76.3404306077414,83.197700567223
ZAINA-679-G_006_jpg.rf.11cd17e1f39e2a9131fc83dd7a404392_r2c2.jpg,TP,2,7,0.8919486581096849,3860,4247,44.48581856067056,48.945925240198925
ZAINA-679-G_006_jpg.rf.11cd17e1f39e2a9131fc83dd7a404392_r2c2.jpg,TP,20,13,0.8883248730964467,1781,1939,20.52571058459955,22.346632691487102
ZAINA-679-G_006_jpg.rf.11cd17e1f39e2a9131fc83dd7a404392_r2c2.jpg,TP,5,19,0.8846722523410547,3628,4020,41.8120595176458,46.32979031448073
ZAINA-679-G_006_jpg.rf.11cd17e1f39e2a9131fc83dd7a404392_r2c2.jpg,TP,16,12,0.8816265060240964,6041,6453,69.62145852979555,74.36968579585677
ZAINA-679-G_006_jpg.rf.11cd17e1f39e2a9131fc83dd7a404392_r2c2.jpg,TP,21,15,0.8785310734463276,6436,6864,74.17376379701443,79.10638823845666
ZAINA-679-G_006_jpg.rf.11cd17e1f39e2a9131fc83dd7a404392_r2c2.jpg,TP,12,9,0.8647927780057447,12808,14459,147.6099388925048,166.63742242713357
ZAINA-679-G_006_jpg.rf.11cd17e1f39e2a9131fc83dd7a404392_r2c2.jpg,TP,15,1,0.8605830164765526,3944,3396,45.4539037314209,39.13830047462104
ZAINA-679-G_006_jpg.rf.11cd17e1f39e2a9131fc83dd7a404392_r2c2.jpg,TP,9,10,0.8483606557377049,8707,10235,100.34663787765766,117.95656812654485
ZAINA-679-G_006_jpg.rf.11cd17e1f39e2a9131fc83dd7a404392_r2c2.jpg,TP,10,2,0.8448550493787831,5379,6203,61.99202539840594,71.48847993052836
ZAINA-679-G_006_jpg.rf.11cd17e1f39e2a9131fc83dd7a404392_r2c2.jpg,TP,6,8,0.8355287009063445,6959,8230,80.20124646728145,94.84929708661106
ZAINA-679-G_006_jpg.rf.11cd17e1f39e2a9131fc83dd7a404392_r2c2.jpg,TP,19,14,0.8064231515793189,4570,5667,52.66844321820322,65.31117455526426
ZAINA-679-G_006_jpg.rf.11cd17e1f39e2a9131fc83dd7a404392_r2c2.jpg,TP,8,16,0.7942173835445298,4450,5603,51.28546440284559,64.57358585374018
ZAINA-679-G_006_jpg.rf.11cd17e1f39e2a9131fc83dd7a404392_r2c2.jpg,TP,11,18,0.7435182411099076,35172,40481,405.3510907813225,466.53637853743646
ZAINA-679-G_006_jpg.rf.11cd17e1f39e2a9131fc83dd7a404392_r2c2.jpg,FP,13,-1,0.0,0,13758,0.0,158.55852118075273
ZAINA-679-G_006_jpg.rf.11cd17e1f39e2a9131fc83dd7a404392_r2c2.jpg,FP,14,-1,0.0,0,2839,0.0,32.718973806669354
ZAINA-679-G_006_jpg.rf.11cd17e1f39e2a9131fc83dd7a404392_r2c2.jpg,FP,17,-1,0.0,0,6295,0.0,72.54876368896922
ZAINA-679-G_006_jpg.rf.11cd17e1f39e2a9131fc83dd7a404392_r2c2.jpg,FP,18,-1,0.0,0,5704,0.0,65.73759302333286
ZAINA-679-G_006_jpg.rf.11cd17e1f39e2a9131fc83dd7a404392_r2c2.jpg,FN,-1,11,0.0,1511,0,17.414008250044873,0.0
ZAINA-679-G_006_jpg.rf.11cd17e1f39e2a9131fc83dd7a404392_r2c2.jpg,FN,-1,17,0.0,2331,0,26.864363488322038,0.0
ZAINA-679-G_007_jpg.rf.35e86ec35895ca2f75ff075a91825a0e_r0c0.jpg,TP,12,20,0.9286667587095586,21090,20818,243.05852679910416,239.92377481762685
ZAINA-679-G_007_jpg.rf.35e86ec35895ca2f75ff075a91825a0e_r0c0.jpg,TP,16,19,0.9081976417742841,3250,3547,37.45567624926925,40.878548817279395
ZAINA-679-G_007_jpg.rf.35e86ec35895ca2f75ff075a91825a0e_r0c0.jpg,TP,9,5,0.8967546362339515,10111,11163,116.52749001734198,128.6516042986439
ZAINA-679-G_007_jpg.rf.35e86ec35895ca2f75ff075a91825a0e_r0c0.jpg,TP,11,16,0.8860484090290998,3264,3671,37.61702377772764,42.307626926482286
ZAINA-679-G_007_jpg.rf.35e86ec35895ca2f75ff075a91825a0e_r0c0.jpg,TP,2,4,0.88151700861533,11207,9977,129.15869653094168,114.98316367352595
ZAINA-679-G_007_jpg.rf.35e86ec35895ca2f75ff075a91825a0e_r0c0.jpg,TP,0,10,0.8608936725375081,5298,6113,61.05851469803954,70.45124581901014
ZAINA-679-G_007_jpg.rf.35e86ec35895ca2f75ff075a91825a0e_r0c0.jpg,TP,1,6,0.8547297297297297,6649,7625,76.62855119427424,87.87677889251633
ZAINA-679-G_007_jpg.rf.35e86ec35895ca2f75ff075a91825a0e_r0c0.jpg,TP,26,12,0.8482996395549287,5417,6377,62.429968689935855,73.49379921279693
ZAINA-679-G_007_jpg.rf.35e86ec35895ca2f75ff075a91825a0e_r0c0.jpg,TP,3,8,0.8443847072879331,3027,3148,34.88564061739631,36.280144256215266
ZAINA-679-G_007_jpg.rf.35e86ec35895ca2f75ff075a91825a0e_r0c0.jpg,TP,8,17,0.8238785128294641,9794,11104,112.87412098010556,127.97163971442639
ZAINA-679-G_007_jpg.rf.35e86ec35895ca2f75ff075a91825a0e_r0c0.jpg,TP,5,7,0.8189204875217644,2822,3446,32.523051807827024,39.71454164768672
ZAINA-679-G_007_jpg.rf.35e86ec35895ca2f75ff075a91825a0e_r0c0.jpg,TP,7,9,0.7922421392888628,2715,3384,31.289895697466466,39.00000259308528
ZAINA-679-G_007_jpg.rf.35e86ec35895ca2f75ff075a91825a0e_r0c0.jpg,TP,6,14,0.7885926844389337,2557,3213,29.468973590578916,37.02925778120065
ZAINA-679-G_007_jpg.rf.35e86ec35895ca2f75ff075a91825a0e_r0c0.jpg,TP,20,11,0.7826449728827701,5722,7097,65.94503984563651,81.79167210494273
ZAINA-679-G_007_jpg.rf.35e86ec35895ca2f75ff075a91825a0e_r0c0.jpg,TP,19,3,0.7681977284091721,10818,13935,124.6755402044907,160.59841493340522
ZAINA-679-G_007_jpg.rf.35e86ec35895ca2f75ff075a91825a0e_r0c0.jpg,TP,18,13,0.7571346042749856,6633,8575,76.44415401889322,98.82536118076426
ZAINA-679-G_007_jpg.rf.35e86ec35895ca2f75ff075a91825a0e_r0c0.jpg,TP,13,18,0.7525347352609838,4048,5286,46.65248537139752,60.920216816503775
ZAINA-679-G_007_jpg.rf.35e86ec35895ca2f75ff075a91825a0e_r0c0.jpg,TP,4,21,0.7399531241067856,13202,17235,152.15071933626237,198.63033235574017
ZAINA-679-G_007_jpg.rf.35e86ec35895ca2f75ff075a91825a0e_r0c0.jpg,TP,24,15,0.6649495157634453,3227,4853,37.19060530965904,55.92996825775498
ZAINA-679-G_007_jpg.rf.35e86ec35895ca2f75ff075a91825a0e_r0c0.jpg,FP,10,-1,0.0,0,10412,0.0,119.99646187919737
ZAINA-679-G_007_jpg.rf.35e86ec35895ca2f75ff075a91825a0e_r0c0.jpg,FP,14,-1,0.0,0,9376,0.0,108.05674477327646
ZAINA-679-G_007_jpg.rf.35e86ec35895ca2f75ff075a91825a0e_r0c0.jpg,FP,15,-1,0.0,0,10735,0.0,123.71897985720166
ZAINA-679-G_007_jpg.rf.35e86ec35895ca2f75ff075a91825a0e_r0c0.jpg,FP,17,-1,0.0,0,16080,0.0,185.31916125792293
ZAINA-679-G_007_jpg.rf.35e86ec35895ca2f75ff075a91825a0e_r0c0.jpg,FP,21,-1,0.0,0,31996,0.0,368.74825146819046
ZAINA-679-G_007_jpg.rf.35e86ec35895ca2f75ff075a91825a0e_r0c0.jpg,FP,22,-1,0.0,0,11089,0.0,127.79876736250668
ZAINA-679-G_007_jpg.rf.35e86ec35895ca2f75ff075a91825a0e_r0c0.jpg,FP,23,-1,0.0,0,9415,0.0,108.5062128882677
ZAINA-679-G_007_jpg.rf.35e86ec35895ca2f75ff075a91825a0e_r0c0.jpg,FP,25,-1,0.0,0,9737,0.0,112.21720604281067
ZAINA-679-G_007_jpg.rf.35e86ec35895ca2f75ff075a91825a0e_r0c0.jpg,FN,-1,0,0.0,16060,0,185.08866478869666,0.0
ZAINA-679-G_007_jpg.rf.35e86ec35895ca2f75ff075a91825a0e_r0c0.jpg,FN,-1,1,0.0,6701,0,77.22784201426254,0.0
ZAINA-679-G_007_jpg.rf.35e86ec35895ca2f75ff075a91825a0e_r0c0.jpg,FN,-1,2,0.0,7852,0,90.49291381823451,0.0
ZAINA-679-G_007_jpg.rf.35e86ec35895ca2f75ff075a91825a0e_r0c1.jpg,TP,6,11,0.9005028351342677,8480,9284,97.73050295193946,106.9964610148356
ZAINA-679-G_007_jpg.rf.35e86ec35895ca2f75ff075a91825a0e_r0c1.jpg,TP,3,10,0.8962529781243231,4305,4450,49.61436500095512,51.28546440284559
ZAINA-679-G_007_jpg.rf.35e86ec35895ca2f75ff075a91825a0e_r0c1.jpg,TP,2,8,0.8932102834541858,2779,2965,32.02748439899054,34.171101562794874
ZAINA-679-G_007_jpg.rf.35e86ec35895ca2f75ff075a91825a0e_r0c1.jpg,TP,0,16,0.8596352101506741,3253,3782,37.49025071965319,43.5868823306881
ZAINA-679-G_007_jpg.rf.35e86ec35895ca2f75ff075a91825a0e_r0c1.jpg,TP,4,2,0.8421465968586388,3217,3820,37.0753570750459,44.02482562221801
ZAINA-679-G_007_jpg.rf.35e86ec35895ca2f75ff075a91825a0e_r0c1.jpg,TP,28,15,0.8392531876138434,11411,12823,131.50976051704967,147.7828112444245
ZAINA-679-G_007_jpg.rf.35e86ec35895ca2f75ff075a91825a0e_r0c1.jpg,TP,9,6,0.8356370192307693,2851,3258,32.85727168820512,37.54787483695976
ZAINA-679-G_007_jpg.rf.35e86ec35895ca2f75ff075a91825a0e_r0c1.jpg,TP,8,24,0.834941537064366,14828,17500,170.8900822843583,201.68441057298827
ZAINA-679-G_007_jpg.rf.35e86ec35895ca2f75ff075a91825a0e_r0c1.jpg,TP,1,0,0.8347513481126423,7017,8294,80.86968622803764,95.58688578813513
ZAINA-679-G_007_jpg.rf.35e86ec35895ca2f75ff075a91825a0e_r0c1.jpg,TP,11,5,0.8340757238307349,7491,8979,86.3324525487003,103.48138985913495
ZAINA-679-G_007_jpg.rf.35e86ec35895ca2f75ff075a91825a0e_r0c1.jpg,TP,15,18,0.8213912524257352,11042,13361,127.25710065982494,153.98316626661122
ZAINA-679-G_007_jpg.rf.35e86ec35895ca2f75ff075a91825a0e_r0c1.jpg,TP,12,27,0.8181818181818182,2896,3504,33.37588874396423,40.38298140844291
ZAINA-679-G_007_jpg.rf.35e86ec35895ca2f75ff075a91825a0e_r0c1.jpg,TP,5,9,0.8086455331412103,2891,3385,33.318264626657665,39.01152741654659
ZAINA-679-G_007_jpg.rf.35e86ec35895ca2f75ff075a91825a0e_r0c1.jpg,TP,24,7,0.7994409503843466,3432,4293,39.55319411922833,49.476067119419355
ZAINA-679-G_007_jpg.rf.35e86ec35895ca2f75ff075a91825a0e_r0c1.jpg,TP,18,22,0.7928451804986975,35201,41877,405.6853106617006,482.6250320894303
ZAINA-679-G_007_jpg.rf.35e86ec35895ca2f75ff075a91825a0e_r0c1.jpg,TP,21,20,0.7848784878487849,935,1048,10.77570993632823,12.078014987456669
ZAINA-679-G_007_jpg.rf.35e86ec35895ca2f75ff075a91825a0e_r0c1.jpg,TP,20,14,0.7799130405921205,24031,29596,276.9530325988275,341.08867516103777
ZAINA-679-G_007_jpg.rf.35e86ec35895ca2f75ff075a91825a0e_r0c1.jpg,TP,16,4,0.7653562653562653,3738,4884,43.0797900983903,56.2872377850557
ZAINA-679-G_007_jpg.rf.35e86ec35895ca2f75ff075a91825a0e_r0c1.jpg,TP,29,29,0.7646809592407423,10240,10585,118.01419224385143,121.99025633800463
ZAINA-679-G_007_jpg.rf.35e86ec35895ca2f75ff075a91825a0e_r0c1.jpg,TP,23,21,0.7193155144998864,9516,13191,109.67022005786036,152.0239462781879
ZAINA-679-G_007_jpg.rf.35e86ec35895ca2f75ff075a91825a0e_r0c1.jpg,TP,17,17,0.7070914696813977,5834,7454,67.23582007330363,85.9060340806317
ZAINA-679-G_007_jpg.rf.35e86ec35895ca2f75ff075a91825a0e_r0c1.jpg,TP,22,26,0.7042437838848383,3788,5328,43.65603127145598,61.404259401878946
ZAINA-679-G_007_jpg.rf.35e86ec35895ca2f75ff075a91825a0e_r0c1.jpg,TP,10,19,0.5862068965517241,12144,8280,139.95745611419255,95.42553825967674
ZAINA-679-G_007_jpg.rf.35e86ec35895ca2f75ff075a91825a0e_r0c1.jpg,TP,25,3,0.565095436820141,8272,14605,95.33333967198622,168.32004665248536
ZAINA-679-G_007_jpg.rf.35e86ec35895ca2f75ff075a91825a0e_r0c1.jpg,TP,31,25,0.5547824166114425,5023,9054,57.88918824617829,104.34575161873347
ZAINA-679-G_007_jpg.rf.35e86ec35895ca2f75ff075a91825a0e_r0c1.jpg,TP,14,12,0.5123067213632061,6077,3508,70.03635217440284,40.42908070228816
ZAINA-679-G_007_jpg.rf.35e86ec35895ca2f75ff075a91825a0e_r0c1.jpg,FP,7,-1,0.0,0,2768,0.0,31.90071134091609
ZAINA-679-G_007_jpg.rf.35e86ec35895ca2f75ff075a91825a0e_r0c1.jpg,FP,13,-1,0.0,0,3970,0.0,45.75354914141506
ZAINA-679-G_007_jpg.rf.35e86ec35895ca2f75ff075a91825a0e_r0c1.jpg,FP,19,-1,0.0,0,3763,0.0,43.36791068492314
ZAINA-679-G_007_jpg.rf.35e86ec35895ca2f75ff075a91825a0e_r0c1.jpg,FP,26,-1,0.0,0,3088,0.0,35.58865484853644
ZAINA-679-G_007_jpg.rf.35e86ec35895ca2f75ff075a91825a0e_r0c1.jpg,FP,27,-1,0.0,0,2262,0.0,26.0691506694914
ZAINA-679-G_007_jpg.rf.35e86ec35895ca2f75ff075a91825a0e_r0c1.jpg,FP,30,-1,0.0,0,535,0.0,6.165780551802785
ZAINA-679-G_007_jpg.rf.35e86ec35895ca2f75ff075a91825a0e_r0c1.jpg,FP,32,-1,0.0,0,21200,0.0,244.32625737984864
ZAINA-679-G_007_jpg.rf.35e86ec35895ca2f75ff075a91825a0e_r0c1.jpg,FP,33,-1,0.0,0,2617,0.0,30.16046299825773
ZAINA-679-G_007_jpg.rf.35e86ec35895ca2f75ff075a91825a0e_r0c1.jpg,FP,34,-1,0.0,0,662,0.0,7.6294331313896135
ZAINA-679-G_007_jpg.rf.35e86ec35895ca2f75ff075a91825a0e_r0c1.jpg,FP,35,-1,0.0,0,4430,0.0,51.05496793361932
ZAINA-679-G_007_jpg.rf.35e86ec35895ca2f75ff075a91825a0e_r0c1.jpg,FN,-1,1,0.0,1327,0,15.293440733163168,0.0
ZAINA-679-G_007_jpg.rf.35e86ec35895ca2f75ff075a91825a0e_r0c1.jpg,FN,-1,13,0.0,23078,0,265.96987584019564,0.0
ZAINA-679-G_007_jpg.rf.35e86ec35895ca2f75ff075a91825a0e_r0c1.jpg,FN,-1,23,0.0,2666,0,30.7251793478621,0.0
ZAINA-679-G_007_jpg.rf.35e86ec35895ca2f75ff075a91825a0e_r0c1.jpg,FN,-1,28,0.0,1915,0,22.070036928415576,0.0
ZAINA-679-G_007_jpg.rf.35e86ec35895ca2f75ff075a91825a0e_r0c2.jpg,TP,7,5,0.9173883511631856,11566,11017,133.2961081535533,126.9689800732921
ZAINA-679-G_007_jpg.rf.35e86ec35895ca2f75ff075a91825a0e_r0c2.jpg,TP,3,8,0.9159359289138314,15696,17078,180.8936290487785,196.82093507231394
ZAINA-679-G_007_jpg.rf.35e86ec35895ca2f75ff075a91825a0e_r0c2.jpg,TP,0,0,0.9117190961453256,8297,8962,95.62146025851906,103.28546786029263
ZAINA-679-G_007_jpg.rf.35e86ec35895ca2f75ff075a91825a0e_r0c2.jpg,TP,1,7,0.9006698879859434,16455,18160,189.64097005591555,209.29079405745526
ZAINA-679-G_007_jpg.rf.35e86ec35895ca2f75ff075a91825a0e_r0c2.jpg,TP,2,3,0.8820323488045007,5064,5641,58.36170600809215,65.0115291452701
ZAINA-679-G_007_jpg.rf.35e86ec35895ca2f75ff075a91825a0e_r0c2.jpg,TP,8,9,0.8641969831410825,19886,22133,229.18263935168255,255.07891766925425
ZAINA-679-G_007_jpg.rf.35e86ec35895ca2f75ff075a91825a0e_r0c2.jpg,TP,6,11,0.8497740858193248,31056,34857,357.91491741455565,401.7207713910087
ZAINA-679-G_007_jpg.rf.35e86ec35895ca2f75ff075a91825a0e_r0c2.jpg,TP,5,1,0.822271223814774,3778,4486,43.54078303684284,51.70035804745288
ZAINA-679-G_007_jpg.rf.35e86ec35895ca2f75ff075a91825a0e_r0c2.jpg,TP,9,12,0.7717352415026834,6471,8385,74.5771326181604,96.63564472311467
ZAINA-679-G_007_jpg.rf.35e86ec35895ca2f75ff075a91825a0e_r0c2.jpg,TP,14,2,0.7518713331984624,9559,7760,110.16578746669686,89.43263005979365
ZAINA-679-G_007_jpg.rf.35e86ec35895ca2f75ff075a91825a0e_r0c2.jpg,TP,4,4,0.7342788332887343,2744,3737,31.624115577844563,43.06826527492898
ZAINA-679-G_007_jpg.rf.35e86ec35895ca2f75ff075a91825a0e_r0c2.jpg,TP,17,10,0.5329003589130064,32286,57404,372.0904502719714,661.5709659732468
ZAINA-679-G_007_jpg.rf.35e86ec35895ca2f75ff075a91825a0e_r0c2.jpg,FP,10,-1,0.0,0,6937,0.0,79.94770035113255
ZAINA-679-G_007_jpg.rf.35e86ec35895ca2f75ff075a91825a0e_r0c2.jpg,FP,11,-1,0.0,0,5871,0.0,67.66223854137223
ZAINA-679-G_007_jpg.rf.35e86ec35895ca2f75ff075a91825a0e_r0c2.jpg,FP,12,-1,0.0,0,2100,0.0,24.202129268758593
ZAINA-679-G_007_jpg.rf.35e86ec35895ca2f75ff075a91825a0e_r0c2.jpg,FP,13,-1,0.0,0,3924,0.0,45.22340726219463
ZAINA-679-G_007_jpg.rf.35e86ec35895ca2f75ff075a91825a0e_r0c2.jpg,FP,15,-1,0.0,0,10578,0.0,121.90958257377542
ZAINA-679-G_007_jpg.rf.35e86ec35895ca2f75ff075a91825a0e_r0c2.jpg,FP,16,-1,0.0,0,2527,0.0,29.123228886739508
ZAINA-679-G_007_jpg.rf.35e86ec35895ca2f75ff075a91825a0e_r0c2.jpg,FN,-1,6,0.0,1775,0,20.45656164383167,0.0
ZAINA-679-G_007_jpg.rf.35e86ec35895ca2f75ff075a91825a0e_r0c2.jpg,FN,-1,13,0.0,12260,0,141.29433563570493,0.0
ZAINA-679-G_007_jpg.rf.35e86ec35895ca2f75ff075a91825a0e_r0c2.jpg,FN,-1,14,0.0,12767,0,147.13742113059092,0.0
ZAINA-679-G_007_jpg.rf.35e86ec35895ca2f75ff075a91825a0e_r0c2.jpg,FN,-1,15,0.0,7171,0,82.64450904107994,0.0
ZAINA-679-G_007_jpg.rf.35e86ec35895ca2f75ff075a91825a0e_r0c2.jpg,FN,-1,16,0.0,4464,0,51.446811931303984,0.0
ZAINA-679-G_007_jpg.rf.35e86ec35895ca2f75ff075a91825a0e_r1c0.jpg,TP,11,3,0.902443870454997,4749,4826,54.73138661777836,55.61879802429951
ZAINA-679-G_007_jpg.rf.35e86ec35895ca2f75ff075a91825a0e_r1c0.jpg,TP,1,0,0.8968431518767089,3653,3978,42.10018010417864,45.84574772910556
ZAINA-679-G_007_jpg.rf.35e86ec35895ca2f75ff075a91825a0e_r1c0.jpg,TP,8,5,0.8377153218495014,3704,4404,42.68794610070563,50.75532252362516
ZAINA-679-G_007_jpg.rf.35e86ec35895ca2f75ff075a91825a0e_r1c0.jpg,TP,6,1,0.8272002058672157,6960,7241,80.21277129074277,83.45124668337189
ZAINA-679-G_007_jpg.rf.35e86ec35895ca2f75ff075a91825a0e_r1c0.jpg,TP,5,9,0.820838627700127,667,766,7.687057248696182,8.82801477136623
ZAINA-679-G_007_jpg.rf.35e86ec35895ca2f75ff075a91825a0e_r1c0.jpg,TP,0,7,0.8091944670463792,11949,14733,137.7101155392364,169.7952240555335
ZAINA-679-G_007_jpg.rf.35e86ec35895ca2f75ff075a91825a0e_r1c0.jpg,TP,2,6,0.8036937123884623,3884,4808,44.762414323742085,55.41135120199586
ZAINA-679-G_007_jpg.rf.35e86ec35895ca2f75ff075a91825a0e_r1c0.jpg,TP,10,8,0.7650231124807396,2215,2367,25.52748396680966,27.279257132929327
ZAINA-679-G_007_jpg.rf.35e86ec35895ca2f75ff075a91825a0e_r1c0.jpg,TP,3,2,0.757622878777635,11206,14791,129.14717170748037,170.46366381628968
ZAINA-679-G_007_jpg.rf.35e86ec35895ca2f75ff075a91825a0e_r1c0.jpg,TP,4,4,0.5952793417063664,13754,23081,158.51242188690748,266.00445031057956
ZAINA-679-G_007_jpg.rf.35e86ec35895ca2f75ff075a91825a0e_r1c0.jpg,FP,7,-1,0.0,0,1163,0.0,13.403369685507736
ZAINA-679-G_007_jpg.rf.35e86ec35895ca2f75ff075a91825a0e_r1c0.jpg,FP,9,-1,0.0,0,6402,0.0,73.78191979932977
ZAINA-679-G_007_jpg.rf.35e86ec35895ca2f75ff075a91825a0e_r1c0.jpg,FP,12,-1,0.0,0,2987,0.0,34.42464767894377
ZAINA-679-G_007_jpg.rf.35e86ec35895ca2f75ff075a91825a0e_r1c1.jpg,TP,1,2,0.91450636610311,22788,23074,262.6276770364147,265.9237765463504
ZAINA-679-G_007_jpg.rf.35e86ec35895ca2f75ff075a91825a0e_r1c1.jpg,TP,0,17,0.9140296113863513,32529,34307,374.8909823730706,395.3821184872862
ZAINA-679-G_007_jpg.rf.35e86ec35895ca2f75ff075a91825a0e_r1c1.jpg,TP,11,10,0.9040839265642563,2517,2565,29.00798065212637,29.561172178269423
ZAINA-679-G_007_jpg.rf.35e86ec35895ca2f75ff075a91825a0e_r1c1.jpg,TP,6,11,0.9035326086956522,4021,4385,46.34131513794205,50.53635087786021
ZAINA-679-G_007_jpg.rf.35e86ec35895ca2f75ff075a91825a0e_r1c1.jpg,TP,3,6,0.9031411465595014,22172,24238,255.5283857842455,279.3386710553194
ZAINA-679-G_007_jpg.rf.35e86ec35895ca2f75ff075a91825a0e_r1c1.jpg,TP,5,12,0.8698357391737183,3588,3925,41.35106657919325,45.23493208565594
ZAINA-679-G_007_jpg.rf.35e86ec35895ca2f75ff075a91825a0e_r1c1.jpg,TP,12,4,0.8614792438121224,18569,19636,214.00444685313252,226.30143348635417
ZAINA-679-G_007_jpg.rf.35e86ec35895ca2f75ff075a91825a0e_r1c1.jpg,TP,22,3,0.8432392273402675,10245,12084,118.071816361158,139.26596670651372
ZAINA-679-G_007_jpg.rf.35e86ec35895ca2f75ff075a91825a0e_r1c1.jpg,TP,16,22,0.8373674012282833,25536,30410,294.2978919081045,350.46988145854704
ZAINA-679-G_007_jpg.rf.35e86ec35895ca2f75ff075a91825a0e_r1c1.jpg,TP,10,5,0.8307643664532448,11172,11989,128.75532770979572,138.17110847768893
ZAINA-679-G_007_jpg.rf.35e86ec35895ca2f75ff075a91825a0e_r1c1.jpg,TP,19,8,0.8255500673551863,3713,4418,42.79166951185746,50.91667005208355
ZAINA-679-G_007_jpg.rf.35e86ec35895ca2f75ff075a91825a0e_r1c1.jpg,TP,8,14,0.8238277666864512,17922,15879,206.54788607366262,183.0026717421989
ZAINA-679-G_007_jpg.rf.35e86ec35895ca2f75ff075a91825a0e_r1c1.jpg,TP,13,19,0.8127822944896116,3601,4426,41.50088928419033,51.008868639774064
ZAINA-679-G_007_jpg.rf.35e86ec35895ca2f75ff075a91825a0e_r1c1.jpg,TP,15,21,0.807912981114033,6784,8341,78.18440236155158,96.12855249081687
ZAINA-679-G_007_jpg.rf.35e86ec35895ca2f75ff075a91825a0e_r1c1.jpg,TP,9,7,0.797193571599904,26610,33330,306.6755523055553,384.1223659655828
ZAINA-679-G_007_jpg.rf.35e86ec35895ca2f75ff075a91825a0e_r1c1.jpg,TP,20,20,0.7901822700911351,7698,9588,88.71809100519222,110.50000734707494
ZAINA-679-G_007_jpg.rf.35e86ec35895ca2f75ff075a91825a0e_r1c1.jpg,TP,2,16,0.7696206419904776,5020,6502,57.85461377579435,74.93440214546114
ZAINA-679-G_007_jpg.rf.35e86ec35895ca2f75ff075a91825a0e_r1c1.jpg,TP,7,15,0.7044230223986391,6959,5064,80.20124646728145,58.36170600809215
ZAINA-679-G_007_jpg.rf.35e86ec35895ca2f75ff075a91825a0e_r1c1.jpg,TP,14,13,0.595164609053498,13082,8625,150.7677405209047,99.40160235382993
ZAINA-679-G_007_jpg.rf.35e86ec35895ca2f75ff075a91825a0e_r1c1.jpg,FP,4,-1,0.0,0,4271,0.0,49.22252100327045
ZAINA-679-G_007_jpg.rf.35e86ec35895ca2f75ff075a91825a0e_r1c1.jpg,FP,17,-1,0.0,0,7860,0.0,90.58511240592502
ZAINA-679-G_007_jpg.rf.35e86ec35895ca2f75ff075a91825a0e_r1c1.jpg,FP,18,-1,0.0,0,6172,0.0,71.13121040322764
ZAINA-679-G_007_jpg.rf.35e86ec35895ca2f75ff075a91825a0e_r1c1.jpg,FP,21,-1,0.0,0,6541,0.0,75.38387026045235
ZAINA-679-G_007_jpg.rf.35e86ec35895ca2f75ff075a91825a0e_r1c1.jpg,FN,-1,0,0.0,12479,0,143.8182719737326,0.0
ZAINA-679-G_007_jpg.rf.35e86ec35895ca2f75ff075a91825a0e_r1c1.jpg,FN,-1,1,0.0,12499,0,144.04876844295887,0.0
ZAINA-679-G_007_jpg.rf.35e86ec35895ca2f75ff075a91825a0e_r1c1.jpg,FN,-1,9,0.0,1070,0,12.33156110360557,0.0
ZAINA-679-G_007_jpg.rf.35e86ec35895ca2f75ff075a91825a0e_r1c1.jpg,FN,-1,18,0.0,7151,0,82.41401257185366,0.0
ZAINA-679-G_007_jpg.rf.35e86ec35895ca2f75ff075a91825a0e_r1c2.jpg,TP,5,19,0.9163879598662207,15891,16770,183.14096962373466,193.27128944622933
ZAINA-679-G_007_jpg.rf.35e86ec35895ca2f75ff075a91825a0e_r1c2.jpg,TP,10,20,0.9145656589795674,7724,8299,89.01773641518636,95.6445099054417
ZAINA-679-G_007_jpg.rf.35e86ec35895ca2f75ff075a91825a0e_r1c2.jpg,TP,1,11,0.9111922141119222,3760,4095,43.333336214539194,47.194152074079255
ZAINA-679-G_007_jpg.rf.35e86ec35895ca2f75ff075a91825a0e_r1c2.jpg,TP,2,6,0.9055342330073047,7387,8004,85.13387090872368,92.24468698435417
ZAINA-679-G_007_jpg.rf.35e86ec35895ca2f75ff075a91825a0e_r1c2.jpg,TP,15,2,0.9023993051785908,8477,9046,97.69592848155553,104.25355303104297
ZAINA-679-G_007_jpg.rf.35e86ec35895ca2f75ff075a91825a0e_r1c2.jpg,TP,0,5,0.9013038204972711,24232,25932,279.26952211455153,298.8617219987847
ZAINA-679-G_007_jpg.rf.35e86ec35895ca2f75ff075a91825a0e_r1c2.jpg,TP,16,18,0.898815931108719,3577,3479,41.2242935211188,40.09486082191007
ZAINA-679-G_007_jpg.rf.35e86ec35895ca2f75ff075a91825a0e_r1c2.jpg,TP,3,10,0.8958207147183526,8994,9786,103.65426221105466,112.78192239241504
ZAINA-679-G_007_jpg.rf.35e86ec35895ca2f75ff075a91825a0e_r1c2.jpg,TP,4,17,0.8756838905775076,2912,3259,33.56028591934525,37.55939966042107
ZAINA-679-G_007_jpg.rf.35e86ec35895ca2f75ff075a91825a0e_r1c2.jpg,TP,9,0,0.8613124193388265,9574,9175,110.33865981861656,105.74025525755242
ZAINA-679-G_007_jpg.rf.35e86ec35895ca2f75ff075a91825a0e_r1c2.jpg,TP,22,3,0.8596006629311025,22744,24382,262.1205848041169,280.9982456337486
ZAINA-679-G_007_jpg.rf.35e86ec35895ca2f75ff075a91825a0e_r1c2.jpg,TP,18,14,0.8475692099932478,5035,5910,58.027486127714056,68.11170665636347
ZAINA-679-G_007_jpg.rf.35e86ec35895ca2f75ff075a91825a0e_r1c2.jpg,TP,13,16,0.8205900060204696,2731,3317,31.474292872847485,38.227839421177265
ZAINA-679-G_007_jpg.rf.35e86ec35895ca2f75ff075a91825a0e_r1c2.jpg,TP,12,4,0.8005112307608636,16083,17023,185.35373572830687,196.1870697819417
ZAINA-679-G_007_jpg.rf.35e86ec35895ca2f75ff075a91825a0e_r1c2.jpg,TP,14,1,0.7976737507179782,11110,13928,128.04078865519426,160.51774116917605
ZAINA-679-G_007_jpg.rf.35e86ec35895ca2f75ff075a91825a0e_r1c2.jpg,TP,20,21,0.7586605080831409,3528,4087,40.659577171514435,47.101953486388744
ZAINA-679-G_007_jpg.rf.35e86ec35895ca2f75ff075a91825a0e_r1c2.jpg,TP,6,7,0.6692155390182289,9823,14626,113.20834086048364,168.56206794517294
ZAINA-679-G_007_jpg.rf.35e86ec35895ca2f75ff075a91825a0e_r1c2.jpg,TP,11,15,0.5671641791044776,7152,4398,82.42553739531498,50.68617358285728
ZAINA-679-G_007_jpg.rf.35e86ec35895ca2f75ff075a91825a0e_r1c2.jpg,FP,7,-1,0.0,0,53105,0.0,612.0257499130596
ZAINA-679-G_007_jpg.rf.35e86ec35895ca2f75ff075a91825a0e_r1c2.jpg,FP,8,-1,0.0,0,3196,0.0,36.83333578235832
ZAINA-679-G_007_jpg.rf.35e86ec35895ca2f75ff075a91825a0e_r1c2.jpg,FP,17,-1,0.0,0,2398,0.0,27.63652666023005
ZAINA-679-G_007_jpg.rf.35e86ec35895ca2f75ff075a91825a0e_r1c2.jpg,FP,19,-1,0.0,0,4588,0.0,52.87589004050687
ZAINA-679-G_007_jpg.rf.35e86ec35895ca2f75ff075a91825a0e_r1c2.jpg,FP,21,-1,0.0,0,27865,0.0,321.1392057495039
ZAINA-679-G_007_jpg.rf.35e86ec35895ca2f75ff075a91825a0e_r1c2.jpg,FN,-1,8,0.0,35472,0,408.8085378197166,0.0
ZAINA-679-G_007_jpg.rf.35e86ec35895ca2f75ff075a91825a0e_r1c2.jpg,FN,-1,9,0.0,28865,0,332.66402921081755,0.0
ZAINA-679-G_007_jpg.rf.35e86ec35895ca2f75ff075a91825a0e_r1c2.jpg,FN,-1,12,0.0,10207,0,117.63387306962808,0.0
ZAINA-679-G_007_jpg.rf.35e86ec35895ca2f75ff075a91825a0e_r1c2.jpg,FN,-1,13,0.0,3842,0,44.278371738366914,0.0
ZAINA-679-G_007_jpg.rf.35e86ec35895ca2f75ff075a91825a0e_r2c0.jpg,TP,1,6,0.9315655763734519,5915,6250,68.16933077367004,72.0301466332101
ZAINA-679-G_007_jpg.rf.35e86ec35895ca2f75ff075a91825a0e_r2c0.jpg,TP,6,8,0.9212569653786425,21174,20890,244.0266119698545,240.75356210684143
ZAINA-679-G_007_jpg.rf.35e86ec35895ca2f75ff075a91825a0e_r2c0.jpg,TP,5,4,0.9015310717502252,6086,6582,70.14007558555467,75.85638802236622
ZAINA-679-G_007_jpg.rf.35e86ec35895ca2f75ff075a91825a0e_r2c0.jpg,TP,3,0,0.8878139534883721,14685,15756,169.24203252939046,181.58511845645734
ZAINA-679-G_007_jpg.rf.35e86ec35895ca2f75ff075a91825a0e_r2c0.jpg,TP,12,5,0.8776448362720403,14416,15401,166.1418550182971,177.493806127691
ZAINA-679-G_007_jpg.rf.35e86ec35895ca2f75ff075a91825a0e_r2c0.jpg,TP,4,1,0.8731101511879049,3237,3701,37.305853544272175,42.65337163032169
ZAINA-679-G_007_jpg.rf.35e86ec35895ca2f75ff075a91825a0e_r2c0.jpg,TP,0,2,0.8601579107197085,5696,6555,65.64539443564236,75.54521778891075
ZAINA-679-G_007_jpg.rf.35e86ec35895ca2f75ff075a91825a0e_r2c0.jpg,TP,7,12,0.8290993071593533,2413,2339,27.809399012149754,26.95656207601255
ZAINA-679-G_007_jpg.rf.35e86ec35895ca2f75ff075a91825a0e_r2c0.jpg,TP,10,13,0.7825932923948984,7339,7756,84.58067938258063,89.38653076594841
ZAINA-679-G_007_jpg.rf.35e86ec35895ca2f75ff075a91825a0e_r2c0.jpg,TP,9,7,0.6987772144348344,2343,3353,27.0026613698578,38.642733065784554
ZAINA-679-G_007_jpg.rf.35e86ec35895ca2f75ff075a91825a0e_r2c0.jpg,TP,2,3,0.6947885737688133,6786,9767,78.20745200847419,112.56295074665009
ZAINA-679-G_007_jpg.rf.35e86ec35895ca2f75ff075a91825a0e_r2c0.jpg,TP,13,11,0.6911792364115102,3851,5141,44.38209514951873,59.2491174146133
ZAINA-679-G_007_jpg.rf.35e86ec35895ca2f75ff075a91825a0e_r2c0.jpg,FP,8,-1,0.0,0,9560,0.0,110.17731229015817
ZAINA-679-G_007_jpg.rf.35e86ec35895ca2f75ff075a91825a0e_r2c0.jpg,FP,11,-1,0.0,0,6402,0.0,73.78191979932977
ZAINA-679-G_007_jpg.rf.35e86ec35895ca2f75ff075a91825a0e_r2c0.jpg,FN,-1,9,0.0,12915,0,148.84309500286534,0.0
ZAINA-679-G_007_jpg.rf.35e86ec35895ca2f75ff075a91825a0e_r2c0.jpg,FN,-1,10,0.0,4112,0,47.390074072921585,0.0
ZAINA-679-G_007_jpg.rf.35e86ec35895ca2f75ff075a91825a0e_r2c1.jpg,TP,8,0,0.9338316214233309,21062,21111,242.73583174218737,243.30054809179174
ZAINA-679-G_007_jpg.rf.35e86ec35895ca2f75ff075a91825a0e_r2c1.jpg,TP,6,3,0.9208005311581144,9800,10451,112.94326992087343,120.4459299941886
ZAINA-679-G_007_jpg.rf.35e86ec35895ca2f75ff075a91825a0e_r2c1.jpg,TP,18,22,0.9043760129659644,1137,1213,13.103724275513581,13.979610858573416
ZAINA-679-G_007_jpg.rf.35e86ec35895ca2f75ff075a91825a0e_r2c1.jpg,TP,11,16,0.9024182561307902,10670,11672,122.96986633221628,134.51773944045252
ZAINA-679-G_007_jpg.rf.35e86ec35895ca2f75ff075a91825a0e_r2c1.jpg,TP,10,6,0.8968348760824126,6286,6419,72.44504027781738,73.9778417981721
ZAINA-679-G_007_jpg.rf.35e86ec35895ca2f75ff075a91825a0e_r2c1.jpg,TP,4,23,0.8959660297239915,4264,4666,49.141847239041255,53.77482627048933
ZAINA-679-G_007_jpg.rf.35e86ec35895ca2f75ff075a91825a0e_r2c1.jpg,TP,3,15,0.8837583029783587,8377,9206,96.54344613542416,106.09752478485315
ZAINA-679-G_007_jpg.rf.35e86ec35895ca2f75ff075a91825a0e_r2c1.jpg,TP,1,1,0.8834399431414357,8816,9734,101.60284363494084,112.18263157242674
ZAINA-679-G_007_jpg.rf.35e86ec35895ca2f75ff075a91825a0e_r2c1.jpg,TP,13,21,0.8743475018642803,2346,2681,27.037235840241742,30.898051699781803
ZAINA-679-G_007_jpg.rf.35e86ec35895ca2f75ff075a91825a0e_r2c1.jpg,TP,21,5,0.8696542683925939,10679,12142,123.0735897433681,139.93440646726992
ZAINA-679-G_007_jpg.rf.35e86ec35895ca2f75ff075a91825a0e_r2c1.jpg,TP,7,18,0.8685344827586207,3232,3704,37.24822942696561,42.68794610070563
ZAINA-679-G_007_jpg.rf.35e86ec35895ca2f75ff075a91825a0e_r2c1.jpg,TP,12,4,0.8612951062778053,8722,10105,100.51951022957736,116.45834107657409
ZAINA-679-G_007_jpg.rf.35e86ec35895ca2f75ff075a91825a0e_r2c1.jpg,TP,5,2,0.8509103019538188,7676,8997,88.46454488904331,103.6888366814386
ZAINA-679-G_007_jpg.rf.35e86ec35895ca2f75ff075a91825a0e_r2c1.jpg,TP,19,19,0.8394534585824082,983,1171,11.328901462471284,13.495568273198245
ZAINA-679-G_007_jpg.rf.35e86ec35895ca2f75ff075a91825a0e_r2c1.jpg,TP,9,13,0.8329173945595209,15033,14345,173.25267109392757,165.32359255254383
ZAINA-679-G_007_jpg.rf.35e86ec35895ca2f75ff075a91825a0e_r2c1.jpg,TP,14,26,0.8236007274196807,4148,4877,47.804967717528875,56.206564020826505
ZAINA-679-G_007_jpg.rf.35e86ec35895ca2f75ff075a91825a0e_r2c1.jpg,TP,0,20,0.8063520070577856,3660,4530,42.18085386840784,52.20745027975068
ZAINA-679-G_007_jpg.rf.35e86ec35895ca2f75ff075a91825a0e_r2c1.jpg,TP,2,17,0.7845709204090707,3556,4471,40.98227222843122,51.52748569553317
ZAINA-679-G_007_jpg.rf.35e86ec35895ca2f75ff075a91825a0e_r2c1.jpg,TP,16,10,0.6272737057367345,12244,17994,141.10993846032392,207.3776733628772
ZAINA-679-G_007_jpg.rf.35e86ec35895ca2f75ff075a91825a0e_r2c1.jpg,FP,15,-1,0.0,0,7584,0.0,87.40426113060246
ZAINA-679-G_007_jpg.rf.35e86ec35895ca2f75ff075a91825a0e_r2c1.jpg,FP,17,-1,0.0,0,3394,0.0,39.11525082769841
ZAINA-679-G_007_jpg.rf.35e86ec35895ca2f75ff075a91825a0e_r2c1.jpg,FP,20,-1,0.0,0,588,0.0,6.776596195252406
ZAINA-679-G_007_jpg.rf.35e86ec35895ca2f75ff075a91825a0e_r2c1.jpg,FP,22,-1,0.0,0,3849,0.0,44.35904550259611
ZAINA-679-G_007_jpg.rf.35e86ec35895ca2f75ff075a91825a0e_r2c1.jpg,FP,23,-1,0.0,0,4522,0.0,52.11525169206017
ZAINA-679-G_007_jpg.rf.35e86ec35895ca2f75ff075a91825a0e_r2c1.jpg,FP,24,-1,0.0,0,9590,0.0,110.52305699399757
ZAINA-679-G_007_jpg.rf.35e86ec35895ca2f75ff075a91825a0e_r2c1.jpg,FP,25,-1,0.0,0,4095,0.0,47.194152074079255
ZAINA-679-G_007_jpg.rf.35e86ec35895ca2f75ff075a91825a0e_r2c1.jpg,FN,-1,7,0.0,13290,0,153.16490380085796,0.0
ZAINA-679-G_007_jpg.rf.35e86ec35895ca2f75ff075a91825a0e_r2c1.jpg,FN,-1,8,0.0,6821,0,78.61082082962017,0.0
ZAINA-679-G_007_jpg.rf.35e86ec35895ca2f75ff075a91825a0e_r2c1.jpg,FN,-1,9,0.0,3665,0,42.238477985714404,0.0
ZAINA-679-G_007_jpg.rf.35e86ec35895ca2f75ff075a91825a0e_r2c1.jpg,FN,-1,11,0.0,6908,0,79.61348047075445,0.0
ZAINA-679-G_007_jpg.rf.35e86ec35895ca2f75ff075a91825a0e_r2c1.jpg,FN,-1,12,0.0,6850,0,78.94504070999827,0.0
ZAINA-679-G_007_jpg.rf.35e86ec35895ca2f75ff075a91825a0e_r2c1.jpg,FN,-1,14,0.0,2031,0,23.406916449927955,0.0
ZAINA-679-G_007_jpg.rf.35e86ec35895ca2f75ff075a91825a0e_r2c1.jpg,FN,-1,24,0.0,7280,0,83.90071479836313,0.0
ZAINA-679-G_007_jpg.rf.35e86ec35895ca2f75ff075a91825a0e_r2c1.jpg,FN,-1,25,0.0,3293,0,37.95124365810574,0.0
ZAINA-679-G_007_jpg.rf.35e86ec35895ca2f75ff075a91825a0e_r2c2.jpg,TP,0,0,0.9411764705882353,8120,8611,93.58156650586656,99.24025482537155
ZAINA-679-G_007_jpg.rf.35e86ec35895ca2f75ff075a91825a0e_r2c2.jpg,TP,1,5,0.9203399881399487,4711,5004,54.29344332624844,57.67021660041333
ZAINA-679-G_007_jpg.rf.35e86ec35895ca2f75ff075a91825a0e_r2c2.jpg,TP,3,7,0.903041825095057,3830,4178,44.14007385683115,48.15071242136829
ZAINA-679-G_007_jpg.rf.35e86ec35895ca2f75ff075a91825a0e_r2c2.jpg,TP,5,3,0.8689068100358422,10284,10573,118.52128447614922,121.85195845646886
ZAINA-679-G_007_jpg.rf.35e86ec35895ca2f75ff075a91825a0e_r2c2.jpg,TP,8,6,0.8546192893401016,4340,4794,50.01773382210109,55.25000367353747
ZAINA-679-G_007_jpg.rf.35e86ec35895ca2f75ff075a91825a0e_r2c2.jpg,TP,4,1,0.8468520461699895,16693,18508,192.38387803970818,213.3014326219924
ZAINA-679-G_007_jpg.rf.35e86ec35895ca2f75ff075a91825a0e_r2c2.jpg,TP,2,4,0.8400338227381043,11005,12932,126.83068219175634,149.0390170017077
ZAINA-679-G_007_jpg.rf.35e86ec35895ca2f75ff075a91825a0e_r2c2.jpg,TP,7,8,0.8309594788561334,7526,9057,86.73582136984628,104.38032608911742
ZAINA-679-G_007_jpg.rf.35e86ec35895ca2f75ff075a91825a0e_r2c2.jpg,TP,6,2,0.801737160120846,2552,2219,29.41134947327235,25.573583260654914
ZAINA-679-G_007_jpg.rf.35e86ec35895ca2f75ff075a91825a0e_r2c2.jpg,FP,9,-1,0.0,0,3029,0.0,34.90869026431894
ZAINA-679-G_007_jpg.rf.35e86ec35895ca2f75ff075a91825a0e_r2c2.jpg,FP,10,-1,0.0,0,2654,0.0,30.586881466326336
ZAINA-679-G_007_jpg.rf.35e86ec35895ca2f75ff075a91825a0e_r2c2.jpg,FP,11,-1,0.0,0,1498,0.0,17.264185545047795
ZAINA-679-G_009_jpg.rf.f3d1d1a68f80e6e7a761e1c1f244a623_r0c0.jpg,TP,4,17,0.9169102296450939,4667,4515,53.78635109395064,52.03457792783097
ZAINA-679-G_009_jpg.rf.f3d1d1a68f80e6e7a761e1c1f244a623_r0c0.jpg,TP,0,14,0.9144227475162727,13520,14421,155.81561319696007,166.19947913560367
ZAINA-679-G_009_jpg.rf.f3d1d1a68f80e6e7a761e1c1f244a623_r0c0.jpg,TP,18,18,0.9133919338159255,26557,25250,306.0647366621057,291.0017923981688
ZAINA-679-G_009_jpg.rf.f3d1d1a68f80e6e7a761e1c1f244a623_r0c0.jpg,TP,13,11,0.9009188973232122,2301,2457,26.51861878448263,28.316491244447555
ZAINA-679-G_009_jpg.rf.f3d1d1a68f80e6e7a761e1c1f244a623_r0c0.jpg,TP,1,16,0.9007429163787146,11256,10747,129.72341288054605,123.85727773873742
ZAINA-679-G_009_jpg.rf.f3d1d1a68f80e6e7a761e1c1f244a623_r0c0.jpg,TP,8,20,0.8932883828133062,28236,26800,325.41491525365126,308.8652687632049
ZAINA-679-G_009_jpg.rf.f3d1d1a68f80e6e7a761e1c1f244a623_r0c0.jpg,TP,23,15,0.8630997236875158,14359,15309,165.4849400810022,176.43352236925014
ZAINA-679-G_009_jpg.rf.f3d1d1a68f80e6e7a761e1c1f244a623_r0c0.jpg,TP,11,4,0.8308904360571638,4542,5451,52.345748161286444,62.82181268762052
ZAINA-679-G_009_jpg.rf.f3d1d1a68f80e6e7a761e1c1f244a623_r0c0.jpg,TP,9,6,0.8279308481901675,3410,3357,39.29964800307943,38.68883235962981
ZAINA-679-G_009_jpg.rf.f3d1d1a68f80e6e7a761e1c1f244a623_r0c0.jpg,TP,26,19,0.7967852702622699,28942,31757,333.55144061733864,365.9938186609365
ZAINA-679-G_009_jpg.rf.f3d1d1a68f80e6e7a761e1c1f244a623_r0c0.jpg,TP,17,12,0.7508382229673093,3668,4687,42.27305245609834,54.01684756317692
ZAINA-679-G_009_jpg.rf.f3d1d1a68f80e6e7a761e1c1f244a623_r0c0.jpg,TP,30,9,0.746639231824417,23456,27476,270.3262591085722,316.65604942305293
ZAINA-679-G_009_jpg.rf.f3d1d1a68f80e6e7a761e1c1f244a623_r0c0.jpg,TP,33,2,0.7245261561789235,25797,19696,297.3058708315073,226.99292289403297
ZAINA-679-G_009_jpg.rf.f3d1d1a68f80e6e7a761e1c1f244a623_r0c0.jpg,TP,19,5,0.7214862681744749,2712,2616,31.255321227082526,30.14893817479642
ZAINA-679-G_009_jpg.rf.f3d1d1a68f80e6e7a761e1c1f244a623_r0c0.jpg,TP,16,7,0.7060218112849692,6319,4475,72.82535945204074,51.57358498937843
ZAINA-679-G_009_jpg.rf.f3d1d1a68f80e6e7a761e1c1f244a623_r0c0.jpg,TP,14,1,0.5647467215222423,37607,23246,433.41403590962113,267.9060461816963
ZAINA-679-G_009_jpg.rf.f3d1d1a68f80e6e7a761e1c1f244a623_r0c0.jpg,TP,7,0,0.5510265421252196,41365,25720,476.7243224772377,296.4184594249862
ZAINA-679-G_009_jpg.rf.f3d1d1a68f80e6e7a761e1c1f244a623_r0c0.jpg,TP,3,10,0.517702724751183,12049,6555,138.86259788536776,75.54521778891075
ZAINA-679-G_009_jpg.rf.f3d1d1a68f80e6e7a761e1c1f244a623_r0c0.jpg,TP,32,13,0.5165725047080979,14576,9583,167.98582677210726,110.44238322976838
ZAINA-679-G_009_jpg.rf.f3d1d1a68f80e6e7a761e1c1f244a623_r0c0.jpg,TP,20,3,0.500095285944457,55213,31374,636.3200777695087,361.5798112752534
ZAINA-679-G_009_jpg.rf.f3d1d1a68f80e6e7a761e1c1f244a623_r0c0.jpg,FP,2,-1,0.0,0,4110,0.0,47.36702442599896
ZAINA-679-G_009_jpg.rf.f3d1d1a68f80e6e7a761e1c1f244a623_r0c0.jpg,FP,5,-1,0.0,0,8399,0.0,96.79699225157306
ZAINA-679-G_009_jpg.rf.f3d1d1a68f80e6e7a761e1c1f244a623_r0c0.jpg,FP,6,-1,0.0,0,12827,0.0,147.82891053826975
ZAINA-679-G_009_jpg.rf.f3d1d1a68f80e6e7a761e1c1f244a623_r0c0.jpg,FP,10,-1,0.0,0,20443,0.0,235.60196601963426
ZAINA-679-G_009_jpg.rf.f3d1d1a68f80e6e7a761e1c1f244a623_r0c0.jpg,FP,12,-1,0.0,0,3922,0.0,45.200357615272004
ZAINA-679-G_009_jpg.rf.f3d1d1a68f80e6e7a761e1c1f244a623_r0c0.jpg,FP,15,-1,0.0,0,3712,0.0,42.78014468839614
ZAINA-679-G_009_jpg.rf.f3d1d1a68f80e6e7a761e1c1f244a623_r0c0.jpg,FP,21,-1,0.0,0,4645,0.0,53.532804977801746
ZAINA-679-G_009_jpg.rf.f3d1d1a68f80e6e7a761e1c1f244a623_r0c0.jpg,FP,22,-1,0.0,0,26348,0.0,303.65604855869117
ZAINA-679-G_009_jpg.rf.f3d1d1a68f80e6e7a761e1c1f244a623_r0c0.jpg,FP,24,-1,0.0,0,7108,0.0,81.91844516301718
ZAINA-679-G_009_jpg.rf.f3d1d1a68f80e6e7a761e1c1f244a623_r0c0.jpg,FP,25,-1,0.0,0,18222,0.0,210.00533311205672
ZAINA-679-G_009_jpg.rf.f3d1d1a68f80e6e7a761e1c1f244a623_r0c0.jpg,FP,27,-1,0.0,0,3943,0.0,45.442378907959586
ZAINA-679-G_009_jpg.rf.f3d1d1a68f80e6e7a761e1c1f244a623_r0c0.jpg,FP,28,-1,0.0,0,746,0.0,8.597518302139957
ZAINA-679-G_009_jpg.rf.f3d1d1a68f80e6e7a761e1c1f244a623_r0c0.jpg,FP,29,-1,0.0,0,7120,0.0,82.05674304455295
ZAINA-679-G_009_jpg.rf.f3d1d1a68f80e6e7a761e1c1f244a623_r0c0.jpg,FP,31,-1,0.0,0,7013,0.0,80.82358693419239
ZAINA-679-G_009_jpg.rf.f3d1d1a68f80e6e7a761e1c1f244a623_r0c0.jpg,FP,34,-1,0.0,0,1691,0.0,19.488476473081324
ZAINA-679-G_009_jpg.rf.f3d1d1a68f80e6e7a761e1c1f244a623_r0c0.jpg,FP,35,-1,0.0,0,15266,0.0,175.93795496041366
ZAINA-679-G_009_jpg.rf.f3d1d1a68f80e6e7a761e1c1f244a623_r0c0.jpg,FP,36,-1,0.0,0,32346,0.0,372.78193967965024
ZAINA-679-G_009_jpg.rf.f3d1d1a68f80e6e7a761e1c1f244a623_r0c0.jpg,FN,-1,8,0.0,58795,0,677.601995407934,0.0
ZAINA-679-G_009_jpg.rf.f3d1d1a68f80e6e7a761e1c1f244a623_r0c1.jpg,TP,0,10,0.9228103570295532,38751,40040,446.59843394936394,461.4539313909972
ZAINA-679-G_009_jpg.rf.f3d1d1a68f80e6e7a761e1c1f244a623_r0c1.jpg,TP,9,12,0.9201840016855116,27061,27622,311.8732476866078,318.3386736484047
ZAINA-679-G_009_jpg.rf.f3d1d1a68f80e6e7a761e1c1f244a623_r0c1.jpg,TP,2,6,0.9090601529196833,13879,14335,159.95302481957168,165.20834431793068
ZAINA-679-G_009_jpg.rf.f3d1d1a68f80e6e7a761e1c1f244a623_r0c1.jpg,TP,1,0,0.8978290937518792,15454,16105,178.10462177114061,185.60728184445577
ZAINA-679-G_009_jpg.rf.f3d1d1a68f80e6e7a761e1c1f244a623_r0c1.jpg,TP,11,1,0.8709894547902176,3973,4366,45.788123611798994,50.31737923209525
ZAINA-679-G_009_jpg.rf.f3d1d1a68f80e6e7a761e1c1f244a623_r0c1.jpg,TP,17,2,0.8509343763581052,2211,2048,25.481384672964406,23.602838448770285
ZAINA-679-G_009_jpg.rf.f3d1d1a68f80e6e7a761e1c1f244a623_r0c1.jpg,TP,5,13,0.8260347930413917,4144,4988,47.75886842368362,57.48581942503232
ZAINA-679-G_009_jpg.rf.f3d1d1a68f80e6e7a761e1c1f244a623_r0c1.jpg,TP,4,14,0.8059883154819864,4031,3388,46.45656337255519,39.04610188693053
ZAINA-679-G_009_jpg.rf.f3d1d1a68f80e6e7a761e1c1f244a623_r0c1.jpg,TP,8,7,0.7908788169554665,14277,17452,164.53990455717448,201.13121904684522
ZAINA-679-G_009_jpg.rf.f3d1d1a68f80e6e7a761e1c1f244a623_r0c1.jpg,TP,3,8,0.7775330396475771,4958,6340,57.14007472119291,73.06738074472833
ZAINA-679-G_009_jpg.rf.f3d1d1a68f80e6e7a761e1c1f244a623_r0c1.jpg,TP,14,9,0.7739305824018825,9603,11505,110.67287969899465,132.59309392241315
ZAINA-679-G_009_jpg.rf.f3d1d1a68f80e6e7a761e1c1f244a623_r0c1.jpg,TP,7,11,0.7700515084621045,4189,5433,48.27748547944274,62.61436586531688
ZAINA-679-G_009_jpg.rf.f3d1d1a68f80e6e7a761e1c1f244a623_r0c1.jpg,TP,10,3,0.7093755042762627,11841,9345,136.46543460541452,107.69947524597573
ZAINA-679-G_009_jpg.rf.f3d1d1a68f80e6e7a761e1c1f244a623_r0c1.jpg,TP,6,4,0.6178317859093392,6932,4917,79.89007623382598,56.66755695927905
ZAINA-679-G_009_jpg.rf.f3d1d1a68f80e6e7a761e1c1f244a623_r0c1.jpg,FP,12,-1,0.0,0,13123,0.0,151.2402582828186
ZAINA-679-G_009_jpg.rf.f3d1d1a68f80e6e7a761e1c1f244a623_r0c1.jpg,FP,13,-1,0.0,0,2038,0.0,23.487590214157148
ZAINA-679-G_009_jpg.rf.f3d1d1a68f80e6e7a761e1c1f244a623_r0c1.jpg,FP,15,-1,0.0,0,2918,0.0,33.62943486011313
ZAINA-679-G_009_jpg.rf.f3d1d1a68f80e6e7a761e1c1f244a623_r0c1.jpg,FP,16,-1,0.0,0,5593,0.0,64.45833761912705
ZAINA-679-G_009_jpg.rf.f3d1d1a68f80e6e7a761e1c1f244a623_r0c1.jpg,FN,-1,5,0.0,10834,0,124.85993737987171,0.0
ZAINA-679-G_009_jpg.rf.f3d1d1a68f80e6e7a761e1c1f244a623_r0c1.jpg,FN,-1,15,0.0,5555,0,64.02039432759713,0.0
ZAINA-679-G_009_jpg.rf.f3d1d1a68f80e6e7a761e1c1f244a623_r0c2.jpg,TP,2,1,0.6272648835202761,750,1136,8.643617595985212,13.092199452052267
ZAINA-679-G_009_jpg.rf.f3d1d1a68f80e6e7a761e1c1f244a623_r0c2.jpg,FP,0,-1,0.0,0,3810,0.0,43.90957738760488
ZAINA-679-G_009_jpg.rf.f3d1d1a68f80e6e7a761e1c1f244a623_r0c2.jpg,FP,1,-1,0.0,0,4354,0.0,50.179081350559485
ZAINA-679-G_009_jpg.rf.f3d1d1a68f80e6e7a761e1c1f244a623_r0c2.jpg,FN,-1,0,0.0,14331,0,165.16224502408542,0.0
ZAINA-679-G_009_jpg.rf.f3d1d1a68f80e6e7a761e1c1f244a623_r1c0.jpg,TP,9,13,0.9226741844542892,9179,9917,105.78635455139768,114.29167426584712
ZAINA-679-G_009_jpg.rf.f3d1d1a68f80e6e7a761e1c1f244a623_r1c0.jpg,TP,3,26,0.918525703200776,11208,10550,129.170221354403,121.58688751685865
ZAINA-679-G_009_jpg.rf.f3d1d1a68f80e6e7a761e1c1f244a623_r1c0.jpg,TP,13,25,0.9149821640903686,5030,4633,57.96986201040749,53.39450709626598
ZAINA-679-G_009_jpg.rf.f3d1d1a68f80e6e7a761e1c1f244a623_r1c0.jpg,TP,6,5,0.9075903031977347,13638,13982,157.1755423653951,161.140081636087
ZAINA-679-G_009_jpg.rf.f3d1d1a68f80e6e7a761e1c1f244a623_r1c0.jpg,TP,1,27,0.9012177596248393,11948,13188,137.69859071577508,151.98937180780396
ZAINA-679-G_009_jpg.rf.f3d1d1a68f80e6e7a761e1c1f244a623_r1c0.jpg,TP,11,19,0.8880057803468208,5129,5323,59.11081953307754,61.34663528457238
ZAINA-679-G_009_jpg.rf.f3d1d1a68f80e6e7a761e1c1f244a623_r1c0.jpg,TP,37,30,0.8823836618014897,35164,33319,405.258892193632,383.99559290750835
ZAINA-679-G_009_jpg.rf.f3d1d1a68f80e6e7a761e1c1f244a623_r1c0.jpg,TP,36,23,0.8809442712290723,34658,37132,399.4273315222073,427.9397447654972
ZAINA-679-G_009_jpg.rf.f3d1d1a68f80e6e7a761e1c1f244a623_r1c0.jpg,TP,2,4,0.8784185493460166,6135,6503,70.70479193515904,74.94592696892245
ZAINA-679-G_009_jpg.rf.f3d1d1a68f80e6e7a761e1c1f244a623_r1c0.jpg,TP,24,10,0.8716200863440128,7869,8605,90.68883581707684,99.17110588460366
ZAINA-679-G_009_jpg.rf.f3d1d1a68f80e6e7a761e1c1f244a623_r1c0.jpg,TP,8,9,0.8708787915118091,7284,8321,83.94681409220837,95.89805602159059
ZAINA-679-G_009_jpg.rf.f3d1d1a68f80e6e7a761e1c1f244a623_r1c0.jpg,TP,39,24,0.8694145998594236,18274,18961,210.604623932045,218.52217764996746
ZAINA-679-G_009_jpg.rf.f3d1d1a68f80e6e7a761e1c1f244a623_r1c0.jpg,TP,16,20,0.8690292758089369,2960,3105,34.1134774454883,35.78457684737878
ZAINA-679-G_009_jpg.rf.f3d1d1a68f80e6e7a761e1c1f244a623_r1c0.jpg,TP,12,17,0.8685887708649469,5763,6551,66.41755760755036,75.4991184950655
ZAINA-679-G_009_jpg.rf.f3d1d1a68f80e6e7a761e1c1f244a623_r1c0.jpg,TP,17,6,0.8642738293320656,3971,3872,45.76507396487637,44.62411644220632
ZAINA-679-G_009_jpg.rf.f3d1d1a68f80e6e7a761e1c1f244a623_r1c0.jpg,TP,7,32,0.8615986867028665,14649,14835,168.82713888478315,170.9707560485875
ZAINA-679-G_009_jpg.rf.f3d1d1a68f80e6e7a761e1c1f244a623_r1c0.jpg,TP,23,1,0.8532223250077089,2933,3077,33.80230721203284,35.461881790461995
ZAINA-679-G_009_jpg.rf.f3d1d1a68f80e6e7a761e1c1f244a623_r1c0.jpg,TP,33,31,0.8507882882882883,1663,1624,19.165781416164542,18.71631330117331
ZAINA-679-G_009_jpg.rf.f3d1d1a68f80e6e7a761e1c1f244a623_r1c0.jpg,TP,15,15,0.849124613800206,17052,18858,196.5212896623198,217.33512083345218
ZAINA-679-G_009_jpg.rf.f3d1d1a68f80e6e7a761e1c1f244a623_r1c0.jpg,TP,4,28,0.8489137590520079,5179,6055,59.687060706143214,69.78280605825394
ZAINA-679-G_009_jpg.rf.f3d1d1a68f80e6e7a761e1c1f244a623_r1c0.jpg,TP,26,8,0.8362278412669846,10546,9860,121.5407882230134,113.63475932855225
ZAINA-679-G_009_jpg.rf.f3d1d1a68f80e6e7a761e1c1f244a623_r1c0.jpg,TP,5,11,0.8259410213378087,6900,8332,79.52128188306395,96.02482907966505
ZAINA-679-G_009_jpg.rf.f3d1d1a68f80e6e7a761e1c1f244a623_r1c0.jpg,TP,20,29,0.8253624170166645,6131,7342,70.65869264131378,84.61525385296457
ZAINA-679-G_009_jpg.rf.f3d1d1a68f80e6e7a761e1c1f244a623_r1c0.jpg,TP,22,3,0.8211954434916166,6619,7610,76.28280649043482,87.70390654059662
ZAINA-679-G_009_jpg.rf.f3d1d1a68f80e6e7a761e1c1f244a623_r1c0.jpg,TP,14,21,0.8100358422939068,2262,2788,26.0691506694914,32.131207810142364
ZAINA-679-G_009_jpg.rf.f3d1d1a68f80e6e7a761e1c1f244a623_r1c0.jpg,TP,19,2,0.7970194563267559,6621,6402,76.30585613735745,73.78191979932977
ZAINA-679-G_009_jpg.rf.f3d1d1a68f80e6e7a761e1c1f244a623_r1c0.jpg,TP,10,7,0.7951182010378628,4137,5203,47.67819465945443,59.96365646921474
ZAINA-679-G_009_jpg.rf.f3d1d1a68f80e6e7a761e1c1f244a623_r1c0.jpg,TP,25,16,0.792438934577145,6644,7959,76.57092707696766,91.72606992859507
ZAINA-679-G_009_jpg.rf.f3d1d1a68f80e6e7a761e1c1f244a623_r1c0.jpg,TP,31,18,0.708636836628512,2043,2883,23.54521433146372,33.226066038967154
ZAINA-679-G_009_jpg.rf.f3d1d1a68f80e6e7a761e1c1f244a623_r1c0.jpg,TP,30,0,0.5494057724957555,5523,3603,63.6515999768351,41.52393893111296
ZAINA-679-G_009_jpg.rf.f3d1d1a68f80e6e7a761e1c1f244a623_r1c0.jpg,TP,27,14,0.5089571068124474,69505,38144,801.0328546786029,439.6028661083466
ZAINA-679-G_009_jpg.rf.f3d1d1a68f80e6e7a761e1c1f244a623_r1c0.jpg,FP,0,-1,0.0,0,29355,0.0,338.31119270686116
ZAINA-679-G_009_jpg.rf.f3d1d1a68f80e6e7a761e1c1f244a623_r1c0.jpg,FP,18,-1,0.0,0,9724,0.0,112.0673833378136
ZAINA-679-G_009_jpg.rf.f3d1d1a68f80e6e7a761e1c1f244a623_r1c0.jpg,FP,21,-1,0.0,0,57659,0.0,664.5097959558818
ZAINA-679-G_009_jpg.rf.f3d1d1a68f80e6e7a761e1c1f244a623_r1c0.jpg,FP,28,-1,0.0,0,8884,0.0,102.38653163031016
ZAINA-679-G_009_jpg.rf.f3d1d1a68f80e6e7a761e1c1f244a623_r1c0.jpg,FP,29,-1,0.0,0,6623,0.0,76.32890578428008
ZAINA-679-G_009_jpg.rf.f3d1d1a68f80e6e7a761e1c1f244a623_r1c0.jpg,FP,32,-1,0.0,0,1121,0.0,12.919327100132563
ZAINA-679-G_009_jpg.rf.f3d1d1a68f80e6e7a761e1c1f244a623_r1c0.jpg,FP,34,-1,0.0,0,1740,0.0,20.05319282268569
ZAINA-679-G_009_jpg.rf.f3d1d1a68f80e6e7a761e1c1f244a623_r1c0.jpg,FP,35,-1,0.0,0,10558,0.0,121.67908610454916
ZAINA-679-G_009_jpg.rf.f3d1d1a68f80e6e7a761e1c1f244a623_r1c0.jpg,FP,38,-1,0.0,0,17443,0.0,201.0274956356934
ZAINA-679-G_009_jpg.rf.f3d1d1a68f80e6e7a761e1c1f244a623_r1c0.jpg,FP,40,-1,0.0,0,15744,0.0,181.44682057492156
ZAINA-679-G_009_jpg.rf.f3d1d1a68f80e6e7a761e1c1f244a623_r1c0.jpg,FP,41,-1,0.0,0,22247,0.0,256.392747543844
ZAINA-679-G_009_jpg.rf.f3d1d1a68f80e6e7a761e1c1f244a623_r1c0.jpg,FN,-1,12,0.0,3335,0,38.43528624348091,0.0
ZAINA-679-G_009_jpg.rf.f3d1d1a68f80e6e7a761e1c1f244a623_r1c0.jpg,FN,-1,22,0.0,13778,0,158.789017649979,0.0
ZAINA-679-G_009_jpg.rf.f3d1d1a68f80e6e7a761e1c1f244a623_r1c1.jpg,TP,0,20,0.9194674814491488,4352,4443,50.156031703636856,51.204790638616394
ZAINA-679-G_009_jpg.rf.f3d1d1a68f80e6e7a761e1c1f244a623_r1c1.jpg,TP,26,11,0.9143347949911849,20634,21713,237.80320730074516,250.23849181550253
ZAINA-679-G_009_jpg.rf.f3d1d1a68f80e6e7a761e1c1f244a623_r1c1.jpg,TP,18,13,0.9094506364175955,29502,28404,340.0053417556743,327.3510855951519
ZAINA-679-G_009_jpg.rf.f3d1d1a68f80e6e7a761e1c1f244a623_r1c1.jpg,TP,6,4,0.9066751028155647,20512,21677,236.3971788384649,249.82359817089525
ZAINA-679-G_009_jpg.rf.f3d1d1a68f80e6e7a761e1c1f244a623_r1c1.jpg,TP,3,3,0.9008233250245486,12563,12602,144.78635714448296,145.23582525947418
ZAINA-679-G_009_jpg.rf.f3d1d1a68f80e6e7a761e1c1f244a623_r1c1.jpg,TP,2,14,0.8988944079474444,5626,6225,64.8386567933504,71.74202604667725
ZAINA-679-G_009_jpg.rf.f3d1d1a68f80e6e7a761e1c1f244a623_r1c1.jpg,TP,4,21,0.8935368754956384,4549,5002,52.42642192551564,57.647166953490704
ZAINA-679-G_009_jpg.rf.f3d1d1a68f80e6e7a761e1c1f244a623_r1c1.jpg,TP,21,10,0.8736923672994963,14969,14047,172.5150823924035,161.88919516107237
ZAINA-679-G_009_jpg.rf.f3d1d1a68f80e6e7a761e1c1f244a623_r1c1.jpg,TP,12,18,0.8719481813652217,1906,1851,21.966313517263753,21.332448226891504
ZAINA-679-G_009_jpg.rf.f3d1d1a68f80e6e7a761e1c1f244a623_r1c1.jpg,TP,11,19,0.8665432860374255,4229,4848,48.73847841789528,55.87234414044841
ZAINA-679-G_009_jpg.rf.f3d1d1a68f80e6e7a761e1c1f244a623_r1c1.jpg,TP,5,12,0.841903300076746,5644,6356,65.04610361565405,73.25177792010935
ZAINA-679-G_009_jpg.rf.f3d1d1a68f80e6e7a761e1c1f244a623_r1c1.jpg,TP,1,5,0.8192002860377808,16314,14214,188.01596994787033,163.81384067911173
ZAINA-679-G_009_jpg.rf.f3d1d1a68f80e6e7a761e1c1f244a623_r1c1.jpg,TP,7,16,0.8122775800711743,16105,16487,185.60728184445577,190.0097644066776
ZAINA-679-G_009_jpg.rf.f3d1d1a68f80e6e7a761e1c1f244a623_r1c1.jpg,TP,9,15,0.7760996290408055,2929,3774,33.75620791818758,43.49468374299759
ZAINA-679-G_009_jpg.rf.f3d1d1a68f80e6e7a761e1c1f244a623_r1c1.jpg,TP,15,17,0.7521090201168072,1221,1479,14.071809446263925,17.04521389928284
ZAINA-679-G_009_jpg.rf.f3d1d1a68f80e6e7a761e1c1f244a623_r1c1.jpg,TP,23,6,0.7318995238877032,4763,5786,54.892734146236755,66.68262854716058
ZAINA-679-G_009_jpg.rf.f3d1d1a68f80e6e7a761e1c1f244a623_r1c1.jpg,TP,10,1,0.7276659326832338,12166,9803,140.21100223034145,112.97784439125738
ZAINA-679-G_009_jpg.rf.f3d1d1a68f80e6e7a761e1c1f244a623_r1c1.jpg,TP,24,2,0.7147620212896122,61173,50945,705.0080255989378,587.1321312366222
ZAINA-679-G_009_jpg.rf.f3d1d1a68f80e6e7a761e1c1f244a623_r1c1.jpg,TP,27,8,0.6595976073953236,6561,8699,75.61436672967864,100.25443928996714
ZAINA-679-G_009_jpg.rf.f3d1d1a68f80e6e7a761e1c1f244a623_r1c1.jpg,TP,13,9,0.6054738081224249,13860,13417,159.73405317380673,154.6285563804448
ZAINA-679-G_009_jpg.rf.f3d1d1a68f80e6e7a761e1c1f244a623_r1c1.jpg,TP,8,7,0.5896919212703459,69599,42425,802.1161880839663,488.9406353462301
ZAINA-679-G_009_jpg.rf.f3d1d1a68f80e6e7a761e1c1f244a623_r1c1.jpg,FP,14,-1,0.0,0,6848,0.0,78.92199106307564
ZAINA-679-G_009_jpg.rf.f3d1d1a68f80e6e7a761e1c1f244a623_r1c1.jpg,FP,16,-1,0.0,0,9244,0.0,106.53546807638307
ZAINA-679-G_009_jpg.rf.f3d1d1a68f80e6e7a761e1c1f244a623_r1c1.jpg,FP,17,-1,0.0,0,35942,0.0,414.225204846534
ZAINA-679-G_009_jpg.rf.f3d1d1a68f80e6e7a761e1c1f244a623_r1c1.jpg,FP,19,-1,0.0,0,18299,0.0,210.89274451857784
ZAINA-679-G_009_jpg.rf.f3d1d1a68f80e6e7a761e1c1f244a623_r1c1.jpg,FP,20,-1,0.0,0,1095,0.0,12.619681690138409
ZAINA-679-G_009_jpg.rf.f3d1d1a68f80e6e7a761e1c1f244a623_r1c1.jpg,FP,22,-1,0.0,0,636,0.0,7.329787721395459
ZAINA-679-G_009_jpg.rf.f3d1d1a68f80e6e7a761e1c1f244a623_r1c1.jpg,FP,25,-1,0.0,0,9367,0.0,107.95302136212464
ZAINA-679-G_009_jpg.rf.f3d1d1a68f80e6e7a761e1c1f244a623_r1c1.jpg,FN,-1,0,0.0,2124,0,24.47872503183012,0.0
ZAINA-679-G_009_jpg.rf.f3d1d1a68f80e6e7a761e1c1f244a623_r1c2.jpg,TP,11,11,0.9025060801522682,8823,9169,101.68351739917003,105.67110631678455
ZAINA-679-G_009_jpg.rf.f3d1d1a68f80e6e7a761e1c1f244a623_r1c2.jpg,TP,17,4,0.8992091797177857,12056,12440,138.94327164959697,143.3688038587414
ZAINA-679-G_009_jpg.rf.f3d1d1a68f80e6e7a761e1c1f244a623_r1c2.jpg,TP,10,13,0.8990906424171311,6267,6681,72.22606863205243,76.99734554503627
ZAINA-679-G_009_jpg.rf.f3d1d1a68f80e6e7a761e1c1f244a623_r1c2.jpg,TP,0,3,0.8968779564806055,3797,4223,43.7597546826078,48.6693294771274
ZAINA-679-G_009_jpg.rf.f3d1d1a68f80e6e7a761e1c1f244a623_r1c2.jpg,TP,19,18,0.874963845664372,32677,32148,376.596656245345,370.50002463431014
ZAINA-679-G_009_jpg.rf.f3d1d1a68f80e6e7a761e1c1f244a623_r1c2.jpg,TP,8,16,0.8720969370582295,2596,2966,29.918441705570146,34.18262638625618
ZAINA-679-G_009_jpg.rf.f3d1d1a68f80e6e7a761e1c1f244a623_r1c2.jpg,TP,9,5,0.8633148537564519,4526,5221,52.16135098590542,60.171103291518385
ZAINA-679-G_009_jpg.rf.f3d1d1a68f80e6e7a761e1c1f244a623_r1c2.jpg,TP,4,12,0.8573443481765062,13056,14598,150.46809511091055,168.23937288825616
ZAINA-679-G_009_jpg.rf.f3d1d1a68f80e6e7a761e1c1f244a623_r1c2.jpg,TP,3,17,0.8382380159170831,4549,5383,52.42642192551564,62.038124692251195
ZAINA-679-G_009_jpg.rf.f3d1d1a68f80e6e7a761e1c1f244a623_r1c2.jpg,TP,1,7,0.8316139767054909,5009,5999,57.7278407177199,69.13741594442038
ZAINA-679-G_009_jpg.rf.f3d1d1a68f80e6e7a761e1c1f244a623_r1c2.jpg,TP,6,0,0.8285461776403005,10736,9954,123.73050468066297,114.71809273391573
ZAINA-679-G_009_jpg.rf.f3d1d1a68f80e6e7a761e1c1f244a623_r1c2.jpg,TP,7,10,0.8175853018372703,2496,3044,28.765959359438785,35.08156261623865
ZAINA-679-G_009_jpg.rf.f3d1d1a68f80e6e7a761e1c1f244a623_r1c2.jpg,TP,13,15,0.7989174836601307,9443,8172,108.82890794518447,94.18085732585487
ZAINA-679-G_009_jpg.rf.f3d1d1a68f80e6e7a761e1c1f244a623_r1c2.jpg,TP,18,1,0.7840593141797961,910,1015,10.48758934979539,11.69769581323332
ZAINA-679-G_009_jpg.rf.f3d1d1a68f80e6e7a761e1c1f244a623_r1c2.jpg,TP,16,8,0.7657801986542775,2434,3077,28.05142030483734,35.461881790461995
ZAINA-679-G_009_jpg.rf.f3d1d1a68f80e6e7a761e1c1f244a623_r1c2.jpg,TP,14,2,0.7488760436737315,4671,3498,53.8324503877959,40.31383246767503
ZAINA-679-G_009_jpg.rf.f3d1d1a68f80e6e7a761e1c1f244a623_r1c2.jpg,TP,5,19,0.6211693548387097,18992,13172,218.8794471772682,151.80497463242295
ZAINA-679-G_009_jpg.rf.f3d1d1a68f80e6e7a761e1c1f244a623_r1c2.jpg,FP,2,-1,0.0,0,4886,0.0,56.310287431978324
ZAINA-679-G_009_jpg.rf.f3d1d1a68f80e6e7a761e1c1f244a623_r1c2.jpg,FP,12,-1,0.0,0,8774,0.0,101.11880104956566
ZAINA-679-G_009_jpg.rf.f3d1d1a68f80e6e7a761e1c1f244a623_r1c2.jpg,FP,15,-1,0.0,0,34140,0.0,393.45747296924685
ZAINA-679-G_009_jpg.rf.f3d1d1a68f80e6e7a761e1c1f244a623_r1c2.jpg,FP,20,-1,0.0,0,5664,0.0,65.27660008488031
ZAINA-679-G_009_jpg.rf.f3d1d1a68f80e6e7a761e1c1f244a623_r1c2.jpg,FP,21,-1,0.0,0,3385,0.0,39.01152741654659
ZAINA-679-G_009_jpg.rf.f3d1d1a68f80e6e7a761e1c1f244a623_r1c2.jpg,FP,22,-1,0.0,0,18240,0.0,210.21277993436036
ZAINA-679-G_009_jpg.rf.f3d1d1a68f80e6e7a761e1c1f244a623_r1c2.jpg,FP,23,-1,0.0,0,22589,0.0,260.33423716761325
ZAINA-679-G_009_jpg.rf.f3d1d1a68f80e6e7a761e1c1f244a623_r1c2.jpg,FN,-1,6,0.0,6681,0,76.99734554503627,0.0
ZAINA-679-G_009_jpg.rf.f3d1d1a68f80e6e7a761e1c1f244a623_r1c2.jpg,FN,-1,9,0.0,8281,0,95.43706308313806,0.0
ZAINA-679-G_009_jpg.rf.f3d1d1a68f80e6e7a761e1c1f244a623_r1c2.jpg,FN,-1,14,0.0,60899,0,701.8502239705379,0.0
ZAINA-679-G_009_jpg.rf.f3d1d1a68f80e6e7a761e1c1f244a623_r2c0.jpg,TP,1,2,0.8672895092300765,15590,17588,179.67199776187928,202.69859503758389
ZAINA-679-G_009_jpg.rf.f3d1d1a68f80e6e7a761e1c1f244a623_r2c0.jpg,TP,0,4,0.836559940431869,4499,5367,51.85018075244996,61.85372751687017
ZAINA-679-G_009_jpg.rf.f3d1d1a68f80e6e7a761e1c1f244a623_r2c0.jpg,TP,3,0,0.8164362519201229,3195,3900,36.821810958897004,44.9468114991231
ZAINA-679-G_009_jpg.rf.f3d1d1a68f80e6e7a761e1c1f244a623_r2c0.jpg,TP,5,1,0.7609658839167036,3561,4388,41.03989634573779,50.570925348244145
ZAINA-679-G_009_jpg.rf.f3d1d1a68f80e6e7a761e1c1f244a623_r2c0.jpg,TP,4,3,0.710291493158834,2388,3362,27.521278425616913,38.74645647693637
ZAINA-679-G_009_jpg.rf.f3d1d1a68f80e6e7a761e1c1f244a623_r2c0.jpg,FP,2,-1,0.0,0,10662,0.0,122.87766774452577
ZAINA-679-G_009_jpg.rf.f3d1d1a68f80e6e7a761e1c1f244a623_r2c1.jpg,TP,2,17,0.9084882547917568,6311,6932,72.73316086435022,79.89007623382598
ZAINA-679-G_009_jpg.rf.f3d1d1a68f80e6e7a761e1c1f244a623_r2c1.jpg,TP,18,18,0.9011254019292605,3674,3421,42.34220139686622,39.42642106115388
ZAINA-679-G_009_jpg.rf.f3d1d1a68f80e6e7a761e1c1f244a623_r2c1.jpg,TP,6,24,0.8978120978120978,3624,3749,41.76596022380054,43.206563156464746
ZAINA-679-G_009_jpg.rf.f3d1d1a68f80e6e7a761e1c1f244a623_r2c1.jpg,TP,4,1,0.8855709786539134,8314,7851,95.8173822573614,90.4813889947732
ZAINA-679-G_009_jpg.rf.f3d1d1a68f80e6e7a761e1c1f244a623_r2c1.jpg,TP,0,19,0.8834828304792969,9816,10972,113.12766709625446,126.450363017533
ZAINA-679-G_009_jpg.rf.f3d1d1a68f80e6e7a761e1c1f244a623_r2c1.jpg,TP,17,0,0.8795978710821999,7442,8450,85.76773619909594,97.38475824810006
ZAINA-679-G_009_jpg.rf.f3d1d1a68f80e6e7a761e1c1f244a623_r2c1.jpg,TP,11,5,0.8770899600358861,11847,11168,136.5345835461824,128.70922841595046
ZAINA-679-G_009_jpg.rf.f3d1d1a68f80e6e7a761e1c1f244a623_r2c1.jpg,TP,7,22,0.8760200052645433,3633,3494,41.869683634952366,40.267733173829775
ZAINA-679-G_009_jpg.rf.f3d1d1a68f80e6e7a761e1c1f244a623_r2c1.jpg,TP,1,21,0.8735059760956175,3528,3996,40.659577171514435,46.053194551409206
ZAINA-679-G_009_jpg.rf.f3d1d1a68f80e6e7a761e1c1f244a623_r2c1.jpg,TP,3,16,0.8687895645501631,9198,10286,106.00532619716263,118.54433412307185
ZAINA-679-G_009_jpg.rf.f3d1d1a68f80e6e7a761e1c1f244a623_r2c1.jpg,TP,16,6,0.8677859391395593,3733,3387,43.02216598108373,39.034577063469214
ZAINA-679-G_009_jpg.rf.f3d1d1a68f80e6e7a761e1c1f244a623_r2c1.jpg,TP,24,8,0.8636027469624934,8427,9212,97.11968730848984,106.16667372562102
ZAINA-679-G_009_jpg.rf.f3d1d1a68f80e6e7a761e1c1f244a623_r2c1.jpg,TP,8,25,0.8541067260192172,33656,34653,387.87945841397107,399.36970740490074
ZAINA-679-G_009_jpg.rf.f3d1d1a68f80e6e7a761e1c1f244a623_r2c1.jpg,TP,19,11,0.851548502687484,3351,3883,38.619683418861925,44.75088950028077
ZAINA-679-G_009_jpg.rf.f3d1d1a68f80e6e7a761e1c1f244a623_r2c1.jpg,TP,22,4,0.8514923562242174,3855,3775,44.42819444336399,43.5062085664589
ZAINA-679-G_009_jpg.rf.f3d1d1a68f80e6e7a761e1c1f244a623_r2c1.jpg,TP,14,15,0.8467048710601719,3546,4188,40.86702399381808,48.265960655981424
ZAINA-679-G_009_jpg.rf.f3d1d1a68f80e6e7a761e1c1f244a623_r2c1.jpg,TP,10,14,0.846296608739666,5347,5596,61.623231047643905,64.492912089511
ZAINA-679-G_009_jpg.rf.f3d1d1a68f80e6e7a761e1c1f244a623_r2c1.jpg,TP,21,23,0.8445022771633052,5970,5370,68.80319606404228,61.88830198725412
ZAINA-679-G_009_jpg.rf.f3d1d1a68f80e6e7a761e1c1f244a623_r2c1.jpg,TP,28,7,0.8060038734667527,7783,9002,89.69770099940388,103.74646079874518
ZAINA-679-G_009_jpg.rf.f3d1d1a68f80e6e7a761e1c1f244a623_r2c1.jpg,TP,5,13,0.8025424611857872,7828,9471,90.21631805516299,109.15160300210125
ZAINA-679-G_009_jpg.rf.f3d1d1a68f80e6e7a761e1c1f244a623_r2c1.jpg,TP,13,26,0.7485259433962265,2539,3392,29.26152676827527,39.09220118077579
ZAINA-679-G_009_jpg.rf.f3d1d1a68f80e6e7a761e1c1f244a623_r2c1.jpg,TP,9,20,0.7308124824290132,6522,5791,75.1648986146874,66.74025266446715
ZAINA-679-G_009_jpg.rf.f3d1d1a68f80e6e7a761e1c1f244a623_r2c1.jpg,TP,15,2,0.6183504148365057,3671,2961,42.307626926482286,34.125002268949615
ZAINA-679-G_009_jpg.rf.f3d1d1a68f80e6e7a761e1c1f244a623_r2c1.jpg,TP,20,10,0.537927886809676,10837,6011,124.89451185025565,69.27571382595615
ZAINA-679-G_009_jpg.rf.f3d1d1a68f80e6e7a761e1c1f244a623_r2c1.jpg,FP,12,-1,0.0,0,2531,0.0,29.169328180584763
ZAINA-679-G_009_jpg.rf.f3d1d1a68f80e6e7a761e1c1f244a623_r2c1.jpg,FP,23,-1,0.0,0,3202,0.0,36.9024847231262
ZAINA-679-G_009_jpg.rf.f3d1d1a68f80e6e7a761e1c1f244a623_r2c1.jpg,FP,25,-1,0.0,0,3085,0.0,35.554080378152506
ZAINA-679-G_009_jpg.rf.f3d1d1a68f80e6e7a761e1c1f244a623_r2c1.jpg,FP,26,-1,0.0,0,3251,0.0,37.46720107273057
ZAINA-679-G_009_jpg.rf.f3d1d1a68f80e6e7a761e1c1f244a623_r2c1.jpg,FP,27,-1,0.0,0,4260,0.0,49.095747945196
ZAINA-679-G_009_jpg.rf.f3d1d1a68f80e6e7a761e1c1f244a623_r2c1.jpg,FN,-1,3,0.0,2556,0,29.4574487671176,0.0
ZAINA-679-G_009_jpg.rf.f3d1d1a68f80e6e7a761e1c1f244a623_r2c1.jpg,FN,-1,9,0.0,4262,0,49.11879759211863,0.0
ZAINA-679-G_009_jpg.rf.f3d1d1a68f80e6e7a761e1c1f244a623_r2c1.jpg,FN,-1,12,0.0,19795,0,228.13388041670302,0.0
ZAINA-679-G_009_jpg.rf.f3d1d1a68f80e6e7a761e1c1f244a623_r2c2.jpg,TP,6,6,0.913302448709464,4219,4454,48.623230183282146,51.33156369669084
ZAINA-679-G_009_jpg.rf.f3d1d1a68f80e6e7a761e1c1f244a623_r2c2.jpg,TP,0,15,0.9074965201829389,23217,24747,267.5718263013182,285.20480619712805
ZAINA-679-G_009_jpg.rf.f3d1d1a68f80e6e7a761e1c1f244a623_r2c2.jpg,TP,4,7,0.9048333833683578,3142,3203,36.210995315447384,36.914009546587515
ZAINA-679-G_009_jpg.rf.f3d1d1a68f80e6e7a761e1c1f244a623_r2c2.jpg,TP,3,3,0.8999497234791353,5450,5887,62.81028786415921,67.84663571675325
ZAINA-679-G_009_jpg.rf.f3d1d1a68f80e6e7a761e1c1f244a623_r2c2.jpg,TP,14,1,0.8867617423655247,12314,12029,141.91667610261587,138.6321014161415
ZAINA-679-G_009_jpg.rf.f3d1d1a68f80e6e7a761e1c1f244a623_r2c2.jpg,TP,16,27,0.8853301700276789,4553,4983,52.47252121936089,57.428195307725744
ZAINA-679-G_009_jpg.rf.f3d1d1a68f80e6e7a761e1c1f244a623_r2c2.jpg,TP,19,5,0.8816049731562589,3506,3153,40.40603105536554,36.33776837352183
ZAINA-679-G_009_jpg.rf.f3d1d1a68f80e6e7a761e1c1f244a623_r2c2.jpg,TP,31,22,0.8764162090776395,13225,13771,152.41579027587258,158.7083438857498
ZAINA-679-G_009_jpg.rf.f3d1d1a68f80e6e7a761e1c1f244a623_r2c2.jpg,TP,32,23,0.8680647577346315,15742,16682,181.42377092799893,192.25710498163374
ZAINA-679-G_009_jpg.rf.f3d1d1a68f80e6e7a761e1c1f244a623_r2c2.jpg,TP,13,12,0.860140931372549,5849,6294,67.40869242522334,72.5372388655079
ZAINA-679-G_009_jpg.rf.f3d1d1a68f80e6e7a761e1c1f244a623_r2c2.jpg,TP,18,11,0.8582236842105263,2801,2848,32.281030515139435,32.82269721782118
ZAINA-679-G_009_jpg.rf.f3d1d1a68f80e6e7a761e1c1f244a623_r2c2.jpg,TP,1,4,0.8435731192754966,17236,18592,198.64185717920148,214.26951779274273
ZAINA-679-G_009_jpg.rf.f3d1d1a68f80e6e7a761e1c1f244a623_r2c2.jpg,TP,9,20,0.8426277989015631,4028,4695,46.42198890217124,54.10904615086743
ZAINA-679-G_009_jpg.rf.f3d1d1a68f80e6e7a761e1c1f244a623_r2c2.jpg,TP,5,18,0.8381615598885794,3009,3590,34.67819379509267,41.37411622611588
ZAINA-679-G_009_jpg.rf.f3d1d1a68f80e6e7a761e1c1f244a623_r2c2.jpg,TP,2,14,0.8312818336162988,3933,4696,45.32713067334645,54.12057097432874
ZAINA-679-G_009_jpg.rf.f3d1d1a68f80e6e7a761e1c1f244a623_r2c2.jpg,TP,10,16,0.8259129564782391,3342,3958,38.515960007710106,45.615251259879294
ZAINA-679-G_009_jpg.rf.f3d1d1a68f80e6e7a761e1c1f244a623_r2c2.jpg,TP,21,25,0.8138520878752306,5240,5576,60.390074937283345,64.26241562028473
ZAINA-679-G_009_jpg.rf.f3d1d1a68f80e6e7a761e1c1f244a623_r2c2.jpg,TP,20,19,0.8083434099153567,1337,1654,15.408688967776305,19.06205800501272
ZAINA-679-G_009_jpg.rf.f3d1d1a68f80e6e7a761e1c1f244a623_r2c2.jpg,TP,8,2,0.8064072327044025,4212,4979,48.54255641905295,57.38209601388049
ZAINA-679-G_009_jpg.rf.f3d1d1a68f80e6e7a761e1c1f244a623_r2c2.jpg,TP,33,29,0.7916981512266384,17144,18423,197.58157342076063,212.32182262778073
ZAINA-679-G_009_jpg.rf.f3d1d1a68f80e6e7a761e1c1f244a623_r2c2.jpg,TP,23,30,0.7912087912087912,5472,6916,63.063833980308104,79.70567905844497
ZAINA-679-G_009_jpg.rf.f3d1d1a68f80e6e7a761e1c1f244a623_r2c2.jpg,TP,28,9,0.7879647132955262,5038,6312,58.06206059809799,72.74468568781154
ZAINA-679-G_009_jpg.rf.f3d1d1a68f80e6e7a761e1c1f244a623_r2c2.jpg,TP,7,17,0.7826404084609774,2182,2706,25.14716479258631,31.186172286314644
ZAINA-679-G_009_jpg.rf.f3d1d1a68f80e6e7a761e1c1f244a623_r2c2.jpg,TP,15,13,0.7804878048780488,1947,2433,22.43883127917761,28.03989548137603
ZAINA-679-G_009_jpg.rf.f3d1d1a68f80e6e7a761e1c1f244a623_r2c2.jpg,TP,11,21,0.773854961832061,4986,6168,57.46276977810969,71.08511110938238
ZAINA-679-G_009_jpg.rf.f3d1d1a68f80e6e7a761e1c1f244a623_r2c2.jpg,TP,22,0,0.72843558024068,9135,11404,105.27926231909989,131.42908675282047
ZAINA-679-G_009_jpg.rf.f3d1d1a68f80e6e7a761e1c1f244a623_r2c2.jpg,TP,26,24,0.5177963950241178,10641,19252,122.63564645183818,221.87590127720972
ZAINA-679-G_009_jpg.rf.f3d1d1a68f80e6e7a761e1c1f244a623_r2c2.jpg,FP,12,-1,0.0,0,4340,0.0,50.01773382210109
ZAINA-679-G_009_jpg.rf.f3d1d1a68f80e6e7a761e1c1f244a623_r2c2.jpg,FP,17,-1,0.0,0,5133,0.0,59.15691882692279
ZAINA-679-G_009_jpg.rf.f3d1d1a68f80e6e7a761e1c1f244a623_r2c2.jpg,FP,24,-1,0.0,0,961,0.0,11.075355346322384
ZAINA-679-G_009_jpg.rf.f3d1d1a68f80e6e7a761e1c1f244a623_r2c2.jpg,FP,25,-1,0.0,0,6806,0.0,78.43794847770047
ZAINA-679-G_009_jpg.rf.f3d1d1a68f80e6e7a761e1c1f244a623_r2c2.jpg,FP,27,-1,0.0,0,6153,0.0,70.91223875746267
ZAINA-679-G_009_jpg.rf.f3d1d1a68f80e6e7a761e1c1f244a623_r2c2.jpg,FP,29,-1,0.0,0,4160,0.0,47.943265599064645
ZAINA-679-G_009_jpg.rf.f3d1d1a68f80e6e7a761e1c1f244a623_r2c2.jpg,FP,30,-1,0.0,0,6749,0.0,77.78103354040559
ZAINA-679-G_009_jpg.rf.f3d1d1a68f80e6e7a761e1c1f244a623_r2c2.jpg,FP,34,-1,0.0,0,2983,0.0,34.37854838509852
ZAINA-679-G_009_jpg.rf.f3d1d1a68f80e6e7a761e1c1f244a623_r2c2.jpg,FN,-1,8,0.0,9817,0,113.13919191971577,0.0
ZAINA-679-G_009_jpg.rf.f3d1d1a68f80e6e7a761e1c1f244a623_r2c2.jpg,FN,-1,10,0.0,3276,0,37.75532165926341,0.0
ZAINA-679-G_009_jpg.rf.f3d1d1a68f80e6e7a761e1c1f244a623_r2c2.jpg,FN,-1,26,0.0,6943,0,80.01684929190043,0.0
ZAINA-679-G_009_jpg.rf.f3d1d1a68f80e6e7a761e1c1f244a623_r2c2.jpg,FN,-1,28,0.0,41970,0,483.69684067133244,0.0
ZAINA-679-G_011_jpg.rf.5f57ef6c944be100b1ea7d06649ae4ae_r0c0.jpg,TP,7,9,0.9078778547600719,18163,19012,209.3253685278392,219.10994364649446
ZAINA-679-G_011_jpg.rf.5f57ef6c944be100b1ea7d06649ae4ae_r0c0.jpg,TP,1,1,0.8975026516247228,9344,10335,107.68795042251443,119.10905047267622
ZAINA-679-G_011_jpg.rf.5f57ef6c944be100b1ea7d06649ae4ae_r0c0.jpg,TP,0,3,0.8790904048807543,4788,5376,55.18085473276959,61.957450928022
ZAINA-679-G_011_jpg.rf.5f57ef6c944be100b1ea7d06649ae4ae_r0c0.jpg,TP,4,2,0.8695214105793451,1791,1920,20.640958819212685,22.127661045722142
ZAINA-679-G_011_jpg.rf.5f57ef6c944be100b1ea7d06649ae4ae_r0c0.jpg,TP,5,4,0.8506423982869379,1605,1852,18.497341655408352,21.343973050352815
ZAINA-679-G_011_jpg.rf.5f57ef6c944be100b1ea7d06649ae4ae_r0c0.jpg,TP,14,10,0.8473733855753882,24730,26191,285.0088841982857,301.8466512752649
ZAINA-679-G_011_jpg.rf.5f57ef6c944be100b1ea7d06649ae4ae_r0c0.jpg,TP,10,0,0.8015956055453832,6240,7535,71.91489839859696,86.8395447809981
ZAINA-679-G_011_jpg.rf.5f57ef6c944be100b1ea7d06649ae4ae_r0c0.jpg,TP,16,5,0.7977434183033849,2041,2261,23.52216468454109,26.057625846030085
ZAINA-679-G_011_jpg.rf.5f57ef6c944be100b1ea7d06649ae4ae_r0c0.jpg,TP,2,7,0.6872309172871397,15489,17822,178.5079905922866,205.39540372753126
ZAINA-679-G_011_jpg.rf.5f57ef6c944be100b1ea7d06649ae4ae_r0c0.jpg,TP,11,11,0.6095986528206567,2281,3454,26.28812231525636,39.80674023537723
ZAINA-679-G_011_jpg.rf.5f57ef6c944be100b1ea7d06649ae4ae_r0c0.jpg,TP,3,8,0.6045985676592537,11308,18491,130.32270370053436,213.10551062315008
ZAINA-679-G_011_jpg.rf.5f57ef6c944be100b1ea7d06649ae4ae_r0c0.jpg,TP,17,6,0.5505482172148839,22467,13453,258.928208705333,155.04345002505207
ZAINA-679-G_011_jpg.rf.5f57ef6c944be100b1ea7d06649ae4ae_r0c0.jpg,FP,6,-1,0.0,0,1218,0.0,14.037234975879985
ZAINA-679-G_011_jpg.rf.5f57ef6c944be100b1ea7d06649ae4ae_r0c0.jpg,FP,8,-1,0.0,0,1384,0.0,15.950355670458045
ZAINA-679-G_011_jpg.rf.5f57ef6c944be100b1ea7d06649ae4ae_r0c0.jpg,FP,9,-1,0.0,0,8471,0.0,97.62677954078764
ZAINA-679-G_011_jpg.rf.5f57ef6c944be100b1ea7d06649ae4ae_r0c0.jpg,FP,12,-1,0.0,0,8315,0.0,95.82890708082272
ZAINA-679-G_011_jpg.rf.5f57ef6c944be100b1ea7d06649ae4ae_r0c0.jpg,FP,13,-1,0.0,0,15033,0.0,173.25267109392757
ZAINA-679-G_011_jpg.rf.5f57ef6c944be100b1ea7d06649ae4ae_r0c0.jpg,FP,15,-1,0.0,0,1201,0.0,13.841312977037653
ZAINA-679-G_011_jpg.rf.5f57ef6c944be100b1ea7d06649ae4ae_r0c1.jpg,TP,10,17,0.9342874730686365,6122,6447,70.55496923016196,74.30053685508888
ZAINA-679-G_011_jpg.rf.5f57ef6c944be100b1ea7d06649ae4ae_r0c1.jpg,TP,13,13,0.928101958429253,29704,28087,342.33335609485965,323.6977165579155
ZAINA-679-G_011_jpg.rf.5f57ef6c944be100b1ea7d06649ae4ae_r0c1.jpg,TP,4,5,0.9174595329296923,7507,8011,86.51684972408131,92.32536074858338
ZAINA-679-G_011_jpg.rf.5f57ef6c944be100b1ea7d06649ae4ae_r0c1.jpg,TP,7,4,0.8997895844292477,6847,7599,78.91046623961432,87.57713348252217
ZAINA-679-G_011_jpg.rf.5f57ef6c944be100b1ea7d06649ae4ae_r0c1.jpg,TP,3,12,0.8983621269912497,16560,17284,190.85107651935348,199.19504870534453
ZAINA-679-G_011_jpg.rf.5f57ef6c944be100b1ea7d06649ae4ae_r0c1.jpg,TP,8,14,0.8971381169639154,6970,6752,80.3280195253559,77.81560801078953
ZAINA-679-G_011_jpg.rf.5f57ef6c944be100b1ea7d06649ae4ae_r0c1.jpg,TP,15,10,0.895899554990464,6037,5892,69.5753592359503,67.90425983405983
ZAINA-679-G_011_jpg.rf.5f57ef6c944be100b1ea7d06649ae4ae_r0c1.jpg,TP,2,3,0.8845932353054095,23254,25834,267.9982447693868,297.73228929957594
ZAINA-679-G_011_jpg.rf.5f57ef6c944be100b1ea7d06649ae4ae_r0c1.jpg,TP,11,7,0.8843418103868265,9118,10221,105.08334032025755,117.79522059808647
ZAINA-679-G_011_jpg.rf.5f57ef6c944be100b1ea7d06649ae4ae_r0c1.jpg,TP,21,15,0.8840741256792531,6382,7140,73.55142333010349,82.28723951377921
ZAINA-679-G_011_jpg.rf.5f57ef6c944be100b1ea7d06649ae4ae_r0c1.jpg,TP,0,1,0.8832707199263973,23641,25486,272.4583514489152,293.7216507350388
ZAINA-679-G_011_jpg.rf.5f57ef6c944be100b1ea7d06649ae4ae_r0c1.jpg,TP,1,2,0.88023282887078,19039,21339,219.42111387994993,245.92820784097125
ZAINA-679-G_011_jpg.rf.5f57ef6c944be100b1ea7d06649ae4ae_r0c1.jpg,TP,12,20,0.8773315777924073,4066,4489,46.85993219370116,51.734932517836825
ZAINA-679-G_011_jpg.rf.5f57ef6c944be100b1ea7d06649ae4ae_r0c1.jpg,TP,14,19,0.8749052312357847,2308,2638,26.599292548711826,30.402484290945317
ZAINA-679-G_011_jpg.rf.5f57ef6c944be100b1ea7d06649ae4ae_r0c1.jpg,TP,19,18,0.8635429694479185,20883,20838,240.67288834261223,240.15427128685312
ZAINA-679-G_011_jpg.rf.5f57ef6c944be100b1ea7d06649ae4ae_r0c1.jpg,TP,18,11,0.8595801782804563,9722,9679,112.04433369089097,111.54876628205449
ZAINA-679-G_011_jpg.rf.5f57ef6c944be100b1ea7d06649ae4ae_r0c1.jpg,TP,9,9,0.8563138988670903,3486,3232,40.175534586139264,37.24822942696561
ZAINA-679-G_011_jpg.rf.5f57ef6c944be100b1ea7d06649ae4ae_r0c1.jpg,TP,16,6,0.8390206284943127,4560,4979,52.55319498359009,57.38209601388049
ZAINA-679-G_011_jpg.rf.5f57ef6c944be100b1ea7d06649ae4ae_r0c1.jpg,TP,6,0,0.8152188373021152,12256,15034,141.24823634185967,173.2641959173889
ZAINA-679-G_011_jpg.rf.5f57ef6c944be100b1ea7d06649ae4ae_r0c1.jpg,TP,5,21,0.7342796309439319,5253,6965,60.53989764228042,80.27039540804934
ZAINA-679-G_011_jpg.rf.5f57ef6c944be100b1ea7d06649ae4ae_r0c1.jpg,FP,17,-1,0.0,0,16248,0.0,187.25533159942364
ZAINA-679-G_011_jpg.rf.5f57ef6c944be100b1ea7d06649ae4ae_r0c1.jpg,FP,20,-1,0.0,0,2248,0.0,25.907803141033007
ZAINA-679-G_011_jpg.rf.5f57ef6c944be100b1ea7d06649ae4ae_r0c1.jpg,FP,22,-1,0.0,0,18174,0.0,209.45214158591367
ZAINA-679-G_011_jpg.rf.5f57ef6c944be100b1ea7d06649ae4ae_r0c1.jpg,FP,23,-1,0.0,0,42917,0.0,494.6108484891964
ZAINA-679-G_011_jpg.rf.5f57ef6c944be100b1ea7d06649ae4ae_r0c1.jpg,FP,24,-1,0.0,0,4125,0.0,47.53989677791866
ZAINA-679-G_011_jpg.rf.5f57ef6c944be100b1ea7d06649ae4ae_r0c1.jpg,FP,25,-1,0.0,0,3133,0.0,36.10727190429556
ZAINA-679-G_011_jpg.rf.5f57ef6c944be100b1ea7d06649ae4ae_r0c1.jpg,FP,26,-1,0.0,0,42805,0.0,493.32006826152934
ZAINA-679-G_011_jpg.rf.5f57ef6c944be100b1ea7d06649ae4ae_r0c1.jpg,FP,27,-1,0.0,0,2582,0.0,29.757094177111757
ZAINA-679-G_011_jpg.rf.5f57ef6c944be100b1ea7d06649ae4ae_r0c1.jpg,FN,-1,8,0.0,6231,0,71.81117498744514,0.0
ZAINA-679-G_011_jpg.rf.5f57ef6c944be100b1ea7d06649ae4ae_r0c1.jpg,FN,-1,16,0.0,3989,0,45.97252078718002,0.0
ZAINA-679-G_011_jpg.rf.5f57ef6c944be100b1ea7d06649ae4ae_r0c2.jpg,TP,6,8,0.9058233972697425,5403,5626,62.26862116147747,64.8386567933504
ZAINA-679-G_011_jpg.rf.5f57ef6c944be100b1ea7d06649ae4ae_r0c2.jpg,TP,1,17,0.895659966713609,7019,7788,80.89273587496027,89.75532511671044
ZAINA-679-G_011_jpg.rf.5f57ef6c944be100b1ea7d06649ae4ae_r0c2.jpg,TP,8,6,0.8869141813755326,7337,8164,84.557629735658,94.08865873816436
ZAINA-679-G_011_jpg.rf.5f57ef6c944be100b1ea7d06649ae4ae_r0c2.jpg,TP,18,20,0.8855508440675254,23383,23752,269.4849469958963,273.737606853121
ZAINA-679-G_011_jpg.rf.5f57ef6c944be100b1ea7d06649ae4ae_r0c2.jpg,TP,2,2,0.8753439406627587,7863,7813,90.61968687630896,90.04344570324328
ZAINA-679-G_011_jpg.rf.5f57ef6c944be100b1ea7d06649ae4ae_r0c2.jpg,TP,15,16,0.8604769324571506,28077,26848,323.5824683233024,309.41846028934793
ZAINA-679-G_011_jpg.rf.5f57ef6c944be100b1ea7d06649ae4ae_r0c2.jpg,TP,0,7,0.8582742578644218,15518,18035,178.8422104726647,207.85019112479105
ZAINA-679-G_011_jpg.rf.5f57ef6c944be100b1ea7d06649ae4ae_r0c2.jpg,TP,30,0,0.8581577363034316,7444,7988,85.79078584601855,92.06028980897317
ZAINA-679-G_011_jpg.rf.5f57ef6c944be100b1ea7d06649ae4ae_r0c2.jpg,TP,7,13,0.8513009081285865,15769,17460,181.7349411614544,201.22341763453574
ZAINA-679-G_011_jpg.rf.5f57ef6c944be100b1ea7d06649ae4ae_r0c2.jpg,TP,10,12,0.8471335541368662,54634,60810,629.647204985408,700.824514682481
ZAINA-679-G_011_jpg.rf.5f57ef6c944be100b1ea7d06649ae4ae_r0c2.jpg,TP,11,18,0.8425891872011769,4810,5210,55.43440084891849,60.04433023344394
ZAINA-679-G_011_jpg.rf.5f57ef6c944be100b1ea7d06649ae4ae_r0c2.jpg,TP,12,9,0.8250616746480917,12891,12262,148.5664992397938,141.31738528262755
ZAINA-679-G_011_jpg.rf.5f57ef6c944be100b1ea7d06649ae4ae_r0c2.jpg,TP,5,19,0.8227941955301346,7807,9402,89.9742967624754,108.35639018327062
ZAINA-679-G_011_jpg.rf.5f57ef6c944be100b1ea7d06649ae4ae_r0c2.jpg,TP,9,3,0.7997105643994211,2799,3419,32.25798086821681,39.40337141423125
ZAINA-679-G_011_jpg.rf.5f57ef6c944be100b1ea7d06649ae4ae_r0c2.jpg,TP,28,15,0.7893474088291746,6580,8336,75.83333837544359,96.0709283735103
ZAINA-679-G_011_jpg.rf.5f57ef6c944be100b1ea7d06649ae4ae_r0c2.jpg,TP,19,14,0.7832836079041813,20797,20445,239.68175352493927,235.62501566655686
ZAINA-679-G_011_jpg.rf.5f57ef6c944be100b1ea7d06649ae4ae_r0c2.jpg,TP,3,21,0.7718836298246741,12087,15503,139.30054117689767,178.66933812074498
ZAINA-679-G_011_jpg.rf.5f57ef6c944be100b1ea7d06649ae4ae_r0c2.jpg,TP,14,10,0.7679162072767365,3184,3230,36.695037900822555,37.22517978004298
ZAINA-679-G_011_jpg.rf.5f57ef6c944be100b1ea7d06649ae4ae_r0c2.jpg,TP,17,4,0.7657004830917874,2219,2898,25.573583260654914,33.39893839088686
ZAINA-679-G_011_jpg.rf.5f57ef6c944be100b1ea7d06649ae4ae_r0c2.jpg,TP,21,11,0.7428067570076109,25540,30791,294.34399120194973,354.86083919730754
ZAINA-679-G_011_jpg.rf.5f57ef6c944be100b1ea7d06649ae4ae_r0c2.jpg,TP,20,1,0.7227615965480043,714,883,8.228723951377921,10.176419116339924
ZAINA-679-G_011_jpg.rf.5f57ef6c944be100b1ea7d06649ae4ae_r0c2.jpg,TP,31,5,0.6413605252130186,31040,39463,357.7305202391746,454.8041082538192
ZAINA-679-G_011_jpg.rf.5f57ef6c944be100b1ea7d06649ae4ae_r0c2.jpg,FP,4,-1,0.0,0,7245,0.0,83.49734597721715
ZAINA-679-G_011_jpg.rf.5f57ef6c944be100b1ea7d06649ae4ae_r0c2.jpg,FP,13,-1,0.0,0,9732,0.0,112.15958192550411
ZAINA-679-G_011_jpg.rf.5f57ef6c944be100b1ea7d06649ae4ae_r0c2.jpg,FP,16,-1,0.0,0,8931,0.0,102.9281983329919
ZAINA-679-G_011_jpg.rf.5f57ef6c944be100b1ea7d06649ae4ae_r0c2.jpg,FP,22,-1,0.0,0,1563,0.0,18.01329907003318
ZAINA-679-G_011_jpg.rf.5f57ef6c944be100b1ea7d06649ae4ae_r0c2.jpg,FP,23,-1,0.0,0,47110,0.0,542.9344332624844
ZAINA-679-G_011_jpg.rf.5f57ef6c944be100b1ea7d06649ae4ae_r0c2.jpg,FP,24,-1,0.0,0,9652,0.0,111.23759604859902
ZAINA-679-G_011_jpg.rf.5f57ef6c944be100b1ea7d06649ae4ae_r0c2.jpg,FP,25,-1,0.0,0,2275,0.0,26.218973374488478
ZAINA-679-G_011_jpg.rf.5f57ef6c944be100b1ea7d06649ae4ae_r0c2.jpg,FP,26,-1,0.0,0,3518,0.0,40.5443289369013
ZAINA-679-G_011_jpg.rf.5f57ef6c944be100b1ea7d06649ae4ae_r0c2.jpg,FP,27,-1,0.0,0,3619,0.0,41.708336106493974
ZAINA-679-G_011_jpg.rf.5f57ef6c944be100b1ea7d06649ae4ae_r0c2.jpg,FP,29,-1,0.0,0,1113,0.0,12.827128512442055
ZAINA-679-G_011_jpg.rf.5f57ef6c944be100b1ea7d06649ae4ae_r1c0.jpg,TP,1,27,0.9356426938631968,5653,5355,65.14982702680587,61.71542963533441
ZAINA-679-G_011_jpg.rf.5f57ef6c944be100b1ea7d06649ae4ae_r1c0.jpg,TP,39,0,0.8981066268061784,3721,3898,42.88386809954797,44.92376185220047
ZAINA-679-G_011_jpg.rf.5f57ef6c944be100b1ea7d06649ae4ae_r1c0.jpg,TP,13,10,0.8826160866064239,10117,10925,116.59663895810985,125.90869631485126
ZAINA-679-G_011_jpg.rf.5f57ef6c944be100b1ea7d06649ae4ae_r1c0.jpg,TP,20,23,0.8716875871687587,3131,3579,36.08422225737293,41.24734316804143
ZAINA-679-G_011_jpg.rf.5f57ef6c944be100b1ea7d06649ae4ae_r1c0.jpg,TP,36,34,0.8668911335578002,3929,4388,45.281031379501194,50.570925348244145
ZAINA-679-G_011_jpg.rf.5f57ef6c944be100b1ea7d06649ae4ae_r1c0.jpg,TP,4,2,0.8658790826963169,2496,2874,28.765959359438785,33.12234262781533
ZAINA-679-G_011_jpg.rf.5f57ef6c944be100b1ea7d06649ae4ae_r1c0.jpg,TP,2,30,0.8653458697112156,2632,2923,30.333335350177435,33.687058977419696
ZAINA-679-G_011_jpg.rf.5f57ef6c944be100b1ea7d06649ae4ae_r1c0.jpg,TP,25,25,0.8638484765303321,3215,3575,37.05230742812328,41.20124387419617
ZAINA-679-G_011_jpg.rf.5f57ef6c944be100b1ea7d06649ae4ae_r1c0.jpg,TP,3,32,0.8633743274404304,4501,5196,51.87323039937259,59.88298270498555
ZAINA-679-G_011_jpg.rf.5f57ef6c944be100b1ea7d06649ae4ae_r1c0.jpg,TP,8,3,0.8595658073270014,3801,4422,43.80585397645305,50.96276934592881
ZAINA-679-G_011_jpg.rf.5f57ef6c944be100b1ea7d06649ae4ae_r1c0.jpg,TP,30,29,0.8579532814238042,8227,8476,94.81472261622712,97.68440365809421
ZAINA-679-G_011_jpg.rf.5f57ef6c944be100b1ea7d06649ae4ae_r1c0.jpg,TP,22,5,0.8512069647803719,2181,2497,25.135639969124995,28.7774841829001
ZAINA-679-G_011_jpg.rf.5f57ef6c944be100b1ea7d06649ae4ae_r1c0.jpg,TP,11,24,0.8506994005138453,2980,3503,34.343973914714574,40.371456584981594
ZAINA-679-G_011_jpg.rf.5f57ef6c944be100b1ea7d06649ae4ae_r1c0.jpg,TP,16,9,0.8503322739092748,2946,3458,33.952129917029914,39.852839529222486
ZAINA-679-G_011_jpg.rf.5f57ef6c944be100b1ea7d06649ae4ae_r1c0.jpg,TP,19,14,0.8502375542243338,4587,4370,52.86436521704555,50.3634785259405
ZAINA-679-G_011_jpg.rf.5f57ef6c944be100b1ea7d06649ae4ae_r1c0.jpg,TP,9,21,0.8440015331544654,2229,2582,25.68883149526805,29.757094177111757
ZAINA-679-G_011_jpg.rf.5f57ef6c944be100b1ea7d06649ae4ae_r1c0.jpg,TP,23,8,0.8437659465895561,21681,21677,249.8696974647405,249.82359817089525
ZAINA-679-G_011_jpg.rf.5f57ef6c944be100b1ea7d06649ae4ae_r1c0.jpg,TP,12,33,0.841797394310024,3632,3295,41.85815881149105,37.97429330502836
ZAINA-679-G_011_jpg.rf.5f57ef6c944be100b1ea7d06649ae4ae_r1c0.jpg,TP,40,11,0.8318812520167796,5158,6196,59.44503941345563,71.40780616629917
ZAINA-679-G_011_jpg.rf.5f57ef6c944be100b1ea7d06649ae4ae_r1c0.jpg,TP,7,31,0.8298086606243706,2496,2955,28.765959359438785,34.05585332818173
ZAINA-679-G_011_jpg.rf.5f57ef6c944be100b1ea7d06649ae4ae_r1c0.jpg,TP,31,17,0.8286145715364288,9257,10119,106.68529078138015,116.61968860503248
ZAINA-679-G_011_jpg.rf.5f57ef6c944be100b1ea7d06649ae4ae_r1c0.jpg,TP,0,28,0.8212913620027265,6627,8069,76.37500507812533,92.99380050933956
ZAINA-679-G_011_jpg.rf.5f57ef6c944be100b1ea7d06649ae4ae_r1c0.jpg,TP,5,16,0.8209157409916011,6253,7189,72.06472110359404,82.85195586338358
ZAINA-679-G_011_jpg.rf.5f57ef6c944be100b1ea7d06649ae4ae_r1c0.jpg,TP,14,20,0.8113623827909542,1473,1811,16.976064958514957,20.87145528843896
ZAINA-679-G_011_jpg.rf.5f57ef6c944be100b1ea7d06649ae4ae_r1c0.jpg,TP,18,22,0.7956,1993,2496,22.968973158398036,28.765959359438785
ZAINA-679-G_011_jpg.rf.5f57ef6c944be100b1ea7d06649ae4ae_r1c0.jpg,TP,6,1,0.7946004319654427,3884,4425,44.762414323742085,50.99734381631275
ZAINA-679-G_011_jpg.rf.5f57ef6c944be100b1ea7d06649ae4ae_r1c0.jpg,TP,28,15,0.7854956753160346,5931,7487,68.35372794905105,86.28635325485504
ZAINA-679-G_011_jpg.rf.5f57ef6c944be100b1ea7d06649ae4ae_r1c0.jpg,TP,32,7,0.7784431137724551,2600,3340,29.9645409994154,38.49291036078748
ZAINA-679-G_011_jpg.rf.5f57ef6c944be100b1ea7d06649ae4ae_r1c0.jpg,TP,17,19,0.7762792542641809,1973,2505,22.738476689171765,28.869682770590607
ZAINA-679-G_011_jpg.rf.5f57ef6c944be100b1ea7d06649ae4ae_r1c0.jpg,TP,15,18,0.7746904258532166,2565,3311,29.561172178269423,38.15869048040938
ZAINA-679-G_011_jpg.rf.5f57ef6c944be100b1ea7d06649ae4ae_r1c0.jpg,TP,34,6,0.7695047606000411,11702,14131,134.86348414429193,162.8572803318227
ZAINA-679-G_011_jpg.rf.5f57ef6c944be100b1ea7d06649ae4ae_r1c0.jpg,TP,10,13,0.764921640546849,2297,2996,26.472519490637374,34.52837109009559
ZAINA-679-G_011_jpg.rf.5f57ef6c944be100b1ea7d06649ae4ae_r1c0.jpg,TP,37,35,0.7573248407643313,2402,3116,27.682625954075306,35.91134990545323
ZAINA-679-G_011_jpg.rf.5f57ef6c944be100b1ea7d06649ae4ae_r1c0.jpg,TP,43,26,0.7560733613950692,27536,30871,317.3475388307317,355.7828250742126
ZAINA-679-G_011_jpg.rf.5f57ef6c944be100b1ea7d06649ae4ae_r1c0.jpg,TP,21,4,0.7293318233295584,1294,1760,14.91312155893982,20.283689291911962
ZAINA-679-G_011_jpg.rf.5f57ef6c944be100b1ea7d06649ae4ae_r1c0.jpg,FP,24,-1,0.0,0,4638,0.0,53.45213121357255
ZAINA-679-G_011_jpg.rf.5f57ef6c944be100b1ea7d06649ae4ae_r1c0.jpg,FP,26,-1,0.0,0,10216,0.0,117.7375964807799
ZAINA-679-G_011_jpg.rf.5f57ef6c944be100b1ea7d06649ae4ae_r1c0.jpg,FP,27,-1,0.0,0,8530,0.0,98.30674412500514
ZAINA-679-G_011_jpg.rf.5f57ef6c944be100b1ea7d06649ae4ae_r1c0.jpg,FP,29,-1,0.0,0,15882,0.0,183.03724621258286
ZAINA-679-G_011_jpg.rf.5f57ef6c944be100b1ea7d06649ae4ae_r1c0.jpg,FP,33,-1,0.0,0,882,0.0,10.164894292878609
ZAINA-679-G_011_jpg.rf.5f57ef6c944be100b1ea7d06649ae4ae_r1c0.jpg,FP,35,-1,0.0,0,6075,0.0,70.01330252748022
ZAINA-679-G_011_jpg.rf.5f57ef6c944be100b1ea7d06649ae4ae_r1c0.jpg,FP,38,-1,0.0,0,2353,0.0,27.11790960447094
ZAINA-679-G_011_jpg.rf.5f57ef6c944be100b1ea7d06649ae4ae_r1c0.jpg,FP,41,-1,0.0,0,8533,0.0,98.34131859538908
ZAINA-679-G_011_jpg.rf.5f57ef6c944be100b1ea7d06649ae4ae_r1c0.jpg,FP,42,-1,0.0,0,5015,0.0,57.79698965848778
ZAINA-679-G_011_jpg.rf.5f57ef6c944be100b1ea7d06649ae4ae_r1c0.jpg,FP,44,-1,0.0,0,4474,0.0,51.56206016591712
ZAINA-679-G_011_jpg.rf.5f57ef6c944be100b1ea7d06649ae4ae_r1c0.jpg,FN,-1,12,0.0,3271,0,37.697697541956835,0.0
ZAINA-679-G_011_jpg.rf.5f57ef6c944be100b1ea7d06649ae4ae_r1c1.jpg,TP,17,20,0.9235880398671097,1418,1477,16.342199668142708,17.02216425236021
ZAINA-679-G_011_jpg.rf.5f57ef6c944be100b1ea7d06649ae4ae_r1c1.jpg,TP,0,17,0.8935278336686787,5403,5890,62.26862116147747,67.8812101871372
ZAINA-679-G_011_jpg.rf.5f57ef6c944be100b1ea7d06649ae4ae_r1c1.jpg,TP,1,8,0.8893776116120519,8219,8963,94.72252402853661,103.29699268375394
ZAINA-679-G_011_jpg.rf.5f57ef6c944be100b1ea7d06649ae4ae_r1c1.jpg,TP,10,7,0.8837857939754555,4994,5137,57.5549683658002,59.20301812076804
ZAINA-679-G_011_jpg.rf.5f57ef6c944be100b1ea7d06649ae4ae_r1c1.jpg,TP,15,12,0.8783013982392542,1721,1906,19.83422117692073,21.966313517263753
ZAINA-679-G_011_jpg.rf.5f57ef6c944be100b1ea7d06649ae4ae_r1c1.jpg,TP,12,11,0.8671284634760705,1424,1541,16.41134860891059,17.75975295388428
ZAINA-679-G_011_jpg.rf.5f57ef6c944be100b1ea7d06649ae4ae_r1c1.jpg,TP,8,3,0.8561556181213207,3345,3907,38.55053447809404,45.0274852633523
ZAINA-679-G_011_jpg.rf.5f57ef6c944be100b1ea7d06649ae4ae_r1c1.jpg,TP,2,18,0.8559399440543473,32064,32957,369.53193946355975,379.82360681451286
ZAINA-679-G_011_jpg.rf.5f57ef6c944be100b1ea7d06649ae4ae_r1c1.jpg,TP,5,9,0.8385547678938944,3696,4344,42.59574751301513,50.063833115946345
ZAINA-679-G_011_jpg.rf.5f57ef6c944be100b1ea7d06649ae4ae_r1c1.jpg,TP,7,2,0.8383354350567466,3451,3838,39.77216576499329,44.232272444521655
ZAINA-679-G_011_jpg.rf.5f57ef6c944be100b1ea7d06649ae4ae_r1c1.jpg,TP,3,16,0.8356844305120167,3207,3820,36.96010884043277,44.02482562221801
ZAINA-679-G_011_jpg.rf.5f57ef6c944be100b1ea7d06649ae4ae_r1c1.jpg,TP,9,5,0.8261913557443664,4487,5400,51.711882870914195,62.234046691093525
ZAINA-679-G_011_jpg.rf.5f57ef6c944be100b1ea7d06649ae4ae_r1c1.jpg,TP,18,13,0.8094505801761499,5790,7153,66.72872784100583,82.43706221877629
ZAINA-679-G_011_jpg.rf.5f57ef6c944be100b1ea7d06649ae4ae_r1c1.jpg,TP,14,10,0.7932948490230906,3582,4495,41.28191763842537,51.804081458604706
ZAINA-679-G_011_jpg.rf.5f57ef6c944be100b1ea7d06649ae4ae_r1c1.jpg,TP,13,15,0.7741223460163968,15274,18484,176.03015354810418,213.02483685892088
ZAINA-679-G_011_jpg.rf.5f57ef6c944be100b1ea7d06649ae4ae_r1c1.jpg,TP,6,6,0.7728089887640449,3439,4450,39.633867883457526,51.28546440284559
ZAINA-679-G_011_jpg.rf.5f57ef6c944be100b1ea7d06649ae4ae_r1c1.jpg,TP,19,19,0.7667241109196302,6290,4987,72.49113957166264,57.474294601571
ZAINA-679-G_011_jpg.rf.5f57ef6c944be100b1ea7d06649ae4ae_r1c1.jpg,TP,11,0,0.7558224163027657,2108,2717,24.2943278564491,31.312945344389092
ZAINA-679-G_011_jpg.rf.5f57ef6c944be100b1ea7d06649ae4ae_r1c1.jpg,TP,23,1,0.6767337807606264,605,894,6.972518194094738,10.303192174414372
ZAINA-679-G_011_jpg.rf.5f57ef6c944be100b1ea7d06649ae4ae_r1c1.jpg,TP,21,14,0.663018978865188,58772,43048,677.3369244683238,496.1206003626285
ZAINA-679-G_011_jpg.rf.5f57ef6c944be100b1ea7d06649ae4ae_r1c1.jpg,TP,16,4,0.6295317220543807,1811,2504,20.87145528843896,28.858157947129293
ZAINA-679-G_011_jpg.rf.5f57ef6c944be100b1ea7d06649ae4ae_r1c1.jpg,FP,4,-1,0.0,0,7580,0.0,87.3581618367572
ZAINA-679-G_011_jpg.rf.5f57ef6c944be100b1ea7d06649ae4ae_r1c1.jpg,FP,20,-1,0.0,0,3619,0.0,41.708336106493974
ZAINA-679-G_011_jpg.rf.5f57ef6c944be100b1ea7d06649ae4ae_r1c1.jpg,FP,22,-1,0.0,0,7700,0.0,88.74114065211484
ZAINA-679-G_011_jpg.rf.5f57ef6c944be100b1ea7d06649ae4ae_r1c1.jpg,FP,24,-1,0.0,0,7501,0.0,86.44770078331344
ZAINA-679-G_011_jpg.rf.5f57ef6c944be100b1ea7d06649ae4ae_r1c2.jpg,TP,2,3,0.8771885942971486,3582,3923,41.28191763842537,45.21188243873331
ZAINA-679-G_011_jpg.rf.5f57ef6c944be100b1ea7d06649ae4ae_r1c2.jpg,TP,6,7,0.8691306807467472,4644,5268,53.52128015434043,60.71276999420013
ZAINA-679-G_011_jpg.rf.5f57ef6c944be100b1ea7d06649ae4ae_r1c2.jpg,TP,7,1,0.8610098693640198,22086,23358,254.53725096657251,269.19682640936344
ZAINA-679-G_011_jpg.rf.5f57ef6c944be100b1ea7d06649ae4ae_r1c2.jpg,TP,0,4,0.8569551650517326,5223,6084,60.194152938441015,70.11702593863204
ZAINA-679-G_011_jpg.rf.5f57ef6c944be100b1ea7d06649ae4ae_r1c2.jpg,TP,9,5,0.8370936502120085,16874,18220,194.46987108620596,209.9822834651341
ZAINA-679-G_011_jpg.rf.5f57ef6c944be100b1ea7d06649ae4ae_r1c2.jpg,TP,8,6,0.7607380989300667,5679,5676,65.44947243680002,65.41489796641608
ZAINA-679-G_011_jpg.rf.5f57ef6c944be100b1ea7d06649ae4ae_r1c2.jpg,TP,5,0,0.6701721662514879,76565,59539,882.398108315477,686.1764640631513
ZAINA-679-G_011_jpg.rf.5f57ef6c944be100b1ea7d06649ae4ae_r1c2.jpg,FP,1,-1,0.0,0,16043,0.0,184.89274278985434
ZAINA-679-G_011_jpg.rf.5f57ef6c944be100b1ea7d06649ae4ae_r1c2.jpg,FP,3,-1,0.0,0,3481,0.0,40.1179104688327
ZAINA-679-G_011_jpg.rf.5f57ef6c944be100b1ea7d06649ae4ae_r1c2.jpg,FP,4,-1,0.0,0,6534,0.0,75.30319649622317
ZAINA-679-G_011_jpg.rf.5f57ef6c944be100b1ea7d06649ae4ae_r1c2.jpg,FP,10,-1,0.0,0,10078,0.0,116.14717084311862
ZAINA-679-G_011_jpg.rf.5f57ef6c944be100b1ea7d06649ae4ae_r1c2.jpg,FP,11,-1,0.0,0,6600,0.0,76.06383484466987
ZAINA-679-G_011_jpg.rf.5f57ef6c944be100b1ea7d06649ae4ae_r1c2.jpg,FP,12,-1,0.0,0,1184,0.0,13.645390978195321
ZAINA-679-G_011_jpg.rf.5f57ef6c944be100b1ea7d06649ae4ae_r1c2.jpg,FP,13,-1,0.0,0,16437,0.0,189.4335232336119
ZAINA-679-G_011_jpg.rf.5f57ef6c944be100b1ea7d06649ae4ae_r1c2.jpg,FP,14,-1,0.0,0,6376,0.0,73.48227438933561
ZAINA-679-G_011_jpg.rf.5f57ef6c944be100b1ea7d06649ae4ae_r1c2.jpg,FN,-1,2,0.0,43635,0,502.88567173441965,0.0
ZAINA-679-G_011_jpg.rf.5f57ef6c944be100b1ea7d06649ae4ae_r2c0.jpg,TP,0,5,0.9098039215686274,4072,4207,46.929081134469044,48.48493230174638
ZAINA-679-G_011_jpg.rf.5f57ef6c944be100b1ea7d06649ae4ae_r2c0.jpg,TP,1,4,0.8733717702327568,4415,4358,50.882095581699616,50.22518064440474
ZAINA-679-G_011_jpg.rf.5f57ef6c944be100b1ea7d06649ae4ae_r2c0.jpg,TP,7,1,0.8305666857469949,2920,3476,33.65248450703576,40.06028635152613
ZAINA-679-G_011_jpg.rf.5f57ef6c944be100b1ea7d06649ae4ae_r2c0.jpg,TP,3,0,0.8264791316312491,5508,6439,63.47872762491539,74.20833826739837
ZAINA-679-G_011_jpg.rf.5f57ef6c944be100b1ea7d06649ae4ae_r2c0.jpg,TP,6,3,0.8233183856502242,943,1090,10.86790852401874,12.562057572831842
ZAINA-679-G_011_jpg.rf.5f57ef6c944be100b1ea7d06649ae4ae_r2c0.jpg,TP,5,2,0.8221985626829917,3108,3738,35.81915131776272,43.0797900983903
ZAINA-679-G_011_jpg.rf.5f57ef6c944be100b1ea7d06649ae4ae_r2c0.jpg,TP,4,6,0.8061309030654515,2961,3579,34.125002268949615,41.24734316804143
ZAINA-679-G_011_jpg.rf.5f57ef6c944be100b1ea7d06649ae4ae_r2c0.jpg,TP,2,7,0.7505343148895749,6468,8275,74.54255814777646,95.36791414237017
ZAINA-679-G_011_jpg.rf.5f57ef6c944be100b1ea7d06649ae4ae_r2c1.jpg,TP,9,0,0.915891472868217,2363,2580,27.233157839084075,29.734044530189127
ZAINA-679-G_011_jpg.rf.5f57ef6c944be100b1ea7d06649ae4ae_r2c1.jpg,TP,2,6,0.9008953380673047,5924,6390,68.27305418482186,73.64362191779401
ZAINA-679-G_011_jpg.rf.5f57ef6c944be100b1ea7d06649ae4ae_r2c1.jpg,TP,7,9,0.8922120225051822,3031,3359,34.93173991124157,38.711882006552436
ZAINA-679-G_011_jpg.rf.5f57ef6c944be100b1ea7d06649ae4ae_r2c1.jpg,TP,8,11,0.8786487758945386,23393,24490,269.6001952305094,282.24292656757046
ZAINA-679-G_011_jpg.rf.5f57ef6c944be100b1ea7d06649ae4ae_r2c1.jpg,TP,14,7,0.8503236245954693,3153,3708,36.33776837352183,42.73404539455089
ZAINA-679-G_011_jpg.rf.5f57ef6c944be100b1ea7d06649ae4ae_r2c1.jpg,TP,0,3,0.8496422869981671,15291,15992,176.2260755469465,184.30497679332734
ZAINA-679-G_011_jpg.rf.5f57ef6c944be100b1ea7d06649ae4ae_r2c1.jpg,TP,1,5,0.847151720248167,3046,3504,35.10461226316127,40.38298140844291
ZAINA-679-G_011_jpg.rf.5f57ef6c944be100b1ea7d06649ae4ae_r2c1.jpg,TP,3,2,0.8390064397424103,2743,3254,31.61259075438325,37.501775543114505
ZAINA-679-G_011_jpg.rf.5f57ef6c944be100b1ea7d06649ae4ae_r2c1.jpg,TP,15,4,0.8239462022055034,33042,37749,380.80321680872447,435.05056084112766
ZAINA-679-G_011_jpg.rf.5f57ef6c944be100b1ea7d06649ae4ae_r2c1.jpg,TP,4,10,0.8183683321264784,7198,7869,82.95567927453541,90.68883581707684
ZAINA-679-G_011_jpg.rf.5f57ef6c944be100b1ea7d06649ae4ae_r2c1.jpg,TP,5,8,0.8039895923677364,3708,4612,42.73404539455089,53.152485803578394
ZAINA-679-G_011_jpg.rf.5f57ef6c944be100b1ea7d06649ae4ae_r2c1.jpg,TP,18,12,0.7034730086825217,3731,5294,42.9991163341611,61.01241540419428
ZAINA-679-G_011_jpg.rf.5f57ef6c944be100b1ea7d06649ae4ae_r2c1.jpg,TP,12,1,0.5698854337152209,5841,3751,67.31649383753283,43.229612803387376
ZAINA-679-G_011_jpg.rf.5f57ef6c944be100b1ea7d06649ae4ae_r2c1.jpg,TP,11,13,0.5584265810553876,29917,20082,344.78814349211945,231.44150475010002
ZAINA-679-G_011_jpg.rf.5f57ef6c944be100b1ea7d06649ae4ae_r2c1.jpg,FP,6,-1,0.0,0,23957,0.0,276.1001956626903
ZAINA-679-G_011_jpg.rf.5f57ef6c944be100b1ea7d06649ae4ae_r2c1.jpg,FP,10,-1,0.0,0,8267,0.0,95.27571555467966
ZAINA-679-G_011_jpg.rf.5f57ef6c944be100b1ea7d06649ae4ae_r2c1.jpg,FP,13,-1,0.0,0,9118,0.0,105.08334032025755
ZAINA-679-G_011_jpg.rf.5f57ef6c944be100b1ea7d06649ae4ae_r2c1.jpg,FP,16,-1,0.0,0,9724,0.0,112.0673833378136
ZAINA-679-G_011_jpg.rf.5f57ef6c944be100b1ea7d06649ae4ae_r2c1.jpg,FP,17,-1,0.0,0,1181,0.0,13.61081650781138
ZAINA-679-G_011_jpg.rf.5f57ef6c944be100b1ea7d06649ae4ae_r2c2.jpg,TP,37,13,0.9039478322171308,5248,5555,60.482273524973856,64.02039432759713
ZAINA-679-G_011_jpg.rf.5f57ef6c944be100b1ea7d06649ae4ae_r2c2.jpg,TP,7,11,0.9010351966873706,6540,7233,75.37234543699105,83.35904809568139
ZAINA-679-G_011_jpg.rf.5f57ef6c944be100b1ea7d06649ae4ae_r2c2.jpg,TP,31,1,0.8980958359489433,13602,13611,156.7606487207878,156.86437213193963
ZAINA-679-G_011_jpg.rf.5f57ef6c944be100b1ea7d06649ae4ae_r2c2.jpg,TP,10,5,0.8863438803894298,21557,21844,248.44061935553762,251.74824368893462
ZAINA-679-G_011_jpg.rf.5f57ef6c944be100b1ea7d06649ae4ae_r2c2.jpg,TP,12,17,0.8804744525547445,7832,8656,90.26241734900825,99.75887188113066
ZAINA-679-G_011_jpg.rf.5f57ef6c944be100b1ea7d06649ae4ae_r2c2.jpg,TP,2,14,0.8797510557901755,4007,4450,46.17996760948366,51.28546440284559
ZAINA-679-G_011_jpg.rf.5f57ef6c944be100b1ea7d06649ae4ae_r2c2.jpg,TP,5,15,0.8775055679287305,7498,8519,86.41312631292949,98.17997106693069
ZAINA-679-G_011_jpg.rf.5f57ef6c944be100b1ea7d06649ae4ae_r2c2.jpg,TP,16,23,0.8773553162853297,5256,5903,60.57447211266437,68.03103289213428
ZAINA-679-G_011_jpg.rf.5f57ef6c944be100b1ea7d06649ae4ae_r2c2.jpg,TP,4,24,0.8707023740331739,20426,21416,235.4060440207919,246.8156192474924
ZAINA-679-G_011_jpg.rf.5f57ef6c944be100b1ea7d06649ae4ae_r2c2.jpg,TP,35,12,0.8698119900673997,4933,5609,56.85195413466007,64.64273479450807
ZAINA-679-G_011_jpg.rf.5f57ef6c944be100b1ea7d06649ae4ae_r2c2.jpg,TP,9,25,0.8645345813832553,3369,3802,38.82713024116557,43.817378799914366
ZAINA-679-G_011_jpg.rf.5f57ef6c944be100b1ea7d06649ae4ae_r2c2.jpg,TP,21,6,0.8553814002089865,4093,4785,47.171102427156626,55.14628026238565
ZAINA-679-G_011_jpg.rf.5f57ef6c944be100b1ea7d06649ae4ae_r2c2.jpg,TP,6,19,0.846382556987116,887,976,10.222518410185177,11.24822769824209
ZAINA-679-G_011_jpg.rf.5f57ef6c944be100b1ea7d06649ae4ae_r2c2.jpg,TP,11,27,0.8411246271907777,26483,28458,305.21189972596846,327.97342606206286
ZAINA-679-G_011_jpg.rf.5f57ef6c944be100b1ea7d06649ae4ae_r2c2.jpg,TP,17,2,0.8393791125358528,4975,5927,57.33599672003524,68.3076286552058
ZAINA-679-G_011_jpg.rf.5f57ef6c944be100b1ea7d06649ae4ae_r2c2.jpg,TP,0,3,0.8337945629171415,5122,6143,59.03014576884834,70.79699052284954
ZAINA-679-G_011_jpg.rf.5f57ef6c944be100b1ea7d06649ae4ae_r2c2.jpg,TP,8,16,0.8286272594040058,17344,20088,199.88653811302336,231.5106536908679
ZAINA-679-G_011_jpg.rf.5f57ef6c944be100b1ea7d06649ae4ae_r2c2.jpg,TP,1,0,0.8272287491361437,3604,4328,41.53546375457427,49.87943594056533
ZAINA-679-G_011_jpg.rf.5f57ef6c944be100b1ea7d06649ae4ae_r2c2.jpg,TP,22,20,0.8244365361803084,744,794,8.57446865521733,9.150709828283011
ZAINA-679-G_011_jpg.rf.5f57ef6c944be100b1ea7d06649ae4ae_r2c2.jpg,TP,19,7,0.8243296144059503,8672,9969,99.94326905651168,114.89096508583543
ZAINA-679-G_011_jpg.rf.5f57ef6c944be100b1ea7d06649ae4ae_r2c2.jpg,TP,3,4,0.816989247311828,3801,4648,43.80585397645305,53.56737944818568
ZAINA-679-G_011_jpg.rf.5f57ef6c944be100b1ea7d06649ae4ae_r2c2.jpg,TP,13,18,0.8109345542687854,3034,3690,34.96631438162551,42.526598572247245
ZAINA-679-G_011_jpg.rf.5f57ef6c944be100b1ea7d06649ae4ae_r2c2.jpg,TP,38,8,0.7916556641140745,3787,2998,43.644506447994665,34.55142073701822
ZAINA-679-G_011_jpg.rf.5f57ef6c944be100b1ea7d06649ae4ae_r2c2.jpg,TP,26,28,0.7332170880557978,842,1146,9.703901354426064,13.207447686665404
ZAINA-679-G_011_jpg.rf.5f57ef6c944be100b1ea7d06649ae4ae_r2c2.jpg,TP,20,26,0.7164823992883467,33146,34389,382.0017984487011,396.3271540111139
ZAINA-679-G_011_jpg.rf.5f57ef6c944be100b1ea7d06649ae4ae_r2c2.jpg,TP,39,21,0.5053575962759205,49966,38963,575.8493290679961,449.0416965231624
ZAINA-679-G_011_jpg.rf.5f57ef6c944be100b1ea7d06649ae4ae_r2c2.jpg,FP,14,-1,0.0,0,7669,0.0,88.38387112481412
ZAINA-679-G_011_jpg.rf.5f57ef6c944be100b1ea7d06649ae4ae_r2c2.jpg,FP,15,-1,0.0,0,8001,0.0,92.21011251397024
ZAINA-679-G_011_jpg.rf.5f57ef6c944be100b1ea7d06649ae4ae_r2c2.jpg,FP,18,-1,0.0,0,8970,0.0,103.37766644798313
ZAINA-679-G_011_jpg.rf.5f57ef6c944be100b1ea7d06649ae4ae_r2c2.jpg,FP,23,-1,0.0,0,5706,0.0,65.76064267025549
ZAINA-679-G_011_jpg.rf.5f57ef6c944be100b1ea7d06649ae4ae_r2c2.jpg,FP,24,-1,0.0,0,7023,0.0,80.93883516880553
ZAINA-679-G_011_jpg.rf.5f57ef6c944be100b1ea7d06649ae4ae_r2c2.jpg,FP,25,-1,0.0,0,12789,0.0,147.39096724673982
ZAINA-679-G_011_jpg.rf.5f57ef6c944be100b1ea7d06649ae4ae_r2c2.jpg,FP,27,-1,0.0,0,11639,0.0,134.13742026622919
ZAINA-679-G_011_jpg.rf.5f57ef6c944be100b1ea7d06649ae4ae_r2c2.jpg,FP,28,-1,0.0,0,5656,0.0,65.18440149718981
ZAINA-679-G_011_jpg.rf.5f57ef6c944be100b1ea7d06649ae4ae_r2c2.jpg,FP,29,-1,0.0,0,13737,0.0,158.31649988806515
ZAINA-679-G_011_jpg.rf.5f57ef6c944be100b1ea7d06649ae4ae_r2c2.jpg,FP,30,-1,0.0,0,1024,0.0,11.801419224385143
ZAINA-679-G_011_jpg.rf.5f57ef6c944be100b1ea7d06649ae4ae_r2c2.jpg,FP,32,-1,0.0,0,7867,0.0,90.66578617015422
ZAINA-679-G_011_jpg.rf.5f57ef6c944be100b1ea7d06649ae4ae_r2c2.jpg,FP,33,-1,0.0,0,6041,0.0,69.62145852979555
ZAINA-679-G_011_jpg.rf.5f57ef6c944be100b1ea7d06649ae4ae_r2c2.jpg,FP,34,-1,0.0,0,34970,0.0,403.02307644213715
ZAINA-679-G_011_jpg.rf.5f57ef6c944be100b1ea7d06649ae4ae_r2c2.jpg,FP,36,-1,0.0,0,5999,0.0,69.13741594442038
ZAINA-679-G_011_jpg.rf.5f57ef6c944be100b1ea7d06649ae4ae_r2c2.jpg,FN,-1,9,0.0,14371,0,165.62323796253798,0.0
ZAINA-679-G_011_jpg.rf.5f57ef6c944be100b1ea7d06649ae4ae_r2c2.jpg,FN,-1,10,0.0,14360,0,165.49646490446352,0.0
ZAINA-679-G_011_jpg.rf.5f57ef6c944be100b1ea7d06649ae4ae_r2c2.jpg,FN,-1,22,0.0,14773,0,170.25621699398604,0.0
ZAINA-679-G_012_jpg.rf.435fdf30ec5d45e87c3d9429f66f572f_r0c0.jpg,TP,0,0,0.5692745518997454,37979,24883,437.70127023722983,286.7721821878667
ZAINA-679-G_012_jpg.rf.435fdf30ec5d45e87c3d9429f66f572f_r0c0.jpg,FP,1,-1,0.0,0,20820,0.0,239.94682446454948
ZAINA-679-G_012_jpg.rf.435fdf30ec5d45e87c3d9429f66f572f_r0c1.jpg,TP,5,5,0.8711532129378688,38108,35767,439.18797246373924,412.2083607408041
ZAINA-679-G_012_jpg.rf.435fdf30ec5d45e87c3d9429f66f572f_r0c1.jpg,TP,0,0,0.8669784497648341,32690,37570,376.7464789503421,432.9876174415526
ZAINA-679-G_012_jpg.rf.435fdf30ec5d45e87c3d9429f66f572f_r0c1.jpg,TP,9,8,0.8608406955151652,16861,16208,194.32004838120886,186.79433866097108
ZAINA-679-G_012_jpg.rf.435fdf30ec5d45e87c3d9429f66f572f_r0c1.jpg,TP,1,7,0.8427260812581914,6362,6292,73.32092686087722,72.51418921858527
ZAINA-679-G_012_jpg.rf.435fdf30ec5d45e87c3d9429f66f572f_r0c1.jpg,TP,8,1,0.8121729118693741,15519,19108,178.853735296126,220.21632669878056
ZAINA-679-G_012_jpg.rf.435fdf30ec5d45e87c3d9429f66f572f_r0c1.jpg,TP,2,6,0.7613517106275799,11036,14139,127.18795171905707,162.9494789195132
ZAINA-679-G_012_jpg.rf.435fdf30ec5d45e87c3d9429f66f572f_r0c1.jpg,FP,3,-1,0.0,0,27018,0.0,311.3776802777713
ZAINA-679-G_012_jpg.rf.435fdf30ec5d45e87c3d9429f66f572f_r0c1.jpg,FP,4,-1,0.0,0,10187,0.0,117.4033766004018
ZAINA-679-G_012_jpg.rf.435fdf30ec5d45e87c3d9429f66f572f_r0c1.jpg,FP,6,-1,0.0,0,27216,0.0,313.6595953231114
ZAINA-679-G_012_jpg.rf.435fdf30ec5d45e87c3d9429f66f572f_r0c1.jpg,FP,7,-1,0.0,0,36372,0.0,419.18087893489883
ZAINA-679-G_012_jpg.rf.435fdf30ec5d45e87c3d9429f66f572f_r0c1.jpg,FN,-1,2,0.0,11159,0,128.60550500479863,0.0
ZAINA-679-G_012_jpg.rf.435fdf30ec5d45e87c3d9429f66f572f_r0c1.jpg,FN,-1,3,0.0,27127,0,312.63388603505445,0.0
ZAINA-679-G_012_jpg.rf.435fdf30ec5d45e87c3d9429f66f572f_r0c1.jpg,FN,-1,4,0.0,6496,0,74.86525320469325,0.0
ZAINA-679-G_012_jpg.rf.435fdf30ec5d45e87c3d9429f66f572f_r0c2.jpg,TP,3,8,0.9192844577459962,41125,42884,473.95836484652244,494.2305293149731
ZAINA-679-G_012_jpg.rf.435fdf30ec5d45e87c3d9429f66f572f_r0c2.jpg,TP,0,0,0.9092602543435429,26899,26398,310.00622628587496,304.23228973175685
ZAINA-679-G_012_jpg.rf.435fdf30ec5d45e87c3d9429f66f572f_r0c2.jpg,TP,11,1,0.8885277868053298,8202,9231,94.52660202969427,106.38564537138599
ZAINA-679-G_012_jpg.rf.435fdf30ec5d45e87c3d9429f66f572f_r0c2.jpg,TP,6,5,0.8874204601076848,22304,20112,257.0496624811389,231.78724945393944
ZAINA-679-G_012_jpg.rf.435fdf30ec5d45e87c3d9429f66f572f_r0c2.jpg,TP,10,2,0.8599321522804373,11490,13182,132.42022157049345,151.92022286703607
ZAINA-679-G_012_jpg.rf.435fdf30ec5d45e87c3d9429f66f572f_r0c2.jpg,TP,8,9,0.7837987282278132,8505,10851,98.0186235384723,125.05585937871405
ZAINA-679-G_012_jpg.rf.435fdf30ec5d45e87c3d9429f66f572f_r0c2.jpg,TP,13,6,0.7220464824449034,37998,27872,437.9202418829948,321.2198795137331
ZAINA-679-G_012_jpg.rf.435fdf30ec5d45e87c3d9429f66f572f_r0c2.jpg,TP,12,4,0.7139909203466777,1743,2410,20.087767293069632,27.774824541765813
ZAINA-679-G_012_jpg.rf.435fdf30ec5d45e87c3d9429f66f572f_r0c2.jpg,TP,2,3,0.5888029693782865,15099,10584,174.0133094423743,121.97873151454331
ZAINA-679-G_012_jpg.rf.435fdf30ec5d45e87c3d9429f66f572f_r0c2.jpg,TP,4,10,0.570636717162923,31056,23065,357.91491741455565,265.8200531351985
ZAINA-679-G_012_jpg.rf.435fdf30ec5d45e87c3d9429f66f572f_r0c2.jpg,TP,15,11,0.5115467929654514,15526,25644,178.9344090603552,295.54257284192636
ZAINA-679-G_012_jpg.rf.435fdf30ec5d45e87c3d9429f66f572f_r0c2.jpg,FP,1,-1,0.0,0,4662,0.0,53.728726976644076
ZAINA-679-G_012_jpg.rf.435fdf30ec5d45e87c3d9429f66f572f_r0c2.jpg,FP,5,-1,0.0,0,6042,0.0,69.63298335325686
ZAINA-679-G_012_jpg.rf.435fdf30ec5d45e87c3d9429f66f572f_r0c2.jpg,FP,7,-1,0.0,0,6265,0.0,72.2030189851298
ZAINA-679-G_012_jpg.rf.435fdf30ec5d45e87c3d9429f66f572f_r0c2.jpg,FP,9,-1,0.0,0,14597,0.0,168.22784806479484
ZAINA-679-G_012_jpg.rf.435fdf30ec5d45e87c3d9429f66f572f_r0c2.jpg,FP,14,-1,0.0,0,16644,0.0,191.8191616901038
ZAINA-679-G_012_jpg.rf.435fdf30ec5d45e87c3d9429f66f572f_r0c2.jpg,FP,16,-1,0.0,0,12892,0.0,148.57802406325513
ZAINA-679-G_012_jpg.rf.435fdf30ec5d45e87c3d9429f66f572f_r0c2.jpg,FP,17,-1,0.0,0,6428,0.0,74.08156520932393
ZAINA-679-G_012_jpg.rf.435fdf30ec5d45e87c3d9429f66f572f_r0c2.jpg,FP,18,-1,0.0,0,11872,0.0,136.82270413271524
ZAINA-679-G_012_jpg.rf.435fdf30ec5d45e87c3d9429f66f572f_r0c2.jpg,FP,19,-1,0.0,0,11819,0.0,136.21188848926562
ZAINA-679-G_012_jpg.rf.435fdf30ec5d45e87c3d9429f66f572f_r0c2.jpg,FN,-1,7,0.0,80062,0,922.7004159596908,0.0
ZAINA-679-G_012_jpg.rf.435fdf30ec5d45e87c3d9429f66f572f_r0c2.jpg,FN,-1,12,0.0,73057,0,841.9690276131888,0.0
ZAINA-679-G_012_jpg.rf.435fdf30ec5d45e87c3d9429f66f572f_r0c2.jpg,FN,-1,13,0.0,10955,0,126.25444101869066,0.0
ZAINA-679-G_012_jpg.rf.435fdf30ec5d45e87c3d9429f66f572f_r1c0.jpg,TP,4,10,0.9161530852925511,12570,12614,144.86703090871214,145.37412314100996
ZAINA-679-G_012_jpg.rf.435fdf30ec5d45e87c3d9429f66f572f_r1c0.jpg,TP,3,11,0.887894545894304,7367,8244,84.90337443949741,95.01064461506945
ZAINA-679-G_012_jpg.rf.435fdf30ec5d45e87c3d9429f66f572f_r1c0.jpg,TP,8,3,0.8564783144068956,6761,6808,77.91933142194135,78.4609981246231
ZAINA-679-G_012_jpg.rf.435fdf30ec5d45e87c3d9429f66f572f_r1c0.jpg,TP,0,1,0.8424497780452939,11201,13287,129.08954759017382,153.130329330474
ZAINA-679-G_012_jpg.rf.435fdf30ec5d45e87c3d9429f66f572f_r1c0.jpg,TP,2,6,0.8316295850871919,8303,9973,95.69060919928695,114.93706437968069
ZAINA-679-G_012_jpg.rf.435fdf30ec5d45e87c3d9429f66f572f_r1c0.jpg,TP,5,4,0.825859610204405,10476,12570,120.73405058072144,144.86703090871214
ZAINA-679-G_012_jpg.rf.435fdf30ec5d45e87c3d9429f66f572f_r1c0.jpg,TP,1,0,0.7233304739829534,39632,54791,456.7518034187812,631.4566022688343
ZAINA-679-G_012_jpg.rf.435fdf30ec5d45e87c3d9429f66f572f_r1c0.jpg,TP,6,5,0.6431778098444765,11405,9092,131.44061157628178,104.78369491026339
ZAINA-679-G_012_jpg.rf.435fdf30ec5d45e87c3d9429f66f572f_r1c0.jpg,FP,7,-1,0.0,0,3667,0.0,42.261527632637026
ZAINA-679-G_012_jpg.rf.435fdf30ec5d45e87c3d9429f66f572f_r1c0.jpg,FP,9,-1,0.0,0,30998,0.0,357.24647765379945
ZAINA-679-G_012_jpg.rf.435fdf30ec5d45e87c3d9429f66f572f_r1c0.jpg,FP,10,-1,0.0,0,4333,0.0,49.937060057871896
ZAINA-679-G_012_jpg.rf.435fdf30ec5d45e87c3d9429f66f572f_r1c0.jpg,FN,-1,2,0.0,8426,0,97.10816248502853,0.0
ZAINA-679-G_012_jpg.rf.435fdf30ec5d45e87c3d9429f66f572f_r1c0.jpg,FN,-1,7,0.0,6922,0,79.77482799921285,0.0
ZAINA-679-G_012_jpg.rf.435fdf30ec5d45e87c3d9429f66f572f_r1c0.jpg,FN,-1,8,0.0,17320,0,199.60994234995184,0.0
ZAINA-679-G_012_jpg.rf.435fdf30ec5d45e87c3d9429f66f572f_r1c0.jpg,FN,-1,9,0.0,26581,0,306.3413324251772,0.0
ZAINA-679-G_012_jpg.rf.435fdf30ec5d45e87c3d9429f66f572f_r1c0.jpg,FN,-1,12,0.0,12362,0,142.46986762875892,0.0
ZAINA-679-G_012_jpg.rf.435fdf30ec5d45e87c3d9429f66f572f_r1c0.jpg,FN,-1,13,0.0,13733,0,158.2704005942199,0.0
ZAINA-679-G_012_jpg.rf.435fdf30ec5d45e87c3d9429f66f572f_r1c1.jpg,TP,5,7,0.9204961606615476,8228,8029,94.82624743968843,92.53280757088702
ZAINA-679-G_012_jpg.rf.435fdf30ec5d45e87c3d9429f66f572f_r1c1.jpg,TP,12,16,0.9145907473309609,4727,4957,54.47784050162946,57.128549897731595
ZAINA-679-G_012_jpg.rf.435fdf30ec5d45e87c3d9429f66f572f_r1c1.jpg,TP,13,18,0.895609756097561,5508,6150,63.47872762491539,70.87766428707874
ZAINA-679-G_012_jpg.rf.435fdf30ec5d45e87c3d9429f66f572f_r1c1.jpg,TP,11,3,0.8853907760287213,3258,3569,37.54787483695976,41.13209493342829
ZAINA-679-G_012_jpg.rf.435fdf30ec5d45e87c3d9429f66f572f_r1c1.jpg,TP,0,4,0.8682401040698755,4779,5274,55.07713132161777,60.78191893496801
ZAINA-679-G_012_jpg.rf.435fdf30ec5d45e87c3d9429f66f572f_r1c1.jpg,TP,14,12,0.8551010204981914,29235,33844,336.92821389150356,390.046125224698
ZAINA-679-G_012_jpg.rf.435fdf30ec5d45e87c3d9429f66f572f_r1c1.jpg,TP,3,8,0.8496332518337408,3475,4090,40.048761528064816,47.13652795677269
ZAINA-679-G_012_jpg.rf.435fdf30ec5d45e87c3d9429f66f572f_r1c1.jpg,TP,1,9,0.838589725933067,12857,13843,148.17465524210917,159.53813117496438
ZAINA-679-G_012_jpg.rf.435fdf30ec5d45e87c3d9429f66f572f_r1c1.jpg,TP,2,23,0.8196954154501697,11463,11598,132.10905133703798,133.6649025043153
ZAINA-679-G_012_jpg.rf.435fdf30ec5d45e87c3d9429f66f572f_r1c1.jpg,TP,16,14,0.8187891440501044,4000,4712,46.099293845254465,54.30496814970976
ZAINA-679-G_012_jpg.rf.435fdf30ec5d45e87c3d9429f66f572f_r1c1.jpg,TP,8,6,0.8083977900552486,3663,4520,42.215428338791774,52.09220204513754
ZAINA-679-G_012_jpg.rf.435fdf30ec5d45e87c3d9429f66f572f_r1c1.jpg,TP,15,20,0.7915817475811469,37598,45913,433.31031249846933,529.139219579292
ZAINA-679-G_012_jpg.rf.435fdf30ec5d45e87c3d9429f66f572f_r1c1.jpg,TP,10,13,0.785751095078588,18702,22881,215.53724837348724,263.6994856183168
ZAINA-679-G_012_jpg.rf.435fdf30ec5d45e87c3d9429f66f572f_r1c1.jpg,TP,7,5,0.7159199237368923,3755,5245,43.27571209723263,60.44769905458991
ZAINA-679-G_012_jpg.rf.435fdf30ec5d45e87c3d9429f66f572f_r1c1.jpg,TP,6,1,0.7004025574236324,19391,16513,223.47785173833233,190.30940981667175
ZAINA-679-G_012_jpg.rf.435fdf30ec5d45e87c3d9429f66f572f_r1c1.jpg,TP,17,21,0.6753040719196193,5126,7546,59.076245062693594,86.96631783907254
ZAINA-679-G_012_jpg.rf.435fdf30ec5d45e87c3d9429f66f572f_r1c1.jpg,TP,9,19,0.6725525837444819,5237,7645,60.35550046689941,88.1072753617426
ZAINA-679-G_012_jpg.rf.435fdf30ec5d45e87c3d9429f66f572f_r1c1.jpg,TP,4,10,0.6436147028911812,6526,4787,75.21099790853266,55.16932990930828
ZAINA-679-G_012_jpg.rf.435fdf30ec5d45e87c3d9429f66f572f_r1c1.jpg,FN,-1,0,0.0,2131,0,24.559398796059316,0.0
ZAINA-679-G_012_jpg.rf.435fdf30ec5d45e87c3d9429f66f572f_r1c1.jpg,FN,-1,2,0.0,1236,0,14.24468179818363,0.0
ZAINA-679-G_012_jpg.rf.435fdf30ec5d45e87c3d9429f66f572f_r1c1.jpg,FN,-1,11,0.0,6563,0,75.63741637660127,0.0
ZAINA-679-G_012_jpg.rf.435fdf30ec5d45e87c3d9429f66f572f_r1c1.jpg,FN,-1,15,0.0,6448,0,74.3120616785502,0.0
ZAINA-679-G_012_jpg.rf.435fdf30ec5d45e87c3d9429f66f572f_r1c1.jpg,FN,-1,17,0.0,9553,0,110.09663852592897,0.0
ZAINA-679-G_012_jpg.rf.435fdf30ec5d45e87c3d9429f66f572f_r1c1.jpg,FN,-1,22,0.0,2831,0,32.62677521897885,0.0
ZAINA-679-G_012_jpg.rf.435fdf30ec5d45e87c3d9429f66f572f_r1c1.jpg,FN,-1,24,0.0,3925,0,45.23493208565594,0.0
ZAINA-679-G_012_jpg.rf.435fdf30ec5d45e87c3d9429f66f572f_r1c1.jpg,FN,-1,25,0.0,1435,0,16.538121666985038,0.0
ZAINA-679-G_012_jpg.rf.435fdf30ec5d45e87c3d9429f66f572f_r1c1.jpg,FN,-1,26,0.0,1460,0,16.82624225351788,0.0
ZAINA-679-G_012_jpg.rf.435fdf30ec5d45e87c3d9429f66f572f_r1c2.jpg,TP,0,6,0.9189147286821705,6099,6278,70.28989829055175,72.35284169012688
ZAINA-679-G_012_jpg.rf.435fdf30ec5d45e87c3d9429f66f572f_r1c2.jpg,TP,3,0,0.9032802882450083,24703,26008,284.69771396483026,299.73760858184454
ZAINA-679-G_012_jpg.rf.435fdf30ec5d45e87c3d9429f66f572f_r1c2.jpg,TP,4,3,0.7297936371453139,37784,34639,435.45392966227365,399.20835987644233
ZAINA-679-G_012_jpg.rf.435fdf30ec5d45e87c3d9429f66f572f_r1c2.jpg,FP,1,-1,0.0,0,2461,0.0,28.362590538292807
ZAINA-679-G_012_jpg.rf.435fdf30ec5d45e87c3d9429f66f572f_r1c2.jpg,FP,2,-1,0.0,0,5947,0.0,68.53812512443207
ZAINA-679-G_012_jpg.rf.435fdf30ec5d45e87c3d9429f66f572f_r1c2.jpg,FN,-1,1,0.0,5908,0,68.08865700944084,0.0
ZAINA-679-G_012_jpg.rf.435fdf30ec5d45e87c3d9429f66f572f_r1c2.jpg,FN,-1,2,0.0,11729,0,135.1746543777474,0.0
ZAINA-679-G_012_jpg.rf.435fdf30ec5d45e87c3d9429f66f572f_r1c2.jpg,FN,-1,4,0.0,13153,0,151.586002986658,0.0
ZAINA-679-G_012_jpg.rf.435fdf30ec5d45e87c3d9429f66f572f_r1c2.jpg,FN,-1,5,0.0,19785,0,228.0186321820899,0.0
ZAINA-679-G_012_jpg.rf.435fdf30ec5d45e87c3d9429f66f572f_r1c2.jpg,FN,-1,7,0.0,3231,0,37.23670460350429,0.0
ZAINA-679-G_012_jpg.rf.435fdf30ec5d45e87c3d9429f66f572f_r2c0.jpg,TP,3,0,0.7981515450825455,26473,24501,305.0966514913554,282.3696996256449
ZAINA-679-G_012_jpg.rf.435fdf30ec5d45e87c3d9429f66f572f_r2c0.jpg,TP,2,5,0.797693325770467,4341,5167,50.02925864556241,59.54876282460745
ZAINA-679-G_012_jpg.rf.435fdf30ec5d45e87c3d9429f66f572f_r2c0.jpg,TP,1,3,0.7832988267770876,5675,7245,65.40337314295476,83.49734597721715
ZAINA-679-G_012_jpg.rf.435fdf30ec5d45e87c3d9429f66f572f_r2c0.jpg,TP,7,4,0.7521203211579781,6744,8750,77.72340942309903,100.84220528649413
ZAINA-679-G_012_jpg.rf.435fdf30ec5d45e87c3d9429f66f572f_r2c0.jpg,TP,0,2,0.7446360866992483,43904,35702,505.985849245513,411.4592472158187
ZAINA-679-G_012_jpg.rf.435fdf30ec5d45e87c3d9429f66f572f_r2c0.jpg,FP,4,-1,0.0,0,5018,0.0,57.831564128871726
ZAINA-679-G_012_jpg.rf.435fdf30ec5d45e87c3d9429f66f572f_r2c0.jpg,FP,5,-1,0.0,0,8204,0.0,94.5496516766169
ZAINA-679-G_012_jpg.rf.435fdf30ec5d45e87c3d9429f66f572f_r2c0.jpg,FP,6,-1,0.0,0,756,0.0,8.712766536753094
ZAINA-679-G_012_jpg.rf.435fdf30ec5d45e87c3d9429f66f572f_r2c0.jpg,FN,-1,1,0.0,9256,0,106.67376595791883,0.0
ZAINA-679-G_012_jpg.rf.435fdf30ec5d45e87c3d9429f66f572f_r2c1.jpg,TP,3,6,0.8984863441921684,5510,6029,63.50177727183802,69.48316064825978
ZAINA-679-G_012_jpg.rf.435fdf30ec5d45e87c3d9429f66f572f_r2c1.jpg,TP,0,3,0.8800628203008761,10705,12040,123.37323515336226,138.75887447421593
ZAINA-679-G_012_jpg.rf.435fdf30ec5d45e87c3d9429f66f572f_r2c1.jpg,TP,5,5,0.8742405832320778,19140,20965,220.5851210495426,241.61792386643995
ZAINA-679-G_012_jpg.rf.435fdf30ec5d45e87c3d9429f66f572f_r2c1.jpg,TP,1,4,0.6549427290836654,15972,10613,184.07448032410107,122.3129513949214
ZAINA-679-G_012_jpg.rf.435fdf30ec5d45e87c3d9429f66f572f_r2c1.jpg,TP,2,2,0.585559088500265,23510,36329,270.9485995754831,418.6853115260623
ZAINA-679-G_012_jpg.rf.435fdf30ec5d45e87c3d9429f66f572f_r2c1.jpg,FP,4,-1,0.0,0,2492,0.0,28.71986006559353
ZAINA-679-G_012_jpg.rf.435fdf30ec5d45e87c3d9429f66f572f_r2c1.jpg,FP,6,-1,0.0,0,3554,0.0,40.95922258150859
ZAINA-679-G_012_jpg.rf.435fdf30ec5d45e87c3d9429f66f572f_r2c1.jpg,FP,7,-1,0.0,0,1951,0.0,22.484930573022865
ZAINA-679-G_012_jpg.rf.435fdf30ec5d45e87c3d9429f66f572f_r2c1.jpg,FP,8,-1,0.0,0,5248,0.0,60.482273524973856
ZAINA-679-G_012_jpg.rf.435fdf30ec5d45e87c3d9429f66f572f_r2c1.jpg,FN,-1,0,0.0,1483,0,17.09131319312809,0.0
ZAINA-679-G_012_jpg.rf.435fdf30ec5d45e87c3d9429f66f572f_r2c1.jpg,FN,-1,1,0.0,16088,0,185.41135984561345,0.0
ZAINA-679-G_012_jpg.rf.435fdf30ec5d45e87c3d9429f66f572f_r2c2.jpg,TP,7,9,0.9047210300429185,6390,6924,73.64362191779401,79.79787764613548
ZAINA-679-G_012_jpg.rf.435fdf30ec5d45e87c3d9429f66f572f_r2c2.jpg,TP,6,13,0.8812903225806452,2165,2209,24.95124279374398,25.458335026041777
ZAINA-679-G_012_jpg.rf.435fdf30ec5d45e87c3d9429f66f572f_r2c2.jpg,TP,3,0,0.8654545454545455,7392,6972,85.19149502603025,80.35106917227853
ZAINA-679-G_012_jpg.rf.435fdf30ec5d45e87c3d9429f66f572f_r2c2.jpg,TP,5,14,0.8209067066316973,8764,10676,101.00355281495253,123.03901527298416
ZAINA-679-G_012_jpg.rf.435fdf30ec5d45e87c3d9429f66f572f_r2c2.jpg,TP,4,12,0.8123851597013175,25122,21237,289.52661499512067,244.75267584791726
ZAINA-679-G_012_jpg.rf.435fdf30ec5d45e87c3d9429f66f572f_r2c2.jpg,TP,1,15,0.8090107311986793,19219,22419,221.4955821029864,258.37501717918997
ZAINA-679-G_012_jpg.rf.435fdf30ec5d45e87c3d9429f66f572f_r2c2.jpg,TP,2,10,0.7783048886317616,13590,17148,156.62235083925205,197.6276727146059
ZAINA-679-G_012_jpg.rf.435fdf30ec5d45e87c3d9429f66f572f_r2c2.jpg,TP,10,1,0.7315068493150685,34206,32786,394.21811131769357,377.8528620026282
ZAINA-679-G_012_jpg.rf.435fdf30ec5d45e87c3d9429f66f572f_r2c2.jpg,TP,9,8,0.6975939613146721,4436,6359,51.1241168743872,73.28635239049328
ZAINA-679-G_012_jpg.rf.435fdf30ec5d45e87c3d9429f66f572f_r2c2.jpg,FP,0,-1,0.0,0,6832,0.0,78.73759388769463
ZAINA-679-G_012_jpg.rf.435fdf30ec5d45e87c3d9429f66f572f_r2c2.jpg,FP,8,-1,0.0,0,22288,0.0,256.8652653057579
ZAINA-679-G_012_jpg.rf.435fdf30ec5d45e87c3d9429f66f572f_r2c2.jpg,FP,11,-1,0.0,0,14992,0.0,172.78015333201373
ZAINA-679-G_012_jpg.rf.435fdf30ec5d45e87c3d9429f66f572f_r2c2.jpg,FP,12,-1,0.0,0,496,0.0,5.716312436811553
ZAINA-679-G_012_jpg.rf.435fdf30ec5d45e87c3d9429f66f572f_r2c2.jpg,FP,13,-1,0.0,0,70177,0.0,808.7775360446057
ZAINA-679-G_012_jpg.rf.435fdf30ec5d45e87c3d9429f66f572f_r2c2.jpg,FP,14,-1,0.0,0,6141,0.0,70.77394087592691
ZAINA-679-G_012_jpg.rf.435fdf30ec5d45e87c3d9429f66f572f_r2c2.jpg,FN,-1,2,0.0,21367,0,246.25090289788804,0.0
ZAINA-679-G_012_jpg.rf.435fdf30ec5d45e87c3d9429f66f572f_r2c2.jpg,FN,-1,3,0.0,17823,0,205.40692855099257,0.0
ZAINA-679-G_012_jpg.rf.435fdf30ec5d45e87c3d9429f66f572f_r2c2.jpg,FN,-1,4,0.0,4915,0,56.644507312356424,0.0
ZAINA-679-G_012_jpg.rf.435fdf30ec5d45e87c3d9429f66f572f_r2c2.jpg,FN,-1,5,0.0,5668,0,65.32269937872557,0.0
ZAINA-679-G_012_jpg.rf.435fdf30ec5d45e87c3d9429f66f572f_r2c2.jpg,FN,-1,6,0.0,6950,0,80.09752305612963,0.0
ZAINA-679-G_012_jpg.rf.435fdf30ec5d45e87c3d9429f66f572f_r2c2.jpg,FN,-1,7,0.0,13496,0,155.53901743388855,0.0
ZAINA-679-G_012_jpg.rf.435fdf30ec5d45e87c3d9429f66f572f_r2c2.jpg,FN,-1,11,0.0,50371,0,580.5168825698281,0.0
ZAZA-B_004_jpg.rf.9fae4295ae0fe50a89201daf82b520a6_r0c0.jpg,TP,3,2,0.8897332506203474,6209,5976,71.55762887129625,68.87234500481017
ZAZA-B_004_jpg.rf.9fae4295ae0fe50a89201daf82b520a6_r0c0.jpg,TP,1,14,0.8787967204505004,33119,31273,381.6906282152456,360.4158041056607
ZAZA-B_004_jpg.rf.9fae4295ae0fe50a89201daf82b520a6_r0c0.jpg,TP,4,24,0.8678960603520537,5477,5665,63.12145809761467,65.28812490834163
ZAZA-B_004_jpg.rf.9fae4295ae0fe50a89201daf82b520a6_r0c0.jpg,TP,17,10,0.8531532712731087,30051,26485,346.33246983593546,305.2349493728911
ZAZA-B_004_jpg.rf.9fae4295ae0fe50a89201daf82b520a6_r0c0.jpg,TP,13,8,0.8259904912836767,11662,11382,134.4024912058394,131.17554063667157
ZAZA-B_004_jpg.rf.9fae4295ae0fe50a89201daf82b520a6_r0c0.jpg,TP,7,5,0.8239371347975015,24263,20998,279.62679164185226,241.9982430406633
ZAZA-B_004_jpg.rf.9fae4295ae0fe50a89201daf82b520a6_r0c0.jpg,TP,9,6,0.8189475873544093,9215,8276,106.20124819600497,95.37943896583148
ZAZA-B_004_jpg.rf.9fae4295ae0fe50a89201daf82b520a6_r0c0.jpg,TP,5,23,0.8171530673019655,2823,3279,32.53457663128834,37.789896129647346
ZAZA-B_004_jpg.rf.9fae4295ae0fe50a89201daf82b520a6_r0c0.jpg,TP,12,7,0.8119605962862871,11173,9612,128.76685253325704,110.77660311014648
ZAZA-B_004_jpg.rf.9fae4295ae0fe50a89201daf82b520a6_r0c0.jpg,TP,2,4,0.781944967960799,4167,5288,48.023939363293835,60.9432664634264
ZAZA-B_004_jpg.rf.9fae4295ae0fe50a89201daf82b520a6_r0c0.jpg,TP,11,1,0.7788296041308089,2108,2026,24.2943278564491,23.349292332621385
ZAZA-B_004_jpg.rf.9fae4295ae0fe50a89201daf82b520a6_r0c0.jpg,TP,10,13,0.7784725116946876,19773,18626,227.88033430055413,214.6613617904274
ZAZA-B_004_jpg.rf.9fae4295ae0fe50a89201daf82b520a6_r0c0.jpg,TP,0,15,0.77125,3135,3950,36.13032155121819,45.52305267218878
ZAZA-B_004_jpg.rf.9fae4295ae0fe50a89201daf82b520a6_r0c0.jpg,TP,16,3,0.751412429378531,943,917,10.86790852401874,10.568263114024585
ZAZA-B_004_jpg.rf.9fae4295ae0fe50a89201daf82b520a6_r0c0.jpg,TP,8,16,0.6534279621018775,19419,27874,223.80054679524912,321.2429291606557
ZAZA-B_004_jpg.rf.9fae4295ae0fe50a89201daf82b520a6_r0c0.jpg,TP,18,0,0.6502260583641595,2042,1973,23.533689508002404,22.738476689171765
ZAZA-B_004_jpg.rf.9fae4295ae0fe50a89201daf82b520a6_r0c0.jpg,FP,6,-1,0.0,0,5856,0.0,67.48936618945254
ZAZA-B_004_jpg.rf.9fae4295ae0fe50a89201daf82b520a6_r0c0.jpg,FP,14,-1,0.0,0,9310,0.0,107.29610642482976
ZAZA-B_004_jpg.rf.9fae4295ae0fe50a89201daf82b520a6_r0c0.jpg,FP,15,-1,0.0,0,2292,0.0,26.414895373330808
ZAZA-B_004_jpg.rf.9fae4295ae0fe50a89201daf82b520a6_r0c0.jpg,FN,-1,9,0.0,2872,0,33.099292980892706,0.0
ZAZA-B_004_jpg.rf.9fae4295ae0fe50a89201daf82b520a6_r0c0.jpg,FN,-1,11,0.0,6112,0,70.43972099554883,0.0
ZAZA-B_004_jpg.rf.9fae4295ae0fe50a89201daf82b520a6_r0c0.jpg,FN,-1,12,0.0,18032,0,207.8156166544071,0.0
ZAZA-B_004_jpg.rf.9fae4295ae0fe50a89201daf82b520a6_r0c0.jpg,FN,-1,17,0.0,4125,0,47.53989677791866,0.0
ZAZA-B_004_jpg.rf.9fae4295ae0fe50a89201daf82b520a6_r0c0.jpg,FN,-1,18,0.0,1635,0,18.843086359247764,0.0
ZAZA-B_004_jpg.rf.9fae4295ae0fe50a89201daf82b520a6_r0c0.jpg,FN,-1,19,0.0,2305,0,26.564718078327886,0.0
ZAZA-B_004_jpg.rf.9fae4295ae0fe50a89201daf82b520a6_r0c0.jpg,FN,-1,20,0.0,2090,0,24.086881034145456,0.0
ZAZA-B_004_jpg.rf.9fae4295ae0fe50a89201daf82b520a6_r0c0.jpg,FN,-1,21,0.0,2609,0,30.068264410567224,0.0
ZAZA-B_004_jpg.rf.9fae4295ae0fe50a89201daf82b520a6_r0c0.jpg,FN,-1,22,0.0,4241,0,48.87677629943104,0.0
ZAZA-B_004_jpg.rf.9fae4295ae0fe50a89201daf82b520a6_r0c1.jpg,TP,0,25,0.9036276659358182,19224,18978,221.55320622029296,218.7180996488098
ZAZA-B_004_jpg.rf.9fae4295ae0fe50a89201daf82b520a6_r0c1.jpg,TP,12,27,0.8972972972972973,3676,4046,42.36525104378885,46.62943572447489
ZAZA-B_004_jpg.rf.9fae4295ae0fe50a89201daf82b520a6_r0c1.jpg,TP,15,10,0.8901884968583857,10174,9380,117.25355389540472,108.10284406712172
ZAZA-B_004_jpg.rf.9fae4295ae0fe50a89201daf82b520a6_r0c1.jpg,TP,4,14,0.8825416036308623,31587,30631,364.0345986725132,353.01686744349735
ZAZA-B_004_jpg.rf.9fae4295ae0fe50a89201daf82b520a6_r0c1.jpg,TP,25,24,0.8668304668304668,1935,1864,22.300533397641846,21.48227093188858
ZAZA-B_004_jpg.rf.9fae4295ae0fe50a89201daf82b520a6_r0c1.jpg,TP,19,5,0.8660714285714286,7377,7880,85.01862267411055,90.8156088751513
ZAZA-B_004_jpg.rf.9fae4295ae0fe50a89201daf82b520a6_r0c1.jpg,TP,11,6,0.8587662337662337,7832,7053,90.26241734900825,81.28457987264493
ZAZA-B_004_jpg.rf.9fae4295ae0fe50a89201daf82b520a6_r0c1.jpg,TP,20,7,0.8519309485673607,4941,5465,56.94415272235057,62.98316021607891
ZAZA-B_004_jpg.rf.9fae4295ae0fe50a89201daf82b520a6_r0c1.jpg,TP,5,29,0.8500280846283468,4900,4981,56.47163496043672,57.40514566080312
ZAZA-B_004_jpg.rf.9fae4295ae0fe50a89201daf82b520a6_r0c1.jpg,TP,14,26,0.8415267635323346,12255,12206,141.23671151839835,140.67199516879398
ZAZA-B_004_jpg.rf.9fae4295ae0fe50a89201daf82b520a6_r0c1.jpg,TP,1,2,0.8355987055016181,5710,5634,65.80674196410075,64.93085538104091
ZAZA-B_004_jpg.rf.9fae4295ae0fe50a89201daf82b520a6_r0c1.jpg,TP,32,1,0.8322380212689688,7580,7754,87.3581618367572,89.36348111902578
ZAZA-B_004_jpg.rf.9fae4295ae0fe50a89201daf82b520a6_r0c1.jpg,TP,9,23,0.822007722007722,2509,2210,28.915782064435863,25.46985984950309
ZAZA-B_004_jpg.rf.9fae4295ae0fe50a89201daf82b520a6_r0c1.jpg,TP,6,16,0.8110590261169043,9928,9003,114.41844732392158,103.75798562220648
ZAZA-B_004_jpg.rf.9fae4295ae0fe50a89201daf82b520a6_r0c1.jpg,TP,23,22,0.8081001216756475,10934,9870,126.01241972600307,113.75000756316538
ZAZA-B_004_jpg.rf.9fae4295ae0fe50a89201daf82b520a6_r0c1.jpg,TP,8,13,0.8057745274954886,20608,17418,237.503561890751,200.73937504916057
ZAZA-B_004_jpg.rf.9fae4295ae0fe50a89201daf82b520a6_r0c1.jpg,TP,24,19,0.7464560550830296,4597,4027,52.97961345165869,46.41046407870993
ZAZA-B_004_jpg.rf.9fae4295ae0fe50a89201daf82b520a6_r0c1.jpg,TP,17,30,0.7230873392010833,1262,1283,14.544327208177783,14.786348500865369
ZAZA-B_004_jpg.rf.9fae4295ae0fe50a89201daf82b520a6_r0c1.jpg,TP,26,17,0.6656141458793812,2926,2349,33.72163344780364,27.071810310625683
ZAZA-B_004_jpg.rf.9fae4295ae0fe50a89201daf82b520a6_r0c1.jpg,TP,13,3,0.6655538694992412,2450,3038,28.23581748021836,35.01241367547077
ZAZA-B_004_jpg.rf.9fae4295ae0fe50a89201daf82b520a6_r0c1.jpg,TP,30,4,0.6509386098427195,11690,7834,134.72518626275618,90.28546699593086
ZAZA-B_004_jpg.rf.9fae4295ae0fe50a89201daf82b520a6_r0c1.jpg,TP,27,21,0.5515663140764849,9707,5548,111.87146133897127,63.93972056336794
ZAZA-B_004_jpg.rf.9fae4295ae0fe50a89201daf82b520a6_r0c1.jpg,FP,2,-1,0.0,0,7439,0.0,85.73316172871199
ZAZA-B_004_jpg.rf.9fae4295ae0fe50a89201daf82b520a6_r0c1.jpg,FP,3,-1,0.0,0,6692,0.0,77.12411860311072
ZAZA-B_004_jpg.rf.9fae4295ae0fe50a89201daf82b520a6_r0c1.jpg,FP,7,-1,0.0,0,4104,0.0,47.29787548523108
ZAZA-B_004_jpg.rf.9fae4295ae0fe50a89201daf82b520a6_r0c1.jpg,FP,10,-1,0.0,0,5073,0.0,58.465429419243975
ZAZA-B_004_jpg.rf.9fae4295ae0fe50a89201daf82b520a6_r0c1.jpg,FP,16,-1,0.0,0,16553,0.0,190.77040275512428
ZAZA-B_004_jpg.rf.9fae4295ae0fe50a89201daf82b520a6_r0c1.jpg,FP,18,-1,0.0,0,4786,0.0,55.15780508584697
ZAZA-B_004_jpg.rf.9fae4295ae0fe50a89201daf82b520a6_r0c1.jpg,FP,21,-1,0.0,0,2498,0.0,28.78900900636141
ZAZA-B_004_jpg.rf.9fae4295ae0fe50a89201daf82b520a6_r0c1.jpg,FP,22,-1,0.0,0,3556,0.0,40.98227222843122
ZAZA-B_004_jpg.rf.9fae4295ae0fe50a89201daf82b520a6_r0c1.jpg,FP,28,-1,0.0,0,3409,0.0,39.28812317961812
ZAZA-B_004_jpg.rf.9fae4295ae0fe50a89201daf82b520a6_r0c1.jpg,FP,29,-1,0.0,0,1950,0.0,22.47340574956155
ZAZA-B_004_jpg.rf.9fae4295ae0fe50a89201daf82b520a6_r0c1.jpg,FP,31,-1,0.0,0,3419,0.0,39.40337141423125
ZAZA-B_004_jpg.rf.9fae4295ae0fe50a89201daf82b520a6_r0c1.jpg,FP,33,-1,0.0,0,7400,0.0,85.28369361372076
ZAZA-B_004_jpg.rf.9fae4295ae0fe50a89201daf82b520a6_r0c1.jpg,FN,-1,0,0.0,7882,0,90.83865852207391,0.0
ZAZA-B_004_jpg.rf.9fae4295ae0fe50a89201daf82b520a6_r0c1.jpg,FN,-1,8,0.0,17734,0,204.38121926293567,0.0
ZAZA-B_004_jpg.rf.9fae4295ae0fe50a89201daf82b520a6_r0c1.jpg,FN,-1,9,0.0,8211,0,94.6303254408461,0.0
ZAZA-B_004_jpg.rf.9fae4295ae0fe50a89201daf82b520a6_r0c1.jpg,FN,-1,11,0.0,14531,0,167.46720971634815,0.0
ZAZA-B_004_jpg.rf.9fae4295ae0fe50a89201daf82b520a6_r0c1.jpg,FN,-1,12,0.0,1959,0,22.577129160713373,0.0
ZAZA-B_004_jpg.rf.9fae4295ae0fe50a89201daf82b520a6_r0c1.jpg,FN,-1,15,0.0,655,0,7.548759367160418,0.0
ZAZA-B_004_jpg.rf.9fae4295ae0fe50a89201daf82b520a6_r0c1.jpg,FN,-1,18,0.0,2284,0,26.3226967856403,0.0
ZAZA-B_004_jpg.rf.9fae4295ae0fe50a89201daf82b520a6_r0c1.jpg,FN,-1,20,0.0,690,0,7.952128188306395,0.0
ZAZA-B_004_jpg.rf.9fae4295ae0fe50a89201daf82b520a6_r0c1.jpg,FN,-1,28,0.0,14386,0,165.79611031445768,0.0
ZAZA-B_004_jpg.rf.9fae4295ae0fe50a89201daf82b520a6_r0c1.jpg,FN,-1,31,0.0,8913,0,102.72075151068826,0.0
ZAZA-B_004_jpg.rf.9fae4295ae0fe50a89201daf82b520a6_r0c2.jpg,TP,2,21,0.9155001707067258,11134,11308,128.3173844182658,130.32270370053436
ZAZA-B_004_jpg.rf.9fae4295ae0fe50a89201daf82b520a6_r0c2.jpg,TP,11,3,0.9026741996233522,36159,39615,416.72609153763904,456.5558814199389
ZAZA-B_004_jpg.rf.9fae4295ae0fe50a89201daf82b520a6_r0c2.jpg,TP,8,22,0.8915976331360946,8143,7841,93.84663744547677,90.36614076016006
ZAZA-B_004_jpg.rf.9fae4295ae0fe50a89201daf82b520a6_r0c2.jpg,TP,13,16,0.8864452296819788,32315,34418,372.4246701523495,396.661373891492
ZAZA-B_004_jpg.rf.9fae4295ae0fe50a89201daf82b520a6_r0c2.jpg,TP,6,26,0.8814485821660403,5409,5605,62.33777010224535,64.59663550066281
ZAZA-B_004_jpg.rf.9fae4295ae0fe50a89201daf82b520a6_r0c2.jpg,TP,0,6,0.8754887479363976,10323,11262,118.97075259114045,129.79256182131394
ZAZA-B_004_jpg.rf.9fae4295ae0fe50a89201daf82b520a6_r0c2.jpg,TP,18,23,0.8694851946083473,16597,17938,191.27749498742207,206.73228324904363
ZAZA-B_004_jpg.rf.9fae4295ae0fe50a89201daf82b520a6_r0c2.jpg,TP,14,5,0.8623576231645396,6589,6982,75.93706178659541,80.46631740689166
ZAZA-B_004_jpg.rf.9fae4295ae0fe50a89201daf82b520a6_r0c2.jpg,TP,1,0,0.8542505561343733,30964,34886,356.8546336561148,402.0549912713868
ZAZA-B_004_jpg.rf.9fae4295ae0fe50a89201daf82b520a6_r0c2.jpg,TP,25,1,0.8502057613168724,8433,9551,97.18883624925772,110.07358887900635
ZAZA-B_004_jpg.rf.9fae4295ae0fe50a89201daf82b520a6_r0c2.jpg,TP,28,12,0.8350471293916024,4247,4319,48.945925240198925,49.775712529413504
ZAZA-B_004_jpg.rf.9fae4295ae0fe50a89201daf82b520a6_r0c2.jpg,TP,17,17,0.8328936189241157,39136,42842,451.03549098196964,493.7464867295979
ZAZA-B_004_jpg.rf.9fae4295ae0fe50a89201daf82b520a6_r0c2.jpg,TP,21,15,0.8314705882352941,25655,30388,295.6693459000008,350.21633534239817
ZAZA-B_004_jpg.rf.9fae4295ae0fe50a89201daf82b520a6_r0c2.jpg,TP,22,25,0.8273139347857874,5663,6834,65.265075261419,78.76064353461724
ZAZA-B_004_jpg.rf.9fae4295ae0fe50a89201daf82b520a6_r0c2.jpg,TP,10,27,0.8223192019950125,4547,4222,52.40337227859301,48.65780465366608
ZAZA-B_004_jpg.rf.9fae4295ae0fe50a89201daf82b520a6_r0c2.jpg,TP,4,14,0.8011153643083422,24311,30270,280.1799831679953,348.85640617396314
ZAZA-B_004_jpg.rf.9fae4295ae0fe50a89201daf82b520a6_r0c2.jpg,TP,20,24,0.7970204841713222,3141,2649,36.19947049198607,30.52925734901977
ZAZA-B_004_jpg.rf.9fae4295ae0fe50a89201daf82b520a6_r0c2.jpg,TP,3,4,0.7932258064516129,7555,9122,87.07004125022436,105.12943961410281
ZAZA-B_004_jpg.rf.9fae4295ae0fe50a89201daf82b520a6_r0c2.jpg,TP,5,10,0.77564649048025,40695,46784,469.0026907581576,539.1773408140962
ZAZA-B_004_jpg.rf.9fae4295ae0fe50a89201daf82b520a6_r0c2.jpg,TP,24,2,0.7563409563409563,7069,5603,81.46897704802595,64.57358585374018
ZAZA-B_004_jpg.rf.9fae4295ae0fe50a89201daf82b520a6_r0c2.jpg,TP,27,13,0.7563139931740614,2442,2704,28.14361889252785,31.163122639392018
ZAZA-B_004_jpg.rf.9fae4295ae0fe50a89201daf82b520a6_r0c2.jpg,TP,15,29,0.7163934426229508,6704,5860,77.26241648464648,67.53546548329778
ZAZA-B_004_jpg.rf.9fae4295ae0fe50a89201daf82b520a6_r0c2.jpg,TP,12,28,0.7118807118807119,3340,3778,38.49291036078748,43.54078303684284
ZAZA-B_004_jpg.rf.9fae4295ae0fe50a89201daf82b520a6_r0c2.jpg,TP,23,9,0.6883116883116883,1084,1386,12.49290863206396,15.97340531738067
ZAZA-B_004_jpg.rf.9fae4295ae0fe50a89201daf82b520a6_r0c2.jpg,TP,9,11,0.6864394895526574,5250,6776,60.505323171896485,78.09220377386106
ZAZA-B_004_jpg.rf.9fae4295ae0fe50a89201daf82b520a6_r0c2.jpg,FP,7,-1,0.0,0,46826,0.0,539.6613833994713
ZAZA-B_004_jpg.rf.9fae4295ae0fe50a89201daf82b520a6_r0c2.jpg,FP,16,-1,0.0,0,87226,0.0,1005.2642512365414
ZAZA-B_004_jpg.rf.9fae4295ae0fe50a89201daf82b520a6_r0c2.jpg,FP,19,-1,0.0,0,7319,0.0,84.35018291335436
ZAZA-B_004_jpg.rf.9fae4295ae0fe50a89201daf82b520a6_r0c2.jpg,FP,26,-1,0.0,0,9282,0.0,106.97341136791299
ZAZA-B_004_jpg.rf.9fae4295ae0fe50a89201daf82b520a6_r0c2.jpg,FP,29,-1,0.0,0,1330,0.0,15.328015203547109
ZAZA-B_004_jpg.rf.9fae4295ae0fe50a89201daf82b520a6_r0c2.jpg,FN,-1,7,0.0,708,0,8.15957501061004,0.0
ZAZA-B_004_jpg.rf.9fae4295ae0fe50a89201daf82b520a6_r0c2.jpg,FN,-1,8,0.0,4336,0,49.97163452825584,0.0
ZAZA-B_004_jpg.rf.9fae4295ae0fe50a89201daf82b520a6_r0c2.jpg,FN,-1,18,0.0,549,0,6.327128080261175,0.0
ZAZA-B_004_jpg.rf.9fae4295ae0fe50a89201daf82b520a6_r0c2.jpg,FN,-1,19,0.0,29925,0,344.88034207980996,0.0
ZAZA-B_004_jpg.rf.9fae4295ae0fe50a89201daf82b520a6_r0c2.jpg,FN,-1,20,0.0,8335,0,96.05940355004898,0.0
ZAZA-B_004_jpg.rf.9fae4295ae0fe50a89201daf82b520a6_r1c0.jpg,TP,18,3,0.885702746365105,2346,2323,27.037235840241742,26.77216490063153
ZAZA-B_004_jpg.rf.9fae4295ae0fe50a89201daf82b520a6_r1c0.jpg,TP,6,16,0.8780980603448276,6627,7316,76.37500507812533,84.31560844297042
ZAZA-B_004_jpg.rf.9fae4295ae0fe50a89201daf82b520a6_r1c0.jpg,TP,0,0,0.8716690971761899,7448,6670,85.83688513986381,76.87057248696182
ZAZA-B_004_jpg.rf.9fae4295ae0fe50a89201daf82b520a6_r1c0.jpg,TP,7,15,0.8534100246507806,16768,17066,193.2482397993067,196.68263719077817
ZAZA-B_004_jpg.rf.9fae4295ae0fe50a89201daf82b520a6_r1c0.jpg,TP,12,13,0.844017094017094,2253,2062,25.965427258339577,23.764185977228674
ZAZA-B_004_jpg.rf.9fae4295ae0fe50a89201daf82b520a6_r1c0.jpg,TP,14,18,0.842094919917461,9117,9630,105.07181549679623,110.98404993245012
ZAZA-B_004_jpg.rf.9fae4295ae0fe50a89201daf82b520a6_r1c0.jpg,TP,1,7,0.8258386866523911,17761,18051,204.69238949639114,208.0345883001721
ZAZA-B_004_jpg.rf.9fae4295ae0fe50a89201daf82b520a6_r1c0.jpg,TP,16,11,0.8252457002457002,6399,5487,73.74734532894583,63.23670633222781
ZAZA-B_004_jpg.rf.9fae4295ae0fe50a89201daf82b520a6_r1c0.jpg,TP,17,6,0.8248697916666666,1431,1372,16.492022373139783,15.812057788922282
ZAZA-B_004_jpg.rf.9fae4295ae0fe50a89201daf82b520a6_r1c0.jpg,TP,15,22,0.8227354529094181,3008,3069,34.66666897163135,35.36968320277148
ZAZA-B_004_jpg.rf.9fae4295ae0fe50a89201daf82b520a6_r1c0.jpg,TP,20,1,0.7887386884147023,8112,7899,93.48936791817606,91.03458052091625
ZAZA-B_004_jpg.rf.9fae4295ae0fe50a89201daf82b520a6_r1c0.jpg,TP,13,4,0.7798232695139912,2630,2204,30.31028570325481,25.40071090873521
ZAZA-B_004_jpg.rf.9fae4295ae0fe50a89201daf82b520a6_r1c0.jpg,TP,19,20,0.7693233806886588,3725,3623,42.92996739339322,41.75443540033923
ZAZA-B_004_jpg.rf.9fae4295ae0fe50a89201daf82b520a6_r1c0.jpg,TP,4,5,0.7643106022896964,3194,3895,36.81028613543569,44.889187381816534
ZAZA-B_004_jpg.rf.9fae4295ae0fe50a89201daf82b520a6_r1c0.jpg,TP,5,2,0.746276322547509,3561,3239,41.03989634573779,37.328903191194804
ZAZA-B_004_jpg.rf.9fae4295ae0fe50a89201daf82b520a6_r1c0.jpg,TP,3,23,0.7447981950363499,3470,3490,39.99113741075825,40.221633879984516
ZAZA-B_004_jpg.rf.9fae4295ae0fe50a89201daf82b520a6_r1c0.jpg,TP,22,14,0.7378640776699029,1509,1534,17.390958603122247,17.679079189655088
ZAZA-B_004_jpg.rf.9fae4295ae0fe50a89201daf82b520a6_r1c0.jpg,TP,2,17,0.7335878273025431,18177,14066,209.48671605629758,162.10816680683732
ZAZA-B_004_jpg.rf.9fae4295ae0fe50a89201daf82b520a6_r1c0.jpg,TP,21,21,0.7305104867431738,2238,2135,25.792554906419873,24.605498089904568
ZAZA-B_004_jpg.rf.9fae4295ae0fe50a89201daf82b520a6_r1c0.jpg,TP,11,10,0.7071471835251363,3059,2578,35.25443496815835,29.7109948832665
ZAZA-B_004_jpg.rf.9fae4295ae0fe50a89201daf82b520a6_r1c0.jpg,TP,10,12,0.6607276351856467,15127,11531,174.33600449929108,132.8927393324073
ZAZA-B_004_jpg.rf.9fae4295ae0fe50a89201daf82b520a6_r1c0.jpg,TP,23,9,0.6187722419928826,2021,1618,23.291668215314818,18.64716436040543
ZAZA-B_004_jpg.rf.9fae4295ae0fe50a89201daf82b520a6_r1c0.jpg,FP,8,-1,0.0,0,7130,0.0,82.17199127916608
ZAZA-B_004_jpg.rf.9fae4295ae0fe50a89201daf82b520a6_r1c0.jpg,FP,9,-1,0.0,0,4524,0.0,52.1383013389828
ZAZA-B_004_jpg.rf.9fae4295ae0fe50a89201daf82b520a6_r1c0.jpg,FP,24,-1,0.0,0,10781,0.0,124.2491217364221
ZAZA-B_004_jpg.rf.9fae4295ae0fe50a89201daf82b520a6_r1c0.jpg,FP,25,-1,0.0,0,2464,0.0,28.39716500867675
ZAZA-B_004_jpg.rf.9fae4295ae0fe50a89201daf82b520a6_r1c0.jpg,FN,-1,8,0.0,3758,0,43.310286567616565,0.0
ZAZA-B_004_jpg.rf.9fae4295ae0fe50a89201daf82b520a6_r1c0.jpg,FN,-1,19,0.0,3773,0,43.48315891953627,0.0
ZAZA-B_004_jpg.rf.9fae4295ae0fe50a89201daf82b520a6_r1c1.jpg,TP,0,8,0.9280989683274262,42128,43281,485.51776277822,498.8058842291146
ZAZA-B_004_jpg.rf.9fae4295ae0fe50a89201daf82b520a6_r1c1.jpg,TP,4,11,0.9174014522821576,7535,7252,86.8395447809981,83.57801974144634
ZAZA-B_004_jpg.rf.9fae4295ae0fe50a89201daf82b520a6_r1c1.jpg,TP,2,32,0.8930485626116615,11150,12161,128.50178159364683,140.15337811303488
ZAZA-B_004_jpg.rf.9fae4295ae0fe50a89201daf82b520a6_r1c1.jpg,TP,8,13,0.874430709173715,7118,7287,82.03369339763032,83.98138856259231
ZAZA-B_004_jpg.rf.9fae4295ae0fe50a89201daf82b520a6_r1c1.jpg,TP,12,25,0.8709945900957137,2296,2200,26.460994667176063,25.354611614889954
ZAZA-B_004_jpg.rf.9fae4295ae0fe50a89201daf82b520a6_r1c1.jpg,TP,19,27,0.8498603351955307,1309,1340,15.085993910859523,15.443263438160246
ZAZA-B_004_jpg.rf.9fae4295ae0fe50a89201daf82b520a6_r1c1.jpg,TP,7,19,0.8471470947478625,16003,15755,184.4317498514018,181.57359363299602
ZAZA-B_004_jpg.rf.9fae4295ae0fe50a89201daf82b520a6_r1c1.jpg,TP,1,30,0.8420790228094229,7905,6874,91.10372946168414,79.2216364730698
ZAZA-B_004_jpg.rf.9fae4295ae0fe50a89201daf82b520a6_r1c1.jpg,TP,6,18,0.8383316782522343,4555,4701,52.49557086628352,54.17819509163531
ZAZA-B_004_jpg.rf.9fae4295ae0fe50a89201daf82b520a6_r1c1.jpg,TP,5,0,0.8153097708223433,29936,32006,345.0071151378844,368.8634997028036
ZAZA-B_004_jpg.rf.9fae4295ae0fe50a89201daf82b520a6_r1c1.jpg,TP,3,31,0.7989666510098637,6230,5260,71.79965016398383,60.62057140650962
ZAZA-B_004_jpg.rf.9fae4295ae0fe50a89201daf82b520a6_r1c1.jpg,TP,9,29,0.7871087359581197,7242,9144,83.4627715068332,105.3829857302517
ZAZA-B_004_jpg.rf.9fae4295ae0fe50a89201daf82b520a6_r1c1.jpg,TP,17,17,0.7713667048783595,6403,7504,73.79344462279109,86.48227525369737
ZAZA-B_004_jpg.rf.9fae4295ae0fe50a89201daf82b520a6_r1c1.jpg,TP,22,12,0.7288726103269608,8798,10555,101.39539681263719,121.64451163416521
ZAZA-B_004_jpg.rf.9fae4295ae0fe50a89201daf82b520a6_r1c1.jpg,TP,26,5,0.7195786414820197,6178,8024,71.20035934399552,92.47518345358046
ZAZA-B_004_jpg.rf.9fae4295ae0fe50a89201daf82b520a6_r1c1.jpg,TP,23,15,0.7186827543805718,21401,23326,246.64274689557269,268.8280320586014
ZAZA-B_004_jpg.rf.9fae4295ae0fe50a89201daf82b520a6_r1c1.jpg,TP,25,1,0.7090156220591003,4429,4651,51.043443110158,53.60195391856963
ZAZA-B_004_jpg.rf.9fae4295ae0fe50a89201daf82b520a6_r1c1.jpg,TP,20,6,0.6884802595997837,1828,1294,21.06737728728129,14.91312155893982
ZAZA-B_004_jpg.rf.9fae4295ae0fe50a89201daf82b520a6_r1c1.jpg,TP,14,4,0.6675574934946199,9818,13893,113.15071674317709,160.11437234803006
ZAZA-B_004_jpg.rf.9fae4295ae0fe50a89201daf82b520a6_r1c1.jpg,TP,13,14,0.66421681212678,5813,5056,66.99379878061605,58.26950742040164
ZAZA-B_004_jpg.rf.9fae4295ae0fe50a89201daf82b520a6_r1c1.jpg,TP,21,23,0.557886108298375,18554,13755,213.83157450121283,158.5239467103688
ZAZA-B_004_jpg.rf.9fae4295ae0fe50a89201daf82b520a6_r1c1.jpg,FP,10,-1,0.0,0,4651,0.0,53.60195391856963
ZAZA-B_004_jpg.rf.9fae4295ae0fe50a89201daf82b520a6_r1c1.jpg,FP,11,-1,0.0,0,1938,0.0,22.335107868025787
ZAZA-B_004_jpg.rf.9fae4295ae0fe50a89201daf82b520a6_r1c1.jpg,FP,15,-1,0.0,0,4343,0.0,50.05230829248503
ZAZA-B_004_jpg.rf.9fae4295ae0fe50a89201daf82b520a6_r1c1.jpg,FP,16,-1,0.0,0,6110,0.0,70.4166713486262
ZAZA-B_004_jpg.rf.9fae4295ae0fe50a89201daf82b520a6_r1c1.jpg,FP,18,-1,0.0,0,933,0.0,10.752660289405604
ZAZA-B_004_jpg.rf.9fae4295ae0fe50a89201daf82b520a6_r1c1.jpg,FP,24,-1,0.0,0,5481,0.0,63.16755739145993
ZAZA-B_004_jpg.rf.9fae4295ae0fe50a89201daf82b520a6_r1c1.jpg,FP,27,-1,0.0,0,48100,0.0,554.344008489185
ZAZA-B_004_jpg.rf.9fae4295ae0fe50a89201daf82b520a6_r1c1.jpg,FN,-1,2,0.0,2321,0,26.7491152537089,0.0
ZAZA-B_004_jpg.rf.9fae4295ae0fe50a89201daf82b520a6_r1c1.jpg,FN,-1,3,0.0,3302,0,38.05496706925756,0.0
ZAZA-B_004_jpg.rf.9fae4295ae0fe50a89201daf82b520a6_r1c1.jpg,FN,-1,7,0.0,485,0,5.589539378737103,0.0
ZAZA-B_004_jpg.rf.9fae4295ae0fe50a89201daf82b520a6_r1c1.jpg,FN,-1,9,0.0,961,0,11.075355346322384,0.0
ZAZA-B_004_jpg.rf.9fae4295ae0fe50a89201daf82b520a6_r1c1.jpg,FN,-1,10,0.0,3947,0,45.48847820180484,0.0
ZAZA-B_004_jpg.rf.9fae4295ae0fe50a89201daf82b520a6_r1c1.jpg,FN,-1,16,0.0,10810,0,124.58334161680018,0.0
ZAZA-B_004_jpg.rf.9fae4295ae0fe50a89201daf82b520a6_r1c1.jpg,FN,-1,20,0.0,983,0,11.328901462471284,0.0
ZAZA-B_004_jpg.rf.9fae4295ae0fe50a89201daf82b520a6_r1c1.jpg,FN,-1,21,0.0,771,0,8.885638888672798,0.0
ZAZA-B_004_jpg.rf.9fae4295ae0fe50a89201daf82b520a6_r1c1.jpg,FN,-1,22,0.0,858,0,9.888298529807082,0.0
ZAZA-B_004_jpg.rf.9fae4295ae0fe50a89201daf82b520a6_r1c1.jpg,FN,-1,24,0.0,16923,0,195.03458743581032,0.0
ZAZA-B_004_jpg.rf.9fae4295ae0fe50a89201daf82b520a6_r1c1.jpg,FN,-1,26,0.0,9367,0,107.95302136212464,0.0
ZAZA-B_004_jpg.rf.9fae4295ae0fe50a89201daf82b520a6_r1c1.jpg,FN,-1,28,0.0,4124,0,47.52837195445735,0.0
ZAZA-B_004_jpg.rf.9fae4295ae0fe50a89201daf82b520a6_r1c2.jpg,TP,14,9,0.8840453356582388,5569,5236,64.18174185605552,60.34397564343809
ZAZA-B_004_jpg.rf.9fae4295ae0fe50a89201daf82b520a6_r1c2.jpg,TP,16,14,0.8696473551637279,7662,7183,88.30319736058492,82.7828069226157
ZAZA-B_004_jpg.rf.9fae4295ae0fe50a89201daf82b520a6_r1c2.jpg,TP,8,1,0.8629461907298881,6711,7276,77.34309024887567,83.85461550451787
ZAZA-B_004_jpg.rf.9fae4295ae0fe50a89201daf82b520a6_r1c2.jpg,TP,0,0,0.8411034907914001,11212,12680,129.21632064824826,146.13476148945665
ZAZA-B_004_jpg.rf.9fae4295ae0fe50a89201daf82b520a6_r1c2.jpg,TP,10,11,0.8372754297531343,6778,7437,78.11525342078369,85.71011208178936
ZAZA-B_004_jpg.rf.9fae4295ae0fe50a89201daf82b520a6_r1c2.jpg,TP,5,23,0.8372713414634146,4700,4942,54.166670268173995,56.95567754581189
ZAZA-B_004_jpg.rf.9fae4295ae0fe50a89201daf82b520a6_r1c2.jpg,TP,21,18,0.8343076185912793,9261,9880,106.73139007522539,113.86525579777853
ZAZA-B_004_jpg.rf.9fae4295ae0fe50a89201daf82b520a6_r1c2.jpg,TP,7,5,0.8327817792485886,4374,5041,50.40957781978575,58.09663506848194
ZAZA-B_004_jpg.rf.9fae4295ae0fe50a89201daf82b520a6_r1c2.jpg,TP,12,22,0.8301468550845109,3091,3514,35.62322931892039,40.49822964305604
ZAZA-B_004_jpg.rf.9fae4295ae0fe50a89201daf82b520a6_r1c2.jpg,TP,11,3,0.8241435562805873,5271,5911,60.74734446458407,68.12323147982478
ZAZA-B_004_jpg.rf.9fae4295ae0fe50a89201daf82b520a6_r1c2.jpg,TP,1,24,0.8227891742802965,9984,11164,115.06383743775514,128.6631291221052
ZAZA-B_004_jpg.rf.9fae4295ae0fe50a89201daf82b520a6_r1c2.jpg,TP,6,6,0.817550046675656,8434,9089,97.20036107271903,104.74912043987945
ZAZA-B_004_jpg.rf.9fae4295ae0fe50a89201daf82b520a6_r1c2.jpg,TP,18,15,0.8096607245543416,4491,4950,51.75798216475945,57.0478761335024
ZAZA-B_004_jpg.rf.9fae4295ae0fe50a89201daf82b520a6_r1c2.jpg,TP,17,10,0.8001531393568146,1164,1187,13.414894508969049,13.679965448579262
ZAZA-B_004_jpg.rf.9fae4295ae0fe50a89201daf82b520a6_r1c2.jpg,TP,13,16,0.7977895001255966,3298,3859,38.008867775412305,44.474293737209244
ZAZA-B_004_jpg.rf.9fae4295ae0fe50a89201daf82b520a6_r1c2.jpg,TP,15,7,0.7933442480537272,55978,51368,645.1365677174136,592.0071315607578
ZAZA-B_004_jpg.rf.9fae4295ae0fe50a89201daf82b520a6_r1c2.jpg,TP,27,13,0.7605419394123916,5502,6063,63.40957868414751,69.87500464594446
ZAZA-B_004_jpg.rf.9fae4295ae0fe50a89201daf82b520a6_r1c2.jpg,TP,3,4,0.7532123960695389,4505,4773,51.91932969321784,55.00798238084989
ZAZA-B_004_jpg.rf.9fae4295ae0fe50a89201daf82b520a6_r1c2.jpg,TP,23,19,0.7319693094629156,1564,1822,18.024823893494496,20.998228346513407
ZAZA-B_004_jpg.rf.9fae4295ae0fe50a89201daf82b520a6_r1c2.jpg,TP,4,20,0.7313985798085829,2377,3231,27.394505367542465,37.23670460350429
ZAZA-B_004_jpg.rf.9fae4295ae0fe50a89201daf82b520a6_r1c2.jpg,TP,22,2,0.7197417966648736,3548,2846,40.89007364074071,32.79964757089855
ZAZA-B_004_jpg.rf.9fae4295ae0fe50a89201daf82b520a6_r1c2.jpg,TP,28,12,0.7141509433962264,1015,802,11.69769581323332,9.24290841597352
ZAZA-B_004_jpg.rf.9fae4295ae0fe50a89201daf82b520a6_r1c2.jpg,TP,25,21,0.6666666666666666,872,693,10.049646058265473,7.986702658690335
ZAZA-B_004_jpg.rf.9fae4295ae0fe50a89201daf82b520a6_r1c2.jpg,TP,26,8,0.6452113222179139,2526,1717,29.111704063278193,19.78812188307548
ZAZA-B_004_jpg.rf.9fae4295ae0fe50a89201daf82b520a6_r1c2.jpg,FP,2,-1,0.0,0,5329,0.0,61.41578422534026
ZAZA-B_004_jpg.rf.9fae4295ae0fe50a89201daf82b520a6_r1c2.jpg,FP,9,-1,0.0,0,4809,0.0,55.42287602545718
ZAZA-B_004_jpg.rf.9fae4295ae0fe50a89201daf82b520a6_r1c2.jpg,FP,19,-1,0.0,0,2632,0.0,30.333335350177435
ZAZA-B_004_jpg.rf.9fae4295ae0fe50a89201daf82b520a6_r1c2.jpg,FP,20,-1,0.0,0,1876,0.0,21.62056881342434
ZAZA-B_004_jpg.rf.9fae4295ae0fe50a89201daf82b520a6_r1c2.jpg,FP,24,-1,0.0,0,2288,0.0,26.368796079485552
ZAZA-B_004_jpg.rf.9fae4295ae0fe50a89201daf82b520a6_r1c2.jpg,FN,-1,17,0.0,5503,0,63.42110350760883,0.0
ZAZA-B_004_jpg.rf.9fae4295ae0fe50a89201daf82b520a6_r2c0.jpg,TP,18,2,0.9197459785756655,28268,26750,325.7837096044133,308.2890275901392
ZAZA-B_004_jpg.rf.9fae4295ae0fe50a89201daf82b520a6_r2c0.jpg,TP,7,16,0.9056169232737664,23139,21542,266.67289007133576,248.2677470036179
ZAZA-B_004_jpg.rf.9fae4295ae0fe50a89201daf82b520a6_r2c0.jpg,TP,5,9,0.8727318548387096,3724,3707,42.918442569931905,42.722520571089575
ZAZA-B_004_jpg.rf.9fae4295ae0fe50a89201daf82b520a6_r2c0.jpg,TP,9,6,0.8705161854768154,3120,3294,35.95744919929848,37.96276848156705
ZAZA-B_004_jpg.rf.9fae4295ae0fe50a89201daf82b520a6_r2c0.jpg,TP,8,4,0.8668960042339243,7155,6955,82.46011186569892,80.15514717343619
ZAZA-B_004_jpg.rf.9fae4295ae0fe50a89201daf82b520a6_r2c0.jpg,TP,2,5,0.8616296818128449,15925,15786,183.53281362141934,181.93086316029675
ZAZA-B_004_jpg.rf.9fae4295ae0fe50a89201daf82b520a6_r2c0.jpg,TP,20,11,0.8588975894365116,11683,12531,134.64451249852698,144.41756279372092
ZAZA-B_004_jpg.rf.9fae4295ae0fe50a89201daf82b520a6_r2c0.jpg,TP,6,8,0.8447270800211977,6825,7099,78.65692012346543,81.81472175186536
ZAZA-B_004_jpg.rf.9fae4295ae0fe50a89201daf82b520a6_r2c0.jpg,TP,3,0,0.8435724376079109,31084,27643,358.23761247147246,318.5806949410923
ZAZA-B_004_jpg.rf.9fae4295ae0fe50a89201daf82b520a6_r2c0.jpg,TP,13,13,0.8433021437877531,7734,7829,89.13298464979951,90.2278428786243
ZAZA-B_004_jpg.rf.9fae4295ae0fe50a89201daf82b520a6_r2c0.jpg,TP,1,15,0.8373820012586533,7147,7451,82.36791327800842,85.87145961024775
ZAZA-B_004_jpg.rf.9fae4295ae0fe50a89201daf82b520a6_r2c0.jpg,TP,15,3,0.8345078693915903,24634,22223,283.9025011459996,256.1161517807725
ZAZA-B_004_jpg.rf.9fae4295ae0fe50a89201daf82b520a6_r2c0.jpg,TP,21,18,0.8146284296153316,13532,12791,155.95391107849585,147.41401689366245
ZAZA-B_004_jpg.rf.9fae4295ae0fe50a89201daf82b520a6_r2c0.jpg,TP,0,14,0.8013537704184381,17610,14591,202.95214115373278,168.15869912402698
ZAZA-B_004_jpg.rf.9fae4295ae0fe50a89201daf82b520a6_r2c0.jpg,TP,10,1,0.7837958818263205,4063,3907,46.82535772331722,45.0274852633523
ZAZA-B_004_jpg.rf.9fae4295ae0fe50a89201daf82b520a6_r2c0.jpg,TP,12,10,0.7793669940835201,16546,14431,190.68972899089508,166.3147273702168
ZAZA-B_004_jpg.rf.9fae4295ae0fe50a89201daf82b520a6_r2c0.jpg,TP,4,20,0.7269779018025492,12675,10223,146.07713737215008,117.81827024500909
ZAZA-B_004_jpg.rf.9fae4295ae0fe50a89201daf82b520a6_r2c0.jpg,TP,17,12,0.6553042370181587,2991,2205,34.47074697278902,25.41223573219652
ZAZA-B_004_jpg.rf.9fae4295ae0fe50a89201daf82b520a6_r2c0.jpg,TP,14,7,0.5801158301158301,1907,1367,21.977838340725064,15.754433671615713
ZAZA-B_004_jpg.rf.9fae4295ae0fe50a89201daf82b520a6_r2c0.jpg,FP,11,-1,0.0,0,8240,0.0,94.9645453212242
ZAZA-B_004_jpg.rf.9fae4295ae0fe50a89201daf82b520a6_r2c0.jpg,FP,16,-1,0.0,0,29451,0.0,339.4175757591473
ZAZA-B_004_jpg.rf.9fae4295ae0fe50a89201daf82b520a6_r2c0.jpg,FP,19,-1,0.0,0,4543,0.0,52.35727298474776
ZAZA-B_004_jpg.rf.9fae4295ae0fe50a89201daf82b520a6_r2c0.jpg,FN,-1,17,0.0,9291,0,107.0771347790648,0.0
ZAZA-B_004_jpg.rf.9fae4295ae0fe50a89201daf82b520a6_r2c0.jpg,FN,-1,19,0.0,17433,0,200.91224740108026,0.0
ZAZA-B_004_jpg.rf.9fae4295ae0fe50a89201daf82b520a6_r2c1.jpg,TP,21,13,0.8487709588149113,5803,5554,66.87855054600291,64.00886950413582
ZAZA-B_004_jpg.rf.9fae4295ae0fe50a89201daf82b520a6_r2c1.jpg,TP,3,2,0.847872340425532,4338,4347,49.99468417517846,50.09840758633029
ZAZA-B_004_jpg.rf.9fae4295ae0fe50a89201daf82b520a6_r2c1.jpg,TP,5,21,0.8343967517401392,5766,6884,66.45213207793431,79.33688470768293
ZAZA-B_004_jpg.rf.9fae4295ae0fe50a89201daf82b520a6_r2c1.jpg,TP,14,16,0.8328440007829321,4332,5032,49.92553523441058,57.99291165733011
ZAZA-B_004_jpg.rf.9fae4295ae0fe50a89201daf82b520a6_r2c1.jpg,TP,2,5,0.8228353948620362,4466,5113,51.469861578226606,58.92642235769652
ZAZA-B_004_jpg.rf.9fae4295ae0fe50a89201daf82b520a6_r2c1.jpg,TP,11,12,0.8040885860306644,1469,1708,16.9299656646697,19.684398471923657
ZAZA-B_004_jpg.rf.9fae4295ae0fe50a89201daf82b520a6_r2c1.jpg,TP,9,14,0.79652466367713,1637,1568,18.86613600617039,18.07092318733975
ZAZA-B_004_jpg.rf.9fae4295ae0fe50a89201daf82b520a6_r2c1.jpg,TP,8,11,0.7941613062840178,1841,1785,21.217199992278367,20.571809878444803
ZAZA-B_004_jpg.rf.9fae4295ae0fe50a89201daf82b520a6_r2c1.jpg,TP,1,4,0.7804975922953451,4784,4090,55.13475543892434,47.13652795677269
ZAZA-B_004_jpg.rf.9fae4295ae0fe50a89201daf82b520a6_r2c1.jpg,TP,12,15,0.7769086357947435,3121,2558,35.968974022759795,29.48049841404023
ZAZA-B_004_jpg.rf.9fae4295ae0fe50a89201daf82b520a6_r2c1.jpg,TP,0,19,0.7716318567821896,3808,3911,43.88652774068225,45.07358455719755
ZAZA-B_004_jpg.rf.9fae4295ae0fe50a89201daf82b520a6_r2c1.jpg,TP,24,7,0.7544970019986675,2401,2866,27.67110113061399,33.030144040124824
ZAZA-B_004_jpg.rf.9fae4295ae0fe50a89201daf82b520a6_r2c1.jpg,TP,15,9,0.7309899245470565,21989,16323,253.4193430908251,188.11969335902216
ZAZA-B_004_jpg.rf.9fae4295ae0fe50a89201daf82b520a6_r2c1.jpg,TP,4,18,0.7085865322859543,39953,29214,460.4512717498629,336.686192598816
ZAZA-B_004_jpg.rf.9fae4295ae0fe50a89201daf82b520a6_r2c1.jpg,TP,7,3,0.6744782673047511,20005,13935,230.55409334357887,160.59841493340522
ZAZA-B_004_jpg.rf.9fae4295ae0fe50a89201daf82b520a6_r2c1.jpg,FP,6,-1,0.0,0,4255,0.0,49.038123827889436
ZAZA-B_004_jpg.rf.9fae4295ae0fe50a89201daf82b520a6_r2c1.jpg,FP,10,-1,0.0,0,2584,0.0,29.780143824034383
ZAZA-B_004_jpg.rf.9fae4295ae0fe50a89201daf82b520a6_r2c1.jpg,FP,13,-1,0.0,0,4941,0.0,56.94415272235057
ZAZA-B_004_jpg.rf.9fae4295ae0fe50a89201daf82b520a6_r2c1.jpg,FP,16,-1,0.0,0,2870,0.0,33.076243333970076
ZAZA-B_004_jpg.rf.9fae4295ae0fe50a89201daf82b520a6_r2c1.jpg,FP,17,-1,0.0,0,9217,0.0,106.2242978429276
ZAZA-B_004_jpg.rf.9fae4295ae0fe50a89201daf82b520a6_r2c1.jpg,FP,18,-1,0.0,0,2463,0.0,28.385640185215436
ZAZA-B_004_jpg.rf.9fae4295ae0fe50a89201daf82b520a6_r2c1.jpg,FP,19,-1,0.0,0,1725,0.0,19.880320470765987
ZAZA-B_004_jpg.rf.9fae4295ae0fe50a89201daf82b520a6_r2c1.jpg,FP,20,-1,0.0,0,4746,0.0,54.69681214739442
ZAZA-B_004_jpg.rf.9fae4295ae0fe50a89201daf82b520a6_r2c1.jpg,FP,22,-1,0.0,0,9222,0.0,106.28192196023417
ZAZA-B_004_jpg.rf.9fae4295ae0fe50a89201daf82b520a6_r2c1.jpg,FP,23,-1,0.0,0,3996,0.0,46.053194551409206
ZAZA-B_004_jpg.rf.9fae4295ae0fe50a89201daf82b520a6_r2c1.jpg,FP,25,-1,0.0,0,3448,0.0,39.737591294609345
ZAZA-B_004_jpg.rf.9fae4295ae0fe50a89201daf82b520a6_r2c1.jpg,FN,-1,0,0.0,1308,0,15.07446908739821,0.0
ZAZA-B_004_jpg.rf.9fae4295ae0fe50a89201daf82b520a6_r2c1.jpg,FN,-1,1,0.0,1834,0,21.13652622804917,0.0
ZAZA-B_004_jpg.rf.9fae4295ae0fe50a89201daf82b520a6_r2c1.jpg,FN,-1,6,0.0,1709,0,19.69592329538497,0.0
ZAZA-B_004_jpg.rf.9fae4295ae0fe50a89201daf82b520a6_r2c1.jpg,FN,-1,8,0.0,5873,0,67.68528818829486,0.0
ZAZA-B_004_jpg.rf.9fae4295ae0fe50a89201daf82b520a6_r2c1.jpg,FN,-1,10,0.0,9832,0,113.31206427163546,0.0
ZAZA-B_004_jpg.rf.9fae4295ae0fe50a89201daf82b520a6_r2c1.jpg,FN,-1,17,0.0,9764,0,112.52837627626614,0.0
ZAZA-B_004_jpg.rf.9fae4295ae0fe50a89201daf82b520a6_r2c1.jpg,FN,-1,20,0.0,19699,0,227.02749736441692,0.0
ZAZA-B_004_jpg.rf.9fae4295ae0fe50a89201daf82b520a6_r2c2.jpg,TP,8,2,0.9061574896388396,3326,3113,38.331562832329084,35.876775435069284
ZAZA-B_004_jpg.rf.9fae4295ae0fe50a89201daf82b520a6_r2c2.jpg,TP,0,14,0.9034841479524438,11692,11363,134.74823590967878,130.95656899090662
ZAZA-B_004_jpg.rf.9fae4295ae0fe50a89201daf82b520a6_r2c2.jpg,TP,5,1,0.89206206431302,4092,4322,47.15957760369532,49.81028699979745
ZAZA-B_004_jpg.rf.9fae4295ae0fe50a89201daf82b520a6_r2c2.jpg,TP,23,23,0.8835579514824797,17497,17443,201.64983610260433,201.0274956356934
ZAZA-B_004_jpg.rf.9fae4295ae0fe50a89201daf82b520a6_r2c2.jpg,TP,16,21,0.8776712038930813,26536,26711,305.8227153694181,307.839559475148
ZAZA-B_004_jpg.rf.9fae4295ae0fe50a89201daf82b520a6_r2c2.jpg,TP,15,19,0.8698085951607079,5246,5109,60.459223878051226,58.880323063851264
ZAZA-B_004_jpg.rf.9fae4295ae0fe50a89201daf82b520a6_r2c2.jpg,TP,6,5,0.8477791486736582,5998,5983,69.12589112095907,68.95301876903936
ZAZA-B_004_jpg.rf.9fae4295ae0fe50a89201daf82b520a6_r2c2.jpg,TP,12,9,0.8434175531914894,2852,2693,32.86879651166643,31.036349581317566
ZAZA-B_004_jpg.rf.9fae4295ae0fe50a89201daf82b520a6_r2c2.jpg,TP,13,18,0.8199837089329352,3522,3181,40.590428230746554,36.66046343043861
ZAZA-B_004_jpg.rf.9fae4295ae0fe50a89201daf82b520a6_r2c2.jpg,TP,20,3,0.8167237834132968,6906,6347,79.59043082383182,73.14805450895751
ZAZA-B_004_jpg.rf.9fae4295ae0fe50a89201daf82b520a6_r2c2.jpg,TP,22,6,0.8058428128231644,10281,10674,118.48671000576529,123.01596562606153
ZAZA-B_004_jpg.rf.9fae4295ae0fe50a89201daf82b520a6_r2c2.jpg,TP,25,17,0.8050020061522001,6537,6959,75.33777096660711,80.20124646728145
ZAZA-B_004_jpg.rf.9fae4295ae0fe50a89201daf82b520a6_r2c2.jpg,TP,17,25,0.7788617886178861,2353,2023,27.11790960447094,23.314717862237444
ZAZA-B_004_jpg.rf.9fae4295ae0fe50a89201daf82b520a6_r2c2.jpg,TP,4,11,0.7786435786435787,2891,3272,33.318264626657665,37.70922236541815
ZAZA-B_004_jpg.rf.9fae4295ae0fe50a89201daf82b520a6_r2c2.jpg,TP,2,16,0.7743801652892562,4384,4204,50.52482605439889,48.45035783136244
ZAZA-B_004_jpg.rf.9fae4295ae0fe50a89201daf82b520a6_r2c2.jpg,TP,19,4,0.7679978629624683,5764,7473,66.42908243101168,86.12500572639665
ZAZA-B_004_jpg.rf.9fae4295ae0fe50a89201daf82b520a6_r2c2.jpg,TP,11,10,0.7392889699179581,1975,1841,22.76152633609439,21.217199992278367
ZAZA-B_004_jpg.rf.9fae4295ae0fe50a89201daf82b520a6_r2c2.jpg,TP,1,13,0.7200942840306424,2553,3285,29.42287429673366,37.85904507041523
ZAZA-B_004_jpg.rf.9fae4295ae0fe50a89201daf82b520a6_r2c2.jpg,TP,7,8,0.7037860082304527,11744,8957,135.3475267296671,103.22784374298605
ZAZA-B_004_jpg.rf.9fae4295ae0fe50a89201daf82b520a6_r2c2.jpg,TP,3,12,0.7029231815091774,2466,2544,28.420214655599377,29.319150885581838
ZAZA-B_004_jpg.rf.9fae4295ae0fe50a89201daf82b520a6_r2c2.jpg,TP,14,15,0.5722530270453774,8509,5385,98.06472283231756,62.061174339173824
ZAZA-B_004_jpg.rf.9fae4295ae0fe50a89201daf82b520a6_r2c2.jpg,FP,9,-1,0.0,0,3248,0.0,37.43262660234662
ZAZA-B_004_jpg.rf.9fae4295ae0fe50a89201daf82b520a6_r2c2.jpg,FP,10,-1,0.0,0,14488,0.0,166.97164230751167
ZAZA-B_004_jpg.rf.9fae4295ae0fe50a89201daf82b520a6_r2c2.jpg,FP,18,-1,0.0,0,13778,0.0,158.789017649979
ZAZA-B_004_jpg.rf.9fae4295ae0fe50a89201daf82b520a6_r2c2.jpg,FP,21,-1,0.0,0,12458,0.0,143.57625068104502
ZAZA-B_004_jpg.rf.9fae4295ae0fe50a89201daf82b520a6_r2c2.jpg,FP,24,-1,0.0,0,4991,0.0,57.520393895416255
ZAZA-B_004_jpg.rf.9fae4295ae0fe50a89201daf82b520a6_r2c2.jpg,FP,26,-1,0.0,0,634,0.0,7.3067380744728325
ZAZA-B_004_jpg.rf.9fae4295ae0fe50a89201daf82b520a6_r2c2.jpg,FP,27,-1,0.0,0,8334,0.0,96.04787872658767
ZAZA-B_004_jpg.rf.9fae4295ae0fe50a89201daf82b520a6_r2c2.jpg,FP,28,-1,0.0,0,2921,0.0,33.66400933049707
ZAZA-B_004_jpg.rf.9fae4295ae0fe50a89201daf82b520a6_r2c2.jpg,FN,-1,0,0.0,5825,0,67.13209666215181,0.0
ZAZA-B_004_jpg.rf.9fae4295ae0fe50a89201daf82b520a6_r2c2.jpg,FN,-1,7,0.0,293,0,3.3767732741648895,0.0
ZAZA-B_004_jpg.rf.9fae4295ae0fe50a89201daf82b520a6_r2c2.jpg,FN,-1,20,0.0,1282,0,14.774823677404056,0.0
ZAZA-B_004_jpg.rf.9fae4295ae0fe50a89201daf82b520a6_r2c2.jpg,FN,-1,22,0.0,618,0,7.122340899091815,0.0
ZAZA-B_004_jpg.rf.9fae4295ae0fe50a89201daf82b520a6_r2c2.jpg,FN,-1,24,0.0,12102,0,139.4734135288174,0.0
ZAZA-B_004_jpg.rf.9fae4295ae0fe50a89201daf82b520a6_r2c2.jpg,FN,-1,26,0.0,5737,0,66.11791219755621,0.0
ZAZA-G_007_jpg.rf.b9cc35539ff0af0861e89e273942e011_r0c0.jpg,TP,13,10,0.7583554149927344,9237,11334,106.45479431215387,130.62234911052852
ZAZA-G_007_jpg.rf.b9cc35539ff0af0861e89e273942e011_r0c0.jpg,TP,3,5,0.6494614003590664,12231,9819,140.96011575532683,113.1622415666384
ZAZA-G_007_jpg.rf.b9cc35539ff0af0861e89e273942e011_r0c0.jpg,TP,16,7,0.6391152502910361,7259,6821,83.65869350567554,78.61082082962017
ZAZA-G_007_jpg.rf.b9cc35539ff0af0861e89e273942e011_r0c0.jpg,TP,7,1,0.5846954952984912,68264,47685,786.7305487631127,549.5612067527397
ZAZA-G_007_jpg.rf.b9cc35539ff0af0861e89e273942e011_r0c0.jpg,TP,2,11,0.5831062670299727,3029,4524,34.90869026431894,52.1383013389828
ZAZA-G_007_jpg.rf.b9cc35539ff0af0861e89e273942e011_r0c0.jpg,TP,4,0,0.5166147141603366,39267,60960,452.54524285540174,702.553238201678
ZAZA-G_007_jpg.rf.b9cc35539ff0af0861e89e273942e011_r0c0.jpg,FP,0,-1,0.0,0,13834,0.0,159.43440776381257
ZAZA-G_007_jpg.rf.b9cc35539ff0af0861e89e273942e011_r0c0.jpg,FP,1,-1,0.0,0,4425,0.0,50.99734381631275
ZAZA-G_007_jpg.rf.b9cc35539ff0af0861e89e273942e011_r0c0.jpg,FP,5,-1,0.0,0,5917,0.0,68.19238042059267
ZAZA-G_007_jpg.rf.b9cc35539ff0af0861e89e273942e011_r0c0.jpg,FP,6,-1,0.0,0,4322,0.0,49.81028699979745
ZAZA-G_007_jpg.rf.b9cc35539ff0af0861e89e273942e011_r0c0.jpg,FP,8,-1,0.0,0,4915,0.0,56.644507312356424
ZAZA-G_007_jpg.rf.b9cc35539ff0af0861e89e273942e011_r0c0.jpg,FP,9,-1,0.0,0,7884,0.0,90.86170816899654
ZAZA-G_007_jpg.rf.b9cc35539ff0af0861e89e273942e011_r0c0.jpg,FP,10,-1,0.0,0,5545,0.0,63.905146092984
ZAZA-G_007_jpg.rf.b9cc35539ff0af0861e89e273942e011_r0c0.jpg,FP,11,-1,0.0,0,14125,0.0,162.78813139105483
ZAZA-G_007_jpg.rf.b9cc35539ff0af0861e89e273942e011_r0c0.jpg,FP,12,-1,0.0,0,5244,0.0,60.436174231128604
ZAZA-G_007_jpg.rf.b9cc35539ff0af0861e89e273942e011_r0c0.jpg,FP,14,-1,0.0,0,1834,0.0,21.13652622804917
ZAZA-G_007_jpg.rf.b9cc35539ff0af0861e89e273942e011_r0c0.jpg,FP,15,-1,0.0,0,4533,0.0,52.24202475013462
ZAZA-G_007_jpg.rf.b9cc35539ff0af0861e89e273942e011_r0c0.jpg,FP,17,-1,0.0,0,28199,0.0,324.98849678558264
ZAZA-G_007_jpg.rf.b9cc35539ff0af0861e89e273942e011_r0c0.jpg,FP,18,-1,0.0,0,2319,0.0,26.726065606786275
ZAZA-G_007_jpg.rf.b9cc35539ff0af0861e89e273942e011_r0c0.jpg,FN,-1,2,0.0,52966,0,610.4237994519369,0.0
ZAZA-G_007_jpg.rf.b9cc35539ff0af0861e89e273942e011_r0c0.jpg,FN,-1,3,0.0,18639,0,214.8111844954245,0.0
ZAZA-G_007_jpg.rf.b9cc35539ff0af0861e89e273942e011_r0c0.jpg,FN,-1,4,0.0,15881,0,183.02572138912154,0.0
ZAZA-G_007_jpg.rf.b9cc35539ff0af0861e89e273942e011_r0c0.jpg,FN,-1,6,0.0,9212,0,106.16667372562102,0.0
ZAZA-G_007_jpg.rf.b9cc35539ff0af0861e89e273942e011_r0c0.jpg,FN,-1,8,0.0,12256,0,141.24823634185967,0.0
ZAZA-G_007_jpg.rf.b9cc35539ff0af0861e89e273942e011_r0c0.jpg,FN,-1,9,0.0,9923,0,114.36082320661501,0.0
ZAZA-G_007_jpg.rf.b9cc35539ff0af0861e89e273942e011_r0c1.jpg,TP,24,0,0.8441537554280812,16326,18073,188.15426782940608,208.288134416321
ZAZA-G_007_jpg.rf.b9cc35539ff0af0861e89e273942e011_r0c1.jpg,TP,20,25,0.8226973155441247,5346,5993,61.61170622418259,69.0682670036525
ZAZA-G_007_jpg.rf.b9cc35539ff0af0861e89e273942e011_r0c1.jpg,TP,3,15,0.8064733648010789,6323,7072,72.87145874588599,81.50355151840989
ZAZA-G_007_jpg.rf.b9cc35539ff0af0861e89e273942e011_r0c1.jpg,TP,11,6,0.7961844357193194,16557,19126,190.81650204896954,220.42377352108423
ZAZA-G_007_jpg.rf.b9cc35539ff0af0861e89e273942e011_r0c1.jpg,TP,13,18,0.7857511235541148,11421,12817,131.62500875166282,147.7136623036566
ZAZA-G_007_jpg.rf.b9cc35539ff0af0861e89e273942e011_r0c1.jpg,TP,10,8,0.7831966566787573,21521,23708,248.02572571093032,273.2305146208232
ZAZA-G_007_jpg.rf.b9cc35539ff0af0861e89e273942e011_r0c1.jpg,TP,8,1,0.7637978255456884,10581,10671,121.94415704415937,122.9813911556776
ZAZA-G_007_jpg.rf.b9cc35539ff0af0861e89e273942e011_r0c1.jpg,TP,27,10,0.7578288100208769,1476,1892,17.010639428898898,21.80496598880536
ZAZA-G_007_jpg.rf.b9cc35539ff0af0861e89e273942e011_r0c1.jpg,TP,18,3,0.7566811329374143,15646,15117,180.31738787571283,174.22075626467793
ZAZA-G_007_jpg.rf.b9cc35539ff0af0861e89e273942e011_r0c1.jpg,TP,6,5,0.7368473845227945,15754,18877,181.5620688095347,217.55409247921713
ZAZA-G_007_jpg.rf.b9cc35539ff0af0861e89e273942e011_r0c1.jpg,TP,1,7,0.729475916388973,6051,5367,69.7367067644087,61.85372751687017
ZAZA-G_007_jpg.rf.b9cc35539ff0af0861e89e273942e011_r0c1.jpg,TP,0,12,0.7002753653886888,3335,4692,38.43528624348091,54.074471680483484
ZAZA-G_007_jpg.rf.b9cc35539ff0af0861e89e273942e011_r0c1.jpg,TP,2,16,0.6201025265470523,7669,10029,88.38387112481412,115.58245449351425
ZAZA-G_007_jpg.rf.b9cc35539ff0af0861e89e273942e011_r0c1.jpg,FP,4,-1,0.0,0,2710,0.0,31.2322715801599
ZAZA-G_007_jpg.rf.b9cc35539ff0af0861e89e273942e011_r0c1.jpg,FP,5,-1,0.0,0,5407,0.0,62.31472045532272
ZAZA-G_007_jpg.rf.b9cc35539ff0af0861e89e273942e011_r0c1.jpg,FP,7,-1,0.0,0,4486,0.0,51.70035804745288
ZAZA-G_007_jpg.rf.b9cc35539ff0af0861e89e273942e011_r0c1.jpg,FP,9,-1,0.0,0,7875,0.0,90.75798475784472
ZAZA-G_007_jpg.rf.b9cc35539ff0af0861e89e273942e011_r0c1.jpg,FP,12,-1,0.0,0,927,0.0,10.683511348637722
ZAZA-G_007_jpg.rf.b9cc35539ff0af0861e89e273942e011_r0c1.jpg,FP,14,-1,0.0,0,4211,0.0,48.531031595591635
ZAZA-G_007_jpg.rf.b9cc35539ff0af0861e89e273942e011_r0c1.jpg,FP,15,-1,0.0,0,3400,0.0,39.18439976846629
ZAZA-G_007_jpg.rf.b9cc35539ff0af0861e89e273942e011_r0c1.jpg,FP,16,-1,0.0,0,1177,0.0,13.564717213966127
ZAZA-G_007_jpg.rf.b9cc35539ff0af0861e89e273942e011_r0c1.jpg,FP,17,-1,0.0,0,5614,0.0,64.70035891181463
ZAZA-G_007_jpg.rf.b9cc35539ff0af0861e89e273942e011_r0c1.jpg,FP,19,-1,0.0,0,1761,0.0,20.295214115373277
ZAZA-G_007_jpg.rf.b9cc35539ff0af0861e89e273942e011_r0c1.jpg,FP,21,-1,0.0,0,4391,0.0,50.60549981862809
ZAZA-G_007_jpg.rf.b9cc35539ff0af0861e89e273942e011_r0c1.jpg,FP,22,-1,0.0,0,17079,0.0,196.83245989577523
ZAZA-G_007_jpg.rf.b9cc35539ff0af0861e89e273942e011_r0c1.jpg,FP,23,-1,0.0,0,2570,0.0,29.618796295575994
ZAZA-G_007_jpg.rf.b9cc35539ff0af0861e89e273942e011_r0c1.jpg,FP,25,-1,0.0,0,9977,0.0,114.98316367352595
ZAZA-G_007_jpg.rf.b9cc35539ff0af0861e89e273942e011_r0c1.jpg,FP,26,-1,0.0,0,3905,0.0,45.00443561642967
ZAZA-G_007_jpg.rf.b9cc35539ff0af0861e89e273942e011_r0c1.jpg,FP,28,-1,0.0,0,10251,0.0,118.14096530192587
ZAZA-G_007_jpg.rf.b9cc35539ff0af0861e89e273942e011_r0c1.jpg,FP,29,-1,0.0,0,6793,0.0,78.2881257727034
ZAZA-G_007_jpg.rf.b9cc35539ff0af0861e89e273942e011_r0c1.jpg,FN,-1,2,0.0,25023,0,288.3856574724506,0.0
ZAZA-G_007_jpg.rf.b9cc35539ff0af0861e89e273942e011_r0c1.jpg,FN,-1,4,0.0,7030,0,81.01950893303471,0.0
ZAZA-G_007_jpg.rf.b9cc35539ff0af0861e89e273942e011_r0c1.jpg,FN,-1,9,0.0,900,0,10.372341115182254,0.0
ZAZA-G_007_jpg.rf.b9cc35539ff0af0861e89e273942e011_r0c1.jpg,FN,-1,11,0.0,474,0,5.462766320662654,0.0
ZAZA-G_007_jpg.rf.b9cc35539ff0af0861e89e273942e011_r0c1.jpg,FN,-1,13,0.0,5068,0,58.40780530193741,0.0
ZAZA-G_007_jpg.rf.b9cc35539ff0af0861e89e273942e011_r0c1.jpg,FN,-1,14,0.0,8512,0,98.0992973027015,0.0
ZAZA-G_007_jpg.rf.b9cc35539ff0af0861e89e273942e011_r0c1.jpg,FN,-1,17,0.0,43232,0,498.2411678795102,0.0
ZAZA-G_007_jpg.rf.b9cc35539ff0af0861e89e273942e011_r0c1.jpg,FN,-1,19,0.0,18683,0,215.3182767277223,0.0
ZAZA-G_007_jpg.rf.b9cc35539ff0af0861e89e273942e011_r0c1.jpg,FN,-1,20,0.0,15247,0,175.7189833146487,0.0
ZAZA-G_007_jpg.rf.b9cc35539ff0af0861e89e273942e011_r0c1.jpg,FN,-1,21,0.0,8280,0,95.42553825967674,0.0
ZAZA-G_007_jpg.rf.b9cc35539ff0af0861e89e273942e011_r0c1.jpg,FN,-1,22,0.0,7500,0,86.43617595985212,0.0
ZAZA-G_007_jpg.rf.b9cc35539ff0af0861e89e273942e011_r0c1.jpg,FN,-1,23,0.0,18122,0,208.85285076592535,0.0
ZAZA-G_007_jpg.rf.b9cc35539ff0af0861e89e273942e011_r0c1.jpg,FN,-1,24,0.0,16062,0,185.1117144356193,0.0
ZAZA-G_007_jpg.rf.b9cc35539ff0af0861e89e273942e011_r0c1.jpg,FN,-1,26,0.0,9098,0,104.85284385103128,0.0
ZAZA-G_007_jpg.rf.b9cc35539ff0af0861e89e273942e011_r0c2.jpg,TP,0,12,0.773955773955774,2059,2273,23.729611506844734,26.195923727565848
ZAZA-G_007_jpg.rf.b9cc35539ff0af0861e89e273942e011_r0c2.jpg,TP,8,8,0.773,3161,3931,36.42996696121234,45.30408102642382
ZAZA-G_007_jpg.rf.b9cc35539ff0af0861e89e273942e011_r0c2.jpg,TP,7,0,0.7608776496838974,9558,9382,110.15426264323554,108.12589371404434
ZAZA-G_007_jpg.rf.b9cc35539ff0af0861e89e273942e011_r0c2.jpg,TP,6,5,0.7360813704496788,2830,3656,32.615250395517535,42.13475457456258
ZAZA-G_007_jpg.rf.b9cc35539ff0af0861e89e273942e011_r0c2.jpg,TP,4,7,0.5245527375368395,23001,13727,265.0824644336745,158.201251653452
ZAZA-G_007_jpg.rf.b9cc35539ff0af0861e89e273942e011_r0c2.jpg,FP,1,-1,0.0,0,6261,0.0,72.15691969128454
ZAZA-G_007_jpg.rf.b9cc35539ff0af0861e89e273942e011_r0c2.jpg,FP,2,-1,0.0,0,9823,0.0,113.20834086048364
ZAZA-G_007_jpg.rf.b9cc35539ff0af0861e89e273942e011_r0c2.jpg,FP,3,-1,0.0,0,2411,0.0,27.786349365227128
ZAZA-G_007_jpg.rf.b9cc35539ff0af0861e89e273942e011_r0c2.jpg,FP,5,-1,0.0,0,3813,0.0,43.944151857988814
ZAZA-G_007_jpg.rf.b9cc35539ff0af0861e89e273942e011_r0c2.jpg,FP,9,-1,0.0,0,5032,0.0,57.99291165733011
ZAZA-G_007_jpg.rf.b9cc35539ff0af0861e89e273942e011_r0c2.jpg,FP,10,-1,0.0,0,4464,0.0,51.446811931303984
ZAZA-G_007_jpg.rf.b9cc35539ff0af0861e89e273942e011_r0c2.jpg,FP,11,-1,0.0,0,4667,0.0,53.78635109395064
ZAZA-G_007_jpg.rf.b9cc35539ff0af0861e89e273942e011_r0c2.jpg,FP,12,-1,0.0,0,5111,0.0,58.90337271077389
ZAZA-G_007_jpg.rf.b9cc35539ff0af0861e89e273942e011_r0c2.jpg,FP,13,-1,0.0,0,15412,0.0,177.62057918576545
ZAZA-G_007_jpg.rf.b9cc35539ff0af0861e89e273942e011_r0c2.jpg,FP,14,-1,0.0,0,1947,0.0,22.43883127917761
ZAZA-G_007_jpg.rf.b9cc35539ff0af0861e89e273942e011_r0c2.jpg,FP,15,-1,0.0,0,3542,0.0,40.82092469997283
ZAZA-G_007_jpg.rf.b9cc35539ff0af0861e89e273942e011_r0c2.jpg,FP,16,-1,0.0,0,3189,0.0,36.75266201812912
ZAZA-G_007_jpg.rf.b9cc35539ff0af0861e89e273942e011_r0c2.jpg,FP,17,-1,0.0,0,8713,0.0,100.41578681842553
ZAZA-G_007_jpg.rf.b9cc35539ff0af0861e89e273942e011_r0c2.jpg,FN,-1,1,0.0,22983,0,264.8750176113708,0.0
ZAZA-G_007_jpg.rf.b9cc35539ff0af0861e89e273942e011_r0c2.jpg,FN,-1,2,0.0,7275,0,83.84309068105655,0.0
ZAZA-G_007_jpg.rf.b9cc35539ff0af0861e89e273942e011_r0c2.jpg,FN,-1,3,0.0,10628,0,122.4858237468411,0.0
ZAZA-G_007_jpg.rf.b9cc35539ff0af0861e89e273942e011_r0c2.jpg,FN,-1,4,0.0,22055,0,254.17998143927178,0.0
ZAZA-G_007_jpg.rf.b9cc35539ff0af0861e89e273942e011_r0c2.jpg,FN,-1,6,0.0,23170,0,267.0301595986365,0.0
ZAZA-G_007_jpg.rf.b9cc35539ff0af0861e89e273942e011_r0c2.jpg,FN,-1,9,0.0,4019,0,46.318265491019424,0.0
ZAZA-G_007_jpg.rf.b9cc35539ff0af0861e89e273942e011_r0c2.jpg,FN,-1,10,0.0,23233,0,267.75622347669923,0.0
ZAZA-G_007_jpg.rf.b9cc35539ff0af0861e89e273942e011_r0c2.jpg,FN,-1,11,0.0,4475,0,51.57358498937843,0.0
ZAZA-G_007_jpg.rf.b9cc35539ff0af0861e89e273942e011_r0c2.jpg,FN,-1,13,0.0,24355,0,280.6870754002931,0.0
ZAZA-G_007_jpg.rf.b9cc35539ff0af0861e89e273942e011_r1c0.jpg,TP,0,3,0.8933460215211185,13414,12451,154.59398191006085,143.49557691681582
ZAZA-G_007_jpg.rf.b9cc35539ff0af0861e89e273942e011_r1c0.jpg,TP,5,2,0.8698162729658793,15666,16392,180.5478843449391,188.9149061778528
ZAZA-G_007_jpg.rf.b9cc35539ff0af0861e89e273942e011_r1c0.jpg,TP,2,14,0.8170731707317073,9860,11298,113.63475932855225,130.20745546592124
ZAZA-G_007_jpg.rf.b9cc35539ff0af0861e89e273942e011_r1c0.jpg,TP,6,13,0.8078619743162435,8414,10028,96.96986460349277,115.57092967005293
ZAZA-G_007_jpg.rf.b9cc35539ff0af0861e89e273942e011_r1c0.jpg,TP,12,0,0.797440537745605,7212,6693,83.11702680299379,77.13564342657203
ZAZA-G_007_jpg.rf.b9cc35539ff0af0861e89e273942e011_r1c0.jpg,TP,8,4,0.7644389071816321,10673,9154,123.00444080260021,105.49823396486484
ZAZA-G_007_jpg.rf.b9cc35539ff0af0861e89e273942e011_r1c0.jpg,TP,3,12,0.75946413787913,10846,12532,124.99823526140747,144.42908761718223
ZAZA-G_007_jpg.rf.b9cc35539ff0af0861e89e273942e011_r1c0.jpg,TP,1,1,0.7089470583284235,8942,11362,103.05497139106635,130.9450441674453
ZAZA-G_007_jpg.rf.b9cc35539ff0af0861e89e273942e011_r1c0.jpg,TP,9,9,0.6389713155291791,2323,2648,26.77216490063153,30.517732525558454
ZAZA-G_007_jpg.rf.b9cc35539ff0af0861e89e273942e011_r1c0.jpg,TP,7,15,0.6311981477908547,6757,10152,77.8732321280961,117.00000777925582
ZAZA-G_007_jpg.rf.b9cc35539ff0af0861e89e273942e011_r1c0.jpg,TP,13,6,0.5921725239616613,27453,22382,316.39097848344267,257.94859871112135
ZAZA-G_007_jpg.rf.b9cc35539ff0af0861e89e273942e011_r1c0.jpg,FP,4,-1,0.0,0,5471,0.0,63.05230915684679
ZAZA-G_007_jpg.rf.b9cc35539ff0af0861e89e273942e011_r1c0.jpg,FP,10,-1,0.0,0,5615,0.0,64.71188373527595
ZAZA-G_007_jpg.rf.b9cc35539ff0af0861e89e273942e011_r1c0.jpg,FP,11,-1,0.0,0,7605,0.0,87.64628242329005
ZAZA-G_007_jpg.rf.b9cc35539ff0af0861e89e273942e011_r1c0.jpg,FP,14,-1,0.0,0,464,0.0,5.347518086049518
ZAZA-G_007_jpg.rf.b9cc35539ff0af0861e89e273942e011_r1c0.jpg,FN,-1,5,0.0,14191,0,163.54876973950152,0.0
ZAZA-G_007_jpg.rf.b9cc35539ff0af0861e89e273942e011_r1c0.jpg,FN,-1,7,0.0,7233,0,83.35904809568139,0.0
ZAZA-G_007_jpg.rf.b9cc35539ff0af0861e89e273942e011_r1c0.jpg,FN,-1,8,0.0,5897,0,67.96188395136639,0.0
ZAZA-G_007_jpg.rf.b9cc35539ff0af0861e89e273942e011_r1c0.jpg,FN,-1,10,0.0,40047,0,461.53460515522636,0.0
ZAZA-G_007_jpg.rf.b9cc35539ff0af0861e89e273942e011_r1c0.jpg,FN,-1,11,0.0,16277,0,187.5895514798017,0.0
ZAZA-G_007_jpg.rf.b9cc35539ff0af0861e89e273942e011_r1c1.jpg,TP,0,6,0.827123695976155,10609,11459,122.26685210107615,132.06295204319272
ZAZA-G_007_jpg.rf.b9cc35539ff0af0861e89e273942e011_r1c1.jpg,TP,7,4,0.8010816756806307,10147,9501,116.94238366194926,109.49734770594067
ZAZA-G_007_jpg.rf.b9cc35539ff0af0861e89e273942e011_r1c1.jpg,TP,1,9,0.7701278507256393,10698,9793,123.29256138913306,112.86259615664424
ZAZA-G_007_jpg.rf.b9cc35539ff0af0861e89e273942e011_r1c1.jpg,TP,2,3,0.7227294569918309,4594,6161,52.94503898127475,71.00443734515319
ZAZA-G_007_jpg.rf.b9cc35539ff0af0861e89e273942e011_r1c1.jpg,TP,6,0,0.6838787878787879,3783,3163,43.598407154149406,36.453016608134966
ZAZA-G_007_jpg.rf.b9cc35539ff0af0861e89e273942e011_r1c1.jpg,FP,3,-1,0.0,0,3439,0.0,39.633867883457526
ZAZA-G_007_jpg.rf.b9cc35539ff0af0861e89e273942e011_r1c1.jpg,FP,4,-1,0.0,0,20706,0.0,238.63299458995974
ZAZA-G_007_jpg.rf.b9cc35539ff0af0861e89e273942e011_r1c1.jpg,FP,5,-1,0.0,0,8467,0.0,97.58068024694238
ZAZA-G_007_jpg.rf.b9cc35539ff0af0861e89e273942e011_r1c1.jpg,FP,8,-1,0.0,0,1961,0.0,22.600178807636002
ZAZA-G_007_jpg.rf.b9cc35539ff0af0861e89e273942e011_r1c1.jpg,FP,9,-1,0.0,0,4256,0.0,49.04964865135075
ZAZA-G_007_jpg.rf.b9cc35539ff0af0861e89e273942e011_r1c1.jpg,FP,10,-1,0.0,0,6969,0.0,80.31649470189458
ZAZA-G_007_jpg.rf.b9cc35539ff0af0861e89e273942e011_r1c1.jpg,FP,11,-1,0.0,0,4810,0.0,55.43440084891849
ZAZA-G_007_jpg.rf.b9cc35539ff0af0861e89e273942e011_r1c1.jpg,FP,12,-1,0.0,0,3915,0.0,45.11968385104281
ZAZA-G_007_jpg.rf.b9cc35539ff0af0861e89e273942e011_r1c1.jpg,FP,13,-1,0.0,0,7822,0.0,90.1471691143951
ZAZA-G_007_jpg.rf.b9cc35539ff0af0861e89e273942e011_r1c1.jpg,FP,14,-1,0.0,0,2138,0.0,24.64007256028851
ZAZA-G_007_jpg.rf.b9cc35539ff0af0861e89e273942e011_r1c1.jpg,FP,15,-1,0.0,0,4237,0.0,48.83067700558579
ZAZA-G_007_jpg.rf.b9cc35539ff0af0861e89e273942e011_r1c1.jpg,FN,-1,1,0.0,10274,0,118.40603624153609,0.0
ZAZA-G_007_jpg.rf.b9cc35539ff0af0861e89e273942e011_r1c1.jpg,FN,-1,2,0.0,44953,0,518.0753890564309,0.0
ZAZA-G_007_jpg.rf.b9cc35539ff0af0861e89e273942e011_r1c1.jpg,FN,-1,5,0.0,15386,0,177.3209337757713,0.0
ZAZA-G_007_jpg.rf.b9cc35539ff0af0861e89e273942e011_r1c1.jpg,FN,-1,7,0.0,17305,0,199.43706999803211,0.0
ZAZA-G_007_jpg.rf.b9cc35539ff0af0861e89e273942e011_r1c1.jpg,FN,-1,8,0.0,32076,0,369.67023734509553,0.0
ZAZA-G_007_jpg.rf.b9cc35539ff0af0861e89e273942e011_r1c1.jpg,FN,-1,10,0.0,3951,0,45.5345774956501,0.0
ZAZA-G_007_jpg.rf.b9cc35539ff0af0861e89e273942e011_r1c2.jpg,TP,12,0,0.8309677056690744,34056,31088,392.4893877984965,358.28371176531766
ZAZA-G_007_jpg.rf.b9cc35539ff0af0861e89e273942e011_r1c2.jpg,TP,4,1,0.7841625788367204,5307,4877,61.16223810919136,56.206564020826505
ZAZA-G_007_jpg.rf.b9cc35539ff0af0861e89e273942e011_r1c2.jpg,TP,3,5,0.7526968884454699,13299,14809,153.2686272120098,170.67111063859335
ZAZA-G_007_jpg.rf.b9cc35539ff0af0861e89e273942e011_r1c2.jpg,TP,2,4,0.6965825963533137,6772,8767,78.0461044800158,101.03812728533647
ZAZA-G_007_jpg.rf.b9cc35539ff0af0861e89e273942e011_r1c2.jpg,FP,0,-1,0.0,0,4963,0.0,57.19769883849948
ZAZA-G_007_jpg.rf.b9cc35539ff0af0861e89e273942e011_r1c2.jpg,FP,1,-1,0.0,0,4569,0.0,52.65691839474191
ZAZA-G_007_jpg.rf.b9cc35539ff0af0861e89e273942e011_r1c2.jpg,FP,5,-1,0.0,0,5047,0.0,58.16578400924982
ZAZA-G_007_jpg.rf.b9cc35539ff0af0861e89e273942e011_r1c2.jpg,FP,6,-1,0.0,0,1871,0.0,21.562944696117775
ZAZA-G_007_jpg.rf.b9cc35539ff0af0861e89e273942e011_r1c2.jpg,FP,7,-1,0.0,0,4744,0.0,54.673762500471796
ZAZA-G_007_jpg.rf.b9cc35539ff0af0861e89e273942e011_r1c2.jpg,FP,8,-1,0.0,0,2800,0.0,32.26950569167813
ZAZA-G_007_jpg.rf.b9cc35539ff0af0861e89e273942e011_r1c2.jpg,FP,9,-1,0.0,0,4333,0.0,49.937060057871896
ZAZA-G_007_jpg.rf.b9cc35539ff0af0861e89e273942e011_r1c2.jpg,FP,10,-1,0.0,0,6432,0.0,74.12766450316917
ZAZA-G_007_jpg.rf.b9cc35539ff0af0861e89e273942e011_r1c2.jpg,FP,11,-1,0.0,0,17342,0.0,199.86348846610073
ZAZA-G_007_jpg.rf.b9cc35539ff0af0861e89e273942e011_r1c2.jpg,FP,13,-1,0.0,0,1422,0.0,16.38829896198796
ZAZA-G_007_jpg.rf.b9cc35539ff0af0861e89e273942e011_r1c2.jpg,FN,-1,2,0.0,5058,0,58.29255706732427,0.0
ZAZA-G_007_jpg.rf.b9cc35539ff0af0861e89e273942e011_r1c2.jpg,FN,-1,3,0.0,39007,0,449.54878875546024,0.0
ZAZA-G_007_jpg.rf.b9cc35539ff0af0861e89e273942e011_r1c2.jpg,FN,-1,6,0.0,6132,0,70.67021746477509,0.0
ZAZA-G_007_jpg.rf.b9cc35539ff0af0861e89e273942e011_r1c2.jpg,FN,-1,7,0.0,7628,0,87.91135336290026,0.0
ZAZA-G_007_jpg.rf.b9cc35539ff0af0861e89e273942e011_r1c2.jpg,FN,-1,8,0.0,18468,0,212.84043968353987,0.0
ZAZA-G_007_jpg.rf.b9cc35539ff0af0861e89e273942e011_r1c2.jpg,FN,-1,9,0.0,3547,0,40.878548817279395,0.0
ZAZA-G_007_jpg.rf.b9cc35539ff0af0861e89e273942e011_r2c0.jpg,TP,9,2,0.8341708542713567,2755,3085,31.75088863591901,35.554080378152506
ZAZA-G_007_jpg.rf.b9cc35539ff0af0861e89e273942e011_r2c0.jpg,TP,2,10,0.8119266055045872,8274,7921,95.35638931890885,91.28812663706515
ZAZA-G_007_jpg.rf.b9cc35539ff0af0861e89e273942e011_r2c0.jpg,TP,0,5,0.7941546989166037,3236,3885,37.29432872081086,44.7739391472034
ZAZA-G_007_jpg.rf.b9cc35539ff0af0861e89e273942e011_r2c0.jpg,TP,5,4,0.7738470519556334,6937,8256,79.94770035113255,95.14894249660522
ZAZA-G_007_jpg.rf.b9cc35539ff0af0861e89e273942e011_r2c0.jpg,TP,8,3,0.7423006492425503,5873,4593,67.68528818829486,52.933514157813434
ZAZA-G_007_jpg.rf.b9cc35539ff0af0861e89e273942e011_r2c0.jpg,TP,11,11,0.7252694030754329,7307,6942,84.2118850318186,80.00532446843913
ZAZA-G_007_jpg.rf.b9cc35539ff0af0861e89e273942e011_r2c0.jpg,TP,7,7,0.7060311284046693,4631,4138,53.37145744934335,47.68971948291574
ZAZA-G_007_jpg.rf.b9cc35539ff0af0861e89e273942e011_r2c0.jpg,TP,6,1,0.6237369375593748,45128,30077,520.0922331621608,346.63211524592964
ZAZA-G_007_jpg.rf.b9cc35539ff0af0861e89e273942e011_r2c0.jpg,TP,12,15,0.5985233798195242,18018,11211,207.65426912594873,129.20479582478694
ZAZA-G_007_jpg.rf.b9cc35539ff0af0861e89e273942e011_r2c0.jpg,TP,10,17,0.5771174758768571,3846,6451,44.324471032212166,74.34663614893414
ZAZA-G_007_jpg.rf.b9cc35539ff0af0861e89e273942e011_r2c0.jpg,TP,13,6,0.5755891238670695,6798,6240,78.34574989000996,71.91489839859696
ZAZA-G_007_jpg.rf.b9cc35539ff0af0861e89e273942e011_r2c0.jpg,TP,3,16,0.5537377793870766,28767,18434,331.5345965116088,212.4485956858552
ZAZA-G_007_jpg.rf.b9cc35539ff0af0861e89e273942e011_r2c0.jpg,TP,16,14,0.5426843898459619,19968,12180,230.12767487551028,140.37234975879983
ZAZA-G_007_jpg.rf.b9cc35539ff0af0861e89e273942e011_r2c0.jpg,FP,1,-1,0.0,0,8999,0.0,103.71188632836123
ZAZA-G_007_jpg.rf.b9cc35539ff0af0861e89e273942e011_r2c0.jpg,FP,4,-1,0.0,0,4348,0.0,50.109932409791604
ZAZA-G_007_jpg.rf.b9cc35539ff0af0861e89e273942e011_r2c0.jpg,FP,14,-1,0.0,0,10965,0.0,126.3696892533038
ZAZA-G_007_jpg.rf.b9cc35539ff0af0861e89e273942e011_r2c0.jpg,FP,15,-1,0.0,0,7816,0.0,90.07802017362722
ZAZA-G_007_jpg.rf.b9cc35539ff0af0861e89e273942e011_r2c0.jpg,FP,17,-1,0.0,0,1535,0.0,17.6906040131164
ZAZA-G_007_jpg.rf.b9cc35539ff0af0861e89e273942e011_r2c0.jpg,FP,18,-1,0.0,0,6291,0.0,72.50266439512396
ZAZA-G_007_jpg.rf.b9cc35539ff0af0861e89e273942e011_r2c0.jpg,FP,19,-1,0.0,0,21648,0.0,249.48937829051715
ZAZA-G_007_jpg.rf.b9cc35539ff0af0861e89e273942e011_r2c0.jpg,FP,20,-1,0.0,0,3225,0.0,37.16755566273641
ZAZA-G_007_jpg.rf.b9cc35539ff0af0861e89e273942e011_r2c0.jpg,FN,-1,0,0.0,29954,0,345.21456196018806,0.0
ZAZA-G_007_jpg.rf.b9cc35539ff0af0861e89e273942e011_r2c0.jpg,FN,-1,8,0.0,24892,0,286.87590559901855,0.0
ZAZA-G_007_jpg.rf.b9cc35539ff0af0861e89e273942e011_r2c0.jpg,FN,-1,9,0.0,6387,0,73.60904744741006,0.0
ZAZA-G_007_jpg.rf.b9cc35539ff0af0861e89e273942e011_r2c0.jpg,FN,-1,12,0.0,49214,0,567.1826618250883,0.0
ZAZA-G_007_jpg.rf.b9cc35539ff0af0861e89e273942e011_r2c0.jpg,FN,-1,13,0.0,15611,0,179.91401905456686,0.0
ZAZA-G_007_jpg.rf.b9cc35539ff0af0861e89e273942e011_r2c1.jpg,TP,0,8,0.7949817041296393,8018,9151,92.40603451281257,105.4636594944809
ZAZA-G_007_jpg.rf.b9cc35539ff0af0861e89e273942e011_r2c1.jpg,TP,4,3,0.78030641473734,32371,35375,373.0700602661831,407.69062994396916
ZAZA-G_007_jpg.rf.b9cc35539ff0af0861e89e273942e011_r2c1.jpg,TP,1,6,0.7618003913894325,10392,12115,119.7659654099711,139.62323623381445
ZAZA-G_007_jpg.rf.b9cc35539ff0af0861e89e273942e011_r2c1.jpg,TP,3,1,0.7454545454545455,6760,8792,77.90780659848004,101.32624787186931
ZAZA-G_007_jpg.rf.b9cc35539ff0af0861e89e273942e011_r2c1.jpg,TP,2,7,0.6357131746772438,11775,9257,135.70479625696782,106.68529078138015
ZAZA-G_007_jpg.rf.b9cc35539ff0af0861e89e273942e011_r2c1.jpg,TP,5,2,0.5092980521866961,10340,10194,119.16667458998279,117.484050364631
ZAZA-G_007_jpg.rf.b9cc35539ff0af0861e89e273942e011_r2c1.jpg,FP,6,-1,0.0,0,6735,0.0,77.61968601194721
ZAZA-G_007_jpg.rf.b9cc35539ff0af0861e89e273942e011_r2c1.jpg,FP,7,-1,0.0,0,5536,0.0,63.80142268183218
ZAZA-G_007_jpg.rf.b9cc35539ff0af0861e89e273942e011_r2c1.jpg,FN,-1,0,0.0,3404,0,39.23049906231155,0.0
ZAZA-G_007_jpg.rf.b9cc35539ff0af0861e89e273942e011_r2c1.jpg,FN,-1,4,0.0,2397,0,27.625001836768735,0.0
ZAZA-G_007_jpg.rf.b9cc35539ff0af0861e89e273942e011_r2c1.jpg,FN,-1,5,0.0,22415,0,258.3289178853447,0.0
ZAZA-G_007_jpg.rf.b9cc35539ff0af0861e89e273942e011_r2c2.jpg,TP,0,7,0.7863512989530826,4586,4628,52.852840393584245,53.336882978959416
ZAZA-G_007_jpg.rf.b9cc35539ff0af0861e89e273942e011_r2c2.jpg,TP,4,5,0.767369122699072,17861,16608,205.84487184252248,191.40426804549654
ZAZA-G_007_jpg.rf.b9cc35539ff0af0861e89e273942e011_r2c2.jpg,TP,3,4,0.7320045467762828,32893,32627,379.08601811298877,376.0204150722793
ZAZA-G_007_jpg.rf.b9cc35539ff0af0861e89e273942e011_r2c2.jpg,TP,1,0,0.6778813992838311,39203,46077,451.8076541538777,531.0292906269475
ZAZA-G_007_jpg.rf.b9cc35539ff0af0861e89e273942e011_r2c2.jpg,TP,2,9,0.6741414141414142,3466,4821,39.94503811691299,55.56117390699294
ZAZA-G_007_jpg.rf.b9cc35539ff0af0861e89e273942e011_r2c2.jpg,TP,8,10,0.6126040678680578,6635,8667,76.46720366581584,99.88564493920511
ZAZA-G_007_jpg.rf.b9cc35539ff0af0861e89e273942e011_r2c2.jpg,FP,5,-1,0.0,0,31540,0.0,363.49293196983143
ZAZA-G_007_jpg.rf.b9cc35539ff0af0861e89e273942e011_r2c2.jpg,FP,6,-1,0.0,0,3496,0.0,40.2907828207524
ZAZA-G_007_jpg.rf.b9cc35539ff0af0861e89e273942e011_r2c2.jpg,FP,7,-1,0.0,0,859,0.0,9.899823353268395
ZAZA-G_007_jpg.rf.b9cc35539ff0af0861e89e273942e011_r2c2.jpg,FP,9,-1,0.0,0,2668,0.0,30.74822899478473
ZAZA-G_007_jpg.rf.b9cc35539ff0af0861e89e273942e011_r2c2.jpg,FP,10,-1,0.0,0,2353,0.0,27.11790960447094
ZAZA-G_007_jpg.rf.b9cc35539ff0af0861e89e273942e011_r2c2.jpg,FP,11,-1,0.0,0,7934,0.0,91.43794934206223
ZAZA-G_007_jpg.rf.b9cc35539ff0af0861e89e273942e011_r2c2.jpg,FN,-1,1,0.0,14066,0,162.10816680683732,0.0
ZAZA-G_007_jpg.rf.b9cc35539ff0af0861e89e273942e011_r2c2.jpg,FN,-1,2,0.0,15319,0,176.5487706038633,0.0
ZAZA-G_007_jpg.rf.b9cc35539ff0af0861e89e273942e011_r2c2.jpg,FN,-1,3,0.0,9881,0,113.87678062123983,0.0
ZAZA-G_007_jpg.rf.b9cc35539ff0af0861e89e273942e011_r2c2.jpg,FN,-1,6,0.0,5168,0,59.560287648068766,0.0
ZAZA-G_007_jpg.rf.b9cc35539ff0af0861e89e273942e011_r2c2.jpg,FN,-1,8,0.0,9198,0,106.00532619716263,0.0
ZAZA-G_007_jpg.rf.b9cc35539ff0af0861e89e273942e011_r2c2.jpg,FN,-1,11,0.0,12686,0,146.20391043022454,0.0
ZAZA-G_013_jpg.rf.d376ef4953acedd3682f9e043326859d_r0c0.jpg,TP,2,6,0.8494042500921263,14570,15542,167.91667783133937,179.11880623573623
ZAZA-G_013_jpg.rf.d376ef4953acedd3682f9e043326859d_r0c0.jpg,TP,1,0,0.8368271954674221,13700,15478,157.89008141999653,178.38121753421214
ZAZA-G_013_jpg.rf.d376ef4953acedd3682f9e043326859d_r0c0.jpg,TP,3,7,0.8005974607916355,1084,1327,12.49290863206396,15.293440733163168
ZAZA-G_013_jpg.rf.d376ef4953acedd3682f9e043326859d_r0c0.jpg,TP,11,3,0.7829833907865873,6303,5076,72.64096227665972,58.50000388962791
ZAZA-G_013_jpg.rf.d376ef4953acedd3682f9e043326859d_r0c0.jpg,TP,7,9,0.7623246492985972,3808,4986,43.88652774068225,57.46276977810969
ZAZA-G_013_jpg.rf.d376ef4953acedd3682f9e043326859d_r0c0.jpg,TP,4,12,0.7417423616845582,4564,3873,52.59929427743534,44.63564126566764
ZAZA-G_013_jpg.rf.d376ef4953acedd3682f9e043326859d_r0c0.jpg,TP,6,5,0.7359156731310443,16746,17179,192.9946936831578,197.9849422419066
ZAZA-G_013_jpg.rf.d376ef4953acedd3682f9e043326859d_r0c0.jpg,TP,10,13,0.6549660949341842,12035,17008,138.70125035690936,196.01419743002197
ZAZA-G_013_jpg.rf.d376ef4953acedd3682f9e043326859d_r0c0.jpg,FP,0,-1,0.0,0,10649,0.0,122.72784503952869
ZAZA-G_013_jpg.rf.d376ef4953acedd3682f9e043326859d_r0c0.jpg,FP,5,-1,0.0,0,5611,0.0,64.6657844414307
ZAZA-G_013_jpg.rf.d376ef4953acedd3682f9e043326859d_r0c0.jpg,FP,8,-1,0.0,0,18008,0.0,207.53902089133558
ZAZA-G_013_jpg.rf.d376ef4953acedd3682f9e043326859d_r0c0.jpg,FP,9,-1,0.0,0,17542,0.0,202.16845315836346
ZAZA-G_013_jpg.rf.d376ef4953acedd3682f9e043326859d_r0c0.jpg,FP,12,-1,0.0,0,1923,0.0,22.162235516106083
ZAZA-G_013_jpg.rf.d376ef4953acedd3682f9e043326859d_r0c0.jpg,FP,13,-1,0.0,0,10884,0.0,125.43617855293739
ZAZA-G_013_jpg.rf.d376ef4953acedd3682f9e043326859d_r0c0.jpg,FN,-1,1,0.0,3028,0,34.89716544085763,0.0
ZAZA-G_013_jpg.rf.d376ef4953acedd3682f9e043326859d_r0c0.jpg,FN,-1,2,0.0,467,0,5.3820925564334585,0.0
ZAZA-G_013_jpg.rf.d376ef4953acedd3682f9e043326859d_r0c0.jpg,FN,-1,4,0.0,3192,0,36.78723648851306,0.0
ZAZA-G_013_jpg.rf.d376ef4953acedd3682f9e043326859d_r0c0.jpg,FN,-1,8,0.0,2287,0,26.35727125602424,0.0
ZAZA-G_013_jpg.rf.d376ef4953acedd3682f9e043326859d_r0c0.jpg,FN,-1,10,0.0,17951,0,206.88210595404072,0.0
ZAZA-G_013_jpg.rf.d376ef4953acedd3682f9e043326859d_r0c0.jpg,FN,-1,11,0.0,36278,0,418.09754552953535,0.0
ZAZA-G_013_jpg.rf.d376ef4953acedd3682f9e043326859d_r0c0.jpg,FN,-1,14,0.0,3880,0,44.716315029896826,0.0
ZAZA-G_013_jpg.rf.d376ef4953acedd3682f9e043326859d_r0c0.jpg,FN,-1,15,0.0,11125,0,128.21366100711398,0.0
ZAZA-G_013_jpg.rf.d376ef4953acedd3682f9e043326859d_r0c0.jpg,FN,-1,16,0.0,60782,0,700.5018196255642,0.0
ZAZA-G_013_jpg.rf.d376ef4953acedd3682f9e043326859d_r0c0.jpg,FN,-1,17,0.0,7353,0,84.74202691103902,0.0
ZAZA-G_013_jpg.rf.d376ef4953acedd3682f9e043326859d_r0c1.jpg,TP,0,10,0.89321866199863,23980,25770,276.3652666023005,296.9947005980519
ZAZA-G_013_jpg.rf.d376ef4953acedd3682f9e043326859d_r0c1.jpg,TP,7,11,0.8737966783031842,8762,8951,100.9805031680299,103.15869480221818
ZAZA-G_013_jpg.rf.d376ef4953acedd3682f9e043326859d_r0c1.jpg,TP,8,7,0.8595816003476318,14574,15382,167.96277712518463,177.27483448192604
ZAZA-G_013_jpg.rf.d376ef4953acedd3682f9e043326859d_r0c1.jpg,TP,6,9,0.8575624082232012,4422,4433,50.96276934592881,51.08954240400326
ZAZA-G_013_jpg.rf.d376ef4953acedd3682f9e043326859d_r0c1.jpg,TP,9,2,0.8495072024260804,4834,4924,55.71099661199002,56.74823072350824
ZAZA-G_013_jpg.rf.d376ef4953acedd3682f9e043326859d_r0c1.jpg,TP,15,4,0.8436944937833037,4824,4518,55.595748377376886,52.06915239821492
ZAZA-G_013_jpg.rf.d376ef4953acedd3682f9e043326859d_r0c1.jpg,TP,4,1,0.801339896089691,6013,7162,69.29876347287878,82.54078562992811
ZAZA-G_013_jpg.rf.d376ef4953acedd3682f9e043326859d_r0c1.jpg,TP,3,0,0.7958607714016933,6859,6504,79.04876412115009,74.95745179238375
ZAZA-G_013_jpg.rf.d376ef4953acedd3682f9e043326859d_r0c1.jpg,TP,5,5,0.7948091028775626,4498,5045,51.83865592898864,58.14273436232719
ZAZA-G_013_jpg.rf.d376ef4953acedd3682f9e043326859d_r0c1.jpg,TP,1,12,0.7527234267583289,7117,9455,82.022168574169,108.96720582672023
ZAZA-G_013_jpg.rf.d376ef4953acedd3682f9e043326859d_r0c1.jpg,TP,11,8,0.6302354539280054,15911,12892,183.37146609296093,148.57802406325513
ZAZA-G_013_jpg.rf.d376ef4953acedd3682f9e043326859d_r0c1.jpg,FP,2,-1,0.0,0,4520,0.0,52.09220204513754
ZAZA-G_013_jpg.rf.d376ef4953acedd3682f9e043326859d_r0c1.jpg,FP,10,-1,0.0,0,8620,0.0,99.34397823652337
ZAZA-G_013_jpg.rf.d376ef4953acedd3682f9e043326859d_r0c1.jpg,FP,12,-1,0.0,0,7706,0.0,88.81028959288273
ZAZA-G_013_jpg.rf.d376ef4953acedd3682f9e043326859d_r0c1.jpg,FP,13,-1,0.0,0,7322,0.0,84.38475738373829
ZAZA-G_013_jpg.rf.d376ef4953acedd3682f9e043326859d_r0c1.jpg,FP,14,-1,0.0,0,16736,0.0,192.8794454485447
ZAZA-G_013_jpg.rf.d376ef4953acedd3682f9e043326859d_r0c1.jpg,FN,-1,3,0.0,26456,0,304.900729492513,0.0
ZAZA-G_013_jpg.rf.d376ef4953acedd3682f9e043326859d_r0c1.jpg,FN,-1,6,0.0,16750,0,193.04079297700306,0.0
ZAZA-G_013_jpg.rf.d376ef4953acedd3682f9e043326859d_r0c1.jpg,FN,-1,13,0.0,7801,0,89.90514782170752,0.0
ZAZA-G_013_jpg.rf.d376ef4953acedd3682f9e043326859d_r0c2.jpg,TP,15,6,0.9101395094374031,41208,42586,474.9149251938115,490.79613192350166
ZAZA-G_013_jpg.rf.d376ef4953acedd3682f9e043326859d_r0c2.jpg,TP,8,5,0.8916267293607016,20878,20961,240.61526422530568,241.5718245725947
ZAZA-G_013_jpg.rf.d376ef4953acedd3682f9e043326859d_r0c2.jpg,TP,5,12,0.880359978824775,5506,5150,63.45567797799277,59.35284082576512
ZAZA-G_013_jpg.rf.d376ef4953acedd3682f9e043326859d_r0c2.jpg,TP,2,14,0.8772481651746109,12245,11031,141.12146328378523,127.1303276017505
ZAZA-G_013_jpg.rf.d376ef4953acedd3682f9e043326859d_r0c2.jpg,TP,3,15,0.8768057536115073,15676,14595,180.66313257955224,168.2047984178722
ZAZA-G_013_jpg.rf.d376ef4953acedd3682f9e043326859d_r0c2.jpg,TP,16,11,0.858890147225368,27879,29570,321.3005532779623,340.78902975104364
ZAZA-G_013_jpg.rf.d376ef4953acedd3682f9e043326859d_r0c2.jpg,TP,9,10,0.8561357881048525,14292,12828,164.7127769090942,147.84043536173107
ZAZA-G_013_jpg.rf.d376ef4953acedd3682f9e043326859d_r0c2.jpg,TP,0,17,0.842501776830135,5997,6965,69.11436629749775,80.27039540804934
ZAZA-G_013_jpg.rf.d376ef4953acedd3682f9e043326859d_r0c2.jpg,TP,12,9,0.8308366184844503,10743,10156,123.81117844489218,117.04610707310108
ZAZA-G_013_jpg.rf.d376ef4953acedd3682f9e043326859d_r0c2.jpg,TP,23,1,0.8191848390446521,19908,22137,229.43618546783145,255.1250169630995
ZAZA-G_013_jpg.rf.d376ef4953acedd3682f9e043326859d_r0c2.jpg,TP,4,2,0.7214206437291898,5406,3900,62.303195631861406,44.9468114991231
ZAZA-G_013_jpg.rf.d376ef4953acedd3682f9e043326859d_r0c2.jpg,TP,11,13,0.7073613481806605,34523,28494,397.87148035493,328.3883197066702
ZAZA-G_013_jpg.rf.d376ef4953acedd3682f9e043326859d_r0c2.jpg,TP,25,4,0.6360357761107905,79115,79659,911.7864081418268,918.0559121047813
ZAZA-G_013_jpg.rf.d376ef4953acedd3682f9e043326859d_r0c2.jpg,TP,19,7,0.5949796472184532,2942,1760,33.906030623184655,20.283689291911962
ZAZA-G_013_jpg.rf.d376ef4953acedd3682f9e043326859d_r0c2.jpg,FP,1,-1,0.0,0,8038,0.0,92.63653098203885
ZAZA-G_013_jpg.rf.d376ef4953acedd3682f9e043326859d_r0c2.jpg,FP,6,-1,0.0,0,5230,0.0,60.27482670267021
ZAZA-G_013_jpg.rf.d376ef4953acedd3682f9e043326859d_r0c2.jpg,FP,7,-1,0.0,0,14906,0.0,171.78901851434077
ZAZA-G_013_jpg.rf.d376ef4953acedd3682f9e043326859d_r0c2.jpg,FP,10,-1,0.0,0,31453,0.0,362.49027232869713
ZAZA-G_013_jpg.rf.d376ef4953acedd3682f9e043326859d_r0c2.jpg,FP,13,-1,0.0,0,8559,0.0,98.64096400538324
ZAZA-G_013_jpg.rf.d376ef4953acedd3682f9e043326859d_r0c2.jpg,FP,14,-1,0.0,0,5198,0.0,59.90603235190817
ZAZA-G_013_jpg.rf.d376ef4953acedd3682f9e043326859d_r0c2.jpg,FP,17,-1,0.0,0,6251,0.0,72.04167145667141
ZAZA-G_013_jpg.rf.d376ef4953acedd3682f9e043326859d_r0c2.jpg,FP,18,-1,0.0,0,10214,0.0,117.71454683385727
ZAZA-G_013_jpg.rf.d376ef4953acedd3682f9e043326859d_r0c2.jpg,FP,20,-1,0.0,0,37512,0.0,432.3191776807964
ZAZA-G_013_jpg.rf.d376ef4953acedd3682f9e043326859d_r0c2.jpg,FP,21,-1,0.0,0,3231,0.0,37.23670460350429
ZAZA-G_013_jpg.rf.d376ef4953acedd3682f9e043326859d_r0c2.jpg,FP,22,-1,0.0,0,10427,0.0,120.16933423111708
ZAZA-G_013_jpg.rf.d376ef4953acedd3682f9e043326859d_r0c2.jpg,FP,24,-1,0.0,0,8169,0.0,94.14628285547093
ZAZA-G_013_jpg.rf.d376ef4953acedd3682f9e043326859d_r0c2.jpg,FP,26,-1,0.0,0,3434,0.0,39.57624376615096
ZAZA-G_013_jpg.rf.d376ef4953acedd3682f9e043326859d_r0c2.jpg,FN,-1,0,0.0,29692,0,342.1950582133239,0.0
ZAZA-G_013_jpg.rf.d376ef4953acedd3682f9e043326859d_r0c2.jpg,FN,-1,3,0.0,19853,0,228.80232017745922,0.0
ZAZA-G_013_jpg.rf.d376ef4953acedd3682f9e043326859d_r0c2.jpg,FN,-1,8,0.0,30811,0,355.09133566653384,0.0
ZAZA-G_013_jpg.rf.d376ef4953acedd3682f9e043326859d_r0c2.jpg,FN,-1,16,0.0,19803,0,228.22607900439354,0.0
ZAZA-G_013_jpg.rf.d376ef4953acedd3682f9e043326859d_r0c2.jpg,FN,-1,18,0.0,1562,0,18.001774246571866,0.0
ZAZA-G_013_jpg.rf.d376ef4953acedd3682f9e043326859d_r1c0.jpg,TP,10,5,0.8902643024422884,2671,2979,30.78280346516867,34.33244909125326
ZAZA-G_013_jpg.rf.d376ef4953acedd3682f9e043326859d_r1c0.jpg,TP,8,13,0.8709480122324159,2956,3162,34.06737815164305,36.44149178467365
ZAZA-G_013_jpg.rf.d376ef4953acedd3682f9e043326859d_r1c0.jpg,TP,14,17,0.8670565069514887,15289,16001,176.20302590002387,184.40870020447917
ZAZA-G_013_jpg.rf.d376ef4953acedd3682f9e043326859d_r1c0.jpg,TP,0,10,0.8505966587112171,6284,5347,72.42199063089477,61.623231047643905
ZAZA-G_013_jpg.rf.d376ef4953acedd3682f9e043326859d_r1c0.jpg,TP,2,6,0.8410998552821997,3242,3119,37.36347766157874,35.945924375837166
ZAZA-G_013_jpg.rf.d376ef4953acedd3682f9e043326859d_r1c0.jpg,TP,1,7,0.8380439659039928,4371,3823,50.375003349401815,44.059400092601955
ZAZA-G_013_jpg.rf.d376ef4953acedd3682f9e043326859d_r1c0.jpg,TP,3,3,0.8316672041277008,5298,6062,61.05851469803954,69.86347982248314
ZAZA-G_013_jpg.rf.d376ef4953acedd3682f9e043326859d_r1c0.jpg,TP,4,4,0.8250622724659896,4410,5115,50.82447146439304,58.949472004619146
ZAZA-G_013_jpg.rf.d376ef4953acedd3682f9e043326859d_r1c0.jpg,TP,5,11,0.806471686372122,1334,1569,15.374114497392364,18.082448010801063
ZAZA-G_013_jpg.rf.d376ef4953acedd3682f9e043326859d_r1c0.jpg,TP,12,15,0.7978607686729514,5180,4737,59.69858552960453,54.5930887362426
ZAZA-G_013_jpg.rf.d376ef4953acedd3682f9e043326859d_r1c0.jpg,TP,6,0,0.7889813455158536,17298,15596,199.35639623380294,179.74114670264714
ZAZA-G_013_jpg.rf.d376ef4953acedd3682f9e043326859d_r1c0.jpg,TP,7,8,0.7877897486124714,3009,2467,34.67819379509267,28.431739479060692
ZAZA-G_013_jpg.rf.d376ef4953acedd3682f9e043326859d_r1c0.jpg,TP,9,14,0.7502406159769008,3573,3701,41.17819422727355,42.65337163032169
ZAZA-G_013_jpg.rf.d376ef4953acedd3682f9e043326859d_r1c0.jpg,FP,11,-1,0.0,0,9927,0.0,114.40692250046027
ZAZA-G_013_jpg.rf.d376ef4953acedd3682f9e043326859d_r1c0.jpg,FP,13,-1,0.0,0,2505,0.0,28.869682770590607
ZAZA-G_013_jpg.rf.d376ef4953acedd3682f9e043326859d_r1c0.jpg,FN,-1,1,0.0,3946,0,45.47695337834353,0.0
ZAZA-G_013_jpg.rf.d376ef4953acedd3682f9e043326859d_r1c0.jpg,FN,-1,2,0.0,10346,0,119.23582353075066,0.0
ZAZA-G_013_jpg.rf.d376ef4953acedd3682f9e043326859d_r1c0.jpg,FN,-1,9,0.0,8248,0,95.0567439089147,0.0
ZAZA-G_013_jpg.rf.d376ef4953acedd3682f9e043326859d_r1c0.jpg,FN,-1,12,0.0,12075,0,139.16224329536192,0.0
ZAZA-G_013_jpg.rf.d376ef4953acedd3682f9e043326859d_r1c0.jpg,FN,-1,16,0.0,4987,0,57.474294601571,0.0
ZAZA-G_013_jpg.rf.d376ef4953acedd3682f9e043326859d_r1c1.jpg,TP,3,10,0.91541822721598,5892,6382,67.90425983405983,73.55142333010349
ZAZA-G_013_jpg.rf.d376ef4953acedd3682f9e043326859d_r1c1.jpg,TP,1,3,0.9030840102683124,25750,28368,296.7642041288256,326.93619195054464
ZAZA-G_013_jpg.rf.d376ef4953acedd3682f9e043326859d_r1c1.jpg,TP,0,0,0.8651622677617414,11272,12119,129.9078100559271,139.6693355276597
ZAZA-G_013_jpg.rf.d376ef4953acedd3682f9e043326859d_r1c1.jpg,TP,11,5,0.7823424846928698,4220,4804,48.63475500674346,55.36525190815061
ZAZA-G_013_jpg.rf.d376ef4953acedd3682f9e043326859d_r1c1.jpg,TP,7,8,0.7518167804448359,3414,4541,39.345747296924685,52.33422333782513
ZAZA-G_013_jpg.rf.d376ef4953acedd3682f9e043326859d_r1c1.jpg,TP,16,6,0.6611195158850227,1983,1311,22.8537249237849,15.109043557782151
ZAZA-G_013_jpg.rf.d376ef4953acedd3682f9e043326859d_r1c1.jpg,TP,4,9,0.6005579912315664,7823,12256,90.15869393785641,141.24823634185967
ZAZA-G_013_jpg.rf.d376ef4953acedd3682f9e043326859d_r1c1.jpg,TP,17,4,0.6005417257835677,15264,9554,175.91490531349103,110.10816334939028
ZAZA-G_013_jpg.rf.d376ef4953acedd3682f9e043326859d_r1c1.jpg,TP,8,2,0.5767689376519283,43826,28174,505.0869130155305,324.7003761990498
ZAZA-G_013_jpg.rf.d376ef4953acedd3682f9e043326859d_r1c1.jpg,TP,15,11,0.5582035536219608,29458,51486,339.4982495233765,593.3670607291929
ZAZA-G_013_jpg.rf.d376ef4953acedd3682f9e043326859d_r1c1.jpg,FP,2,-1,0.0,0,8273,0.0,95.34486449544754
ZAZA-G_013_jpg.rf.d376ef4953acedd3682f9e043326859d_r1c1.jpg,FP,5,-1,0.0,0,10242,0.0,118.03724189077406
ZAZA-G_013_jpg.rf.d376ef4953acedd3682f9e043326859d_r1c1.jpg,FP,6,-1,0.0,0,10110,0.0,116.51596519388066
ZAZA-G_013_jpg.rf.d376ef4953acedd3682f9e043326859d_r1c1.jpg,FP,9,-1,0.0,0,9892,0.0,114.0035536793143
ZAZA-G_013_jpg.rf.d376ef4953acedd3682f9e043326859d_r1c1.jpg,FP,10,-1,0.0,0,5005,0.0,57.68174142387465
ZAZA-G_013_jpg.rf.d376ef4953acedd3682f9e043326859d_r1c1.jpg,FP,12,-1,0.0,0,9007,0.0,103.80408491605174
ZAZA-G_013_jpg.rf.d376ef4953acedd3682f9e043326859d_r1c1.jpg,FP,13,-1,0.0,0,19972,0.0,230.17377416935554
ZAZA-G_013_jpg.rf.d376ef4953acedd3682f9e043326859d_r1c1.jpg,FP,14,-1,0.0,0,6409,0.0,73.86259356355896
ZAZA-G_013_jpg.rf.d376ef4953acedd3682f9e043326859d_r1c1.jpg,FP,18,-1,0.0,0,12943,0.0,149.16579005978213
ZAZA-G_013_jpg.rf.d376ef4953acedd3682f9e043326859d_r1c1.jpg,FN,-1,1,0.0,57686,0,664.8209661893372,0.0
ZAZA-G_013_jpg.rf.d376ef4953acedd3682f9e043326859d_r1c1.jpg,FN,-1,7,0.0,18297,0,210.86969487165524,0.0
ZAZA-G_013_jpg.rf.d376ef4953acedd3682f9e043326859d_r1c2.jpg,TP,6,6,0.9267981336385245,21476,22297,247.5071086551712,256.9689887169097
ZAZA-G_013_jpg.rf.d376ef4953acedd3682f9e043326859d_r1c2.jpg,TP,12,10,0.842271077323471,13655,13244,157.37146436423743,152.63476192163753
ZAZA-G_013_jpg.rf.d376ef4953acedd3682f9e043326859d_r1c2.jpg,TP,1,5,0.8393719806763285,9797,11525,112.90869545048949,132.8235903916394
ZAZA-G_013_jpg.rf.d376ef4953acedd3682f9e043326859d_r1c2.jpg,TP,13,7,0.8327315084449621,7321,8413,84.37323256027697,96.95833978003145
ZAZA-G_013_jpg.rf.d376ef4953acedd3682f9e043326859d_r1c2.jpg,TP,11,4,0.8240842634805848,11937,11269,137.57181765770062,129.87323558554314
ZAZA-G_013_jpg.rf.d376ef4953acedd3682f9e043326859d_r1c2.jpg,TP,4,8,0.8187365804045655,8787,7307,101.26862375456274,84.2118850318186
ZAZA-G_013_jpg.rf.d376ef4953acedd3682f9e043326859d_r1c2.jpg,TP,17,9,0.792360960830989,8843,7722,101.91401386839631,88.99468676826375
ZAZA-G_013_jpg.rf.d376ef4953acedd3682f9e043326859d_r1c2.jpg,TP,8,3,0.7563692511304732,9065,6860,104.47252467680792,79.0602889446114
ZAZA-G_013_jpg.rf.d376ef4953acedd3682f9e043326859d_r1c2.jpg,TP,2,2,0.6646833829154272,10952,16467,126.21986654830673,189.77926793745132
ZAZA-G_013_jpg.rf.d376ef4953acedd3682f9e043326859d_r1c2.jpg,TP,3,12,0.6190228013029316,9510,15342,109.60107111709249,176.8138415434735
ZAZA-G_013_jpg.rf.d376ef4953acedd3682f9e043326859d_r1c2.jpg,FP,0,-1,0.0,0,13459,0.0,155.11259896581996
ZAZA-G_013_jpg.rf.d376ef4953acedd3682f9e043326859d_r1c2.jpg,FP,5,-1,0.0,0,8336,0.0,96.0709283735103
ZAZA-G_013_jpg.rf.d376ef4953acedd3682f9e043326859d_r1c2.jpg,FP,7,-1,0.0,0,8841,0.0,101.89096422147368
ZAZA-G_013_jpg.rf.d376ef4953acedd3682f9e043326859d_r1c2.jpg,FP,9,-1,0.0,0,8670,0.0,99.92021940958905
ZAZA-G_013_jpg.rf.d376ef4953acedd3682f9e043326859d_r1c2.jpg,FP,10,-1,0.0,0,18267,0.0,210.52395016781583
ZAZA-G_013_jpg.rf.d376ef4953acedd3682f9e043326859d_r1c2.jpg,FP,14,-1,0.0,0,18511,0.0,213.33600709237635
ZAZA-G_013_jpg.rf.d376ef4953acedd3682f9e043326859d_r1c2.jpg,FP,15,-1,0.0,0,5986,0.0,68.9875932394233
ZAZA-G_013_jpg.rf.d376ef4953acedd3682f9e043326859d_r1c2.jpg,FP,16,-1,0.0,0,7245,0.0,83.49734597721715
ZAZA-G_013_jpg.rf.d376ef4953acedd3682f9e043326859d_r1c2.jpg,FP,18,-1,0.0,0,22084,0.0,254.51420131964989
ZAZA-G_013_jpg.rf.d376ef4953acedd3682f9e043326859d_r1c2.jpg,FP,19,-1,0.0,0,18245,0.0,210.27040405166693
ZAZA-G_013_jpg.rf.d376ef4953acedd3682f9e043326859d_r1c2.jpg,FP,20,-1,0.0,0,14874,0.0,171.42022416357872
ZAZA-G_013_jpg.rf.d376ef4953acedd3682f9e043326859d_r1c2.jpg,FP,21,-1,0.0,0,35383,0.0,407.7828285316597
ZAZA-G_013_jpg.rf.d376ef4953acedd3682f9e043326859d_r1c2.jpg,FP,22,-1,0.0,0,2233,0.0,25.734930789113303
ZAZA-G_013_jpg.rf.d376ef4953acedd3682f9e043326859d_r1c2.jpg,FN,-1,0,0.0,103589,0,1193.8449375340163,0.0
ZAZA-G_013_jpg.rf.d376ef4953acedd3682f9e043326859d_r1c2.jpg,FN,-1,1,0.0,54239,0,625.0948997181893,0.0
ZAZA-G_013_jpg.rf.d376ef4953acedd3682f9e043326859d_r1c2.jpg,FN,-1,11,0.0,43218,0,498.07982035105186,0.0
ZAZA-G_013_jpg.rf.d376ef4953acedd3682f9e043326859d_r1c2.jpg,FN,-1,13,0.0,2571,0,29.630321119037305,0.0
ZAZA-G_013_jpg.rf.d376ef4953acedd3682f9e043326859d_r2c0.jpg,TP,8,1,0.8834770783380453,26058,26572,300.3138497549102,306.2376090140254
ZAZA-G_013_jpg.rf.d376ef4953acedd3682f9e043326859d_r2c0.jpg,TP,7,5,0.8795132311577981,16141,16602,186.02217548906307,191.33511910472865
ZAZA-G_013_jpg.rf.d376ef4953acedd3682f9e043326859d_r2c0.jpg,TP,0,2,0.8793662225423119,5025,5413,57.91223789310092,62.3838693960906
ZAZA-G_013_jpg.rf.d376ef4953acedd3682f9e043326859d_r2c0.jpg,TP,4,18,0.8692073716228306,4953,5494,57.082450603886336,63.31738009645701
ZAZA-G_013_jpg.rf.d376ef4953acedd3682f9e043326859d_r2c0.jpg,TP,2,7,0.859528611041089,13973,15534,161.03635822493516,179.0266076480457
ZAZA-G_013_jpg.rf.d376ef4953acedd3682f9e043326859d_r2c0.jpg,TP,13,13,0.8420802659700783,4001,3756,46.11081866871578,43.28723692069394
ZAZA-G_013_jpg.rf.d376ef4953acedd3682f9e043326859d_r2c0.jpg,TP,5,19,0.8152757442654953,7246,7632,83.50887080067847,87.95745265674552
ZAZA-G_013_jpg.rf.d376ef4953acedd3682f9e043326859d_r2c0.jpg,TP,9,3,0.7877914951989026,31702,33463,365.35995337056426,385.6551674859375
ZAZA-G_013_jpg.rf.d376ef4953acedd3682f9e043326859d_r2c0.jpg,TP,12,6,0.7868297761582509,6353,7377,73.2172034497254,85.01862267411055
ZAZA-G_013_jpg.rf.d376ef4953acedd3682f9e043326859d_r2c0.jpg,TP,3,10,0.7657675140694741,4435,4664,51.11259205092588,53.751776623566705
ZAZA-G_013_jpg.rf.d376ef4953acedd3682f9e043326859d_r2c0.jpg,TP,6,17,0.7212953876349362,6615,9171,76.23670719658956,105.69415596370717
ZAZA-G_013_jpg.rf.d376ef4953acedd3682f9e043326859d_r2c0.jpg,TP,10,0,0.599047619047619,1050,629,12.101064634379297,7.249113957166264
ZAZA-G_013_jpg.rf.d376ef4953acedd3682f9e043326859d_r2c0.jpg,FP,1,-1,0.0,0,7444,0.0,85.79078584601855
ZAZA-G_013_jpg.rf.d376ef4953acedd3682f9e043326859d_r2c0.jpg,FP,11,-1,0.0,0,4711,0.0,54.29344332624844
ZAZA-G_013_jpg.rf.d376ef4953acedd3682f9e043326859d_r2c0.jpg,FN,-1,4,0.0,3735,0,43.04521562800635,0.0
ZAZA-G_013_jpg.rf.d376ef4953acedd3682f9e043326859d_r2c0.jpg,FN,-1,8,0.0,3403,0,39.21897423885024,0.0
ZAZA-G_013_jpg.rf.d376ef4953acedd3682f9e043326859d_r2c0.jpg,FN,-1,9,0.0,1667,0,19.211880710009797,0.0
ZAZA-G_013_jpg.rf.d376ef4953acedd3682f9e043326859d_r2c0.jpg,FN,-1,11,0.0,14681,0,169.1959332355452,0.0
ZAZA-G_013_jpg.rf.d376ef4953acedd3682f9e043326859d_r2c0.jpg,FN,-1,12,0.0,12595,0,145.15515149524498,0.0
ZAZA-G_013_jpg.rf.d376ef4953acedd3682f9e043326859d_r2c0.jpg,FN,-1,14,0.0,5465,0,62.98316021607891,0.0
ZAZA-G_013_jpg.rf.d376ef4953acedd3682f9e043326859d_r2c0.jpg,FN,-1,15,0.0,8144,0,93.85816226893809,0.0
ZAZA-G_013_jpg.rf.d376ef4953acedd3682f9e043326859d_r2c0.jpg,FN,-1,16,0.0,1555,0,17.921100482342673,0.0
ZAZA-G_013_jpg.rf.d376ef4953acedd3682f9e043326859d_r2c1.jpg,TP,4,9,0.9048681824522249,6909,6747,79.62500529421577,77.75798389348297
ZAZA-G_013_jpg.rf.d376ef4953acedd3682f9e043326859d_r2c1.jpg,TP,6,3,0.8217749621573135,14865,17630,171.3165007524269,203.18263762295905
ZAZA-G_013_jpg.rf.d376ef4953acedd3682f9e043326859d_r2c1.jpg,TP,5,1,0.8204311834803966,9025,10987,104.01153173835539,126.6232353694527
ZAZA-G_013_jpg.rf.d376ef4953acedd3682f9e043326859d_r2c1.jpg,TP,11,10,0.7592028544077974,9236,10979,106.44326948869255,126.53103678176218
ZAZA-G_013_jpg.rf.d376ef4953acedd3682f9e043326859d_r2c1.jpg,TP,2,7,0.731767955801105,6942,5596,80.00532446843913,64.492912089511
ZAZA-G_013_jpg.rf.d376ef4953acedd3682f9e043326859d_r2c1.jpg,TP,13,8,0.7272287121165296,92123,75546,1061.7013117265942,870.6543132083984
ZAZA-G_013_jpg.rf.d376ef4953acedd3682f9e043326859d_r2c1.jpg,TP,10,13,0.6957971981320881,1443,1099,16.63032025467555,12.665780983983664
ZAZA-G_013_jpg.rf.d376ef4953acedd3682f9e043326859d_r2c1.jpg,TP,3,4,0.6853644084534861,9523,7543,109.75089382208957,86.9317433686886
ZAZA-G_013_jpg.rf.d376ef4953acedd3682f9e043326859d_r2c1.jpg,FP,0,-1,0.0,0,37297,0.0,429.84134063661395
ZAZA-G_013_jpg.rf.d376ef4953acedd3682f9e043326859d_r2c1.jpg,FP,1,-1,0.0,0,8780,0.0,101.18794999033355
ZAZA-G_013_jpg.rf.d376ef4953acedd3682f9e043326859d_r2c1.jpg,FP,7,-1,0.0,0,15449,0.0,178.04699765383404
ZAZA-G_013_jpg.rf.d376ef4953acedd3682f9e043326859d_r2c1.jpg,FP,8,-1,0.0,0,7080,0.0,81.5957501061004
ZAZA-G_013_jpg.rf.d376ef4953acedd3682f9e043326859d_r2c1.jpg,FP,9,-1,0.0,0,12843,0.0,148.01330771365076
ZAZA-G_013_jpg.rf.d376ef4953acedd3682f9e043326859d_r2c1.jpg,FP,12,-1,0.0,0,23906,0.0,275.5124296661633
ZAZA-G_013_jpg.rf.d376ef4953acedd3682f9e043326859d_r2c1.jpg,FN,-1,0,0.0,35068,0,404.1525091413459,0.0
ZAZA-G_013_jpg.rf.d376ef4953acedd3682f9e043326859d_r2c1.jpg,FN,-1,2,0.0,57295,0,660.3147602159636,0.0
ZAZA-G_013_jpg.rf.d376ef4953acedd3682f9e043326859d_r2c1.jpg,FN,-1,5,0.0,2943,0,33.91755544664597,0.0
ZAZA-G_013_jpg.rf.d376ef4953acedd3682f9e043326859d_r2c1.jpg,FN,-1,6,0.0,10989,0,126.64628501637533,0.0
ZAZA-G_013_jpg.rf.d376ef4953acedd3682f9e043326859d_r2c1.jpg,FN,-1,11,0.0,2315,0,26.67996631294102,0.0
ZAZA-G_013_jpg.rf.d376ef4953acedd3682f9e043326859d_r2c1.jpg,FN,-1,12,0.0,1726,0,19.891845294227302,0.0
ZAZA-G_013_jpg.rf.d376ef4953acedd3682f9e043326859d_r2c2.jpg,TP,0,7,0.9201322195917273,20673,22313,238.25267541573638,257.1533858922907
ZAZA-G_013_jpg.rf.d376ef4953acedd3682f9e043326859d_r2c2.jpg,TP,7,11,0.9073519244065453,3937,4339,45.373229967191705,50.00620899863978
ZAZA-G_013_jpg.rf.d376ef4953acedd3682f9e043326859d_r2c2.jpg,TP,14,20,0.8975145750230132,11852,12884,136.59220766348898,148.48582547556464
ZAZA-G_013_jpg.rf.d376ef4953acedd3682f9e043326859d_r2c2.jpg,TP,11,9,0.893152015541525,9246,10244,106.5585177233057,118.06029153769668
ZAZA-G_013_jpg.rf.d376ef4953acedd3682f9e043326859d_r2c2.jpg,TP,3,10,0.88427734375,10866,12288,125.22873173063375,141.6170306926217
ZAZA-G_013_jpg.rf.d376ef4953acedd3682f9e043326859d_r2c2.jpg,TP,8,1,0.8643109944057541,16591,16068,191.2083460466542,185.18086337638718
ZAZA-G_013_jpg.rf.d376ef4953acedd3682f9e043326859d_r2c2.jpg,TP,9,4,0.8637175009701203,11424,12590,131.65958322204673,145.09752737793843
ZAZA-G_013_jpg.rf.d376ef4953acedd3682f9e043326859d_r2c2.jpg,TP,1,6,0.8591180323097075,6610,6164,76.179083079283,71.03901181553712
ZAZA-G_013_jpg.rf.d376ef4953acedd3682f9e043326859d_r2c2.jpg,TP,18,14,0.8555805243445693,6478,5908,74.65780638238961,68.08865700944084
ZAZA-G_013_jpg.rf.d376ef4953acedd3682f9e043326859d_r2c2.jpg,TP,10,19,0.8465346534653465,4443,4882,51.204790638616394,56.26418813813307
ZAZA-G_013_jpg.rf.d376ef4953acedd3682f9e043326859d_r2c2.jpg,TP,4,0,0.8431966669822933,8909,10557,102.674652216843,121.66756128108784
ZAZA-G_013_jpg.rf.d376ef4953acedd3682f9e043326859d_r2c2.jpg,TP,2,22,0.8351752447110831,10971,12277,126.43883819407168,141.49025763454725
ZAZA-G_013_jpg.rf.d376ef4953acedd3682f9e043326859d_r2c2.jpg,TP,6,3,0.7394676168518131,7056,9542,81.31915434302887,109.96986546785452
ZAZA-G_013_jpg.rf.d376ef4953acedd3682f9e043326859d_r2c2.jpg,TP,20,2,0.735945945945946,2731,3692,31.474292872847485,42.54964821916987
ZAZA-G_013_jpg.rf.d376ef4953acedd3682f9e043326859d_r2c2.jpg,TP,15,18,0.6068721576553815,2620,3740,30.195037468641672,43.10283974531292
ZAZA-G_013_jpg.rf.d376ef4953acedd3682f9e043326859d_r2c2.jpg,TP,12,13,0.5632561354994815,15415,11720,177.6551536561494,135.07093096659557
ZAZA-G_013_jpg.rf.d376ef4953acedd3682f9e043326859d_r2c2.jpg,TP,17,5,0.5499422457292237,16263,9232,187.42820395134333,106.3971701948473
ZAZA-G_013_jpg.rf.d376ef4953acedd3682f9e043326859d_r2c2.jpg,FP,5,-1,0.0,0,5214,0.0,60.090429527289196
ZAZA-G_013_jpg.rf.d376ef4953acedd3682f9e043326859d_r2c2.jpg,FP,13,-1,0.0,0,23867,0.0,275.06296155117207
ZAZA-G_013_jpg.rf.d376ef4953acedd3682f9e043326859d_r2c2.jpg,FP,16,-1,0.0,0,7658,0.0,88.25709806673967
ZAZA-G_013_jpg.rf.d376ef4953acedd3682f9e043326859d_r2c2.jpg,FP,19,-1,0.0,0,10841,0.0,124.94061114410091
ZAZA-G_013_jpg.rf.d376ef4953acedd3682f9e043326859d_r2c2.jpg,FP,21,-1,0.0,0,5029,0.0,57.958337186946174
ZAZA-G_013_jpg.rf.d376ef4953acedd3682f9e043326859d_r2c2.jpg,FP,22,-1,0.0,0,4157,0.0,47.9086911286807
ZAZA-G_013_jpg.rf.d376ef4953acedd3682f9e043326859d_r2c2.jpg,FN,-1,8,0.0,2013,0,23.199469627624307,0.0
ZAZA-G_013_jpg.rf.d376ef4953acedd3682f9e043326859d_r2c2.jpg,FN,-1,12,0.0,26483,0,305.21189972596846,0.0
ZAZA-G_013_jpg.rf.d376ef4953acedd3682f9e043326859d_r2c2.jpg,FN,-1,15,0.0,3069,0,35.36968320277148,0.0
ZAZA-G_013_jpg.rf.d376ef4953acedd3682f9e043326859d_r2c2.jpg,FN,-1,16,0.0,2031,0,23.406916449927955,0.0
ZAZA-G_013_jpg.rf.d376ef4953acedd3682f9e043326859d_r2c2.jpg,FN,-1,17,0.0,3300,0,38.031917422334935,0.0
ZAZA-G_013_jpg.rf.d376ef4953acedd3682f9e043326859d_r2c2.jpg,FN,-1,21,0.0,1794,0,20.675533289596626,0.0
