Image,Match_Type,AI_Index,GT_Index,IoU,GT_Area_px,AI_Area_px,GT_Area_um2,AI_Area_um2
ROSILHA-M-G_005_jpg.rf.afae2fb85329c0fe56679d51ca1c64fd.jpg,TP,1,1,0.9587111843913163,14291,14220,5153.9268,5128.3213
ROSILHA-M-G_005_jpg.rf.afae2fb85329c0fe56679d51ca1c64fd.jpg,TP,5,11,0.9514045782002643,23056,22722,8314.949,8194.4948
ROSILHA-M-G_005_jpg.rf.afae2fb85329c0fe56679d51ca1c64fd.jpg,TP,4,10,0.9465508162190627,7305,7481,2634.4857,2697.9586
ROSILHA-M-G_005_jpg.rf.afae2fb85329c0fe56679d51ca1c64fd.jpg,TP,12,4,0.9430424209673062,36652,35260,13218.23,12716.2171
ROSILHA-M-G_005_jpg.rf.afae2fb85329c0fe56679d51ca1c64fd.jpg,TP,0,2,0.9252022591970691,6501,6111,2344.53,2203.8798
ROSILHA-M-G_005_jpg.rf.afae2fb85329c0fe56679d51ca1c64fd.jpg,TP,6,9,0.9139196417464859,8005,7381,2886.9347,2661.8945
ROSILHA-M-G_005_jpg.rf.afae2fb85329c0fe56679d51ca1c64fd.jpg,TP,2,0,0.9108635097493036,718,654,258.9406,235.8595
ROSILHA-M-G_005_jpg.rf.afae2fb85329c0fe56679d51ca1c64fd.jpg,TP,8,3,0.764102564102564,194,150,69.9644,54.0962
ROSILHA-M-G_005_jpg.rf.afae2fb85329c0fe56679d51ca1c64fd.jpg,TP,3,6,0.7315523321578282,22146,29901,7986.7653,10783.5397
ROSILHA-M-G_005_jpg.rf.afae2fb85329c0fe56679d51ca1c64fd.jpg,TP,10,8,0.5139299928564139,14572,15098,5255.267,5444.9644
ROSILHA-M-G_005_jpg.rf.afae2fb85329c0fe56679d51ca1c64fd.jpg,FP,7,-1,0.0,0,71,0,25.6055
ROSILHA-M-G_005_jpg.rf.afae2fb85329c0fe56679d51ca1c64fd.jpg,FP,9,-1,0.0,0,161,0,58.0633
ROSILHA-M-G_005_jpg.rf.afae2fb85329c0fe56679d51ca1c64fd.jpg,FP,11,-1,0.0,0,39766,0,14341.2674
ROSILHA-M-G_005_jpg.rf.afae2fb85329c0fe56679d51ca1c64fd.jpg,FN,-1,5,0.0,14099,0,5084.6836,0
ROSILHA-M-G_005_jpg.rf.afae2fb85329c0fe56679d51ca1c64fd.jpg,FN,-1,7,0.0,5044,0,1819.0754,0
ROSILHA-M-G_005_jpg.rf.afae2fb85329c0fe56679d51ca1c64fd.jpg,FN,-1,12,0.0,6834,0,2464.6236,0
ZAZA-G_010_jpg.rf.cd14098445a0a54c10014aaa7d8f975c.jpg,TP,24,25,0.9710648148148148,3423,3389,1234.4756,1222.2138
ZAZA-G_010_jpg.rf.cd14098445a0a54c10014aaa7d8f975c.jpg,TP,6,5,0.9650524809160306,8319,8156,3000.1761,2941.3916
ZAZA-G_010_jpg.rf.cd14098445a0a54c10014aaa7d8f975c.jpg,TP,25,26,0.9642857142857143,2070,2055,746.5278,741.1182
ZAZA-G_010_jpg.rf.cd14098445a0a54c10014aaa7d8f975c.jpg,TP,11,8,0.9602593947455936,11902,11676,4292.3544,4210.8494
ZAZA-G_010_jpg.rf.cd14098445a0a54c10014aaa7d8f975c.jpg,TP,7,9,0.9566435432230523,7426,7241,2678.1233,2611.4047
ZAZA-G_010_jpg.rf.cd14098445a0a54c10014aaa7d8f975c.jpg,TP,8,3,0.9532322137955941,5429,5388,1957.9224,1943.1361
ZAZA-G_010_jpg.rf.cd14098445a0a54c10014aaa7d8f975c.jpg,TP,21,28,0.9504775380261762,2808,2706,1012.6812,975.8957
ZAZA-G_010_jpg.rf.cd14098445a0a54c10014aaa7d8f975c.jpg,TP,4,11,0.9502341920374707,5116,4877,1845.0416,1758.8483
ZAZA-G_010_jpg.rf.cd14098445a0a54c10014aaa7d8f975c.jpg,TP,12,23,0.9466037735849057,5252,5065,1894.0888,1826.6489
ZAZA-G_010_jpg.rf.cd14098445a0a54c10014aaa7d8f975c.jpg,TP,10,24,0.9458559663571053,5704,5401,2057.0988,1947.8244
ZAZA-G_010_jpg.rf.cd14098445a0a54c10014aaa7d8f975c.jpg,TP,5,15,0.9407230196703881,3742,3559,1349.5203,1283.5229
ZAZA-G_010_jpg.rf.cd14098445a0a54c10014aaa7d8f975c.jpg,TP,19,7,0.9372026641294006,4196,3948,1513.2515,1423.8124
ZAZA-G_010_jpg.rf.cd14098445a0a54c10014aaa7d8f975c.jpg,TP,13,2,0.9329446064139941,3728,3565,1344.4713,1285.6867
ZAZA-G_010_jpg.rf.cd14098445a0a54c10014aaa7d8f975c.jpg,TP,2,10,0.9317956349206349,4020,3769,1449.7786,1359.2576
ZAZA-G_010_jpg.rf.cd14098445a0a54c10014aaa7d8f975c.jpg,TP,20,27,0.9302127659574468,2339,2197,843.5403,792.3292
ZAZA-G_010_jpg.rf.cd14098445a0a54c10014aaa7d8f975c.jpg,TP,14,13,0.9274362191551652,4747,4470,1711.9649,1612.0672
ZAZA-G_010_jpg.rf.cd14098445a0a54c10014aaa7d8f975c.jpg,TP,17,16,0.9251074278698588,1629,1507,587.4849,543.4866
ZAZA-G_010_jpg.rf.cd14098445a0a54c10014aaa7d8f975c.jpg,TP,16,14,0.914689880304679,4590,4208,1655.3442,1517.5792
ZAZA-G_010_jpg.rf.cd14098445a0a54c10014aaa7d8f975c.jpg,TP,1,1,0.9049220963172805,5623,5136,2027.8868,1852.2544
ZAZA-G_010_jpg.rf.cd14098445a0a54c10014aaa7d8f975c.jpg,TP,3,0,0.9049061175045428,3302,2988,1190.838,1077.5966
ZAZA-G_010_jpg.rf.cd14098445a0a54c10014aaa7d8f975c.jpg,TP,0,12,0.9026876737720111,6474,5844,2334.7927,2107.5886
ZAZA-G_010_jpg.rf.cd14098445a0a54c10014aaa7d8f975c.jpg,TP,15,21,0.8975659229208925,1964,1778,708.2998,641.2205
ZAZA-G_010_jpg.rf.cd14098445a0a54c10014aaa7d8f975c.jpg,TP,18,6,0.8962822637935117,4175,3833,1505.678,1382.3386
ZAZA-G_010_jpg.rf.cd14098445a0a54c10014aaa7d8f975c.jpg,TP,23,22,0.8953068592057761,1385,1240,499.4884,447.1954
ZAZA-G_010_jpg.rf.cd14098445a0a54c10014aaa7d8f975c.jpg,TP,9,4,0.8841344275107463,5099,4544,1838.9107,1638.7547
ZAZA-G_010_jpg.rf.cd14098445a0a54c10014aaa7d8f975c.jpg,TP,22,17,0.8562162162162162,925,792,333.5933,285.628
ZAZA-G_010_jpg.rf.cd14098445a0a54c10014aaa7d8f975c.jpg,TP,26,19,0.6447368421052632,74,51,26.6875,18.3927
ZAZA-G_010_jpg.rf.cd14098445a0a54c10014aaa7d8f975c.jpg,FN,-1,18,0.0,157,0,56.6207,0
ZAZA-G_010_jpg.rf.cd14098445a0a54c10014aaa7d8f975c.jpg,FN,-1,20,0.0,28,0,10.098,0
ZAINA-679-B_010_jpg.rf.4a3c6644c7fdcdc349eacebe9a97fbd7.jpg,TP,3,9,0.9653470437017995,9583,9530,3456.0269,3436.9129
ZAINA-679-B_010_jpg.rf.4a3c6644c7fdcdc349eacebe9a97fbd7.jpg,TP,1,8,0.962397617274758,7782,8031,2806.5117,2896.3114
ZAINA-679-B_010_jpg.rf.4a3c6644c7fdcdc349eacebe9a97fbd7.jpg,TP,19,3,0.9606003752345216,5273,5177,1901.6623,1867.0407
ZAINA-679-B_010_jpg.rf.4a3c6644c7fdcdc349eacebe9a97fbd7.jpg,TP,16,22,0.9605747327843,5585,5604,2014.1824,2021.0346
ZAINA-679-B_010_jpg.rf.4a3c6644c7fdcdc349eacebe9a97fbd7.jpg,TP,5,32,0.9596809924678777,4417,4429,1592.9532,1597.2809
ZAINA-679-B_010_jpg.rf.4a3c6644c7fdcdc349eacebe9a97fbd7.jpg,TP,15,36,0.9594855305466238,3095,2999,1116.1853,1081.5637
ZAINA-679-B_010_jpg.rf.4a3c6644c7fdcdc349eacebe9a97fbd7.jpg,TP,37,21,0.95768467244802,9361,9376,3375.9645,3381.3741
ZAINA-679-B_010_jpg.rf.4a3c6644c7fdcdc349eacebe9a97fbd7.jpg,TP,27,13,0.9574843044388148,8960,8812,3231.3473,3177.9724
ZAINA-679-B_010_jpg.rf.4a3c6644c7fdcdc349eacebe9a97fbd7.jpg,TP,28,4,0.95525956284153,2873,2852,1036.1229,1028.5494
ZAINA-679-B_010_jpg.rf.4a3c6644c7fdcdc349eacebe9a97fbd7.jpg,TP,29,25,0.9528822055137844,3959,3833,1427.7795,1382.3386
ZAINA-679-B_010_jpg.rf.4a3c6644c7fdcdc349eacebe9a97fbd7.jpg,TP,24,34,0.9513432835820895,3297,3240,1189.0348,1168.4783
ZAINA-679-B_010_jpg.rf.4a3c6644c7fdcdc349eacebe9a97fbd7.jpg,TP,8,30,0.9491466388018113,2767,2829,997.8949,1020.2546
ZAINA-679-B_010_jpg.rf.4a3c6644c7fdcdc349eacebe9a97fbd7.jpg,TP,11,2,0.9466958744067178,7919,8077,2855.9196,2912.9009
ZAINA-679-B_010_jpg.rf.4a3c6644c7fdcdc349eacebe9a97fbd7.jpg,TP,13,10,0.9449090014756517,1952,2002,703.9721,722.0042
ZAINA-679-B_010_jpg.rf.4a3c6644c7fdcdc349eacebe9a97fbd7.jpg,TP,7,15,0.9441808540329333,3488,3478,1257.9173,1254.3109
ZAINA-679-B_010_jpg.rf.4a3c6644c7fdcdc349eacebe9a97fbd7.jpg,TP,31,37,0.9426900584795321,18128,18414,6537.708,6640.8514
ZAINA-679-B_010_jpg.rf.4a3c6644c7fdcdc349eacebe9a97fbd7.jpg,TP,9,7,0.940099398378237,3637,3780,1311.6529,1363.2246
ZAINA-679-B_010_jpg.rf.4a3c6644c7fdcdc349eacebe9a97fbd7.jpg,TP,20,1,0.9389736477115118,1418,1378,511.3896,496.9639
ZAINA-679-B_010_jpg.rf.4a3c6644c7fdcdc349eacebe9a97fbd7.jpg,TP,0,31,0.9354699003897792,4444,4494,1602.6906,1620.7226
ZAINA-679-B_010_jpg.rf.4a3c6644c7fdcdc349eacebe9a97fbd7.jpg,TP,36,24,0.9330555555555555,3429,3530,1236.6395,1273.0643
ZAINA-679-B_010_jpg.rf.4a3c6644c7fdcdc349eacebe9a97fbd7.jpg,TP,17,17,0.9304224352147675,2773,2665,1000.0587,961.1094
ZAINA-679-B_010_jpg.rf.4a3c6644c7fdcdc349eacebe9a97fbd7.jpg,TP,2,14,0.9275990099009901,3111,3119,1121.9555,1124.8406
ZAINA-679-B_010_jpg.rf.4a3c6644c7fdcdc349eacebe9a97fbd7.jpg,TP,14,5,0.9179604510540939,5640,6096,2034.0177,2198.4702
ZAINA-679-B_010_jpg.rf.4a3c6644c7fdcdc349eacebe9a97fbd7.jpg,TP,30,12,0.9177101967799642,2709,2651,976.9777,956.0605
ZAINA-679-B_010_jpg.rf.4a3c6644c7fdcdc349eacebe9a97fbd7.jpg,TP,18,27,0.9174807197943444,3640,3819,1312.7348,1377.2897
ZAINA-679-B_010_jpg.rf.4a3c6644c7fdcdc349eacebe9a97fbd7.jpg,TP,23,0,0.9118663594470046,1671,1648,602.6318,594.3371
ZAINA-679-B_010_jpg.rf.4a3c6644c7fdcdc349eacebe9a97fbd7.jpg,TP,10,28,0.9103525881470368,2640,2453,952.0934,884.6534
ZAINA-679-B_010_jpg.rf.4a3c6644c7fdcdc349eacebe9a97fbd7.jpg,TP,32,26,0.9000537345513165,1718,1818,619.582,655.6461
ZAINA-679-B_010_jpg.rf.4a3c6644c7fdcdc349eacebe9a97fbd7.jpg,TP,12,29,0.8982640290674203,2460,2242,887.1779,808.5581
ZAINA-679-B_010_jpg.rf.4a3c6644c7fdcdc349eacebe9a97fbd7.jpg,TP,25,16,0.8682864450127877,712,749,256.7767,270.1204
ZAINA-679-B_010_jpg.rf.4a3c6644c7fdcdc349eacebe9a97fbd7.jpg,TP,26,6,0.8614609571788413,684,794,246.6787,286.3493
ZAINA-679-B_010_jpg.rf.4a3c6644c7fdcdc349eacebe9a97fbd7.jpg,TP,4,33,0.5880613362541074,17971,11027,6481.0873,3976.7931
ZAINA-679-B_010_jpg.rf.4a3c6644c7fdcdc349eacebe9a97fbd7.jpg,TP,21,35,0.559375,7591,4385,2737.6292,1581.4127
ZAINA-679-B_010_jpg.rf.4a3c6644c7fdcdc349eacebe9a97fbd7.jpg,FP,6,-1,0.0,0,6943,0,2503.9335
ZAINA-679-B_010_jpg.rf.4a3c6644c7fdcdc349eacebe9a97fbd7.jpg,FP,22,-1,0.0,0,3336,0,1203.0998
ZAINA-679-B_010_jpg.rf.4a3c6644c7fdcdc349eacebe9a97fbd7.jpg,FP,33,-1,0.0,0,4363,0,1573.4786
ZAINA-679-B_010_jpg.rf.4a3c6644c7fdcdc349eacebe9a97fbd7.jpg,FP,34,-1,0.0,0,1619,0,583.8785
ZAINA-679-B_010_jpg.rf.4a3c6644c7fdcdc349eacebe9a97fbd7.jpg,FP,35,-1,0.0,0,4075,0,1469.6139
ZAINA-679-B_010_jpg.rf.4a3c6644c7fdcdc349eacebe9a97fbd7.jpg,FP,38,-1,0.0,0,2945,0,1062.089
ZAINA-679-B_010_jpg.rf.4a3c6644c7fdcdc349eacebe9a97fbd7.jpg,FP,39,-1,0.0,0,6696,0,2414.8551
ZAINA-679-B_010_jpg.rf.4a3c6644c7fdcdc349eacebe9a97fbd7.jpg,FN,-1,11,0.0,8531,0,3076.6321,0
ZAINA-679-B_010_jpg.rf.4a3c6644c7fdcdc349eacebe9a97fbd7.jpg,FN,-1,18,0.0,6630,0,2391.0527,0
ZAINA-679-B_010_jpg.rf.4a3c6644c7fdcdc349eacebe9a97fbd7.jpg,FN,-1,19,0.0,1186,0,427.7207,0
ZAINA-679-B_010_jpg.rf.4a3c6644c7fdcdc349eacebe9a97fbd7.jpg,FN,-1,20,0.0,439,0,158.3216,0
ZAINA-679-B_010_jpg.rf.4a3c6644c7fdcdc349eacebe9a97fbd7.jpg,FN,-1,23,0.0,10063,0,3629.1348,0
TP-B_001_jpg.rf.476ac40460a2659ffbad7973abf99d86.jpg,TP,15,8,0.967269032585819,27366,26848,9869.3136,9682.5013
TP-B_001_jpg.rf.476ac40460a2659ffbad7973abf99d86.jpg,TP,3,10,0.9593059936908518,3135,3076,1130.6109,1109.3331
TP-B_001_jpg.rf.476ac40460a2659ffbad7973abf99d86.jpg,TP,22,18,0.9580022701475596,2616,2559,943.438,922.8814
TP-B_001_jpg.rf.476ac40460a2659ffbad7973abf99d86.jpg,TP,14,15,0.9571605593910426,5630,5426,2030.4113,1956.8404
TP-B_001_jpg.rf.476ac40460a2659ffbad7973abf99d86.jpg,TP,4,12,0.9564098163720611,5669,5731,2044.4763,2066.8361
TP-B_001_jpg.rf.476ac40460a2659ffbad7973abf99d86.jpg,TP,13,3,0.9505851755526658,1506,1494,543.126,538.7983
TP-B_001_jpg.rf.476ac40460a2659ffbad7973abf99d86.jpg,TP,11,9,0.9485795905411839,6222,6056,2243.911,2184.0446
TP-B_001_jpg.rf.476ac40460a2659ffbad7973abf99d86.jpg,TP,8,6,0.9459671104150352,1263,1222,455.4901,440.7038
TP-B_001_jpg.rf.476ac40460a2659ffbad7973abf99d86.jpg,TP,12,4,0.9458272327964861,1987,2000,716.5945,721.2829
TP-B_001_jpg.rf.476ac40460a2659ffbad7973abf99d86.jpg,TP,0,25,0.9424609029212156,13339,12993,4810.5961,4685.8142
TP-B_001_jpg.rf.476ac40460a2659ffbad7973abf99d86.jpg,TP,9,7,0.9413740458015267,3250,3108,1172.0847,1120.8736
TP-B_001_jpg.rf.476ac40460a2659ffbad7973abf99d86.jpg,TP,2,16,0.9387492861222159,6639,6940,2394.2985,2502.8516
TP-B_001_jpg.rf.476ac40460a2659ffbad7973abf99d86.jpg,TP,1,11,0.9385665529010239,3122,3126,1125.9226,1127.3651
TP-B_001_jpg.rf.476ac40460a2659ffbad7973abf99d86.jpg,TP,6,17,0.937989857076994,4295,4112,1548.955,1482.9576
TP-B_001_jpg.rf.476ac40460a2659ffbad7973abf99d86.jpg,TP,18,2,0.9378181818181818,2741,2588,988.5182,933.34
TP-B_001_jpg.rf.476ac40460a2659ffbad7973abf99d86.jpg,TP,7,13,0.9374607822631249,4693,4570,1692.4903,1648.1314
TP-B_001_jpg.rf.476ac40460a2659ffbad7973abf99d86.jpg,TP,19,1,0.9363543788187373,1913,1890,689.9071,681.6123
TP-B_001_jpg.rf.476ac40460a2659ffbad7973abf99d86.jpg,TP,25,24,0.9360204734484965,4609,4469,1662.1964,1611.7066
TP-B_001_jpg.rf.476ac40460a2659ffbad7973abf99d86.jpg,TP,17,14,0.9351351351351351,1633,1589,588.9275,573.0592
TP-B_001_jpg.rf.476ac40460a2659ffbad7973abf99d86.jpg,TP,5,0,0.9340613187736245,4542,4668,1638.0334,1683.4742
TP-B_001_jpg.rf.476ac40460a2659ffbad7973abf99d86.jpg,TP,28,30,0.9262160549089824,12852,12967,4634.9638,4676.4375
TP-B_001_jpg.rf.476ac40460a2659ffbad7973abf99d86.jpg,TP,16,26,0.9238830667402096,1794,1694,646.9907,610.9266
TP-B_001_jpg.rf.476ac40460a2659ffbad7973abf99d86.jpg,TP,10,5,0.9150657229524772,977,917,352.3467,330.7082
TP-B_001_jpg.rf.476ac40460a2659ffbad7973abf99d86.jpg,TP,26,23,0.9073305670816044,688,691,248.1213,249.2032
TP-B_001_jpg.rf.476ac40460a2659ffbad7973abf99d86.jpg,TP,24,28,0.8871794871794871,183,185,65.9974,66.7187
TP-B_001_jpg.rf.476ac40460a2659ffbad7973abf99d86.jpg,TP,20,29,0.8809574242745181,4705,4175,1696.818,1505.678
TP-B_001_jpg.rf.476ac40460a2659ffbad7973abf99d86.jpg,TP,23,19,0.8744769874476988,229,219,82.5869,78.9805
TP-B_001_jpg.rf.476ac40460a2659ffbad7973abf99d86.jpg,TP,21,20,0.668433558764394,3763,5365,1357.0937,1934.8413
TP-B_001_jpg.rf.476ac40460a2659ffbad7973abf99d86.jpg,TP,27,27,0.6627906976744186,168,118,60.5878,42.5557
TP-B_001_jpg.rf.476ac40460a2659ffbad7973abf99d86.jpg,FP,29,-1,0.0,0,17608,0,6350.1744
TP-B_001_jpg.rf.476ac40460a2659ffbad7973abf99d86.jpg,FN,-1,21,0.0,1588,0,572.6986,0
TP-B_001_jpg.rf.476ac40460a2659ffbad7973abf99d86.jpg,FN,-1,22,0.0,5685,0,2050.2466,0
ROSILHA-M-G_017_jpg.rf.85fc7b8a7b63a2cbb64907a1c82d5d51.jpg,TP,1,14,0.9614648811150588,3628,3549,1308.4071,1279.9165
ROSILHA-M-G_017_jpg.rf.85fc7b8a7b63a2cbb64907a1c82d5d51.jpg,TP,0,16,0.953665568369028,4793,4694,1728.5544,1692.8509
ROSILHA-M-G_017_jpg.rf.85fc7b8a7b63a2cbb64907a1c82d5d51.jpg,TP,8,11,0.9516106540231488,7031,6964,2535.67,2511.507
ROSILHA-M-G_017_jpg.rf.85fc7b8a7b63a2cbb64907a1c82d5d51.jpg,TP,9,2,0.9476727377854871,6749,6725,2433.9691,2425.3137
ROSILHA-M-G_017_jpg.rf.85fc7b8a7b63a2cbb64907a1c82d5d51.jpg,TP,4,10,0.9450897571277719,1860,1824,670.7931,657.81
ROSILHA-M-G_017_jpg.rf.85fc7b8a7b63a2cbb64907a1c82d5d51.jpg,TP,2,1,0.943026706231454,5049,4773,1820.8786,1721.3416
ROSILHA-M-G_017_jpg.rf.85fc7b8a7b63a2cbb64907a1c82d5d51.jpg,TP,3,9,0.9420593368237348,5666,5462,2043.3944,1969.8235
ROSILHA-M-G_017_jpg.rf.85fc7b8a7b63a2cbb64907a1c82d5d51.jpg,TP,13,12,0.9379261697625205,4162,4080,1500.9897,1471.4171
ROSILHA-M-G_017_jpg.rf.85fc7b8a7b63a2cbb64907a1c82d5d51.jpg,TP,7,8,0.9293286219081273,2770,2690,998.9768,970.1255
ROSILHA-M-G_017_jpg.rf.85fc7b8a7b63a2cbb64907a1c82d5d51.jpg,TP,5,15,0.9286592865928659,1578,1558,569.0922,561.8794
ROSILHA-M-G_017_jpg.rf.85fc7b8a7b63a2cbb64907a1c82d5d51.jpg,TP,10,0,0.9257406694882647,2501,2504,901.9642,903.0462
ROSILHA-M-G_017_jpg.rf.85fc7b8a7b63a2cbb64907a1c82d5d51.jpg,TP,6,7,0.9253843269591301,2635,2500,950.2902,901.6036
ROSILHA-M-G_017_jpg.rf.85fc7b8a7b63a2cbb64907a1c82d5d51.jpg,TP,11,6,0.9198513800424628,1859,1758,670.4324,634.0076
ROSILHA-M-G_017_jpg.rf.85fc7b8a7b63a2cbb64907a1c82d5d51.jpg,TP,12,5,0.89728453364817,766,841,276.2513,303.2994
ROSILHA-M-G_017_jpg.rf.85fc7b8a7b63a2cbb64907a1c82d5d51.jpg,TP,17,4,0.8812785388127854,3495,3097,1260.4418,1116.9065
ROSILHA-M-G_017_jpg.rf.85fc7b8a7b63a2cbb64907a1c82d5d51.jpg,TP,16,3,0.8701721731037692,2118,1901,763.8386,685.5794
ROSILHA-M-G_017_jpg.rf.85fc7b8a7b63a2cbb64907a1c82d5d51.jpg,TP,14,13,0.8419734535437015,3966,3389,1430.3039,1222.2138
ROSILHA-M-G_017_jpg.rf.85fc7b8a7b63a2cbb64907a1c82d5d51.jpg,FP,15,-1,0.0,0,218,0,78.6198
TORDILHA-B_009_jpg.rf.5902113a7929ec9592dc2b09471de461.jpg,TP,40,33,0.9605695509309967,9757,9933,3518.7785,3582.2514
TORDILHA-B_009_jpg.rf.5902113a7929ec9592dc2b09471de461.jpg,TP,30,37,0.9578550344375205,5944,5995,2143.6527,2162.0454
TORDILHA-B_009_jpg.rf.5902113a7929ec9592dc2b09471de461.jpg,TP,0,36,0.9536118980169972,5492,5542,1980.6428,1998.6749
TORDILHA-B_009_jpg.rf.5902113a7929ec9592dc2b09471de461.jpg,TP,5,26,0.9508949059201468,2091,2160,754.1012,778.9855
TORDILHA-B_009_jpg.rf.5902113a7929ec9592dc2b09471de461.jpg,TP,47,5,0.9466666666666667,4453,4453,1605.9363,1605.9363
TORDILHA-B_009_jpg.rf.5902113a7929ec9592dc2b09471de461.jpg,TP,6,4,0.9457831325301205,1966,1910,709.0211,688.8251
TORDILHA-B_009_jpg.rf.5902113a7929ec9592dc2b09471de461.jpg,TP,4,31,0.9456730769230769,2030,2017,732.1021,727.4138
TORDILHA-B_009_jpg.rf.5902113a7929ec9592dc2b09471de461.jpg,TP,2,3,0.9394267171444024,1795,1791,647.3514,645.9088
TORDILHA-B_009_jpg.rf.5902113a7929ec9592dc2b09471de461.jpg,TP,17,17,0.9389312977099237,2030,2034,732.1021,733.5447
TORDILHA-B_009_jpg.rf.5902113a7929ec9592dc2b09471de461.jpg,TP,34,38,0.9348595704507906,4084,4114,1472.8596,1483.6789
TORDILHA-B_009_jpg.rf.5902113a7929ec9592dc2b09471de461.jpg,TP,20,21,0.9317718940936863,1854,1940,668.6292,699.6444
TORDILHA-B_009_jpg.rf.5902113a7929ec9592dc2b09471de461.jpg,TP,21,0,0.9268912905276542,2983,3079,1075.7934,1110.415
TORDILHA-B_009_jpg.rf.5902113a7929ec9592dc2b09471de461.jpg,TP,14,23,0.925367778973807,2663,2703,960.3882,974.8138
TORDILHA-B_009_jpg.rf.5902113a7929ec9592dc2b09471de461.jpg,TP,42,30,0.9241071428571429,3687,3640,1329.685,1312.7348
TORDILHA-B_009_jpg.rf.5902113a7929ec9592dc2b09471de461.jpg,TP,9,22,0.9160604364857303,1694,1730,610.9266,623.9097
TORDILHA-B_009_jpg.rf.5902113a7929ec9592dc2b09471de461.jpg,TP,15,1,0.9155844155844156,1631,1614,588.2062,582.0753
TORDILHA-B_009_jpg.rf.5902113a7929ec9592dc2b09471de461.jpg,TP,11,8,0.9150485436893204,1589,1567,573.0592,565.1251
TORDILHA-B_009_jpg.rf.5902113a7929ec9592dc2b09471de461.jpg,TP,27,16,0.911787072243346,1238,1276,446.4741,460.1785
TORDILHA-B_009_jpg.rf.5902113a7929ec9592dc2b09471de461.jpg,TP,22,32,0.9079885877318117,2586,2764,932.6188,996.8129
TORDILHA-B_009_jpg.rf.5902113a7929ec9592dc2b09471de461.jpg,TP,29,28,0.9028651292802237,1379,1344,497.3245,484.7021
TORDILHA-B_009_jpg.rf.5902113a7929ec9592dc2b09471de461.jpg,TP,8,35,0.899873790492217,2181,2335,786.559,842.0978
TORDILHA-B_009_jpg.rf.5902113a7929ec9592dc2b09471de461.jpg,TP,1,24,0.899184581171238,2548,2576,918.9144,929.0123
TORDILHA-B_009_jpg.rf.5902113a7929ec9592dc2b09471de461.jpg,TP,24,46,0.8986301369863013,1364,1408,491.9149,507.7831
TORDILHA-B_009_jpg.rf.5902113a7929ec9592dc2b09471de461.jpg,TP,32,2,0.8925339366515838,795,878,286.7099,316.6432
TORDILHA-B_009_jpg.rf.5902113a7929ec9592dc2b09471de461.jpg,TP,37,39,0.8883374689826302,2683,2644,967.601,953.536
TORDILHA-B_009_jpg.rf.5902113a7929ec9592dc2b09471de461.jpg,TP,26,12,0.8880994671403197,511,552,184.2878,199.0741
TORDILHA-B_009_jpg.rf.5902113a7929ec9592dc2b09471de461.jpg,TP,10,10,0.8870662460567823,1485,1506,535.5525,543.126
TORDILHA-B_009_jpg.rf.5902113a7929ec9592dc2b09471de461.jpg,TP,16,29,0.8784838350055741,864,821,311.5942,296.0866
TORDILHA-B_009_jpg.rf.5902113a7929ec9592dc2b09471de461.jpg,TP,13,25,0.8773972602739726,1447,1294,521.8482,466.67
TORDILHA-B_009_jpg.rf.5902113a7929ec9592dc2b09471de461.jpg,TP,12,34,0.8767833981841764,1460,1434,526.5365,517.1598
TORDILHA-B_009_jpg.rf.5902113a7929ec9592dc2b09471de461.jpg,TP,31,40,0.8736559139784946,737,657,265.7927,236.9414
TORDILHA-B_009_jpg.rf.5902113a7929ec9592dc2b09471de461.jpg,TP,7,9,0.873449920508744,3096,2796,1116.5459,1008.3535
TORDILHA-B_009_jpg.rf.5902113a7929ec9592dc2b09471de461.jpg,TP,19,6,0.8733750601829562,1906,1985,687.3826,715.8733
TORDILHA-B_009_jpg.rf.5902113a7929ec9592dc2b09471de461.jpg,TP,45,44,0.8721590909090909,345,314,124.4213,113.2414
TORDILHA-B_009_jpg.rf.5902113a7929ec9592dc2b09471de461.jpg,TP,23,47,0.8700972701600251,2880,3080,1038.6473,1110.7756
TORDILHA-B_009_jpg.rf.5902113a7929ec9592dc2b09471de461.jpg,TP,46,14,0.8671182907764461,1667,1916,601.1893,690.989
TORDILHA-B_009_jpg.rf.5902113a7929ec9592dc2b09471de461.jpg,TP,41,45,0.8656126482213439,1576,1728,568.3709,623.1884
TORDILHA-B_009_jpg.rf.5902113a7929ec9592dc2b09471de461.jpg,TP,39,18,0.8623610375860243,1666,1852,600.8286,667.9079
TORDILHA-B_009_jpg.rf.5902113a7929ec9592dc2b09471de461.jpg,TP,33,27,0.8572874493927125,901,934,324.9379,336.8391
TORDILHA-B_009_jpg.rf.5902113a7929ec9592dc2b09471de461.jpg,TP,18,7,0.8377069035123133,2339,2213,843.5403,798.0995
TORDILHA-B_009_jpg.rf.5902113a7929ec9592dc2b09471de461.jpg,TP,38,15,0.7877094972067039,164,156,59.1452,56.2601
TORDILHA-B_009_jpg.rf.5902113a7929ec9592dc2b09471de461.jpg,TP,36,41,0.7734939759036145,400,336,144.2566,121.1755
TORDILHA-B_009_jpg.rf.5902113a7929ec9592dc2b09471de461.jpg,TP,35,42,0.7183098591549296,213,153,76.8166,55.1781
TORDILHA-B_009_jpg.rf.5902113a7929ec9592dc2b09471de461.jpg,TP,25,19,0.708433734939759,2428,3244,875.6374,1169.9208
TORDILHA-B_009_jpg.rf.5902113a7929ec9592dc2b09471de461.jpg,TP,3,20,0.6807898773006135,5131,3636,1850.4512,1311.2923
TORDILHA-B_009_jpg.rf.5902113a7929ec9592dc2b09471de461.jpg,TP,49,43,0.6455445544554456,1429,1064,515.3566,383.7225
TORDILHA-B_009_jpg.rf.5902113a7929ec9592dc2b09471de461.jpg,FP,28,-1,0.0,0,1499,0,540.6015
TORDILHA-B_009_jpg.rf.5902113a7929ec9592dc2b09471de461.jpg,FP,43,-1,0.0,0,2140,0,771.7727
TORDILHA-B_009_jpg.rf.5902113a7929ec9592dc2b09471de461.jpg,FP,44,-1,0.0,0,719,0,259.3012
TORDILHA-B_009_jpg.rf.5902113a7929ec9592dc2b09471de461.jpg,FP,48,-1,0.0,0,2206,0,795.575
TORDILHA-B_009_jpg.rf.5902113a7929ec9592dc2b09471de461.jpg,FN,-1,11,0.0,31,0,11.1799,0
TORDILHA-B_009_jpg.rf.5902113a7929ec9592dc2b09471de461.jpg,FN,-1,13,0.0,27,0,9.7373,0
ROSILHA-M-D_009_jpg.rf.b52035c8fe5fd87e1eed76dc4bbe6a14.jpg,TP,3,16,0.9734585243235251,13442,13251,4847.7422,4778.8597
ROSILHA-M-D_009_jpg.rf.b52035c8fe5fd87e1eed76dc4bbe6a14.jpg,TP,13,0,0.9712436013249022,6498,6595,2343.4481,2378.4303
ROSILHA-M-D_009_jpg.rf.b52035c8fe5fd87e1eed76dc4bbe6a14.jpg,TP,1,11,0.9709007294640025,12548,12309,4525.3288,4439.1355
ROSILHA-M-D_009_jpg.rf.b52035c8fe5fd87e1eed76dc4bbe6a14.jpg,TP,7,5,0.969267484901617,20371,20062,7346.6267,7235.1885
ROSILHA-M-D_009_jpg.rf.b52035c8fe5fd87e1eed76dc4bbe6a14.jpg,TP,4,20,0.9675707203266258,17036,16698,6143.8875,6021.9907
ROSILHA-M-D_009_jpg.rf.b52035c8fe5fd87e1eed76dc4bbe6a14.jpg,TP,16,24,0.9657089898053753,2117,2125,763.4779,766.3631
ROSILHA-M-D_009_jpg.rf.b52035c8fe5fd87e1eed76dc4bbe6a14.jpg,TP,0,9,0.9644789293849658,14003,13594,5050.0621,4902.5597
ROSILHA-M-D_009_jpg.rf.b52035c8fe5fd87e1eed76dc4bbe6a14.jpg,TP,6,10,0.9534883720930233,5127,5037,1849.0087,1816.5509
ROSILHA-M-D_009_jpg.rf.b52035c8fe5fd87e1eed76dc4bbe6a14.jpg,TP,2,12,0.9520111278544106,8550,8290,3083.4843,2989.7175
ROSILHA-M-D_009_jpg.rf.b52035c8fe5fd87e1eed76dc4bbe6a14.jpg,TP,12,18,0.9511830635118307,7944,7724,2864.9356,2785.5945
ROSILHA-M-D_009_jpg.rf.b52035c8fe5fd87e1eed76dc4bbe6a14.jpg,TP,9,1,0.9496871741397289,3754,3725,1353.848,1343.3894
ROSILHA-M-D_009_jpg.rf.b52035c8fe5fd87e1eed76dc4bbe6a14.jpg,TP,8,19,0.9483783783783784,7271,7147,2622.2239,2577.5044
ROSILHA-M-D_009_jpg.rf.b52035c8fe5fd87e1eed76dc4bbe6a14.jpg,TP,15,7,0.9427679500520292,2841,2760,1024.5823,995.3704
ROSILHA-M-D_009_jpg.rf.b52035c8fe5fd87e1eed76dc4bbe6a14.jpg,TP,10,4,0.9379858657243816,5639,5330,2033.6571,1922.2189
ROSILHA-M-D_009_jpg.rf.b52035c8fe5fd87e1eed76dc4bbe6a14.jpg,TP,5,13,0.9379229185054427,3378,3209,1218.2468,1157.2984
ROSILHA-M-D_009_jpg.rf.b52035c8fe5fd87e1eed76dc4bbe6a14.jpg,TP,11,8,0.9367695534911598,3327,3136,1199.8541,1130.9716
ROSILHA-M-D_009_jpg.rf.b52035c8fe5fd87e1eed76dc4bbe6a14.jpg,TP,20,2,0.9291784702549575,2637,2811,951.0115,1013.7631
ROSILHA-M-D_009_jpg.rf.b52035c8fe5fd87e1eed76dc4bbe6a14.jpg,TP,17,25,0.9266356419381331,3548,3490,1279.5558,1258.6386
ROSILHA-M-D_009_jpg.rf.b52035c8fe5fd87e1eed76dc4bbe6a14.jpg,TP,14,6,0.9188138065143413,2050,1897,739.3149,684.1368
ROSILHA-M-D_009_jpg.rf.b52035c8fe5fd87e1eed76dc4bbe6a14.jpg,TP,18,14,0.9126948775055679,2191,2103,790.1654,758.4289
ROSILHA-M-D_009_jpg.rf.b52035c8fe5fd87e1eed76dc4bbe6a14.jpg,TP,19,23,0.8988716201830956,32761,29672,11814.9742,10700.9528
ROSILHA-M-D_009_jpg.rf.b52035c8fe5fd87e1eed76dc4bbe6a14.jpg,TP,21,17,0.8661710037174721,268,234,96.6519,84.3901
ROSILHA-M-D_009_jpg.rf.b52035c8fe5fd87e1eed76dc4bbe6a14.jpg,TP,26,21,0.790937640197398,4411,3573,1590.7894,1288.5719
ROSILHA-M-D_009_jpg.rf.b52035c8fe5fd87e1eed76dc4bbe6a14.jpg,TP,24,15,0.7619047619047619,186,147,67.0793,53.0143
ROSILHA-M-D_009_jpg.rf.b52035c8fe5fd87e1eed76dc4bbe6a14.jpg,TP,22,3,0.7337969401947149,14231,10701,5132.2883,3859.224
ROSILHA-M-D_009_jpg.rf.b52035c8fe5fd87e1eed76dc4bbe6a14.jpg,FP,23,-1,0.0,0,3102,0,1118.7097
ROSILHA-M-D_009_jpg.rf.b52035c8fe5fd87e1eed76dc4bbe6a14.jpg,FP,25,-1,0.0,0,1984,0,715.5126
ROSILHA-M-D_009_jpg.rf.b52035c8fe5fd87e1eed76dc4bbe6a14.jpg,FN,-1,22,0.0,3240,0,1168.4783,0
TORDILHA-D_006_jpg.rf.d879d44ef1add0b327aa39f6650afc47.jpg,TP,24,1,0.9487849892340818,6495,6176,2342.3661,2227.3215
TORDILHA-D_006_jpg.rf.d879d44ef1add0b327aa39f6650afc47.jpg,TP,25,14,0.9481171548117154,3562,3422,1284.6048,1234.115
TORDILHA-D_006_jpg.rf.d879d44ef1add0b327aa39f6650afc47.jpg,TP,0,9,0.9449346981997883,2828,2682,1019.894,967.2403
TORDILHA-D_006_jpg.rf.d879d44ef1add0b327aa39f6650afc47.jpg,TP,9,7,0.9438186019641825,6859,6600,2473.6396,2380.2335
TORDILHA-D_006_jpg.rf.d879d44ef1add0b327aa39f6650afc47.jpg,TP,7,20,0.9358435386583805,5331,5260,1922.5795,1896.974
TORDILHA-D_006_jpg.rf.d879d44ef1add0b327aa39f6650afc47.jpg,TP,6,11,0.9324912891986062,2289,2148,825.5083,774.6578
TORDILHA-D_006_jpg.rf.d879d44ef1add0b327aa39f6650afc47.jpg,TP,13,0,0.9263245033112583,1192,1135,429.8846,409.328
TORDILHA-D_006_jpg.rf.d879d44ef1add0b327aa39f6650afc47.jpg,TP,5,13,0.919149246121349,13635,12713,4917.346,4584.8346
TORDILHA-D_006_jpg.rf.d879d44ef1add0b327aa39f6650afc47.jpg,TP,2,10,0.9189260331666228,3766,3524,1358.1757,1270.9004
TORDILHA-D_006_jpg.rf.d879d44ef1add0b327aa39f6650afc47.jpg,TP,35,15,0.9156299840510367,12277,11745,4427.5949,4235.7337
TORDILHA-D_006_jpg.rf.d879d44ef1add0b327aa39f6650afc47.jpg,TP,8,12,0.9135036496350365,2737,2506,987.0756,903.7674
TORDILHA-D_006_jpg.rf.d879d44ef1add0b327aa39f6650afc47.jpg,TP,4,5,0.9122861345513664,12907,11794,4654.799,4253.4051
TORDILHA-D_006_jpg.rf.d879d44ef1add0b327aa39f6650afc47.jpg,TP,11,8,0.9106808244846971,1574,1485,567.6496,535.5525
TORDILHA-D_006_jpg.rf.d879d44ef1add0b327aa39f6650afc47.jpg,TP,14,32,0.9031382834403545,10961,10082,3952.9908,3635.987
TORDILHA-D_006_jpg.rf.d879d44ef1add0b327aa39f6650afc47.jpg,TP,26,19,0.8938967136150234,3128,2923,1128.0864,1054.1549
TORDILHA-D_006_jpg.rf.d879d44ef1add0b327aa39f6650afc47.jpg,TP,12,21,0.8920327624720774,1317,1224,474.9648,441.4251
TORDILHA-D_006_jpg.rf.d879d44ef1add0b327aa39f6650afc47.jpg,TP,19,30,0.8896366083445492,1445,1363,521.1269,491.5543
TORDILHA-D_006_jpg.rf.d879d44ef1add0b327aa39f6650afc47.jpg,TP,16,2,0.8845979100408905,2110,2038,760.9534,734.9873
TORDILHA-D_006_jpg.rf.d879d44ef1add0b327aa39f6650afc47.jpg,TP,1,17,0.8762577962577962,11804,10758,4257.0115,3879.7806
TORDILHA-D_006_jpg.rf.d879d44ef1add0b327aa39f6650afc47.jpg,TP,3,3,0.873838630806846,4060,3604,1464.2042,1299.7517
TORDILHA-D_006_jpg.rf.d879d44ef1add0b327aa39f6650afc47.jpg,TP,10,4,0.860345932094811,1527,1377,550.6995,496.6033
TORDILHA-D_006_jpg.rf.d879d44ef1add0b327aa39f6650afc47.jpg,TP,15,16,0.8385826771653543,3048,2556,1099.2351,921.7995
TORDILHA-D_006_jpg.rf.d879d44ef1add0b327aa39f6650afc47.jpg,TP,20,28,0.8339558045440398,6350,5435,2290.0731,1960.0862
TORDILHA-D_006_jpg.rf.d879d44ef1add0b327aa39f6650afc47.jpg,TP,22,33,0.8289175724637681,8759,7394,3158.8584,2666.5828
TORDILHA-D_006_jpg.rf.d879d44ef1add0b327aa39f6650afc47.jpg,TP,17,26,0.5730073470395752,16139,9339,5820.3922,3368.0304
TORDILHA-D_006_jpg.rf.d879d44ef1add0b327aa39f6650afc47.jpg,TP,18,31,0.5530612244897959,1448,835,522.2088,301.1356
TORDILHA-D_006_jpg.rf.d879d44ef1add0b327aa39f6650afc47.jpg,TP,29,22,0.540789815536503,7671,4190,2766.4805,1511.0876
TORDILHA-D_006_jpg.rf.d879d44ef1add0b327aa39f6650afc47.jpg,FP,21,-1,0.0,0,6249,0,2253.6483
TORDILHA-D_006_jpg.rf.d879d44ef1add0b327aa39f6650afc47.jpg,FP,23,-1,0.0,0,12117,0,4369.8923
TORDILHA-D_006_jpg.rf.d879d44ef1add0b327aa39f6650afc47.jpg,FP,27,-1,0.0,0,5684,0,2049.8859
TORDILHA-D_006_jpg.rf.d879d44ef1add0b327aa39f6650afc47.jpg,FP,28,-1,0.0,0,2258,0,814.3284
TORDILHA-D_006_jpg.rf.d879d44ef1add0b327aa39f6650afc47.jpg,FP,30,-1,0.0,0,3090,0,1114.382
TORDILHA-D_006_jpg.rf.d879d44ef1add0b327aa39f6650afc47.jpg,FP,31,-1,0.0,0,262,0,94.4881
TORDILHA-D_006_jpg.rf.d879d44ef1add0b327aa39f6650afc47.jpg,FP,32,-1,0.0,0,1237,0,446.1135
TORDILHA-D_006_jpg.rf.d879d44ef1add0b327aa39f6650afc47.jpg,FP,33,-1,0.0,0,15128,0,5455.7837
TORDILHA-D_006_jpg.rf.d879d44ef1add0b327aa39f6650afc47.jpg,FP,34,-1,0.0,0,7820,0,2820.216
TORDILHA-D_006_jpg.rf.d879d44ef1add0b327aa39f6650afc47.jpg,FN,-1,6,0.0,53,0,19.114,0
TORDILHA-D_006_jpg.rf.d879d44ef1add0b327aa39f6650afc47.jpg,FN,-1,18,0.0,24597,0,8870.6975,0
TORDILHA-D_006_jpg.rf.d879d44ef1add0b327aa39f6650afc47.jpg,FN,-1,23,0.0,42,0,15.1469,0
TORDILHA-D_006_jpg.rf.d879d44ef1add0b327aa39f6650afc47.jpg,FN,-1,24,0.0,87,0,31.3758,0
TORDILHA-D_006_jpg.rf.d879d44ef1add0b327aa39f6650afc47.jpg,FN,-1,25,0.0,28,0,10.098,0
TORDILHA-D_006_jpg.rf.d879d44ef1add0b327aa39f6650afc47.jpg,FN,-1,27,0.0,43,0,15.5076,0
TORDILHA-D_006_jpg.rf.d879d44ef1add0b327aa39f6650afc47.jpg,FN,-1,29,0.0,44,0,15.8682,0
TORDILHA-D_006_jpg.rf.d879d44ef1add0b327aa39f6650afc47.jpg,FN,-1,34,0.0,40899,0,14749.8742,0
ZAINA-679-B_011_jpg.rf.27d46a055eff6f5810ec4c5c9429b994.jpg,TP,0,4,0.9768162887552059,21375,21344,7708.7107,7697.5309
ZAINA-679-B_011_jpg.rf.27d46a055eff6f5810ec4c5c9429b994.jpg,TP,2,9,0.9752830188679246,15798,15609,5697.4134,5629.2522
ZAINA-679-B_011_jpg.rf.27d46a055eff6f5810ec4c5c9429b994.jpg,TP,4,14,0.971799053339167,24971,24602,9005.5774,8872.5007
ZAINA-679-B_011_jpg.rf.27d46a055eff6f5810ec4c5c9429b994.jpg,TP,9,13,0.971095481260237,20474,20442,7383.7728,7372.2323
ZAINA-679-B_011_jpg.rf.27d46a055eff6f5810ec4c5c9429b994.jpg,TP,7,12,0.9696160396346184,25351,25536,9142.6211,9209.3398
ZAINA-679-B_011_jpg.rf.27d46a055eff6f5810ec4c5c9429b994.jpg,TP,19,2,0.9681179899319968,11166,11119,4026.9223,4009.9722
ZAINA-679-B_011_jpg.rf.27d46a055eff6f5810ec4c5c9429b994.jpg,TP,5,6,0.967196819085487,8892,8919,3206.8237,3216.561
ZAINA-679-B_011_jpg.rf.27d46a055eff6f5810ec4c5c9429b994.jpg,TP,12,0,0.9654142821597412,3919,3980,1413.3538,1435.3529
ZAINA-679-B_011_jpg.rf.27d46a055eff6f5810ec4c5c9429b994.jpg,TP,1,18,0.964573944031024,9412,9332,3394.3572,3365.5059
ZAINA-679-B_011_jpg.rf.27d46a055eff6f5810ec4c5c9429b994.jpg,TP,3,11,0.9617968899980802,10145,10293,3658.7074,3712.0823
ZAINA-679-B_011_jpg.rf.27d46a055eff6f5810ec4c5c9429b994.jpg,TP,6,15,0.9599883177570093,6714,6708,2421.3466,2419.1828
ZAINA-679-B_011_jpg.rf.27d46a055eff6f5810ec4c5c9429b994.jpg,TP,16,1,0.9588014981273408,1584,1554,571.256,560.4368
ZAINA-679-B_011_jpg.rf.27d46a055eff6f5810ec4c5c9429b994.jpg,TP,14,16,0.9531001589825119,2504,2410,903.0462,869.1459
ZAINA-679-B_011_jpg.rf.27d46a055eff6f5810ec4c5c9429b994.jpg,TP,13,5,0.9529863276565124,4069,4073,1467.45,1468.8926
ZAINA-679-B_011_jpg.rf.27d46a055eff6f5810ec4c5c9429b994.jpg,TP,10,19,0.9491433444453058,12866,12276,4640.0127,4427.2343
ZAINA-679-B_011_jpg.rf.27d46a055eff6f5810ec4c5c9429b994.jpg,TP,15,7,0.9484657749803305,2491,2462,898.3578,887.8992
ZAINA-679-B_011_jpg.rf.27d46a055eff6f5810ec4c5c9429b994.jpg,TP,8,17,0.9373394966615306,3800,3744,1370.4375,1350.2415
ZAINA-679-B_011_jpg.rf.27d46a055eff6f5810ec4c5c9429b994.jpg,TP,17,10,0.9359243697478992,2789,2740,1005.829,988.1575
ZAINA-679-B_011_jpg.rf.27d46a055eff6f5810ec4c5c9429b994.jpg,TP,11,8,0.934732824427481,2582,2487,931.1762,896.9153
ZAINA-679-B_011_jpg.rf.27d46a055eff6f5810ec4c5c9429b994.jpg,TP,18,21,0.8953969800292255,31917,30343,11510.5928,10942.9432
ZAINA-679-B_011_jpg.rf.27d46a055eff6f5810ec4c5c9429b994.jpg,TP,21,20,0.8282535074987906,1736,2043,626.0735,736.7905
ZAINA-679-B_011_jpg.rf.27d46a055eff6f5810ec4c5c9429b994.jpg,TP,20,3,0.8173652694610778,281,326,101.3402,117.5691
ZAINA-679-B_011_jpg.rf.27d46a055eff6f5810ec4c5c9429b994.jpg,TP,22,23,0.7517985611510791,527,447,190.058,161.2067
ZAINA-679-B_011_jpg.rf.27d46a055eff6f5810ec4c5c9429b994.jpg,FN,-1,22,0.0,393,0,141.7321,0
ZAZA-B_008_jpg.rf.92ad451b5359143319a46e599a0239d1.jpg,TP,0,7,0.9644926054658216,14519,14306,5236.153,5159.3364
ZAZA-B_008_jpg.rf.92ad451b5359143319a46e599a0239d1.jpg,TP,15,27,0.9617894216510133,19713,19974,7109.3247,7203.4521
ZAZA-B_008_jpg.rf.92ad451b5359143319a46e599a0239d1.jpg,TP,4,6,0.9601578882447268,7945,7946,2865.2962,2865.6569
ZAZA-B_008_jpg.rf.92ad451b5359143319a46e599a0239d1.jpg,TP,2,10,0.9545004945598418,982,994,354.1499,358.4776
ZAZA-B_008_jpg.rf.92ad451b5359143319a46e599a0239d1.jpg,TP,1,19,0.9526058496975723,11678,11888,4211.5707,4287.3054
ZAZA-B_008_jpg.rf.92ad451b5359143319a46e599a0239d1.jpg,TP,8,20,0.9513492219814851,9889,9925,3566.3832,3579.3663
ZAZA-B_008_jpg.rf.92ad451b5359143319a46e599a0239d1.jpg,TP,23,5,0.9507348375077623,4728,4696,1705.1127,1693.5722
ZAZA-B_008_jpg.rf.92ad451b5359143319a46e599a0239d1.jpg,TP,22,22,0.9488642848989841,8443,8631,3044.8957,3112.6963
ZAZA-B_008_jpg.rf.92ad451b5359143319a46e599a0239d1.jpg,TP,10,2,0.9410054009140009,2347,2325,846.4255,838.4913
ZAZA-B_008_jpg.rf.92ad451b5359143319a46e599a0239d1.jpg,TP,3,0,0.9398807981342316,7557,7415,2725.3674,2674.1563
ZAZA-B_008_jpg.rf.92ad451b5359143319a46e599a0239d1.jpg,TP,13,1,0.9339080459770115,327,346,117.9298,124.7819
ZAZA-B_008_jpg.rf.92ad451b5359143319a46e599a0239d1.jpg,TP,11,18,0.9302877484425986,3268,3239,1178.5762,1168.1176
ZAZA-B_008_jpg.rf.92ad451b5359143319a46e599a0239d1.jpg,TP,5,9,0.9223412394797246,2485,2540,896.194,916.0293
ZAZA-B_008_jpg.rf.92ad451b5359143319a46e599a0239d1.jpg,TP,7,3,0.9204484783769354,1783,1814,643.0237,654.2036
ZAZA-B_008_jpg.rf.92ad451b5359143319a46e599a0239d1.jpg,TP,14,11,0.9016294508147255,3165,3137,1141.4302,1131.3322
ZAZA-B_008_jpg.rf.92ad451b5359143319a46e599a0239d1.jpg,TP,6,21,0.8959753683747526,4316,4305,1556.5284,1552.5614
ZAZA-B_008_jpg.rf.92ad451b5359143319a46e599a0239d1.jpg,TP,12,15,0.8904884318766066,1893,1784,682.6942,643.3843
ZAZA-B_008_jpg.rf.92ad451b5359143319a46e599a0239d1.jpg,TP,16,16,0.8870523415977961,354,331,127.6671,119.3723
ZAZA-B_008_jpg.rf.92ad451b5359143319a46e599a0239d1.jpg,TP,9,17,0.8823582439376183,19872,21890,7166.6667,7894.4411
ZAZA-B_008_jpg.rf.92ad451b5359143319a46e599a0239d1.jpg,TP,24,23,0.6991869918699187,90,119,32.4577,42.9163
ZAZA-B_008_jpg.rf.92ad451b5359143319a46e599a0239d1.jpg,TP,25,25,0.683081706320976,37600,26278,13560.1181,9476.9357
ZAZA-B_008_jpg.rf.92ad451b5359143319a46e599a0239d1.jpg,TP,19,4,0.625,88,55,31.7364,19.8353
ZAZA-B_008_jpg.rf.92ad451b5359143319a46e599a0239d1.jpg,TP,21,8,0.5378196865884268,14563,8106,5252.0213,2923.3595
ZAZA-B_008_jpg.rf.92ad451b5359143319a46e599a0239d1.jpg,FP,17,-1,0.0,0,16397,0,5913.4377
ZAZA-B_008_jpg.rf.92ad451b5359143319a46e599a0239d1.jpg,FP,18,-1,0.0,0,6471,0,2333.7107
ZAZA-B_008_jpg.rf.92ad451b5359143319a46e599a0239d1.jpg,FP,20,-1,0.0,0,409,0,147.5023
ZAZA-B_008_jpg.rf.92ad451b5359143319a46e599a0239d1.jpg,FP,26,-1,0.0,0,10061,0,3628.4135
ZAZA-B_008_jpg.rf.92ad451b5359143319a46e599a0239d1.jpg,FN,-1,12,0.0,4583,0,1652.8197,0
ZAZA-B_008_jpg.rf.92ad451b5359143319a46e599a0239d1.jpg,FN,-1,13,0.0,5633,0,2031.4932,0
ZAZA-B_008_jpg.rf.92ad451b5359143319a46e599a0239d1.jpg,FN,-1,14,0.0,6269,0,2260.8612,0
ZAZA-B_008_jpg.rf.92ad451b5359143319a46e599a0239d1.jpg,FN,-1,24,0.0,59,0,21.2778,0
ZAZA-B_008_jpg.rf.92ad451b5359143319a46e599a0239d1.jpg,FN,-1,26,0.0,3207,0,1156.5771,0
ROSILHA-M-G_001_jpg.rf.3dab74a9f6c203f6aca8afc07a353bd2.jpg,TP,6,7,0.9761104889884286,2656,2638,957.8637,951.3721
ROSILHA-M-G_001_jpg.rf.3dab74a9f6c203f6aca8afc07a353bd2.jpg,TP,2,8,0.9504859710251238,5388,5248,1943.1361,1892.6463
ROSILHA-M-G_001_jpg.rf.3dab74a9f6c203f6aca8afc07a353bd2.jpg,TP,10,1,0.9482984293193717,1507,1470,543.4866,530.1429
ROSILHA-M-G_001_jpg.rf.3dab74a9f6c203f6aca8afc07a353bd2.jpg,TP,5,13,0.948051948051948,3995,3955,1440.7625,1426.3369
ROSILHA-M-G_001_jpg.rf.3dab74a9f6c203f6aca8afc07a353bd2.jpg,TP,0,10,0.9459537156820469,6925,6613,2497.442,2384.9218
ROSILHA-M-G_001_jpg.rf.3dab74a9f6c203f6aca8afc07a353bd2.jpg,TP,1,0,0.9443407960199005,3156,3097,1138.1844,1116.9065
ROSILHA-M-G_001_jpg.rf.3dab74a9f6c203f6aca8afc07a353bd2.jpg,TP,7,9,0.9430971627833254,6107,6152,2202.4373,2218.6661
ROSILHA-M-G_001_jpg.rf.3dab74a9f6c203f6aca8afc07a353bd2.jpg,TP,4,3,0.9412708600770219,6119,5979,2206.765,2156.2752
ROSILHA-M-G_001_jpg.rf.3dab74a9f6c203f6aca8afc07a353bd2.jpg,TP,21,14,0.9334405542496598,7963,7665,2871.7878,2764.3166
ROSILHA-M-G_001_jpg.rf.3dab74a9f6c203f6aca8afc07a353bd2.jpg,TP,3,11,0.9222614840989399,2209,2143,796.6569,772.8546
ROSILHA-M-G_001_jpg.rf.3dab74a9f6c203f6aca8afc07a353bd2.jpg,TP,13,6,0.9190871369294605,6132,5893,2211.4533,2125.26
ROSILHA-M-G_001_jpg.rf.3dab74a9f6c203f6aca8afc07a353bd2.jpg,TP,8,12,0.9133289560078792,1483,1431,534.8313,516.0779
ROSILHA-M-G_001_jpg.rf.3dab74a9f6c203f6aca8afc07a353bd2.jpg,TP,9,5,0.8790601243953006,2876,2562,1037.2048,923.9634
ROSILHA-M-G_001_jpg.rf.3dab74a9f6c203f6aca8afc07a353bd2.jpg,TP,11,4,0.8649890153784702,5004,4334,1804.6498,1563.02
ROSILHA-M-G_001_jpg.rf.3dab74a9f6c203f6aca8afc07a353bd2.jpg,TP,15,2,0.8069565217391305,559,480,201.5986,173.1079
ROSILHA-M-G_001_jpg.rf.3dab74a9f6c203f6aca8afc07a353bd2.jpg,TP,12,17,0.7743362831858407,451,351,162.6493,126.5851
ROSILHA-M-G_001_jpg.rf.3dab74a9f6c203f6aca8afc07a353bd2.jpg,TP,14,16,0.6144578313253012,830,510,299.3324,183.9271
ROSILHA-M-G_001_jpg.rf.3dab74a9f6c203f6aca8afc07a353bd2.jpg,TP,20,15,0.5818115412710008,2738,1593,987.4363,574.5018
ROSILHA-M-G_001_jpg.rf.3dab74a9f6c203f6aca8afc07a353bd2.jpg,FP,16,-1,0.0,0,394,0,142.0927
ROSILHA-M-G_001_jpg.rf.3dab74a9f6c203f6aca8afc07a353bd2.jpg,FP,17,-1,0.0,0,4901,0,1767.5037
ROSILHA-M-G_001_jpg.rf.3dab74a9f6c203f6aca8afc07a353bd2.jpg,FP,18,-1,0.0,0,2158,0,778.2642
ROSILHA-M-G_001_jpg.rf.3dab74a9f6c203f6aca8afc07a353bd2.jpg,FP,19,-1,0.0,0,441,0,159.0429
TORDILHA-B_010_jpg.rf.698124083a3806b10e86f6304c2b5ce1.jpg,TP,8,0,0.9862700228832952,1737,1735,626.4342,625.7129
TORDILHA-B_010_jpg.rf.698124083a3806b10e86f6304c2b5ce1.jpg,TP,3,11,0.9708835341365462,12883,12636,4646.1437,4557.0652
TORDILHA-B_010_jpg.rf.698124083a3806b10e86f6304c2b5ce1.jpg,TP,0,14,0.9682679948586118,12209,12292,4403.0713,4433.0046
TORDILHA-B_010_jpg.rf.698124083a3806b10e86f6304c2b5ce1.jpg,TP,15,18,0.9606933260543197,7214,7152,2601.6673,2579.3076
TORDILHA-B_010_jpg.rf.698124083a3806b10e86f6304c2b5ce1.jpg,TP,31,28,0.9581158339547601,7757,7998,2797.4956,2884.4102
TORDILHA-B_010_jpg.rf.698124083a3806b10e86f6304c2b5ce1.jpg,TP,6,26,0.9550262275346117,11384,11351,4105.5421,4093.641
TORDILHA-B_010_jpg.rf.698124083a3806b10e86f6304c2b5ce1.jpg,TP,7,13,0.949453219927096,4078,3944,1470.6958,1422.3698
TORDILHA-B_010_jpg.rf.698124083a3806b10e86f6304c2b5ce1.jpg,TP,2,10,0.9460549049721636,9985,10289,3601.0048,3710.6398
TORDILHA-B_010_jpg.rf.698124083a3806b10e86f6304c2b5ce1.jpg,TP,12,20,0.9449152542372882,3238,3188,1167.757,1149.7249
TORDILHA-B_010_jpg.rf.698124083a3806b10e86f6304c2b5ce1.jpg,TP,5,15,0.9397519196692262,1677,1607,604.7957,579.5508
TORDILHA-B_010_jpg.rf.698124083a3806b10e86f6304c2b5ce1.jpg,TP,17,5,0.9391367604267701,3923,4074,1414.7964,1469.2532
TORDILHA-B_010_jpg.rf.698124083a3806b10e86f6304c2b5ce1.jpg,TP,13,17,0.9384673461683655,2585,2550,932.2581,919.6357
TORDILHA-B_010_jpg.rf.698124083a3806b10e86f6304c2b5ce1.jpg,TP,4,16,0.9344442697689043,6054,6251,2183.3233,2254.3696
TORDILHA-B_010_jpg.rf.698124083a3806b10e86f6304c2b5ce1.jpg,TP,11,25,0.9337508239947264,2904,2963,1047.3027,1068.5806
TORDILHA-B_010_jpg.rf.698124083a3806b10e86f6304c2b5ce1.jpg,TP,1,7,0.9250059708621925,4048,4012,1459.8765,1446.8935
TORDILHA-B_010_jpg.rf.698124083a3806b10e86f6304c2b5ce1.jpg,TP,21,1,0.9207161125319693,377,374,135.9618,134.8799
TORDILHA-B_010_jpg.rf.698124083a3806b10e86f6304c2b5ce1.jpg,TP,23,3,0.9195652173913044,1283,1366,462.703,492.6362
TORDILHA-B_010_jpg.rf.698124083a3806b10e86f6304c2b5ce1.jpg,TP,24,2,0.9175187457396047,2814,2812,1014.845,1014.1237
TORDILHA-B_010_jpg.rf.698124083a3806b10e86f6304c2b5ce1.jpg,TP,9,8,0.9157392686804452,1201,1209,433.1304,436.0155
TORDILHA-B_010_jpg.rf.698124083a3806b10e86f6304c2b5ce1.jpg,TP,10,12,0.9142156862745098,1984,1921,715.5126,692.7922
TORDILHA-B_010_jpg.rf.698124083a3806b10e86f6304c2b5ce1.jpg,TP,16,4,0.9128194967307312,4813,4841,1735.7672,1745.8652
TORDILHA-B_010_jpg.rf.698124083a3806b10e86f6304c2b5ce1.jpg,TP,19,22,0.8928974069898534,857,822,309.0697,296.4473
TORDILHA-B_010_jpg.rf.698124083a3806b10e86f6304c2b5ce1.jpg,TP,20,30,0.8928060981419723,2059,1914,742.5607,690.2677
TORDILHA-B_010_jpg.rf.698124083a3806b10e86f6304c2b5ce1.jpg,TP,29,27,0.8268398268398268,417,427,150.3875,153.9939
TORDILHA-B_010_jpg.rf.698124083a3806b10e86f6304c2b5ce1.jpg,TP,30,29,0.7727272727272727,259,209,93.4061,75.3741
TORDILHA-B_010_jpg.rf.698124083a3806b10e86f6304c2b5ce1.jpg,TP,22,19,0.6558475012879958,2614,3814,942.7167,1375.4864
TORDILHA-B_010_jpg.rf.698124083a3806b10e86f6304c2b5ce1.jpg,TP,32,23,0.6521219366407651,1161,1603,418.7047,578.1082
TORDILHA-B_010_jpg.rf.698124083a3806b10e86f6304c2b5ce1.jpg,TP,14,9,0.6184828464538725,12426,7907,4481.3305,2851.5919
TORDILHA-B_010_jpg.rf.698124083a3806b10e86f6304c2b5ce1.jpg,TP,26,24,0.5328401299169975,10981,6009,3960.2036,2167.0944
TORDILHA-B_010_jpg.rf.698124083a3806b10e86f6304c2b5ce1.jpg,TP,27,6,0.5254420786719596,8229,4452,2967.7184,1605.5757
TORDILHA-B_010_jpg.rf.698124083a3806b10e86f6304c2b5ce1.jpg,FP,18,-1,0.0,0,4442,0,1601.9693
TORDILHA-B_010_jpg.rf.698124083a3806b10e86f6304c2b5ce1.jpg,FP,25,-1,0.0,0,3538,0,1275.9494
TORDILHA-B_010_jpg.rf.698124083a3806b10e86f6304c2b5ce1.jpg,FP,28,-1,0.0,0,4975,0,1794.1912
TORDILHA-B_010_jpg.rf.698124083a3806b10e86f6304c2b5ce1.jpg,FN,-1,21,0.0,1059,0,381.9193,0
TOSTADA-G_011_jpg.rf.c0b219a9a6742c565eddfcdb51541b7d.jpg,TP,11,20,0.9659168370824812,4373,4279,1577.085,1543.1847
TOSTADA-G_011_jpg.rf.c0b219a9a6742c565eddfcdb51541b7d.jpg,TP,7,12,0.9634835999353693,6091,6061,2196.667,2185.8478
TOSTADA-G_011_jpg.rf.c0b219a9a6742c565eddfcdb51541b7d.jpg,TP,2,19,0.961191214122086,7302,7252,2633.4038,2615.3717
TOSTADA-G_011_jpg.rf.c0b219a9a6742c565eddfcdb51541b7d.jpg,TP,1,21,0.9586335403726708,7940,7827,2863.493,2822.7405
TOSTADA-G_011_jpg.rf.c0b219a9a6742c565eddfcdb51541b7d.jpg,TP,0,25,0.9571696344892221,10608,10275,3825.6844,3705.5908
TOSTADA-G_011_jpg.rf.c0b219a9a6742c565eddfcdb51541b7d.jpg,TP,4,1,0.9560608388385312,6489,6243,2340.2023,2251.4845
TOSTADA-G_011_jpg.rf.c0b219a9a6742c565eddfcdb51541b7d.jpg,TP,3,6,0.9516483516483516,8048,7936,2902.4423,2862.0505
TOSTADA-G_011_jpg.rf.c0b219a9a6742c565eddfcdb51541b7d.jpg,TP,5,11,0.9504201680672268,4668,4616,1683.4742,1664.7209
TOSTADA-G_011_jpg.rf.c0b219a9a6742c565eddfcdb51541b7d.jpg,TP,14,0,0.9493562231759657,1141,1130,411.4919,407.5248
TOSTADA-G_011_jpg.rf.c0b219a9a6742c565eddfcdb51541b7d.jpg,TP,10,26,0.9455619117918436,5366,5177,1935.202,1867.0407
TOSTADA-G_011_jpg.rf.c0b219a9a6742c565eddfcdb51541b7d.jpg,TP,12,3,0.9443518827057648,2900,2935,1045.8602,1058.4826
TOSTADA-G_011_jpg.rf.c0b219a9a6742c565eddfcdb51541b7d.jpg,TP,8,10,0.941834451901566,12843,12329,4631.718,4446.3483
TOSTADA-G_011_jpg.rf.c0b219a9a6742c565eddfcdb51541b7d.jpg,TP,13,13,0.9412032816773017,2140,2119,771.7727,764.1992
TOSTADA-G_011_jpg.rf.c0b219a9a6742c565eddfcdb51541b7d.jpg,TP,19,28,0.9305555555555556,850,818,306.5452,295.0047
TOSTADA-G_011_jpg.rf.c0b219a9a6742c565eddfcdb51541b7d.jpg,TP,20,4,0.9268841394825647,871,842,314.1187,303.6601
TOSTADA-G_011_jpg.rf.c0b219a9a6742c565eddfcdb51541b7d.jpg,TP,17,2,0.9236111111111112,834,828,300.775,298.6111
TOSTADA-G_011_jpg.rf.c0b219a9a6742c565eddfcdb51541b7d.jpg,TP,6,9,0.9206094627105053,1246,1149,449.3592,414.377
TOSTADA-G_011_jpg.rf.c0b219a9a6742c565eddfcdb51541b7d.jpg,TP,18,15,0.9177718832891246,1114,1055,401.7546,380.4767
TOSTADA-G_011_jpg.rf.c0b219a9a6742c565eddfcdb51541b7d.jpg,TP,22,7,0.9032258064516129,216,197,77.8986,71.0464
TOSTADA-G_011_jpg.rf.c0b219a9a6742c565eddfcdb51541b7d.jpg,TP,9,18,0.8992576882290562,2773,2600,1000.0587,937.6677
TOSTADA-G_011_jpg.rf.c0b219a9a6742c565eddfcdb51541b7d.jpg,TP,15,29,0.8935879945429741,731,657,263.6289,236.9414
TOSTADA-G_011_jpg.rf.c0b219a9a6742c565eddfcdb51541b7d.jpg,TP,21,8,0.8900523560209425,735,709,265.0715,255.6948
TOSTADA-G_011_jpg.rf.c0b219a9a6742c565eddfcdb51541b7d.jpg,TP,24,27,0.8869223205506391,1015,904,366.0511,326.0199
TOSTADA-G_011_jpg.rf.c0b219a9a6742c565eddfcdb51541b7d.jpg,TP,25,16,0.8599033816425121,414,356,149.3056,128.3884
TOSTADA-G_011_jpg.rf.c0b219a9a6742c565eddfcdb51541b7d.jpg,TP,16,17,0.6767909409337364,20758,14188,7486.195,5116.7807
TOSTADA-G_011_jpg.rf.c0b219a9a6742c565eddfcdb51541b7d.jpg,TP,29,5,0.6765551248582654,37764,25816,13619.2633,9310.3194
TOSTADA-G_011_jpg.rf.c0b219a9a6742c565eddfcdb51541b7d.jpg,TP,28,14,0.6601941747572816,103,68,37.1461,24.5236
TOSTADA-G_011_jpg.rf.c0b219a9a6742c565eddfcdb51541b7d.jpg,TP,26,22,0.5994473611494888,11141,17801,4017.9063,6419.7782
TOSTADA-G_011_jpg.rf.c0b219a9a6742c565eddfcdb51541b7d.jpg,FP,23,-1,0.0,0,4482,0,1616.3949
TOSTADA-G_011_jpg.rf.c0b219a9a6742c565eddfcdb51541b7d.jpg,FP,27,-1,0.0,0,10148,0,3659.7893
TOSTADA-G_011_jpg.rf.c0b219a9a6742c565eddfcdb51541b7d.jpg,FN,-1,23,0.0,31,0,11.1799,0
TOSTADA-G_011_jpg.rf.c0b219a9a6742c565eddfcdb51541b7d.jpg,FN,-1,24,0.0,7170,0,2585.7991,0
ROSILHA-M-B_003_jpg.rf.863a24cebe30a134937348de5cbcaa87.jpg,TP,0,8,0.9637875987229038,11645,11728,4199.6696,4229.6028
ROSILHA-M-B_003_jpg.rf.863a24cebe30a134937348de5cbcaa87.jpg,TP,5,5,0.9603264430809555,16242,16666,5857.5382,6010.4502
ROSILHA-M-B_003_jpg.rf.863a24cebe30a134937348de5cbcaa87.jpg,TP,3,0,0.9584085439229844,13076,12963,4715.7475,4674.995
ROSILHA-M-B_003_jpg.rf.863a24cebe30a134937348de5cbcaa87.jpg,TP,15,19,0.9573119797217502,34119,33833,12304.7252,12201.5818
ROSILHA-M-B_003_jpg.rf.863a24cebe30a134937348de5cbcaa87.jpg,TP,4,10,0.9478684531059683,3976,4020,1433.9104,1449.7786
ROSILHA-M-B_003_jpg.rf.863a24cebe30a134937348de5cbcaa87.jpg,TP,1,9,0.943196117202948,5363,5447,1934.12,1964.4139
ROSILHA-M-B_003_jpg.rf.863a24cebe30a134937348de5cbcaa87.jpg,TP,10,1,0.926072607260726,2822,3014,1017.7301,1086.9733
ROSILHA-M-B_003_jpg.rf.863a24cebe30a134937348de5cbcaa87.jpg,TP,8,12,0.9212121212121213,4943,4884,1782.6506,1761.3728
ROSILHA-M-B_003_jpg.rf.863a24cebe30a134937348de5cbcaa87.jpg,TP,7,15,0.9040191961607679,1621,1553,584.5998,560.0762
ROSILHA-M-B_003_jpg.rf.863a24cebe30a134937348de5cbcaa87.jpg,TP,13,7,0.8785140562248996,887,984,319.889,354.8712
ROSILHA-M-B_003_jpg.rf.863a24cebe30a134937348de5cbcaa87.jpg,TP,6,17,0.873264001033525,15095,13905,5443.8825,5014.7192
ROSILHA-M-B_003_jpg.rf.863a24cebe30a134937348de5cbcaa87.jpg,TP,2,6,0.8354216711030319,15321,12950,5525.3875,4670.3066
ROSILHA-M-B_003_jpg.rf.863a24cebe30a134937348de5cbcaa87.jpg,TP,21,4,0.8302883557120845,3825,4490,1379.4535,1619.2801
ROSILHA-M-B_003_jpg.rf.863a24cebe30a134937348de5cbcaa87.jpg,TP,14,13,0.6322854115153655,2117,2504,763.4779,903.0462
ROSILHA-M-B_003_jpg.rf.863a24cebe30a134937348de5cbcaa87.jpg,TP,16,16,0.5460627065366326,7047,12135,2541.4402,4376.3839
ROSILHA-M-B_003_jpg.rf.863a24cebe30a134937348de5cbcaa87.jpg,TP,17,11,0.5050174364813892,27873,14421,10052.1588,5200.8102
ROSILHA-M-B_003_jpg.rf.863a24cebe30a134937348de5cbcaa87.jpg,FP,9,-1,0.0,0,2171,0,782.9526
ROSILHA-M-B_003_jpg.rf.863a24cebe30a134937348de5cbcaa87.jpg,FP,11,-1,0.0,0,6259,0,2257.2548
ROSILHA-M-B_003_jpg.rf.863a24cebe30a134937348de5cbcaa87.jpg,FP,12,-1,0.0,0,14988,0,5405.2939
ROSILHA-M-B_003_jpg.rf.863a24cebe30a134937348de5cbcaa87.jpg,FP,18,-1,0.0,0,9181,0,3311.049
ROSILHA-M-B_003_jpg.rf.863a24cebe30a134937348de5cbcaa87.jpg,FP,19,-1,0.0,0,1053,0,379.7554
ROSILHA-M-B_003_jpg.rf.863a24cebe30a134937348de5cbcaa87.jpg,FP,20,-1,0.0,0,2945,0,1062.089
ROSILHA-M-B_003_jpg.rf.863a24cebe30a134937348de5cbcaa87.jpg,FN,-1,2,0.0,7715,0,2782.3487,0
ROSILHA-M-B_003_jpg.rf.863a24cebe30a134937348de5cbcaa87.jpg,FN,-1,3,0.0,5602,0,2020.3133,0
ROSILHA-M-B_003_jpg.rf.863a24cebe30a134937348de5cbcaa87.jpg,FN,-1,14,0.0,616,0,222.1551,0
ROSILHA-M-B_003_jpg.rf.863a24cebe30a134937348de5cbcaa87.jpg,FN,-1,18,0.0,5112,0,1843.599,0
ZAZA-G_012_jpg.rf.b65fca463e4411032a599acd7494f06d.jpg,TP,3,7,0.9707614213197969,4903,4803,1768.225,1732.1608
ZAZA-G_012_jpg.rf.b65fca463e4411032a599acd7494f06d.jpg,TP,5,16,0.9658735128365685,3177,3102,1145.7579,1118.7097
ZAZA-G_012_jpg.rf.b65fca463e4411032a599acd7494f06d.jpg,TP,18,11,0.9644544431946007,13173,13023,4750.7297,4696.6335
ZAZA-G_012_jpg.rf.b65fca463e4411032a599acd7494f06d.jpg,TP,17,1,0.9560761346998536,665,671,239.8266,241.9904
ZAZA-G_012_jpg.rf.b65fca463e4411032a599acd7494f06d.jpg,TP,16,10,0.9536908077994429,8569,8264,3090.3365,2980.3408
ZAZA-G_012_jpg.rf.b65fca463e4411032a599acd7494f06d.jpg,TP,30,19,0.9534883720930233,2578,2546,929.7336,918.1931
ZAZA-G_012_jpg.rf.b65fca463e4411032a599acd7494f06d.jpg,TP,15,15,0.9524330235101148,1824,1747,657.81,630.0406
ZAZA-G_012_jpg.rf.b65fca463e4411032a599acd7494f06d.jpg,TP,1,24,0.9501204819277108,4100,3993,1478.6299,1440.0413
ZAZA-G_012_jpg.rf.b65fca463e4411032a599acd7494f06d.jpg,TP,13,29,0.948051948051948,532,518,191.8612,186.8123
ZAZA-G_012_jpg.rf.b65fca463e4411032a599acd7494f06d.jpg,TP,0,28,0.945748987854251,3694,3515,1332.2095,1267.6547
ZAZA-G_012_jpg.rf.b65fca463e4411032a599acd7494f06d.jpg,TP,6,27,0.943306510607169,5401,5225,1947.8244,1884.3515
ZAZA-G_012_jpg.rf.b65fca463e4411032a599acd7494f06d.jpg,TP,28,18,0.9419529023548823,6625,6322,2389.2495,2279.9752
ZAZA-G_012_jpg.rf.b65fca463e4411032a599acd7494f06d.jpg,TP,22,23,0.9414262703177625,6815,6443,2457.7714,2323.6128
ZAZA-G_012_jpg.rf.b65fca463e4411032a599acd7494f06d.jpg,TP,9,31,0.9412559081701553,2957,2793,1066.4167,1007.2715
ZAZA-G_012_jpg.rf.b65fca463e4411032a599acd7494f06d.jpg,TP,10,20,0.9406631762652705,4570,4326,1648.1314,1560.1349
ZAZA-G_012_jpg.rf.b65fca463e4411032a599acd7494f06d.jpg,TP,14,12,0.9377662684821653,11864,11333,4278.65,4087.1494
ZAZA-G_012_jpg.rf.b65fca463e4411032a599acd7494f06d.jpg,TP,12,25,0.9360243716679361,1274,1268,459.4572,457.2933
ZAZA-G_012_jpg.rf.b65fca463e4411032a599acd7494f06d.jpg,TP,2,2,0.9315872334335193,6805,6691,2454.165,2413.0519
ZAZA-G_012_jpg.rf.b65fca463e4411032a599acd7494f06d.jpg,TP,31,5,0.9287374128582494,2492,2488,898.7185,897.2759
ZAZA-G_012_jpg.rf.b65fca463e4411032a599acd7494f06d.jpg,TP,23,22,0.9242468989958653,6770,6261,2441.5425,2257.976
ZAZA-G_012_jpg.rf.b65fca463e4411032a599acd7494f06d.jpg,TP,7,21,0.9240593717638936,2877,2697,1037.5654,972.65
ZAZA-G_012_jpg.rf.b65fca463e4411032a599acd7494f06d.jpg,TP,4,26,0.9190378410090936,3386,3156,1221.1319,1138.1844
ZAZA-G_012_jpg.rf.b65fca463e4411032a599acd7494f06d.jpg,TP,24,6,0.915539155391554,7018,6998,2530.9816,2523.7688
ZAZA-G_012_jpg.rf.b65fca463e4411032a599acd7494f06d.jpg,TP,11,8,0.9100888656560376,3658,3650,1319.2264,1316.3413
ZAZA-G_012_jpg.rf.b65fca463e4411032a599acd7494f06d.jpg,TP,19,9,0.9073948439620081,5756,5490,2075.8521,1979.9215
ZAZA-G_012_jpg.rf.b65fca463e4411032a599acd7494f06d.jpg,TP,8,32,0.8397085610200364,7756,8404,2797.135,3030.8306
ZAZA-G_012_jpg.rf.b65fca463e4411032a599acd7494f06d.jpg,TP,25,13,0.8309161655465157,4857,5495,1751.6355,1981.7247
ZAZA-G_012_jpg.rf.b65fca463e4411032a599acd7494f06d.jpg,TP,29,17,0.7950819672131147,116,103,41.8344,37.1461
ZAZA-G_012_jpg.rf.b65fca463e4411032a599acd7494f06d.jpg,TP,20,34,0.5377922077922078,15321,8361,5525.3875,3015.3231
ZAZA-G_012_jpg.rf.b65fca463e4411032a599acd7494f06d.jpg,TP,26,0,0.5230096640589047,4280,2339,1543.5454,843.5403
ZAZA-G_012_jpg.rf.b65fca463e4411032a599acd7494f06d.jpg,FP,21,-1,0.0,0,6438,0,2321.8096
ZAZA-G_012_jpg.rf.b65fca463e4411032a599acd7494f06d.jpg,FP,27,-1,0.0,0,1971,0,710.8243
ZAZA-G_012_jpg.rf.b65fca463e4411032a599acd7494f06d.jpg,FP,32,-1,0.0,0,8800,0,3173.6447
ZAZA-G_012_jpg.rf.b65fca463e4411032a599acd7494f06d.jpg,FN,-1,3,0.0,25,0,9.016,0
ZAZA-G_012_jpg.rf.b65fca463e4411032a599acd7494f06d.jpg,FN,-1,4,0.0,30,0,10.8192,0
ZAZA-G_012_jpg.rf.b65fca463e4411032a599acd7494f06d.jpg,FN,-1,14,0.0,811,0,292.4802,0
ZAZA-G_012_jpg.rf.b65fca463e4411032a599acd7494f06d.jpg,FN,-1,30,0.0,16,0,5.7703,0
ZAZA-G_012_jpg.rf.b65fca463e4411032a599acd7494f06d.jpg,FN,-1,33,0.0,1135,0,409.328,0
TORDILHA-G_009_jpg.rf.b279af9f6892d54790621c0f5458daf3.jpg,TP,6,11,0.9596163553760727,3908,3856,1409.3867,1390.6334
TORDILHA-G_009_jpg.rf.b279af9f6892d54790621c0f5458daf3.jpg,TP,4,16,0.9567483064095883,3818,3692,1376.929,1331.4882
TORDILHA-G_009_jpg.rf.b279af9f6892d54790621c0f5458daf3.jpg,TP,18,10,0.9501590668080594,1850,1828,667.1867,659.2525
TORDILHA-G_009_jpg.rf.b279af9f6892d54790621c0f5458daf3.jpg,TP,17,25,0.9455864570737605,3214,3222,1159.1016,1161.9867
TORDILHA-G_009_jpg.rf.b279af9f6892d54790621c0f5458daf3.jpg,TP,9,8,0.943314124426673,8308,8216,2996.2091,2963.0301
TORDILHA-G_009_jpg.rf.b279af9f6892d54790621c0f5458daf3.jpg,TP,1,28,0.9397342124240239,9466,9363,3413.8319,3376.6858
TORDILHA-G_009_jpg.rf.b279af9f6892d54790621c0f5458daf3.jpg,TP,20,1,0.9381877022653722,3071,2918,1107.5299,1052.3517
TORDILHA-G_009_jpg.rf.b279af9f6892d54790621c0f5458daf3.jpg,TP,7,17,0.9355053191489362,1482,1429,534.4706,515.3566
TORDILHA-G_009_jpg.rf.b279af9f6892d54790621c0f5458daf3.jpg,TP,32,4,0.9354930377948281,3487,3324,1257.5567,1198.7721
TORDILHA-G_009_jpg.rf.b279af9f6892d54790621c0f5458daf3.jpg,TP,13,13,0.9321382842509603,3063,2973,1104.6447,1072.187
TORDILHA-G_009_jpg.rf.b279af9f6892d54790621c0f5458daf3.jpg,TP,14,2,0.9309500489715965,3946,3940,1423.0911,1420.9273
TORDILHA-G_009_jpg.rf.b279af9f6892d54790621c0f5458daf3.jpg,TP,2,36,0.9297480620155039,2046,1937,737.8724,698.5625
TORDILHA-G_009_jpg.rf.b279af9f6892d54790621c0f5458daf3.jpg,TP,8,22,0.9286347517730497,2193,2158,790.8867,778.2642
TORDILHA-G_009_jpg.rf.b279af9f6892d54790621c0f5458daf3.jpg,TP,23,12,0.9285014691478942,2028,1910,731.3808,688.8251
TORDILHA-G_009_jpg.rf.b279af9f6892d54790621c0f5458daf3.jpg,TP,5,3,0.9251579458934067,6056,5828,2184.0446,2101.8183
TORDILHA-G_009_jpg.rf.b279af9f6892d54790621c0f5458daf3.jpg,TP,16,5,0.9169054441260746,2355,2328,849.3106,839.5733
TORDILHA-G_009_jpg.rf.b279af9f6892d54790621c0f5458daf3.jpg,TP,3,20,0.9159904534606206,2086,1928,752.298,695.3167
TORDILHA-G_009_jpg.rf.b279af9f6892d54790621c0f5458daf3.jpg,TP,11,14,0.9156626506024096,6701,6496,2416.6583,2342.7268
TORDILHA-G_009_jpg.rf.b279af9f6892d54790621c0f5458daf3.jpg,TP,21,7,0.9092307692307692,3692,3754,1331.4882,1353.848
TORDILHA-G_009_jpg.rf.b279af9f6892d54790621c0f5458daf3.jpg,TP,0,29,0.9057809006707123,3032,2935,1093.4648,1058.4826
TORDILHA-G_009_jpg.rf.b279af9f6892d54790621c0f5458daf3.jpg,TP,28,34,0.9048243314105926,3618,3647,1304.8007,1315.2593
TORDILHA-G_009_jpg.rf.b279af9f6892d54790621c0f5458daf3.jpg,TP,10,32,0.9002525252525253,1515,1495,546.3718,539.159
TORDILHA-G_009_jpg.rf.b279af9f6892d54790621c0f5458daf3.jpg,TP,24,24,0.8978851963746224,1543,1598,556.4697,576.305
TORDILHA-G_009_jpg.rf.b279af9f6892d54790621c0f5458daf3.jpg,TP,15,23,0.8911174785100286,1928,2032,695.3167,732.8234
TORDILHA-G_009_jpg.rf.b279af9f6892d54790621c0f5458daf3.jpg,TP,19,21,0.8789144050104384,937,863,337.921,311.2336
TORDILHA-G_009_jpg.rf.b279af9f6892d54790621c0f5458daf3.jpg,TP,29,9,0.8789105631210894,2608,2497,940.5529,900.5217
TORDILHA-G_009_jpg.rf.b279af9f6892d54790621c0f5458daf3.jpg,TP,31,31,0.8446416593571023,16661,19090,6008.647,6884.6451
TORDILHA-G_009_jpg.rf.b279af9f6892d54790621c0f5458daf3.jpg,TP,25,35,0.7950432730133753,6245,7444,2252.2058,2684.6149
TORDILHA-G_009_jpg.rf.b279af9f6892d54790621c0f5458daf3.jpg,TP,12,27,0.6540858725761773,11541,7567,4162.1628,2728.9738
TORDILHA-G_009_jpg.rf.b279af9f6892d54790621c0f5458daf3.jpg,TP,22,15,0.5595682855956828,1374,2383,495.5213,859.4085
TORDILHA-G_009_jpg.rf.b279af9f6892d54790621c0f5458daf3.jpg,TP,27,0,0.5555816686251469,8492,4746,3062.5671,1711.6043
TORDILHA-G_009_jpg.rf.b279af9f6892d54790621c0f5458daf3.jpg,TP,33,6,0.5289757412398922,5377,8237,1939.169,2970.6035
TORDILHA-G_009_jpg.rf.b279af9f6892d54790621c0f5458daf3.jpg,TP,26,19,0.5047751078250154,3399,6370,1225.8202,2297.286
TORDILHA-G_009_jpg.rf.b279af9f6892d54790621c0f5458daf3.jpg,FP,30,-1,0.0,0,3012,0,1086.252
TORDILHA-G_009_jpg.rf.b279af9f6892d54790621c0f5458daf3.jpg,FP,34,-1,0.0,0,351,0,126.5851
TORDILHA-G_009_jpg.rf.b279af9f6892d54790621c0f5458daf3.jpg,FN,-1,18,0.0,3130,0,1128.8077,0
TORDILHA-G_009_jpg.rf.b279af9f6892d54790621c0f5458daf3.jpg,FN,-1,26,0.0,815,0,293.9228,0
TORDILHA-G_009_jpg.rf.b279af9f6892d54790621c0f5458daf3.jpg,FN,-1,30,0.0,2225,0,802.4272,0
TORDILHA-G_009_jpg.rf.b279af9f6892d54790621c0f5458daf3.jpg,FN,-1,33,0.0,1345,0,485.0627,0
TP-G_010_jpg.rf.5c8b394cdec2d68bae00b4eb6679ec08.jpg,TP,11,0,0.9742593491986401,2037,2028,734.6266,731.3808
TP-G_010_jpg.rf.5c8b394cdec2d68bae00b4eb6679ec08.jpg,TP,1,22,0.9679093267786426,7255,7156,2616.4536,2580.7501
TP-G_010_jpg.rf.5c8b394cdec2d68bae00b4eb6679ec08.jpg,TP,31,13,0.9596597499677794,15443,14967,5569.3857,5397.7204
TP-G_010_jpg.rf.5c8b394cdec2d68bae00b4eb6679ec08.jpg,TP,10,23,0.9530988274706867,1160,1172,418.3441,422.6718
TP-G_010_jpg.rf.5c8b394cdec2d68bae00b4eb6679ec08.jpg,TP,30,1,0.9526226734348562,5255,5131,1895.1708,1850.4512
TP-G_010_jpg.rf.5c8b394cdec2d68bae00b4eb6679ec08.jpg,TP,16,5,0.9518413597733711,1709,1736,616.3362,626.0735
TP-G_010_jpg.rf.5c8b394cdec2d68bae00b4eb6679ec08.jpg,TP,5,6,0.9485251590514748,5123,4984,1847.5661,1797.4369
TP-G_010_jpg.rf.5c8b394cdec2d68bae00b4eb6679ec08.jpg,TP,0,10,0.9468806883998014,5940,5825,2142.2101,2100.7364
TP-G_010_jpg.rf.5c8b394cdec2d68bae00b4eb6679ec08.jpg,TP,18,34,0.9446112779446113,2903,2925,1046.9421,1054.8762
TP-G_010_jpg.rf.5c8b394cdec2d68bae00b4eb6679ec08.jpg,TP,6,36,0.9441087613293051,1923,1938,693.5135,698.9231
TP-G_010_jpg.rf.5c8b394cdec2d68bae00b4eb6679ec08.jpg,TP,20,19,0.9439893579780159,13797,13969,4975.7699,5037.8003
TP-G_010_jpg.rf.5c8b394cdec2d68bae00b4eb6679ec08.jpg,TP,14,8,0.9421487603305785,594,581,214.221,209.5327
TP-G_010_jpg.rf.5c8b394cdec2d68bae00b4eb6679ec08.jpg,TP,3,24,0.9395904436860069,2852,2831,1028.5494,1020.9759
TP-G_010_jpg.rf.5c8b394cdec2d68bae00b4eb6679ec08.jpg,TP,2,7,0.9390797148412184,19872,19024,7166.6667,6860.8427
TP-G_010_jpg.rf.5c8b394cdec2d68bae00b4eb6679ec08.jpg,TP,17,11,0.9320432043204321,2179,2114,785.8377,762.396
TP-G_010_jpg.rf.5c8b394cdec2d68bae00b4eb6679ec08.jpg,TP,9,29,0.9316263365222285,3436,3429,1239.164,1236.6395
TP-G_010_jpg.rf.5c8b394cdec2d68bae00b4eb6679ec08.jpg,TP,25,28,0.9304547191440581,2509,2543,904.8494,917.1112
TP-G_010_jpg.rf.5c8b394cdec2d68bae00b4eb6679ec08.jpg,TP,26,18,0.9293563579277865,633,596,228.286,214.9423
TP-G_010_jpg.rf.5c8b394cdec2d68bae00b4eb6679ec08.jpg,TP,8,21,0.9240552325581395,2637,2658,951.0115,958.5849
TP-G_010_jpg.rf.5c8b394cdec2d68bae00b4eb6679ec08.jpg,TP,27,12,0.923937784522003,5165,4978,1862.713,1795.2731
TP-G_010_jpg.rf.5c8b394cdec2d68bae00b4eb6679ec08.jpg,TP,24,20,0.9231366459627329,1272,1205,458.7359,434.5729
TP-G_010_jpg.rf.5c8b394cdec2d68bae00b4eb6679ec08.jpg,TP,13,9,0.9219409282700421,904,918,326.0199,331.0688
TP-G_010_jpg.rf.5c8b394cdec2d68bae00b4eb6679ec08.jpg,TP,15,33,0.91452161243322,2032,1910,732.8234,688.8251
TP-G_010_jpg.rf.5c8b394cdec2d68bae00b4eb6679ec08.jpg,TP,21,32,0.9122098890010091,909,986,327.8231,355.5925
TP-G_010_jpg.rf.5c8b394cdec2d68bae00b4eb6679ec08.jpg,TP,23,3,0.9111111111111111,1165,1157,420.1473,417.2621
TP-G_010_jpg.rf.5c8b394cdec2d68bae00b4eb6679ec08.jpg,TP,7,25,0.908303249097473,1329,1314,479.2925,473.8829
TP-G_010_jpg.rf.5c8b394cdec2d68bae00b4eb6679ec08.jpg,TP,22,17,0.9051321928460342,613,612,221.0732,220.7126
TP-G_010_jpg.rf.5c8b394cdec2d68bae00b4eb6679ec08.jpg,TP,19,31,0.8937381404174574,1038,958,374.3458,345.4945
TP-G_010_jpg.rf.5c8b394cdec2d68bae00b4eb6679ec08.jpg,TP,12,16,0.8901408450704226,1063,950,383.3618,342.6094
TP-G_010_jpg.rf.5c8b394cdec2d68bae00b4eb6679ec08.jpg,TP,4,30,0.8794223826714801,2500,2706,901.6036,975.8957
TP-G_010_jpg.rf.5c8b394cdec2d68bae00b4eb6679ec08.jpg,TP,29,4,0.6918238993710691,159,110,57.342,39.6706
TP-G_010_jpg.rf.5c8b394cdec2d68bae00b4eb6679ec08.jpg,TP,28,27,0.6656338028169014,4889,6937,1763.176,2501.7697
TP-G_010_jpg.rf.5c8b394cdec2d68bae00b4eb6679ec08.jpg,FP,32,-1,0.0,0,2135,0,769.9695
TP-G_010_jpg.rf.5c8b394cdec2d68bae00b4eb6679ec08.jpg,FP,33,-1,0.0,0,184,0,66.358
TP-G_010_jpg.rf.5c8b394cdec2d68bae00b4eb6679ec08.jpg,FN,-1,2,0.0,44,0,15.8682,0
TP-G_010_jpg.rf.5c8b394cdec2d68bae00b4eb6679ec08.jpg,FN,-1,14,0.0,13298,0,4795.8098,0
TP-G_010_jpg.rf.5c8b394cdec2d68bae00b4eb6679ec08.jpg,FN,-1,15,0.0,128,0,46.1621,0
TP-G_010_jpg.rf.5c8b394cdec2d68bae00b4eb6679ec08.jpg,FN,-1,26,0.0,1923,0,693.5135,0
TP-G_010_jpg.rf.5c8b394cdec2d68bae00b4eb6679ec08.jpg,FN,-1,35,0.0,8645,0,3117.7452,0
TOSTADA-B_006_jpg.rf.fd9a20fd791843647a700cdeb77e0cc3.jpg,TP,3,3,0.9756915339480302,3530,3541,1273.0643,1277.0313
TOSTADA-B_006_jpg.rf.fd9a20fd791843647a700cdeb77e0cc3.jpg,TP,0,0,0.9588593224956862,10743,10826,3874.371,3904.3042
TOSTADA-B_006_jpg.rf.fd9a20fd791843647a700cdeb77e0cc3.jpg,TP,5,1,0.9545726240286909,4924,4886,1775.7984,1762.0941
TOSTADA-B_006_jpg.rf.fd9a20fd791843647a700cdeb77e0cc3.jpg,TP,16,4,0.9530489874420184,8768,8495,3162.1041,3063.649
TOSTADA-B_006_jpg.rf.fd9a20fd791843647a700cdeb77e0cc3.jpg,TP,14,5,0.9519151052893384,5909,5863,2131.0303,2114.4408
TOSTADA-B_006_jpg.rf.fd9a20fd791843647a700cdeb77e0cc3.jpg,TP,7,15,0.951194712760549,1941,1897,700.005,684.1368
TOSTADA-B_006_jpg.rf.fd9a20fd791843647a700cdeb77e0cc3.jpg,TP,4,22,0.9501945525291828,2521,2491,909.1771,898.3578
TOSTADA-B_006_jpg.rf.fd9a20fd791843647a700cdeb77e0cc3.jpg,TP,1,23,0.9446633237822349,5419,5440,1954.316,1961.8894
TOSTADA-B_006_jpg.rf.fd9a20fd791843647a700cdeb77e0cc3.jpg,TP,9,11,0.9419002050580998,1421,1420,512.4715,512.1108
TOSTADA-B_006_jpg.rf.fd9a20fd791843647a700cdeb77e0cc3.jpg,TP,6,12,0.9409074920858248,2810,2708,1013.4024,976.617
TOSTADA-B_006_jpg.rf.fd9a20fd791843647a700cdeb77e0cc3.jpg,TP,2,6,0.9401904761904762,4980,5206,1795.9944,1877.4993
TOSTADA-B_006_jpg.rf.fd9a20fd791843647a700cdeb77e0cc3.jpg,TP,10,9,0.9396189408797982,6920,6925,2495.6388,2497.442
TOSTADA-B_006_jpg.rf.fd9a20fd791843647a700cdeb77e0cc3.jpg,TP,8,7,0.9229343629343629,6177,6274,2227.6822,2262.6644
TOSTADA-B_006_jpg.rf.fd9a20fd791843647a700cdeb77e0cc3.jpg,TP,20,10,0.9194699286442406,2847,2802,1026.7462,1010.5173
TOSTADA-B_006_jpg.rf.fd9a20fd791843647a700cdeb77e0cc3.jpg,TP,15,17,0.9154362416107382,740,687,266.8747,247.7607
TOSTADA-B_006_jpg.rf.fd9a20fd791843647a700cdeb77e0cc3.jpg,TP,13,16,0.9127218934911243,1321,1265,476.4073,456.2114
TOSTADA-B_006_jpg.rf.fd9a20fd791843647a700cdeb77e0cc3.jpg,TP,17,2,0.9121951219512195,575,601,207.3688,216.7455
TOSTADA-B_006_jpg.rf.fd9a20fd791843647a700cdeb77e0cc3.jpg,TP,11,13,0.9109311740890689,1482,1350,534.4706,486.8659
TOSTADA-B_006_jpg.rf.fd9a20fd791843647a700cdeb77e0cc3.jpg,TP,12,14,0.9095106186518929,1071,997,386.247,359.5595
TOSTADA-B_006_jpg.rf.fd9a20fd791843647a700cdeb77e0cc3.jpg,FP,18,-1,0.0,0,7104,0,2561.9968
TOSTADA-B_006_jpg.rf.fd9a20fd791843647a700cdeb77e0cc3.jpg,FP,19,-1,0.0,0,6985,0,2519.0804
TOSTADA-B_006_jpg.rf.fd9a20fd791843647a700cdeb77e0cc3.jpg,FP,21,-1,0.0,0,702,0,253.1703
TOSTADA-B_006_jpg.rf.fd9a20fd791843647a700cdeb77e0cc3.jpg,FP,22,-1,0.0,0,2015,0,726.6925
TOSTADA-B_006_jpg.rf.fd9a20fd791843647a700cdeb77e0cc3.jpg,FN,-1,8,0.0,14514,0,5234.3498,0
TOSTADA-B_006_jpg.rf.fd9a20fd791843647a700cdeb77e0cc3.jpg,FN,-1,18,0.0,16913,0,6099.5287,0
TOSTADA-B_006_jpg.rf.fd9a20fd791843647a700cdeb77e0cc3.jpg,FN,-1,19,0.0,652,0,235.1382,0
TOSTADA-B_006_jpg.rf.fd9a20fd791843647a700cdeb77e0cc3.jpg,FN,-1,20,0.0,6433,0,2320.0064,0
TOSTADA-B_006_jpg.rf.fd9a20fd791843647a700cdeb77e0cc3.jpg,FN,-1,21,0.0,7549,0,2722.4822,0
TP-D_010_jpg.rf.8e807d0647c50bd1b8d28134da2e26a4.jpg,TP,20,32,0.9714955095665756,2551,2498,919.9963,900.8823
TP-D_010_jpg.rf.8e807d0647c50bd1b8d28134da2e26a4.jpg,TP,15,46,0.9617263843648208,3681,3546,1327.5211,1278.8345
TP-D_010_jpg.rf.8e807d0647c50bd1b8d28134da2e26a4.jpg,TP,42,36,0.9572953736654805,1938,1912,698.9231,689.5464
TP-D_010_jpg.rf.8e807d0647c50bd1b8d28134da2e26a4.jpg,TP,23,45,0.9520848573518654,2725,2612,982.7479,941.9954
TP-D_010_jpg.rf.8e807d0647c50bd1b8d28134da2e26a4.jpg,TP,8,41,0.9498207885304659,3870,3746,1395.6824,1350.9628
TP-D_010_jpg.rf.8e807d0647c50bd1b8d28134da2e26a4.jpg,TP,7,30,0.9494783086216365,1807,1743,651.6791,628.598
TP-D_010_jpg.rf.8e807d0647c50bd1b8d28134da2e26a4.jpg,TP,26,35,0.9493952896244431,3092,3033,1115.1033,1093.8255
TP-D_010_jpg.rf.8e807d0647c50bd1b8d28134da2e26a4.jpg,TP,22,0,0.943076923076923,618,645,222.8764,232.6137
TP-D_010_jpg.rf.8e807d0647c50bd1b8d28134da2e26a4.jpg,TP,2,10,0.9427048634243838,5988,5676,2159.5209,2047.0008
TP-D_010_jpg.rf.8e807d0647c50bd1b8d28134da2e26a4.jpg,TP,11,40,0.9418918918918919,1466,1408,528.7003,507.7831
TP-D_010_jpg.rf.8e807d0647c50bd1b8d28134da2e26a4.jpg,TP,1,13,0.9403890772800285,5580,5292,2012.3792,1908.5145
TP-D_010_jpg.rf.8e807d0647c50bd1b8d28134da2e26a4.jpg,TP,6,1,0.9396078431372549,4959,4933,1788.4209,1779.0442
TP-D_010_jpg.rf.8e807d0647c50bd1b8d28134da2e26a4.jpg,TP,10,22,0.9392488954344624,2671,2596,963.2733,936.2252
TP-D_010_jpg.rf.8e807d0647c50bd1b8d28134da2e26a4.jpg,TP,32,15,0.9389279437609842,2236,2177,806.3943,785.1164
TP-D_010_jpg.rf.8e807d0647c50bd1b8d28134da2e26a4.jpg,TP,3,21,0.9375090619109758,6843,6520,2467.8694,2351.3822
TP-D_010_jpg.rf.8e807d0647c50bd1b8d28134da2e26a4.jpg,TP,14,17,0.9362504097017371,6020,5795,2171.0615,2089.9171
TP-D_010_jpg.rf.8e807d0647c50bd1b8d28134da2e26a4.jpg,TP,21,23,0.9309271935283137,1606,1497,579.1902,539.8802
TP-D_010_jpg.rf.8e807d0647c50bd1b8d28134da2e26a4.jpg,TP,0,8,0.9302325581395349,2258,2141,814.3284,772.1333
TP-D_010_jpg.rf.8e807d0647c50bd1b8d28134da2e26a4.jpg,TP,13,44,0.9301575931232091,2772,2617,999.6981,943.7986
TP-D_010_jpg.rf.8e807d0647c50bd1b8d28134da2e26a4.jpg,TP,31,37,0.9293933054393305,1891,1798,681.973,648.4333
TP-D_010_jpg.rf.8e807d0647c50bd1b8d28134da2e26a4.jpg,TP,16,14,0.9266156633782967,9814,9325,3539.3351,3362.9814
TP-D_010_jpg.rf.8e807d0647c50bd1b8d28134da2e26a4.jpg,TP,40,2,0.9239130434782609,183,171,65.9974,61.6697
TP-D_010_jpg.rf.8e807d0647c50bd1b8d28134da2e26a4.jpg,TP,19,27,0.9237057220708447,2887,2761,1041.1718,995.731
TP-D_010_jpg.rf.8e807d0647c50bd1b8d28134da2e26a4.jpg,TP,25,3,0.9228206551915602,1786,1677,644.1056,604.7957
TP-D_010_jpg.rf.8e807d0647c50bd1b8d28134da2e26a4.jpg,TP,33,12,0.9225984796129924,1421,1361,512.4715,490.833
TP-D_010_jpg.rf.8e807d0647c50bd1b8d28134da2e26a4.jpg,TP,27,38,0.9210383991346673,1808,1744,652.0397,628.9587
TP-D_010_jpg.rf.8e807d0647c50bd1b8d28134da2e26a4.jpg,TP,12,42,0.920881971465629,2256,2187,813.6071,788.7228
TP-D_010_jpg.rf.8e807d0647c50bd1b8d28134da2e26a4.jpg,TP,5,6,0.919672131147541,2435,2249,878.1619,811.0826
TP-D_010_jpg.rf.8e807d0647c50bd1b8d28134da2e26a4.jpg,TP,18,7,0.919000757002271,1293,1242,466.3094,447.9167
TP-D_010_jpg.rf.8e807d0647c50bd1b8d28134da2e26a4.jpg,TP,9,9,0.9173333333333333,1859,1736,670.4324,626.0735
TP-D_010_jpg.rf.8e807d0647c50bd1b8d28134da2e26a4.jpg,TP,4,19,0.9121505233867762,7153,7278,2579.6682,2624.7484
TP-D_010_jpg.rf.8e807d0647c50bd1b8d28134da2e26a4.jpg,TP,28,39,0.9074315514993481,2264,2125,816.4922,766.3631
TP-D_010_jpg.rf.8e807d0647c50bd1b8d28134da2e26a4.jpg,TP,29,29,0.9071494893221913,3160,3002,1139.6269,1082.6456
TP-D_010_jpg.rf.8e807d0647c50bd1b8d28134da2e26a4.jpg,TP,17,25,0.9015151515151515,895,862,322.7741,310.8729
TP-D_010_jpg.rf.8e807d0647c50bd1b8d28134da2e26a4.jpg,TP,37,11,0.8968253968253969,1469,1399,529.7823,504.5374
TP-D_010_jpg.rf.8e807d0647c50bd1b8d28134da2e26a4.jpg,TP,43,5,0.8907407407407407,534,487,192.5825,175.6324
TP-D_010_jpg.rf.8e807d0647c50bd1b8d28134da2e26a4.jpg,TP,24,33,0.8818181818181818,938,925,338.2817,333.5933
TP-D_010_jpg.rf.8e807d0647c50bd1b8d28134da2e26a4.jpg,TP,35,16,0.8476953907815631,485,437,174.9111,157.6003
TP-D_010_jpg.rf.8e807d0647c50bd1b8d28134da2e26a4.jpg,TP,30,24,0.8298429319371727,362,337,130.5522,121.5362
TP-D_010_jpg.rf.8e807d0647c50bd1b8d28134da2e26a4.jpg,TP,44,18,0.6749596122778675,3081,2103,1111.1363,758.4289
TP-D_010_jpg.rf.8e807d0647c50bd1b8d28134da2e26a4.jpg,TP,39,26,0.656,125,82,45.0802,29.5726
TP-D_010_jpg.rf.8e807d0647c50bd1b8d28134da2e26a4.jpg,TP,34,31,0.6036601307189543,7612,4656,2745.2026,1679.1465
TP-D_010_jpg.rf.8e807d0647c50bd1b8d28134da2e26a4.jpg,FP,36,-1,0.0,0,2648,0,954.9785
TP-D_010_jpg.rf.8e807d0647c50bd1b8d28134da2e26a4.jpg,FP,38,-1,0.0,0,833,0,300.4143
TP-D_010_jpg.rf.8e807d0647c50bd1b8d28134da2e26a4.jpg,FP,41,-1,0.0,0,1614,0,582.0753
TP-D_010_jpg.rf.8e807d0647c50bd1b8d28134da2e26a4.jpg,FN,-1,4,0.0,20,0,7.2128,0
TP-D_010_jpg.rf.8e807d0647c50bd1b8d28134da2e26a4.jpg,FN,-1,20,0.0,364,0,131.2735,0
TP-D_010_jpg.rf.8e807d0647c50bd1b8d28134da2e26a4.jpg,FN,-1,28,0.0,12,0,4.3277,0
TP-D_010_jpg.rf.8e807d0647c50bd1b8d28134da2e26a4.jpg,FN,-1,34,0.0,67,0,24.163,0
TP-D_010_jpg.rf.8e807d0647c50bd1b8d28134da2e26a4.jpg,FN,-1,43,0.0,56,0,20.1959,0
TP-G_008_jpg.rf.7ce2f84776589571f8d07c60f1c4e63c.jpg,TP,1,13,0.9663439372982942,6396,6399,2306.6626,2307.7446
TP-G_008_jpg.rf.7ce2f84776589571f8d07c60f1c4e63c.jpg,TP,7,2,0.9633353045535187,6638,6642,2393.9379,2395.3804
TP-G_008_jpg.rf.7ce2f84776589571f8d07c60f1c4e63c.jpg,TP,14,7,0.9626960925598057,23990,23678,8651.7881,8539.268
TP-G_008_jpg.rf.7ce2f84776589571f8d07c60f1c4e63c.jpg,TP,12,8,0.9625892579944116,25315,25257,9129.638,9108.7208
TP-G_008_jpg.rf.7ce2f84776589571f8d07c60f1c4e63c.jpg,TP,8,1,0.9544384271250295,8331,8270,3004.5038,2982.5047
TP-G_008_jpg.rf.7ce2f84776589571f8d07c60f1c4e63c.jpg,TP,5,0,0.9533678756476683,5004,4798,1804.6498,1730.3576
TP-G_008_jpg.rf.7ce2f84776589571f8d07c60f1c4e63c.jpg,TP,2,11,0.9460459680560966,5054,4937,1822.6818,1780.4868
TP-G_008_jpg.rf.7ce2f84776589571f8d07c60f1c4e63c.jpg,TP,3,14,0.9455706748125521,3548,3458,1279.5558,1247.0981
TP-G_008_jpg.rf.7ce2f84776589571f8d07c60f1c4e63c.jpg,TP,6,26,0.9396485867074102,2585,2493,932.2581,899.0791
TP-G_008_jpg.rf.7ce2f84776589571f8d07c60f1c4e63c.jpg,TP,0,12,0.9340197805175451,7332,6943,2644.223,2503.9335
TP-G_008_jpg.rf.7ce2f84776589571f8d07c60f1c4e63c.jpg,TP,18,25,0.9325373134328359,1641,1596,591.8126,575.5837
TP-G_008_jpg.rf.7ce2f84776589571f8d07c60f1c4e63c.jpg,TP,4,16,0.9323857868020304,4743,4774,1710.5223,1721.7022
TP-G_008_jpg.rf.7ce2f84776589571f8d07c60f1c4e63c.jpg,TP,17,21,0.9318651066758431,1438,1369,518.6024,493.7181
TP-G_008_jpg.rf.7ce2f84776589571f8d07c60f1c4e63c.jpg,TP,16,10,0.9317416590143863,3168,3143,1142.5121,1133.496
TP-G_008_jpg.rf.7ce2f84776589571f8d07c60f1c4e63c.jpg,TP,9,15,0.9295473953885568,2315,2204,834.8849,794.8537
TP-G_008_jpg.rf.7ce2f84776589571f8d07c60f1c4e63c.jpg,TP,13,9,0.927521540800811,7563,7649,2727.5312,2758.5464
TP-G_008_jpg.rf.7ce2f84776589571f8d07c60f1c4e63c.jpg,TP,10,6,0.9258147512864494,4545,4437,1639.1153,1600.1661
TP-G_008_jpg.rf.7ce2f84776589571f8d07c60f1c4e63c.jpg,TP,15,24,0.922893101800223,6019,6051,2170.7008,2182.2413
TP-G_008_jpg.rf.7ce2f84776589571f8d07c60f1c4e63c.jpg,TP,19,23,0.9162077104642015,2460,2411,887.1779,869.5065
TP-G_008_jpg.rf.7ce2f84776589571f8d07c60f1c4e63c.jpg,TP,11,20,0.914819643633203,2269,2137,818.2954,770.6908
TP-G_008_jpg.rf.7ce2f84776589571f8d07c60f1c4e63c.jpg,TP,20,18,0.9054669703872438,865,808,311.9548,291.3983
TP-G_008_jpg.rf.7ce2f84776589571f8d07c60f1c4e63c.jpg,TP,25,29,0.8837209302325582,757,701,273.0056,252.8096
TP-G_008_jpg.rf.7ce2f84776589571f8d07c60f1c4e63c.jpg,TP,22,22,0.8831030818278427,866,906,312.3155,326.7411
TP-G_008_jpg.rf.7ce2f84776589571f8d07c60f1c4e63c.jpg,TP,23,19,0.8795986622073578,577,547,208.0901,197.2709
TP-G_008_jpg.rf.7ce2f84776589571f8d07c60f1c4e63c.jpg,TP,24,27,0.8783694937541091,1414,1443,509.947,520.4056
TP-G_008_jpg.rf.7ce2f84776589571f8d07c60f1c4e63c.jpg,TP,21,5,0.8404441846873174,1457,1692,525.4546,610.2053
TP-G_008_jpg.rf.7ce2f84776589571f8d07c60f1c4e63c.jpg,TP,26,3,0.7777777777777778,191,241,68.8825,86.9146
TP-G_008_jpg.rf.7ce2f84776589571f8d07c60f1c4e63c.jpg,FN,-1,4,0.0,37,0,13.3437,0
TP-G_008_jpg.rf.7ce2f84776589571f8d07c60f1c4e63c.jpg,FN,-1,17,0.0,47,0,16.9501,0
TP-G_008_jpg.rf.7ce2f84776589571f8d07c60f1c4e63c.jpg,FN,-1,28,0.0,115,0,41.4738,0
TP-G_008_jpg.rf.7ce2f84776589571f8d07c60f1c4e63c.jpg,FN,-1,30,0.0,235,0,84.7507,0
TP-G_008_jpg.rf.7ce2f84776589571f8d07c60f1c4e63c.jpg,FN,-1,31,0.0,126,0,45.4408,0
TP-G_008_jpg.rf.7ce2f84776589571f8d07c60f1c4e63c.jpg,FN,-1,32,0.0,57,0,20.5566,0
ZAZA-D_004_jpg.rf.02ed2d595bd7bc4d5f40bda7d3f8e5d2.jpg,TP,1,1,0.974630219060101,10499,10594,3786.3745,3820.6354
ZAZA-D_004_jpg.rf.02ed2d595bd7bc4d5f40bda7d3f8e5d2.jpg,TP,13,4,0.9568016420974063,10577,10396,3814.5045,3749.2284
ZAZA-D_004_jpg.rf.02ed2d595bd7bc4d5f40bda7d3f8e5d2.jpg,TP,17,7,0.9550056242969629,886,852,319.5283,307.2665
ZAZA-D_004_jpg.rf.02ed2d595bd7bc4d5f40bda7d3f8e5d2.jpg,TP,18,3,0.9469992205767732,1268,1230,457.2933,443.589
ZAZA-D_004_jpg.rf.02ed2d595bd7bc4d5f40bda7d3f8e5d2.jpg,TP,19,5,0.9401109057301293,2695,2553,971.9287,920.7176
ZAZA-D_004_jpg.rf.02ed2d595bd7bc4d5f40bda7d3f8e5d2.jpg,TP,3,11,0.9359407693545791,6213,5815,2240.6653,2097.13
ZAZA-D_004_jpg.rf.02ed2d595bd7bc4d5f40bda7d3f8e5d2.jpg,TP,6,17,0.9316791591281124,11451,10970,4129.7051,3956.2366
ZAZA-D_004_jpg.rf.02ed2d595bd7bc4d5f40bda7d3f8e5d2.jpg,TP,15,0,0.9253541975047579,4575,4530,1649.9346,1633.7057
ZAZA-D_004_jpg.rf.02ed2d595bd7bc4d5f40bda7d3f8e5d2.jpg,TP,29,24,0.9235364396654719,831,779,299.693,280.9397
ZAZA-D_004_jpg.rf.02ed2d595bd7bc4d5f40bda7d3f8e5d2.jpg,TP,4,27,0.9222006472491909,7688,7161,2772.6114,2582.5533
ZAZA-D_004_jpg.rf.02ed2d595bd7bc4d5f40bda7d3f8e5d2.jpg,TP,21,12,0.9201954397394136,1218,1140,439.2613,411.1312
ZAZA-D_004_jpg.rf.02ed2d595bd7bc4d5f40bda7d3f8e5d2.jpg,TP,7,6,0.9190904283447912,1872,1757,675.1208,633.647
ZAZA-D_004_jpg.rf.02ed2d595bd7bc4d5f40bda7d3f8e5d2.jpg,TP,5,8,0.9137477222109739,4938,4514,1780.8474,1627.9355
ZAZA-D_004_jpg.rf.02ed2d595bd7bc4d5f40bda7d3f8e5d2.jpg,TP,16,9,0.9099279423538831,2493,2278,899.0791,821.5412
ZAZA-D_004_jpg.rf.02ed2d595bd7bc4d5f40bda7d3f8e5d2.jpg,TP,0,26,0.9070719602977667,8059,7312,2906.4094,2637.0102
ZAZA-D_004_jpg.rf.02ed2d595bd7bc4d5f40bda7d3f8e5d2.jpg,TP,20,30,0.9039759939984996,6638,6052,2393.9379,2182.602
ZAZA-D_004_jpg.rf.02ed2d595bd7bc4d5f40bda7d3f8e5d2.jpg,TP,25,13,0.8979757085020242,3689,3343,1330.4063,1205.6243
ZAZA-D_004_jpg.rf.02ed2d595bd7bc4d5f40bda7d3f8e5d2.jpg,TP,2,28,0.89568345323741,8574,7763,3092.1397,2799.6595
ZAZA-D_004_jpg.rf.02ed2d595bd7bc4d5f40bda7d3f8e5d2.jpg,TP,24,14,0.8888091822094691,2763,2503,996.4523,902.6855
ZAZA-D_004_jpg.rf.02ed2d595bd7bc4d5f40bda7d3f8e5d2.jpg,TP,11,20,0.8874719972428055,5751,5202,2074.0489,1876.0568
ZAZA-D_004_jpg.rf.02ed2d595bd7bc4d5f40bda7d3f8e5d2.jpg,TP,8,15,0.8853960396039604,8059,7175,2906.4094,2587.6023
ZAZA-D_004_jpg.rf.02ed2d595bd7bc4d5f40bda7d3f8e5d2.jpg,TP,14,21,0.8661174047373842,3883,3365,1400.3707,1213.5584
ZAZA-D_004_jpg.rf.02ed2d595bd7bc4d5f40bda7d3f8e5d2.jpg,TP,10,18,0.863763687293099,3925,3394,1415.5176,1224.017
ZAZA-D_004_jpg.rf.02ed2d595bd7bc4d5f40bda7d3f8e5d2.jpg,TP,9,16,0.8491452991452991,2331,1996,840.6552,719.8403
ZAZA-D_004_jpg.rf.02ed2d595bd7bc4d5f40bda7d3f8e5d2.jpg,TP,27,19,0.8434504792332268,307,270,110.7169,97.3732
ZAZA-D_004_jpg.rf.02ed2d595bd7bc4d5f40bda7d3f8e5d2.jpg,TP,28,29,0.8285907859078591,1457,1242,525.4546,447.9167
ZAZA-D_004_jpg.rf.02ed2d595bd7bc4d5f40bda7d3f8e5d2.jpg,TP,31,25,0.827072152653548,7580,7740,2733.6621,2791.3647
ZAZA-D_004_jpg.rf.02ed2d595bd7bc4d5f40bda7d3f8e5d2.jpg,TP,23,31,0.8163471241170535,991,809,357.3957,291.7589
ZAZA-D_004_jpg.rf.02ed2d595bd7bc4d5f40bda7d3f8e5d2.jpg,TP,22,2,0.7310639670888118,12158,9302,4384.6786,3354.6867
ZAZA-D_004_jpg.rf.02ed2d595bd7bc4d5f40bda7d3f8e5d2.jpg,TP,32,34,0.6967545638945233,974,699,351.2648,252.0884
ZAZA-D_004_jpg.rf.02ed2d595bd7bc4d5f40bda7d3f8e5d2.jpg,TP,30,32,0.6189659607305154,7451,11431,2687.1394,4122.4923
ZAZA-D_004_jpg.rf.02ed2d595bd7bc4d5f40bda7d3f8e5d2.jpg,TP,12,23,0.6185881157948198,2713,3661,978.4202,1320.3083
ZAZA-D_004_jpg.rf.02ed2d595bd7bc4d5f40bda7d3f8e5d2.jpg,FP,26,-1,0.0,0,2741,0,988.5182
ZAZA-D_004_jpg.rf.02ed2d595bd7bc4d5f40bda7d3f8e5d2.jpg,FN,-1,10,0.0,38,0,13.7044,0
ZAZA-D_004_jpg.rf.02ed2d595bd7bc4d5f40bda7d3f8e5d2.jpg,FN,-1,22,0.0,1273,0,459.0966,0
ZAZA-D_004_jpg.rf.02ed2d595bd7bc4d5f40bda7d3f8e5d2.jpg,FN,-1,33,0.0,4467,0,1610.9853,0
ROSILHA-M-B_009_jpg.rf.d2aa8881a0b4f54b4bdb89392b953e71.jpg,TP,1,17,0.9692063176716003,9951,9873,3588.743,3560.6129
ROSILHA-M-B_009_jpg.rf.d2aa8881a0b4f54b4bdb89392b953e71.jpg,TP,7,0,0.9588495575221239,4401,4453,1587.183,1605.9363
ROSILHA-M-B_009_jpg.rf.d2aa8881a0b4f54b4bdb89392b953e71.jpg,TP,17,24,0.95682001614205,2432,2417,877.08,871.6704
ROSILHA-M-B_009_jpg.rf.d2aa8881a0b4f54b4bdb89392b953e71.jpg,TP,0,35,0.9535539087777893,9352,9365,3372.7187,3377.4071
ROSILHA-M-B_009_jpg.rf.d2aa8881a0b4f54b4bdb89392b953e71.jpg,TP,21,1,0.951255230125523,4694,4633,1692.8509,1670.8518
ROSILHA-M-B_009_jpg.rf.d2aa8881a0b4f54b4bdb89392b953e71.jpg,TP,33,42,0.9498850915560827,13153,13149,4743.5168,4742.0743
ROSILHA-M-B_009_jpg.rf.d2aa8881a0b4f54b4bdb89392b953e71.jpg,TP,8,23,0.9482836156498277,6477,6520,2335.8746,2351.3822
ROSILHA-M-B_009_jpg.rf.d2aa8881a0b4f54b4bdb89392b953e71.jpg,TP,3,28,0.9481997677119628,4227,4160,1524.4314,1500.2684
ROSILHA-M-B_009_jpg.rf.d2aa8881a0b4f54b4bdb89392b953e71.jpg,TP,14,7,0.9430970149253731,3076,3173,1109.3331,1144.3153
ROSILHA-M-B_009_jpg.rf.d2aa8881a0b4f54b4bdb89392b953e71.jpg,TP,4,21,0.9430563625798954,5017,5015,1809.3381,1808.6168
ROSILHA-M-B_009_jpg.rf.d2aa8881a0b4f54b4bdb89392b953e71.jpg,TP,37,26,0.942960489705064,6976,6990,2515.8347,2520.8837
ROSILHA-M-B_009_jpg.rf.d2aa8881a0b4f54b4bdb89392b953e71.jpg,TP,23,30,0.9414780008543358,2272,2273,819.3773,819.738
ROSILHA-M-B_009_jpg.rf.d2aa8881a0b4f54b4bdb89392b953e71.jpg,TP,19,6,0.9400382226469183,3990,4131,1438.9593,1489.8098
ROSILHA-M-B_009_jpg.rf.d2aa8881a0b4f54b4bdb89392b953e71.jpg,TP,9,38,0.9394143386065298,2954,2808,1065.3348,1012.6812
ROSILHA-M-B_009_jpg.rf.d2aa8881a0b4f54b4bdb89392b953e71.jpg,TP,6,5,0.9393213572854291,2397,2461,864.4575,887.5386
ROSILHA-M-B_009_jpg.rf.d2aa8881a0b4f54b4bdb89392b953e71.jpg,TP,18,14,0.9381107491856677,1829,1741,659.6132,627.8767
ROSILHA-M-B_009_jpg.rf.d2aa8881a0b4f54b4bdb89392b953e71.jpg,TP,36,9,0.9379288833437305,3025,3188,1090.9404,1149.7249
ROSILHA-M-B_009_jpg.rf.d2aa8881a0b4f54b4bdb89392b953e71.jpg,TP,5,33,0.9376171352074967,3553,3684,1281.359,1328.6031
ROSILHA-M-B_009_jpg.rf.d2aa8881a0b4f54b4bdb89392b953e71.jpg,TP,15,32,0.9316176470588236,3993,3888,1440.0413,1402.1739
ROSILHA-M-B_009_jpg.rf.d2aa8881a0b4f54b4bdb89392b953e71.jpg,TP,32,8,0.9312119160460393,7137,7125,2573.8979,2569.5702
ROSILHA-M-B_009_jpg.rf.d2aa8881a0b4f54b4bdb89392b953e71.jpg,TP,24,43,0.9300653594771242,3013,2893,1086.6127,1043.3357
ROSILHA-M-B_009_jpg.rf.d2aa8881a0b4f54b4bdb89392b953e71.jpg,TP,26,4,0.9291044776119403,1024,1044,369.2968,376.5097
ROSILHA-M-B_009_jpg.rf.d2aa8881a0b4f54b4bdb89392b953e71.jpg,TP,20,22,0.9273743016759777,2614,2561,942.7167,923.6027
ROSILHA-M-B_009_jpg.rf.d2aa8881a0b4f54b4bdb89392b953e71.jpg,TP,11,34,0.9272829763246899,3460,3378,1247.8194,1218.2468
ROSILHA-M-B_009_jpg.rf.d2aa8881a0b4f54b4bdb89392b953e71.jpg,TP,13,36,0.9261467889908257,2059,2140,742.5607,771.7727
ROSILHA-M-B_009_jpg.rf.d2aa8881a0b4f54b4bdb89392b953e71.jpg,TP,22,2,0.9236016371077762,2107,2123,759.8715,765.6418
ROSILHA-M-B_009_jpg.rf.d2aa8881a0b4f54b4bdb89392b953e71.jpg,TP,38,10,0.9214801444043321,5404,5241,1948.9063,1890.1218
ROSILHA-M-B_009_jpg.rf.d2aa8881a0b4f54b4bdb89392b953e71.jpg,TP,34,41,0.918901098901099,4386,4345,1581.7733,1566.9871
ROSILHA-M-B_009_jpg.rf.d2aa8881a0b4f54b4bdb89392b953e71.jpg,TP,25,29,0.908957415565345,1310,1290,472.4403,465.2275
ROSILHA-M-B_009_jpg.rf.d2aa8881a0b4f54b4bdb89392b953e71.jpg,TP,2,20,0.9086715867158671,2108,2030,760.2322,732.1021
ROSILHA-M-B_009_jpg.rf.d2aa8881a0b4f54b4bdb89392b953e71.jpg,TP,16,11,0.9070858751759737,1949,2115,702.8902,762.7566
ROSILHA-M-B_009_jpg.rf.d2aa8881a0b4f54b4bdb89392b953e71.jpg,TP,10,37,0.9044143204727146,2839,2640,1023.861,952.0934
ROSILHA-M-B_009_jpg.rf.d2aa8881a0b4f54b4bdb89392b953e71.jpg,TP,12,19,0.8935185185185185,2028,2062,731.3808,743.6426
ROSILHA-M-B_009_jpg.rf.d2aa8881a0b4f54b4bdb89392b953e71.jpg,TP,40,15,0.8828318584070797,2682,2637,967.2403,951.0115
ROSILHA-M-B_009_jpg.rf.d2aa8881a0b4f54b4bdb89392b953e71.jpg,TP,28,3,0.8816091954022989,775,862,279.4971,310.8729
ROSILHA-M-B_009_jpg.rf.d2aa8881a0b4f54b4bdb89392b953e71.jpg,TP,27,31,0.8591836734693877,452,459,163.0099,165.5344
ROSILHA-M-B_009_jpg.rf.d2aa8881a0b4f54b4bdb89392b953e71.jpg,TP,31,25,0.7737226277372263,274,212,98.8158,76.456
ROSILHA-M-B_009_jpg.rf.d2aa8881a0b4f54b4bdb89392b953e71.jpg,TP,30,18,0.7584745762711864,228,187,82.2262,67.4399
ROSILHA-M-B_009_jpg.rf.d2aa8881a0b4f54b4bdb89392b953e71.jpg,TP,41,16,0.7506109150149335,11219,14571,4046.0363,5254.9064
ROSILHA-M-B_009_jpg.rf.d2aa8881a0b4f54b4bdb89392b953e71.jpg,TP,39,27,0.6104207216649199,13200,8312,4760.467,2997.6516
ROSILHA-M-B_009_jpg.rf.d2aa8881a0b4f54b4bdb89392b953e71.jpg,FP,29,-1,0.0,0,4298,0,1550.0369
ROSILHA-M-B_009_jpg.rf.d2aa8881a0b4f54b4bdb89392b953e71.jpg,FP,35,-1,0.0,0,1903,0,686.3007
ROSILHA-M-B_009_jpg.rf.d2aa8881a0b4f54b4bdb89392b953e71.jpg,FN,-1,12,0.0,2974,0,1072.5476,0
ROSILHA-M-B_009_jpg.rf.d2aa8881a0b4f54b4bdb89392b953e71.jpg,FN,-1,13,0.0,2823,0,1018.0908,0
ROSILHA-M-B_009_jpg.rf.d2aa8881a0b4f54b4bdb89392b953e71.jpg,FN,-1,39,0.0,2198,0,792.6899,0
ROSILHA-M-B_009_jpg.rf.d2aa8881a0b4f54b4bdb89392b953e71.jpg,FN,-1,40,0.0,3631,0,1309.4891,0
TORDILHA-B_012_jpg.rf.0b5caafb1952d960be9aa54f5506bf96.jpg,TP,8,3,0.9692603266090298,3102,3048,1118.7097,1099.2351
TORDILHA-B_012_jpg.rf.0b5caafb1952d960be9aa54f5506bf96.jpg,TP,2,20,0.9609775325187229,2491,2484,898.3578,895.8333
TORDILHA-B_012_jpg.rf.0b5caafb1952d960be9aa54f5506bf96.jpg,TP,4,12,0.9595454545454546,4357,4265,1571.3147,1538.1357
TORDILHA-B_012_jpg.rf.0b5caafb1952d960be9aa54f5506bf96.jpg,TP,17,2,0.958916083916084,1122,1119,404.6397,403.5578
TORDILHA-B_012_jpg.rf.0b5caafb1952d960be9aa54f5506bf96.jpg,TP,16,16,0.9579158316633266,1949,1959,702.8902,706.4966
TORDILHA-B_012_jpg.rf.0b5caafb1952d960be9aa54f5506bf96.jpg,TP,0,26,0.9566820276497696,4257,4235,1535.2506,1527.3165
TORDILHA-B_012_jpg.rf.0b5caafb1952d960be9aa54f5506bf96.jpg,TP,21,17,0.9513090977585232,10257,10462,3699.0992,3773.0307
TORDILHA-B_012_jpg.rf.0b5caafb1952d960be9aa54f5506bf96.jpg,TP,19,30,0.9503865979381443,4528,4553,1632.9844,1642.0005
TORDILHA-B_012_jpg.rf.0b5caafb1952d960be9aa54f5506bf96.jpg,TP,33,21,0.9492473948282516,5111,4990,1843.2384,1799.6008
TORDILHA-B_012_jpg.rf.0b5caafb1952d960be9aa54f5506bf96.jpg,TP,31,8,0.9453467954345918,4547,4316,1639.8366,1556.5284
TORDILHA-B_012_jpg.rf.0b5caafb1952d960be9aa54f5506bf96.jpg,TP,10,15,0.9451219512195121,5412,5434,1951.7915,1959.7256
TORDILHA-B_012_jpg.rf.0b5caafb1952d960be9aa54f5506bf96.jpg,TP,11,9,0.9434856817750806,5166,5082,1863.0737,1832.7798
TORDILHA-B_012_jpg.rf.0b5caafb1952d960be9aa54f5506bf96.jpg,TP,6,32,0.9429139449020165,3374,3467,1216.8042,1250.3439
TORDILHA-B_012_jpg.rf.0b5caafb1952d960be9aa54f5506bf96.jpg,TP,26,31,0.9381252315672471,5232,5230,1886.876,1886.1547
TORDILHA-B_012_jpg.rf.0b5caafb1952d960be9aa54f5506bf96.jpg,TP,13,6,0.9380370872908186,2138,2147,771.0514,774.2972
TORDILHA-B_012_jpg.rf.0b5caafb1952d960be9aa54f5506bf96.jpg,TP,1,24,0.9339926897441411,4420,4575,1594.0352,1649.9346
TORDILHA-B_012_jpg.rf.0b5caafb1952d960be9aa54f5506bf96.jpg,TP,5,27,0.9330943847072879,5605,5721,2021.3953,2063.2297
TORDILHA-B_012_jpg.rf.0b5caafb1952d960be9aa54f5506bf96.jpg,TP,18,7,0.9313868613138686,2021,1948,728.8563,702.5295
TORDILHA-B_012_jpg.rf.0b5caafb1952d960be9aa54f5506bf96.jpg,TP,3,25,0.9301575931232091,2718,2671,980.2234,963.2733
TORDILHA-B_012_jpg.rf.0b5caafb1952d960be9aa54f5506bf96.jpg,TP,32,5,0.9270166453265045,2289,2226,825.5083,802.7878
TORDILHA-B_012_jpg.rf.0b5caafb1952d960be9aa54f5506bf96.jpg,TP,12,4,0.9265463917525774,3818,3657,1376.929,1318.8657
TORDILHA-B_012_jpg.rf.0b5caafb1952d960be9aa54f5506bf96.jpg,TP,15,22,0.9263331500824629,1706,1798,615.2543,648.4333
TORDILHA-B_012_jpg.rf.0b5caafb1952d960be9aa54f5506bf96.jpg,TP,7,19,0.9179966978536048,1757,1728,633.647,623.1884
TORDILHA-B_012_jpg.rf.0b5caafb1952d960be9aa54f5506bf96.jpg,TP,25,18,0.9170464904284412,3182,3127,1147.5611,1127.7258
TORDILHA-B_012_jpg.rf.0b5caafb1952d960be9aa54f5506bf96.jpg,TP,22,29,0.9107953424116835,4666,5016,1682.753,1808.9775
TORDILHA-B_012_jpg.rf.0b5caafb1952d960be9aa54f5506bf96.jpg,TP,9,1,0.9098391320613542,2592,2513,934.7826,906.2919
TORDILHA-B_012_jpg.rf.0b5caafb1952d960be9aa54f5506bf96.jpg,TP,24,33,0.8952042628774423,549,518,197.9921,186.8123
TORDILHA-B_012_jpg.rf.0b5caafb1952d960be9aa54f5506bf96.jpg,TP,14,14,0.886676875957121,1927,1769,694.9561,637.9747
TORDILHA-B_012_jpg.rf.0b5caafb1952d960be9aa54f5506bf96.jpg,TP,20,23,0.8836633663366337,1095,1188,394.9024,428.442
TORDILHA-B_012_jpg.rf.0b5caafb1952d960be9aa54f5506bf96.jpg,TP,39,38,0.8815212091662603,2017,1842,727.4138,664.3015
TORDILHA-B_012_jpg.rf.0b5caafb1952d960be9aa54f5506bf96.jpg,TP,36,34,0.8740671641791045,1058,951,381.5586,342.97
TORDILHA-B_012_jpg.rf.0b5caafb1952d960be9aa54f5506bf96.jpg,TP,28,39,0.8465063001145475,813,799,293.2015,288.1525
TORDILHA-B_012_jpg.rf.0b5caafb1952d960be9aa54f5506bf96.jpg,TP,37,40,0.8208333333333333,233,204,84.0295,73.5709
TORDILHA-B_012_jpg.rf.0b5caafb1952d960be9aa54f5506bf96.jpg,TP,29,13,0.8074412532637075,3016,2522,1087.6946,909.5377
TORDILHA-B_012_jpg.rf.0b5caafb1952d960be9aa54f5506bf96.jpg,TP,38,11,0.7991071428571429,223,180,80.423,64.9155
TORDILHA-B_012_jpg.rf.0b5caafb1952d960be9aa54f5506bf96.jpg,TP,41,35,0.7549019607843137,295,242,106.3892,87.2752
TORDILHA-B_012_jpg.rf.0b5caafb1952d960be9aa54f5506bf96.jpg,TP,34,10,0.5624855624855625,4307,2457,1553.2827,886.096
TORDILHA-B_012_jpg.rf.0b5caafb1952d960be9aa54f5506bf96.jpg,TP,23,0,0.5498056862344037,9593,5561,3459.6333,2005.527
TORDILHA-B_012_jpg.rf.0b5caafb1952d960be9aa54f5506bf96.jpg,TP,27,28,0.5495506739890165,7891,4524,2845.8216,1631.5419
TORDILHA-B_012_jpg.rf.0b5caafb1952d960be9aa54f5506bf96.jpg,FP,30,-1,0.0,0,4028,0,1452.6637
TORDILHA-B_012_jpg.rf.0b5caafb1952d960be9aa54f5506bf96.jpg,FP,35,-1,0.0,0,1709,0,616.3362
TORDILHA-B_012_jpg.rf.0b5caafb1952d960be9aa54f5506bf96.jpg,FP,40,-1,0.0,0,1626,0,586.403
TORDILHA-B_012_jpg.rf.0b5caafb1952d960be9aa54f5506bf96.jpg,FP,42,-1,0.0,0,3324,0,1198.7721
TORDILHA-B_012_jpg.rf.0b5caafb1952d960be9aa54f5506bf96.jpg,FP,43,-1,0.0,0,1626,0,586.403
TORDILHA-B_012_jpg.rf.0b5caafb1952d960be9aa54f5506bf96.jpg,FN,-1,36,0.0,145,0,52.293,0
TORDILHA-B_012_jpg.rf.0b5caafb1952d960be9aa54f5506bf96.jpg,FN,-1,37,0.0,96,0,34.6216,0
ROSILHA-M-D_006_jpg.rf.de71085683e9c7eb460be0f184fb31ac.jpg,TP,0,1,0.9699239521985248,17287,17165,6234.4085,6190.4103
ROSILHA-M-D_006_jpg.rf.de71085683e9c7eb460be0f184fb31ac.jpg,TP,3,15,0.9627039627039627,7557,7599,2725.3674,2740.5143
ROSILHA-M-D_006_jpg.rf.de71085683e9c7eb460be0f184fb31ac.jpg,TP,2,2,0.9612017325592112,10513,10768,3791.4234,3883.387
ROSILHA-M-D_006_jpg.rf.de71085683e9c7eb460be0f184fb31ac.jpg,TP,12,20,0.9604137656654068,9845,9865,3550.515,3557.7278
ROSILHA-M-D_006_jpg.rf.de71085683e9c7eb460be0f184fb31ac.jpg,TP,10,10,0.9527272727272728,4860,4806,1752.7174,1733.2428
ROSILHA-M-D_006_jpg.rf.de71085683e9c7eb460be0f184fb31ac.jpg,TP,20,18,0.952521283562541,2995,2968,1080.1211,1070.3838
ROSILHA-M-D_006_jpg.rf.de71085683e9c7eb460be0f184fb31ac.jpg,TP,17,21,0.9524465885596141,8625,8373,3110.5324,3019.6508
ROSILHA-M-D_006_jpg.rf.de71085683e9c7eb460be0f184fb31ac.jpg,TP,35,8,0.9523922875505832,4118,4084,1485.1214,1472.8596
ROSILHA-M-D_006_jpg.rf.de71085683e9c7eb460be0f184fb31ac.jpg,TP,19,5,0.9431857790170791,2820,2755,1017.0089,993.5672
ROSILHA-M-D_006_jpg.rf.de71085683e9c7eb460be0f184fb31ac.jpg,TP,14,17,0.9431031255848774,5117,5265,1845.4022,1898.7772
ROSILHA-M-D_006_jpg.rf.de71085683e9c7eb460be0f184fb31ac.jpg,TP,4,19,0.9399421128798843,5361,5363,1933.3988,1934.12
ROSILHA-M-D_006_jpg.rf.de71085683e9c7eb460be0f184fb31ac.jpg,TP,7,22,0.9395939086294416,1959,1862,706.4966,671.5144
ROSILHA-M-D_006_jpg.rf.de71085683e9c7eb460be0f184fb31ac.jpg,TP,6,13,0.9366407650926479,3309,3171,1193.3625,1143.594
ROSILHA-M-D_006_jpg.rf.de71085683e9c7eb460be0f184fb31ac.jpg,TP,8,14,0.9354957611500184,2632,2619,949.2083,944.5199
ROSILHA-M-D_006_jpg.rf.de71085683e9c7eb460be0f184fb31ac.jpg,TP,13,27,0.9317073170731708,2163,2193,780.0674,790.8867
ROSILHA-M-D_006_jpg.rf.de71085683e9c7eb460be0f184fb31ac.jpg,TP,24,11,0.9293832681199925,5027,5328,1812.9445,1921.4976
ROSILHA-M-D_006_jpg.rf.de71085683e9c7eb460be0f184fb31ac.jpg,TP,22,26,0.9279246649764578,2652,2671,956.4211,963.2733
ROSILHA-M-D_006_jpg.rf.de71085683e9c7eb460be0f184fb31ac.jpg,TP,15,6,0.9253663003663004,2154,2051,776.8217,739.6756
ROSILHA-M-D_006_jpg.rf.de71085683e9c7eb460be0f184fb31ac.jpg,TP,5,7,0.9247110278038113,3104,3057,1119.431,1102.4809
ROSILHA-M-D_006_jpg.rf.de71085683e9c7eb460be0f184fb31ac.jpg,TP,26,16,0.9240766073871409,1430,1383,515.7173,498.7671
ROSILHA-M-D_006_jpg.rf.de71085683e9c7eb460be0f184fb31ac.jpg,TP,11,25,0.9221269296740995,2847,2756,1026.7462,993.9278
ROSILHA-M-D_006_jpg.rf.de71085683e9c7eb460be0f184fb31ac.jpg,TP,29,9,0.9186084673449294,2980,2866,1074.7115,1033.5984
ROSILHA-M-D_006_jpg.rf.de71085683e9c7eb460be0f184fb31ac.jpg,TP,21,28,0.9061604584527221,1333,1328,480.735,478.9318
ROSILHA-M-D_006_jpg.rf.de71085683e9c7eb460be0f184fb31ac.jpg,TP,16,3,0.8969072164948454,1493,1451,538.4377,523.2907
ROSILHA-M-D_006_jpg.rf.de71085683e9c7eb460be0f184fb31ac.jpg,TP,1,0,0.8945476333133613,6002,6646,2164.5699,2396.823
ROSILHA-M-D_006_jpg.rf.de71085683e9c7eb460be0f184fb31ac.jpg,TP,18,4,0.8902967655885295,2867,2802,1033.959,1010.5173
ROSILHA-M-D_006_jpg.rf.de71085683e9c7eb460be0f184fb31ac.jpg,TP,27,12,0.8857967970595957,3722,3461,1342.3074,1248.18
ROSILHA-M-D_006_jpg.rf.de71085683e9c7eb460be0f184fb31ac.jpg,TP,23,29,0.8668261562998405,1234,1107,445.0315,399.2301
ROSILHA-M-D_006_jpg.rf.de71085683e9c7eb460be0f184fb31ac.jpg,TP,9,36,0.8183060109289617,1309,1353,472.0796,487.9479
ROSILHA-M-D_006_jpg.rf.de71085683e9c7eb460be0f184fb31ac.jpg,TP,31,30,0.7419354838709677,150,120,54.0962,43.277
ROSILHA-M-D_006_jpg.rf.de71085683e9c7eb460be0f184fb31ac.jpg,TP,25,38,0.7391910739191074,1179,1315,425.1963,474.2435
ROSILHA-M-D_006_jpg.rf.de71085683e9c7eb460be0f184fb31ac.jpg,TP,32,31,0.7327935222672065,200,228,72.1283,82.2262
ROSILHA-M-D_006_jpg.rf.de71085683e9c7eb460be0f184fb31ac.jpg,TP,30,37,0.6982758620689655,116,81,41.8344,29.212
ROSILHA-M-D_006_jpg.rf.de71085683e9c7eb460be0f184fb31ac.jpg,TP,28,24,0.6600558659217877,3546,2397,1278.8345,864.4575
ROSILHA-M-D_006_jpg.rf.de71085683e9c7eb460be0f184fb31ac.jpg,FP,33,-1,0.0,0,980,0,353.4286
ROSILHA-M-D_006_jpg.rf.de71085683e9c7eb460be0f184fb31ac.jpg,FP,34,-1,0.0,0,35,0,12.6225
ROSILHA-M-D_006_jpg.rf.de71085683e9c7eb460be0f184fb31ac.jpg,FN,-1,23,0.0,172,0,62.0303,0
ROSILHA-M-D_006_jpg.rf.de71085683e9c7eb460be0f184fb31ac.jpg,FN,-1,32,0.0,30,0,10.8192,0
ROSILHA-M-D_006_jpg.rf.de71085683e9c7eb460be0f184fb31ac.jpg,FN,-1,33,0.0,312,0,112.5201,0
ROSILHA-M-D_006_jpg.rf.de71085683e9c7eb460be0f184fb31ac.jpg,FN,-1,34,0.0,317,0,114.3233,0
ROSILHA-M-D_006_jpg.rf.de71085683e9c7eb460be0f184fb31ac.jpg,FN,-1,35,0.0,33,0,11.9012,0
TOSTADA-B_003_jpg.rf.ef070508fe8cf028db79cd03961c37d8.jpg,TP,0,9,0.969644705070714,8594,8536,3099.3525,3078.4353
TOSTADA-B_003_jpg.rf.ef070508fe8cf028db79cd03961c37d8.jpg,TP,5,18,0.9634596961817435,7191,7156,2593.3726,2580.7501
TOSTADA-B_003_jpg.rf.ef070508fe8cf028db79cd03961c37d8.jpg,TP,1,23,0.9584687612856627,2700,2723,973.7319,982.0266
TOSTADA-B_003_jpg.rf.ef070508fe8cf028db79cd03961c37d8.jpg,TP,3,2,0.9560439560439561,2499,2485,901.243,896.194
TOSTADA-B_003_jpg.rf.ef070508fe8cf028db79cd03961c37d8.jpg,TP,10,15,0.95562435500516,7647,7513,2757.8251,2709.4991
TOSTADA-B_003_jpg.rf.ef070508fe8cf028db79cd03961c37d8.jpg,TP,11,4,0.9543513080619327,3678,3643,1326.4392,1313.8168
TOSTADA-B_003_jpg.rf.ef070508fe8cf028db79cd03961c37d8.jpg,TP,22,20,0.9542060726729716,1975,1951,712.2668,703.6114
TOSTADA-B_003_jpg.rf.ef070508fe8cf028db79cd03961c37d8.jpg,TP,4,0,0.9514950166112957,4434,4377,1599.0841,1578.5276
TOSTADA-B_003_jpg.rf.ef070508fe8cf028db79cd03961c37d8.jpg,TP,13,3,0.9512804497189257,6326,6170,2281.4177,2225.1577
TOSTADA-B_003_jpg.rf.ef070508fe8cf028db79cd03961c37d8.jpg,TP,19,14,0.9490698934441033,5311,5481,1915.3667,1976.6757
TOSTADA-B_003_jpg.rf.ef070508fe8cf028db79cd03961c37d8.jpg,TP,7,10,0.9424743892829,2462,2468,887.8992,890.0631
TOSTADA-B_003_jpg.rf.ef070508fe8cf028db79cd03961c37d8.jpg,TP,2,22,0.940494200706001,1931,1917,696.3986,691.3496
TOSTADA-B_003_jpg.rf.ef070508fe8cf028db79cd03961c37d8.jpg,TP,21,21,0.9395203336809176,2837,2743,1023.1398,989.2395
TOSTADA-B_003_jpg.rf.ef070508fe8cf028db79cd03961c37d8.jpg,TP,24,24,0.9357963505293985,4317,4276,1556.8891,1542.1028
TOSTADA-B_003_jpg.rf.ef070508fe8cf028db79cd03961c37d8.jpg,TP,12,25,0.9312920089619119,1281,1305,461.9817,470.6371
TOSTADA-B_003_jpg.rf.ef070508fe8cf028db79cd03961c37d8.jpg,TP,8,5,0.9148629148629148,670,657,241.6298,236.9414
TOSTADA-B_003_jpg.rf.ef070508fe8cf028db79cd03961c37d8.jpg,TP,6,19,0.9141061452513967,1320,1421,476.0467,512.4715
TOSTADA-B_003_jpg.rf.ef070508fe8cf028db79cd03961c37d8.jpg,TP,14,6,0.887459807073955,279,308,100.619,111.0776
TOSTADA-B_003_jpg.rf.ef070508fe8cf028db79cd03961c37d8.jpg,TP,9,12,0.8830769230769231,875,961,315.5613,346.5764
TOSTADA-B_003_jpg.rf.ef070508fe8cf028db79cd03961c37d8.jpg,TP,26,11,0.8662454873646209,9846,10832,3550.8756,3906.4681
TOSTADA-B_003_jpg.rf.ef070508fe8cf028db79cd03961c37d8.jpg,TP,18,16,0.85892002734108,7140,6458,2574.9799,2329.0224
TOSTADA-B_003_jpg.rf.ef070508fe8cf028db79cd03961c37d8.jpg,TP,20,1,0.8239337603499454,5401,6274,1947.8244,2262.6644
TOSTADA-B_003_jpg.rf.ef070508fe8cf028db79cd03961c37d8.jpg,TP,23,7,0.6270128162997043,2976,1975,1073.2689,712.2668
TOSTADA-B_003_jpg.rf.ef070508fe8cf028db79cd03961c37d8.jpg,FP,15,-1,0.0,0,7031,0,2535.67
TOSTADA-B_003_jpg.rf.ef070508fe8cf028db79cd03961c37d8.jpg,FP,16,-1,0.0,0,1390,0,501.2916
TOSTADA-B_003_jpg.rf.ef070508fe8cf028db79cd03961c37d8.jpg,FP,17,-1,0.0,0,4735,0,1707.6372
TOSTADA-B_003_jpg.rf.ef070508fe8cf028db79cd03961c37d8.jpg,FP,25,-1,0.0,0,4282,0,1544.2666
TOSTADA-B_003_jpg.rf.ef070508fe8cf028db79cd03961c37d8.jpg,FP,27,-1,0.0,0,1503,0,542.0441
TOSTADA-B_003_jpg.rf.ef070508fe8cf028db79cd03961c37d8.jpg,FP,28,-1,0.0,0,2666,0,961.4701
TOSTADA-B_003_jpg.rf.ef070508fe8cf028db79cd03961c37d8.jpg,FN,-1,8,0.0,210,0,75.7347,0
TOSTADA-B_003_jpg.rf.ef070508fe8cf028db79cd03961c37d8.jpg,FN,-1,13,0.0,908,0,327.4624,0
TOSTADA-B_003_jpg.rf.ef070508fe8cf028db79cd03961c37d8.jpg,FN,-1,17,0.0,14751,0,5319.8219,0
TORDILHA-D_001_jpg.rf.36e39c15aad81283f9bcc0f8afcd649f.jpg,TP,0,11,0.9630099728014506,5431,5395,1958.6437,1945.6606
TORDILHA-D_001_jpg.rf.36e39c15aad81283f9bcc0f8afcd649f.jpg,TP,6,2,0.9601151315789473,31397,30574,11323.0592,11026.2513
TORDILHA-D_001_jpg.rf.36e39c15aad81283f9bcc0f8afcd649f.jpg,TP,19,20,0.9552906110283159,1973,1963,711.5456,707.9391
TORDILHA-D_001_jpg.rf.36e39c15aad81283f9bcc0f8afcd649f.jpg,TP,18,0,0.9519150410729937,48439,47320,17469.1106,17065.5529
TORDILHA-D_001_jpg.rf.36e39c15aad81283f9bcc0f8afcd649f.jpg,TP,3,9,0.9516587677725118,1051,1008,379.0342,363.5266
TORDILHA-D_001_jpg.rf.36e39c15aad81283f9bcc0f8afcd649f.jpg,TP,2,16,0.9510048601077105,7522,7331,2712.7449,2643.8624
TORDILHA-D_001_jpg.rf.36e39c15aad81283f9bcc0f8afcd649f.jpg,TP,5,8,0.9201773835920177,417,449,150.3875,161.928
TORDILHA-D_001_jpg.rf.36e39c15aad81283f9bcc0f8afcd649f.jpg,TP,22,18,0.9198952308196006,8714,8878,3142.6295,3201.7747
TORDILHA-D_001_jpg.rf.36e39c15aad81283f9bcc0f8afcd649f.jpg,TP,1,7,0.9147410358565737,9972,9252,3596.3164,3336.6546
TORDILHA-D_001_jpg.rf.36e39c15aad81283f9bcc0f8afcd649f.jpg,TP,13,17,0.9117795753286148,3871,3692,1396.043,1331.4882
TORDILHA-D_001_jpg.rf.36e39c15aad81283f9bcc0f8afcd649f.jpg,TP,7,10,0.894773519163763,1421,1298,512.4715,468.1126
TORDILHA-D_001_jpg.rf.36e39c15aad81283f9bcc0f8afcd649f.jpg,TP,9,13,0.8754430379746836,1873,1831,675.4814,660.3345
TORDILHA-D_001_jpg.rf.36e39c15aad81283f9bcc0f8afcd649f.jpg,TP,8,21,0.8736462093862816,2030,2122,732.1021,765.2811
TORDILHA-D_001_jpg.rf.36e39c15aad81283f9bcc0f8afcd649f.jpg,TP,11,15,0.8716814159292036,7379,6580,2661.1732,2373.0207
TORDILHA-D_001_jpg.rf.36e39c15aad81283f9bcc0f8afcd649f.jpg,TP,14,6,0.8605749486652977,24325,20980,8772.603,7566.2574
TORDILHA-D_001_jpg.rf.36e39c15aad81283f9bcc0f8afcd649f.jpg,TP,4,12,0.8596724214254094,6709,5894,2419.5434,2125.6206
TORDILHA-D_001_jpg.rf.36e39c15aad81283f9bcc0f8afcd649f.jpg,TP,20,19,0.7645687645687645,372,385,134.1586,138.847
TORDILHA-D_001_jpg.rf.36e39c15aad81283f9bcc0f8afcd649f.jpg,TP,17,22,0.7475728155339806,646,614,232.9744,221.4338
TORDILHA-D_001_jpg.rf.36e39c15aad81283f9bcc0f8afcd649f.jpg,TP,16,1,0.6384515932770553,25282,17806,9117.7368,6421.5815
TORDILHA-D_001_jpg.rf.36e39c15aad81283f9bcc0f8afcd649f.jpg,TP,23,14,0.5336094297546989,3113,1701,1122.6768,613.4511
TORDILHA-D_001_jpg.rf.36e39c15aad81283f9bcc0f8afcd649f.jpg,FP,10,-1,0.0,0,622,0,224.319
TORDILHA-D_001_jpg.rf.36e39c15aad81283f9bcc0f8afcd649f.jpg,FP,12,-1,0.0,0,5212,0,1879.6632
TORDILHA-D_001_jpg.rf.36e39c15aad81283f9bcc0f8afcd649f.jpg,FP,15,-1,0.0,0,781,0,281.661
TORDILHA-D_001_jpg.rf.36e39c15aad81283f9bcc0f8afcd649f.jpg,FP,21,-1,0.0,0,1868,0,673.6782
TORDILHA-D_001_jpg.rf.36e39c15aad81283f9bcc0f8afcd649f.jpg,FN,-1,3,0.0,7881,0,2842.2152,0
TORDILHA-D_001_jpg.rf.36e39c15aad81283f9bcc0f8afcd649f.jpg,FN,-1,4,0.0,10308,0,3717.4919,0
TORDILHA-D_001_jpg.rf.36e39c15aad81283f9bcc0f8afcd649f.jpg,FN,-1,5,0.0,6181,0,2229.1247,0
TORDILHA-D_001_jpg.rf.36e39c15aad81283f9bcc0f8afcd649f.jpg,FN,-1,23,0.0,138,0,49.7685,0
TOSTADA-G_009_jpg.rf.506f019d1e54427e5f81510789439725.jpg,TP,5,41,0.9652605459057072,1204,1172,434.2123,422.6718
TOSTADA-G_009_jpg.rf.506f019d1e54427e5f81510789439725.jpg,TP,35,17,0.9606547056971986,3119,3110,1124.8406,1121.5949
TOSTADA-G_009_jpg.rf.506f019d1e54427e5f81510789439725.jpg,TP,2,33,0.9533411833971152,6702,6569,2417.0189,2369.0536
TOSTADA-G_009_jpg.rf.506f019d1e54427e5f81510789439725.jpg,TP,10,5,0.9532790398628376,2324,2233,838.1307,805.3123
TOSTADA-G_009_jpg.rf.506f019d1e54427e5f81510789439725.jpg,TP,24,22,0.9504237288135593,2314,2289,834.5243,825.5083
TOSTADA-G_009_jpg.rf.506f019d1e54427e5f81510789439725.jpg,TP,30,34,0.9477372262773722,3351,3320,1208.5095,1197.3296
TOSTADA-G_009_jpg.rf.506f019d1e54427e5f81510789439725.jpg,TP,17,40,0.9454545454545454,1094,1046,394.5417,377.2309
TOSTADA-G_009_jpg.rf.506f019d1e54427e5f81510789439725.jpg,TP,23,27,0.9452631578947368,7514,7270,2709.8598,2621.8633
TOSTADA-G_009_jpg.rf.506f019d1e54427e5f81510789439725.jpg,TP,38,19,0.9442634817227651,5436,5308,1960.4469,1914.2848
TOSTADA-G_009_jpg.rf.506f019d1e54427e5f81510789439725.jpg,TP,11,2,0.9433325665209723,12821,12522,4623.7839,4515.9521
TOSTADA-G_009_jpg.rf.506f019d1e54427e5f81510789439725.jpg,TP,13,21,0.9417336394948336,10345,9950,3730.8357,3588.3823
TOSTADA-G_009_jpg.rf.506f019d1e54427e5f81510789439725.jpg,TP,32,6,0.9403817550818047,8009,7646,2888.3773,2757.4644
TOSTADA-G_009_jpg.rf.506f019d1e54427e5f81510789439725.jpg,TP,37,18,0.9351130886169818,2677,2542,965.4371,916.7505
TOSTADA-G_009_jpg.rf.506f019d1e54427e5f81510789439725.jpg,TP,22,20,0.931310818546079,1703,1671,614.1724,602.6318
TOSTADA-G_009_jpg.rf.506f019d1e54427e5f81510789439725.jpg,TP,36,10,0.9303582956746288,12342,11579,4451.0366,4175.8672
TOSTADA-G_009_jpg.rf.506f019d1e54427e5f81510789439725.jpg,TP,1,28,0.9294003868471954,2059,1931,742.5607,696.3986
TOSTADA-G_009_jpg.rf.506f019d1e54427e5f81510789439725.jpg,TP,19,26,0.9288243626062322,2761,2686,995.731,968.6829
TOSTADA-G_009_jpg.rf.506f019d1e54427e5f81510789439725.jpg,TP,0,24,0.9279216235129462,1424,1331,513.5534,480.0138
TOSTADA-G_009_jpg.rf.506f019d1e54427e5f81510789439725.jpg,TP,16,37,0.9269984917043741,3293,3095,1187.5923,1116.1853
TOSTADA-G_009_jpg.rf.506f019d1e54427e5f81510789439725.jpg,TP,25,9,0.9256847545219639,9497,9134,3425.0117,3294.0989
TOSTADA-G_009_jpg.rf.506f019d1e54427e5f81510789439725.jpg,TP,9,31,0.9232693911592994,3593,3325,1295.7847,1199.1328
TOSTADA-G_009_jpg.rf.506f019d1e54427e5f81510789439725.jpg,TP,7,23,0.9156232988568318,1837,1682,662.4983,606.5989
TOSTADA-G_009_jpg.rf.506f019d1e54427e5f81510789439725.jpg,TP,18,32,0.9144542772861357,2339,2204,843.5403,794.8537
TOSTADA-G_009_jpg.rf.506f019d1e54427e5f81510789439725.jpg,TP,34,16,0.9137564530822958,3285,3017,1184.7071,1088.0552
TOSTADA-G_009_jpg.rf.506f019d1e54427e5f81510789439725.jpg,TP,6,38,0.9130745415575137,4160,3873,1500.2684,1396.7643
TOSTADA-G_009_jpg.rf.506f019d1e54427e5f81510789439725.jpg,TP,12,35,0.9098457888493475,2524,2306,910.259,831.6392
TOSTADA-G_009_jpg.rf.506f019d1e54427e5f81510789439725.jpg,TP,21,39,0.9071702944942381,1540,1439,555.3878,518.963
TOSTADA-G_009_jpg.rf.506f019d1e54427e5f81510789439725.jpg,TP,26,13,0.8975140712945591,4214,3877,1519.743,1398.2069
TOSTADA-G_009_jpg.rf.506f019d1e54427e5f81510789439725.jpg,TP,3,36,0.895754359363154,2631,2370,948.8476,854.7202
TOSTADA-G_009_jpg.rf.506f019d1e54427e5f81510789439725.jpg,TP,15,29,0.8920985556499575,1166,1061,420.5079,382.6406
TOSTADA-G_009_jpg.rf.506f019d1e54427e5f81510789439725.jpg,TP,27,4,0.8879651623119557,2480,2289,894.3908,825.5083
TOSTADA-G_009_jpg.rf.506f019d1e54427e5f81510789439725.jpg,TP,8,25,0.8776328986960883,969,903,349.4616,325.6592
TOSTADA-G_009_jpg.rf.506f019d1e54427e5f81510789439725.jpg,TP,20,30,0.8756067961165048,1597,1494,575.9444,538.7983
TOSTADA-G_009_jpg.rf.506f019d1e54427e5f81510789439725.jpg,TP,29,3,0.8492016558249557,1668,1459,601.5499,526.1759
TOSTADA-G_009_jpg.rf.506f019d1e54427e5f81510789439725.jpg,TP,31,1,0.8344671201814059,372,437,134.1586,157.6003
TOSTADA-G_009_jpg.rf.506f019d1e54427e5f81510789439725.jpg,TP,28,0,0.8229665071770335,598,545,215.6636,196.5496
TOSTADA-G_009_jpg.rf.506f019d1e54427e5f81510789439725.jpg,TP,14,7,0.7608028430659882,20870,22731,7526.5868,8197.7405
TOSTADA-G_009_jpg.rf.506f019d1e54427e5f81510789439725.jpg,TP,4,14,0.7340572766954114,7144,9144,2576.4224,3297.7053
TOSTADA-G_009_jpg.rf.506f019d1e54427e5f81510789439725.jpg,TP,33,11,0.643058690744921,7076,10393,2551.8988,3748.1465
TOSTADA-G_009_jpg.rf.506f019d1e54427e5f81510789439725.jpg,FP,39,-1,0.0,0,7985,0,2879.7219
TOSTADA-G_009_jpg.rf.506f019d1e54427e5f81510789439725.jpg,FN,-1,8,0.0,4178,0,1506.7599,0
TOSTADA-G_009_jpg.rf.506f019d1e54427e5f81510789439725.jpg,FN,-1,12,0.0,3533,0,1274.1462,0
TOSTADA-G_009_jpg.rf.506f019d1e54427e5f81510789439725.jpg,FN,-1,15,0.0,2526,0,910.9803,0
