Image,Match_Type,AI_Index,GT_Index,IoU,GT_Area_px,AI_Area_px,GT_Area_um2,AI_Area_um2,Conf,Run
ROSILHA-M-G_005_jpg.rf.afae2fb85329c0fe56679d51ca1c64fd.jpg,TP,1,1,0.960085,14291,14191,5153.9268,5117.8626,0.46,seg_small_optA_r560_acc16_lr1e4
ROSILHA-M-G_005_jpg.rf.afae2fb85329c0fe56679d51ca1c64fd.jpg,TP,3,11,0.951281,23056,22723,8314.949,8194.8554,0.46,seg_small_optA_r560_acc16_lr1e4
ROSILHA-M-G_005_jpg.rf.afae2fb85329c0fe56679d51ca1c64fd.jpg,TP,5,10,0.946523,7305,7473,2634.4857,2695.0735,0.46,seg_small_optA_r560_acc16_lr1e4
ROSILHA-M-G_005_jpg.rf.afae2fb85329c0fe56679d51ca1c64fd.jpg,TP,11,4,0.940937,36652,35677,13218.23,12866.6046,0.46,seg_small_optA_r560_acc16_lr1e4
ROSILHA-M-G_005_jpg.rf.afae2fb85329c0fe56679d51ca1c64fd.jpg,TP,0,2,0.924238,6501,6122,2344.53,2207.8469,0.46,seg_small_optA_r560_acc16_lr1e4
ROSILHA-M-G_005_jpg.rf.afae2fb85329c0fe56679d51ca1c64fd.jpg,TP,2,0,0.917942,718,661,258.9405,238.384,0.46,seg_small_optA_r560_acc16_lr1e4
ROSILHA-M-G_005_jpg.rf.afae2fb85329c0fe56679d51ca1c64fd.jpg,TP,6,9,0.913941,8005,7385,2886.9347,2663.337,0.46,seg_small_optA_r560_acc16_lr1e4
ROSILHA-M-G_005_jpg.rf.afae2fb85329c0fe56679d51ca1c64fd.jpg,TP,9,5,0.836663,14099,12382,5084.6837,4465.4623,0.46,seg_small_optA_r560_acc16_lr1e4
ROSILHA-M-G_005_jpg.rf.afae2fb85329c0fe56679d51ca1c64fd.jpg,TP,7,3,0.758974,194,149,69.9644,53.7356,0.46,seg_small_optA_r560_acc16_lr1e4
ROSILHA-M-G_005_jpg.rf.afae2fb85329c0fe56679d51ca1c64fd.jpg,TP,4,6,0.730904,22146,29904,7986.7653,10784.6216,0.46,seg_small_optA_r560_acc16_lr1e4
ROSILHA-M-G_005_jpg.rf.afae2fb85329c0fe56679d51ca1c64fd.jpg,TP,12,8,0.515085,14572,15107,5255.2671,5448.2102,0.46,seg_small_optA_r560_acc16_lr1e4
ROSILHA-M-G_005_jpg.rf.afae2fb85329c0fe56679d51ca1c64fd.jpg,FP,8,-1,0.0,0,69,0,24.8843,0.46,seg_small_optA_r560_acc16_lr1e4
ROSILHA-M-G_005_jpg.rf.afae2fb85329c0fe56679d51ca1c64fd.jpg,FP,10,-1,0.0,0,159,0,57.342,0.46,seg_small_optA_r560_acc16_lr1e4
ROSILHA-M-G_005_jpg.rf.afae2fb85329c0fe56679d51ca1c64fd.jpg,FP,13,-1,0.0,0,41740,0,15053.1736,0.46,seg_small_optA_r560_acc16_lr1e4
ROSILHA-M-G_005_jpg.rf.afae2fb85329c0fe56679d51ca1c64fd.jpg,FN,-1,7,0.0,5044,0,1819.0754,0,0.46,seg_small_optA_r560_acc16_lr1e4
ROSILHA-M-G_005_jpg.rf.afae2fb85329c0fe56679d51ca1c64fd.jpg,FN,-1,12,0.0,6834,0,2464.6236,0,0.46,seg_small_optA_r560_acc16_lr1e4
ZAZA-G_010_jpg.rf.cd14098445a0a54c10014aaa7d8f975c.jpg,TP,24,25,0.968524,3423,3394,1234.4756,1224.0171,0.46,seg_small_optA_r560_acc16_lr1e4
ZAZA-G_010_jpg.rf.cd14098445a0a54c10014aaa7d8f975c.jpg,TP,6,5,0.96389,8319,8160,3000.1761,2942.8341,0.46,seg_small_optA_r560_acc16_lr1e4
ZAZA-G_010_jpg.rf.cd14098445a0a54c10014aaa7d8f975c.jpg,TP,25,26,0.962928,2070,2060,746.5278,742.9214,0.46,seg_small_optA_r560_acc16_lr1e4
ZAZA-G_010_jpg.rf.cd14098445a0a54c10014aaa7d8f975c.jpg,TP,12,8,0.959275,11902,11672,4292.3544,4209.4069,0.46,seg_small_optA_r560_acc16_lr1e4
ZAZA-G_010_jpg.rf.cd14098445a0a54c10014aaa7d8f975c.jpg,TP,7,9,0.95651,7426,7240,2678.1233,2611.044,0.46,seg_small_optA_r560_acc16_lr1e4
ZAZA-G_010_jpg.rf.cd14098445a0a54c10014aaa7d8f975c.jpg,TP,8,3,0.952716,5429,5391,1957.9224,1944.218,0.46,seg_small_optA_r560_acc16_lr1e4
ZAZA-G_010_jpg.rf.cd14098445a0a54c10014aaa7d8f975c.jpg,TP,20,28,0.951202,2808,2710,1012.6812,977.3383,0.46,seg_small_optA_r560_acc16_lr1e4
ZAZA-G_010_jpg.rf.cd14098445a0a54c10014aaa7d8f975c.jpg,TP,3,11,0.95042,5116,4876,1845.0416,1758.4876,0.46,seg_small_optA_r560_acc16_lr1e4
ZAZA-G_010_jpg.rf.cd14098445a0a54c10014aaa7d8f975c.jpg,TP,11,23,0.947795,5252,5083,1894.0888,1833.1404,0.46,seg_small_optA_r560_acc16_lr1e4
ZAZA-G_010_jpg.rf.cd14098445a0a54c10014aaa7d8f975c.jpg,TP,10,24,0.946041,5704,5404,2057.0988,1948.9063,0.46,seg_small_optA_r560_acc16_lr1e4
ZAZA-G_010_jpg.rf.cd14098445a0a54c10014aaa7d8f975c.jpg,TP,5,15,0.940786,3742,3567,1349.5202,1286.408,0.46,seg_small_optA_r560_acc16_lr1e4
ZAZA-G_010_jpg.rf.cd14098445a0a54c10014aaa7d8f975c.jpg,TP,18,7,0.937218,4196,3950,1513.2515,1424.5337,0.46,seg_small_optA_r560_acc16_lr1e4
ZAZA-G_010_jpg.rf.cd14098445a0a54c10014aaa7d8f975c.jpg,TP,2,10,0.932821,4020,3777,1449.7786,1362.1427,0.46,seg_small_optA_r560_acc16_lr1e4
ZAZA-G_010_jpg.rf.cd14098445a0a54c10014aaa7d8f975c.jpg,TP,14,2,0.932468,3728,3569,1344.4713,1287.1293,0.46,seg_small_optA_r560_acc16_lr1e4
ZAZA-G_010_jpg.rf.cd14098445a0a54c10014aaa7d8f975c.jpg,TP,19,27,0.930272,2339,2201,843.5403,793.7718,0.46,seg_small_optA_r560_acc16_lr1e4
ZAZA-G_010_jpg.rf.cd14098445a0a54c10014aaa7d8f975c.jpg,TP,13,13,0.927482,4747,4476,1711.9649,1614.2311,0.46,seg_small_optA_r560_acc16_lr1e4
ZAZA-G_010_jpg.rf.cd14098445a0a54c10014aaa7d8f975c.jpg,TP,21,16,0.925107,1629,1507,587.4849,543.4866,0.46,seg_small_optA_r560_acc16_lr1e4
ZAZA-G_010_jpg.rf.cd14098445a0a54c10014aaa7d8f975c.jpg,TP,17,14,0.91556,4590,4212,1655.3442,1519.0217,0.46,seg_small_optA_r560_acc16_lr1e4
ZAZA-G_010_jpg.rf.cd14098445a0a54c10014aaa7d8f975c.jpg,TP,1,0,0.905512,3302,2990,1190.838,1078.3179,0.46,seg_small_optA_r560_acc16_lr1e4
ZAZA-G_010_jpg.rf.cd14098445a0a54c10014aaa7d8f975c.jpg,TP,0,12,0.90346,6474,5849,2334.7927,2109.3918,0.46,seg_small_optA_r560_acc16_lr1e4
ZAZA-G_010_jpg.rf.cd14098445a0a54c10014aaa7d8f975c.jpg,TP,4,1,0.902301,5623,5125,2027.8868,1848.2874,0.46,seg_small_optA_r560_acc16_lr1e4
ZAZA-G_010_jpg.rf.cd14098445a0a54c10014aaa7d8f975c.jpg,TP,16,21,0.897566,1964,1778,708.2998,641.2205,0.46,seg_small_optA_r560_acc16_lr1e4
ZAZA-G_010_jpg.rf.cd14098445a0a54c10014aaa7d8f975c.jpg,TP,15,6,0.895459,4175,3839,1505.678,1384.5025,0.46,seg_small_optA_r560_acc16_lr1e4
ZAZA-G_010_jpg.rf.cd14098445a0a54c10014aaa7d8f975c.jpg,TP,23,22,0.893863,1385,1238,499.4884,446.4741,0.46,seg_small_optA_r560_acc16_lr1e4
ZAZA-G_010_jpg.rf.cd14098445a0a54c10014aaa7d8f975c.jpg,TP,9,4,0.884525,5099,4546,1838.9107,1639.476,0.46,seg_small_optA_r560_acc16_lr1e4
ZAZA-G_010_jpg.rf.cd14098445a0a54c10014aaa7d8f975c.jpg,TP,22,17,0.858378,925,794,333.5933,286.3493,0.46,seg_small_optA_r560_acc16_lr1e4
ZAZA-G_010_jpg.rf.cd14098445a0a54c10014aaa7d8f975c.jpg,FN,-1,18,0.0,157,0,56.6207,0,0.46,seg_small_optA_r560_acc16_lr1e4
ZAZA-G_010_jpg.rf.cd14098445a0a54c10014aaa7d8f975c.jpg,FN,-1,19,0.0,74,0,26.6874,0,0.46,seg_small_optA_r560_acc16_lr1e4
ZAZA-G_010_jpg.rf.cd14098445a0a54c10014aaa7d8f975c.jpg,FN,-1,20,0.0,28,0,10.098,0,0.46,seg_small_optA_r560_acc16_lr1e4
ZAINA-679-B_010_jpg.rf.4a3c6644c7fdcdc349eacebe9a97fbd7.jpg,TP,3,9,0.96484,9583,9529,3456.0269,3436.5523,0.46,seg_small_optA_r560_acc16_lr1e4
ZAINA-679-B_010_jpg.rf.4a3c6644c7fdcdc349eacebe9a97fbd7.jpg,TP,1,8,0.961682,7782,8037,2806.5117,2898.4753,0.46,seg_small_optA_r560_acc16_lr1e4
ZAINA-679-B_010_jpg.rf.4a3c6644c7fdcdc349eacebe9a97fbd7.jpg,TP,16,22,0.961094,5585,5605,2014.1824,2021.3952,0.46,seg_small_optA_r560_acc16_lr1e4
ZAINA-679-B_010_jpg.rf.4a3c6644c7fdcdc349eacebe9a97fbd7.jpg,TP,15,36,0.959794,3095,2998,1116.1853,1081.2031,0.46,seg_small_optA_r560_acc16_lr1e4
ZAINA-679-B_010_jpg.rf.4a3c6644c7fdcdc349eacebe9a97fbd7.jpg,TP,21,3,0.959505,5273,5179,1901.6623,1867.762,0.46,seg_small_optA_r560_acc16_lr1e4
ZAINA-679-B_010_jpg.rf.4a3c6644c7fdcdc349eacebe9a97fbd7.jpg,TP,5,32,0.958555,4417,4420,1592.9532,1594.0351,0.46,seg_small_optA_r560_acc16_lr1e4
ZAINA-679-B_010_jpg.rf.4a3c6644c7fdcdc349eacebe9a97fbd7.jpg,TP,38,21,0.958138,9361,9396,3375.9645,3388.587,0.46,seg_small_optA_r560_acc16_lr1e4
ZAINA-679-B_010_jpg.rf.4a3c6644c7fdcdc349eacebe9a97fbd7.jpg,TP,26,13,0.957182,8960,8821,3231.3473,3181.2181,0.46,seg_small_optA_r560_acc16_lr1e4
ZAINA-679-B_010_jpg.rf.4a3c6644c7fdcdc349eacebe9a97fbd7.jpg,TP,28,4,0.955556,2873,2847,1036.1228,1026.7461,0.46,seg_small_optA_r560_acc16_lr1e4
ZAINA-679-B_010_jpg.rf.4a3c6644c7fdcdc349eacebe9a97fbd7.jpg,TP,29,25,0.95219,3959,3840,1427.7795,1384.8632,0.46,seg_small_optA_r560_acc16_lr1e4
ZAINA-679-B_010_jpg.rf.4a3c6644c7fdcdc349eacebe9a97fbd7.jpg,TP,8,30,0.950488,2767,2827,997.8949,1019.5334,0.46,seg_small_optA_r560_acc16_lr1e4
ZAINA-679-B_010_jpg.rf.4a3c6644c7fdcdc349eacebe9a97fbd7.jpg,TP,23,34,0.949284,3297,3237,1189.0348,1167.3963,0.46,seg_small_optA_r560_acc16_lr1e4
ZAINA-679-B_010_jpg.rf.4a3c6644c7fdcdc349eacebe9a97fbd7.jpg,TP,10,2,0.944471,7919,8084,2855.9196,2915.4254,0.46,seg_small_optA_r560_acc16_lr1e4
ZAINA-679-B_010_jpg.rf.4a3c6644c7fdcdc349eacebe9a97fbd7.jpg,TP,11,10,0.942563,1952,2005,703.9721,723.0861,0.46,seg_small_optA_r560_acc16_lr1e4
ZAINA-679-B_010_jpg.rf.4a3c6644c7fdcdc349eacebe9a97fbd7.jpg,TP,7,15,0.942292,3488,3479,1257.9174,1254.6716,0.46,seg_small_optA_r560_acc16_lr1e4
ZAINA-679-B_010_jpg.rf.4a3c6644c7fdcdc349eacebe9a97fbd7.jpg,TP,19,1,0.940402,1418,1382,511.3896,498.4065,0.46,seg_small_optA_r560_acc16_lr1e4
ZAINA-679-B_010_jpg.rf.4a3c6644c7fdcdc349eacebe9a97fbd7.jpg,TP,33,37,0.93962,18128,18300,6537.708,6599.7383,0.46,seg_small_optA_r560_acc16_lr1e4
ZAINA-679-B_010_jpg.rf.4a3c6644c7fdcdc349eacebe9a97fbd7.jpg,TP,37,24,0.938023,3429,3513,1236.6395,1266.9334,0.46,seg_small_optA_r560_acc16_lr1e4
ZAINA-679-B_010_jpg.rf.4a3c6644c7fdcdc349eacebe9a97fbd7.jpg,TP,0,31,0.935309,4444,4501,1602.6905,1623.2471,0.46,seg_small_optA_r560_acc16_lr1e4
ZAINA-679-B_010_jpg.rf.4a3c6644c7fdcdc349eacebe9a97fbd7.jpg,TP,9,7,0.934964,3637,3801,1311.6529,1370.7981,0.46,seg_small_optA_r560_acc16_lr1e4
ZAINA-679-B_010_jpg.rf.4a3c6644c7fdcdc349eacebe9a97fbd7.jpg,TP,17,17,0.930422,2773,2665,1000.0587,961.1095,0.46,seg_small_optA_r560_acc16_lr1e4
ZAINA-679-B_010_jpg.rf.4a3c6644c7fdcdc349eacebe9a97fbd7.jpg,TP,6,14,0.925926,3111,3129,1121.9556,1128.4471,0.46,seg_small_optA_r560_acc16_lr1e4
ZAINA-679-B_010_jpg.rf.4a3c6644c7fdcdc349eacebe9a97fbd7.jpg,TP,18,27,0.917674,3640,3814,1312.7348,1375.4865,0.46,seg_small_optA_r560_acc16_lr1e4
ZAINA-679-B_010_jpg.rf.4a3c6644c7fdcdc349eacebe9a97fbd7.jpg,TP,14,5,0.917511,5640,6099,2034.0177,2199.5522,0.46,seg_small_optA_r560_acc16_lr1e4
ZAINA-679-B_010_jpg.rf.4a3c6644c7fdcdc349eacebe9a97fbd7.jpg,TP,30,12,0.916071,2709,2656,976.9776,957.8637,0.46,seg_small_optA_r560_acc16_lr1e4
ZAINA-679-B_010_jpg.rf.4a3c6644c7fdcdc349eacebe9a97fbd7.jpg,TP,24,0,0.912341,1671,1645,602.6318,593.2551,0.46,seg_small_optA_r560_acc16_lr1e4
ZAINA-679-B_010_jpg.rf.4a3c6644c7fdcdc349eacebe9a97fbd7.jpg,TP,12,28,0.909636,2640,2453,952.0934,884.6534,0.46,seg_small_optA_r560_acc16_lr1e4
ZAINA-679-B_010_jpg.rf.4a3c6644c7fdcdc349eacebe9a97fbd7.jpg,TP,32,26,0.899033,1718,1818,619.582,655.6461,0.46,seg_small_optA_r560_acc16_lr1e4
ZAINA-679-B_010_jpg.rf.4a3c6644c7fdcdc349eacebe9a97fbd7.jpg,TP,13,29,0.898346,2460,2246,887.1779,810.0006,0.46,seg_small_optA_r560_acc16_lr1e4
ZAINA-679-B_010_jpg.rf.4a3c6644c7fdcdc349eacebe9a97fbd7.jpg,TP,25,16,0.869398,712,748,256.7767,269.7598,0.46,seg_small_optA_r560_acc16_lr1e4
ZAINA-679-B_010_jpg.rf.4a3c6644c7fdcdc349eacebe9a97fbd7.jpg,TP,27,6,0.855,684,800,246.6787,288.5132,0.46,seg_small_optA_r560_acc16_lr1e4
ZAINA-679-B_010_jpg.rf.4a3c6644c7fdcdc349eacebe9a97fbd7.jpg,TP,2,33,0.588216,17971,11033,6481.0873,3978.957,0.46,seg_small_optA_r560_acc16_lr1e4
ZAINA-679-B_010_jpg.rf.4a3c6644c7fdcdc349eacebe9a97fbd7.jpg,TP,20,35,0.558996,7591,4393,2737.6292,1584.2978,0.46,seg_small_optA_r560_acc16_lr1e4
ZAINA-679-B_010_jpg.rf.4a3c6644c7fdcdc349eacebe9a97fbd7.jpg,FP,4,-1,0.0,0,6933,0,2500.3271,0.46,seg_small_optA_r560_acc16_lr1e4
ZAINA-679-B_010_jpg.rf.4a3c6644c7fdcdc349eacebe9a97fbd7.jpg,FP,22,-1,0.0,0,3338,0,1203.8211,0.46,seg_small_optA_r560_acc16_lr1e4
ZAINA-679-B_010_jpg.rf.4a3c6644c7fdcdc349eacebe9a97fbd7.jpg,FP,31,-1,0.0,0,4357,0,1571.3147,0.46,seg_small_optA_r560_acc16_lr1e4
ZAINA-679-B_010_jpg.rf.4a3c6644c7fdcdc349eacebe9a97fbd7.jpg,FP,34,-1,0.0,0,1623,0,585.3211,0.46,seg_small_optA_r560_acc16_lr1e4
ZAINA-679-B_010_jpg.rf.4a3c6644c7fdcdc349eacebe9a97fbd7.jpg,FP,35,-1,0.0,0,4120,0,1485.8427,0.46,seg_small_optA_r560_acc16_lr1e4
ZAINA-679-B_010_jpg.rf.4a3c6644c7fdcdc349eacebe9a97fbd7.jpg,FP,36,-1,0.0,0,2942,0,1061.0071,0.46,seg_small_optA_r560_acc16_lr1e4
ZAINA-679-B_010_jpg.rf.4a3c6644c7fdcdc349eacebe9a97fbd7.jpg,FP,39,-1,0.0,0,6706,0,2418.4615,0.46,seg_small_optA_r560_acc16_lr1e4
ZAINA-679-B_010_jpg.rf.4a3c6644c7fdcdc349eacebe9a97fbd7.jpg,FN,-1,11,0.0,8531,0,3076.6321,0,0.46,seg_small_optA_r560_acc16_lr1e4
ZAINA-679-B_010_jpg.rf.4a3c6644c7fdcdc349eacebe9a97fbd7.jpg,FN,-1,18,0.0,6630,0,2391.0528,0,0.46,seg_small_optA_r560_acc16_lr1e4
ZAINA-679-B_010_jpg.rf.4a3c6644c7fdcdc349eacebe9a97fbd7.jpg,FN,-1,19,0.0,1186,0,427.7208,0,0.46,seg_small_optA_r560_acc16_lr1e4
ZAINA-679-B_010_jpg.rf.4a3c6644c7fdcdc349eacebe9a97fbd7.jpg,FN,-1,20,0.0,439,0,158.3216,0,0.46,seg_small_optA_r560_acc16_lr1e4
ZAINA-679-B_010_jpg.rf.4a3c6644c7fdcdc349eacebe9a97fbd7.jpg,FN,-1,23,0.0,10063,0,3629.1348,0,0.46,seg_small_optA_r560_acc16_lr1e4
TP-B_001_jpg.rf.476ac40460a2659ffbad7973abf99d86.jpg,TP,15,8,0.967198,27366,26848,9869.3136,9682.5014,0.46,seg_small_optA_r560_acc16_lr1e4
TP-B_001_jpg.rf.476ac40460a2659ffbad7973abf99d86.jpg,TP,14,15,0.957353,5630,5431,2030.4113,1958.6436,0.46,seg_small_optA_r560_acc16_lr1e4
TP-B_001_jpg.rf.476ac40460a2659ffbad7973abf99d86.jpg,TP,2,10,0.957165,3135,3079,1130.6109,1110.415,0.46,seg_small_optA_r560_acc16_lr1e4
TP-B_001_jpg.rf.476ac40460a2659ffbad7973abf99d86.jpg,TP,22,18,0.9569,2616,2560,943.438,923.2421,0.46,seg_small_optA_r560_acc16_lr1e4
TP-B_001_jpg.rf.476ac40460a2659ffbad7973abf99d86.jpg,TP,4,12,0.956552,5669,5724,2044.4763,2064.3116,0.46,seg_small_optA_r560_acc16_lr1e4
TP-B_001_jpg.rf.476ac40460a2659ffbad7973abf99d86.jpg,TP,13,3,0.951267,1506,1497,543.126,539.8803,0.46,seg_small_optA_r560_acc16_lr1e4
TP-B_001_jpg.rf.476ac40460a2659ffbad7973abf99d86.jpg,TP,11,9,0.948295,6222,6062,2243.911,2186.2084,0.46,seg_small_optA_r560_acc16_lr1e4
TP-B_001_jpg.rf.476ac40460a2659ffbad7973abf99d86.jpg,TP,12,4,0.945827,1987,2000,716.5946,721.2829,0.46,seg_small_optA_r560_acc16_lr1e4
TP-B_001_jpg.rf.476ac40460a2659ffbad7973abf99d86.jpg,TP,8,6,0.942879,1263,1220,455.4901,439.9826,0.46,seg_small_optA_r560_acc16_lr1e4
TP-B_001_jpg.rf.476ac40460a2659ffbad7973abf99d86.jpg,TP,10,7,0.94202,3250,3114,1172.0847,1123.0374,0.46,seg_small_optA_r560_acc16_lr1e4
TP-B_001_jpg.rf.476ac40460a2659ffbad7973abf99d86.jpg,TP,0,25,0.941597,13339,12991,4810.5961,4685.0929,0.46,seg_small_optA_r560_acc16_lr1e4
TP-B_001_jpg.rf.476ac40460a2659ffbad7973abf99d86.jpg,TP,3,16,0.939489,6639,6951,2394.2985,2506.8186,0.46,seg_small_optA_r560_acc16_lr1e4
TP-B_001_jpg.rf.476ac40460a2659ffbad7973abf99d86.jpg,TP,7,17,0.938493,4295,4120,1548.955,1485.8427,0.46,seg_small_optA_r560_acc16_lr1e4
TP-B_001_jpg.rf.476ac40460a2659ffbad7973abf99d86.jpg,TP,19,2,0.936819,2741,2593,988.5182,935.1433,0.46,seg_small_optA_r560_acc16_lr1e4
TP-B_001_jpg.rf.476ac40460a2659ffbad7973abf99d86.jpg,TP,17,14,0.936375,1633,1593,588.9275,574.5018,0.46,seg_small_optA_r560_acc16_lr1e4
TP-B_001_jpg.rf.476ac40460a2659ffbad7973abf99d86.jpg,TP,1,11,0.936084,3122,3118,1125.9225,1124.48,0.46,seg_small_optA_r560_acc16_lr1e4
TP-B_001_jpg.rf.476ac40460a2659ffbad7973abf99d86.jpg,TP,20,1,0.93591,1913,1893,689.9071,682.6942,0.46,seg_small_optA_r560_acc16_lr1e4
TP-B_001_jpg.rf.476ac40460a2659ffbad7973abf99d86.jpg,TP,5,13,0.935855,4693,4572,1692.4902,1648.8526,0.46,seg_small_optA_r560_acc16_lr1e4
TP-B_001_jpg.rf.476ac40460a2659ffbad7973abf99d86.jpg,TP,25,24,0.935608,4609,4469,1662.1964,1611.7066,0.46,seg_small_optA_r560_acc16_lr1e4
TP-B_001_jpg.rf.476ac40460a2659ffbad7973abf99d86.jpg,TP,6,0,0.933305,4542,4676,1638.0334,1686.3593,0.46,seg_small_optA_r560_acc16_lr1e4
TP-B_001_jpg.rf.476ac40460a2659ffbad7973abf99d86.jpg,TP,28,30,0.927414,12852,12958,4634.9638,4673.1918,0.46,seg_small_optA_r560_acc16_lr1e4
TP-B_001_jpg.rf.476ac40460a2659ffbad7973abf99d86.jpg,TP,16,26,0.924476,1794,1697,646.9907,612.0085,0.46,seg_small_optA_r560_acc16_lr1e4
TP-B_001_jpg.rf.476ac40460a2659ffbad7973abf99d86.jpg,TP,9,5,0.914055,977,916,352.3467,330.3475,0.46,seg_small_optA_r560_acc16_lr1e4
TP-B_001_jpg.rf.476ac40460a2659ffbad7973abf99d86.jpg,TP,26,23,0.913529,688,684,248.1213,246.6787,0.46,seg_small_optA_r560_acc16_lr1e4
TP-B_001_jpg.rf.476ac40460a2659ffbad7973abf99d86.jpg,TP,23,28,0.882051,183,184,65.9974,66.358,0.46,seg_small_optA_r560_acc16_lr1e4
TP-B_001_jpg.rf.476ac40460a2659ffbad7973abf99d86.jpg,TP,18,29,0.876695,4705,4153,1696.818,1497.7439,0.46,seg_small_optA_r560_acc16_lr1e4
TP-B_001_jpg.rf.476ac40460a2659ffbad7973abf99d86.jpg,TP,24,19,0.875,229,221,82.5869,79.7017,0.46,seg_small_optA_r560_acc16_lr1e4
TP-B_001_jpg.rf.476ac40460a2659ffbad7973abf99d86.jpg,TP,21,20,0.668068,3763,5363,1357.0938,1934.12,0.46,seg_small_optA_r560_acc16_lr1e4
TP-B_001_jpg.rf.476ac40460a2659ffbad7973abf99d86.jpg,TP,27,27,0.662791,168,118,60.5877,42.5557,0.46,seg_small_optA_r560_acc16_lr1e4
TP-B_001_jpg.rf.476ac40460a2659ffbad7973abf99d86.jpg,FP,29,-1,0.0,0,17552,0,6329.9785,0.46,seg_small_optA_r560_acc16_lr1e4
TP-B_001_jpg.rf.476ac40460a2659ffbad7973abf99d86.jpg,FN,-1,21,0.0,1588,0,572.6986,0,0.46,seg_small_optA_r560_acc16_lr1e4
TP-B_001_jpg.rf.476ac40460a2659ffbad7973abf99d86.jpg,FN,-1,22,0.0,5685,0,2050.2466,0,0.46,seg_small_optA_r560_acc16_lr1e4
ROSILHA-M-G_017_jpg.rf.85fc7b8a7b63a2cbb64907a1c82d5d51.jpg,TP,1,14,0.962274,3628,3550,1308.4071,1280.2771,0.46,seg_small_optA_r560_acc16_lr1e4
ROSILHA-M-G_017_jpg.rf.85fc7b8a7b63a2cbb64907a1c82d5d51.jpg,TP,10,11,0.954488,7031,6926,2535.67,2497.8026,0.46,seg_small_optA_r560_acc16_lr1e4
ROSILHA-M-G_017_jpg.rf.85fc7b8a7b63a2cbb64907a1c82d5d51.jpg,TP,0,16,0.954096,4793,4700,1728.5544,1695.0148,0.46,seg_small_optA_r560_acc16_lr1e4
ROSILHA-M-G_017_jpg.rf.85fc7b8a7b63a2cbb64907a1c82d5d51.jpg,TP,9,2,0.948084,6749,6722,2433.9691,2424.2317,0.46,seg_small_optA_r560_acc16_lr1e4
ROSILHA-M-G_017_jpg.rf.85fc7b8a7b63a2cbb64907a1c82d5d51.jpg,TP,5,10,0.944591,1860,1825,670.793,658.1706,0.46,seg_small_optA_r560_acc16_lr1e4
ROSILHA-M-G_017_jpg.rf.85fc7b8a7b63a2cbb64907a1c82d5d51.jpg,TP,3,1,0.942247,5049,4771,1820.8786,1720.6203,0.46,seg_small_optA_r560_acc16_lr1e4
ROSILHA-M-G_017_jpg.rf.85fc7b8a7b63a2cbb64907a1c82d5d51.jpg,TP,2,9,0.94209,5666,5468,2043.3944,1971.9874,0.46,seg_small_optA_r560_acc16_lr1e4
ROSILHA-M-G_017_jpg.rf.85fc7b8a7b63a2cbb64907a1c82d5d51.jpg,TP,13,12,0.938559,4162,4073,1500.9896,1468.8926,0.46,seg_small_optA_r560_acc16_lr1e4
ROSILHA-M-G_017_jpg.rf.85fc7b8a7b63a2cbb64907a1c82d5d51.jpg,TP,6,8,0.929403,2770,2696,998.9767,972.2893,0.46,seg_small_optA_r560_acc16_lr1e4
ROSILHA-M-G_017_jpg.rf.85fc7b8a7b63a2cbb64907a1c82d5d51.jpg,TP,11,0,0.927994,2501,2506,901.9643,903.7674,0.46,seg_small_optA_r560_acc16_lr1e4
ROSILHA-M-G_017_jpg.rf.85fc7b8a7b63a2cbb64907a1c82d5d51.jpg,TP,8,15,0.92725,1578,1548,569.0922,558.273,0.46,seg_small_optA_r560_acc16_lr1e4
ROSILHA-M-G_017_jpg.rf.85fc7b8a7b63a2cbb64907a1c82d5d51.jpg,TP,7,7,0.925731,2635,2499,950.2902,901.243,0.46,seg_small_optA_r560_acc16_lr1e4
ROSILHA-M-G_017_jpg.rf.85fc7b8a7b63a2cbb64907a1c82d5d51.jpg,TP,4,6,0.920618,1859,1746,670.4324,629.68,0.46,seg_small_optA_r560_acc16_lr1e4
ROSILHA-M-G_017_jpg.rf.85fc7b8a7b63a2cbb64907a1c82d5d51.jpg,TP,12,5,0.898225,766,838,276.2514,302.2175,0.46,seg_small_optA_r560_acc16_lr1e4
ROSILHA-M-G_017_jpg.rf.85fc7b8a7b63a2cbb64907a1c82d5d51.jpg,TP,14,4,0.876998,3495,3082,1260.4418,1111.4969,0.46,seg_small_optA_r560_acc16_lr1e4
ROSILHA-M-G_017_jpg.rf.85fc7b8a7b63a2cbb64907a1c82d5d51.jpg,TP,17,3,0.871342,2118,1911,763.8385,689.1858,0.46,seg_small_optA_r560_acc16_lr1e4
ROSILHA-M-G_017_jpg.rf.85fc7b8a7b63a2cbb64907a1c82d5d51.jpg,TP,15,13,0.844227,3966,3398,1430.3039,1225.4596,0.46,seg_small_optA_r560_acc16_lr1e4
ROSILHA-M-G_017_jpg.rf.85fc7b8a7b63a2cbb64907a1c82d5d51.jpg,FP,16,-1,0.0,0,220,0,79.3411,0.46,seg_small_optA_r560_acc16_lr1e4
TORDILHA-B_009_jpg.rf.5902113a7929ec9592dc2b09471de461.jpg,TP,39,33,0.960976,9757,9941,3518.7785,3585.1365,0.46,seg_small_optA_r560_acc16_lr1e4
TORDILHA-B_009_jpg.rf.5902113a7929ec9592dc2b09471de461.jpg,TP,31,37,0.957234,5944,6001,2143.6527,2164.2093,0.46,seg_small_optA_r560_acc16_lr1e4
TORDILHA-B_009_jpg.rf.5902113a7929ec9592dc2b09471de461.jpg,TP,0,36,0.953266,5492,5542,1980.6428,1998.6748,0.46,seg_small_optA_r560_acc16_lr1e4
TORDILHA-B_009_jpg.rf.5902113a7929ec9592dc2b09471de461.jpg,TP,5,26,0.952162,2091,2153,754.1012,776.461,0.46,seg_small_optA_r560_acc16_lr1e4
TORDILHA-B_009_jpg.rf.5902113a7929ec9592dc2b09471de461.jpg,TP,46,5,0.947185,4453,4469,1605.9363,1611.7066,0.46,seg_small_optA_r560_acc16_lr1e4
TORDILHA-B_009_jpg.rf.5902113a7929ec9592dc2b09471de461.jpg,TP,4,31,0.946154,2030,2018,732.1021,727.7744,0.46,seg_small_optA_r560_acc16_lr1e4
TORDILHA-B_009_jpg.rf.5902113a7929ec9592dc2b09471de461.jpg,TP,6,4,0.942471,1966,1917,709.0211,691.3497,0.46,seg_small_optA_r560_acc16_lr1e4
TORDILHA-B_009_jpg.rf.5902113a7929ec9592dc2b09471de461.jpg,TP,2,3,0.941081,1795,1796,647.3514,647.712,0.46,seg_small_optA_r560_acc16_lr1e4
TORDILHA-B_009_jpg.rf.5902113a7929ec9592dc2b09471de461.jpg,TP,16,17,0.939885,2030,2036,732.1021,734.266,0.46,seg_small_optA_r560_acc16_lr1e4
TORDILHA-B_009_jpg.rf.5902113a7929ec9592dc2b09471de461.jpg,TP,34,38,0.935994,4084,4113,1472.8596,1483.3182,0.46,seg_small_optA_r560_acc16_lr1e4
TORDILHA-B_009_jpg.rf.5902113a7929ec9592dc2b09471de461.jpg,TP,20,21,0.931772,1854,1940,668.6292,699.6444,0.46,seg_small_optA_r560_acc16_lr1e4
TORDILHA-B_009_jpg.rf.5902113a7929ec9592dc2b09471de461.jpg,TP,12,23,0.925341,2663,2701,960.3882,974.0925,0.46,seg_small_optA_r560_acc16_lr1e4
TORDILHA-B_009_jpg.rf.5902113a7929ec9592dc2b09471de461.jpg,TP,17,0,0.924786,2983,3082,1075.7934,1111.4969,0.46,seg_small_optA_r560_acc16_lr1e4
TORDILHA-B_009_jpg.rf.5902113a7929ec9592dc2b09471de461.jpg,TP,41,30,0.923097,3687,3640,1329.685,1312.7348,0.46,seg_small_optA_r560_acc16_lr1e4
TORDILHA-B_009_jpg.rf.5902113a7929ec9592dc2b09471de461.jpg,TP,10,22,0.917508,1694,1723,610.9266,621.3852,0.46,seg_small_optA_r560_acc16_lr1e4
TORDILHA-B_009_jpg.rf.5902113a7929ec9592dc2b09471de461.jpg,TP,11,8,0.916262,1589,1569,573.0593,565.8464,0.46,seg_small_optA_r560_acc16_lr1e4
TORDILHA-B_009_jpg.rf.5902113a7929ec9592dc2b09471de461.jpg,TP,15,1,0.914505,1631,1616,588.2062,582.7966,0.46,seg_small_optA_r560_acc16_lr1e4
TORDILHA-B_009_jpg.rf.5902113a7929ec9592dc2b09471de461.jpg,TP,25,16,0.913872,1238,1273,446.4741,459.0966,0.46,seg_small_optA_r560_acc16_lr1e4
TORDILHA-B_009_jpg.rf.5902113a7929ec9592dc2b09471de461.jpg,TP,22,32,0.908313,2586,2763,932.6188,996.4523,0.46,seg_small_optA_r560_acc16_lr1e4
TORDILHA-B_009_jpg.rf.5902113a7929ec9592dc2b09471de461.jpg,TP,29,28,0.900914,1379,1326,497.3245,478.2106,0.46,seg_small_optA_r560_acc16_lr1e4
TORDILHA-B_009_jpg.rf.5902113a7929ec9592dc2b09471de461.jpg,TP,8,35,0.89899,2181,2331,786.559,840.6552,0.46,seg_small_optA_r560_acc16_lr1e4
TORDILHA-B_009_jpg.rf.5902113a7929ec9592dc2b09471de461.jpg,TP,1,24,0.898519,2548,2578,918.9144,929.7337,0.46,seg_small_optA_r560_acc16_lr1e4
TORDILHA-B_009_jpg.rf.5902113a7929ec9592dc2b09471de461.jpg,TP,24,46,0.895563,1364,1413,491.9149,509.5863,0.46,seg_small_optA_r560_acc16_lr1e4
TORDILHA-B_009_jpg.rf.5902113a7929ec9592dc2b09471de461.jpg,TP,30,2,0.893545,795,877,286.7099,316.2826,0.46,seg_small_optA_r560_acc16_lr1e4
TORDILHA-B_009_jpg.rf.5902113a7929ec9592dc2b09471de461.jpg,TP,9,10,0.889804,1485,1499,535.5525,540.6015,0.46,seg_small_optA_r560_acc16_lr1e4
TORDILHA-B_009_jpg.rf.5902113a7929ec9592dc2b09471de461.jpg,TP,26,12,0.88968,511,551,184.2878,198.7135,0.46,seg_small_optA_r560_acc16_lr1e4
TORDILHA-B_009_jpg.rf.5902113a7929ec9592dc2b09471de461.jpg,TP,36,39,0.887194,2683,2637,967.601,951.0115,0.46,seg_small_optA_r560_acc16_lr1e4
TORDILHA-B_009_jpg.rf.5902113a7929ec9592dc2b09471de461.jpg,TP,14,25,0.879535,1447,1299,521.8481,468.4733,0.46,seg_small_optA_r560_acc16_lr1e4
TORDILHA-B_009_jpg.rf.5902113a7929ec9592dc2b09471de461.jpg,TP,7,9,0.877545,3096,2807,1116.5459,1012.3205,0.46,seg_small_optA_r560_acc16_lr1e4
TORDILHA-B_009_jpg.rf.5902113a7929ec9592dc2b09471de461.jpg,TP,19,29,0.875,864,816,311.5942,294.2834,0.46,seg_small_optA_r560_acc16_lr1e4
TORDILHA-B_009_jpg.rf.5902113a7929ec9592dc2b09471de461.jpg,TP,13,34,0.874838,1460,1431,526.5365,516.0779,0.46,seg_small_optA_r560_acc16_lr1e4
TORDILHA-B_009_jpg.rf.5902113a7929ec9592dc2b09471de461.jpg,TP,18,6,0.872771,1906,1980,687.3826,714.07,0.46,seg_small_optA_r560_acc16_lr1e4
TORDILHA-B_009_jpg.rf.5902113a7929ec9592dc2b09471de461.jpg,TP,32,40,0.871141,737,657,265.7927,236.9414,0.46,seg_small_optA_r560_acc16_lr1e4
TORDILHA-B_009_jpg.rf.5902113a7929ec9592dc2b09471de461.jpg,TP,23,47,0.870836,2880,3073,1038.6474,1108.2511,0.46,seg_small_optA_r560_acc16_lr1e4
TORDILHA-B_009_jpg.rf.5902113a7929ec9592dc2b09471de461.jpg,TP,44,14,0.869383,1667,1911,601.1893,689.1858,0.46,seg_small_optA_r560_acc16_lr1e4
TORDILHA-B_009_jpg.rf.5902113a7929ec9592dc2b09471de461.jpg,TP,42,45,0.867157,1576,1727,568.3709,622.8278,0.46,seg_small_optA_r560_acc16_lr1e4
TORDILHA-B_009_jpg.rf.5902113a7929ec9592dc2b09471de461.jpg,TP,45,44,0.86236,345,318,124.4213,114.684,0.46,seg_small_optA_r560_acc16_lr1e4
TORDILHA-B_009_jpg.rf.5902113a7929ec9592dc2b09471de461.jpg,TP,40,18,0.861067,1666,1857,600.8286,669.7112,0.46,seg_small_optA_r560_acc16_lr1e4
TORDILHA-B_009_jpg.rf.5902113a7929ec9592dc2b09471de461.jpg,TP,33,27,0.857724,901,927,324.9379,334.3146,0.46,seg_small_optA_r560_acc16_lr1e4
TORDILHA-B_009_jpg.rf.5902113a7929ec9592dc2b09471de461.jpg,TP,21,7,0.836488,2339,2221,843.5403,800.9846,0.46,seg_small_optA_r560_acc16_lr1e4
TORDILHA-B_009_jpg.rf.5902113a7929ec9592dc2b09471de461.jpg,TP,38,15,0.787709,164,156,59.1452,56.2601,0.46,seg_small_optA_r560_acc16_lr1e4
TORDILHA-B_009_jpg.rf.5902113a7929ec9592dc2b09471de461.jpg,TP,37,41,0.775362,400,335,144.2565,120.8149,0.46,seg_small_optA_r560_acc16_lr1e4
TORDILHA-B_009_jpg.rf.5902113a7929ec9592dc2b09471de461.jpg,TP,35,42,0.723005,213,154,76.8166,55.5388,0.46,seg_small_optA_r560_acc16_lr1e4
TORDILHA-B_009_jpg.rf.5902113a7929ec9592dc2b09471de461.jpg,TP,27,19,0.709288,2428,3240,875.6374,1168.4783,0.46,seg_small_optA_r560_acc16_lr1e4
TORDILHA-B_009_jpg.rf.5902113a7929ec9592dc2b09471de461.jpg,TP,3,20,0.680545,5131,3628,1850.4512,1308.4071,0.46,seg_small_optA_r560_acc16_lr1e4
TORDILHA-B_009_jpg.rf.5902113a7929ec9592dc2b09471de461.jpg,TP,47,43,0.645983,1429,1091,515.3566,393.4598,0.46,seg_small_optA_r560_acc16_lr1e4
TORDILHA-B_009_jpg.rf.5902113a7929ec9592dc2b09471de461.jpg,FP,28,-1,0.0,0,1504,0,542.4047,0.46,seg_small_optA_r560_acc16_lr1e4
TORDILHA-B_009_jpg.rf.5902113a7929ec9592dc2b09471de461.jpg,FP,43,-1,0.0,0,2144,0,773.2152,0.46,seg_small_optA_r560_acc16_lr1e4
TORDILHA-B_009_jpg.rf.5902113a7929ec9592dc2b09471de461.jpg,FP,48,-1,0.0,0,718,0,258.9405,0.46,seg_small_optA_r560_acc16_lr1e4
TORDILHA-B_009_jpg.rf.5902113a7929ec9592dc2b09471de461.jpg,FP,49,-1,0.0,0,2200,0,793.4112,0.46,seg_small_optA_r560_acc16_lr1e4
TORDILHA-B_009_jpg.rf.5902113a7929ec9592dc2b09471de461.jpg,FN,-1,11,0.0,31,0,11.1799,0,0.46,seg_small_optA_r560_acc16_lr1e4
TORDILHA-B_009_jpg.rf.5902113a7929ec9592dc2b09471de461.jpg,FN,-1,13,0.0,27,0,9.7373,0,0.46,seg_small_optA_r560_acc16_lr1e4
ROSILHA-M-D_009_jpg.rf.b52035c8fe5fd87e1eed76dc4bbe6a14.jpg,TP,4,16,0.973459,13442,13251,4847.7422,4778.8597,0.46,seg_small_optA_r560_acc16_lr1e4
ROSILHA-M-D_009_jpg.rf.b52035c8fe5fd87e1eed76dc4bbe6a14.jpg,TP,1,11,0.970593,12548,12313,4525.3287,4440.5781,0.46,seg_small_optA_r560_acc16_lr1e4
ROSILHA-M-D_009_jpg.rf.b52035c8fe5fd87e1eed76dc4bbe6a14.jpg,TP,12,0,0.97008,6498,6605,2343.4481,2382.0367,0.46,seg_small_optA_r560_acc16_lr1e4
ROSILHA-M-D_009_jpg.rf.b52035c8fe5fd87e1eed76dc4bbe6a14.jpg,TP,6,5,0.968968,20371,20046,7346.6267,7229.4183,0.46,seg_small_optA_r560_acc16_lr1e4
ROSILHA-M-D_009_jpg.rf.b52035c8fe5fd87e1eed76dc4bbe6a14.jpg,TP,3,20,0.967808,17036,16706,6143.8876,6024.8759,0.46,seg_small_optA_r560_acc16_lr1e4
ROSILHA-M-D_009_jpg.rf.b52035c8fe5fd87e1eed76dc4bbe6a14.jpg,TP,18,24,0.965294,2117,2130,763.4779,768.1663,0.46,seg_small_optA_r560_acc16_lr1e4
ROSILHA-M-D_009_jpg.rf.b52035c8fe5fd87e1eed76dc4bbe6a14.jpg,TP,0,9,0.964476,14003,13592,5050.0621,4901.8385,0.46,seg_small_optA_r560_acc16_lr1e4
ROSILHA-M-D_009_jpg.rf.b52035c8fe5fd87e1eed76dc4bbe6a14.jpg,TP,7,10,0.953341,5127,5046,1849.0087,1819.7967,0.46,seg_small_optA_r560_acc16_lr1e4
ROSILHA-M-D_009_jpg.rf.b52035c8fe5fd87e1eed76dc4bbe6a14.jpg,TP,2,12,0.951697,8550,8299,3083.4843,2992.9633,0.46,seg_small_optA_r560_acc16_lr1e4
ROSILHA-M-D_009_jpg.rf.b52035c8fe5fd87e1eed76dc4bbe6a14.jpg,TP,13,18,0.950934,7944,7722,2864.9356,2784.8732,0.46,seg_small_optA_r560_acc16_lr1e4
ROSILHA-M-D_009_jpg.rf.b52035c8fe5fd87e1eed76dc4bbe6a14.jpg,TP,10,1,0.949974,3754,3730,1353.848,1345.1926,0.46,seg_small_optA_r560_acc16_lr1e4
ROSILHA-M-D_009_jpg.rf.b52035c8fe5fd87e1eed76dc4bbe6a14.jpg,TP,8,19,0.946643,7271,7140,2622.2239,2574.9798,0.46,seg_small_optA_r560_acc16_lr1e4
ROSILHA-M-D_009_jpg.rf.b52035c8fe5fd87e1eed76dc4bbe6a14.jpg,TP,15,7,0.940707,2841,2756,1024.5823,993.9278,0.46,seg_small_optA_r560_acc16_lr1e4
ROSILHA-M-D_009_jpg.rf.b52035c8fe5fd87e1eed76dc4bbe6a14.jpg,TP,9,4,0.93888,5639,5337,2033.6571,1924.7433,0.46,seg_small_optA_r560_acc16_lr1e4
ROSILHA-M-D_009_jpg.rf.b52035c8fe5fd87e1eed76dc4bbe6a14.jpg,TP,5,13,0.937647,3378,3210,1218.2468,1157.659,0.46,seg_small_optA_r560_acc16_lr1e4
ROSILHA-M-D_009_jpg.rf.b52035c8fe5fd87e1eed76dc4bbe6a14.jpg,TP,11,8,0.936508,3327,3139,1199.8541,1132.0534,0.46,seg_small_optA_r560_acc16_lr1e4
ROSILHA-M-D_009_jpg.rf.b52035c8fe5fd87e1eed76dc4bbe6a14.jpg,TP,20,2,0.928875,2637,2814,951.0115,1014.845,0.46,seg_small_optA_r560_acc16_lr1e4
ROSILHA-M-D_009_jpg.rf.b52035c8fe5fd87e1eed76dc4bbe6a14.jpg,TP,17,25,0.925703,3548,3502,1279.5559,1262.9663,0.46,seg_small_optA_r560_acc16_lr1e4
ROSILHA-M-D_009_jpg.rf.b52035c8fe5fd87e1eed76dc4bbe6a14.jpg,TP,14,6,0.920272,2050,1900,739.3149,685.2188,0.46,seg_small_optA_r560_acc16_lr1e4
ROSILHA-M-D_009_jpg.rf.b52035c8fe5fd87e1eed76dc4bbe6a14.jpg,TP,19,14,0.913218,2191,2108,790.1654,760.2321,0.46,seg_small_optA_r560_acc16_lr1e4
ROSILHA-M-D_009_jpg.rf.b52035c8fe5fd87e1eed76dc4bbe6a14.jpg,TP,16,23,0.899234,32761,29701,11814.9742,10711.4114,0.46,seg_small_optA_r560_acc16_lr1e4
ROSILHA-M-D_009_jpg.rf.b52035c8fe5fd87e1eed76dc4bbe6a14.jpg,TP,22,17,0.866171,268,234,96.6519,84.3901,0.46,seg_small_optA_r560_acc16_lr1e4
ROSILHA-M-D_009_jpg.rf.b52035c8fe5fd87e1eed76dc4bbe6a14.jpg,TP,26,21,0.79148,4411,3579,1590.7894,1290.7357,0.46,seg_small_optA_r560_acc16_lr1e4
ROSILHA-M-D_009_jpg.rf.b52035c8fe5fd87e1eed76dc4bbe6a14.jpg,TP,24,15,0.748691,186,148,67.0793,53.375,0.46,seg_small_optA_r560_acc16_lr1e4
ROSILHA-M-D_009_jpg.rf.b52035c8fe5fd87e1eed76dc4bbe6a14.jpg,TP,21,3,0.735141,14231,10729,5132.2883,3869.322,0.46,seg_small_optA_r560_acc16_lr1e4
ROSILHA-M-D_009_jpg.rf.b52035c8fe5fd87e1eed76dc4bbe6a14.jpg,FP,23,-1,0.0,0,3107,0,1120.5129,0.46,seg_small_optA_r560_acc16_lr1e4
ROSILHA-M-D_009_jpg.rf.b52035c8fe5fd87e1eed76dc4bbe6a14.jpg,FP,25,-1,0.0,0,1984,0,715.5126,0.46,seg_small_optA_r560_acc16_lr1e4
ROSILHA-M-D_009_jpg.rf.b52035c8fe5fd87e1eed76dc4bbe6a14.jpg,FN,-1,22,0.0,3240,0,1168.4783,0,0.46,seg_small_optA_r560_acc16_lr1e4
TORDILHA-D_006_jpg.rf.d879d44ef1add0b327aa39f6650afc47.jpg,TP,24,1,0.950015,6495,6184,2342.3661,2230.2067,0.46,seg_small_optA_r560_acc16_lr1e4
TORDILHA-D_006_jpg.rf.d879d44ef1add0b327aa39f6650afc47.jpg,TP,0,9,0.948093,2828,2689,1019.894,969.7648,0.46,seg_small_optA_r560_acc16_lr1e4
TORDILHA-D_006_jpg.rf.d879d44ef1add0b327aa39f6650afc47.jpg,TP,25,14,0.947824,3562,3419,1284.6048,1233.0331,0.46,seg_small_optA_r560_acc16_lr1e4
TORDILHA-D_006_jpg.rf.d879d44ef1add0b327aa39f6650afc47.jpg,TP,9,7,0.942527,6859,6593,2473.6396,2377.709,0.46,seg_small_optA_r560_acc16_lr1e4
TORDILHA-D_006_jpg.rf.d879d44ef1add0b327aa39f6650afc47.jpg,TP,7,20,0.934953,5331,5259,1922.5795,1896.6133,0.46,seg_small_optA_r560_acc16_lr1e4
TORDILHA-D_006_jpg.rf.d879d44ef1add0b327aa39f6650afc47.jpg,TP,6,11,0.933798,2289,2151,825.5082,775.7397,0.46,seg_small_optA_r560_acc16_lr1e4
TORDILHA-D_006_jpg.rf.d879d44ef1add0b327aa39f6650afc47.jpg,TP,13,0,0.927092,1192,1134,429.8846,408.9674,0.46,seg_small_optA_r560_acc16_lr1e4
TORDILHA-D_006_jpg.rf.d879d44ef1add0b327aa39f6650afc47.jpg,TP,5,13,0.918372,13635,12710,4917.346,4583.7527,0.46,seg_small_optA_r560_acc16_lr1e4
TORDILHA-D_006_jpg.rf.d879d44ef1add0b327aa39f6650afc47.jpg,TP,2,10,0.917171,3766,3525,1358.1756,1271.261,0.46,seg_small_optA_r560_acc16_lr1e4
TORDILHA-D_006_jpg.rf.d879d44ef1add0b327aa39f6650afc47.jpg,TP,35,15,0.916221,12277,11716,4427.5949,4225.2751,0.46,seg_small_optA_r560_acc16_lr1e4
TORDILHA-D_006_jpg.rf.d879d44ef1add0b327aa39f6650afc47.jpg,TP,8,12,0.913504,2737,2506,987.0756,903.7674,0.46,seg_small_optA_r560_acc16_lr1e4
TORDILHA-D_006_jpg.rf.d879d44ef1add0b327aa39f6650afc47.jpg,TP,3,5,0.910906,12907,11780,4654.7991,4248.3562,0.46,seg_small_optA_r560_acc16_lr1e4
TORDILHA-D_006_jpg.rf.d879d44ef1add0b327aa39f6650afc47.jpg,TP,11,8,0.909488,1574,1485,567.6497,535.5525,0.46,seg_small_optA_r560_acc16_lr1e4
TORDILHA-D_006_jpg.rf.d879d44ef1add0b327aa39f6650afc47.jpg,TP,12,32,0.903202,10961,10077,3952.9908,3634.1838,0.46,seg_small_optA_r560_acc16_lr1e4
TORDILHA-D_006_jpg.rf.d879d44ef1add0b327aa39f6650afc47.jpg,TP,26,19,0.895592,3128,2936,1128.0865,1058.8433,0.46,seg_small_optA_r560_acc16_lr1e4
TORDILHA-D_006_jpg.rf.d879d44ef1add0b327aa39f6650afc47.jpg,TP,17,30,0.892183,1445,1363,521.1269,491.5543,0.46,seg_small_optA_r560_acc16_lr1e4
TORDILHA-D_006_jpg.rf.d879d44ef1add0b327aa39f6650afc47.jpg,TP,19,2,0.890618,2110,2021,760.9534,728.8564,0.46,seg_small_optA_r560_acc16_lr1e4
TORDILHA-D_006_jpg.rf.d879d44ef1add0b327aa39f6650afc47.jpg,TP,14,21,0.887732,1317,1222,474.9648,440.7039,0.46,seg_small_optA_r560_acc16_lr1e4
TORDILHA-D_006_jpg.rf.d879d44ef1add0b327aa39f6650afc47.jpg,TP,1,17,0.876444,11804,10779,4257.0115,3887.3541,0.46,seg_small_optA_r560_acc16_lr1e4
TORDILHA-D_006_jpg.rf.d879d44ef1add0b327aa39f6650afc47.jpg,TP,4,3,0.874358,4060,3608,1464.2042,1301.1943,0.46,seg_small_optA_r560_acc16_lr1e4
TORDILHA-D_006_jpg.rf.d879d44ef1add0b327aa39f6650afc47.jpg,TP,10,4,0.859065,1527,1375,550.6995,495.882,0.46,seg_small_optA_r560_acc16_lr1e4
TORDILHA-D_006_jpg.rf.d879d44ef1add0b327aa39f6650afc47.jpg,TP,15,16,0.838255,3048,2555,1099.2351,921.4388,0.46,seg_small_optA_r560_acc16_lr1e4
TORDILHA-D_006_jpg.rf.d879d44ef1add0b327aa39f6650afc47.jpg,TP,18,28,0.833619,6350,5431,2290.0731,1958.6436,0.46,seg_small_optA_r560_acc16_lr1e4
TORDILHA-D_006_jpg.rf.d879d44ef1add0b327aa39f6650afc47.jpg,TP,23,33,0.828937,8759,7396,3158.8584,2667.3041,0.46,seg_small_optA_r560_acc16_lr1e4
TORDILHA-D_006_jpg.rf.d879d44ef1add0b327aa39f6650afc47.jpg,TP,16,26,0.571384,16139,9308,5820.3922,3356.8505,0.46,seg_small_optA_r560_acc16_lr1e4
TORDILHA-D_006_jpg.rf.d879d44ef1add0b327aa39f6650afc47.jpg,TP,20,31,0.553741,1448,836,522.2088,301.4963,0.46,seg_small_optA_r560_acc16_lr1e4
TORDILHA-D_006_jpg.rf.d879d44ef1add0b327aa39f6650afc47.jpg,TP,33,22,0.536383,7671,4153,2766.4805,1497.7439,0.46,seg_small_optA_r560_acc16_lr1e4
TORDILHA-D_006_jpg.rf.d879d44ef1add0b327aa39f6650afc47.jpg,FP,21,-1,0.0,0,12209,0,4403.0713,0.46,seg_small_optA_r560_acc16_lr1e4
TORDILHA-D_006_jpg.rf.d879d44ef1add0b327aa39f6650afc47.jpg,FP,22,-1,0.0,0,6274,0,2262.6644,0.46,seg_small_optA_r560_acc16_lr1e4
TORDILHA-D_006_jpg.rf.d879d44ef1add0b327aa39f6650afc47.jpg,FP,27,-1,0.0,0,5685,0,2050.2466,0.46,seg_small_optA_r560_acc16_lr1e4
TORDILHA-D_006_jpg.rf.d879d44ef1add0b327aa39f6650afc47.jpg,FP,28,-1,0.0,0,3176,0,1145.3972,0.46,seg_small_optA_r560_acc16_lr1e4
TORDILHA-D_006_jpg.rf.d879d44ef1add0b327aa39f6650afc47.jpg,FP,29,-1,0.0,0,2255,0,813.2464,0.46,seg_small_optA_r560_acc16_lr1e4
TORDILHA-D_006_jpg.rf.d879d44ef1add0b327aa39f6650afc47.jpg,FP,30,-1,0.0,0,1246,0,449.3592,0.46,seg_small_optA_r560_acc16_lr1e4
TORDILHA-D_006_jpg.rf.d879d44ef1add0b327aa39f6650afc47.jpg,FP,31,-1,0.0,0,19405,0,6998.2471,0.46,seg_small_optA_r560_acc16_lr1e4
TORDILHA-D_006_jpg.rf.d879d44ef1add0b327aa39f6650afc47.jpg,FP,32,-1,0.0,0,261,0,94.1274,0.46,seg_small_optA_r560_acc16_lr1e4
TORDILHA-D_006_jpg.rf.d879d44ef1add0b327aa39f6650afc47.jpg,FP,34,-1,0.0,0,15099,0,5445.3251,0.46,seg_small_optA_r560_acc16_lr1e4
TORDILHA-D_006_jpg.rf.d879d44ef1add0b327aa39f6650afc47.jpg,FP,36,-1,0.0,0,7877,0,2840.7726,0.46,seg_small_optA_r560_acc16_lr1e4
TORDILHA-D_006_jpg.rf.d879d44ef1add0b327aa39f6650afc47.jpg,FN,-1,6,0.0,53,0,19.114,0,0.46,seg_small_optA_r560_acc16_lr1e4
TORDILHA-D_006_jpg.rf.d879d44ef1add0b327aa39f6650afc47.jpg,FN,-1,18,0.0,24597,0,8870.6975,0,0.46,seg_small_optA_r560_acc16_lr1e4
TORDILHA-D_006_jpg.rf.d879d44ef1add0b327aa39f6650afc47.jpg,FN,-1,23,0.0,42,0,15.1469,0,0.46,seg_small_optA_r560_acc16_lr1e4
TORDILHA-D_006_jpg.rf.d879d44ef1add0b327aa39f6650afc47.jpg,FN,-1,24,0.0,87,0,31.3758,0,0.46,seg_small_optA_r560_acc16_lr1e4
TORDILHA-D_006_jpg.rf.d879d44ef1add0b327aa39f6650afc47.jpg,FN,-1,25,0.0,28,0,10.098,0,0.46,seg_small_optA_r560_acc16_lr1e4
TORDILHA-D_006_jpg.rf.d879d44ef1add0b327aa39f6650afc47.jpg,FN,-1,27,0.0,43,0,15.5076,0,0.46,seg_small_optA_r560_acc16_lr1e4
TORDILHA-D_006_jpg.rf.d879d44ef1add0b327aa39f6650afc47.jpg,FN,-1,29,0.0,44,0,15.8682,0,0.46,seg_small_optA_r560_acc16_lr1e4
TORDILHA-D_006_jpg.rf.d879d44ef1add0b327aa39f6650afc47.jpg,FN,-1,34,0.0,40899,0,14749.8742,0,0.46,seg_small_optA_r560_acc16_lr1e4
ZAINA-679-B_011_jpg.rf.27d46a055eff6f5810ec4c5c9429b994.jpg,TP,0,4,0.976634,21375,21346,7708.7107,7698.2522,0.46,seg_small_optA_r560_acc16_lr1e4
ZAINA-679-B_011_jpg.rf.27d46a055eff6f5810ec4c5c9429b994.jpg,TP,3,9,0.97522,15798,15608,5697.4135,5628.8916,0.46,seg_small_optA_r560_acc16_lr1e4
ZAINA-679-B_011_jpg.rf.27d46a055eff6f5810ec4c5c9429b994.jpg,TP,2,14,0.970613,24971,24584,9005.5773,8866.0091,0.46,seg_small_optA_r560_acc16_lr1e4
ZAINA-679-B_011_jpg.rf.27d46a055eff6f5810ec4c5c9429b994.jpg,TP,6,13,0.97038,20474,20437,7383.7728,7370.4291,0.46,seg_small_optA_r560_acc16_lr1e4
ZAINA-679-B_011_jpg.rf.27d46a055eff6f5810ec4c5c9429b994.jpg,TP,10,12,0.969161,25351,25540,9142.6211,9210.7823,0.46,seg_small_optA_r560_acc16_lr1e4
ZAINA-679-B_011_jpg.rf.27d46a055eff6f5810ec4c5c9429b994.jpg,TP,19,2,0.967602,11166,11123,4026.9223,4011.4147,0.46,seg_small_optA_r560_acc16_lr1e4
ZAINA-679-B_011_jpg.rf.27d46a055eff6f5810ec4c5c9429b994.jpg,TP,8,6,0.966343,8892,8927,3206.8236,3219.4461,0.46,seg_small_optA_r560_acc16_lr1e4
ZAINA-679-B_011_jpg.rf.27d46a055eff6f5810ec4c5c9429b994.jpg,TP,12,0,0.96592,3919,3984,1413.3538,1436.7955,0.46,seg_small_optA_r560_acc16_lr1e4
ZAINA-679-B_011_jpg.rf.27d46a055eff6f5810ec4c5c9429b994.jpg,TP,1,18,0.963956,9412,9332,3394.3572,3365.5059,0.46,seg_small_optA_r560_acc16_lr1e4
ZAINA-679-B_011_jpg.rf.27d46a055eff6f5810ec4c5c9429b994.jpg,TP,4,11,0.961801,10145,10295,3658.7074,3712.8036,0.46,seg_small_optA_r560_acc16_lr1e4
ZAINA-679-B_011_jpg.rf.27d46a055eff6f5810ec4c5c9429b994.jpg,TP,5,15,0.959288,6714,6713,2421.3466,2420.986,0.46,seg_small_optA_r560_acc16_lr1e4
ZAINA-679-B_011_jpg.rf.27d46a055eff6f5810ec4c5c9429b994.jpg,TP,16,1,0.958801,1584,1554,571.256,560.4368,0.46,seg_small_optA_r560_acc16_lr1e4
ZAINA-679-B_011_jpg.rf.27d46a055eff6f5810ec4c5c9429b994.jpg,TP,13,16,0.95151,2504,2406,903.0461,867.7033,0.46,seg_small_optA_r560_acc16_lr1e4
ZAINA-679-B_011_jpg.rf.27d46a055eff6f5810ec4c5c9429b994.jpg,TP,14,5,0.950875,4069,4072,1467.45,1468.532,0.46,seg_small_optA_r560_acc16_lr1e4
ZAINA-679-B_011_jpg.rf.27d46a055eff6f5810ec4c5c9429b994.jpg,TP,15,7,0.948919,2491,2469,898.3578,890.4237,0.46,seg_small_optA_r560_acc16_lr1e4
ZAINA-679-B_011_jpg.rf.27d46a055eff6f5810ec4c5c9429b994.jpg,TP,7,19,0.947768,12866,12268,4640.0127,4424.3492,0.46,seg_small_optA_r560_acc16_lr1e4
ZAINA-679-B_011_jpg.rf.27d46a055eff6f5810ec4c5c9429b994.jpg,TP,9,17,0.936296,3800,3738,1370.4374,1348.0777,0.46,seg_small_optA_r560_acc16_lr1e4
ZAINA-679-B_011_jpg.rf.27d46a055eff6f5810ec4c5c9429b994.jpg,TP,11,8,0.935447,2582,2485,931.1762,896.194,0.46,seg_small_optA_r560_acc16_lr1e4
ZAINA-679-B_011_jpg.rf.27d46a055eff6f5810ec4c5c9429b994.jpg,TP,17,10,0.935315,2789,2746,1005.829,990.3214,0.46,seg_small_optA_r560_acc16_lr1e4
ZAINA-679-B_011_jpg.rf.27d46a055eff6f5810ec4c5c9429b994.jpg,TP,18,21,0.895038,31917,30335,11510.5928,10940.0581,0.46,seg_small_optA_r560_acc16_lr1e4
ZAINA-679-B_011_jpg.rf.27d46a055eff6f5810ec4c5c9429b994.jpg,TP,21,20,0.826654,1736,2047,626.0736,738.233,0.46,seg_small_optA_r560_acc16_lr1e4
ZAINA-679-B_011_jpg.rf.27d46a055eff6f5810ec4c5c9429b994.jpg,TP,20,3,0.817365,281,326,101.3402,117.5691,0.46,seg_small_optA_r560_acc16_lr1e4
ZAINA-679-B_011_jpg.rf.27d46a055eff6f5810ec4c5c9429b994.jpg,TP,22,23,0.753597,527,448,190.0581,161.5674,0.46,seg_small_optA_r560_acc16_lr1e4
ZAINA-679-B_011_jpg.rf.27d46a055eff6f5810ec4c5c9429b994.jpg,FN,-1,22,0.0,393,0,141.7321,0,0.46,seg_small_optA_r560_acc16_lr1e4
ZAZA-B_008_jpg.rf.92ad451b5359143319a46e599a0239d1.jpg,TP,0,7,0.964437,14519,14315,5236.1531,5162.5822,0.46,seg_small_optA_r560_acc16_lr1e4
ZAZA-B_008_jpg.rf.92ad451b5359143319a46e599a0239d1.jpg,TP,16,27,0.96189,19713,19978,7109.3247,7204.8947,0.46,seg_small_optA_r560_acc16_lr1e4
ZAZA-B_008_jpg.rf.92ad451b5359143319a46e599a0239d1.jpg,TP,5,6,0.958754,7945,7964,2865.2963,2872.1484,0.46,seg_small_optA_r560_acc16_lr1e4
ZAZA-B_008_jpg.rf.92ad451b5359143319a46e599a0239d1.jpg,TP,2,10,0.952616,982,996,354.1499,359.1989,0.46,seg_small_optA_r560_acc16_lr1e4
ZAZA-B_008_jpg.rf.92ad451b5359143319a46e599a0239d1.jpg,TP,1,19,0.951514,11678,11908,4211.5707,4294.5183,0.46,seg_small_optA_r560_acc16_lr1e4
ZAZA-B_008_jpg.rf.92ad451b5359143319a46e599a0239d1.jpg,TP,8,20,0.950931,9889,9911,3566.3832,3574.3173,0.46,seg_small_optA_r560_acc16_lr1e4
ZAZA-B_008_jpg.rf.92ad451b5359143319a46e599a0239d1.jpg,TP,26,25,0.95067,37600,37374,13560.1181,13478.6132,0.46,seg_small_optA_r560_acc16_lr1e4
ZAZA-B_008_jpg.rf.92ad451b5359143319a46e599a0239d1.jpg,TP,22,5,0.950134,4728,4697,1705.1127,1693.9328,0.46,seg_small_optA_r560_acc16_lr1e4
ZAZA-B_008_jpg.rf.92ad451b5359143319a46e599a0239d1.jpg,TP,23,22,0.947914,8443,8648,3044.8957,3118.8272,0.46,seg_small_optA_r560_acc16_lr1e4
ZAZA-B_008_jpg.rf.92ad451b5359143319a46e599a0239d1.jpg,TP,9,2,0.940615,2347,2326,846.4255,838.852,0.46,seg_small_optA_r560_acc16_lr1e4
ZAZA-B_008_jpg.rf.92ad451b5359143319a46e599a0239d1.jpg,TP,3,0,0.938099,7557,7409,2725.3674,2671.9924,0.46,seg_small_optA_r560_acc16_lr1e4
ZAZA-B_008_jpg.rf.92ad451b5359143319a46e599a0239d1.jpg,TP,11,18,0.929736,3268,3241,1178.5762,1168.8389,0.46,seg_small_optA_r560_acc16_lr1e4
ZAZA-B_008_jpg.rf.92ad451b5359143319a46e599a0239d1.jpg,TP,4,9,0.921344,2485,2547,896.194,918.5537,0.46,seg_small_optA_r560_acc16_lr1e4
ZAZA-B_008_jpg.rf.92ad451b5359143319a46e599a0239d1.jpg,TP,13,1,0.92068,327,351,117.9298,126.5851,0.46,seg_small_optA_r560_acc16_lr1e4
ZAZA-B_008_jpg.rf.92ad451b5359143319a46e599a0239d1.jpg,TP,7,3,0.918574,1783,1822,643.0237,657.0887,0.46,seg_small_optA_r560_acc16_lr1e4
ZAZA-B_008_jpg.rf.92ad451b5359143319a46e599a0239d1.jpg,TP,14,11,0.900844,3165,3142,1141.4301,1133.1354,0.46,seg_small_optA_r560_acc16_lr1e4
ZAZA-B_008_jpg.rf.92ad451b5359143319a46e599a0239d1.jpg,TP,6,21,0.894123,4316,4289,1556.5284,1546.7911,0.46,seg_small_optA_r560_acc16_lr1e4
ZAZA-B_008_jpg.rf.92ad451b5359143319a46e599a0239d1.jpg,TP,12,15,0.889517,1893,1784,682.6942,643.3843,0.46,seg_small_optA_r560_acc16_lr1e4
ZAZA-B_008_jpg.rf.92ad451b5359143319a46e599a0239d1.jpg,TP,10,17,0.88213,19872,21900,7166.6666,7898.0475,0.46,seg_small_optA_r560_acc16_lr1e4
ZAZA-B_008_jpg.rf.92ad451b5359143319a46e599a0239d1.jpg,TP,15,16,0.881543,354,329,127.6671,118.6511,0.46,seg_small_optA_r560_acc16_lr1e4
ZAZA-B_008_jpg.rf.92ad451b5359143319a46e599a0239d1.jpg,TP,24,23,0.699187,90,119,32.4577,42.9163,0.46,seg_small_optA_r560_acc16_lr1e4
ZAZA-B_008_jpg.rf.92ad451b5359143319a46e599a0239d1.jpg,TP,19,4,0.625,88,55,31.7365,19.8353,0.46,seg_small_optA_r560_acc16_lr1e4
ZAZA-B_008_jpg.rf.92ad451b5359143319a46e599a0239d1.jpg,TP,20,8,0.538007,14563,8098,5252.0213,2920.4744,0.46,seg_small_optA_r560_acc16_lr1e4
ZAZA-B_008_jpg.rf.92ad451b5359143319a46e599a0239d1.jpg,FP,17,-1,0.0,0,16382,0,5908.0281,0.46,seg_small_optA_r560_acc16_lr1e4
ZAZA-B_008_jpg.rf.92ad451b5359143319a46e599a0239d1.jpg,FP,18,-1,0.0,0,6469,0,2332.9895,0.46,seg_small_optA_r560_acc16_lr1e4
ZAZA-B_008_jpg.rf.92ad451b5359143319a46e599a0239d1.jpg,FP,21,-1,0.0,0,409,0,147.5023,0.46,seg_small_optA_r560_acc16_lr1e4
ZAZA-B_008_jpg.rf.92ad451b5359143319a46e599a0239d1.jpg,FP,25,-1,0.0,0,10066,0,3630.2167,0.46,seg_small_optA_r560_acc16_lr1e4
ZAZA-B_008_jpg.rf.92ad451b5359143319a46e599a0239d1.jpg,FP,27,-1,0.0,0,26219,0,9455.6579,0.46,seg_small_optA_r560_acc16_lr1e4
ZAZA-B_008_jpg.rf.92ad451b5359143319a46e599a0239d1.jpg,FN,-1,12,0.0,4583,0,1652.8197,0,0.46,seg_small_optA_r560_acc16_lr1e4
ZAZA-B_008_jpg.rf.92ad451b5359143319a46e599a0239d1.jpg,FN,-1,13,0.0,5633,0,2031.4932,0,0.46,seg_small_optA_r560_acc16_lr1e4
ZAZA-B_008_jpg.rf.92ad451b5359143319a46e599a0239d1.jpg,FN,-1,14,0.0,6269,0,2260.8612,0,0.46,seg_small_optA_r560_acc16_lr1e4
ZAZA-B_008_jpg.rf.92ad451b5359143319a46e599a0239d1.jpg,FN,-1,24,0.0,59,0,21.2778,0,0.46,seg_small_optA_r560_acc16_lr1e4
ZAZA-B_008_jpg.rf.92ad451b5359143319a46e599a0239d1.jpg,FN,-1,26,0.0,3207,0,1156.5771,0,0.46,seg_small_optA_r560_acc16_lr1e4
ROSILHA-M-G_001_jpg.rf.3dab74a9f6c203f6aca8afc07a353bd2.jpg,TP,6,7,0.975746,2656,2639,957.8637,951.7328,0.46,seg_small_optA_r560_acc16_lr1e4
ROSILHA-M-G_001_jpg.rf.3dab74a9f6c203f6aca8afc07a353bd2.jpg,TP,10,1,0.952818,1507,1473,543.4866,531.2248,0.46,seg_small_optA_r560_acc16_lr1e4
ROSILHA-M-G_001_jpg.rf.3dab74a9f6c203f6aca8afc07a353bd2.jpg,TP,2,8,0.950128,5388,5248,1943.136,1892.6463,0.46,seg_small_optA_r560_acc16_lr1e4
ROSILHA-M-G_001_jpg.rf.3dab74a9f6c203f6aca8afc07a353bd2.jpg,TP,5,13,0.9476,3995,3959,1440.7626,1427.7795,0.46,seg_small_optA_r560_acc16_lr1e4
ROSILHA-M-G_001_jpg.rf.3dab74a9f6c203f6aca8afc07a353bd2.jpg,TP,0,10,0.94581,6925,6612,2497.4419,2384.5612,0.46,seg_small_optA_r560_acc16_lr1e4
ROSILHA-M-G_001_jpg.rf.3dab74a9f6c203f6aca8afc07a353bd2.jpg,TP,1,0,0.944669,3156,3100,1138.1843,1117.9885,0.46,seg_small_optA_r560_acc16_lr1e4
ROSILHA-M-G_001_jpg.rf.3dab74a9f6c203f6aca8afc07a353bd2.jpg,TP,7,9,0.944515,6107,6159,2202.4373,2221.1907,0.46,seg_small_optA_r560_acc16_lr1e4
ROSILHA-M-G_001_jpg.rf.3dab74a9f6c203f6aca8afc07a353bd2.jpg,TP,4,3,0.939875,6119,5980,2206.7649,2156.6358,0.46,seg_small_optA_r560_acc16_lr1e4
ROSILHA-M-G_001_jpg.rf.3dab74a9f6c203f6aca8afc07a353bd2.jpg,TP,21,14,0.934611,7963,7688,2871.7878,2772.6114,0.46,seg_small_optA_r560_acc16_lr1e4
ROSILHA-M-G_001_jpg.rf.3dab74a9f6c203f6aca8afc07a353bd2.jpg,TP,3,11,0.923077,2209,2141,796.657,772.1334,0.46,seg_small_optA_r560_acc16_lr1e4
ROSILHA-M-G_001_jpg.rf.3dab74a9f6c203f6aca8afc07a353bd2.jpg,TP,12,6,0.918501,6132,5897,2211.4533,2126.7026,0.46,seg_small_optA_r560_acc16_lr1e4
ROSILHA-M-G_001_jpg.rf.3dab74a9f6c203f6aca8afc07a353bd2.jpg,TP,8,12,0.911417,1483,1430,534.8312,515.7172,0.46,seg_small_optA_r560_acc16_lr1e4
ROSILHA-M-G_001_jpg.rf.3dab74a9f6c203f6aca8afc07a353bd2.jpg,TP,9,5,0.878579,2876,2570,1037.2048,926.8485,0.46,seg_small_optA_r560_acc16_lr1e4
ROSILHA-M-G_001_jpg.rf.3dab74a9f6c203f6aca8afc07a353bd2.jpg,TP,11,4,0.868983,5004,4354,1804.6497,1570.2328,0.46,seg_small_optA_r560_acc16_lr1e4
ROSILHA-M-G_001_jpg.rf.3dab74a9f6c203f6aca8afc07a353bd2.jpg,TP,14,2,0.8125,559,485,201.5986,174.9111,0.46,seg_small_optA_r560_acc16_lr1e4
ROSILHA-M-G_001_jpg.rf.3dab74a9f6c203f6aca8afc07a353bd2.jpg,TP,15,17,0.769401,451,347,162.6493,125.1426,0.46,seg_small_optA_r560_acc16_lr1e4
ROSILHA-M-G_001_jpg.rf.3dab74a9f6c203f6aca8afc07a353bd2.jpg,TP,13,16,0.608434,830,505,299.3324,182.1239,0.46,seg_small_optA_r560_acc16_lr1e4
ROSILHA-M-G_001_jpg.rf.3dab74a9f6c203f6aca8afc07a353bd2.jpg,TP,20,15,0.581081,2738,1591,987.4363,573.7806,0.46,seg_small_optA_r560_acc16_lr1e4
ROSILHA-M-G_001_jpg.rf.3dab74a9f6c203f6aca8afc07a353bd2.jpg,FP,16,-1,0.0,0,393,0,141.7321,0.46,seg_small_optA_r560_acc16_lr1e4
ROSILHA-M-G_001_jpg.rf.3dab74a9f6c203f6aca8afc07a353bd2.jpg,FP,17,-1,0.0,0,4885,0,1761.7334,0.46,seg_small_optA_r560_acc16_lr1e4
ROSILHA-M-G_001_jpg.rf.3dab74a9f6c203f6aca8afc07a353bd2.jpg,FP,18,-1,0.0,0,2200,0,793.4112,0.46,seg_small_optA_r560_acc16_lr1e4
ROSILHA-M-G_001_jpg.rf.3dab74a9f6c203f6aca8afc07a353bd2.jpg,FP,19,-1,0.0,0,440,0,158.6823,0.46,seg_small_optA_r560_acc16_lr1e4
TORDILHA-B_010_jpg.rf.698124083a3806b10e86f6304c2b5ce1.jpg,TP,7,0,0.98458,1737,1738,626.4342,626.7948,0.46,seg_small_optA_r560_acc16_lr1e4
TORDILHA-B_010_jpg.rf.698124083a3806b10e86f6304c2b5ce1.jpg,TP,3,11,0.970884,12883,12636,4646.1436,4557.0652,0.46,seg_small_optA_r560_acc16_lr1e4
TORDILHA-B_010_jpg.rf.698124083a3806b10e86f6304c2b5ce1.jpg,TP,0,14,0.968135,12209,12312,4403.0713,4440.2174,0.46,seg_small_optA_r560_acc16_lr1e4
TORDILHA-B_010_jpg.rf.698124083a3806b10e86f6304c2b5ce1.jpg,TP,16,18,0.960956,7214,7150,2601.6674,2578.5863,0.46,seg_small_optA_r560_acc16_lr1e4
TORDILHA-B_010_jpg.rf.698124083a3806b10e86f6304c2b5ce1.jpg,TP,29,28,0.957489,7757,7991,2797.4956,2881.8857,0.46,seg_small_optA_r560_acc16_lr1e4
TORDILHA-B_010_jpg.rf.698124083a3806b10e86f6304c2b5ce1.jpg,TP,8,26,0.956533,11384,11347,4105.5421,4092.1984,0.46,seg_small_optA_r560_acc16_lr1e4
TORDILHA-B_010_jpg.rf.698124083a3806b10e86f6304c2b5ce1.jpg,TP,6,13,0.948494,4078,3942,1470.6958,1421.6486,0.46,seg_small_optA_r560_acc16_lr1e4
TORDILHA-B_010_jpg.rf.698124083a3806b10e86f6304c2b5ce1.jpg,TP,1,10,0.945238,9985,10298,3601.0048,3713.8855,0.46,seg_small_optA_r560_acc16_lr1e4
TORDILHA-B_010_jpg.rf.698124083a3806b10e86f6304c2b5ce1.jpg,TP,12,20,0.943202,3238,3194,1167.757,1151.8888,0.46,seg_small_optA_r560_acc16_lr1e4
TORDILHA-B_010_jpg.rf.698124083a3806b10e86f6304c2b5ce1.jpg,TP,15,5,0.938667,3923,4074,1414.7964,1469.2532,0.46,seg_small_optA_r560_acc16_lr1e4
TORDILHA-B_010_jpg.rf.698124083a3806b10e86f6304c2b5ce1.jpg,TP,4,15,0.93798,1677,1604,604.7957,578.4689,0.46,seg_small_optA_r560_acc16_lr1e4
TORDILHA-B_010_jpg.rf.698124083a3806b10e86f6304c2b5ce1.jpg,TP,13,17,0.937005,2585,2550,932.2581,919.6357,0.46,seg_small_optA_r560_acc16_lr1e4
TORDILHA-B_010_jpg.rf.698124083a3806b10e86f6304c2b5ce1.jpg,TP,11,25,0.934345,2904,2959,1047.3028,1067.138,0.46,seg_small_optA_r560_acc16_lr1e4
TORDILHA-B_010_jpg.rf.698124083a3806b10e86f6304c2b5ce1.jpg,TP,5,16,0.932318,6054,6251,2183.3233,2254.3696,0.46,seg_small_optA_r560_acc16_lr1e4
TORDILHA-B_010_jpg.rf.698124083a3806b10e86f6304c2b5ce1.jpg,TP,2,7,0.925722,4048,4015,1459.8765,1447.9753,0.46,seg_small_optA_r560_acc16_lr1e4
TORDILHA-B_010_jpg.rf.698124083a3806b10e86f6304c2b5ce1.jpg,TP,21,1,0.918367,377,375,135.9618,135.2405,0.46,seg_small_optA_r560_acc16_lr1e4
TORDILHA-B_010_jpg.rf.698124083a3806b10e86f6304c2b5ce1.jpg,TP,22,3,0.918294,1283,1370,462.703,494.0787,0.46,seg_small_optA_r560_acc16_lr1e4
TORDILHA-B_010_jpg.rf.698124083a3806b10e86f6304c2b5ce1.jpg,TP,23,2,0.915958,2814,2817,1014.845,1015.9269,0.46,seg_small_optA_r560_acc16_lr1e4
TORDILHA-B_010_jpg.rf.698124083a3806b10e86f6304c2b5ce1.jpg,TP,10,12,0.914342,1984,1927,715.5126,694.9561,0.46,seg_small_optA_r560_acc16_lr1e4
TORDILHA-B_010_jpg.rf.698124083a3806b10e86f6304c2b5ce1.jpg,TP,9,8,0.912698,1201,1209,433.1304,436.0155,0.46,seg_small_optA_r560_acc16_lr1e4
TORDILHA-B_010_jpg.rf.698124083a3806b10e86f6304c2b5ce1.jpg,TP,17,4,0.911648,4813,4837,1735.7672,1744.4227,0.46,seg_small_optA_r560_acc16_lr1e4
TORDILHA-B_010_jpg.rf.698124083a3806b10e86f6304c2b5ce1.jpg,TP,20,30,0.894662,2059,1916,742.5607,690.989,0.46,seg_small_optA_r560_acc16_lr1e4
TORDILHA-B_010_jpg.rf.698124083a3806b10e86f6304c2b5ce1.jpg,TP,19,22,0.892897,857,822,309.0697,296.4472,0.46,seg_small_optA_r560_acc16_lr1e4
TORDILHA-B_010_jpg.rf.698124083a3806b10e86f6304c2b5ce1.jpg,TP,31,27,0.826464,417,425,150.3875,153.2726,0.46,seg_small_optA_r560_acc16_lr1e4
TORDILHA-B_010_jpg.rf.698124083a3806b10e86f6304c2b5ce1.jpg,TP,32,23,0.796772,1161,1288,418.7047,464.5062,0.46,seg_small_optA_r560_acc16_lr1e4
TORDILHA-B_010_jpg.rf.698124083a3806b10e86f6304c2b5ce1.jpg,TP,30,29,0.787879,259,213,93.4061,76.8166,0.46,seg_small_optA_r560_acc16_lr1e4
TORDILHA-B_010_jpg.rf.698124083a3806b10e86f6304c2b5ce1.jpg,TP,24,19,0.656339,2614,3801,942.7167,1370.7981,0.46,seg_small_optA_r560_acc16_lr1e4
TORDILHA-B_010_jpg.rf.698124083a3806b10e86f6304c2b5ce1.jpg,TP,14,9,0.618384,12426,7909,4481.3306,2852.3132,0.46,seg_small_optA_r560_acc16_lr1e4
TORDILHA-B_010_jpg.rf.698124083a3806b10e86f6304c2b5ce1.jpg,TP,26,24,0.532822,10981,6018,3960.2036,2170.3402,0.46,seg_small_optA_r560_acc16_lr1e4
TORDILHA-B_010_jpg.rf.698124083a3806b10e86f6304c2b5ce1.jpg,TP,28,6,0.526803,8229,4474,2967.7184,1613.5098,0.46,seg_small_optA_r560_acc16_lr1e4
TORDILHA-B_010_jpg.rf.698124083a3806b10e86f6304c2b5ce1.jpg,FP,18,-1,0.0,0,4443,0,1602.3299,0.46,seg_small_optA_r560_acc16_lr1e4
TORDILHA-B_010_jpg.rf.698124083a3806b10e86f6304c2b5ce1.jpg,FP,25,-1,0.0,0,3543,0,1277.7526,0.46,seg_small_optA_r560_acc16_lr1e4
TORDILHA-B_010_jpg.rf.698124083a3806b10e86f6304c2b5ce1.jpg,FP,27,-1,0.0,0,4979,0,1795.6337,0.46,seg_small_optA_r560_acc16_lr1e4
TORDILHA-B_010_jpg.rf.698124083a3806b10e86f6304c2b5ce1.jpg,FN,-1,21,0.0,1059,0,381.9193,0,0.46,seg_small_optA_r560_acc16_lr1e4
TOSTADA-G_011_jpg.rf.c0b219a9a6742c565eddfcdb51541b7d.jpg,TP,10,20,0.967998,4373,4298,1577.085,1550.0369,0.46,seg_small_optA_r560_acc16_lr1e4
TOSTADA-G_011_jpg.rf.c0b219a9a6742c565eddfcdb51541b7d.jpg,TP,8,12,0.9627,6091,6064,2196.667,2186.9297,0.46,seg_small_optA_r560_acc16_lr1e4
TOSTADA-G_011_jpg.rf.c0b219a9a6742c565eddfcdb51541b7d.jpg,TP,3,19,0.960032,7302,7263,2633.4038,2619.3388,0.46,seg_small_optA_r560_acc16_lr1e4
TOSTADA-G_011_jpg.rf.c0b219a9a6742c565eddfcdb51541b7d.jpg,TP,0,21,0.959016,7940,7834,2863.493,2825.265,0.46,seg_small_optA_r560_acc16_lr1e4
TOSTADA-G_011_jpg.rf.c0b219a9a6742c565eddfcdb51541b7d.jpg,TP,1,25,0.957748,10608,10289,3825.6843,3710.6398,0.46,seg_small_optA_r560_acc16_lr1e4
TOSTADA-G_011_jpg.rf.c0b219a9a6742c565eddfcdb51541b7d.jpg,TP,5,1,0.954734,6489,6250,2340.2023,2254.009,0.46,seg_small_optA_r560_acc16_lr1e4
TOSTADA-G_011_jpg.rf.c0b219a9a6742c565eddfcdb51541b7d.jpg,TP,2,6,0.952288,8048,7951,2902.4423,2867.4601,0.46,seg_small_optA_r560_acc16_lr1e4
TOSTADA-G_011_jpg.rf.c0b219a9a6742c565eddfcdb51541b7d.jpg,TP,14,0,0.950342,1141,1137,411.4919,410.0493,0.46,seg_small_optA_r560_acc16_lr1e4
TOSTADA-G_011_jpg.rf.c0b219a9a6742c565eddfcdb51541b7d.jpg,TP,4,11,0.950252,4668,4623,1683.4742,1667.2454,0.46,seg_small_optA_r560_acc16_lr1e4
TOSTADA-G_011_jpg.rf.c0b219a9a6742c565eddfcdb51541b7d.jpg,TP,9,26,0.946135,5366,5184,1935.202,1869.5652,0.46,seg_small_optA_r560_acc16_lr1e4
TOSTADA-G_011_jpg.rf.c0b219a9a6742c565eddfcdb51541b7d.jpg,TP,11,3,0.944667,2900,2934,1045.8602,1058.122,0.46,seg_small_optA_r560_acc16_lr1e4
TOSTADA-G_011_jpg.rf.c0b219a9a6742c565eddfcdb51541b7d.jpg,TP,6,10,0.942723,12843,12358,4631.718,4456.8069,0.46,seg_small_optA_r560_acc16_lr1e4
TOSTADA-G_011_jpg.rf.c0b219a9a6742c565eddfcdb51541b7d.jpg,TP,12,13,0.940319,2140,2119,771.7727,764.1992,0.46,seg_small_optA_r560_acc16_lr1e4
TOSTADA-G_011_jpg.rf.c0b219a9a6742c565eddfcdb51541b7d.jpg,TP,22,4,0.929213,871,846,314.1187,305.1026,0.46,seg_small_optA_r560_acc16_lr1e4
TOSTADA-G_011_jpg.rf.c0b219a9a6742c565eddfcdb51541b7d.jpg,TP,19,28,0.927083,850,815,306.5452,293.9228,0.46,seg_small_optA_r560_acc16_lr1e4
TOSTADA-G_011_jpg.rf.c0b219a9a6742c565eddfcdb51541b7d.jpg,TP,7,9,0.922276,1246,1153,449.3592,415.8196,0.46,seg_small_optA_r560_acc16_lr1e4
TOSTADA-G_011_jpg.rf.c0b219a9a6742c565eddfcdb51541b7d.jpg,TP,17,2,0.920415,834,831,300.775,299.693,0.46,seg_small_optA_r560_acc16_lr1e4
TOSTADA-G_011_jpg.rf.c0b219a9a6742c565eddfcdb51541b7d.jpg,TP,18,15,0.917034,1114,1058,401.7545,381.5587,0.46,seg_small_optA_r560_acc16_lr1e4
TOSTADA-G_011_jpg.rf.c0b219a9a6742c565eddfcdb51541b7d.jpg,TP,20,7,0.912442,216,199,77.8986,71.7677,0.46,seg_small_optA_r560_acc16_lr1e4
TOSTADA-G_011_jpg.rf.c0b219a9a6742c565eddfcdb51541b7d.jpg,TP,13,18,0.899682,2773,2605,1000.0587,939.471,0.46,seg_small_optA_r560_acc16_lr1e4
TOSTADA-G_011_jpg.rf.c0b219a9a6742c565eddfcdb51541b7d.jpg,TP,16,29,0.893588,731,657,263.6289,236.9414,0.46,seg_small_optA_r560_acc16_lr1e4
TOSTADA-G_011_jpg.rf.c0b219a9a6742c565eddfcdb51541b7d.jpg,TP,21,8,0.888889,735,710,265.0714,256.0554,0.46,seg_small_optA_r560_acc16_lr1e4
TOSTADA-G_011_jpg.rf.c0b219a9a6742c565eddfcdb51541b7d.jpg,TP,24,27,0.883972,1015,901,366.0511,324.9379,0.46,seg_small_optA_r560_acc16_lr1e4
TOSTADA-G_011_jpg.rf.c0b219a9a6742c565eddfcdb51541b7d.jpg,TP,25,16,0.864734,414,358,149.3056,129.1096,0.46,seg_small_optA_r560_acc16_lr1e4
TOSTADA-G_011_jpg.rf.c0b219a9a6742c565eddfcdb51541b7d.jpg,TP,15,17,0.680988,20758,14299,7486.195,5156.8119,0.46,seg_small_optA_r560_acc16_lr1e4
TOSTADA-G_011_jpg.rf.c0b219a9a6742c565eddfcdb51541b7d.jpg,TP,29,5,0.673898,37764,25742,13619.2633,9283.6319,0.46,seg_small_optA_r560_acc16_lr1e4
TOSTADA-G_011_jpg.rf.c0b219a9a6742c565eddfcdb51541b7d.jpg,TP,28,14,0.631068,103,65,37.1461,23.4417,0.46,seg_small_optA_r560_acc16_lr1e4
TOSTADA-G_011_jpg.rf.c0b219a9a6742c565eddfcdb51541b7d.jpg,TP,26,22,0.600387,11141,17794,4017.9062,6417.2537,0.46,seg_small_optA_r560_acc16_lr1e4
TOSTADA-G_011_jpg.rf.c0b219a9a6742c565eddfcdb51541b7d.jpg,FP,23,-1,0.0,0,4505,0,1624.6897,0.46,seg_small_optA_r560_acc16_lr1e4
TOSTADA-G_011_jpg.rf.c0b219a9a6742c565eddfcdb51541b7d.jpg,FP,27,-1,0.0,0,10051,0,3624.8071,0.46,seg_small_optA_r560_acc16_lr1e4
TOSTADA-G_011_jpg.rf.c0b219a9a6742c565eddfcdb51541b7d.jpg,FN,-1,23,0.0,31,0,11.1799,0,0.46,seg_small_optA_r560_acc16_lr1e4
TOSTADA-G_011_jpg.rf.c0b219a9a6742c565eddfcdb51541b7d.jpg,FN,-1,24,0.0,7170,0,2585.7991,0,0.46,seg_small_optA_r560_acc16_lr1e4
ROSILHA-M-B_003_jpg.rf.863a24cebe30a134937348de5cbcaa87.jpg,TP,0,8,0.963788,11645,11728,4199.6696,4229.6028,0.46,seg_small_optA_r560_acc16_lr1e4
ROSILHA-M-B_003_jpg.rf.863a24cebe30a134937348de5cbcaa87.jpg,TP,4,5,0.960093,16242,16666,5857.5382,6010.4502,0.46,seg_small_optA_r560_acc16_lr1e4
ROSILHA-M-B_003_jpg.rf.863a24cebe30a134937348de5cbcaa87.jpg,TP,2,0,0.958261,13076,12963,4715.7475,4674.995,0.46,seg_small_optA_r560_acc16_lr1e4
ROSILHA-M-B_003_jpg.rf.863a24cebe30a134937348de5cbcaa87.jpg,TP,10,19,0.956416,34119,34156,12304.7253,12318.069,0.46,seg_small_optA_r560_acc16_lr1e4
ROSILHA-M-B_003_jpg.rf.863a24cebe30a134937348de5cbcaa87.jpg,TP,5,10,0.948843,3976,4024,1433.9104,1451.2211,0.46,seg_small_optA_r560_acc16_lr1e4
ROSILHA-M-B_003_jpg.rf.863a24cebe30a134937348de5cbcaa87.jpg,TP,1,9,0.942508,5363,5449,1934.12,1965.1352,0.46,seg_small_optA_r560_acc16_lr1e4
ROSILHA-M-B_003_jpg.rf.863a24cebe30a134937348de5cbcaa87.jpg,TP,11,1,0.926684,2822,3012,1017.7301,1086.252,0.46,seg_small_optA_r560_acc16_lr1e4
ROSILHA-M-B_003_jpg.rf.863a24cebe30a134937348de5cbcaa87.jpg,TP,8,12,0.920359,4943,4895,1782.6506,1765.3399,0.46,seg_small_optA_r560_acc16_lr1e4
ROSILHA-M-B_003_jpg.rf.863a24cebe30a134937348de5cbcaa87.jpg,TP,7,15,0.904505,1621,1550,584.5998,558.9942,0.46,seg_small_optA_r560_acc16_lr1e4
ROSILHA-M-B_003_jpg.rf.863a24cebe30a134937348de5cbcaa87.jpg,TP,13,7,0.875125,887,990,319.889,357.0351,0.46,seg_small_optA_r560_acc16_lr1e4
ROSILHA-M-B_003_jpg.rf.863a24cebe30a134937348de5cbcaa87.jpg,TP,6,17,0.873765,15095,13924,5443.8825,5021.5714,0.46,seg_small_optA_r560_acc16_lr1e4
ROSILHA-M-B_003_jpg.rf.863a24cebe30a134937348de5cbcaa87.jpg,TP,3,6,0.835291,15321,12959,5525.3875,4673.5524,0.46,seg_small_optA_r560_acc16_lr1e4
ROSILHA-M-B_003_jpg.rf.863a24cebe30a134937348de5cbcaa87.jpg,TP,21,4,0.82974,3825,4493,1379.4535,1620.362,0.46,seg_small_optA_r560_acc16_lr1e4
ROSILHA-M-B_003_jpg.rf.863a24cebe30a134937348de5cbcaa87.jpg,TP,15,13,0.630835,2117,2495,763.4779,899.8004,0.46,seg_small_optA_r560_acc16_lr1e4
ROSILHA-M-B_003_jpg.rf.863a24cebe30a134937348de5cbcaa87.jpg,TP,16,16,0.545359,7047,12151,2541.4402,4382.1542,0.46,seg_small_optA_r560_acc16_lr1e4
ROSILHA-M-B_003_jpg.rf.863a24cebe30a134937348de5cbcaa87.jpg,TP,17,11,0.507059,27873,14507,10052.1588,5231.8253,0.46,seg_small_optA_r560_acc16_lr1e4
ROSILHA-M-B_003_jpg.rf.863a24cebe30a134937348de5cbcaa87.jpg,FP,9,-1,0.0,0,2169,0,782.2312,0.46,seg_small_optA_r560_acc16_lr1e4
ROSILHA-M-B_003_jpg.rf.863a24cebe30a134937348de5cbcaa87.jpg,FP,12,-1,0.0,0,15144,0,5461.5539,0.46,seg_small_optA_r560_acc16_lr1e4
ROSILHA-M-B_003_jpg.rf.863a24cebe30a134937348de5cbcaa87.jpg,FP,14,-1,0.0,0,6239,0,2250.0419,0.46,seg_small_optA_r560_acc16_lr1e4
ROSILHA-M-B_003_jpg.rf.863a24cebe30a134937348de5cbcaa87.jpg,FP,18,-1,0.0,0,9204,0,3319.3438,0.46,seg_small_optA_r560_acc16_lr1e4
ROSILHA-M-B_003_jpg.rf.863a24cebe30a134937348de5cbcaa87.jpg,FP,19,-1,0.0,0,2957,0,1066.4168,0.46,seg_small_optA_r560_acc16_lr1e4
ROSILHA-M-B_003_jpg.rf.863a24cebe30a134937348de5cbcaa87.jpg,FP,20,-1,0.0,0,1053,0,379.7554,0.46,seg_small_optA_r560_acc16_lr1e4
ROSILHA-M-B_003_jpg.rf.863a24cebe30a134937348de5cbcaa87.jpg,FN,-1,2,0.0,7715,0,2782.3487,0,0.46,seg_small_optA_r560_acc16_lr1e4
ROSILHA-M-B_003_jpg.rf.863a24cebe30a134937348de5cbcaa87.jpg,FN,-1,3,0.0,5602,0,2020.3133,0,0.46,seg_small_optA_r560_acc16_lr1e4
ROSILHA-M-B_003_jpg.rf.863a24cebe30a134937348de5cbcaa87.jpg,FN,-1,14,0.0,616,0,222.1551,0,0.46,seg_small_optA_r560_acc16_lr1e4
ROSILHA-M-B_003_jpg.rf.863a24cebe30a134937348de5cbcaa87.jpg,FN,-1,18,0.0,5112,0,1843.5991,0,0.46,seg_small_optA_r560_acc16_lr1e4
ZAZA-G_012_jpg.rf.b65fca463e4411032a599acd7494f06d.jpg,TP,3,7,0.970158,4903,4802,1768.225,1731.8002,0.46,seg_small_optA_r560_acc16_lr1e4
ZAZA-G_012_jpg.rf.b65fca463e4411032a599acd7494f06d.jpg,TP,21,11,0.965073,13173,13045,4750.7297,4704.5676,0.46,seg_small_optA_r560_acc16_lr1e4
ZAZA-G_012_jpg.rf.b65fca463e4411032a599acd7494f06d.jpg,TP,4,16,0.964945,3177,3101,1145.7579,1118.3491,0.46,seg_small_optA_r560_acc16_lr1e4
ZAZA-G_012_jpg.rf.b65fca463e4411032a599acd7494f06d.jpg,TP,17,1,0.956076,665,671,239.8266,241.9904,0.46,seg_small_optA_r560_acc16_lr1e4
ZAZA-G_012_jpg.rf.b65fca463e4411032a599acd7494f06d.jpg,TP,30,19,0.954927,2578,2540,929.7337,916.0292,0.46,seg_small_optA_r560_acc16_lr1e4
ZAZA-G_012_jpg.rf.b65fca463e4411032a599acd7494f06d.jpg,TP,10,10,0.953116,8569,8261,3090.3365,2979.2589,0.46,seg_small_optA_r560_acc16_lr1e4
ZAZA-G_012_jpg.rf.b65fca463e4411032a599acd7494f06d.jpg,TP,18,15,0.95134,1824,1745,657.81,629.3193,0.46,seg_small_optA_r560_acc16_lr1e4
ZAZA-G_012_jpg.rf.b65fca463e4411032a599acd7494f06d.jpg,TP,1,24,0.948724,4100,3995,1478.6299,1440.7626,0.46,seg_small_optA_r560_acc16_lr1e4
ZAZA-G_012_jpg.rf.b65fca463e4411032a599acd7494f06d.jpg,TP,15,29,0.948148,532,520,191.8612,187.5335,0.46,seg_small_optA_r560_acc16_lr1e4
ZAZA-G_012_jpg.rf.b65fca463e4411032a599acd7494f06d.jpg,TP,0,28,0.944939,3694,3512,1332.2095,1266.5727,0.46,seg_small_optA_r560_acc16_lr1e4
ZAZA-G_012_jpg.rf.b65fca463e4411032a599acd7494f06d.jpg,TP,9,31,0.944313,2957,2804,1066.4168,1011.2386,0.46,seg_small_optA_r560_acc16_lr1e4
ZAZA-G_012_jpg.rf.b65fca463e4411032a599acd7494f06d.jpg,TP,22,23,0.943037,6815,6454,2457.7714,2327.5798,0.46,seg_small_optA_r560_acc16_lr1e4
ZAZA-G_012_jpg.rf.b65fca463e4411032a599acd7494f06d.jpg,TP,28,18,0.941812,6625,6323,2389.2495,2280.3358,0.46,seg_small_optA_r560_acc16_lr1e4
ZAZA-G_012_jpg.rf.b65fca463e4411032a599acd7494f06d.jpg,TP,11,20,0.940881,4570,4327,1648.1314,1560.4955,0.46,seg_small_optA_r560_acc16_lr1e4
ZAZA-G_012_jpg.rf.b65fca463e4411032a599acd7494f06d.jpg,TP,6,27,0.9408,5401,5221,1947.8244,1882.909,0.46,seg_small_optA_r560_acc16_lr1e4
ZAZA-G_012_jpg.rf.b65fca463e4411032a599acd7494f06d.jpg,TP,16,12,0.937322,11864,11318,4278.65,4081.7398,0.46,seg_small_optA_r560_acc16_lr1e4
ZAZA-G_012_jpg.rf.b65fca463e4411032a599acd7494f06d.jpg,TP,13,25,0.93465,1274,1272,459.4572,458.7359,0.46,seg_small_optA_r560_acc16_lr1e4
ZAZA-G_012_jpg.rf.b65fca463e4411032a599acd7494f06d.jpg,TP,2,2,0.933286,6805,6699,2454.165,2415.937,0.46,seg_small_optA_r560_acc16_lr1e4
ZAZA-G_012_jpg.rf.b65fca463e4411032a599acd7494f06d.jpg,TP,31,5,0.928571,2492,2503,898.7185,902.6855,0.46,seg_small_optA_r560_acc16_lr1e4
ZAZA-G_012_jpg.rf.b65fca463e4411032a599acd7494f06d.jpg,TP,7,21,0.92313,2877,2702,1037.5654,974.4531,0.46,seg_small_optA_r560_acc16_lr1e4
ZAZA-G_012_jpg.rf.b65fca463e4411032a599acd7494f06d.jpg,TP,23,22,0.92277,6770,6251,2441.5425,2254.3696,0.46,seg_small_optA_r560_acc16_lr1e4
ZAZA-G_012_jpg.rf.b65fca463e4411032a599acd7494f06d.jpg,TP,5,26,0.919062,3386,3158,1221.1319,1138.9056,0.46,seg_small_optA_r560_acc16_lr1e4
ZAZA-G_012_jpg.rf.b65fca463e4411032a599acd7494f06d.jpg,TP,24,6,0.912942,7018,6979,2530.9816,2516.9166,0.46,seg_small_optA_r560_acc16_lr1e4
ZAZA-G_012_jpg.rf.b65fca463e4411032a599acd7494f06d.jpg,TP,12,8,0.906527,3658,3644,1319.2264,1314.1774,0.46,seg_small_optA_r560_acc16_lr1e4
ZAZA-G_012_jpg.rf.b65fca463e4411032a599acd7494f06d.jpg,TP,14,9,0.906483,5756,5477,2075.8521,1975.2332,0.46,seg_small_optA_r560_acc16_lr1e4
ZAZA-G_012_jpg.rf.b65fca463e4411032a599acd7494f06d.jpg,TP,8,32,0.841518,7756,8407,2797.135,3031.9126,0.46,seg_small_optA_r560_acc16_lr1e4
ZAZA-G_012_jpg.rf.b65fca463e4411032a599acd7494f06d.jpg,TP,26,13,0.827946,4857,5491,1751.6354,1980.2821,0.46,seg_small_optA_r560_acc16_lr1e4
ZAZA-G_012_jpg.rf.b65fca463e4411032a599acd7494f06d.jpg,TP,29,17,0.795082,116,103,41.8344,37.1461,0.46,seg_small_optA_r560_acc16_lr1e4
ZAZA-G_012_jpg.rf.b65fca463e4411032a599acd7494f06d.jpg,TP,19,34,0.537767,15321,8356,5525.3875,3013.5199,0.46,seg_small_optA_r560_acc16_lr1e4
ZAZA-G_012_jpg.rf.b65fca463e4411032a599acd7494f06d.jpg,TP,27,0,0.525408,4280,2354,1543.5453,848.95,0.46,seg_small_optA_r560_acc16_lr1e4
ZAZA-G_012_jpg.rf.b65fca463e4411032a599acd7494f06d.jpg,FP,20,-1,0.0,0,6444,0,2323.9734,0.46,seg_small_optA_r560_acc16_lr1e4
ZAZA-G_012_jpg.rf.b65fca463e4411032a599acd7494f06d.jpg,FP,25,-1,0.0,0,1976,0,712.6275,0.46,seg_small_optA_r560_acc16_lr1e4
ZAZA-G_012_jpg.rf.b65fca463e4411032a599acd7494f06d.jpg,FP,32,-1,0.0,0,8809,0,3176.8904,0.46,seg_small_optA_r560_acc16_lr1e4
ZAZA-G_012_jpg.rf.b65fca463e4411032a599acd7494f06d.jpg,FN,-1,3,0.0,25,0,9.016,0,0.46,seg_small_optA_r560_acc16_lr1e4
ZAZA-G_012_jpg.rf.b65fca463e4411032a599acd7494f06d.jpg,FN,-1,4,0.0,30,0,10.8192,0,0.46,seg_small_optA_r560_acc16_lr1e4
ZAZA-G_012_jpg.rf.b65fca463e4411032a599acd7494f06d.jpg,FN,-1,14,0.0,811,0,292.4802,0,0.46,seg_small_optA_r560_acc16_lr1e4
ZAZA-G_012_jpg.rf.b65fca463e4411032a599acd7494f06d.jpg,FN,-1,30,0.0,16,0,5.7702,0,0.46,seg_small_optA_r560_acc16_lr1e4
ZAZA-G_012_jpg.rf.b65fca463e4411032a599acd7494f06d.jpg,FN,-1,33,0.0,1135,0,409.3281,0,0.46,seg_small_optA_r560_acc16_lr1e4
TORDILHA-G_009_jpg.rf.b279af9f6892d54790621c0f5458daf3.jpg,TP,6,11,0.958859,3908,3853,1409.3868,1389.5514,0.46,seg_small_optA_r560_acc16_lr1e4
TORDILHA-G_009_jpg.rf.b279af9f6892d54790621c0f5458daf3.jpg,TP,4,16,0.956748,3818,3692,1376.929,1331.4882,0.46,seg_small_optA_r560_acc16_lr1e4
TORDILHA-G_009_jpg.rf.b279af9f6892d54790621c0f5458daf3.jpg,TP,18,10,0.951142,1850,1824,667.1867,657.81,0.46,seg_small_optA_r560_acc16_lr1e4
TORDILHA-G_009_jpg.rf.b279af9f6892d54790621c0f5458daf3.jpg,TP,17,25,0.947926,3214,3220,1159.1016,1161.2654,0.46,seg_small_optA_r560_acc16_lr1e4
TORDILHA-G_009_jpg.rf.b279af9f6892d54790621c0f5458daf3.jpg,TP,7,8,0.94323,8308,8225,2996.209,2966.2758,0.46,seg_small_optA_r560_acc16_lr1e4
TORDILHA-G_009_jpg.rf.b279af9f6892d54790621c0f5458daf3.jpg,TP,1,28,0.939541,9466,9365,3413.8318,3377.4071,0.46,seg_small_optA_r560_acc16_lr1e4
TORDILHA-G_009_jpg.rf.b279af9f6892d54790621c0f5458daf3.jpg,TP,8,17,0.936751,1482,1427,534.4706,514.6354,0.46,seg_small_optA_r560_acc16_lr1e4
TORDILHA-G_009_jpg.rf.b279af9f6892d54790621c0f5458daf3.jpg,TP,34,4,0.936648,3487,3330,1257.5567,1200.936,0.46,seg_small_optA_r560_acc16_lr1e4
TORDILHA-G_009_jpg.rf.b279af9f6892d54790621c0f5458daf3.jpg,TP,20,1,0.93659,3071,2915,1107.5298,1051.2698,0.46,seg_small_optA_r560_acc16_lr1e4
TORDILHA-G_009_jpg.rf.b279af9f6892d54790621c0f5458daf3.jpg,TP,9,22,0.93206,2193,2158,790.8867,778.2643,0.46,seg_small_optA_r560_acc16_lr1e4
TORDILHA-G_009_jpg.rf.b279af9f6892d54790621c0f5458daf3.jpg,TP,12,13,0.931476,3063,2969,1104.6447,1070.7444,0.46,seg_small_optA_r560_acc16_lr1e4
TORDILHA-G_009_jpg.rf.b279af9f6892d54790621c0f5458daf3.jpg,TP,2,36,0.930751,2046,1941,737.8724,700.005,0.46,seg_small_optA_r560_acc16_lr1e4
TORDILHA-G_009_jpg.rf.b279af9f6892d54790621c0f5458daf3.jpg,TP,14,2,0.92955,3946,3942,1423.0911,1421.6486,0.46,seg_small_optA_r560_acc16_lr1e4
TORDILHA-G_009_jpg.rf.b279af9f6892d54790621c0f5458daf3.jpg,TP,23,12,0.926579,2028,1908,731.3809,688.1039,0.46,seg_small_optA_r560_acc16_lr1e4
TORDILHA-G_009_jpg.rf.b279af9f6892d54790621c0f5458daf3.jpg,TP,5,3,0.924473,6056,5818,2184.0446,2098.2119,0.46,seg_small_optA_r560_acc16_lr1e4
TORDILHA-G_009_jpg.rf.b279af9f6892d54790621c0f5458daf3.jpg,TP,3,20,0.915553,2086,1929,752.298,695.6773,0.46,seg_small_optA_r560_acc16_lr1e4
TORDILHA-G_009_jpg.rf.b279af9f6892d54790621c0f5458daf3.jpg,TP,15,5,0.915407,2355,2332,849.3106,841.0158,0.46,seg_small_optA_r560_acc16_lr1e4
TORDILHA-G_009_jpg.rf.b279af9f6892d54790621c0f5458daf3.jpg,TP,11,14,0.915385,6701,6496,2416.6583,2342.7267,0.46,seg_small_optA_r560_acc16_lr1e4
TORDILHA-G_009_jpg.rf.b279af9f6892d54790621c0f5458daf3.jpg,TP,21,7,0.910911,3692,3751,1331.4882,1352.766,0.46,seg_small_optA_r560_acc16_lr1e4
TORDILHA-G_009_jpg.rf.b279af9f6892d54790621c0f5458daf3.jpg,TP,28,34,0.905922,3618,3655,1304.8007,1318.1444,0.46,seg_small_optA_r560_acc16_lr1e4
TORDILHA-G_009_jpg.rf.b279af9f6892d54790621c0f5458daf3.jpg,TP,0,29,0.905233,3032,2939,1093.4649,1059.9252,0.46,seg_small_optA_r560_acc16_lr1e4
TORDILHA-G_009_jpg.rf.b279af9f6892d54790621c0f5458daf3.jpg,TP,10,32,0.899748,1515,1498,546.3718,540.2409,0.46,seg_small_optA_r560_acc16_lr1e4
TORDILHA-G_009_jpg.rf.b279af9f6892d54790621c0f5458daf3.jpg,TP,24,24,0.898489,1543,1599,556.4697,576.6657,0.46,seg_small_optA_r560_acc16_lr1e4
TORDILHA-G_009_jpg.rf.b279af9f6892d54790621c0f5458daf3.jpg,TP,16,23,0.893576,1928,2022,695.3167,729.217,0.46,seg_small_optA_r560_acc16_lr1e4
TORDILHA-G_009_jpg.rf.b279af9f6892d54790621c0f5458daf3.jpg,TP,19,21,0.881126,937,867,337.921,312.6761,0.46,seg_small_optA_r560_acc16_lr1e4
TORDILHA-G_009_jpg.rf.b279af9f6892d54790621c0f5458daf3.jpg,TP,29,9,0.878264,2608,2499,940.5528,901.243,0.46,seg_small_optA_r560_acc16_lr1e4
TORDILHA-G_009_jpg.rf.b279af9f6892d54790621c0f5458daf3.jpg,TP,31,31,0.844677,16661,19087,6008.647,6883.5632,0.46,seg_small_optA_r560_acc16_lr1e4
TORDILHA-G_009_jpg.rf.b279af9f6892d54790621c0f5458daf3.jpg,TP,22,35,0.796209,6245,7399,2252.2058,2668.386,0.46,seg_small_optA_r560_acc16_lr1e4
TORDILHA-G_009_jpg.rf.b279af9f6892d54790621c0f5458daf3.jpg,TP,13,27,0.65599,11541,7589,4162.1629,2736.9079,0.46,seg_small_optA_r560_acc16_lr1e4
TORDILHA-G_009_jpg.rf.b279af9f6892d54790621c0f5458daf3.jpg,TP,27,0,0.553937,8492,4732,3062.5671,1706.5553,0.46,seg_small_optA_r560_acc16_lr1e4
TORDILHA-G_009_jpg.rf.b279af9f6892d54790621c0f5458daf3.jpg,TP,25,15,0.553777,1374,2411,495.5213,869.5065,0.46,seg_small_optA_r560_acc16_lr1e4
TORDILHA-G_009_jpg.rf.b279af9f6892d54790621c0f5458daf3.jpg,TP,32,6,0.529863,5377,8199,1939.169,2956.8992,0.46,seg_small_optA_r560_acc16_lr1e4
TORDILHA-G_009_jpg.rf.b279af9f6892d54790621c0f5458daf3.jpg,TP,26,19,0.504392,3399,6363,1225.8202,2294.7615,0.46,seg_small_optA_r560_acc16_lr1e4
TORDILHA-G_009_jpg.rf.b279af9f6892d54790621c0f5458daf3.jpg,FP,30,-1,0.0,0,3000,0,1081.9243,0.46,seg_small_optA_r560_acc16_lr1e4
TORDILHA-G_009_jpg.rf.b279af9f6892d54790621c0f5458daf3.jpg,FP,33,-1,0.0,0,351,0,126.5851,0.46,seg_small_optA_r560_acc16_lr1e4
TORDILHA-G_009_jpg.rf.b279af9f6892d54790621c0f5458daf3.jpg,FN,-1,18,0.0,3130,0,1128.8077,0,0.46,seg_small_optA_r560_acc16_lr1e4
TORDILHA-G_009_jpg.rf.b279af9f6892d54790621c0f5458daf3.jpg,FN,-1,26,0.0,815,0,293.9228,0,0.46,seg_small_optA_r560_acc16_lr1e4
TORDILHA-G_009_jpg.rf.b279af9f6892d54790621c0f5458daf3.jpg,FN,-1,30,0.0,2225,0,802.4272,0,0.46,seg_small_optA_r560_acc16_lr1e4
TORDILHA-G_009_jpg.rf.b279af9f6892d54790621c0f5458daf3.jpg,FN,-1,33,0.0,1345,0,485.0627,0,0.46,seg_small_optA_r560_acc16_lr1e4
TP-G_010_jpg.rf.5c8b394cdec2d68bae00b4eb6679ec08.jpg,TP,10,0,0.974806,2037,2039,734.6266,735.3479,0.46,seg_small_optA_r560_acc16_lr1e4
TP-G_010_jpg.rf.5c8b394cdec2d68bae00b4eb6679ec08.jpg,TP,1,22,0.96901,7255,7168,2616.4536,2585.0778,0.46,seg_small_optA_r560_acc16_lr1e4
TP-G_010_jpg.rf.5c8b394cdec2d68bae00b4eb6679ec08.jpg,TP,31,13,0.960005,15443,14990,5569.3857,5406.0152,0.46,seg_small_optA_r560_acc16_lr1e4
TP-G_010_jpg.rf.5c8b394cdec2d68bae00b4eb6679ec08.jpg,TP,9,23,0.953099,1160,1172,418.3441,422.6718,0.46,seg_small_optA_r560_acc16_lr1e4
TP-G_010_jpg.rf.5c8b394cdec2d68bae00b4eb6679ec08.jpg,TP,30,1,0.951522,5255,5131,1895.1708,1850.4512,0.46,seg_small_optA_r560_acc16_lr1e4
TP-G_010_jpg.rf.5c8b394cdec2d68bae00b4eb6679ec08.jpg,TP,15,5,0.950254,1709,1741,616.3362,627.8767,0.46,seg_small_optA_r560_acc16_lr1e4
TP-G_010_jpg.rf.5c8b394cdec2d68bae00b4eb6679ec08.jpg,TP,4,6,0.947003,5123,4980,1847.5661,1795.9944,0.46,seg_small_optA_r560_acc16_lr1e4
TP-G_010_jpg.rf.5c8b394cdec2d68bae00b4eb6679ec08.jpg,TP,0,10,0.945446,5940,5828,2142.2101,2101.8183,0.46,seg_small_optA_r560_acc16_lr1e4
TP-G_010_jpg.rf.5c8b394cdec2d68bae00b4eb6679ec08.jpg,TP,18,34,0.94463,2903,2927,1046.9421,1055.5975,0.46,seg_small_optA_r560_acc16_lr1e4
TP-G_010_jpg.rf.5c8b394cdec2d68bae00b4eb6679ec08.jpg,TP,19,19,0.943259,13797,13978,4975.7699,5041.046,0.46,seg_small_optA_r560_acc16_lr1e4
TP-G_010_jpg.rf.5c8b394cdec2d68bae00b4eb6679ec08.jpg,TP,7,36,0.942685,1923,1941,693.5135,700.005,0.46,seg_small_optA_r560_acc16_lr1e4
TP-G_010_jpg.rf.5c8b394cdec2d68bae00b4eb6679ec08.jpg,TP,13,8,0.942339,594,585,214.221,210.9753,0.46,seg_small_optA_r560_acc16_lr1e4
TP-G_010_jpg.rf.5c8b394cdec2d68bae00b4eb6679ec08.jpg,TP,2,7,0.940699,19872,19072,7166.6666,6878.1535,0.46,seg_small_optA_r560_acc16_lr1e4
TP-G_010_jpg.rf.5c8b394cdec2d68bae00b4eb6679ec08.jpg,TP,3,24,0.938991,2852,2837,1028.5494,1023.1398,0.46,seg_small_optA_r560_acc16_lr1e4
TP-G_010_jpg.rf.5c8b394cdec2d68bae00b4eb6679ec08.jpg,TP,17,11,0.933903,2179,2122,785.8377,765.2811,0.46,seg_small_optA_r560_acc16_lr1e4
TP-G_010_jpg.rf.5c8b394cdec2d68bae00b4eb6679ec08.jpg,TP,11,29,0.931122,3436,3433,1239.164,1238.082,0.46,seg_small_optA_r560_acc16_lr1e4
TP-G_010_jpg.rf.5c8b394cdec2d68bae00b4eb6679ec08.jpg,TP,25,18,0.929134,633,592,228.286,213.4997,0.46,seg_small_optA_r560_acc16_lr1e4
TP-G_010_jpg.rf.5c8b394cdec2d68bae00b4eb6679ec08.jpg,TP,26,28,0.928272,2509,2545,904.8494,917.8325,0.46,seg_small_optA_r560_acc16_lr1e4
TP-G_010_jpg.rf.5c8b394cdec2d68bae00b4eb6679ec08.jpg,TP,16,9,0.925105,904,921,326.0199,332.1508,0.46,seg_small_optA_r560_acc16_lr1e4
TP-G_010_jpg.rf.5c8b394cdec2d68bae00b4eb6679ec08.jpg,TP,27,12,0.924328,5165,5007,1862.713,1805.7317,0.46,seg_small_optA_r560_acc16_lr1e4
TP-G_010_jpg.rf.5c8b394cdec2d68bae00b4eb6679ec08.jpg,TP,8,21,0.922323,2637,2659,951.0115,958.9456,0.46,seg_small_optA_r560_acc16_lr1e4
TP-G_010_jpg.rf.5c8b394cdec2d68bae00b4eb6679ec08.jpg,TP,24,20,0.920217,1272,1207,458.7359,435.2942,0.46,seg_small_optA_r560_acc16_lr1e4
TP-G_010_jpg.rf.5c8b394cdec2d68bae00b4eb6679ec08.jpg,TP,22,32,0.913131,909,985,327.8231,355.2318,0.46,seg_small_optA_r560_acc16_lr1e4
TP-G_010_jpg.rf.5c8b394cdec2d68bae00b4eb6679ec08.jpg,TP,23,3,0.912757,1165,1159,420.1472,417.9834,0.46,seg_small_optA_r560_acc16_lr1e4
TP-G_010_jpg.rf.5c8b394cdec2d68bae00b4eb6679ec08.jpg,TP,12,33,0.912664,2032,1910,732.8234,688.8252,0.46,seg_small_optA_r560_acc16_lr1e4
TP-G_010_jpg.rf.5c8b394cdec2d68bae00b4eb6679ec08.jpg,TP,6,25,0.911127,1329,1316,479.2925,474.6042,0.46,seg_small_optA_r560_acc16_lr1e4
TP-G_010_jpg.rf.5c8b394cdec2d68bae00b4eb6679ec08.jpg,TP,21,17,0.903727,613,613,221.0732,221.0732,0.46,seg_small_optA_r560_acc16_lr1e4
TP-G_010_jpg.rf.5c8b394cdec2d68bae00b4eb6679ec08.jpg,TP,20,31,0.892891,1038,959,374.3458,345.8551,0.46,seg_small_optA_r560_acc16_lr1e4
TP-G_010_jpg.rf.5c8b394cdec2d68bae00b4eb6679ec08.jpg,TP,14,16,0.892019,1063,952,383.3618,343.3306,0.46,seg_small_optA_r560_acc16_lr1e4
TP-G_010_jpg.rf.5c8b394cdec2d68bae00b4eb6679ec08.jpg,TP,5,30,0.880737,2500,2704,901.6036,975.1744,0.46,seg_small_optA_r560_acc16_lr1e4
TP-G_010_jpg.rf.5c8b394cdec2d68bae00b4eb6679ec08.jpg,TP,29,4,0.698113,159,111,57.342,40.0312,0.46,seg_small_optA_r560_acc16_lr1e4
TP-G_010_jpg.rf.5c8b394cdec2d68bae00b4eb6679ec08.jpg,TP,28,27,0.664038,4889,6929,1763.176,2498.8845,0.46,seg_small_optA_r560_acc16_lr1e4
TP-G_010_jpg.rf.5c8b394cdec2d68bae00b4eb6679ec08.jpg,FP,32,-1,0.0,0,2131,0,768.5269,0.46,seg_small_optA_r560_acc16_lr1e4
TP-G_010_jpg.rf.5c8b394cdec2d68bae00b4eb6679ec08.jpg,FN,-1,2,0.0,44,0,15.8682,0,0.46,seg_small_optA_r560_acc16_lr1e4
TP-G_010_jpg.rf.5c8b394cdec2d68bae00b4eb6679ec08.jpg,FN,-1,14,0.0,13298,0,4795.8098,0,0.46,seg_small_optA_r560_acc16_lr1e4
TP-G_010_jpg.rf.5c8b394cdec2d68bae00b4eb6679ec08.jpg,FN,-1,15,0.0,128,0,46.1621,0,0.46,seg_small_optA_r560_acc16_lr1e4
TP-G_010_jpg.rf.5c8b394cdec2d68bae00b4eb6679ec08.jpg,FN,-1,26,0.0,1923,0,693.5135,0,0.46,seg_small_optA_r560_acc16_lr1e4
TP-G_010_jpg.rf.5c8b394cdec2d68bae00b4eb6679ec08.jpg,FN,-1,35,0.0,8645,0,3117.7452,0,0.46,seg_small_optA_r560_acc16_lr1e4
TOSTADA-B_006_jpg.rf.fd9a20fd791843647a700cdeb77e0cc3.jpg,TP,3,3,0.972717,3530,3556,1273.0643,1282.441,0.46,seg_small_optA_r560_acc16_lr1e4
TOSTADA-B_006_jpg.rf.fd9a20fd791843647a700cdeb77e0cc3.jpg,TP,0,0,0.956652,10743,10833,3874.371,3906.8287,0.46,seg_small_optA_r560_acc16_lr1e4
TOSTADA-B_006_jpg.rf.fd9a20fd791843647a700cdeb77e0cc3.jpg,TP,5,1,0.953243,4924,4893,1775.7984,1764.6186,0.46,seg_small_optA_r560_acc16_lr1e4
TOSTADA-B_006_jpg.rf.fd9a20fd791843647a700cdeb77e0cc3.jpg,TP,15,4,0.952236,8768,8521,3162.1042,3073.0257,0.46,seg_small_optA_r560_acc16_lr1e4
TOSTADA-B_006_jpg.rf.fd9a20fd791843647a700cdeb77e0cc3.jpg,TP,14,5,0.952215,5909,5857,2131.0303,2112.2769,0.46,seg_small_optA_r560_acc16_lr1e4
TOSTADA-B_006_jpg.rf.fd9a20fd791843647a700cdeb77e0cc3.jpg,TP,7,15,0.94967,1941,1894,700.005,683.0549,0.46,seg_small_optA_r560_acc16_lr1e4
TOSTADA-B_006_jpg.rf.fd9a20fd791843647a700cdeb77e0cc3.jpg,TP,4,22,0.948678,2521,2491,909.177,898.3578,0.46,seg_small_optA_r560_acc16_lr1e4
TOSTADA-B_006_jpg.rf.fd9a20fd791843647a700cdeb77e0cc3.jpg,TP,1,23,0.940147,5419,5440,1954.316,1961.8894,0.46,seg_small_optA_r560_acc16_lr1e4
TOSTADA-B_006_jpg.rf.fd9a20fd791843647a700cdeb77e0cc3.jpg,TP,2,6,0.93981,4980,5204,1795.9944,1876.7781,0.46,seg_small_optA_r560_acc16_lr1e4
TOSTADA-B_006_jpg.rf.fd9a20fd791843647a700cdeb77e0cc3.jpg,TP,6,12,0.939522,2810,2706,1013.4025,975.8958,0.46,seg_small_optA_r560_acc16_lr1e4
TOSTADA-B_006_jpg.rf.fd9a20fd791843647a700cdeb77e0cc3.jpg,TP,9,11,0.93733,1421,1423,512.4715,513.1927,0.46,seg_small_optA_r560_acc16_lr1e4
TOSTADA-B_006_jpg.rf.fd9a20fd791843647a700cdeb77e0cc3.jpg,TP,11,9,0.935858,6920,6933,2495.6388,2500.3271,0.46,seg_small_optA_r560_acc16_lr1e4
TOSTADA-B_006_jpg.rf.fd9a20fd791843647a700cdeb77e0cc3.jpg,TP,8,7,0.919883,6177,6260,2227.6822,2257.6154,0.46,seg_small_optA_r560_acc16_lr1e4
TOSTADA-B_006_jpg.rf.fd9a20fd791843647a700cdeb77e0cc3.jpg,TP,20,10,0.919415,2847,2798,1026.7461,1009.0747,0.46,seg_small_optA_r560_acc16_lr1e4
TOSTADA-B_006_jpg.rf.fd9a20fd791843647a700cdeb77e0cc3.jpg,TP,16,17,0.915436,740,687,266.8747,247.7607,0.46,seg_small_optA_r560_acc16_lr1e4
TOSTADA-B_006_jpg.rf.fd9a20fd791843647a700cdeb77e0cc3.jpg,TP,13,16,0.911374,1321,1267,476.4073,456.9327,0.46,seg_small_optA_r560_acc16_lr1e4
TOSTADA-B_006_jpg.rf.fd9a20fd791843647a700cdeb77e0cc3.jpg,TP,12,14,0.90884,1071,1002,386.247,361.3627,0.46,seg_small_optA_r560_acc16_lr1e4
TOSTADA-B_006_jpg.rf.fd9a20fd791843647a700cdeb77e0cc3.jpg,TP,10,13,0.906208,1482,1343,534.4706,484.3415,0.46,seg_small_optA_r560_acc16_lr1e4
TOSTADA-B_006_jpg.rf.fd9a20fd791843647a700cdeb77e0cc3.jpg,TP,17,2,0.902087,575,610,207.3688,219.9913,0.46,seg_small_optA_r560_acc16_lr1e4
TOSTADA-B_006_jpg.rf.fd9a20fd791843647a700cdeb77e0cc3.jpg,FP,18,-1,0.0,0,7113,0,2565.2425,0.46,seg_small_optA_r560_acc16_lr1e4
TOSTADA-B_006_jpg.rf.fd9a20fd791843647a700cdeb77e0cc3.jpg,FP,19,-1,0.0,0,6997,0,2523.4081,0.46,seg_small_optA_r560_acc16_lr1e4
TOSTADA-B_006_jpg.rf.fd9a20fd791843647a700cdeb77e0cc3.jpg,FP,21,-1,0.0,0,695,0,250.6458,0.46,seg_small_optA_r560_acc16_lr1e4
TOSTADA-B_006_jpg.rf.fd9a20fd791843647a700cdeb77e0cc3.jpg,FP,22,-1,0.0,0,2019,0,728.1351,0.46,seg_small_optA_r560_acc16_lr1e4
TOSTADA-B_006_jpg.rf.fd9a20fd791843647a700cdeb77e0cc3.jpg,FN,-1,8,0.0,14514,0,5234.3498,0,0.46,seg_small_optA_r560_acc16_lr1e4
TOSTADA-B_006_jpg.rf.fd9a20fd791843647a700cdeb77e0cc3.jpg,FN,-1,18,0.0,16913,0,6099.5287,0,0.46,seg_small_optA_r560_acc16_lr1e4
TOSTADA-B_006_jpg.rf.fd9a20fd791843647a700cdeb77e0cc3.jpg,FN,-1,19,0.0,652,0,235.1382,0,0.46,seg_small_optA_r560_acc16_lr1e4
TOSTADA-B_006_jpg.rf.fd9a20fd791843647a700cdeb77e0cc3.jpg,FN,-1,20,0.0,6433,0,2320.0064,0,0.46,seg_small_optA_r560_acc16_lr1e4
TOSTADA-B_006_jpg.rf.fd9a20fd791843647a700cdeb77e0cc3.jpg,FN,-1,21,0.0,7549,0,2722.4822,0,0.46,seg_small_optA_r560_acc16_lr1e4
TP-D_010_jpg.rf.8e807d0647c50bd1b8d28134da2e26a4.jpg,TP,21,32,0.973448,2551,2503,919.9963,902.6855,0.46,seg_small_optA_r560_acc16_lr1e4
TP-D_010_jpg.rf.8e807d0647c50bd1b8d28134da2e26a4.jpg,TP,15,46,0.961444,3681,3543,1327.5211,1277.7526,0.46,seg_small_optA_r560_acc16_lr1e4
TP-D_010_jpg.rf.8e807d0647c50bd1b8d28134da2e26a4.jpg,TP,42,36,0.957317,1938,1914,698.9231,690.2677,0.46,seg_small_optA_r560_acc16_lr1e4
TP-D_010_jpg.rf.8e807d0647c50bd1b8d28134da2e26a4.jpg,TP,8,30,0.951675,1807,1747,651.6791,630.0406,0.46,seg_small_optA_r560_acc16_lr1e4
TP-D_010_jpg.rf.8e807d0647c50bd1b8d28134da2e26a4.jpg,TP,7,41,0.950333,3870,3748,1395.6823,1351.6841,0.46,seg_small_optA_r560_acc16_lr1e4
TP-D_010_jpg.rf.8e807d0647c50bd1b8d28134da2e26a4.jpg,TP,22,45,0.950274,2725,2609,982.7479,940.9135,0.46,seg_small_optA_r560_acc16_lr1e4
TP-D_010_jpg.rf.8e807d0647c50bd1b8d28134da2e26a4.jpg,TP,26,35,0.949363,3092,3029,1115.1033,1092.3829,0.46,seg_small_optA_r560_acc16_lr1e4
TP-D_010_jpg.rf.8e807d0647c50bd1b8d28134da2e26a4.jpg,TP,2,10,0.943538,5988,5681,2159.5209,2048.804,0.46,seg_small_optA_r560_acc16_lr1e4
TP-D_010_jpg.rf.8e807d0647c50bd1b8d28134da2e26a4.jpg,TP,20,0,0.943077,618,645,222.8764,232.6137,0.46,seg_small_optA_r560_acc16_lr1e4
TP-D_010_jpg.rf.8e807d0647c50bd1b8d28134da2e26a4.jpg,TP,9,40,0.941256,1466,1409,528.7003,508.1438,0.46,seg_small_optA_r560_acc16_lr1e4
TP-D_010_jpg.rf.8e807d0647c50bd1b8d28134da2e26a4.jpg,TP,1,13,0.940107,5580,5304,2012.3792,1912.8422,0.46,seg_small_optA_r560_acc16_lr1e4
TP-D_010_jpg.rf.8e807d0647c50bd1b8d28134da2e26a4.jpg,TP,12,22,0.939617,2671,2597,963.2733,936.5858,0.46,seg_small_optA_r560_acc16_lr1e4
TP-D_010_jpg.rf.8e807d0647c50bd1b8d28134da2e26a4.jpg,TP,34,15,0.938543,2236,2180,806.3943,786.1983,0.46,seg_small_optA_r560_acc16_lr1e4
TP-D_010_jpg.rf.8e807d0647c50bd1b8d28134da2e26a4.jpg,TP,3,21,0.937237,6843,6522,2467.8694,2352.1034,0.46,seg_small_optA_r560_acc16_lr1e4
TP-D_010_jpg.rf.8e807d0647c50bd1b8d28134da2e26a4.jpg,TP,14,17,0.93625,6020,5795,2171.0615,2089.9171,0.46,seg_small_optA_r560_acc16_lr1e4
TP-D_010_jpg.rf.8e807d0647c50bd1b8d28134da2e26a4.jpg,TP,19,23,0.934039,1606,1502,579.1902,541.6834,0.46,seg_small_optA_r560_acc16_lr1e4
TP-D_010_jpg.rf.8e807d0647c50bd1b8d28134da2e26a4.jpg,TP,0,8,0.932427,2258,2146,814.3284,773.9365,0.46,seg_small_optA_r560_acc16_lr1e4
TP-D_010_jpg.rf.8e807d0647c50bd1b8d28134da2e26a4.jpg,TP,6,1,0.931544,4959,4973,1788.4209,1793.4699,0.46,seg_small_optA_r560_acc16_lr1e4
TP-D_010_jpg.rf.8e807d0647c50bd1b8d28134da2e26a4.jpg,TP,30,37,0.928945,1891,1801,681.973,649.5152,0.46,seg_small_optA_r560_acc16_lr1e4
TP-D_010_jpg.rf.8e807d0647c50bd1b8d28134da2e26a4.jpg,TP,10,44,0.928034,2772,2613,999.6981,942.3561,0.46,seg_small_optA_r560_acc16_lr1e4
TP-D_010_jpg.rf.8e807d0647c50bd1b8d28134da2e26a4.jpg,TP,23,14,0.925408,9814,9313,3539.3351,3358.6537,0.46,seg_small_optA_r560_acc16_lr1e4
TP-D_010_jpg.rf.8e807d0647c50bd1b8d28134da2e26a4.jpg,TP,24,3,0.925042,1786,1681,644.1056,606.2382,0.46,seg_small_optA_r560_acc16_lr1e4
TP-D_010_jpg.rf.8e807d0647c50bd1b8d28134da2e26a4.jpg,TP,16,27,0.924464,2887,2769,1041.1719,998.6161,0.46,seg_small_optA_r560_acc16_lr1e4
TP-D_010_jpg.rf.8e807d0647c50bd1b8d28134da2e26a4.jpg,TP,33,12,0.923183,1421,1358,512.4715,489.7511,0.46,seg_small_optA_r560_acc16_lr1e4
TP-D_010_jpg.rf.8e807d0647c50bd1b8d28134da2e26a4.jpg,TP,27,38,0.920173,1808,1752,652.0397,631.8438,0.46,seg_small_optA_r560_acc16_lr1e4
TP-D_010_jpg.rf.8e807d0647c50bd1b8d28134da2e26a4.jpg,TP,13,42,0.919188,2256,2185,813.6071,788.0015,0.46,seg_small_optA_r560_acc16_lr1e4
TP-D_010_jpg.rf.8e807d0647c50bd1b8d28134da2e26a4.jpg,TP,11,9,0.918977,1859,1741,670.4324,627.8767,0.46,seg_small_optA_r560_acc16_lr1e4
TP-D_010_jpg.rf.8e807d0647c50bd1b8d28134da2e26a4.jpg,TP,41,2,0.918478,183,170,65.9974,61.309,0.46,seg_small_optA_r560_acc16_lr1e4
TP-D_010_jpg.rf.8e807d0647c50bd1b8d28134da2e26a4.jpg,TP,5,6,0.918476,2435,2248,878.1619,810.7219,0.46,seg_small_optA_r560_acc16_lr1e4
TP-D_010_jpg.rf.8e807d0647c50bd1b8d28134da2e26a4.jpg,TP,17,7,0.917674,1293,1246,466.3093,449.3592,0.46,seg_small_optA_r560_acc16_lr1e4
TP-D_010_jpg.rf.8e807d0647c50bd1b8d28134da2e26a4.jpg,TP,4,19,0.911414,7153,7282,2579.6682,2626.191,0.46,seg_small_optA_r560_acc16_lr1e4
TP-D_010_jpg.rf.8e807d0647c50bd1b8d28134da2e26a4.jpg,TP,31,29,0.906926,3160,3007,1139.627,1084.4488,0.46,seg_small_optA_r560_acc16_lr1e4
TP-D_010_jpg.rf.8e807d0647c50bd1b8d28134da2e26a4.jpg,TP,28,39,0.904389,2264,2118,816.4922,763.8385,0.46,seg_small_optA_r560_acc16_lr1e4
TP-D_010_jpg.rf.8e807d0647c50bd1b8d28134da2e26a4.jpg,TP,18,25,0.899568,895,864,322.7741,311.5942,0.46,seg_small_optA_r560_acc16_lr1e4
TP-D_010_jpg.rf.8e807d0647c50bd1b8d28134da2e26a4.jpg,TP,37,11,0.896233,1469,1400,529.7823,504.898,0.46,seg_small_optA_r560_acc16_lr1e4
TP-D_010_jpg.rf.8e807d0647c50bd1b8d28134da2e26a4.jpg,TP,32,5,0.890943,534,489,192.5825,176.3537,0.46,seg_small_optA_r560_acc16_lr1e4
TP-D_010_jpg.rf.8e807d0647c50bd1b8d28134da2e26a4.jpg,TP,25,33,0.881048,938,928,338.2817,334.6753,0.46,seg_small_optA_r560_acc16_lr1e4
TP-D_010_jpg.rf.8e807d0647c50bd1b8d28134da2e26a4.jpg,TP,36,16,0.849699,485,438,174.9111,157.961,0.46,seg_small_optA_r560_acc16_lr1e4
TP-D_010_jpg.rf.8e807d0647c50bd1b8d28134da2e26a4.jpg,TP,29,24,0.827225,362,336,130.5522,121.1755,0.46,seg_small_optA_r560_acc16_lr1e4
TP-D_010_jpg.rf.8e807d0647c50bd1b8d28134da2e26a4.jpg,TP,44,18,0.675711,3081,2107,1111.1363,759.8715,0.46,seg_small_optA_r560_acc16_lr1e4
TP-D_010_jpg.rf.8e807d0647c50bd1b8d28134da2e26a4.jpg,TP,40,26,0.656,125,82,45.0802,29.5726,0.46,seg_small_optA_r560_acc16_lr1e4
TP-D_010_jpg.rf.8e807d0647c50bd1b8d28134da2e26a4.jpg,TP,35,31,0.603581,7612,4657,2745.2026,1679.5072,0.46,seg_small_optA_r560_acc16_lr1e4
TP-D_010_jpg.rf.8e807d0647c50bd1b8d28134da2e26a4.jpg,FP,38,-1,0.0,0,2657,0,958.2243,0.46,seg_small_optA_r560_acc16_lr1e4
TP-D_010_jpg.rf.8e807d0647c50bd1b8d28134da2e26a4.jpg,FP,39,-1,0.0,0,835,0,301.1356,0.46,seg_small_optA_r560_acc16_lr1e4
TP-D_010_jpg.rf.8e807d0647c50bd1b8d28134da2e26a4.jpg,FP,43,-1,0.0,0,1613,0,581.7146,0.46,seg_small_optA_r560_acc16_lr1e4
TP-D_010_jpg.rf.8e807d0647c50bd1b8d28134da2e26a4.jpg,FN,-1,4,0.0,20,0,7.2129,0,0.46,seg_small_optA_r560_acc16_lr1e4
TP-D_010_jpg.rf.8e807d0647c50bd1b8d28134da2e26a4.jpg,FN,-1,20,0.0,364,0,131.2735,0,0.46,seg_small_optA_r560_acc16_lr1e4
TP-D_010_jpg.rf.8e807d0647c50bd1b8d28134da2e26a4.jpg,FN,-1,28,0.0,12,0,4.3277,0,0.46,seg_small_optA_r560_acc16_lr1e4
TP-D_010_jpg.rf.8e807d0647c50bd1b8d28134da2e26a4.jpg,FN,-1,34,0.0,67,0,24.163,0,0.46,seg_small_optA_r560_acc16_lr1e4
TP-D_010_jpg.rf.8e807d0647c50bd1b8d28134da2e26a4.jpg,FN,-1,43,0.0,56,0,20.1959,0,0.46,seg_small_optA_r560_acc16_lr1e4
TP-G_008_jpg.rf.7ce2f84776589571f8d07c60f1c4e63c.jpg,TP,1,13,0.965914,6396,6408,2306.6626,2310.9904,0.46,seg_small_optA_r560_acc16_lr1e4
TP-G_008_jpg.rf.7ce2f84776589571f8d07c60f1c4e63c.jpg,TP,5,2,0.963537,6638,6663,2393.9379,2402.9539,0.46,seg_small_optA_r560_acc16_lr1e4
TP-G_008_jpg.rf.7ce2f84776589571f8d07c60f1c4e63c.jpg,TP,12,8,0.962543,25315,25246,9129.638,9104.7537,0.46,seg_small_optA_r560_acc16_lr1e4
TP-G_008_jpg.rf.7ce2f84776589571f8d07c60f1c4e63c.jpg,TP,14,7,0.962338,23990,23685,8651.7881,8541.7925,0.46,seg_small_optA_r560_acc16_lr1e4
TP-G_008_jpg.rf.7ce2f84776589571f8d07c60f1c4e63c.jpg,TP,7,1,0.954128,8331,8283,3004.5039,2987.193,0.46,seg_small_optA_r560_acc16_lr1e4
TP-G_008_jpg.rf.7ce2f84776589571f8d07c60f1c4e63c.jpg,TP,10,0,0.95315,5004,4793,1804.6497,1728.5544,0.46,seg_small_optA_r560_acc16_lr1e4
TP-G_008_jpg.rf.7ce2f84776589571f8d07c60f1c4e63c.jpg,TP,3,14,0.946404,3548,3461,1279.5559,1248.18,0.46,seg_small_optA_r560_acc16_lr1e4
TP-G_008_jpg.rf.7ce2f84776589571f8d07c60f1c4e63c.jpg,TP,2,11,0.945483,5054,4938,1822.6818,1780.8474,0.46,seg_small_optA_r560_acc16_lr1e4
TP-G_008_jpg.rf.7ce2f84776589571f8d07c60f1c4e63c.jpg,TP,6,26,0.940008,2585,2492,932.2581,898.7185,0.46,seg_small_optA_r560_acc16_lr1e4
TP-G_008_jpg.rf.7ce2f84776589571f8d07c60f1c4e63c.jpg,TP,0,12,0.935798,7332,6960,2644.223,2510.0644,0.46,seg_small_optA_r560_acc16_lr1e4
TP-G_008_jpg.rf.7ce2f84776589571f8d07c60f1c4e63c.jpg,TP,4,16,0.933983,4743,4778,1710.5224,1723.1448,0.46,seg_small_optA_r560_acc16_lr1e4
TP-G_008_jpg.rf.7ce2f84776589571f8d07c60f1c4e63c.jpg,TP,20,25,0.933731,1641,1598,591.8126,576.305,0.46,seg_small_optA_r560_acc16_lr1e4
TP-G_008_jpg.rf.7ce2f84776589571f8d07c60f1c4e63c.jpg,TP,16,10,0.931888,3168,3157,1142.5121,1138.545,0.46,seg_small_optA_r560_acc16_lr1e4
TP-G_008_jpg.rf.7ce2f84776589571f8d07c60f1c4e63c.jpg,TP,19,21,0.930536,1438,1369,518.6024,493.7181,0.46,seg_small_optA_r560_acc16_lr1e4
TP-G_008_jpg.rf.7ce2f84776589571f8d07c60f1c4e63c.jpg,TP,11,6,0.927316,4545,4444,1639.1154,1602.6905,0.46,seg_small_optA_r560_acc16_lr1e4
TP-G_008_jpg.rf.7ce2f84776589571f8d07c60f1c4e63c.jpg,TP,8,15,0.927048,2315,2202,834.8849,794.1325,0.46,seg_small_optA_r560_acc16_lr1e4
TP-G_008_jpg.rf.7ce2f84776589571f8d07c60f1c4e63c.jpg,TP,13,9,0.923407,7563,7680,2727.5312,2769.7262,0.46,seg_small_optA_r560_acc16_lr1e4
TP-G_008_jpg.rf.7ce2f84776589571f8d07c60f1c4e63c.jpg,TP,15,24,0.922734,6019,6050,2170.7008,2181.8807,0.46,seg_small_optA_r560_acc16_lr1e4
TP-G_008_jpg.rf.7ce2f84776589571f8d07c60f1c4e63c.jpg,TP,9,20,0.915365,2269,2144,818.2955,773.2152,0.46,seg_small_optA_r560_acc16_lr1e4
TP-G_008_jpg.rf.7ce2f84776589571f8d07c60f1c4e63c.jpg,TP,17,23,0.914668,2460,2409,887.1779,868.7852,0.46,seg_small_optA_r560_acc16_lr1e4
TP-G_008_jpg.rf.7ce2f84776589571f8d07c60f1c4e63c.jpg,TP,18,18,0.905575,865,810,311.9548,292.1196,0.46,seg_small_optA_r560_acc16_lr1e4
TP-G_008_jpg.rf.7ce2f84776589571f8d07c60f1c4e63c.jpg,TP,25,29,0.885013,757,702,273.0056,253.1703,0.46,seg_small_optA_r560_acc16_lr1e4
TP-G_008_jpg.rf.7ce2f84776589571f8d07c60f1c4e63c.jpg,TP,23,22,0.88204,866,905,312.3155,326.3805,0.46,seg_small_optA_r560_acc16_lr1e4
TP-G_008_jpg.rf.7ce2f84776589571f8d07c60f1c4e63c.jpg,TP,22,19,0.881072,577,546,208.0901,196.9102,0.46,seg_small_optA_r560_acc16_lr1e4
TP-G_008_jpg.rf.7ce2f84776589571f8d07c60f1c4e63c.jpg,TP,24,27,0.875984,1414,1445,509.947,521.1269,0.46,seg_small_optA_r560_acc16_lr1e4
TP-G_008_jpg.rf.7ce2f84776589571f8d07c60f1c4e63c.jpg,TP,21,5,0.839442,1457,1705,525.4545,614.8936,0.46,seg_small_optA_r560_acc16_lr1e4
TP-G_008_jpg.rf.7ce2f84776589571f8d07c60f1c4e63c.jpg,TP,26,3,0.771429,191,243,68.8825,87.6359,0.46,seg_small_optA_r560_acc16_lr1e4
TP-G_008_jpg.rf.7ce2f84776589571f8d07c60f1c4e63c.jpg,FN,-1,4,0.0,37,0,13.3438,0,0.46,seg_small_optA_r560_acc16_lr1e4
TP-G_008_jpg.rf.7ce2f84776589571f8d07c60f1c4e63c.jpg,FN,-1,17,0.0,47,0,16.9502,0,0.46,seg_small_optA_r560_acc16_lr1e4
TP-G_008_jpg.rf.7ce2f84776589571f8d07c60f1c4e63c.jpg,FN,-1,28,0.0,115,0,41.4738,0,0.46,seg_small_optA_r560_acc16_lr1e4
TP-G_008_jpg.rf.7ce2f84776589571f8d07c60f1c4e63c.jpg,FN,-1,30,0.0,235,0,84.7508,0,0.46,seg_small_optA_r560_acc16_lr1e4
TP-G_008_jpg.rf.7ce2f84776589571f8d07c60f1c4e63c.jpg,FN,-1,31,0.0,126,0,45.4408,0,0.46,seg_small_optA_r560_acc16_lr1e4
TP-G_008_jpg.rf.7ce2f84776589571f8d07c60f1c4e63c.jpg,FN,-1,32,0.0,57,0,20.5565,0,0.46,seg_small_optA_r560_acc16_lr1e4
ZAZA-D_004_jpg.rf.02ed2d595bd7bc4d5f40bda7d3f8e5d2.jpg,TP,1,1,0.974165,10499,10591,3786.3745,3819.5534,0.46,seg_small_optA_r560_acc16_lr1e4
ZAZA-D_004_jpg.rf.02ed2d595bd7bc4d5f40bda7d3f8e5d2.jpg,TP,11,4,0.956704,10577,10393,3814.5045,3748.1465,0.46,seg_small_optA_r560_acc16_lr1e4
ZAZA-D_004_jpg.rf.02ed2d595bd7bc4d5f40bda7d3f8e5d2.jpg,TP,17,7,0.95174,886,853,319.5283,307.6272,0.46,seg_small_optA_r560_acc16_lr1e4
ZAZA-D_004_jpg.rf.02ed2d595bd7bc4d5f40bda7d3f8e5d2.jpg,TP,16,3,0.948598,1268,1234,457.2933,445.0315,0.46,seg_small_optA_r560_acc16_lr1e4
ZAZA-D_004_jpg.rf.02ed2d595bd7bc4d5f40bda7d3f8e5d2.jpg,TP,19,5,0.938632,2695,2549,971.9287,919.275,0.46,seg_small_optA_r560_acc16_lr1e4
ZAZA-D_004_jpg.rf.02ed2d595bd7bc4d5f40bda7d3f8e5d2.jpg,TP,2,11,0.93755,6213,5825,2240.6652,2100.7364,0.46,seg_small_optA_r560_acc16_lr1e4
ZAZA-D_004_jpg.rf.02ed2d595bd7bc4d5f40bda7d3f8e5d2.jpg,TP,6,17,0.932455,11451,10979,4129.7051,3959.4823,0.46,seg_small_optA_r560_acc16_lr1e4
ZAZA-D_004_jpg.rf.02ed2d595bd7bc4d5f40bda7d3f8e5d2.jpg,TP,29,24,0.928315,831,783,299.693,282.3823,0.46,seg_small_optA_r560_acc16_lr1e4
ZAZA-D_004_jpg.rf.02ed2d595bd7bc4d5f40bda7d3f8e5d2.jpg,TP,13,0,0.926803,4575,4533,1649.9346,1634.7876,0.46,seg_small_optA_r560_acc16_lr1e4
ZAZA-D_004_jpg.rf.02ed2d595bd7bc4d5f40bda7d3f8e5d2.jpg,TP,3,27,0.921962,7688,7163,2772.6114,2583.2747,0.46,seg_small_optA_r560_acc16_lr1e4
ZAZA-D_004_jpg.rf.02ed2d595bd7bc4d5f40bda7d3f8e5d2.jpg,TP,22,12,0.918765,1218,1144,439.2613,412.5738,0.46,seg_small_optA_r560_acc16_lr1e4
ZAZA-D_004_jpg.rf.02ed2d595bd7bc4d5f40bda7d3f8e5d2.jpg,TP,8,6,0.918562,1872,1756,675.1208,633.2864,0.46,seg_small_optA_r560_acc16_lr1e4
ZAZA-D_004_jpg.rf.02ed2d595bd7bc4d5f40bda7d3f8e5d2.jpg,TP,5,8,0.91557,4938,4523,1780.8474,1631.1812,0.46,seg_small_optA_r560_acc16_lr1e4
ZAZA-D_004_jpg.rf.02ed2d595bd7bc4d5f40bda7d3f8e5d2.jpg,TP,18,9,0.911565,2493,2284,899.0791,823.705,0.46,seg_small_optA_r560_acc16_lr1e4
ZAZA-D_004_jpg.rf.02ed2d595bd7bc4d5f40bda7d3f8e5d2.jpg,TP,0,26,0.906824,8059,7310,2906.4093,2636.2889,0.46,seg_small_optA_r560_acc16_lr1e4
ZAZA-D_004_jpg.rf.02ed2d595bd7bc4d5f40bda7d3f8e5d2.jpg,TP,20,30,0.90369,6638,6052,2393.9379,2182.602,0.46,seg_small_optA_r560_acc16_lr1e4
ZAZA-D_004_jpg.rf.02ed2d595bd7bc4d5f40bda7d3f8e5d2.jpg,TP,26,13,0.896924,3689,3341,1330.4062,1204.9031,0.46,seg_small_optA_r560_acc16_lr1e4
ZAZA-D_004_jpg.rf.02ed2d595bd7bc4d5f40bda7d3f8e5d2.jpg,TP,4,28,0.895916,8574,7765,3092.1397,2800.3808,0.46,seg_small_optA_r560_acc16_lr1e4
ZAZA-D_004_jpg.rf.02ed2d595bd7bc4d5f40bda7d3f8e5d2.jpg,TP,25,14,0.889685,2763,2513,996.4523,906.2919,0.46,seg_small_optA_r560_acc16_lr1e4
ZAZA-D_004_jpg.rf.02ed2d595bd7bc4d5f40bda7d3f8e5d2.jpg,TP,12,20,0.888028,5751,5209,2074.0489,1878.5812,0.46,seg_small_optA_r560_acc16_lr1e4
ZAZA-D_004_jpg.rf.02ed2d595bd7bc4d5f40bda7d3f8e5d2.jpg,TP,7,15,0.885039,8059,7174,2906.4093,2587.2416,0.46,seg_small_optA_r560_acc16_lr1e4
ZAZA-D_004_jpg.rf.02ed2d595bd7bc4d5f40bda7d3f8e5d2.jpg,TP,14,21,0.864573,3883,3359,1400.3707,1211.3946,0.46,seg_small_optA_r560_acc16_lr1e4
ZAZA-D_004_jpg.rf.02ed2d595bd7bc4d5f40bda7d3f8e5d2.jpg,TP,10,18,0.864018,3925,3395,1415.5177,1224.3777,0.46,seg_small_optA_r560_acc16_lr1e4
ZAZA-D_004_jpg.rf.02ed2d595bd7bc4d5f40bda7d3f8e5d2.jpg,TP,9,16,0.848718,2331,1995,840.6552,719.4797,0.46,seg_small_optA_r560_acc16_lr1e4
ZAZA-D_004_jpg.rf.02ed2d595bd7bc4d5f40bda7d3f8e5d2.jpg,TP,28,19,0.83121,307,268,110.7169,96.6519,0.46,seg_small_optA_r560_acc16_lr1e4
ZAZA-D_004_jpg.rf.02ed2d595bd7bc4d5f40bda7d3f8e5d2.jpg,TP,27,29,0.829946,1457,1244,525.4545,448.6379,0.46,seg_small_optA_r560_acc16_lr1e4
ZAZA-D_004_jpg.rf.02ed2d595bd7bc4d5f40bda7d3f8e5d2.jpg,TP,31,25,0.828605,7580,7762,2733.6621,2799.2989,0.46,seg_small_optA_r560_acc16_lr1e4
ZAZA-D_004_jpg.rf.02ed2d595bd7bc4d5f40bda7d3f8e5d2.jpg,TP,23,31,0.815338,991,808,357.3957,291.3983,0.46,seg_small_optA_r560_acc16_lr1e4
ZAZA-D_004_jpg.rf.02ed2d595bd7bc4d5f40bda7d3f8e5d2.jpg,TP,21,2,0.731479,12158,9321,4384.6786,3361.5388,0.46,seg_small_optA_r560_acc16_lr1e4
ZAZA-D_004_jpg.rf.02ed2d595bd7bc4d5f40bda7d3f8e5d2.jpg,TP,32,34,0.695519,974,691,351.2648,249.2032,0.46,seg_small_optA_r560_acc16_lr1e4
ZAZA-D_004_jpg.rf.02ed2d595bd7bc4d5f40bda7d3f8e5d2.jpg,TP,15,23,0.618177,2713,3661,978.4202,1320.3083,0.46,seg_small_optA_r560_acc16_lr1e4
ZAZA-D_004_jpg.rf.02ed2d595bd7bc4d5f40bda7d3f8e5d2.jpg,TP,30,32,0.608575,7451,11609,2687.1393,4186.6865,0.46,seg_small_optA_r560_acc16_lr1e4
ZAZA-D_004_jpg.rf.02ed2d595bd7bc4d5f40bda7d3f8e5d2.jpg,FP,24,-1,0.0,0,2741,0,988.5182,0.46,seg_small_optA_r560_acc16_lr1e4
ZAZA-D_004_jpg.rf.02ed2d595bd7bc4d5f40bda7d3f8e5d2.jpg,FN,-1,10,0.0,38,0,13.7044,0,0.46,seg_small_optA_r560_acc16_lr1e4
ZAZA-D_004_jpg.rf.02ed2d595bd7bc4d5f40bda7d3f8e5d2.jpg,FN,-1,22,0.0,1273,0,459.0966,0,0.46,seg_small_optA_r560_acc16_lr1e4
ZAZA-D_004_jpg.rf.02ed2d595bd7bc4d5f40bda7d3f8e5d2.jpg,FN,-1,33,0.0,4467,0,1610.9853,0,0.46,seg_small_optA_r560_acc16_lr1e4
ROSILHA-M-B_009_jpg.rf.d2aa8881a0b4f54b4bdb89392b953e71.jpg,TP,1,17,0.968337,9951,9880,3588.743,3563.1374,0.46,seg_small_optA_r560_acc16_lr1e4
ROSILHA-M-B_009_jpg.rf.d2aa8881a0b4f54b4bdb89392b953e71.jpg,TP,6,0,0.958195,4401,4452,1587.1829,1605.5757,0.46,seg_small_optA_r560_acc16_lr1e4
ROSILHA-M-B_009_jpg.rf.d2aa8881a0b4f54b4bdb89392b953e71.jpg,TP,17,24,0.955663,2432,2420,877.08,872.7523,0.46,seg_small_optA_r560_acc16_lr1e4
ROSILHA-M-B_009_jpg.rf.d2aa8881a0b4f54b4bdb89392b953e71.jpg,TP,0,35,0.953758,9352,9365,3372.7188,3377.4071,0.46,seg_small_optA_r560_acc16_lr1e4
ROSILHA-M-B_009_jpg.rf.d2aa8881a0b4f54b4bdb89392b953e71.jpg,TP,20,1,0.950888,4694,4641,1692.8509,1673.7369,0.46,seg_small_optA_r560_acc16_lr1e4
ROSILHA-M-B_009_jpg.rf.d2aa8881a0b4f54b4bdb89392b953e71.jpg,TP,3,28,0.949105,4227,4160,1524.4314,1500.2684,0.46,seg_small_optA_r560_acc16_lr1e4
ROSILHA-M-B_009_jpg.rf.d2aa8881a0b4f54b4bdb89392b953e71.jpg,TP,5,23,0.94871,6477,6517,2335.8746,2350.3003,0.46,seg_small_optA_r560_acc16_lr1e4
ROSILHA-M-B_009_jpg.rf.d2aa8881a0b4f54b4bdb89392b953e71.jpg,TP,27,42,0.946691,13153,13030,4743.5168,4699.1579,0.46,seg_small_optA_r560_acc16_lr1e4
ROSILHA-M-B_009_jpg.rf.d2aa8881a0b4f54b4bdb89392b953e71.jpg,TP,38,26,0.943633,6976,6989,2515.8347,2520.523,0.46,seg_small_optA_r560_acc16_lr1e4
ROSILHA-M-B_009_jpg.rf.d2aa8881a0b4f54b4bdb89392b953e71.jpg,TP,2,21,0.943455,5017,5019,1809.3381,1810.0593,0.46,seg_small_optA_r560_acc16_lr1e4
ROSILHA-M-B_009_jpg.rf.d2aa8881a0b4f54b4bdb89392b953e71.jpg,TP,14,7,0.942236,3076,3178,1109.3331,1146.1185,0.46,seg_small_optA_r560_acc16_lr1e4
ROSILHA-M-B_009_jpg.rf.d2aa8881a0b4f54b4bdb89392b953e71.jpg,TP,22,30,0.941101,2272,2276,819.3773,820.8199,0.46,seg_small_optA_r560_acc16_lr1e4
ROSILHA-M-B_009_jpg.rf.d2aa8881a0b4f54b4bdb89392b953e71.jpg,TP,19,6,0.939871,3990,4140,1438.9593,1493.0556,0.46,seg_small_optA_r560_acc16_lr1e4
ROSILHA-M-B_009_jpg.rf.d2aa8881a0b4f54b4bdb89392b953e71.jpg,TP,8,5,0.938572,2397,2463,864.4575,888.2599,0.46,seg_small_optA_r560_acc16_lr1e4
ROSILHA-M-B_009_jpg.rf.d2aa8881a0b4f54b4bdb89392b953e71.jpg,TP,32,8,0.937769,7137,7249,2573.898,2614.2898,0.46,seg_small_optA_r560_acc16_lr1e4
ROSILHA-M-B_009_jpg.rf.d2aa8881a0b4f54b4bdb89392b953e71.jpg,TP,9,38,0.937416,2954,2804,1065.3348,1011.2386,0.46,seg_small_optA_r560_acc16_lr1e4
ROSILHA-M-B_009_jpg.rf.d2aa8881a0b4f54b4bdb89392b953e71.jpg,TP,35,9,0.937032,3025,3189,1090.9404,1150.0856,0.46,seg_small_optA_r560_acc16_lr1e4
ROSILHA-M-B_009_jpg.rf.d2aa8881a0b4f54b4bdb89392b953e71.jpg,TP,18,14,0.934889,1829,1737,659.6132,626.4342,0.46,seg_small_optA_r560_acc16_lr1e4
ROSILHA-M-B_009_jpg.rf.d2aa8881a0b4f54b4bdb89392b953e71.jpg,TP,7,33,0.934812,3553,3689,1281.359,1330.4062,0.46,seg_small_optA_r560_acc16_lr1e4
ROSILHA-M-B_009_jpg.rf.d2aa8881a0b4f54b4bdb89392b953e71.jpg,TP,15,32,0.930705,3993,3892,1440.0413,1403.6165,0.46,seg_small_optA_r560_acc16_lr1e4
ROSILHA-M-B_009_jpg.rf.d2aa8881a0b4f54b4bdb89392b953e71.jpg,TP,25,4,0.929236,1024,1048,369.2969,377.9522,0.46,seg_small_optA_r560_acc16_lr1e4
ROSILHA-M-B_009_jpg.rf.d2aa8881a0b4f54b4bdb89392b953e71.jpg,TP,21,22,0.928891,2614,2567,942.7167,925.7666,0.46,seg_small_optA_r560_acc16_lr1e4
ROSILHA-M-B_009_jpg.rf.d2aa8881a0b4f54b4bdb89392b953e71.jpg,TP,24,43,0.928222,3013,2897,1086.6126,1044.7783,0.46,seg_small_optA_r560_acc16_lr1e4
ROSILHA-M-B_009_jpg.rf.d2aa8881a0b4f54b4bdb89392b953e71.jpg,TP,11,34,0.926479,3460,3379,1247.8194,1218.6074,0.46,seg_small_optA_r560_acc16_lr1e4
ROSILHA-M-B_009_jpg.rf.d2aa8881a0b4f54b4bdb89392b953e71.jpg,TP,13,36,0.926113,2059,2138,742.5607,771.0514,0.46,seg_small_optA_r560_acc16_lr1e4
ROSILHA-M-B_009_jpg.rf.d2aa8881a0b4f54b4bdb89392b953e71.jpg,TP,23,2,0.924511,2107,2125,759.8715,766.3631,0.46,seg_small_optA_r560_acc16_lr1e4
ROSILHA-M-B_009_jpg.rf.d2aa8881a0b4f54b4bdb89392b953e71.jpg,TP,37,10,0.921024,5404,5250,1948.9063,1893.3675,0.46,seg_small_optA_r560_acc16_lr1e4
ROSILHA-M-B_009_jpg.rf.d2aa8881a0b4f54b4bdb89392b953e71.jpg,TP,34,41,0.91696,4386,4340,1581.7733,1565.1838,0.46,seg_small_optA_r560_acc16_lr1e4
ROSILHA-M-B_009_jpg.rf.d2aa8881a0b4f54b4bdb89392b953e71.jpg,TP,26,29,0.911504,1310,1282,472.4403,462.3424,0.46,seg_small_optA_r560_acc16_lr1e4
ROSILHA-M-B_009_jpg.rf.d2aa8881a0b4f54b4bdb89392b953e71.jpg,TP,4,20,0.909133,2108,2031,760.2321,732.4627,0.46,seg_small_optA_r560_acc16_lr1e4
ROSILHA-M-B_009_jpg.rf.d2aa8881a0b4f54b4bdb89392b953e71.jpg,TP,16,11,0.905253,1949,2113,702.8902,762.0354,0.46,seg_small_optA_r560_acc16_lr1e4
ROSILHA-M-B_009_jpg.rf.d2aa8881a0b4f54b4bdb89392b953e71.jpg,TP,10,37,0.904167,2839,2645,1023.861,953.8966,0.46,seg_small_optA_r560_acc16_lr1e4
ROSILHA-M-B_009_jpg.rf.d2aa8881a0b4f54b4bdb89392b953e71.jpg,TP,12,19,0.894031,2028,2065,731.3809,744.7246,0.46,seg_small_optA_r560_acc16_lr1e4
ROSILHA-M-B_009_jpg.rf.d2aa8881a0b4f54b4bdb89392b953e71.jpg,TP,41,15,0.882457,2682,2651,967.2404,956.0604,0.46,seg_small_optA_r560_acc16_lr1e4
ROSILHA-M-B_009_jpg.rf.d2aa8881a0b4f54b4bdb89392b953e71.jpg,TP,29,3,0.879587,775,864,279.4971,311.5942,0.46,seg_small_optA_r560_acc16_lr1e4
ROSILHA-M-B_009_jpg.rf.d2aa8881a0b4f54b4bdb89392b953e71.jpg,TP,28,31,0.859184,452,459,163.0099,165.5344,0.46,seg_small_optA_r560_acc16_lr1e4
ROSILHA-M-B_009_jpg.rf.d2aa8881a0b4f54b4bdb89392b953e71.jpg,TP,40,16,0.833333,11219,13058,4046.0363,4709.2559,0.46,seg_small_optA_r560_acc16_lr1e4
ROSILHA-M-B_009_jpg.rf.d2aa8881a0b4f54b4bdb89392b953e71.jpg,TP,31,25,0.773723,274,212,98.8157,76.456,0.46,seg_small_optA_r560_acc16_lr1e4
ROSILHA-M-B_009_jpg.rf.d2aa8881a0b4f54b4bdb89392b953e71.jpg,TP,33,18,0.771186,228,190,82.2262,68.5219,0.46,seg_small_optA_r560_acc16_lr1e4
ROSILHA-M-B_009_jpg.rf.d2aa8881a0b4f54b4bdb89392b953e71.jpg,TP,39,27,0.609933,13200,8291,4760.467,2990.0781,0.46,seg_small_optA_r560_acc16_lr1e4
ROSILHA-M-B_009_jpg.rf.d2aa8881a0b4f54b4bdb89392b953e71.jpg,FP,30,-1,0.0,0,4307,0,1553.2826,0.46,seg_small_optA_r560_acc16_lr1e4
ROSILHA-M-B_009_jpg.rf.d2aa8881a0b4f54b4bdb89392b953e71.jpg,FP,36,-1,0.0,0,1907,0,687.7432,0.46,seg_small_optA_r560_acc16_lr1e4
ROSILHA-M-B_009_jpg.rf.d2aa8881a0b4f54b4bdb89392b953e71.jpg,FN,-1,12,0.0,2974,0,1072.5477,0,0.46,seg_small_optA_r560_acc16_lr1e4
ROSILHA-M-B_009_jpg.rf.d2aa8881a0b4f54b4bdb89392b953e71.jpg,FN,-1,13,0.0,2823,0,1018.0908,0,0.46,seg_small_optA_r560_acc16_lr1e4
ROSILHA-M-B_009_jpg.rf.d2aa8881a0b4f54b4bdb89392b953e71.jpg,FN,-1,39,0.0,2198,0,792.6899,0,0.46,seg_small_optA_r560_acc16_lr1e4
ROSILHA-M-B_009_jpg.rf.d2aa8881a0b4f54b4bdb89392b953e71.jpg,FN,-1,40,0.0,3631,0,1309.4891,0,0.46,seg_small_optA_r560_acc16_lr1e4
TORDILHA-B_012_jpg.rf.0b5caafb1952d960be9aa54f5506bf96.jpg,TP,8,3,0.96892,3102,3043,1118.7098,1097.4319,0.46,seg_small_optA_r560_acc16_lr1e4
TORDILHA-B_012_jpg.rf.0b5caafb1952d960be9aa54f5506bf96.jpg,TP,2,20,0.961387,2491,2487,898.3578,896.9152,0.46,seg_small_optA_r560_acc16_lr1e4
TORDILHA-B_012_jpg.rf.0b5caafb1952d960be9aa54f5506bf96.jpg,TP,3,12,0.960691,4357,4272,1571.3147,1540.6602,0.46,seg_small_optA_r560_acc16_lr1e4
TORDILHA-B_012_jpg.rf.0b5caafb1952d960be9aa54f5506bf96.jpg,TP,17,16,0.959779,1949,1949,702.8902,702.8902,0.46,seg_small_optA_r560_acc16_lr1e4
TORDILHA-B_012_jpg.rf.0b5caafb1952d960be9aa54f5506bf96.jpg,TP,15,2,0.959755,1122,1118,404.6397,403.1972,0.46,seg_small_optA_r560_acc16_lr1e4
TORDILHA-B_012_jpg.rf.0b5caafb1952d960be9aa54f5506bf96.jpg,TP,0,26,0.956662,4257,4231,1535.2506,1525.8739,0.46,seg_small_optA_r560_acc16_lr1e4
TORDILHA-B_012_jpg.rf.0b5caafb1952d960be9aa54f5506bf96.jpg,TP,20,17,0.952143,10257,10424,3699.0992,3759.3264,0.46,seg_small_optA_r560_acc16_lr1e4
TORDILHA-B_012_jpg.rf.0b5caafb1952d960be9aa54f5506bf96.jpg,TP,19,30,0.95045,4528,4565,1632.9845,1646.3281,0.46,seg_small_optA_r560_acc16_lr1e4
TORDILHA-B_012_jpg.rf.0b5caafb1952d960be9aa54f5506bf96.jpg,TP,32,21,0.949296,5111,5000,1843.2384,1803.2072,0.46,seg_small_optA_r560_acc16_lr1e4
TORDILHA-B_012_jpg.rf.0b5caafb1952d960be9aa54f5506bf96.jpg,TP,29,8,0.947761,4547,4327,1639.8366,1560.4955,0.46,seg_small_optA_r560_acc16_lr1e4
TORDILHA-B_012_jpg.rf.0b5caafb1952d960be9aa54f5506bf96.jpg,TP,13,15,0.944634,5412,5441,1951.7915,1962.25,0.46,seg_small_optA_r560_acc16_lr1e4
TORDILHA-B_012_jpg.rf.0b5caafb1952d960be9aa54f5506bf96.jpg,TP,9,9,0.943991,5166,5073,1863.0736,1829.534,0.46,seg_small_optA_r560_acc16_lr1e4
TORDILHA-B_012_jpg.rf.0b5caafb1952d960be9aa54f5506bf96.jpg,TP,6,32,0.94315,3374,3462,1216.8042,1248.5407,0.46,seg_small_optA_r560_acc16_lr1e4
TORDILHA-B_012_jpg.rf.0b5caafb1952d960be9aa54f5506bf96.jpg,TP,12,6,0.938065,2138,2149,771.0514,775.0185,0.46,seg_small_optA_r560_acc16_lr1e4
TORDILHA-B_012_jpg.rf.0b5caafb1952d960be9aa54f5506bf96.jpg,TP,26,31,0.937349,5232,5220,1886.876,1882.5483,0.46,seg_small_optA_r560_acc16_lr1e4
TORDILHA-B_012_jpg.rf.0b5caafb1952d960be9aa54f5506bf96.jpg,TP,5,27,0.933254,5605,5720,2021.3952,2062.8691,0.46,seg_small_optA_r560_acc16_lr1e4
TORDILHA-B_012_jpg.rf.0b5caafb1952d960be9aa54f5506bf96.jpg,TP,1,24,0.932345,4420,4577,1594.0351,1650.6559,0.46,seg_small_optA_r560_acc16_lr1e4
TORDILHA-B_012_jpg.rf.0b5caafb1952d960be9aa54f5506bf96.jpg,TP,18,7,0.932261,2021,1944,728.8564,701.087,0.46,seg_small_optA_r560_acc16_lr1e4
TORDILHA-B_012_jpg.rf.0b5caafb1952d960be9aa54f5506bf96.jpg,TP,4,25,0.930466,2718,2668,980.2234,962.1913,0.46,seg_small_optA_r560_acc16_lr1e4
TORDILHA-B_012_jpg.rf.0b5caafb1952d960be9aa54f5506bf96.jpg,TP,11,4,0.926584,3818,3661,1376.929,1320.3083,0.46,seg_small_optA_r560_acc16_lr1e4
TORDILHA-B_012_jpg.rf.0b5caafb1952d960be9aa54f5506bf96.jpg,TP,28,5,0.925278,2289,2220,825.5082,800.624,0.46,seg_small_optA_r560_acc16_lr1e4
TORDILHA-B_012_jpg.rf.0b5caafb1952d960be9aa54f5506bf96.jpg,TP,14,22,0.924725,1706,1797,615.2543,648.0727,0.46,seg_small_optA_r560_acc16_lr1e4
TORDILHA-B_012_jpg.rf.0b5caafb1952d960be9aa54f5506bf96.jpg,TP,25,18,0.917325,3182,3126,1147.561,1127.3651,0.46,seg_small_optA_r560_acc16_lr1e4
TORDILHA-B_012_jpg.rf.0b5caafb1952d960be9aa54f5506bf96.jpg,TP,7,19,0.917033,1757,1732,633.647,624.6309,0.46,seg_small_optA_r560_acc16_lr1e4
TORDILHA-B_012_jpg.rf.0b5caafb1952d960be9aa54f5506bf96.jpg,TP,10,1,0.910587,2592,2515,934.7826,907.0132,0.46,seg_small_optA_r560_acc16_lr1e4
TORDILHA-B_012_jpg.rf.0b5caafb1952d960be9aa54f5506bf96.jpg,TP,22,29,0.909485,4666,5017,1682.753,1809.3381,0.46,seg_small_optA_r560_acc16_lr1e4
TORDILHA-B_012_jpg.rf.0b5caafb1952d960be9aa54f5506bf96.jpg,TP,38,13,0.895114,3016,2802,1087.6946,1010.5173,0.46,seg_small_optA_r560_acc16_lr1e4
TORDILHA-B_012_jpg.rf.0b5caafb1952d960be9aa54f5506bf96.jpg,TP,23,33,0.890265,549,519,197.9921,187.1729,0.46,seg_small_optA_r560_acc16_lr1e4
TORDILHA-B_012_jpg.rf.0b5caafb1952d960be9aa54f5506bf96.jpg,TP,16,14,0.885714,1927,1769,694.9561,637.9747,0.46,seg_small_optA_r560_acc16_lr1e4
TORDILHA-B_012_jpg.rf.0b5caafb1952d960be9aa54f5506bf96.jpg,TP,40,38,0.882066,2017,1845,727.4138,665.3834,0.46,seg_small_optA_r560_acc16_lr1e4
TORDILHA-B_012_jpg.rf.0b5caafb1952d960be9aa54f5506bf96.jpg,TP,21,23,0.880658,1095,1190,394.9024,429.1633,0.46,seg_small_optA_r560_acc16_lr1e4
TORDILHA-B_012_jpg.rf.0b5caafb1952d960be9aa54f5506bf96.jpg,TP,35,34,0.872201,1058,949,381.5587,342.2487,0.46,seg_small_optA_r560_acc16_lr1e4
TORDILHA-B_012_jpg.rf.0b5caafb1952d960be9aa54f5506bf96.jpg,TP,30,39,0.844571,813,801,293.2015,288.8738,0.46,seg_small_optA_r560_acc16_lr1e4
TORDILHA-B_012_jpg.rf.0b5caafb1952d960be9aa54f5506bf96.jpg,TP,37,40,0.816667,233,203,84.0295,73.2102,0.46,seg_small_optA_r560_acc16_lr1e4
TORDILHA-B_012_jpg.rf.0b5caafb1952d960be9aa54f5506bf96.jpg,TP,36,11,0.803571,223,181,80.423,65.2761,0.46,seg_small_optA_r560_acc16_lr1e4
TORDILHA-B_012_jpg.rf.0b5caafb1952d960be9aa54f5506bf96.jpg,TP,39,35,0.74183,295,238,106.3893,85.8326,0.46,seg_small_optA_r560_acc16_lr1e4
TORDILHA-B_012_jpg.rf.0b5caafb1952d960be9aa54f5506bf96.jpg,TP,33,10,0.563813,4307,2469,1553.2826,890.4237,0.46,seg_small_optA_r560_acc16_lr1e4
TORDILHA-B_012_jpg.rf.0b5caafb1952d960be9aa54f5506bf96.jpg,TP,24,0,0.549509,9593,5555,3459.6334,2003.3632,0.46,seg_small_optA_r560_acc16_lr1e4
TORDILHA-B_012_jpg.rf.0b5caafb1952d960be9aa54f5506bf96.jpg,TP,27,28,0.549257,7891,4517,2845.8216,1629.0174,0.46,seg_small_optA_r560_acc16_lr1e4
TORDILHA-B_012_jpg.rf.0b5caafb1952d960be9aa54f5506bf96.jpg,FP,31,-1,0.0,0,4020,0,1449.7786,0.46,seg_small_optA_r560_acc16_lr1e4
TORDILHA-B_012_jpg.rf.0b5caafb1952d960be9aa54f5506bf96.jpg,FP,34,-1,0.0,0,1707,0,615.6149,0.46,seg_small_optA_r560_acc16_lr1e4
TORDILHA-B_012_jpg.rf.0b5caafb1952d960be9aa54f5506bf96.jpg,FP,41,-1,0.0,0,1622,0,584.9604,0.46,seg_small_optA_r560_acc16_lr1e4
TORDILHA-B_012_jpg.rf.0b5caafb1952d960be9aa54f5506bf96.jpg,FP,42,-1,0.0,0,2435,0,878.1619,0.46,seg_small_optA_r560_acc16_lr1e4
TORDILHA-B_012_jpg.rf.0b5caafb1952d960be9aa54f5506bf96.jpg,FP,43,-1,0.0,0,3317,0,1196.2477,0.46,seg_small_optA_r560_acc16_lr1e4
TORDILHA-B_012_jpg.rf.0b5caafb1952d960be9aa54f5506bf96.jpg,FP,44,-1,0.0,0,1626,0,586.403,0.46,seg_small_optA_r560_acc16_lr1e4
TORDILHA-B_012_jpg.rf.0b5caafb1952d960be9aa54f5506bf96.jpg,FN,-1,36,0.0,145,0,52.293,0,0.46,seg_small_optA_r560_acc16_lr1e4
TORDILHA-B_012_jpg.rf.0b5caafb1952d960be9aa54f5506bf96.jpg,FN,-1,37,0.0,96,0,34.6216,0,0.46,seg_small_optA_r560_acc16_lr1e4
ROSILHA-M-D_006_jpg.rf.de71085683e9c7eb460be0f184fb31ac.jpg,TP,0,1,0.970097,17287,17170,6234.4085,6192.2135,0.46,seg_small_optA_r560_acc16_lr1e4
ROSILHA-M-D_006_jpg.rf.de71085683e9c7eb460be0f184fb31ac.jpg,TP,3,15,0.96233,7557,7602,2725.3674,2741.5962,0.46,seg_small_optA_r560_acc16_lr1e4
ROSILHA-M-D_006_jpg.rf.de71085683e9c7eb460be0f184fb31ac.jpg,TP,1,2,0.960837,10513,10766,3791.4234,3882.6657,0.46,seg_small_optA_r560_acc16_lr1e4
ROSILHA-M-D_006_jpg.rf.de71085683e9c7eb460be0f184fb31ac.jpg,TP,12,20,0.959133,9845,9858,3550.5149,3555.2033,0.46,seg_small_optA_r560_acc16_lr1e4
ROSILHA-M-D_006_jpg.rf.de71085683e9c7eb460be0f184fb31ac.jpg,TP,17,21,0.955334,8625,8404,3110.5324,3030.8306,0.46,seg_small_optA_r560_acc16_lr1e4
ROSILHA-M-D_006_jpg.rf.de71085683e9c7eb460be0f184fb31ac.jpg,TP,8,10,0.953517,4860,4806,1752.7174,1733.2427,0.46,seg_small_optA_r560_acc16_lr1e4
ROSILHA-M-D_006_jpg.rf.de71085683e9c7eb460be0f184fb31ac.jpg,TP,34,8,0.951996,4118,4096,1485.1214,1477.1873,0.46,seg_small_optA_r560_acc16_lr1e4
ROSILHA-M-D_006_jpg.rf.de71085683e9c7eb460be0f184fb31ac.jpg,TP,20,18,0.951882,2995,2968,1080.1211,1070.3838,0.46,seg_small_optA_r560_acc16_lr1e4
ROSILHA-M-D_006_jpg.rf.de71085683e9c7eb460be0f184fb31ac.jpg,TP,13,17,0.940869,5117,5288,1845.4022,1907.0719,0.46,seg_small_optA_r560_acc16_lr1e4
ROSILHA-M-D_006_jpg.rf.de71085683e9c7eb460be0f184fb31ac.jpg,TP,4,19,0.939421,5361,5364,1933.3988,1934.4807,0.46,seg_small_optA_r560_acc16_lr1e4
ROSILHA-M-D_006_jpg.rf.de71085683e9c7eb460be0f184fb31ac.jpg,TP,7,22,0.938547,1959,1858,706.4966,670.0718,0.46,seg_small_optA_r560_acc16_lr1e4
ROSILHA-M-D_006_jpg.rf.de71085683e9c7eb460be0f184fb31ac.jpg,TP,19,5,0.938263,2820,2737,1017.0089,987.0756,0.46,seg_small_optA_r560_acc16_lr1e4
ROSILHA-M-D_006_jpg.rf.de71085683e9c7eb460be0f184fb31ac.jpg,TP,6,13,0.935783,3309,3172,1193.3625,1143.9547,0.46,seg_small_optA_r560_acc16_lr1e4
ROSILHA-M-D_006_jpg.rf.de71085683e9c7eb460be0f184fb31ac.jpg,TP,9,14,0.934783,2632,2619,949.2082,944.5199,0.46,seg_small_optA_r560_acc16_lr1e4
ROSILHA-M-D_006_jpg.rf.de71085683e9c7eb460be0f184fb31ac.jpg,TP,25,11,0.931776,5027,5308,1812.9445,1914.2848,0.46,seg_small_optA_r560_acc16_lr1e4
ROSILHA-M-D_006_jpg.rf.de71085683e9c7eb460be0f184fb31ac.jpg,TP,14,27,0.929553,2163,2192,780.0674,790.5261,0.46,seg_small_optA_r560_acc16_lr1e4
ROSILHA-M-D_006_jpg.rf.de71085683e9c7eb460be0f184fb31ac.jpg,TP,16,6,0.926316,2154,2055,776.8216,741.1182,0.46,seg_small_optA_r560_acc16_lr1e4
ROSILHA-M-D_006_jpg.rf.de71085683e9c7eb460be0f184fb31ac.jpg,TP,22,26,0.925886,2652,2675,956.4211,964.7158,0.46,seg_small_optA_r560_acc16_lr1e4
ROSILHA-M-D_006_jpg.rf.de71085683e9c7eb460be0f184fb31ac.jpg,TP,26,16,0.92418,1430,1387,515.7172,500.2097,0.46,seg_small_optA_r560_acc16_lr1e4
ROSILHA-M-D_006_jpg.rf.de71085683e9c7eb460be0f184fb31ac.jpg,TP,5,7,0.923461,3104,3053,1119.431,1101.0383,0.46,seg_small_optA_r560_acc16_lr1e4
ROSILHA-M-D_006_jpg.rf.de71085683e9c7eb460be0f184fb31ac.jpg,TP,11,25,0.920123,2847,2754,1026.7461,993.2065,0.46,seg_small_optA_r560_acc16_lr1e4
ROSILHA-M-D_006_jpg.rf.de71085683e9c7eb460be0f184fb31ac.jpg,TP,29,9,0.919658,2980,2850,1074.7115,1027.8281,0.46,seg_small_optA_r560_acc16_lr1e4
ROSILHA-M-D_006_jpg.rf.de71085683e9c7eb460be0f184fb31ac.jpg,TP,21,28,0.906228,1333,1330,480.7351,479.6531,0.46,seg_small_optA_r560_acc16_lr1e4
ROSILHA-M-D_006_jpg.rf.de71085683e9c7eb460be0f184fb31ac.jpg,TP,15,3,0.896196,1493,1448,538.4377,522.2088,0.46,seg_small_optA_r560_acc16_lr1e4
ROSILHA-M-D_006_jpg.rf.de71085683e9c7eb460be0f184fb31ac.jpg,TP,2,0,0.894682,6002,6645,2164.5699,2396.4624,0.46,seg_small_optA_r560_acc16_lr1e4
ROSILHA-M-D_006_jpg.rf.de71085683e9c7eb460be0f184fb31ac.jpg,TP,18,4,0.891188,2867,2799,1033.959,1009.4354,0.46,seg_small_optA_r560_acc16_lr1e4
ROSILHA-M-D_006_jpg.rf.de71085683e9c7eb460be0f184fb31ac.jpg,TP,27,12,0.883929,3722,3452,1342.3074,1244.9343,0.46,seg_small_optA_r560_acc16_lr1e4
ROSILHA-M-D_006_jpg.rf.de71085683e9c7eb460be0f184fb31ac.jpg,TP,23,29,0.870223,1234,1115,445.0315,402.1152,0.46,seg_small_optA_r560_acc16_lr1e4
ROSILHA-M-D_006_jpg.rf.de71085683e9c7eb460be0f184fb31ac.jpg,TP,10,36,0.816257,1309,1350,472.0797,486.866,0.46,seg_small_optA_r560_acc16_lr1e4
ROSILHA-M-D_006_jpg.rf.de71085683e9c7eb460be0f184fb31ac.jpg,TP,31,30,0.741935,150,120,54.0962,43.277,0.46,seg_small_optA_r560_acc16_lr1e4
ROSILHA-M-D_006_jpg.rf.de71085683e9c7eb460be0f184fb31ac.jpg,TP,32,31,0.738956,200,233,72.1283,84.0295,0.46,seg_small_optA_r560_acc16_lr1e4
ROSILHA-M-D_006_jpg.rf.de71085683e9c7eb460be0f184fb31ac.jpg,TP,24,38,0.735744,1179,1317,425.1963,474.9648,0.46,seg_small_optA_r560_acc16_lr1e4
ROSILHA-M-D_006_jpg.rf.de71085683e9c7eb460be0f184fb31ac.jpg,TP,30,37,0.677966,116,82,41.8344,29.5726,0.46,seg_small_optA_r560_acc16_lr1e4
ROSILHA-M-D_006_jpg.rf.de71085683e9c7eb460be0f184fb31ac.jpg,TP,28,24,0.659218,3546,2394,1278.8345,863.3756,0.46,seg_small_optA_r560_acc16_lr1e4
ROSILHA-M-D_006_jpg.rf.de71085683e9c7eb460be0f184fb31ac.jpg,FP,33,-1,0.0,0,35,0,12.6225,0.46,seg_small_optA_r560_acc16_lr1e4
ROSILHA-M-D_006_jpg.rf.de71085683e9c7eb460be0f184fb31ac.jpg,FP,35,-1,0.0,0,988,0,356.3137,0.46,seg_small_optA_r560_acc16_lr1e4
ROSILHA-M-D_006_jpg.rf.de71085683e9c7eb460be0f184fb31ac.jpg,FN,-1,23,0.0,172,0,62.0303,0,0.46,seg_small_optA_r560_acc16_lr1e4
ROSILHA-M-D_006_jpg.rf.de71085683e9c7eb460be0f184fb31ac.jpg,FN,-1,32,0.0,30,0,10.8192,0,0.46,seg_small_optA_r560_acc16_lr1e4
ROSILHA-M-D_006_jpg.rf.de71085683e9c7eb460be0f184fb31ac.jpg,FN,-1,33,0.0,312,0,112.5202,0,0.46,seg_small_optA_r560_acc16_lr1e4
ROSILHA-M-D_006_jpg.rf.de71085683e9c7eb460be0f184fb31ac.jpg,FN,-1,34,0.0,317,0,114.3233,0,0.46,seg_small_optA_r560_acc16_lr1e4
ROSILHA-M-D_006_jpg.rf.de71085683e9c7eb460be0f184fb31ac.jpg,FN,-1,35,0.0,33,0,11.9012,0,0.46,seg_small_optA_r560_acc16_lr1e4
TOSTADA-B_003_jpg.rf.ef070508fe8cf028db79cd03961c37d8.jpg,TP,0,9,0.96898,8594,8544,3099.3525,3081.3205,0.46,seg_small_optA_r560_acc16_lr1e4
TOSTADA-B_003_jpg.rf.ef070508fe8cf028db79cd03961c37d8.jpg,TP,5,18,0.962001,7191,7163,2593.3726,2583.2747,0.46,seg_small_optA_r560_acc16_lr1e4
TOSTADA-B_003_jpg.rf.ef070508fe8cf028db79cd03961c37d8.jpg,TP,1,23,0.957462,2700,2730,973.7319,984.5511,0.46,seg_small_optA_r560_acc16_lr1e4
TOSTADA-B_003_jpg.rf.ef070508fe8cf028db79cd03961c37d8.jpg,TP,11,15,0.955636,7647,7517,2757.8251,2710.9417,0.46,seg_small_optA_r560_acc16_lr1e4
TOSTADA-B_003_jpg.rf.ef070508fe8cf028db79cd03961c37d8.jpg,TP,3,2,0.954528,2499,2487,901.243,896.9152,0.46,seg_small_optA_r560_acc16_lr1e4
TOSTADA-B_003_jpg.rf.ef070508fe8cf028db79cd03961c37d8.jpg,TP,10,4,0.954351,3678,3643,1326.4392,1313.8168,0.46,seg_small_optA_r560_acc16_lr1e4
TOSTADA-B_003_jpg.rf.ef070508fe8cf028db79cd03961c37d8.jpg,TP,24,20,0.95328,1975,1955,712.2668,705.054,0.46,seg_small_optA_r560_acc16_lr1e4
TOSTADA-B_003_jpg.rf.ef070508fe8cf028db79cd03961c37d8.jpg,TP,4,0,0.952855,4434,4389,1599.0841,1582.8553,0.46,seg_small_optA_r560_acc16_lr1e4
TOSTADA-B_003_jpg.rf.ef070508fe8cf028db79cd03961c37d8.jpg,TP,12,3,0.951913,6326,6176,2281.4177,2227.3216,0.46,seg_small_optA_r560_acc16_lr1e4
TOSTADA-B_003_jpg.rf.ef070508fe8cf028db79cd03961c37d8.jpg,TP,19,14,0.948672,5311,5471,1915.3666,1973.0693,0.46,seg_small_optA_r560_acc16_lr1e4
TOSTADA-B_003_jpg.rf.ef070508fe8cf028db79cd03961c37d8.jpg,TP,2,22,0.940464,1931,1915,696.3986,690.6284,0.46,seg_small_optA_r560_acc16_lr1e4
TOSTADA-B_003_jpg.rf.ef070508fe8cf028db79cd03961c37d8.jpg,TP,21,21,0.93952,2837,2743,1023.1398,989.2395,0.46,seg_small_optA_r560_acc16_lr1e4
TOSTADA-B_003_jpg.rf.ef070508fe8cf028db79cd03961c37d8.jpg,TP,6,10,0.939144,2462,2477,887.8992,893.3088,0.46,seg_small_optA_r560_acc16_lr1e4
TOSTADA-B_003_jpg.rf.ef070508fe8cf028db79cd03961c37d8.jpg,TP,25,24,0.931859,4317,4245,1556.8891,1530.9229,0.46,seg_small_optA_r560_acc16_lr1e4
TOSTADA-B_003_jpg.rf.ef070508fe8cf028db79cd03961c37d8.jpg,TP,13,25,0.926811,1281,1299,461.9817,468.4733,0.46,seg_small_optA_r560_acc16_lr1e4
TOSTADA-B_003_jpg.rf.ef070508fe8cf028db79cd03961c37d8.jpg,TP,9,5,0.91342,670,656,241.6298,236.5808,0.46,seg_small_optA_r560_acc16_lr1e4
TOSTADA-B_003_jpg.rf.ef070508fe8cf028db79cd03961c37d8.jpg,TP,7,19,0.912195,1320,1424,476.0467,513.5534,0.46,seg_small_optA_r560_acc16_lr1e4
TOSTADA-B_003_jpg.rf.ef070508fe8cf028db79cd03961c37d8.jpg,TP,8,12,0.884103,875,962,315.5613,346.9371,0.46,seg_small_optA_r560_acc16_lr1e4
TOSTADA-B_003_jpg.rf.ef070508fe8cf028db79cd03961c37d8.jpg,TP,14,6,0.883871,279,305,100.619,109.9956,0.46,seg_small_optA_r560_acc16_lr1e4
TOSTADA-B_003_jpg.rf.ef070508fe8cf028db79cd03961c37d8.jpg,TP,23,11,0.86849,9846,10784,3550.8756,3889.1573,0.46,seg_small_optA_r560_acc16_lr1e4
TOSTADA-B_003_jpg.rf.ef070508fe8cf028db79cd03961c37d8.jpg,TP,17,16,0.858372,7140,6467,2574.9798,2332.2682,0.46,seg_small_optA_r560_acc16_lr1e4
TOSTADA-B_003_jpg.rf.ef070508fe8cf028db79cd03961c37d8.jpg,TP,18,1,0.823989,5401,6278,1947.8244,2264.107,0.46,seg_small_optA_r560_acc16_lr1e4
TOSTADA-B_003_jpg.rf.ef070508fe8cf028db79cd03961c37d8.jpg,TP,22,7,0.627386,2976,1968,1073.2689,709.7424,0.46,seg_small_optA_r560_acc16_lr1e4
TOSTADA-B_003_jpg.rf.ef070508fe8cf028db79cd03961c37d8.jpg,FP,15,-1,0.0,0,7068,0,2549.0137,0.46,seg_small_optA_r560_acc16_lr1e4
TOSTADA-B_003_jpg.rf.ef070508fe8cf028db79cd03961c37d8.jpg,FP,16,-1,0.0,0,1390,0,501.2916,0.46,seg_small_optA_r560_acc16_lr1e4
TOSTADA-B_003_jpg.rf.ef070508fe8cf028db79cd03961c37d8.jpg,FP,20,-1,0.0,0,4736,0,1707.9978,0.46,seg_small_optA_r560_acc16_lr1e4
TOSTADA-B_003_jpg.rf.ef070508fe8cf028db79cd03961c37d8.jpg,FP,26,-1,0.0,0,2648,0,954.9785,0.46,seg_small_optA_r560_acc16_lr1e4
TOSTADA-B_003_jpg.rf.ef070508fe8cf028db79cd03961c37d8.jpg,FN,-1,8,0.0,210,0,75.7347,0,0.46,seg_small_optA_r560_acc16_lr1e4
TOSTADA-B_003_jpg.rf.ef070508fe8cf028db79cd03961c37d8.jpg,FN,-1,13,0.0,908,0,327.4624,0,0.46,seg_small_optA_r560_acc16_lr1e4
TOSTADA-B_003_jpg.rf.ef070508fe8cf028db79cd03961c37d8.jpg,FN,-1,17,0.0,14751,0,5319.8219,0,0.46,seg_small_optA_r560_acc16_lr1e4
TORDILHA-D_001_jpg.rf.36e39c15aad81283f9bcc0f8afcd649f.jpg,TP,0,11,0.962138,5431,5400,1958.6436,1947.4638,0.46,seg_small_optA_r560_acc16_lr1e4
TORDILHA-D_001_jpg.rf.36e39c15aad81283f9bcc0f8afcd649f.jpg,TP,7,2,0.96031,31397,30588,11323.0593,11031.3003,0.46,seg_small_optA_r560_acc16_lr1e4
TORDILHA-D_001_jpg.rf.36e39c15aad81283f9bcc0f8afcd649f.jpg,TP,13,0,0.955972,48439,47609,17469.1107,17169.7783,0.46,seg_small_optA_r560_acc16_lr1e4
TORDILHA-D_001_jpg.rf.36e39c15aad81283f9bcc0f8afcd649f.jpg,TP,2,9,0.953555,1051,1010,379.0342,364.2478,0.46,seg_small_optA_r560_acc16_lr1e4
TORDILHA-D_001_jpg.rf.36e39c15aad81283f9bcc0f8afcd649f.jpg,TP,20,20,0.95283,1973,1960,711.5455,706.8572,0.46,seg_small_optA_r560_acc16_lr1e4
TORDILHA-D_001_jpg.rf.36e39c15aad81283f9bcc0f8afcd649f.jpg,TP,3,16,0.950112,7522,7332,2712.7449,2644.223,0.46,seg_small_optA_r560_acc16_lr1e4
TORDILHA-D_001_jpg.rf.36e39c15aad81283f9bcc0f8afcd649f.jpg,TP,5,8,0.920177,417,449,150.3875,161.928,0.46,seg_small_optA_r560_acc16_lr1e4
TORDILHA-D_001_jpg.rf.36e39c15aad81283f9bcc0f8afcd649f.jpg,TP,23,18,0.918692,8714,8890,3142.6295,3206.1024,0.46,seg_small_optA_r560_acc16_lr1e4
TORDILHA-D_001_jpg.rf.36e39c15aad81283f9bcc0f8afcd649f.jpg,TP,1,7,0.914394,9972,9260,3596.3164,3339.5397,0.46,seg_small_optA_r560_acc16_lr1e4
TORDILHA-D_001_jpg.rf.36e39c15aad81283f9bcc0f8afcd649f.jpg,TP,15,17,0.911594,3871,3697,1396.043,1333.2914,0.46,seg_small_optA_r560_acc16_lr1e4
TORDILHA-D_001_jpg.rf.36e39c15aad81283f9bcc0f8afcd649f.jpg,TP,6,10,0.896167,1421,1300,512.4715,468.8339,0.46,seg_small_optA_r560_acc16_lr1e4
TORDILHA-D_001_jpg.rf.36e39c15aad81283f9bcc0f8afcd649f.jpg,TP,11,13,0.87361,1873,1833,675.4814,661.0558,0.46,seg_small_optA_r560_acc16_lr1e4
TORDILHA-D_001_jpg.rf.36e39c15aad81283f9bcc0f8afcd649f.jpg,TP,8,21,0.868705,2030,2126,732.1021,766.7237,0.46,seg_small_optA_r560_acc16_lr1e4
TORDILHA-D_001_jpg.rf.36e39c15aad81283f9bcc0f8afcd649f.jpg,TP,12,6,0.861971,24325,21014,8772.603,7578.5192,0.46,seg_small_optA_r560_acc16_lr1e4
TORDILHA-D_001_jpg.rf.36e39c15aad81283f9bcc0f8afcd649f.jpg,TP,10,15,0.860955,7379,6500,2661.1732,2344.1694,0.46,seg_small_optA_r560_acc16_lr1e4
TORDILHA-D_001_jpg.rf.36e39c15aad81283f9bcc0f8afcd649f.jpg,TP,4,12,0.859608,6709,5901,2419.5434,2128.1452,0.46,seg_small_optA_r560_acc16_lr1e4
TORDILHA-D_001_jpg.rf.36e39c15aad81283f9bcc0f8afcd649f.jpg,TP,19,19,0.765116,372,387,134.1586,139.5682,0.46,seg_small_optA_r560_acc16_lr1e4
TORDILHA-D_001_jpg.rf.36e39c15aad81283f9bcc0f8afcd649f.jpg,TP,18,22,0.746186,646,613,232.9744,221.0732,0.46,seg_small_optA_r560_acc16_lr1e4
TORDILHA-D_001_jpg.rf.36e39c15aad81283f9bcc0f8afcd649f.jpg,TP,16,1,0.635184,25282,17707,9117.7368,6385.878,0.46,seg_small_optA_r560_acc16_lr1e4
TORDILHA-D_001_jpg.rf.36e39c15aad81283f9bcc0f8afcd649f.jpg,TP,22,14,0.531698,3113,1695,1122.6768,611.2873,0.46,seg_small_optA_r560_acc16_lr1e4
TORDILHA-D_001_jpg.rf.36e39c15aad81283f9bcc0f8afcd649f.jpg,FP,9,-1,0.0,0,624,0,225.0402,0.46,seg_small_optA_r560_acc16_lr1e4
TORDILHA-D_001_jpg.rf.36e39c15aad81283f9bcc0f8afcd649f.jpg,FP,14,-1,0.0,0,5215,0,1880.7451,0.46,seg_small_optA_r560_acc16_lr1e4
TORDILHA-D_001_jpg.rf.36e39c15aad81283f9bcc0f8afcd649f.jpg,FP,17,-1,0.0,0,781,0,281.661,0.46,seg_small_optA_r560_acc16_lr1e4
TORDILHA-D_001_jpg.rf.36e39c15aad81283f9bcc0f8afcd649f.jpg,FP,21,-1,0.0,0,1853,0,668.2686,0.46,seg_small_optA_r560_acc16_lr1e4
TORDILHA-D_001_jpg.rf.36e39c15aad81283f9bcc0f8afcd649f.jpg,FN,-1,3,0.0,7881,0,2842.2152,0,0.46,seg_small_optA_r560_acc16_lr1e4
TORDILHA-D_001_jpg.rf.36e39c15aad81283f9bcc0f8afcd649f.jpg,FN,-1,4,0.0,10308,0,3717.4919,0,0.46,seg_small_optA_r560_acc16_lr1e4
TORDILHA-D_001_jpg.rf.36e39c15aad81283f9bcc0f8afcd649f.jpg,FN,-1,5,0.0,6181,0,2229.1247,0,0.46,seg_small_optA_r560_acc16_lr1e4
TORDILHA-D_001_jpg.rf.36e39c15aad81283f9bcc0f8afcd649f.jpg,FN,-1,23,0.0,138,0,49.7685,0,0.46,seg_small_optA_r560_acc16_lr1e4
TOSTADA-G_009_jpg.rf.506f019d1e54427e5f81510789439725.jpg,TP,5,41,0.962841,1204,1173,434.2123,423.0324,0.46,seg_small_optA_r560_acc16_lr1e4
TOSTADA-G_009_jpg.rf.506f019d1e54427e5f81510789439725.jpg,TP,36,17,0.962181,3119,3107,1124.8407,1120.5129,0.46,seg_small_optA_r560_acc16_lr1e4
TOSTADA-G_009_jpg.rf.506f019d1e54427e5f81510789439725.jpg,TP,2,33,0.95264,6702,6574,2417.0189,2370.8568,0.46,seg_small_optA_r560_acc16_lr1e4
TOSTADA-G_009_jpg.rf.506f019d1e54427e5f81510789439725.jpg,TP,25,22,0.951674,2314,2290,834.5243,825.8689,0.46,seg_small_optA_r560_acc16_lr1e4
TOSTADA-G_009_jpg.rf.506f019d1e54427e5f81510789439725.jpg,TP,12,5,0.951606,2324,2233,838.1307,805.3123,0.46,seg_small_optA_r560_acc16_lr1e4
TOSTADA-G_009_jpg.rf.506f019d1e54427e5f81510789439725.jpg,TP,17,40,0.945504,1094,1048,394.5418,377.9522,0.46,seg_small_optA_r560_acc16_lr1e4
TOSTADA-G_009_jpg.rf.506f019d1e54427e5f81510789439725.jpg,TP,23,27,0.945051,7514,7282,2709.8598,2626.191,0.46,seg_small_optA_r560_acc16_lr1e4
TOSTADA-G_009_jpg.rf.506f019d1e54427e5f81510789439725.jpg,TP,37,19,0.944665,5436,5318,1960.4469,1917.8912,0.46,seg_small_optA_r560_acc16_lr1e4
TOSTADA-G_009_jpg.rf.506f019d1e54427e5f81510789439725.jpg,TP,29,34,0.942907,3351,3319,1208.5095,1196.9689,0.46,seg_small_optA_r560_acc16_lr1e4
TOSTADA-G_009_jpg.rf.506f019d1e54427e5f81510789439725.jpg,TP,16,21,0.942229,10345,9961,3730.8357,3592.3494,0.46,seg_small_optA_r560_acc16_lr1e4
TOSTADA-G_009_jpg.rf.506f019d1e54427e5f81510789439725.jpg,TP,10,2,0.942053,12821,12583,4623.7839,4537.9512,0.46,seg_small_optA_r560_acc16_lr1e4
TOSTADA-G_009_jpg.rf.506f019d1e54427e5f81510789439725.jpg,TP,31,6,0.94087,8009,7648,2888.3773,2758.1857,0.46,seg_small_optA_r560_acc16_lr1e4
TOSTADA-G_009_jpg.rf.506f019d1e54427e5f81510789439725.jpg,TP,38,18,0.934396,2677,2542,965.4371,916.7505,0.46,seg_small_optA_r560_acc16_lr1e4
TOSTADA-G_009_jpg.rf.506f019d1e54427e5f81510789439725.jpg,TP,35,10,0.930289,12342,11582,4451.0366,4176.9491,0.46,seg_small_optA_r560_acc16_lr1e4
TOSTADA-G_009_jpg.rf.506f019d1e54427e5f81510789439725.jpg,TP,22,20,0.929714,1703,1674,614.1724,603.7138,0.46,seg_small_optA_r560_acc16_lr1e4
TOSTADA-G_009_jpg.rf.506f019d1e54427e5f81510789439725.jpg,TP,1,28,0.9294,2059,1931,742.5607,696.3986,0.46,seg_small_optA_r560_acc16_lr1e4
TOSTADA-G_009_jpg.rf.506f019d1e54427e5f81510789439725.jpg,TP,0,24,0.929321,1424,1333,513.5534,480.7351,0.46,seg_small_optA_r560_acc16_lr1e4
TOSTADA-G_009_jpg.rf.506f019d1e54427e5f81510789439725.jpg,TP,26,9,0.928845,9497,9153,3425.0118,3300.9511,0.46,seg_small_optA_r560_acc16_lr1e4
TOSTADA-G_009_jpg.rf.506f019d1e54427e5f81510789439725.jpg,TP,15,37,0.927021,3293,3097,1187.5922,1116.9065,0.46,seg_small_optA_r560_acc16_lr1e4
TOSTADA-G_009_jpg.rf.506f019d1e54427e5f81510789439725.jpg,TP,21,26,0.926726,2761,2682,995.731,967.2404,0.46,seg_small_optA_r560_acc16_lr1e4
TOSTADA-G_009_jpg.rf.506f019d1e54427e5f81510789439725.jpg,TP,11,31,0.922991,3593,3324,1295.7847,1198.7722,0.46,seg_small_optA_r560_acc16_lr1e4
TOSTADA-G_009_jpg.rf.506f019d1e54427e5f81510789439725.jpg,TP,7,23,0.916213,1837,1685,662.4983,607.6809,0.46,seg_small_optA_r560_acc16_lr1e4
TOSTADA-G_009_jpg.rf.506f019d1e54427e5f81510789439725.jpg,TP,34,16,0.914971,3285,3021,1184.7071,1089.4978,0.46,seg_small_optA_r560_acc16_lr1e4
TOSTADA-G_009_jpg.rf.506f019d1e54427e5f81510789439725.jpg,TP,18,32,0.912532,2339,2209,843.5403,796.657,0.46,seg_small_optA_r560_acc16_lr1e4
TOSTADA-G_009_jpg.rf.506f019d1e54427e5f81510789439725.jpg,TP,6,38,0.912164,4160,3873,1500.2684,1396.7643,0.46,seg_small_optA_r560_acc16_lr1e4
TOSTADA-G_009_jpg.rf.506f019d1e54427e5f81510789439725.jpg,TP,9,35,0.910348,2524,2313,910.259,834.1637,0.46,seg_small_optA_r560_acc16_lr1e4
TOSTADA-G_009_jpg.rf.506f019d1e54427e5f81510789439725.jpg,TP,19,39,0.905431,1540,1442,555.3879,520.045,0.46,seg_small_optA_r560_acc16_lr1e4
TOSTADA-G_009_jpg.rf.506f019d1e54427e5f81510789439725.jpg,TP,24,13,0.898122,4214,3872,1519.743,1396.4037,0.46,seg_small_optA_r560_acc16_lr1e4
TOSTADA-G_009_jpg.rf.506f019d1e54427e5f81510789439725.jpg,TP,3,36,0.895375,2631,2369,948.8476,854.3596,0.46,seg_small_optA_r560_acc16_lr1e4
TOSTADA-G_009_jpg.rf.506f019d1e54427e5f81510789439725.jpg,TP,14,29,0.892099,1166,1061,420.5079,382.6405,0.46,seg_small_optA_r560_acc16_lr1e4
TOSTADA-G_009_jpg.rf.506f019d1e54427e5f81510789439725.jpg,TP,27,4,0.887263,2480,2291,894.3908,826.2295,0.46,seg_small_optA_r560_acc16_lr1e4
TOSTADA-G_009_jpg.rf.506f019d1e54427e5f81510789439725.jpg,TP,8,25,0.876877,969,906,349.4615,326.7411,0.46,seg_small_optA_r560_acc16_lr1e4
TOSTADA-G_009_jpg.rf.506f019d1e54427e5f81510789439725.jpg,TP,20,30,0.874168,1597,1501,575.9444,541.3228,0.46,seg_small_optA_r560_acc16_lr1e4
TOSTADA-G_009_jpg.rf.506f019d1e54427e5f81510789439725.jpg,TP,33,3,0.857817,1668,1481,601.5499,534.11,0.46,seg_small_optA_r560_acc16_lr1e4
TOSTADA-G_009_jpg.rf.506f019d1e54427e5f81510789439725.jpg,TP,28,0,0.819334,598,550,215.6635,198.3528,0.46,seg_small_optA_r560_acc16_lr1e4
TOSTADA-G_009_jpg.rf.506f019d1e54427e5f81510789439725.jpg,TP,30,1,0.817778,372,446,134.1586,160.8461,0.46,seg_small_optA_r560_acc16_lr1e4
TOSTADA-G_009_jpg.rf.506f019d1e54427e5f81510789439725.jpg,TP,13,7,0.752675,20870,22535,7526.5868,8127.0548,0.46,seg_small_optA_r560_acc16_lr1e4
TOSTADA-G_009_jpg.rf.506f019d1e54427e5f81510789439725.jpg,TP,4,14,0.733092,7144,9154,2576.4224,3301.3118,0.46,seg_small_optA_r560_acc16_lr1e4
TOSTADA-G_009_jpg.rf.506f019d1e54427e5f81510789439725.jpg,TP,32,11,0.64234,7076,10387,2551.8988,3745.9826,0.46,seg_small_optA_r560_acc16_lr1e4
TOSTADA-G_009_jpg.rf.506f019d1e54427e5f81510789439725.jpg,FP,39,-1,0.0,0,7976,0,2876.4761,0.46,seg_small_optA_r560_acc16_lr1e4
TOSTADA-G_009_jpg.rf.506f019d1e54427e5f81510789439725.jpg,FN,-1,8,0.0,4178,0,1506.7599,0,0.46,seg_small_optA_r560_acc16_lr1e4
TOSTADA-G_009_jpg.rf.506f019d1e54427e5f81510789439725.jpg,FN,-1,12,0.0,3533,0,1274.1462,0,0.46,seg_small_optA_r560_acc16_lr1e4
TOSTADA-G_009_jpg.rf.506f019d1e54427e5f81510789439725.jpg,FN,-1,15,0.0,2526,0,910.9803,0,0.46,seg_small_optA_r560_acc16_lr1e4
