Image,Match_Type,AI_Index,GT_Index,IoU,GT_Area_px,AI_Area_px,GT_Area_um2,AI_Area_um2,Conf,Run
ROSILHA-M-G_005_jpg.rf.afae2fb85329c0fe56679d51ca1c64fd.jpg,TP,1,1,0.973084,14304,14138,6898.1481,6818.0941,0.44,seg_large_r672_auto
ROSILHA-M-G_005_jpg.rf.afae2fb85329c0fe56679d51ca1c64fd.jpg,TP,5,10,0.96229,7316,7150,3528.1636,3448.1096,0.44,seg_large_r672_auto
ROSILHA-M-G_005_jpg.rf.afae2fb85329c0fe56679d51ca1c64fd.jpg,TP,2,2,0.944207,6509,6245,3138.9853,3011.6705,0.44,seg_large_r672_auto
ROSILHA-M-G_005_jpg.rf.afae2fb85329c0fe56679d51ca1c64fd.jpg,TP,3,0,0.920613,718,661,346.2577,318.7693,0.44,seg_large_r672_auto
ROSILHA-M-G_005_jpg.rf.afae2fb85329c0fe56679d51ca1c64fd.jpg,TP,4,7,0.911506,5051,4734,2435.8603,2282.9861,0.44,seg_large_r672_auto
ROSILHA-M-G_005_jpg.rf.afae2fb85329c0fe56679d51ca1c64fd.jpg,TP,9,9,0.911015,8020,7421,3867.6698,3578.8002,0.44,seg_large_r672_auto
ROSILHA-M-G_005_jpg.rf.afae2fb85329c0fe56679d51ca1c64fd.jpg,TP,12,4,0.836088,36657,42449,17677.9514,20471.1613,0.44,seg_large_r672_auto
ROSILHA-M-G_005_jpg.rf.afae2fb85329c0fe56679d51ca1c64fd.jpg,TP,0,6,0.731162,22162,29920,10687.6929,14429.0123,0.44,seg_large_r672_auto
ROSILHA-M-G_005_jpg.rf.afae2fb85329c0fe56679d51ca1c64fd.jpg,TP,6,3,0.726804,194,141,93.5571,67.9977,0.44,seg_large_r672_auto
ROSILHA-M-G_005_jpg.rf.afae2fb85329c0fe56679d51ca1c64fd.jpg,TP,7,8,0.682813,14585,10324,7033.6613,4978.7809,0.44,seg_large_r672_auto
ROSILHA-M-G_005_jpg.rf.afae2fb85329c0fe56679d51ca1c64fd.jpg,TP,10,11,0.543222,23080,41277,11130.4012,19905.9606,0.44,seg_large_r672_auto
ROSILHA-M-G_005_jpg.rf.afae2fb85329c0fe56679d51ca1c64fd.jpg,FP,8,-1,0.0,0,88,0.0,42.4383,0.44,seg_large_r672_auto
ROSILHA-M-G_005_jpg.rf.afae2fb85329c0fe56679d51ca1c64fd.jpg,FP,11,-1,0.0,0,173,0.0,83.4298,0.44,seg_large_r672_auto
ROSILHA-M-G_005_jpg.rf.afae2fb85329c0fe56679d51ca1c64fd.jpg,FN,-1,5,0.0,14104,0,6801.6975,0.0,0.44,seg_large_r672_auto
ROSILHA-M-G_005_jpg.rf.afae2fb85329c0fe56679d51ca1c64fd.jpg,FN,-1,12,0.0,6836,0,3296.6821,0.0,0.44,seg_large_r672_auto
ZAZA-G_010_jpg.rf.cd14098445a0a54c10014aaa7d8f975c.jpg,TP,15,25,0.971204,3424,3353,1651.2346,1616.9946,0.44,seg_large_r672_auto
ZAZA-G_010_jpg.rf.cd14098445a0a54c10014aaa7d8f975c.jpg,TP,24,8,0.962142,11911,11723,5744.1165,5653.4529,0.44,seg_large_r672_auto
ZAZA-G_010_jpg.rf.cd14098445a0a54c10014aaa7d8f975c.jpg,TP,23,9,0.961112,7429,7246,3582.6582,3494.4059,0.44,seg_large_r672_auto
ZAZA-G_010_jpg.rf.cd14098445a0a54c10014aaa7d8f975c.jpg,TP,0,5,0.958402,8324,8201,4014.2747,3954.9576,0.44,seg_large_r672_auto
ZAZA-G_010_jpg.rf.cd14098445a0a54c10014aaa7d8f975c.jpg,TP,3,3,0.955818,5443,5314,2624.9035,2562.6929,0.44,seg_large_r672_auto
ZAZA-G_010_jpg.rf.cd14098445a0a54c10014aaa7d8f975c.jpg,TP,21,26,0.952817,2076,1980,1001.1574,954.8611,0.44,seg_large_r672_auto
ZAZA-G_010_jpg.rf.cd14098445a0a54c10014aaa7d8f975c.jpg,TP,19,28,0.947592,2809,2691,1354.6489,1297.7431,0.44,seg_large_r672_auto
ZAZA-G_010_jpg.rf.cd14098445a0a54c10014aaa7d8f975c.jpg,TP,13,23,0.94276,5263,5055,2538.098,2437.7894,0.44,seg_large_r672_auto
ZAZA-G_010_jpg.rf.cd14098445a0a54c10014aaa7d8f975c.jpg,TP,10,7,0.941736,4205,3960,2027.8742,1909.7222,0.44,seg_large_r672_auto
ZAZA-G_010_jpg.rf.cd14098445a0a54c10014aaa7d8f975c.jpg,TP,6,24,0.936405,5708,5345,2752.7006,2577.6427,0.44,seg_large_r672_auto
ZAZA-G_010_jpg.rf.cd14098445a0a54c10014aaa7d8f975c.jpg,TP,1,11,0.934948,5119,4786,2468.6535,2308.0633,0.44,seg_large_r672_auto
ZAZA-G_010_jpg.rf.cd14098445a0a54c10014aaa7d8f975c.jpg,TP,8,15,0.934684,3748,3509,1807.4846,1692.2261,0.44,seg_large_r672_auto
ZAZA-G_010_jpg.rf.cd14098445a0a54c10014aaa7d8f975c.jpg,TP,18,13,0.934595,4750,4449,2290.7022,2145.544,0.44,seg_large_r672_auto
ZAZA-G_010_jpg.rf.cd14098445a0a54c10014aaa7d8f975c.jpg,TP,4,27,0.934384,2341,2199,1128.9545,1060.4745,0.44,seg_large_r672_auto
ZAZA-G_010_jpg.rf.cd14098445a0a54c10014aaa7d8f975c.jpg,TP,17,16,0.93186,1629,1518,785.5903,732.0602,0.44,seg_large_r672_auto
ZAZA-G_010_jpg.rf.cd14098445a0a54c10014aaa7d8f975c.jpg,TP,5,10,0.927848,4026,3776,1941.5509,1820.9877,0.44,seg_large_r672_auto
ZAZA-G_010_jpg.rf.cd14098445a0a54c10014aaa7d8f975c.jpg,TP,11,0,0.91838,3305,3041,1593.8465,1466.5316,0.44,seg_large_r672_auto
ZAZA-G_010_jpg.rf.cd14098445a0a54c10014aaa7d8f975c.jpg,TP,25,2,0.910615,3728,3796,1797.8395,1830.6327,0.44,seg_large_r672_auto
ZAZA-G_010_jpg.rf.cd14098445a0a54c10014aaa7d8f975c.jpg,TP,14,21,0.906788,1968,1796,949.0741,866.1265,0.44,seg_large_r672_auto
ZAZA-G_010_jpg.rf.cd14098445a0a54c10014aaa7d8f975c.jpg,TP,7,1,0.905834,5627,5120,2713.6381,2469.1358,0.44,seg_large_r672_auto
ZAZA-G_010_jpg.rf.cd14098445a0a54c10014aaa7d8f975c.jpg,TP,12,6,0.904087,4180,3880,2015.8179,1871.142,0.44,seg_large_r672_auto
ZAZA-G_010_jpg.rf.cd14098445a0a54c10014aaa7d8f975c.jpg,TP,2,12,0.901096,6481,5840,3125.4823,2816.358,0.44,seg_large_r672_auto
ZAZA-G_010_jpg.rf.cd14098445a0a54c10014aaa7d8f975c.jpg,TP,16,14,0.886834,4595,4075,2215.9529,1965.1813,0.44,seg_large_r672_auto
ZAZA-G_010_jpg.rf.cd14098445a0a54c10014aaa7d8f975c.jpg,TP,20,17,0.886486,925,820,446.0841,395.4475,0.44,seg_large_r672_auto
ZAZA-G_010_jpg.rf.cd14098445a0a54c10014aaa7d8f975c.jpg,TP,22,22,0.883032,1385,1223,667.9205,589.7955,0.44,seg_large_r672_auto
ZAZA-G_010_jpg.rf.cd14098445a0a54c10014aaa7d8f975c.jpg,TP,9,4,0.877901,5107,4521,2462.8665,2180.2662,0.44,seg_large_r672_auto
ZAZA-G_010_jpg.rf.cd14098445a0a54c10014aaa7d8f975c.jpg,FN,-1,18,0.0,158,0,76.196,0.0,0.44,seg_large_r672_auto
ZAZA-G_010_jpg.rf.cd14098445a0a54c10014aaa7d8f975c.jpg,FN,-1,19,0.0,74,0,35.6867,0.0,0.44,seg_large_r672_auto
ZAZA-G_010_jpg.rf.cd14098445a0a54c10014aaa7d8f975c.jpg,FN,-1,20,0.0,30,0,14.4676,0.0,0.44,seg_large_r672_auto
ZAINA-679-B_010_jpg.rf.4a3c6644c7fdcdc349eacebe9a97fbd7.jpg,TP,28,36,0.971266,3107,3136,1498.3603,1512.3457,0.44,seg_large_r672_auto
ZAINA-679-B_010_jpg.rf.4a3c6644c7fdcdc349eacebe9a97fbd7.jpg,TP,0,9,0.968608,9594,9470,4626.7361,4566.9367,0.44,seg_large_r672_auto
ZAINA-679-B_010_jpg.rf.4a3c6644c7fdcdc349eacebe9a97fbd7.jpg,TP,12,13,0.967746,8965,8788,4323.3989,4238.0401,0.44,seg_large_r672_auto
ZAINA-679-B_010_jpg.rf.4a3c6644c7fdcdc349eacebe9a97fbd7.jpg,TP,29,6,0.965957,686,700,330.8256,337.5772,0.44,seg_large_r672_auto
ZAINA-679-B_010_jpg.rf.4a3c6644c7fdcdc349eacebe9a97fbd7.jpg,TP,1,8,0.96572,7791,7921,3757.2338,3819.9267,0.44,seg_large_r672_auto
ZAINA-679-B_010_jpg.rf.4a3c6644c7fdcdc349eacebe9a97fbd7.jpg,TP,4,15,0.96178,3494,3384,1684.9923,1631.9444,0.44,seg_large_r672_auto
ZAINA-679-B_010_jpg.rf.4a3c6644c7fdcdc349eacebe9a97fbd7.jpg,TP,11,22,0.960175,5593,5580,2697.2415,2690.9722,0.44,seg_large_r672_auto
ZAINA-679-B_010_jpg.rf.4a3c6644c7fdcdc349eacebe9a97fbd7.jpg,TP,19,7,0.958533,3645,3723,1757.8125,1795.4282,0.44,seg_large_r672_auto
ZAINA-679-B_010_jpg.rf.4a3c6644c7fdcdc349eacebe9a97fbd7.jpg,TP,26,2,0.958059,7920,8140,3819.4444,3925.5401,0.44,seg_large_r672_auto
ZAINA-679-B_010_jpg.rf.4a3c6644c7fdcdc349eacebe9a97fbd7.jpg,TP,2,3,0.956644,5277,5148,2544.8495,2482.6389,0.44,seg_large_r672_auto
ZAINA-679-B_010_jpg.rf.4a3c6644c7fdcdc349eacebe9a97fbd7.jpg,TP,20,10,0.956201,1953,2022,941.8403,975.1157,0.44,seg_large_r672_auto
ZAINA-679-B_010_jpg.rf.4a3c6644c7fdcdc349eacebe9a97fbd7.jpg,TP,8,31,0.955649,4449,4414,2145.544,2128.6651,0.44,seg_large_r672_auto
ZAINA-679-B_010_jpg.rf.4a3c6644c7fdcdc349eacebe9a97fbd7.jpg,TP,21,25,0.955572,3968,3823,1913.5802,1843.6535,0.44,seg_large_r672_auto
ZAINA-679-B_010_jpg.rf.4a3c6644c7fdcdc349eacebe9a97fbd7.jpg,TP,9,4,0.951674,2873,2781,1385.5131,1341.1458,0.44,seg_large_r672_auto
ZAINA-679-B_010_jpg.rf.4a3c6644c7fdcdc349eacebe9a97fbd7.jpg,TP,16,34,0.950907,3303,3254,1592.8819,1569.2515,0.44,seg_large_r672_auto
ZAINA-679-B_010_jpg.rf.4a3c6644c7fdcdc349eacebe9a97fbd7.jpg,TP,13,30,0.950888,2775,2826,1338.2523,1362.8472,0.44,seg_large_r672_auto
ZAINA-679-B_010_jpg.rf.4a3c6644c7fdcdc349eacebe9a97fbd7.jpg,TP,30,24,0.949271,3436,3519,1657.0216,1697.0486,0.44,seg_large_r672_auto
ZAINA-679-B_010_jpg.rf.4a3c6644c7fdcdc349eacebe9a97fbd7.jpg,TP,3,32,0.946971,4421,4354,2132.0409,2099.7299,0.44,seg_large_r672_auto
ZAINA-679-B_010_jpg.rf.4a3c6644c7fdcdc349eacebe9a97fbd7.jpg,TP,22,5,0.942852,5643,5882,2721.3542,2836.6127,0.44,seg_large_r672_auto
ZAINA-679-B_010_jpg.rf.4a3c6644c7fdcdc349eacebe9a97fbd7.jpg,TP,15,17,0.938506,2783,2639,1342.1103,1272.6659,0.44,seg_large_r672_auto
ZAINA-679-B_010_jpg.rf.4a3c6644c7fdcdc349eacebe9a97fbd7.jpg,TP,14,14,0.938225,3116,3065,1502.7006,1478.1057,0.44,seg_large_r672_auto
ZAINA-679-B_010_jpg.rf.4a3c6644c7fdcdc349eacebe9a97fbd7.jpg,TP,23,1,0.936453,1418,1355,683.8349,653.4529,0.44,seg_large_r672_auto
ZAINA-679-B_010_jpg.rf.4a3c6644c7fdcdc349eacebe9a97fbd7.jpg,TP,40,12,0.932761,2715,2689,1309.3171,1296.7785,0.44,seg_large_r672_auto
ZAINA-679-B_010_jpg.rf.4a3c6644c7fdcdc349eacebe9a97fbd7.jpg,TP,43,19,0.9241,1189,1270,573.3989,612.4614,0.44,seg_large_r672_auto
ZAINA-679-B_010_jpg.rf.4a3c6644c7fdcdc349eacebe9a97fbd7.jpg,TP,36,0,0.922353,1671,1597,805.8449,770.1582,0.44,seg_large_r672_auto
ZAINA-679-B_010_jpg.rf.4a3c6644c7fdcdc349eacebe9a97fbd7.jpg,TP,27,27,0.92167,3648,3810,1759.2593,1837.3843,0.44,seg_large_r672_auto
ZAINA-679-B_010_jpg.rf.4a3c6644c7fdcdc349eacebe9a97fbd7.jpg,TP,25,16,0.910428,712,717,343.3642,345.7755,0.44,seg_large_r672_auto
ZAINA-679-B_010_jpg.rf.4a3c6644c7fdcdc349eacebe9a97fbd7.jpg,TP,31,26,0.908157,1726,1619,832.3688,780.7677,0.44,seg_large_r672_auto
ZAINA-679-B_010_jpg.rf.4a3c6644c7fdcdc349eacebe9a97fbd7.jpg,TP,10,28,0.907588,2644,2434,1275.0772,1173.804,0.44,seg_large_r672_auto
ZAINA-679-B_010_jpg.rf.4a3c6644c7fdcdc349eacebe9a97fbd7.jpg,TP,6,29,0.886153,2468,2204,1190.2006,1062.8858,0.44,seg_large_r672_auto
ZAINA-679-B_010_jpg.rf.4a3c6644c7fdcdc349eacebe9a97fbd7.jpg,TP,42,37,0.851315,18142,16709,8749.0355,8057.9668,0.44,seg_large_r672_auto
ZAINA-679-B_010_jpg.rf.4a3c6644c7fdcdc349eacebe9a97fbd7.jpg,TP,34,21,0.75976,9378,7345,4522.5694,3542.1489,0.44,seg_large_r672_auto
ZAINA-679-B_010_jpg.rf.4a3c6644c7fdcdc349eacebe9a97fbd7.jpg,TP,18,23,0.641942,10078,6591,4860.1466,3178.5301,0.44,seg_large_r672_auto
ZAINA-679-B_010_jpg.rf.4a3c6644c7fdcdc349eacebe9a97fbd7.jpg,TP,5,33,0.593384,17987,11156,8674.2863,5380.0154,0.44,seg_large_r672_auto
ZAINA-679-B_010_jpg.rf.4a3c6644c7fdcdc349eacebe9a97fbd7.jpg,TP,17,35,0.562281,7597,4456,3663.6767,2148.9198,0.44,seg_large_r672_auto
ZAINA-679-B_010_jpg.rf.4a3c6644c7fdcdc349eacebe9a97fbd7.jpg,TP,38,11,0.500986,8543,4403,4119.8881,2123.3603,0.44,seg_large_r672_auto
ZAINA-679-B_010_jpg.rf.4a3c6644c7fdcdc349eacebe9a97fbd7.jpg,FP,7,-1,0.0,0,6916,0.0,3335.2623,0.44,seg_large_r672_auto
ZAINA-679-B_010_jpg.rf.4a3c6644c7fdcdc349eacebe9a97fbd7.jpg,FP,24,-1,0.0,0,3215,0.0,1550.4437,0.44,seg_large_r672_auto
ZAINA-679-B_010_jpg.rf.4a3c6644c7fdcdc349eacebe9a97fbd7.jpg,FP,32,-1,0.0,0,1726,0.0,832.3688,0.44,seg_large_r672_auto
ZAINA-679-B_010_jpg.rf.4a3c6644c7fdcdc349eacebe9a97fbd7.jpg,FP,33,-1,0.0,0,4118,0.0,1985.9182,0.44,seg_large_r672_auto
ZAINA-679-B_010_jpg.rf.4a3c6644c7fdcdc349eacebe9a97fbd7.jpg,FP,35,-1,0.0,0,3092,0.0,1491.1265,0.44,seg_large_r672_auto
ZAINA-679-B_010_jpg.rf.4a3c6644c7fdcdc349eacebe9a97fbd7.jpg,FP,37,-1,0.0,0,2815,0.0,1357.5424,0.44,seg_large_r672_auto
ZAINA-679-B_010_jpg.rf.4a3c6644c7fdcdc349eacebe9a97fbd7.jpg,FP,39,-1,0.0,0,1825,0.0,880.1119,0.44,seg_large_r672_auto
ZAINA-679-B_010_jpg.rf.4a3c6644c7fdcdc349eacebe9a97fbd7.jpg,FP,41,-1,0.0,0,6642,0.0,3203.125,0.44,seg_large_r672_auto
ZAINA-679-B_010_jpg.rf.4a3c6644c7fdcdc349eacebe9a97fbd7.jpg,FP,44,-1,0.0,0,1463,0.0,705.5363,0.44,seg_large_r672_auto
ZAINA-679-B_010_jpg.rf.4a3c6644c7fdcdc349eacebe9a97fbd7.jpg,FP,45,-1,0.0,0,1780,0.0,858.4105,0.44,seg_large_r672_auto
ZAINA-679-B_010_jpg.rf.4a3c6644c7fdcdc349eacebe9a97fbd7.jpg,FN,-1,18,0.0,6640,0,3202.1605,0.0,0.44,seg_large_r672_auto
ZAINA-679-B_010_jpg.rf.4a3c6644c7fdcdc349eacebe9a97fbd7.jpg,FN,-1,20,0.0,440,0,212.1914,0.0,0.44,seg_large_r672_auto
TP-B_001_jpg.rf.476ac40460a2659ffbad7973abf99d86.jpg,TP,21,18,0.967864,2619,2586,1263.0208,1247.1065,0.44,seg_large_r672_auto
TP-B_001_jpg.rf.476ac40460a2659ffbad7973abf99d86.jpg,TP,4,8,0.965859,27388,26911,13207.9475,12977.9128,0.44,seg_large_r672_auto
TP-B_001_jpg.rf.476ac40460a2659ffbad7973abf99d86.jpg,TP,5,12,0.95923,5670,5623,2734.375,2711.7091,0.44,seg_large_r672_auto
TP-B_001_jpg.rf.476ac40460a2659ffbad7973abf99d86.jpg,TP,1,15,0.955501,5634,5440,2717.0139,2623.4568,0.44,seg_large_r672_auto
TP-B_001_jpg.rf.476ac40460a2659ffbad7973abf99d86.jpg,TP,28,20,0.951983,3770,3710,1818.0941,1789.159,0.44,seg_large_r672_auto
TP-B_001_jpg.rf.476ac40460a2659ffbad7973abf99d86.jpg,TP,0,25,0.948851,13352,13014,6439.0432,6276.0417,0.44,seg_large_r672_auto
TP-B_001_jpg.rf.476ac40460a2659ffbad7973abf99d86.jpg,TP,8,10,0.948303,3139,3117,1513.7924,1503.1829,0.44,seg_large_r672_auto
TP-B_001_jpg.rf.476ac40460a2659ffbad7973abf99d86.jpg,TP,14,17,0.94772,4304,4153,2075.6173,2002.7971,0.44,seg_large_r672_auto
TP-B_001_jpg.rf.476ac40460a2659ffbad7973abf99d86.jpg,TP,6,9,0.946341,6233,6027,3005.8835,2906.5394,0.44,seg_large_r672_auto
TP-B_001_jpg.rf.476ac40460a2659ffbad7973abf99d86.jpg,TP,9,7,0.941088,3252,3206,1568.287,1546.1034,0.44,seg_large_r672_auto
TP-B_001_jpg.rf.476ac40460a2659ffbad7973abf99d86.jpg,TP,11,6,0.939322,1264,1197,609.5679,577.2569,0.44,seg_large_r672_auto
TP-B_001_jpg.rf.476ac40460a2659ffbad7973abf99d86.jpg,TP,13,4,0.938976,1997,1943,963.0594,937.0177,0.44,seg_large_r672_auto
TP-B_001_jpg.rf.476ac40460a2659ffbad7973abf99d86.jpg,TP,20,24,0.938235,4614,4455,2225.1157,2148.4375,0.44,seg_large_r672_auto
TP-B_001_jpg.rf.476ac40460a2659ffbad7973abf99d86.jpg,TP,7,11,0.937579,3125,3021,1507.0409,1456.8866,0.44,seg_large_r672_auto
TP-B_001_jpg.rf.476ac40460a2659ffbad7973abf99d86.jpg,TP,2,16,0.937544,6642,7039,3203.125,3394.5795,0.44,seg_large_r672_auto
TP-B_001_jpg.rf.476ac40460a2659ffbad7973abf99d86.jpg,TP,19,13,0.936394,4697,4497,2265.1427,2168.6921,0.44,seg_large_r672_auto
TP-B_001_jpg.rf.476ac40460a2659ffbad7973abf99d86.jpg,TP,12,14,0.934994,1638,1547,789.9306,746.0455,0.44,seg_large_r672_auto
TP-B_001_jpg.rf.476ac40460a2659ffbad7973abf99d86.jpg,TP,3,0,0.931151,4556,4588,2197.1451,2212.5772,0.44,seg_large_r672_auto
TP-B_001_jpg.rf.476ac40460a2659ffbad7973abf99d86.jpg,TP,10,3,0.926546,1506,1484,726.2731,715.6636,0.44,seg_large_r672_auto
TP-B_001_jpg.rf.476ac40460a2659ffbad7973abf99d86.jpg,TP,18,2,0.925325,2746,2591,1324.267,1249.5177,0.44,seg_large_r672_auto
TP-B_001_jpg.rf.476ac40460a2659ffbad7973abf99d86.jpg,TP,27,21,0.922557,1591,1537,767.2647,741.223,0.44,seg_large_r672_auto
TP-B_001_jpg.rf.476ac40460a2659ffbad7973abf99d86.jpg,TP,16,1,0.918219,1916,1790,923.9969,863.233,0.44,seg_large_r672_auto
TP-B_001_jpg.rf.476ac40460a2659ffbad7973abf99d86.jpg,TP,24,23,0.916064,689,635,332.2724,306.2307,0.44,seg_large_r672_auto
TP-B_001_jpg.rf.476ac40460a2659ffbad7973abf99d86.jpg,TP,17,26,0.914716,1794,1641,865.162,791.3773,0.44,seg_large_r672_auto
TP-B_001_jpg.rf.476ac40460a2659ffbad7973abf99d86.jpg,TP,15,5,0.911089,978,935,471.6435,450.9066,0.44,seg_large_r672_auto
TP-B_001_jpg.rf.476ac40460a2659ffbad7973abf99d86.jpg,TP,22,19,0.90678,233,217,112.365,104.6489,0.44,seg_large_r672_auto
TP-B_001_jpg.rf.476ac40460a2659ffbad7973abf99d86.jpg,TP,23,29,0.88566,4705,4184,2269.0008,2017.7469,0.44,seg_large_r672_auto
TP-B_001_jpg.rf.476ac40460a2659ffbad7973abf99d86.jpg,TP,25,28,0.829016,183,170,88.2523,81.983,0.44,seg_large_r672_auto
TP-B_001_jpg.rf.476ac40460a2659ffbad7973abf99d86.jpg,TP,30,30,0.611307,12876,8100,6209.4907,3906.25,0.44,seg_large_r672_auto
TP-B_001_jpg.rf.476ac40460a2659ffbad7973abf99d86.jpg,TP,26,27,0.535714,168,90,81.0185,43.4028,0.44,seg_large_r672_auto
TP-B_001_jpg.rf.476ac40460a2659ffbad7973abf99d86.jpg,FP,29,-1,0.0,0,69,0.0,33.2755,0.44,seg_large_r672_auto
TP-B_001_jpg.rf.476ac40460a2659ffbad7973abf99d86.jpg,FN,-1,22,0.0,5688,0,2743.0556,0.0,0.44,seg_large_r672_auto
ROSILHA-M-G_017_jpg.rf.85fc7b8a7b63a2cbb64907a1c82d5d51.jpg,TP,0,16,0.961578,4795,4650,2312.4035,2242.4769,0.44,seg_large_r672_auto
ROSILHA-M-G_017_jpg.rf.85fc7b8a7b63a2cbb64907a1c82d5d51.jpg,TP,1,14,0.957048,3631,3477,1751.061,1676.794,0.44,seg_large_r672_auto
ROSILHA-M-G_017_jpg.rf.85fc7b8a7b63a2cbb64907a1c82d5d51.jpg,TP,8,2,0.954336,6756,6811,3258.1019,3284.6258,0.44,seg_large_r672_auto
ROSILHA-M-G_017_jpg.rf.85fc7b8a7b63a2cbb64907a1c82d5d51.jpg,TP,15,12,0.95237,4173,4025,2012.4421,1941.0687,0.44,seg_large_r672_auto
ROSILHA-M-G_017_jpg.rf.85fc7b8a7b63a2cbb64907a1c82d5d51.jpg,TP,11,0,0.951651,2503,2462,1207.0795,1187.3071,0.44,seg_large_r672_auto
ROSILHA-M-G_017_jpg.rf.85fc7b8a7b63a2cbb64907a1c82d5d51.jpg,TP,5,6,0.949495,1861,1806,897.473,870.9491,0.44,seg_large_r672_auto
ROSILHA-M-G_017_jpg.rf.85fc7b8a7b63a2cbb64907a1c82d5d51.jpg,TP,2,9,0.949265,5671,5471,2734.8573,2638.4066,0.44,seg_large_r672_auto
ROSILHA-M-G_017_jpg.rf.85fc7b8a7b63a2cbb64907a1c82d5d51.jpg,TP,3,10,0.949198,1861,1784,897.473,860.3395,0.44,seg_large_r672_auto
ROSILHA-M-G_017_jpg.rf.85fc7b8a7b63a2cbb64907a1c82d5d51.jpg,TP,9,8,0.947612,2775,2690,1338.2523,1297.2608,0.44,seg_large_r672_auto
ROSILHA-M-G_017_jpg.rf.85fc7b8a7b63a2cbb64907a1c82d5d51.jpg,TP,7,1,0.943139,5053,4789,2436.8248,2309.51,0.44,seg_large_r672_auto
ROSILHA-M-G_017_jpg.rf.85fc7b8a7b63a2cbb64907a1c82d5d51.jpg,TP,13,5,0.94201,769,738,370.8526,355.9028,0.44,seg_large_r672_auto
ROSILHA-M-G_017_jpg.rf.85fc7b8a7b63a2cbb64907a1c82d5d51.jpg,TP,6,15,0.937539,1578,1555,760.9954,749.9035,0.44,seg_large_r672_auto
ROSILHA-M-G_017_jpg.rf.85fc7b8a7b63a2cbb64907a1c82d5d51.jpg,TP,10,7,0.934947,2638,2478,1272.1836,1195.0231,0.44,seg_large_r672_auto
ROSILHA-M-G_017_jpg.rf.85fc7b8a7b63a2cbb64907a1c82d5d51.jpg,TP,12,3,0.923968,2118,2032,1021.412,979.9383,0.44,seg_large_r672_auto
ROSILHA-M-G_017_jpg.rf.85fc7b8a7b63a2cbb64907a1c82d5d51.jpg,TP,16,11,0.915294,7040,6911,3395.0617,3332.8511,0.44,seg_large_r672_auto
ROSILHA-M-G_017_jpg.rf.85fc7b8a7b63a2cbb64907a1c82d5d51.jpg,TP,4,4,0.900257,3498,3151,1686.9213,1519.5795,0.44,seg_large_r672_auto
ROSILHA-M-G_017_jpg.rf.85fc7b8a7b63a2cbb64907a1c82d5d51.jpg,TP,17,13,0.789421,3970,3236,1914.5448,1560.571,0.44,seg_large_r672_auto
ROSILHA-M-G_017_jpg.rf.85fc7b8a7b63a2cbb64907a1c82d5d51.jpg,FP,14,-1,0.0,0,199,0.0,95.9684,0.44,seg_large_r672_auto
TORDILHA-B_009_jpg.rf.5902113a7929ec9592dc2b09471de461.jpg,TP,45,33,0.971426,9768,9895,4710.6481,4771.8943,0.44,seg_large_r672_auto
TORDILHA-B_009_jpg.rf.5902113a7929ec9592dc2b09471de461.jpg,TP,0,36,0.963522,5494,5433,2649.4985,2620.081,0.44,seg_large_r672_auto
TORDILHA-B_009_jpg.rf.5902113a7929ec9592dc2b09471de461.jpg,TP,2,21,0.960703,1859,1933,896.5085,932.1952,0.44,seg_large_r672_auto
TORDILHA-B_009_jpg.rf.5902113a7929ec9592dc2b09471de461.jpg,TP,3,3,0.960309,1798,1758,867.091,847.8009,0.44,seg_large_r672_auto
TORDILHA-B_009_jpg.rf.5902113a7929ec9592dc2b09471de461.jpg,TP,8,26,0.960185,2092,2142,1008.8735,1032.9861,0.44,seg_large_r672_auto
TORDILHA-B_009_jpg.rf.5902113a7929ec9592dc2b09471de461.jpg,TP,37,37,0.95753,5950,6034,2869.4059,2909.9151,0.44,seg_large_r672_auto
TORDILHA-B_009_jpg.rf.5902113a7929ec9592dc2b09471de461.jpg,TP,9,22,0.954991,1696,1692,817.9012,815.9722,0.44,seg_large_r672_auto
TORDILHA-B_009_jpg.rf.5902113a7929ec9592dc2b09471de461.jpg,TP,4,4,0.950355,1968,1882,949.0741,907.6003,0.44,seg_large_r672_auto
TORDILHA-B_009_jpg.rf.5902113a7929ec9592dc2b09471de461.jpg,TP,14,17,0.949209,2040,2028,983.7963,978.0093,0.44,seg_large_r672_auto
TORDILHA-B_009_jpg.rf.5902113a7929ec9592dc2b09471de461.jpg,TP,5,31,0.947267,2031,1994,979.456,961.6127,0.44,seg_large_r672_auto
TORDILHA-B_009_jpg.rf.5902113a7929ec9592dc2b09471de461.jpg,TP,12,1,0.94428,1634,1646,788.0015,793.7886,0.44,seg_large_r672_auto
TORDILHA-B_009_jpg.rf.5902113a7929ec9592dc2b09471de461.jpg,TP,36,38,0.942686,4088,4013,1971.4506,1935.2816,0.44,seg_large_r672_auto
TORDILHA-B_009_jpg.rf.5902113a7929ec9592dc2b09471de461.jpg,TP,6,23,0.942034,2670,2657,1287.6157,1281.3465,0.44,seg_large_r672_auto
TORDILHA-B_009_jpg.rf.5902113a7929ec9592dc2b09471de461.jpg,TP,11,9,0.941453,3101,3100,1495.4668,1494.9846,0.44,seg_large_r672_auto
TORDILHA-B_009_jpg.rf.5902113a7929ec9592dc2b09471de461.jpg,TP,24,46,0.936125,1368,1360,659.7222,655.8642,0.44,seg_large_r672_auto
TORDILHA-B_009_jpg.rf.5902113a7929ec9592dc2b09471de461.jpg,TP,30,28,0.933709,1384,1358,667.4383,654.8997,0.44,seg_large_r672_auto
TORDILHA-B_009_jpg.rf.5902113a7929ec9592dc2b09471de461.jpg,TP,10,8,0.932449,1596,1608,769.6759,775.463,0.44,seg_large_r672_auto
TORDILHA-B_009_jpg.rf.5902113a7929ec9592dc2b09471de461.jpg,TP,7,35,0.932188,2185,2203,1053.723,1062.4035,0.44,seg_large_r672_auto
TORDILHA-B_009_jpg.rf.5902113a7929ec9592dc2b09471de461.jpg,TP,20,32,0.930129,2592,2629,1250.0,1267.8434,0.44,seg_large_r672_auto
TORDILHA-B_009_jpg.rf.5902113a7929ec9592dc2b09471de461.jpg,TP,1,24,0.927103,2552,2603,1230.7099,1255.3048,0.44,seg_large_r672_auto
TORDILHA-B_009_jpg.rf.5902113a7929ec9592dc2b09471de461.jpg,TP,13,10,0.925161,1487,1497,717.1103,721.9329,0.44,seg_large_r672_auto
TORDILHA-B_009_jpg.rf.5902113a7929ec9592dc2b09471de461.jpg,TP,28,2,0.922444,799,837,385.3202,403.6458,0.44,seg_large_r672_auto
TORDILHA-B_009_jpg.rf.5902113a7929ec9592dc2b09471de461.jpg,TP,40,30,0.920597,3695,3634,1781.9252,1752.5077,0.44,seg_large_r672_auto
TORDILHA-B_009_jpg.rf.5902113a7929ec9592dc2b09471de461.jpg,TP,22,16,0.920368,1241,1267,598.4761,611.0147,0.44,seg_large_r672_auto
TORDILHA-B_009_jpg.rf.5902113a7929ec9592dc2b09471de461.jpg,TP,33,27,0.914376,904,907,435.9568,437.4035,0.44,seg_large_r672_auto
TORDILHA-B_009_jpg.rf.5902113a7929ec9592dc2b09471de461.jpg,TP,17,34,0.911025,1460,1504,704.0895,725.3086,0.44,seg_large_r672_auto
TORDILHA-B_009_jpg.rf.5902113a7929ec9592dc2b09471de461.jpg,TP,27,12,0.909747,512,546,246.9136,263.3102,0.44,seg_large_r672_auto
TORDILHA-B_009_jpg.rf.5902113a7929ec9592dc2b09471de461.jpg,TP,21,47,0.905902,2887,2926,1392.2647,1411.0725,0.44,seg_large_r672_auto
TORDILHA-B_009_jpg.rf.5902113a7929ec9592dc2b09471de461.jpg,TP,25,6,0.905876,1916,1911,923.9969,921.5856,0.44,seg_large_r672_auto
TORDILHA-B_009_jpg.rf.5902113a7929ec9592dc2b09471de461.jpg,TP,18,29,0.902519,865,872,417.1489,420.5247,0.44,seg_large_r672_auto
TORDILHA-B_009_jpg.rf.5902113a7929ec9592dc2b09471de461.jpg,TP,15,25,0.889117,1449,1311,698.7847,632.2338,0.44,seg_large_r672_auto
TORDILHA-B_009_jpg.rf.5902113a7929ec9592dc2b09471de461.jpg,TP,35,14,0.875474,1669,1795,804.8804,865.6443,0.44,seg_large_r672_auto
TORDILHA-B_009_jpg.rf.5902113a7929ec9592dc2b09471de461.jpg,TP,29,0,0.872527,2987,2786,1440.49,1343.5571,0.44,seg_large_r672_auto
TORDILHA-B_009_jpg.rf.5902113a7929ec9592dc2b09471de461.jpg,TP,31,19,0.871184,2430,2596,1171.875,1251.929,0.44,seg_large_r672_auto
TORDILHA-B_009_jpg.rf.5902113a7929ec9592dc2b09471de461.jpg,TP,19,7,0.856554,2347,2157,1131.848,1040.2199,0.44,seg_large_r672_auto
TORDILHA-B_009_jpg.rf.5902113a7929ec9592dc2b09471de461.jpg,TP,44,45,0.855263,1578,1806,760.9954,870.9491,0.44,seg_large_r672_auto
TORDILHA-B_009_jpg.rf.5902113a7929ec9592dc2b09471de461.jpg,TP,32,40,0.849389,737,626,355.4205,301.8904,0.44,seg_large_r672_auto
TORDILHA-B_009_jpg.rf.5902113a7929ec9592dc2b09471de461.jpg,TP,23,18,0.837519,1670,1915,805.3627,923.5147,0.44,seg_large_r672_auto
TORDILHA-B_009_jpg.rf.5902113a7929ec9592dc2b09471de461.jpg,TP,43,15,0.823204,164,166,79.0895,80.054,0.44,seg_large_r672_auto
TORDILHA-B_009_jpg.rf.5902113a7929ec9592dc2b09471de461.jpg,TP,46,41,0.811414,401,329,193.3835,158.6613,0.44,seg_large_r672_auto
TORDILHA-B_009_jpg.rf.5902113a7929ec9592dc2b09471de461.jpg,TP,41,42,0.78972,214,169,103.2022,81.5008,0.44,seg_large_r672_auto
TORDILHA-B_009_jpg.rf.5902113a7929ec9592dc2b09471de461.jpg,TP,39,39,0.707816,2690,1986,1297.2608,957.7546,0.44,seg_large_r672_auto
TORDILHA-B_009_jpg.rf.5902113a7929ec9592dc2b09471de461.jpg,TP,16,20,0.683086,5135,3612,2476.3696,1741.8981,0.44,seg_large_r672_auto
TORDILHA-B_009_jpg.rf.5902113a7929ec9592dc2b09471de461.jpg,TP,48,43,0.646898,1435,981,692.0332,473.0903,0.44,seg_large_r672_auto
TORDILHA-B_009_jpg.rf.5902113a7929ec9592dc2b09471de461.jpg,FP,26,-1,0.0,0,1411,0.0,680.4591,0.44,seg_large_r672_auto
TORDILHA-B_009_jpg.rf.5902113a7929ec9592dc2b09471de461.jpg,FP,34,-1,0.0,0,2157,0.0,1040.2199,0.44,seg_large_r672_auto
TORDILHA-B_009_jpg.rf.5902113a7929ec9592dc2b09471de461.jpg,FP,38,-1,0.0,0,2161,0.0,1042.1489,0.44,seg_large_r672_auto
TORDILHA-B_009_jpg.rf.5902113a7929ec9592dc2b09471de461.jpg,FP,42,-1,0.0,0,576,0.0,277.7778,0.44,seg_large_r672_auto
TORDILHA-B_009_jpg.rf.5902113a7929ec9592dc2b09471de461.jpg,FP,47,-1,0.0,0,197,0.0,95.0039,0.44,seg_large_r672_auto
TORDILHA-B_009_jpg.rf.5902113a7929ec9592dc2b09471de461.jpg,FP,49,-1,0.0,0,62,0.0,29.8997,0.44,seg_large_r672_auto
TORDILHA-B_009_jpg.rf.5902113a7929ec9592dc2b09471de461.jpg,FN,-1,5,0.0,4461,0,2151.331,0.0,0.44,seg_large_r672_auto
TORDILHA-B_009_jpg.rf.5902113a7929ec9592dc2b09471de461.jpg,FN,-1,11,0.0,31,0,14.9498,0.0,0.44,seg_large_r672_auto
TORDILHA-B_009_jpg.rf.5902113a7929ec9592dc2b09471de461.jpg,FN,-1,13,0.0,28,0,13.5031,0.0,0.44,seg_large_r672_auto
TORDILHA-B_009_jpg.rf.5902113a7929ec9592dc2b09471de461.jpg,FN,-1,44,0.0,345,0,166.3773,0.0,0.44,seg_large_r672_auto
ROSILHA-M-D_009_jpg.rf.b52035c8fe5fd87e1eed76dc4bbe6a14.jpg,TP,15,0,0.977939,6500,6590,3134.6451,3178.0478,0.44,seg_large_r672_auto
ROSILHA-M-D_009_jpg.rf.b52035c8fe5fd87e1eed76dc4bbe6a14.jpg,TP,11,5,0.976913,20386,20374,9831.2114,9825.4244,0.44,seg_large_r672_auto
ROSILHA-M-D_009_jpg.rf.b52035c8fe5fd87e1eed76dc4bbe6a14.jpg,TP,1,16,0.974456,13448,13219,6485.3395,6374.9035,0.44,seg_large_r672_auto
ROSILHA-M-D_009_jpg.rf.b52035c8fe5fd87e1eed76dc4bbe6a14.jpg,TP,0,11,0.973228,12558,12281,6056.1343,5922.5502,0.44,seg_large_r672_auto
ROSILHA-M-D_009_jpg.rf.b52035c8fe5fd87e1eed76dc4bbe6a14.jpg,TP,4,20,0.967938,17049,16709,8221.9329,8057.9668,0.44,seg_large_r672_auto
ROSILHA-M-D_009_jpg.rf.b52035c8fe5fd87e1eed76dc4bbe6a14.jpg,TP,12,1,0.96726,3760,3751,1813.2716,1808.9313,0.44,seg_large_r672_auto
ROSILHA-M-D_009_jpg.rf.b52035c8fe5fd87e1eed76dc4bbe6a14.jpg,TP,5,19,0.963826,7272,7223,3506.9444,3483.314,0.44,seg_large_r672_auto
ROSILHA-M-D_009_jpg.rf.b52035c8fe5fd87e1eed76dc4bbe6a14.jpg,TP,3,9,0.961632,14016,13490,6759.2593,6505.5941,0.44,seg_large_r672_auto
ROSILHA-M-D_009_jpg.rf.b52035c8fe5fd87e1eed76dc4bbe6a14.jpg,TP,26,3,0.96007,14249,13878,6871.6242,6692.7083,0.44,seg_large_r672_auto
ROSILHA-M-D_009_jpg.rf.b52035c8fe5fd87e1eed76dc4bbe6a14.jpg,TP,9,10,0.959023,5144,5039,2480.7099,2430.0733,0.44,seg_large_r672_auto
ROSILHA-M-D_009_jpg.rf.b52035c8fe5fd87e1eed76dc4bbe6a14.jpg,TP,10,8,0.958134,3332,3216,1606.8673,1550.9259,0.44,seg_large_r672_auto
ROSILHA-M-D_009_jpg.rf.b52035c8fe5fd87e1eed76dc4bbe6a14.jpg,TP,14,4,0.956976,5649,5586,2724.2477,2693.8657,0.44,seg_large_r672_auto
ROSILHA-M-D_009_jpg.rf.b52035c8fe5fd87e1eed76dc4bbe6a14.jpg,TP,13,24,0.955566,2118,2063,1021.412,994.8881,0.44,seg_large_r672_auto
ROSILHA-M-D_009_jpg.rf.b52035c8fe5fd87e1eed76dc4bbe6a14.jpg,TP,16,2,0.953582,2637,2708,1271.7014,1305.9414,0.44,seg_large_r672_auto
ROSILHA-M-D_009_jpg.rf.b52035c8fe5fd87e1eed76dc4bbe6a14.jpg,TP,2,12,0.952835,8558,8252,4127.1219,3979.5525,0.44,seg_large_r672_auto
ROSILHA-M-D_009_jpg.rf.b52035c8fe5fd87e1eed76dc4bbe6a14.jpg,TP,6,18,0.950181,7948,7710,3832.9475,3718.1713,0.44,seg_large_r672_auto
ROSILHA-M-D_009_jpg.rf.b52035c8fe5fd87e1eed76dc4bbe6a14.jpg,TP,18,14,0.942831,2191,2091,1056.6165,1008.3912,0.44,seg_large_r672_auto
ROSILHA-M-D_009_jpg.rf.b52035c8fe5fd87e1eed76dc4bbe6a14.jpg,TP,7,13,0.942748,3386,3231,1632.909,1558.1597,0.44,seg_large_r672_auto
ROSILHA-M-D_009_jpg.rf.b52035c8fe5fd87e1eed76dc4bbe6a14.jpg,TP,8,23,0.936747,32775,31004,15805.8449,14951.7747,0.44,seg_large_r672_auto
ROSILHA-M-D_009_jpg.rf.b52035c8fe5fd87e1eed76dc4bbe6a14.jpg,TP,19,7,0.931497,2847,2764,1372.9745,1332.9475,0.44,seg_large_r672_auto
ROSILHA-M-D_009_jpg.rf.b52035c8fe5fd87e1eed76dc4bbe6a14.jpg,TP,17,6,0.929126,2057,1917,991.9946,924.4792,0.44,seg_large_r672_auto
ROSILHA-M-D_009_jpg.rf.b52035c8fe5fd87e1eed76dc4bbe6a14.jpg,TP,20,25,0.920409,3557,3585,1715.3742,1728.8773,0.44,seg_large_r672_auto
ROSILHA-M-D_009_jpg.rf.b52035c8fe5fd87e1eed76dc4bbe6a14.jpg,TP,22,22,0.91901,3245,3034,1564.9113,1463.1559,0.44,seg_large_r672_auto
ROSILHA-M-D_009_jpg.rf.b52035c8fe5fd87e1eed76dc4bbe6a14.jpg,TP,21,17,0.857664,269,240,129.7261,115.7407,0.44,seg_large_r672_auto
ROSILHA-M-D_009_jpg.rf.b52035c8fe5fd87e1eed76dc4bbe6a14.jpg,TP,24,21,0.774696,4417,3452,2130.1119,1664.7377,0.44,seg_large_r672_auto
ROSILHA-M-D_009_jpg.rf.b52035c8fe5fd87e1eed76dc4bbe6a14.jpg,TP,27,15,0.680628,187,134,90.1813,64.6219,0.44,seg_large_r672_auto
ROSILHA-M-D_009_jpg.rf.b52035c8fe5fd87e1eed76dc4bbe6a14.jpg,FP,23,-1,0.0,0,10698,0.0,5159.1435,0.44,seg_large_r672_auto
ROSILHA-M-D_009_jpg.rf.b52035c8fe5fd87e1eed76dc4bbe6a14.jpg,FP,25,-1,0.0,0,3124,0.0,1506.5586,0.44,seg_large_r672_auto
TORDILHA-D_006_jpg.rf.d879d44ef1add0b327aa39f6650afc47.jpg,TP,12,14,0.967409,3566,3497,1719.7145,1686.439,0.44,seg_large_r672_auto
TORDILHA-D_006_jpg.rf.d879d44ef1add0b327aa39f6650afc47.jpg,TP,4,1,0.946025,6501,6154,3135.1273,2967.7855,0.44,seg_large_r672_auto
TORDILHA-D_006_jpg.rf.d879d44ef1add0b327aa39f6650afc47.jpg,TP,3,7,0.935994,6870,6469,3313.0787,3119.6952,0.44,seg_large_r672_auto
TORDILHA-D_006_jpg.rf.d879d44ef1add0b327aa39f6650afc47.jpg,TP,10,20,0.935751,5340,5175,2575.2315,2495.6597,0.44,seg_large_r672_auto
TORDILHA-D_006_jpg.rf.d879d44ef1add0b327aa39f6650afc47.jpg,TP,7,9,0.933639,2831,2647,1365.2585,1276.5239,0.44,seg_large_r672_auto
TORDILHA-D_006_jpg.rf.d879d44ef1add0b327aa39f6650afc47.jpg,TP,0,13,0.931911,13651,12963,6583.2369,6251.4468,0.44,seg_large_r672_auto
TORDILHA-D_006_jpg.rf.d879d44ef1add0b327aa39f6650afc47.jpg,TP,9,11,0.92823,2298,2135,1108.2176,1029.6103,0.44,seg_large_r672_auto
TORDILHA-D_006_jpg.rf.d879d44ef1add0b327aa39f6650afc47.jpg,TP,1,5,0.922672,12912,11927,6226.8519,5751.8326,0.44,seg_large_r672_auto
TORDILHA-D_006_jpg.rf.d879d44ef1add0b327aa39f6650afc47.jpg,TP,6,10,0.916492,3785,3513,1825.3279,1694.1551,0.44,seg_large_r672_auto
TORDILHA-D_006_jpg.rf.d879d44ef1add0b327aa39f6650afc47.jpg,TP,29,15,0.91162,12289,11828,5926.4082,5704.0895,0.44,seg_large_r672_auto
TORDILHA-D_006_jpg.rf.d879d44ef1add0b327aa39f6650afc47.jpg,TP,22,30,0.908219,1450,1336,699.267,644.2901,0.44,seg_large_r672_auto
TORDILHA-D_006_jpg.rf.d879d44ef1add0b327aa39f6650afc47.jpg,TP,27,19,0.900945,3131,3106,1509.9344,1497.8781,0.44,seg_large_r672_auto
TORDILHA-D_006_jpg.rf.d879d44ef1add0b327aa39f6650afc47.jpg,TP,8,12,0.897053,2741,2474,1321.8557,1193.0941,0.44,seg_large_r672_auto
TORDILHA-D_006_jpg.rf.d879d44ef1add0b327aa39f6650afc47.jpg,TP,11,8,0.892968,1580,1462,761.9599,705.054,0.44,seg_large_r672_auto
TORDILHA-D_006_jpg.rf.d879d44ef1add0b327aa39f6650afc47.jpg,TP,13,2,0.892315,2115,1997,1019.9653,963.0594,0.44,seg_large_r672_auto
TORDILHA-D_006_jpg.rf.d879d44ef1add0b327aa39f6650afc47.jpg,TP,14,0,0.891213,1195,1065,576.2924,513.5995,0.44,seg_large_r672_auto
TORDILHA-D_006_jpg.rf.d879d44ef1add0b327aa39f6650afc47.jpg,TP,18,32,0.888267,10983,9922,5296.5856,4784.9151,0.44,seg_large_r672_auto
TORDILHA-D_006_jpg.rf.d879d44ef1add0b327aa39f6650afc47.jpg,TP,16,21,0.877994,1320,1189,636.5741,573.3989,0.44,seg_large_r672_auto
TORDILHA-D_006_jpg.rf.d879d44ef1add0b327aa39f6650afc47.jpg,TP,2,17,0.877133,11813,10630,5696.8557,5126.3503,0.44,seg_large_r672_auto
TORDILHA-D_006_jpg.rf.d879d44ef1add0b327aa39f6650afc47.jpg,TP,5,3,0.873436,4065,3573,1960.3588,1723.0903,0.44,seg_large_r672_auto
TORDILHA-D_006_jpg.rf.d879d44ef1add0b327aa39f6650afc47.jpg,TP,15,4,0.857884,1530,1333,737.8472,642.8434,0.44,seg_large_r672_auto
TORDILHA-D_006_jpg.rf.d879d44ef1add0b327aa39f6650afc47.jpg,TP,17,16,0.835352,3055,2552,1473.2832,1230.7099,0.44,seg_large_r672_auto
TORDILHA-D_006_jpg.rf.d879d44ef1add0b327aa39f6650afc47.jpg,TP,21,28,0.827775,6371,5303,3072.4344,2557.3881,0.44,seg_large_r672_auto
TORDILHA-D_006_jpg.rf.d879d44ef1add0b327aa39f6650afc47.jpg,TP,30,33,0.683004,8782,6052,4235.1466,2918.5957,0.44,seg_large_r672_auto
TORDILHA-D_006_jpg.rf.d879d44ef1add0b327aa39f6650afc47.jpg,TP,24,26,0.558381,16148,9037,7787.4228,4358.1211,0.44,seg_large_r672_auto
TORDILHA-D_006_jpg.rf.d879d44ef1add0b327aa39f6650afc47.jpg,TP,25,31,0.554795,1449,821,698.7847,395.9298,0.44,seg_large_r672_auto
TORDILHA-D_006_jpg.rf.d879d44ef1add0b327aa39f6650afc47.jpg,TP,19,22,0.551693,7686,4276,3706.5972,2062.1142,0.44,seg_large_r672_auto
TORDILHA-D_006_jpg.rf.d879d44ef1add0b327aa39f6650afc47.jpg,FP,20,-1,0.0,0,6257,0.0,3017.4576,0.44,seg_large_r672_auto
TORDILHA-D_006_jpg.rf.d879d44ef1add0b327aa39f6650afc47.jpg,FP,23,-1,0.0,0,2360,0.0,1138.1173,0.44,seg_large_r672_auto
TORDILHA-D_006_jpg.rf.d879d44ef1add0b327aa39f6650afc47.jpg,FP,26,-1,0.0,0,2841,0.0,1370.081,0.44,seg_large_r672_auto
TORDILHA-D_006_jpg.rf.d879d44ef1add0b327aa39f6650afc47.jpg,FP,28,-1,0.0,0,4633,0.0,2234.2785,0.44,seg_large_r672_auto
TORDILHA-D_006_jpg.rf.d879d44ef1add0b327aa39f6650afc47.jpg,FP,31,-1,0.0,0,14258,0.0,6875.9645,0.44,seg_large_r672_auto
TORDILHA-D_006_jpg.rf.d879d44ef1add0b327aa39f6650afc47.jpg,FP,32,-1,0.0,0,5886,0.0,2838.5417,0.44,seg_large_r672_auto
TORDILHA-D_006_jpg.rf.d879d44ef1add0b327aa39f6650afc47.jpg,FP,33,-1,0.0,0,7932,0.0,3825.2315,0.44,seg_large_r672_auto
TORDILHA-D_006_jpg.rf.d879d44ef1add0b327aa39f6650afc47.jpg,FN,-1,6,0.0,53,0,25.5594,0.0,0.44,seg_large_r672_auto
TORDILHA-D_006_jpg.rf.d879d44ef1add0b327aa39f6650afc47.jpg,FN,-1,18,0.0,24618,0,11872.1065,0.0,0.44,seg_large_r672_auto
TORDILHA-D_006_jpg.rf.d879d44ef1add0b327aa39f6650afc47.jpg,FN,-1,23,0.0,42,0,20.2546,0.0,0.44,seg_large_r672_auto
TORDILHA-D_006_jpg.rf.d879d44ef1add0b327aa39f6650afc47.jpg,FN,-1,24,0.0,89,0,42.9205,0.0,0.44,seg_large_r672_auto
TORDILHA-D_006_jpg.rf.d879d44ef1add0b327aa39f6650afc47.jpg,FN,-1,25,0.0,28,0,13.5031,0.0,0.44,seg_large_r672_auto
TORDILHA-D_006_jpg.rf.d879d44ef1add0b327aa39f6650afc47.jpg,FN,-1,27,0.0,44,0,21.2191,0.0,0.44,seg_large_r672_auto
TORDILHA-D_006_jpg.rf.d879d44ef1add0b327aa39f6650afc47.jpg,FN,-1,29,0.0,46,0,22.1836,0.0,0.44,seg_large_r672_auto
TORDILHA-D_006_jpg.rf.d879d44ef1add0b327aa39f6650afc47.jpg,FN,-1,34,0.0,40948,0,19747.2994,0.0,0.44,seg_large_r672_auto
ZAINA-679-B_011_jpg.rf.27d46a055eff6f5810ec4c5c9429b994.jpg,TP,6,4,0.984112,21386,21449,10313.4645,10343.8465,0.44,seg_large_r672_auto
ZAINA-679-B_011_jpg.rf.27d46a055eff6f5810ec4c5c9429b994.jpg,TP,13,9,0.982425,15812,15885,7625.3858,7660.5903,0.44,seg_large_r672_auto
ZAINA-679-B_011_jpg.rf.27d46a055eff6f5810ec4c5c9429b994.jpg,TP,0,14,0.975929,24984,24760,12048.6111,11940.5864,0.44,seg_large_r672_auto
ZAINA-679-B_011_jpg.rf.27d46a055eff6f5810ec4c5c9429b994.jpg,TP,20,2,0.9749,11168,11099,5385.8025,5352.527,0.44,seg_large_r672_auto
ZAINA-679-B_011_jpg.rf.27d46a055eff6f5810ec4c5c9429b994.jpg,TP,12,11,0.972061,10151,10177,4895.3511,4907.8897,0.44,seg_large_r672_auto
ZAINA-679-B_011_jpg.rf.27d46a055eff6f5810ec4c5c9429b994.jpg,TP,7,0,0.971543,3919,3979,1889.9498,1918.885,0.44,seg_large_r672_auto
ZAINA-679-B_011_jpg.rf.27d46a055eff6f5810ec4c5c9429b994.jpg,TP,3,12,0.970803,25381,25649,12240.0656,12369.3094,0.44,seg_large_r672_auto
ZAINA-679-B_011_jpg.rf.27d46a055eff6f5810ec4c5c9429b994.jpg,TP,2,13,0.969913,20491,20430,9881.848,9852.4306,0.44,seg_large_r672_auto
ZAINA-679-B_011_jpg.rf.27d46a055eff6f5810ec4c5c9429b994.jpg,TP,4,6,0.96962,8897,8867,4290.6057,4276.1381,0.44,seg_large_r672_auto
ZAINA-679-B_011_jpg.rf.27d46a055eff6f5810ec4c5c9429b994.jpg,TP,5,15,0.968275,6718,6621,3239.7762,3192.9977,0.44,seg_large_r672_auto
ZAINA-679-B_011_jpg.rf.27d46a055eff6f5810ec4c5c9429b994.jpg,TP,1,18,0.967066,9423,9272,4544.2708,4471.4506,0.44,seg_large_r672_auto
ZAINA-679-B_011_jpg.rf.27d46a055eff6f5810ec4c5c9429b994.jpg,TP,15,1,0.962217,1586,1530,764.8534,737.8472,0.44,seg_large_r672_auto
ZAINA-679-B_011_jpg.rf.27d46a055eff6f5810ec4c5c9429b994.jpg,TP,17,8,0.960875,2582,2530,1245.1775,1220.1003,0.44,seg_large_r672_auto
ZAINA-679-B_011_jpg.rf.27d46a055eff6f5810ec4c5c9429b994.jpg,TP,14,7,0.956185,2497,2548,1204.186,1228.7809,0.44,seg_large_r672_auto
ZAINA-679-B_011_jpg.rf.27d46a055eff6f5810ec4c5c9429b994.jpg,TP,10,5,0.955379,4077,4030,1966.1458,1943.4799,0.44,seg_large_r672_auto
ZAINA-679-B_011_jpg.rf.27d46a055eff6f5810ec4c5c9429b994.jpg,TP,8,19,0.953703,12878,12315,6210.4552,5938.9468,0.44,seg_large_r672_auto
ZAINA-679-B_011_jpg.rf.27d46a055eff6f5810ec4c5c9429b994.jpg,TP,11,16,0.951587,2507,2411,1209.0085,1162.7122,0.44,seg_large_r672_auto
ZAINA-679-B_011_jpg.rf.27d46a055eff6f5810ec4c5c9429b994.jpg,TP,16,10,0.950604,2798,2691,1349.3441,1297.7431,0.44,seg_large_r672_auto
ZAINA-679-B_011_jpg.rf.27d46a055eff6f5810ec4c5c9429b994.jpg,TP,9,17,0.95018,3813,3781,1838.831,1823.3989,0.44,seg_large_r672_auto
ZAINA-679-B_011_jpg.rf.27d46a055eff6f5810ec4c5c9429b994.jpg,TP,18,21,0.898944,31931,30493,15398.8233,14705.3434,0.44,seg_large_r672_auto
ZAINA-679-B_011_jpg.rf.27d46a055eff6f5810ec4c5c9429b994.jpg,TP,21,3,0.877076,281,284,135.5131,136.9599,0.44,seg_large_r672_auto
ZAINA-679-B_011_jpg.rf.27d46a055eff6f5810ec4c5c9429b994.jpg,TP,19,20,0.819524,1740,2081,839.1204,1003.5687,0.44,seg_large_r672_auto
ZAINA-679-B_011_jpg.rf.27d46a055eff6f5810ec4c5c9429b994.jpg,TP,22,23,0.81203,527,437,254.1474,210.7446,0.44,seg_large_r672_auto
ZAINA-679-B_011_jpg.rf.27d46a055eff6f5810ec4c5c9429b994.jpg,FP,23,-1,0.0,0,4562,0.0,2200.0386,0.44,seg_large_r672_auto
ZAINA-679-B_011_jpg.rf.27d46a055eff6f5810ec4c5c9429b994.jpg,FP,24,-1,0.0,0,6087,0.0,2935.4745,0.44,seg_large_r672_auto
ZAINA-679-B_011_jpg.rf.27d46a055eff6f5810ec4c5c9429b994.jpg,FN,-1,22,0.0,395,0,190.49,0.0,0.44,seg_large_r672_auto
ZAZA-B_008_jpg.rf.92ad451b5359143319a46e599a0239d1.jpg,TP,7,10,0.976977,987,988,475.9838,476.466,0.44,seg_large_r672_auto
ZAZA-B_008_jpg.rf.92ad451b5359143319a46e599a0239d1.jpg,TP,6,6,0.972343,7946,7957,3831.983,3837.2878,0.44,seg_large_r672_auto
ZAZA-B_008_jpg.rf.92ad451b5359143319a46e599a0239d1.jpg,TP,14,27,0.967742,19726,19863,9512.9244,9578.9931,0.44,seg_large_r672_auto
ZAZA-B_008_jpg.rf.92ad451b5359143319a46e599a0239d1.jpg,TP,9,18,0.967372,3272,3240,1577.9321,1562.5,0.44,seg_large_r672_auto
ZAZA-B_008_jpg.rf.92ad451b5359143319a46e599a0239d1.jpg,TP,0,7,0.963415,14530,14128,7007.1373,6813.2716,0.44,seg_large_r672_auto
ZAZA-B_008_jpg.rf.92ad451b5359143319a46e599a0239d1.jpg,TP,4,19,0.96332,11700,11744,5642.3611,5663.5802,0.44,seg_large_r672_auto
ZAZA-B_008_jpg.rf.92ad451b5359143319a46e599a0239d1.jpg,TP,5,20,0.960592,9892,9859,4770.4475,4754.5332,0.44,seg_large_r672_auto
ZAZA-B_008_jpg.rf.92ad451b5359143319a46e599a0239d1.jpg,TP,18,2,0.955174,2349,2318,1132.8125,1117.8627,0.44,seg_large_r672_auto
ZAZA-B_008_jpg.rf.92ad451b5359143319a46e599a0239d1.jpg,TP,20,0,0.9517,7560,7593,3645.8333,3661.7477,0.44,seg_large_r672_auto
ZAZA-B_008_jpg.rf.92ad451b5359143319a46e599a0239d1.jpg,TP,16,25,0.945953,37628,36758,18146.2191,17726.659,0.44,seg_large_r672_auto
ZAZA-B_008_jpg.rf.92ad451b5359143319a46e599a0239d1.jpg,TP,19,5,0.944548,4732,4631,2282.0216,2233.314,0.44,seg_large_r672_auto
ZAZA-B_008_jpg.rf.92ad451b5359143319a46e599a0239d1.jpg,TP,24,22,0.942172,8453,8642,4076.4853,4167.6312,0.44,seg_large_r672_auto
ZAZA-B_008_jpg.rf.92ad451b5359143319a46e599a0239d1.jpg,TP,22,14,0.940699,6280,6156,3028.5494,2968.75,0.44,seg_large_r672_auto
ZAZA-B_008_jpg.rf.92ad451b5359143319a46e599a0239d1.jpg,TP,1,9,0.931339,2491,2544,1201.2924,1226.8519,0.44,seg_large_r672_auto
ZAZA-B_008_jpg.rf.92ad451b5359143319a46e599a0239d1.jpg,TP,11,11,0.921219,3167,3198,1527.2955,1542.2454,0.44,seg_large_r672_auto
ZAZA-B_008_jpg.rf.92ad451b5359143319a46e599a0239d1.jpg,TP,8,3,0.91356,1791,1751,863.7153,844.4252,0.44,seg_large_r672_auto
ZAZA-B_008_jpg.rf.92ad451b5359143319a46e599a0239d1.jpg,TP,15,1,0.911932,328,345,158.179,166.3773,0.44,seg_large_r672_auto
ZAZA-B_008_jpg.rf.92ad451b5359143319a46e599a0239d1.jpg,TP,10,21,0.897853,4320,4431,2083.3333,2136.8634,0.44,seg_large_r672_auto
ZAZA-B_008_jpg.rf.92ad451b5359143319a46e599a0239d1.jpg,TP,17,16,0.883784,355,342,171.1998,164.9306,0.44,seg_large_r672_auto
ZAZA-B_008_jpg.rf.92ad451b5359143319a46e599a0239d1.jpg,TP,12,15,0.868081,1897,1714,914.8341,826.5818,0.44,seg_large_r672_auto
ZAZA-B_008_jpg.rf.92ad451b5359143319a46e599a0239d1.jpg,TP,2,17,0.864537,19885,22660,9589.6026,10927.8549,0.44,seg_large_r672_auto
ZAZA-B_008_jpg.rf.92ad451b5359143319a46e599a0239d1.jpg,TP,23,4,0.786517,89,70,42.9205,33.7577,0.44,seg_large_r672_auto
ZAZA-B_008_jpg.rf.92ad451b5359143319a46e599a0239d1.jpg,TP,21,23,0.650794,90,118,43.4028,56.9059,0.44,seg_large_r672_auto
ZAZA-B_008_jpg.rf.92ad451b5359143319a46e599a0239d1.jpg,TP,13,8,0.54912,14572,8214,7027.392,3961.2269,0.44,seg_large_r672_auto
ZAZA-B_008_jpg.rf.92ad451b5359143319a46e599a0239d1.jpg,TP,28,13,0.517854,5636,10432,2717.9784,5030.8642,0.44,seg_large_r672_auto
ZAZA-B_008_jpg.rf.92ad451b5359143319a46e599a0239d1.jpg,FP,3,-1,0.0,0,6258,0.0,3017.9398,0.44,seg_large_r672_auto
ZAZA-B_008_jpg.rf.92ad451b5359143319a46e599a0239d1.jpg,FP,25,-1,0.0,0,220,0.0,106.0957,0.44,seg_large_r672_auto
ZAZA-B_008_jpg.rf.92ad451b5359143319a46e599a0239d1.jpg,FP,26,-1,0.0,0,10054,0.0,4848.5725,0.44,seg_large_r672_auto
ZAZA-B_008_jpg.rf.92ad451b5359143319a46e599a0239d1.jpg,FP,27,-1,0.0,0,16510,0.0,7961.9985,0.44,seg_large_r672_auto
ZAZA-B_008_jpg.rf.92ad451b5359143319a46e599a0239d1.jpg,FN,-1,12,0.0,4588,0,2212.5772,0.0,0.44,seg_large_r672_auto
ZAZA-B_008_jpg.rf.92ad451b5359143319a46e599a0239d1.jpg,FN,-1,24,0.0,59,0,28.4529,0.0,0.44,seg_large_r672_auto
ZAZA-B_008_jpg.rf.92ad451b5359143319a46e599a0239d1.jpg,FN,-1,26,0.0,3209,0,1547.5502,0.0,0.44,seg_large_r672_auto
ROSILHA-M-G_001_jpg.rf.3dab74a9f6c203f6aca8afc07a353bd2.jpg,TP,4,7,0.970323,2656,2589,1280.8642,1248.5532,0.44,seg_large_r672_auto
ROSILHA-M-G_001_jpg.rf.3dab74a9f6c203f6aca8afc07a353bd2.jpg,TP,2,9,0.962056,6118,6137,2950.4244,2959.5872,0.44,seg_large_r672_auto
ROSILHA-M-G_001_jpg.rf.3dab74a9f6c203f6aca8afc07a353bd2.jpg,TP,1,8,0.957879,5389,5209,2598.8619,2512.0563,0.44,seg_large_r672_auto
ROSILHA-M-G_001_jpg.rf.3dab74a9f6c203f6aca8afc07a353bd2.jpg,TP,11,1,0.954134,1507,1518,726.7554,732.0602,0.44,seg_large_r672_auto
ROSILHA-M-G_001_jpg.rf.3dab74a9f6c203f6aca8afc07a353bd2.jpg,TP,3,0,0.949656,3160,3075,1523.9198,1482.9282,0.44,seg_large_r672_auto
ROSILHA-M-G_001_jpg.rf.3dab74a9f6c203f6aca8afc07a353bd2.jpg,TP,7,3,0.946879,6121,6010,2951.8711,2898.341,0.44,seg_large_r672_auto
ROSILHA-M-G_001_jpg.rf.3dab74a9f6c203f6aca8afc07a353bd2.jpg,TP,10,12,0.946393,1491,1450,719.0394,699.267,0.44,seg_large_r672_auto
ROSILHA-M-G_001_jpg.rf.3dab74a9f6c203f6aca8afc07a353bd2.jpg,TP,8,11,0.944469,2212,2165,1066.7438,1044.0779,0.44,seg_large_r672_auto
ROSILHA-M-G_001_jpg.rf.3dab74a9f6c203f6aca8afc07a353bd2.jpg,TP,0,10,0.942016,6928,6536,3341.0494,3152.0062,0.44,seg_large_r672_auto
ROSILHA-M-G_001_jpg.rf.3dab74a9f6c203f6aca8afc07a353bd2.jpg,TP,5,13,0.941191,3997,3859,1927.5656,1861.0147,0.44,seg_large_r672_auto
ROSILHA-M-G_001_jpg.rf.3dab74a9f6c203f6aca8afc07a353bd2.jpg,TP,6,14,0.936958,7966,7673,3841.6281,3700.3279,0.44,seg_large_r672_auto
ROSILHA-M-G_001_jpg.rf.3dab74a9f6c203f6aca8afc07a353bd2.jpg,TP,9,6,0.935437,6138,5943,2960.0694,2866.0301,0.44,seg_large_r672_auto
ROSILHA-M-G_001_jpg.rf.3dab74a9f6c203f6aca8afc07a353bd2.jpg,TP,15,2,0.909091,571,542,275.3665,261.3812,0.44,seg_large_r672_auto
ROSILHA-M-G_001_jpg.rf.3dab74a9f6c203f6aca8afc07a353bd2.jpg,TP,13,5,0.892201,2878,2581,1387.9244,1244.6952,0.44,seg_large_r672_auto
ROSILHA-M-G_001_jpg.rf.3dab74a9f6c203f6aca8afc07a353bd2.jpg,TP,12,4,0.856886,5010,4293,2416.088,2070.3125,0.44,seg_large_r672_auto
ROSILHA-M-G_001_jpg.rf.3dab74a9f6c203f6aca8afc07a353bd2.jpg,TP,14,17,0.756098,451,341,217.4961,164.4483,0.44,seg_large_r672_auto
ROSILHA-M-G_001_jpg.rf.3dab74a9f6c203f6aca8afc07a353bd2.jpg,TP,16,16,0.68231,830,568,400.2701,273.9198,0.44,seg_large_r672_auto
ROSILHA-M-G_001_jpg.rf.3dab74a9f6c203f6aca8afc07a353bd2.jpg,TP,18,15,0.585829,2738,1604,1320.409,773.534,0.44,seg_large_r672_auto
ROSILHA-M-G_001_jpg.rf.3dab74a9f6c203f6aca8afc07a353bd2.jpg,FP,17,-1,0.0,0,433,0.0,208.8156,0.44,seg_large_r672_auto
ROSILHA-M-G_001_jpg.rf.3dab74a9f6c203f6aca8afc07a353bd2.jpg,FP,19,-1,0.0,0,365,0.0,176.0224,0.44,seg_large_r672_auto
TORDILHA-B_010_jpg.rf.698124083a3806b10e86f6304c2b5ce1.jpg,TP,1,14,0.976035,12211,12278,5888.7924,5921.1034,0.44,seg_large_r672_auto
TORDILHA-B_010_jpg.rf.698124083a3806b10e86f6304c2b5ce1.jpg,TP,9,0,0.975485,1737,1728,837.6736,833.3333,0.44,seg_large_r672_auto
TORDILHA-B_010_jpg.rf.698124083a3806b10e86f6304c2b5ce1.jpg,TP,0,11,0.967847,12886,12513,6214.3133,6034.4329,0.44,seg_large_r672_auto
TORDILHA-B_010_jpg.rf.698124083a3806b10e86f6304c2b5ce1.jpg,TP,4,26,0.966986,11386,11374,5490.9336,5485.1466,0.44,seg_large_r672_auto
TORDILHA-B_010_jpg.rf.698124083a3806b10e86f6304c2b5ce1.jpg,TP,3,18,0.96268,7219,7191,3481.385,3467.8819,0.44,seg_large_r672_auto
TORDILHA-B_010_jpg.rf.698124083a3806b10e86f6304c2b5ce1.jpg,TP,33,24,0.960798,10989,11219,5299.4792,5410.3974,0.44,seg_large_r672_auto
TORDILHA-B_010_jpg.rf.698124083a3806b10e86f6304c2b5ce1.jpg,TP,7,10,0.956799,9993,10254,4819.1551,4945.0231,0.44,seg_large_r672_auto
TORDILHA-B_010_jpg.rf.698124083a3806b10e86f6304c2b5ce1.jpg,TP,12,17,0.95072,2585,2561,1246.6242,1235.0502,0.44,seg_large_r672_auto
TORDILHA-B_010_jpg.rf.698124083a3806b10e86f6304c2b5ce1.jpg,TP,2,16,0.94862,6055,6157,2920.0424,2969.2323,0.44,seg_large_r672_auto
TORDILHA-B_010_jpg.rf.698124083a3806b10e86f6304c2b5ce1.jpg,TP,17,4,0.947682,4817,4676,2323.0131,2255.0154,0.44,seg_large_r672_auto
TORDILHA-B_010_jpg.rf.698124083a3806b10e86f6304c2b5ce1.jpg,TP,20,5,0.947304,3930,4052,1895.2546,1954.0895,0.44,seg_large_r672_auto
TORDILHA-B_010_jpg.rf.698124083a3806b10e86f6304c2b5ce1.jpg,TP,15,20,0.94651,3242,3199,1563.4645,1542.7276,0.44,seg_large_r672_auto
TORDILHA-B_010_jpg.rf.698124083a3806b10e86f6304c2b5ce1.jpg,TP,26,6,0.946347,8235,8307,3971.3542,4006.0764,0.44,seg_large_r672_auto
TORDILHA-B_010_jpg.rf.698124083a3806b10e86f6304c2b5ce1.jpg,TP,5,13,0.944363,4083,3920,1969.0394,1890.4321,0.44,seg_large_r672_auto
TORDILHA-B_010_jpg.rf.698124083a3806b10e86f6304c2b5ce1.jpg,TP,8,25,0.943465,2909,2935,1402.8742,1415.4128,0.44,seg_large_r672_auto
TORDILHA-B_010_jpg.rf.698124083a3806b10e86f6304c2b5ce1.jpg,TP,11,15,0.939573,1677,1597,808.7384,770.1582,0.44,seg_large_r672_auto
TORDILHA-B_010_jpg.rf.698124083a3806b10e86f6304c2b5ce1.jpg,TP,25,2,0.933014,2819,2837,1359.4715,1368.152,0.44,seg_large_r672_auto
TORDILHA-B_010_jpg.rf.698124083a3806b10e86f6304c2b5ce1.jpg,TP,30,19,0.931953,2618,2606,1262.5386,1256.7515,0.44,seg_large_r672_auto
TORDILHA-B_010_jpg.rf.698124083a3806b10e86f6304c2b5ce1.jpg,TP,10,7,0.928092,4053,3991,1954.5718,1924.6721,0.44,seg_large_r672_auto
TORDILHA-B_010_jpg.rf.698124083a3806b10e86f6304c2b5ce1.jpg,TP,21,1,0.923469,377,377,181.8094,181.8094,0.44,seg_large_r672_auto
TORDILHA-B_010_jpg.rf.698124083a3806b10e86f6304c2b5ce1.jpg,TP,24,3,0.923188,1284,1370,619.213,660.6867,0.44,seg_large_r672_auto
TORDILHA-B_010_jpg.rf.698124083a3806b10e86f6304c2b5ce1.jpg,TP,18,28,0.921993,7769,8320,3746.6242,4012.3457,0.44,seg_large_r672_auto
TORDILHA-B_010_jpg.rf.698124083a3806b10e86f6304c2b5ce1.jpg,TP,14,12,0.921027,1988,1904,958.7191,918.2099,0.44,seg_large_r672_auto
TORDILHA-B_010_jpg.rf.698124083a3806b10e86f6304c2b5ce1.jpg,TP,6,8,0.920609,1202,1193,579.6682,575.3279,0.44,seg_large_r672_auto
TORDILHA-B_010_jpg.rf.698124083a3806b10e86f6304c2b5ce1.jpg,TP,22,30,0.919424,2060,1942,993.4414,936.5355,0.44,seg_large_r672_auto
TORDILHA-B_010_jpg.rf.698124083a3806b10e86f6304c2b5ce1.jpg,TP,19,22,0.901982,859,868,414.2554,418.5957,0.44,seg_large_r672_auto
TORDILHA-B_010_jpg.rf.698124083a3806b10e86f6304c2b5ce1.jpg,TP,27,23,0.872102,1162,1180,560.3781,569.0586,0.44,seg_large_r672_auto
TORDILHA-B_010_jpg.rf.698124083a3806b10e86f6304c2b5ce1.jpg,TP,28,29,0.780303,259,211,124.9035,101.7554,0.44,seg_large_r672_auto
TORDILHA-B_010_jpg.rf.698124083a3806b10e86f6304c2b5ce1.jpg,TP,23,27,0.694253,417,320,201.0995,154.321,0.44,seg_large_r672_auto
TORDILHA-B_010_jpg.rf.698124083a3806b10e86f6304c2b5ce1.jpg,TP,16,9,0.612129,12441,7709,5999.7106,3717.689,0.44,seg_large_r672_auto
TORDILHA-B_010_jpg.rf.698124083a3806b10e86f6304c2b5ce1.jpg,FP,13,-1,0.0,0,4429,0.0,2135.8989,0.44,seg_large_r672_auto
TORDILHA-B_010_jpg.rf.698124083a3806b10e86f6304c2b5ce1.jpg,FP,29,-1,0.0,0,3495,0.0,1685.4745,0.44,seg_large_r672_auto
TORDILHA-B_010_jpg.rf.698124083a3806b10e86f6304c2b5ce1.jpg,FP,31,-1,0.0,0,5109,0.0,2463.831,0.44,seg_large_r672_auto
TORDILHA-B_010_jpg.rf.698124083a3806b10e86f6304c2b5ce1.jpg,FP,32,-1,0.0,0,5947,0.0,2867.9591,0.44,seg_large_r672_auto
TORDILHA-B_010_jpg.rf.698124083a3806b10e86f6304c2b5ce1.jpg,FN,-1,21,0.0,1064,0,513.1173,0.0,0.44,seg_large_r672_auto
TOSTADA-G_011_jpg.rf.c0b219a9a6742c565eddfcdb51541b7d.jpg,TP,7,12,0.973629,6098,6026,2940.7793,2906.0571,0.44,seg_large_r672_auto
TOSTADA-G_011_jpg.rf.c0b219a9a6742c565eddfcdb51541b7d.jpg,TP,1,19,0.965503,7306,7166,3523.341,3455.8256,0.44,seg_large_r672_auto
TOSTADA-G_011_jpg.rf.c0b219a9a6742c565eddfcdb51541b7d.jpg,TP,23,7,0.964286,217,223,104.6489,107.5424,0.44,seg_large_r672_auto
TOSTADA-G_011_jpg.rf.c0b219a9a6742c565eddfcdb51541b7d.jpg,TP,4,20,0.963798,4376,4249,2110.3395,2049.0934,0.44,seg_large_r672_auto
TOSTADA-G_011_jpg.rf.c0b219a9a6742c565eddfcdb51541b7d.jpg,TP,31,5,0.961964,37812,36723,18234.9537,17709.7801,0.44,seg_large_r672_auto
TOSTADA-G_011_jpg.rf.c0b219a9a6742c565eddfcdb51541b7d.jpg,TP,3,25,0.959682,10618,10331,5120.5633,4982.1566,0.44,seg_large_r672_auto
TOSTADA-G_011_jpg.rf.c0b219a9a6742c565eddfcdb51541b7d.jpg,TP,26,11,0.956631,4674,4665,2254.0509,2249.7106,0.44,seg_large_r672_auto
TOSTADA-G_011_jpg.rf.c0b219a9a6742c565eddfcdb51541b7d.jpg,TP,0,21,0.95558,7944,7861,3831.0185,3790.9915,0.44,seg_large_r672_auto
TOSTADA-G_011_jpg.rf.c0b219a9a6742c565eddfcdb51541b7d.jpg,TP,15,0,0.955161,1144,1167,551.6975,562.7894,0.44,seg_large_r672_auto
TOSTADA-G_011_jpg.rf.c0b219a9a6742c565eddfcdb51541b7d.jpg,TP,6,6,0.95415,8056,7884,3885.0309,3802.0833,0.44,seg_large_r672_auto
TOSTADA-G_011_jpg.rf.c0b219a9a6742c565eddfcdb51541b7d.jpg,TP,28,24,0.953155,7177,6874,3461.1304,3315.0077,0.44,seg_large_r672_auto
TOSTADA-G_011_jpg.rf.c0b219a9a6742c565eddfcdb51541b7d.jpg,TP,5,3,0.951236,2907,2855,1401.9097,1376.8326,0.44,seg_large_r672_auto
TOSTADA-G_011_jpg.rf.c0b219a9a6742c565eddfcdb51541b7d.jpg,TP,2,1,0.948141,6505,6230,3137.0563,3004.4367,0.44,seg_large_r672_auto
TOSTADA-G_011_jpg.rf.c0b219a9a6742c565eddfcdb51541b7d.jpg,TP,24,10,0.947863,12856,12661,6199.8457,6105.8063,0.44,seg_large_r672_auto
TOSTADA-G_011_jpg.rf.c0b219a9a6742c565eddfcdb51541b7d.jpg,TP,25,22,0.943026,11153,10537,5378.5687,5081.5008,0.44,seg_large_r672_auto
TOSTADA-G_011_jpg.rf.c0b219a9a6742c565eddfcdb51541b7d.jpg,TP,9,9,0.940157,1249,1215,602.3341,585.9375,0.44,seg_large_r672_auto
TOSTADA-G_011_jpg.rf.c0b219a9a6742c565eddfcdb51541b7d.jpg,TP,8,13,0.939671,2142,2102,1032.9861,1013.696,0.44,seg_large_r672_auto
TOSTADA-G_011_jpg.rf.c0b219a9a6742c565eddfcdb51541b7d.jpg,TP,10,26,0.93097,5373,5033,2591.1458,2427.1798,0.44,seg_large_r672_auto
TOSTADA-G_011_jpg.rf.c0b219a9a6742c565eddfcdb51541b7d.jpg,TP,13,4,0.920545,874,818,421.4892,394.483,0.44,seg_large_r672_auto
TOSTADA-G_011_jpg.rf.c0b219a9a6742c565eddfcdb51541b7d.jpg,TP,17,28,0.918919,850,783,409.9151,377.6042,0.44,seg_large_r672_auto
TOSTADA-G_011_jpg.rf.c0b219a9a6742c565eddfcdb51541b7d.jpg,TP,21,8,0.914062,738,732,355.9028,353.0093,0.44,seg_large_r672_auto
TOSTADA-G_011_jpg.rf.c0b219a9a6742c565eddfcdb51541b7d.jpg,TP,12,2,0.910256,840,799,405.0926,385.3202,0.44,seg_large_r672_auto
TOSTADA-G_011_jpg.rf.c0b219a9a6742c565eddfcdb51541b7d.jpg,TP,11,18,0.902658,2776,2521,1338.7346,1215.76,0.44,seg_large_r672_auto
TOSTADA-G_011_jpg.rf.c0b219a9a6742c565eddfcdb51541b7d.jpg,TP,14,15,0.901345,1114,1006,537.2299,485.1466,0.44,seg_large_r672_auto
TOSTADA-G_011_jpg.rf.c0b219a9a6742c565eddfcdb51541b7d.jpg,TP,16,16,0.884058,414,366,199.6528,176.5046,0.44,seg_large_r672_auto
TOSTADA-G_011_jpg.rf.c0b219a9a6742c565eddfcdb51541b7d.jpg,TP,19,27,0.868966,1015,882,489.4869,425.3472,0.44,seg_large_r672_auto
TOSTADA-G_011_jpg.rf.c0b219a9a6742c565eddfcdb51541b7d.jpg,TP,18,29,0.857729,731,627,352.527,302.3727,0.44,seg_large_r672_auto
TOSTADA-G_011_jpg.rf.c0b219a9a6742c565eddfcdb51541b7d.jpg,TP,27,14,0.728155,103,75,49.6721,36.169,0.44,seg_large_r672_auto
TOSTADA-G_011_jpg.rf.c0b219a9a6742c565eddfcdb51541b7d.jpg,TP,22,17,0.683576,20785,14262,10023.6304,6877.8935,0.44,seg_large_r672_auto
TOSTADA-G_011_jpg.rf.c0b219a9a6742c565eddfcdb51541b7d.jpg,FP,20,-1,0.0,0,4435,0.0,2138.7924,0.44,seg_large_r672_auto
TOSTADA-G_011_jpg.rf.c0b219a9a6742c565eddfcdb51541b7d.jpg,FP,29,-1,0.0,0,18436,0.0,8890.8179,0.44,seg_large_r672_auto
TOSTADA-G_011_jpg.rf.c0b219a9a6742c565eddfcdb51541b7d.jpg,FP,30,-1,0.0,0,2128,0.0,1026.2346,0.44,seg_large_r672_auto
TOSTADA-G_011_jpg.rf.c0b219a9a6742c565eddfcdb51541b7d.jpg,FN,-1,23,0.0,33,0,15.9144,0.0,0.44,seg_large_r672_auto
ROSILHA-M-B_003_jpg.rf.863a24cebe30a134937348de5cbcaa87.jpg,TP,14,6,0.984718,15331,15448,7393.4221,7449.8457,0.44,seg_large_r672_auto
ROSILHA-M-B_003_jpg.rf.863a24cebe30a134937348de5cbcaa87.jpg,TP,2,8,0.971609,11659,11813,5622.5887,5696.8557,0.44,seg_large_r672_auto
ROSILHA-M-B_003_jpg.rf.863a24cebe30a134937348de5cbcaa87.jpg,TP,13,19,0.964766,34138,33837,16463.1559,16317.9977,0.44,seg_large_r672_auto
ROSILHA-M-B_003_jpg.rf.863a24cebe30a134937348de5cbcaa87.jpg,TP,9,16,0.964522,7050,6904,3399.8843,3329.4753,0.44,seg_large_r672_auto
ROSILHA-M-B_003_jpg.rf.863a24cebe30a134937348de5cbcaa87.jpg,TP,1,5,0.963087,16250,16563,7836.6127,7987.5579,0.44,seg_large_r672_auto
ROSILHA-M-B_003_jpg.rf.863a24cebe30a134937348de5cbcaa87.jpg,TP,0,0,0.955539,13082,12956,6308.8349,6248.071,0.44,seg_large_r672_auto
ROSILHA-M-B_003_jpg.rf.863a24cebe30a134937348de5cbcaa87.jpg,TP,3,9,0.95415,5364,5419,2586.8056,2613.3295,0.44,seg_large_r672_auto
ROSILHA-M-B_003_jpg.rf.863a24cebe30a134937348de5cbcaa87.jpg,TP,4,10,0.950216,3980,4129,1919.3673,1991.223,0.44,seg_large_r672_auto
ROSILHA-M-B_003_jpg.rf.863a24cebe30a134937348de5cbcaa87.jpg,TP,6,17,0.947413,15104,15114,7283.9506,7288.7731,0.44,seg_large_r672_auto
ROSILHA-M-B_003_jpg.rf.863a24cebe30a134937348de5cbcaa87.jpg,TP,7,1,0.928958,2833,2869,1366.223,1383.5841,0.44,seg_large_r672_auto
ROSILHA-M-B_003_jpg.rf.863a24cebe30a134937348de5cbcaa87.jpg,TP,8,12,0.916947,4951,4743,2387.635,2287.3264,0.44,seg_large_r672_auto
ROSILHA-M-B_003_jpg.rf.863a24cebe30a134937348de5cbcaa87.jpg,TP,5,15,0.91586,1622,1543,782.2145,744.1165,0.44,seg_large_r672_auto
ROSILHA-M-B_003_jpg.rf.863a24cebe30a134937348de5cbcaa87.jpg,TP,10,7,0.889564,889,976,428.723,470.679,0.44,seg_large_r672_auto
ROSILHA-M-B_003_jpg.rf.863a24cebe30a134937348de5cbcaa87.jpg,TP,16,13,0.65283,2117,2701,1020.9298,1302.5656,0.44,seg_large_r672_auto
ROSILHA-M-B_003_jpg.rf.863a24cebe30a134937348de5cbcaa87.jpg,TP,11,2,0.516559,7723,14807,3724.4406,7140.7215,0.44,seg_large_r672_auto
ROSILHA-M-B_003_jpg.rf.863a24cebe30a134937348de5cbcaa87.jpg,FP,12,-1,0.0,0,6271,0.0,3024.2091,0.44,seg_large_r672_auto
ROSILHA-M-B_003_jpg.rf.863a24cebe30a134937348de5cbcaa87.jpg,FP,15,-1,0.0,0,2168,0.0,1045.5247,0.44,seg_large_r672_auto
ROSILHA-M-B_003_jpg.rf.863a24cebe30a134937348de5cbcaa87.jpg,FP,17,-1,0.0,0,13013,0.0,6275.5594,0.44,seg_large_r672_auto
ROSILHA-M-B_003_jpg.rf.863a24cebe30a134937348de5cbcaa87.jpg,FP,18,-1,0.0,0,46866,0.0,22601.2731,0.44,seg_large_r672_auto
ROSILHA-M-B_003_jpg.rf.863a24cebe30a134937348de5cbcaa87.jpg,FN,-1,3,0.0,5607,0,2703.9931,0.0,0.44,seg_large_r672_auto
ROSILHA-M-B_003_jpg.rf.863a24cebe30a134937348de5cbcaa87.jpg,FN,-1,4,0.0,3835,0,1849.4406,0.0,0.44,seg_large_r672_auto
ROSILHA-M-B_003_jpg.rf.863a24cebe30a134937348de5cbcaa87.jpg,FN,-1,11,0.0,27902,0,13455.8256,0.0,0.44,seg_large_r672_auto
ROSILHA-M-B_003_jpg.rf.863a24cebe30a134937348de5cbcaa87.jpg,FN,-1,14,0.0,617,0,297.5502,0.0,0.44,seg_large_r672_auto
ROSILHA-M-B_003_jpg.rf.863a24cebe30a134937348de5cbcaa87.jpg,FN,-1,18,0.0,5123,0,2470.5826,0.0,0.44,seg_large_r672_auto
ZAZA-G_012_jpg.rf.b65fca463e4411032a599acd7494f06d.jpg,TP,27,7,0.989044,4909,4895,2367.3804,2360.6289,0.44,seg_large_r672_auto
ZAZA-G_012_jpg.rf.b65fca463e4411032a599acd7494f06d.jpg,TP,23,11,0.968169,13186,12969,6358.9892,6254.3403,0.44,seg_large_r672_auto
ZAZA-G_012_jpg.rf.b65fca463e4411032a599acd7494f06d.jpg,TP,6,16,0.966165,3180,3096,1533.5648,1493.0556,0.44,seg_large_r672_auto
ZAZA-G_012_jpg.rf.b65fca463e4411032a599acd7494f06d.jpg,TP,20,12,0.96006,11876,11582,5727.2377,5585.4552,0.44,seg_large_r672_auto
ZAZA-G_012_jpg.rf.b65fca463e4411032a599acd7494f06d.jpg,TP,26,13,0.959493,4858,4720,2342.7855,2276.2346,0.44,seg_large_r672_auto
ZAZA-G_012_jpg.rf.b65fca463e4411032a599acd7494f06d.jpg,TP,17,10,0.959247,8582,8389,4138.696,4045.6211,0.44,seg_large_r672_auto
ZAZA-G_012_jpg.rf.b65fca463e4411032a599acd7494f06d.jpg,TP,13,19,0.957915,2581,2490,1244.6952,1200.8102,0.44,seg_large_r672_auto
ZAZA-G_012_jpg.rf.b65fca463e4411032a599acd7494f06d.jpg,TP,1,27,0.953476,5408,5215,2608.0247,2514.9498,0.44,seg_large_r672_auto
ZAZA-G_012_jpg.rf.b65fca463e4411032a599acd7494f06d.jpg,TP,4,24,0.947458,4104,3939,1979.1667,1899.5949,0.44,seg_large_r672_auto
ZAZA-G_012_jpg.rf.b65fca463e4411032a599acd7494f06d.jpg,TP,12,18,0.939793,6636,6316,3200.2315,3045.9105,0.44,seg_large_r672_auto
ZAZA-G_012_jpg.rf.b65fca463e4411032a599acd7494f06d.jpg,TP,19,15,0.938831,1828,1722,881.5586,830.4398,0.44,seg_large_r672_auto
ZAZA-G_012_jpg.rf.b65fca463e4411032a599acd7494f06d.jpg,TP,0,23,0.937326,6821,6409,3289.4483,3090.76,0.44,seg_large_r672_auto
ZAZA-G_012_jpg.rf.b65fca463e4411032a599acd7494f06d.jpg,TP,5,31,0.936127,2957,2772,1426.0224,1336.8056,0.44,seg_large_r672_auto
ZAZA-G_012_jpg.rf.b65fca463e4411032a599acd7494f06d.jpg,TP,30,5,0.934626,2497,2593,1204.186,1250.4823,0.44,seg_large_r672_auto
ZAZA-G_012_jpg.rf.b65fca463e4411032a599acd7494f06d.jpg,TP,11,32,0.934531,7772,7298,3748.071,3519.483,0.44,seg_large_r672_auto
ZAZA-G_012_jpg.rf.b65fca463e4411032a599acd7494f06d.jpg,TP,22,8,0.934345,3666,3729,1767.9398,1798.3218,0.44,seg_large_r672_auto
ZAZA-G_012_jpg.rf.b65fca463e4411032a599acd7494f06d.jpg,TP,7,28,0.933962,3703,3472,1785.7832,1674.3827,0.44,seg_large_r672_auto
ZAZA-G_012_jpg.rf.b65fca463e4411032a599acd7494f06d.jpg,TP,8,21,0.933218,2879,2708,1388.4066,1305.9414,0.44,seg_large_r672_auto
ZAZA-G_012_jpg.rf.b65fca463e4411032a599acd7494f06d.jpg,TP,15,2,0.926287,6814,6618,3286.0725,3191.5509,0.44,seg_large_r672_auto
ZAZA-G_012_jpg.rf.b65fca463e4411032a599acd7494f06d.jpg,TP,21,29,0.925788,533,505,257.0409,243.5378,0.44,seg_large_r672_auto
ZAZA-G_012_jpg.rf.b65fca463e4411032a599acd7494f06d.jpg,TP,10,20,0.920462,4573,4240,2205.3434,2044.7531,0.44,seg_large_r672_auto
ZAZA-G_012_jpg.rf.b65fca463e4411032a599acd7494f06d.jpg,TP,25,9,0.91856,5766,5636,2780.6713,2717.9784,0.44,seg_large_r672_auto
ZAZA-G_012_jpg.rf.b65fca463e4411032a599acd7494f06d.jpg,TP,3,22,0.912268,6777,6192,3268.2292,2986.1111,0.44,seg_large_r672_auto
ZAZA-G_012_jpg.rf.b65fca463e4411032a599acd7494f06d.jpg,TP,29,6,0.911997,7035,6783,3392.6505,3271.1227,0.44,seg_large_r672_auto
ZAZA-G_012_jpg.rf.b65fca463e4411032a599acd7494f06d.jpg,TP,24,1,0.905744,665,629,320.6983,303.3372,0.44,seg_large_r672_auto
ZAZA-G_012_jpg.rf.b65fca463e4411032a599acd7494f06d.jpg,TP,16,25,0.901991,1276,1208,615.3549,582.5617,0.44,seg_large_r672_auto
ZAZA-G_012_jpg.rf.b65fca463e4411032a599acd7494f06d.jpg,TP,18,33,0.898172,1138,1043,548.804,502.99,0.44,seg_large_r672_auto
ZAZA-G_012_jpg.rf.b65fca463e4411032a599acd7494f06d.jpg,TP,31,0,0.896292,4289,4506,2068.3835,2173.0324,0.44,seg_large_r672_auto
ZAZA-G_012_jpg.rf.b65fca463e4411032a599acd7494f06d.jpg,TP,14,26,0.877425,3389,2998,1634.3557,1445.7948,0.44,seg_large_r672_auto
ZAZA-G_012_jpg.rf.b65fca463e4411032a599acd7494f06d.jpg,TP,28,14,0.869565,817,774,394.0008,373.2639,0.44,seg_large_r672_auto
ZAZA-G_012_jpg.rf.b65fca463e4411032a599acd7494f06d.jpg,TP,32,17,0.766917,116,119,55.9414,57.3881,0.44,seg_large_r672_auto
ZAZA-G_012_jpg.rf.b65fca463e4411032a599acd7494f06d.jpg,TP,2,34,0.538806,15335,8358,7395.3511,4030.6713,0.44,seg_large_r672_auto
ZAZA-G_012_jpg.rf.b65fca463e4411032a599acd7494f06d.jpg,FP,9,-1,0.0,0,6168,0.0,2974.537,0.44,seg_large_r672_auto
ZAZA-G_012_jpg.rf.b65fca463e4411032a599acd7494f06d.jpg,FP,33,-1,0.0,0,1908,0.0,920.1389,0.44,seg_large_r672_auto
ZAZA-G_012_jpg.rf.b65fca463e4411032a599acd7494f06d.jpg,FN,-1,3,0.0,25,0,12.0563,0.0,0.44,seg_large_r672_auto
ZAZA-G_012_jpg.rf.b65fca463e4411032a599acd7494f06d.jpg,FN,-1,4,0.0,31,0,14.9498,0.0,0.44,seg_large_r672_auto
ZAZA-G_012_jpg.rf.b65fca463e4411032a599acd7494f06d.jpg,FN,-1,30,0.0,16,0,7.716,0.0,0.44,seg_large_r672_auto
TORDILHA-G_009_jpg.rf.b279af9f6892d54790621c0f5458daf3.jpg,TP,9,16,0.960261,3818,3680,1841.2423,1774.6914,0.44,seg_large_r672_auto
TORDILHA-G_009_jpg.rf.b279af9f6892d54790621c0f5458daf3.jpg,TP,5,28,0.95473,9479,9347,4571.277,4507.6196,0.44,seg_large_r672_auto
TORDILHA-G_009_jpg.rf.b279af9f6892d54790621c0f5458daf3.jpg,TP,1,11,0.953776,3920,3815,1890.4321,1839.7955,0.44,seg_large_r672_auto
TORDILHA-G_009_jpg.rf.b279af9f6892d54790621c0f5458daf3.jpg,TP,0,20,0.951682,2098,2022,1011.767,975.1157,0.44,seg_large_r672_auto
TORDILHA-G_009_jpg.rf.b279af9f6892d54790621c0f5458daf3.jpg,TP,14,2,0.950702,3954,3960,1906.8287,1909.7222,0.44,seg_large_r672_auto
TORDILHA-G_009_jpg.rf.b279af9f6892d54790621c0f5458daf3.jpg,TP,10,17,0.948701,1482,1443,714.6991,695.8912,0.44,seg_large_r672_auto
TORDILHA-G_009_jpg.rf.b279af9f6892d54790621c0f5458daf3.jpg,TP,21,10,0.948267,1851,1802,892.6505,869.0201,0.44,seg_large_r672_auto
TORDILHA-G_009_jpg.rf.b279af9f6892d54790621c0f5458daf3.jpg,TP,19,25,0.947578,3218,3135,1551.8904,1511.8634,0.44,seg_large_r672_auto
TORDILHA-G_009_jpg.rf.b279af9f6892d54790621c0f5458daf3.jpg,TP,24,19,0.945545,3401,3280,1640.1427,1581.7901,0.44,seg_large_r672_auto
TORDILHA-G_009_jpg.rf.b279af9f6892d54790621c0f5458daf3.jpg,TP,4,22,0.943917,2194,2104,1058.0633,1014.6605,0.44,seg_large_r672_auto
TORDILHA-G_009_jpg.rf.b279af9f6892d54790621c0f5458daf3.jpg,TP,29,35,0.943402,6247,5977,3012.635,2882.4267,0.44,seg_large_r672_auto
TORDILHA-G_009_jpg.rf.b279af9f6892d54790621c0f5458daf3.jpg,TP,2,36,0.942008,2048,1937,987.6543,934.1242,0.44,seg_large_r672_auto
TORDILHA-G_009_jpg.rf.b279af9f6892d54790621c0f5458daf3.jpg,TP,17,18,0.94084,3134,2968,1511.3812,1431.3272,0.44,seg_large_r672_auto
TORDILHA-G_009_jpg.rf.b279af9f6892d54790621c0f5458daf3.jpg,TP,6,13,0.940226,3065,2940,1478.1057,1417.8241,0.44,seg_large_r672_auto
TORDILHA-G_009_jpg.rf.b279af9f6892d54790621c0f5458daf3.jpg,TP,7,32,0.938749,1515,1492,730.6134,719.5216,0.44,seg_large_r672_auto
TORDILHA-G_009_jpg.rf.b279af9f6892d54790621c0f5458daf3.jpg,TP,12,12,0.937776,2031,1924,979.456,927.8549,0.44,seg_large_r672_auto
TORDILHA-G_009_jpg.rf.b279af9f6892d54790621c0f5458daf3.jpg,TP,22,7,0.93727,3695,3686,1781.9252,1777.5849,0.44,seg_large_r672_auto
TORDILHA-G_009_jpg.rf.b279af9f6892d54790621c0f5458daf3.jpg,TP,18,8,0.93723,8332,8241,4018.1327,3974.2477,0.44,seg_large_r672_auto
TORDILHA-G_009_jpg.rf.b279af9f6892d54790621c0f5458daf3.jpg,TP,33,0,0.93701,8494,8050,4096.2577,3882.1373,0.44,seg_large_r672_auto
TORDILHA-G_009_jpg.rf.b279af9f6892d54790621c0f5458daf3.jpg,TP,11,1,0.929932,3073,2904,1481.9637,1400.463,0.44,seg_large_r672_auto
TORDILHA-G_009_jpg.rf.b279af9f6892d54790621c0f5458daf3.jpg,TP,13,3,0.929438,6062,5860,2923.4182,2826.0031,0.44,seg_large_r672_auto
TORDILHA-G_009_jpg.rf.b279af9f6892d54790621c0f5458daf3.jpg,TP,26,33,0.924982,1348,1295,650.0772,624.5177,0.44,seg_large_r672_auto
TORDILHA-G_009_jpg.rf.b279af9f6892d54790621c0f5458daf3.jpg,TP,28,4,0.918803,3494,3241,1684.9923,1562.9823,0.44,seg_large_r672_auto
TORDILHA-G_009_jpg.rf.b279af9f6892d54790621c0f5458daf3.jpg,TP,8,14,0.915397,6711,6488,3236.4005,3128.858,0.44,seg_large_r672_auto
TORDILHA-G_009_jpg.rf.b279af9f6892d54790621c0f5458daf3.jpg,TP,3,29,0.913632,3034,2904,1463.1559,1400.463,0.44,seg_large_r672_auto
TORDILHA-G_009_jpg.rf.b279af9f6892d54790621c0f5458daf3.jpg,TP,16,23,0.910537,1932,1912,931.713,922.0679,0.44,seg_large_r672_auto
TORDILHA-G_009_jpg.rf.b279af9f6892d54790621c0f5458daf3.jpg,TP,20,21,0.904959,940,904,453.3179,435.9568,0.44,seg_large_r672_auto
TORDILHA-G_009_jpg.rf.b279af9f6892d54790621c0f5458daf3.jpg,TP,30,30,0.902429,2229,2314,1074.9421,1115.9336,0.44,seg_large_r672_auto
TORDILHA-G_009_jpg.rf.b279af9f6892d54790621c0f5458daf3.jpg,TP,25,5,0.899838,2359,2326,1137.635,1121.7207,0.44,seg_large_r672_auto
TORDILHA-G_009_jpg.rf.b279af9f6892d54790621c0f5458daf3.jpg,TP,23,24,0.896895,1546,1692,745.5633,815.9722,0.44,seg_large_r672_auto
TORDILHA-G_009_jpg.rf.b279af9f6892d54790621c0f5458daf3.jpg,TP,35,15,0.894947,1377,1473,664.0625,710.3588,0.44,seg_large_r672_auto
TORDILHA-G_009_jpg.rf.b279af9f6892d54790621c0f5458daf3.jpg,TP,27,9,0.877003,2608,2428,1257.716,1170.9105,0.44,seg_large_r672_auto
TORDILHA-G_009_jpg.rf.b279af9f6892d54790621c0f5458daf3.jpg,TP,32,6,0.85632,5378,4609,2593.5571,2222.7045,0.44,seg_large_r672_auto
TORDILHA-G_009_jpg.rf.b279af9f6892d54790621c0f5458daf3.jpg,TP,34,31,0.836203,16682,18193,8044.946,8773.6304,0.44,seg_large_r672_auto
TORDILHA-G_009_jpg.rf.b279af9f6892d54790621c0f5458daf3.jpg,TP,41,26,0.766423,820,632,395.4475,304.784,0.44,seg_large_r672_auto
TORDILHA-G_009_jpg.rf.b279af9f6892d54790621c0f5458daf3.jpg,TP,15,27,0.675905,11543,7807,5566.6474,3764.9498,0.44,seg_large_r672_auto
TORDILHA-G_009_jpg.rf.b279af9f6892d54790621c0f5458daf3.jpg,TP,31,34,0.625644,3625,2372,1748.1674,1143.9043,0.44,seg_large_r672_auto
TORDILHA-G_009_jpg.rf.b279af9f6892d54790621c0f5458daf3.jpg,FP,36,-1,0.0,0,7284,0.0,3512.7315,0.44,seg_large_r672_auto
TORDILHA-G_009_jpg.rf.b279af9f6892d54790621c0f5458daf3.jpg,FP,37,-1,0.0,0,1168,0.0,563.2716,0.44,seg_large_r672_auto
TORDILHA-G_009_jpg.rf.b279af9f6892d54790621c0f5458daf3.jpg,FP,38,-1,0.0,0,1798,0.0,867.091,0.44,seg_large_r672_auto
TORDILHA-G_009_jpg.rf.b279af9f6892d54790621c0f5458daf3.jpg,FP,39,-1,0.0,0,2382,0.0,1148.7269,0.44,seg_large_r672_auto
TORDILHA-G_009_jpg.rf.b279af9f6892d54790621c0f5458daf3.jpg,FP,40,-1,0.0,0,4348,0.0,2096.8364,0.44,seg_large_r672_auto
TP-G_010_jpg.rf.5c8b394cdec2d68bae00b4eb6679ec08.jpg,TP,8,0,0.983001,2041,2042,984.2785,984.7608,0.44,seg_large_r672_auto
TP-G_010_jpg.rf.5c8b394cdec2d68bae00b4eb6679ec08.jpg,TP,28,13,0.968303,15450,15226,7450.8102,7342.7855,0.44,seg_large_r672_auto
TP-G_010_jpg.rf.5c8b394cdec2d68bae00b4eb6679ec08.jpg,TP,4,36,0.965361,1926,1989,928.8194,959.2014,0.44,seg_large_r672_auto
TP-G_010_jpg.rf.5c8b394cdec2d68bae00b4eb6679ec08.jpg,TP,0,22,0.959297,7260,7229,3501.1574,3486.2076,0.44,seg_large_r672_auto
TP-G_010_jpg.rf.5c8b394cdec2d68bae00b4eb6679ec08.jpg,TP,15,5,0.958983,1709,1682,824.1705,811.1497,0.44,seg_large_r672_auto
TP-G_010_jpg.rf.5c8b394cdec2d68bae00b4eb6679ec08.jpg,TP,9,34,0.957694,2905,2833,1400.9452,1366.223,0.44,seg_large_r672_auto
TP-G_010_jpg.rf.5c8b394cdec2d68bae00b4eb6679ec08.jpg,TP,22,20,0.956723,1276,1256,615.3549,605.7099,0.44,seg_large_r672_auto
TP-G_010_jpg.rf.5c8b394cdec2d68bae00b4eb6679ec08.jpg,TP,2,6,0.955504,5124,4984,2471.0648,2403.5494,0.44,seg_large_r672_auto
TP-G_010_jpg.rf.5c8b394cdec2d68bae00b4eb6679ec08.jpg,TP,14,11,0.95471,2181,2135,1051.794,1029.6103,0.44,seg_large_r672_auto
TP-G_010_jpg.rf.5c8b394cdec2d68bae00b4eb6679ec08.jpg,TP,25,12,0.953829,5167,5116,2491.8017,2467.2068,0.44,seg_large_r672_auto
TP-G_010_jpg.rf.5c8b394cdec2d68bae00b4eb6679ec08.jpg,TP,35,27,0.952719,4889,4734,2357.7353,2282.9861,0.44,seg_large_r672_auto
TP-G_010_jpg.rf.5c8b394cdec2d68bae00b4eb6679ec08.jpg,TP,1,10,0.951036,5946,5729,2867.4769,2762.8279,0.44,seg_large_r672_auto
TP-G_010_jpg.rf.5c8b394cdec2d68bae00b4eb6679ec08.jpg,TP,19,32,0.949099,909,929,438.3681,448.0131,0.44,seg_large_r672_auto
TP-G_010_jpg.rf.5c8b394cdec2d68bae00b4eb6679ec08.jpg,TP,30,19,0.947903,13808,13599,6658.9506,6558.1597,0.44,seg_large_r672_auto
TP-G_010_jpg.rf.5c8b394cdec2d68bae00b4eb6679ec08.jpg,TP,29,35,0.947386,8655,8556,4173.9005,4126.1574,0.44,seg_large_r672_auto
TP-G_010_jpg.rf.5c8b394cdec2d68bae00b4eb6679ec08.jpg,TP,3,24,0.947314,2855,2800,1376.8326,1350.3086,0.44,seg_large_r672_auto
TP-G_010_jpg.rf.5c8b394cdec2d68bae00b4eb6679ec08.jpg,TP,5,29,0.947158,3442,3375,1659.9151,1627.6042,0.44,seg_large_r672_auto
TP-G_010_jpg.rf.5c8b394cdec2d68bae00b4eb6679ec08.jpg,TP,31,1,0.943848,5261,5055,2537.1335,2437.7894,0.44,seg_large_r672_auto
TP-G_010_jpg.rf.5c8b394cdec2d68bae00b4eb6679ec08.jpg,TP,10,23,0.943124,1164,1125,561.3426,542.5347,0.44,seg_large_r672_auto
TP-G_010_jpg.rf.5c8b394cdec2d68bae00b4eb6679ec08.jpg,TP,6,21,0.939903,2641,2556,1273.6304,1232.6389,0.44,seg_large_r672_auto
TP-G_010_jpg.rf.5c8b394cdec2d68bae00b4eb6679ec08.jpg,TP,12,9,0.93763,908,956,437.8858,461.034,0.44,seg_large_r672_auto
TP-G_010_jpg.rf.5c8b394cdec2d68bae00b4eb6679ec08.jpg,TP,20,8,0.933649,602,622,290.3164,299.9614,0.44,seg_large_r672_auto
TP-G_010_jpg.rf.5c8b394cdec2d68bae00b4eb6679ec08.jpg,TP,16,3,0.930602,1167,1142,562.7894,550.733,0.44,seg_large_r672_auto
TP-G_010_jpg.rf.5c8b394cdec2d68bae00b4eb6679ec08.jpg,TP,11,28,0.928571,2514,2508,1212.3843,1209.4907,0.44,seg_large_r672_auto
TP-G_010_jpg.rf.5c8b394cdec2d68bae00b4eb6679ec08.jpg,TP,24,18,0.926791,634,603,305.7485,290.7986,0.44,seg_large_r672_auto
TP-G_010_jpg.rf.5c8b394cdec2d68bae00b4eb6679ec08.jpg,TP,18,16,0.92,1069,995,515.5285,479.8418,0.44,seg_large_r672_auto
TP-G_010_jpg.rf.5c8b394cdec2d68bae00b4eb6679ec08.jpg,TP,7,30,0.915793,2508,2611,1209.4907,1259.1628,0.44,seg_large_r672_auto
TP-G_010_jpg.rf.5c8b394cdec2d68bae00b4eb6679ec08.jpg,TP,13,33,0.912748,2036,1910,981.8673,921.1034,0.44,seg_large_r672_auto
TP-G_010_jpg.rf.5c8b394cdec2d68bae00b4eb6679ec08.jpg,TP,21,25,0.909763,1333,1249,642.8434,602.3341,0.44,seg_large_r672_auto
TP-G_010_jpg.rf.5c8b394cdec2d68bae00b4eb6679ec08.jpg,TP,17,31,0.900474,1040,965,501.5432,465.3742,0.44,seg_large_r672_auto
TP-G_010_jpg.rf.5c8b394cdec2d68bae00b4eb6679ec08.jpg,TP,23,17,0.874194,613,549,295.6211,264.7569,0.44,seg_large_r672_auto
TP-G_010_jpg.rf.5c8b394cdec2d68bae00b4eb6679ec08.jpg,TP,27,4,0.85625,159,138,76.6782,66.5509,0.44,seg_large_r672_auto
TP-G_010_jpg.rf.5c8b394cdec2d68bae00b4eb6679ec08.jpg,TP,26,7,0.779688,19890,15928,9592.0139,7681.3272,0.44,seg_large_r672_auto
TP-G_010_jpg.rf.5c8b394cdec2d68bae00b4eb6679ec08.jpg,FP,32,-1,0.0,0,2240,0.0,1080.2469,0.44,seg_large_r672_auto
TP-G_010_jpg.rf.5c8b394cdec2d68bae00b4eb6679ec08.jpg,FP,33,-1,0.0,0,6968,0.0,3360.3395,0.44,seg_large_r672_auto
TP-G_010_jpg.rf.5c8b394cdec2d68bae00b4eb6679ec08.jpg,FP,34,-1,0.0,0,2732,0.0,1317.5154,0.44,seg_large_r672_auto
TP-G_010_jpg.rf.5c8b394cdec2d68bae00b4eb6679ec08.jpg,FN,-1,2,0.0,44,0,21.2191,0.0,0.44,seg_large_r672_auto
TP-G_010_jpg.rf.5c8b394cdec2d68bae00b4eb6679ec08.jpg,FN,-1,14,0.0,13307,0,6417.3418,0.0,0.44,seg_large_r672_auto
TP-G_010_jpg.rf.5c8b394cdec2d68bae00b4eb6679ec08.jpg,FN,-1,15,0.0,133,0,64.1397,0.0,0.44,seg_large_r672_auto
TP-G_010_jpg.rf.5c8b394cdec2d68bae00b4eb6679ec08.jpg,FN,-1,26,0.0,1928,0,929.784,0.0,0.44,seg_large_r672_auto
TOSTADA-B_006_jpg.rf.fd9a20fd791843647a700cdeb77e0cc3.jpg,TP,3,3,0.980447,3533,3557,1703.8002,1715.3742,0.44,seg_large_r672_auto
TOSTADA-B_006_jpg.rf.fd9a20fd791843647a700cdeb77e0cc3.jpg,TP,2,0,0.974336,10744,10873,5181.3272,5243.5378,0.44,seg_large_r672_auto
TOSTADA-B_006_jpg.rf.fd9a20fd791843647a700cdeb77e0cc3.jpg,TP,4,22,0.966968,2527,2475,1218.6535,1193.5764,0.44,seg_large_r672_auto
TOSTADA-B_006_jpg.rf.fd9a20fd791843647a700cdeb77e0cc3.jpg,TP,5,1,0.966821,4933,4848,2378.9545,2337.963,0.44,seg_large_r672_auto
TOSTADA-B_006_jpg.rf.fd9a20fd791843647a700cdeb77e0cc3.jpg,TP,9,9,0.96459,6924,6891,3339.1204,3323.206,0.44,seg_large_r672_auto
TOSTADA-B_006_jpg.rf.fd9a20fd791843647a700cdeb77e0cc3.jpg,TP,11,5,0.963074,5912,5890,2851.0802,2840.4707,0.44,seg_large_r672_auto
TOSTADA-B_006_jpg.rf.fd9a20fd791843647a700cdeb77e0cc3.jpg,TP,24,21,0.962284,7551,7641,3641.4931,3684.8958,0.44,seg_large_r672_auto
TOSTADA-B_006_jpg.rf.fd9a20fd791843647a700cdeb77e0cc3.jpg,TP,14,11,0.955882,1422,1371,685.7639,661.169,0.44,seg_large_r672_auto
TOSTADA-B_006_jpg.rf.fd9a20fd791843647a700cdeb77e0cc3.jpg,TP,10,15,0.950845,1941,1869,936.0532,901.331,0.44,seg_large_r672_auto
TOSTADA-B_006_jpg.rf.fd9a20fd791843647a700cdeb77e0cc3.jpg,TP,1,23,0.949973,5420,5377,2613.8117,2593.0748,0.44,seg_large_r672_auto
TOSTADA-B_006_jpg.rf.fd9a20fd791843647a700cdeb77e0cc3.jpg,TP,20,7,0.948864,6181,6167,2980.8063,2974.0548,0.44,seg_large_r672_auto
TOSTADA-B_006_jpg.rf.fd9a20fd791843647a700cdeb77e0cc3.jpg,TP,0,6,0.946263,4999,5106,2410.7832,2462.3843,0.44,seg_large_r672_auto
TOSTADA-B_006_jpg.rf.fd9a20fd791843647a700cdeb77e0cc3.jpg,TP,6,12,0.944989,2813,2738,1356.5779,1320.409,0.44,seg_large_r672_auto
TOSTADA-B_006_jpg.rf.fd9a20fd791843647a700cdeb77e0cc3.jpg,TP,13,13,0.941098,1486,1414,716.6281,681.9059,0.44,seg_large_r672_auto
TOSTADA-B_006_jpg.rf.fd9a20fd791843647a700cdeb77e0cc3.jpg,TP,7,4,0.938912,8784,8292,4236.1111,3998.8426,0.44,seg_large_r672_auto
TOSTADA-B_006_jpg.rf.fd9a20fd791843647a700cdeb77e0cc3.jpg,TP,23,10,0.937969,2849,2837,1373.939,1368.152,0.44,seg_large_r672_auto
TOSTADA-B_006_jpg.rf.fd9a20fd791843647a700cdeb77e0cc3.jpg,TP,12,16,0.930493,1321,1262,637.0563,608.6034,0.44,seg_large_r672_auto
TOSTADA-B_006_jpg.rf.fd9a20fd791843647a700cdeb77e0cc3.jpg,TP,16,17,0.923592,740,695,356.8673,335.1659,0.44,seg_large_r672_auto
TOSTADA-B_006_jpg.rf.fd9a20fd791843647a700cdeb77e0cc3.jpg,TP,8,14,0.901395,1074,970,517.9398,467.7855,0.44,seg_large_r672_auto
TOSTADA-B_006_jpg.rf.fd9a20fd791843647a700cdeb77e0cc3.jpg,TP,15,2,0.893987,576,621,277.7778,299.4792,0.44,seg_large_r672_auto
TOSTADA-B_006_jpg.rf.fd9a20fd791843647a700cdeb77e0cc3.jpg,TP,22,18,0.57614,16926,9933,8162.6157,4790.2199,0.44,seg_large_r672_auto
TOSTADA-B_006_jpg.rf.fd9a20fd791843647a700cdeb77e0cc3.jpg,FP,17,-1,0.0,0,7355,0.0,3546.9715,0.44,seg_large_r672_auto
TOSTADA-B_006_jpg.rf.fd9a20fd791843647a700cdeb77e0cc3.jpg,FP,18,-1,0.0,0,7027,0.0,3388.7924,0.44,seg_large_r672_auto
TOSTADA-B_006_jpg.rf.fd9a20fd791843647a700cdeb77e0cc3.jpg,FP,19,-1,0.0,0,743,0.0,358.314,0.44,seg_large_r672_auto
TOSTADA-B_006_jpg.rf.fd9a20fd791843647a700cdeb77e0cc3.jpg,FP,21,-1,0.0,0,2033,0.0,980.4205,0.44,seg_large_r672_auto
TOSTADA-B_006_jpg.rf.fd9a20fd791843647a700cdeb77e0cc3.jpg,FP,25,-1,0.0,0,5583,0.0,2692.419,0.44,seg_large_r672_auto
TOSTADA-B_006_jpg.rf.fd9a20fd791843647a700cdeb77e0cc3.jpg,FN,-1,8,0.0,14525,0,7004.7261,0.0,0.44,seg_large_r672_auto
TOSTADA-B_006_jpg.rf.fd9a20fd791843647a700cdeb77e0cc3.jpg,FN,-1,19,0.0,653,0,314.9113,0.0,0.44,seg_large_r672_auto
TOSTADA-B_006_jpg.rf.fd9a20fd791843647a700cdeb77e0cc3.jpg,FN,-1,20,0.0,6436,0,3103.7809,0.0,0.44,seg_large_r672_auto
TP-D_010_jpg.rf.8e807d0647c50bd1b8d28134da2e26a4.jpg,TP,41,18,0.960615,3084,3039,1487.2685,1465.5671,0.44,seg_large_r672_auto
TP-D_010_jpg.rf.8e807d0647c50bd1b8d28134da2e26a4.jpg,TP,6,1,0.959769,4968,4872,2395.8333,2349.537,0.44,seg_large_r672_auto
TP-D_010_jpg.rf.8e807d0647c50bd1b8d28134da2e26a4.jpg,TP,42,2,0.957219,185,181,89.2168,87.2878,0.44,seg_large_r672_auto
TP-D_010_jpg.rf.8e807d0647c50bd1b8d28134da2e26a4.jpg,TP,12,32,0.955842,2555,2450,1232.1566,1181.5201,0.44,seg_large_r672_auto
TP-D_010_jpg.rf.8e807d0647c50bd1b8d28134da2e26a4.jpg,TP,19,41,0.953952,3872,3766,1867.284,1816.1651,0.44,seg_large_r672_auto
TP-D_010_jpg.rf.8e807d0647c50bd1b8d28134da2e26a4.jpg,TP,13,17,0.952186,6021,5901,2903.6458,2845.7755,0.44,seg_large_r672_auto
TP-D_010_jpg.rf.8e807d0647c50bd1b8d28134da2e26a4.jpg,TP,14,40,0.951138,1469,1446,708.4298,697.338,0.44,seg_large_r672_auto
TP-D_010_jpg.rf.8e807d0647c50bd1b8d28134da2e26a4.jpg,TP,18,46,0.950014,3681,3497,1775.1736,1686.439,0.44,seg_large_r672_auto
TP-D_010_jpg.rf.8e807d0647c50bd1b8d28134da2e26a4.jpg,TP,7,22,0.949381,2679,2674,1291.956,1289.5448,0.44,seg_large_r672_auto
TP-D_010_jpg.rf.8e807d0647c50bd1b8d28134da2e26a4.jpg,TP,33,23,0.947794,1607,1527,774.9807,736.4005,0.44,seg_large_r672_auto
TP-D_010_jpg.rf.8e807d0647c50bd1b8d28134da2e26a4.jpg,TP,5,9,0.94734,1862,1799,897.9552,867.5733,0.44,seg_large_r672_auto
TP-D_010_jpg.rf.8e807d0647c50bd1b8d28134da2e26a4.jpg,TP,1,13,0.947124,5581,5319,2691.4545,2565.1042,0.44,seg_large_r672_auto
TP-D_010_jpg.rf.8e807d0647c50bd1b8d28134da2e26a4.jpg,TP,17,27,0.944655,2889,2768,1393.2292,1334.8765,0.44,seg_large_r672_auto
TP-D_010_jpg.rf.8e807d0647c50bd1b8d28134da2e26a4.jpg,TP,22,35,0.942766,3096,3014,1493.0556,1453.5108,0.44,seg_large_r672_auto
TP-D_010_jpg.rf.8e807d0647c50bd1b8d28134da2e26a4.jpg,TP,0,21,0.941909,6849,6556,3302.9514,3161.6512,0.44,seg_large_r672_auto
TP-D_010_jpg.rf.8e807d0647c50bd1b8d28134da2e26a4.jpg,TP,3,10,0.941756,5991,5644,2889.1782,2721.8364,0.44,seg_large_r672_auto
TP-D_010_jpg.rf.8e807d0647c50bd1b8d28134da2e26a4.jpg,TP,15,14,0.941153,9816,9349,4733.7963,4508.5841,0.44,seg_large_r672_auto
TP-D_010_jpg.rf.8e807d0647c50bd1b8d28134da2e26a4.jpg,TP,25,0,0.940639,620,655,298.9969,315.8758,0.44,seg_large_r672_auto
TP-D_010_jpg.rf.8e807d0647c50bd1b8d28134da2e26a4.jpg,TP,16,42,0.940512,2258,2211,1088.9275,1066.2616,0.44,seg_large_r672_auto
TP-D_010_jpg.rf.8e807d0647c50bd1b8d28134da2e26a4.jpg,TP,26,12,0.939691,1422,1344,685.7639,648.1481,0.44,seg_large_r672_auto
TP-D_010_jpg.rf.8e807d0647c50bd1b8d28134da2e26a4.jpg,TP,2,30,0.938258,1808,1708,871.9136,823.6883,0.44,seg_large_r672_auto
TP-D_010_jpg.rf.8e807d0647c50bd1b8d28134da2e26a4.jpg,TP,30,15,0.938212,2241,2182,1080.7292,1052.2762,0.44,seg_large_r672_auto
TP-D_010_jpg.rf.8e807d0647c50bd1b8d28134da2e26a4.jpg,TP,20,3,0.934746,1789,1680,862.7508,810.1852,0.44,seg_large_r672_auto
TP-D_010_jpg.rf.8e807d0647c50bd1b8d28134da2e26a4.jpg,TP,4,45,0.934384,2725,2552,1314.1397,1230.7099,0.44,seg_large_r672_auto
TP-D_010_jpg.rf.8e807d0647c50bd1b8d28134da2e26a4.jpg,TP,11,8,0.933892,2262,2126,1090.8565,1025.2701,0.44,seg_large_r672_auto
TP-D_010_jpg.rf.8e807d0647c50bd1b8d28134da2e26a4.jpg,TP,10,6,0.93279,2439,2306,1176.2153,1112.0756,0.44,seg_large_r672_auto
TP-D_010_jpg.rf.8e807d0647c50bd1b8d28134da2e26a4.jpg,TP,9,37,0.932738,1895,1783,913.8696,859.8573,0.44,seg_large_r672_auto
TP-D_010_jpg.rf.8e807d0647c50bd1b8d28134da2e26a4.jpg,TP,8,44,0.928469,2772,2593,1336.8056,1250.4823,0.44,seg_large_r672_auto
TP-D_010_jpg.rf.8e807d0647c50bd1b8d28134da2e26a4.jpg,TP,23,7,0.927218,1296,1246,625.0,600.8873,0.44,seg_large_r672_auto
TP-D_010_jpg.rf.8e807d0647c50bd1b8d28134da2e26a4.jpg,TP,31,38,0.925764,1810,1718,872.8781,828.5108,0.44,seg_large_r672_auto
TP-D_010_jpg.rf.8e807d0647c50bd1b8d28134da2e26a4.jpg,TP,24,19,0.924757,7168,7285,3456.7901,3513.2137,0.44,seg_large_r672_auto
TP-D_010_jpg.rf.8e807d0647c50bd1b8d28134da2e26a4.jpg,TP,32,11,0.921088,1472,1425,709.8765,687.2106,0.44,seg_large_r672_auto
TP-D_010_jpg.rf.8e807d0647c50bd1b8d28134da2e26a4.jpg,TP,21,25,0.917595,895,827,431.6165,398.8233,0.44,seg_large_r672_auto
TP-D_010_jpg.rf.8e807d0647c50bd1b8d28134da2e26a4.jpg,TP,35,29,0.913569,3167,3010,1527.2955,1451.5818,0.44,seg_large_r672_auto
TP-D_010_jpg.rf.8e807d0647c50bd1b8d28134da2e26a4.jpg,TP,37,5,0.911071,534,519,257.5231,250.2894,0.44,seg_large_r672_auto
TP-D_010_jpg.rf.8e807d0647c50bd1b8d28134da2e26a4.jpg,TP,29,39,0.902439,2270,2098,1094.7145,1011.767,0.44,seg_large_r672_auto
TP-D_010_jpg.rf.8e807d0647c50bd1b8d28134da2e26a4.jpg,TP,27,33,0.89798,942,937,454.2824,451.8711,0.44,seg_large_r672_auto
TP-D_010_jpg.rf.8e807d0647c50bd1b8d28134da2e26a4.jpg,TP,34,24,0.851648,364,310,175.5401,149.4985,0.44,seg_large_r672_auto
TP-D_010_jpg.rf.8e807d0647c50bd1b8d28134da2e26a4.jpg,TP,38,16,0.809331,491,401,236.7863,193.3835,0.44,seg_large_r672_auto
TP-D_010_jpg.rf.8e807d0647c50bd1b8d28134da2e26a4.jpg,TP,40,36,0.807062,1938,1593,934.6065,768.2292,0.44,seg_large_r672_auto
TP-D_010_jpg.rf.8e807d0647c50bd1b8d28134da2e26a4.jpg,TP,36,31,0.600732,7619,4633,3674.2863,2234.2785,0.44,seg_large_r672_auto
TP-D_010_jpg.rf.8e807d0647c50bd1b8d28134da2e26a4.jpg,TP,39,26,0.56,125,70,60.2816,33.7577,0.44,seg_large_r672_auto
TP-D_010_jpg.rf.8e807d0647c50bd1b8d28134da2e26a4.jpg,FP,28,-1,0.0,0,2593,0.0,1250.4823,0.44,seg_large_r672_auto
TP-D_010_jpg.rf.8e807d0647c50bd1b8d28134da2e26a4.jpg,FP,43,-1,0.0,0,283,0.0,136.4776,0.44,seg_large_r672_auto
TP-D_010_jpg.rf.8e807d0647c50bd1b8d28134da2e26a4.jpg,FP,44,-1,0.0,0,876,0.0,422.4537,0.44,seg_large_r672_auto
TP-D_010_jpg.rf.8e807d0647c50bd1b8d28134da2e26a4.jpg,FN,-1,4,0.0,20,0,9.6451,0.0,0.44,seg_large_r672_auto
TP-D_010_jpg.rf.8e807d0647c50bd1b8d28134da2e26a4.jpg,FN,-1,20,0.0,369,0,177.9514,0.0,0.44,seg_large_r672_auto
TP-D_010_jpg.rf.8e807d0647c50bd1b8d28134da2e26a4.jpg,FN,-1,28,0.0,12,0,5.787,0.0,0.44,seg_large_r672_auto
TP-D_010_jpg.rf.8e807d0647c50bd1b8d28134da2e26a4.jpg,FN,-1,34,0.0,69,0,33.2755,0.0,0.44,seg_large_r672_auto
TP-D_010_jpg.rf.8e807d0647c50bd1b8d28134da2e26a4.jpg,FN,-1,43,0.0,56,0,27.0062,0.0,0.44,seg_large_r672_auto
TP-G_008_jpg.rf.7ce2f84776589571f8d07c60f1c4e63c.jpg,TP,8,2,0.972026,6642,6752,3203.125,3256.1728,0.44,seg_large_r672_auto
TP-G_008_jpg.rf.7ce2f84776589571f8d07c60f1c4e63c.jpg,TP,1,13,0.969791,6402,6313,3087.3843,3044.4637,0.44,seg_large_r672_auto
TP-G_008_jpg.rf.7ce2f84776589571f8d07c60f1c4e63c.jpg,TP,20,1,0.966859,8348,8329,4025.8488,4016.686,0.44,seg_large_r672_auto
TP-G_008_jpg.rf.7ce2f84776589571f8d07c60f1c4e63c.jpg,TP,9,7,0.965258,24010,23789,11578.8966,11472.3187,0.44,seg_large_r672_auto
TP-G_008_jpg.rf.7ce2f84776589571f8d07c60f1c4e63c.jpg,TP,10,9,0.965011,7569,7426,3650.1736,3581.2114,0.44,seg_large_r672_auto
TP-G_008_jpg.rf.7ce2f84776589571f8d07c60f1c4e63c.jpg,TP,22,0,0.963065,5010,4929,2416.088,2377.0255,0.44,seg_large_r672_auto
TP-G_008_jpg.rf.7ce2f84776589571f8d07c60f1c4e63c.jpg,TP,0,8,0.957788,25341,25027,12220.7755,12069.348,0.44,seg_large_r672_auto
TP-G_008_jpg.rf.7ce2f84776589571f8d07c60f1c4e63c.jpg,TP,3,11,0.948279,5061,4846,2440.6829,2336.9985,0.44,seg_large_r672_auto
TP-G_008_jpg.rf.7ce2f84776589571f8d07c60f1c4e63c.jpg,TP,2,12,0.943183,7344,6952,3541.6667,3352.6235,0.44,seg_large_r672_auto
TP-G_008_jpg.rf.7ce2f84776589571f8d07c60f1c4e63c.jpg,TP,15,24,0.942653,6023,5969,2904.6103,2878.5687,0.44,seg_large_r672_auto
TP-G_008_jpg.rf.7ce2f84776589571f8d07c60f1c4e63c.jpg,TP,14,15,0.941706,2317,2213,1117.3804,1067.2261,0.44,seg_large_r672_auto
TP-G_008_jpg.rf.7ce2f84776589571f8d07c60f1c4e63c.jpg,TP,11,16,0.940865,4748,4770,2289.7377,2300.3472,0.44,seg_large_r672_auto
TP-G_008_jpg.rf.7ce2f84776589571f8d07c60f1c4e63c.jpg,TP,4,14,0.939335,3558,3379,1715.8565,1629.5332,0.44,seg_large_r672_auto
TP-G_008_jpg.rf.7ce2f84776589571f8d07c60f1c4e63c.jpg,TP,24,29,0.937099,757,752,365.0656,362.6543,0.44,seg_large_r672_auto
TP-G_008_jpg.rf.7ce2f84776589571f8d07c60f1c4e63c.jpg,TP,7,20,0.935484,2273,2227,1096.1613,1073.9776,0.44,seg_large_r672_auto
TP-G_008_jpg.rf.7ce2f84776589571f8d07c60f1c4e63c.jpg,TP,5,26,0.933488,2585,2415,1246.6242,1164.6412,0.44,seg_large_r672_auto
TP-G_008_jpg.rf.7ce2f84776589571f8d07c60f1c4e63c.jpg,TP,23,27,0.927618,1416,1327,682.8704,639.9498,0.44,seg_large_r672_auto
TP-G_008_jpg.rf.7ce2f84776589571f8d07c60f1c4e63c.jpg,TP,19,10,0.923872,3179,2962,1533.0826,1428.4336,0.44,seg_large_r672_auto
TP-G_008_jpg.rf.7ce2f84776589571f8d07c60f1c4e63c.jpg,TP,18,21,0.922283,1443,1352,695.8912,652.0062,0.44,seg_large_r672_auto
TP-G_008_jpg.rf.7ce2f84776589571f8d07c60f1c4e63c.jpg,TP,6,6,0.922139,4552,4434,2195.216,2138.3102,0.44,seg_large_r672_auto
TP-G_008_jpg.rf.7ce2f84776589571f8d07c60f1c4e63c.jpg,TP,16,18,0.917714,865,813,417.1489,392.0718,0.44,seg_large_r672_auto
TP-G_008_jpg.rf.7ce2f84776589571f8d07c60f1c4e63c.jpg,TP,25,23,0.911432,2472,2427,1192.1296,1170.4282,0.44,seg_large_r672_auto
TP-G_008_jpg.rf.7ce2f84776589571f8d07c60f1c4e63c.jpg,TP,17,22,0.897297,870,885,419.5602,426.794,0.44,seg_large_r672_auto
TP-G_008_jpg.rf.7ce2f84776589571f8d07c60f1c4e63c.jpg,TP,13,25,0.887401,1642,1459,791.8596,703.6073,0.44,seg_large_r672_auto
TP-G_008_jpg.rf.7ce2f84776589571f8d07c60f1c4e63c.jpg,TP,21,19,0.872193,578,506,278.7423,244.0201,0.44,seg_large_r672_auto
TP-G_008_jpg.rf.7ce2f84776589571f8d07c60f1c4e63c.jpg,TP,26,3,0.861607,193,224,93.0748,108.0247,0.44,seg_large_r672_auto
TP-G_008_jpg.rf.7ce2f84776589571f8d07c60f1c4e63c.jpg,TP,12,5,0.839907,1461,1711,704.5718,825.135,0.44,seg_large_r672_auto
TP-G_008_jpg.rf.7ce2f84776589571f8d07c60f1c4e63c.jpg,FN,-1,4,0.0,37,0,17.8434,0.0,0.44,seg_large_r672_auto
TP-G_008_jpg.rf.7ce2f84776589571f8d07c60f1c4e63c.jpg,FN,-1,17,0.0,47,0,22.6659,0.0,0.44,seg_large_r672_auto
TP-G_008_jpg.rf.7ce2f84776589571f8d07c60f1c4e63c.jpg,FN,-1,28,0.0,116,0,55.9414,0.0,0.44,seg_large_r672_auto
TP-G_008_jpg.rf.7ce2f84776589571f8d07c60f1c4e63c.jpg,FN,-1,30,0.0,236,0,113.8117,0.0,0.44,seg_large_r672_auto
TP-G_008_jpg.rf.7ce2f84776589571f8d07c60f1c4e63c.jpg,FN,-1,31,0.0,126,0,60.7639,0.0,0.44,seg_large_r672_auto
TP-G_008_jpg.rf.7ce2f84776589571f8d07c60f1c4e63c.jpg,FN,-1,32,0.0,58,0,27.9707,0.0,0.44,seg_large_r672_auto
ZAZA-D_004_jpg.rf.02ed2d595bd7bc4d5f40bda7d3f8e5d2.jpg,TP,16,3,0.972868,1268,1277,611.4969,615.8372,0.44,seg_large_r672_auto
ZAZA-D_004_jpg.rf.02ed2d595bd7bc4d5f40bda7d3f8e5d2.jpg,TP,0,1,0.972464,10512,10333,5069.4444,4983.1211,0.44,seg_large_r672_auto
ZAZA-D_004_jpg.rf.02ed2d595bd7bc4d5f40bda7d3f8e5d2.jpg,TP,24,32,0.943917,7466,7265,3600.5015,3503.5687,0.44,seg_large_r672_auto
ZAZA-D_004_jpg.rf.02ed2d595bd7bc4d5f40bda7d3f8e5d2.jpg,TP,9,0,0.940125,4577,4431,2207.2724,2136.8634,0.44,seg_large_r672_auto
ZAZA-D_004_jpg.rf.02ed2d595bd7bc4d5f40bda7d3f8e5d2.jpg,TP,6,6,0.92823,1874,1753,903.7423,845.3897,0.44,seg_large_r672_auto
ZAZA-D_004_jpg.rf.02ed2d595bd7bc4d5f40bda7d3f8e5d2.jpg,TP,4,17,0.926985,11477,10824,5534.8187,5219.9074,0.44,seg_large_r672_auto
ZAZA-D_004_jpg.rf.02ed2d595bd7bc4d5f40bda7d3f8e5d2.jpg,TP,2,11,0.926241,6220,5767,2999.6142,2781.1535,0.44,seg_large_r672_auto
ZAZA-D_004_jpg.rf.02ed2d595bd7bc4d5f40bda7d3f8e5d2.jpg,TP,5,27,0.918505,7695,7089,3710.9375,3418.6921,0.44,seg_large_r672_auto
ZAZA-D_004_jpg.rf.02ed2d595bd7bc4d5f40bda7d3f8e5d2.jpg,TP,18,5,0.91839,2708,2487,1305.9414,1199.3634,0.44,seg_large_r672_auto
ZAZA-D_004_jpg.rf.02ed2d595bd7bc4d5f40bda7d3f8e5d2.jpg,TP,15,7,0.918345,889,826,428.723,398.341,0.44,seg_large_r672_auto
ZAZA-D_004_jpg.rf.02ed2d595bd7bc4d5f40bda7d3f8e5d2.jpg,TP,14,12,0.908507,1220,1158,588.3488,558.4491,0.44,seg_large_r672_auto
ZAZA-D_004_jpg.rf.02ed2d595bd7bc4d5f40bda7d3f8e5d2.jpg,TP,10,28,0.904601,8584,7807,4139.6605,3764.9498,0.44,seg_large_r672_auto
ZAZA-D_004_jpg.rf.02ed2d595bd7bc4d5f40bda7d3f8e5d2.jpg,TP,3,8,0.902769,4947,4466,2385.706,2153.7423,0.44,seg_large_r672_auto
ZAZA-D_004_jpg.rf.02ed2d595bd7bc4d5f40bda7d3f8e5d2.jpg,TP,22,13,0.899919,3698,3345,1783.3719,1613.1366,0.44,seg_large_r672_auto
ZAZA-D_004_jpg.rf.02ed2d595bd7bc4d5f40bda7d3f8e5d2.jpg,TP,30,25,0.893092,7599,6815,3664.6412,3286.5548,0.44,seg_large_r672_auto
ZAZA-D_004_jpg.rf.02ed2d595bd7bc4d5f40bda7d3f8e5d2.jpg,TP,1,26,0.887871,8078,7176,3895.6404,3460.6481,0.44,seg_large_r672_auto
ZAZA-D_004_jpg.rf.02ed2d595bd7bc4d5f40bda7d3f8e5d2.jpg,TP,7,9,0.879856,2497,2197,1204.186,1059.51,0.44,seg_large_r672_auto
ZAZA-D_004_jpg.rf.02ed2d595bd7bc4d5f40bda7d3f8e5d2.jpg,TP,25,24,0.878752,832,733,401.2346,353.4915,0.44,seg_large_r672_auto
ZAZA-D_004_jpg.rf.02ed2d595bd7bc4d5f40bda7d3f8e5d2.jpg,TP,23,14,0.873386,2770,2453,1335.841,1182.9668,0.44,seg_large_r672_auto
ZAZA-D_004_jpg.rf.02ed2d595bd7bc4d5f40bda7d3f8e5d2.jpg,TP,12,15,0.869942,8071,7040,3892.2647,3395.0617,0.44,seg_large_r672_auto
ZAZA-D_004_jpg.rf.02ed2d595bd7bc4d5f40bda7d3f8e5d2.jpg,TP,33,33,0.865171,4472,3925,2156.6358,1892.8434,0.44,seg_large_r672_auto
ZAZA-D_004_jpg.rf.02ed2d595bd7bc4d5f40bda7d3f8e5d2.jpg,TP,17,16,0.865154,2332,2025,1124.6142,976.5625,0.44,seg_large_r672_auto
ZAZA-D_004_jpg.rf.02ed2d595bd7bc4d5f40bda7d3f8e5d2.jpg,TP,8,18,0.863949,3925,3391,1892.8434,1635.3202,0.44,seg_large_r672_auto
ZAZA-D_004_jpg.rf.02ed2d595bd7bc4d5f40bda7d3f8e5d2.jpg,TP,13,20,0.858381,5762,4959,2778.7423,2391.4931,0.44,seg_large_r672_auto
ZAZA-D_004_jpg.rf.02ed2d595bd7bc4d5f40bda7d3f8e5d2.jpg,TP,11,21,0.856592,3890,3334,1875.9645,1607.8318,0.44,seg_large_r672_auto
ZAZA-D_004_jpg.rf.02ed2d595bd7bc4d5f40bda7d3f8e5d2.jpg,TP,20,31,0.840565,991,833,477.9128,401.7168,0.44,seg_large_r672_auto
ZAZA-D_004_jpg.rf.02ed2d595bd7bc4d5f40bda7d3f8e5d2.jpg,TP,19,4,0.832235,10592,9143,5108.0247,4409.24,0.44,seg_large_r672_auto
ZAZA-D_004_jpg.rf.02ed2d595bd7bc4d5f40bda7d3f8e5d2.jpg,TP,32,30,0.821187,6653,5467,3208.4298,2636.4776,0.44,seg_large_r672_auto
ZAZA-D_004_jpg.rf.02ed2d595bd7bc4d5f40bda7d3f8e5d2.jpg,TP,27,29,0.813315,1457,1185,702.6427,571.4699,0.44,seg_large_r672_auto
ZAZA-D_004_jpg.rf.02ed2d595bd7bc4d5f40bda7d3f8e5d2.jpg,TP,28,19,0.791531,307,243,148.0517,117.1875,0.44,seg_large_r672_auto
ZAZA-D_004_jpg.rf.02ed2d595bd7bc4d5f40bda7d3f8e5d2.jpg,TP,31,2,0.738817,12178,9279,5872.8781,4474.8264,0.44,seg_large_r672_auto
ZAZA-D_004_jpg.rf.02ed2d595bd7bc4d5f40bda7d3f8e5d2.jpg,TP,26,23,0.626385,2717,3595,1310.2816,1733.6998,0.44,seg_large_r672_auto
ZAZA-D_004_jpg.rf.02ed2d595bd7bc4d5f40bda7d3f8e5d2.jpg,FP,21,-1,0.0,0,2486,0.0,1198.8812,0.44,seg_large_r672_auto
ZAZA-D_004_jpg.rf.02ed2d595bd7bc4d5f40bda7d3f8e5d2.jpg,FP,29,-1,0.0,0,1517,0.0,731.5779,0.44,seg_large_r672_auto
ZAZA-D_004_jpg.rf.02ed2d595bd7bc4d5f40bda7d3f8e5d2.jpg,FP,34,-1,0.0,0,7525,0.0,3628.9545,0.44,seg_large_r672_auto
ZAZA-D_004_jpg.rf.02ed2d595bd7bc4d5f40bda7d3f8e5d2.jpg,FN,-1,10,0.0,38,0,18.3256,0.0,0.44,seg_large_r672_auto
ZAZA-D_004_jpg.rf.02ed2d595bd7bc4d5f40bda7d3f8e5d2.jpg,FN,-1,22,0.0,1276,0,615.3549,0.0,0.44,seg_large_r672_auto
ZAZA-D_004_jpg.rf.02ed2d595bd7bc4d5f40bda7d3f8e5d2.jpg,FN,-1,34,0.0,976,0,470.679,0.0,0.44,seg_large_r672_auto
ROSILHA-M-B_009_jpg.rf.d2aa8881a0b4f54b4bdb89392b953e71.jpg,TP,2,17,0.968623,9955,9934,4800.8295,4790.7022,0.44,seg_large_r672_auto
ROSILHA-M-B_009_jpg.rf.d2aa8881a0b4f54b4bdb89392b953e71.jpg,TP,14,35,0.964687,9354,9340,4510.9954,4504.2438,0.44,seg_large_r672_auto
ROSILHA-M-B_009_jpg.rf.d2aa8881a0b4f54b4bdb89392b953e71.jpg,TP,3,28,0.961511,4236,4122,2042.8241,1987.8472,0.44,seg_large_r672_auto
ROSILHA-M-B_009_jpg.rf.d2aa8881a0b4f54b4bdb89392b953e71.jpg,TP,36,42,0.961117,13165,13112,6348.8619,6323.3025,0.44,seg_large_r672_auto
ROSILHA-M-B_009_jpg.rf.d2aa8881a0b4f54b4bdb89392b953e71.jpg,TP,20,1,0.960244,4699,4620,2266.1073,2228.0093,0.44,seg_large_r672_auto
ROSILHA-M-B_009_jpg.rf.d2aa8881a0b4f54b4bdb89392b953e71.jpg,TP,5,6,0.960137,3995,4020,1926.6011,1938.6574,0.44,seg_large_r672_auto
ROSILHA-M-B_009_jpg.rf.d2aa8881a0b4f54b4bdb89392b953e71.jpg,TP,13,0,0.959444,4411,4334,2127.2184,2090.0849,0.44,seg_large_r672_auto
ROSILHA-M-B_009_jpg.rf.d2aa8881a0b4f54b4bdb89392b953e71.jpg,TP,0,33,0.957209,3560,3621,1716.821,1746.2384,0.44,seg_large_r672_auto
ROSILHA-M-B_009_jpg.rf.d2aa8881a0b4f54b4bdb89392b953e71.jpg,TP,10,23,0.955709,6483,6587,3126.4468,3176.6011,0.44,seg_large_r672_auto
ROSILHA-M-B_009_jpg.rf.d2aa8881a0b4f54b4bdb89392b953e71.jpg,TP,19,24,0.954674,2435,2395,1174.2863,1154.9961,0.44,seg_large_r672_auto
ROSILHA-M-B_009_jpg.rf.d2aa8881a0b4f54b4bdb89392b953e71.jpg,TP,33,30,0.951721,2280,2369,1099.537,1142.4576,0.44,seg_large_r672_auto
ROSILHA-M-B_009_jpg.rf.d2aa8881a0b4f54b4bdb89392b953e71.jpg,TP,9,34,0.95089,3462,3331,1669.5602,1606.385,0.44,seg_large_r672_auto
ROSILHA-M-B_009_jpg.rf.d2aa8881a0b4f54b4bdb89392b953e71.jpg,TP,8,5,0.948996,2401,2452,1157.8897,1182.4846,0.44,seg_large_r672_auto
ROSILHA-M-B_009_jpg.rf.d2aa8881a0b4f54b4bdb89392b953e71.jpg,TP,16,7,0.947137,3088,3100,1489.1975,1494.9846,0.44,seg_large_r672_auto
ROSILHA-M-B_009_jpg.rf.d2aa8881a0b4f54b4bdb89392b953e71.jpg,TP,1,21,0.946757,5021,5034,2421.3927,2427.662,0.44,seg_large_r672_auto
ROSILHA-M-B_009_jpg.rf.d2aa8881a0b4f54b4bdb89392b953e71.jpg,TP,6,32,0.946729,3994,3863,1926.1188,1862.9437,0.44,seg_large_r672_auto
ROSILHA-M-B_009_jpg.rf.d2aa8881a0b4f54b4bdb89392b953e71.jpg,TP,4,38,0.945521,2956,2865,1425.5401,1381.6551,0.44,seg_large_r672_auto
ROSILHA-M-B_009_jpg.rf.d2aa8881a0b4f54b4bdb89392b953e71.jpg,TP,18,14,0.941049,1832,1757,883.4877,847.3187,0.44,seg_large_r672_auto
ROSILHA-M-B_009_jpg.rf.d2aa8881a0b4f54b4bdb89392b953e71.jpg,TP,17,36,0.940823,2061,2137,993.9236,1030.5748,0.44,seg_large_r672_auto
ROSILHA-M-B_009_jpg.rf.d2aa8881a0b4f54b4bdb89392b953e71.jpg,TP,35,26,0.9349,6981,7018,3366.6088,3384.4522,0.44,seg_large_r672_auto
ROSILHA-M-B_009_jpg.rf.d2aa8881a0b4f54b4bdb89392b953e71.jpg,TP,25,43,0.932941,3015,2894,1453.9931,1395.6404,0.44,seg_large_r672_auto
ROSILHA-M-B_009_jpg.rf.d2aa8881a0b4f54b4bdb89392b953e71.jpg,TP,23,2,0.931193,2113,2097,1019.0008,1011.2847,0.44,seg_large_r672_auto
ROSILHA-M-B_009_jpg.rf.d2aa8881a0b4f54b4bdb89392b953e71.jpg,TP,39,41,0.928461,4392,4342,2118.0556,2093.9429,0.44,seg_large_r672_auto
ROSILHA-M-B_009_jpg.rf.d2aa8881a0b4f54b4bdb89392b953e71.jpg,TP,12,19,0.924696,2029,2086,978.4915,1005.9799,0.44,seg_large_r672_auto
ROSILHA-M-B_009_jpg.rf.d2aa8881a0b4f54b4bdb89392b953e71.jpg,TP,30,3,0.920193,777,811,374.7106,391.1073,0.44,seg_large_r672_auto
ROSILHA-M-B_009_jpg.rf.d2aa8881a0b4f54b4bdb89392b953e71.jpg,TP,7,11,0.919202,1955,2083,942.8048,1004.5332,0.44,seg_large_r672_auto
ROSILHA-M-B_009_jpg.rf.d2aa8881a0b4f54b4bdb89392b953e71.jpg,TP,11,20,0.918768,2109,2001,1017.0718,964.9884,0.44,seg_large_r672_auto
ROSILHA-M-B_009_jpg.rf.d2aa8881a0b4f54b4bdb89392b953e71.jpg,TP,22,4,0.912727,1028,1076,495.7562,518.9043,0.44,seg_large_r672_auto
ROSILHA-M-B_009_jpg.rf.d2aa8881a0b4f54b4bdb89392b953e71.jpg,TP,15,37,0.908997,2843,2674,1371.0455,1289.5448,0.44,seg_large_r672_auto
ROSILHA-M-B_009_jpg.rf.d2aa8881a0b4f54b4bdb89392b953e71.jpg,TP,24,29,0.908096,1312,1304,632.716,628.858,0.44,seg_large_r672_auto
ROSILHA-M-B_009_jpg.rf.d2aa8881a0b4f54b4bdb89392b953e71.jpg,TP,32,31,0.903421,454,492,218.9429,237.2685,0.44,seg_large_r672_auto
ROSILHA-M-B_009_jpg.rf.d2aa8881a0b4f54b4bdb89392b953e71.jpg,TP,31,15,0.902903,2689,2818,1296.7785,1358.9892,0.44,seg_large_r672_auto
ROSILHA-M-B_009_jpg.rf.d2aa8881a0b4f54b4bdb89392b953e71.jpg,TP,21,22,0.894797,2618,2371,1262.5386,1143.4221,0.44,seg_large_r672_auto
ROSILHA-M-B_009_jpg.rf.d2aa8881a0b4f54b4bdb89392b953e71.jpg,TP,26,18,0.745614,228,170,109.9537,81.983,0.44,seg_large_r672_auto
ROSILHA-M-B_009_jpg.rf.d2aa8881a0b4f54b4bdb89392b953e71.jpg,TP,28,25,0.729927,274,200,132.1373,96.4506,0.44,seg_large_r672_auto
ROSILHA-M-B_009_jpg.rf.d2aa8881a0b4f54b4bdb89392b953e71.jpg,TP,29,8,0.723819,7145,5332,3445.6983,2571.3735,0.44,seg_large_r672_auto
ROSILHA-M-B_009_jpg.rf.d2aa8881a0b4f54b4bdb89392b953e71.jpg,TP,40,16,0.562846,11236,6557,5418.5957,3162.1335,0.44,seg_large_r672_auto
ROSILHA-M-B_009_jpg.rf.d2aa8881a0b4f54b4bdb89392b953e71.jpg,TP,38,13,0.557374,2831,4688,1365.2585,2260.8025,0.44,seg_large_r672_auto
ROSILHA-M-B_009_jpg.rf.d2aa8881a0b4f54b4bdb89392b953e71.jpg,FP,27,-1,0.0,0,1929,0.0,930.2662,0.44,seg_large_r672_auto
ROSILHA-M-B_009_jpg.rf.d2aa8881a0b4f54b4bdb89392b953e71.jpg,FP,34,-1,0.0,0,4775,0.0,2302.7585,0.44,seg_large_r672_auto
ROSILHA-M-B_009_jpg.rf.d2aa8881a0b4f54b4bdb89392b953e71.jpg,FP,37,-1,0.0,0,228,0.0,109.9537,0.44,seg_large_r672_auto
ROSILHA-M-B_009_jpg.rf.d2aa8881a0b4f54b4bdb89392b953e71.jpg,FN,-1,9,0.0,3034,0,1463.1559,0.0,0.44,seg_large_r672_auto
ROSILHA-M-B_009_jpg.rf.d2aa8881a0b4f54b4bdb89392b953e71.jpg,FN,-1,10,0.0,5415,0,2611.4005,0.0,0.44,seg_large_r672_auto
ROSILHA-M-B_009_jpg.rf.d2aa8881a0b4f54b4bdb89392b953e71.jpg,FN,-1,12,0.0,2975,0,1434.7029,0.0,0.44,seg_large_r672_auto
ROSILHA-M-B_009_jpg.rf.d2aa8881a0b4f54b4bdb89392b953e71.jpg,FN,-1,27,0.0,13206,0,6368.6343,0.0,0.44,seg_large_r672_auto
ROSILHA-M-B_009_jpg.rf.d2aa8881a0b4f54b4bdb89392b953e71.jpg,FN,-1,39,0.0,2202,0,1061.9213,0.0,0.44,seg_large_r672_auto
ROSILHA-M-B_009_jpg.rf.d2aa8881a0b4f54b4bdb89392b953e71.jpg,FN,-1,40,0.0,3634,0,1752.5077,0.0,0.44,seg_large_r672_auto
TORDILHA-B_012_jpg.rf.0b5caafb1952d960be9aa54f5506bf96.jpg,TP,23,2,0.974672,1124,1137,542.0525,548.3218,0.44,seg_large_r672_auto
TORDILHA-B_012_jpg.rf.0b5caafb1952d960be9aa54f5506bf96.jpg,TP,12,3,0.974212,3104,3097,1496.9136,1493.5378,0.44,seg_large_r672_auto
TORDILHA-B_012_jpg.rf.0b5caafb1952d960be9aa54f5506bf96.jpg,TP,2,25,0.973081,2720,2704,1311.7284,1304.0123,0.44,seg_large_r672_auto
TORDILHA-B_012_jpg.rf.0b5caafb1952d960be9aa54f5506bf96.jpg,TP,19,9,0.964762,5170,5145,2493.2485,2481.1921,0.44,seg_large_r672_auto
TORDILHA-B_012_jpg.rf.0b5caafb1952d960be9aa54f5506bf96.jpg,TP,11,15,0.961886,5419,5442,2613.3295,2624.4213,0.44,seg_large_r672_auto
TORDILHA-B_012_jpg.rf.0b5caafb1952d960be9aa54f5506bf96.jpg,TP,1,12,0.960553,4361,4287,2103.1057,2067.419,0.44,seg_large_r672_auto
TORDILHA-B_012_jpg.rf.0b5caafb1952d960be9aa54f5506bf96.jpg,TP,18,30,0.958892,4536,4518,2187.5,2178.8194,0.44,seg_large_r672_auto
TORDILHA-B_012_jpg.rf.0b5caafb1952d960be9aa54f5506bf96.jpg,TP,4,20,0.958123,2495,2555,1203.2215,1232.1566,0.44,seg_large_r672_auto
TORDILHA-B_012_jpg.rf.0b5caafb1952d960be9aa54f5506bf96.jpg,TP,0,26,0.954399,4259,4227,2053.9159,2038.4838,0.44,seg_large_r672_auto
TORDILHA-B_012_jpg.rf.0b5caafb1952d960be9aa54f5506bf96.jpg,TP,7,32,0.952803,3381,3446,1630.4977,1661.8441,0.44,seg_large_r672_auto
TORDILHA-B_012_jpg.rf.0b5caafb1952d960be9aa54f5506bf96.jpg,TP,13,22,0.952164,1708,1720,823.6883,829.4753,0.44,seg_large_r672_auto
TORDILHA-B_012_jpg.rf.0b5caafb1952d960be9aa54f5506bf96.jpg,TP,6,6,0.951901,2144,2117,1033.9506,1020.9298,0.44,seg_large_r672_auto
TORDILHA-B_012_jpg.rf.0b5caafb1952d960be9aa54f5506bf96.jpg,TP,36,21,0.949875,5116,5037,2467.2068,2429.1088,0.44,seg_large_r672_auto
TORDILHA-B_012_jpg.rf.0b5caafb1952d960be9aa54f5506bf96.jpg,TP,30,8,0.946394,4560,4481,2199.0741,2160.9761,0.44,seg_large_r672_auto
TORDILHA-B_012_jpg.rf.0b5caafb1952d960be9aa54f5506bf96.jpg,TP,5,1,0.945619,2593,2559,1250.4823,1234.0856,0.44,seg_large_r672_auto
TORDILHA-B_012_jpg.rf.0b5caafb1952d960be9aa54f5506bf96.jpg,TP,26,5,0.943323,2291,2235,1104.8418,1077.8356,0.44,seg_large_r672_auto
TORDILHA-B_012_jpg.rf.0b5caafb1952d960be9aa54f5506bf96.jpg,TP,34,31,0.941963,5241,5366,2527.4884,2587.7701,0.44,seg_large_r672_auto
TORDILHA-B_012_jpg.rf.0b5caafb1952d960be9aa54f5506bf96.jpg,TP,8,7,0.940715,2022,1939,975.1157,935.0887,0.44,seg_large_r672_auto
TORDILHA-B_012_jpg.rf.0b5caafb1952d960be9aa54f5506bf96.jpg,TP,20,16,0.940179,1951,1941,940.8758,936.0532,0.44,seg_large_r672_auto
TORDILHA-B_012_jpg.rf.0b5caafb1952d960be9aa54f5506bf96.jpg,TP,3,24,0.939453,4429,4572,2135.8989,2204.8611,0.44,seg_large_r672_auto
TORDILHA-B_012_jpg.rf.0b5caafb1952d960be9aa54f5506bf96.jpg,TP,9,27,0.937159,5605,5770,2703.0285,2782.6003,0.44,seg_large_r672_auto
TORDILHA-B_012_jpg.rf.0b5caafb1952d960be9aa54f5506bf96.jpg,TP,15,4,0.932665,3823,3697,1843.6535,1782.8897,0.44,seg_large_r672_auto
TORDILHA-B_012_jpg.rf.0b5caafb1952d960be9aa54f5506bf96.jpg,TP,16,18,0.929136,3186,3157,1536.4583,1522.473,0.44,seg_large_r672_auto
TORDILHA-B_012_jpg.rf.0b5caafb1952d960be9aa54f5506bf96.jpg,TP,10,19,0.928968,1762,1714,849.7299,826.5818,0.44,seg_large_r672_auto
TORDILHA-B_012_jpg.rf.0b5caafb1952d960be9aa54f5506bf96.jpg,TP,33,38,0.926543,2017,1917,972.7045,924.4792,0.44,seg_large_r672_auto
TORDILHA-B_012_jpg.rf.0b5caafb1952d960be9aa54f5506bf96.jpg,TP,39,13,0.924474,3027,3012,1459.7801,1452.5463,0.44,seg_large_r672_auto
TORDILHA-B_012_jpg.rf.0b5caafb1952d960be9aa54f5506bf96.jpg,TP,21,17,0.919429,10266,10293,4950.8102,4963.831,0.44,seg_large_r672_auto
TORDILHA-B_012_jpg.rf.0b5caafb1952d960be9aa54f5506bf96.jpg,TP,22,33,0.906854,552,533,266.2037,257.0409,0.44,seg_large_r672_auto
TORDILHA-B_012_jpg.rf.0b5caafb1952d960be9aa54f5506bf96.jpg,TP,17,29,0.903474,4671,4972,2252.6042,2397.7623,0.44,seg_large_r672_auto
TORDILHA-B_012_jpg.rf.0b5caafb1952d960be9aa54f5506bf96.jpg,TP,32,34,0.895327,1059,969,510.706,467.3032,0.44,seg_large_r672_auto
TORDILHA-B_012_jpg.rf.0b5caafb1952d960be9aa54f5506bf96.jpg,TP,14,14,0.884438,1932,1737,931.713,837.6736,0.44,seg_large_r672_auto
TORDILHA-B_012_jpg.rf.0b5caafb1952d960be9aa54f5506bf96.jpg,TP,37,39,0.854782,814,757,392.554,365.0656,0.44,seg_large_r672_auto
TORDILHA-B_012_jpg.rf.0b5caafb1952d960be9aa54f5506bf96.jpg,TP,28,23,0.840909,1098,1251,529.5139,603.2986,0.44,seg_large_r672_auto
TORDILHA-B_012_jpg.rf.0b5caafb1952d960be9aa54f5506bf96.jpg,TP,40,35,0.782875,295,288,142.2647,138.8889,0.44,seg_large_r672_auto
TORDILHA-B_012_jpg.rf.0b5caafb1952d960be9aa54f5506bf96.jpg,TP,35,40,0.753191,233,179,112.365,86.3233,0.44,seg_large_r672_auto
TORDILHA-B_012_jpg.rf.0b5caafb1952d960be9aa54f5506bf96.jpg,TP,42,11,0.719298,228,164,109.9537,79.0895,0.44,seg_large_r672_auto
TORDILHA-B_012_jpg.rf.0b5caafb1952d960be9aa54f5506bf96.jpg,TP,24,10,0.55931,4313,2470,2079.9576,1191.1651,0.44,seg_large_r672_auto
TORDILHA-B_012_jpg.rf.0b5caafb1952d960be9aa54f5506bf96.jpg,TP,25,28,0.559294,7907,4558,3813.1752,2198.1096,0.44,seg_large_r672_auto
TORDILHA-B_012_jpg.rf.0b5caafb1952d960be9aa54f5506bf96.jpg,TP,27,0,0.551384,9602,5479,4630.5941,2642.2647,0.44,seg_large_r672_auto
TORDILHA-B_012_jpg.rf.0b5caafb1952d960be9aa54f5506bf96.jpg,FP,29,-1,0.0,0,1748,0.0,842.9784,0.44,seg_large_r672_auto
TORDILHA-B_012_jpg.rf.0b5caafb1952d960be9aa54f5506bf96.jpg,FP,31,-1,0.0,0,4020,0.0,1938.6574,0.44,seg_large_r672_auto
TORDILHA-B_012_jpg.rf.0b5caafb1952d960be9aa54f5506bf96.jpg,FP,38,-1,0.0,0,3312,0.0,1597.2222,0.44,seg_large_r672_auto
TORDILHA-B_012_jpg.rf.0b5caafb1952d960be9aa54f5506bf96.jpg,FP,41,-1,0.0,0,1565,0.0,754.7261,0.44,seg_large_r672_auto
TORDILHA-B_012_jpg.rf.0b5caafb1952d960be9aa54f5506bf96.jpg,FP,43,-1,0.0,0,2935,0.0,1415.4128,0.44,seg_large_r672_auto
TORDILHA-B_012_jpg.rf.0b5caafb1952d960be9aa54f5506bf96.jpg,FN,-1,36,0.0,146,0,70.409,0.0,0.44,seg_large_r672_auto
TORDILHA-B_012_jpg.rf.0b5caafb1952d960be9aa54f5506bf96.jpg,FN,-1,37,0.0,98,0,47.2608,0.0,0.44,seg_large_r672_auto
ROSILHA-M-D_006_jpg.rf.de71085683e9c7eb460be0f184fb31ac.jpg,TP,3,15,0.972517,7568,7504,3649.6914,3618.8272,0.44,seg_large_r672_auto
ROSILHA-M-D_006_jpg.rf.de71085683e9c7eb460be0f184fb31ac.jpg,TP,4,1,0.971364,17309,17318,8347.3187,8351.659,0.44,seg_large_r672_auto
ROSILHA-M-D_006_jpg.rf.de71085683e9c7eb460be0f184fb31ac.jpg,TP,7,22,0.96738,1959,1901,944.7338,916.7631,0.44,seg_large_r672_auto
ROSILHA-M-D_006_jpg.rf.de71085683e9c7eb460be0f184fb31ac.jpg,TP,5,2,0.965424,10522,10567,5074.267,5095.9684,0.44,seg_large_r672_auto
ROSILHA-M-D_006_jpg.rf.de71085683e9c7eb460be0f184fb31ac.jpg,TP,12,21,0.962971,8627,8496,4160.3974,4097.2222,0.44,seg_large_r672_auto
ROSILHA-M-D_006_jpg.rf.de71085683e9c7eb460be0f184fb31ac.jpg,TP,11,25,0.955999,2856,2834,1377.3148,1366.7052,0.44,seg_large_r672_auto
ROSILHA-M-D_006_jpg.rf.de71085683e9c7eb460be0f184fb31ac.jpg,TP,9,10,0.954802,4868,4820,2347.608,2324.4599,0.44,seg_large_r672_auto
ROSILHA-M-D_006_jpg.rf.de71085683e9c7eb460be0f184fb31ac.jpg,TP,28,8,0.954177,4120,4068,1986.8827,1961.8056,0.44,seg_large_r672_auto
ROSILHA-M-D_006_jpg.rf.de71085683e9c7eb460be0f184fb31ac.jpg,TP,2,19,0.953612,5363,5292,2586.3233,2552.0833,0.44,seg_large_r672_auto
ROSILHA-M-D_006_jpg.rf.de71085683e9c7eb460be0f184fb31ac.jpg,TP,8,18,0.948413,2998,2894,1445.7948,1395.6404,0.44,seg_large_r672_auto
ROSILHA-M-D_006_jpg.rf.de71085683e9c7eb460be0f184fb31ac.jpg,TP,19,20,0.946198,9855,9751,4752.6042,4702.4498,0.44,seg_large_r672_auto
ROSILHA-M-D_006_jpg.rf.de71085683e9c7eb460be0f184fb31ac.jpg,TP,6,14,0.945713,2634,2563,1270.2546,1236.0147,0.44,seg_large_r672_auto
ROSILHA-M-D_006_jpg.rf.de71085683e9c7eb460be0f184fb31ac.jpg,TP,10,7,0.94567,3106,2982,1497.8781,1438.0787,0.44,seg_large_r672_auto
ROSILHA-M-D_006_jpg.rf.de71085683e9c7eb460be0f184fb31ac.jpg,TP,20,5,0.942757,2822,2744,1360.9182,1323.3025,0.44,seg_large_r672_auto
ROSILHA-M-D_006_jpg.rf.de71085683e9c7eb460be0f184fb31ac.jpg,TP,0,13,0.938806,3311,3184,1596.74,1535.4938,0.44,seg_large_r672_auto
ROSILHA-M-D_006_jpg.rf.de71085683e9c7eb460be0f184fb31ac.jpg,TP,17,27,0.934026,2169,2111,1046.0069,1018.0363,0.44,seg_large_r672_auto
ROSILHA-M-D_006_jpg.rf.de71085683e9c7eb460be0f184fb31ac.jpg,TP,23,29,0.93253,1238,1168,597.0293,563.2716,0.44,seg_large_r672_auto
ROSILHA-M-D_006_jpg.rf.de71085683e9c7eb460be0f184fb31ac.jpg,TP,34,11,0.931137,5034,5342,2427.662,2576.196,0.44,seg_large_r672_auto
ROSILHA-M-D_006_jpg.rf.de71085683e9c7eb460be0f184fb31ac.jpg,TP,14,6,0.930742,2157,2164,1040.2199,1043.5957,0.44,seg_large_r672_auto
ROSILHA-M-D_006_jpg.rf.de71085683e9c7eb460be0f184fb31ac.jpg,TP,31,9,0.926417,2983,2829,1438.561,1364.294,0.44,seg_large_r672_auto
ROSILHA-M-D_006_jpg.rf.de71085683e9c7eb460be0f184fb31ac.jpg,TP,18,4,0.920683,2868,2871,1383.1019,1384.5486,0.44,seg_large_r672_auto
ROSILHA-M-D_006_jpg.rf.de71085683e9c7eb460be0f184fb31ac.jpg,TP,13,17,0.91957,5122,5403,2470.1003,2605.6134,0.44,seg_large_r672_auto
ROSILHA-M-D_006_jpg.rf.de71085683e9c7eb460be0f184fb31ac.jpg,TP,24,26,0.911941,2655,2773,1280.3819,1337.2878,0.44,seg_large_r672_auto
ROSILHA-M-D_006_jpg.rf.de71085683e9c7eb460be0f184fb31ac.jpg,TP,22,16,0.908149,1430,1333,689.6219,642.8434,0.44,seg_large_r672_auto
ROSILHA-M-D_006_jpg.rf.de71085683e9c7eb460be0f184fb31ac.jpg,TP,16,3,0.903497,1498,1441,722.4151,694.9267,0.44,seg_large_r672_auto
ROSILHA-M-D_006_jpg.rf.de71085683e9c7eb460be0f184fb31ac.jpg,TP,1,0,0.89447,6011,6699,2898.8233,3230.6134,0.44,seg_large_r672_auto
ROSILHA-M-D_006_jpg.rf.de71085683e9c7eb460be0f184fb31ac.jpg,TP,21,28,0.886994,1336,1319,644.2901,636.0918,0.44,seg_large_r672_auto
ROSILHA-M-D_006_jpg.rf.de71085683e9c7eb460be0f184fb31ac.jpg,TP,15,36,0.882059,1313,1320,633.1983,636.5741,0.44,seg_large_r672_auto
ROSILHA-M-D_006_jpg.rf.de71085683e9c7eb460be0f184fb31ac.jpg,TP,27,38,0.728162,1182,1291,570.0231,622.5887,0.44,seg_large_r672_auto
ROSILHA-M-D_006_jpg.rf.de71085683e9c7eb460be0f184fb31ac.jpg,TP,29,30,0.722222,151,128,72.8202,61.7284,0.44,seg_large_r672_auto
ROSILHA-M-D_006_jpg.rf.de71085683e9c7eb460be0f184fb31ac.jpg,TP,32,37,0.686441,117,82,56.4236,39.5448,0.44,seg_large_r672_auto
ROSILHA-M-D_006_jpg.rf.de71085683e9c7eb460be0f184fb31ac.jpg,TP,26,24,0.667878,3551,2415,1712.4807,1164.6412,0.44,seg_large_r672_auto
ROSILHA-M-D_006_jpg.rf.de71085683e9c7eb460be0f184fb31ac.jpg,TP,25,31,0.614815,202,234,97.4151,112.8472,0.44,seg_large_r672_auto
ROSILHA-M-D_006_jpg.rf.de71085683e9c7eb460be0f184fb31ac.jpg,FP,30,-1,0.0,0,979,0.0,472.1258,0.44,seg_large_r672_auto
ROSILHA-M-D_006_jpg.rf.de71085683e9c7eb460be0f184fb31ac.jpg,FP,33,-1,0.0,0,9283,0.0,4476.7554,0.44,seg_large_r672_auto
ROSILHA-M-D_006_jpg.rf.de71085683e9c7eb460be0f184fb31ac.jpg,FP,35,-1,0.0,0,6990,0.0,3370.9491,0.44,seg_large_r672_auto
ROSILHA-M-D_006_jpg.rf.de71085683e9c7eb460be0f184fb31ac.jpg,FN,-1,12,0.0,3730,0,1798.804,0.0,0.44,seg_large_r672_auto
ROSILHA-M-D_006_jpg.rf.de71085683e9c7eb460be0f184fb31ac.jpg,FN,-1,23,0.0,172,0,82.9475,0.0,0.44,seg_large_r672_auto
ROSILHA-M-D_006_jpg.rf.de71085683e9c7eb460be0f184fb31ac.jpg,FN,-1,32,0.0,30,0,14.4676,0.0,0.44,seg_large_r672_auto
ROSILHA-M-D_006_jpg.rf.de71085683e9c7eb460be0f184fb31ac.jpg,FN,-1,33,0.0,314,0,151.4275,0.0,0.44,seg_large_r672_auto
ROSILHA-M-D_006_jpg.rf.de71085683e9c7eb460be0f184fb31ac.jpg,FN,-1,34,0.0,321,0,154.8032,0.0,0.44,seg_large_r672_auto
ROSILHA-M-D_006_jpg.rf.de71085683e9c7eb460be0f184fb31ac.jpg,FN,-1,35,0.0,33,0,15.9144,0.0,0.44,seg_large_r672_auto
TOSTADA-B_003_jpg.rf.ef070508fe8cf028db79cd03961c37d8.jpg,TP,17,4,0.975182,3679,3643,1774.2091,1756.848,0.44,seg_large_r672_auto
TOSTADA-B_003_jpg.rf.ef070508fe8cf028db79cd03961c37d8.jpg,TP,4,2,0.971575,2499,2495,1205.1505,1203.2215,0.44,seg_large_r672_auto
TOSTADA-B_003_jpg.rf.ef070508fe8cf028db79cd03961c37d8.jpg,TP,0,9,0.968013,8614,8490,4154.1281,4094.3287,0.44,seg_large_r672_auto
TOSTADA-B_003_jpg.rf.ef070508fe8cf028db79cd03961c37d8.jpg,TP,1,18,0.963554,7193,7084,3468.8465,3416.2809,0.44,seg_large_r672_auto
TOSTADA-B_003_jpg.rf.ef070508fe8cf028db79cd03961c37d8.jpg,TP,8,25,0.961568,1281,1271,617.7662,612.9437,0.44,seg_large_r672_auto
TOSTADA-B_003_jpg.rf.ef070508fe8cf028db79cd03961c37d8.jpg,TP,15,20,0.959486,1980,1986,954.8611,957.7546,0.44,seg_large_r672_auto
TOSTADA-B_003_jpg.rf.ef070508fe8cf028db79cd03961c37d8.jpg,TP,13,15,0.95892,7651,7513,3689.7184,3623.1674,0.44,seg_large_r672_auto
TOSTADA-B_003_jpg.rf.ef070508fe8cf028db79cd03961c37d8.jpg,TP,2,23,0.957842,2707,2773,1305.4591,1337.2878,0.44,seg_large_r672_auto
TOSTADA-B_003_jpg.rf.ef070508fe8cf028db79cd03961c37d8.jpg,TP,20,21,0.95383,2841,2745,1370.081,1323.7847,0.44,seg_large_r672_auto
TOSTADA-B_003_jpg.rf.ef070508fe8cf028db79cd03961c37d8.jpg,TP,9,22,0.948507,1934,1850,932.6775,892.1682,0.44,seg_large_r672_auto
TOSTADA-B_003_jpg.rf.ef070508fe8cf028db79cd03961c37d8.jpg,TP,24,24,0.94786,4325,4230,2085.7446,2039.9306,0.44,seg_large_r672_auto
TOSTADA-B_003_jpg.rf.ef070508fe8cf028db79cd03961c37d8.jpg,TP,3,10,0.945592,2465,2434,1188.7539,1173.804,0.44,seg_large_r672_auto
TOSTADA-B_003_jpg.rf.ef070508fe8cf028db79cd03961c37d8.jpg,TP,6,0,0.944506,4437,4323,2139.7569,2084.7801,0.44,seg_large_r672_auto
TOSTADA-B_003_jpg.rf.ef070508fe8cf028db79cd03961c37d8.jpg,TP,11,3,0.938946,6337,6398,3056.0378,3085.4552,0.44,seg_large_r672_auto
TOSTADA-B_003_jpg.rf.ef070508fe8cf028db79cd03961c37d8.jpg,TP,5,19,0.933144,1320,1398,636.5741,674.1898,0.44,seg_large_r672_auto
TOSTADA-B_003_jpg.rf.ef070508fe8cf028db79cd03961c37d8.jpg,TP,7,12,0.919235,876,930,422.4537,448.4954,0.44,seg_large_r672_auto
TOSTADA-B_003_jpg.rf.ef070508fe8cf028db79cd03961c37d8.jpg,TP,10,5,0.90176,670,627,323.1096,302.3727,0.44,seg_large_r672_auto
TOSTADA-B_003_jpg.rf.ef070508fe8cf028db79cd03961c37d8.jpg,TP,26,11,0.879879,9855,10662,4752.6042,5141.7824,0.44,seg_large_r672_auto
TOSTADA-B_003_jpg.rf.ef070508fe8cf028db79cd03961c37d8.jpg,TP,14,16,0.874723,7149,6394,3447.6273,3083.5262,0.44,seg_large_r672_auto
TOSTADA-B_003_jpg.rf.ef070508fe8cf028db79cd03961c37d8.jpg,TP,12,6,0.848185,279,281,134.5486,135.5131,0.44,seg_large_r672_auto
TOSTADA-B_003_jpg.rf.ef070508fe8cf028db79cd03961c37d8.jpg,TP,22,1,0.840587,5411,6262,2609.4715,3019.8688,0.44,seg_large_r672_auto
TOSTADA-B_003_jpg.rf.ef070508fe8cf028db79cd03961c37d8.jpg,TP,19,7,0.638796,2976,1924,1435.1852,927.8549,0.44,seg_large_r672_auto
TOSTADA-B_003_jpg.rf.ef070508fe8cf028db79cd03961c37d8.jpg,FP,16,-1,0.0,0,7313,0.0,3526.7168,0.44,seg_large_r672_auto
TOSTADA-B_003_jpg.rf.ef070508fe8cf028db79cd03961c37d8.jpg,FP,18,-1,0.0,0,1314,0.0,633.6806,0.44,seg_large_r672_auto
TOSTADA-B_003_jpg.rf.ef070508fe8cf028db79cd03961c37d8.jpg,FP,21,-1,0.0,0,7171,0.0,3458.2369,0.44,seg_large_r672_auto
TOSTADA-B_003_jpg.rf.ef070508fe8cf028db79cd03961c37d8.jpg,FP,23,-1,0.0,0,1534,0.0,739.7762,0.44,seg_large_r672_auto
TOSTADA-B_003_jpg.rf.ef070508fe8cf028db79cd03961c37d8.jpg,FP,25,-1,0.0,0,2578,0.0,1243.2485,0.44,seg_large_r672_auto
TOSTADA-B_003_jpg.rf.ef070508fe8cf028db79cd03961c37d8.jpg,FN,-1,8,0.0,212,0,102.2377,0.0,0.44,seg_large_r672_auto
TOSTADA-B_003_jpg.rf.ef070508fe8cf028db79cd03961c37d8.jpg,FN,-1,13,0.0,908,0,437.8858,0.0,0.44,seg_large_r672_auto
TOSTADA-B_003_jpg.rf.ef070508fe8cf028db79cd03961c37d8.jpg,FN,-1,14,0.0,5314,0,2562.6929,0.0,0.44,seg_large_r672_auto
TOSTADA-B_003_jpg.rf.ef070508fe8cf028db79cd03961c37d8.jpg,FN,-1,17,0.0,14765,0,7120.4668,0.0,0.44,seg_large_r672_auto
TORDILHA-D_001_jpg.rf.36e39c15aad81283f9bcc0f8afcd649f.jpg,TP,8,2,0.96533,31417,30996,15150.9452,14947.9167,0.44,seg_large_r672_auto
TORDILHA-D_001_jpg.rf.36e39c15aad81283f9bcc0f8afcd649f.jpg,TP,7,0,0.961155,48444,47582,23362.2685,22946.5664,0.44,seg_large_r672_auto
TORDILHA-D_001_jpg.rf.36e39c15aad81283f9bcc0f8afcd649f.jpg,TP,1,11,0.961149,5439,5414,2622.9745,2610.9182,0.44,seg_large_r672_auto
TORDILHA-D_001_jpg.rf.36e39c15aad81283f9bcc0f8afcd649f.jpg,TP,2,16,0.95589,7526,7284,3629.4367,3512.7315,0.44,seg_large_r672_auto
TORDILHA-D_001_jpg.rf.36e39c15aad81283f9bcc0f8afcd649f.jpg,TP,3,9,0.942539,1056,1040,509.2593,501.5432,0.44,seg_large_r672_auto
TORDILHA-D_001_jpg.rf.36e39c15aad81283f9bcc0f8afcd649f.jpg,TP,20,20,0.93677,1974,2008,951.9676,968.3642,0.44,seg_large_r672_auto
TORDILHA-D_001_jpg.rf.36e39c15aad81283f9bcc0f8afcd649f.jpg,TP,0,7,0.921208,9974,9240,4809.9923,4456.0185,0.44,seg_large_r672_auto
TORDILHA-D_001_jpg.rf.36e39c15aad81283f9bcc0f8afcd649f.jpg,TP,19,5,0.916934,6190,6364,2985.1466,3069.0586,0.44,seg_large_r672_auto
TORDILHA-D_001_jpg.rf.36e39c15aad81283f9bcc0f8afcd649f.jpg,TP,9,8,0.916115,417,451,201.0995,217.4961,0.44,seg_large_r672_auto
TORDILHA-D_001_jpg.rf.36e39c15aad81283f9bcc0f8afcd649f.jpg,TP,17,18,0.912649,8718,8974,4204.2824,4327.7392,0.44,seg_large_r672_auto
TORDILHA-D_001_jpg.rf.36e39c15aad81283f9bcc0f8afcd649f.jpg,TP,10,13,0.910316,1878,1807,905.6713,871.4313,0.44,seg_large_r672_auto
TORDILHA-D_001_jpg.rf.36e39c15aad81283f9bcc0f8afcd649f.jpg,TP,15,17,0.899804,3878,3896,1870.1775,1878.858,0.44,seg_large_r672_auto
TORDILHA-D_001_jpg.rf.36e39c15aad81283f9bcc0f8afcd649f.jpg,TP,6,21,0.891512,2043,2124,985.2431,1024.3056,0.44,seg_large_r672_auto
TORDILHA-D_001_jpg.rf.36e39c15aad81283f9bcc0f8afcd649f.jpg,TP,25,3,0.88705,7885,7051,3802.5656,3400.3665,0.44,seg_large_r672_auto
TORDILHA-D_001_jpg.rf.36e39c15aad81283f9bcc0f8afcd649f.jpg,TP,5,10,0.874209,1421,1246,685.2816,600.8873,0.44,seg_large_r672_auto
TORDILHA-D_001_jpg.rf.36e39c15aad81283f9bcc0f8afcd649f.jpg,TP,22,4,0.873392,10319,9050,4976.3696,4364.3904,0.44,seg_large_r672_auto
TORDILHA-D_001_jpg.rf.36e39c15aad81283f9bcc0f8afcd649f.jpg,TP,4,12,0.872394,6721,6030,3241.223,2907.9861,0.44,seg_large_r672_auto
TORDILHA-D_001_jpg.rf.36e39c15aad81283f9bcc0f8afcd649f.jpg,TP,16,6,0.861882,24329,21019,11732.7353,10136.4776,0.44,seg_large_r672_auto
TORDILHA-D_001_jpg.rf.36e39c15aad81283f9bcc0f8afcd649f.jpg,TP,13,22,0.860215,647,564,312.0177,271.9907,0.44,seg_large_r672_auto
TORDILHA-D_001_jpg.rf.36e39c15aad81283f9bcc0f8afcd649f.jpg,TP,14,15,0.775941,7390,5823,3563.8503,2808.1597,0.44,seg_large_r672_auto
TORDILHA-D_001_jpg.rf.36e39c15aad81283f9bcc0f8afcd649f.jpg,TP,21,19,0.665158,372,364,179.3981,175.5401,0.44,seg_large_r672_auto
TORDILHA-D_001_jpg.rf.36e39c15aad81283f9bcc0f8afcd649f.jpg,TP,23,14,0.520701,3117,1658,1503.1829,799.5756,0.44,seg_large_r672_auto
TORDILHA-D_001_jpg.rf.36e39c15aad81283f9bcc0f8afcd649f.jpg,FP,11,-1,0.0,0,716,0.0,345.2932,0.44,seg_large_r672_auto
TORDILHA-D_001_jpg.rf.36e39c15aad81283f9bcc0f8afcd649f.jpg,FP,12,-1,0.0,0,798,0.0,384.838,0.44,seg_large_r672_auto
TORDILHA-D_001_jpg.rf.36e39c15aad81283f9bcc0f8afcd649f.jpg,FP,18,-1,0.0,0,5271,0.0,2541.956,0.44,seg_large_r672_auto
TORDILHA-D_001_jpg.rf.36e39c15aad81283f9bcc0f8afcd649f.jpg,FP,24,-1,0.0,0,1893,0.0,912.9051,0.44,seg_large_r672_auto
TORDILHA-D_001_jpg.rf.36e39c15aad81283f9bcc0f8afcd649f.jpg,FN,-1,1,0.0,25296,0,12199.0741,0.0,0.44,seg_large_r672_auto
TORDILHA-D_001_jpg.rf.36e39c15aad81283f9bcc0f8afcd649f.jpg,FN,-1,23,0.0,139,0,67.0332,0.0,0.44,seg_large_r672_auto
TOSTADA-G_009_jpg.rf.506f019d1e54427e5f81510789439725.jpg,TP,23,17,0.954835,3119,3027,1504.1474,1459.7801,0.44,seg_large_r672_auto
TOSTADA-G_009_jpg.rf.506f019d1e54427e5f81510789439725.jpg,TP,40,6,0.954087,8013,7692,3864.294,3709.4907,0.44,seg_large_r672_auto
TOSTADA-G_009_jpg.rf.506f019d1e54427e5f81510789439725.jpg,TP,0,33,0.9534,6706,6624,3233.9892,3194.4444,0.44,seg_large_r672_auto
TOSTADA-G_009_jpg.rf.506f019d1e54427e5f81510789439725.jpg,TP,36,21,0.952326,10352,9960,4992.284,4803.2407,0.44,seg_large_r672_auto
TOSTADA-G_009_jpg.rf.506f019d1e54427e5f81510789439725.jpg,TP,11,19,0.951516,5446,5301,2626.3503,2556.4236,0.44,seg_large_r672_auto
TOSTADA-G_009_jpg.rf.506f019d1e54427e5f81510789439725.jpg,TP,2,27,0.948823,7516,7221,3624.6142,3482.3495,0.44,seg_large_r672_auto
TOSTADA-G_009_jpg.rf.506f019d1e54427e5f81510789439725.jpg,TP,9,34,0.945524,3351,3256,1616.0301,1570.216,0.44,seg_large_r672_auto
TOSTADA-G_009_jpg.rf.506f019d1e54427e5f81510789439725.jpg,TP,20,9,0.945184,9502,9199,4582.3688,4436.2461,0.44,seg_large_r672_auto
TOSTADA-G_009_jpg.rf.506f019d1e54427e5f81510789439725.jpg,TP,24,40,0.940594,1095,1061,528.0671,511.6705,0.44,seg_large_r672_auto
TOSTADA-G_009_jpg.rf.506f019d1e54427e5f81510789439725.jpg,TP,21,5,0.936399,2327,2179,1122.2029,1050.8295,0.44,seg_large_r672_auto
TOSTADA-G_009_jpg.rf.506f019d1e54427e5f81510789439725.jpg,TP,39,22,0.936179,2316,2265,1116.8981,1092.3032,0.44,seg_large_r672_auto
TOSTADA-G_009_jpg.rf.506f019d1e54427e5f81510789439725.jpg,TP,14,41,0.933878,1204,1165,580.6327,561.8248,0.44,seg_large_r672_auto
TOSTADA-G_009_jpg.rf.506f019d1e54427e5f81510789439725.jpg,TP,8,24,0.932632,1425,1329,687.2106,640.9144,0.44,seg_large_r672_auto
TOSTADA-G_009_jpg.rf.506f019d1e54427e5f81510789439725.jpg,TP,6,26,0.932325,2763,2605,1332.4653,1256.2693,0.44,seg_large_r672_auto
TOSTADA-G_009_jpg.rf.506f019d1e54427e5f81510789439725.jpg,TP,7,23,0.930645,1844,1747,889.2747,842.4961,0.44,seg_large_r672_auto
TOSTADA-G_009_jpg.rf.506f019d1e54427e5f81510789439725.jpg,TP,19,16,0.927835,3293,3065,1588.0594,1478.1057,0.44,seg_large_r672_auto
TOSTADA-G_009_jpg.rf.506f019d1e54427e5f81510789439725.jpg,TP,5,37,0.925061,3293,3052,1588.0594,1471.8364,0.44,seg_large_r672_auto
TOSTADA-G_009_jpg.rf.506f019d1e54427e5f81510789439725.jpg,TP,28,18,0.924528,2684,2620,1294.3673,1263.5031,0.44,seg_large_r672_auto
TOSTADA-G_009_jpg.rf.506f019d1e54427e5f81510789439725.jpg,TP,3,35,0.924081,2527,2339,1218.6535,1127.99,0.44,seg_large_r672_auto
TOSTADA-G_009_jpg.rf.506f019d1e54427e5f81510789439725.jpg,TP,15,20,0.923478,1704,1614,821.7593,778.3565,0.44,seg_large_r672_auto
TOSTADA-G_009_jpg.rf.506f019d1e54427e5f81510789439725.jpg,TP,27,13,0.922392,4217,3982,2033.6613,1920.3318,0.44,seg_large_r672_auto
TOSTADA-G_009_jpg.rf.506f019d1e54427e5f81510789439725.jpg,TP,1,28,0.920735,2069,1905,997.7816,918.6921,0.44,seg_large_r672_auto
TOSTADA-G_009_jpg.rf.506f019d1e54427e5f81510789439725.jpg,TP,17,2,0.92031,12829,12425,6186.8248,5991.9946,0.44,seg_large_r672_auto
TOSTADA-G_009_jpg.rf.506f019d1e54427e5f81510789439725.jpg,TP,13,31,0.919077,3594,3307,1733.2176,1594.811,0.44,seg_large_r672_auto
TOSTADA-G_009_jpg.rf.506f019d1e54427e5f81510789439725.jpg,TP,10,38,0.917943,4168,3849,2010.0309,1856.1921,0.44,seg_large_r672_auto
TOSTADA-G_009_jpg.rf.506f019d1e54427e5f81510789439725.jpg,TP,22,25,0.917422,969,935,467.3032,450.9066,0.44,seg_large_r672_auto
TOSTADA-G_009_jpg.rf.506f019d1e54427e5f81510789439725.jpg,TP,18,30,0.911111,1598,1498,770.6404,722.4151,0.44,seg_large_r672_auto
TOSTADA-G_009_jpg.rf.506f019d1e54427e5f81510789439725.jpg,TP,12,32,0.908051,2340,2163,1128.4722,1043.1134,0.44,seg_large_r672_auto
TOSTADA-G_009_jpg.rf.506f019d1e54427e5f81510789439725.jpg,TP,25,29,0.90678,1172,1078,565.2006,519.8688,0.44,seg_large_r672_auto
TOSTADA-G_009_jpg.rf.506f019d1e54427e5f81510789439725.jpg,TP,29,4,0.905145,2486,2254,1198.8812,1086.9985,0.44,seg_large_r672_auto
TOSTADA-G_009_jpg.rf.506f019d1e54427e5f81510789439725.jpg,TP,16,39,0.898523,1542,1414,743.6343,681.9059,0.44,seg_large_r672_auto
TOSTADA-G_009_jpg.rf.506f019d1e54427e5f81510789439725.jpg,TP,31,0,0.868167,601,561,289.8341,270.544,0.44,seg_large_r672_auto
TOSTADA-G_009_jpg.rf.506f019d1e54427e5f81510789439725.jpg,TP,4,36,0.86424,2637,2279,1271.7014,1099.0548,0.44,seg_large_r672_auto
TOSTADA-G_009_jpg.rf.506f019d1e54427e5f81510789439725.jpg,TP,34,7,0.858332,20881,19534,10069.9267,9420.3318,0.44,seg_large_r672_auto
TOSTADA-G_009_jpg.rf.506f019d1e54427e5f81510789439725.jpg,TP,30,3,0.838576,1668,1430,804.3981,689.6219,0.44,seg_large_r672_auto
TOSTADA-G_009_jpg.rf.506f019d1e54427e5f81510789439725.jpg,TP,32,1,0.802273,372,421,179.3981,203.0285,0.44,seg_large_r672_auto
TOSTADA-G_009_jpg.rf.506f019d1e54427e5f81510789439725.jpg,TP,42,8,0.778575,4181,3257,2016.3002,1570.6983,0.44,seg_large_r672_auto
TOSTADA-G_009_jpg.rf.506f019d1e54427e5f81510789439725.jpg,TP,43,10,0.777706,12346,9630,5953.8966,4644.0972,0.44,seg_large_r672_auto
TOSTADA-G_009_jpg.rf.506f019d1e54427e5f81510789439725.jpg,TP,26,14,0.719715,7151,9004,3448.5918,4342.2068,0.44,seg_large_r672_auto
TOSTADA-G_009_jpg.rf.506f019d1e54427e5f81510789439725.jpg,TP,33,11,0.646959,7080,10470,3414.3519,5049.1898,0.44,seg_large_r672_auto
TOSTADA-G_009_jpg.rf.506f019d1e54427e5f81510789439725.jpg,FP,35,-1,0.0,0,1563,0.0,753.7616,0.44,seg_large_r672_auto
TOSTADA-G_009_jpg.rf.506f019d1e54427e5f81510789439725.jpg,FP,37,-1,0.0,0,5227,0.0,2520.7369,0.44,seg_large_r672_auto
TOSTADA-G_009_jpg.rf.506f019d1e54427e5f81510789439725.jpg,FP,38,-1,0.0,0,2460,0.0,1186.3426,0.44,seg_large_r672_auto
TOSTADA-G_009_jpg.rf.506f019d1e54427e5f81510789439725.jpg,FP,41,-1,0.0,0,2012,0.0,970.2932,0.44,seg_large_r672_auto
TOSTADA-G_009_jpg.rf.506f019d1e54427e5f81510789439725.jpg,FN,-1,12,0.0,3539,0,1706.6937,0.0,0.44,seg_large_r672_auto
TOSTADA-G_009_jpg.rf.506f019d1e54427e5f81510789439725.jpg,FN,-1,15,0.0,2527,0,1218.6535,0.0,0.44,seg_large_r672_auto
