Image,Match_Type,AI_Index,GT_Index,IoU,GT_Area_px,AI_Area_px,GT_Area_um2,AI_Area_um2
ROSILHA-M-B_003_jpg.rf.863a24cebe30a134937348de5cbcaa87.jpg,TP,2,8,0.9427964370352211,11645,12129,4199.6696,4374.22
ROSILHA-M-B_003_jpg.rf.863a24cebe30a134937348de5cbcaa87.jpg,TP,10,0,0.9343221902442624,13076,13136,4715.7475,4737.3859
ROSILHA-M-B_003_jpg.rf.863a24cebe30a134937348de5cbcaa87.jpg,TP,3,5,0.9311494589061129,16242,16771,5857.5382,6048.3176
ROSILHA-M-B_003_jpg.rf.863a24cebe30a134937348de5cbcaa87.jpg,TP,12,16,0.9293705351125489,7047,7267,2541.4402,2620.7813
ROSILHA-M-B_003_jpg.rf.863a24cebe30a134937348de5cbcaa87.jpg,TP,1,9,0.9156147328376275,5363,5715,1934.12,2061.0658
ROSILHA-M-B_003_jpg.rf.863a24cebe30a134937348de5cbcaa87.jpg,TP,0,19,0.8997459393108961,34119,32431,12304.7252,11695.9625
ROSILHA-M-B_003_jpg.rf.863a24cebe30a134937348de5cbcaa87.jpg,TP,7,12,0.8988614800759013,4943,5064,1782.6506,1826.2882
ROSILHA-M-B_003_jpg.rf.863a24cebe30a134937348de5cbcaa87.jpg,TP,4,15,0.8933030646992054,1621,1715,584.5998,618.5001
ROSILHA-M-B_003_jpg.rf.863a24cebe30a134937348de5cbcaa87.jpg,TP,17,11,0.8929909921756854,27873,29708,10052.1588,10713.9359
ROSILHA-M-B_003_jpg.rf.863a24cebe30a134937348de5cbcaa87.jpg,TP,5,1,0.8874639307470343,2822,3065,1017.7301,1105.366
ROSILHA-M-B_003_jpg.rf.863a24cebe30a134937348de5cbcaa87.jpg,TP,6,10,0.8785342682650984,3976,4329,1433.9104,1561.2168
ROSILHA-M-B_003_jpg.rf.863a24cebe30a134937348de5cbcaa87.jpg,TP,15,18,0.8629974597798475,5112,5889,1843.599,2123.8174
ROSILHA-M-B_003_jpg.rf.863a24cebe30a134937348de5cbcaa87.jpg,TP,14,17,0.8402084789931991,15095,13857,5443.8825,4997.4084
ROSILHA-M-B_003_jpg.rf.863a24cebe30a134937348de5cbcaa87.jpg,TP,8,6,0.821132995444922,15321,13065,5525.3875,4711.7804
ROSILHA-M-B_003_jpg.rf.863a24cebe30a134937348de5cbcaa87.jpg,TP,13,7,0.7826887661141805,887,1049,319.889,378.3129
ROSILHA-M-B_003_jpg.rf.863a24cebe30a134937348de5cbcaa87.jpg,TP,16,13,0.6675444371296906,2117,2949,763.4779,1063.5316
ROSILHA-M-B_003_jpg.rf.863a24cebe30a134937348de5cbcaa87.jpg,FP,9,-1,0.0,0,3155,0,1137.8237
ROSILHA-M-B_003_jpg.rf.863a24cebe30a134937348de5cbcaa87.jpg,FP,11,-1,0.0,0,2222,0,801.3453
ROSILHA-M-B_003_jpg.rf.863a24cebe30a134937348de5cbcaa87.jpg,FP,18,-1,0.0,0,13315,0,4801.9408
ROSILHA-M-B_003_jpg.rf.863a24cebe30a134937348de5cbcaa87.jpg,FP,19,-1,0.0,0,3507,0,1264.7695
ROSILHA-M-B_003_jpg.rf.863a24cebe30a134937348de5cbcaa87.jpg,FN,-1,2,0.0,7715,0,2782.3487,0
ROSILHA-M-B_003_jpg.rf.863a24cebe30a134937348de5cbcaa87.jpg,FN,-1,3,0.0,5602,0,2020.3133,0
ROSILHA-M-B_003_jpg.rf.863a24cebe30a134937348de5cbcaa87.jpg,FN,-1,4,0.0,3825,0,1379.4535,0
ROSILHA-M-B_003_jpg.rf.863a24cebe30a134937348de5cbcaa87.jpg,FN,-1,14,0.0,616,0,222.1551,0
ROSILHA-M-B_009_jpg.rf.d2aa8881a0b4f54b4bdb89392b953e71.jpg,TP,2,24,0.9449101796407186,2432,2440,877.08,879.9651
ROSILHA-M-B_009_jpg.rf.d2aa8881a0b4f54b4bdb89392b953e71.jpg,TP,19,35,0.937286909804732,9352,9399,3372.7187,3389.6689
ROSILHA-M-B_009_jpg.rf.d2aa8881a0b4f54b4bdb89392b953e71.jpg,TP,3,38,0.9349303981871155,2954,3023,1065.3348,1090.2191
ROSILHA-M-B_009_jpg.rf.d2aa8881a0b4f54b4bdb89392b953e71.jpg,TP,1,17,0.9344721096313453,9951,10094,3588.743,3640.3147
ROSILHA-M-B_009_jpg.rf.d2aa8881a0b4f54b4bdb89392b953e71.jpg,TP,14,1,0.9337373737373738,4694,4878,1692.8509,1759.2089
ROSILHA-M-B_009_jpg.rf.d2aa8881a0b4f54b4bdb89392b953e71.jpg,TP,0,21,0.9264650283553876,5017,5174,1809.3381,1865.9588
ROSILHA-M-B_009_jpg.rf.d2aa8881a0b4f54b4bdb89392b953e71.jpg,TP,41,12,0.9250645994832042,2974,2986,1072.5476,1076.8753
ROSILHA-M-B_009_jpg.rf.d2aa8881a0b4f54b4bdb89392b953e71.jpg,TP,9,37,0.9216683621566633,2839,2828,1023.861,1019.894
ROSILHA-M-B_009_jpg.rf.d2aa8881a0b4f54b4bdb89392b953e71.jpg,TP,11,0,0.9214514407684098,4401,4601,1587.183,1659.3113
ROSILHA-M-B_009_jpg.rf.d2aa8881a0b4f54b4bdb89392b953e71.jpg,TP,7,23,0.9183939701406001,6477,6758,2335.8746,2437.2148
ROSILHA-M-B_009_jpg.rf.d2aa8881a0b4f54b4bdb89392b953e71.jpg,TP,15,14,0.9177312212570261,1829,1924,659.6132,693.8741
ROSILHA-M-B_009_jpg.rf.d2aa8881a0b4f54b4bdb89392b953e71.jpg,TP,17,6,0.9153328694038506,3990,4267,1438.9593,1538.857
ROSILHA-M-B_009_jpg.rf.d2aa8881a0b4f54b4bdb89392b953e71.jpg,TP,10,32,0.9152460984393758,3993,3984,1440.0413,1436.7955
ROSILHA-M-B_009_jpg.rf.d2aa8881a0b4f54b4bdb89392b953e71.jpg,TP,31,26,0.9053294054633101,6976,7253,2515.8347,2615.7324
ROSILHA-M-B_009_jpg.rf.d2aa8881a0b4f54b4bdb89392b953e71.jpg,TP,24,43,0.9037416053725615,3013,2940,1086.6127,1060.2858
ROSILHA-M-B_009_jpg.rf.d2aa8881a0b4f54b4bdb89392b953e71.jpg,TP,6,28,0.9025641025641026,4227,4306,1524.4314,1552.922
ROSILHA-M-B_009_jpg.rf.d2aa8881a0b4f54b4bdb89392b953e71.jpg,TP,40,10,0.9024822695035462,5404,5326,1948.9063,1920.7763
ROSILHA-M-B_009_jpg.rf.d2aa8881a0b4f54b4bdb89392b953e71.jpg,TP,5,33,0.9011357769747032,3553,3812,1281.359,1374.7652
ROSILHA-M-B_009_jpg.rf.d2aa8881a0b4f54b4bdb89392b953e71.jpg,TP,18,34,0.8992143050663777,3460,3550,1247.8194,1280.2771
ROSILHA-M-B_009_jpg.rf.d2aa8881a0b4f54b4bdb89392b953e71.jpg,TP,16,5,0.8941085868309588,2397,2522,864.4575,909.5377
ROSILHA-M-B_009_jpg.rf.d2aa8881a0b4f54b4bdb89392b953e71.jpg,TP,34,39,0.8920430107526882,2198,2201,792.6899,793.7718
ROSILHA-M-B_009_jpg.rf.d2aa8881a0b4f54b4bdb89392b953e71.jpg,TP,23,7,0.8903053661428995,3076,3300,1109.3331,1190.1167
ROSILHA-M-B_009_jpg.rf.d2aa8881a0b4f54b4bdb89392b953e71.jpg,TP,28,8,0.8899590975062673,7137,7187,2573.8979,2591.93
ROSILHA-M-B_009_jpg.rf.d2aa8881a0b4f54b4bdb89392b953e71.jpg,TP,4,36,0.8874612317235268,2059,2201,742.5607,793.7718
ROSILHA-M-B_009_jpg.rf.d2aa8881a0b4f54b4bdb89392b953e71.jpg,TP,20,2,0.8811096433289299,2107,2165,759.8715,780.7887
ROSILHA-M-B_009_jpg.rf.d2aa8881a0b4f54b4bdb89392b953e71.jpg,TP,8,11,0.8692691783931004,1949,2169,702.8902,782.2313
ROSILHA-M-B_009_jpg.rf.d2aa8881a0b4f54b4bdb89392b953e71.jpg,TP,22,29,0.8647512263489839,1310,1351,472.4403,487.2266
ROSILHA-M-B_009_jpg.rf.d2aa8881a0b4f54b4bdb89392b953e71.jpg,TP,13,20,0.8628239499553172,2108,2061,760.2322,743.282
ROSILHA-M-B_009_jpg.rf.d2aa8881a0b4f54b4bdb89392b953e71.jpg,TP,12,19,0.8584031760035289,2028,2185,731.3808,788.0015
ROSILHA-M-B_009_jpg.rf.d2aa8881a0b4f54b4bdb89392b953e71.jpg,TP,21,22,0.8539201183431953,2614,2399,942.7167,865.1788
ROSILHA-M-B_009_jpg.rf.d2aa8881a0b4f54b4bdb89392b953e71.jpg,TP,37,27,0.8496860017556891,13200,14192,4760.467,5118.2233
ROSILHA-M-B_009_jpg.rf.d2aa8881a0b4f54b4bdb89392b953e71.jpg,TP,27,15,0.8338699291693497,2682,3014,967.2403,1086.9733
ROSILHA-M-B_009_jpg.rf.d2aa8881a0b4f54b4bdb89392b953e71.jpg,TP,25,30,0.8306546452371619,2272,2398,819.3773,864.8182
ROSILHA-M-B_009_jpg.rf.d2aa8881a0b4f54b4bdb89392b953e71.jpg,TP,35,31,0.8191881918819188,452,534,163.0099,192.5825
ROSILHA-M-B_009_jpg.rf.d2aa8881a0b4f54b4bdb89392b953e71.jpg,TP,36,3,0.790929203539823,775,844,279.4971,304.3814
ROSILHA-M-B_009_jpg.rf.d2aa8881a0b4f54b4bdb89392b953e71.jpg,TP,26,4,0.7892976588628763,1024,1116,369.2968,402.4758
ROSILHA-M-B_009_jpg.rf.d2aa8881a0b4f54b4bdb89392b953e71.jpg,TP,32,25,0.7554744525547445,274,207,98.8158,74.6528
ROSILHA-M-B_009_jpg.rf.d2aa8881a0b4f54b4bdb89392b953e71.jpg,TP,33,18,0.680672268907563,228,172,82.2262,62.0303
ROSILHA-M-B_009_jpg.rf.d2aa8881a0b4f54b4bdb89392b953e71.jpg,TP,29,42,0.5071545298736498,13153,24660,4743.5168,8893.4179
ROSILHA-M-B_009_jpg.rf.d2aa8881a0b4f54b4bdb89392b953e71.jpg,FP,30,-1,0.0,0,1957,0,705.7753
ROSILHA-M-B_009_jpg.rf.d2aa8881a0b4f54b4bdb89392b953e71.jpg,FP,38,-1,0.0,0,258,0,93.0455
ROSILHA-M-B_009_jpg.rf.d2aa8881a0b4f54b4bdb89392b953e71.jpg,FP,39,-1,0.0,0,8630,0,3112.3356
ROSILHA-M-B_009_jpg.rf.d2aa8881a0b4f54b4bdb89392b953e71.jpg,FN,-1,9,0.0,3025,0,1090.9404,0
ROSILHA-M-B_009_jpg.rf.d2aa8881a0b4f54b4bdb89392b953e71.jpg,FN,-1,13,0.0,2823,0,1018.0908,0
ROSILHA-M-B_009_jpg.rf.d2aa8881a0b4f54b4bdb89392b953e71.jpg,FN,-1,16,0.0,11219,0,4046.0363,0
ROSILHA-M-B_009_jpg.rf.d2aa8881a0b4f54b4bdb89392b953e71.jpg,FN,-1,40,0.0,3631,0,1309.4891,0
ROSILHA-M-B_009_jpg.rf.d2aa8881a0b4f54b4bdb89392b953e71.jpg,FN,-1,41,0.0,4386,0,1581.7733,0
ROSILHA-M-D_006_jpg.rf.de71085683e9c7eb460be0f184fb31ac.jpg,TP,7,22,0.9681978798586572,1959,1940,706.4966,699.6444
ROSILHA-M-D_006_jpg.rf.de71085683e9c7eb460be0f184fb31ac.jpg,TP,0,13,0.9336206896551724,3309,3420,1193.3625,1233.3937
ROSILHA-M-D_006_jpg.rf.de71085683e9c7eb460be0f184fb31ac.jpg,TP,11,25,0.9333777481678881,2847,2957,1026.7462,1066.4167
ROSILHA-M-D_006_jpg.rf.de71085683e9c7eb460be0f184fb31ac.jpg,TP,9,19,0.9312909509474057,5361,5545,1933.3988,1999.7568
ROSILHA-M-D_006_jpg.rf.de71085683e9c7eb460be0f184fb31ac.jpg,TP,1,2,0.9300179211469534,10513,11026,3791.4234,3976.4325
ROSILHA-M-D_006_jpg.rf.de71085683e9c7eb460be0f184fb31ac.jpg,TP,4,15,0.9298377970577141,7557,7791,2725.3674,2809.7574
ROSILHA-M-D_006_jpg.rf.de71085683e9c7eb460be0f184fb31ac.jpg,TP,25,5,0.9285714285714286,2820,2958,1017.0089,1066.7774
ROSILHA-M-D_006_jpg.rf.de71085683e9c7eb460be0f184fb31ac.jpg,TP,21,21,0.9279443621023828,8625,8285,3110.5324,2987.9143
ROSILHA-M-D_006_jpg.rf.de71085683e9c7eb460be0f184fb31ac.jpg,TP,31,8,0.9267566948958572,4118,4300,1485.1214,1550.7582
ROSILHA-M-D_006_jpg.rf.de71085683e9c7eb460be0f184fb31ac.jpg,TP,2,14,0.925751539297356,2632,2685,949.2083,968.3223
ROSILHA-M-D_006_jpg.rf.de71085683e9c7eb460be0f184fb31ac.jpg,TP,24,20,0.9246930161166539,9845,10218,3550.515,3685.0342
ROSILHA-M-D_006_jpg.rf.de71085683e9c7eb460be0f184fb31ac.jpg,TP,3,18,0.9207393483709273,2995,3136,1080.1211,1130.9716
ROSILHA-M-D_006_jpg.rf.de71085683e9c7eb460be0f184fb31ac.jpg,TP,5,7,0.9189024390243903,3104,3190,1119.431,1150.4462
ROSILHA-M-D_006_jpg.rf.de71085683e9c7eb460be0f184fb31ac.jpg,TP,6,10,0.9123245529705826,4860,5086,1752.7174,1834.2224
ROSILHA-M-D_006_jpg.rf.de71085683e9c7eb460be0f184fb31ac.jpg,TP,36,9,0.9091778202676865,2980,3011,1074.7115,1085.8914
ROSILHA-M-D_006_jpg.rf.de71085683e9c7eb460be0f184fb31ac.jpg,TP,33,11,0.9010133912414042,5027,5478,1812.9445,1975.5938
ROSILHA-M-D_006_jpg.rf.de71085683e9c7eb460be0f184fb31ac.jpg,TP,20,26,0.8998971546109016,2652,2890,956.4211,1042.2538
ROSILHA-M-D_006_jpg.rf.de71085683e9c7eb460be0f184fb31ac.jpg,TP,17,17,0.8884150675195451,5117,5511,1845.4022,1987.495
ROSILHA-M-D_006_jpg.rf.de71085683e9c7eb460be0f184fb31ac.jpg,TP,15,29,0.8826151560178306,1234,1300,445.0315,468.8339
ROSILHA-M-D_006_jpg.rf.de71085683e9c7eb460be0f184fb31ac.jpg,TP,16,3,0.8739393939393939,1493,1599,538.4377,576.6657
ROSILHA-M-D_006_jpg.rf.de71085683e9c7eb460be0f184fb31ac.jpg,TP,10,27,0.8718816067653277,2163,2264,780.0674,816.4922
ROSILHA-M-D_006_jpg.rf.de71085683e9c7eb460be0f184fb31ac.jpg,TP,13,0,0.8706935123042505,6002,6541,2164.5699,2358.9556
ROSILHA-M-D_006_jpg.rf.de71085683e9c7eb460be0f184fb31ac.jpg,TP,12,6,0.8687035507844756,2154,2372,776.8217,855.4415
ROSILHA-M-D_006_jpg.rf.de71085683e9c7eb460be0f184fb31ac.jpg,TP,18,28,0.8641304347826086,1333,1411,480.735,508.8651
ROSILHA-M-D_006_jpg.rf.de71085683e9c7eb460be0f184fb31ac.jpg,TP,19,16,0.8342070773263434,1430,1369,515.7173,493.7181
ROSILHA-M-D_006_jpg.rf.de71085683e9c7eb460be0f184fb31ac.jpg,TP,8,1,0.8191969321001579,17287,14971,6234.4085,5399.163
ROSILHA-M-D_006_jpg.rf.de71085683e9c7eb460be0f184fb31ac.jpg,TP,14,36,0.8026058631921824,1309,1458,472.0796,525.8152
ROSILHA-M-D_006_jpg.rf.de71085683e9c7eb460be0f184fb31ac.jpg,TP,26,30,0.7513513513513513,150,174,54.0962,62.7516
ROSILHA-M-D_006_jpg.rf.de71085683e9c7eb460be0f184fb31ac.jpg,TP,28,37,0.7062937062937062,116,128,41.8344,46.1621
ROSILHA-M-D_006_jpg.rf.de71085683e9c7eb460be0f184fb31ac.jpg,TP,29,23,0.6884422110552764,172,164,62.0303,59.1452
ROSILHA-M-D_006_jpg.rf.de71085683e9c7eb460be0f184fb31ac.jpg,TP,37,34,0.6727272727272727,317,327,114.3233,117.9298
ROSILHA-M-D_006_jpg.rf.de71085683e9c7eb460be0f184fb31ac.jpg,TP,32,24,0.6456908344733242,3546,2469,1278.8345,890.4237
ROSILHA-M-D_006_jpg.rf.de71085683e9c7eb460be0f184fb31ac.jpg,TP,22,38,0.6257242178447276,1179,1627,425.1963,586.7636
ROSILHA-M-D_006_jpg.rf.de71085683e9c7eb460be0f184fb31ac.jpg,FP,23,-1,0.0,0,174,0,62.7516
ROSILHA-M-D_006_jpg.rf.de71085683e9c7eb460be0f184fb31ac.jpg,FP,27,-1,0.0,0,15465,0,5577.3198
ROSILHA-M-D_006_jpg.rf.de71085683e9c7eb460be0f184fb31ac.jpg,FP,30,-1,0.0,0,232,0,83.6688
ROSILHA-M-D_006_jpg.rf.de71085683e9c7eb460be0f184fb31ac.jpg,FP,34,-1,0.0,0,4919,0,1773.9952
ROSILHA-M-D_006_jpg.rf.de71085683e9c7eb460be0f184fb31ac.jpg,FP,35,-1,0.0,0,142,0,51.2111
ROSILHA-M-D_006_jpg.rf.de71085683e9c7eb460be0f184fb31ac.jpg,FP,38,-1,0.0,0,909,0,327.8231
ROSILHA-M-D_006_jpg.rf.de71085683e9c7eb460be0f184fb31ac.jpg,FN,-1,4,0.0,2867,0,1033.959,0
ROSILHA-M-D_006_jpg.rf.de71085683e9c7eb460be0f184fb31ac.jpg,FN,-1,12,0.0,3722,0,1342.3074,0
ROSILHA-M-D_006_jpg.rf.de71085683e9c7eb460be0f184fb31ac.jpg,FN,-1,31,0.0,200,0,72.1283,0
ROSILHA-M-D_006_jpg.rf.de71085683e9c7eb460be0f184fb31ac.jpg,FN,-1,32,0.0,30,0,10.8192,0
ROSILHA-M-D_006_jpg.rf.de71085683e9c7eb460be0f184fb31ac.jpg,FN,-1,33,0.0,312,0,112.5201,0
ROSILHA-M-D_006_jpg.rf.de71085683e9c7eb460be0f184fb31ac.jpg,FN,-1,35,0.0,33,0,11.9012,0
ROSILHA-M-D_009_jpg.rf.b52035c8fe5fd87e1eed76dc4bbe6a14.jpg,TP,7,16,0.9643611981633992,13442,13511,4847.7422,4872.6265
ROSILHA-M-D_009_jpg.rf.b52035c8fe5fd87e1eed76dc4bbe6a14.jpg,TP,3,9,0.9622773804515495,14003,13983,5050.0621,5042.8492
ROSILHA-M-D_009_jpg.rf.b52035c8fe5fd87e1eed76dc4bbe6a14.jpg,TP,11,5,0.9563658956222519,20371,20564,7346.6267,7416.2305
ROSILHA-M-D_009_jpg.rf.b52035c8fe5fd87e1eed76dc4bbe6a14.jpg,TP,1,11,0.9562866852023478,12548,12782,4525.3288,4609.7189
ROSILHA-M-D_009_jpg.rf.b52035c8fe5fd87e1eed76dc4bbe6a14.jpg,TP,10,8,0.9553466509988249,3327,3329,1199.8541,1200.5753
ROSILHA-M-D_009_jpg.rf.b52035c8fe5fd87e1eed76dc4bbe6a14.jpg,TP,5,20,0.9550529630689951,17036,17109,6143.8875,6170.2144
ROSILHA-M-D_009_jpg.rf.b52035c8fe5fd87e1eed76dc4bbe6a14.jpg,TP,21,3,0.9493106523081144,14231,14188,5132.2883,5116.7807
ROSILHA-M-D_009_jpg.rf.b52035c8fe5fd87e1eed76dc4bbe6a14.jpg,TP,13,18,0.9474074074074074,7944,7830,2864.9356,2823.8225
ROSILHA-M-D_009_jpg.rf.b52035c8fe5fd87e1eed76dc4bbe6a14.jpg,TP,15,23,0.940567066521265,32761,31301,11814.9742,11288.4377
ROSILHA-M-D_009_jpg.rf.b52035c8fe5fd87e1eed76dc4bbe6a14.jpg,TP,2,10,0.9384644335716974,5127,5174,1849.0087,1865.9588
ROSILHA-M-D_009_jpg.rf.b52035c8fe5fd87e1eed76dc4bbe6a14.jpg,TP,0,19,0.9377066525591853,7271,7380,2622.2239,2661.5338
ROSILHA-M-D_009_jpg.rf.b52035c8fe5fd87e1eed76dc4bbe6a14.jpg,TP,12,13,0.9364345564865646,3378,3324,1218.2468,1198.7721
ROSILHA-M-D_009_jpg.rf.b52035c8fe5fd87e1eed76dc4bbe6a14.jpg,TP,9,12,0.9363841807909604,8550,8587,3083.4843,3096.828
ROSILHA-M-D_009_jpg.rf.b52035c8fe5fd87e1eed76dc4bbe6a14.jpg,TP,8,4,0.932250259246457,5639,5541,2033.6571,1998.3142
ROSILHA-M-D_009_jpg.rf.b52035c8fe5fd87e1eed76dc4bbe6a14.jpg,TP,17,0,0.9309273776068628,6498,6557,2343.4481,2364.7259
ROSILHA-M-D_009_jpg.rf.b52035c8fe5fd87e1eed76dc4bbe6a14.jpg,TP,19,22,0.9288084464555053,3240,3154,1168.4783,1137.4631
ROSILHA-M-D_009_jpg.rf.b52035c8fe5fd87e1eed76dc4bbe6a14.jpg,TP,6,6,0.9276126558005753,2050,1971,739.3149,710.8243
ROSILHA-M-D_009_jpg.rf.b52035c8fe5fd87e1eed76dc4bbe6a14.jpg,TP,16,1,0.9062976130015236,3754,3753,1353.848,1353.4873
ROSILHA-M-D_009_jpg.rf.b52035c8fe5fd87e1eed76dc4bbe6a14.jpg,TP,18,25,0.8973816450674424,3548,3626,1279.5558,1307.6859
ROSILHA-M-D_009_jpg.rf.b52035c8fe5fd87e1eed76dc4bbe6a14.jpg,TP,14,24,0.8919876051350155,2117,2157,763.4779,777.9036
ROSILHA-M-D_009_jpg.rf.b52035c8fe5fd87e1eed76dc4bbe6a14.jpg,TP,4,7,0.8905572238905572,2841,2825,1024.5823,1018.8121
ROSILHA-M-D_009_jpg.rf.b52035c8fe5fd87e1eed76dc4bbe6a14.jpg,TP,20,17,0.856140350877193,268,261,96.6519,94.1274
ROSILHA-M-D_009_jpg.rf.b52035c8fe5fd87e1eed76dc4bbe6a14.jpg,TP,23,14,0.8511156186612576,2191,2372,790.1654,855.4415
ROSILHA-M-D_009_jpg.rf.b52035c8fe5fd87e1eed76dc4bbe6a14.jpg,TP,22,2,0.8500338524035207,2637,2828,951.0115,1019.894
ROSILHA-M-D_009_jpg.rf.b52035c8fe5fd87e1eed76dc4bbe6a14.jpg,TP,24,15,0.7746478873239436,186,192,67.0793,69.2432
ROSILHA-M-D_009_jpg.rf.b52035c8fe5fd87e1eed76dc4bbe6a14.jpg,FN,-1,21,0.0,4411,0,1590.7894,0
ROSILHA-M-G_001_jpg.rf.3dab74a9f6c203f6aca8afc07a353bd2.jpg,TP,2,10,0.9528528953702393,6925,6868,2497.442,2476.8854
ROSILHA-M-G_001_jpg.rf.3dab74a9f6c203f6aca8afc07a353bd2.jpg,TP,0,8,0.943308216720488,5388,5444,1943.1361,1963.332
ROSILHA-M-G_001_jpg.rf.3dab74a9f6c203f6aca8afc07a353bd2.jpg,TP,4,9,0.9416782999844889,6107,6411,2202.4373,2312.0723
ROSILHA-M-G_001_jpg.rf.3dab74a9f6c203f6aca8afc07a353bd2.jpg,TP,17,14,0.9399780407466146,7963,7939,2871.7878,2863.1324
ROSILHA-M-G_001_jpg.rf.3dab74a9f6c203f6aca8afc07a353bd2.jpg,TP,7,6,0.9237023139462164,6132,6172,2211.4533,2225.879
ROSILHA-M-G_001_jpg.rf.3dab74a9f6c203f6aca8afc07a353bd2.jpg,TP,9,7,0.9148174659985684,2656,2694,957.8637,971.568
ROSILHA-M-G_001_jpg.rf.3dab74a9f6c203f6aca8afc07a353bd2.jpg,TP,11,4,0.9128165474579548,5004,4891,1804.6498,1763.8973
ROSILHA-M-G_001_jpg.rf.3dab74a9f6c203f6aca8afc07a353bd2.jpg,TP,3,13,0.9108399812294697,3995,4149,1440.7625,1496.3013
ROSILHA-M-G_001_jpg.rf.3dab74a9f6c203f6aca8afc07a353bd2.jpg,TP,1,0,0.9079336885731202,3156,3289,1138.1844,1186.1497
ROSILHA-M-G_001_jpg.rf.3dab74a9f6c203f6aca8afc07a353bd2.jpg,TP,5,11,0.9065934065934066,2209,2302,796.6569,830.1966
ROSILHA-M-G_001_jpg.rf.3dab74a9f6c203f6aca8afc07a353bd2.jpg,TP,8,3,0.9007242003621002,6119,6479,2206.765,2336.5959
ROSILHA-M-G_001_jpg.rf.3dab74a9f6c203f6aca8afc07a353bd2.jpg,TP,6,5,0.8927875243664717,2876,2950,1037.2048,1063.8922
ROSILHA-M-G_001_jpg.rf.3dab74a9f6c203f6aca8afc07a353bd2.jpg,TP,10,12,0.8744641763625229,1483,1578,534.8313,569.0922
ROSILHA-M-G_001_jpg.rf.3dab74a9f6c203f6aca8afc07a353bd2.jpg,TP,12,1,0.8693251533742331,1507,1540,543.4866,555.3878
ROSILHA-M-G_001_jpg.rf.3dab74a9f6c203f6aca8afc07a353bd2.jpg,TP,13,17,0.8070953436807096,451,364,162.6493,131.2735
ROSILHA-M-G_001_jpg.rf.3dab74a9f6c203f6aca8afc07a353bd2.jpg,TP,14,16,0.79463243873979,830,708,299.3324,255.3341
ROSILHA-M-G_001_jpg.rf.3dab74a9f6c203f6aca8afc07a353bd2.jpg,TP,19,15,0.7431892480929895,2738,2061,987.4363,743.282
ROSILHA-M-G_001_jpg.rf.3dab74a9f6c203f6aca8afc07a353bd2.jpg,TP,16,2,0.7116843702579666,559,569,201.5986,205.205
ROSILHA-M-G_001_jpg.rf.3dab74a9f6c203f6aca8afc07a353bd2.jpg,FP,15,-1,0.0,0,230,0,82.9475
ROSILHA-M-G_001_jpg.rf.3dab74a9f6c203f6aca8afc07a353bd2.jpg,FP,18,-1,0.0,0,5503,0,1984.6098
ROSILHA-M-G_005_jpg.rf.afae2fb85329c0fe56679d51ca1c64fd.jpg,TP,10,11,0.9383293314798433,23056,22958,8314.949,8279.6061
ROSILHA-M-G_005_jpg.rf.afae2fb85329c0fe56679d51ca1c64fd.jpg,TP,0,2,0.9203145867339367,6501,6440,2344.53,2322.5309
ROSILHA-M-G_005_jpg.rf.afae2fb85329c0fe56679d51ca1c64fd.jpg,TP,6,10,0.9187283681579285,7305,7663,2634.4857,2763.5953
ROSILHA-M-G_005_jpg.rf.afae2fb85329c0fe56679d51ca1c64fd.jpg,TP,1,0,0.9049429657794676,718,785,258.9406,283.1035
ROSILHA-M-G_005_jpg.rf.afae2fb85329c0fe56679d51ca1c64fd.jpg,TP,7,7,0.9034069636840135,5044,5124,1819.0754,1847.9267
ROSILHA-M-G_005_jpg.rf.afae2fb85329c0fe56679d51ca1c64fd.jpg,TP,3,1,0.8817258563048004,14291,15540,5153.9268,5604.368
ROSILHA-M-G_005_jpg.rf.afae2fb85329c0fe56679d51ca1c64fd.jpg,TP,8,3,0.8578431372549019,194,185,69.9644,66.7187
ROSILHA-M-G_005_jpg.rf.afae2fb85329c0fe56679d51ca1c64fd.jpg,TP,9,9,0.8327762923351159,8005,8446,2886.9347,3045.9776
ROSILHA-M-G_005_jpg.rf.afae2fb85329c0fe56679d51ca1c64fd.jpg,TP,4,4,0.8278482203768613,36652,41048,13218.23,14803.6098
ROSILHA-M-G_005_jpg.rf.afae2fb85329c0fe56679d51ca1c64fd.jpg,TP,2,6,0.7275641025641025,22146,29059,7986.7653,10479.8796
ROSILHA-M-G_005_jpg.rf.afae2fb85329c0fe56679d51ca1c64fd.jpg,FP,5,-1,0.0,0,211,0,76.0953
ROSILHA-M-G_005_jpg.rf.afae2fb85329c0fe56679d51ca1c64fd.jpg,FP,11,-1,0.0,0,173,0,62.391
ROSILHA-M-G_005_jpg.rf.afae2fb85329c0fe56679d51ca1c64fd.jpg,FP,12,-1,0.0,0,65291,0,23546.6402
ROSILHA-M-G_005_jpg.rf.afae2fb85329c0fe56679d51ca1c64fd.jpg,FN,-1,5,0.0,14099,0,5084.6836,0
ROSILHA-M-G_005_jpg.rf.afae2fb85329c0fe56679d51ca1c64fd.jpg,FN,-1,8,0.0,14572,0,5255.267,0
ROSILHA-M-G_005_jpg.rf.afae2fb85329c0fe56679d51ca1c64fd.jpg,FN,-1,12,0.0,6834,0,2464.6236,0
ROSILHA-M-G_017_jpg.rf.85fc7b8a7b63a2cbb64907a1c82d5d51.jpg,TP,0,16,0.9474002418379686,4793,4870,1728.5544,1756.3238
ROSILHA-M-G_017_jpg.rf.85fc7b8a7b63a2cbb64907a1c82d5d51.jpg,TP,1,14,0.9391373379200847,3628,3700,1308.4071,1334.3733
ROSILHA-M-G_017_jpg.rf.85fc7b8a7b63a2cbb64907a1c82d5d51.jpg,TP,16,12,0.9351179673321234,4162,4368,1500.9897,1575.2818
ROSILHA-M-G_017_jpg.rf.85fc7b8a7b63a2cbb64907a1c82d5d51.jpg,TP,6,1,0.9294519249004362,5049,5125,1820.8786,1848.2874
ROSILHA-M-G_017_jpg.rf.85fc7b8a7b63a2cbb64907a1c82d5d51.jpg,TP,7,2,0.9213389121338912,6749,7027,2433.9691,2534.2274
ROSILHA-M-G_017_jpg.rf.85fc7b8a7b63a2cbb64907a1c82d5d51.jpg,TP,2,9,0.9206428930185836,5666,5806,2043.3944,2093.8842
ROSILHA-M-G_017_jpg.rf.85fc7b8a7b63a2cbb64907a1c82d5d51.jpg,TP,9,7,0.9164592961251333,2635,2756,950.2902,993.9278
ROSILHA-M-G_017_jpg.rf.85fc7b8a7b63a2cbb64907a1c82d5d51.jpg,TP,5,10,0.9077306733167082,1860,1965,670.7931,708.6604
ROSILHA-M-G_017_jpg.rf.85fc7b8a7b63a2cbb64907a1c82d5d51.jpg,TP,3,0,0.9041697147037308,2501,2705,901.9642,975.5351
ROSILHA-M-G_017_jpg.rf.85fc7b8a7b63a2cbb64907a1c82d5d51.jpg,TP,10,15,0.9039481437831467,1578,1653,569.0922,596.1403
ROSILHA-M-G_017_jpg.rf.85fc7b8a7b63a2cbb64907a1c82d5d51.jpg,TP,4,8,0.9030201342281879,2770,2901,998.9768,1046.2208
ROSILHA-M-G_017_jpg.rf.85fc7b8a7b63a2cbb64907a1c82d5d51.jpg,TP,8,6,0.896110290497292,1859,1992,670.4324,718.3977
ROSILHA-M-G_017_jpg.rf.85fc7b8a7b63a2cbb64907a1c82d5d51.jpg,TP,14,3,0.8879757785467128,2118,2247,763.8386,810.3613
ROSILHA-M-G_017_jpg.rf.85fc7b8a7b63a2cbb64907a1c82d5d51.jpg,TP,12,4,0.8855897575592482,3495,3427,1260.4418,1235.9182
ROSILHA-M-G_017_jpg.rf.85fc7b8a7b63a2cbb64907a1c82d5d51.jpg,TP,11,5,0.7764449291166848,766,863,276.2513,311.2336
ROSILHA-M-G_017_jpg.rf.85fc7b8a7b63a2cbb64907a1c82d5d51.jpg,FP,13,-1,0.0,0,218,0,78.6198
ROSILHA-M-G_017_jpg.rf.85fc7b8a7b63a2cbb64907a1c82d5d51.jpg,FP,15,-1,0.0,0,499,0,179.9601
ROSILHA-M-G_017_jpg.rf.85fc7b8a7b63a2cbb64907a1c82d5d51.jpg,FN,-1,11,0.0,7031,0,2535.67,0
ROSILHA-M-G_017_jpg.rf.85fc7b8a7b63a2cbb64907a1c82d5d51.jpg,FN,-1,13,0.0,3966,0,1430.3039,0
TORDILHA-B_009_jpg.rf.5902113a7929ec9592dc2b09471de461.jpg,TP,43,33,0.9344787419918462,9757,10172,3518.7785,3668.4447
TORDILHA-B_009_jpg.rf.5902113a7929ec9592dc2b09471de461.jpg,TP,12,4,0.928537170263789,1966,2055,709.0211,741.1182
TORDILHA-B_009_jpg.rf.5902113a7929ec9592dc2b09471de461.jpg,TP,1,36,0.9223449447748513,5492,5821,1980.6428,2099.2938
TORDILHA-B_009_jpg.rf.5902113a7929ec9592dc2b09471de461.jpg,TP,10,21,0.9183266932270916,1854,1998,668.6292,720.5616
TORDILHA-B_009_jpg.rf.5902113a7929ec9592dc2b09471de461.jpg,TP,46,41,0.9178743961352657,400,394,144.2566,142.0927
TORDILHA-B_009_jpg.rf.5902113a7929ec9592dc2b09471de461.jpg,TP,2,38,0.9174566473988439,4084,4209,1472.8596,1517.9398
TORDILHA-B_009_jpg.rf.5902113a7929ec9592dc2b09471de461.jpg,TP,3,26,0.9118034225537517,2091,2266,754.1012,817.2135
TORDILHA-B_009_jpg.rf.5902113a7929ec9592dc2b09471de461.jpg,TP,11,24,0.9116347569955817,2548,2644,918.9144,953.536
TORDILHA-B_009_jpg.rf.5902113a7929ec9592dc2b09471de461.jpg,TP,15,37,0.9086729031235136,5944,6094,2143.6527,2197.7489
TORDILHA-B_009_jpg.rf.5902113a7929ec9592dc2b09471de461.jpg,TP,28,28,0.9077441077441077,1379,1454,497.3245,524.3727
TORDILHA-B_009_jpg.rf.5902113a7929ec9592dc2b09471de461.jpg,TP,4,3,0.9041517170681702,1795,1920,647.3514,692.4316
TORDILHA-B_009_jpg.rf.5902113a7929ec9592dc2b09471de461.jpg,TP,24,9,0.902867715078631,3096,3075,1116.5459,1108.9724
TORDILHA-B_009_jpg.rf.5902113a7929ec9592dc2b09471de461.jpg,TP,19,10,0.8991910392034848,1485,1567,535.5525,565.1251
TORDILHA-B_009_jpg.rf.5902113a7929ec9592dc2b09471de461.jpg,TP,7,22,0.8983050847457628,1694,1778,610.9266,641.2205
TORDILHA-B_009_jpg.rf.5902113a7929ec9592dc2b09471de461.jpg,TP,0,25,0.893979057591623,1447,1447,521.8482,521.8482
TORDILHA-B_009_jpg.rf.5902113a7929ec9592dc2b09471de461.jpg,TP,5,31,0.8920402561756633,2030,2106,732.1021,759.5109
TORDILHA-B_009_jpg.rf.5902113a7929ec9592dc2b09471de461.jpg,TP,6,7,0.8909090909090909,2339,2445,843.5403,881.7683
TORDILHA-B_009_jpg.rf.5902113a7929ec9592dc2b09471de461.jpg,TP,8,23,0.8899620558813384,2663,2816,960.3882,1015.5663
TORDILHA-B_009_jpg.rf.5902113a7929ec9592dc2b09471de461.jpg,TP,40,30,0.8886921325575512,3687,3779,1329.685,1362.864
TORDILHA-B_009_jpg.rf.5902113a7929ec9592dc2b09471de461.jpg,TP,33,45,0.8865373309817755,1576,1633,568.3709,588.9275
TORDILHA-B_009_jpg.rf.5902113a7929ec9592dc2b09471de461.jpg,TP,9,8,0.8857971014492754,1589,1664,573.0592,600.1074
TORDILHA-B_009_jpg.rf.5902113a7929ec9592dc2b09471de461.jpg,TP,29,39,0.8838101884159106,2683,2716,967.601,979.5021
TORDILHA-B_009_jpg.rf.5902113a7929ec9592dc2b09471de461.jpg,TP,13,35,0.8787625418060201,2181,2313,786.559,834.1636
TORDILHA-B_009_jpg.rf.5902113a7929ec9592dc2b09471de461.jpg,TP,27,32,0.8786390740091196,2586,2770,932.6188,998.9768
TORDILHA-B_009_jpg.rf.5902113a7929ec9592dc2b09471de461.jpg,TP,21,17,0.8776333482743165,2030,2159,732.1021,778.6249
TORDILHA-B_009_jpg.rf.5902113a7929ec9592dc2b09471de461.jpg,TP,22,46,0.8730366492146597,1364,1498,491.9149,540.2409
TORDILHA-B_009_jpg.rf.5902113a7929ec9592dc2b09471de461.jpg,TP,23,40,0.87125,737,760,265.7927,274.0875
TORDILHA-B_009_jpg.rf.5902113a7929ec9592dc2b09471de461.jpg,TP,14,1,0.8704720087815587,1631,1777,588.2062,640.8598
TORDILHA-B_009_jpg.rf.5902113a7929ec9592dc2b09471de461.jpg,TP,20,29,0.8678646934460887,864,903,311.5942,325.6592
TORDILHA-B_009_jpg.rf.5902113a7929ec9592dc2b09471de461.jpg,TP,26,47,0.86314820497085,2880,3192,1038.6473,1151.1675
TORDILHA-B_009_jpg.rf.5902113a7929ec9592dc2b09471de461.jpg,TP,18,16,0.8570422535211267,1238,1399,446.4741,504.5374
TORDILHA-B_009_jpg.rf.5902113a7929ec9592dc2b09471de461.jpg,TP,17,34,0.8528510116492949,1460,1562,526.5365,563.3219
TORDILHA-B_009_jpg.rf.5902113a7929ec9592dc2b09471de461.jpg,TP,16,6,0.8523521192361434,1906,2071,687.3826,746.8884
TORDILHA-B_009_jpg.rf.5902113a7929ec9592dc2b09471de461.jpg,TP,39,19,0.8394801545486477,2428,2809,875.6374,1013.0418
TORDILHA-B_009_jpg.rf.5902113a7929ec9592dc2b09471de461.jpg,TP,45,43,0.8363171355498721,1429,1443,515.3566,520.4056
TORDILHA-B_009_jpg.rf.5902113a7929ec9592dc2b09471de461.jpg,TP,25,27,0.8283220174587779,901,984,324.9379,354.8712
TORDILHA-B_009_jpg.rf.5902113a7929ec9592dc2b09471de461.jpg,TP,36,0,0.825731362063542,2983,2821,1075.7934,1017.3695
TORDILHA-B_009_jpg.rf.5902113a7929ec9592dc2b09471de461.jpg,TP,32,18,0.8200501253132833,1666,1965,600.8286,708.6604
TORDILHA-B_009_jpg.rf.5902113a7929ec9592dc2b09471de461.jpg,TP,35,42,0.7926267281105991,213,176,76.8166,63.4729
TORDILHA-B_009_jpg.rf.5902113a7929ec9592dc2b09471de461.jpg,TP,34,2,0.7794117647058824,795,899,286.7099,324.2167
TORDILHA-B_009_jpg.rf.5902113a7929ec9592dc2b09471de461.jpg,TP,44,15,0.7735849056603774,164,212,59.1452,76.456
TORDILHA-B_009_jpg.rf.5902113a7929ec9592dc2b09471de461.jpg,TP,31,44,0.7361809045226131,345,346,124.4213,124.7819
TORDILHA-B_009_jpg.rf.5902113a7929ec9592dc2b09471de461.jpg,TP,30,12,0.7357259380097879,511,553,184.2878,199.4347
TORDILHA-B_009_jpg.rf.5902113a7929ec9592dc2b09471de461.jpg,TP,38,20,0.6512925423098382,5131,3748,1850.4512,1351.6841
TORDILHA-B_009_jpg.rf.5902113a7929ec9592dc2b09471de461.jpg,FP,37,-1,0.0,0,1555,0,560.7974
TORDILHA-B_009_jpg.rf.5902113a7929ec9592dc2b09471de461.jpg,FP,41,-1,0.0,0,2289,0,825.5083
TORDILHA-B_009_jpg.rf.5902113a7929ec9592dc2b09471de461.jpg,FP,42,-1,0.0,0,2296,0,828.0327
TORDILHA-B_009_jpg.rf.5902113a7929ec9592dc2b09471de461.jpg,FP,47,-1,0.0,0,2889,0,1041.8931
TORDILHA-B_009_jpg.rf.5902113a7929ec9592dc2b09471de461.jpg,FN,-1,5,0.0,4453,0,1605.9363,0
TORDILHA-B_009_jpg.rf.5902113a7929ec9592dc2b09471de461.jpg,FN,-1,11,0.0,31,0,11.1799,0
TORDILHA-B_009_jpg.rf.5902113a7929ec9592dc2b09471de461.jpg,FN,-1,13,0.0,27,0,9.7373,0
TORDILHA-B_009_jpg.rf.5902113a7929ec9592dc2b09471de461.jpg,FN,-1,14,0.0,1667,0,601.1893,0
TORDILHA-B_010_jpg.rf.698124083a3806b10e86f6304c2b5ce1.jpg,TP,1,11,0.9567493740040974,12883,12905,4646.1437,4654.0778
TORDILHA-B_010_jpg.rf.698124083a3806b10e86f6304c2b5ce1.jpg,TP,5,26,0.9555632402524423,11384,11236,4105.5421,4052.1672
TORDILHA-B_010_jpg.rf.698124083a3806b10e86f6304c2b5ce1.jpg,TP,4,14,0.954358812381554,12209,12541,4403.0713,4522.8043
TORDILHA-B_010_jpg.rf.698124083a3806b10e86f6304c2b5ce1.jpg,TP,18,28,0.9478690549722051,7757,8011,2797.4956,2889.0986
TORDILHA-B_010_jpg.rf.698124083a3806b10e86f6304c2b5ce1.jpg,TP,3,10,0.9378852536747273,9985,10450,3601.0048,3768.703
TORDILHA-B_010_jpg.rf.698124083a3806b10e86f6304c2b5ce1.jpg,TP,15,15,0.9368847712796757,1677,1668,604.7957,601.5499
TORDILHA-B_010_jpg.rf.698124083a3806b10e86f6304c2b5ce1.jpg,TP,12,18,0.9368142762723066,7214,7438,2601.6673,2682.451
TORDILHA-B_010_jpg.rf.698124083a3806b10e86f6304c2b5ce1.jpg,TP,2,17,0.9296500920810313,2585,2654,932.2581,957.1424
TORDILHA-B_010_jpg.rf.698124083a3806b10e86f6304c2b5ce1.jpg,TP,28,24,0.9243027888446215,10981,11237,3960.2036,4052.5278
TORDILHA-B_010_jpg.rf.698124083a3806b10e86f6304c2b5ce1.jpg,TP,0,13,0.9239182120779839,4078,4014,1470.6958,1447.6147
TORDILHA-B_010_jpg.rf.698124083a3806b10e86f6304c2b5ce1.jpg,TP,30,9,0.9224184888335538,12426,12279,4481.3305,4428.3162
TORDILHA-B_010_jpg.rf.698124083a3806b10e86f6304c2b5ce1.jpg,TP,6,5,0.921540312876053,3923,4061,1414.7964,1464.5649
TORDILHA-B_010_jpg.rf.698124083a3806b10e86f6304c2b5ce1.jpg,TP,11,4,0.9196850393700787,4813,4939,1735.7672,1781.2081
TORDILHA-B_010_jpg.rf.698124083a3806b10e86f6304c2b5ce1.jpg,TP,13,7,0.8986580286904211,4048,4158,1459.8765,1499.5471
TORDILHA-B_010_jpg.rf.698124083a3806b10e86f6304c2b5ce1.jpg,TP,9,16,0.8926194797338173,6054,6460,2183.3233,2329.7437
TORDILHA-B_010_jpg.rf.698124083a3806b10e86f6304c2b5ce1.jpg,TP,14,0,0.8917890157694399,1737,1742,626.4342,628.2374
TORDILHA-B_010_jpg.rf.698124083a3806b10e86f6304c2b5ce1.jpg,TP,7,25,0.8901238488409019,2904,3048,1047.3027,1099.2351
TORDILHA-B_010_jpg.rf.698124083a3806b10e86f6304c2b5ce1.jpg,TP,8,20,0.8854587420657819,3238,3297,1167.757,1189.0348
TORDILHA-B_010_jpg.rf.698124083a3806b10e86f6304c2b5ce1.jpg,TP,23,30,0.8847058823529412,2059,1946,742.5607,701.8082
TORDILHA-B_010_jpg.rf.698124083a3806b10e86f6304c2b5ce1.jpg,TP,10,8,0.8755690440060698,1201,1271,433.1304,458.3753
TORDILHA-B_010_jpg.rf.698124083a3806b10e86f6304c2b5ce1.jpg,TP,16,12,0.8747706422018349,1984,2103,715.5126,758.4289
TORDILHA-B_010_jpg.rf.698124083a3806b10e86f6304c2b5ce1.jpg,TP,21,22,0.8652792990142387,857,846,309.0697,305.1027
TORDILHA-B_010_jpg.rf.698124083a3806b10e86f6304c2b5ce1.jpg,TP,19,3,0.8633540372670807,1283,1417,462.703,511.0289
TORDILHA-B_010_jpg.rf.698124083a3806b10e86f6304c2b5ce1.jpg,TP,17,2,0.8561470215462611,2814,3044,1014.845,1097.7925
TORDILHA-B_010_jpg.rf.698124083a3806b10e86f6304c2b5ce1.jpg,TP,20,1,0.8333333333333334,377,382,135.9618,137.765
TORDILHA-B_010_jpg.rf.698124083a3806b10e86f6304c2b5ce1.jpg,TP,22,23,0.8324528301886792,1161,1267,418.7047,456.9327
TORDILHA-B_010_jpg.rf.698124083a3806b10e86f6304c2b5ce1.jpg,TP,26,29,0.7203065134099617,259,190,93.4061,68.5219
TORDILHA-B_010_jpg.rf.698124083a3806b10e86f6304c2b5ce1.jpg,TP,29,6,0.5380974917179366,8229,4771,2967.7184,1720.6203
TORDILHA-B_010_jpg.rf.698124083a3806b10e86f6304c2b5ce1.jpg,FP,24,-1,0.0,0,3666,0,1322.1115
TORDILHA-B_010_jpg.rf.698124083a3806b10e86f6304c2b5ce1.jpg,FP,25,-1,0.0,0,7963,0,2871.7878
TORDILHA-B_010_jpg.rf.698124083a3806b10e86f6304c2b5ce1.jpg,FP,27,-1,0.0,0,4604,0,1660.3932
TORDILHA-B_010_jpg.rf.698124083a3806b10e86f6304c2b5ce1.jpg,FN,-1,19,0.0,2614,0,942.7167,0
TORDILHA-B_010_jpg.rf.698124083a3806b10e86f6304c2b5ce1.jpg,FN,-1,21,0.0,1059,0,381.9193,0
TORDILHA-B_010_jpg.rf.698124083a3806b10e86f6304c2b5ce1.jpg,FN,-1,27,0.0,417,0,150.3875,0
TORDILHA-B_012_jpg.rf.0b5caafb1952d960be9aa54f5506bf96.jpg,TP,8,6,0.932396839332748,2138,2264,771.0514,816.4922
TORDILHA-B_012_jpg.rf.0b5caafb1952d960be9aa54f5506bf96.jpg,TP,0,20,0.9282748206870517,2491,2617,898.3578,943.7986
TORDILHA-B_012_jpg.rf.0b5caafb1952d960be9aa54f5506bf96.jpg,TP,4,12,0.9278350515463918,4357,4432,1571.3147,1598.3629
TORDILHA-B_012_jpg.rf.0b5caafb1952d960be9aa54f5506bf96.jpg,TP,24,9,0.9254658385093167,5166,5374,1863.0737,1938.0871
TORDILHA-B_012_jpg.rf.0b5caafb1952d960be9aa54f5506bf96.jpg,TP,15,15,0.9251476207016325,5412,5673,1951.7915,2045.9189
TORDILHA-B_012_jpg.rf.0b5caafb1952d960be9aa54f5506bf96.jpg,TP,5,26,0.9251431087626596,4257,4487,1535.2506,1618.1981
TORDILHA-B_012_jpg.rf.0b5caafb1952d960be9aa54f5506bf96.jpg,TP,21,31,0.9246376811594202,5232,5392,1886.876,1944.5786
TORDILHA-B_012_jpg.rf.0b5caafb1952d960be9aa54f5506bf96.jpg,TP,25,30,0.9234588332643773,4528,4770,1632.9844,1720.2597
TORDILHA-B_012_jpg.rf.0b5caafb1952d960be9aa54f5506bf96.jpg,TP,30,5,0.9227926078028748,2289,2393,825.5083,863.015
TORDILHA-B_012_jpg.rf.0b5caafb1952d960be9aa54f5506bf96.jpg,TP,3,27,0.9223690814790029,5605,5885,2021.3953,2122.3749
TORDILHA-B_012_jpg.rf.0b5caafb1952d960be9aa54f5506bf96.jpg,TP,26,17,0.920371720116618,10257,10821,3699.0992,3902.501
TORDILHA-B_012_jpg.rf.0b5caafb1952d960be9aa54f5506bf96.jpg,TP,13,22,0.9190687361419069,1706,1756,615.2543,633.2864
TORDILHA-B_012_jpg.rf.0b5caafb1952d960be9aa54f5506bf96.jpg,TP,2,32,0.9173162583518931,3374,3513,1216.8042,1266.9334
TORDILHA-B_012_jpg.rf.0b5caafb1952d960be9aa54f5506bf96.jpg,TP,23,18,0.9160881376396016,3182,3166,1147.5611,1141.7908
TORDILHA-B_012_jpg.rf.0b5caafb1952d960be9aa54f5506bf96.jpg,TP,17,4,0.9158391261171798,3818,3899,1376.929,1406.141
TORDILHA-B_012_jpg.rf.0b5caafb1952d960be9aa54f5506bf96.jpg,TP,6,25,0.9131029763941156,2718,2874,980.2234,1036.4835
TORDILHA-B_012_jpg.rf.0b5caafb1952d960be9aa54f5506bf96.jpg,TP,14,3,0.9073511543134872,3102,3177,1118.7097,1145.7579
TORDILHA-B_012_jpg.rf.0b5caafb1952d960be9aa54f5506bf96.jpg,TP,27,8,0.9054082271873043,4547,4578,1639.8366,1651.0165
TORDILHA-B_012_jpg.rf.0b5caafb1952d960be9aa54f5506bf96.jpg,TP,12,16,0.9044048734770385,1949,2115,702.8902,762.7566
TORDILHA-B_012_jpg.rf.0b5caafb1952d960be9aa54f5506bf96.jpg,TP,34,21,0.9008778346744697,5111,5283,1843.2384,1905.2687
TORDILHA-B_012_jpg.rf.0b5caafb1952d960be9aa54f5506bf96.jpg,TP,32,10,0.8973531310522918,4307,4510,1553.2827,1626.4929
TORDILHA-B_012_jpg.rf.0b5caafb1952d960be9aa54f5506bf96.jpg,TP,1,7,0.8947124304267161,2021,2064,728.8563,744.3639
TORDILHA-B_012_jpg.rf.0b5caafb1952d960be9aa54f5506bf96.jpg,TP,16,33,0.8846153846153846,549,529,197.9921,190.7793
TORDILHA-B_012_jpg.rf.0b5caafb1952d960be9aa54f5506bf96.jpg,TP,10,14,0.883766552231486,1927,1914,694.9561,690.2677
TORDILHA-B_012_jpg.rf.0b5caafb1952d960be9aa54f5506bf96.jpg,TP,11,1,0.8805595408895266,2592,2651,934.7826,956.0605
TORDILHA-B_012_jpg.rf.0b5caafb1952d960be9aa54f5506bf96.jpg,TP,7,24,0.878143528930689,4420,4766,1594.0352,1718.8171
TORDILHA-B_012_jpg.rf.0b5caafb1952d960be9aa54f5506bf96.jpg,TP,9,19,0.8735751295336788,1757,1859,633.647,670.4324
TORDILHA-B_012_jpg.rf.0b5caafb1952d960be9aa54f5506bf96.jpg,TP,22,29,0.8573031606508322,4666,5265,1682.753,1898.7772
TORDILHA-B_012_jpg.rf.0b5caafb1952d960be9aa54f5506bf96.jpg,TP,35,39,0.8518518518518519,813,837,293.2015,301.8569
TORDILHA-B_012_jpg.rf.0b5caafb1952d960be9aa54f5506bf96.jpg,TP,20,34,0.8515901060070671,1058,1038,381.5586,374.3458
TORDILHA-B_012_jpg.rf.0b5caafb1952d960be9aa54f5506bf96.jpg,TP,19,2,0.8422738190552442,1122,1179,404.6397,425.1963
TORDILHA-B_012_jpg.rf.0b5caafb1952d960be9aa54f5506bf96.jpg,TP,33,35,0.8173913043478261,295,332,106.3892,119.733
TORDILHA-B_012_jpg.rf.0b5caafb1952d960be9aa54f5506bf96.jpg,TP,39,40,0.8111587982832618,233,189,84.0295,68.1612
TORDILHA-B_012_jpg.rf.0b5caafb1952d960be9aa54f5506bf96.jpg,TP,18,23,0.7681159420289855,1095,1345,394.9024,485.0627
TORDILHA-B_012_jpg.rf.0b5caafb1952d960be9aa54f5506bf96.jpg,TP,28,11,0.7093023255813954,223,218,80.423,78.6198
TORDILHA-B_012_jpg.rf.0b5caafb1952d960be9aa54f5506bf96.jpg,TP,31,0,0.5455094643576319,9593,5757,3459.6333,2076.2128
TORDILHA-B_012_jpg.rf.0b5caafb1952d960be9aa54f5506bf96.jpg,TP,29,28,0.54421852033317,7891,4716,2845.8216,1700.785
TORDILHA-B_012_jpg.rf.0b5caafb1952d960be9aa54f5506bf96.jpg,FP,36,-1,0.0,0,1881,0,678.3665
TORDILHA-B_012_jpg.rf.0b5caafb1952d960be9aa54f5506bf96.jpg,FP,37,-1,0.0,0,1014,0,365.6904
TORDILHA-B_012_jpg.rf.0b5caafb1952d960be9aa54f5506bf96.jpg,FP,38,-1,0.0,0,1689,0,609.1234
TORDILHA-B_012_jpg.rf.0b5caafb1952d960be9aa54f5506bf96.jpg,FN,-1,13,0.0,3016,0,1087.6946,0
TORDILHA-B_012_jpg.rf.0b5caafb1952d960be9aa54f5506bf96.jpg,FN,-1,36,0.0,145,0,52.293,0
TORDILHA-B_012_jpg.rf.0b5caafb1952d960be9aa54f5506bf96.jpg,FN,-1,37,0.0,96,0,34.6216,0
TORDILHA-B_012_jpg.rf.0b5caafb1952d960be9aa54f5506bf96.jpg,FN,-1,38,0.0,2017,0,727.4138,0
TORDILHA-D_001_jpg.rf.36e39c15aad81283f9bcc0f8afcd649f.jpg,TP,8,2,0.9410269130596552,31397,31205,11323.0592,11253.8161
TORDILHA-D_001_jpg.rf.36e39c15aad81283f9bcc0f8afcd649f.jpg,TP,0,16,0.9394095655536935,7522,7522,2712.7449,2712.7449
TORDILHA-D_001_jpg.rf.36e39c15aad81283f9bcc0f8afcd649f.jpg,TP,13,18,0.9267044822600378,8714,8609,3142.6295,3104.7621
TORDILHA-D_001_jpg.rf.36e39c15aad81283f9bcc0f8afcd649f.jpg,TP,1,11,0.923130677847659,5431,5577,1958.6437,2011.2973
TORDILHA-D_001_jpg.rf.36e39c15aad81283f9bcc0f8afcd649f.jpg,TP,2,7,0.9151574803149606,9972,9486,3596.3164,3421.0447
TORDILHA-D_001_jpg.rf.36e39c15aad81283f9bcc0f8afcd649f.jpg,TP,15,17,0.9093625498007968,3871,3797,1396.043,1369.3555
TORDILHA-D_001_jpg.rf.36e39c15aad81283f9bcc0f8afcd649f.jpg,TP,17,20,0.9063097514340345,1973,2015,711.5456,726.6925
TORDILHA-D_001_jpg.rf.36e39c15aad81283f9bcc0f8afcd649f.jpg,TP,4,0,0.8926889917045432,48439,44422,17469.1106,16020.414
TORDILHA-D_001_jpg.rf.36e39c15aad81283f9bcc0f8afcd649f.jpg,TP,3,9,0.8797127468581688,1051,1043,379.0342,376.149
TORDILHA-D_001_jpg.rf.36e39c15aad81283f9bcc0f8afcd649f.jpg,TP,6,13,0.8684344722080571,1873,1791,675.4814,645.9088
TORDILHA-D_001_jpg.rf.36e39c15aad81283f9bcc0f8afcd649f.jpg,TP,19,3,0.8600977811207221,7881,6957,2842.2152,2508.9825
TORDILHA-D_001_jpg.rf.36e39c15aad81283f9bcc0f8afcd649f.jpg,TP,7,21,0.8587294535761884,2030,2154,732.1021,776.8217
TORDILHA-D_001_jpg.rf.36e39c15aad81283f9bcc0f8afcd649f.jpg,TP,20,1,0.8556720981538104,25282,22663,9117.7368,8173.2169
TORDILHA-D_001_jpg.rf.36e39c15aad81283f9bcc0f8afcd649f.jpg,TP,12,10,0.855191256830601,1421,1295,512.4715,467.0307
TORDILHA-D_001_jpg.rf.36e39c15aad81283f9bcc0f8afcd649f.jpg,TP,18,6,0.8498667213450892,24325,20784,8772.603,7495.5717
TORDILHA-D_001_jpg.rf.36e39c15aad81283f9bcc0f8afcd649f.jpg,TP,5,12,0.8197332568478417,6709,5980,2419.5434,2156.6358
TORDILHA-D_001_jpg.rf.36e39c15aad81283f9bcc0f8afcd649f.jpg,TP,9,15,0.7765649658074697,7379,6130,2661.1732,2210.732
TORDILHA-D_001_jpg.rf.36e39c15aad81283f9bcc0f8afcd649f.jpg,TP,14,22,0.7640287769784173,646,580,232.9744,209.172
TORDILHA-D_001_jpg.rf.36e39c15aad81283f9bcc0f8afcd649f.jpg,TP,11,8,0.7285429141716567,417,449,150.3875,161.928
TORDILHA-D_001_jpg.rf.36e39c15aad81283f9bcc0f8afcd649f.jpg,TP,10,14,0.5300751879699248,3113,1771,1122.6768,638.696
TORDILHA-D_001_jpg.rf.36e39c15aad81283f9bcc0f8afcd649f.jpg,FP,16,-1,0.0,0,2182,0,786.9196
TORDILHA-D_001_jpg.rf.36e39c15aad81283f9bcc0f8afcd649f.jpg,FN,-1,4,0.0,10308,0,3717.4919,0
TORDILHA-D_001_jpg.rf.36e39c15aad81283f9bcc0f8afcd649f.jpg,FN,-1,5,0.0,6181,0,2229.1247,0
TORDILHA-D_001_jpg.rf.36e39c15aad81283f9bcc0f8afcd649f.jpg,FN,-1,19,0.0,372,0,134.1586,0
TORDILHA-D_001_jpg.rf.36e39c15aad81283f9bcc0f8afcd649f.jpg,FN,-1,23,0.0,138,0,49.7685,0
TORDILHA-D_006_jpg.rf.d879d44ef1add0b327aa39f6650afc47.jpg,TP,0,5,0.9535582255083179,12907,12458,4654.799,4492.871
TORDILHA-D_006_jpg.rf.d879d44ef1add0b327aa39f6650afc47.jpg,TP,25,15,0.9494687322572796,12277,11758,4427.5949,4240.422
TORDILHA-D_006_jpg.rf.d879d44ef1add0b327aa39f6650afc47.jpg,TP,13,14,0.9419408349460879,3562,3462,1284.6048,1248.5407
TORDILHA-D_006_jpg.rf.d879d44ef1add0b327aa39f6650afc47.jpg,TP,2,7,0.9349791875986795,6859,6622,2473.6396,2388.1676
TORDILHA-D_006_jpg.rf.d879d44ef1add0b327aa39f6650afc47.jpg,TP,9,1,0.9349040930373056,6495,6316,2342.3661,2277.8113
TORDILHA-D_006_jpg.rf.d879d44ef1add0b327aa39f6650afc47.jpg,TP,1,9,0.9261929282526605,2828,2783,1019.894,1003.6651
TORDILHA-D_006_jpg.rf.d879d44ef1add0b327aa39f6650afc47.jpg,TP,26,19,0.9212307692307692,3128,3116,1128.0864,1123.7587
TORDILHA-D_006_jpg.rf.d879d44ef1add0b327aa39f6650afc47.jpg,TP,10,20,0.9182709771158736,5331,5231,1922.5795,1886.5154
TORDILHA-D_006_jpg.rf.d879d44ef1add0b327aa39f6650afc47.jpg,TP,8,13,0.9164084456294588,13635,12959,4917.346,4673.5524
TORDILHA-D_006_jpg.rf.d879d44ef1add0b327aa39f6650afc47.jpg,TP,6,11,0.916030534351145,2289,2229,825.5083,803.8698
TORDILHA-D_006_jpg.rf.d879d44ef1add0b327aa39f6650afc47.jpg,TP,15,21,0.9097525473071325,1317,1307,474.9648,471.3584
TORDILHA-D_006_jpg.rf.d879d44ef1add0b327aa39f6650afc47.jpg,TP,4,0,0.9066558441558441,1192,1157,429.8846,417.2621
TORDILHA-D_006_jpg.rf.d879d44ef1add0b327aa39f6650afc47.jpg,TP,16,32,0.8967846527965415,10961,10099,3952.9908,3642.1179
TORDILHA-D_006_jpg.rf.d879d44ef1add0b327aa39f6650afc47.jpg,TP,3,12,0.888254194930382,2737,2552,987.0756,920.357
TORDILHA-D_006_jpg.rf.d879d44ef1add0b327aa39f6650afc47.jpg,TP,19,30,0.8815354070152217,1445,1398,521.1269,504.1767
TORDILHA-D_006_jpg.rf.d879d44ef1add0b327aa39f6650afc47.jpg,TP,7,10,0.8806451612903226,3766,3813,1358.1757,1375.1258
TORDILHA-D_006_jpg.rf.d879d44ef1add0b327aa39f6650afc47.jpg,TP,21,17,0.8796715267303502,11804,10628,4257.0115,3832.8972
TORDILHA-D_006_jpg.rf.d879d44ef1add0b327aa39f6650afc47.jpg,TP,5,8,0.8763505402160864,1574,1552,567.6496,559.7155
TORDILHA-D_006_jpg.rf.d879d44ef1add0b327aa39f6650afc47.jpg,TP,11,3,0.8752124302015052,4060,3664,1464.2042,1321.3902
TORDILHA-D_006_jpg.rf.d879d44ef1add0b327aa39f6650afc47.jpg,TP,18,4,0.8739760554505356,1524,1450,549.6176,522.9301
TORDILHA-D_006_jpg.rf.d879d44ef1add0b327aa39f6650afc47.jpg,TP,17,2,0.8589230084557188,2110,2067,760.9534,745.4459
TORDILHA-D_006_jpg.rf.d879d44ef1add0b327aa39f6650afc47.jpg,TP,14,28,0.8378251331870887,6350,5379,2290.0731,1939.8903
TORDILHA-D_006_jpg.rf.d879d44ef1add0b327aa39f6650afc47.jpg,TP,12,16,0.8254593175853019,3048,2516,1099.2351,907.3739
TORDILHA-D_006_jpg.rf.d879d44ef1add0b327aa39f6650afc47.jpg,TP,22,31,0.5763747454175153,1448,874,522.2088,315.2006
TORDILHA-D_006_jpg.rf.d879d44ef1add0b327aa39f6650afc47.jpg,TP,20,26,0.5687766846111008,16139,9214,5820.3922,3322.9502
TORDILHA-D_006_jpg.rf.d879d44ef1add0b327aa39f6650afc47.jpg,FP,23,-1,0.0,0,4533,0,1634.7876
TORDILHA-D_006_jpg.rf.d879d44ef1add0b327aa39f6650afc47.jpg,FP,24,-1,0.0,0,2374,0,856.1628
TORDILHA-D_006_jpg.rf.d879d44ef1add0b327aa39f6650afc47.jpg,FP,27,-1,0.0,0,8630,0,3112.3356
TORDILHA-D_006_jpg.rf.d879d44ef1add0b327aa39f6650afc47.jpg,FP,28,-1,0.0,0,6133,0,2211.8139
TORDILHA-D_006_jpg.rf.d879d44ef1add0b327aa39f6650afc47.jpg,FN,-1,6,0.0,53,0,19.114,0
TORDILHA-D_006_jpg.rf.d879d44ef1add0b327aa39f6650afc47.jpg,FN,-1,18,0.0,24597,0,8870.6975,0
TORDILHA-D_006_jpg.rf.d879d44ef1add0b327aa39f6650afc47.jpg,FN,-1,22,0.0,7671,0,2766.4805,0
TORDILHA-D_006_jpg.rf.d879d44ef1add0b327aa39f6650afc47.jpg,FN,-1,23,0.0,42,0,15.1469,0
TORDILHA-D_006_jpg.rf.d879d44ef1add0b327aa39f6650afc47.jpg,FN,-1,24,0.0,87,0,31.3758,0
TORDILHA-D_006_jpg.rf.d879d44ef1add0b327aa39f6650afc47.jpg,FN,-1,25,0.0,28,0,10.098,0
TORDILHA-D_006_jpg.rf.d879d44ef1add0b327aa39f6650afc47.jpg,FN,-1,27,0.0,43,0,15.5076,0
TORDILHA-D_006_jpg.rf.d879d44ef1add0b327aa39f6650afc47.jpg,FN,-1,29,0.0,44,0,15.8682,0
TORDILHA-D_006_jpg.rf.d879d44ef1add0b327aa39f6650afc47.jpg,FN,-1,33,0.0,8759,0,3158.8584,0
TORDILHA-D_006_jpg.rf.d879d44ef1add0b327aa39f6650afc47.jpg,FN,-1,34,0.0,40901,0,14750.5955,0
TORDILHA-G_009_jpg.rf.b279af9f6892d54790621c0f5458daf3.jpg,TP,11,16,0.9523931405170207,3818,3810,1376.929,1374.0439
TORDILHA-G_009_jpg.rf.b279af9f6892d54790621c0f5458daf3.jpg,TP,29,35,0.9366599721921829,6245,6291,2252.2058,2268.7953
TORDILHA-G_009_jpg.rf.b279af9f6892d54790621c0f5458daf3.jpg,TP,33,7,0.9351685104193466,3692,3830,1331.4882,1381.2567
TORDILHA-G_009_jpg.rf.b279af9f6892d54790621c0f5458daf3.jpg,TP,19,18,0.9343807763401109,3130,3149,1128.8077,1135.6599
TORDILHA-G_009_jpg.rf.b279af9f6892d54790621c0f5458daf3.jpg,TP,10,3,0.9288005131494548,6056,5972,2184.0446,2153.7507
TORDILHA-G_009_jpg.rf.b279af9f6892d54790621c0f5458daf3.jpg,TP,16,12,0.9284705882352942,2028,2070,731.3808,746.5278
TORDILHA-G_009_jpg.rf.b279af9f6892d54790621c0f5458daf3.jpg,TP,24,4,0.9273527793065492,3487,3517,1257.5567,1268.3759
TORDILHA-G_009_jpg.rf.b279af9f6892d54790621c0f5458daf3.jpg,TP,23,15,0.9272598870056498,1374,1355,495.5213,488.6691
TORDILHA-G_009_jpg.rf.b279af9f6892d54790621c0f5458daf3.jpg,TP,7,10,0.9268167860798362,1850,1915,667.1867,690.6284
TORDILHA-G_009_jpg.rf.b279af9f6892d54790621c0f5458daf3.jpg,TP,4,11,0.9266812333090556,3908,4028,1409.3867,1452.6637
TORDILHA-G_009_jpg.rf.b279af9f6892d54790621c0f5458daf3.jpg,TP,3,28,0.9232325275614444,9466,9549,3413.8319,3443.7651
TORDILHA-G_009_jpg.rf.b279af9f6892d54790621c0f5458daf3.jpg,TP,6,36,0.9216228676809589,2046,2122,737.8724,765.2811
TORDILHA-G_009_jpg.rf.b279af9f6892d54790621c0f5458daf3.jpg,TP,1,20,0.9213534522176497,2086,2116,752.298,763.1173
TORDILHA-G_009_jpg.rf.b279af9f6892d54790621c0f5458daf3.jpg,TP,21,19,0.9195402298850575,3399,3448,1225.8202,1243.4917
TORDILHA-G_009_jpg.rf.b279af9f6892d54790621c0f5458daf3.jpg,TP,15,1,0.9193192562243934,3071,3019,1107.5299,1088.7765
TORDILHA-G_009_jpg.rf.b279af9f6892d54790621c0f5458daf3.jpg,TP,14,22,0.9168842471714534,2193,2212,790.8867,797.7389
TORDILHA-G_009_jpg.rf.b279af9f6892d54790621c0f5458daf3.jpg,TP,13,17,0.9108402822322001,1482,1497,534.4706,539.8802
TORDILHA-G_009_jpg.rf.b279af9f6892d54790621c0f5458daf3.jpg,TP,8,2,0.9083431257344301,3946,4174,1423.0911,1505.3174
TORDILHA-G_009_jpg.rf.b279af9f6892d54790621c0f5458daf3.jpg,TP,5,13,0.9059775840597758,3063,3059,1104.6447,1103.2022
TORDILHA-G_009_jpg.rf.b279af9f6892d54790621c0f5458daf3.jpg,TP,17,8,0.8960692871419054,8308,8768,2996.2091,3162.1041
TORDILHA-G_009_jpg.rf.b279af9f6892d54790621c0f5458daf3.jpg,TP,26,14,0.8955181676799095,6701,6706,2416.6583,2418.4615
TORDILHA-G_009_jpg.rf.b279af9f6892d54790621c0f5458daf3.jpg,TP,32,9,0.8946024799416484,2608,2587,940.5529,932.9794
TORDILHA-G_009_jpg.rf.b279af9f6892d54790621c0f5458daf3.jpg,TP,31,33,0.8822328114363512,1345,1420,485.0627,512.1108
TORDILHA-G_009_jpg.rf.b279af9f6892d54790621c0f5458daf3.jpg,TP,9,21,0.8745098039215686,937,975,337.921,351.6254
TORDILHA-G_009_jpg.rf.b279af9f6892d54790621c0f5458daf3.jpg,TP,2,29,0.8729721456994184,3032,3087,1093.4648,1113.3001
TORDILHA-G_009_jpg.rf.b279af9f6892d54790621c0f5458daf3.jpg,TP,0,32,0.8727598566308243,1515,1620,546.3718,584.2391
TORDILHA-G_009_jpg.rf.b279af9f6892d54790621c0f5458daf3.jpg,TP,12,23,0.8662037037037037,1928,2103,695.3167,758.4289
TORDILHA-G_009_jpg.rf.b279af9f6892d54790621c0f5458daf3.jpg,TP,20,24,0.8493303571428571,1543,1771,556.4697,638.696
TORDILHA-G_009_jpg.rf.b279af9f6892d54790621c0f5458daf3.jpg,TP,18,31,0.8246797033041133,16661,18517,6008.647,6677.9975
TORDILHA-G_009_jpg.rf.b279af9f6892d54790621c0f5458daf3.jpg,TP,22,26,0.8002171552660152,815,843,293.9228,304.0207
TORDILHA-G_009_jpg.rf.b279af9f6892d54790621c0f5458daf3.jpg,TP,25,27,0.6956785312202304,11541,8039,4162.1628,2899.1965
TORDILHA-G_009_jpg.rf.b279af9f6892d54790621c0f5458daf3.jpg,TP,28,6,0.6053010314224034,5377,8008,1939.169,2888.0166
TORDILHA-G_009_jpg.rf.b279af9f6892d54790621c0f5458daf3.jpg,FP,27,-1,0.0,0,7423,0,2677.0414
TORDILHA-G_009_jpg.rf.b279af9f6892d54790621c0f5458daf3.jpg,FP,30,-1,0.0,0,1233,0,444.6709
TORDILHA-G_009_jpg.rf.b279af9f6892d54790621c0f5458daf3.jpg,FN,-1,0,0.0,8492,0,3062.5671,0
TORDILHA-G_009_jpg.rf.b279af9f6892d54790621c0f5458daf3.jpg,FN,-1,5,0.0,2355,0,849.3106,0
TORDILHA-G_009_jpg.rf.b279af9f6892d54790621c0f5458daf3.jpg,FN,-1,25,0.0,3214,0,1159.1016,0
TORDILHA-G_009_jpg.rf.b279af9f6892d54790621c0f5458daf3.jpg,FN,-1,30,0.0,2225,0,802.4272,0
TORDILHA-G_009_jpg.rf.b279af9f6892d54790621c0f5458daf3.jpg,FN,-1,34,0.0,3618,0,1304.8007,0
TOSTADA-B_003_jpg.rf.ef070508fe8cf028db79cd03961c37d8.jpg,TP,13,4,0.9537680384820951,3678,3633,1326.4392,1310.2103
TOSTADA-B_003_jpg.rf.ef070508fe8cf028db79cd03961c37d8.jpg,TP,0,2,0.9391866210566324,2499,2603,901.243,938.7497
TOSTADA-B_003_jpg.rf.ef070508fe8cf028db79cd03961c37d8.jpg,TP,19,15,0.9351955307262569,7647,7941,2757.8251,2863.8537
TOSTADA-B_003_jpg.rf.ef070508fe8cf028db79cd03961c37d8.jpg,TP,2,9,0.9282541092847624,8594,8768,3099.3525,3162.1041
TOSTADA-B_003_jpg.rf.ef070508fe8cf028db79cd03961c37d8.jpg,TP,9,22,0.9282488710486704,1931,1912,696.3986,689.5464
TOSTADA-B_003_jpg.rf.ef070508fe8cf028db79cd03961c37d8.jpg,TP,11,0,0.9282462605679601,4434,4461,1599.0841,1608.8215
TOSTADA-B_003_jpg.rf.ef070508fe8cf028db79cd03961c37d8.jpg,TP,8,18,0.9265371306893798,7191,7285,2593.3726,2627.2729
TOSTADA-B_003_jpg.rf.ef070508fe8cf028db79cd03961c37d8.jpg,TP,3,23,0.9248777078965759,2700,2809,973.7319,1013.0418
TOSTADA-B_003_jpg.rf.ef070508fe8cf028db79cd03961c37d8.jpg,TP,16,17,0.9235759698974958,14751,14899,5319.8219,5373.1968
TOSTADA-B_003_jpg.rf.ef070508fe8cf028db79cd03961c37d8.jpg,TP,14,20,0.9230014713094654,1975,1946,712.2668,701.8082
TOSTADA-B_003_jpg.rf.ef070508fe8cf028db79cd03961c37d8.jpg,TP,6,19,0.9156028368794327,1320,1381,476.0467,498.0458
TOSTADA-B_003_jpg.rf.ef070508fe8cf028db79cd03961c37d8.jpg,TP,4,3,0.9136117788461539,6326,6411,2281.4177,2312.0723
TOSTADA-B_003_jpg.rf.ef070508fe8cf028db79cd03961c37d8.jpg,TP,22,21,0.908445945945946,2837,2812,1023.1398,1014.1237
TOSTADA-B_003_jpg.rf.ef070508fe8cf028db79cd03961c37d8.jpg,TP,1,10,0.9071183859916254,2462,2548,887.8992,918.9144
TOSTADA-B_003_jpg.rf.ef070508fe8cf028db79cd03961c37d8.jpg,TP,7,25,0.8938506588579795,1281,1306,461.9817,470.9977
TOSTADA-B_003_jpg.rf.ef070508fe8cf028db79cd03961c37d8.jpg,TP,10,5,0.8733624454148472,670,617,241.6298,222.5158
TOSTADA-B_003_jpg.rf.ef070508fe8cf028db79cd03961c37d8.jpg,TP,17,16,0.8609057922322269,7140,6707,2574.9799,2418.8221
TOSTADA-B_003_jpg.rf.ef070508fe8cf028db79cd03961c37d8.jpg,TP,5,12,0.851,875,976,315.5613,351.986
TOSTADA-B_003_jpg.rf.ef070508fe8cf028db79cd03961c37d8.jpg,TP,21,1,0.8367981666393846,5401,5820,1947.8244,2098.9332
TOSTADA-B_003_jpg.rf.ef070508fe8cf028db79cd03961c37d8.jpg,TP,23,7,0.8109144542772861,2976,3163,1073.2689,1140.7089
TOSTADA-B_003_jpg.rf.ef070508fe8cf028db79cd03961c37d8.jpg,TP,15,6,0.7329192546583851,279,279,100.619,100.619
TOSTADA-B_003_jpg.rf.ef070508fe8cf028db79cd03961c37d8.jpg,TP,18,24,0.5787214818161283,4317,2672,1556.8891,963.6339
TOSTADA-B_003_jpg.rf.ef070508fe8cf028db79cd03961c37d8.jpg,FP,12,-1,0.0,0,1660,0,598.6648
TOSTADA-B_003_jpg.rf.ef070508fe8cf028db79cd03961c37d8.jpg,FP,20,-1,0.0,0,1910,0,688.8251
TOSTADA-B_003_jpg.rf.ef070508fe8cf028db79cd03961c37d8.jpg,FP,24,-1,0.0,0,4736,0,1707.9979
TOSTADA-B_003_jpg.rf.ef070508fe8cf028db79cd03961c37d8.jpg,FN,-1,8,0.0,210,0,75.7347,0
TOSTADA-B_003_jpg.rf.ef070508fe8cf028db79cd03961c37d8.jpg,FN,-1,11,0.0,9846,0,3550.8756,0
TOSTADA-B_003_jpg.rf.ef070508fe8cf028db79cd03961c37d8.jpg,FN,-1,13,0.0,908,0,327.4624,0
TOSTADA-B_003_jpg.rf.ef070508fe8cf028db79cd03961c37d8.jpg,FN,-1,14,0.0,5311,0,1915.3667,0
TOSTADA-B_006_jpg.rf.fd9a20fd791843647a700cdeb77e0cc3.jpg,TP,9,0,0.9533363595097594,10743,10773,3874.371,3885.1902
TOSTADA-B_006_jpg.rf.fd9a20fd791843647a700cdeb77e0cc3.jpg,TP,8,5,0.9496649779375715,5909,6021,2131.0303,2171.4221
TOSTADA-B_006_jpg.rf.fd9a20fd791843647a700cdeb77e0cc3.jpg,TP,1,22,0.9404174573055029,2521,2592,909.1771,934.7826
TOSTADA-B_006_jpg.rf.fd9a20fd791843647a700cdeb77e0cc3.jpg,TP,2,1,0.9343523417597491,4924,4947,1775.7984,1784.0932
TOSTADA-B_006_jpg.rf.fd9a20fd791843647a700cdeb77e0cc3.jpg,TP,18,8,0.9326706428098078,14514,14650,5234.3498,5283.3971
TOSTADA-B_006_jpg.rf.fd9a20fd791843647a700cdeb77e0cc3.jpg,TP,4,3,0.9258360302049622,3530,3611,1273.0643,1302.2762
TOSTADA-B_006_jpg.rf.fd9a20fd791843647a700cdeb77e0cc3.jpg,TP,6,4,0.9209415944925605,8768,8532,3162.1041,3076.9928
TOSTADA-B_006_jpg.rf.fd9a20fd791843647a700cdeb77e0cc3.jpg,TP,3,12,0.9206458261765716,2810,2781,1013.4024,1002.9438
TOSTADA-B_006_jpg.rf.fd9a20fd791843647a700cdeb77e0cc3.jpg,TP,10,9,0.9196070291960703,6920,6953,2495.6388,2507.5399
TOSTADA-B_006_jpg.rf.fd9a20fd791843647a700cdeb77e0cc3.jpg,TP,13,6,0.9195250659630607,4980,5205,1795.9944,1877.1387
TOSTADA-B_006_jpg.rf.fd9a20fd791843647a700cdeb77e0cc3.jpg,TP,0,23,0.9082108902333621,5419,5620,1954.316,2026.8049
TOSTADA-B_006_jpg.rf.fd9a20fd791843647a700cdeb77e0cc3.jpg,TP,12,13,0.9076517150395779,1482,1410,534.4706,508.5044
TOSTADA-B_006_jpg.rf.fd9a20fd791843647a700cdeb77e0cc3.jpg,TP,11,15,0.9067587567834238,1941,1924,700.005,693.8741
TOSTADA-B_006_jpg.rf.fd9a20fd791843647a700cdeb77e0cc3.jpg,TP,16,17,0.9061662198391421,740,682,266.8747,245.9575
TOSTADA-B_006_jpg.rf.fd9a20fd791843647a700cdeb77e0cc3.jpg,TP,7,11,0.9056987788331072,1421,1388,512.4715,500.5703
TOSTADA-B_006_jpg.rf.fd9a20fd791843647a700cdeb77e0cc3.jpg,TP,14,16,0.8819648093841642,1321,1246,476.4073,449.3592
TOSTADA-B_006_jpg.rf.fd9a20fd791843647a700cdeb77e0cc3.jpg,TP,5,14,0.865128660159716,1071,1031,386.247,371.8213
TOSTADA-B_006_jpg.rf.fd9a20fd791843647a700cdeb77e0cc3.jpg,TP,22,7,0.8583307185440854,6177,5668,2227.6822,2044.1157
TOSTADA-B_006_jpg.rf.fd9a20fd791843647a700cdeb77e0cc3.jpg,TP,15,2,0.852760736196319,575,633,207.3688,228.286
TOSTADA-B_006_jpg.rf.fd9a20fd791843647a700cdeb77e0cc3.jpg,TP,19,10,0.6603317208016586,2847,1958,1026.7462,706.1359
TOSTADA-B_006_jpg.rf.fd9a20fd791843647a700cdeb77e0cc3.jpg,FP,17,-1,0.0,0,1658,0,597.9435
TOSTADA-B_006_jpg.rf.fd9a20fd791843647a700cdeb77e0cc3.jpg,FP,20,-1,0.0,0,3989,0,1438.5987
TOSTADA-B_006_jpg.rf.fd9a20fd791843647a700cdeb77e0cc3.jpg,FP,21,-1,0.0,0,724,0,261.1044
TOSTADA-B_006_jpg.rf.fd9a20fd791843647a700cdeb77e0cc3.jpg,FN,-1,18,0.0,16913,0,6099.5287,0
TOSTADA-B_006_jpg.rf.fd9a20fd791843647a700cdeb77e0cc3.jpg,FN,-1,19,0.0,652,0,235.1382,0
TOSTADA-B_006_jpg.rf.fd9a20fd791843647a700cdeb77e0cc3.jpg,FN,-1,20,0.0,6433,0,2320.0064,0
TOSTADA-B_006_jpg.rf.fd9a20fd791843647a700cdeb77e0cc3.jpg,FN,-1,21,0.0,7549,0,2722.4822,0
TOSTADA-G_009_jpg.rf.506f019d1e54427e5f81510789439725.jpg,TP,10,24,0.9564616447823082,1424,1407,513.5534,507.4225
TOSTADA-G_009_jpg.rf.506f019d1e54427e5f81510789439725.jpg,TP,11,16,0.9422208847427024,3285,3169,1184.7071,1142.8727
TOSTADA-G_009_jpg.rf.506f019d1e54427e5f81510789439725.jpg,TP,1,31,0.9391541609822647,3593,3514,1295.7847,1267.294
TOSTADA-G_009_jpg.rf.506f019d1e54427e5f81510789439725.jpg,TP,23,19,0.9331923144720606,5436,5531,1960.4469,1994.7078
TOSTADA-G_009_jpg.rf.506f019d1e54427e5f81510789439725.jpg,TP,31,6,0.9330804991436261,8009,7792,2888.3773,2810.1181
TOSTADA-G_009_jpg.rf.506f019d1e54427e5f81510789439725.jpg,TP,5,27,0.9313940018020337,7514,7491,2709.8598,2701.565
TOSTADA-G_009_jpg.rf.506f019d1e54427e5f81510789439725.jpg,TP,0,33,0.9313458506521427,6702,6773,2417.0189,2442.6245
TOSTADA-G_009_jpg.rf.506f019d1e54427e5f81510789439725.jpg,TP,16,35,0.9287113200156678,2524,2400,910.259,865.5395
TOSTADA-G_009_jpg.rf.506f019d1e54427e5f81510789439725.jpg,TP,32,5,0.9271004942339374,2324,2355,838.1307,849.3106
TOSTADA-G_009_jpg.rf.506f019d1e54427e5f81510789439725.jpg,TP,18,17,0.9253048780487805,3119,3196,1124.8406,1152.61
TOSTADA-G_009_jpg.rf.506f019d1e54427e5f81510789439725.jpg,TP,2,28,0.9216052263182455,2059,2059,742.5607,742.5607
TOSTADA-G_009_jpg.rf.506f019d1e54427e5f81510789439725.jpg,TP,8,37,0.9181871689228959,3293,3225,1187.5923,1163.0686
TOSTADA-G_009_jpg.rf.506f019d1e54427e5f81510789439725.jpg,TP,21,20,0.9143173023770038,1703,1760,614.1724,634.7289
TOSTADA-G_009_jpg.rf.506f019d1e54427e5f81510789439725.jpg,TP,3,38,0.9104995374653099,4160,4101,1500.2684,1478.9905
TOSTADA-G_009_jpg.rf.506f019d1e54427e5f81510789439725.jpg,TP,4,26,0.9099037138927097,2761,2793,995.731,1007.2715
TOSTADA-G_009_jpg.rf.506f019d1e54427e5f81510789439725.jpg,TP,6,32,0.9087934560327199,2339,2328,843.5403,839.5733
TOSTADA-G_009_jpg.rf.506f019d1e54427e5f81510789439725.jpg,TP,19,4,0.9079611650485437,2480,2433,894.3908,877.4406
TOSTADA-G_009_jpg.rf.506f019d1e54427e5f81510789439725.jpg,TP,9,36,0.9075316927665921,2631,2485,948.8476,896.194
TOSTADA-G_009_jpg.rf.506f019d1e54427e5f81510789439725.jpg,TP,35,18,0.9035237769414984,2677,2887,965.4371,1041.1718
TOSTADA-G_009_jpg.rf.506f019d1e54427e5f81510789439725.jpg,TP,26,39,0.8966360856269113,1540,1561,555.3878,562.9613
TOSTADA-G_009_jpg.rf.506f019d1e54427e5f81510789439725.jpg,TP,7,29,0.8883374689826302,1166,1117,420.5079,402.8365
TOSTADA-G_009_jpg.rf.506f019d1e54427e5f81510789439725.jpg,TP,14,30,0.8776565192418151,1597,1672,575.9444,602.9925
TOSTADA-G_009_jpg.rf.506f019d1e54427e5f81510789439725.jpg,TP,20,41,0.8745128604832424,1204,1201,434.2123,433.1304
TOSTADA-G_009_jpg.rf.506f019d1e54427e5f81510789439725.jpg,TP,13,23,0.8733715476810839,1837,1758,662.4983,634.0076
TOSTADA-G_009_jpg.rf.506f019d1e54427e5f81510789439725.jpg,TP,12,40,0.8721030042918455,1094,1087,394.5417,392.0172
TOSTADA-G_009_jpg.rf.506f019d1e54427e5f81510789439725.jpg,TP,24,10,0.8611927261176844,12342,11096,4451.0366,4001.6774
TOSTADA-G_009_jpg.rf.506f019d1e54427e5f81510789439725.jpg,TP,17,25,0.8601735776277725,969,960,349.4616,346.2158
TOSTADA-G_009_jpg.rf.506f019d1e54427e5f81510789439725.jpg,TP,29,13,0.8523170203551321,4214,4340,1519.743,1565.1838
TOSTADA-G_009_jpg.rf.506f019d1e54427e5f81510789439725.jpg,TP,15,2,0.8428304368898428,12821,13795,4623.7839,4975.0486
TOSTADA-G_009_jpg.rf.506f019d1e54427e5f81510789439725.jpg,TP,25,0,0.8323529411764706,598,648,215.6636,233.6957
TOSTADA-G_009_jpg.rf.506f019d1e54427e5f81510789439725.jpg,TP,36,3,0.81100611450806,1668,1590,601.5499,573.4199
TOSTADA-G_009_jpg.rf.506f019d1e54427e5f81510789439725.jpg,TP,30,9,0.7672239108409321,9497,11434,3425.0117,4123.5742
TOSTADA-G_009_jpg.rf.506f019d1e54427e5f81510789439725.jpg,TP,27,21,0.7508362447037835,10345,13209,3730.8357,4763.7128
TOSTADA-G_009_jpg.rf.506f019d1e54427e5f81510789439725.jpg,TP,33,1,0.7311111111111112,372,407,134.1586,146.7811
TOSTADA-G_009_jpg.rf.506f019d1e54427e5f81510789439725.jpg,TP,22,14,0.7226346053319394,7144,9333,2576.4224,3365.8665
TOSTADA-G_009_jpg.rf.506f019d1e54427e5f81510789439725.jpg,TP,28,7,0.7218087460272761,20870,21929,7526.5868,7908.5061
TOSTADA-G_009_jpg.rf.506f019d1e54427e5f81510789439725.jpg,TP,34,11,0.5742027287185067,7076,11731,2551.8988,4230.6847
TOSTADA-G_009_jpg.rf.506f019d1e54427e5f81510789439725.jpg,FP,37,-1,0.0,0,9906,0,3572.5141
TOSTADA-G_009_jpg.rf.506f019d1e54427e5f81510789439725.jpg,FN,-1,8,0.0,4178,0,1506.7599,0
TOSTADA-G_009_jpg.rf.506f019d1e54427e5f81510789439725.jpg,FN,-1,12,0.0,3533,0,1274.1462,0
TOSTADA-G_009_jpg.rf.506f019d1e54427e5f81510789439725.jpg,FN,-1,15,0.0,2526,0,910.9803,0
TOSTADA-G_009_jpg.rf.506f019d1e54427e5f81510789439725.jpg,FN,-1,22,0.0,2314,0,834.5243,0
TOSTADA-G_009_jpg.rf.506f019d1e54427e5f81510789439725.jpg,FN,-1,34,0.0,3351,0,1208.5095,0
TOSTADA-G_011_jpg.rf.c0b219a9a6742c565eddfcdb51541b7d.jpg,TP,24,24,0.9487005034698598,7170,7151,2585.7991,2578.9469
TOSTADA-G_011_jpg.rf.c0b219a9a6742c565eddfcdb51541b7d.jpg,TP,1,12,0.9425505050505051,6091,6217,2196.667,2242.1078
TOSTADA-G_011_jpg.rf.c0b219a9a6742c565eddfcdb51541b7d.jpg,TP,9,22,0.9383981773571679,11141,10980,4017.9063,3959.843
TOSTADA-G_011_jpg.rf.c0b219a9a6742c565eddfcdb51541b7d.jpg,TP,0,19,0.9367021976575866,7302,7415,2633.4038,2674.1563
TOSTADA-G_011_jpg.rf.c0b219a9a6742c565eddfcdb51541b7d.jpg,TP,7,21,0.9285886030295745,7940,8102,2863.493,2921.9169
TOSTADA-G_011_jpg.rf.c0b219a9a6742c565eddfcdb51541b7d.jpg,TP,4,3,0.9267100977198697,2900,3015,1045.8602,1087.3339
TOSTADA-G_011_jpg.rf.c0b219a9a6742c565eddfcdb51541b7d.jpg,TP,2,6,0.9245843230403801,8048,8157,2902.4423,2941.7522
TOSTADA-G_011_jpg.rf.c0b219a9a6742c565eddfcdb51541b7d.jpg,TP,6,1,0.9241564646163034,6489,6399,2340.2023,2307.7446
TOSTADA-G_011_jpg.rf.c0b219a9a6742c565eddfcdb51541b7d.jpg,TP,8,25,0.9237494366831907,10608,10736,3825.6844,3871.8465
TOSTADA-G_011_jpg.rf.c0b219a9a6742c565eddfcdb51541b7d.jpg,TP,5,18,0.9236990154711674,2773,2698,1000.0587,973.0106
TOSTADA-G_011_jpg.rf.c0b219a9a6742c565eddfcdb51541b7d.jpg,TP,21,28,0.9212690951821386,850,785,306.5452,283.1035
TOSTADA-G_011_jpg.rf.c0b219a9a6742c565eddfcdb51541b7d.jpg,TP,10,20,0.9168848167539267,4373,4414,1577.085,1591.8713
TOSTADA-G_011_jpg.rf.c0b219a9a6742c565eddfcdb51541b7d.jpg,TP,12,26,0.9168157423971377,5366,5349,1935.202,1929.0711
TOSTADA-G_011_jpg.rf.c0b219a9a6742c565eddfcdb51541b7d.jpg,TP,15,11,0.9154554759467759,4668,4689,1683.4742,1691.0477
TOSTADA-G_011_jpg.rf.c0b219a9a6742c565eddfcdb51541b7d.jpg,TP,19,10,0.9148809523809524,12843,12893,4631.718,4649.7501
TOSTADA-G_011_jpg.rf.c0b219a9a6742c565eddfcdb51541b7d.jpg,TP,3,13,0.9145486415425066,2140,2229,771.7727,803.8698
TOSTADA-G_011_jpg.rf.c0b219a9a6742c565eddfcdb51541b7d.jpg,TP,13,15,0.9138673557278209,1114,1108,401.7546,399.5907
TOSTADA-G_011_jpg.rf.c0b219a9a6742c565eddfcdb51541b7d.jpg,TP,14,9,0.9039334341906202,1246,1271,449.3592,458.3753
TOSTADA-G_011_jpg.rf.c0b219a9a6742c565eddfcdb51541b7d.jpg,TP,22,16,0.8842592592592593,414,400,149.3056,144.2566
TOSTADA-G_011_jpg.rf.c0b219a9a6742c565eddfcdb51541b7d.jpg,TP,18,29,0.8797297297297297,731,660,263.6289,238.0233
TOSTADA-G_011_jpg.rf.c0b219a9a6742c565eddfcdb51541b7d.jpg,TP,16,4,0.8778705636743215,871,928,314.1187,334.6753
TOSTADA-G_011_jpg.rf.c0b219a9a6742c565eddfcdb51541b7d.jpg,TP,11,2,0.872946330777656,834,876,300.775,315.9219
TOSTADA-G_011_jpg.rf.c0b219a9a6742c565eddfcdb51541b7d.jpg,TP,20,0,0.8649959579628133,1141,1166,411.4919,420.5079
TOSTADA-G_011_jpg.rf.c0b219a9a6742c565eddfcdb51541b7d.jpg,TP,23,27,0.8423645320197044,1015,855,366.0511,308.3484
TOSTADA-G_011_jpg.rf.c0b219a9a6742c565eddfcdb51541b7d.jpg,TP,17,8,0.827262044653349,735,820,265.0715,295.726
TOSTADA-G_011_jpg.rf.c0b219a9a6742c565eddfcdb51541b7d.jpg,TP,25,7,0.7721518987341772,216,204,77.8986,73.5709
TOSTADA-G_011_jpg.rf.c0b219a9a6742c565eddfcdb51541b7d.jpg,TP,30,14,0.6442307692307693,103,68,37.1461,24.5236
TOSTADA-G_011_jpg.rf.c0b219a9a6742c565eddfcdb51541b7d.jpg,TP,28,17,0.5979749356793095,20758,17750,7486.195,6401.3855
TOSTADA-G_011_jpg.rf.c0b219a9a6742c565eddfcdb51541b7d.jpg,FP,26,-1,0.0,0,18812,0,6784.3867
TOSTADA-G_011_jpg.rf.c0b219a9a6742c565eddfcdb51541b7d.jpg,FP,27,-1,0.0,0,21905,0,7899.8507
TOSTADA-G_011_jpg.rf.c0b219a9a6742c565eddfcdb51541b7d.jpg,FP,29,-1,0.0,0,9748,0,3515.5327
TOSTADA-G_011_jpg.rf.c0b219a9a6742c565eddfcdb51541b7d.jpg,FN,-1,5,0.0,37764,0,13619.2633,0
TOSTADA-G_011_jpg.rf.c0b219a9a6742c565eddfcdb51541b7d.jpg,FN,-1,23,0.0,31,0,11.1799,0
TP-B_001_jpg.rf.476ac40460a2659ffbad7973abf99d86.jpg,TP,5,17,0.9473920863309353,4295,4367,1548.955,1574.9212
TP-B_001_jpg.rf.476ac40460a2659ffbad7973abf99d86.jpg,TP,16,25,0.9308852175167737,13339,13425,4810.5961,4841.6113
TP-B_001_jpg.rf.476ac40460a2659ffbad7973abf99d86.jpg,TP,12,12,0.9275071153524193,5669,5844,2044.4763,2107.5886
TP-B_001_jpg.rf.476ac40460a2659ffbad7973abf99d86.jpg,TP,0,15,0.9268540467321368,5630,5750,2030.4113,2073.6883
TP-B_001_jpg.rf.476ac40460a2659ffbad7973abf99d86.jpg,TP,14,14,0.9220477021524142,1633,1671,588.9275,602.6318
TP-B_001_jpg.rf.476ac40460a2659ffbad7973abf99d86.jpg,TP,13,9,0.9188860143052808,6222,6387,2243.911,2303.4169
TP-B_001_jpg.rf.476ac40460a2659ffbad7973abf99d86.jpg,TP,15,2,0.9128151260504201,2741,2722,988.5182,981.666
TP-B_001_jpg.rf.476ac40460a2659ffbad7973abf99d86.jpg,TP,1,6,0.912781954887218,1263,1281,455.4901,461.9817
TP-B_001_jpg.rf.476ac40460a2659ffbad7973abf99d86.jpg,TP,6,13,0.9121054734318818,4693,4879,1692.4903,1759.5696
TP-B_001_jpg.rf.476ac40460a2659ffbad7973abf99d86.jpg,TP,20,18,0.909025009061254,2616,2651,943.438,956.0605
TP-B_001_jpg.rf.476ac40460a2659ffbad7973abf99d86.jpg,TP,3,10,0.90311004784689,3135,3229,1130.6109,1164.5112
TP-B_001_jpg.rf.476ac40460a2659ffbad7973abf99d86.jpg,TP,10,1,0.9022443890274314,1913,1901,689.9071,685.5794
TP-B_001_jpg.rf.476ac40460a2659ffbad7973abf99d86.jpg,TP,19,26,0.9018952062430323,1794,1618,646.9907,583.5178
TP-B_001_jpg.rf.476ac40460a2659ffbad7973abf99d86.jpg,TP,4,7,0.8997407087294728,3250,3344,1172.0847,1205.985
TP-B_001_jpg.rf.476ac40460a2659ffbad7973abf99d86.jpg,TP,7,4,0.8954093705631803,1987,2018,716.5945,727.7744
TP-B_001_jpg.rf.476ac40460a2659ffbad7973abf99d86.jpg,TP,17,8,0.8927773144286906,27366,29370,9869.3136,10592.039
TP-B_001_jpg.rf.476ac40460a2659ffbad7973abf99d86.jpg,TP,9,11,0.8880262765004479,3122,3201,1125.9226,1154.4132
TP-B_001_jpg.rf.476ac40460a2659ffbad7973abf99d86.jpg,TP,2,3,0.8876543209876543,1506,1552,543.126,559.7155
TP-B_001_jpg.rf.476ac40460a2659ffbad7973abf99d86.jpg,TP,8,0,0.8731479602192003,4542,4687,1638.0334,1690.3264
TP-B_001_jpg.rf.476ac40460a2659ffbad7973abf99d86.jpg,TP,11,5,0.8693994280266921,977,984,352.3467,354.8712
TP-B_001_jpg.rf.476ac40460a2659ffbad7973abf99d86.jpg,TP,18,23,0.865047233468286,688,694,248.1213,250.2852
TP-B_001_jpg.rf.476ac40460a2659ffbad7973abf99d86.jpg,TP,27,22,0.8219929055143502,5685,5615,2050.2466,2025.0017
TP-B_001_jpg.rf.476ac40460a2659ffbad7973abf99d86.jpg,TP,28,20,0.8202372957241997,3763,4368,1357.0937,1575.2818
TP-B_001_jpg.rf.476ac40460a2659ffbad7973abf99d86.jpg,TP,22,28,0.7910447761194029,183,177,65.9974,63.8335
TP-B_001_jpg.rf.476ac40460a2659ffbad7973abf99d86.jpg,TP,23,29,0.7370425216839434,4705,3506,1696.818,1264.4089
TP-B_001_jpg.rf.476ac40460a2659ffbad7973abf99d86.jpg,TP,26,27,0.7202380952380952,168,121,60.5878,43.6376
TP-B_001_jpg.rf.476ac40460a2659ffbad7973abf99d86.jpg,TP,25,19,0.7072243346007605,229,220,82.5869,79.3411
TP-B_001_jpg.rf.476ac40460a2659ffbad7973abf99d86.jpg,TP,21,30,0.6720556745182013,12852,18382,4634.9638,6629.3109
TP-B_001_jpg.rf.476ac40460a2659ffbad7973abf99d86.jpg,FP,24,-1,0.0,0,5414,0,1952.5127
TP-B_001_jpg.rf.476ac40460a2659ffbad7973abf99d86.jpg,FN,-1,16,0.0,6639,0,2394.2985,0
TP-B_001_jpg.rf.476ac40460a2659ffbad7973abf99d86.jpg,FN,-1,21,0.0,1588,0,572.6986,0
TP-B_001_jpg.rf.476ac40460a2659ffbad7973abf99d86.jpg,FN,-1,24,0.0,4609,0,1662.1964,0
TP-D_010_jpg.rf.8e807d0647c50bd1b8d28134da2e26a4.jpg,TP,22,1,0.946030504497458,4959,4993,1788.4209,1800.6827
TP-D_010_jpg.rf.8e807d0647c50bd1b8d28134da2e26a4.jpg,TP,21,46,0.9448669201520913,3681,3480,1327.5211,1255.0322
TP-D_010_jpg.rf.8e807d0647c50bd1b8d28134da2e26a4.jpg,TP,0,21,0.9417989417989417,6843,6736,2467.8694,2429.2807
TP-D_010_jpg.rf.8e807d0647c50bd1b8d28134da2e26a4.jpg,TP,3,32,0.9385261550210003,2551,2526,919.9963,910.9803
TP-D_010_jpg.rf.8e807d0647c50bd1b8d28134da2e26a4.jpg,TP,7,10,0.9362984685565331,5988,5897,2159.5209,2126.7026
TP-D_010_jpg.rf.8e807d0647c50bd1b8d28134da2e26a4.jpg,TP,29,23,0.9346888478126926,1606,1534,579.1902,553.224
TP-D_010_jpg.rf.8e807d0647c50bd1b8d28134da2e26a4.jpg,TP,2,45,0.9340974212034384,2725,2675,982.7479,964.7158
TP-D_010_jpg.rf.8e807d0647c50bd1b8d28134da2e26a4.jpg,TP,18,8,0.9335309060118544,2258,2309,814.3284,832.7211
TP-D_010_jpg.rf.8e807d0647c50bd1b8d28134da2e26a4.jpg,TP,10,41,0.93293142426526,3870,3825,1395.6824,1379.4535
TP-D_010_jpg.rf.8e807d0647c50bd1b8d28134da2e26a4.jpg,TP,12,13,0.9325548971767166,5580,5509,2012.3792,1986.7737
TP-D_010_jpg.rf.8e807d0647c50bd1b8d28134da2e26a4.jpg,TP,11,27,0.9263333333333333,2887,2892,1041.1718,1042.975
TP-D_010_jpg.rf.8e807d0647c50bd1b8d28134da2e26a4.jpg,TP,13,35,0.9235023041474655,3092,3169,1115.1033,1142.8727
TP-D_010_jpg.rf.8e807d0647c50bd1b8d28134da2e26a4.jpg,TP,14,17,0.9233686206351714,6020,6153,2171.0615,2219.0268
TP-D_010_jpg.rf.8e807d0647c50bd1b8d28134da2e26a4.jpg,TP,24,3,0.9198036006546645,1786,1733,644.1056,624.9916
TP-D_010_jpg.rf.8e807d0647c50bd1b8d28134da2e26a4.jpg,TP,6,42,0.9193548387096774,2256,2266,813.6071,817.2135
TP-D_010_jpg.rf.8e807d0647c50bd1b8d28134da2e26a4.jpg,TP,38,18,0.9134438305709024,3081,3153,1111.1363,1137.1025
TP-D_010_jpg.rf.8e807d0647c50bd1b8d28134da2e26a4.jpg,TP,34,12,0.9134228187919463,1421,1430,512.4715,515.7173
TP-D_010_jpg.rf.8e807d0647c50bd1b8d28134da2e26a4.jpg,TP,16,30,0.9133159268929504,1807,1857,651.6791,669.7112
TP-D_010_jpg.rf.8e807d0647c50bd1b8d28134da2e26a4.jpg,TP,25,14,0.9131293188548865,9814,9566,3539.3351,3449.896
TP-D_010_jpg.rf.8e807d0647c50bd1b8d28134da2e26a4.jpg,TP,9,6,0.9110845295055822,2435,2358,878.1619,850.3925
TP-D_010_jpg.rf.8e807d0647c50bd1b8d28134da2e26a4.jpg,TP,5,22,0.9105263157894737,2671,2774,963.2733,1000.4194
TP-D_010_jpg.rf.8e807d0647c50bd1b8d28134da2e26a4.jpg,TP,4,40,0.9101412066752247,1466,1510,528.7003,544.5686
TP-D_010_jpg.rf.8e807d0647c50bd1b8d28134da2e26a4.jpg,TP,15,9,0.9069286452947259,1859,1829,670.4324,659.6132
TP-D_010_jpg.rf.8e807d0647c50bd1b8d28134da2e26a4.jpg,TP,8,44,0.9041379310344828,2772,2750,999.6981,991.764
TP-D_010_jpg.rf.8e807d0647c50bd1b8d28134da2e26a4.jpg,TP,27,29,0.902610736286301,3160,3326,1139.6269,1199.4934
TP-D_010_jpg.rf.8e807d0647c50bd1b8d28134da2e26a4.jpg,TP,17,38,0.8982161594963274,1808,1810,652.0397,652.761
TP-D_010_jpg.rf.8e807d0647c50bd1b8d28134da2e26a4.jpg,TP,19,39,0.8981833544571187,2264,2229,816.4922,803.8698
TP-D_010_jpg.rf.8e807d0647c50bd1b8d28134da2e26a4.jpg,TP,23,25,0.8960763520678685,895,893,322.7741,322.0528
TP-D_010_jpg.rf.8e807d0647c50bd1b8d28134da2e26a4.jpg,TP,26,15,0.8936170212765957,2236,2303,806.3943,830.5572
TP-D_010_jpg.rf.8e807d0647c50bd1b8d28134da2e26a4.jpg,TP,1,37,0.8929815828770533,1891,1912,681.973,689.5464
TP-D_010_jpg.rf.8e807d0647c50bd1b8d28134da2e26a4.jpg,TP,20,19,0.8890923358618885,7153,7291,2579.6682,2629.4367
TP-D_010_jpg.rf.8e807d0647c50bd1b8d28134da2e26a4.jpg,TP,45,36,0.8889442231075697,1938,1855,698.9231,668.9899
TP-D_010_jpg.rf.8e807d0647c50bd1b8d28134da2e26a4.jpg,TP,32,0,0.8777292576419214,618,672,222.8764,242.351
TP-D_010_jpg.rf.8e807d0647c50bd1b8d28134da2e26a4.jpg,TP,28,7,0.8759018759018758,1293,1307,466.3094,471.3584
TP-D_010_jpg.rf.8e807d0647c50bd1b8d28134da2e26a4.jpg,TP,36,11,0.8630393996247655,1469,1510,529.7823,544.5686
TP-D_010_jpg.rf.8e807d0647c50bd1b8d28134da2e26a4.jpg,TP,31,33,0.843040473840079,938,929,338.2817,335.0359
TP-D_010_jpg.rf.8e807d0647c50bd1b8d28134da2e26a4.jpg,TP,30,16,0.812962962962963,485,494,174.9111,178.1569
TP-D_010_jpg.rf.8e807d0647c50bd1b8d28134da2e26a4.jpg,TP,33,24,0.7990314769975787,362,381,130.5522,137.4044
TP-D_010_jpg.rf.8e807d0647c50bd1b8d28134da2e26a4.jpg,TP,37,5,0.7629382303839732,534,522,192.5825,188.2548
TP-D_010_jpg.rf.8e807d0647c50bd1b8d28134da2e26a4.jpg,TP,41,2,0.7216981132075472,183,182,65.9974,65.6367
TP-D_010_jpg.rf.8e807d0647c50bd1b8d28134da2e26a4.jpg,TP,39,26,0.64,125,80,45.0802,28.8513
TP-D_010_jpg.rf.8e807d0647c50bd1b8d28134da2e26a4.jpg,TP,43,31,0.5969693110913027,7612,4929,2745.2026,1777.6017
TP-D_010_jpg.rf.8e807d0647c50bd1b8d28134da2e26a4.jpg,FP,35,-1,0.0,0,2745,0,989.9607
TP-D_010_jpg.rf.8e807d0647c50bd1b8d28134da2e26a4.jpg,FP,40,-1,0.0,0,1618,0,583.5178
TP-D_010_jpg.rf.8e807d0647c50bd1b8d28134da2e26a4.jpg,FP,42,-1,0.0,0,2954,0,1065.3348
TP-D_010_jpg.rf.8e807d0647c50bd1b8d28134da2e26a4.jpg,FP,44,-1,0.0,0,892,0,321.6922
TP-D_010_jpg.rf.8e807d0647c50bd1b8d28134da2e26a4.jpg,FP,46,-1,0.0,0,2292,0,826.5902
TP-D_010_jpg.rf.8e807d0647c50bd1b8d28134da2e26a4.jpg,FN,-1,4,0.0,20,0,7.2128,0
TP-D_010_jpg.rf.8e807d0647c50bd1b8d28134da2e26a4.jpg,FN,-1,20,0.0,364,0,131.2735,0
TP-D_010_jpg.rf.8e807d0647c50bd1b8d28134da2e26a4.jpg,FN,-1,28,0.0,12,0,4.3277,0
TP-D_010_jpg.rf.8e807d0647c50bd1b8d28134da2e26a4.jpg,FN,-1,34,0.0,67,0,24.163,0
TP-D_010_jpg.rf.8e807d0647c50bd1b8d28134da2e26a4.jpg,FN,-1,43,0.0,56,0,20.1959,0
TP-G_008_jpg.rf.7ce2f84776589571f8d07c60f1c4e63c.jpg,TP,0,8,0.9431039157209806,25315,24854,9129.638,8963.3823
TP-G_008_jpg.rf.7ce2f84776589571f8d07c60f1c4e63c.jpg,TP,12,26,0.9430210325047801,2585,2496,932.2581,900.161
TP-G_008_jpg.rf.7ce2f84776589571f8d07c60f1c4e63c.jpg,TP,3,2,0.9396576733391355,6638,6734,2393.9379,2428.5594
TP-G_008_jpg.rf.7ce2f84776589571f8d07c60f1c4e63c.jpg,TP,4,12,0.9379301217575436,7332,7311,2644.223,2636.6496
TP-G_008_jpg.rf.7ce2f84776589571f8d07c60f1c4e63c.jpg,TP,16,9,0.9368882019577537,7563,7475,2727.5312,2695.7948
TP-G_008_jpg.rf.7ce2f84776589571f8d07c60f1c4e63c.jpg,TP,5,13,0.9336111938076809,6396,6594,2306.6626,2378.0696
TP-G_008_jpg.rf.7ce2f84776589571f8d07c60f1c4e63c.jpg,TP,15,7,0.9333279293154461,23990,23711,8651.7881,8551.1691
TP-G_008_jpg.rf.7ce2f84776589571f8d07c60f1c4e63c.jpg,TP,13,15,0.9300699300699301,2315,2377,834.8849,857.2447
TP-G_008_jpg.rf.7ce2f84776589571f8d07c60f1c4e63c.jpg,TP,10,14,0.9232403718459495,3548,3693,1279.5558,1331.8488
TP-G_008_jpg.rf.7ce2f84776589571f8d07c60f1c4e63c.jpg,TP,11,24,0.9175565326633166,6019,6192,2170.7008,2233.0918
TP-G_008_jpg.rf.7ce2f84776589571f8d07c60f1c4e63c.jpg,TP,1,16,0.9164361912287633,4743,4958,1710.5223,1788.0603
TP-G_008_jpg.rf.7ce2f84776589571f8d07c60f1c4e63c.jpg,TP,9,6,0.9157516891891891,4545,4528,1639.1153,1632.9844
TP-G_008_jpg.rf.7ce2f84776589571f8d07c60f1c4e63c.jpg,TP,8,25,0.9136231884057971,1641,1660,591.8126,598.6648
TP-G_008_jpg.rf.7ce2f84776589571f8d07c60f1c4e63c.jpg,TP,20,1,0.9130384437239463,8331,8190,3004.5038,2953.6534
TP-G_008_jpg.rf.7ce2f84776589571f8d07c60f1c4e63c.jpg,TP,6,11,0.9064085698177035,5054,5090,1822.6818,1835.6649
TP-G_008_jpg.rf.7ce2f84776589571f8d07c60f1c4e63c.jpg,TP,2,20,0.9049979347377117,2269,2343,818.2954,844.9829
TP-G_008_jpg.rf.7ce2f84776589571f8d07c60f1c4e63c.jpg,TP,24,0,0.9032625189681336,5004,5030,1804.6498,1814.0264
TP-G_008_jpg.rf.7ce2f84776589571f8d07c60f1c4e63c.jpg,TP,14,29,0.9007731958762887,757,718,273.0056,258.9406
TP-G_008_jpg.rf.7ce2f84776589571f8d07c60f1c4e63c.jpg,TP,22,22,0.9006479481641468,866,894,312.3155,322.4134
TP-G_008_jpg.rf.7ce2f84776589571f8d07c60f1c4e63c.jpg,TP,23,10,0.9005970149253731,3168,3199,1142.5121,1153.692
TP-G_008_jpg.rf.7ce2f84776589571f8d07c60f1c4e63c.jpg,TP,17,18,0.8953880764904387,865,820,311.9548,295.726
TP-G_008_jpg.rf.7ce2f84776589571f8d07c60f1c4e63c.jpg,TP,7,21,0.8928571428571429,1438,1424,518.6024,513.5534
TP-G_008_jpg.rf.7ce2f84776589571f8d07c60f1c4e63c.jpg,TP,19,19,0.882960413080895,577,517,208.0901,186.4516
TP-G_008_jpg.rf.7ce2f84776589571f8d07c60f1c4e63c.jpg,TP,25,27,0.8643086816720257,1414,1485,509.947,535.5525
TP-G_008_jpg.rf.7ce2f84776589571f8d07c60f1c4e63c.jpg,TP,21,23,0.8451541032305978,2460,2509,887.1779,904.8494
TP-G_008_jpg.rf.7ce2f84776589571f8d07c60f1c4e63c.jpg,TP,18,5,0.7931428571428571,1457,1681,525.4546,606.2383
TP-G_008_jpg.rf.7ce2f84776589571f8d07c60f1c4e63c.jpg,TP,26,3,0.7333333333333333,191,251,68.8825,90.521
TP-G_008_jpg.rf.7ce2f84776589571f8d07c60f1c4e63c.jpg,TP,27,30,0.6284722222222222,235,234,84.7507,84.3901
TP-G_008_jpg.rf.7ce2f84776589571f8d07c60f1c4e63c.jpg,FP,28,-1,0.0,0,813,0,293.2015
TP-G_008_jpg.rf.7ce2f84776589571f8d07c60f1c4e63c.jpg,FN,-1,4,0.0,37,0,13.3437,0
TP-G_008_jpg.rf.7ce2f84776589571f8d07c60f1c4e63c.jpg,FN,-1,17,0.0,47,0,16.9501,0
TP-G_008_jpg.rf.7ce2f84776589571f8d07c60f1c4e63c.jpg,FN,-1,28,0.0,115,0,41.4738,0
TP-G_008_jpg.rf.7ce2f84776589571f8d07c60f1c4e63c.jpg,FN,-1,31,0.0,126,0,45.4408,0
TP-G_008_jpg.rf.7ce2f84776589571f8d07c60f1c4e63c.jpg,FN,-1,32,0.0,57,0,20.5566,0
TP-G_010_jpg.rf.5c8b394cdec2d68bae00b4eb6679ec08.jpg,TP,27,7,0.9573464373464373,19872,19960,7166.6667,7198.4031
TP-G_010_jpg.rf.5c8b394cdec2d68bae00b4eb6679ec08.jpg,TP,30,13,0.9561564217575337,15443,15521,5569.3857,5597.5158
TP-G_010_jpg.rf.5c8b394cdec2d68bae00b4eb6679ec08.jpg,TP,3,22,0.9430237180336558,7255,7409,2616.4536,2671.9924
TP-G_010_jpg.rf.5c8b394cdec2d68bae00b4eb6679ec08.jpg,TP,1,6,0.9382022471910112,5123,5227,1847.5661,1885.0728
TP-G_010_jpg.rf.5c8b394cdec2d68bae00b4eb6679ec08.jpg,TP,28,12,0.9376888217522659,5165,5097,1862.713,1838.1894
TP-G_010_jpg.rf.5c8b394cdec2d68bae00b4eb6679ec08.jpg,TP,29,1,0.931980252331322,5255,5311,1895.1708,1915.3667
TP-G_010_jpg.rf.5c8b394cdec2d68bae00b4eb6679ec08.jpg,TP,4,11,0.9276633055677335,2179,2218,785.8377,799.9027
TP-G_010_jpg.rf.5c8b394cdec2d68bae00b4eb6679ec08.jpg,TP,31,19,0.927545416138572,13797,13578,4975.7699,4896.7895
TP-G_010_jpg.rf.5c8b394cdec2d68bae00b4eb6679ec08.jpg,TP,11,0,0.9266792809839167,2037,2036,734.6266,734.266
TP-G_010_jpg.rf.5c8b394cdec2d68bae00b4eb6679ec08.jpg,TP,14,16,0.9262672811059908,1063,1027,383.3618,370.3788
TP-G_010_jpg.rf.5c8b394cdec2d68bae00b4eb6679ec08.jpg,TP,6,25,0.9245147375988497,1329,1348,479.2925,486.1447
TP-G_010_jpg.rf.5c8b394cdec2d68bae00b4eb6679ec08.jpg,TP,18,5,0.9171695008228196,1709,1786,616.3362,644.1056
TP-G_010_jpg.rf.5c8b394cdec2d68bae00b4eb6679ec08.jpg,TP,13,28,0.9170078154075176,2509,2642,904.8494,952.8147
TP-G_010_jpg.rf.5c8b394cdec2d68bae00b4eb6679ec08.jpg,TP,0,24,0.91688654353562,2852,2960,1028.5494,1067.4987
TP-G_010_jpg.rf.5c8b394cdec2d68bae00b4eb6679ec08.jpg,TP,22,18,0.9157733537519143,633,618,228.286,222.8764
TP-G_010_jpg.rf.5c8b394cdec2d68bae00b4eb6679ec08.jpg,TP,25,33,0.915651358950328,2032,2056,732.8234,741.4788
TP-G_010_jpg.rf.5c8b394cdec2d68bae00b4eb6679ec08.jpg,TP,16,10,0.9147982062780269,5940,6016,2142.2101,2169.6189
TP-G_010_jpg.rf.5c8b394cdec2d68bae00b4eb6679ec08.jpg,TP,20,34,0.9108072916666666,2903,2967,1046.9421,1070.0231
TP-G_010_jpg.rf.5c8b394cdec2d68bae00b4eb6679ec08.jpg,TP,12,20,0.9088872292755787,1272,1284,458.7359,463.0636
TP-G_010_jpg.rf.5c8b394cdec2d68bae00b4eb6679ec08.jpg,TP,7,3,0.9055244195356285,1165,1215,420.1473,438.1793
TP-G_010_jpg.rf.5c8b394cdec2d68bae00b4eb6679ec08.jpg,TP,9,21,0.900709219858156,2637,2723,951.0115,982.0266
TP-G_010_jpg.rf.5c8b394cdec2d68bae00b4eb6679ec08.jpg,TP,8,36,0.8984944147644488,1923,1986,693.5135,716.2339
TP-G_010_jpg.rf.5c8b394cdec2d68bae00b4eb6679ec08.jpg,TP,23,32,0.8958543983822043,909,966,327.8231,348.3796
TP-G_010_jpg.rf.5c8b394cdec2d68bae00b4eb6679ec08.jpg,TP,15,29,0.8951678951678952,3436,3506,1239.164,1264.4089
TP-G_010_jpg.rf.5c8b394cdec2d68bae00b4eb6679ec08.jpg,TP,5,23,0.886417791898332,1160,1215,418.3441,438.1793
TP-G_010_jpg.rf.5c8b394cdec2d68bae00b4eb6679ec08.jpg,TP,17,17,0.8780120481927711,613,634,221.0732,228.6467
TP-G_010_jpg.rf.5c8b394cdec2d68bae00b4eb6679ec08.jpg,TP,10,31,0.8777173913043478,1038,1035,374.3458,373.2639
TP-G_010_jpg.rf.5c8b394cdec2d68bae00b4eb6679ec08.jpg,TP,2,30,0.8559527941686914,2500,2847,901.6036,1026.7462
TP-G_010_jpg.rf.5c8b394cdec2d68bae00b4eb6679ec08.jpg,TP,26,4,0.8296703296703297,159,174,57.342,62.7516
TP-G_010_jpg.rf.5c8b394cdec2d68bae00b4eb6679ec08.jpg,TP,21,8,0.8236196319018405,594,595,214.221,214.5817
TP-G_010_jpg.rf.5c8b394cdec2d68bae00b4eb6679ec08.jpg,TP,19,9,0.8206627680311891,904,964,326.0199,347.6583
TP-G_010_jpg.rf.5c8b394cdec2d68bae00b4eb6679ec08.jpg,TP,24,27,0.6740761715984709,4889,6935,1763.176,2501.0484
TP-G_010_jpg.rf.5c8b394cdec2d68bae00b4eb6679ec08.jpg,FP,32,-1,0.0,0,205,0,73.9315
TP-G_010_jpg.rf.5c8b394cdec2d68bae00b4eb6679ec08.jpg,FP,33,-1,0.0,0,11923,0,4299.9279
TP-G_010_jpg.rf.5c8b394cdec2d68bae00b4eb6679ec08.jpg,FN,-1,2,0.0,44,0,15.8682,0
TP-G_010_jpg.rf.5c8b394cdec2d68bae00b4eb6679ec08.jpg,FN,-1,14,0.0,13298,0,4795.8098,0
TP-G_010_jpg.rf.5c8b394cdec2d68bae00b4eb6679ec08.jpg,FN,-1,15,0.0,128,0,46.1621,0
TP-G_010_jpg.rf.5c8b394cdec2d68bae00b4eb6679ec08.jpg,FN,-1,26,0.0,1923,0,693.5135,0
TP-G_010_jpg.rf.5c8b394cdec2d68bae00b4eb6679ec08.jpg,FN,-1,35,0.0,8645,0,3117.7452,0
ZAINA-679-B_010_jpg.rf.4a3c6644c7fdcdc349eacebe9a97fbd7.jpg,TP,4,9,0.9526883889841622,9583,9774,3456.0269,3524.9094
ZAINA-679-B_010_jpg.rf.4a3c6644c7fdcdc349eacebe9a97fbd7.jpg,TP,16,13,0.9463288965221125,8960,9172,3231.3473,3307.8033
ZAINA-679-B_010_jpg.rf.4a3c6644c7fdcdc349eacebe9a97fbd7.jpg,TP,0,8,0.9440628066732091,7782,8066,2806.5117,2908.9338
ZAINA-679-B_010_jpg.rf.4a3c6644c7fdcdc349eacebe9a97fbd7.jpg,TP,5,22,0.9422617014007516,5585,5785,2014.1824,2086.3107
ZAINA-679-B_010_jpg.rf.4a3c6644c7fdcdc349eacebe9a97fbd7.jpg,TP,9,3,0.9333697433096668,5273,5347,1901.6623,1928.3498
ZAINA-679-B_010_jpg.rf.4a3c6644c7fdcdc349eacebe9a97fbd7.jpg,TP,14,36,0.9320719602977667,3095,3134,1116.1853,1130.2503
ZAINA-679-B_010_jpg.rf.4a3c6644c7fdcdc349eacebe9a97fbd7.jpg,TP,6,34,0.9300518134715026,3297,3408,1189.0348,1229.066
ZAINA-679-B_010_jpg.rf.4a3c6644c7fdcdc349eacebe9a97fbd7.jpg,TP,1,31,0.9295503211991435,4444,4567,1602.6906,1647.0494
ZAINA-679-B_010_jpg.rf.4a3c6644c7fdcdc349eacebe9a97fbd7.jpg,TP,23,1,0.9287690179806363,1418,1371,511.3896,494.4394
ZAINA-679-B_010_jpg.rf.4a3c6644c7fdcdc349eacebe9a97fbd7.jpg,TP,20,15,0.9242919389978214,3488,3578,1257.9173,1290.3751
ZAINA-679-B_010_jpg.rf.4a3c6644c7fdcdc349eacebe9a97fbd7.jpg,TP,18,25,0.9186991869918699,3959,4065,1427.7795,1466.0074
ZAINA-679-B_010_jpg.rf.4a3c6644c7fdcdc349eacebe9a97fbd7.jpg,TP,29,2,0.9166765297668363,7919,8275,2855.9196,2984.3079
ZAINA-679-B_010_jpg.rf.4a3c6644c7fdcdc349eacebe9a97fbd7.jpg,TP,24,4,0.915862986365148,2873,2888,1036.1229,1041.5325
ZAINA-679-B_010_jpg.rf.4a3c6644c7fdcdc349eacebe9a97fbd7.jpg,TP,3,32,0.9143776824034334,4417,4504,1592.9532,1624.329
ZAINA-679-B_010_jpg.rf.4a3c6644c7fdcdc349eacebe9a97fbd7.jpg,TP,10,30,0.9072026800670017,2767,2926,997.8949,1055.2368
ZAINA-679-B_010_jpg.rf.4a3c6644c7fdcdc349eacebe9a97fbd7.jpg,TP,17,7,0.9026707755521315,3637,3772,1311.6529,1360.3395
ZAINA-679-B_010_jpg.rf.4a3c6644c7fdcdc349eacebe9a97fbd7.jpg,TP,21,17,0.9013651877133105,2773,2798,1000.0587,1009.0747
ZAINA-679-B_010_jpg.rf.4a3c6644c7fdcdc349eacebe9a97fbd7.jpg,TP,8,14,0.8970456580125336,3111,3246,1121.9555,1170.6421
ZAINA-679-B_010_jpg.rf.4a3c6644c7fdcdc349eacebe9a97fbd7.jpg,TP,7,28,0.886579139314369,2640,2533,952.0934,913.5048
ZAINA-679-B_010_jpg.rf.4a3c6644c7fdcdc349eacebe9a97fbd7.jpg,TP,28,5,0.8858360966366651,5640,6303,2034.0177,2273.123
ZAINA-679-B_010_jpg.rf.4a3c6644c7fdcdc349eacebe9a97fbd7.jpg,TP,13,10,0.8846335697399527,1952,2034,703.9721,733.5447
ZAINA-679-B_010_jpg.rf.4a3c6644c7fdcdc349eacebe9a97fbd7.jpg,TP,15,27,0.8820614469772051,3640,3956,1312.7348,1426.6975
ZAINA-679-B_010_jpg.rf.4a3c6644c7fdcdc349eacebe9a97fbd7.jpg,TP,12,29,0.8774860779634049,2460,2260,887.1779,815.0497
ZAINA-679-B_010_jpg.rf.4a3c6644c7fdcdc349eacebe9a97fbd7.jpg,TP,31,21,0.8761514841351075,9361,8969,3375.9645,3234.5931
ZAINA-679-B_010_jpg.rf.4a3c6644c7fdcdc349eacebe9a97fbd7.jpg,TP,33,12,0.8694779116465864,2709,2877,976.9777,1037.5654
ZAINA-679-B_010_jpg.rf.4a3c6644c7fdcdc349eacebe9a97fbd7.jpg,TP,34,16,0.8453105968331304,712,803,256.7767,289.5951
ZAINA-679-B_010_jpg.rf.4a3c6644c7fdcdc349eacebe9a97fbd7.jpg,TP,26,26,0.8438453713123093,1718,1907,619.582,687.7432
ZAINA-679-B_010_jpg.rf.4a3c6644c7fdcdc349eacebe9a97fbd7.jpg,TP,32,18,0.8420824920680704,6630,6143,2391.0527,2215.4204
ZAINA-679-B_010_jpg.rf.4a3c6644c7fdcdc349eacebe9a97fbd7.jpg,TP,30,0,0.8391764051196439,1671,1634,602.6318,589.2881
ZAINA-679-B_010_jpg.rf.4a3c6644c7fdcdc349eacebe9a97fbd7.jpg,TP,40,19,0.8179808400884304,1186,1281,427.7207,461.9817
ZAINA-679-B_010_jpg.rf.4a3c6644c7fdcdc349eacebe9a97fbd7.jpg,TP,19,6,0.7539015606242497,684,777,246.6787,280.2184
ZAINA-679-B_010_jpg.rf.4a3c6644c7fdcdc349eacebe9a97fbd7.jpg,TP,22,37,0.7002078558865853,18128,13773,6537.708,4967.1145
ZAINA-679-B_010_jpg.rf.4a3c6644c7fdcdc349eacebe9a97fbd7.jpg,TP,35,23,0.6988010056081996,10063,7506,3629.1348,2706.9746
ZAINA-679-B_010_jpg.rf.4a3c6644c7fdcdc349eacebe9a97fbd7.jpg,TP,2,33,0.5861545961757217,17971,11311,6481.0873,4079.2153
ZAINA-679-B_010_jpg.rf.4a3c6644c7fdcdc349eacebe9a97fbd7.jpg,TP,37,35,0.5461343472750317,7591,4608,2737.6292,1661.8357
ZAINA-679-B_010_jpg.rf.4a3c6644c7fdcdc349eacebe9a97fbd7.jpg,FP,11,-1,0.0,0,7152,0,2579.3076
ZAINA-679-B_010_jpg.rf.4a3c6644c7fdcdc349eacebe9a97fbd7.jpg,FP,25,-1,0.0,0,6810,0,2455.9682
ZAINA-679-B_010_jpg.rf.4a3c6644c7fdcdc349eacebe9a97fbd7.jpg,FP,27,-1,0.0,0,3380,0,1218.9681
ZAINA-679-B_010_jpg.rf.4a3c6644c7fdcdc349eacebe9a97fbd7.jpg,FP,36,-1,0.0,0,1630,0,587.8455
ZAINA-679-B_010_jpg.rf.4a3c6644c7fdcdc349eacebe9a97fbd7.jpg,FP,38,-1,0.0,0,1546,0,557.5517
ZAINA-679-B_010_jpg.rf.4a3c6644c7fdcdc349eacebe9a97fbd7.jpg,FP,39,-1,0.0,0,4656,0,1679.1465
ZAINA-679-B_010_jpg.rf.4a3c6644c7fdcdc349eacebe9a97fbd7.jpg,FP,41,-1,0.0,0,4600,0,1658.9506
ZAINA-679-B_010_jpg.rf.4a3c6644c7fdcdc349eacebe9a97fbd7.jpg,FN,-1,11,0.0,8531,0,3076.6321,0
ZAINA-679-B_010_jpg.rf.4a3c6644c7fdcdc349eacebe9a97fbd7.jpg,FN,-1,20,0.0,439,0,158.3216,0
ZAINA-679-B_010_jpg.rf.4a3c6644c7fdcdc349eacebe9a97fbd7.jpg,FN,-1,24,0.0,3429,0,1236.6395,0
ZAINA-679-B_011_jpg.rf.27d46a055eff6f5810ec4c5c9429b994.jpg,TP,5,14,0.9654860291223928,24971,24972,9005.5774,9005.938
ZAINA-679-B_011_jpg.rf.27d46a055eff6f5810ec4c5c9429b994.jpg,TP,8,4,0.9634565187525759,21375,21501,7708.7107,7754.1516
ZAINA-679-B_011_jpg.rf.27d46a055eff6f5810ec4c5c9429b994.jpg,TP,12,12,0.9547495682210708,25351,25580,9142.6211,9225.208
ZAINA-679-B_011_jpg.rf.27d46a055eff6f5810ec4c5c9429b994.jpg,TP,16,9,0.9542800958643152,15798,16004,5697.4134,5771.7056
ZAINA-679-B_011_jpg.rf.27d46a055eff6f5810ec4c5c9429b994.jpg,TP,7,11,0.9454216982029096,10145,10315,3658.7074,3720.0164
ZAINA-679-B_011_jpg.rf.27d46a055eff6f5810ec4c5c9429b994.jpg,TP,6,15,0.9446657183499289,6714,6957,2421.3466,2508.9825
ZAINA-679-B_011_jpg.rf.27d46a055eff6f5810ec4c5c9429b994.jpg,TP,10,13,0.9395311541908401,20474,20646,7383.7728,7445.8031
ZAINA-679-B_011_jpg.rf.27d46a055eff6f5810ec4c5c9429b994.jpg,TP,3,6,0.9392182130584192,8892,9166,3206.8237,3305.6394
ZAINA-679-B_011_jpg.rf.27d46a055eff6f5810ec4c5c9429b994.jpg,TP,1,18,0.9370030581039756,9412,9590,3394.3572,3458.5514
ZAINA-679-B_011_jpg.rf.27d46a055eff6f5810ec4c5c9429b994.jpg,TP,11,0,0.9358380092705538,3919,4016,1413.3538,1448.336
ZAINA-679-B_011_jpg.rf.27d46a055eff6f5810ec4c5c9429b994.jpg,TP,15,19,0.931021681021681,12866,13141,4640.0127,4739.1891
ZAINA-679-B_011_jpg.rf.27d46a055eff6f5810ec4c5c9429b994.jpg,TP,9,5,0.92970946579194,4069,4167,1467.45,1502.7929
ZAINA-679-B_011_jpg.rf.27d46a055eff6f5810ec4c5c9429b994.jpg,TP,22,2,0.929096411586684,11166,11144,4026.9223,4018.9882
ZAINA-679-B_011_jpg.rf.27d46a055eff6f5810ec4c5c9429b994.jpg,TP,4,16,0.9270516717325228,2504,2568,903.0462,926.1272
ZAINA-679-B_011_jpg.rf.27d46a055eff6f5810ec4c5c9429b994.jpg,TP,13,10,0.9147997284453496,2789,2852,1005.829,1028.5494
ZAINA-679-B_011_jpg.rf.27d46a055eff6f5810ec4c5c9429b994.jpg,TP,2,17,0.9139354515886915,3800,3850,1370.4375,1388.4695
ZAINA-679-B_011_jpg.rf.27d46a055eff6f5810ec4c5c9429b994.jpg,TP,0,8,0.908303249097473,2582,2704,931.1762,975.1744
ZAINA-679-B_011_jpg.rf.27d46a055eff6f5810ec4c5c9429b994.jpg,TP,17,7,0.8938253012048193,2491,2539,898.3578,915.6686
ZAINA-679-B_011_jpg.rf.27d46a055eff6f5810ec4c5c9429b994.jpg,TP,14,1,0.8845252051582649,1584,1631,571.256,588.2062
ZAINA-679-B_011_jpg.rf.27d46a055eff6f5810ec4c5c9429b994.jpg,TP,18,21,0.870837326305702,31917,30554,11510.5928,11019.0385
ZAINA-679-B_011_jpg.rf.27d46a055eff6f5810ec4c5c9429b994.jpg,TP,21,23,0.8352553542009885,527,587,190.058,211.6965
ZAINA-679-B_011_jpg.rf.27d46a055eff6f5810ec4c5c9429b994.jpg,TP,19,20,0.7993451824134705,1736,2111,626.0735,761.3141
ZAINA-679-B_011_jpg.rf.27d46a055eff6f5810ec4c5c9429b994.jpg,TP,20,3,0.7371794871794872,281,261,101.3402,94.1274
ZAINA-679-B_011_jpg.rf.27d46a055eff6f5810ec4c5c9429b994.jpg,FP,23,-1,0.0,0,4839,0,1745.1439
ZAINA-679-B_011_jpg.rf.27d46a055eff6f5810ec4c5c9429b994.jpg,FN,-1,22,0.0,393,0,141.7321,0
ZAZA-B_008_jpg.rf.92ad451b5359143319a46e599a0239d1.jpg,TP,0,7,0.9567698194267302,14519,14631,5236.153,5276.5449
ZAZA-B_008_jpg.rf.92ad451b5359143319a46e599a0239d1.jpg,TP,6,20,0.9412107666893402,9889,10088,3566.3832,3638.1508
ZAZA-B_008_jpg.rf.92ad451b5359143319a46e599a0239d1.jpg,TP,10,27,0.9349115278916157,19713,20419,7109.3247,7363.9375
ZAZA-B_008_jpg.rf.92ad451b5359143319a46e599a0239d1.jpg,TP,4,19,0.9330734243014944,11678,12122,4211.5707,4371.6955
ZAZA-B_008_jpg.rf.92ad451b5359143319a46e599a0239d1.jpg,TP,1,18,0.9279859484777517,3268,3318,1178.5762,1196.6083
ZAZA-B_008_jpg.rf.92ad451b5359143319a46e599a0239d1.jpg,TP,23,8,0.9193787458916027,14563,15220,5252.0213,5488.9627
ZAZA-B_008_jpg.rf.92ad451b5359143319a46e599a0239d1.jpg,TP,3,6,0.9175475687103594,7945,8381,2865.2962,3022.5359
ZAZA-B_008_jpg.rf.92ad451b5359143319a46e599a0239d1.jpg,TP,15,0,0.9082682533779596,7557,7837,2725.3674,2826.347
ZAZA-B_008_jpg.rf.92ad451b5359143319a46e599a0239d1.jpg,TP,20,25,0.9071632354075102,37600,36602,13560.1181,13200.1979
ZAZA-B_008_jpg.rf.92ad451b5359143319a46e599a0239d1.jpg,TP,11,11,0.8957597173144877,3165,3273,1141.4302,1180.3794
ZAZA-B_008_jpg.rf.92ad451b5359143319a46e599a0239d1.jpg,TP,2,9,0.877692588535962,2485,2658,896.194,958.5849
ZAZA-B_008_jpg.rf.92ad451b5359143319a46e599a0239d1.jpg,TP,9,15,0.8601716304896517,1893,1792,682.6942,646.2695
ZAZA-B_008_jpg.rf.92ad451b5359143319a46e599a0239d1.jpg,TP,8,3,0.8540293968575773,1783,1875,643.0237,676.2027
ZAZA-B_008_jpg.rf.92ad451b5359143319a46e599a0239d1.jpg,TP,5,10,0.8529680365296803,982,1047,354.1499,377.5916
ZAZA-B_008_jpg.rf.92ad451b5359143319a46e599a0239d1.jpg,TP,7,17,0.8399195350916406,19872,21287,7166.6667,7676.9743
ZAZA-B_008_jpg.rf.92ad451b5359143319a46e599a0239d1.jpg,TP,12,1,0.7281795511221946,327,366,117.9298,131.9948
ZAZA-B_008_jpg.rf.92ad451b5359143319a46e599a0239d1.jpg,TP,24,4,0.6421052631578947,88,68,31.7364,24.5236
ZAZA-B_008_jpg.rf.92ad451b5359143319a46e599a0239d1.jpg,FP,13,-1,0.0,0,6603,0,2381.3154
ZAZA-B_008_jpg.rf.92ad451b5359143319a46e599a0239d1.jpg,FP,14,-1,0.0,0,803,0,289.5951
ZAZA-B_008_jpg.rf.92ad451b5359143319a46e599a0239d1.jpg,FP,16,-1,0.0,0,10235,0,3691.1651
ZAZA-B_008_jpg.rf.92ad451b5359143319a46e599a0239d1.jpg,FP,17,-1,0.0,0,302,0,108.9137
ZAZA-B_008_jpg.rf.92ad451b5359143319a46e599a0239d1.jpg,FP,18,-1,0.0,0,17187,0,6198.3444
ZAZA-B_008_jpg.rf.92ad451b5359143319a46e599a0239d1.jpg,FP,19,-1,0.0,0,28028,0,10108.0582
ZAZA-B_008_jpg.rf.92ad451b5359143319a46e599a0239d1.jpg,FP,21,-1,0.0,0,8318,0,2999.8155
ZAZA-B_008_jpg.rf.92ad451b5359143319a46e599a0239d1.jpg,FP,22,-1,0.0,0,17998,0,6490.8246
ZAZA-B_008_jpg.rf.92ad451b5359143319a46e599a0239d1.jpg,FP,25,-1,0.0,0,10353,0,3733.7208
ZAZA-B_008_jpg.rf.92ad451b5359143319a46e599a0239d1.jpg,FN,-1,2,0.0,2347,0,846.4255,0
ZAZA-B_008_jpg.rf.92ad451b5359143319a46e599a0239d1.jpg,FN,-1,5,0.0,4728,0,1705.1127,0
ZAZA-B_008_jpg.rf.92ad451b5359143319a46e599a0239d1.jpg,FN,-1,12,0.0,4583,0,1652.8197,0
ZAZA-B_008_jpg.rf.92ad451b5359143319a46e599a0239d1.jpg,FN,-1,13,0.0,5633,0,2031.4932,0
ZAZA-B_008_jpg.rf.92ad451b5359143319a46e599a0239d1.jpg,FN,-1,14,0.0,6269,0,2260.8612,0
ZAZA-B_008_jpg.rf.92ad451b5359143319a46e599a0239d1.jpg,FN,-1,16,0.0,354,0,127.6671,0
ZAZA-B_008_jpg.rf.92ad451b5359143319a46e599a0239d1.jpg,FN,-1,21,0.0,4316,0,1556.5284,0
ZAZA-B_008_jpg.rf.92ad451b5359143319a46e599a0239d1.jpg,FN,-1,22,0.0,8443,0,3044.8957,0
ZAZA-B_008_jpg.rf.92ad451b5359143319a46e599a0239d1.jpg,FN,-1,23,0.0,90,0,32.4577,0
ZAZA-B_008_jpg.rf.92ad451b5359143319a46e599a0239d1.jpg,FN,-1,24,0.0,59,0,21.2778,0
ZAZA-B_008_jpg.rf.92ad451b5359143319a46e599a0239d1.jpg,FN,-1,26,0.0,3207,0,1156.5771,0
ZAZA-D_004_jpg.rf.02ed2d595bd7bc4d5f40bda7d3f8e5d2.jpg,TP,0,1,0.9533535743858681,10499,10732,3786.3745,3870.4039
ZAZA-D_004_jpg.rf.02ed2d595bd7bc4d5f40bda7d3f8e5d2.jpg,TP,12,5,0.9503858875413451,2695,2612,971.9287,941.9954
ZAZA-D_004_jpg.rf.02ed2d595bd7bc4d5f40bda7d3f8e5d2.jpg,TP,1,11,0.9393698281349459,6213,5974,2240.6653,2154.472
ZAZA-D_004_jpg.rf.02ed2d595bd7bc4d5f40bda7d3f8e5d2.jpg,TP,5,8,0.9324487334137516,4938,4674,1780.8474,1685.6381
ZAZA-D_004_jpg.rf.02ed2d595bd7bc4d5f40bda7d3f8e5d2.jpg,TP,9,4,0.9315269132186013,10577,10523,3814.5045,3795.0299
ZAZA-D_004_jpg.rf.02ed2d595bd7bc4d5f40bda7d3f8e5d2.jpg,TP,3,6,0.9254658385093167,1872,1848,675.1208,666.4654
ZAZA-D_004_jpg.rf.02ed2d595bd7bc4d5f40bda7d3f8e5d2.jpg,TP,16,27,0.9252577319587629,7685,7255,2771.5295,2616.4536
ZAZA-D_004_jpg.rf.02ed2d595bd7bc4d5f40bda7d3f8e5d2.jpg,TP,18,17,0.9215719632528071,11451,11139,4129.7051,4017.185
ZAZA-D_004_jpg.rf.02ed2d595bd7bc4d5f40bda7d3f8e5d2.jpg,TP,4,9,0.9206222576785001,2493,2322,899.0791,837.4094
ZAZA-D_004_jpg.rf.02ed2d595bd7bc4d5f40bda7d3f8e5d2.jpg,TP,8,0,0.9143513682891163,4575,4589,1649.9346,1654.9836
ZAZA-D_004_jpg.rf.02ed2d595bd7bc4d5f40bda7d3f8e5d2.jpg,TP,13,21,0.9131774980734652,3883,3565,1400.3707,1285.6867
ZAZA-D_004_jpg.rf.02ed2d595bd7bc4d5f40bda7d3f8e5d2.jpg,TP,21,3,0.9096385542168675,1268,1268,457.2933,457.2933
ZAZA-D_004_jpg.rf.02ed2d595bd7bc4d5f40bda7d3f8e5d2.jpg,TP,2,26,0.9050423260949577,8059,7469,2906.4094,2693.6309
ZAZA-D_004_jpg.rf.02ed2d595bd7bc4d5f40bda7d3f8e5d2.jpg,TP,17,15,0.9014222658165768,8059,7449,2906.4094,2686.4181
ZAZA-D_004_jpg.rf.02ed2d595bd7bc4d5f40bda7d3f8e5d2.jpg,TP,31,2,0.9004735595895816,12158,11921,4384.6786,4299.2066
ZAZA-D_004_jpg.rf.02ed2d595bd7bc4d5f40bda7d3f8e5d2.jpg,TP,10,14,0.8983291859225027,2763,2577,996.4523,929.373
ZAZA-D_004_jpg.rf.02ed2d595bd7bc4d5f40bda7d3f8e5d2.jpg,TP,22,30,0.8933372728615748,6638,6178,2393.9379,2228.0428
ZAZA-D_004_jpg.rf.02ed2d595bd7bc4d5f40bda7d3f8e5d2.jpg,TP,19,28,0.8922423686022493,8572,7917,3091.4184,2855.1983
ZAZA-D_004_jpg.rf.02ed2d595bd7bc4d5f40bda7d3f8e5d2.jpg,TP,15,18,0.8895907023749369,3925,3554,1415.5176,1281.7197
ZAZA-D_004_jpg.rf.02ed2d595bd7bc4d5f40bda7d3f8e5d2.jpg,TP,7,13,0.8880933439405994,3689,3431,1330.4063,1237.3608
ZAZA-D_004_jpg.rf.02ed2d595bd7bc4d5f40bda7d3f8e5d2.jpg,TP,20,12,0.8873456790123457,1218,1228,439.2613,442.8677
ZAZA-D_004_jpg.rf.02ed2d595bd7bc4d5f40bda7d3f8e5d2.jpg,TP,6,16,0.884138520735357,2331,2076,840.6552,748.6916
ZAZA-D_004_jpg.rf.02ed2d595bd7bc4d5f40bda7d3f8e5d2.jpg,TP,33,24,0.8791714614499425,831,802,299.693,289.2344
ZAZA-D_004_jpg.rf.02ed2d595bd7bc4d5f40bda7d3f8e5d2.jpg,TP,11,20,0.8737946201996278,5751,5325,2074.0489,1920.4157
ZAZA-D_004_jpg.rf.02ed2d595bd7bc4d5f40bda7d3f8e5d2.jpg,TP,14,7,0.8599382080329557,886,920,319.5283,331.7901
ZAZA-D_004_jpg.rf.02ed2d595bd7bc4d5f40bda7d3f8e5d2.jpg,TP,28,23,0.8391507736595898,2713,2398,978.4202,864.8182
ZAZA-D_004_jpg.rf.02ed2d595bd7bc4d5f40bda7d3f8e5d2.jpg,TP,25,19,0.8306709265175719,307,266,110.7169,95.9306
ZAZA-D_004_jpg.rf.02ed2d595bd7bc4d5f40bda7d3f8e5d2.jpg,TP,32,22,0.8158899923605806,1273,1104,459.0966,398.1481
ZAZA-D_004_jpg.rf.02ed2d595bd7bc4d5f40bda7d3f8e5d2.jpg,TP,23,29,0.8043925875085792,1457,1172,525.4546,422.6718
ZAZA-D_004_jpg.rf.02ed2d595bd7bc4d5f40bda7d3f8e5d2.jpg,TP,24,31,0.7840565085771948,991,777,357.3957,280.2184
ZAZA-D_004_jpg.rf.02ed2d595bd7bc4d5f40bda7d3f8e5d2.jpg,TP,26,25,0.7745076344323966,7574,8464,2731.4983,3052.4691
ZAZA-D_004_jpg.rf.02ed2d595bd7bc4d5f40bda7d3f8e5d2.jpg,TP,27,34,0.7173252279635258,974,721,351.2648,260.0225
ZAZA-D_004_jpg.rf.02ed2d595bd7bc4d5f40bda7d3f8e5d2.jpg,TP,30,32,0.5897796918999503,7451,11744,2687.1394,4235.3731
ZAZA-D_004_jpg.rf.02ed2d595bd7bc4d5f40bda7d3f8e5d2.jpg,FP,29,-1,0.0,0,2455,0,885.3747
ZAZA-D_004_jpg.rf.02ed2d595bd7bc4d5f40bda7d3f8e5d2.jpg,FN,-1,10,0.0,38,0,13.7044,0
ZAZA-D_004_jpg.rf.02ed2d595bd7bc4d5f40bda7d3f8e5d2.jpg,FN,-1,33,0.0,4467,0,1610.9853,0
ZAZA-G_010_jpg.rf.cd14098445a0a54c10014aaa7d8f975c.jpg,TP,13,7,0.9545032497678737,4196,4224,1513.2515,1523.3494
ZAZA-G_010_jpg.rf.cd14098445a0a54c10014aaa7d8f975c.jpg,TP,6,11,0.9509541984732824,5116,5107,1845.0416,1841.7958
ZAZA-G_010_jpg.rf.cd14098445a0a54c10014aaa7d8f975c.jpg,TP,18,16,0.9392638036809816,1629,1532,587.4849,552.5027
ZAZA-G_010_jpg.rf.cd14098445a0a54c10014aaa7d8f975c.jpg,TP,23,8,0.9374343222051572,11902,12066,4292.3544,4351.4996
ZAZA-G_010_jpg.rf.cd14098445a0a54c10014aaa7d8f975c.jpg,TP,16,24,0.931883811788687,5704,5669,2057.0988,2044.4763
ZAZA-G_010_jpg.rf.cd14098445a0a54c10014aaa7d8f975c.jpg,TP,7,5,0.9273588174154059,8319,8370,3000.1761,3018.5688
ZAZA-G_010_jpg.rf.cd14098445a0a54c10014aaa7d8f975c.jpg,TP,3,12,0.92372234935164,6474,6136,2334.7927,2212.8959
ZAZA-G_010_jpg.rf.cd14098445a0a54c10014aaa7d8f975c.jpg,TP,2,15,0.9229386077575135,3742,3744,1349.5203,1350.2415
ZAZA-G_010_jpg.rf.cd14098445a0a54c10014aaa7d8f975c.jpg,TP,10,27,0.921900826446281,2339,2312,843.5403,833.803
ZAZA-G_010_jpg.rf.cd14098445a0a54c10014aaa7d8f975c.jpg,TP,1,14,0.9211092003439381,4590,4347,1655.3442,1567.7083
ZAZA-G_010_jpg.rf.cd14098445a0a54c10014aaa7d8f975c.jpg,TP,17,25,0.9196652719665271,3423,3459,1234.4756,1247.4587
ZAZA-G_010_jpg.rf.cd14098445a0a54c10014aaa7d8f975c.jpg,TP,12,6,0.9194865810968494,4175,4050,1505.678,1460.5978
ZAZA-G_010_jpg.rf.cd14098445a0a54c10014aaa7d8f975c.jpg,TP,11,0,0.9191220685508118,3302,3081,1190.838,1111.1363
ZAZA-G_010_jpg.rf.cd14098445a0a54c10014aaa7d8f975c.jpg,TP,9,1,0.9187587168758717,5623,5383,2027.8868,1941.3329
ZAZA-G_010_jpg.rf.cd14098445a0a54c10014aaa7d8f975c.jpg,TP,5,3,0.9177700348432056,5429,5579,1957.9224,2012.0186
ZAZA-G_010_jpg.rf.cd14098445a0a54c10014aaa7d8f975c.jpg,TP,21,9,0.9158189216683622,7426,7640,2678.1233,2755.3006
ZAZA-G_010_jpg.rf.cd14098445a0a54c10014aaa7d8f975c.jpg,TP,0,2,0.9152977412731006,3728,3734,1344.4713,1346.6351
ZAZA-G_010_jpg.rf.cd14098445a0a54c10014aaa7d8f975c.jpg,TP,4,10,0.9124018090930731,4020,4014,1449.7786,1447.6147
ZAZA-G_010_jpg.rf.cd14098445a0a54c10014aaa7d8f975c.jpg,TP,8,23,0.9117009750812568,5252,5335,1894.0888,1924.0221
ZAZA-G_010_jpg.rf.cd14098445a0a54c10014aaa7d8f975c.jpg,TP,14,4,0.9108354332234929,5099,4759,1838.9107,1716.2926
ZAZA-G_010_jpg.rf.cd14098445a0a54c10014aaa7d8f975c.jpg,TP,20,28,0.9105581708137189,2808,2874,1012.6812,1036.4835
ZAZA-G_010_jpg.rf.cd14098445a0a54c10014aaa7d8f975c.jpg,TP,15,13,0.9098918702442932,4747,4791,1711.9649,1727.8331
ZAZA-G_010_jpg.rf.cd14098445a0a54c10014aaa7d8f975c.jpg,TP,24,26,0.9032558139534884,2070,2022,746.5278,729.217
ZAZA-G_010_jpg.rf.cd14098445a0a54c10014aaa7d8f975c.jpg,TP,25,22,0.8967509025270758,1385,1242,499.4884,447.9167
ZAZA-G_010_jpg.rf.cd14098445a0a54c10014aaa7d8f975c.jpg,TP,22,21,0.8923375363724539,1964,1938,708.2998,698.9231
ZAZA-G_010_jpg.rf.cd14098445a0a54c10014aaa7d8f975c.jpg,TP,19,17,0.8866310160427807,925,839,333.5933,302.5782
ZAZA-G_010_jpg.rf.cd14098445a0a54c10014aaa7d8f975c.jpg,FN,-1,18,0.0,157,0,56.6207,0
ZAZA-G_010_jpg.rf.cd14098445a0a54c10014aaa7d8f975c.jpg,FN,-1,19,0.0,74,0,26.6875,0
ZAZA-G_010_jpg.rf.cd14098445a0a54c10014aaa7d8f975c.jpg,FN,-1,20,0.0,28,0,10.098,0
ZAZA-G_012_jpg.rf.b65fca463e4411032a599acd7494f06d.jpg,TP,5,23,0.9420103092783505,6815,6748,2457.7714,2433.6084
ZAZA-G_012_jpg.rf.b65fca463e4411032a599acd7494f06d.jpg,TP,6,15,0.9411764705882353,1824,1806,657.81,651.3184
ZAZA-G_012_jpg.rf.b65fca463e4411032a599acd7494f06d.jpg,TP,10,13,0.9360418342719228,4857,4769,1751.6355,1719.899
ZAZA-G_012_jpg.rf.b65fca463e4411032a599acd7494f06d.jpg,TP,3,31,0.9359395532194481,2957,2936,1066.4167,1058.8433
ZAZA-G_012_jpg.rf.b65fca463e4411032a599acd7494f06d.jpg,TP,19,18,0.9350838803792852,6625,6640,2389.2495,2394.6592
ZAZA-G_012_jpg.rf.b65fca463e4411032a599acd7494f06d.jpg,TP,4,27,0.9305259417199716,5401,5464,1947.8244,1970.5448
ZAZA-G_012_jpg.rf.b65fca463e4411032a599acd7494f06d.jpg,TP,17,19,0.9304891504229497,2578,2671,929.7336,963.2733
ZAZA-G_012_jpg.rf.b65fca463e4411032a599acd7494f06d.jpg,TP,0,22,0.9286727169597278,6770,6831,2441.5425,2463.5417
ZAZA-G_012_jpg.rf.b65fca463e4411032a599acd7494f06d.jpg,TP,8,16,0.9278758368837492,3177,3158,1145.7579,1138.9057
ZAZA-G_012_jpg.rf.b65fca463e4411032a599acd7494f06d.jpg,TP,14,32,0.926544450025113,7756,7587,2797.135,2736.1866
ZAZA-G_012_jpg.rf.b65fca463e4411032a599acd7494f06d.jpg,TP,2,24,0.9252032520325203,4100,4188,1478.6299,1510.3663
ZAZA-G_012_jpg.rf.b65fca463e4411032a599acd7494f06d.jpg,TP,13,10,0.9205865764241399,8569,8457,3090.3365,3049.9446
ZAZA-G_012_jpg.rf.b65fca463e4411032a599acd7494f06d.jpg,TP,16,7,0.9175377468060395,4903,5003,1768.225,1804.2891
ZAZA-G_012_jpg.rf.b65fca463e4411032a599acd7494f06d.jpg,TP,12,20,0.9113310867733783,4570,4505,1648.1314,1624.6897
ZAZA-G_012_jpg.rf.b65fca463e4411032a599acd7494f06d.jpg,TP,29,34,0.9089441996151698,15321,15434,5525.3875,5566.14
ZAZA-G_012_jpg.rf.b65fca463e4411032a599acd7494f06d.jpg,TP,11,28,0.898257303946694,3694,3713,1332.2095,1339.0617
ZAZA-G_012_jpg.rf.b65fca463e4411032a599acd7494f06d.jpg,TP,21,9,0.8981512050181578,5756,5743,2075.8521,2071.1638
ZAZA-G_012_jpg.rf.b65fca463e4411032a599acd7494f06d.jpg,TP,25,33,0.8977556109725686,1135,1148,409.328,414.0164
ZAZA-G_012_jpg.rf.b65fca463e4411032a599acd7494f06d.jpg,TP,7,21,0.8975963121501481,2877,2886,1037.5654,1040.8112
ZAZA-G_012_jpg.rf.b65fca463e4411032a599acd7494f06d.jpg,TP,9,11,0.892337945080413,13173,13772,4750.7297,4966.7539
ZAZA-G_012_jpg.rf.b65fca463e4411032a599acd7494f06d.jpg,TP,23,2,0.8911301464492953,6805,6883,2454.165,2482.295
ZAZA-G_012_jpg.rf.b65fca463e4411032a599acd7494f06d.jpg,TP,1,26,0.8894948335246843,3386,3197,1221.1319,1152.9707
ZAZA-G_012_jpg.rf.b65fca463e4411032a599acd7494f06d.jpg,TP,15,25,0.8730272596843616,1274,1337,459.4572,482.1776
ZAZA-G_012_jpg.rf.b65fca463e4411032a599acd7494f06d.jpg,TP,24,8,0.864321608040201,3658,3762,1319.2264,1356.7331
ZAZA-G_012_jpg.rf.b65fca463e4411032a599acd7494f06d.jpg,TP,20,1,0.8635135135135135,665,714,239.8266,257.498
ZAZA-G_012_jpg.rf.b65fca463e4411032a599acd7494f06d.jpg,TP,18,29,0.8301886792452831,532,535,191.8612,192.9432
ZAZA-G_012_jpg.rf.b65fca463e4411032a599acd7494f06d.jpg,TP,22,0,0.8249683677773092,4280,4374,1543.5454,1577.4457
ZAZA-G_012_jpg.rf.b65fca463e4411032a599acd7494f06d.jpg,TP,31,14,0.7722457627118644,811,862,292.4802,310.8729
ZAZA-G_012_jpg.rf.b65fca463e4411032a599acd7494f06d.jpg,TP,28,17,0.7637795275590551,116,108,41.8344,38.9493
ZAZA-G_012_jpg.rf.b65fca463e4411032a599acd7494f06d.jpg,TP,32,12,0.66872513508699,11864,16239,4278.65,5856.4563
ZAZA-G_012_jpg.rf.b65fca463e4411032a599acd7494f06d.jpg,FP,26,-1,0.0,0,8535,0,3078.0747
ZAZA-G_012_jpg.rf.b65fca463e4411032a599acd7494f06d.jpg,FP,27,-1,0.0,0,6705,0,2418.1008
ZAZA-G_012_jpg.rf.b65fca463e4411032a599acd7494f06d.jpg,FP,30,-1,0.0,0,4181,0,1507.8419
ZAZA-G_012_jpg.rf.b65fca463e4411032a599acd7494f06d.jpg,FN,-1,3,0.0,25,0,9.016,0
ZAZA-G_012_jpg.rf.b65fca463e4411032a599acd7494f06d.jpg,FN,-1,4,0.0,30,0,10.8192,0
ZAZA-G_012_jpg.rf.b65fca463e4411032a599acd7494f06d.jpg,FN,-1,5,0.0,2492,0,898.7185,0
ZAZA-G_012_jpg.rf.b65fca463e4411032a599acd7494f06d.jpg,FN,-1,6,0.0,7018,0,2530.9816,0
ZAZA-G_012_jpg.rf.b65fca463e4411032a599acd7494f06d.jpg,FN,-1,30,0.0,16,0,5.7703,0
