Tile,Match_Type,AI_Index,GT_Index,IoU,GT_Area_px,AI_Area_px,GT_Area_um2,AI_Area_um2
ROSILHA-M-B_011_jpg.rf.4a966541cdff84d474cd4516dd35b742_r0c0.jpg,TP,2,17,0.8663667636940989,3699,3354,42.630321983399064,38.65425788924587
ROSILHA-M-B_011_jpg.rf.4a966541cdff84d474cd4516dd35b742_r0c0.jpg,TP,4,12,0.8524696146883889,6767,7560,77.98848036270924,87.12766536753094
ROSILHA-M-B_011_jpg.rf.4a966541cdff84d474cd4516dd35b742_r0c0.jpg,TP,6,9,0.8511244230580379,18699,19001,215.5026739031033,218.98317058842002
ROSILHA-M-B_011_jpg.rf.4a966541cdff84d474cd4516dd35b742_r0c0.jpg,TP,8,0,0.8431970713849909,1499,1522,17.27571036850911,17.540781308119325
ROSILHA-M-B_011_jpg.rf.4a966541cdff84d474cd4516dd35b742_r0c0.jpg,TP,9,14,0.842752171008684,6752,7041,77.81560801078953,81.14628199110916
ROSILHA-M-B_011_jpg.rf.4a966541cdff84d474cd4516dd35b742_r0c0.jpg,TP,7,18,0.8137726767863754,4809,4989,55.42287602545718,57.497344248493626
ROSILHA-M-B_011_jpg.rf.4a966541cdff84d474cd4516dd35b742_r0c0.jpg,TP,5,5,0.8131293570875291,4218,5145,48.61170535982083,59.295216708458554
ROSILHA-M-B_011_jpg.rf.4a966541cdff84d474cd4516dd35b742_r0c0.jpg,TP,3,16,0.7719201903715907,5445,4235,62.75266374685264,48.80762735866316
ROSILHA-M-B_011_jpg.rf.4a966541cdff84d474cd4516dd35b742_r0c0.jpg,TP,12,1,0.7585253456221198,1074,834,12.377660397450823,9.611702766735556
ROSILHA-M-B_011_jpg.rf.4a966541cdff84d474cd4516dd35b742_r0c0.jpg,TP,10,4,0.7481977342945417,1909,1486,22.000887987647694,17.12588766351203
ROSILHA-M-B_011_jpg.rf.4a966541cdff84d474cd4516dd35b742_r0c0.jpg,TP,15,10,0.7480075901328274,2565,2041,29.561172178269423,23.52216468454109
ROSILHA-M-B_011_jpg.rf.4a966541cdff84d474cd4516dd35b742_r0c0.jpg,TP,1,2,0.6803551609322974,3558,2498,41.00532187535384,28.78900900636141
ROSILHA-M-B_011_jpg.rf.4a966541cdff84d474cd4516dd35b742_r0c0.jpg,TP,11,3,0.5277577505407354,1037,1082,11.951241929382219,12.469858985141332
ROSILHA-M-B_011_jpg.rf.4a966541cdff84d474cd4516dd35b742_r0c0.jpg,FP,0,-1,0.0,0,3955,0.0,45.58067678949535
ROSILHA-M-B_011_jpg.rf.4a966541cdff84d474cd4516dd35b742_r0c0.jpg,FP,13,-1,0.0,0,11154,0.0,128.54788088749208
ROSILHA-M-B_011_jpg.rf.4a966541cdff84d474cd4516dd35b742_r0c0.jpg,FP,14,-1,0.0,0,4159,0.0,47.93174077560333
ROSILHA-M-B_011_jpg.rf.4a966541cdff84d474cd4516dd35b742_r0c0.jpg,FP,16,-1,0.0,0,4446,0.0,51.23936510900034
ROSILHA-M-B_011_jpg.rf.4a966541cdff84d474cd4516dd35b742_r0c0.jpg,FP,17,-1,0.0,0,6408,0.0,73.85106874009765
ROSILHA-M-B_011_jpg.rf.4a966541cdff84d474cd4516dd35b742_r0c0.jpg,FP,18,-1,0.0,0,9693,0.0,111.71011381051288
ROSILHA-M-B_011_jpg.rf.4a966541cdff84d474cd4516dd35b742_r0c0.jpg,FP,19,-1,0.0,0,592,0.0,6.8226954890976605
ROSILHA-M-B_011_jpg.rf.4a966541cdff84d474cd4516dd35b742_r0c0.jpg,FN,-1,6,0.0,4627,0,53.3253581554981,0.0
ROSILHA-M-B_011_jpg.rf.4a966541cdff84d474cd4516dd35b742_r0c0.jpg,FN,-1,7,0.0,1443,0,16.63032025467555,0.0
ROSILHA-M-B_011_jpg.rf.4a966541cdff84d474cd4516dd35b742_r0c0.jpg,FN,-1,8,0.0,4890,0,56.35638672582358,0.0
ROSILHA-M-B_011_jpg.rf.4a966541cdff84d474cd4516dd35b742_r0c0.jpg,FN,-1,11,0.0,17506,0,201.75355951375616,0.0
ROSILHA-M-B_011_jpg.rf.4a966541cdff84d474cd4516dd35b742_r0c0.jpg,FN,-1,13,0.0,6342,0,73.09043039165095,0.0
ROSILHA-M-B_011_jpg.rf.4a966541cdff84d474cd4516dd35b742_r0c0.jpg,FN,-1,15,0.0,13312,0,153.41844991700685,0.0
ROSILHA-M-B_011_jpg.rf.4a966541cdff84d474cd4516dd35b742_r0c0.jpg,FN,-1,19,0.0,8359,0,96.33599931312051,0.0
ROSILHA-M-B_011_jpg.rf.4a966541cdff84d474cd4516dd35b742_r0c1.jpg,TP,10,0,0.9292541313086199,21216,21980,244.51065455522968,253.31561967967326
ROSILHA-M-B_011_jpg.rf.4a966541cdff84d474cd4516dd35b742_r0c1.jpg,TP,9,1,0.9210770659238626,7041,7442,81.14628199110916,85.76773619909594
ROSILHA-M-B_011_jpg.rf.4a966541cdff84d474cd4516dd35b742_r0c1.jpg,TP,2,18,0.9080287877371717,10050,10364,115.82447578620184,119.44327035305432
ROSILHA-M-B_011_jpg.rf.4a966541cdff84d474cd4516dd35b742_r0c1.jpg,TP,15,21,0.9074158672148622,6049,6477,69.71365711748606,74.6462815589283
ROSILHA-M-B_011_jpg.rf.4a966541cdff84d474cd4516dd35b742_r0c1.jpg,TP,4,13,0.9037686240140228,5263,5598,60.65514587689356,64.51596173643362
ROSILHA-M-B_011_jpg.rf.4a966541cdff84d474cd4516dd35b742_r0c1.jpg,TP,13,2,0.8844565975014744,17900,17247,206.29433995751373,198.76863023727594
ROSILHA-M-B_011_jpg.rf.4a966541cdff84d474cd4516dd35b742_r0c1.jpg,TP,8,6,0.8828902522154056,6981,6830,80.45479258343035,78.714544240772
ROSILHA-M-B_011_jpg.rf.4a966541cdff84d474cd4516dd35b742_r0c1.jpg,TP,20,11,0.8714996074326092,3442,3709,39.66844235384146,42.7455702180122
ROSILHA-M-B_011_jpg.rf.4a966541cdff84d474cd4516dd35b742_r0c1.jpg,TP,3,14,0.8694732388407024,4482,4355,51.65425875360763,50.1906061740208
ROSILHA-M-B_011_jpg.rf.4a966541cdff84d474cd4516dd35b742_r0c1.jpg,TP,19,9,0.8654296523148982,5059,5296,58.30408189078558,61.03546505111691
ROSILHA-M-B_011_jpg.rf.4a966541cdff84d474cd4516dd35b742_r0c1.jpg,TP,7,20,0.865121909043749,5500,5286,63.38652903722489,60.920216816503775
ROSILHA-M-B_011_jpg.rf.4a966541cdff84d474cd4516dd35b742_r0c1.jpg,TP,6,17,0.8639305177111717,5791,5154,66.74025266446715,59.39894011961037
ROSILHA-M-B_011_jpg.rf.4a966541cdff84d474cd4516dd35b742_r0c1.jpg,TP,17,7,0.8496597078840713,11858,12330,136.66135660425687,142.10107327799687
ROSILHA-M-B_011_jpg.rf.4a966541cdff84d474cd4516dd35b742_r0c1.jpg,TP,5,15,0.843976959679439,3880,3483,44.716315029896826,40.14096011575533
ROSILHA-M-B_011_jpg.rf.4a966541cdff84d474cd4516dd35b742_r0c1.jpg,TP,1,19,0.8321342925659473,4493,3911,51.78103181168208,45.07358455719755
ROSILHA-M-B_011_jpg.rf.4a966541cdff84d474cd4516dd35b742_r0c1.jpg,TP,16,5,0.8189204875217644,7779,7891,89.65160170555862,90.94238193322575
ROSILHA-M-B_011_jpg.rf.4a966541cdff84d474cd4516dd35b742_r0c1.jpg,TP,21,16,0.8066600397614314,1723,1912,19.85727082384336,22.035462458031635
ROSILHA-M-B_011_jpg.rf.4a966541cdff84d474cd4516dd35b742_r0c1.jpg,TP,12,4,0.7732777446892992,4806,4126,55.38830155507324,47.55142160137998
ROSILHA-M-B_011_jpg.rf.4a966541cdff84d474cd4516dd35b742_r0c1.jpg,TP,18,3,0.7000964320154291,739,1024,8.516844537910762,11.801419224385143
ROSILHA-M-B_011_jpg.rf.4a966541cdff84d474cd4516dd35b742_r0c1.jpg,TP,0,12,0.6544709036429586,29740,22715,342.7482497394669,261.7863649237388
ROSILHA-M-B_011_jpg.rf.4a966541cdff84d474cd4516dd35b742_r0c1.jpg,FP,11,-1,0.0,0,9182,0.0,105.82092902178162
ROSILHA-M-B_011_jpg.rf.4a966541cdff84d474cd4516dd35b742_r0c1.jpg,FP,14,-1,0.0,0,19942,0.0,229.82802946551612
ROSILHA-M-B_011_jpg.rf.4a966541cdff84d474cd4516dd35b742_r0c1.jpg,FP,22,-1,0.0,0,9733,0.0,112.17110674896543
ROSILHA-M-B_011_jpg.rf.4a966541cdff84d474cd4516dd35b742_r0c1.jpg,FN,-1,8,0.0,58331,0,672.2544773218846,0.0
ROSILHA-M-B_011_jpg.rf.4a966541cdff84d474cd4516dd35b742_r0c1.jpg,FN,-1,10,0.0,2188,0,25.21631373335419,0.0
ROSILHA-M-B_011_jpg.rf.4a966541cdff84d474cd4516dd35b742_r0c2.jpg,TP,6,0,0.899155722326454,3980,4118,45.86879737602819,47.45922301368947
ROSILHA-M-B_011_jpg.rf.4a966541cdff84d474cd4516dd35b742_r0c2.jpg,TP,0,1,0.8514901927485777,20606,23004,237.48051224382837,265.1170389040584
ROSILHA-M-B_011_jpg.rf.4a966541cdff84d474cd4516dd35b742_r0c2.jpg,TP,7,3,0.8262008733624454,2170,2012,25.008866911050546,23.187944804162996
ROSILHA-M-B_011_jpg.rf.4a966541cdff84d474cd4516dd35b742_r0c2.jpg,TP,4,2,0.813318575908504,4802,5028,55.34220226122798,57.94681236348486
ROSILHA-M-B_011_jpg.rf.4a966541cdff84d474cd4516dd35b742_r0c2.jpg,TP,2,7,0.7347745234774523,7190,7736,82.8634806868449,89.15603429672213
ROSILHA-M-B_011_jpg.rf.4a966541cdff84d474cd4516dd35b742_r0c2.jpg,TP,3,6,0.7137513359458496,8014,11228,92.35993521896732,129.40071782362926
ROSILHA-M-B_011_jpg.rf.4a966541cdff84d474cd4516dd35b742_r0c2.jpg,FP,1,-1,0.0,0,10468,0.0,120.64185199303093
ROSILHA-M-B_011_jpg.rf.4a966541cdff84d474cd4516dd35b742_r0c2.jpg,FP,5,-1,0.0,0,9355,0.0,107.81472348058888
ROSILHA-M-B_011_jpg.rf.4a966541cdff84d474cd4516dd35b742_r0c2.jpg,FP,8,-1,0.0,0,5062,0.0,58.33865636116953
ROSILHA-M-B_011_jpg.rf.4a966541cdff84d474cd4516dd35b742_r0c2.jpg,FP,9,-1,0.0,0,12497,0.0,144.02571879603624
ROSILHA-M-B_011_jpg.rf.4a966541cdff84d474cd4516dd35b742_r0c2.jpg,FP,10,-1,0.0,0,1767,0.0,20.36436305614116
ROSILHA-M-B_011_jpg.rf.4a966541cdff84d474cd4516dd35b742_r0c2.jpg,FN,-1,4,0.0,23784,0,274.106401203883,0.0
ROSILHA-M-B_011_jpg.rf.4a966541cdff84d474cd4516dd35b742_r0c2.jpg,FN,-1,5,0.0,33189,0,382.4973658575376,0.0
ROSILHA-M-B_011_jpg.rf.4a966541cdff84d474cd4516dd35b742_r1c0.jpg,TP,0,0,0.6626884422110553,1500,1147,17.287235191970424,13.218972510126717
ROSILHA-M-B_011_jpg.rf.4a966541cdff84d474cd4516dd35b742_r1c1.jpg,TP,0,2,0.8960232191048424,19614,17622,226.04788737020527,203.09043903526853
ROSILHA-M-B_011_jpg.rf.4a966541cdff84d474cd4516dd35b742_r1c1.jpg,TP,2,7,0.8937569719583028,23433,25799,270.06118816896196,297.32892047842995
ROSILHA-M-B_011_jpg.rf.4a966541cdff84d474cd4516dd35b742_r1c1.jpg,TP,6,13,0.8879253807476499,13302,12606,153.3032016823937,145.28192455331944
ROSILHA-M-B_011_jpg.rf.4a966541cdff84d474cd4516dd35b742_r1c1.jpg,TP,10,8,0.8725826942078765,20580,19218,237.18086683383422,221.48405727952508
ROSILHA-M-B_011_jpg.rf.4a966541cdff84d474cd4516dd35b742_r1c1.jpg,TP,11,9,0.8717429384716444,17270,16923,199.03370117688615,195.03458743581032
ROSILHA-M-B_011_jpg.rf.4a966541cdff84d474cd4516dd35b742_r1c1.jpg,TP,9,4,0.8655902704969596,4212,4685,48.54255641905295,53.99379791625429
ROSILHA-M-B_011_jpg.rf.4a966541cdff84d474cd4516dd35b742_r1c1.jpg,TP,8,6,0.8499465730422836,6127,5992,70.61259334746852,69.05674218019118
ROSILHA-M-B_011_jpg.rf.4a966541cdff84d474cd4516dd35b742_r1c1.jpg,TP,5,12,0.8497907301193613,12216,11650,140.78724340340713,134.26419332430362
ROSILHA-M-B_011_jpg.rf.4a966541cdff84d474cd4516dd35b742_r1c1.jpg,TP,3,3,0.8469878285772732,9388,8670,108.19504265481223,99.92021940958905
ROSILHA-M-B_011_jpg.rf.4a966541cdff84d474cd4516dd35b742_r1c1.jpg,TP,4,0,0.8459271168274384,7302,6476,84.15426091451202,74.63475673546698
ROSILHA-M-B_011_jpg.rf.4a966541cdff84d474cd4516dd35b742_r1c1.jpg,TP,1,5,0.837141691318984,16981,19038,195.70302719656652,219.4095890564886
ROSILHA-M-B_011_jpg.rf.4a966541cdff84d474cd4516dd35b742_r1c1.jpg,TP,7,1,0.7963530740680975,5828,5304,67.16667113253575,61.12766363880742
ROSILHA-M-B_011_jpg.rf.4a966541cdff84d474cd4516dd35b742_r1c1.jpg,FP,12,-1,0.0,0,8840,0.0,101.87943939801237
ROSILHA-M-B_011_jpg.rf.4a966541cdff84d474cd4516dd35b742_r1c1.jpg,FN,-1,10,0.0,7952,0,91.64539616436588,0.0
ROSILHA-M-B_011_jpg.rf.4a966541cdff84d474cd4516dd35b742_r1c1.jpg,FN,-1,11,0.0,18562,0,213.92377308890335,0.0
ROSILHA-M-B_011_jpg.rf.4a966541cdff84d474cd4516dd35b742_r1c2.jpg,TP,1,5,0.9194471865745311,14554,14612,167.73228065595836,168.40072041671456
ROSILHA-M-B_011_jpg.rf.4a966541cdff84d474cd4516dd35b742_r1c2.jpg,TP,5,4,0.9094358356086664,27246,26602,314.00534002695076,306.5833537178648
ROSILHA-M-B_011_jpg.rf.4a966541cdff84d474cd4516dd35b742_r1c2.jpg,TP,3,6,0.9034947409238524,19499,19772,224.7225326721542,227.8688094770928
ROSILHA-M-B_011_jpg.rf.4a966541cdff84d474cd4516dd35b742_r1c2.jpg,TP,4,0,0.8880470541321902,18425,19453,212.34487227470336,224.19239079293376
ROSILHA-M-B_011_jpg.rf.4a966541cdff84d474cd4516dd35b742_r1c2.jpg,TP,10,8,0.8740807567183356,32081,36471,369.72786146240213,420.3218364575689
ROSILHA-M-B_011_jpg.rf.4a966541cdff84d474cd4516dd35b742_r1c2.jpg,TP,2,3,0.8518995161124266,18623,17352,214.62678732004346,199.97873670071385
ROSILHA-M-B_011_jpg.rf.4a966541cdff84d474cd4516dd35b742_r1c2.jpg,TP,0,9,0.8051270417422868,3838,4119,44.232272444521655,47.47074783715078
ROSILHA-M-B_011_jpg.rf.4a966541cdff84d474cd4516dd35b742_r1c2.jpg,TP,6,7,0.7546096061916686,11148,11976,128.4787319467242,138.02128577269187
ROSILHA-M-B_011_jpg.rf.4a966541cdff84d474cd4516dd35b742_r1c2.jpg,FP,7,-1,0.0,0,21434,0.0,247.02306606979604
ROSILHA-M-B_011_jpg.rf.4a966541cdff84d474cd4516dd35b742_r1c2.jpg,FP,8,-1,0.0,0,21862,0.0,251.95569051123826
ROSILHA-M-B_011_jpg.rf.4a966541cdff84d474cd4516dd35b742_r1c2.jpg,FP,9,-1,0.0,0,17395,0.0,200.47430410955036
ROSILHA-M-B_011_jpg.rf.4a966541cdff84d474cd4516dd35b742_r1c2.jpg,FN,-1,1,0.0,809,0,9.323582180202715,0.0
ROSILHA-M-B_011_jpg.rf.4a966541cdff84d474cd4516dd35b742_r1c2.jpg,FN,-1,2,0.0,44340,0,511.01067227464574,0.0
ROSILHA-M-B_011_jpg.rf.4a966541cdff84d474cd4516dd35b742_r2c0.jpg,TP,2,8,0.9076414986903542,8134,8617,93.74291403432495,99.30940376613943
ROSILHA-M-B_011_jpg.rf.4a966541cdff84d474cd4516dd35b742_r2c0.jpg,TP,0,10,0.8773544449942273,28714,28198,330.92378086815916,324.97697196212135
ROSILHA-M-B_011_jpg.rf.4a966541cdff84d474cd4516dd35b742_r2c0.jpg,TP,4,1,0.8610700399759049,16465,17520,189.7562182905287,201.91490704221454
ROSILHA-M-B_011_jpg.rf.4a966541cdff84d474cd4516dd35b742_r2c0.jpg,TP,1,6,0.8594805066784957,18630,19097,214.70746108427267,220.08955364070613
ROSILHA-M-B_011_jpg.rf.4a966541cdff84d474cd4516dd35b742_r2c0.jpg,TP,7,0,0.844737722947449,18312,20267,211.04256722357493,233.57359709044306
ROSILHA-M-B_011_jpg.rf.4a966541cdff84d474cd4516dd35b742_r2c0.jpg,TP,3,5,0.8129067245119306,6453,6919,74.36968579585677,79.7402535288289
ROSILHA-M-B_011_jpg.rf.4a966541cdff84d474cd4516dd35b742_r2c0.jpg,TP,5,4,0.8036992360273422,12267,10162,141.37500939993413,117.11525601386896
ROSILHA-M-B_011_jpg.rf.4a966541cdff84d474cd4516dd35b742_r2c0.jpg,TP,6,9,0.7608017282765243,8166,6505,94.11170838508698,74.96897661584507
ROSILHA-M-B_011_jpg.rf.4a966541cdff84d474cd4516dd35b742_r2c0.jpg,TP,8,7,0.594507396915329,12370,7893,142.56206621644944,90.96543158014838
ROSILHA-M-B_011_jpg.rf.4a966541cdff84d474cd4516dd35b742_r2c0.jpg,FP,9,-1,0.0,0,6709,0.0,77.32004060195305
ROSILHA-M-B_011_jpg.rf.4a966541cdff84d474cd4516dd35b742_r2c0.jpg,FN,-1,2,0.0,3140,0,36.187945668524755,0.0
ROSILHA-M-B_011_jpg.rf.4a966541cdff84d474cd4516dd35b742_r2c0.jpg,FN,-1,3,0.0,2300,0,26.507093961021315,0.0
ROSILHA-M-B_011_jpg.rf.4a966541cdff84d474cd4516dd35b742_r2c1.jpg,TP,15,2,0.9055274917427628,19743,19488,227.5345895967147,224.59575961407975
ROSILHA-M-B_011_jpg.rf.4a966541cdff84d474cd4516dd35b742_r2c1.jpg,TP,22,6,0.9036999493157628,16453,17351,189.61792040899292,199.96721187725254
ROSILHA-M-B_011_jpg.rf.4a966541cdff84d474cd4516dd35b742_r2c1.jpg,TP,0,18,0.9030001060108132,17769,18133,204.78458808408163,208.9796238239998
ROSILHA-M-B_011_jpg.rf.4a966541cdff84d474cd4516dd35b742_r2c1.jpg,TP,7,13,0.8860107065433792,42063,43196,484.7686492532346,497.82627423490294
ROSILHA-M-B_011_jpg.rf.4a966541cdff84d474cd4516dd35b742_r2c1.jpg,TP,11,19,0.8839077141132313,35802,35973,412.6117295619501,414.5824743738347
ROSILHA-M-B_011_jpg.rf.4a966541cdff84d474cd4516dd35b742_r2c1.jpg,TP,5,17,0.8792907478972494,12923,11878,148.93529359055586,136.89185307348313
ROSILHA-M-B_011_jpg.rf.4a966541cdff84d474cd4516dd35b742_r2c1.jpg,TP,17,11,0.8734515164459633,9050,8493,104.29965232488823,97.88032565693653
ROSILHA-M-B_011_jpg.rf.4a966541cdff84d474cd4516dd35b742_r2c1.jpg,TP,14,8,0.851067615658363,10146,10660,116.93085883848795,122.85461809760315
ROSILHA-M-B_011_jpg.rf.4a966541cdff84d474cd4516dd35b742_r2c1.jpg,TP,2,1,0.8425637078150954,48070,42890,553.9982637853456,494.29967825574096
ROSILHA-M-B_011_jpg.rf.4a966541cdff84d474cd4516dd35b742_r2c1.jpg,TP,3,15,0.8424015009380863,8503,7209,97.99557389154967,83.08245233260986
ROSILHA-M-B_011_jpg.rf.4a966541cdff84d474cd4516dd35b742_r2c1.jpg,TP,9,4,0.8308022449653351,5238,5853,60.36702529036072,67.4547917190686
ROSILHA-M-B_011_jpg.rf.4a966541cdff84d474cd4516dd35b742_r2c1.jpg,TP,16,0,0.8272084953384339,20745,22960,239.08246270495096,264.6099466717606
ROSILHA-M-B_011_jpg.rf.4a966541cdff84d474cd4516dd35b742_r2c1.jpg,TP,4,3,0.8200399709302325,10919,9116,125.83954737408337,105.06029067333492
ROSILHA-M-B_011_jpg.rf.4a966541cdff84d474cd4516dd35b742_r2c1.jpg,TP,6,20,0.8091559909570459,4911,4692,56.598408018511165,54.074471680483484
ROSILHA-M-B_011_jpg.rf.4a966541cdff84d474cd4516dd35b742_r2c1.jpg,TP,18,12,0.7945660672400313,4302,4879,49.579790530571174,56.229613667749135
ROSILHA-M-B_011_jpg.rf.4a966541cdff84d474cd4516dd35b742_r2c1.jpg,TP,12,5,0.7882888918665416,6143,7203,70.79699052284954,83.01330339184197
ROSILHA-M-B_011_jpg.rf.4a966541cdff84d474cd4516dd35b742_r2c1.jpg,TP,10,16,0.7341884578840832,45739,38220,527.1339002970235,440.4787526914064
ROSILHA-M-B_011_jpg.rf.4a966541cdff84d474cd4516dd35b742_r2c1.jpg,TP,8,9,0.712104008175315,17377,12780,200.2668572872467,147.28724383558801
ROSILHA-M-B_011_jpg.rf.4a966541cdff84d474cd4516dd35b742_r2c1.jpg,TP,19,21,0.6716754320060105,1250,975,14.40602932664202,11.236702874780775
ROSILHA-M-B_011_jpg.rf.4a966541cdff84d474cd4516dd35b742_r2c1.jpg,FP,1,-1,0.0,0,8523,0.0,98.22607036077595
ROSILHA-M-B_011_jpg.rf.4a966541cdff84d474cd4516dd35b742_r2c1.jpg,FP,13,-1,0.0,0,8799,0.0,101.4069216360985
ROSILHA-M-B_011_jpg.rf.4a966541cdff84d474cd4516dd35b742_r2c1.jpg,FP,20,-1,0.0,0,11673,0.0,134.52926426391383
ROSILHA-M-B_011_jpg.rf.4a966541cdff84d474cd4516dd35b742_r2c1.jpg,FP,21,-1,0.0,0,9880,0.0,113.86525579777853
ROSILHA-M-B_011_jpg.rf.4a966541cdff84d474cd4516dd35b742_r2c1.jpg,FN,-1,7,0.0,26216,0,302.13477186179773,0.0
ROSILHA-M-B_011_jpg.rf.4a966541cdff84d474cd4516dd35b742_r2c1.jpg,FN,-1,10,0.0,13638,0,157.1755423653951,0.0
ROSILHA-M-B_011_jpg.rf.4a966541cdff84d474cd4516dd35b742_r2c1.jpg,FN,-1,14,0.0,828,0,9.542553825967675,0.0
ROSILHA-M-B_011_jpg.rf.4a966541cdff84d474cd4516dd35b742_r2c2.jpg,TP,3,3,0.8966811654650539,16268,15564,187.4858280686499,179.37235235188513
ROSILHA-M-B_011_jpg.rf.4a966541cdff84d474cd4516dd35b742_r2c2.jpg,TP,5,4,0.8871992686570492,41517,43122,478.4760956433574,496.97343729876576
ROSILHA-M-B_011_jpg.rf.4a966541cdff84d474cd4516dd35b742_r2c2.jpg,TP,1,11,0.8775857338820302,16568,17651,190.94327510704397,203.42465891564663
ROSILHA-M-B_011_jpg.rf.4a966541cdff84d474cd4516dd35b742_r2c2.jpg,TP,7,9,0.8722386700068322,4157,4064,47.9086911286807,46.83688254677853
ROSILHA-M-B_011_jpg.rf.4a966541cdff84d474cd4516dd35b742_r2c2.jpg,TP,0,0,0.8706722962000649,14357,14442,165.46189043407958,166.44150042829125
ROSILHA-M-B_011_jpg.rf.4a966541cdff84d474cd4516dd35b742_r2c2.jpg,TP,2,5,0.8629649070185963,25184,24505,290.2411540497221,282.41579891949016
ROSILHA-M-B_011_jpg.rf.4a966541cdff84d474cd4516dd35b742_r2c2.jpg,TP,4,6,0.8615923885828743,18376,18800,211.780155925099,216.66668107269598
ROSILHA-M-B_011_jpg.rf.4a966541cdff84d474cd4516dd35b742_r2c2.jpg,TP,9,1,0.7932203389830509,1061,1055,12.227837692453747,12.158688751685865
ROSILHA-M-B_011_jpg.rf.4a966541cdff84d474cd4516dd35b742_r2c2.jpg,TP,6,7,0.7536643338175095,13948,12613,160.74823763840232,145.36259831754865
ROSILHA-M-B_011_jpg.rf.4a966541cdff84d474cd4516dd35b742_r2c2.jpg,TP,10,8,0.7455919395465995,1062,1017,12.23936251591506,11.720745460155948
ROSILHA-M-B_011_jpg.rf.4a966541cdff84d474cd4516dd35b742_r2c2.jpg,FP,8,-1,0.0,0,7542,0.0,86.92021854522729
ROSILHA-M-B_011_jpg.rf.4a966541cdff84d474cd4516dd35b742_r2c2.jpg,FN,-1,2,0.0,3255,0,37.51330036657582,0.0
ROSILHA-M-B_011_jpg.rf.4a966541cdff84d474cd4516dd35b742_r2c2.jpg,FN,-1,10,0.0,1002,0,11.547873108236242,0.0
ROSILHA-M-B_011_jpg.rf.4a966541cdff84d474cd4516dd35b742_r2c2.jpg,FN,-1,12,0.0,805,0,9.277482886357461,0.0
ROSILHA-M-D_006_jpg.rf.4bf38cf5314617b13c7c11445fe40b04_r0c0.jpg,TP,0,0,0.8700801114594218,7525,8582,86.72429654638496,98.90603494499345
ROSILHA-M-D_006_jpg.rf.4bf38cf5314617b13c7c11445fe40b04_r0c0.jpg,TP,5,2,0.8623635500711913,1862,2062,21.459221284965952,23.764185977228674
ROSILHA-M-D_006_jpg.rf.4bf38cf5314617b13c7c11445fe40b04_r0c0.jpg,TP,3,7,0.8602645198389879,4507,5198,51.94237934014047,59.90603235190817
ROSILHA-M-D_006_jpg.rf.4bf38cf5314617b13c7c11445fe40b04_r0c0.jpg,TP,11,1,0.845542305508234,1493,1757,17.206561427741228,20.24911482152802
ROSILHA-M-D_006_jpg.rf.4bf38cf5314617b13c7c11445fe40b04_r0c0.jpg,TP,6,12,0.8440012865873271,7876,9323,90.76950958130604,107.44592912982684
ROSILHA-M-D_006_jpg.rf.4bf38cf5314617b13c7c11445fe40b04_r0c0.jpg,TP,1,5,0.8434587162028162,13277,14609,153.01508109586086,168.36614594633062
ROSILHA-M-D_006_jpg.rf.4bf38cf5314617b13c7c11445fe40b04_r0c0.jpg,TP,2,8,0.8415207603801901,8461,9945,97.5115313061745,114.6143693227639
ROSILHA-M-D_006_jpg.rf.4bf38cf5314617b13c7c11445fe40b04_r0c0.jpg,TP,7,4,0.817981072555205,10470,12582,120.66490163995356,145.00532879024792
ROSILHA-M-D_006_jpg.rf.4bf38cf5314617b13c7c11445fe40b04_r0c0.jpg,TP,10,9,0.8095693779904306,2562,3111,29.526597707885482,35.85372578814666
ROSILHA-M-D_006_jpg.rf.4bf38cf5314617b13c7c11445fe40b04_r0c0.jpg,TP,14,13,0.7935594589137897,9178,8589,105.77482972793636,98.98670870922264
ROSILHA-M-D_006_jpg.rf.4bf38cf5314617b13c7c11445fe40b04_r0c0.jpg,TP,4,6,0.7456001805054152,6666,8807,76.82447319311656,101.49912022378902
ROSILHA-M-D_006_jpg.rf.4bf38cf5314617b13c7c11445fe40b04_r0c0.jpg,TP,8,3,0.6883525708289612,10555,15189,121.64451163416521,175.0505435538925
ROSILHA-M-D_006_jpg.rf.4bf38cf5314617b13c7c11445fe40b04_r0c0.jpg,FP,9,-1,0.0,0,1150,0.0,13.253546980510658
ROSILHA-M-D_006_jpg.rf.4bf38cf5314617b13c7c11445fe40b04_r0c0.jpg,FP,12,-1,0.0,0,4449,0.0,51.273939579384276
ROSILHA-M-D_006_jpg.rf.4bf38cf5314617b13c7c11445fe40b04_r0c0.jpg,FP,13,-1,0.0,0,887,0.0,10.222518410185177
ROSILHA-M-D_006_jpg.rf.4bf38cf5314617b13c7c11445fe40b04_r0c0.jpg,FP,15,-1,0.0,0,857,0.0,9.87677370634577
ROSILHA-M-D_006_jpg.rf.4bf38cf5314617b13c7c11445fe40b04_r0c0.jpg,FP,16,-1,0.0,0,1049,0.0,12.089539810917984
ROSILHA-M-D_006_jpg.rf.4bf38cf5314617b13c7c11445fe40b04_r0c0.jpg,FP,17,-1,0.0,0,2834,0.0,32.66134968936279
ROSILHA-M-D_006_jpg.rf.4bf38cf5314617b13c7c11445fe40b04_r0c0.jpg,FN,-1,10,0.0,5087,0,58.62677694770236,0.0
ROSILHA-M-D_006_jpg.rf.4bf38cf5314617b13c7c11445fe40b04_r0c0.jpg,FN,-1,11,0.0,1446,0,16.66489472505949,0.0
ROSILHA-M-D_006_jpg.rf.4bf38cf5314617b13c7c11445fe40b04_r0c0.jpg,FN,-1,14,0.0,1408,0,16.22695143352957,0.0
ROSILHA-M-D_006_jpg.rf.4bf38cf5314617b13c7c11445fe40b04_r0c0.jpg,FN,-1,15,0.0,1568,0,18.07092318733975,0.0
ROSILHA-M-D_006_jpg.rf.4bf38cf5314617b13c7c11445fe40b04_r0c1.jpg,TP,2,1,0.9253398255224183,9145,9835,105.39451055371302,113.34663874201941
ROSILHA-M-D_006_jpg.rf.4bf38cf5314617b13c7c11445fe40b04_r0c1.jpg,TP,1,4,0.8984016370775952,16475,17850,189.8714665251418,205.71809878444805
ROSILHA-M-D_006_jpg.rf.4bf38cf5314617b13c7c11445fe40b04_r0c1.jpg,TP,4,3,0.8667362560890745,5059,5671,58.30408189078558,65.35727384910952
ROSILHA-M-D_006_jpg.rf.4bf38cf5314617b13c7c11445fe40b04_r0c1.jpg,TP,0,8,0.8397474808789608,6956,8198,80.1666719968975,94.48050273584903
ROSILHA-M-D_006_jpg.rf.4bf38cf5314617b13c7c11445fe40b04_r0c1.jpg,TP,6,0,0.7778796678384023,18629,16269,214.69593626081135,187.49735289211122
ROSILHA-M-D_006_jpg.rf.4bf38cf5314617b13c7c11445fe40b04_r0c1.jpg,TP,5,5,0.7740562021004825,2727,3523,31.42819357900223,40.60195305420787
ROSILHA-M-D_006_jpg.rf.4bf38cf5314617b13c7c11445fe40b04_r0c1.jpg,TP,3,2,0.7313126633797691,27447,24875,316.32182954267483,286.6799836001762
ROSILHA-M-D_006_jpg.rf.4bf38cf5314617b13c7c11445fe40b04_r0c1.jpg,FP,7,-1,0.0,0,2156,0.0,24.847519382592157
ROSILHA-M-D_006_jpg.rf.4bf38cf5314617b13c7c11445fe40b04_r0c1.jpg,FP,8,-1,0.0,0,3177,0.0,36.61436413659336
ROSILHA-M-D_006_jpg.rf.4bf38cf5314617b13c7c11445fe40b04_r0c1.jpg,FP,9,-1,0.0,0,876,0.0,10.095745352110727
ROSILHA-M-D_006_jpg.rf.4bf38cf5314617b13c7c11445fe40b04_r0c1.jpg,FP,10,-1,0.0,0,1228,0.0,14.15248321049312
ROSILHA-M-D_006_jpg.rf.4bf38cf5314617b13c7c11445fe40b04_r0c1.jpg,FP,11,-1,0.0,0,3799,0.0,43.78280432953043
ROSILHA-M-D_006_jpg.rf.4bf38cf5314617b13c7c11445fe40b04_r0c1.jpg,FN,-1,6,0.0,3679,0,42.39982551417279,0.0
ROSILHA-M-D_006_jpg.rf.4bf38cf5314617b13c7c11445fe40b04_r0c1.jpg,FN,-1,7,0.0,1436,0,16.549646490446353,0.0
ROSILHA-M-D_006_jpg.rf.4bf38cf5314617b13c7c11445fe40b04_r0c2.jpg,TP,1,40,0.908578431372549,7453,8121,85.89450925717038,93.59309132932788
ROSILHA-M-D_006_jpg.rf.4bf38cf5314617b13c7c11445fe40b04_r0c2.jpg,TP,9,35,0.9056561591772859,4242,4282,48.88830112289236,49.3492940613449
ROSILHA-M-D_006_jpg.rf.4bf38cf5314617b13c7c11445fe40b04_r0c2.jpg,TP,0,27,0.902062706270627,11493,11560,132.4547960408774,133.2269592127854
ROSILHA-M-D_006_jpg.rf.4bf38cf5314617b13c7c11445fe40b04_r0c2.jpg,TP,5,45,0.8918835192069393,2892,3215,33.32978945011898,37.05230742812328
ROSILHA-M-D_006_jpg.rf.4bf38cf5314617b13c7c11445fe40b04_r0c2.jpg,TP,29,24,0.8888888888888888,1748,1720,20.1453914103762,19.82269635345942
ROSILHA-M-D_006_jpg.rf.4bf38cf5314617b13c7c11445fe40b04_r0c2.jpg,TP,20,15,0.884365678189156,10302,11176,118.72873129845287,128.80142700364098
ROSILHA-M-D_006_jpg.rf.4bf38cf5314617b13c7c11445fe40b04_r0c2.jpg,TP,6,36,0.882601691502215,4415,4934,50.882095581699616,56.863478958121384
ROSILHA-M-D_006_jpg.rf.4bf38cf5314617b13c7c11445fe40b04_r0c2.jpg,TP,12,22,0.8780757533867847,3201,3592,36.890959899664885,41.39716587303851
ROSILHA-M-D_006_jpg.rf.4bf38cf5314617b13c7c11445fe40b04_r0c2.jpg,TP,21,10,0.8753375337533753,1981,2186,22.830675276862273,25.193264086431565
ROSILHA-M-D_006_jpg.rf.4bf38cf5314617b13c7c11445fe40b04_r0c2.jpg,TP,10,30,0.8751311647429171,2509,2852,28.915782064435863,32.86879651166643
ROSILHA-M-D_006_jpg.rf.4bf38cf5314617b13c7c11445fe40b04_r0c2.jpg,TP,4,12,0.8711864406779661,8013,9099,92.34841039550601,104.8643686744926
ROSILHA-M-D_006_jpg.rf.4bf38cf5314617b13c7c11445fe40b04_r0c2.jpg,TP,2,21,0.8635044642857143,7764,8933,89.47872935363891,102.95124797991453
ROSILHA-M-D_006_jpg.rf.4bf38cf5314617b13c7c11445fe40b04_r0c2.jpg,TP,25,2,0.8628318584070797,1971,2239,22.715427042249136,25.804079729881185
ROSILHA-M-D_006_jpg.rf.4bf38cf5314617b13c7c11445fe40b04_r0c2.jpg,TP,13,28,0.8565872630043753,1767,2052,20.36436305614116,23.64893774261554
ROSILHA-M-D_006_jpg.rf.4bf38cf5314617b13c7c11445fe40b04_r0c2.jpg,TP,3,43,0.8552099533437014,5514,6415,63.547876565683275,73.93174250432685
ROSILHA-M-D_006_jpg.rf.4bf38cf5314617b13c7c11445fe40b04_r0c2.jpg,TP,38,23,0.8470973017170891,1059,1200,12.204788045531119,13.829788153576338
ROSILHA-M-D_006_jpg.rf.4bf38cf5314617b13c7c11445fe40b04_r0c2.jpg,TP,26,11,0.8392081120231772,1763,2046,20.318263762295906,23.57978880184766
ROSILHA-M-D_006_jpg.rf.4bf38cf5314617b13c7c11445fe40b04_r0c2.jpg,TP,23,29,0.8362459546925566,1331,1506,15.339540027008423,17.356384132738306
ROSILHA-M-D_006_jpg.rf.4bf38cf5314617b13c7c11445fe40b04_r0c2.jpg,TP,15,17,0.8308588064046579,2991,3298,34.47074697278902,38.008867775412305
ROSILHA-M-D_006_jpg.rf.4bf38cf5314617b13c7c11445fe40b04_r0c2.jpg,TP,17,31,0.8300113895216401,3016,3411,34.758867559321864,39.31117282654074
ROSILHA-M-D_006_jpg.rf.4bf38cf5314617b13c7c11445fe40b04_r0c2.jpg,TP,14,16,0.8238993710691824,2230,2700,25.700356318729362,31.117023345546762
ROSILHA-M-D_006_jpg.rf.4bf38cf5314617b13c7c11445fe40b04_r0c2.jpg,TP,30,13,0.821917808219178,1445,1747,16.653369901598175,20.133866586914888
ROSILHA-M-D_006_jpg.rf.4bf38cf5314617b13c7c11445fe40b04_r0c2.jpg,TP,36,32,0.820756625531054,4214,4786,48.56560606597558,55.15780508584697
ROSILHA-M-D_006_jpg.rf.4bf38cf5314617b13c7c11445fe40b04_r0c2.jpg,TP,8,9,0.8130137664652867,8209,10097,94.60727579392348,116.36614248888358
ROSILHA-M-D_006_jpg.rf.4bf38cf5314617b13c7c11445fe40b04_r0c2.jpg,TP,11,26,0.8117254014441211,9004,7807,103.76951044566779,89.9742967624754
ROSILHA-M-D_006_jpg.rf.4bf38cf5314617b13c7c11445fe40b04_r0c2.jpg,TP,16,5,0.8029655692385022,3201,3973,36.890959899664885,45.788123611798994
ROSILHA-M-D_006_jpg.rf.4bf38cf5314617b13c7c11445fe40b04_r0c2.jpg,TP,27,44,0.7945529899348727,1350,1681,15.558511672773381,19.373228238468187
ROSILHA-M-D_006_jpg.rf.4bf38cf5314617b13c7c11445fe40b04_r0c2.jpg,TP,18,1,0.7719897523484202,905,1170,10.429965232488822,13.48404344973693
ROSILHA-M-D_006_jpg.rf.4bf38cf5314617b13c7c11445fe40b04_r0c2.jpg,TP,39,38,0.7716312056737589,1088,1410,12.539007925909214,16.250001080452197
ROSILHA-M-D_006_jpg.rf.4bf38cf5314617b13c7c11445fe40b04_r0c2.jpg,TP,31,18,0.7638483965014577,793,1022,9.139185004821698,11.778369577462515
ROSILHA-M-D_006_jpg.rf.4bf38cf5314617b13c7c11445fe40b04_r0c2.jpg,TP,19,39,0.7631133671742809,1806,2362,20.81383117113239,27.22163301562276
ROSILHA-M-D_006_jpg.rf.4bf38cf5314617b13c7c11445fe40b04_r0c2.jpg,TP,7,25,0.7521758050478677,3458,4595,39.852839529222486,52.956563804736064
ROSILHA-M-D_006_jpg.rf.4bf38cf5314617b13c7c11445fe40b04_r0c2.jpg,TP,32,42,0.7386138613861386,1492,2020,17.195036604279913,23.280143391853503
ROSILHA-M-D_006_jpg.rf.4bf38cf5314617b13c7c11445fe40b04_r0c2.jpg,TP,40,14,0.7304865243262163,2121,2823,24.44415056144618,32.53457663128834
ROSILHA-M-D_006_jpg.rf.4bf38cf5314617b13c7c11445fe40b04_r0c2.jpg,TP,35,7,0.7283813747228381,659,900,7.594858661005673,10.372341115182254
ROSILHA-M-D_006_jpg.rf.4bf38cf5314617b13c7c11445fe40b04_r0c2.jpg,TP,28,6,0.6948249619482496,916,1311,10.556738290563272,15.109043557782151
ROSILHA-M-D_006_jpg.rf.4bf38cf5314617b13c7c11445fe40b04_r0c2.jpg,TP,24,20,0.6627282491944146,617,931,7.110816075630501,10.729610642482976
ROSILHA-M-D_006_jpg.rf.4bf38cf5314617b13c7c11445fe40b04_r0c2.jpg,TP,22,0,0.6373693915181315,2074,3254,23.902483858764437,37.501775543114505
ROSILHA-M-D_006_jpg.rf.4bf38cf5314617b13c7c11445fe40b04_r0c2.jpg,TP,33,8,0.5464285714285714,306,560,3.5265959791619665,6.453901138335625
ROSILHA-M-D_006_jpg.rf.4bf38cf5314617b13c7c11445fe40b04_r0c2.jpg,FP,34,-1,0.0,0,967,0.0,11.144504287090266
ROSILHA-M-D_006_jpg.rf.4bf38cf5314617b13c7c11445fe40b04_r0c2.jpg,FP,37,-1,0.0,0,1194,0.0,13.760639212808456
ROSILHA-M-D_006_jpg.rf.4bf38cf5314617b13c7c11445fe40b04_r0c2.jpg,FN,-1,3,0.0,4056,0,46.74468395908803,0.0
ROSILHA-M-D_006_jpg.rf.4bf38cf5314617b13c7c11445fe40b04_r0c2.jpg,FN,-1,4,0.0,4502,0,51.884755222833896,0.0
ROSILHA-M-D_006_jpg.rf.4bf38cf5314617b13c7c11445fe40b04_r0c2.jpg,FN,-1,19,0.0,597,0,6.880319606404228,0.0
ROSILHA-M-D_006_jpg.rf.4bf38cf5314617b13c7c11445fe40b04_r0c2.jpg,FN,-1,33,0.0,528,0,6.085106787573589,0.0
ROSILHA-M-D_006_jpg.rf.4bf38cf5314617b13c7c11445fe40b04_r0c2.jpg,FN,-1,34,0.0,722,0,8.32092253906843,0.0
ROSILHA-M-D_006_jpg.rf.4bf38cf5314617b13c7c11445fe40b04_r0c2.jpg,FN,-1,37,0.0,7664,0,88.32624700750755,0.0
ROSILHA-M-D_006_jpg.rf.4bf38cf5314617b13c7c11445fe40b04_r0c2.jpg,FN,-1,41,0.0,6675,0,76.92819660426838,0.0
ROSILHA-M-D_006_jpg.rf.4bf38cf5314617b13c7c11445fe40b04_r1c0.jpg,TP,7,7,0.9352069494123658,9153,9783,105.48670914140352,112.7473479220311
ROSILHA-M-D_006_jpg.rf.4bf38cf5314617b13c7c11445fe40b04_r1c0.jpg,TP,1,17,0.9344227616478925,17705,18873,204.04699938255757,217.50799318537187
ROSILHA-M-D_006_jpg.rf.4bf38cf5314617b13c7c11445fe40b04_r1c0.jpg,TP,2,15,0.9289103337354242,11623,12363,133.95302309084815,142.48139245222023
ROSILHA-M-D_006_jpg.rf.4bf38cf5314617b13c7c11445fe40b04_r1c0.jpg,TP,5,0,0.9198224441670134,13321,14359,153.5221733281587,165.4849400810022
ROSILHA-M-D_006_jpg.rf.4bf38cf5314617b13c7c11445fe40b04_r1c0.jpg,TP,13,21,0.9129566210045662,3339,3364,38.48138553732616,38.769506123859
ROSILHA-M-D_006_jpg.rf.4bf38cf5314617b13c7c11445fe40b04_r1c0.jpg,TP,0,22,0.9113238967527061,8808,9556,101.51064504725032,110.13121299631291
ROSILHA-M-D_006_jpg.rf.4bf38cf5314617b13c7c11445fe40b04_r1c0.jpg,TP,6,13,0.9037575757575758,3762,4091,43.356385861461824,47.148052780234
ROSILHA-M-D_006_jpg.rf.4bf38cf5314617b13c7c11445fe40b04_r1c0.jpg,TP,11,6,0.8990511333684765,3417,3788,39.38032176730862,43.65603127145598
ROSILHA-M-D_006_jpg.rf.4bf38cf5314617b13c7c11445fe40b04_r1c0.jpg,TP,12,20,0.897054357728515,2986,3261,34.413122855482456,37.5824493073437
ROSILHA-M-D_006_jpg.rf.4bf38cf5314617b13c7c11445fe40b04_r1c0.jpg,TP,8,11,0.8771186440677966,4564,5182,52.59929427743534,59.72163517652716
ROSILHA-M-D_006_jpg.rf.4bf38cf5314617b13c7c11445fe40b04_r1c0.jpg,TP,15,1,0.8600415033433249,3822,4245,44.04787526914064,48.9228755932763
ROSILHA-M-D_006_jpg.rf.4bf38cf5314617b13c7c11445fe40b04_r1c0.jpg,TP,21,2,0.85234375,1108,1263,12.769504395135487,14.555852031639096
ROSILHA-M-D_006_jpg.rf.4bf38cf5314617b13c7c11445fe40b04_r1c0.jpg,TP,14,19,0.8479299363057324,3203,3760,36.914009546587515,43.333336214539194
ROSILHA-M-D_006_jpg.rf.4bf38cf5314617b13c7c11445fe40b04_r1c0.jpg,TP,22,3,0.840118818801328,4992,5539,57.53191871887757,63.835997152216116
ROSILHA-M-D_006_jpg.rf.4bf38cf5314617b13c7c11445fe40b04_r1c0.jpg,TP,10,12,0.8115194054500413,3931,4844,45.30408102642382,55.82624484660315
ROSILHA-M-D_006_jpg.rf.4bf38cf5314617b13c7c11445fe40b04_r1c0.jpg,TP,27,16,0.80863539445629,1558,1835,17.955674952726614,21.148051051510485
ROSILHA-M-D_006_jpg.rf.4bf38cf5314617b13c7c11445fe40b04_r1c0.jpg,TP,18,5,0.8018018018018018,2057,2543,23.706561859922108,29.307626062120526
ROSILHA-M-D_006_jpg.rf.4bf38cf5314617b13c7c11445fe40b04_r1c0.jpg,TP,23,9,0.7854845195014073,4924,3957,56.74823072350824,45.60372643641798
ROSILHA-M-D_006_jpg.rf.4bf38cf5314617b13c7c11445fe40b04_r1c0.jpg,TP,20,26,0.7727916863486065,1648,2105,18.992909064244838,24.25975338606516
ROSILHA-M-D_006_jpg.rf.4bf38cf5314617b13c7c11445fe40b04_r1c0.jpg,TP,17,8,0.7463273871983211,3065,3592,35.32358390892623,41.39716587303851
ROSILHA-M-D_006_jpg.rf.4bf38cf5314617b13c7c11445fe40b04_r1c0.jpg,TP,4,25,0.7421900423039375,9560,11855,110.17731229015817,136.62678213387292
ROSILHA-M-D_006_jpg.rf.4bf38cf5314617b13c7c11445fe40b04_r1c0.jpg,TP,9,24,0.6577937837626243,12578,8597,144.95922949640266,99.07890729691316
ROSILHA-M-D_006_jpg.rf.4bf38cf5314617b13c7c11445fe40b04_r1c0.jpg,TP,3,4,0.6142688400661469,20117,14049,231.844873571246,161.912244807995
ROSILHA-M-D_006_jpg.rf.4bf38cf5314617b13c7c11445fe40b04_r1c0.jpg,TP,24,10,0.592320604280319,4684,2905,53.98227309279298,33.47961215511605
ROSILHA-M-D_006_jpg.rf.4bf38cf5314617b13c7c11445fe40b04_r1c0.jpg,TP,16,23,0.5848626128360281,9777,6200,112.67819898126322,71.45390546014441
ROSILHA-M-D_006_jpg.rf.4bf38cf5314617b13c7c11445fe40b04_r1c0.jpg,FP,19,-1,0.0,0,3859,0.0,44.474293737209244
ROSILHA-M-D_006_jpg.rf.4bf38cf5314617b13c7c11445fe40b04_r1c0.jpg,FP,25,-1,0.0,0,2989,0.0,34.4476973258664
ROSILHA-M-D_006_jpg.rf.4bf38cf5314617b13c7c11445fe40b04_r1c0.jpg,FP,26,-1,0.0,0,1149,0.0,13.242022157049345
ROSILHA-M-D_006_jpg.rf.4bf38cf5314617b13c7c11445fe40b04_r1c0.jpg,FP,28,-1,0.0,0,1765,0.0,20.341313409218532
ROSILHA-M-D_006_jpg.rf.4bf38cf5314617b13c7c11445fe40b04_r1c0.jpg,FN,-1,14,0.0,10553,0,121.62146198724258,0.0
ROSILHA-M-D_006_jpg.rf.4bf38cf5314617b13c7c11445fe40b04_r1c0.jpg,FN,-1,18,0.0,1665,0,19.18883106308717,0.0
ROSILHA-M-D_006_jpg.rf.4bf38cf5314617b13c7c11445fe40b04_r1c1.jpg,TP,0,0,0.9414016489988222,9778,10001,112.68972380472454,115.25975943659748
ROSILHA-M-D_006_jpg.rf.4bf38cf5314617b13c7c11445fe40b04_r1c1.jpg,TP,14,32,0.9234930448222566,5149,4807,59.341316002303806,55.39982637853455
ROSILHA-M-D_006_jpg.rf.4bf38cf5314617b13c7c11445fe40b04_r1c1.jpg,TP,1,26,0.9216724895751155,8290,8761,95.54078649428988,100.96897834456858
ROSILHA-M-D_006_jpg.rf.4bf38cf5314617b13c7c11445fe40b04_r1c1.jpg,TP,5,19,0.9171765734265734,4316,4457,49.741138059029566,51.36613816707479
ROSILHA-M-D_006_jpg.rf.4bf38cf5314617b13c7c11445fe40b04_r1c1.jpg,TP,25,1,0.9088033737480232,1724,1897,19.868795647304673,21.86259010611193
ROSILHA-M-D_006_jpg.rf.4bf38cf5314617b13c7c11445fe40b04_r1c1.jpg,TP,34,21,0.8920255919794209,13732,14953,158.25887577075858,172.3306852170225
ROSILHA-M-D_006_jpg.rf.4bf38cf5314617b13c7c11445fe40b04_r1c1.jpg,TP,13,23,0.8900781024009257,3115,3419,35.899825081991914,39.40337141423125
ROSILHA-M-D_006_jpg.rf.4bf38cf5314617b13c7c11445fe40b04_r1c1.jpg,TP,3,12,0.8897547559019023,3907,4338,45.0274852633523,49.99468417517846
ROSILHA-M-D_006_jpg.rf.4bf38cf5314617b13c7c11445fe40b04_r1c1.jpg,TP,22,2,0.8892630363671349,10050,9587,115.82447578620184,110.48848252361364
ROSILHA-M-D_006_jpg.rf.4bf38cf5314617b13c7c11445fe40b04_r1c1.jpg,TP,4,8,0.8819188191881919,2654,2956,30.586881466326336,34.06737815164305
ROSILHA-M-D_006_jpg.rf.4bf38cf5314617b13c7c11445fe40b04_r1c1.jpg,TP,21,22,0.8679817905918058,2305,2619,26.564718078327886,30.18351264518036
ROSILHA-M-D_006_jpg.rf.4bf38cf5314617b13c7c11445fe40b04_r1c1.jpg,TP,17,20,0.8672985781990521,1869,2071,21.53989504919515,23.867909388380497
ROSILHA-M-D_006_jpg.rf.4bf38cf5314617b13c7c11445fe40b04_r1c1.jpg,TP,9,13,0.8573411046350263,12530,14238,144.4060379702596,164.09043644218326
ROSILHA-M-D_006_jpg.rf.4bf38cf5314617b13c7c11445fe40b04_r1c1.jpg,TP,2,10,0.8494880546075085,2517,2902,29.00798065212637,33.445037684732114
ROSILHA-M-D_006_jpg.rf.4bf38cf5314617b13c7c11445fe40b04_r1c1.jpg,TP,6,4,0.8490808037622916,2041,2284,23.52216468454109,26.3226967856403
ROSILHA-M-D_006_jpg.rf.4bf38cf5314617b13c7c11445fe40b04_r1c1.jpg,TP,30,35,0.8473239436619718,1509,1770,17.390958603122247,20.3989375265251
ROSILHA-M-D_006_jpg.rf.4bf38cf5314617b13c7c11445fe40b04_r1c1.jpg,TP,11,14,0.844460060904193,3678,4196,42.38830069071148,48.358159243671935
ROSILHA-M-D_006_jpg.rf.4bf38cf5314617b13c7c11445fe40b04_r1c1.jpg,TP,12,17,0.8302614659237034,1943,2327,22.392731985332354,26.818264194476782
ROSILHA-M-D_006_jpg.rf.4bf38cf5314617b13c7c11445fe40b04_r1c1.jpg,TP,27,15,0.8224792274870873,7616,8615,87.7730554813645,99.2863541192168
ROSILHA-M-D_006_jpg.rf.4bf38cf5314617b13c7c11445fe40b04_r1c1.jpg,TP,8,27,0.8193891102257637,3710,4510,42.75709504147351,51.97695381052441
ROSILHA-M-D_006_jpg.rf.4bf38cf5314617b13c7c11445fe40b04_r1c1.jpg,TP,20,24,0.814032532168002,10287,12129,118.55585894653316,139.78458376227286
ROSILHA-M-D_006_jpg.rf.4bf38cf5314617b13c7c11445fe40b04_r1c1.jpg,TP,10,7,0.8081056874160323,3749,4326,43.206563156464746,49.8563862936427
ROSILHA-M-D_006_jpg.rf.4bf38cf5314617b13c7c11445fe40b04_r1c1.jpg,TP,26,30,0.797366914710933,1393,1747,16.054079081609867,20.133866586914888
ROSILHA-M-D_006_jpg.rf.4bf38cf5314617b13c7c11445fe40b04_r1c1.jpg,TP,24,5,0.7893845285149633,1404,1765,16.180852139684315,20.341313409218532
ROSILHA-M-D_006_jpg.rf.4bf38cf5314617b13c7c11445fe40b04_r1c1.jpg,TP,7,18,0.7862103174603174,1587,2014,18.289894833104707,23.21099445108562
ROSILHA-M-D_006_jpg.rf.4bf38cf5314617b13c7c11445fe40b04_r1c1.jpg,TP,16,25,0.7827236668135743,1786,2259,20.583334701906118,26.03457619910746
ROSILHA-M-D_006_jpg.rf.4bf38cf5314617b13c7c11445fe40b04_r1c1.jpg,TP,19,33,0.7601899485555995,1930,2518,22.24290928033528,29.019505475587685
ROSILHA-M-D_006_jpg.rf.4bf38cf5314617b13c7c11445fe40b04_r1c1.jpg,TP,32,31,0.7537347215934812,1691,2183,19.488476473081324,25.158689616047624
ROSILHA-M-D_006_jpg.rf.4bf38cf5314617b13c7c11445fe40b04_r1c1.jpg,TP,15,16,0.7230320699708455,3224,4459,37.1560308392751,51.38918781399741
ROSILHA-M-D_006_jpg.rf.4bf38cf5314617b13c7c11445fe40b04_r1c1.jpg,TP,18,11,0.7091194968553459,1356,1905,15.627660613541263,21.95478869380244
ROSILHA-M-D_006_jpg.rf.4bf38cf5314617b13c7c11445fe40b04_r1c1.jpg,TP,31,6,0.6613545816733067,506,745,5.83156067142469,8.585993478678644
ROSILHA-M-D_006_jpg.rf.4bf38cf5314617b13c7c11445fe40b04_r1c1.jpg,TP,23,9,0.6157894736842106,936,1520,10.787234759789545,17.517731661196695
ROSILHA-M-D_006_jpg.rf.4bf38cf5314617b13c7c11445fe40b04_r1c1.jpg,TP,33,3,0.5695238095238095,598,1050,6.891844429865542,12.101064634379297
ROSILHA-M-D_006_jpg.rf.4bf38cf5314617b13c7c11445fe40b04_r1c1.jpg,FP,28,-1,0.0,0,11057,0.0,127.42997301174465
ROSILHA-M-D_006_jpg.rf.4bf38cf5314617b13c7c11445fe40b04_r1c1.jpg,FP,29,-1,0.0,0,3313,0.0,38.181740127332006
ROSILHA-M-D_006_jpg.rf.4bf38cf5314617b13c7c11445fe40b04_r1c1.jpg,FN,-1,28,0.0,528,0,6.085106787573589,0.0
ROSILHA-M-D_006_jpg.rf.4bf38cf5314617b13c7c11445fe40b04_r1c1.jpg,FN,-1,29,0.0,1118,0,12.884752629748622,0.0
ROSILHA-M-D_006_jpg.rf.4bf38cf5314617b13c7c11445fe40b04_r1c1.jpg,FN,-1,34,0.0,4285,0,49.383868531728844,0.0
ROSILHA-M-D_006_jpg.rf.4bf38cf5314617b13c7c11445fe40b04_r1c2.jpg,TP,4,20,0.9009520628027393,10851,11911,125.05585937871405,137.27217224770646
ROSILHA-M-D_006_jpg.rf.4bf38cf5314617b13c7c11445fe40b04_r1c2.jpg,TP,2,5,0.8985255854293148,4196,4560,48.358159243671935,52.55319498359009
ROSILHA-M-D_006_jpg.rf.4bf38cf5314617b13c7c11445fe40b04_r1c2.jpg,TP,6,14,0.8905698436712053,5511,5736,63.51330209529934,66.1063873740949
ROSILHA-M-D_006_jpg.rf.4bf38cf5314617b13c7c11445fe40b04_r1c2.jpg,TP,1,25,0.8649006622516556,2627,3005,30.27571123287087,34.632094501247416
ROSILHA-M-D_006_jpg.rf.4bf38cf5314617b13c7c11445fe40b04_r1c2.jpg,TP,0,15,0.850342589253516,4729,5533,54.50089014855209,63.766848211448234
ROSILHA-M-D_006_jpg.rf.4bf38cf5314617b13c7c11445fe40b04_r1c2.jpg,TP,10,11,0.8476293883460008,2345,2760,27.02571101678043,31.80851275322558
ROSILHA-M-D_006_jpg.rf.4bf38cf5314617b13c7c11445fe40b04_r1c2.jpg,TP,12,3,0.8446135362434922,2476,2130,28.535462890212514,24.547873972598
ROSILHA-M-D_006_jpg.rf.4bf38cf5314617b13c7c11445fe40b04_r1c2.jpg,TP,16,22,0.8392070484581498,812,858,9.358156650586656,9.888298529807082
ROSILHA-M-D_006_jpg.rf.4bf38cf5314617b13c7c11445fe40b04_r1c2.jpg,TP,8,0,0.8313516468498018,6116,7284,70.48582028939407,83.94681409220837
ROSILHA-M-D_006_jpg.rf.4bf38cf5314617b13c7c11445fe40b04_r1c2.jpg,TP,14,26,0.8269230769230769,962,1128,11.086880169783699,13.000000864361759
ROSILHA-M-D_006_jpg.rf.4bf38cf5314617b13c7c11445fe40b04_r1c2.jpg,TP,13,23,0.8148395721925134,3698,4447,42.61879715993775,51.25088993246165
ROSILHA-M-D_006_jpg.rf.4bf38cf5314617b13c7c11445fe40b04_r1c2.jpg,TP,5,18,0.7942799799297542,3166,3986,36.48759107851891,45.93794631679607
ROSILHA-M-D_006_jpg.rf.4bf38cf5314617b13c7c11445fe40b04_r1c2.jpg,TP,17,1,0.7792109256449166,2054,2636,23.671987389538167,30.37943464402269
ROSILHA-M-D_006_jpg.rf.4bf38cf5314617b13c7c11445fe40b04_r1c2.jpg,TP,9,9,0.7790762381747357,1418,1779,16.342199668142708,20.50266093767692
ROSILHA-M-D_006_jpg.rf.4bf38cf5314617b13c7c11445fe40b04_r1c2.jpg,TP,19,12,0.7740147783251231,1271,1610,14.648050619329606,18.554965772714922
ROSILHA-M-D_006_jpg.rf.4bf38cf5314617b13c7c11445fe40b04_r1c2.jpg,TP,11,16,0.7722313147845062,3621,2876,41.7313857534166,33.14539227473796
ROSILHA-M-D_006_jpg.rf.4bf38cf5314617b13c7c11445fe40b04_r1c2.jpg,TP,23,21,0.7561683599419449,544,666,6.269503962954607,7.675532425234868
ROSILHA-M-D_006_jpg.rf.4bf38cf5314617b13c7c11445fe40b04_r1c2.jpg,TP,22,8,0.7543859649122807,713,787,8.217199127916608,9.070036064053816
ROSILHA-M-D_006_jpg.rf.4bf38cf5314617b13c7c11445fe40b04_r1c2.jpg,TP,21,4,0.7449856733524355,790,1037,9.104610534437757,11.951241929382219
ROSILHA-M-D_006_jpg.rf.4bf38cf5314617b13c7c11445fe40b04_r1c2.jpg,TP,15,24,0.7182151589242054,1178,1633,13.57624203742744,18.820036712325134
ROSILHA-M-D_006_jpg.rf.4bf38cf5314617b13c7c11445fe40b04_r1c2.jpg,TP,7,10,0.7171077152441298,1924,2683,22.173760339567398,30.921101346704432
ROSILHA-M-D_006_jpg.rf.4bf38cf5314617b13c7c11445fe40b04_r1c2.jpg,TP,24,19,0.6869881710646042,755,1099,8.70124171329178,12.665780983983664
ROSILHA-M-D_006_jpg.rf.4bf38cf5314617b13c7c11445fe40b04_r1c2.jpg,TP,20,6,0.6465798045602605,794,1228,9.150709828283011,14.15248321049312
ROSILHA-M-D_006_jpg.rf.4bf38cf5314617b13c7c11445fe40b04_r1c2.jpg,TP,18,2,0.6286313267445343,2099,3339,24.19060444529728,38.48138553732616
ROSILHA-M-D_006_jpg.rf.4bf38cf5314617b13c7c11445fe40b04_r1c2.jpg,TP,3,7,0.6102418207681366,3056,4868,35.21986049777441,56.10284060967468
ROSILHA-M-D_006_jpg.rf.4bf38cf5314617b13c7c11445fe40b04_r1c2.jpg,FN,-1,13,0.0,1970,0,22.703902218787825,0.0
ROSILHA-M-D_006_jpg.rf.4bf38cf5314617b13c7c11445fe40b04_r1c2.jpg,FN,-1,17,0.0,409,0,4.713652795677269,0.0
ROSILHA-M-D_006_jpg.rf.4bf38cf5314617b13c7c11445fe40b04_r2c0.jpg,TP,1,1,0.8715628263139575,5008,5746,57.716315894258585,66.22163560870804
ROSILHA-M-D_006_jpg.rf.4bf38cf5314617b13c7c11445fe40b04_r2c0.jpg,TP,0,0,0.8694260485651214,15765,18109,181.68884186760914,208.70302806092826
ROSILHA-M-D_006_jpg.rf.4bf38cf5314617b13c7c11445fe40b04_r2c0.jpg,TP,2,2,0.7631721302607378,8852,7445,102.01773727954813,85.80231066947987
ROSILHA-M-D_006_jpg.rf.4bf38cf5314617b13c7c11445fe40b04_r2c1.jpg,TP,9,24,0.9342265529841657,3225,3127,37.16755566273641,36.03812296352768
ROSILHA-M-D_006_jpg.rf.4bf38cf5314617b13c7c11445fe40b04_r2c1.jpg,TP,1,5,0.9052132701421801,7375,7901,84.99557302718792,91.05763016783888
ROSILHA-M-D_006_jpg.rf.4bf38cf5314617b13c7c11445fe40b04_r2c1.jpg,TP,5,2,0.904891304347826,5127,4687,59.08776988615491,54.01684756317692
ROSILHA-M-D_006_jpg.rf.4bf38cf5314617b13c7c11445fe40b04_r2c1.jpg,TP,15,10,0.8988138465262648,3719,4125,42.86081845262534,47.53989677791866
ROSILHA-M-D_006_jpg.rf.4bf38cf5314617b13c7c11445fe40b04_r2c1.jpg,TP,12,8,0.8736929003852504,3186,3623,36.71808754774518,41.75443540033923
ROSILHA-M-D_006_jpg.rf.4bf38cf5314617b13c7c11445fe40b04_r2c1.jpg,TP,23,3,0.867818250093879,2356,2618,27.15248407485488,30.171987821719046
ROSILHA-M-D_006_jpg.rf.4bf38cf5314617b13c7c11445fe40b04_r2c1.jpg,TP,8,0,0.8566233766233766,3368,3780,38.815605417704255,43.56383268376547
ROSILHA-M-D_006_jpg.rf.4bf38cf5314617b13c7c11445fe40b04_r2c1.jpg,TP,21,1,0.8286099865047234,1843,2222,21.240249639200993,25.608157731038855
ROSILHA-M-D_006_jpg.rf.4bf38cf5314617b13c7c11445fe40b04_r2c1.jpg,TP,24,25,0.8217913204062789,933,1040,10.752660289405604,11.985816399766161
ROSILHA-M-D_006_jpg.rf.4bf38cf5314617b13c7c11445fe40b04_r2c1.jpg,TP,16,11,0.8211678832116789,1437,1557,16.561171313907664,17.9441501292653
ROSILHA-M-D_006_jpg.rf.4bf38cf5314617b13c7c11445fe40b04_r2c1.jpg,TP,18,9,0.8190562067929065,2760,3292,31.80851275322558,37.939718834644424
ROSILHA-M-D_006_jpg.rf.4bf38cf5314617b13c7c11445fe40b04_r2c1.jpg,TP,4,19,0.8135072908672295,2134,2592,24.593973266443257,29.872342411724894
ROSILHA-M-D_006_jpg.rf.4bf38cf5314617b13c7c11445fe40b04_r2c1.jpg,TP,3,15,0.8107960741548528,2977,3665,34.30939944433064,42.238477985714404
ROSILHA-M-D_006_jpg.rf.4bf38cf5314617b13c7c11445fe40b04_r2c1.jpg,TP,7,20,0.7846750727449079,1704,1976,19.6382991780784,22.773051159555706
ROSILHA-M-D_006_jpg.rf.4bf38cf5314617b13c7c11445fe40b04_r2c1.jpg,TP,17,21,0.775319829424307,3549,3112,40.901598464202024,35.86525061160797
ROSILHA-M-D_006_jpg.rf.4bf38cf5314617b13c7c11445fe40b04_r2c1.jpg,TP,10,4,0.7730462134043068,8182,6474,94.296105560468,74.61170708854435
ROSILHA-M-D_006_jpg.rf.4bf38cf5314617b13c7c11445fe40b04_r2c1.jpg,TP,22,13,0.7540566337893733,2506,3007,28.881207594051922,34.655144148170045
ROSILHA-M-D_006_jpg.rf.4bf38cf5314617b13c7c11445fe40b04_r2c1.jpg,TP,19,23,0.7377551020408163,733,970,8.44769559714288,11.179078757474207
ROSILHA-M-D_006_jpg.rf.4bf38cf5314617b13c7c11445fe40b04_r2c1.jpg,TP,2,14,0.7243765316419202,6567,5395,75.68351567044651,62.17642257378696
ROSILHA-M-D_006_jpg.rf.4bf38cf5314617b13c7c11445fe40b04_r2c1.jpg,TP,13,12,0.7069872276483846,945,1327,10.890958170941367,15.293440733163168
ROSILHA-M-D_006_jpg.rf.4bf38cf5314617b13c7c11445fe40b04_r2c1.jpg,TP,6,22,0.6647430612805716,7005,5111,80.73138834650187,58.90337271077389
ROSILHA-M-D_006_jpg.rf.4bf38cf5314617b13c7c11445fe40b04_r2c1.jpg,TP,11,16,0.6478029294274301,4088,3337,47.11347830985006,38.45833589040354
ROSILHA-M-D_006_jpg.rf.4bf38cf5314617b13c7c11445fe40b04_r2c1.jpg,TP,26,17,0.578214059531349,913,1579,10.522163820179331,18.1976962454142
ROSILHA-M-D_006_jpg.rf.4bf38cf5314617b13c7c11445fe40b04_r2c1.jpg,FP,0,-1,0.0,0,3274,0.0,37.73227201234078
ROSILHA-M-D_006_jpg.rf.4bf38cf5314617b13c7c11445fe40b04_r2c1.jpg,FP,14,-1,0.0,0,2886,0.0,33.2606405093511
ROSILHA-M-D_006_jpg.rf.4bf38cf5314617b13c7c11445fe40b04_r2c1.jpg,FP,20,-1,0.0,0,1613,0.0,18.589540243098863
ROSILHA-M-D_006_jpg.rf.4bf38cf5314617b13c7c11445fe40b04_r2c1.jpg,FP,25,-1,0.0,0,1971,0.0,22.715427042249136
ROSILHA-M-D_006_jpg.rf.4bf38cf5314617b13c7c11445fe40b04_r2c1.jpg,FP,27,-1,0.0,0,3142,0.0,36.210995315447384
ROSILHA-M-D_006_jpg.rf.4bf38cf5314617b13c7c11445fe40b04_r2c1.jpg,FP,28,-1,0.0,0,1130,0.0,13.023050511284385
ROSILHA-M-D_006_jpg.rf.4bf38cf5314617b13c7c11445fe40b04_r2c1.jpg,FP,29,-1,0.0,0,1296,0.0,14.936171205862447
ROSILHA-M-D_006_jpg.rf.4bf38cf5314617b13c7c11445fe40b04_r2c1.jpg,FN,-1,6,0.0,4754,0,54.78901073508493,0.0
ROSILHA-M-D_006_jpg.rf.4bf38cf5314617b13c7c11445fe40b04_r2c1.jpg,FN,-1,7,0.0,3857,0,44.451244090286615,0.0
ROSILHA-M-D_006_jpg.rf.4bf38cf5314617b13c7c11445fe40b04_r2c1.jpg,FN,-1,18,0.0,7588,0,87.45036042444772,0.0
ROSILHA-M-D_006_jpg.rf.4bf38cf5314617b13c7c11445fe40b04_r2c2.jpg,TP,1,20,0.9091041514930809,6366,6740,73.36702615472248,77.67731012925377
ROSILHA-M-D_006_jpg.rf.4bf38cf5314617b13c7c11445fe40b04_r2c2.jpg,TP,13,7,0.9051894688784051,6013,6506,69.29876347287878,74.98050143930638
ROSILHA-M-D_006_jpg.rf.4bf38cf5314617b13c7c11445fe40b04_r2c2.jpg,TP,9,6,0.9010661649419881,5840,6285,67.30496901407152,72.43351545435607
ROSILHA-M-D_006_jpg.rf.4bf38cf5314617b13c7c11445fe40b04_r2c2.jpg,TP,0,15,0.9008793969849246,14591,15671,168.15869912402698,180.60550846224567
ROSILHA-M-D_006_jpg.rf.4bf38cf5314617b13c7c11445fe40b04_r2c2.jpg,TP,14,2,0.8955823293172691,2451,2269,28.247342303679673,26.149824433720593
ROSILHA-M-D_006_jpg.rf.4bf38cf5314617b13c7c11445fe40b04_r2c2.jpg,TP,3,0,0.8799164636268708,2837,2564,32.69592415974673,29.549647354808112
ROSILHA-M-D_006_jpg.rf.4bf38cf5314617b13c7c11445fe40b04_r2c2.jpg,TP,2,18,0.8790946992257296,3017,3293,34.77039238278318,37.95124365810574
ROSILHA-M-D_006_jpg.rf.4bf38cf5314617b13c7c11445fe40b04_r2c2.jpg,TP,11,8,0.8787425149700598,2353,2667,27.11790960447094,30.736704171323414
ROSILHA-M-D_006_jpg.rf.4bf38cf5314617b13c7c11445fe40b04_r2c2.jpg,TP,4,3,0.8776992540243423,4485,5080,51.688833223991566,58.54610318347317
ROSILHA-M-D_006_jpg.rf.4bf38cf5314617b13c7c11445fe40b04_r2c2.jpg,TP,10,17,0.8753812636165578,2031,2273,23.406916449927955,26.195923727565848
ROSILHA-M-D_006_jpg.rf.4bf38cf5314617b13c7c11445fe40b04_r2c2.jpg,TP,7,11,0.8699868938401049,3326,3808,38.331562832329084,43.88652774068225
ROSILHA-M-D_006_jpg.rf.4bf38cf5314617b13c7c11445fe40b04_r2c2.jpg,TP,16,5,0.8686526743398781,2610,2910,30.07978923402854,33.537236272422625
ROSILHA-M-D_006_jpg.rf.4bf38cf5314617b13c7c11445fe40b04_r2c2.jpg,TP,5,13,0.8630799886137205,6148,6942,70.85461464015611,80.00532446843913
ROSILHA-M-D_006_jpg.rf.4bf38cf5314617b13c7c11445fe40b04_r2c2.jpg,TP,19,9,0.8552717747216765,1343,1490,15.477837908544187,17.171986957357287
ROSILHA-M-D_006_jpg.rf.4bf38cf5314617b13c7c11445fe40b04_r2c2.jpg,TP,18,16,0.8495356037151702,1381,1606,15.915781200074104,18.508866478869667
ROSILHA-M-D_006_jpg.rf.4bf38cf5314617b13c7c11445fe40b04_r2c2.jpg,TP,12,10,0.829533855052739,2442,2935,28.14361889252785,33.82535685895546
ROSILHA-M-D_006_jpg.rf.4bf38cf5314617b13c7c11445fe40b04_r2c2.jpg,TP,15,1,0.8265840876607908,1738,2096,20.030143175763065,24.156029974913338
ROSILHA-M-D_006_jpg.rf.4bf38cf5314617b13c7c11445fe40b04_r2c2.jpg,TP,20,21,0.8256658595641646,1407,1609,16.215426610068256,18.543440949253608
ROSILHA-M-D_006_jpg.rf.4bf38cf5314617b13c7c11445fe40b04_r2c2.jpg,TP,21,4,0.8062015503875969,1667,2061,19.211880710009797,23.752661153767363
ROSILHA-M-D_006_jpg.rf.4bf38cf5314617b13c7c11445fe40b04_r2c2.jpg,TP,6,19,0.7984732824427481,5862,7096,67.55851513022041,81.78014728148142
ROSILHA-M-D_006_jpg.rf.4bf38cf5314617b13c7c11445fe40b04_r2c2.jpg,TP,22,22,0.7914230019493177,843,995,9.715426177887379,11.467199344007048
ROSILHA-M-D_006_jpg.rf.4bf38cf5314617b13c7c11445fe40b04_r2c2.jpg,TP,8,12,0.7904670505438259,2476,3121,28.535462890212514,35.968974022759795
ROSILHA-M-D_006_jpg.rf.4bf38cf5314617b13c7c11445fe40b04_r2c2.jpg,TP,17,14,0.6341358555460017,1475,2326,16.999114605437583,26.80673937101547
ROSILHA-M-D_011_jpg.rf.3a2fb2d36de8bcc90049d66dd562a41c_r0c0.jpg,TP,0,4,0.9018578352180937,11175,12370,128.78990218017967,142.56206621644944
ROSILHA-M-D_011_jpg.rf.3a2fb2d36de8bcc90049d66dd562a41c_r0c0.jpg,TP,2,8,0.884678333123505,7077,7893,81.56117563571645,90.96543158014838
ROSILHA-M-D_011_jpg.rf.3a2fb2d36de8bcc90049d66dd562a41c_r0c0.jpg,TP,5,2,0.8822036049758822,3530,3884,40.682626818437065,44.762414323742085
ROSILHA-M-D_011_jpg.rf.3a2fb2d36de8bcc90049d66dd562a41c_r0c0.jpg,TP,4,1,0.8808203991130821,1621,1772,18.68173883078937,20.42198717344773
ROSILHA-M-D_011_jpg.rf.3a2fb2d36de8bcc90049d66dd562a41c_r0c0.jpg,TP,1,5,0.8265673175745119,3221,3888,37.12145636889116,44.80851361758734
ROSILHA-M-D_011_jpg.rf.3a2fb2d36de8bcc90049d66dd562a41c_r0c0.jpg,TP,7,3,0.8171509567682494,1167,1397,13.44946897935299,16.100178375455123
ROSILHA-M-D_011_jpg.rf.3a2fb2d36de8bcc90049d66dd562a41c_r0c0.jpg,TP,8,0,0.797940797940798,1240,1554,14.290781092028883,17.90957565888136
ROSILHA-M-D_011_jpg.rf.3a2fb2d36de8bcc90049d66dd562a41c_r0c0.jpg,TP,3,7,0.7911374541349139,2805,3541,32.327129808984694,40.80939987651151
ROSILHA-M-D_011_jpg.rf.3a2fb2d36de8bcc90049d66dd562a41c_r0c0.jpg,TP,6,6,0.7635285396590067,1033,1346,11.905142635536965,15.512412378928127
ROSILHA-M-D_011_jpg.rf.3a2fb2d36de8bcc90049d66dd562a41c_r0c1.jpg,TP,0,26,0.9117532213978915,9427,10157,108.64451076980346,117.0576318965624
ROSILHA-M-D_011_jpg.rf.3a2fb2d36de8bcc90049d66dd562a41c_r0c1.jpg,TP,6,15,0.9056779398076327,5853,6431,67.4547917190686,74.11613967970786
ROSILHA-M-D_011_jpg.rf.3a2fb2d36de8bcc90049d66dd562a41c_r0c1.jpg,TP,13,12,0.8905735003295979,2721,3015,31.359044638234348,34.74734273586055
ROSILHA-M-D_011_jpg.rf.3a2fb2d36de8bcc90049d66dd562a41c_r0c1.jpg,TP,11,24,0.8838396111786149,3637,4115,41.91578292879762,47.42464854330553
ROSILHA-M-D_011_jpg.rf.3a2fb2d36de8bcc90049d66dd562a41c_r0c1.jpg,TP,1,4,0.8835429905330048,20768,22804,239.34753364456117,262.8120742117957
ROSILHA-M-D_011_jpg.rf.3a2fb2d36de8bcc90049d66dd562a41c_r0c1.jpg,TP,8,35,0.8828354743847702,5754,6411,66.31383419639855,73.88564321048159
ROSILHA-M-D_011_jpg.rf.3a2fb2d36de8bcc90049d66dd562a41c_r0c1.jpg,TP,10,6,0.8820305739832709,3068,3457,35.358158379310176,39.84131470576117
ROSILHA-M-D_011_jpg.rf.3a2fb2d36de8bcc90049d66dd562a41c_r0c1.jpg,TP,17,0,0.8786084381939304,2387,2689,27.5097536021556,30.990250287472314
ROSILHA-M-D_011_jpg.rf.3a2fb2d36de8bcc90049d66dd562a41c_r0c1.jpg,TP,9,37,0.8758901322482198,3473,3903,40.025711881142186,44.981385969507045
ROSILHA-M-D_011_jpg.rf.3a2fb2d36de8bcc90049d66dd562a41c_r0c1.jpg,TP,3,29,0.8715454344461641,3944,4521,45.4539037314209,52.103726868598855
ROSILHA-M-D_011_jpg.rf.3a2fb2d36de8bcc90049d66dd562a41c_r0c1.jpg,TP,28,3,0.8704990524320909,1385,1576,15.961880493919358,18.16312177503026
ROSILHA-M-D_011_jpg.rf.3a2fb2d36de8bcc90049d66dd562a41c_r0c1.jpg,TP,22,38,0.8696202531645569,2089,2342,24.075356210684145,26.99113654639649
ROSILHA-M-D_011_jpg.rf.3a2fb2d36de8bcc90049d66dd562a41c_r0c1.jpg,TP,4,9,0.8676959936110742,6539,7493,75.36082061352974,86.35550219562292
ROSILHA-M-D_011_jpg.rf.3a2fb2d36de8bcc90049d66dd562a41c_r0c1.jpg,TP,14,28,0.8647727272727272,2313,2610,26.656916666018393,30.07978923402854
ROSILHA-M-D_011_jpg.rf.3a2fb2d36de8bcc90049d66dd562a41c_r0c1.jpg,TP,15,32,0.8523676880222841,2764,3221,31.854612047070834,37.12145636889116
ROSILHA-M-D_011_jpg.rf.3a2fb2d36de8bcc90049d66dd562a41c_r0c1.jpg,TP,18,11,0.852169255490091,1604,1854,18.48581683194704,21.367022697275445
ROSILHA-M-D_011_jpg.rf.3a2fb2d36de8bcc90049d66dd562a41c_r0c1.jpg,TP,5,36,0.8394230769230769,2620,3119,30.195037468641672,35.945924375837166
ROSILHA-M-D_011_jpg.rf.3a2fb2d36de8bcc90049d66dd562a41c_r0c1.jpg,TP,12,8,0.8250065393669893,3161,3816,36.42996696121234,43.97872632837276
ROSILHA-M-D_011_jpg.rf.3a2fb2d36de8bcc90049d66dd562a41c_r0c1.jpg,TP,7,16,0.8229700073152889,3376,4100,38.907804005394766,47.25177619138582
ROSILHA-M-D_011_jpg.rf.3a2fb2d36de8bcc90049d66dd562a41c_r0c1.jpg,TP,30,7,0.8229598893499308,616,702,7.099291252169188,8.090426069842158
ROSILHA-M-D_011_jpg.rf.3a2fb2d36de8bcc90049d66dd562a41c_r0c1.jpg,TP,20,31,0.8209737827715355,2193,2669,25.273937850660758,30.75975381824604
ROSILHA-M-D_011_jpg.rf.3a2fb2d36de8bcc90049d66dd562a41c_r0c1.jpg,TP,19,18,0.8186215235792019,4138,4886,47.68971948291574,56.310287431978324
ROSILHA-M-D_011_jpg.rf.3a2fb2d36de8bcc90049d66dd562a41c_r0c1.jpg,TP,29,1,0.7888446215139442,802,994,9.24290841597352,11.455674520545735
ROSILHA-M-D_011_jpg.rf.3a2fb2d36de8bcc90049d66dd562a41c_r0c1.jpg,TP,25,14,0.7857766143106457,1803,2290,20.779256700748448,26.39184572640818
ROSILHA-M-D_011_jpg.rf.3a2fb2d36de8bcc90049d66dd562a41c_r0c1.jpg,TP,24,30,0.7833083832335329,2482,2283,28.604611830980396,26.311171962178985
ROSILHA-M-D_011_jpg.rf.3a2fb2d36de8bcc90049d66dd562a41c_r0c1.jpg,TP,23,25,0.7738197424892704,1807,2326,20.825355994593703,26.80673937101547
ROSILHA-M-D_011_jpg.rf.3a2fb2d36de8bcc90049d66dd562a41c_r0c1.jpg,TP,32,19,0.7730426164519326,780,1009,8.98936229982462,11.628546872465439
ROSILHA-M-D_011_jpg.rf.3a2fb2d36de8bcc90049d66dd562a41c_r0c1.jpg,TP,39,22,0.7720797720797721,1088,1400,12.539007925909214,16.134752845839063
ROSILHA-M-D_011_jpg.rf.3a2fb2d36de8bcc90049d66dd562a41c_r0c1.jpg,TP,21,33,0.7635491606714628,1605,2072,18.497341655408352,23.87943421184181
ROSILHA-M-D_011_jpg.rf.3a2fb2d36de8bcc90049d66dd562a41c_r0c1.jpg,TP,34,23,0.7486457204767064,716,898,8.251773598300549,10.349291468259628
ROSILHA-M-D_011_jpg.rf.3a2fb2d36de8bcc90049d66dd562a41c_r0c1.jpg,TP,36,20,0.7476280834914611,801,1041,9.231383592512206,11.997341223227474
ROSILHA-M-D_011_jpg.rf.3a2fb2d36de8bcc90049d66dd562a41c_r0c1.jpg,TP,26,39,0.7352226720647773,2790,3639,32.154257457064986,41.93883257572025
ROSILHA-M-D_011_jpg.rf.3a2fb2d36de8bcc90049d66dd562a41c_r0c1.jpg,TP,27,10,0.7327635327635328,1286,1755,14.82092297124931,20.226065174605395
ROSILHA-M-D_011_jpg.rf.3a2fb2d36de8bcc90049d66dd562a41c_r0c1.jpg,TP,31,21,0.7208201892744479,1828,2536,21.06737728728129,29.22695229789133
ROSILHA-M-D_011_jpg.rf.3a2fb2d36de8bcc90049d66dd562a41c_r0c1.jpg,TP,16,27,0.7028885832187071,2044,2908,23.55673915492503,33.514186625499995
ROSILHA-M-D_011_jpg.rf.3a2fb2d36de8bcc90049d66dd562a41c_r0c1.jpg,TP,38,17,0.6880593756821655,3152,4581,36.32624355006052,52.79521627627767
ROSILHA-M-D_011_jpg.rf.3a2fb2d36de8bcc90049d66dd562a41c_r0c1.jpg,TP,37,5,0.628695652173913,723,1150,8.332447362529745,13.253546980510658
ROSILHA-M-D_011_jpg.rf.3a2fb2d36de8bcc90049d66dd562a41c_r0c1.jpg,TP,2,13,0.6030648610121169,13319,9172,153.49912368123606,105.70568078716849
ROSILHA-M-D_011_jpg.rf.3a2fb2d36de8bcc90049d66dd562a41c_r0c1.jpg,FP,33,-1,0.0,0,1061,0.0,12.227837692453747
ROSILHA-M-D_011_jpg.rf.3a2fb2d36de8bcc90049d66dd562a41c_r0c1.jpg,FP,35,-1,0.0,0,1851,0.0,21.332448226891504
ROSILHA-M-D_011_jpg.rf.3a2fb2d36de8bcc90049d66dd562a41c_r0c1.jpg,FN,-1,2,0.0,406,0,4.679078325293328,0.0
ROSILHA-M-D_011_jpg.rf.3a2fb2d36de8bcc90049d66dd562a41c_r0c1.jpg,FN,-1,34,0.0,1174,0,13.530142743582186,0.0
ROSILHA-M-D_011_jpg.rf.3a2fb2d36de8bcc90049d66dd562a41c_r0c1.jpg,FN,-1,40,0.0,665,0,7.664007601773554,0.0
ROSILHA-M-D_011_jpg.rf.3a2fb2d36de8bcc90049d66dd562a41c_r0c1.jpg,FN,-1,41,0.0,697,0,8.032801952535591,0.0
ROSILHA-M-D_011_jpg.rf.3a2fb2d36de8bcc90049d66dd562a41c_r0c1.jpg,FN,-1,42,0.0,1024,0,11.801419224385143,0.0
ROSILHA-M-D_011_jpg.rf.3a2fb2d36de8bcc90049d66dd562a41c_r0c2.jpg,TP,0,8,0.930661205383265,3237,3362,37.305853544272175,38.74645647693637
ROSILHA-M-D_011_jpg.rf.3a2fb2d36de8bcc90049d66dd562a41c_r0c2.jpg,TP,6,5,0.8790466026325151,2472,2810,28.48936359636726,32.38475392629126
ROSILHA-M-D_011_jpg.rf.3a2fb2d36de8bcc90049d66dd562a41c_r0c2.jpg,TP,1,9,0.8609332113449222,3788,4348,43.65603127145598,50.109932409791604
ROSILHA-M-D_011_jpg.rf.3a2fb2d36de8bcc90049d66dd562a41c_r0c2.jpg,TP,8,2,0.8545424181696727,10289,11921,118.5789085934558,137.3874204823196
ROSILHA-M-D_011_jpg.rf.3a2fb2d36de8bcc90049d66dd562a41c_r0c2.jpg,TP,2,7,0.8540983606557377,3647,4270,42.03103116341076,49.210996179809136
ROSILHA-M-D_011_jpg.rf.3a2fb2d36de8bcc90049d66dd562a41c_r0c2.jpg,TP,3,4,0.8021004266491631,2445,3046,28.17819336291179,35.10461226316127
ROSILHA-M-D_011_jpg.rf.3a2fb2d36de8bcc90049d66dd562a41c_r0c2.jpg,TP,5,1,0.7955529646902065,10931,10630,125.97784525561913,122.50887339376374
ROSILHA-M-D_011_jpg.rf.3a2fb2d36de8bcc90049d66dd562a41c_r0c2.jpg,TP,9,11,0.7189222290263318,1378,1429,15.881206729690163,16.468972726217157
ROSILHA-M-D_011_jpg.rf.3a2fb2d36de8bcc90049d66dd562a41c_r0c2.jpg,TP,4,3,0.6854211998756605,2205,3217,25.41223573219652,37.0753570750459
ROSILHA-M-D_011_jpg.rf.3a2fb2d36de8bcc90049d66dd562a41c_r0c2.jpg,TP,7,6,0.6562311860325105,1090,1661,12.562057572831842,19.142731769241916
ROSILHA-M-D_011_jpg.rf.3a2fb2d36de8bcc90049d66dd562a41c_r0c2.jpg,FN,-1,0,0.0,7047,0,81.21543093187705,0.0
ROSILHA-M-D_011_jpg.rf.3a2fb2d36de8bcc90049d66dd562a41c_r0c2.jpg,FN,-1,10,0.0,776,0,8.943263005979366,0.0
ROSILHA-M-D_011_jpg.rf.3a2fb2d36de8bcc90049d66dd562a41c_r1c0.jpg,TP,16,18,0.9363525091799265,6258,6398,72.12234522090061,73.73582050548451
ROSILHA-M-D_011_jpg.rf.3a2fb2d36de8bcc90049d66dd562a41c_r1c0.jpg,TP,0,6,0.9251790150518778,6633,6541,76.44415401889322,75.38387026045235
ROSILHA-M-D_011_jpg.rf.3a2fb2d36de8bcc90049d66dd562a41c_r1c0.jpg,TP,1,20,0.9064440598595134,8939,9788,103.02039692068242,112.80497203933767
ROSILHA-M-D_011_jpg.rf.3a2fb2d36de8bcc90049d66dd562a41c_r1c0.jpg,TP,28,5,0.9003215434083601,2254,2474,25.97695208180089,28.512413243289885
ROSILHA-M-D_011_jpg.rf.3a2fb2d36de8bcc90049d66dd562a41c_r1c0.jpg,TP,4,16,0.894835975514048,5723,6349,65.95656466909783,73.17110415588014
ROSILHA-M-D_011_jpg.rf.3a2fb2d36de8bcc90049d66dd562a41c_r1c0.jpg,TP,7,34,0.8939577039274924,3010,3259,34.68971861855398,37.55939966042107
ROSILHA-M-D_011_jpg.rf.3a2fb2d36de8bcc90049d66dd562a41c_r1c0.jpg,TP,2,0,0.8922547895857214,5549,6007,63.95124538682926,69.22961453211089
ROSILHA-M-D_011_jpg.rf.3a2fb2d36de8bcc90049d66dd562a41c_r1c0.jpg,TP,24,3,0.8869018849685839,1897,2007,21.86259010611193,23.130320686856425
ROSILHA-M-D_011_jpg.rf.3a2fb2d36de8bcc90049d66dd562a41c_r1c0.jpg,TP,17,24,0.8845833333333334,2227,2296,25.66578184834542,26.460994667176063
ROSILHA-M-D_011_jpg.rf.3a2fb2d36de8bcc90049d66dd562a41c_r1c0.jpg,TP,6,7,0.8824034334763948,3156,3423,36.37234284390577,39.449470708076504
ROSILHA-M-D_011_jpg.rf.3a2fb2d36de8bcc90049d66dd562a41c_r1c0.jpg,TP,11,23,0.8624667258207631,3898,4498,44.92376185220047,51.83865592898864
ROSILHA-M-D_011_jpg.rf.3a2fb2d36de8bcc90049d66dd562a41c_r1c0.jpg,TP,10,19,0.8609821302940762,7007,6219,80.7544379934245,71.67287710590938
ROSILHA-M-D_011_jpg.rf.3a2fb2d36de8bcc90049d66dd562a41c_r1c0.jpg,TP,32,21,0.8580246913580247,975,1132,11.236702874780775,13.046100158207013
ROSILHA-M-D_011_jpg.rf.3a2fb2d36de8bcc90049d66dd562a41c_r1c0.jpg,TP,14,9,0.8532110091743119,4278,5014,49.30319476749965,57.78546483502647
ROSILHA-M-D_011_jpg.rf.3a2fb2d36de8bcc90049d66dd562a41c_r1c0.jpg,TP,8,30,0.8530966767371602,2304,2603,26.55319325486657,29.999115469799342
ROSILHA-M-D_011_jpg.rf.3a2fb2d36de8bcc90049d66dd562a41c_r1c0.jpg,TP,31,10,0.836677554829678,1854,2082,21.367022697275445,23.99468244645495
ROSILHA-M-D_011_jpg.rf.3a2fb2d36de8bcc90049d66dd562a41c_r1c0.jpg,TP,5,28,0.8244927020291919,2316,2809,26.691491136402334,32.373229102829946
ROSILHA-M-D_011_jpg.rf.3a2fb2d36de8bcc90049d66dd562a41c_r1c0.jpg,TP,33,4,0.8193202146690519,521,496,6.004433023344394,5.716312436811553
ROSILHA-M-D_011_jpg.rf.3a2fb2d36de8bcc90049d66dd562a41c_r1c0.jpg,TP,19,26,0.8164731896075179,1482,1804,17.07978836966678,20.790781524209763
ROSILHA-M-D_011_jpg.rf.3a2fb2d36de8bcc90049d66dd562a41c_r1c0.jpg,TP,3,29,0.8148698884758364,2198,2684,25.33156196796733,30.932626170165744
ROSILHA-M-D_011_jpg.rf.3a2fb2d36de8bcc90049d66dd562a41c_r1c0.jpg,TP,12,33,0.8133333333333334,1833,2247,21.12500140458786,25.896278317571696
ROSILHA-M-D_011_jpg.rf.3a2fb2d36de8bcc90049d66dd562a41c_r1c0.jpg,TP,21,8,0.8103727714748784,2522,3063,29.065604769432937,35.3005342620036
ROSILHA-M-D_011_jpg.rf.3a2fb2d36de8bcc90049d66dd562a41c_r1c0.jpg,TP,23,25,0.7997967479674797,1575,1967,18.151596951568944,22.669327748403884
ROSILHA-M-D_011_jpg.rf.3a2fb2d36de8bcc90049d66dd562a41c_r1c0.jpg,TP,15,17,0.7947046843177189,1952,2454,22.49645539648418,28.281916774063614
ROSILHA-M-D_011_jpg.rf.3a2fb2d36de8bcc90049d66dd562a41c_r1c0.jpg,TP,18,27,0.7807715860379669,1275,1633,14.69414991317486,18.820036712325134
ROSILHA-M-D_011_jpg.rf.3a2fb2d36de8bcc90049d66dd562a41c_r1c0.jpg,TP,9,31,0.7671404682274248,1835,2392,21.148051051510485,27.56737771946217
ROSILHA-M-D_011_jpg.rf.3a2fb2d36de8bcc90049d66dd562a41c_r1c0.jpg,TP,22,1,0.765633210719916,1461,1899,16.837767076979194,21.885639753034557
ROSILHA-M-D_011_jpg.rf.3a2fb2d36de8bcc90049d66dd562a41c_r1c0.jpg,TP,20,13,0.7652307692307693,9948,13000,114.64894379314785,149.822704997077
ROSILHA-M-D_011_jpg.rf.3a2fb2d36de8bcc90049d66dd562a41c_r1c0.jpg,TP,29,32,0.7461212976022567,1060,1416,12.216312868992432,16.31915002122008
ROSILHA-M-D_011_jpg.rf.3a2fb2d36de8bcc90049d66dd562a41c_r1c0.jpg,TP,26,2,0.731263063601075,2476,3322,28.535462890212514,38.28546353848383
ROSILHA-M-D_011_jpg.rf.3a2fb2d36de8bcc90049d66dd562a41c_r1c0.jpg,TP,35,36,0.7180641530669668,1633,1420,18.820036712325134,16.365249315065334
ROSILHA-M-D_011_jpg.rf.3a2fb2d36de8bcc90049d66dd562a41c_r1c0.jpg,TP,13,11,0.5840532502478403,12916,9454,148.85461982632665,108.95568100325892
ROSILHA-M-D_011_jpg.rf.3a2fb2d36de8bcc90049d66dd562a41c_r1c0.jpg,FP,25,-1,0.0,0,4103,0.0,47.28635066176977
ROSILHA-M-D_011_jpg.rf.3a2fb2d36de8bcc90049d66dd562a41c_r1c0.jpg,FP,27,-1,0.0,0,3414,0.0,39.345747296924685
ROSILHA-M-D_011_jpg.rf.3a2fb2d36de8bcc90049d66dd562a41c_r1c0.jpg,FP,30,-1,0.0,0,3368,0.0,38.815605417704255
ROSILHA-M-D_011_jpg.rf.3a2fb2d36de8bcc90049d66dd562a41c_r1c0.jpg,FP,34,-1,0.0,0,1269,0.0,14.625000972406978
ROSILHA-M-D_011_jpg.rf.3a2fb2d36de8bcc90049d66dd562a41c_r1c0.jpg,FN,-1,12,0.0,5094,0,58.70745071193156,0.0
ROSILHA-M-D_011_jpg.rf.3a2fb2d36de8bcc90049d66dd562a41c_r1c0.jpg,FN,-1,14,0.0,2267,0,26.126774786797966,0.0
ROSILHA-M-D_011_jpg.rf.3a2fb2d36de8bcc90049d66dd562a41c_r1c0.jpg,FN,-1,15,0.0,2378,0,27.40603019100378,0.0
ROSILHA-M-D_011_jpg.rf.3a2fb2d36de8bcc90049d66dd562a41c_r1c0.jpg,FN,-1,22,0.0,7865,0,90.64273652323159,0.0
ROSILHA-M-D_011_jpg.rf.3a2fb2d36de8bcc90049d66dd562a41c_r1c0.jpg,FN,-1,35,0.0,5840,0,67.30496901407152,0.0
ROSILHA-M-D_011_jpg.rf.3a2fb2d36de8bcc90049d66dd562a41c_r1c0.jpg,FN,-1,37,0.0,2148,0,24.755320794901646,0.0
ROSILHA-M-D_011_jpg.rf.3a2fb2d36de8bcc90049d66dd562a41c_r1c1.jpg,TP,0,10,0.903103542982697,16472,18174,189.83689205475787,209.45214158591367
ROSILHA-M-D_011_jpg.rf.3a2fb2d36de8bcc90049d66dd562a41c_r1c1.jpg,TP,14,28,0.894456289978678,2548,2783,29.365250179427093,32.07358369283579
ROSILHA-M-D_011_jpg.rf.3a2fb2d36de8bcc90049d66dd562a41c_r1c1.jpg,TP,9,7,0.8908788993002016,7513,8429,86.5859986648492,97.14273695541247
ROSILHA-M-D_011_jpg.rf.3a2fb2d36de8bcc90049d66dd562a41c_r1c1.jpg,TP,5,27,0.8901343027365445,8953,9765,103.18174444914081,112.53990109972746
ROSILHA-M-D_011_jpg.rf.3a2fb2d36de8bcc90049d66dd562a41c_r1c1.jpg,TP,26,12,0.8875111937728181,25851,28951,297.92821129841826,333.6551640284905
ROSILHA-M-D_011_jpg.rf.3a2fb2d36de8bcc90049d66dd562a41c_r1c1.jpg,TP,6,29,0.8871445497630331,2999,3372,34.562945560479534,38.861704711549514
ROSILHA-M-D_011_jpg.rf.3a2fb2d36de8bcc90049d66dd562a41c_r1c1.jpg,TP,27,24,0.8761348897535668,1405,1488,16.19237696314563,17.14893731043466
ROSILHA-M-D_011_jpg.rf.3a2fb2d36de8bcc90049d66dd562a41c_r1c1.jpg,TP,1,9,0.8733940042826552,6526,7472,75.21099790853266,86.11348090293534
ROSILHA-M-D_011_jpg.rf.3a2fb2d36de8bcc90049d66dd562a41c_r1c1.jpg,TP,13,13,0.8725338491295939,4513,5168,52.01152828090835,59.560287648068766
ROSILHA-M-D_011_jpg.rf.3a2fb2d36de8bcc90049d66dd562a41c_r1c1.jpg,TP,2,2,0.8710335448776065,3862,4393,44.50886820759318,50.62854946555071
ROSILHA-M-D_011_jpg.rf.3a2fb2d36de8bcc90049d66dd562a41c_r1c1.jpg,TP,21,17,0.87094682230869,1343,1542,15.477837908544187,17.771277777345595
ROSILHA-M-D_011_jpg.rf.3a2fb2d36de8bcc90049d66dd562a41c_r1c1.jpg,TP,29,16,0.8684971098265896,606,687,6.9840430175560515,7.917553717922454
ROSILHA-M-D_011_jpg.rf.3a2fb2d36de8bcc90049d66dd562a41c_r1c1.jpg,TP,7,3,0.8684408737132815,3519,3923,40.555853760362616,45.21188243873331
ROSILHA-M-D_011_jpg.rf.3a2fb2d36de8bcc90049d66dd562a41c_r1c1.jpg,TP,19,25,0.8623435722411832,3044,3504,35.08156261623865,40.38298140844291
ROSILHA-M-D_011_jpg.rf.3a2fb2d36de8bcc90049d66dd562a41c_r1c1.jpg,TP,31,14,0.8572978303747535,8713,10120,100.41578681842553,116.6312134284938
ROSILHA-M-D_011_jpg.rf.3a2fb2d36de8bcc90049d66dd562a41c_r1c1.jpg,TP,17,33,0.8542258981649005,3672,3502,42.3191517499436,40.35993176152028
ROSILHA-M-D_011_jpg.rf.3a2fb2d36de8bcc90049d66dd562a41c_r1c1.jpg,TP,3,6,0.8356116975255234,4830,5778,55.66489731814477,66.59042995947007
ROSILHA-M-D_011_jpg.rf.3a2fb2d36de8bcc90049d66dd562a41c_r1c1.jpg,TP,24,23,0.8279411764705882,1146,1340,13.207447686665404,15.443263438160246
ROSILHA-M-D_011_jpg.rf.3a2fb2d36de8bcc90049d66dd562a41c_r1c1.jpg,TP,15,8,0.8228743150079547,4718,5594,54.37411709047764,64.46986244258837
ROSILHA-M-D_011_jpg.rf.3a2fb2d36de8bcc90049d66dd562a41c_r1c1.jpg,TP,10,26,0.8217929238115911,3786,4607,43.63298162453335,53.09486168627183
ROSILHA-M-D_011_jpg.rf.3a2fb2d36de8bcc90049d66dd562a41c_r1c1.jpg,TP,23,21,0.8001780717374714,6341,7812,73.07890556818964,90.03192087978196
ROSILHA-M-D_011_jpg.rf.3a2fb2d36de8bcc90049d66dd562a41c_r1c1.jpg,TP,11,1,0.7886720609233698,1666,2092,19.200355886548483,24.109930681068086
ROSILHA-M-D_011_jpg.rf.3a2fb2d36de8bcc90049d66dd562a41c_r1c1.jpg,TP,12,19,0.7838528359734287,3068,3914,35.358158379310176,45.10815902758149
ROSILHA-M-D_011_jpg.rf.3a2fb2d36de8bcc90049d66dd562a41c_r1c1.jpg,TP,4,4,0.7824062095730918,6049,7729,69.71365711748606,89.07536053249294
ROSILHA-M-D_011_jpg.rf.3a2fb2d36de8bcc90049d66dd562a41c_r1c1.jpg,TP,16,22,0.7814919071076707,2237,2826,25.78103008295856,32.569151101672276
ROSILHA-M-D_011_jpg.rf.3a2fb2d36de8bcc90049d66dd562a41c_r1c1.jpg,TP,18,11,0.7570740517760385,2515,3322,28.984931005203745,38.28546353848383
ROSILHA-M-D_011_jpg.rf.3a2fb2d36de8bcc90049d66dd562a41c_r1c1.jpg,TP,28,30,0.7439320388349514,1284,1590,14.797873324326682,18.324469303488648
ROSILHA-M-D_011_jpg.rf.3a2fb2d36de8bcc90049d66dd562a41c_r1c1.jpg,TP,22,20,0.7424986361156574,1372,1822,15.812057788922282,20.998228346513407
ROSILHA-M-D_011_jpg.rf.3a2fb2d36de8bcc90049d66dd562a41c_r1c1.jpg,TP,25,5,0.7314423657211828,1220,1649,14.06028462280261,19.004433887706153
ROSILHA-M-D_011_jpg.rf.3a2fb2d36de8bcc90049d66dd562a41c_r1c1.jpg,TP,20,18,0.6429659725749112,1266,1969,14.590426502023037,22.69237739532651
ROSILHA-M-D_011_jpg.rf.3a2fb2d36de8bcc90049d66dd562a41c_r1c1.jpg,TP,30,31,0.6314432989690721,1504,1028,17.333334485815676,11.847518518230396
ROSILHA-M-D_011_jpg.rf.3a2fb2d36de8bcc90049d66dd562a41c_r1c1.jpg,FP,8,-1,0.0,0,18406,0.0,212.1259006289384
ROSILHA-M-D_011_jpg.rf.3a2fb2d36de8bcc90049d66dd562a41c_r1c1.jpg,FP,32,-1,0.0,0,13952,0.0,160.79433693224757
ROSILHA-M-D_011_jpg.rf.3a2fb2d36de8bcc90049d66dd562a41c_r1c1.jpg,FN,-1,0,0.0,345,0,3.9760640941531973,0.0
ROSILHA-M-D_011_jpg.rf.3a2fb2d36de8bcc90049d66dd562a41c_r1c1.jpg,FN,-1,15,0.0,6155,0,70.9352884043853,0.0
ROSILHA-M-D_011_jpg.rf.3a2fb2d36de8bcc90049d66dd562a41c_r1c1.jpg,FN,-1,32,0.0,1295,0,14.924646382401132,0.0
ROSILHA-M-D_011_jpg.rf.3a2fb2d36de8bcc90049d66dd562a41c_r1c2.jpg,TP,0,35,0.9164956731198144,10312,11170,118.843979533066,128.7322780628731
ROSILHA-M-D_011_jpg.rf.3a2fb2d36de8bcc90049d66dd562a41c_r1c2.jpg,TP,12,37,0.914319020788809,9768,9938,112.5744755701114,114.53369555853472
ROSILHA-M-D_011_jpg.rf.3a2fb2d36de8bcc90049d66dd562a41c_r1c2.jpg,TP,1,19,0.9047309229482294,9839,10654,113.39273803586467,122.78546915683526
ROSILHA-M-D_011_jpg.rf.3a2fb2d36de8bcc90049d66dd562a41c_r1c2.jpg,TP,29,38,0.9033740129217516,6317,6940,72.80230980511811,79.9822748215165
ROSILHA-M-D_011_jpg.rf.3a2fb2d36de8bcc90049d66dd562a41c_r1c2.jpg,TP,2,9,0.903150912106136,8175,9039,94.2154317962388,104.17287926681378
ROSILHA-M-D_011_jpg.rf.3a2fb2d36de8bcc90049d66dd562a41c_r1c2.jpg,TP,9,11,0.9028768699654776,3948,4320,45.50000302526615,49.78723735287482
ROSILHA-M-D_011_jpg.rf.3a2fb2d36de8bcc90049d66dd562a41c_r1c2.jpg,TP,7,21,0.8968609865470852,5000,5575,57.62411730656808,64.25089079682341
ROSILHA-M-D_011_jpg.rf.3a2fb2d36de8bcc90049d66dd562a41c_r1c2.jpg,TP,10,13,0.8892522345759756,4140,4526,47.71276912983837,52.16135098590542
ROSILHA-M-D_011_jpg.rf.3a2fb2d36de8bcc90049d66dd562a41c_r1c2.jpg,TP,3,20,0.8755310110450297,4168,4662,48.03546418675515,53.728726976644076
ROSILHA-M-D_011_jpg.rf.3a2fb2d36de8bcc90049d66dd562a41c_r1c2.jpg,TP,6,34,0.870779619398404,5677,6513,65.42642278987739,75.06117520353558
ROSILHA-M-D_011_jpg.rf.3a2fb2d36de8bcc90049d66dd562a41c_r1c2.jpg,TP,4,6,0.866030121074909,8801,10156,101.42997128302113,117.04610707310108
ROSILHA-M-D_011_jpg.rf.3a2fb2d36de8bcc90049d66dd562a41c_r1c2.jpg,TP,18,8,0.8631057658295013,2454,2813,28.281916774063614,32.4193283966752
ROSILHA-M-D_011_jpg.rf.3a2fb2d36de8bcc90049d66dd562a41c_r1c2.jpg,TP,15,23,0.8529021558872305,5325,5848,61.369684931495,67.39716760176202
ROSILHA-M-D_011_jpg.rf.3a2fb2d36de8bcc90049d66dd562a41c_r1c2.jpg,TP,27,30,0.850929614873838,2811,2764,32.396278749752575,31.854612047070834
ROSILHA-M-D_011_jpg.rf.3a2fb2d36de8bcc90049d66dd562a41c_r1c2.jpg,TP,20,3,0.8415300546448088,2167,2551,24.974292440666606,29.399824649811034
ROSILHA-M-D_011_jpg.rf.3a2fb2d36de8bcc90049d66dd562a41c_r1c2.jpg,TP,35,18,0.8368794326241135,952,861,10.971631935170562,9.922873000191023
ROSILHA-M-D_011_jpg.rf.3a2fb2d36de8bcc90049d66dd562a41c_r1c2.jpg,TP,23,4,0.8256278538812786,2893,3504,33.34131427358029,40.38298140844291
ROSILHA-M-D_011_jpg.rf.3a2fb2d36de8bcc90049d66dd562a41c_r1c2.jpg,TP,24,10,0.8224852071005917,2085,2535,24.02925691683889,29.215427474430015
ROSILHA-M-D_011_jpg.rf.3a2fb2d36de8bcc90049d66dd562a41c_r1c2.jpg,TP,16,5,0.8214888430526908,4381,5333,50.49025158401495,61.46188351918551
ROSILHA-M-D_011_jpg.rf.3a2fb2d36de8bcc90049d66dd562a41c_r1c2.jpg,TP,8,2,0.820949074074074,7098,8635,81.80319692840405,99.51685058844308
ROSILHA-M-D_011_jpg.rf.3a2fb2d36de8bcc90049d66dd562a41c_r1c2.jpg,TP,21,1,0.8144566662637496,7704,7307,88.7872399459601,84.2118850318186
ROSILHA-M-D_011_jpg.rf.3a2fb2d36de8bcc90049d66dd562a41c_r1c2.jpg,TP,33,24,0.8025430067314884,1076,1334,12.40071004437345,15.374114497392364
ROSILHA-M-D_011_jpg.rf.3a2fb2d36de8bcc90049d66dd562a41c_r1c2.jpg,TP,31,31,0.7906178489702517,694,871,7.998227482151649,10.038121234804159
ROSILHA-M-D_011_jpg.rf.3a2fb2d36de8bcc90049d66dd562a41c_r1c2.jpg,TP,25,0,0.7868852459016393,2022,2556,23.303193038776133,29.4574487671176
ROSILHA-M-D_011_jpg.rf.3a2fb2d36de8bcc90049d66dd562a41c_r1c2.jpg,TP,11,33,0.7846121768140116,3763,4796,43.36791068492314,55.2730533204601
ROSILHA-M-D_011_jpg.rf.3a2fb2d36de8bcc90049d66dd562a41c_r1c2.jpg,TP,14,7,0.7735031156868057,2855,3691,32.903370982050376,42.53812339570855
ROSILHA-M-D_011_jpg.rf.3a2fb2d36de8bcc90049d66dd562a41c_r1c2.jpg,TP,5,36,0.7624340617935192,4448,4907,51.26241475592296,56.55230872466591
ROSILHA-M-D_011_jpg.rf.3a2fb2d36de8bcc90049d66dd562a41c_r1c2.jpg,TP,34,15,0.7611940298507462,1227,1605,14.140958387031807,18.497341655408352
ROSILHA-M-D_011_jpg.rf.3a2fb2d36de8bcc90049d66dd562a41c_r1c2.jpg,TP,19,22,0.7541106128550075,3028,4013,34.89716544085763,46.24911655025154
ROSILHA-M-D_011_jpg.rf.3a2fb2d36de8bcc90049d66dd562a41c_r1c2.jpg,TP,13,26,0.7540007443245255,4078,5348,46.998230075236926,61.63475587110522
ROSILHA-M-D_011_jpg.rf.3a2fb2d36de8bcc90049d66dd562a41c_r1c2.jpg,TP,28,25,0.7468538238141336,1543,2066,17.78280260080691,23.81028527107393
ROSILHA-M-D_011_jpg.rf.3a2fb2d36de8bcc90049d66dd562a41c_r1c2.jpg,TP,22,14,0.7445255474452555,3570,4795,41.143619756889606,55.261528496998785
ROSILHA-M-D_011_jpg.rf.3a2fb2d36de8bcc90049d66dd562a41c_r1c2.jpg,TP,37,17,0.7222625090645395,996,1379,11.47872416746836,15.892731553151476
ROSILHA-M-D_011_jpg.rf.3a2fb2d36de8bcc90049d66dd562a41c_r1c2.jpg,TP,26,29,0.7075160562402361,4181,5656,48.18528689175223,65.18440149718981
ROSILHA-M-D_011_jpg.rf.3a2fb2d36de8bcc90049d66dd562a41c_r1c2.jpg,TP,32,32,0.6970954356846473,1176,1687,13.553192390504812,19.44237717923607
ROSILHA-M-D_011_jpg.rf.3a2fb2d36de8bcc90049d66dd562a41c_r1c2.jpg,TP,17,12,0.6715328467153284,4712,3303,54.30496814970976,38.06649189271887
ROSILHA-M-D_011_jpg.rf.3a2fb2d36de8bcc90049d66dd562a41c_r1c2.jpg,FP,30,-1,0.0,0,3428,0.0,39.50709482538308
ROSILHA-M-D_011_jpg.rf.3a2fb2d36de8bcc90049d66dd562a41c_r1c2.jpg,FP,36,-1,0.0,0,516,0.0,5.946808906037826
ROSILHA-M-D_011_jpg.rf.3a2fb2d36de8bcc90049d66dd562a41c_r1c2.jpg,FN,-1,16,0.0,984,0,11.340426285932597,0.0
ROSILHA-M-D_011_jpg.rf.3a2fb2d36de8bcc90049d66dd562a41c_r1c2.jpg,FN,-1,27,0.0,1323,0,15.247341439317914,0.0
ROSILHA-M-D_011_jpg.rf.3a2fb2d36de8bcc90049d66dd562a41c_r1c2.jpg,FN,-1,28,0.0,2187,0,25.204788909892876,0.0
ROSILHA-M-D_011_jpg.rf.3a2fb2d36de8bcc90049d66dd562a41c_r1c2.jpg,FN,-1,39,0.0,1076,0,12.40071004437345,0.0
ROSILHA-M-D_011_jpg.rf.3a2fb2d36de8bcc90049d66dd562a41c_r1c2.jpg,FN,-1,40,0.0,499,0,5.750886907195494,0.0
ROSILHA-M-D_011_jpg.rf.3a2fb2d36de8bcc90049d66dd562a41c_r2c0.jpg,TP,6,15,0.9309048178613396,4036,4180,46.514187489861754,48.17376206829091
ROSILHA-M-D_011_jpg.rf.3a2fb2d36de8bcc90049d66dd562a41c_r2c0.jpg,TP,15,7,0.8941868060091444,1412,1488,16.273050727374827,17.14893731043466
ROSILHA-M-D_011_jpg.rf.3a2fb2d36de8bcc90049d66dd562a41c_r2c0.jpg,TP,18,3,0.870151371807001,3693,4214,42.56117304263118,48.56560606597558
ROSILHA-M-D_011_jpg.rf.3a2fb2d36de8bcc90049d66dd562a41c_r2c0.jpg,TP,9,9,0.8698583951449764,2607,2939,30.045214763644598,33.87145615280072
ROSILHA-M-D_011_jpg.rf.3a2fb2d36de8bcc90049d66dd562a41c_r2c0.jpg,TP,3,14,0.8593921640424753,2352,2726,27.106384781009623,31.41666875554092
ROSILHA-M-D_011_jpg.rf.3a2fb2d36de8bcc90049d66dd562a41c_r2c0.jpg,TP,2,24,0.8578189300411523,12551,14536,144.64805926294719,167.52483383365472
ROSILHA-M-D_011_jpg.rf.3a2fb2d36de8bcc90049d66dd562a41c_r2c0.jpg,TP,13,4,0.8430478671442527,2703,2957,31.151597815930703,34.07890297510436
ROSILHA-M-D_011_jpg.rf.3a2fb2d36de8bcc90049d66dd562a41c_r2c0.jpg,TP,0,20,0.8427275672173631,5203,6174,59.96365646921474,71.15426005015027
ROSILHA-M-D_011_jpg.rf.3a2fb2d36de8bcc90049d66dd562a41c_r2c0.jpg,TP,25,26,0.8407543216343636,1638,1876,18.877660829631704,21.62056881342434
ROSILHA-M-D_011_jpg.rf.3a2fb2d36de8bcc90049d66dd562a41c_r2c0.jpg,TP,10,10,0.8387297633872977,1359,1594,15.662235083925204,18.370568597333904
ROSILHA-M-D_011_jpg.rf.3a2fb2d36de8bcc90049d66dd562a41c_r2c0.jpg,TP,7,25,0.8302097902097902,2968,3575,34.20567603317881,41.20124387419617
ROSILHA-M-D_011_jpg.rf.3a2fb2d36de8bcc90049d66dd562a41c_r2c0.jpg,TP,23,13,0.8268398268398268,5926,7156,68.29610383174449,82.47163668916023
ROSILHA-M-D_011_jpg.rf.3a2fb2d36de8bcc90049d66dd562a41c_r2c0.jpg,TP,5,21,0.8235706769554543,2379,2820,27.41755501446509,32.500002160904394
ROSILHA-M-D_011_jpg.rf.3a2fb2d36de8bcc90049d66dd562a41c_r2c0.jpg,TP,11,5,0.8225469728601252,2763,3348,31.84308722360952,38.58510894847799
ROSILHA-M-D_011_jpg.rf.3a2fb2d36de8bcc90049d66dd562a41c_r2c0.jpg,TP,1,18,0.8194288913773796,2927,3572,33.733158271264955,41.166669403812236
ROSILHA-M-D_011_jpg.rf.3a2fb2d36de8bcc90049d66dd562a41c_r2c0.jpg,TP,16,6,0.7970620239390642,1487,1816,17.137412486973346,20.929079405745526
ROSILHA-M-D_011_jpg.rf.3a2fb2d36de8bcc90049d66dd562a41c_r2c0.jpg,TP,14,22,0.7950727883538634,1424,1782,16.41134860891059,20.537235408060862
ROSILHA-M-D_011_jpg.rf.3a2fb2d36de8bcc90049d66dd562a41c_r2c0.jpg,TP,20,27,0.7933649289099526,2539,3137,29.26152676827527,36.15337119814081
ROSILHA-M-D_011_jpg.rf.3a2fb2d36de8bcc90049d66dd562a41c_r2c0.jpg,TP,8,0,0.7856034750232702,2532,3223,29.180853004046075,37.14450601581378
ROSILHA-M-D_011_jpg.rf.3a2fb2d36de8bcc90049d66dd562a41c_r2c0.jpg,TP,28,2,0.7789473684210526,975,1222,11.236702874780775,14.083334269725238
ROSILHA-M-D_011_jpg.rf.3a2fb2d36de8bcc90049d66dd562a41c_r2c0.jpg,TP,22,19,0.7735546038543897,1445,1868,16.653369901598175,21.528370225733834
ROSILHA-M-D_011_jpg.rf.3a2fb2d36de8bcc90049d66dd562a41c_r2c0.jpg,TP,12,12,0.7599124965818977,2898,3538,33.39893839088686,40.774825406127576
ROSILHA-M-D_011_jpg.rf.3a2fb2d36de8bcc90049d66dd562a41c_r2c0.jpg,TP,17,16,0.7593886462882096,1773,2256,20.43351199690904,26.000001728723518
ROSILHA-M-D_011_jpg.rf.3a2fb2d36de8bcc90049d66dd562a41c_r2c0.jpg,TP,4,17,0.7514983863531581,3264,4334,37.61702377772764,49.94858488133321
ROSILHA-M-D_011_jpg.rf.3a2fb2d36de8bcc90049d66dd562a41c_r2c0.jpg,TP,27,1,0.6938202247191011,741,1068,8.53989418483339,12.308511456682941
ROSILHA-M-D_011_jpg.rf.3a2fb2d36de8bcc90049d66dd562a41c_r2c0.jpg,TP,24,8,0.681497175141243,1018,1363,11.732270283617261,15.70833437777046
ROSILHA-M-D_011_jpg.rf.3a2fb2d36de8bcc90049d66dd562a41c_r2c0.jpg,TP,19,23,0.6587485515643106,1137,1726,13.103724275513581,19.891845294227302
ROSILHA-M-D_011_jpg.rf.3a2fb2d36de8bcc90049d66dd562a41c_r2c0.jpg,TP,21,11,0.5929459873913784,5685,3664,65.51862137756791,42.22695316225309
ROSILHA-M-D_011_jpg.rf.3a2fb2d36de8bcc90049d66dd562a41c_r2c0.jpg,FP,26,-1,0.0,0,462,0.0,5.324468439126891
ROSILHA-M-D_011_jpg.rf.3a2fb2d36de8bcc90049d66dd562a41c_r2c1.jpg,TP,10,15,0.9184952978056427,1172,1276,13.507093096659558,14.705674736636174
ROSILHA-M-D_011_jpg.rf.3a2fb2d36de8bcc90049d66dd562a41c_r2c1.jpg,TP,2,2,0.892990989554262,11454,12286,132.00532792588615,141.59398104569908
ROSILHA-M-D_011_jpg.rf.3a2fb2d36de8bcc90049d66dd562a41c_r2c1.jpg,TP,1,12,0.8821811100292113,4533,5132,52.24202475013462,59.145394003461476
ROSILHA-M-D_011_jpg.rf.3a2fb2d36de8bcc90049d66dd562a41c_r2c1.jpg,TP,8,10,0.8808701657458563,2558,2889,29.48049841404023,33.295214979735036
ROSILHA-M-D_011_jpg.rf.3a2fb2d36de8bcc90049d66dd562a41c_r2c1.jpg,TP,12,11,0.8696646341463414,1161,1292,13.380320038585108,14.890071912017191
ROSILHA-M-D_011_jpg.rf.3a2fb2d36de8bcc90049d66dd562a41c_r2c1.jpg,TP,7,7,0.8329702251270878,2327,2721,26.818264194476782,31.359044638234348
ROSILHA-M-D_011_jpg.rf.3a2fb2d36de8bcc90049d66dd562a41c_r2c1.jpg,TP,9,8,0.8328414274215187,3104,3727,35.773052023917465,42.95301704031585
ROSILHA-M-D_011_jpg.rf.3a2fb2d36de8bcc90049d66dd562a41c_r2c1.jpg,TP,5,0,0.8274917853231106,3027,3647,34.88564061739631,42.03103116341076
ROSILHA-M-D_011_jpg.rf.3a2fb2d36de8bcc90049d66dd562a41c_r2c1.jpg,TP,6,16,0.8245823389021479,2777,3339,32.00443475206791,38.48138553732616
ROSILHA-M-D_011_jpg.rf.3a2fb2d36de8bcc90049d66dd562a41c_r2c1.jpg,TP,4,5,0.8242753623188406,7484,8628,86.2517787844711,99.43617682421387
ROSILHA-M-D_011_jpg.rf.3a2fb2d36de8bcc90049d66dd562a41c_r2c1.jpg,TP,3,14,0.7826379542395693,11758,14732,135.5088742581255,169.7836992320722
ROSILHA-M-D_011_jpg.rf.3a2fb2d36de8bcc90049d66dd562a41c_r2c1.jpg,TP,15,13,0.7697768762677485,767,978,8.839539594827544,11.271277345164716
ROSILHA-M-D_011_jpg.rf.3a2fb2d36de8bcc90049d66dd562a41c_r2c1.jpg,TP,0,6,0.7588578322943897,24315,19419,280.2260824618406,223.80054679524912
ROSILHA-M-D_011_jpg.rf.3a2fb2d36de8bcc90049d66dd562a41c_r2c1.jpg,TP,11,9,0.7557238146745989,4209,5530,48.507981948669006,63.7322737410643
ROSILHA-M-D_011_jpg.rf.3a2fb2d36de8bcc90049d66dd562a41c_r2c1.jpg,TP,14,1,0.7151681537405628,1045,1454,12.043440517072728,16.757093312749998
ROSILHA-M-D_011_jpg.rf.3a2fb2d36de8bcc90049d66dd562a41c_r2c1.jpg,TP,16,3,0.541157294213529,743,1148,8.562943831756016,13.230497333588032
ROSILHA-M-D_011_jpg.rf.3a2fb2d36de8bcc90049d66dd562a41c_r2c1.jpg,FP,13,-1,0.0,0,858,0.0,9.888298529807082
ROSILHA-M-D_011_jpg.rf.3a2fb2d36de8bcc90049d66dd562a41c_r2c1.jpg,FN,-1,4,0.0,1890,0,21.781916341882734,0.0
ROSILHA-M-D_011_jpg.rf.3a2fb2d36de8bcc90049d66dd562a41c_r2c1.jpg,FN,-1,17,0.0,446,0,5.140071263745873,0.0
ROSILHA-M-D_011_jpg.rf.3a2fb2d36de8bcc90049d66dd562a41c_r2c2.jpg,TP,3,0,0.904213097237063,11911,13038,137.27217224770646,150.26064828860692
ROSILHA-M-D_011_jpg.rf.3a2fb2d36de8bcc90049d66dd562a41c_r2c2.jpg,TP,6,10,0.8917982287254524,2529,2384,29.146278533662134,27.47517913177166
ROSILHA-M-D_011_jpg.rf.3a2fb2d36de8bcc90049d66dd562a41c_r2c2.jpg,TP,0,12,0.884170616113744,4668,5271,53.79787591741196,60.74734446458407
ROSILHA-M-D_011_jpg.rf.3a2fb2d36de8bcc90049d66dd562a41c_r2c2.jpg,TP,1,13,0.8763598941487798,5961,6802,68.69947265289046,78.39184918385521
ROSILHA-M-D_011_jpg.rf.3a2fb2d36de8bcc90049d66dd562a41c_r2c2.jpg,TP,10,5,0.8594037541405962,2363,2689,27.233157839084075,30.990250287472314
ROSILHA-M-D_011_jpg.rf.3a2fb2d36de8bcc90049d66dd562a41c_r2c2.jpg,TP,8,3,0.8593957818734562,4561,5225,52.564719807051404,60.217202585363644
ROSILHA-M-D_011_jpg.rf.3a2fb2d36de8bcc90049d66dd562a41c_r2c2.jpg,TP,13,16,0.8554216867469879,1766,1930,20.352838232679847,22.24290928033528
ROSILHA-M-D_011_jpg.rf.3a2fb2d36de8bcc90049d66dd562a41c_r2c2.jpg,TP,12,11,0.850629874025195,1426,1659,16.434398255833216,19.11968212231929
ROSILHA-M-D_011_jpg.rf.3a2fb2d36de8bcc90049d66dd562a41c_r2c2.jpg,TP,11,1,0.8489473684210527,3291,3735,37.92819401118311,43.04521562800635
ROSILHA-M-D_011_jpg.rf.3a2fb2d36de8bcc90049d66dd562a41c_r2c2.jpg,TP,2,6,0.8327454438565549,2834,3401,32.66134968936279,39.19592459192761
ROSILHA-M-D_011_jpg.rf.3a2fb2d36de8bcc90049d66dd562a41c_r2c2.jpg,TP,4,4,0.7969288972960944,7168,8981,82.609934570696,103.50443950605758
ROSILHA-M-D_011_jpg.rf.3a2fb2d36de8bcc90049d66dd562a41c_r2c2.jpg,TP,7,14,0.7944640753828033,1350,1697,15.558511672773381,19.557625413849205
ROSILHA-M-D_011_jpg.rf.3a2fb2d36de8bcc90049d66dd562a41c_r2c2.jpg,TP,9,8,0.7253922967189729,2038,2800,23.487590214157148,32.26950569167813
ROSILHA-M-D_011_jpg.rf.3a2fb2d36de8bcc90049d66dd562a41c_r2c2.jpg,TP,5,7,0.7133597407274037,1989,2769,22.92287386455278,31.9122361643774
ROSILHA-M-D_011_jpg.rf.3a2fb2d36de8bcc90049d66dd562a41c_r2c2.jpg,FN,-1,2,0.0,903,0,10.406915585566194,0.0
ROSILHA-M-D_011_jpg.rf.3a2fb2d36de8bcc90049d66dd562a41c_r2c2.jpg,FN,-1,9,0.0,4345,0,50.07535793940766,0.0
ROSILHA-M-D_011_jpg.rf.3a2fb2d36de8bcc90049d66dd562a41c_r2c2.jpg,FN,-1,15,0.0,999,0,11.513298637852301,0.0
TORDILHA-B_006_jpg.rf.235faef65a5565236d3b0050d4713580_r0c0.jpg,TP,9,12,0.9219921456622635,5368,5399,61.86525234033149,62.22252186763221
TORDILHA-B_006_jpg.rf.235faef65a5565236d3b0050d4713580_r0c0.jpg,TP,0,26,0.9148960026910354,17297,16859,199.34487141034163,194.29699873428626
TORDILHA-B_006_jpg.rf.235faef65a5565236d3b0050d4713580_r0c0.jpg,TP,27,25,0.9047309807389394,70751,67102,815.3927847113996,773.3387039010662
TORDILHA-B_006_jpg.rf.235faef65a5565236d3b0050d4713580_r0c0.jpg,TP,12,21,0.8926640926640926,22747,23822,262.1551592745008,274.54434449541293
TORDILHA-B_006_jpg.rf.235faef65a5565236d3b0050d4713580_r0c0.jpg,TP,5,34,0.8925261058312801,16304,15956,187.90072171325718,183.89008314872007
TORDILHA-B_006_jpg.rf.235faef65a5565236d3b0050d4713580_r0c0.jpg,TP,1,14,0.8883455582722086,30659,29583,353.33956250041416,340.9388524560407
TORDILHA-B_006_jpg.rf.235faef65a5565236d3b0050d4713580_r0c0.jpg,TP,19,22,0.8879979527424721,10709,11424,123.41933444720752,131.65958322204673
TORDILHA-B_006_jpg.rf.235faef65a5565236d3b0050d4713580_r0c0.jpg,TP,4,8,0.8819579167288465,6399,6212,73.74734532894583,71.59220334168018
TORDILHA-B_006_jpg.rf.235faef65a5565236d3b0050d4713580_r0c0.jpg,TP,29,19,0.8553243079409982,4857,4325,55.97606755160023,49.844861470181385
TORDILHA-B_006_jpg.rf.235faef65a5565236d3b0050d4713580_r0c0.jpg,TP,18,5,0.8553092182030338,1522,1658,17.540781308119325,19.108157298857975
TORDILHA-B_006_jpg.rf.235faef65a5565236d3b0050d4713580_r0c0.jpg,TP,32,11,0.8516900141370004,7092,7316,81.73404798763616,84.31560844297042
TORDILHA-B_006_jpg.rf.235faef65a5565236d3b0050d4713580_r0c0.jpg,TP,24,37,0.8208259795270032,13715,12077,158.06295377191623,139.18529294228455
TORDILHA-B_006_jpg.rf.235faef65a5565236d3b0050d4713580_r0c0.jpg,TP,13,27,0.8137703594023422,13270,13679,152.9344073316317,157.64806012730895
TORDILHA-B_006_jpg.rf.235faef65a5565236d3b0050d4713580_r0c0.jpg,TP,26,23,0.8137171888230313,8393,8743,96.72784331080518,100.76153152226495
TORDILHA-B_006_jpg.rf.235faef65a5565236d3b0050d4713580_r0c0.jpg,TP,3,32,0.8103161397670549,7707,6437,88.82181441634404,74.18528862047575
TORDILHA-B_006_jpg.rf.235faef65a5565236d3b0050d4713580_r0c0.jpg,TP,8,4,0.7957402234636871,2289,2854,26.380320902946867,32.89184615858906
TORDILHA-B_006_jpg.rf.235faef65a5565236d3b0050d4713580_r0c0.jpg,TP,30,17,0.7914691943127962,1403,1621,16.169327316223004,18.68173883078937
TORDILHA-B_006_jpg.rf.235faef65a5565236d3b0050d4713580_r0c0.jpg,TP,2,9,0.7896764252696457,4114,5178,47.413123719844215,59.6755358826819
TORDILHA-B_006_jpg.rf.235faef65a5565236d3b0050d4713580_r0c0.jpg,TP,15,29,0.7763526119402985,3995,3622,46.0416697279479,41.74291057687792
TORDILHA-B_006_jpg.rf.235faef65a5565236d3b0050d4713580_r0c0.jpg,TP,14,2,0.754622835339008,2942,3036,33.906030623184655,34.98936402854814
TORDILHA-B_006_jpg.rf.235faef65a5565236d3b0050d4713580_r0c0.jpg,TP,7,1,0.6793349168646081,2473,2476,28.500888419828573,28.535462890212514
TORDILHA-B_006_jpg.rf.235faef65a5565236d3b0050d4713580_r0c0.jpg,TP,17,16,0.6510628674807779,3110,4191,35.84220096468535,48.30053512636536
TORDILHA-B_006_jpg.rf.235faef65a5565236d3b0050d4713580_r0c0.jpg,TP,20,18,0.6205899363794101,1179,1623,13.587766860888753,18.704788477711997
TORDILHA-B_006_jpg.rf.235faef65a5565236d3b0050d4713580_r0c0.jpg,TP,23,6,0.5911371237458194,707,1196,8.148050187148726,13.783688859731084
TORDILHA-B_006_jpg.rf.235faef65a5565236d3b0050d4713580_r0c0.jpg,TP,22,36,0.5141890132777922,3597,2219,41.45478999034508,25.573583260654914
TORDILHA-B_006_jpg.rf.235faef65a5565236d3b0050d4713580_r0c0.jpg,FP,6,-1,0.0,0,5565,0.0,64.13564256221026
TORDILHA-B_006_jpg.rf.235faef65a5565236d3b0050d4713580_r0c0.jpg,FP,10,-1,0.0,0,10320,0.0,118.93617812075651
TORDILHA-B_006_jpg.rf.235faef65a5565236d3b0050d4713580_r0c0.jpg,FP,11,-1,0.0,0,7023,0.0,80.93883516880553
TORDILHA-B_006_jpg.rf.235faef65a5565236d3b0050d4713580_r0c0.jpg,FP,16,-1,0.0,0,10431,0.0,120.21543352496232
TORDILHA-B_006_jpg.rf.235faef65a5565236d3b0050d4713580_r0c0.jpg,FP,21,-1,0.0,0,60800,0.0,700.7092664478679
TORDILHA-B_006_jpg.rf.235faef65a5565236d3b0050d4713580_r0c0.jpg,FP,25,-1,0.0,0,1617,0.0,18.635639536944115
TORDILHA-B_006_jpg.rf.235faef65a5565236d3b0050d4713580_r0c0.jpg,FP,28,-1,0.0,0,11357,0.0,130.88742005013873
TORDILHA-B_006_jpg.rf.235faef65a5565236d3b0050d4713580_r0c0.jpg,FP,31,-1,0.0,0,15540,0.0,179.0957565888136
TORDILHA-B_006_jpg.rf.235faef65a5565236d3b0050d4713580_r0c0.jpg,FP,33,-1,0.0,0,4783,0.0,55.12323061546302
TORDILHA-B_006_jpg.rf.235faef65a5565236d3b0050d4713580_r0c0.jpg,FN,-1,0,0.0,2988,0,34.436172502405086,0.0
TORDILHA-B_006_jpg.rf.235faef65a5565236d3b0050d4713580_r0c0.jpg,FN,-1,3,0.0,18922,0,218.07270953497624,0.0
TORDILHA-B_006_jpg.rf.235faef65a5565236d3b0050d4713580_r0c0.jpg,FN,-1,7,0.0,908,0,10.464539702872763,0.0
TORDILHA-B_006_jpg.rf.235faef65a5565236d3b0050d4713580_r0c0.jpg,FN,-1,10,0.0,2313,0,26.656916666018393,0.0
TORDILHA-B_006_jpg.rf.235faef65a5565236d3b0050d4713580_r0c0.jpg,FN,-1,13,0.0,677,0,7.8023054833093175,0.0
TORDILHA-B_006_jpg.rf.235faef65a5565236d3b0050d4713580_r0c0.jpg,FN,-1,15,0.0,520,0,5.992908199883081,0.0
TORDILHA-B_006_jpg.rf.235faef65a5565236d3b0050d4713580_r0c0.jpg,FN,-1,20,0.0,18213,0,209.90160970090488,0.0
TORDILHA-B_006_jpg.rf.235faef65a5565236d3b0050d4713580_r0c0.jpg,FN,-1,24,0.0,29132,0,335.7411570749883,0.0
TORDILHA-B_006_jpg.rf.235faef65a5565236d3b0050d4713580_r0c0.jpg,FN,-1,28,0.0,465,0,5.359042909510832,0.0
TORDILHA-B_006_jpg.rf.235faef65a5565236d3b0050d4713580_r0c0.jpg,FN,-1,30,0.0,599,0,6.903369253326856,0.0
TORDILHA-B_006_jpg.rf.235faef65a5565236d3b0050d4713580_r0c0.jpg,FN,-1,31,0.0,4903,0,56.50620943082066,0.0
TORDILHA-B_006_jpg.rf.235faef65a5565236d3b0050d4713580_r0c0.jpg,FN,-1,33,0.0,3883,0,44.75088950028077,0.0
TORDILHA-B_006_jpg.rf.235faef65a5565236d3b0050d4713580_r0c0.jpg,FN,-1,35,0.0,4743,0,54.66223767701048,0.0
TORDILHA-B_006_jpg.rf.235faef65a5565236d3b0050d4713580_r0c0.jpg,FN,-1,38,0.0,20240,0,233.2624268569876,0.0
TORDILHA-B_006_jpg.rf.235faef65a5565236d3b0050d4713580_r0c1.jpg,TP,0,37,0.9381937088380233,20882,21202,240.66136351915094,244.34930702677127
TORDILHA-B_006_jpg.rf.235faef65a5565236d3b0050d4713580_r0c1.jpg,TP,4,27,0.896168108776267,9455,8953,108.96720582672023,103.18174444914081
TORDILHA-B_006_jpg.rf.235faef65a5565236d3b0050d4713580_r0c1.jpg,TP,37,33,0.8944649446494465,6427,6408,74.07004038586261,73.85106874009765
TORDILHA-B_006_jpg.rf.235faef65a5565236d3b0050d4713580_r0c1.jpg,TP,2,3,0.8938088399553216,11209,12528,129.1817461778643,144.38298832333697
TORDILHA-B_006_jpg.rf.235faef65a5565236d3b0050d4713580_r0c1.jpg,TP,20,8,0.8937018336433696,3446,3680,39.71454164768672,42.411350337634104
TORDILHA-B_006_jpg.rf.235faef65a5565236d3b0050d4713580_r0c1.jpg,TP,3,28,0.8877980364656382,20849,19531,240.28104434492758,225.09132702291623
TORDILHA-B_006_jpg.rf.235faef65a5565236d3b0050d4713580_r0c1.jpg,TP,18,11,0.8863165169315825,8206,8171,94.57270132353953,94.16933250239356
TORDILHA-B_006_jpg.rf.235faef65a5565236d3b0050d4713580_r0c1.jpg,TP,1,13,0.8821631587033338,5996,6255,69.10284147403644,72.08777075051667
TORDILHA-B_006_jpg.rf.235faef65a5565236d3b0050d4713580_r0c1.jpg,TP,24,12,0.8765638031693077,11653,13097,134.29876779468756,150.94061287282443
TORDILHA-B_006_jpg.rf.235faef65a5565236d3b0050d4713580_r0c1.jpg,TP,10,36,0.8743650524889942,20019,18726,230.71544087203728,215.81384413655877
TORDILHA-B_006_jpg.rf.235faef65a5565236d3b0050d4713580_r0c1.jpg,TP,11,42,0.859331040950297,2869,3079,33.06471851050876,35.484931437384624
TORDILHA-B_006_jpg.rf.235faef65a5565236d3b0050d4713580_r0c1.jpg,TP,9,46,0.8577415086016762,4172,4251,48.08156348060041,48.992024534044184
TORDILHA-B_006_jpg.rf.235faef65a5565236d3b0050d4713580_r0c1.jpg,TP,35,31,0.8573261912732953,16929,16358,195.1037363765782,188.52306218016813
TORDILHA-B_006_jpg.rf.235faef65a5565236d3b0050d4713580_r0c1.jpg,TP,29,44,0.8543382997370728,5122,5457,59.03014576884834,62.8909616283884
TORDILHA-B_006_jpg.rf.235faef65a5565236d3b0050d4713580_r0c1.jpg,TP,14,40,0.8518317011244106,10566,9856,121.77128469223966,113.588660034707
TORDILHA-B_006_jpg.rf.235faef65a5565236d3b0050d4713580_r0c1.jpg,TP,15,9,0.8513911620294599,2605,3051,30.02216511672197,35.16223638046784
TORDILHA-B_006_jpg.rf.235faef65a5565236d3b0050d4713580_r0c1.jpg,TP,31,16,0.8497728272021106,6132,6489,70.67021746477509,74.78457944046406
TORDILHA-B_006_jpg.rf.235faef65a5565236d3b0050d4713580_r0c1.jpg,TP,32,20,0.8383579217447081,1425,1441,16.4228734323719,16.60727060775292
TORDILHA-B_006_jpg.rf.235faef65a5565236d3b0050d4713580_r0c1.jpg,TP,34,19,0.8368111958015744,7382,7318,85.0762467914171,84.33865808989304
TORDILHA-B_006_jpg.rf.235faef65a5565236d3b0050d4713580_r0c1.jpg,TP,7,10,0.836101083032491,2354,2732,27.129434427932253,31.4858176963088
TORDILHA-B_006_jpg.rf.235faef65a5565236d3b0050d4713580_r0c1.jpg,TP,40,38,0.8339138511552304,33534,29648,386.4734299516908,341.6879659810261
TORDILHA-B_006_jpg.rf.235faef65a5565236d3b0050d4713580_r0c1.jpg,TP,8,21,0.8302894071368362,3162,3352,36.44149178467365,38.63120824232324
TORDILHA-B_006_jpg.rf.235faef65a5565236d3b0050d4713580_r0c1.jpg,TP,16,22,0.8224410300800693,9148,7695,105.42908502409696,88.68351653480828
TORDILHA-B_006_jpg.rf.235faef65a5565236d3b0050d4713580_r0c1.jpg,TP,6,7,0.8189567688248427,4060,4902,46.79078325293328,56.494684607359346
TORDILHA-B_006_jpg.rf.235faef65a5565236d3b0050d4713580_r0c1.jpg,TP,19,41,0.8081539735099338,4419,4318,50.92819487554487,49.764187705952196
TORDILHA-B_006_jpg.rf.235faef65a5565236d3b0050d4713580_r0c1.jpg,TP,13,14,0.7882241215574549,4738,4677,54.604613559703914,53.90159932856378
TORDILHA-B_006_jpg.rf.235faef65a5565236d3b0050d4713580_r0c1.jpg,TP,5,17,0.7527250276760623,36883,45446,425.0700637236301,523.7571270228586
TORDILHA-B_006_jpg.rf.235faef65a5565236d3b0050d4713580_r0c1.jpg,TP,28,23,0.7519569471624267,1550,2031,17.863476365036103,23.406916449927955
TORDILHA-B_006_jpg.rf.235faef65a5565236d3b0050d4713580_r0c1.jpg,TP,22,24,0.7441574415744158,2695,2977,31.059399228240196,34.30939944433064
TORDILHA-B_006_jpg.rf.235faef65a5565236d3b0050d4713580_r0c1.jpg,TP,41,15,0.7409713574097135,698,700,8.044326775996904,8.067376422919532
TORDILHA-B_006_jpg.rf.235faef65a5565236d3b0050d4713580_r0c1.jpg,TP,42,26,0.7316150081566068,15275,11262,176.04167837156547,129.79256182131394
TORDILHA-B_006_jpg.rf.235faef65a5565236d3b0050d4713580_r0c1.jpg,TP,23,39,0.7242924528301887,3071,4240,35.39273284969411,48.86525147596973
TORDILHA-B_006_jpg.rf.235faef65a5565236d3b0050d4713580_r0c1.jpg,TP,12,18,0.6790953245351519,19982,14243,230.28902240396866,164.14806055948983
TORDILHA-B_006_jpg.rf.235faef65a5565236d3b0050d4713580_r0c1.jpg,TP,17,5,0.6768707482993197,796,1176,9.173759475205639,13.553192390504812
TORDILHA-B_006_jpg.rf.235faef65a5565236d3b0050d4713580_r0c1.jpg,TP,27,29,0.51130963695115,2946,5005,33.952129917029914,57.68174142387465
TORDILHA-B_006_jpg.rf.235faef65a5565236d3b0050d4713580_r0c1.jpg,FP,21,-1,0.0,0,1343,0.0,15.477837908544187
TORDILHA-B_006_jpg.rf.235faef65a5565236d3b0050d4713580_r0c1.jpg,FP,25,-1,0.0,0,4410,0.0,50.82447146439304
TORDILHA-B_006_jpg.rf.235faef65a5565236d3b0050d4713580_r0c1.jpg,FP,26,-1,0.0,0,10041,0.0,115.72075237505001
TORDILHA-B_006_jpg.rf.235faef65a5565236d3b0050d4713580_r0c1.jpg,FP,30,-1,0.0,0,1642,0.0,18.923760123476956
TORDILHA-B_006_jpg.rf.235faef65a5565236d3b0050d4713580_r0c1.jpg,FP,33,-1,0.0,0,1511,0.0,17.414008250044873
TORDILHA-B_006_jpg.rf.235faef65a5565236d3b0050d4713580_r0c1.jpg,FP,36,-1,0.0,0,7047,0.0,81.21543093187705
TORDILHA-B_006_jpg.rf.235faef65a5565236d3b0050d4713580_r0c1.jpg,FP,38,-1,0.0,0,303,0.0,3.4920215087780258
TORDILHA-B_006_jpg.rf.235faef65a5565236d3b0050d4713580_r0c1.jpg,FP,39,-1,0.0,0,12447,0.0,143.44947762297056
TORDILHA-B_006_jpg.rf.235faef65a5565236d3b0050d4713580_r0c1.jpg,FN,-1,0,0.0,8814,0,101.57979398801821,0.0
TORDILHA-B_006_jpg.rf.235faef65a5565236d3b0050d4713580_r0c1.jpg,FN,-1,1,0.0,843,0,9.715426177887379,0.0
TORDILHA-B_006_jpg.rf.235faef65a5565236d3b0050d4713580_r0c1.jpg,FN,-1,2,0.0,5580,0,64.30851491412997,0.0
TORDILHA-B_006_jpg.rf.235faef65a5565236d3b0050d4713580_r0c1.jpg,FN,-1,4,0.0,680,0,7.836879953693259,0.0
TORDILHA-B_006_jpg.rf.235faef65a5565236d3b0050d4713580_r0c1.jpg,FN,-1,6,0.0,437,0,5.03634785259405,0.0
TORDILHA-B_006_jpg.rf.235faef65a5565236d3b0050d4713580_r0c1.jpg,FN,-1,25,0.0,370,0,4.2641846806860375,0.0
TORDILHA-B_006_jpg.rf.235faef65a5565236d3b0050d4713580_r0c1.jpg,FN,-1,30,0.0,1164,0,13.414894508969049,0.0
TORDILHA-B_006_jpg.rf.235faef65a5565236d3b0050d4713580_r0c1.jpg,FN,-1,32,0.0,668,0,7.698582072157495,0.0
TORDILHA-B_006_jpg.rf.235faef65a5565236d3b0050d4713580_r0c1.jpg,FN,-1,34,0.0,4154,0,47.87411665829676,0.0
TORDILHA-B_006_jpg.rf.235faef65a5565236d3b0050d4713580_r0c1.jpg,FN,-1,35,0.0,1110,0,12.792554042058114,0.0
TORDILHA-B_006_jpg.rf.235faef65a5565236d3b0050d4713580_r0c1.jpg,FN,-1,43,0.0,4408,0,50.80142181747042,0.0
TORDILHA-B_006_jpg.rf.235faef65a5565236d3b0050d4713580_r0c1.jpg,FN,-1,45,0.0,252,0,2.904255512251031,0.0
TORDILHA-B_006_jpg.rf.235faef65a5565236d3b0050d4713580_r0c2.jpg,TP,5,35,0.923011567871381,15050,14374,173.44859309276993,165.6578124329219
TORDILHA-B_006_jpg.rf.235faef65a5565236d3b0050d4713580_r0c2.jpg,TP,10,16,0.906414739808967,18173,18352,209.44061676245235,211.50356016202747
TORDILHA-B_006_jpg.rf.235faef65a5565236d3b0050d4713580_r0c2.jpg,TP,15,13,0.8994658753709199,8341,7662,96.12855249081687,88.30319736058492
TORDILHA-B_006_jpg.rf.235faef65a5565236d3b0050d4713580_r0c2.jpg,TP,9,12,0.8937889632879242,4002,4200,46.12234349217709,48.40425853751719
TORDILHA-B_006_jpg.rf.235faef65a5565236d3b0050d4713580_r0c2.jpg,TP,16,8,0.8826239750097619,25231,22983,290.78282075240384,264.8750176113708
TORDILHA-B_006_jpg.rf.235faef65a5565236d3b0050d4713580_r0c2.jpg,TP,4,9,0.8808855291576674,8717,8700,100.46188611227079,100.26596411342845
TORDILHA-B_006_jpg.rf.235faef65a5565236d3b0050d4713580_r0c2.jpg,TP,1,32,0.8790029802221621,17534,17143,202.07625457067294,197.57004859729932
TORDILHA-B_006_jpg.rf.235faef65a5565236d3b0050d4713580_r0c2.jpg,TP,6,0,0.8753857108948493,15267,16337,175.94947978387498,188.28104088748054
TORDILHA-B_006_jpg.rf.235faef65a5565236d3b0050d4713580_r0c2.jpg,TP,26,21,0.869281045751634,1242,1332,14.313830738951511,15.351064850469736
TORDILHA-B_006_jpg.rf.235faef65a5565236d3b0050d4713580_r0c2.jpg,TP,13,33,0.8639190645990547,10857,11620,125.12500831948192,133.9184486204642
TORDILHA-B_006_jpg.rf.235faef65a5565236d3b0050d4713580_r0c2.jpg,TP,0,30,0.8600160497542382,19462,17623,224.2961142040856,203.10196385872985
TORDILHA-B_006_jpg.rf.235faef65a5565236d3b0050d4713580_r0c2.jpg,TP,7,28,0.8536707592082184,25775,26011,297.05232471535845,299.77218305222846
TORDILHA-B_006_jpg.rf.235faef65a5565236d3b0050d4713580_r0c2.jpg,TP,11,1,0.8525906735751295,6586,7716,75.90248731621148,88.92553782749586
TORDILHA-B_006_jpg.rf.235faef65a5565236d3b0050d4713580_r0c2.jpg,TP,3,26,0.8471935124821116,11262,11972,129.79256182131394,137.9751864788466
TORDILHA-B_006_jpg.rf.235faef65a5565236d3b0050d4713580_r0c2.jpg,TP,25,15,0.8329953767539946,11281,11318,130.0115334670789,130.4379519351475
TORDILHA-B_006_jpg.rf.235faef65a5565236d3b0050d4713580_r0c2.jpg,TP,8,34,0.8317196864914708,7666,8226,88.34929665443018,94.8031977927658
TORDILHA-B_006_jpg.rf.235faef65a5565236d3b0050d4713580_r0c2.jpg,TP,18,24,0.8307050564655611,8991,9003,103.61968774067071,103.75798562220648
TORDILHA-B_006_jpg.rf.235faef65a5565236d3b0050d4713580_r0c2.jpg,TP,2,22,0.8279231719645064,7439,8835,85.73316172871199,101.82181528070579
TORDILHA-B_006_jpg.rf.235faef65a5565236d3b0050d4713580_r0c2.jpg,TP,22,2,0.82,1431,1663,16.492022373139783,19.165781416164542
TORDILHA-B_006_jpg.rf.235faef65a5565236d3b0050d4713580_r0c2.jpg,TP,27,18,0.8152888273953649,2417,2831,27.85549830599501,32.62677521897885
TORDILHA-B_006_jpg.rf.235faef65a5565236d3b0050d4713580_r0c2.jpg,TP,17,27,0.8152295632698768,3453,3031,39.79521541191591,34.93173991124157
TORDILHA-B_006_jpg.rf.235faef65a5565236d3b0050d4713580_r0c2.jpg,TP,14,10,0.8058362989323843,13866,11506,159.8032021145746,132.60461874587446
TORDILHA-B_006_jpg.rf.235faef65a5565236d3b0050d4713580_r0c2.jpg,TP,24,4,0.8032094594594594,1161,974,13.380320038585108,11.225178051319462
TORDILHA-B_006_jpg.rf.235faef65a5565236d3b0050d4713580_r0c2.jpg,TP,12,29,0.8014448797337714,41765,43764,481.33425186176316,504.37237396092905
TORDILHA-B_006_jpg.rf.235faef65a5565236d3b0050d4713580_r0c2.jpg,TP,31,6,0.7670921985815603,2814,3415,32.43085322013651,39.357272120386
TORDILHA-B_006_jpg.rf.235faef65a5565236d3b0050d4713580_r0c2.jpg,TP,19,5,0.728404875463699,3606,2917,41.558513401496896,33.617910036651814
TORDILHA-B_006_jpg.rf.235faef65a5565236d3b0050d4713580_r0c2.jpg,TP,30,20,0.7186505410566518,1304,1396,15.028369793552955,16.088653551993808
TORDILHA-B_006_jpg.rf.235faef65a5565236d3b0050d4713580_r0c2.jpg,TP,20,17,0.6558141919606235,19297,12998,222.39451833296886,149.79965535015438
TORDILHA-B_006_jpg.rf.235faef65a5565236d3b0050d4713580_r0c2.jpg,FP,21,-1,0.0,0,3931,0.0,45.30408102642382
TORDILHA-B_006_jpg.rf.235faef65a5565236d3b0050d4713580_r0c2.jpg,FP,23,-1,0.0,0,5115,0.0,58.949472004619146
TORDILHA-B_006_jpg.rf.235faef65a5565236d3b0050d4713580_r0c2.jpg,FP,28,-1,0.0,0,16982,0.0,195.7145520200278
TORDILHA-B_006_jpg.rf.235faef65a5565236d3b0050d4713580_r0c2.jpg,FP,29,-1,0.0,0,2207,0.0,25.43528537911915
TORDILHA-B_006_jpg.rf.235faef65a5565236d3b0050d4713580_r0c2.jpg,FN,-1,3,0.0,593,0,6.834220312558974,0.0
TORDILHA-B_006_jpg.rf.235faef65a5565236d3b0050d4713580_r0c2.jpg,FN,-1,7,0.0,10234,0,117.94504330308354,0.0
TORDILHA-B_006_jpg.rf.235faef65a5565236d3b0050d4713580_r0c2.jpg,FN,-1,11,0.0,10013,0,115.39805731813324,0.0
TORDILHA-B_006_jpg.rf.235faef65a5565236d3b0050d4713580_r0c2.jpg,FN,-1,14,0.0,4454,0,51.33156369669084,0.0
TORDILHA-B_006_jpg.rf.235faef65a5565236d3b0050d4713580_r0c2.jpg,FN,-1,19,0.0,949,0,10.937057464786621,0.0
TORDILHA-B_006_jpg.rf.235faef65a5565236d3b0050d4713580_r0c2.jpg,FN,-1,23,0.0,13136,0,151.39008098781565,0.0
TORDILHA-B_006_jpg.rf.235faef65a5565236d3b0050d4713580_r0c2.jpg,FN,-1,25,0.0,522,0,6.0159578468057076,0.0
TORDILHA-B_006_jpg.rf.235faef65a5565236d3b0050d4713580_r0c2.jpg,FN,-1,31,0.0,10383,0,119.66224199881927,0.0
TORDILHA-B_006_jpg.rf.235faef65a5565236d3b0050d4713580_r1c0.jpg,TP,0,15,0.9204416403785489,15434,15005,177.87412530191435,172.92997603701082
TORDILHA-B_006_jpg.rf.235faef65a5565236d3b0050d4713580_r1c0.jpg,TP,17,2,0.91246699252767,17097,16943,197.0399067180789,195.2650839050366
TORDILHA-B_006_jpg.rf.235faef65a5565236d3b0050d4713580_r1c0.jpg,TP,8,13,0.9014531484883915,11695,11073,134.78281038006273,127.61437018712567
TORDILHA-B_006_jpg.rf.235faef65a5565236d3b0050d4713580_r1c0.jpg,TP,2,20,0.8829475924447991,10877,10357,125.3555047887082,119.36259658882511
TORDILHA-B_006_jpg.rf.235faef65a5565236d3b0050d4713580_r1c0.jpg,TP,4,19,0.8762311617420196,7691,8120,88.63741724096302,93.58156650586656
TORDILHA-B_006_jpg.rf.235faef65a5565236d3b0050d4713580_r1c0.jpg,TP,5,23,0.8737074080352603,11306,10800,130.29965405361173,124.46809338218705
TORDILHA-B_006_jpg.rf.235faef65a5565236d3b0050d4713580_r1c0.jpg,TP,15,3,0.8521974714027695,2906,3247,33.491136978577366,37.42110177888531
TORDILHA-B_006_jpg.rf.235faef65a5565236d3b0050d4713580_r1c0.jpg,TP,1,21,0.8519061583577713,4240,4601,48.86525147596973,53.025712745503945
TORDILHA-B_006_jpg.rf.235faef65a5565236d3b0050d4713580_r1c0.jpg,TP,13,24,0.8504559270516717,7600,7620,87.58865830598349,87.81915477520975
TORDILHA-B_006_jpg.rf.235faef65a5565236d3b0050d4713580_r1c0.jpg,TP,3,12,0.8370817334064728,4585,5462,52.84131557012293,62.94858574569497
TORDILHA-B_006_jpg.rf.235faef65a5565236d3b0050d4713580_r1c0.jpg,TP,6,22,0.8345642540620384,3798,3654,43.77127950606911,42.111704927639956
TORDILHA-B_006_jpg.rf.235faef65a5565236d3b0050d4713580_r1c0.jpg,TP,19,1,0.8305706150785912,24797,22137,285.78104737019373,255.1250169630995
TORDILHA-B_006_jpg.rf.235faef65a5565236d3b0050d4713580_r1c0.jpg,TP,7,6,0.8216915866993975,3803,4360,43.82890362337568,50.24823029132737
TORDILHA-B_006_jpg.rf.235faef65a5565236d3b0050d4713580_r1c0.jpg,TP,14,17,0.8159318751424015,34211,29550,394.2757354350001,340.55853328181735
TORDILHA-B_006_jpg.rf.235faef65a5565236d3b0050d4713580_r1c0.jpg,TP,9,8,0.8057009146990002,20132,22311,232.0177459231657,257.1303362453681
TORDILHA-B_006_jpg.rf.235faef65a5565236d3b0050d4713580_r1c0.jpg,TP,12,18,0.7451543431442929,1357,1074,15.639185437002576,12.377660397450823
TORDILHA-B_006_jpg.rf.235faef65a5565236d3b0050d4713580_r1c0.jpg,TP,18,7,0.6872586872586872,798,950,9.196809122128265,10.948582288247936
TORDILHA-B_006_jpg.rf.235faef65a5565236d3b0050d4713580_r1c0.jpg,FP,10,-1,0.0,0,3947,0.0,45.48847820180484
TORDILHA-B_006_jpg.rf.235faef65a5565236d3b0050d4713580_r1c0.jpg,FP,11,-1,0.0,0,47234,0.0,544.3635113716873
TORDILHA-B_006_jpg.rf.235faef65a5565236d3b0050d4713580_r1c0.jpg,FP,16,-1,0.0,0,5159,0.0,59.45656423691695
TORDILHA-B_006_jpg.rf.235faef65a5565236d3b0050d4713580_r1c0.jpg,FN,-1,0,0.0,23597,0,271.9512592166174,0.0
TORDILHA-B_006_jpg.rf.235faef65a5565236d3b0050d4713580_r1c0.jpg,FN,-1,4,0.0,18967,0,218.59132659073535,0.0
TORDILHA-B_006_jpg.rf.235faef65a5565236d3b0050d4713580_r1c0.jpg,FN,-1,5,0.0,323,0,3.722517978004298,0.0
TORDILHA-B_006_jpg.rf.235faef65a5565236d3b0050d4713580_r1c0.jpg,FN,-1,9,0.0,288,0,3.3191491568583213,0.0
TORDILHA-B_006_jpg.rf.235faef65a5565236d3b0050d4713580_r1c0.jpg,FN,-1,10,0.0,1069,0,12.320036280144254,0.0
TORDILHA-B_006_jpg.rf.235faef65a5565236d3b0050d4713580_r1c0.jpg,FN,-1,11,0.0,2019,0,23.268618568392192,0.0
TORDILHA-B_006_jpg.rf.235faef65a5565236d3b0050d4713580_r1c0.jpg,FN,-1,14,0.0,686,0,7.906028894461141,0.0
TORDILHA-B_006_jpg.rf.235faef65a5565236d3b0050d4713580_r1c0.jpg,FN,-1,16,0.0,4055,0,46.733159135626714,0.0
TORDILHA-B_006_jpg.rf.235faef65a5565236d3b0050d4713580_r1c1.jpg,TP,0,10,0.904564827969609,16117,14716,185.74557972599155,169.59930205669116
TORDILHA-B_006_jpg.rf.235faef65a5565236d3b0050d4713580_r1c1.jpg,TP,5,23,0.8943342942872271,16382,15816,188.79965794323965,182.27660786413614
TORDILHA-B_006_jpg.rf.235faef65a5565236d3b0050d4713580_r1c1.jpg,TP,6,0,0.8940749971677807,7938,8781,91.48404863590748,101.19947481379486
TORDILHA-B_006_jpg.rf.235faef65a5565236d3b0050d4713580_r1c1.jpg,TP,9,12,0.8910626945309026,4475,4031,51.57358498937843,46.45656337255519
TORDILHA-B_006_jpg.rf.235faef65a5565236d3b0050d4713580_r1c1.jpg,TP,18,18,0.8715544188689969,41185,37847,474.6498542542013,436.1799935403364
TORDILHA-B_006_jpg.rf.235faef65a5565236d3b0050d4713580_r1c1.jpg,TP,2,6,0.85086642776496,18065,19639,208.19593582863047,226.3360079567381
TORDILHA-B_006_jpg.rf.235faef65a5565236d3b0050d4713580_r1c1.jpg,TP,21,20,0.8408524490107319,19402,16791,223.60462479640677,193.5133107389169
TORDILHA-B_006_jpg.rf.235faef65a5565236d3b0050d4713580_r1c1.jpg,TP,3,15,0.8404550866516735,7007,6905,80.7544379934245,79.57890600037052
TORDILHA-B_006_jpg.rf.235faef65a5565236d3b0050d4713580_r1c1.jpg,TP,1,3,0.8354600402955004,1246,1487,14.359930032796765,17.137412486973346
TORDILHA-B_006_jpg.rf.235faef65a5565236d3b0050d4713580_r1c1.jpg,TP,10,16,0.813692480359147,5283,4413,60.88564234611983,50.85904593477699
TORDILHA-B_006_jpg.rf.235faef65a5565236d3b0050d4713580_r1c1.jpg,TP,4,17,0.7958034800409417,10667,10387,122.93529186183234,119.70834129266453
TORDILHA-B_006_jpg.rf.235faef65a5565236d3b0050d4713580_r1c1.jpg,TP,7,8,0.773921200750469,2779,2894,32.02748439899054,33.3528390970416
TORDILHA-B_006_jpg.rf.235faef65a5565236d3b0050d4713580_r1c1.jpg,TP,8,13,0.7728043952492526,12377,9565,142.6427399806786,110.23493640746473
TORDILHA-B_006_jpg.rf.235faef65a5565236d3b0050d4713580_r1c1.jpg,TP,11,14,0.7569809793605827,4691,3992,54.06294685702217,46.007095257563954
TORDILHA-B_006_jpg.rf.235faef65a5565236d3b0050d4713580_r1c1.jpg,TP,12,4,0.755420054200542,1122,1469,12.930851923593877,16.9299656646697
TORDILHA-B_006_jpg.rf.235faef65a5565236d3b0050d4713580_r1c1.jpg,TP,13,22,0.7436159346271706,3420,3408,39.41489623769257,39.2765983561568
TORDILHA-B_006_jpg.rf.235faef65a5565236d3b0050d4713580_r1c1.jpg,TP,16,7,0.7242912729294052,1777,1325,20.479611290754296,15.27039108624054
TORDILHA-B_006_jpg.rf.235faef65a5565236d3b0050d4713580_r1c1.jpg,TP,14,9,0.7079137763854703,12600,10298,145.21277561255155,118.68263200460761
TORDILHA-B_006_jpg.rf.235faef65a5565236d3b0050d4713580_r1c1.jpg,TP,23,11,0.6901931649331352,1313,962,15.132093204704777,11.086880169783699
TORDILHA-B_006_jpg.rf.235faef65a5565236d3b0050d4713580_r1c1.jpg,FP,15,-1,0.0,0,8581,0.0,98.89451012153214
TORDILHA-B_006_jpg.rf.235faef65a5565236d3b0050d4713580_r1c1.jpg,FP,17,-1,0.0,0,12102,0.0,139.4734135288174
TORDILHA-B_006_jpg.rf.235faef65a5565236d3b0050d4713580_r1c1.jpg,FP,19,-1,0.0,0,46414,0.0,534.9131561334102
TORDILHA-B_006_jpg.rf.235faef65a5565236d3b0050d4713580_r1c1.jpg,FP,20,-1,0.0,0,3944,0.0,45.4539037314209
TORDILHA-B_006_jpg.rf.235faef65a5565236d3b0050d4713580_r1c1.jpg,FP,22,-1,0.0,0,21950,0.0,252.96987497583387
TORDILHA-B_006_jpg.rf.235faef65a5565236d3b0050d4713580_r1c1.jpg,FP,24,-1,0.0,0,5332,0.0,61.4503586957242
TORDILHA-B_006_jpg.rf.235faef65a5565236d3b0050d4713580_r1c1.jpg,FP,25,-1,0.0,0,8219,0.0,94.72252402853661
TORDILHA-B_006_jpg.rf.235faef65a5565236d3b0050d4713580_r1c1.jpg,FP,26,-1,0.0,0,2650,0.0,30.54078217248108
TORDILHA-B_006_jpg.rf.235faef65a5565236d3b0050d4713580_r1c1.jpg,FN,-1,1,0.0,2987,0,34.42464767894377,0.0
TORDILHA-B_006_jpg.rf.235faef65a5565236d3b0050d4713580_r1c1.jpg,FN,-1,2,0.0,3175,0,36.59131448967073,0.0
TORDILHA-B_006_jpg.rf.235faef65a5565236d3b0050d4713580_r1c1.jpg,FN,-1,5,0.0,43706,0,503.7039342001729,0.0
TORDILHA-B_006_jpg.rf.235faef65a5565236d3b0050d4713580_r1c1.jpg,FN,-1,19,0.0,31427,0,362.190626918703,0.0
TORDILHA-B_006_jpg.rf.235faef65a5565236d3b0050d4713580_r1c1.jpg,FN,-1,21,0.0,1323,0,15.247341439317914,0.0
TORDILHA-B_006_jpg.rf.235faef65a5565236d3b0050d4713580_r1c2.jpg,TP,27,0,0.9119789381307591,10440,11347,120.31915693611415,130.7721718155256
TORDILHA-B_006_jpg.rf.235faef65a5565236d3b0050d4713580_r1c2.jpg,TP,2,29,0.8974596094217484,17903,16978,206.32891442789767,195.66845272618258
TORDILHA-B_006_jpg.rf.235faef65a5565236d3b0050d4713580_r1c2.jpg,TP,22,31,0.886767583975716,23694,23545,273.0691670923648,271.3519683966291
TORDILHA-B_006_jpg.rf.235faef65a5565236d3b0050d4713580_r1c2.jpg,TP,15,28,0.8822689975026757,5237,5315,60.35550046689941,61.25443669688187
TORDILHA-B_006_jpg.rf.235faef65a5565236d3b0050d4713580_r1c2.jpg,TP,17,26,0.8731537793223284,3223,3245,37.14450601581378,37.398052131962686
TORDILHA-B_006_jpg.rf.235faef65a5565236d3b0050d4713580_r1c2.jpg,TP,0,30,0.8671176085533493,8446,8668,97.3386589542548,99.89716976266642
TORDILHA-B_006_jpg.rf.235faef65a5565236d3b0050d4713580_r1c2.jpg,TP,14,35,0.8633516796356044,15444,14010,177.9893735365275,161.46277669300375
TORDILHA-B_006_jpg.rf.235faef65a5565236d3b0050d4713580_r1c2.jpg,TP,28,7,0.8627195836044242,4122,4467,47.505322307534726,51.48138640168792
TORDILHA-B_006_jpg.rf.235faef65a5565236d3b0050d4713580_r1c2.jpg,TP,18,22,0.8480705622932745,4069,4312,46.8945066640851,49.695038765184314
TORDILHA-B_006_jpg.rf.235faef65a5565236d3b0050d4713580_r1c2.jpg,TP,9,24,0.8469210068070286,5991,5676,69.04521735672988,65.41489796641608
TORDILHA-B_006_jpg.rf.235faef65a5565236d3b0050d4713580_r1c2.jpg,TP,16,15,0.8458725182863114,1829,1704,21.078902110742604,19.6382991780784
TORDILHA-B_006_jpg.rf.235faef65a5565236d3b0050d4713580_r1c2.jpg,TP,12,20,0.8386351975371986,3617,3550,41.68528645957135,40.91312328766334
TORDILHA-B_006_jpg.rf.235faef65a5565236d3b0050d4713580_r1c2.jpg,TP,23,21,0.8365785813630042,11034,10094,127.16490207213444,116.33156801849964
TORDILHA-B_006_jpg.rf.235faef65a5565236d3b0050d4713580_r1c2.jpg,TP,7,11,0.8167400881057268,4854,5456,55.941493081216294,62.87943680492709
TORDILHA-B_006_jpg.rf.235faef65a5565236d3b0050d4713580_r1c2.jpg,TP,5,16,0.8115366651097617,4030,3727,46.44503854909387,42.95301704031585
TORDILHA-B_006_jpg.rf.235faef65a5565236d3b0050d4713580_r1c2.jpg,TP,33,14,0.8038888226172015,7440,7682,85.7446865521733,88.5336938298112
TORDILHA-B_006_jpg.rf.235faef65a5565236d3b0050d4713580_r1c2.jpg,TP,3,12,0.7952825990209168,4016,4052,46.28369102063548,46.69858466524277
TORDILHA-B_006_jpg.rf.235faef65a5565236d3b0050d4713580_r1c2.jpg,TP,8,23,0.7837370242214533,3609,3608,41.59308787188084,41.581563048419525
TORDILHA-B_006_jpg.rf.235faef65a5565236d3b0050d4713580_r1c2.jpg,TP,26,2,0.7739965095986039,887,1146,10.222518410185177,13.207447686665404
TORDILHA-B_006_jpg.rf.235faef65a5565236d3b0050d4713580_r1c2.jpg,TP,29,33,0.764932837953701,6893,5458,79.44060811883476,62.90248645184972
TORDILHA-B_006_jpg.rf.235faef65a5565236d3b0050d4713580_r1c2.jpg,TP,24,32,0.7599764567392584,8472,6479,97.63830436424895,74.66933120585092
TORDILHA-B_006_jpg.rf.235faef65a5565236d3b0050d4713580_r1c2.jpg,TP,4,5,0.7534316217590239,1485,1964,17.11436284005072,22.634753278019943
TORDILHA-B_006_jpg.rf.235faef65a5565236d3b0050d4713580_r1c2.jpg,TP,21,1,0.740788097175404,6570,8406,75.71809014083045,96.87766601580225
TORDILHA-B_006_jpg.rf.235faef65a5565236d3b0050d4713580_r1c2.jpg,TP,10,18,0.7220646625070902,9029,12223,104.05763103220063,140.86791716763634
TORDILHA-B_006_jpg.rf.235faef65a5565236d3b0050d4713580_r1c2.jpg,TP,20,10,0.7197716658017644,1684,1630,19.407802708852127,18.785462241941193
TORDILHA-B_006_jpg.rf.235faef65a5565236d3b0050d4713580_r1c2.jpg,TP,25,4,0.7151702786377709,693,969,7.986702658690335,11.167553934012894
TORDILHA-B_006_jpg.rf.235faef65a5565236d3b0050d4713580_r1c2.jpg,TP,13,3,0.6510303233372424,3886,5969,44.78546397066471,68.79167124058097
TORDILHA-B_006_jpg.rf.235faef65a5565236d3b0050d4713580_r1c2.jpg,TP,1,9,0.5834901855337457,13662,9894,157.45213812846663,114.02660332623691
TORDILHA-B_006_jpg.rf.235faef65a5565236d3b0050d4713580_r1c2.jpg,FP,6,-1,0.0,0,9247,0.0,106.570042546767
TORDILHA-B_006_jpg.rf.235faef65a5565236d3b0050d4713580_r1c2.jpg,FP,11,-1,0.0,0,3576,0.0,41.21276869765749
TORDILHA-B_006_jpg.rf.235faef65a5565236d3b0050d4713580_r1c2.jpg,FP,19,-1,0.0,0,10675,0.0,123.02749044952284
TORDILHA-B_006_jpg.rf.235faef65a5565236d3b0050d4713580_r1c2.jpg,FP,30,-1,0.0,0,3122,0.0,35.98049884622111
TORDILHA-B_006_jpg.rf.235faef65a5565236d3b0050d4713580_r1c2.jpg,FP,31,-1,0.0,0,16987,0.0,195.77217613733438
TORDILHA-B_006_jpg.rf.235faef65a5565236d3b0050d4713580_r1c2.jpg,FP,32,-1,0.0,0,1283,0.0,14.786348500865369
TORDILHA-B_006_jpg.rf.235faef65a5565236d3b0050d4713580_r1c2.jpg,FP,34,-1,0.0,0,14060,0.0,162.03901786606943
TORDILHA-B_006_jpg.rf.235faef65a5565236d3b0050d4713580_r1c2.jpg,FN,-1,6,0.0,3393,0,39.103726004237096,0.0
TORDILHA-B_006_jpg.rf.235faef65a5565236d3b0050d4713580_r1c2.jpg,FN,-1,8,0.0,19293,0,222.3484190391236,0.0
TORDILHA-B_006_jpg.rf.235faef65a5565236d3b0050d4713580_r1c2.jpg,FN,-1,13,0.0,5904,0,68.04255771559559,0.0
TORDILHA-B_006_jpg.rf.235faef65a5565236d3b0050d4713580_r1c2.jpg,FN,-1,17,0.0,893,0,10.291667350953059,0.0
TORDILHA-B_006_jpg.rf.235faef65a5565236d3b0050d4713580_r1c2.jpg,FN,-1,19,0.0,1032,0,11.893617812075652,0.0
TORDILHA-B_006_jpg.rf.235faef65a5565236d3b0050d4713580_r1c2.jpg,FN,-1,25,0.0,1523,0,17.552306131580636,0.0
TORDILHA-B_006_jpg.rf.235faef65a5565236d3b0050d4713580_r1c2.jpg,FN,-1,27,0.0,7405,0,85.34131773102733,0.0
TORDILHA-B_006_jpg.rf.235faef65a5565236d3b0050d4713580_r1c2.jpg,FN,-1,34,0.0,763,0,8.793440300982288,0.0
TORDILHA-B_006_jpg.rf.235faef65a5565236d3b0050d4713580_r2c0.jpg,TP,7,1,0.888,4205,4055,48.461882654823754,46.733159135626714
TORDILHA-B_006_jpg.rf.235faef65a5565236d3b0050d4713580_r2c0.jpg,TP,3,0,0.8671014166854059,3868,4435,44.57801714836106,51.11259205092588
TORDILHA-B_006_jpg.rf.235faef65a5565236d3b0050d4713580_r2c0.jpg,TP,0,8,0.865454364783624,18380,19166,211.82625521894425,220.88476645953676
TORDILHA-B_006_jpg.rf.235faef65a5565236d3b0050d4713580_r2c0.jpg,TP,5,22,0.8480678876210567,18858,19689,217.33512083345218,226.91224912980377
TORDILHA-B_006_jpg.rf.235faef65a5565236d3b0050d4713580_r2c0.jpg,TP,14,6,0.8430130235832454,5635,4837,64.94238020450223,55.74557108237396
TORDILHA-B_006_jpg.rf.235faef65a5565236d3b0050d4713580_r2c0.jpg,TP,12,15,0.837984496124031,5771,6084,66.50975619524088,70.11702593863204
TORDILHA-B_006_jpg.rf.235faef65a5565236d3b0050d4713580_r2c0.jpg,TP,25,30,0.8321323725647184,27461,27459,316.4831770711332,316.46012742421055
TORDILHA-B_006_jpg.rf.235faef65a5565236d3b0050d4713580_r2c0.jpg,TP,27,26,0.8139835994820889,4342,4064,50.04078346902372,46.83688254677853
TORDILHA-B_006_jpg.rf.235faef65a5565236d3b0050d4713580_r2c0.jpg,TP,20,16,0.8052738336713996,2377,2073,27.394505367542465,23.890959035303126
TORDILHA-B_006_jpg.rf.235faef65a5565236d3b0050d4713580_r2c0.jpg,TP,19,20,0.8050133945656334,5049,4384,58.18883365617245,50.52482605439889
TORDILHA-B_006_jpg.rf.235faef65a5565236d3b0050d4713580_r2c0.jpg,TP,6,18,0.8037201554691837,6698,6296,77.1932675438786,72.56028851243053
TORDILHA-B_006_jpg.rf.235faef65a5565236d3b0050d4713580_r2c0.jpg,TP,1,12,0.8008972033979193,8410,10458,96.92376530964751,120.52660375841779
TORDILHA-B_006_jpg.rf.235faef65a5565236d3b0050d4713580_r2c0.jpg,TP,23,7,0.7915085388994307,3879,3674,44.70479020643552,42.34220139686622
TORDILHA-B_006_jpg.rf.235faef65a5565236d3b0050d4713580_r2c0.jpg,TP,16,28,0.790773558368495,15133,16698,174.40515344005894,192.44150215701475
TORDILHA-B_006_jpg.rf.235faef65a5565236d3b0050d4713580_r2c0.jpg,TP,4,5,0.7764791063301614,7510,9665,86.55142419446526,111.3874187535961
TORDILHA-B_006_jpg.rf.235faef65a5565236d3b0050d4713580_r2c0.jpg,TP,21,11,0.7704403643405293,48217,50524,555.6924128341586,582.2801805594091
TORDILHA-B_006_jpg.rf.235faef65a5565236d3b0050d4713580_r2c0.jpg,TP,10,21,0.7621951219512195,3500,3147,40.33688211459766,36.26861943275395
TORDILHA-B_006_jpg.rf.235faef65a5565236d3b0050d4713580_r2c0.jpg,TP,15,27,0.7615945805106826,25744,28344,296.6950551880577,326.65959618747314
TORDILHA-B_006_jpg.rf.235faef65a5565236d3b0050d4713580_r2c0.jpg,TP,8,17,0.7549568965517242,3677,4466,42.37677586725017,51.469861578226606
TORDILHA-B_006_jpg.rf.235faef65a5565236d3b0050d4713580_r2c0.jpg,TP,11,2,0.7172774869109948,962,1334,11.086880169783699,15.374114497392364
TORDILHA-B_006_jpg.rf.235faef65a5565236d3b0050d4713580_r2c0.jpg,TP,26,14,0.7166521360069747,3273,2634,37.720747188879464,30.356384997100065
TORDILHA-B_006_jpg.rf.235faef65a5565236d3b0050d4713580_r2c0.jpg,TP,18,9,0.6912225705329154,493,586,5.681737966427613,6.753546548329779
TORDILHA-B_006_jpg.rf.235faef65a5565236d3b0050d4713580_r2c0.jpg,TP,2,31,0.6504571179799739,21445,16466,247.14983912787048,189.76774311399
TORDILHA-B_006_jpg.rf.235faef65a5565236d3b0050d4713580_r2c0.jpg,TP,24,3,0.5644496762801648,1500,1158,17.287235191970424,13.345745568201167
TORDILHA-B_006_jpg.rf.235faef65a5565236d3b0050d4713580_r2c0.jpg,FP,9,-1,0.0,0,8079,0.0,93.1090487439527
TORDILHA-B_006_jpg.rf.235faef65a5565236d3b0050d4713580_r2c0.jpg,FP,13,-1,0.0,0,3549,0.0,40.901598464202024
TORDILHA-B_006_jpg.rf.235faef65a5565236d3b0050d4713580_r2c0.jpg,FP,17,-1,0.0,0,14357,0.0,165.46189043407958
TORDILHA-B_006_jpg.rf.235faef65a5565236d3b0050d4713580_r2c0.jpg,FP,22,-1,0.0,0,3289,0.0,37.90514436426048
TORDILHA-B_006_jpg.rf.235faef65a5565236d3b0050d4713580_r2c0.jpg,FN,-1,4,0.0,645,0,7.433511132547282,0.0
TORDILHA-B_006_jpg.rf.235faef65a5565236d3b0050d4713580_r2c0.jpg,FN,-1,10,0.0,846,0,9.75000064827132,0.0
TORDILHA-B_006_jpg.rf.235faef65a5565236d3b0050d4713580_r2c0.jpg,FN,-1,13,0.0,6076,0,70.02482735094154,0.0
TORDILHA-B_006_jpg.rf.235faef65a5565236d3b0050d4713580_r2c0.jpg,FN,-1,19,0.0,8381,0,96.5895454292694,0.0
TORDILHA-B_006_jpg.rf.235faef65a5565236d3b0050d4713580_r2c0.jpg,FN,-1,23,0.0,1421,0,16.37677413852665,0.0
TORDILHA-B_006_jpg.rf.235faef65a5565236d3b0050d4713580_r2c0.jpg,FN,-1,24,0.0,1620,0,18.670214007328056,0.0
TORDILHA-B_006_jpg.rf.235faef65a5565236d3b0050d4713580_r2c0.jpg,FN,-1,25,0.0,1758,0,20.260639644989336,0.0
TORDILHA-B_006_jpg.rf.235faef65a5565236d3b0050d4713580_r2c0.jpg,FN,-1,29,0.0,12828,0,147.84043536173107,0.0
TORDILHA-B_006_jpg.rf.235faef65a5565236d3b0050d4713580_r2c1.jpg,TP,16,10,0.9057991513437058,3299,3438,38.02039259887362,39.62234305999621
TORDILHA-B_006_jpg.rf.235faef65a5565236d3b0050d4713580_r2c1.jpg,TP,7,11,0.8866463920376002,9959,10513,114.7757168512223,121.16046904879005
TORDILHA-B_006_jpg.rf.235faef65a5565236d3b0050d4713580_r2c1.jpg,TP,10,14,0.8742205977209202,4284,4433,49.37234370826753,51.08954240400326
TORDILHA-B_006_jpg.rf.235faef65a5565236d3b0050d4713580_r2c1.jpg,TP,6,0,0.865359230624175,4665,5227,53.76330144702802,60.24025223228627
TORDILHA-B_006_jpg.rf.235faef65a5565236d3b0050d4713580_r2c1.jpg,TP,3,1,0.8544615384615385,5718,6336,65.89894055179126,73.02128145088307
TORDILHA-B_006_jpg.rf.235faef65a5565236d3b0050d4713580_r2c1.jpg,TP,15,12,0.8508003624282694,6037,6219,69.5753592359503,71.67287710590938
TORDILHA-B_006_jpg.rf.235faef65a5565236d3b0050d4713580_r2c1.jpg,TP,4,2,0.8480701754385965,4844,5690,55.82624484660315,65.57624549487447
TORDILHA-B_006_jpg.rf.235faef65a5565236d3b0050d4713580_r2c1.jpg,TP,1,6,0.8277955271565495,2591,3130,29.86081758826358,36.072697433911614
TORDILHA-B_006_jpg.rf.235faef65a5565236d3b0050d4713580_r2c1.jpg,TP,2,4,0.8274634694642188,8848,10662,101.97163798570287,122.87766774452577
TORDILHA-B_006_jpg.rf.235faef65a5565236d3b0050d4713580_r2c1.jpg,TP,11,17,0.8238706609605325,8978,10200,103.46986503567365,117.55319930539888
TORDILHA-B_006_jpg.rf.235faef65a5565236d3b0050d4713580_r2c1.jpg,TP,9,9,0.8230282375851996,3604,3885,41.53546375457427,44.7739391472034
TORDILHA-B_006_jpg.rf.235faef65a5565236d3b0050d4713580_r2c1.jpg,TP,0,3,0.8185376267568049,4603,5619,53.048762392426575,64.7579830291212
TORDILHA-B_006_jpg.rf.235faef65a5565236d3b0050d4713580_r2c1.jpg,TP,8,13,0.7867177522349936,5215,5977,60.1019543507505,68.88386982827149
TORDILHA-B_006_jpg.rf.235faef65a5565236d3b0050d4713580_r2c1.jpg,TP,17,18,0.779783393501805,1806,2138,20.81383117113239,24.64007256028851
TORDILHA-B_006_jpg.rf.235faef65a5565236d3b0050d4713580_r2c1.jpg,TP,14,7,0.7150776053215078,658,889,7.583333837544359,10.245568057107805
TORDILHA-B_006_jpg.rf.235faef65a5565236d3b0050d4713580_r2c1.jpg,TP,12,16,0.6986464968152867,2387,1880,27.5097536021556,21.666668107269597
TORDILHA-B_006_jpg.rf.235faef65a5565236d3b0050d4713580_r2c1.jpg,TP,5,5,0.6621835443037974,3406,4998,39.253548709234174,57.60106765964545
TORDILHA-B_006_jpg.rf.235faef65a5565236d3b0050d4713580_r2c1.jpg,TP,18,8,0.5883202310283973,5329,4571,61.41578422534026,52.67996804166454
TORDILHA-B_006_jpg.rf.235faef65a5565236d3b0050d4713580_r2c1.jpg,FP,13,-1,0.0,0,4494,0.0,51.79255663514339
TORDILHA-B_006_jpg.rf.235faef65a5565236d3b0050d4713580_r2c1.jpg,FN,-1,15,0.0,9406,0,108.40248947711586,0.0
TORDILHA-B_006_jpg.rf.235faef65a5565236d3b0050d4713580_r2c2.jpg,TP,2,4,0.9176504463000288,3282,3378,37.82447060003129,38.930853652317396
TORDILHA-B_006_jpg.rf.235faef65a5565236d3b0050d4713580_r2c2.jpg,TP,26,19,0.8968187775527225,7884,8036,90.86170816899654,92.61348133511622
TORDILHA-B_006_jpg.rf.235faef65a5565236d3b0050d4713580_r2c2.jpg,TP,7,5,0.894723160904601,3526,3763,40.63652752459181,43.36791068492314
TORDILHA-B_006_jpg.rf.235faef65a5565236d3b0050d4713580_r2c2.jpg,TP,5,38,0.8913587977457733,5884,6198,67.81206124636931,71.4308558132218
TORDILHA-B_006_jpg.rf.235faef65a5565236d3b0050d4713580_r2c2.jpg,TP,0,11,0.8875811241887581,8558,8602,98.62943918192192,99.13653141421972
TORDILHA-B_006_jpg.rf.235faef65a5565236d3b0050d4713580_r2c2.jpg,TP,4,2,0.882085020242915,5234,5923,60.32092599651546,68.26152936136054
TORDILHA-B_006_jpg.rf.235faef65a5565236d3b0050d4713580_r2c2.jpg,TP,15,32,0.8806092666909887,10005,10614,115.30585873044272,122.32447621838271
TORDILHA-B_006_jpg.rf.235faef65a5565236d3b0050d4713580_r2c2.jpg,TP,20,9,0.8786072024803243,3793,4084,43.71365538876255,47.06737901600481
TORDILHA-B_006_jpg.rf.235faef65a5565236d3b0050d4713580_r2c2.jpg,TP,17,36,0.8756906077348067,3298,3492,38.008867775412305,40.244683526907146
TORDILHA-B_006_jpg.rf.235faef65a5565236d3b0050d4713580_r2c2.jpg,TP,25,37,0.872865275142315,3783,4113,43.598407154149406,47.4015988963829
TORDILHA-B_006_jpg.rf.235faef65a5565236d3b0050d4713580_r2c2.jpg,TP,30,18,0.8662540202682202,15799,14955,182.08068586529382,172.35373486394514
TORDILHA-B_006_jpg.rf.235faef65a5565236d3b0050d4713580_r2c2.jpg,TP,6,8,0.8610747051114024,3285,3815,37.85904507041523,43.96720150491144
TORDILHA-B_006_jpg.rf.235faef65a5565236d3b0050d4713580_r2c2.jpg,TP,19,41,0.8600701293008985,25208,25717,290.5177498127936,296.38388495460225
TORDILHA-B_006_jpg.rf.235faef65a5565236d3b0050d4713580_r2c2.jpg,TP,29,28,0.8557289684050248,4684,5066,53.98227309279298,58.38475565501478
TORDILHA-B_006_jpg.rf.235faef65a5565236d3b0050d4713580_r2c2.jpg,TP,33,12,0.8271298593879239,2243,2175,25.85017902372644,25.066491028357113
TORDILHA-B_006_jpg.rf.235faef65a5565236d3b0050d4713580_r2c2.jpg,TP,8,25,0.8232062055591467,5493,5789,63.30585527299569,66.71720301754452
TORDILHA-B_006_jpg.rf.235faef65a5565236d3b0050d4713580_r2c2.jpg,TP,9,29,0.8209711846318036,3247,3578,37.42110177888531,41.23581834458012
TORDILHA-B_006_jpg.rf.235faef65a5565236d3b0050d4713580_r2c2.jpg,TP,3,14,0.8209255533199196,9161,8034,105.57890772909404,92.59043168819359
TORDILHA-B_006_jpg.rf.235faef65a5565236d3b0050d4713580_r2c2.jpg,TP,1,34,0.8196904024767802,7851,6843,90.4813889947732,78.86436694576908
TORDILHA-B_006_jpg.rf.235faef65a5565236d3b0050d4713580_r2c2.jpg,TP,22,13,0.8109292811221508,3297,2900,37.99734295195099,33.421988037809484
TORDILHA-B_006_jpg.rf.235faef65a5565236d3b0050d4713580_r2c2.jpg,TP,24,0,0.8080622995877234,3534,4360,40.72872611228232,50.24823029132737
TORDILHA-B_006_jpg.rf.235faef65a5565236d3b0050d4713580_r2c2.jpg,TP,11,1,0.8062101469365124,2911,3604,33.54876109588393,41.53546375457427
TORDILHA-B_006_jpg.rf.235faef65a5565236d3b0050d4713580_r2c2.jpg,TP,27,10,0.80067283431455,3383,3040,38.98847776962396,35.03546332239339
TORDILHA-B_006_jpg.rf.235faef65a5565236d3b0050d4713580_r2c2.jpg,TP,14,20,0.7998801677651288,6791,8229,78.26507612578077,94.83777226314974
TORDILHA-B_006_jpg.rf.235faef65a5565236d3b0050d4713580_r2c2.jpg,TP,13,26,0.7920918367346939,4381,4049,50.49025158401495,46.66401019485883
TORDILHA-B_006_jpg.rf.235faef65a5565236d3b0050d4713580_r2c2.jpg,TP,16,15,0.7897179578721885,7633,7406,87.96897748020683,85.35284255448863
TORDILHA-B_006_jpg.rf.235faef65a5565236d3b0050d4713580_r2c2.jpg,TP,21,7,0.7801817395067071,1803,2311,20.779256700748448,26.633867019095767
TORDILHA-B_006_jpg.rf.235faef65a5565236d3b0050d4713580_r2c2.jpg,TP,10,3,0.7789168278529981,4067,5130,46.87145701716248,59.12234435653885
TORDILHA-B_006_jpg.rf.235faef65a5565236d3b0050d4713580_r2c2.jpg,TP,39,40,0.7654135338345864,572,602,6.592199019871388,6.937943723710797
TORDILHA-B_006_jpg.rf.235faef65a5565236d3b0050d4713580_r2c2.jpg,TP,40,31,0.752607425949103,2058,2143,23.718086683383422,24.69769667759508
TORDILHA-B_006_jpg.rf.235faef65a5565236d3b0050d4713580_r2c2.jpg,TP,18,17,0.7338945827232797,2176,2561,25.078015851818428,29.51507288442417
TORDILHA-B_006_jpg.rf.235faef65a5565236d3b0050d4713580_r2c2.jpg,TP,36,35,0.6836734693877551,1595,1375,18.38209342079522,15.846632259306222
TORDILHA-B_006_jpg.rf.235faef65a5565236d3b0050d4713580_r2c2.jpg,TP,38,23,0.6695979899497487,1168,1490,13.460993802814304,17.171986957357287
TORDILHA-B_006_jpg.rf.235faef65a5565236d3b0050d4713580_r2c2.jpg,TP,28,21,0.6643554185927067,2612,3869,30.102838880951165,44.58954197182238
TORDILHA-B_006_jpg.rf.235faef65a5565236d3b0050d4713580_r2c2.jpg,TP,32,42,0.5772201326480806,34320,20613,395.5319411922833,237.56118600805758
TORDILHA-B_006_jpg.rf.235faef65a5565236d3b0050d4713580_r2c2.jpg,TP,42,30,0.5747903075489282,3995,2764,46.0416697279479,31.854612047070834
TORDILHA-B_006_jpg.rf.235faef65a5565236d3b0050d4713580_r2c2.jpg,FP,12,-1,0.0,0,16746,0.0,192.9946936831578
TORDILHA-B_006_jpg.rf.235faef65a5565236d3b0050d4713580_r2c2.jpg,FP,23,-1,0.0,0,5096,0.0,58.73050035885419
TORDILHA-B_006_jpg.rf.235faef65a5565236d3b0050d4713580_r2c2.jpg,FP,31,-1,0.0,0,9556,0.0,110.13121299631291
TORDILHA-B_006_jpg.rf.235faef65a5565236d3b0050d4713580_r2c2.jpg,FP,34,-1,0.0,0,8294,0.0,95.58688578813513
TORDILHA-B_006_jpg.rf.235faef65a5565236d3b0050d4713580_r2c2.jpg,FP,35,-1,0.0,0,4379,0.0,50.46720193709233
TORDILHA-B_006_jpg.rf.235faef65a5565236d3b0050d4713580_r2c2.jpg,FP,37,-1,0.0,0,2101,0.0,24.213654092219908
TORDILHA-B_006_jpg.rf.235faef65a5565236d3b0050d4713580_r2c2.jpg,FP,41,-1,0.0,0,750,0.0,8.643617595985212
TORDILHA-B_006_jpg.rf.235faef65a5565236d3b0050d4713580_r2c2.jpg,FP,43,-1,0.0,0,4257,0.0,49.061173474812065
TORDILHA-B_006_jpg.rf.235faef65a5565236d3b0050d4713580_r2c2.jpg,FN,-1,6,0.0,3027,0,34.88564061739631,0.0
TORDILHA-B_006_jpg.rf.235faef65a5565236d3b0050d4713580_r2c2.jpg,FN,-1,16,0.0,2279,0,26.26507266833373,0.0
TORDILHA-B_006_jpg.rf.235faef65a5565236d3b0050d4713580_r2c2.jpg,FN,-1,22,0.0,574,0,6.615248666794016,0.0
TORDILHA-B_006_jpg.rf.235faef65a5565236d3b0050d4713580_r2c2.jpg,FN,-1,24,0.0,28681,0,330.5434616939358,0.0
TORDILHA-B_006_jpg.rf.235faef65a5565236d3b0050d4713580_r2c2.jpg,FN,-1,27,0.0,9610,0,110.75355346322385,0.0
TORDILHA-B_006_jpg.rf.235faef65a5565236d3b0050d4713580_r2c2.jpg,FN,-1,33,0.0,1225,0,14.11790874010918,0.0
TORDILHA-B_006_jpg.rf.235faef65a5565236d3b0050d4713580_r2c2.jpg,FN,-1,39,0.0,2657,0,30.621455936710277,0.0
TORDILHA-D_003_jpg.rf.e67cd4ad20c15ed213012bb43fa0dc3f_r0c0.jpg,TP,2,2,0.8941605839416058,3449,3817,39.74911611807066,43.99025115183407
TORDILHA-D_003_jpg.rf.e67cd4ad20c15ed213012bb43fa0dc3f_r0c0.jpg,TP,0,0,0.880713364365431,15821,17714,182.3342319814427,204.15072279370938
TORDILHA-D_003_jpg.rf.e67cd4ad20c15ed213012bb43fa0dc3f_r0c0.jpg,TP,1,1,0.8671679197994987,3497,3953,40.30230764421371,45.55762714257272
TORDILHA-D_003_jpg.rf.e67cd4ad20c15ed213012bb43fa0dc3f_r0c0.jpg,TP,8,17,0.8228630278063852,821,949,9.461880061738478,10.937057464786621
TORDILHA-D_003_jpg.rf.e67cd4ad20c15ed213012bb43fa0dc3f_r0c0.jpg,TP,19,5,0.7631498935846762,6420,5178,73.98936662163341,59.6755358826819
TORDILHA-D_003_jpg.rf.e67cd4ad20c15ed213012bb43fa0dc3f_r0c0.jpg,TP,20,13,0.7520082541086299,11091,12682,127.82181700942931,146.15781113637928
TORDILHA-D_003_jpg.rf.e67cd4ad20c15ed213012bb43fa0dc3f_r0c0.jpg,TP,15,6,0.7334476108849368,3547,4543,40.878548817279395,52.35727298474776
TORDILHA-D_003_jpg.rf.e67cd4ad20c15ed213012bb43fa0dc3f_r0c0.jpg,TP,7,9,0.7049847405900305,1753,1599,20.20301552768277,18.42819271464047
TORDILHA-D_003_jpg.rf.e67cd4ad20c15ed213012bb43fa0dc3f_r0c0.jpg,TP,11,3,0.542063492063492,21044,13930,242.52838491988373,160.54079081609868
TORDILHA-D_003_jpg.rf.e67cd4ad20c15ed213012bb43fa0dc3f_r0c0.jpg,FP,3,-1,0.0,0,2894,0.0,33.3528390970416
TORDILHA-D_003_jpg.rf.e67cd4ad20c15ed213012bb43fa0dc3f_r0c0.jpg,FP,4,-1,0.0,0,3245,0.0,37.398052131962686
TORDILHA-D_003_jpg.rf.e67cd4ad20c15ed213012bb43fa0dc3f_r0c0.jpg,FP,5,-1,0.0,0,13433,0.0,154.8129535558258
TORDILHA-D_003_jpg.rf.e67cd4ad20c15ed213012bb43fa0dc3f_r0c0.jpg,FP,6,-1,0.0,0,1789,0.0,20.61790917229006
TORDILHA-D_003_jpg.rf.e67cd4ad20c15ed213012bb43fa0dc3f_r0c0.jpg,FP,9,-1,0.0,0,2220,0.0,25.58510808411623
TORDILHA-D_003_jpg.rf.e67cd4ad20c15ed213012bb43fa0dc3f_r0c0.jpg,FP,10,-1,0.0,0,2243,0.0,25.85017902372644
TORDILHA-D_003_jpg.rf.e67cd4ad20c15ed213012bb43fa0dc3f_r0c0.jpg,FP,12,-1,0.0,0,4558,0.0,52.53014533666746
TORDILHA-D_003_jpg.rf.e67cd4ad20c15ed213012bb43fa0dc3f_r0c0.jpg,FP,13,-1,0.0,0,1597,0.0,18.405143067717844
TORDILHA-D_003_jpg.rf.e67cd4ad20c15ed213012bb43fa0dc3f_r0c0.jpg,FP,14,-1,0.0,0,2611,0.0,30.09131405748985
TORDILHA-D_003_jpg.rf.e67cd4ad20c15ed213012bb43fa0dc3f_r0c0.jpg,FP,16,-1,0.0,0,5506,0.0,63.45567797799277
TORDILHA-D_003_jpg.rf.e67cd4ad20c15ed213012bb43fa0dc3f_r0c0.jpg,FP,17,-1,0.0,0,829,0.0,9.554078649428988
TORDILHA-D_003_jpg.rf.e67cd4ad20c15ed213012bb43fa0dc3f_r0c0.jpg,FP,18,-1,0.0,0,1983,0.0,22.8537249237849
TORDILHA-D_003_jpg.rf.e67cd4ad20c15ed213012bb43fa0dc3f_r0c0.jpg,FP,21,-1,0.0,0,1281,0.0,14.763298853942741
TORDILHA-D_003_jpg.rf.e67cd4ad20c15ed213012bb43fa0dc3f_r0c0.jpg,FP,22,-1,0.0,0,2329,0.0,26.841313841399412
TORDILHA-D_003_jpg.rf.e67cd4ad20c15ed213012bb43fa0dc3f_r0c0.jpg,FP,23,-1,0.0,0,1544,0.0,17.79432742426822
TORDILHA-D_003_jpg.rf.e67cd4ad20c15ed213012bb43fa0dc3f_r0c0.jpg,FP,24,-1,0.0,0,879,0.0,10.130319822494668
TORDILHA-D_003_jpg.rf.e67cd4ad20c15ed213012bb43fa0dc3f_r0c0.jpg,FP,25,-1,0.0,0,1791,0.0,20.640958819212685
TORDILHA-D_003_jpg.rf.e67cd4ad20c15ed213012bb43fa0dc3f_r0c0.jpg,FP,26,-1,0.0,0,6451,0.0,74.34663614893414
TORDILHA-D_003_jpg.rf.e67cd4ad20c15ed213012bb43fa0dc3f_r0c0.jpg,FP,27,-1,0.0,0,1714,0.0,19.75354741269154
TORDILHA-D_003_jpg.rf.e67cd4ad20c15ed213012bb43fa0dc3f_r0c0.jpg,FP,28,-1,0.0,0,3622,0.0,41.74291057687792
TORDILHA-D_003_jpg.rf.e67cd4ad20c15ed213012bb43fa0dc3f_r0c0.jpg,FP,29,-1,0.0,0,984,0.0,11.340426285932597
TORDILHA-D_003_jpg.rf.e67cd4ad20c15ed213012bb43fa0dc3f_r0c0.jpg,FN,-1,4,0.0,3357,0,38.68883235962981,0.0
TORDILHA-D_003_jpg.rf.e67cd4ad20c15ed213012bb43fa0dc3f_r0c0.jpg,FN,-1,7,0.0,24593,0,283.42998338408574,0.0
TORDILHA-D_003_jpg.rf.e67cd4ad20c15ed213012bb43fa0dc3f_r0c0.jpg,FN,-1,8,0.0,8536,0,98.37589306577303,0.0
TORDILHA-D_003_jpg.rf.e67cd4ad20c15ed213012bb43fa0dc3f_r0c0.jpg,FN,-1,10,0.0,8888,0,102.43263092415542,0.0
TORDILHA-D_003_jpg.rf.e67cd4ad20c15ed213012bb43fa0dc3f_r0c0.jpg,FN,-1,11,0.0,12461,0,143.61082515142897,0.0
TORDILHA-D_003_jpg.rf.e67cd4ad20c15ed213012bb43fa0dc3f_r0c0.jpg,FN,-1,12,0.0,6535,0,75.31472131968448,0.0
TORDILHA-D_003_jpg.rf.e67cd4ad20c15ed213012bb43fa0dc3f_r0c0.jpg,FN,-1,14,0.0,30193,0,347.968994767442,0.0
TORDILHA-D_003_jpg.rf.e67cd4ad20c15ed213012bb43fa0dc3f_r0c0.jpg,FN,-1,15,0.0,12697,0,146.33068348829897,0.0
TORDILHA-D_003_jpg.rf.e67cd4ad20c15ed213012bb43fa0dc3f_r0c0.jpg,FN,-1,16,0.0,5693,0,65.61081996525841,0.0
TORDILHA-D_003_jpg.rf.e67cd4ad20c15ed213012bb43fa0dc3f_r0c0.jpg,FN,-1,18,0.0,855,0,9.853724059423142,0.0
TORDILHA-D_003_jpg.rf.e67cd4ad20c15ed213012bb43fa0dc3f_r0c1.jpg,TP,0,11,0.8190442726633872,4879,5475,56.229613667749135,63.09840845069205
TORDILHA-D_003_jpg.rf.e67cd4ad20c15ed213012bb43fa0dc3f_r0c1.jpg,TP,14,6,0.7829196466133782,4362,4114,50.27127993824999,47.413123719844215
TORDILHA-D_003_jpg.rf.e67cd4ad20c15ed213012bb43fa0dc3f_r0c1.jpg,TP,3,12,0.7815126050420168,933,1187,10.752660289405604,13.679965448579262
TORDILHA-D_003_jpg.rf.e67cd4ad20c15ed213012bb43fa0dc3f_r0c1.jpg,TP,25,14,0.7808857808857809,676,852,7.7907806598480045,9.8191495890392
TORDILHA-D_003_jpg.rf.e67cd4ad20c15ed213012bb43fa0dc3f_r0c1.jpg,TP,2,13,0.7364620938628159,1033,1372,11.905142635536965,15.812057788922282
TORDILHA-D_003_jpg.rf.e67cd4ad20c15ed213012bb43fa0dc3f_r0c1.jpg,TP,18,4,0.6703485517918507,3516,3289,40.52127928997867,37.90514436426048
TORDILHA-D_003_jpg.rf.e67cd4ad20c15ed213012bb43fa0dc3f_r0c1.jpg,TP,24,8,0.5954809038192361,3932,4047,45.31560584988514,46.6409605479362
TORDILHA-D_003_jpg.rf.e67cd4ad20c15ed213012bb43fa0dc3f_r0c1.jpg,TP,28,5,0.5930416447021613,3393,2651,39.103726004237096,30.552306995942395
TORDILHA-D_003_jpg.rf.e67cd4ad20c15ed213012bb43fa0dc3f_r0c1.jpg,FP,1,-1,0.0,0,25985,0.0,299.47253764223433
TORDILHA-D_003_jpg.rf.e67cd4ad20c15ed213012bb43fa0dc3f_r0c1.jpg,FP,4,-1,0.0,0,1750,0.0,20.16844105729883
TORDILHA-D_003_jpg.rf.e67cd4ad20c15ed213012bb43fa0dc3f_r0c1.jpg,FP,5,-1,0.0,0,2657,0.0,30.621455936710277
TORDILHA-D_003_jpg.rf.e67cd4ad20c15ed213012bb43fa0dc3f_r0c1.jpg,FP,6,-1,0.0,0,3283,0.0,37.8359954234926
TORDILHA-D_003_jpg.rf.e67cd4ad20c15ed213012bb43fa0dc3f_r0c1.jpg,FP,7,-1,0.0,0,3231,0.0,37.23670460350429
TORDILHA-D_003_jpg.rf.e67cd4ad20c15ed213012bb43fa0dc3f_r0c1.jpg,FP,8,-1,0.0,0,2289,0.0,26.380320902946867
TORDILHA-D_003_jpg.rf.e67cd4ad20c15ed213012bb43fa0dc3f_r0c1.jpg,FP,9,-1,0.0,0,2925,0.0,33.710108624342325
TORDILHA-D_003_jpg.rf.e67cd4ad20c15ed213012bb43fa0dc3f_r0c1.jpg,FP,10,-1,0.0,0,1643,0.0,18.93528494693827
TORDILHA-D_003_jpg.rf.e67cd4ad20c15ed213012bb43fa0dc3f_r0c1.jpg,FP,11,-1,0.0,0,21604,0.0,248.98228605821936
TORDILHA-D_003_jpg.rf.e67cd4ad20c15ed213012bb43fa0dc3f_r0c1.jpg,FP,12,-1,0.0,0,10573,0.0,121.85195845646886
TORDILHA-D_003_jpg.rf.e67cd4ad20c15ed213012bb43fa0dc3f_r0c1.jpg,FP,13,-1,0.0,0,2949,0.0,33.98670438741385
TORDILHA-D_003_jpg.rf.e67cd4ad20c15ed213012bb43fa0dc3f_r0c1.jpg,FP,15,-1,0.0,0,4154,0.0,47.87411665829676
TORDILHA-D_003_jpg.rf.e67cd4ad20c15ed213012bb43fa0dc3f_r0c1.jpg,FP,16,-1,0.0,0,4328,0.0,49.87943594056533
TORDILHA-D_003_jpg.rf.e67cd4ad20c15ed213012bb43fa0dc3f_r0c1.jpg,FP,17,-1,0.0,0,2864,0.0,33.007094393202195
TORDILHA-D_003_jpg.rf.e67cd4ad20c15ed213012bb43fa0dc3f_r0c1.jpg,FP,19,-1,0.0,0,1185,0.0,13.656915801656634
TORDILHA-D_003_jpg.rf.e67cd4ad20c15ed213012bb43fa0dc3f_r0c1.jpg,FP,20,-1,0.0,0,1335,0.0,15.385639320853677
TORDILHA-D_003_jpg.rf.e67cd4ad20c15ed213012bb43fa0dc3f_r0c1.jpg,FP,21,-1,0.0,0,5386,0.0,62.07269916263513
TORDILHA-D_003_jpg.rf.e67cd4ad20c15ed213012bb43fa0dc3f_r0c1.jpg,FP,22,-1,0.0,0,1185,0.0,13.656915801656634
TORDILHA-D_003_jpg.rf.e67cd4ad20c15ed213012bb43fa0dc3f_r0c1.jpg,FP,23,-1,0.0,0,3246,0.0,37.409576955423994
TORDILHA-D_003_jpg.rf.e67cd4ad20c15ed213012bb43fa0dc3f_r0c1.jpg,FP,26,-1,0.0,0,2831,0.0,32.62677521897885
TORDILHA-D_003_jpg.rf.e67cd4ad20c15ed213012bb43fa0dc3f_r0c1.jpg,FP,27,-1,0.0,0,1483,0.0,17.09131319312809
TORDILHA-D_003_jpg.rf.e67cd4ad20c15ed213012bb43fa0dc3f_r0c1.jpg,FP,29,-1,0.0,0,2591,0.0,29.86081758826358
TORDILHA-D_003_jpg.rf.e67cd4ad20c15ed213012bb43fa0dc3f_r0c1.jpg,FP,30,-1,0.0,0,1230,0.0,14.175532857415748
TORDILHA-D_003_jpg.rf.e67cd4ad20c15ed213012bb43fa0dc3f_r0c1.jpg,FP,31,-1,0.0,0,4263,0.0,49.13032241557995
TORDILHA-D_003_jpg.rf.e67cd4ad20c15ed213012bb43fa0dc3f_r0c1.jpg,FP,32,-1,0.0,0,16655,0.0,191.94593474817827
TORDILHA-D_003_jpg.rf.e67cd4ad20c15ed213012bb43fa0dc3f_r0c1.jpg,FN,-1,0,0.0,53759,0,619.5629844567587,0.0
TORDILHA-D_003_jpg.rf.e67cd4ad20c15ed213012bb43fa0dc3f_r0c1.jpg,FN,-1,1,0.0,7084,0,81.64184939994566,0.0
TORDILHA-D_003_jpg.rf.e67cd4ad20c15ed213012bb43fa0dc3f_r0c1.jpg,FN,-1,2,0.0,81019,0,933.7296720121678,0.0
TORDILHA-D_003_jpg.rf.e67cd4ad20c15ed213012bb43fa0dc3f_r0c1.jpg,FN,-1,3,0.0,9554,0,110.10816334939028,0.0
TORDILHA-D_003_jpg.rf.e67cd4ad20c15ed213012bb43fa0dc3f_r0c1.jpg,FN,-1,7,0.0,5347,0,61.623231047643905,0.0
TORDILHA-D_003_jpg.rf.e67cd4ad20c15ed213012bb43fa0dc3f_r0c1.jpg,FN,-1,9,0.0,8318,0,95.86348155120666,0.0
TORDILHA-D_003_jpg.rf.e67cd4ad20c15ed213012bb43fa0dc3f_r0c1.jpg,FN,-1,10,0.0,27845,0,320.9087092802776,0.0
TORDILHA-D_003_jpg.rf.e67cd4ad20c15ed213012bb43fa0dc3f_r0c1.jpg,FN,-1,15,0.0,5237,0,60.35550046689941,0.0
TORDILHA-D_003_jpg.rf.e67cd4ad20c15ed213012bb43fa0dc3f_r0c1.jpg,FN,-1,16,0.0,1116,0,12.861702982825996,0.0
TORDILHA-D_003_jpg.rf.e67cd4ad20c15ed213012bb43fa0dc3f_r1c0.jpg,TP,3,2,0.8784269662921348,3941,4418,45.41932926103696,50.91667005208355
TORDILHA-D_003_jpg.rf.e67cd4ad20c15ed213012bb43fa0dc3f_r1c0.jpg,TP,2,6,0.8556606652426,2841,3240,32.74202345359198,37.34042801465611
TORDILHA-D_003_jpg.rf.e67cd4ad20c15ed213012bb43fa0dc3f_r1c0.jpg,TP,22,21,0.8417884780739467,1045,1097,12.043440517072728,12.642731337061036
TORDILHA-D_003_jpg.rf.e67cd4ad20c15ed213012bb43fa0dc3f_r1c0.jpg,TP,1,4,0.8138777925728659,5947,6313,68.53812512443207,72.75621051127285
TORDILHA-D_003_jpg.rf.e67cd4ad20c15ed213012bb43fa0dc3f_r1c0.jpg,TP,8,5,0.7904761904761904,948,1120,10.925532641325308,12.90780227667125
TORDILHA-D_003_jpg.rf.e67cd4ad20c15ed213012bb43fa0dc3f_r1c0.jpg,TP,18,23,0.7865557865557865,1152,1426,13.276596627433285,16.434398255833216
TORDILHA-D_003_jpg.rf.e67cd4ad20c15ed213012bb43fa0dc3f_r1c0.jpg,TP,10,10,0.7772511848341233,2974,3026,34.27482497394669,34.874115793935005
TORDILHA-D_003_jpg.rf.e67cd4ad20c15ed213012bb43fa0dc3f_r1c0.jpg,TP,13,9,0.7547751078250154,2588,3108,29.82624311787964,35.81915131776272
TORDILHA-D_003_jpg.rf.e67cd4ad20c15ed213012bb43fa0dc3f_r1c0.jpg,TP,9,8,0.7540498994915454,8122,6712,93.60461615278919,77.35461507233698
TORDILHA-D_003_jpg.rf.e67cd4ad20c15ed213012bb43fa0dc3f_r1c0.jpg,TP,4,20,0.7463810075275044,4138,4910,47.68971948291574,56.58688319504985
TORDILHA-D_003_jpg.rf.e67cd4ad20c15ed213012bb43fa0dc3f_r1c0.jpg,TP,12,3,0.7149684572739438,3991,4980,45.99557043410264,57.39362083734181
TORDILHA-D_003_jpg.rf.e67cd4ad20c15ed213012bb43fa0dc3f_r1c0.jpg,TP,15,11,0.7043337383556095,2070,2138,23.856384564919185,24.64007256028851
TORDILHA-D_003_jpg.rf.e67cd4ad20c15ed213012bb43fa0dc3f_r1c0.jpg,TP,6,14,0.6988847583643123,4285,3484,49.383868531728844,40.152484939216635
TORDILHA-D_003_jpg.rf.e67cd4ad20c15ed213012bb43fa0dc3f_r1c0.jpg,TP,7,15,0.6932180245789713,1625,2095,18.727838124634626,24.144505151452027
TORDILHA-D_003_jpg.rf.e67cd4ad20c15ed213012bb43fa0dc3f_r1c0.jpg,TP,0,0,0.6647727272727273,2330,3237,26.852838664860723,37.305853544272175
TORDILHA-D_003_jpg.rf.e67cd4ad20c15ed213012bb43fa0dc3f_r1c0.jpg,TP,17,17,0.6238437821171634,2526,2214,29.111704063278193,25.515959143348347
TORDILHA-D_003_jpg.rf.e67cd4ad20c15ed213012bb43fa0dc3f_r1c0.jpg,TP,5,7,0.5997587870434183,5804,3481,66.89007536946423,40.1179104688327
TORDILHA-D_003_jpg.rf.e67cd4ad20c15ed213012bb43fa0dc3f_r1c0.jpg,TP,16,1,0.5639625585023401,754,1251,8.689716889830466,14.417554150103333
TORDILHA-D_003_jpg.rf.e67cd4ad20c15ed213012bb43fa0dc3f_r1c0.jpg,TP,20,12,0.5263576542049316,12360,8748,142.4468179818363,100.8191556395715
TORDILHA-D_003_jpg.rf.e67cd4ad20c15ed213012bb43fa0dc3f_r1c0.jpg,TP,11,13,0.524214103653356,632,1162,7.283688427550205,13.39184486204642
TORDILHA-D_003_jpg.rf.e67cd4ad20c15ed213012bb43fa0dc3f_r1c0.jpg,FP,14,-1,0.0,0,5590,0.0,64.4237631487431
TORDILHA-D_003_jpg.rf.e67cd4ad20c15ed213012bb43fa0dc3f_r1c0.jpg,FP,19,-1,0.0,0,2888,0.0,33.28369015627372
TORDILHA-D_003_jpg.rf.e67cd4ad20c15ed213012bb43fa0dc3f_r1c0.jpg,FP,21,-1,0.0,0,1684,0.0,19.407802708852127
TORDILHA-D_003_jpg.rf.e67cd4ad20c15ed213012bb43fa0dc3f_r1c0.jpg,FP,23,-1,0.0,0,1019,0.0,11.743795107078574
TORDILHA-D_003_jpg.rf.e67cd4ad20c15ed213012bb43fa0dc3f_r1c0.jpg,FN,-1,16,0.0,16112,0,185.68795560868497,0.0
TORDILHA-D_003_jpg.rf.e67cd4ad20c15ed213012bb43fa0dc3f_r1c0.jpg,FN,-1,18,0.0,10773,0,124.15692314873158,0.0
TORDILHA-D_003_jpg.rf.e67cd4ad20c15ed213012bb43fa0dc3f_r1c0.jpg,FN,-1,19,0.0,3028,0,34.89716544085763,0.0
TORDILHA-D_003_jpg.rf.e67cd4ad20c15ed213012bb43fa0dc3f_r1c0.jpg,FN,-1,22,0.0,11834,0,136.38476084118534,0.0
TORDILHA-D_003_jpg.rf.e67cd4ad20c15ed213012bb43fa0dc3f_r1c0.jpg,FN,-1,24,0.0,3787,0,43.644506447994665,0.0
TORDILHA-D_003_jpg.rf.e67cd4ad20c15ed213012bb43fa0dc3f_r1c1.jpg,TP,1,15,0.8847652625719057,4790,5367,55.20390437969222,61.85372751687017
TORDILHA-D_003_jpg.rf.e67cd4ad20c15ed213012bb43fa0dc3f_r1c1.jpg,TP,14,26,0.856390977443609,1184,1285,13.645390978195321,14.809398147787997
TORDILHA-D_003_jpg.rf.e67cd4ad20c15ed213012bb43fa0dc3f_r1c1.jpg,TP,0,4,0.8254747871643746,5802,5348,66.8670257225416,61.63475587110522
TORDILHA-D_003_jpg.rf.e67cd4ad20c15ed213012bb43fa0dc3f_r1c1.jpg,TP,2,16,0.8160673297628156,5333,6535,61.46188351918551,75.31472131968448
TORDILHA-D_003_jpg.rf.e67cd4ad20c15ed213012bb43fa0dc3f_r1c1.jpg,TP,3,6,0.7963687150837989,2961,3470,34.125002268949615,39.99113741075825
TORDILHA-D_003_jpg.rf.e67cd4ad20c15ed213012bb43fa0dc3f_r1c1.jpg,TP,6,1,0.7740192623913554,3329,4223,38.36613730271303,48.6693294771274
TORDILHA-D_003_jpg.rf.e67cd4ad20c15ed213012bb43fa0dc3f_r1c1.jpg,TP,31,10,0.7611767842858412,9232,10583,106.3971701948473,121.967206691082
TORDILHA-D_003_jpg.rf.e67cd4ad20c15ed213012bb43fa0dc3f_r1c1.jpg,TP,30,21,0.7173646399158927,5559,4242,64.06649362144239,48.88830112289236
TORDILHA-D_003_jpg.rf.e67cd4ad20c15ed213012bb43fa0dc3f_r1c1.jpg,TP,15,14,0.7034455287791277,3959,4594,45.6267760833406,52.94503898127475
TORDILHA-D_003_jpg.rf.e67cd4ad20c15ed213012bb43fa0dc3f_r1c1.jpg,TP,9,23,0.6931268151016456,728,1021,8.390071479836312,11.766844754001202
TORDILHA-D_003_jpg.rf.e67cd4ad20c15ed213012bb43fa0dc3f_r1c1.jpg,TP,8,9,0.669953596287703,9715,13317,111.96365992666178,153.47607403431343
TORDILHA-D_003_jpg.rf.e67cd4ad20c15ed213012bb43fa0dc3f_r1c1.jpg,TP,11,5,0.6664350243224462,2981,4213,34.35549873817589,48.554081242514265
TORDILHA-D_003_jpg.rf.e67cd4ad20c15ed213012bb43fa0dc3f_r1c1.jpg,TP,34,8,0.6154993607046455,12476,10267,143.78369750334866,118.3253624773069
TORDILHA-D_003_jpg.rf.e67cd4ad20c15ed213012bb43fa0dc3f_r1c1.jpg,TP,33,7,0.6007445949582847,19810,15877,228.30675276862272,182.97962209527628
TORDILHA-D_003_jpg.rf.e67cd4ad20c15ed213012bb43fa0dc3f_r1c1.jpg,TP,5,12,0.60062893081761,12864,9023,148.25532900633834,103.98848209143276
TORDILHA-D_003_jpg.rf.e67cd4ad20c15ed213012bb43fa0dc3f_r1c1.jpg,TP,22,0,0.5758754863813229,511,704,5.889184788731257,8.113475716764786
TORDILHA-D_003_jpg.rf.e67cd4ad20c15ed213012bb43fa0dc3f_r1c1.jpg,TP,12,2,0.57274490785645,3603,6126,41.52393893111296,70.6010685240072
TORDILHA-D_003_jpg.rf.e67cd4ad20c15ed213012bb43fa0dc3f_r1c1.jpg,FP,4,-1,0.0,0,2704,0.0,31.163122639392018
TORDILHA-D_003_jpg.rf.e67cd4ad20c15ed213012bb43fa0dc3f_r1c1.jpg,FP,7,-1,0.0,0,2018,0.0,23.257093744930877
TORDILHA-D_003_jpg.rf.e67cd4ad20c15ed213012bb43fa0dc3f_r1c1.jpg,FP,10,-1,0.0,0,1098,0.0,12.65425616052235
TORDILHA-D_003_jpg.rf.e67cd4ad20c15ed213012bb43fa0dc3f_r1c1.jpg,FP,13,-1,0.0,0,1439,0.0,16.584220960830294
TORDILHA-D_003_jpg.rf.e67cd4ad20c15ed213012bb43fa0dc3f_r1c1.jpg,FP,16,-1,0.0,0,1139,0.0,13.12677392243621
TORDILHA-D_003_jpg.rf.e67cd4ad20c15ed213012bb43fa0dc3f_r1c1.jpg,FP,17,-1,0.0,0,1078,0.0,12.423759691296079
TORDILHA-D_003_jpg.rf.e67cd4ad20c15ed213012bb43fa0dc3f_r1c1.jpg,FP,18,-1,0.0,0,3452,0.0,39.783690588454604
TORDILHA-D_003_jpg.rf.e67cd4ad20c15ed213012bb43fa0dc3f_r1c1.jpg,FP,19,-1,0.0,0,1287,0.0,14.832447794710623
TORDILHA-D_003_jpg.rf.e67cd4ad20c15ed213012bb43fa0dc3f_r1c1.jpg,FP,20,-1,0.0,0,2165,0.0,24.95124279374398
TORDILHA-D_003_jpg.rf.e67cd4ad20c15ed213012bb43fa0dc3f_r1c1.jpg,FP,21,-1,0.0,0,7920,0.0,91.27660181360383
TORDILHA-D_003_jpg.rf.e67cd4ad20c15ed213012bb43fa0dc3f_r1c1.jpg,FP,23,-1,0.0,0,1558,0.0,17.955674952726614
TORDILHA-D_003_jpg.rf.e67cd4ad20c15ed213012bb43fa0dc3f_r1c1.jpg,FP,24,-1,0.0,0,895,0.0,10.314716997875687
TORDILHA-D_003_jpg.rf.e67cd4ad20c15ed213012bb43fa0dc3f_r1c1.jpg,FP,25,-1,0.0,0,1034,0.0,11.916667458998278
TORDILHA-D_003_jpg.rf.e67cd4ad20c15ed213012bb43fa0dc3f_r1c1.jpg,FP,26,-1,0.0,0,16091,0.0,185.4459343159974
TORDILHA-D_003_jpg.rf.e67cd4ad20c15ed213012bb43fa0dc3f_r1c1.jpg,FP,27,-1,0.0,0,2399,0.0,27.648051483691365
TORDILHA-D_003_jpg.rf.e67cd4ad20c15ed213012bb43fa0dc3f_r1c1.jpg,FP,28,-1,0.0,0,1133,0.0,13.057624981668326
TORDILHA-D_003_jpg.rf.e67cd4ad20c15ed213012bb43fa0dc3f_r1c1.jpg,FP,29,-1,0.0,0,2241,0.0,25.827129376803814
TORDILHA-D_003_jpg.rf.e67cd4ad20c15ed213012bb43fa0dc3f_r1c1.jpg,FP,32,-1,0.0,0,1280,0.0,14.751774030481428
TORDILHA-D_003_jpg.rf.e67cd4ad20c15ed213012bb43fa0dc3f_r1c1.jpg,FN,-1,3,0.0,4746,0,54.69681214739442,0.0
TORDILHA-D_003_jpg.rf.e67cd4ad20c15ed213012bb43fa0dc3f_r1c1.jpg,FN,-1,11,0.0,3918,0,45.154258321426745,0.0
TORDILHA-D_003_jpg.rf.e67cd4ad20c15ed213012bb43fa0dc3f_r1c1.jpg,FN,-1,13,0.0,12809,0,147.62146371596612,0.0
TORDILHA-D_003_jpg.rf.e67cd4ad20c15ed213012bb43fa0dc3f_r1c1.jpg,FN,-1,17,0.0,3626,0,41.78900987072317,0.0
TORDILHA-D_003_jpg.rf.e67cd4ad20c15ed213012bb43fa0dc3f_r1c1.jpg,FN,-1,18,0.0,4737,0,54.5930887362426,0.0
TORDILHA-D_003_jpg.rf.e67cd4ad20c15ed213012bb43fa0dc3f_r1c1.jpg,FN,-1,19,0.0,662,0,7.6294331313896135,0.0
TORDILHA-D_003_jpg.rf.e67cd4ad20c15ed213012bb43fa0dc3f_r1c1.jpg,FN,-1,20,0.0,572,0,6.592199019871388,0.0
TORDILHA-D_003_jpg.rf.e67cd4ad20c15ed213012bb43fa0dc3f_r1c1.jpg,FN,-1,22,0.0,8074,0,93.05142462664614,0.0
TORDILHA-D_003_jpg.rf.e67cd4ad20c15ed213012bb43fa0dc3f_r1c1.jpg,FN,-1,24,0.0,2223,0,25.61968255450017,0.0
TORDILHA-D_003_jpg.rf.e67cd4ad20c15ed213012bb43fa0dc3f_r1c1.jpg,FN,-1,25,0.0,6567,0,75.68351567044651,0.0
TORDILHA-D_003_jpg.rf.e67cd4ad20c15ed213012bb43fa0dc3f_r1c1.jpg,FN,-1,27,0.0,11869,0,136.7881296623313,0.0
TORDILHA-D_003_jpg.rf.e67cd4ad20c15ed213012bb43fa0dc3f_r1c1.jpg,FN,-1,28,0.0,30074,0,346.59754077554567,0.0
TORDILHA-D_003_jpg.rf.e67cd4ad20c15ed213012bb43fa0dc3f_r1c1.jpg,FN,-1,29,0.0,4287,0,49.40691817865147,0.0
TORDILHA-D_003_jpg.rf.e67cd4ad20c15ed213012bb43fa0dc3f_r1c1.jpg,FN,-1,30,0.0,488,0,5.624113849121045,0.0
TORDILHA-D_003_jpg.rf.e67cd4ad20c15ed213012bb43fa0dc3f_r1c2.jpg,TP,11,2,0.8429227444624527,6540,7105,75.37234543699105,81.88387069263324
TORDILHA-D_003_jpg.rf.e67cd4ad20c15ed213012bb43fa0dc3f_r1c2.jpg,TP,15,1,0.8228538283062645,7157,8556,82.48316151262155,98.6063895349993
TORDILHA-D_003_jpg.rf.e67cd4ad20c15ed213012bb43fa0dc3f_r1c2.jpg,TP,14,0,0.8072395526780459,2748,3393,31.670214871689815,39.103726004237096
TORDILHA-D_003_jpg.rf.e67cd4ad20c15ed213012bb43fa0dc3f_r1c2.jpg,TP,8,11,0.7781644753802527,6318,7477,72.81383462857943,86.17110502024191
TORDILHA-D_003_jpg.rf.e67cd4ad20c15ed213012bb43fa0dc3f_r1c2.jpg,TP,20,23,0.7663272471910112,5687,4374,65.54167102449053,50.40957781978575
TORDILHA-D_003_jpg.rf.e67cd4ad20c15ed213012bb43fa0dc3f_r1c2.jpg,TP,32,25,0.7514944491887275,943,1108,10.86790852401874,12.769504395135487
TORDILHA-D_003_jpg.rf.e67cd4ad20c15ed213012bb43fa0dc3f_r1c2.jpg,TP,26,22,0.7048257372654155,6291,6427,72.50266439512396,74.07004038586261
TORDILHA-D_003_jpg.rf.e67cd4ad20c15ed213012bb43fa0dc3f_r1c2.jpg,TP,29,17,0.6421800947867299,840,1239,9.680851707503438,14.27925626856757
TORDILHA-D_003_jpg.rf.e67cd4ad20c15ed213012bb43fa0dc3f_r1c2.jpg,TP,1,4,0.6284165609502941,15392,12848,177.39008271653918,148.07093183095733
TORDILHA-D_003_jpg.rf.e67cd4ad20c15ed213012bb43fa0dc3f_r1c2.jpg,TP,3,10,0.6149538866930171,12081,7531,139.23139223612978,86.79344548715284
TORDILHA-D_003_jpg.rf.e67cd4ad20c15ed213012bb43fa0dc3f_r1c2.jpg,TP,10,18,0.5864750633981404,5915,3469,68.16933077367004,39.979612587296934
TORDILHA-D_003_jpg.rf.e67cd4ad20c15ed213012bb43fa0dc3f_r1c2.jpg,TP,21,19,0.5712893796687236,3025,1813,34.86259097047369,20.894504935361585
TORDILHA-D_003_jpg.rf.e67cd4ad20c15ed213012bb43fa0dc3f_r1c2.jpg,TP,16,8,0.5048433048433049,1183,1458,13.633866154734008,16.803192606595253
TORDILHA-D_003_jpg.rf.e67cd4ad20c15ed213012bb43fa0dc3f_r1c2.jpg,FP,0,-1,0.0,0,4961,0.0,57.17464919157685
TORDILHA-D_003_jpg.rf.e67cd4ad20c15ed213012bb43fa0dc3f_r1c2.jpg,FP,2,-1,0.0,0,9061,0.0,104.42642538296268
TORDILHA-D_003_jpg.rf.e67cd4ad20c15ed213012bb43fa0dc3f_r1c2.jpg,FP,4,-1,0.0,0,2492,0.0,28.71986006559353
TORDILHA-D_003_jpg.rf.e67cd4ad20c15ed213012bb43fa0dc3f_r1c2.jpg,FP,5,-1,0.0,0,4119,0.0,47.47074783715078
TORDILHA-D_003_jpg.rf.e67cd4ad20c15ed213012bb43fa0dc3f_r1c2.jpg,FP,6,-1,0.0,0,6727,0.0,77.52748742425669
TORDILHA-D_003_jpg.rf.e67cd4ad20c15ed213012bb43fa0dc3f_r1c2.jpg,FP,7,-1,0.0,0,3142,0.0,36.210995315447384
TORDILHA-D_003_jpg.rf.e67cd4ad20c15ed213012bb43fa0dc3f_r1c2.jpg,FP,9,-1,0.0,0,3086,0.0,35.56560520161382
TORDILHA-D_003_jpg.rf.e67cd4ad20c15ed213012bb43fa0dc3f_r1c2.jpg,FP,12,-1,0.0,0,2206,0.0,25.423760555657836
TORDILHA-D_003_jpg.rf.e67cd4ad20c15ed213012bb43fa0dc3f_r1c2.jpg,FP,13,-1,0.0,0,2639,0.0,30.414009114406632
TORDILHA-D_003_jpg.rf.e67cd4ad20c15ed213012bb43fa0dc3f_r1c2.jpg,FP,17,-1,0.0,0,13512,0.0,155.72341460926958
TORDILHA-D_003_jpg.rf.e67cd4ad20c15ed213012bb43fa0dc3f_r1c2.jpg,FP,18,-1,0.0,0,2483,0.0,28.616136654441707
TORDILHA-D_003_jpg.rf.e67cd4ad20c15ed213012bb43fa0dc3f_r1c2.jpg,FP,19,-1,0.0,0,2021,0.0,23.291668215314818
TORDILHA-D_003_jpg.rf.e67cd4ad20c15ed213012bb43fa0dc3f_r1c2.jpg,FP,22,-1,0.0,0,1999,0.0,23.038122099165918
TORDILHA-D_003_jpg.rf.e67cd4ad20c15ed213012bb43fa0dc3f_r1c2.jpg,FP,23,-1,0.0,0,2454,0.0,28.281916774063614
TORDILHA-D_003_jpg.rf.e67cd4ad20c15ed213012bb43fa0dc3f_r1c2.jpg,FP,24,-1,0.0,0,1861,0.0,21.447696461504638
TORDILHA-D_003_jpg.rf.e67cd4ad20c15ed213012bb43fa0dc3f_r1c2.jpg,FP,25,-1,0.0,0,1650,0.0,19.015958711167467
TORDILHA-D_003_jpg.rf.e67cd4ad20c15ed213012bb43fa0dc3f_r1c2.jpg,FP,27,-1,0.0,0,1069,0.0,12.320036280144254
TORDILHA-D_003_jpg.rf.e67cd4ad20c15ed213012bb43fa0dc3f_r1c2.jpg,FP,28,-1,0.0,0,6564,0.0,75.64894120006258
TORDILHA-D_003_jpg.rf.e67cd4ad20c15ed213012bb43fa0dc3f_r1c2.jpg,FP,30,-1,0.0,0,3252,0.0,37.478725896191875
TORDILHA-D_003_jpg.rf.e67cd4ad20c15ed213012bb43fa0dc3f_r1c2.jpg,FP,31,-1,0.0,0,1035,0.0,11.928192282459593
TORDILHA-D_003_jpg.rf.e67cd4ad20c15ed213012bb43fa0dc3f_r1c2.jpg,FP,33,-1,0.0,0,1068,0.0,12.308511456682941
TORDILHA-D_003_jpg.rf.e67cd4ad20c15ed213012bb43fa0dc3f_r1c2.jpg,FP,34,-1,0.0,0,913,0.0,10.522163820179331
TORDILHA-D_003_jpg.rf.e67cd4ad20c15ed213012bb43fa0dc3f_r1c2.jpg,FP,35,-1,0.0,0,956,0.0,11.017731229015817
TORDILHA-D_003_jpg.rf.e67cd4ad20c15ed213012bb43fa0dc3f_r1c2.jpg,FP,36,-1,0.0,0,708,0.0,8.15957501061004
TORDILHA-D_003_jpg.rf.e67cd4ad20c15ed213012bb43fa0dc3f_r1c2.jpg,FP,37,-1,0.0,0,1061,0.0,12.227837692453747
TORDILHA-D_003_jpg.rf.e67cd4ad20c15ed213012bb43fa0dc3f_r1c2.jpg,FN,-1,3,0.0,7085,0,81.65337422340697,0.0
TORDILHA-D_003_jpg.rf.e67cd4ad20c15ed213012bb43fa0dc3f_r1c2.jpg,FN,-1,5,0.0,17906,0,206.36348889828162,0.0
TORDILHA-D_003_jpg.rf.e67cd4ad20c15ed213012bb43fa0dc3f_r1c2.jpg,FN,-1,6,0.0,7390,0,85.16844537910762,0.0
TORDILHA-D_003_jpg.rf.e67cd4ad20c15ed213012bb43fa0dc3f_r1c2.jpg,FN,-1,7,0.0,9177,0,105.76330490447505,0.0
TORDILHA-D_003_jpg.rf.e67cd4ad20c15ed213012bb43fa0dc3f_r1c2.jpg,FN,-1,9,0.0,3273,0,37.720747188879464,0.0
TORDILHA-D_003_jpg.rf.e67cd4ad20c15ed213012bb43fa0dc3f_r1c2.jpg,FN,-1,12,0.0,23684,0,272.95391885775166,0.0
TORDILHA-D_003_jpg.rf.e67cd4ad20c15ed213012bb43fa0dc3f_r1c2.jpg,FN,-1,13,0.0,39197,0,451.7385052131098,0.0
TORDILHA-D_003_jpg.rf.e67cd4ad20c15ed213012bb43fa0dc3f_r1c2.jpg,FN,-1,14,0.0,21685,0,249.91579675858577,0.0
TORDILHA-D_003_jpg.rf.e67cd4ad20c15ed213012bb43fa0dc3f_r1c2.jpg,FN,-1,15,0.0,17490,0,201.56916233837515,0.0
TORDILHA-D_003_jpg.rf.e67cd4ad20c15ed213012bb43fa0dc3f_r1c2.jpg,FN,-1,16,0.0,20155,0,232.28281686277592,0.0
TORDILHA-D_003_jpg.rf.e67cd4ad20c15ed213012bb43fa0dc3f_r1c2.jpg,FN,-1,20,0.0,5165,0,59.52571317768483,0.0
TORDILHA-D_003_jpg.rf.e67cd4ad20c15ed213012bb43fa0dc3f_r1c2.jpg,FN,-1,21,0.0,1384,0,15.950355670458045,0.0
TORDILHA-D_003_jpg.rf.e67cd4ad20c15ed213012bb43fa0dc3f_r1c2.jpg,FN,-1,24,0.0,1111,0,12.804078865519427,0.0
TORDILHA-D_003_jpg.rf.e67cd4ad20c15ed213012bb43fa0dc3f_r1c2.jpg,FN,-1,26,0.0,737,0,8.493794890988134,0.0
TORDILHA-D_003_jpg.rf.e67cd4ad20c15ed213012bb43fa0dc3f_r1c2.jpg,FN,-1,27,0.0,2219,0,25.573583260654914,0.0
TORDILHA-D_003_jpg.rf.e67cd4ad20c15ed213012bb43fa0dc3f_r2c0.jpg,TP,0,6,0.941432720232333,13624,14453,157.0141948369367,166.56827348636568
TORDILHA-D_003_jpg.rf.e67cd4ad20c15ed213012bb43fa0dc3f_r2c0.jpg,TP,4,18,0.8982901463070686,5263,5506,60.65514587689356,63.45567797799277
TORDILHA-D_003_jpg.rf.e67cd4ad20c15ed213012bb43fa0dc3f_r2c0.jpg,TP,29,17,0.8922577152138603,1726,1769,19.891845294227302,20.387412703063788
TORDILHA-D_003_jpg.rf.e67cd4ad20c15ed213012bb43fa0dc3f_r2c0.jpg,TP,13,15,0.8666666666666667,3265,3567,37.62854860118895,41.10904528650567
TORDILHA-D_003_jpg.rf.e67cd4ad20c15ed213012bb43fa0dc3f_r2c0.jpg,TP,15,14,0.8563630160354828,2617,2824,30.16046299825773,32.54610145474965
TORDILHA-D_003_jpg.rf.e67cd4ad20c15ed213012bb43fa0dc3f_r2c0.jpg,TP,24,3,0.8555583885772565,7143,7412,82.32181398416316,85.42199149525652
TORDILHA-D_003_jpg.rf.e67cd4ad20c15ed213012bb43fa0dc3f_r2c0.jpg,TP,8,13,0.8554592720970537,8011,8048,92.32536074858338,92.75177921665198
TORDILHA-D_003_jpg.rf.e67cd4ad20c15ed213012bb43fa0dc3f_r2c0.jpg,TP,16,1,0.8516534391534392,14579,13418,168.0204012424912,154.6400812039061
TORDILHA-D_003_jpg.rf.e67cd4ad20c15ed213012bb43fa0dc3f_r2c0.jpg,TP,5,12,0.8367488711358111,7841,8023,90.36614076016006,92.46365863011914
TORDILHA-D_003_jpg.rf.e67cd4ad20c15ed213012bb43fa0dc3f_r2c0.jpg,TP,6,0,0.8303075910074311,9708,9750,111.88298616243259,112.36702874780775
TORDILHA-D_003_jpg.rf.e67cd4ad20c15ed213012bb43fa0dc3f_r2c0.jpg,TP,33,16,0.8129205921938089,616,731,7.099291252169188,8.424645950220253
TORDILHA-D_003_jpg.rf.e67cd4ad20c15ed213012bb43fa0dc3f_r2c0.jpg,TP,7,10,0.771447631754503,6404,6873,73.8049694462524,79.21011164960848
TORDILHA-D_003_jpg.rf.e67cd4ad20c15ed213012bb43fa0dc3f_r2c0.jpg,TP,36,26,0.7706359945872802,5610,4858,64.65425961796939,55.987592375061546
TORDILHA-D_003_jpg.rf.e67cd4ad20c15ed213012bb43fa0dc3f_r2c0.jpg,TP,28,5,0.7535902175458552,5462,6871,62.94858574569497,79.18706200268585
TORDILHA-D_003_jpg.rf.e67cd4ad20c15ed213012bb43fa0dc3f_r2c0.jpg,TP,34,31,0.7459222082810539,1564,1219,18.024823893494496,14.048759799341298
TORDILHA-D_003_jpg.rf.e67cd4ad20c15ed213012bb43fa0dc3f_r2c0.jpg,TP,17,21,0.7418543845534996,7441,9880,85.75621137563462,113.86525579777853
TORDILHA-D_003_jpg.rf.e67cd4ad20c15ed213012bb43fa0dc3f_r2c0.jpg,TP,12,11,0.7158316633266533,8782,8342,101.21099963725618,96.14007731427819
TORDILHA-D_003_jpg.rf.e67cd4ad20c15ed213012bb43fa0dc3f_r2c0.jpg,TP,9,7,0.6531713082214613,30636,23917,353.07449156080395,275.63920272423775
TORDILHA-D_003_jpg.rf.e67cd4ad20c15ed213012bb43fa0dc3f_r2c0.jpg,TP,11,20,0.6282502708559047,7105,4918,81.88387069263324,56.67908178274036
TORDILHA-D_003_jpg.rf.e67cd4ad20c15ed213012bb43fa0dc3f_r2c0.jpg,TP,3,28,0.619971983189914,4816,3279,55.503549789686375,37.789896129647346
TORDILHA-D_003_jpg.rf.e67cd4ad20c15ed213012bb43fa0dc3f_r2c0.jpg,TP,30,27,0.5596741344195519,1997,1832,23.01507245224329,21.113476581126545
TORDILHA-D_003_jpg.rf.e67cd4ad20c15ed213012bb43fa0dc3f_r2c0.jpg,TP,1,25,0.5596261280618823,7337,7180,84.557629735658,82.74823245223176
TORDILHA-D_003_jpg.rf.e67cd4ad20c15ed213012bb43fa0dc3f_r2c0.jpg,TP,22,24,0.5200904068307384,19530,10735,225.07980219945492,123.71897985720166
TORDILHA-D_003_jpg.rf.e67cd4ad20c15ed213012bb43fa0dc3f_r2c0.jpg,TP,31,9,0.5040288578656422,20350,11755,234.53015743773207,135.47429978774156
TORDILHA-D_003_jpg.rf.e67cd4ad20c15ed213012bb43fa0dc3f_r2c0.jpg,FP,2,-1,0.0,0,7876,0.0,90.76950958130604
TORDILHA-D_003_jpg.rf.e67cd4ad20c15ed213012bb43fa0dc3f_r2c0.jpg,FP,10,-1,0.0,0,8035,0.0,92.6019565116549
TORDILHA-D_003_jpg.rf.e67cd4ad20c15ed213012bb43fa0dc3f_r2c0.jpg,FP,14,-1,0.0,0,7316,0.0,84.31560844297042
TORDILHA-D_003_jpg.rf.e67cd4ad20c15ed213012bb43fa0dc3f_r2c0.jpg,FP,18,-1,0.0,0,2050,0.0,23.62588809569291
TORDILHA-D_003_jpg.rf.e67cd4ad20c15ed213012bb43fa0dc3f_r2c0.jpg,FP,19,-1,0.0,0,1899,0.0,21.885639753034557
TORDILHA-D_003_jpg.rf.e67cd4ad20c15ed213012bb43fa0dc3f_r2c0.jpg,FP,20,-1,0.0,0,4384,0.0,50.52482605439889
TORDILHA-D_003_jpg.rf.e67cd4ad20c15ed213012bb43fa0dc3f_r2c0.jpg,FP,21,-1,0.0,0,3184,0.0,36.695037900822555
TORDILHA-D_003_jpg.rf.e67cd4ad20c15ed213012bb43fa0dc3f_r2c0.jpg,FP,23,-1,0.0,0,1960,0.0,22.588653984174687
TORDILHA-D_003_jpg.rf.e67cd4ad20c15ed213012bb43fa0dc3f_r2c0.jpg,FP,25,-1,0.0,0,3918,0.0,45.154258321426745
TORDILHA-D_003_jpg.rf.e67cd4ad20c15ed213012bb43fa0dc3f_r2c0.jpg,FP,26,-1,0.0,0,2338,0.0,26.945037252551234
TORDILHA-D_003_jpg.rf.e67cd4ad20c15ed213012bb43fa0dc3f_r2c0.jpg,FP,27,-1,0.0,0,3599,0.0,41.47783963726771
TORDILHA-D_003_jpg.rf.e67cd4ad20c15ed213012bb43fa0dc3f_r2c0.jpg,FP,32,-1,0.0,0,2128,0.0,24.524824325675375
TORDILHA-D_003_jpg.rf.e67cd4ad20c15ed213012bb43fa0dc3f_r2c0.jpg,FP,35,-1,0.0,0,4627,0.0,53.3253581554981
TORDILHA-D_003_jpg.rf.e67cd4ad20c15ed213012bb43fa0dc3f_r2c0.jpg,FP,37,-1,0.0,0,461,0.0,5.312943615665577
TORDILHA-D_003_jpg.rf.e67cd4ad20c15ed213012bb43fa0dc3f_r2c0.jpg,FN,-1,2,0.0,16068,0,185.18086337638718,0.0
TORDILHA-D_003_jpg.rf.e67cd4ad20c15ed213012bb43fa0dc3f_r2c0.jpg,FN,-1,4,0.0,18929,0,218.15338329920544,0.0
TORDILHA-D_003_jpg.rf.e67cd4ad20c15ed213012bb43fa0dc3f_r2c0.jpg,FN,-1,8,0.0,29803,0,343.4743136175297,0.0
TORDILHA-D_003_jpg.rf.e67cd4ad20c15ed213012bb43fa0dc3f_r2c0.jpg,FN,-1,19,0.0,13510,0,155.70036496234695,0.0
TORDILHA-D_003_jpg.rf.e67cd4ad20c15ed213012bb43fa0dc3f_r2c0.jpg,FN,-1,22,0.0,8491,0,97.8572760100139,0.0
TORDILHA-D_003_jpg.rf.e67cd4ad20c15ed213012bb43fa0dc3f_r2c0.jpg,FN,-1,23,0.0,7438,0,85.72163690525068,0.0
TORDILHA-D_003_jpg.rf.e67cd4ad20c15ed213012bb43fa0dc3f_r2c0.jpg,FN,-1,29,0.0,7336,0,84.54610491219668,0.0
TORDILHA-D_003_jpg.rf.e67cd4ad20c15ed213012bb43fa0dc3f_r2c0.jpg,FN,-1,30,0.0,1405,0,16.19237696314563,0.0
TORDILHA-D_003_jpg.rf.e67cd4ad20c15ed213012bb43fa0dc3f_r2c1.jpg,TP,6,20,0.8711440843420539,4491,5093,51.75798216475945,58.69592588847024
TORDILHA-D_003_jpg.rf.e67cd4ad20c15ed213012bb43fa0dc3f_r2c1.jpg,TP,4,5,0.8708798692454373,10017,10587,115.44415661197849,122.01330598492726
TORDILHA-D_003_jpg.rf.e67cd4ad20c15ed213012bb43fa0dc3f_r2c1.jpg,TP,5,17,0.8656637912897117,8674,9061,99.9663187034343,104.42642538296268
TORDILHA-D_003_jpg.rf.e67cd4ad20c15ed213012bb43fa0dc3f_r2c1.jpg,TP,10,3,0.8641162968630451,6063,6119,69.87500464594446,70.52039475977801
TORDILHA-D_003_jpg.rf.e67cd4ad20c15ed213012bb43fa0dc3f_r2c1.jpg,TP,1,19,0.8322610294117647,3622,4352,41.74291057687792,50.156031703636856
TORDILHA-D_003_jpg.rf.e67cd4ad20c15ed213012bb43fa0dc3f_r2c1.jpg,TP,15,0,0.8300524934383202,1418,1371,16.342199668142708,15.800532965460967
TORDILHA-D_003_jpg.rf.e67cd4ad20c15ed213012bb43fa0dc3f_r2c1.jpg,TP,11,9,0.828583230070219,4457,4397,51.36613816707479,50.67464875939597
TORDILHA-D_003_jpg.rf.e67cd4ad20c15ed213012bb43fa0dc3f_r2c1.jpg,TP,22,22,0.8062700964630225,1026,1221,11.82446887130777,14.071809446263925
TORDILHA-D_003_jpg.rf.e67cd4ad20c15ed213012bb43fa0dc3f_r2c1.jpg,TP,23,1,0.8048486178148311,8348,8105,96.20922625504606,93.40869415394685
TORDILHA-D_003_jpg.rf.e67cd4ad20c15ed213012bb43fa0dc3f_r2c1.jpg,TP,21,11,0.7803108048673215,13199,11088,152.11614486587843,127.78724253904537
TORDILHA-D_003_jpg.rf.e67cd4ad20c15ed213012bb43fa0dc3f_r2c1.jpg,TP,9,18,0.7738427216954824,9598,9485,110.61525558168809,109.31295053055965
TORDILHA-D_003_jpg.rf.e67cd4ad20c15ed213012bb43fa0dc3f_r2c1.jpg,TP,12,21,0.7694934547524189,1352,1757,15.581561319696009,20.24911482152802
TORDILHA-D_003_jpg.rf.e67cd4ad20c15ed213012bb43fa0dc3f_r2c1.jpg,TP,0,14,0.7584373304395008,8344,7860,96.16312696120082,90.58511240592502
TORDILHA-D_003_jpg.rf.e67cd4ad20c15ed213012bb43fa0dc3f_r2c1.jpg,TP,38,31,0.7444543034605147,847,1119,9.761525471732632,12.896277453209937
TORDILHA-D_003_jpg.rf.e67cd4ad20c15ed213012bb43fa0dc3f_r2c1.jpg,TP,16,2,0.7197043376774946,9332,8350,107.54965254097866,96.23227590196869
TORDILHA-D_003_jpg.rf.e67cd4ad20c15ed213012bb43fa0dc3f_r2c1.jpg,TP,3,13,0.6854821912101645,4702,3390,54.189719915096624,39.06915153385316
TORDILHA-D_003_jpg.rf.e67cd4ad20c15ed213012bb43fa0dc3f_r2c1.jpg,TP,2,23,0.682078935291418,6168,8493,71.08511110938238,97.88032565693653
TORDILHA-D_003_jpg.rf.e67cd4ad20c15ed213012bb43fa0dc3f_r2c1.jpg,TP,33,10,0.5996394132269784,32820,25738,378.2447060003129,296.62590624728983
TORDILHA-D_003_jpg.rf.e67cd4ad20c15ed213012bb43fa0dc3f_r2c1.jpg,TP,25,4,0.5622146118721462,1203,1534,13.86436262396028,17.679079189655088
TORDILHA-D_003_jpg.rf.e67cd4ad20c15ed213012bb43fa0dc3f_r2c1.jpg,TP,36,6,0.541647701411015,1541,1846,17.75975295388428,21.274824109584934
TORDILHA-D_003_jpg.rf.e67cd4ad20c15ed213012bb43fa0dc3f_r2c1.jpg,TP,24,8,0.5369085173501578,936,1500,10.787234759789545,17.287235191970424
TORDILHA-D_003_jpg.rf.e67cd4ad20c15ed213012bb43fa0dc3f_r2c1.jpg,TP,40,7,0.5364031277150304,20968,14400,241.6524983368239,165.95745784291606
TORDILHA-D_003_jpg.rf.e67cd4ad20c15ed213012bb43fa0dc3f_r2c1.jpg,FP,7,-1,0.0,0,4517,0.0,52.0576275747536
TORDILHA-D_003_jpg.rf.e67cd4ad20c15ed213012bb43fa0dc3f_r2c1.jpg,FP,8,-1,0.0,0,8379,0.0,96.56649578234679
TORDILHA-D_003_jpg.rf.e67cd4ad20c15ed213012bb43fa0dc3f_r2c1.jpg,FP,13,-1,0.0,0,9387,0.0,108.18351783135091
TORDILHA-D_003_jpg.rf.e67cd4ad20c15ed213012bb43fa0dc3f_r2c1.jpg,FP,14,-1,0.0,0,1856,0.0,21.39007234419807
TORDILHA-D_003_jpg.rf.e67cd4ad20c15ed213012bb43fa0dc3f_r2c1.jpg,FP,17,-1,0.0,0,2425,0.0,27.947696893685517
TORDILHA-D_003_jpg.rf.e67cd4ad20c15ed213012bb43fa0dc3f_r2c1.jpg,FP,18,-1,0.0,0,3854,0.0,44.41666961990268
TORDILHA-D_003_jpg.rf.e67cd4ad20c15ed213012bb43fa0dc3f_r2c1.jpg,FP,19,-1,0.0,0,1109,0.0,12.7810292185968
TORDILHA-D_003_jpg.rf.e67cd4ad20c15ed213012bb43fa0dc3f_r2c1.jpg,FP,20,-1,0.0,0,1120,0.0,12.90780227667125
TORDILHA-D_003_jpg.rf.e67cd4ad20c15ed213012bb43fa0dc3f_r2c1.jpg,FP,26,-1,0.0,0,2557,0.0,29.468973590578916
TORDILHA-D_003_jpg.rf.e67cd4ad20c15ed213012bb43fa0dc3f_r2c1.jpg,FP,27,-1,0.0,0,1929,0.0,22.231384456873965
TORDILHA-D_003_jpg.rf.e67cd4ad20c15ed213012bb43fa0dc3f_r2c1.jpg,FP,28,-1,0.0,0,2627,0.0,30.27571123287087
TORDILHA-D_003_jpg.rf.e67cd4ad20c15ed213012bb43fa0dc3f_r2c1.jpg,FP,29,-1,0.0,0,1023,0.0,11.78989440092383
TORDILHA-D_003_jpg.rf.e67cd4ad20c15ed213012bb43fa0dc3f_r2c1.jpg,FP,30,-1,0.0,0,1721,0.0,19.83422117692073
TORDILHA-D_003_jpg.rf.e67cd4ad20c15ed213012bb43fa0dc3f_r2c1.jpg,FP,31,-1,0.0,0,1564,0.0,18.024823893494496
TORDILHA-D_003_jpg.rf.e67cd4ad20c15ed213012bb43fa0dc3f_r2c1.jpg,FP,32,-1,0.0,0,1169,0.0,13.472518626275617
TORDILHA-D_003_jpg.rf.e67cd4ad20c15ed213012bb43fa0dc3f_r2c1.jpg,FP,34,-1,0.0,0,985,0.0,11.351951109393912
TORDILHA-D_003_jpg.rf.e67cd4ad20c15ed213012bb43fa0dc3f_r2c1.jpg,FP,35,-1,0.0,0,1737,0.0,20.01861835230175
TORDILHA-D_003_jpg.rf.e67cd4ad20c15ed213012bb43fa0dc3f_r2c1.jpg,FP,37,-1,0.0,0,618,0.0,7.122340899091815
TORDILHA-D_003_jpg.rf.e67cd4ad20c15ed213012bb43fa0dc3f_r2c1.jpg,FP,39,-1,0.0,0,11129,0.0,128.25976030095924
TORDILHA-D_003_jpg.rf.e67cd4ad20c15ed213012bb43fa0dc3f_r2c1.jpg,FN,-1,12,0.0,1214,0,13.991135682034729,0.0
TORDILHA-D_003_jpg.rf.e67cd4ad20c15ed213012bb43fa0dc3f_r2c1.jpg,FN,-1,15,0.0,16182,0,186.49469325097692,0.0
TORDILHA-D_003_jpg.rf.e67cd4ad20c15ed213012bb43fa0dc3f_r2c1.jpg,FN,-1,16,0.0,4197,0,48.36968406713324,0.0
TORDILHA-D_003_jpg.rf.e67cd4ad20c15ed213012bb43fa0dc3f_r2c1.jpg,FN,-1,24,0.0,6651,0,76.65160084119685,0.0
TORDILHA-D_003_jpg.rf.e67cd4ad20c15ed213012bb43fa0dc3f_r2c1.jpg,FN,-1,25,0.0,8017,0,92.39450968935125,0.0
TORDILHA-D_003_jpg.rf.e67cd4ad20c15ed213012bb43fa0dc3f_r2c1.jpg,FN,-1,26,0.0,526,0,6.062057140650962,0.0
TORDILHA-D_003_jpg.rf.e67cd4ad20c15ed213012bb43fa0dc3f_r2c1.jpg,FN,-1,27,0.0,10243,0,118.04876671423537,0.0
TORDILHA-D_003_jpg.rf.e67cd4ad20c15ed213012bb43fa0dc3f_r2c1.jpg,FN,-1,28,0.0,17798,0,205.11880796445973,0.0
TORDILHA-D_003_jpg.rf.e67cd4ad20c15ed213012bb43fa0dc3f_r2c1.jpg,FN,-1,29,0.0,8335,0,96.05940355004898,0.0
TORDILHA-D_003_jpg.rf.e67cd4ad20c15ed213012bb43fa0dc3f_r2c1.jpg,FN,-1,30,0.0,7277,0,83.86614032797918,0.0
TORDILHA-D_003_jpg.rf.e67cd4ad20c15ed213012bb43fa0dc3f_r2c1.jpg,FN,-1,32,0.0,3182,0,36.671988253899926,0.0
TORDILHA-D_003_jpg.rf.e67cd4ad20c15ed213012bb43fa0dc3f_r2c2.jpg,TP,21,16,0.8631006346328196,6131,6199,70.65869264131378,71.4423806366831
TORDILHA-D_003_jpg.rf.e67cd4ad20c15ed213012bb43fa0dc3f_r2c2.jpg,TP,4,32,0.862372778368525,5935,6325,68.39982724289631,72.89450839280862
TORDILHA-D_003_jpg.rf.e67cd4ad20c15ed213012bb43fa0dc3f_r2c2.jpg,TP,45,40,0.85,1944,2089,22.40425680879367,24.075356210684145
TORDILHA-D_003_jpg.rf.e67cd4ad20c15ed213012bb43fa0dc3f_r2c2.jpg,TP,55,8,0.8286357947434293,17801,18726,205.15338243484368,215.81384413655877
TORDILHA-D_003_jpg.rf.e67cd4ad20c15ed213012bb43fa0dc3f_r2c2.jpg,TP,1,14,0.8244076472641253,21733,25313,250.46898828472882,291.72785627623153
TORDILHA-D_003_jpg.rf.e67cd4ad20c15ed213012bb43fa0dc3f_r2c2.jpg,TP,53,23,0.8085698886094143,10006,10127,115.31738355390404,116.71188719272298
TORDILHA-D_003_jpg.rf.e67cd4ad20c15ed213012bb43fa0dc3f_r2c2.jpg,TP,18,17,0.7935368043087971,5481,4509,63.16755739145993,51.96542898706309
TORDILHA-D_003_jpg.rf.e67cd4ad20c15ed213012bb43fa0dc3f_r2c2.jpg,TP,9,31,0.7757494235203689,4369,4872,50.351953702479186,56.14893990351994
TORDILHA-D_003_jpg.rf.e67cd4ad20c15ed213012bb43fa0dc3f_r2c2.jpg,TP,49,3,0.7640016233766234,3861,4832,44.497343384131874,55.68794696506739
TORDILHA-D_003_jpg.rf.e67cd4ad20c15ed213012bb43fa0dc3f_r2c2.jpg,TP,15,0,0.7523136463065792,4997,5417,57.58954283618414,62.429968689935855
TORDILHA-D_003_jpg.rf.e67cd4ad20c15ed213012bb43fa0dc3f_r2c2.jpg,TP,38,36,0.7290228841264076,2174,2586,25.054966204895802,29.80319347095701
TORDILHA-D_003_jpg.rf.e67cd4ad20c15ed213012bb43fa0dc3f_r2c2.jpg,TP,48,29,0.6771217712177122,739,1079,8.516844537910762,12.435284514757392
TORDILHA-D_003_jpg.rf.e67cd4ad20c15ed213012bb43fa0dc3f_r2c2.jpg,TP,3,4,0.6597335378127097,9241,8075,106.50089360599912,93.06294945010745
TORDILHA-D_003_jpg.rf.e67cd4ad20c15ed213012bb43fa0dc3f_r2c2.jpg,TP,26,34,0.6208166533226581,5826,4296,67.14362148561312,49.51064158980329
TORDILHA-D_003_jpg.rf.e67cd4ad20c15ed213012bb43fa0dc3f_r2c2.jpg,TP,16,13,0.6129698471705907,2143,1762,24.69769667759508,20.30673893883459
TORDILHA-D_003_jpg.rf.e67cd4ad20c15ed213012bb43fa0dc3f_r2c2.jpg,TP,7,7,0.5468998410174881,6151,5525,70.88918911054004,63.67464962375773
TORDILHA-D_003_jpg.rf.e67cd4ad20c15ed213012bb43fa0dc3f_r2c2.jpg,TP,46,27,0.53762694210572,33077,20068,381.20658562987046,231.28015722164164
TORDILHA-D_003_jpg.rf.e67cd4ad20c15ed213012bb43fa0dc3f_r2c2.jpg,FP,0,-1,0.0,0,5912,0.0,68.1347563032861
TORDILHA-D_003_jpg.rf.e67cd4ad20c15ed213012bb43fa0dc3f_r2c2.jpg,FP,2,-1,0.0,0,8137,0.0,93.7774885047089
TORDILHA-D_003_jpg.rf.e67cd4ad20c15ed213012bb43fa0dc3f_r2c2.jpg,FP,5,-1,0.0,0,6615,0.0,76.23670719658956
TORDILHA-D_003_jpg.rf.e67cd4ad20c15ed213012bb43fa0dc3f_r2c2.jpg,FP,6,-1,0.0,0,3804,0.0,43.840428446836995
TORDILHA-D_003_jpg.rf.e67cd4ad20c15ed213012bb43fa0dc3f_r2c2.jpg,FP,8,-1,0.0,0,7894,0.0,90.97695640360968
TORDILHA-D_003_jpg.rf.e67cd4ad20c15ed213012bb43fa0dc3f_r2c2.jpg,FP,10,-1,0.0,0,4700,0.0,54.166670268173995
TORDILHA-D_003_jpg.rf.e67cd4ad20c15ed213012bb43fa0dc3f_r2c2.jpg,FP,11,-1,0.0,0,2983,0.0,34.37854838509852
TORDILHA-D_003_jpg.rf.e67cd4ad20c15ed213012bb43fa0dc3f_r2c2.jpg,FP,12,-1,0.0,0,5498,0.0,63.36347939030226
TORDILHA-D_003_jpg.rf.e67cd4ad20c15ed213012bb43fa0dc3f_r2c2.jpg,FP,13,-1,0.0,0,3415,0.0,39.357272120386
TORDILHA-D_003_jpg.rf.e67cd4ad20c15ed213012bb43fa0dc3f_r2c2.jpg,FP,14,-1,0.0,0,7980,0.0,91.96809122128265
TORDILHA-D_003_jpg.rf.e67cd4ad20c15ed213012bb43fa0dc3f_r2c2.jpg,FP,17,-1,0.0,0,3090,0.0,35.61170449545907
TORDILHA-D_003_jpg.rf.e67cd4ad20c15ed213012bb43fa0dc3f_r2c2.jpg,FP,19,-1,0.0,0,4564,0.0,52.59929427743534
TORDILHA-D_003_jpg.rf.e67cd4ad20c15ed213012bb43fa0dc3f_r2c2.jpg,FP,20,-1,0.0,0,1760,0.0,20.283689291911962
TORDILHA-D_003_jpg.rf.e67cd4ad20c15ed213012bb43fa0dc3f_r2c2.jpg,FP,22,-1,0.0,0,3386,0.0,39.0230522400079
TORDILHA-D_003_jpg.rf.e67cd4ad20c15ed213012bb43fa0dc3f_r2c2.jpg,FP,23,-1,0.0,0,3591,0.0,41.385641049577195
TORDILHA-D_003_jpg.rf.e67cd4ad20c15ed213012bb43fa0dc3f_r2c2.jpg,FP,24,-1,0.0,0,1697,0.0,19.557625413849205
TORDILHA-D_003_jpg.rf.e67cd4ad20c15ed213012bb43fa0dc3f_r2c2.jpg,FP,25,-1,0.0,0,6249,0.0,72.01862180974878
TORDILHA-D_003_jpg.rf.e67cd4ad20c15ed213012bb43fa0dc3f_r2c2.jpg,FP,27,-1,0.0,0,4409,0.0,50.812946640931735
TORDILHA-D_003_jpg.rf.e67cd4ad20c15ed213012bb43fa0dc3f_r2c2.jpg,FP,28,-1,0.0,0,2473,0.0,28.500888419828573
TORDILHA-D_003_jpg.rf.e67cd4ad20c15ed213012bb43fa0dc3f_r2c2.jpg,FP,29,-1,0.0,0,12538,0.0,144.49823655795012
TORDILHA-D_003_jpg.rf.e67cd4ad20c15ed213012bb43fa0dc3f_r2c2.jpg,FP,30,-1,0.0,0,866,0.0,9.980497117497592
TORDILHA-D_003_jpg.rf.e67cd4ad20c15ed213012bb43fa0dc3f_r2c2.jpg,FP,31,-1,0.0,0,2239,0.0,25.804079729881185
TORDILHA-D_003_jpg.rf.e67cd4ad20c15ed213012bb43fa0dc3f_r2c2.jpg,FP,32,-1,0.0,0,13077,0.0,150.71011640359816
TORDILHA-D_003_jpg.rf.e67cd4ad20c15ed213012bb43fa0dc3f_r2c2.jpg,FP,33,-1,0.0,0,11795,0.0,135.9352927261941
TORDILHA-D_003_jpg.rf.e67cd4ad20c15ed213012bb43fa0dc3f_r2c2.jpg,FP,34,-1,0.0,0,1427,0.0,16.44592307929453
TORDILHA-D_003_jpg.rf.e67cd4ad20c15ed213012bb43fa0dc3f_r2c2.jpg,FP,35,-1,0.0,0,3216,0.0,37.063832251584586
TORDILHA-D_003_jpg.rf.e67cd4ad20c15ed213012bb43fa0dc3f_r2c2.jpg,FP,36,-1,0.0,0,2384,0.0,27.47517913177166
TORDILHA-D_003_jpg.rf.e67cd4ad20c15ed213012bb43fa0dc3f_r2c2.jpg,FP,37,-1,0.0,0,7141,0.0,82.29876433724053
TORDILHA-D_003_jpg.rf.e67cd4ad20c15ed213012bb43fa0dc3f_r2c2.jpg,FP,39,-1,0.0,0,1983,0.0,22.8537249237849
TORDILHA-D_003_jpg.rf.e67cd4ad20c15ed213012bb43fa0dc3f_r2c2.jpg,FP,40,-1,0.0,0,3694,0.0,42.5726978660925
TORDILHA-D_003_jpg.rf.e67cd4ad20c15ed213012bb43fa0dc3f_r2c2.jpg,FP,41,-1,0.0,0,3352,0.0,38.63120824232324
TORDILHA-D_003_jpg.rf.e67cd4ad20c15ed213012bb43fa0dc3f_r2c2.jpg,FP,42,-1,0.0,0,4253,0.0,49.015074180966806
TORDILHA-D_003_jpg.rf.e67cd4ad20c15ed213012bb43fa0dc3f_r2c2.jpg,FP,43,-1,0.0,0,2269,0.0,26.149824433720593
TORDILHA-D_003_jpg.rf.e67cd4ad20c15ed213012bb43fa0dc3f_r2c2.jpg,FP,44,-1,0.0,0,1429,0.0,16.468972726217157
TORDILHA-D_003_jpg.rf.e67cd4ad20c15ed213012bb43fa0dc3f_r2c2.jpg,FP,47,-1,0.0,0,10074,0.0,116.10107154927337
TORDILHA-D_003_jpg.rf.e67cd4ad20c15ed213012bb43fa0dc3f_r2c2.jpg,FP,50,-1,0.0,0,469,0.0,5.405142203356085
TORDILHA-D_003_jpg.rf.e67cd4ad20c15ed213012bb43fa0dc3f_r2c2.jpg,FP,51,-1,0.0,0,1148,0.0,13.230497333588032
TORDILHA-D_003_jpg.rf.e67cd4ad20c15ed213012bb43fa0dc3f_r2c2.jpg,FP,52,-1,0.0,0,2032,0.0,23.418441273389266
TORDILHA-D_003_jpg.rf.e67cd4ad20c15ed213012bb43fa0dc3f_r2c2.jpg,FP,54,-1,0.0,0,767,0.0,8.839539594827544
TORDILHA-D_003_jpg.rf.e67cd4ad20c15ed213012bb43fa0dc3f_r2c2.jpg,FP,56,-1,0.0,0,16771,0.0,193.28281426969065
TORDILHA-D_003_jpg.rf.e67cd4ad20c15ed213012bb43fa0dc3f_r2c2.jpg,FP,57,-1,0.0,0,3208,0.0,36.97163366389408
TORDILHA-D_003_jpg.rf.e67cd4ad20c15ed213012bb43fa0dc3f_r2c2.jpg,FN,-1,1,0.0,28317,0,326.34842595401767,0.0
TORDILHA-D_003_jpg.rf.e67cd4ad20c15ed213012bb43fa0dc3f_r2c2.jpg,FN,-1,2,0.0,5595,0,64.48138726604968,0.0
TORDILHA-D_003_jpg.rf.e67cd4ad20c15ed213012bb43fa0dc3f_r2c2.jpg,FN,-1,5,0.0,5697,0,65.65691925910367,0.0
TORDILHA-D_003_jpg.rf.e67cd4ad20c15ed213012bb43fa0dc3f_r2c2.jpg,FN,-1,6,0.0,31117,0,358.61793164569576,0.0
TORDILHA-D_003_jpg.rf.e67cd4ad20c15ed213012bb43fa0dc3f_r2c2.jpg,FN,-1,9,0.0,4380,0,50.478726760553634,0.0
TORDILHA-D_003_jpg.rf.e67cd4ad20c15ed213012bb43fa0dc3f_r2c2.jpg,FN,-1,10,0.0,1794,0,20.675533289596626,0.0
TORDILHA-D_003_jpg.rf.e67cd4ad20c15ed213012bb43fa0dc3f_r2c2.jpg,FN,-1,11,0.0,5168,0,59.560287648068766,0.0
TORDILHA-D_003_jpg.rf.e67cd4ad20c15ed213012bb43fa0dc3f_r2c2.jpg,FN,-1,12,0.0,2593,0,29.883867235186205,0.0
TORDILHA-D_003_jpg.rf.e67cd4ad20c15ed213012bb43fa0dc3f_r2c2.jpg,FN,-1,15,0.0,10959,0,126.30054031253592,0.0
TORDILHA-D_003_jpg.rf.e67cd4ad20c15ed213012bb43fa0dc3f_r2c2.jpg,FN,-1,18,0.0,8103,0,93.38564450702422,0.0
TORDILHA-D_003_jpg.rf.e67cd4ad20c15ed213012bb43fa0dc3f_r2c2.jpg,FN,-1,19,0.0,5219,0,60.14805364459576,0.0
TORDILHA-D_003_jpg.rf.e67cd4ad20c15ed213012bb43fa0dc3f_r2c2.jpg,FN,-1,20,0.0,8120,0,93.58156650586656,0.0
TORDILHA-D_003_jpg.rf.e67cd4ad20c15ed213012bb43fa0dc3f_r2c2.jpg,FN,-1,21,0.0,1813,0,20.894504935361585,0.0
TORDILHA-D_003_jpg.rf.e67cd4ad20c15ed213012bb43fa0dc3f_r2c2.jpg,FN,-1,22,0.0,1181,0,13.61081650781138,0.0
TORDILHA-D_003_jpg.rf.e67cd4ad20c15ed213012bb43fa0dc3f_r2c2.jpg,FN,-1,24,0.0,24500,0,282.3581748021836,0.0
TORDILHA-D_003_jpg.rf.e67cd4ad20c15ed213012bb43fa0dc3f_r2c2.jpg,FN,-1,25,0.0,14891,0,171.61614616242105,0.0
TORDILHA-D_003_jpg.rf.e67cd4ad20c15ed213012bb43fa0dc3f_r2c2.jpg,FN,-1,26,0.0,70070,0,807.5443799342451,0.0
TORDILHA-D_003_jpg.rf.e67cd4ad20c15ed213012bb43fa0dc3f_r2c2.jpg,FN,-1,28,0.0,10078,0,116.14717084311862,0.0
TORDILHA-D_003_jpg.rf.e67cd4ad20c15ed213012bb43fa0dc3f_r2c2.jpg,FN,-1,30,0.0,46449,0,535.3165249545561,0.0
TORDILHA-D_003_jpg.rf.e67cd4ad20c15ed213012bb43fa0dc3f_r2c2.jpg,FN,-1,33,0.0,15697,0,180.90515387223982,0.0
TORDILHA-D_003_jpg.rf.e67cd4ad20c15ed213012bb43fa0dc3f_r2c2.jpg,FN,-1,35,0.0,15382,0,177.27483448192604,0.0
TORDILHA-D_003_jpg.rf.e67cd4ad20c15ed213012bb43fa0dc3f_r2c2.jpg,FN,-1,37,0.0,6686,0,77.05496966234284,0.0
TORDILHA-D_003_jpg.rf.e67cd4ad20c15ed213012bb43fa0dc3f_r2c2.jpg,FN,-1,38,0.0,572,0,6.592199019871388,0.0
TORDILHA-D_003_jpg.rf.e67cd4ad20c15ed213012bb43fa0dc3f_r2c2.jpg,FN,-1,39,0.0,2199,0,25.34308679142864,0.0
TORDILHA-D_003_jpg.rf.e67cd4ad20c15ed213012bb43fa0dc3f_r2c2.jpg,FN,-1,41,0.0,2549,0,29.376775002888408,0.0
TORDILHA-D_003_jpg.rf.e67cd4ad20c15ed213012bb43fa0dc3f_r2c2.jpg,FN,-1,42,0.0,9521,0,109.72784417516694,0.0
TORDILHA-D_003_jpg.rf.e67cd4ad20c15ed213012bb43fa0dc3f_r2c2.jpg,FN,-1,43,0.0,1472,0,16.964540135053642,0.0
TORDILHA-D_011_jpg.rf.67cbd65b708b681788cae0003256ca67_r0c0.jpg,TP,2,4,0.8823529411764706,3118,2994,35.93439955237585,34.50532144317297
TORDILHA-D_011_jpg.rf.67cbd65b708b681788cae0003256ca67_r0c0.jpg,TP,1,3,0.8542976939203354,4414,4431,50.8705707582383,51.06649275708063
TORDILHA-D_011_jpg.rf.67cbd65b708b681788cae0003256ca67_r0c0.jpg,TP,0,0,0.8483265621977172,5014,4540,57.78546483502647,52.322698514363815
TORDILHA-D_011_jpg.rf.67cbd65b708b681788cae0003256ca67_r0c0.jpg,FP,3,-1,0.0,0,2555,0.0,29.44592394365629
TORDILHA-D_011_jpg.rf.67cbd65b708b681788cae0003256ca67_r0c0.jpg,FN,-1,1,0.0,1413,0,16.284575550836138,0.0
TORDILHA-D_011_jpg.rf.67cbd65b708b681788cae0003256ca67_r0c0.jpg,FN,-1,2,0.0,4626,0,53.313833332036786,0.0
TORDILHA-D_011_jpg.rf.67cbd65b708b681788cae0003256ca67_r0c1.jpg,TP,3,16,0.8782510365623822,2592,2391,29.872342411724894,27.555852896000854
TORDILHA-D_011_jpg.rf.67cbd65b708b681788cae0003256ca67_r0c1.jpg,TP,1,5,0.8775380710659898,5994,5842,69.07979182711381,67.32801866099415
TORDILHA-D_011_jpg.rf.67cbd65b708b681788cae0003256ca67_r0c1.jpg,TP,10,4,0.8590083798882682,12728,13893,146.6879530155997,160.11437234803006
TORDILHA-D_011_jpg.rf.67cbd65b708b681788cae0003256ca67_r0c1.jpg,TP,0,10,0.8273783900129144,4423,4067,50.97429416939012,46.87145701716248
TORDILHA-D_011_jpg.rf.67cbd65b708b681788cae0003256ca67_r0c1.jpg,TP,7,9,0.8148742643124666,1754,1638,20.21454035114408,18.877660829631704
TORDILHA-D_011_jpg.rf.67cbd65b708b681788cae0003256ca67_r0c1.jpg,TP,5,6,0.7984455043278572,4983,5198,57.428195307725744,59.90603235190817
TORDILHA-D_011_jpg.rf.67cbd65b708b681788cae0003256ca67_r0c1.jpg,TP,9,18,0.7967409948542024,3485,2800,40.16400976267795,32.26950569167813
TORDILHA-D_011_jpg.rf.67cbd65b708b681788cae0003256ca67_r0c1.jpg,TP,4,1,0.7244947064485082,3618,3549,41.69681128303266,40.901598464202024
TORDILHA-D_011_jpg.rf.67cbd65b708b681788cae0003256ca67_r0c1.jpg,TP,6,7,0.7220048899755501,3789,3254,43.66755609491729,37.501775543114505
TORDILHA-D_011_jpg.rf.67cbd65b708b681788cae0003256ca67_r0c1.jpg,TP,8,17,0.6874524714828897,4258,4618,49.07269829827337,53.221634744346275
TORDILHA-D_011_jpg.rf.67cbd65b708b681788cae0003256ca67_r0c1.jpg,TP,11,0,0.6206896551724138,434,647,5.001773382210109,7.45656077946991
TORDILHA-D_011_jpg.rf.67cbd65b708b681788cae0003256ca67_r0c1.jpg,FP,2,-1,0.0,0,6244,0.0,71.96099769244222
TORDILHA-D_011_jpg.rf.67cbd65b708b681788cae0003256ca67_r0c1.jpg,FP,12,-1,0.0,0,1828,0.0,21.06737728728129
TORDILHA-D_011_jpg.rf.67cbd65b708b681788cae0003256ca67_r0c1.jpg,FP,13,-1,0.0,0,572,0.0,6.592199019871388
TORDILHA-D_011_jpg.rf.67cbd65b708b681788cae0003256ca67_r0c1.jpg,FP,14,-1,0.0,0,9058,0.0,104.39185091257873
TORDILHA-D_011_jpg.rf.67cbd65b708b681788cae0003256ca67_r0c1.jpg,FP,15,-1,0.0,0,2136,0.0,24.617022913365883
TORDILHA-D_011_jpg.rf.67cbd65b708b681788cae0003256ca67_r0c1.jpg,FN,-1,2,0.0,4200,0,48.40425853751719,0.0
TORDILHA-D_011_jpg.rf.67cbd65b708b681788cae0003256ca67_r0c1.jpg,FN,-1,3,0.0,2359,0,27.18705854523882,0.0
TORDILHA-D_011_jpg.rf.67cbd65b708b681788cae0003256ca67_r0c1.jpg,FN,-1,8,0.0,1100,0,12.677305807444977,0.0
TORDILHA-D_011_jpg.rf.67cbd65b708b681788cae0003256ca67_r0c1.jpg,FN,-1,11,0.0,3240,0,37.34042801465611,0.0
TORDILHA-D_011_jpg.rf.67cbd65b708b681788cae0003256ca67_r0c1.jpg,FN,-1,12,0.0,7371,0,84.94947373334266,0.0
TORDILHA-D_011_jpg.rf.67cbd65b708b681788cae0003256ca67_r0c1.jpg,FN,-1,13,0.0,10779,0,124.22607208949947,0.0
TORDILHA-D_011_jpg.rf.67cbd65b708b681788cae0003256ca67_r0c1.jpg,FN,-1,14,0.0,4199,0,48.39273371405587,0.0
TORDILHA-D_011_jpg.rf.67cbd65b708b681788cae0003256ca67_r0c1.jpg,FN,-1,15,0.0,6677,0,76.95124625119101,0.0
TORDILHA-D_011_jpg.rf.67cbd65b708b681788cae0003256ca67_r0c2.jpg,TP,6,7,0.9253523577518705,11341,10789,130.70302287475772,124.3413203241126
TORDILHA-D_011_jpg.rf.67cbd65b708b681788cae0003256ca67_r0c2.jpg,TP,0,2,0.8811239193083573,5353,5091,61.69237998841179,58.67287624154762
TORDILHA-D_011_jpg.rf.67cbd65b708b681788cae0003256ca67_r0c2.jpg,TP,10,0,0.868490217073883,9877,9318,113.83068132739459,107.38830501252028
TORDILHA-D_011_jpg.rf.67cbd65b708b681788cae0003256ca67_r0c2.jpg,TP,5,5,0.7940135178628902,2576,2998,29.687945236343875,34.55142073701822
TORDILHA-D_011_jpg.rf.67cbd65b708b681788cae0003256ca67_r0c2.jpg,TP,2,8,0.7810858143607706,4505,3631,51.91932969321784,41.84663398802974
TORDILHA-D_011_jpg.rf.67cbd65b708b681788cae0003256ca67_r0c2.jpg,TP,3,6,0.7786541779640128,3522,3694,40.590428230746554,42.5726978660925
TORDILHA-D_011_jpg.rf.67cbd65b708b681788cae0003256ca67_r0c2.jpg,TP,9,10,0.755533199195171,802,943,9.24290841597352,10.86790852401874
TORDILHA-D_011_jpg.rf.67cbd65b708b681788cae0003256ca67_r0c2.jpg,TP,4,9,0.7200836820083683,2340,1771,26.96808689947386,20.410462349986414
TORDILHA-D_011_jpg.rf.67cbd65b708b681788cae0003256ca67_r0c2.jpg,TP,8,3,0.7117117117117117,2839,2291,32.718973806669354,26.403370549869493
TORDILHA-D_011_jpg.rf.67cbd65b708b681788cae0003256ca67_r0c2.jpg,TP,11,4,0.6641641641641641,3791,2859,43.69060574183992,32.94947027589563
TORDILHA-D_011_jpg.rf.67cbd65b708b681788cae0003256ca67_r0c2.jpg,TP,7,1,0.6350848158874638,4828,3076,55.64184767122214,35.45035696700068
TORDILHA-D_011_jpg.rf.67cbd65b708b681788cae0003256ca67_r0c2.jpg,FP,1,-1,0.0,0,4536,0.0,52.27659922051856
TORDILHA-D_011_jpg.rf.67cbd65b708b681788cae0003256ca67_r1c0.jpg,TP,21,22,0.8876678876678876,11700,11490,134.8404344973693,132.42022157049345
TORDILHA-D_011_jpg.rf.67cbd65b708b681788cae0003256ca67_r1c0.jpg,TP,4,11,0.8851913477537438,3774,4157,43.49468374299759,47.9086911286807
TORDILHA-D_011_jpg.rf.67cbd65b708b681788cae0003256ca67_r1c0.jpg,TP,1,16,0.8646652370741006,8005,7647,92.25621180781549,88.13032500866522
TORDILHA-D_011_jpg.rf.67cbd65b708b681788cae0003256ca67_r1c0.jpg,TP,6,33,0.8599691979623267,7618,8082,87.79610512828712,93.14362321433664
TORDILHA-D_011_jpg.rf.67cbd65b708b681788cae0003256ca67_r1c0.jpg,TP,16,1,0.8520452567449956,6894,5874,79.45213294229606,67.69681301175618
TORDILHA-D_011_jpg.rf.67cbd65b708b681788cae0003256ca67_r1c0.jpg,TP,14,15,0.8489968321013728,6364,5893,73.34397650779985,67.91578465752114
TORDILHA-D_011_jpg.rf.67cbd65b708b681788cae0003256ca67_r1c0.jpg,TP,7,0,0.8419773095623987,3476,3343,40.06028635152613,38.52748483117142
TORDILHA-D_011_jpg.rf.67cbd65b708b681788cae0003256ca67_r1c0.jpg,TP,20,5,0.8363930885529157,3293,3509,37.95124365810574,40.440605525749476
TORDILHA-D_011_jpg.rf.67cbd65b708b681788cae0003256ca67_r1c0.jpg,TP,0,8,0.8339540155440415,10366,12287,119.46631999997695,141.6055058691604
TORDILHA-D_011_jpg.rf.67cbd65b708b681788cae0003256ca67_r1c0.jpg,TP,18,14,0.8313725490196079,1227,1108,14.140958387031807,12.769504395135487
TORDILHA-D_011_jpg.rf.67cbd65b708b681788cae0003256ca67_r1c0.jpg,TP,8,7,0.8296384720327421,5384,5345,62.04964951571251,61.600181400721276
TORDILHA-D_011_jpg.rf.67cbd65b708b681788cae0003256ca67_r1c0.jpg,TP,10,27,0.8289927831816756,6227,5431,71.76507569359988,62.59131621839425
TORDILHA-D_011_jpg.rf.67cbd65b708b681788cae0003256ca67_r1c0.jpg,TP,28,42,0.8277378097521982,2297,2276,26.472519490637374,26.23049819794979
TORDILHA-D_011_jpg.rf.67cbd65b708b681788cae0003256ca67_r1c0.jpg,TP,5,6,0.8236613400616765,3244,3261,37.38652730850137,37.5824493073437
TORDILHA-D_011_jpg.rf.67cbd65b708b681788cae0003256ca67_r1c0.jpg,TP,3,28,0.8201205377839592,4070,3782,46.906031487546414,43.5868823306881
TORDILHA-D_011_jpg.rf.67cbd65b708b681788cae0003256ca67_r1c0.jpg,TP,31,12,0.8162062615101289,4774,5088,55.0195072043112,58.638301771163675
TORDILHA-D_011_jpg.rf.67cbd65b708b681788cae0003256ca67_r1c0.jpg,TP,13,37,0.790807560137457,2180,1989,25.124115145663684,22.92287386455278
TORDILHA-D_011_jpg.rf.67cbd65b708b681788cae0003256ca67_r1c0.jpg,TP,9,41,0.7901047199878586,5206,6589,59.998230939598685,75.93706178659541
TORDILHA-D_011_jpg.rf.67cbd65b708b681788cae0003256ca67_r1c0.jpg,TP,36,34,0.7867791290702236,12240,15087,141.06383916647866,173.87501156083852
TORDILHA-D_011_jpg.rf.67cbd65b708b681788cae0003256ca67_r1c0.jpg,TP,27,23,0.776036400404449,1843,1670,21.240249639200993,19.24645518039374
TORDILHA-D_011_jpg.rf.67cbd65b708b681788cae0003256ca67_r1c0.jpg,TP,12,9,0.7759663423612937,3312,3442,38.1702153038707,39.66844235384146
TORDILHA-D_011_jpg.rf.67cbd65b708b681788cae0003256ca67_r1c0.jpg,TP,17,40,0.7536339918002236,2279,2426,26.26507266833373,27.959221717146832
TORDILHA-D_011_jpg.rf.67cbd65b708b681788cae0003256ca67_r1c0.jpg,TP,23,29,0.7470020473822755,2988,2985,34.436172502405086,34.40159803202114
TORDILHA-D_011_jpg.rf.67cbd65b708b681788cae0003256ca67_r1c0.jpg,TP,24,21,0.7123368920521945,1501,1386,17.298760015431736,15.97340531738067
TORDILHA-D_011_jpg.rf.67cbd65b708b681788cae0003256ca67_r1c0.jpg,TP,15,10,0.7070161912104858,2929,3713,33.75620791818758,42.79166951185746
TORDILHA-D_011_jpg.rf.67cbd65b708b681788cae0003256ca67_r1c0.jpg,TP,22,19,0.7039011388417736,3980,3052,45.86879737602819,35.17376120392915
TORDILHA-D_011_jpg.rf.67cbd65b708b681788cae0003256ca67_r1c0.jpg,TP,11,13,0.6915544675642595,1504,1260,17.333334485815676,14.521277561255156
TORDILHA-D_011_jpg.rf.67cbd65b708b681788cae0003256ca67_r1c0.jpg,TP,26,36,0.6681146828844483,881,1039,10.153369469417296,11.974291576304847
TORDILHA-D_011_jpg.rf.67cbd65b708b681788cae0003256ca67_r1c0.jpg,TP,25,32,0.6274377942165433,1309,1111,15.085993910859523,12.804078865519427
TORDILHA-D_011_jpg.rf.67cbd65b708b681788cae0003256ca67_r1c0.jpg,TP,32,26,0.5089773614363778,14680,8516,169.18440841208388,98.14539659654675
TORDILHA-D_011_jpg.rf.67cbd65b708b681788cae0003256ca67_r1c0.jpg,FP,2,-1,0.0,0,9992,0.0,115.15603602544564
TORDILHA-D_011_jpg.rf.67cbd65b708b681788cae0003256ca67_r1c0.jpg,FP,19,-1,0.0,0,3584,0.0,41.304967285348
TORDILHA-D_011_jpg.rf.67cbd65b708b681788cae0003256ca67_r1c0.jpg,FP,29,-1,0.0,0,9512,0.0,109.62412076401512
TORDILHA-D_011_jpg.rf.67cbd65b708b681788cae0003256ca67_r1c0.jpg,FP,30,-1,0.0,0,1150,0.0,13.253546980510658
TORDILHA-D_011_jpg.rf.67cbd65b708b681788cae0003256ca67_r1c0.jpg,FP,33,-1,0.0,0,19562,0.0,225.44859655021696
TORDILHA-D_011_jpg.rf.67cbd65b708b681788cae0003256ca67_r1c0.jpg,FP,34,-1,0.0,0,7175,0.0,82.69060833492519
TORDILHA-D_011_jpg.rf.67cbd65b708b681788cae0003256ca67_r1c0.jpg,FP,35,-1,0.0,0,3563,0.0,41.06294599266041
TORDILHA-D_011_jpg.rf.67cbd65b708b681788cae0003256ca67_r1c0.jpg,FN,-1,2,0.0,718,0,8.274823245223176,0.0
TORDILHA-D_011_jpg.rf.67cbd65b708b681788cae0003256ca67_r1c0.jpg,FN,-1,3,0.0,692,0,7.975177835229022,0.0
TORDILHA-D_011_jpg.rf.67cbd65b708b681788cae0003256ca67_r1c0.jpg,FN,-1,4,0.0,5763,0,66.41755760755036,0.0
TORDILHA-D_011_jpg.rf.67cbd65b708b681788cae0003256ca67_r1c0.jpg,FN,-1,17,0.0,23882,0,275.23583390309176,0.0
TORDILHA-D_011_jpg.rf.67cbd65b708b681788cae0003256ca67_r1c0.jpg,FN,-1,18,0.0,10305,0,118.76330576883682,0.0
TORDILHA-D_011_jpg.rf.67cbd65b708b681788cae0003256ca67_r1c0.jpg,FN,-1,20,0.0,870,0,10.026596411342846,0.0
TORDILHA-D_011_jpg.rf.67cbd65b708b681788cae0003256ca67_r1c0.jpg,FN,-1,24,0.0,909,0,10.476064526334076,0.0
TORDILHA-D_011_jpg.rf.67cbd65b708b681788cae0003256ca67_r1c0.jpg,FN,-1,25,0.0,2969,0,34.217200856640126,0.0
TORDILHA-D_011_jpg.rf.67cbd65b708b681788cae0003256ca67_r1c0.jpg,FN,-1,30,0.0,1416,0,16.31915002122008,0.0
TORDILHA-D_011_jpg.rf.67cbd65b708b681788cae0003256ca67_r1c0.jpg,FN,-1,31,0.0,1689,0,19.465426826158698,0.0
TORDILHA-D_011_jpg.rf.67cbd65b708b681788cae0003256ca67_r1c0.jpg,FN,-1,35,0.0,6824,0,78.64539530000411,0.0
TORDILHA-D_011_jpg.rf.67cbd65b708b681788cae0003256ca67_r1c0.jpg,FN,-1,38,0.0,1548,0,17.840426718113477,0.0
TORDILHA-D_011_jpg.rf.67cbd65b708b681788cae0003256ca67_r1c0.jpg,FN,-1,39,0.0,33993,0,391.7633239204337,0.0
TORDILHA-D_011_jpg.rf.67cbd65b708b681788cae0003256ca67_r1c1.jpg,TP,10,30,0.9029312830370014,3871,4049,44.61259161874501,46.66401019485883
TORDILHA-D_011_jpg.rf.67cbd65b708b681788cae0003256ca67_r1c1.jpg,TP,39,11,0.8919649616091705,8570,8925,98.76773706345769,102.85904939222402
TORDILHA-D_011_jpg.rf.67cbd65b708b681788cae0003256ca67_r1c1.jpg,TP,20,4,0.8711208470244615,2544,2581,29.319150885581838,29.745569353650442
TORDILHA-D_011_jpg.rf.67cbd65b708b681788cae0003256ca67_r1c1.jpg,TP,27,5,0.8682495693206501,11967,12976,137.91756236154004,149.54610923400548
TORDILHA-D_011_jpg.rf.67cbd65b708b681788cae0003256ca67_r1c1.jpg,TP,2,34,0.8559879676630946,4817,5055,55.51507461314769,58.25798259694033
TORDILHA-D_011_jpg.rf.67cbd65b708b681788cae0003256ca67_r1c1.jpg,TP,30,8,0.8467251323378368,11568,11806,133.31915780047592,136.06206578426855
TORDILHA-D_011_jpg.rf.67cbd65b708b681788cae0003256ca67_r1c1.jpg,TP,17,15,0.8403096330275229,3250,3169,37.45567624926925,36.52216554890285
TORDILHA-D_011_jpg.rf.67cbd65b708b681788cae0003256ca67_r1c1.jpg,TP,36,28,0.8382698961937717,13378,13185,154.17908826545354,151.95479733742002
TORDILHA-D_011_jpg.rf.67cbd65b708b681788cae0003256ca67_r1c1.jpg,TP,0,33,0.8358784073069787,6982,5882,80.46631740689166,67.78901159944668
TORDILHA-D_011_jpg.rf.67cbd65b708b681788cae0003256ca67_r1c1.jpg,TP,16,16,0.8264348785871964,3411,3208,39.31117282654074,36.97163366389408
TORDILHA-D_011_jpg.rf.67cbd65b708b681788cae0003256ca67_r1c1.jpg,TP,1,37,0.8168886881914653,4019,4028,46.318265491019424,46.42198890217124
TORDILHA-D_011_jpg.rf.67cbd65b708b681788cae0003256ca67_r1c1.jpg,TP,15,26,0.8135658914728682,2404,2275,27.70567560099793,26.218973374488478
TORDILHA-D_011_jpg.rf.67cbd65b708b681788cae0003256ca67_r1c1.jpg,TP,6,36,0.8111605337646584,7080,6357,81.5957501061004,73.26330274357066
TORDILHA-D_011_jpg.rf.67cbd65b708b681788cae0003256ca67_r1c1.jpg,TP,9,32,0.8058633032214079,5596,4999,64.492912089511,57.612592483106766
TORDILHA-D_011_jpg.rf.67cbd65b708b681788cae0003256ca67_r1c1.jpg,TP,32,38,0.8032315978456014,2556,2466,29.4574487671176,28.420214655599377
TORDILHA-D_011_jpg.rf.67cbd65b708b681788cae0003256ca67_r1c1.jpg,TP,3,25,0.8023850085178875,4089,3317,47.125003133311374,38.227839421177265
TORDILHA-D_011_jpg.rf.67cbd65b708b681788cae0003256ca67_r1c1.jpg,TP,28,23,0.8020408163265306,896,870,10.326241821337,10.026596411342846
TORDILHA-D_011_jpg.rf.67cbd65b708b681788cae0003256ca67_r1c1.jpg,TP,4,17,0.8016479698203117,9094,9054,104.80674455718602,104.34575161873347
TORDILHA-D_011_jpg.rf.67cbd65b708b681788cae0003256ca67_r1c1.jpg,TP,14,12,0.7995889003083247,2715,2538,31.289895697466466,29.250001944813956
TORDILHA-D_011_jpg.rf.67cbd65b708b681788cae0003256ca67_r1c1.jpg,TP,12,6,0.799051169095222,5652,4966,65.13830220334455,57.232273308883414
TORDILHA-D_011_jpg.rf.67cbd65b708b681788cae0003256ca67_r1c1.jpg,TP,19,24,0.7979024943310657,3291,3052,37.92819401118311,35.17376120392915
TORDILHA-D_011_jpg.rf.67cbd65b708b681788cae0003256ca67_r1c1.jpg,TP,22,39,0.7770700636942676,2852,3007,32.86879651166643,34.655144148170045
TORDILHA-D_011_jpg.rf.67cbd65b708b681788cae0003256ca67_r1c1.jpg,TP,5,35,0.7715593101020767,5400,4666,62.234046691093525,53.77482627048933
TORDILHA-D_011_jpg.rf.67cbd65b708b681788cae0003256ca67_r1c1.jpg,TP,33,14,0.7524299599771298,1607,1458,18.52039130233098,16.803192606595253
TORDILHA-D_011_jpg.rf.67cbd65b708b681788cae0003256ca67_r1c1.jpg,TP,7,22,0.7423070594043113,5973,4615,68.83777053442623,53.18706027396234
TORDILHA-D_011_jpg.rf.67cbd65b708b681788cae0003256ca67_r1c1.jpg,TP,8,2,0.7329823241820234,2018,2590,23.257093744930877,29.849292764802264
TORDILHA-D_011_jpg.rf.67cbd65b708b681788cae0003256ca67_r1c1.jpg,TP,11,13,0.7239621267297888,1227,1140,14.140958387031807,13.138298745897522
TORDILHA-D_011_jpg.rf.67cbd65b708b681788cae0003256ca67_r1c1.jpg,TP,25,29,0.7211040828062104,3377,2609,38.91932882885608,30.068264410567224
TORDILHA-D_011_jpg.rf.67cbd65b708b681788cae0003256ca67_r1c1.jpg,TP,31,7,0.7184557438794726,878,947,10.118794999033355,10.914007817863995
TORDILHA-D_011_jpg.rf.67cbd65b708b681788cae0003256ca67_r1c1.jpg,TP,13,18,0.7153628652214892,5288,3812,60.9432664634264,43.932627034527506
TORDILHA-D_011_jpg.rf.67cbd65b708b681788cae0003256ca67_r1c1.jpg,TP,21,3,0.6622015142690739,1690,1164,19.47695164962001,13.414894508969049
TORDILHA-D_011_jpg.rf.67cbd65b708b681788cae0003256ca67_r1c1.jpg,TP,24,27,0.6422442244224422,1364,1124,15.719859201231772,12.953901570516503
TORDILHA-D_011_jpg.rf.67cbd65b708b681788cae0003256ca67_r1c1.jpg,TP,38,20,0.6112340896513558,7205,4441,83.0363530387646,51.181740991693765
TORDILHA-D_011_jpg.rf.67cbd65b708b681788cae0003256ca67_r1c1.jpg,TP,40,21,0.6049004594180705,1095,1001,12.619681690138409,11.53634828477493
TORDILHA-D_011_jpg.rf.67cbd65b708b681788cae0003256ca67_r1c1.jpg,TP,34,9,0.50917966677279,8779,5442,101.17642516687224,62.718089276468696
TORDILHA-D_011_jpg.rf.67cbd65b708b681788cae0003256ca67_r1c1.jpg,FP,18,-1,0.0,0,7376,0.0,85.00709785064923
TORDILHA-D_011_jpg.rf.67cbd65b708b681788cae0003256ca67_r1c1.jpg,FP,23,-1,0.0,0,5671,0.0,65.35727384910952
TORDILHA-D_011_jpg.rf.67cbd65b708b681788cae0003256ca67_r1c1.jpg,FP,26,-1,0.0,0,4616,0.0,53.19858509742365
TORDILHA-D_011_jpg.rf.67cbd65b708b681788cae0003256ca67_r1c1.jpg,FP,29,-1,0.0,0,1358,0.0,15.65071026046389
TORDILHA-D_011_jpg.rf.67cbd65b708b681788cae0003256ca67_r1c1.jpg,FP,35,-1,0.0,0,8442,0.0,97.29255966040954
TORDILHA-D_011_jpg.rf.67cbd65b708b681788cae0003256ca67_r1c1.jpg,FP,37,-1,0.0,0,3670,0.0,42.29610210302097
TORDILHA-D_011_jpg.rf.67cbd65b708b681788cae0003256ca67_r1c1.jpg,FN,-1,0,0.0,16052,0,184.99646620100617,0.0
TORDILHA-D_011_jpg.rf.67cbd65b708b681788cae0003256ca67_r1c1.jpg,FN,-1,1,0.0,3020,0,34.80496685316712,0.0
TORDILHA-D_011_jpg.rf.67cbd65b708b681788cae0003256ca67_r1c1.jpg,FN,-1,10,0.0,2348,0,27.06028548716437,0.0
TORDILHA-D_011_jpg.rf.67cbd65b708b681788cae0003256ca67_r1c1.jpg,FN,-1,19,0.0,1712,0,19.73049776576891,0.0
TORDILHA-D_011_jpg.rf.67cbd65b708b681788cae0003256ca67_r1c1.jpg,FN,-1,31,0.0,658,0,7.583333837544359,0.0
TORDILHA-D_011_jpg.rf.67cbd65b708b681788cae0003256ca67_r1c2.jpg,TP,16,10,0.8814870446864439,12257,12795,141.25976116532098,147.4601161875077
TORDILHA-D_011_jpg.rf.67cbd65b708b681788cae0003256ca67_r1c2.jpg,TP,20,6,0.8646972698303333,10596,11055,122.11702939607908,127.40692336482202
TORDILHA-D_011_jpg.rf.67cbd65b708b681788cae0003256ca67_r1c2.jpg,TP,0,20,0.844789356984479,5150,5666,59.35284082576512,65.29964973180294
TORDILHA-D_011_jpg.rf.67cbd65b708b681788cae0003256ca67_r1c2.jpg,TP,1,19,0.8427192276749799,7223,6520,83.24379986106824,75.14184896776477
TORDILHA-D_011_jpg.rf.67cbd65b708b681788cae0003256ca67_r1c2.jpg,TP,7,11,0.835178740904777,5440,6162,62.69503962954607,71.01596216861451
TORDILHA-D_011_jpg.rf.67cbd65b708b681788cae0003256ca67_r1c2.jpg,TP,15,22,0.8339093881363848,10254,9378,118.17553977230982,108.0797944201991
TORDILHA-D_011_jpg.rf.67cbd65b708b681788cae0003256ca67_r1c2.jpg,TP,5,28,0.8282115869017632,3540,3718,40.7978750530502,42.84929362916402
TORDILHA-D_011_jpg.rf.67cbd65b708b681788cae0003256ca67_r1c2.jpg,TP,18,25,0.827942063971032,14929,15360,172.05408945395098,177.02128836577714
TORDILHA-D_011_jpg.rf.67cbd65b708b681788cae0003256ca67_r1c2.jpg,TP,2,33,0.821273516642547,4132,3419,47.62057054214786,39.40337141423125
TORDILHA-D_011_jpg.rf.67cbd65b708b681788cae0003256ca67_r1c2.jpg,TP,29,3,0.8148890258939581,5904,5871,68.04255771559559,67.66223854137223
TORDILHA-D_011_jpg.rf.67cbd65b708b681788cae0003256ca67_r1c2.jpg,TP,3,30,0.8138107416879795,3788,3304,43.65603127145598,38.07801671618019
TORDILHA-D_011_jpg.rf.67cbd65b708b681788cae0003256ca67_r1c2.jpg,TP,9,12,0.7969116497263488,5010,4183,57.739365541181215,48.20833653867486
TORDILHA-D_011_jpg.rf.67cbd65b708b681788cae0003256ca67_r1c2.jpg,TP,4,2,0.7855302279484638,4038,4970,46.537237136784384,57.27837260272867
TORDILHA-D_011_jpg.rf.67cbd65b708b681788cae0003256ca67_r1c2.jpg,TP,25,5,0.7830168085570836,16564,16108,190.89717581319874,185.6418563148397
TORDILHA-D_011_jpg.rf.67cbd65b708b681788cae0003256ca67_r1c2.jpg,TP,23,17,0.774369834005055,11933,14042,137.5257183638554,161.8315710437658
TORDILHA-D_011_jpg.rf.67cbd65b708b681788cae0003256ca67_r1c2.jpg,TP,11,18,0.7639599100020454,4029,4595,46.43351372563256,52.956563804736064
TORDILHA-D_011_jpg.rf.67cbd65b708b681788cae0003256ca67_r1c2.jpg,TP,8,29,0.7522171459285139,3168,3352,36.51064072544153,38.63120824232324
TORDILHA-D_011_jpg.rf.67cbd65b708b681788cae0003256ca67_r1c2.jpg,TP,14,1,0.7424047924689773,2265,1807,26.10372513987534,20.825355994593703
TORDILHA-D_011_jpg.rf.67cbd65b708b681788cae0003256ca67_r1c2.jpg,TP,22,32,0.7352532963219987,2683,2318,30.921101346704432,26.71454078332496
TORDILHA-D_011_jpg.rf.67cbd65b708b681788cae0003256ca67_r1c2.jpg,TP,31,23,0.7269914926527455,2495,1971,28.75443453597747,22.715427042249136
TORDILHA-D_011_jpg.rf.67cbd65b708b681788cae0003256ca67_r1c2.jpg,TP,33,26,0.7198748043818466,1026,1172,11.82446887130777,13.507093096659558
TORDILHA-D_011_jpg.rf.67cbd65b708b681788cae0003256ca67_r1c2.jpg,TP,21,15,0.6712391403749428,1978,1677,22.796100806478332,19.327128944622935
TORDILHA-D_011_jpg.rf.67cbd65b708b681788cae0003256ca67_r1c2.jpg,TP,28,21,0.6463642013673089,1560,1089,17.97872459964924,12.550532749370527
TORDILHA-D_011_jpg.rf.67cbd65b708b681788cae0003256ca67_r1c2.jpg,TP,26,8,0.6438136047134441,1841,1228,21.217199992278367,14.15248321049312
TORDILHA-D_011_jpg.rf.67cbd65b708b681788cae0003256ca67_r1c2.jpg,TP,13,24,0.5595579205894392,4831,2789,55.676422141606075,32.14273263360367
TORDILHA-D_011_jpg.rf.67cbd65b708b681788cae0003256ca67_r1c2.jpg,FP,6,-1,0.0,0,3516,0.0,40.52127928997867
TORDILHA-D_011_jpg.rf.67cbd65b708b681788cae0003256ca67_r1c2.jpg,FP,10,-1,0.0,0,23338,0.0,268.96632994013714
TORDILHA-D_011_jpg.rf.67cbd65b708b681788cae0003256ca67_r1c2.jpg,FP,12,-1,0.0,0,14237,0.0,164.07891161872195
TORDILHA-D_011_jpg.rf.67cbd65b708b681788cae0003256ca67_r1c2.jpg,FP,17,-1,0.0,0,6223,0.0,71.71897639975464
TORDILHA-D_011_jpg.rf.67cbd65b708b681788cae0003256ca67_r1c2.jpg,FP,19,-1,0.0,0,1157,0.0,13.334220744739854
TORDILHA-D_011_jpg.rf.67cbd65b708b681788cae0003256ca67_r1c2.jpg,FP,24,-1,0.0,0,3004,0.0,34.6205696777861
TORDILHA-D_011_jpg.rf.67cbd65b708b681788cae0003256ca67_r1c2.jpg,FP,27,-1,0.0,0,1369,0.0,15.77748331853834
TORDILHA-D_011_jpg.rf.67cbd65b708b681788cae0003256ca67_r1c2.jpg,FP,30,-1,0.0,0,4399,0.0,50.697698406318594
TORDILHA-D_011_jpg.rf.67cbd65b708b681788cae0003256ca67_r1c2.jpg,FP,32,-1,0.0,0,371,0.0,4.275709504147351
TORDILHA-D_011_jpg.rf.67cbd65b708b681788cae0003256ca67_r1c2.jpg,FP,34,-1,0.0,0,1194,0.0,13.760639212808456
TORDILHA-D_011_jpg.rf.67cbd65b708b681788cae0003256ca67_r1c2.jpg,FN,-1,0,0.0,49766,0,573.5443643757334,0.0
TORDILHA-D_011_jpg.rf.67cbd65b708b681788cae0003256ca67_r1c2.jpg,FN,-1,4,0.0,11382,0,131.17554063667157,0.0
TORDILHA-D_011_jpg.rf.67cbd65b708b681788cae0003256ca67_r1c2.jpg,FN,-1,7,0.0,859,0,9.899823353268395,0.0
TORDILHA-D_011_jpg.rf.67cbd65b708b681788cae0003256ca67_r1c2.jpg,FN,-1,9,0.0,4225,0,48.69237912405003,0.0
TORDILHA-D_011_jpg.rf.67cbd65b708b681788cae0003256ca67_r1c2.jpg,FN,-1,13,0.0,40183,0,463.101981145965,0.0
TORDILHA-D_011_jpg.rf.67cbd65b708b681788cae0003256ca67_r1c2.jpg,FN,-1,14,0.0,11035,0,127.17642689559575,0.0
TORDILHA-D_011_jpg.rf.67cbd65b708b681788cae0003256ca67_r1c2.jpg,FN,-1,16,0.0,3499,0,40.32535729113634,0.0
TORDILHA-D_011_jpg.rf.67cbd65b708b681788cae0003256ca67_r1c2.jpg,FN,-1,27,0.0,1294,0,14.91312155893982,0.0
TORDILHA-D_011_jpg.rf.67cbd65b708b681788cae0003256ca67_r1c2.jpg,FN,-1,31,0.0,450,0,5.186170557591127,0.0
TORDILHA-D_011_jpg.rf.67cbd65b708b681788cae0003256ca67_r1c2.jpg,FN,-1,34,0.0,4369,0,50.351953702479186,0.0
TORDILHA-D_011_jpg.rf.67cbd65b708b681788cae0003256ca67_r1c2.jpg,FN,-1,35,0.0,2373,0,27.34840607369721,0.0
TORDILHA-D_011_jpg.rf.67cbd65b708b681788cae0003256ca67_r2c0.jpg,TP,4,22,0.8813610540311858,15815,15314,182.26508304067482,176.49114648655672
TORDILHA-D_011_jpg.rf.67cbd65b708b681788cae0003256ca67_r2c0.jpg,TP,3,5,0.8752418398552081,15177,14870,174.91224567235676,171.37412486973346
TORDILHA-D_011_jpg.rf.67cbd65b708b681788cae0003256ca67_r2c0.jpg,TP,2,0,0.8680600151789363,16022,15976,184.65072149716676,184.12057961794633
TORDILHA-D_011_jpg.rf.67cbd65b708b681788cae0003256ca67_r2c0.jpg,TP,17,7,0.8547266290808968,15172,13120,174.8546215550502,151.20568381243464
TORDILHA-D_011_jpg.rf.67cbd65b708b681788cae0003256ca67_r2c0.jpg,TP,1,14,0.8378378378378378,5177,4955,59.66401105922059,57.105500250808966
TORDILHA-D_011_jpg.rf.67cbd65b708b681788cae0003256ca67_r2c0.jpg,TP,6,4,0.8242210464432687,4937,4372,56.89805342850532,50.38652817286313
TORDILHA-D_011_jpg.rf.67cbd65b708b681788cae0003256ca67_r2c0.jpg,TP,19,2,0.8088705989940558,4128,3784,47.57447124830261,43.60993197761072
TORDILHA-D_011_jpg.rf.67cbd65b708b681788cae0003256ca67_r2c0.jpg,TP,0,16,0.8047477134929606,8821,8741,101.6604677522474,100.73848187534232
TORDILHA-D_011_jpg.rf.67cbd65b708b681788cae0003256ca67_r2c0.jpg,TP,13,8,0.8028416067356604,10170,10386,117.20745460155948,119.69681646920321
TORDILHA-D_011_jpg.rf.67cbd65b708b681788cae0003256ca67_r2c0.jpg,TP,9,18,0.8025882620047678,8125,7754,93.63919062317312,89.36348111902578
TORDILHA-D_011_jpg.rf.67cbd65b708b681788cae0003256ca67_r2c0.jpg,TP,15,24,0.7947464874770922,1617,1321,18.635639536944115,15.224291792395286
TORDILHA-D_011_jpg.rf.67cbd65b708b681788cae0003256ca67_r2c0.jpg,TP,11,21,0.7933579335793358,3650,3640,42.065605633794696,41.95035739918156
TORDILHA-D_011_jpg.rf.67cbd65b708b681788cae0003256ca67_r2c0.jpg,TP,21,3,0.7833441769681198,5515,5449,63.55940138914459,62.79876304069789
TORDILHA-D_011_jpg.rf.67cbd65b708b681788cae0003256ca67_r2c0.jpg,TP,16,17,0.7787610619469026,4985,4060,57.451244954648374,46.79078325293328
TORDILHA-D_011_jpg.rf.67cbd65b708b681788cae0003256ca67_r2c0.jpg,TP,7,6,0.7654303510758776,6923,5548,79.78635282267416,63.93972056336794
TORDILHA-D_011_jpg.rf.67cbd65b708b681788cae0003256ca67_r2c0.jpg,TP,14,15,0.7584569732937686,1551,1412,17.875001188497418,16.273050727374827
TORDILHA-D_011_jpg.rf.67cbd65b708b681788cae0003256ca67_r2c0.jpg,TP,12,11,0.7555705604321404,2676,2524,30.840427582475236,29.088654416355567
TORDILHA-D_011_jpg.rf.67cbd65b708b681788cae0003256ca67_r2c0.jpg,TP,24,19,0.745928338762215,1640,1576,18.90071047655433,18.16312177503026
TORDILHA-D_011_jpg.rf.67cbd65b708b681788cae0003256ca67_r2c0.jpg,TP,10,12,0.743043793854343,3441,3763,39.65691753038015,43.36791068492314
TORDILHA-D_011_jpg.rf.67cbd65b708b681788cae0003256ca67_r2c0.jpg,TP,20,20,0.7338772338772339,2475,1988,28.5239380667512,22.91134904109147
TORDILHA-D_011_jpg.rf.67cbd65b708b681788cae0003256ca67_r2c0.jpg,TP,8,9,0.7327892864616028,4111,4170,47.37854924946028,48.05851383367778
TORDILHA-D_011_jpg.rf.67cbd65b708b681788cae0003256ca67_r2c0.jpg,TP,5,26,0.7243699696529885,5490,7579,63.27128080261175,87.34663701329589
TORDILHA-D_011_jpg.rf.67cbd65b708b681788cae0003256ca67_r2c0.jpg,TP,23,1,0.7220125786163522,1377,1361,15.869681906228848,15.685284730847831
TORDILHA-D_011_jpg.rf.67cbd65b708b681788cae0003256ca67_r2c0.jpg,TP,18,10,0.7134328358208956,1639,1231,18.889185653093016,14.18705768087706
TORDILHA-D_011_jpg.rf.67cbd65b708b681788cae0003256ca67_r2c0.jpg,TP,22,23,0.5398277717976319,1703,1158,19.626774354617087,13.345745568201167
TORDILHA-D_011_jpg.rf.67cbd65b708b681788cae0003256ca67_r2c0.jpg,FN,-1,13,0.0,3070,0,35.3812080262328,0.0
TORDILHA-D_011_jpg.rf.67cbd65b708b681788cae0003256ca67_r2c0.jpg,FN,-1,25,0.0,1379,0,15.892731553151476,0.0
TORDILHA-D_011_jpg.rf.67cbd65b708b681788cae0003256ca67_r2c1.jpg,TP,1,3,0.886020846106683,16176,14585,186.42554431020906,168.0895501832591
TORDILHA-D_011_jpg.rf.67cbd65b708b681788cae0003256ca67_r2c1.jpg,TP,19,13,0.8743143334128309,3900,3959,44.9468114991231,45.6267760833406
TORDILHA-D_011_jpg.rf.67cbd65b708b681788cae0003256ca67_r2c1.jpg,TP,2,5,0.8673187571921749,8403,7824,96.84309154541832,90.17021876131773
TORDILHA-D_011_jpg.rf.67cbd65b708b681788cae0003256ca67_r2c1.jpg,TP,0,4,0.8657135362014691,38084,33037,438.91137670066774,380.7455926914179
TORDILHA-D_011_jpg.rf.67cbd65b708b681788cae0003256ca67_r2c1.jpg,TP,8,2,0.8545524198697484,14772,14274,170.24469217052473,164.50533008679056
TORDILHA-D_011_jpg.rf.67cbd65b708b681788cae0003256ca67_r2c1.jpg,TP,4,10,0.8439657224470364,7652,7841,88.18794912597178,90.36614076016006
TORDILHA-D_011_jpg.rf.67cbd65b708b681788cae0003256ca67_r2c1.jpg,TP,5,20,0.8359048305695747,6461,6271,74.46188438354727,72.27216792589769
TORDILHA-D_011_jpg.rf.67cbd65b708b681788cae0003256ca67_r2c1.jpg,TP,3,0,0.8320870799810696,9287,10069,107.03103548521955,116.0434474319668
TORDILHA-D_011_jpg.rf.67cbd65b708b681788cae0003256ca67_r2c1.jpg,TP,11,15,0.8280825638240087,3373,3358,38.87322953501083,38.70035718309112
TORDILHA-D_011_jpg.rf.67cbd65b708b681788cae0003256ca67_r2c1.jpg,TP,9,18,0.8,2655,3141,30.59840628978765,36.19947049198607
TORDILHA-D_011_jpg.rf.67cbd65b708b681788cae0003256ca67_r2c1.jpg,TP,6,21,0.7940223262513504,5415,4549,62.40691904301323,52.42642192551564
TORDILHA-D_011_jpg.rf.67cbd65b708b681788cae0003256ca67_r2c1.jpg,TP,17,9,0.7902266815310294,4476,5159,51.58510981283975,59.45656423691695
TORDILHA-D_011_jpg.rf.67cbd65b708b681788cae0003256ca67_r2c1.jpg,TP,15,16,0.7643979057591623,1474,1222,16.98758978197627,14.083334269725238
TORDILHA-D_011_jpg.rf.67cbd65b708b681788cae0003256ca67_r2c1.jpg,TP,14,8,0.7582908163265306,4116,4155,47.436173366766845,47.88564148175807
TORDILHA-D_011_jpg.rf.67cbd65b708b681788cae0003256ca67_r2c1.jpg,TP,18,17,0.7530037761757639,5402,4811,62.257096338016154,55.44592567237981
TORDILHA-D_011_jpg.rf.67cbd65b708b681788cae0003256ca67_r2c1.jpg,TP,13,12,0.6880939072107323,2512,3528,28.950356534819804,40.659577171514435
TORDILHA-D_011_jpg.rf.67cbd65b708b681788cae0003256ca67_r2c1.jpg,TP,12,11,0.6531379180759113,15185,11209,175.00444426004725,129.1817461778643
TORDILHA-D_011_jpg.rf.67cbd65b708b681788cae0003256ca67_r2c1.jpg,TP,20,7,0.5751220913530595,2150,3333,24.778370441824276,38.41223659655828
TORDILHA-D_011_jpg.rf.67cbd65b708b681788cae0003256ca67_r2c1.jpg,FP,7,-1,0.0,0,7709,0.0,88.84486406326667
TORDILHA-D_011_jpg.rf.67cbd65b708b681788cae0003256ca67_r2c1.jpg,FP,10,-1,0.0,0,4073,0.0,46.94060595793036
TORDILHA-D_011_jpg.rf.67cbd65b708b681788cae0003256ca67_r2c1.jpg,FP,16,-1,0.0,0,2713,0.0,31.26684605054384
TORDILHA-D_011_jpg.rf.67cbd65b708b681788cae0003256ca67_r2c1.jpg,FN,-1,1,0.0,1381,0,15.915781200074104,0.0
TORDILHA-D_011_jpg.rf.67cbd65b708b681788cae0003256ca67_r2c1.jpg,FN,-1,6,0.0,14157,0,163.15692574181685,0.0
TORDILHA-D_011_jpg.rf.67cbd65b708b681788cae0003256ca67_r2c1.jpg,FN,-1,14,0.0,884,0,10.187943939801237,0.0
TORDILHA-D_011_jpg.rf.67cbd65b708b681788cae0003256ca67_r2c1.jpg,FN,-1,19,0.0,3575,0,41.20124387419617,0.0
TORDILHA-D_011_jpg.rf.67cbd65b708b681788cae0003256ca67_r2c2.jpg,TP,16,31,0.9132274040445728,9338,9205,107.61880148174654,106.08599996139183
TORDILHA-D_011_jpg.rf.67cbd65b708b681788cae0003256ca67_r2c2.jpg,TP,15,25,0.90539430449069,6856,7061,79.01418965076616,81.37677846033544
TORDILHA-D_011_jpg.rf.67cbd65b708b681788cae0003256ca67_r2c2.jpg,TP,2,11,0.8842525046201731,9778,9594,112.68972380472454,110.56915628784283
TORDILHA-D_011_jpg.rf.67cbd65b708b681788cae0003256ca67_r2c2.jpg,TP,12,3,0.8810250152532032,8965,9533,103.32004233067657,109.8661420567027
TORDILHA-D_011_jpg.rf.67cbd65b708b681788cae0003256ca67_r2c2.jpg,TP,33,35,0.8609118583575353,25627,27556,295.34665084308403,317.578035299958
TORDILHA-D_011_jpg.rf.67cbd65b708b681788cae0003256ca67_r2c2.jpg,TP,8,45,0.8571316306483301,12362,11270,142.46986762875892,129.88476040900446
TORDILHA-D_011_jpg.rf.67cbd65b708b681788cae0003256ca67_r2c2.jpg,TP,21,29,0.8453269632726187,2855,3325,32.903370982050376,38.32003800886777
TORDILHA-D_011_jpg.rf.67cbd65b708b681788cae0003256ca67_r2c2.jpg,TP,13,43,0.8410547518769456,4834,5220,55.71099661199002,60.15957846805708
TORDILHA-D_011_jpg.rf.67cbd65b708b681788cae0003256ca67_r2c2.jpg,TP,7,33,0.837832924279611,10023,10195,115.51330555274637,117.49557518809232
TORDILHA-D_011_jpg.rf.67cbd65b708b681788cae0003256ca67_r2c2.jpg,TP,44,40,0.8249318801089919,1296,1383,14.936171205862447,15.93883084699673
TORDILHA-D_011_jpg.rf.67cbd65b708b681788cae0003256ca67_r2c2.jpg,TP,9,28,0.8248760571595217,6560,5955,75.60284190621732,68.63032371212259
TORDILHA-D_011_jpg.rf.67cbd65b708b681788cae0003256ca67_r2c2.jpg,TP,6,5,0.8235406698564594,4784,4744,55.13475543892434,54.673762500471796
TORDILHA-D_011_jpg.rf.67cbd65b708b681788cae0003256ca67_r2c2.jpg,TP,4,6,0.8224397988885949,7289,6485,84.00443820951494,74.7384801466188
TORDILHA-D_011_jpg.rf.67cbd65b708b681788cae0003256ca67_r2c2.jpg,TP,1,12,0.8220801006500315,9168,8211,105.65958149332323,94.6303254408461
TORDILHA-D_011_jpg.rf.67cbd65b708b681788cae0003256ca67_r2c2.jpg,TP,0,21,0.820463768115942,16812,14591,193.7553320316045,168.15869912402698
TORDILHA-D_011_jpg.rf.67cbd65b708b681788cae0003256ca67_r2c2.jpg,TP,31,46,0.8107499195365304,2983,2643,34.37854838509852,30.460108408251887
TORDILHA-D_011_jpg.rf.67cbd65b708b681788cae0003256ca67_r2c2.jpg,TP,20,0,0.8095282317979198,9802,9683,112.96631956779606,111.59486557589975
TORDILHA-D_011_jpg.rf.67cbd65b708b681788cae0003256ca67_r2c2.jpg,TP,34,23,0.8053204353083434,1466,1520,16.89539119428576,17.517731661196695
TORDILHA-D_011_jpg.rf.67cbd65b708b681788cae0003256ca67_r2c2.jpg,TP,18,36,0.7997002061083005,4371,5234,50.375003349401815,60.32092599651546
TORDILHA-D_011_jpg.rf.67cbd65b708b681788cae0003256ca67_r2c2.jpg,TP,22,18,0.7831513260530422,2214,2358,25.515959143348347,27.175533721777505
TORDILHA-D_011_jpg.rf.67cbd65b708b681788cae0003256ca67_r2c2.jpg,TP,11,34,0.7754052985369712,4945,4035,56.99025201619583,46.50266266640044
TORDILHA-D_011_jpg.rf.67cbd65b708b681788cae0003256ca67_r2c2.jpg,TP,5,20,0.7698756866146285,3436,2686,39.59929341307358,30.955675817088373
TORDILHA-D_011_jpg.rf.67cbd65b708b681788cae0003256ca67_r2c2.jpg,TP,14,10,0.761550963547713,4278,3309,49.30319476749965,38.135640833486754
TORDILHA-D_011_jpg.rf.67cbd65b708b681788cae0003256ca67_r2c2.jpg,TP,26,42,0.76028880866426,2490,2386,28.696810418670903,27.498228778694287
TORDILHA-D_011_jpg.rf.67cbd65b708b681788cae0003256ca67_r2c2.jpg,TP,27,9,0.7545887151597552,1417,1164,16.330674844681393,13.414894508969049
TORDILHA-D_011_jpg.rf.67cbd65b708b681788cae0003256ca67_r2c2.jpg,TP,37,48,0.7378547378547379,1850,1763,21.32092340343019,20.318263762295906
TORDILHA-D_011_jpg.rf.67cbd65b708b681788cae0003256ca67_r2c2.jpg,TP,45,41,0.7356797791580401,1332,1183,15.351064850469736,13.633866154734008
TORDILHA-D_011_jpg.rf.67cbd65b708b681788cae0003256ca67_r2c2.jpg,TP,19,22,0.7302943969610636,1805,1839,20.802306347671077,21.19415034535574
TORDILHA-D_011_jpg.rf.67cbd65b708b681788cae0003256ca67_r2c2.jpg,TP,29,16,0.7225331740142129,15558,11832,179.30320341111724,136.3617111942627
TORDILHA-D_011_jpg.rf.67cbd65b708b681788cae0003256ca67_r2c2.jpg,TP,10,14,0.7207530255490812,4305,3373,49.61436500095512,38.87322953501083
TORDILHA-D_011_jpg.rf.67cbd65b708b681788cae0003256ca67_r2c2.jpg,TP,28,44,0.7153987167736022,2068,1675,23.833334917996556,19.304079297700305
TORDILHA-D_011_jpg.rf.67cbd65b708b681788cae0003256ca67_r2c2.jpg,TP,24,17,0.6863620748883545,2560,2349,29.503548060962856,27.071810310625683
TORDILHA-D_011_jpg.rf.67cbd65b708b681788cae0003256ca67_r2c2.jpg,TP,17,7,0.6826697892271663,1172,1702,13.507093096659558,19.615249531155776
TORDILHA-D_011_jpg.rf.67cbd65b708b681788cae0003256ca67_r2c2.jpg,TP,25,19,0.6819262782401903,1604,1225,18.48581683194704,14.11790874010918
TORDILHA-D_011_jpg.rf.67cbd65b708b681788cae0003256ca67_r2c2.jpg,TP,23,13,0.6774541531823085,1851,1259,21.332448226891504,14.509752737793843
TORDILHA-D_011_jpg.rf.67cbd65b708b681788cae0003256ca67_r2c2.jpg,TP,30,1,0.6275395033860045,2139,1466,24.651597383749824,16.89539119428576
TORDILHA-D_011_jpg.rf.67cbd65b708b681788cae0003256ca67_r2c2.jpg,TP,41,32,0.6001765225066196,1062,751,12.23936251591506,8.655142419446525
TORDILHA-D_011_jpg.rf.67cbd65b708b681788cae0003256ca67_r2c2.jpg,TP,38,38,0.592501536570375,1588,1003,18.301419656566022,11.559397931697557
TORDILHA-D_011_jpg.rf.67cbd65b708b681788cae0003256ca67_r2c2.jpg,TP,3,39,0.5690619857377949,17465,11139,201.2810417518423,128.37500853557236
TORDILHA-D_011_jpg.rf.67cbd65b708b681788cae0003256ca67_r2c2.jpg,TP,35,37,0.5334195774040534,1322,2234,15.2358166158566,25.746455612574618
TORDILHA-D_011_jpg.rf.67cbd65b708b681788cae0003256ca67_r2c2.jpg,FP,32,-1,0.0,0,2518,0.0,29.019505475587685
TORDILHA-D_011_jpg.rf.67cbd65b708b681788cae0003256ca67_r2c2.jpg,FP,36,-1,0.0,0,4409,0.0,50.812946640931735
TORDILHA-D_011_jpg.rf.67cbd65b708b681788cae0003256ca67_r2c2.jpg,FP,39,-1,0.0,0,2383,0.0,27.463654308310346
TORDILHA-D_011_jpg.rf.67cbd65b708b681788cae0003256ca67_r2c2.jpg,FP,40,-1,0.0,0,12294,0.0,141.6861796333896
TORDILHA-D_011_jpg.rf.67cbd65b708b681788cae0003256ca67_r2c2.jpg,FP,42,-1,0.0,0,922,0.0,10.625887231331154
TORDILHA-D_011_jpg.rf.67cbd65b708b681788cae0003256ca67_r2c2.jpg,FP,43,-1,0.0,0,1410,0.0,16.250001080452197
TORDILHA-D_011_jpg.rf.67cbd65b708b681788cae0003256ca67_r2c2.jpg,FP,46,-1,0.0,0,1496,0.0,17.24113589812517
TORDILHA-D_011_jpg.rf.67cbd65b708b681788cae0003256ca67_r2c2.jpg,FP,47,-1,0.0,0,7671,0.0,88.40692077173675
TORDILHA-D_011_jpg.rf.67cbd65b708b681788cae0003256ca67_r2c2.jpg,FN,-1,2,0.0,6852,0,78.9680903569209,0.0
TORDILHA-D_011_jpg.rf.67cbd65b708b681788cae0003256ca67_r2c2.jpg,FN,-1,4,0.0,5373,0,61.922876457638054,0.0
TORDILHA-D_011_jpg.rf.67cbd65b708b681788cae0003256ca67_r2c2.jpg,FN,-1,8,0.0,2245,0,25.873228670649066,0.0
TORDILHA-D_011_jpg.rf.67cbd65b708b681788cae0003256ca67_r2c2.jpg,FN,-1,15,0.0,2015,0,23.222519274546936,0.0
TORDILHA-D_011_jpg.rf.67cbd65b708b681788cae0003256ca67_r2c2.jpg,FN,-1,24,0.0,3482,0,40.12943529229401,0.0
TORDILHA-D_011_jpg.rf.67cbd65b708b681788cae0003256ca67_r2c2.jpg,FN,-1,26,0.0,7435,0,85.68706243486673,0.0
TORDILHA-D_011_jpg.rf.67cbd65b708b681788cae0003256ca67_r2c2.jpg,FN,-1,27,0.0,2912,0,33.56028591934525,0.0
TORDILHA-D_011_jpg.rf.67cbd65b708b681788cae0003256ca67_r2c2.jpg,FN,-1,30,0.0,2095,0,24.144505151452027,0.0
TORDILHA-D_011_jpg.rf.67cbd65b708b681788cae0003256ca67_r2c2.jpg,FN,-1,47,0.0,2303,0,26.541668431405256,0.0
TORDILHA-D_011_jpg.rf.67cbd65b708b681788cae0003256ca67_r2c2.jpg,FN,-1,49,0.0,1149,0,13.242022157049345,0.0
TORDILHA-D_011_jpg.rf.67cbd65b708b681788cae0003256ca67_r2c2.jpg,FN,-1,50,0.0,36048,0,415.44683613343324,0.0
TORDILHA-G_012_jpg.rf.5a71e85cb1442ba538dc7acb7149a07d_r0c0.jpg,TP,0,1,0.84281492427041,5118,4859,58.98404647500308,55.99911719852286
TORDILHA-G_012_jpg.rf.5a71e85cb1442ba538dc7acb7149a07d_r0c0.jpg,TP,2,5,0.8395465445825158,12073,13241,139.1391936484393,152.6001874512536
TORDILHA-G_012_jpg.rf.5a71e85cb1442ba538dc7acb7149a07d_r0c0.jpg,TP,3,2,0.7894112998814697,2493,2036,28.731384889054844,23.464540567234522
TORDILHA-G_012_jpg.rf.5a71e85cb1442ba538dc7acb7149a07d_r0c0.jpg,FP,1,-1,0.0,0,8796,0.0,101.37234716571456
TORDILHA-G_012_jpg.rf.5a71e85cb1442ba538dc7acb7149a07d_r0c0.jpg,FN,-1,0,0.0,4323,0,49.82181182325876,0.0
TORDILHA-G_012_jpg.rf.5a71e85cb1442ba538dc7acb7149a07d_r0c0.jpg,FN,-1,3,0.0,5713,0,65.84131643448468,0.0
TORDILHA-G_012_jpg.rf.5a71e85cb1442ba538dc7acb7149a07d_r0c0.jpg,FN,-1,4,0.0,3619,0,41.708336106493974,0.0
TORDILHA-G_012_jpg.rf.5a71e85cb1442ba538dc7acb7149a07d_r0c1.jpg,TP,0,0,0.9276555998981065,11227,11475,129.38919300016798,132.24734921857373
TORDILHA-G_012_jpg.rf.5a71e85cb1442ba538dc7acb7149a07d_r0c1.jpg,TP,10,36,0.904047976011994,1889,1921,21.77039151842142,22.139185869183457
TORDILHA-G_012_jpg.rf.5a71e85cb1442ba538dc7acb7149a07d_r0c1.jpg,TP,8,27,0.8895807388958074,2265,2287,26.10372513987534,26.35727125602424
TORDILHA-G_012_jpg.rf.5a71e85cb1442ba538dc7acb7149a07d_r0c1.jpg,TP,13,32,0.8684984025559106,7568,7053,87.21986395522144,81.28457987264493
TORDILHA-G_012_jpg.rf.5a71e85cb1442ba538dc7acb7149a07d_r0c1.jpg,TP,3,23,0.8588235294117647,8464,8126,97.54610577655845,93.65071544663444
TORDILHA-G_012_jpg.rf.5a71e85cb1442ba538dc7acb7149a07d_r0c1.jpg,TP,26,2,0.8544590049866636,8093,7898,93.27039627241109,91.02305569745494
TORDILHA-G_012_jpg.rf.5a71e85cb1442ba538dc7acb7149a07d_r0c1.jpg,TP,29,7,0.854129263913824,6224,6169,71.73050122321594,71.0966359328437
TORDILHA-G_012_jpg.rf.5a71e85cb1442ba538dc7acb7149a07d_r0c1.jpg,TP,32,16,0.8526676456191875,1943,1842,22.392731985332354,21.22872481573968
TORDILHA-G_012_jpg.rf.5a71e85cb1442ba538dc7acb7149a07d_r0c1.jpg,TP,35,20,0.8503874503874503,25055,23897,288.75445182321266,275.40870625501145
TORDILHA-G_012_jpg.rf.5a71e85cb1442ba538dc7acb7149a07d_r0c1.jpg,TP,20,24,0.8492915414340919,4623,3991,53.27925886165285,45.99557043410264
TORDILHA-G_012_jpg.rf.5a71e85cb1442ba538dc7acb7149a07d_r0c1.jpg,TP,5,21,0.8455409920328965,3608,3573,41.581563048419525,41.17819422727355
TORDILHA-G_012_jpg.rf.5a71e85cb1442ba538dc7acb7149a07d_r0c1.jpg,TP,4,4,0.8449688626679777,2955,2674,34.05585332818173,30.81737793555261
TORDILHA-G_012_jpg.rf.5a71e85cb1442ba538dc7acb7149a07d_r0c1.jpg,TP,11,15,0.8438202247191011,3411,3153,39.31117282654074,36.33776837352183
TORDILHA-G_012_jpg.rf.5a71e85cb1442ba538dc7acb7149a07d_r0c1.jpg,TP,31,10,0.8381782945736435,3847,3741,44.33599585567348,43.114364568774235
TORDILHA-G_012_jpg.rf.5a71e85cb1442ba538dc7acb7149a07d_r0c1.jpg,TP,16,19,0.8350954019393181,15505,13829,178.6923877676676,159.376783646506
TORDILHA-G_012_jpg.rf.5a71e85cb1442ba538dc7acb7149a07d_r0c1.jpg,TP,9,35,0.8337902673063742,2555,2796,29.44592394365629,32.22340639783287
TORDILHA-G_012_jpg.rf.5a71e85cb1442ba538dc7acb7149a07d_r0c1.jpg,TP,7,22,0.8323402506677625,4226,4692,48.70390394751134,54.074471680483484
TORDILHA-G_012_jpg.rf.5a71e85cb1442ba538dc7acb7149a07d_r0c1.jpg,TP,12,6,0.8320260187488043,4873,4703,56.16046472698125,54.20124473855793
TORDILHA-G_012_jpg.rf.5a71e85cb1442ba538dc7acb7149a07d_r0c1.jpg,TP,1,38,0.8298459042984591,5890,5391,67.8812101871372,62.130323279941706
TORDILHA-G_012_jpg.rf.5a71e85cb1442ba538dc7acb7149a07d_r0c1.jpg,TP,30,14,0.8284383954154728,2757,2348,31.773938282841637,27.06028548716437
TORDILHA-G_012_jpg.rf.5a71e85cb1442ba538dc7acb7149a07d_r0c1.jpg,TP,28,29,0.8247884519661524,14052,15276,161.94681927837894,176.05320319502678
TORDILHA-G_012_jpg.rf.5a71e85cb1442ba538dc7acb7149a07d_r0c1.jpg,TP,17,28,0.8228241563055062,2211,1894,25.481384672964406,21.82801563572799
TORDILHA-G_012_jpg.rf.5a71e85cb1442ba538dc7acb7149a07d_r0c1.jpg,TP,6,5,0.8195121951219512,2272,2204,26.184398904104533,25.40071090873521
TORDILHA-G_012_jpg.rf.5a71e85cb1442ba538dc7acb7149a07d_r0c1.jpg,TP,18,41,0.8179012345679012,1883,2240,21.701242577653538,25.8156045533425
TORDILHA-G_012_jpg.rf.5a71e85cb1442ba538dc7acb7149a07d_r0c1.jpg,TP,15,25,0.8142139822325222,6444,7647,74.26596238470493,88.13032500866522
TORDILHA-G_012_jpg.rf.5a71e85cb1442ba538dc7acb7149a07d_r0c1.jpg,TP,2,33,0.8054583624912526,5616,4704,64.72340855873726,54.21276956201925
TORDILHA-G_012_jpg.rf.5a71e85cb1442ba538dc7acb7149a07d_r0c1.jpg,TP,27,11,0.7981398553220806,2470,2750,28.466313949444633,31.693264518612445
TORDILHA-G_012_jpg.rf.5a71e85cb1442ba538dc7acb7149a07d_r0c1.jpg,TP,14,17,0.7861271676300579,1530,1869,17.632979895809832,21.53989504919515
TORDILHA-G_012_jpg.rf.5a71e85cb1442ba538dc7acb7149a07d_r0c1.jpg,TP,23,37,0.7545748116254036,1842,1418,21.22872481573968,16.342199668142708
TORDILHA-G_012_jpg.rf.5a71e85cb1442ba538dc7acb7149a07d_r0c1.jpg,TP,22,34,0.6619160728424386,861,1238,9.922873000191023,14.267731445106257
TORDILHA-G_012_jpg.rf.5a71e85cb1442ba538dc7acb7149a07d_r0c1.jpg,FP,19,-1,0.0,0,1401,0.0,16.146277669300375
TORDILHA-G_012_jpg.rf.5a71e85cb1442ba538dc7acb7149a07d_r0c1.jpg,FP,21,-1,0.0,0,3047,0.0,35.11613708662259
TORDILHA-G_012_jpg.rf.5a71e85cb1442ba538dc7acb7149a07d_r0c1.jpg,FP,24,-1,0.0,0,2272,0.0,26.184398904104533
TORDILHA-G_012_jpg.rf.5a71e85cb1442ba538dc7acb7149a07d_r0c1.jpg,FP,25,-1,0.0,0,2366,0.0,27.267732309468016
TORDILHA-G_012_jpg.rf.5a71e85cb1442ba538dc7acb7149a07d_r0c1.jpg,FP,33,-1,0.0,0,4374,0.0,50.40957781978575
TORDILHA-G_012_jpg.rf.5a71e85cb1442ba538dc7acb7149a07d_r0c1.jpg,FP,34,-1,0.0,0,3108,0.0,35.81915131776272
TORDILHA-G_012_jpg.rf.5a71e85cb1442ba538dc7acb7149a07d_r0c1.jpg,FN,-1,1,0.0,4271,0,49.22252100327045,0.0
TORDILHA-G_012_jpg.rf.5a71e85cb1442ba538dc7acb7149a07d_r0c1.jpg,FN,-1,3,0.0,9404,0,108.37943983019325,0.0
TORDILHA-G_012_jpg.rf.5a71e85cb1442ba538dc7acb7149a07d_r0c1.jpg,FN,-1,8,0.0,8879,0,102.3289075130036,0.0
TORDILHA-G_012_jpg.rf.5a71e85cb1442ba538dc7acb7149a07d_r0c1.jpg,FN,-1,9,0.0,1297,0,14.94769602932376,0.0
TORDILHA-G_012_jpg.rf.5a71e85cb1442ba538dc7acb7149a07d_r0c1.jpg,FN,-1,12,0.0,14768,0,170.19859287667947,0.0
TORDILHA-G_012_jpg.rf.5a71e85cb1442ba538dc7acb7149a07d_r0c1.jpg,FN,-1,13,0.0,773,0,8.908688535595426,0.0
TORDILHA-G_012_jpg.rf.5a71e85cb1442ba538dc7acb7149a07d_r0c1.jpg,FN,-1,18,0.0,6034,0,69.54078476556636,0.0
TORDILHA-G_012_jpg.rf.5a71e85cb1442ba538dc7acb7149a07d_r0c1.jpg,FN,-1,26,0.0,5281,0,60.86259269919721,0.0
TORDILHA-G_012_jpg.rf.5a71e85cb1442ba538dc7acb7149a07d_r0c1.jpg,FN,-1,30,0.0,924,0,10.648936878253782,0.0
TORDILHA-G_012_jpg.rf.5a71e85cb1442ba538dc7acb7149a07d_r0c1.jpg,FN,-1,31,0.0,12333,0,142.13564774838082,0.0
TORDILHA-G_012_jpg.rf.5a71e85cb1442ba538dc7acb7149a07d_r0c1.jpg,FN,-1,39,0.0,5010,0,57.739365541181215,0.0
TORDILHA-G_012_jpg.rf.5a71e85cb1442ba538dc7acb7149a07d_r0c1.jpg,FN,-1,40,0.0,452,0,5.209220204513755,0.0
TORDILHA-G_012_jpg.rf.5a71e85cb1442ba538dc7acb7149a07d_r0c2.jpg,TP,9,0,0.8898592051327749,5172,5432,59.60638694191402,62.60284104185556
TORDILHA-G_012_jpg.rf.5a71e85cb1442ba538dc7acb7149a07d_r0c2.jpg,TP,4,12,0.8833777777777778,10414,10774,120.01951152612,124.1684479721929
TORDILHA-G_012_jpg.rf.5a71e85cb1442ba538dc7acb7149a07d_r0c2.jpg,TP,6,1,0.8641232850967863,5040,4879,58.08511024502062,56.229613667749135
TORDILHA-G_012_jpg.rf.5a71e85cb1442ba538dc7acb7149a07d_r0c2.jpg,TP,3,11,0.8569401078626171,3122,3420,35.98049884622111,39.41489623769257
TORDILHA-G_012_jpg.rf.5a71e85cb1442ba538dc7acb7149a07d_r0c2.jpg,TP,1,5,0.8506568778979907,18797,19519,216.63210660231204,224.95302914138045
TORDILHA-G_012_jpg.rf.5a71e85cb1442ba538dc7acb7149a07d_r0c2.jpg,TP,7,18,0.8491317961855963,3447,3049,39.72606647114803,35.139186733545216
TORDILHA-G_012_jpg.rf.5a71e85cb1442ba538dc7acb7149a07d_r0c2.jpg,TP,13,14,0.8262812089356111,3327,3622,38.3430876557904,41.74291057687792
TORDILHA-G_012_jpg.rf.5a71e85cb1442ba538dc7acb7149a07d_r0c2.jpg,TP,2,6,0.8149416342412451,10798,12524,124.44504373526442,144.33688902949172
TORDILHA-G_012_jpg.rf.5a71e85cb1442ba538dc7acb7149a07d_r0c2.jpg,TP,12,15,0.7985714285714286,1169,1349,13.472518626275617,15.546986849312068
TORDILHA-G_012_jpg.rf.5a71e85cb1442ba538dc7acb7149a07d_r0c2.jpg,TP,10,17,0.7802690582959642,844,744,9.726951001348692,8.57446865521733
TORDILHA-G_012_jpg.rf.5a71e85cb1442ba538dc7acb7149a07d_r0c2.jpg,TP,8,10,0.7713909609477841,2167,1870,24.974292440666606,21.55141987265646
TORDILHA-G_012_jpg.rf.5a71e85cb1442ba538dc7acb7149a07d_r0c2.jpg,TP,14,9,0.768993839835729,3365,3527,38.78103094732032,40.64805234805312
TORDILHA-G_012_jpg.rf.5a71e85cb1442ba538dc7acb7149a07d_r0c2.jpg,TP,11,8,0.759046052631579,1131,1008,13.0345753347457,11.617022049004124
TORDILHA-G_012_jpg.rf.5a71e85cb1442ba538dc7acb7149a07d_r0c2.jpg,TP,5,2,0.7490396927016645,2158,1940,24.870569029514783,22.358157514948413
TORDILHA-G_012_jpg.rf.5a71e85cb1442ba538dc7acb7149a07d_r0c2.jpg,FP,0,-1,0.0,0,62765,0.0,723.3555445493491
TORDILHA-G_012_jpg.rf.5a71e85cb1442ba538dc7acb7149a07d_r0c2.jpg,FP,15,-1,0.0,0,343,0.0,3.9530144472305704
TORDILHA-G_012_jpg.rf.5a71e85cb1442ba538dc7acb7149a07d_r0c2.jpg,FN,-1,3,0.0,28768,0,331.5461213350701,0.0
TORDILHA-G_012_jpg.rf.5a71e85cb1442ba538dc7acb7149a07d_r0c2.jpg,FN,-1,4,0.0,29637,0,341.56119292295165,0.0
TORDILHA-G_012_jpg.rf.5a71e85cb1442ba538dc7acb7149a07d_r0c2.jpg,FN,-1,7,0.0,306,0,3.5265959791619665,0.0
TORDILHA-G_012_jpg.rf.5a71e85cb1442ba538dc7acb7149a07d_r0c2.jpg,FN,-1,13,0.0,2343,0,27.0026613698578,0.0
TORDILHA-G_012_jpg.rf.5a71e85cb1442ba538dc7acb7149a07d_r0c2.jpg,FN,-1,16,0.0,1861,0,21.447696461504638,0.0
TORDILHA-G_012_jpg.rf.5a71e85cb1442ba538dc7acb7149a07d_r1c0.jpg,TP,0,4,0.8982848975702715,3964,4005,45.684400200647175,46.15691796256103
TORDILHA-G_012_jpg.rf.5a71e85cb1442ba538dc7acb7149a07d_r1c0.jpg,TP,3,2,0.8832898928467999,3331,3172,38.38918694963566,36.55674001928679
TORDILHA-G_012_jpg.rf.5a71e85cb1442ba538dc7acb7149a07d_r1c0.jpg,TP,6,6,0.872744161358811,6996,7117,80.62766493535005,82.022168574169
TORDILHA-G_012_jpg.rf.5a71e85cb1442ba538dc7acb7149a07d_r1c0.jpg,TP,4,0,0.8596491228070176,3931,3489,45.30408102642382,40.21010905652321
TORDILHA-G_012_jpg.rf.5a71e85cb1442ba538dc7acb7149a07d_r1c0.jpg,TP,1,5,0.8535489667565139,6483,5895,74.71543049969617,67.93883430444376
TORDILHA-G_012_jpg.rf.5a71e85cb1442ba538dc7acb7149a07d_r1c0.jpg,TP,5,8,0.8254182406907717,18714,21876,215.675546255023,252.11703803969667
TORDILHA-G_012_jpg.rf.5a71e85cb1442ba538dc7acb7149a07d_r1c0.jpg,TP,7,3,0.8048117966627862,6327,7626,72.91755803973125,87.88830371597763
TORDILHA-G_012_jpg.rf.5a71e85cb1442ba538dc7acb7149a07d_r1c0.jpg,TP,2,1,0.7986286539155539,2585,2399,29.791668647495698,27.648051483691365
TORDILHA-G_012_jpg.rf.5a71e85cb1442ba538dc7acb7149a07d_r1c0.jpg,FP,8,-1,0.0,0,337,0.0,3.8838655064626884
TORDILHA-G_012_jpg.rf.5a71e85cb1442ba538dc7acb7149a07d_r1c0.jpg,FP,9,-1,0.0,0,5471,0.0,63.05230915684679
TORDILHA-G_012_jpg.rf.5a71e85cb1442ba538dc7acb7149a07d_r1c0.jpg,FN,-1,7,0.0,956,0,11.017731229015817,0.0
TORDILHA-G_012_jpg.rf.5a71e85cb1442ba538dc7acb7149a07d_r1c1.jpg,TP,6,43,0.8912897447380206,8326,8567,95.95568013889716,98.73316259307374
TORDILHA-G_012_jpg.rf.5a71e85cb1442ba538dc7acb7149a07d_r1c1.jpg,TP,27,2,0.8905519176800748,990,1031,11.409575226700479,11.882092988614337
TORDILHA-G_012_jpg.rf.5a71e85cb1442ba538dc7acb7149a07d_r1c1.jpg,TP,17,52,0.8870765370138017,2372,2140,27.336881250235898,24.66312220721114
TORDILHA-G_012_jpg.rf.5a71e85cb1442ba538dc7acb7149a07d_r1c1.jpg,TP,8,23,0.8858736059479554,2571,2502,29.630321119037305,28.835108300206667
TORDILHA-G_012_jpg.rf.5a71e85cb1442ba538dc7acb7149a07d_r1c1.jpg,TP,15,22,0.8829289059174117,2295,2128,26.44946984371475,24.524824325675375
TORDILHA-G_012_jpg.rf.5a71e85cb1442ba538dc7acb7149a07d_r1c1.jpg,TP,0,28,0.8827852998065764,4970,4764,57.27837260272867,54.90425896969806
TORDILHA-G_012_jpg.rf.5a71e85cb1442ba538dc7acb7149a07d_r1c1.jpg,TP,4,55,0.8822357278071137,9440,9452,108.79433347480054,108.9326313563363
TORDILHA-G_012_jpg.rf.5a71e85cb1442ba538dc7acb7149a07d_r1c1.jpg,TP,3,14,0.8683251795565733,9274,8675,106.88121278022247,99.97784352689561
TORDILHA-G_012_jpg.rf.5a71e85cb1442ba538dc7acb7149a07d_r1c1.jpg,TP,22,18,0.8657196261682243,11915,13039,137.31827154155172,150.27217311206823
TORDILHA-G_012_jpg.rf.5a71e85cb1442ba538dc7acb7149a07d_r1c1.jpg,TP,23,49,0.8622884905344279,11291,10941,130.12678170169204,126.09309349023226
TORDILHA-G_012_jpg.rf.5a71e85cb1442ba538dc7acb7149a07d_r1c1.jpg,TP,7,19,0.8608349900596421,2915,2701,33.59486038972919,31.128548169008077
TORDILHA-G_012_jpg.rf.5a71e85cb1442ba538dc7acb7149a07d_r1c1.jpg,TP,46,13,0.8548278190411884,1313,1434,15.132093204704777,16.526596843523723
TORDILHA-G_012_jpg.rf.5a71e85cb1442ba538dc7acb7149a07d_r1c1.jpg,TP,34,30,0.8528138528138528,4619,4369,53.23315956780759,50.351953702479186
TORDILHA-G_012_jpg.rf.5a71e85cb1442ba538dc7acb7149a07d_r1c1.jpg,TP,20,39,0.8508250825082508,8448,8376,97.36170860117743,96.53192131196285
TORDILHA-G_012_jpg.rf.5a71e85cb1442ba538dc7acb7149a07d_r1c1.jpg,TP,29,54,0.8497349619728048,4133,3893,47.632095365609175,44.866137734893904
TORDILHA-G_012_jpg.rf.5a71e85cb1442ba538dc7acb7149a07d_r1c1.jpg,TP,12,32,0.8492165242165243,12460,13503,143.59930032796765,155.61969119811775
TORDILHA-G_012_jpg.rf.5a71e85cb1442ba538dc7acb7149a07d_r1c1.jpg,TP,13,51,0.8492063492063492,2754,2605,31.739363812457697,30.02216511672197
TORDILHA-G_012_jpg.rf.5a71e85cb1442ba538dc7acb7149a07d_r1c1.jpg,TP,55,1,0.838501291989664,1467,1379,16.906916017747076,15.892731553151476
TORDILHA-G_012_jpg.rf.5a71e85cb1442ba538dc7acb7149a07d_r1c1.jpg,TP,10,53,0.8384159254553155,4325,4356,49.844861470181385,50.20213099748211
TORDILHA-G_012_jpg.rf.5a71e85cb1442ba538dc7acb7149a07d_r1c1.jpg,TP,39,38,0.8380671338989303,2382,2601,27.45212948484903,29.976065822876716
TORDILHA-G_012_jpg.rf.5a71e85cb1442ba538dc7acb7149a07d_r1c1.jpg,TP,11,8,0.8375863104172921,3230,2891,37.22517978004298,33.318264626657665
TORDILHA-G_012_jpg.rf.5a71e85cb1442ba538dc7acb7149a07d_r1c1.jpg,TP,18,21,0.8362919132149902,2314,2341,26.668441489479708,26.979611722935175
TORDILHA-G_012_jpg.rf.5a71e85cb1442ba538dc7acb7149a07d_r1c1.jpg,TP,30,44,0.8361321776814734,3274,3505,37.73227201234078,40.394506231904224
TORDILHA-G_012_jpg.rf.5a71e85cb1442ba538dc7acb7149a07d_r1c1.jpg,TP,28,4,0.8290050590219225,2766,2657,31.87766169399346,30.621455936710277
TORDILHA-G_012_jpg.rf.5a71e85cb1442ba538dc7acb7149a07d_r1c1.jpg,TP,9,16,0.8285398230088495,5230,4688,60.27482670267021,54.02837238663823
TORDILHA-G_012_jpg.rf.5a71e85cb1442ba538dc7acb7149a07d_r1c1.jpg,TP,37,0,0.8217429577464789,2169,1970,24.99734208758923,22.703902218787825
TORDILHA-G_012_jpg.rf.5a71e85cb1442ba538dc7acb7149a07d_r1c1.jpg,TP,14,29,0.821283255086072,3102,2717,35.750002376994836,31.312945344389092
TORDILHA-G_012_jpg.rf.5a71e85cb1442ba538dc7acb7149a07d_r1c1.jpg,TP,5,7,0.811217510259918,6922,6318,79.77482799921285,72.81383462857943
TORDILHA-G_012_jpg.rf.5a71e85cb1442ba538dc7acb7149a07d_r1c1.jpg,TP,35,48,0.8060377358490566,1174,1219,13.530142743582186,14.048759799341298
TORDILHA-G_012_jpg.rf.5a71e85cb1442ba538dc7acb7149a07d_r1c1.jpg,TP,26,40,0.7929297640145508,8610,10612,99.22873000191024,122.30142657146008
TORDILHA-G_012_jpg.rf.5a71e85cb1442ba538dc7acb7149a07d_r1c1.jpg,TP,16,24,0.7889747191011236,2637,2458,30.390959467484006,28.328016067908866
TORDILHA-G_012_jpg.rf.5a71e85cb1442ba538dc7acb7149a07d_r1c1.jpg,TP,1,15,0.7834508697696286,9503,9464,109.52039735286328,109.07092923787206
TORDILHA-G_012_jpg.rf.5a71e85cb1442ba538dc7acb7149a07d_r1c1.jpg,TP,48,11,0.7754693366708385,3184,3909,36.695037900822555,45.050534910274926
TORDILHA-G_012_jpg.rf.5a71e85cb1442ba538dc7acb7149a07d_r1c1.jpg,TP,2,3,0.7718018839258584,3062,2769,35.289009438542294,31.9122361643774
TORDILHA-G_012_jpg.rf.5a71e85cb1442ba538dc7acb7149a07d_r1c1.jpg,TP,24,35,0.7713338186524307,10096,11803,116.35461766542227,136.0274913138846
TORDILHA-G_012_jpg.rf.5a71e85cb1442ba538dc7acb7149a07d_r1c1.jpg,TP,21,50,0.7653846153846153,3052,2456,35.17376120392915,28.30496642098624
TORDILHA-G_012_jpg.rf.5a71e85cb1442ba538dc7acb7149a07d_r1c1.jpg,TP,25,46,0.7544483985765125,1129,1336,13.011525687823072,15.39716414431499
TORDILHA-G_012_jpg.rf.5a71e85cb1442ba538dc7acb7149a07d_r1c1.jpg,TP,31,45,0.747244094488189,1218,1001,14.037234975879985,11.53634828477493
TORDILHA-G_012_jpg.rf.5a71e85cb1442ba538dc7acb7149a07d_r1c1.jpg,TP,32,17,0.745411865130175,4121,4058,47.49379748407341,46.76773360601065
TORDILHA-G_012_jpg.rf.5a71e85cb1442ba538dc7acb7149a07d_r1c1.jpg,TP,36,6,0.7378419452887538,1308,979,15.07446908739821,11.28280216862603
TORDILHA-G_012_jpg.rf.5a71e85cb1442ba538dc7acb7149a07d_r1c1.jpg,TP,54,12,0.7341692789968652,2591,2941,29.86081758826358,33.89450579972334
TORDILHA-G_012_jpg.rf.5a71e85cb1442ba538dc7acb7149a07d_r1c1.jpg,TP,38,5,0.7123619714516564,3465,2893,39.93351329345168,33.34131427358029
TORDILHA-G_012_jpg.rf.5a71e85cb1442ba538dc7acb7149a07d_r1c1.jpg,TP,53,34,0.7088055797733217,879,1081,10.130319822494668,12.45833416168002
TORDILHA-G_012_jpg.rf.5a71e85cb1442ba538dc7acb7149a07d_r1c1.jpg,TP,19,26,0.7063670411985019,1188,1090,13.691490272040575,12.562057572831842
TORDILHA-G_012_jpg.rf.5a71e85cb1442ba538dc7acb7149a07d_r1c1.jpg,TP,44,20,0.6527777777777778,564,864,6.5000004321808795,9.957447470574964
TORDILHA-G_012_jpg.rf.5a71e85cb1442ba538dc7acb7149a07d_r1c1.jpg,TP,40,10,0.6248843663274746,4029,2997,46.43351372563256,34.539895913556904
TORDILHA-G_012_jpg.rf.5a71e85cb1442ba538dc7acb7149a07d_r1c1.jpg,TP,33,42,0.593325572370974,7426,4892,85.58333902371491,56.379436372746206
TORDILHA-G_012_jpg.rf.5a71e85cb1442ba538dc7acb7149a07d_r1c1.jpg,TP,47,37,0.563395225464191,1112,1835,12.81560368898074,21.148051051510485
TORDILHA-G_012_jpg.rf.5a71e85cb1442ba538dc7acb7149a07d_r1c1.jpg,TP,49,27,0.5315641805003507,4596,8505,52.96808862819738,98.0186235384723
TORDILHA-G_012_jpg.rf.5a71e85cb1442ba538dc7acb7149a07d_r1c1.jpg,TP,41,25,0.5224193151022419,4538,7821,52.299648867441185,90.13564429093378
TORDILHA-G_012_jpg.rf.5a71e85cb1442ba538dc7acb7149a07d_r1c1.jpg,FP,42,-1,0.0,0,1654,0.0,19.06205800501272
TORDILHA-G_012_jpg.rf.5a71e85cb1442ba538dc7acb7149a07d_r1c1.jpg,FP,43,-1,0.0,0,1977,0.0,22.784575983017017
TORDILHA-G_012_jpg.rf.5a71e85cb1442ba538dc7acb7149a07d_r1c1.jpg,FP,45,-1,0.0,0,4036,0.0,46.514187489861754
TORDILHA-G_012_jpg.rf.5a71e85cb1442ba538dc7acb7149a07d_r1c1.jpg,FP,50,-1,0.0,0,2055,0.0,23.68351221299948
TORDILHA-G_012_jpg.rf.5a71e85cb1442ba538dc7acb7149a07d_r1c1.jpg,FP,51,-1,0.0,0,1687,0.0,19.44237717923607
TORDILHA-G_012_jpg.rf.5a71e85cb1442ba538dc7acb7149a07d_r1c1.jpg,FP,52,-1,0.0,0,4958,0.0,57.14007472119291
TORDILHA-G_012_jpg.rf.5a71e85cb1442ba538dc7acb7149a07d_r1c1.jpg,FP,56,-1,0.0,0,3740,0.0,43.10283974531292
TORDILHA-G_012_jpg.rf.5a71e85cb1442ba538dc7acb7149a07d_r1c1.jpg,FP,57,-1,0.0,0,5726,0.0,65.99113913948176
TORDILHA-G_012_jpg.rf.5a71e85cb1442ba538dc7acb7149a07d_r1c1.jpg,FN,-1,9,0.0,7578,0,87.33511218983458,0.0
TORDILHA-G_012_jpg.rf.5a71e85cb1442ba538dc7acb7149a07d_r1c1.jpg,FN,-1,31,0.0,739,0,8.516844537910762,0.0
TORDILHA-G_012_jpg.rf.5a71e85cb1442ba538dc7acb7149a07d_r1c1.jpg,FN,-1,33,0.0,2450,0,28.23581748021836,0.0
TORDILHA-G_012_jpg.rf.5a71e85cb1442ba538dc7acb7149a07d_r1c1.jpg,FN,-1,36,0.0,1678,0,19.338653768084246,0.0
TORDILHA-G_012_jpg.rf.5a71e85cb1442ba538dc7acb7149a07d_r1c1.jpg,FN,-1,41,0.0,806,0,9.289007709818774,0.0
TORDILHA-G_012_jpg.rf.5a71e85cb1442ba538dc7acb7149a07d_r1c1.jpg,FN,-1,47,0.0,3869,0,44.58954197182238,0.0
TORDILHA-G_012_jpg.rf.5a71e85cb1442ba538dc7acb7149a07d_r1c2.jpg,TP,6,2,0.9201908836597005,5753,5916,66.30230937293723,68.18085559713136
TORDILHA-G_012_jpg.rf.5a71e85cb1442ba538dc7acb7149a07d_r1c2.jpg,TP,2,12,0.915863453815261,4903,4638,56.50620943082066,53.45213121357255
TORDILHA-G_012_jpg.rf.5a71e85cb1442ba538dc7acb7149a07d_r1c2.jpg,TP,0,24,0.8876865671641792,15100,15254,174.0248342658356,175.79965707887789
TORDILHA-G_012_jpg.rf.5a71e85cb1442ba538dc7acb7149a07d_r1c2.jpg,TP,4,11,0.8496739130434783,9008,8009,103.81560973951305,92.30231110166075
TORDILHA-G_012_jpg.rf.5a71e85cb1442ba538dc7acb7149a07d_r1c2.jpg,TP,15,13,0.8475964647553352,8186,8956,94.34220485431325,103.21631891952474
TORDILHA-G_012_jpg.rf.5a71e85cb1442ba538dc7acb7149a07d_r1c2.jpg,TP,28,29,0.8388029492554576,6294,6425,72.5372388655079,74.04699073893998
TORDILHA-G_012_jpg.rf.5a71e85cb1442ba538dc7acb7149a07d_r1c2.jpg,TP,14,17,0.8377867746288798,3628,3181,41.8120595176458,36.66046343043861
TORDILHA-G_012_jpg.rf.5a71e85cb1442ba538dc7acb7149a07d_r1c2.jpg,TP,10,1,0.8343653250773994,6343,5507,73.10195521511227,63.467202801454086
TORDILHA-G_012_jpg.rf.5a71e85cb1442ba538dc7acb7149a07d_r1c2.jpg,TP,30,20,0.827617059349836,6261,5995,72.15691969128454,69.09131665057512
TORDILHA-G_012_jpg.rf.5a71e85cb1442ba538dc7acb7149a07d_r1c2.jpg,TP,24,9,0.8226987792807654,13638,13985,157.1755423653951,161.1746561064709
TORDILHA-G_012_jpg.rf.5a71e85cb1442ba538dc7acb7149a07d_r1c2.jpg,TP,11,30,0.8151093439363817,4294,3923,49.48759194288067,45.21188243873331
TORDILHA-G_012_jpg.rf.5a71e85cb1442ba538dc7acb7149a07d_r1c2.jpg,TP,18,3,0.8105862805601709,3861,3767,44.497343384131874,43.41400997876839
TORDILHA-G_012_jpg.rf.5a71e85cb1442ba538dc7acb7149a07d_r1c2.jpg,TP,1,22,0.808809293320426,9741,8944,112.26330533665593,103.07802103798898
TORDILHA-G_012_jpg.rf.5a71e85cb1442ba538dc7acb7149a07d_r1c2.jpg,TP,16,21,0.8085409252669039,2764,2318,31.854612047070834,26.71454078332496
TORDILHA-G_012_jpg.rf.5a71e85cb1442ba538dc7acb7149a07d_r1c2.jpg,TP,12,15,0.8021925643469972,1939,1842,22.346632691487102,21.22872481573968
TORDILHA-G_012_jpg.rf.5a71e85cb1442ba538dc7acb7149a07d_r1c2.jpg,TP,3,6,0.7982169863886015,11659,10932,134.36791673545545,125.98937007908044
TORDILHA-G_012_jpg.rf.5a71e85cb1442ba538dc7acb7149a07d_r1c2.jpg,TP,7,25,0.7950771055753262,6485,5621,74.7384801466188,64.78103267604384
TORDILHA-G_012_jpg.rf.5a71e85cb1442ba538dc7acb7149a07d_r1c2.jpg,TP,5,14,0.7948525469168901,8082,8655,93.14362321433664,99.74734705766934
TORDILHA-G_012_jpg.rf.5a71e85cb1442ba538dc7acb7149a07d_r1c2.jpg,TP,8,27,0.794821277793414,3439,2938,39.633867883457526,33.8599313293394
TORDILHA-G_012_jpg.rf.5a71e85cb1442ba538dc7acb7149a07d_r1c2.jpg,TP,26,28,0.7647705413575158,3637,2785,41.91578292879762,32.09663333975842
TORDILHA-G_012_jpg.rf.5a71e85cb1442ba538dc7acb7149a07d_r1c2.jpg,TP,13,18,0.7634695085849615,2922,3035,33.67553415395839,34.97783920508682
TORDILHA-G_012_jpg.rf.5a71e85cb1442ba538dc7acb7149a07d_r1c2.jpg,TP,27,4,0.7242620590352772,1326,1069,15.281915909701855,12.320036280144254
TORDILHA-G_012_jpg.rf.5a71e85cb1442ba538dc7acb7149a07d_r1c2.jpg,TP,17,0,0.701783723522854,1564,1489,18.024823893494496,17.160462133895972
TORDILHA-G_012_jpg.rf.5a71e85cb1442ba538dc7acb7149a07d_r1c2.jpg,TP,20,16,0.6993065187239944,2876,3250,33.14539227473796,37.45567624926925
TORDILHA-G_012_jpg.rf.5a71e85cb1442ba538dc7acb7149a07d_r1c2.jpg,TP,29,7,0.6856835306781486,674,892,7.767731012925377,10.280142527491746
TORDILHA-G_012_jpg.rf.5a71e85cb1442ba538dc7acb7149a07d_r1c2.jpg,TP,9,19,0.6839012925969448,3294,2438,37.96276848156705,28.097519598682595
TORDILHA-G_012_jpg.rf.5a71e85cb1442ba538dc7acb7149a07d_r1c2.jpg,TP,19,10,0.6702557200538358,1356,1126,15.627660613541263,12.976951217439131
TORDILHA-G_012_jpg.rf.5a71e85cb1442ba538dc7acb7149a07d_r1c2.jpg,TP,23,5,0.595858448376434,10082,6333,116.19327013696387,72.98670698049912
TORDILHA-G_012_jpg.rf.5a71e85cb1442ba538dc7acb7149a07d_r1c2.jpg,FP,21,-1,0.0,0,2400,0.0,27.659576307152676
TORDILHA-G_012_jpg.rf.5a71e85cb1442ba538dc7acb7149a07d_r1c2.jpg,FP,22,-1,0.0,0,9829,0.0,113.27748980125153
TORDILHA-G_012_jpg.rf.5a71e85cb1442ba538dc7acb7149a07d_r1c2.jpg,FP,25,-1,0.0,0,3390,0.0,39.06915153385316
TORDILHA-G_012_jpg.rf.5a71e85cb1442ba538dc7acb7149a07d_r1c2.jpg,FN,-1,8,0.0,6097,0,70.26684864362912,0.0
TORDILHA-G_012_jpg.rf.5a71e85cb1442ba538dc7acb7149a07d_r1c2.jpg,FN,-1,23,0.0,816,0,9.40425594443191,0.0
TORDILHA-G_012_jpg.rf.5a71e85cb1442ba538dc7acb7149a07d_r1c2.jpg,FN,-1,26,0.0,1200,0,13.829788153576338,0.0
TORDILHA-G_012_jpg.rf.5a71e85cb1442ba538dc7acb7149a07d_r2c0.jpg,TP,30,0,0.9044792228818133,7301,6815,84.14273609105071,78.54167188885229
TORDILHA-G_012_jpg.rf.5a71e85cb1442ba538dc7acb7149a07d_r2c0.jpg,TP,0,33,0.8915805723785774,7806,8123,89.96277193901409,93.6161409762505
TORDILHA-G_012_jpg.rf.5a71e85cb1442ba538dc7acb7149a07d_r2c0.jpg,TP,6,31,0.876901284948231,27629,28023,318.4193474126339,322.96012785639147
TORDILHA-G_012_jpg.rf.5a71e85cb1442ba538dc7acb7149a07d_r2c0.jpg,TP,25,15,0.8721881390593047,9973,10168,114.93706437968069,117.18440495463685
TORDILHA-G_012_jpg.rf.5a71e85cb1442ba538dc7acb7149a07d_r2c0.jpg,TP,23,38,0.8665909736020437,3414,3162,39.345747296924685,36.44149178467365
TORDILHA-G_012_jpg.rf.5a71e85cb1442ba538dc7acb7149a07d_r2c0.jpg,TP,2,5,0.8395506570580754,4644,4035,53.52128015434043,46.50266266640044
TORDILHA-G_012_jpg.rf.5a71e85cb1442ba538dc7acb7149a07d_r2c0.jpg,TP,16,27,0.8369467028003613,2086,1981,24.040781740300204,22.830675276862273
TORDILHA-G_012_jpg.rf.5a71e85cb1442ba538dc7acb7149a07d_r2c0.jpg,TP,13,24,0.8350637092968382,3983,3794,45.903371846412135,43.72518021222386
TORDILHA-G_012_jpg.rf.5a71e85cb1442ba538dc7acb7149a07d_r2c0.jpg,TP,8,1,0.8284424379232506,4725,4185,54.454790854706836,48.23138618559748
TORDILHA-G_012_jpg.rf.5a71e85cb1442ba538dc7acb7149a07d_r2c0.jpg,TP,5,4,0.8234112922277345,7233,8204,83.35904809568139,94.5496516766169
TORDILHA-G_012_jpg.rf.5a71e85cb1442ba538dc7acb7149a07d_r2c0.jpg,TP,9,26,0.8204708290685773,4583,4310,52.8182659232003,49.671989118261685
TORDILHA-G_012_jpg.rf.5a71e85cb1442ba538dc7acb7149a07d_r2c0.jpg,TP,10,30,0.8148060548722801,4033,3640,46.47961301947781,41.95035739918156
TORDILHA-G_012_jpg.rf.5a71e85cb1442ba538dc7acb7149a07d_r2c0.jpg,TP,26,21,0.8098591549295775,4339,3885,50.00620899863978,44.7739391472034
TORDILHA-G_012_jpg.rf.5a71e85cb1442ba538dc7acb7149a07d_r2c0.jpg,TP,4,35,0.8085655314757482,5000,5515,57.62411730656808,63.55940138914459
TORDILHA-G_012_jpg.rf.5a71e85cb1442ba538dc7acb7149a07d_r2c0.jpg,TP,1,28,0.8058823529411765,4721,4489,54.40869156086158,51.734932517836825
TORDILHA-G_012_jpg.rf.5a71e85cb1442ba538dc7acb7149a07d_r2c0.jpg,TP,17,17,0.8035138042309071,2484,2546,28.627661477903022,29.342200532504467
TORDILHA-G_012_jpg.rf.5a71e85cb1442ba538dc7acb7149a07d_r2c0.jpg,TP,3,34,0.8030244280728964,2257,2393,26.01152655218483,27.578902542923483
TORDILHA-G_012_jpg.rf.5a71e85cb1442ba538dc7acb7149a07d_r2c0.jpg,TP,11,12,0.7997187625552431,4373,4586,50.398052996324445,52.852840393584245
TORDILHA-G_012_jpg.rf.5a71e85cb1442ba538dc7acb7149a07d_r2c0.jpg,TP,7,37,0.7839013778100072,2592,2328,29.872342411724894,26.829789017938097
TORDILHA-G_012_jpg.rf.5a71e85cb1442ba538dc7acb7149a07d_r2c0.jpg,TP,12,11,0.783448886266411,6075,6015,70.01330252748022,69.3218131198014
TORDILHA-G_012_jpg.rf.5a71e85cb1442ba538dc7acb7149a07d_r2c0.jpg,TP,18,19,0.7807212822796082,4200,3799,48.40425853751719,43.78280432953043
TORDILHA-G_012_jpg.rf.5a71e85cb1442ba538dc7acb7149a07d_r2c0.jpg,TP,28,13,0.7596828301311376,2889,2881,33.295214979735036,33.203016392044525
TORDILHA-G_012_jpg.rf.5a71e85cb1442ba538dc7acb7149a07d_r2c0.jpg,TP,31,18,0.7577677592299257,6504,7922,74.95745179238375,91.29965146052646
TORDILHA-G_012_jpg.rf.5a71e85cb1442ba538dc7acb7149a07d_r2c0.jpg,TP,19,9,0.7436430883032825,3486,4057,40.175534586139264,46.756208782549336
TORDILHA-G_012_jpg.rf.5a71e85cb1442ba538dc7acb7149a07d_r2c0.jpg,TP,29,14,0.6967060285891858,1405,1325,16.19237696314563,15.27039108624054
TORDILHA-G_012_jpg.rf.5a71e85cb1442ba538dc7acb7149a07d_r2c0.jpg,TP,34,16,0.638905066977286,1523,1291,17.552306131580636,14.878547088555878
TORDILHA-G_012_jpg.rf.5a71e85cb1442ba538dc7acb7149a07d_r2c0.jpg,TP,20,10,0.6010794896957802,2038,1225,23.487590214157148,14.11790874010918
TORDILHA-G_012_jpg.rf.5a71e85cb1442ba538dc7acb7149a07d_r2c0.jpg,TP,22,3,0.5338691159586682,1530,1142,17.632979895809832,13.16134839282015
TORDILHA-G_012_jpg.rf.5a71e85cb1442ba538dc7acb7149a07d_r2c0.jpg,TP,27,6,0.5299486594409584,2987,2377,34.42464767894377,27.394505367542465
TORDILHA-G_012_jpg.rf.5a71e85cb1442ba538dc7acb7149a07d_r2c0.jpg,TP,15,2,0.5200686106346484,2791,1640,32.1657822805263,18.90071047655433
TORDILHA-G_012_jpg.rf.5a71e85cb1442ba538dc7acb7149a07d_r2c0.jpg,FP,14,-1,0.0,0,2156,0.0,24.847519382592157
TORDILHA-G_012_jpg.rf.5a71e85cb1442ba538dc7acb7149a07d_r2c0.jpg,FP,21,-1,0.0,0,11553,0.0,133.1462854485562
TORDILHA-G_012_jpg.rf.5a71e85cb1442ba538dc7acb7149a07d_r2c0.jpg,FP,24,-1,0.0,0,7672,0.0,88.41844559519807
TORDILHA-G_012_jpg.rf.5a71e85cb1442ba538dc7acb7149a07d_r2c0.jpg,FP,32,-1,0.0,0,1395,0.0,16.077128728532493
TORDILHA-G_012_jpg.rf.5a71e85cb1442ba538dc7acb7149a07d_r2c0.jpg,FP,33,-1,0.0,0,1423,0.0,16.399823785449275
TORDILHA-G_012_jpg.rf.5a71e85cb1442ba538dc7acb7149a07d_r2c0.jpg,FP,35,-1,0.0,0,19928,0.0,229.66668193705775
TORDILHA-G_012_jpg.rf.5a71e85cb1442ba538dc7acb7149a07d_r2c0.jpg,FN,-1,7,0.0,2879,0,33.1799667451219,0.0
TORDILHA-G_012_jpg.rf.5a71e85cb1442ba538dc7acb7149a07d_r2c0.jpg,FN,-1,8,0.0,462,0,5.324468439126891,0.0
TORDILHA-G_012_jpg.rf.5a71e85cb1442ba538dc7acb7149a07d_r2c0.jpg,FN,-1,20,0.0,4135,0,47.655145012531804,0.0
TORDILHA-G_012_jpg.rf.5a71e85cb1442ba538dc7acb7149a07d_r2c0.jpg,FN,-1,22,0.0,1356,0,15.627660613541263,0.0
TORDILHA-G_012_jpg.rf.5a71e85cb1442ba538dc7acb7149a07d_r2c0.jpg,FN,-1,23,0.0,4212,0,48.54255641905295,0.0
TORDILHA-G_012_jpg.rf.5a71e85cb1442ba538dc7acb7149a07d_r2c0.jpg,FN,-1,25,0.0,4684,0,53.98227309279298,0.0
TORDILHA-G_012_jpg.rf.5a71e85cb1442ba538dc7acb7149a07d_r2c0.jpg,FN,-1,29,0.0,4118,0,47.45922301368947,0.0
TORDILHA-G_012_jpg.rf.5a71e85cb1442ba538dc7acb7149a07d_r2c0.jpg,FN,-1,32,0.0,3746,0,43.1719886860808,0.0
TORDILHA-G_012_jpg.rf.5a71e85cb1442ba538dc7acb7149a07d_r2c0.jpg,FN,-1,36,0.0,3054,0,35.19681085085178,0.0
TORDILHA-G_012_jpg.rf.5a71e85cb1442ba538dc7acb7149a07d_r2c1.jpg,TP,0,12,0.8966718940581982,5512,5373,63.52482691876065,61.922876457638054
TORDILHA-G_012_jpg.rf.5a71e85cb1442ba538dc7acb7149a07d_r2c1.jpg,TP,19,2,0.8900716082833365,9648,9884,111.19149675475377,113.91135509162378
TORDILHA-G_012_jpg.rf.5a71e85cb1442ba538dc7acb7149a07d_r2c1.jpg,TP,1,21,0.8786870193963043,7941,8428,91.51862310629143,97.13121213195116
TORDILHA-G_012_jpg.rf.5a71e85cb1442ba538dc7acb7149a07d_r2c1.jpg,TP,2,0,0.872325883398264,12763,14631,147.0913218367457,168.61969206247952
TORDILHA-G_012_jpg.rf.5a71e85cb1442ba538dc7acb7149a07d_r2c1.jpg,TP,25,13,0.871403983280059,3946,3665,45.47695337834353,42.238477985714404
TORDILHA-G_012_jpg.rf.5a71e85cb1442ba538dc7acb7149a07d_r2c1.jpg,TP,14,4,0.8655529037390612,7267,6803,83.75089209336605,78.40337400731653
TORDILHA-G_012_jpg.rf.5a71e85cb1442ba538dc7acb7149a07d_r2c1.jpg,TP,9,31,0.8645066273932254,4531,4331,52.218975103211996,49.91401041094927
TORDILHA-G_012_jpg.rf.5a71e85cb1442ba538dc7acb7149a07d_r2c1.jpg,TP,5,17,0.8636232302802658,3311,3139,38.15869048040938,36.17642084506344
TORDILHA-G_012_jpg.rf.5a71e85cb1442ba538dc7acb7149a07d_r2c1.jpg,TP,7,16,0.8625163017365639,14102,13033,162.52306045144462,150.20302417130034
TORDILHA-G_012_jpg.rf.5a71e85cb1442ba538dc7acb7149a07d_r2c1.jpg,TP,20,19,0.8569771936606108,4969,4639,57.26684777926736,53.463656037033864
TORDILHA-G_012_jpg.rf.5a71e85cb1442ba538dc7acb7149a07d_r2c1.jpg,TP,13,24,0.8478200499861149,3493,3161,40.25620835036846,36.42996696121234
TORDILHA-G_012_jpg.rf.5a71e85cb1442ba538dc7acb7149a07d_r2c1.jpg,TP,4,20,0.8454473891367095,6715,7351,77.38918954272093,84.71897726411639
TORDILHA-G_012_jpg.rf.5a71e85cb1442ba538dc7acb7149a07d_r2c1.jpg,TP,12,5,0.8335456475583864,4222,4414,48.65780465366608,50.8705707582383
TORDILHA-G_012_jpg.rf.5a71e85cb1442ba538dc7acb7149a07d_r2c1.jpg,TP,21,18,0.8256946950559365,2602,2457,29.987590646338028,28.316491244447555
TORDILHA-G_012_jpg.rf.5a71e85cb1442ba538dc7acb7149a07d_r2c1.jpg,TP,15,6,0.8180005696382797,6497,6269,74.87677802815456,72.24911827897506
TORDILHA-G_012_jpg.rf.5a71e85cb1442ba538dc7acb7149a07d_r2c1.jpg,TP,30,8,0.8099730458221024,650,693,7.49113524985385,7.986702658690335
TORDILHA-G_012_jpg.rf.5a71e85cb1442ba538dc7acb7149a07d_r2c1.jpg,TP,33,1,0.8021295474711624,1117,914,12.873227806287309,10.533688643640645
TORDILHA-G_012_jpg.rf.5a71e85cb1442ba538dc7acb7149a07d_r2c1.jpg,TP,3,3,0.7969362308514428,8244,6888,95.01064461506945,79.38298400152819
TORDILHA-G_012_jpg.rf.5a71e85cb1442ba538dc7acb7149a07d_r2c1.jpg,TP,6,28,0.7956793336803748,3653,3246,42.10018010417864,37.409576955423994
TORDILHA-G_012_jpg.rf.5a71e85cb1442ba538dc7acb7149a07d_r2c1.jpg,TP,32,14,0.794452347083926,1225,1298,14.11790874010918,14.959220852785073
TORDILHA-G_012_jpg.rf.5a71e85cb1442ba538dc7acb7149a07d_r2c1.jpg,TP,24,7,0.7924750146972369,1610,1439,18.554965772714922,16.584220960830294
TORDILHA-G_012_jpg.rf.5a71e85cb1442ba538dc7acb7149a07d_r2c1.jpg,TP,17,11,0.7615819209039548,3433,2803,39.564718942689645,32.304080162062064
TORDILHA-G_012_jpg.rf.5a71e85cb1442ba538dc7acb7149a07d_r2c1.jpg,TP,22,30,0.7530249110320285,1308,1155,15.07446908739821,13.311171097817226
TORDILHA-G_012_jpg.rf.5a71e85cb1442ba538dc7acb7149a07d_r2c1.jpg,TP,11,25,0.7204246713852376,3782,3024,43.5868823306881,34.851066147012375
TORDILHA-G_012_jpg.rf.5a71e85cb1442ba538dc7acb7149a07d_r2c1.jpg,TP,18,29,0.7201670644391408,3082,2684,35.51950590776856,30.932626170165744
TORDILHA-G_012_jpg.rf.5a71e85cb1442ba538dc7acb7149a07d_r2c1.jpg,TP,10,22,0.6690370939842398,5092,3592,58.684401065008934,41.39716587303851
TORDILHA-G_012_jpg.rf.5a71e85cb1442ba538dc7acb7149a07d_r2c1.jpg,TP,28,26,0.605476823147328,12991,8760,149.71898158592518,100.95745352110727
TORDILHA-G_012_jpg.rf.5a71e85cb1442ba538dc7acb7149a07d_r2c1.jpg,TP,8,15,0.5089198832306195,6061,3243,69.85195499902183,37.375002485040056
TORDILHA-G_012_jpg.rf.5a71e85cb1442ba538dc7acb7149a07d_r2c1.jpg,FP,16,-1,0.0,0,3437,0.0,39.6108182365349
TORDILHA-G_012_jpg.rf.5a71e85cb1442ba538dc7acb7149a07d_r2c1.jpg,FP,23,-1,0.0,0,3439,0.0,39.633867883457526
TORDILHA-G_012_jpg.rf.5a71e85cb1442ba538dc7acb7149a07d_r2c1.jpg,FP,26,-1,0.0,0,3112,0.0,35.86525061160797
TORDILHA-G_012_jpg.rf.5a71e85cb1442ba538dc7acb7149a07d_r2c1.jpg,FP,27,-1,0.0,0,4494,0.0,51.79255663514339
TORDILHA-G_012_jpg.rf.5a71e85cb1442ba538dc7acb7149a07d_r2c1.jpg,FP,29,-1,0.0,0,4173,0.0,48.093088304061716
TORDILHA-G_012_jpg.rf.5a71e85cb1442ba538dc7acb7149a07d_r2c1.jpg,FP,31,-1,0.0,0,2744,0.0,31.624115577844563
TORDILHA-G_012_jpg.rf.5a71e85cb1442ba538dc7acb7149a07d_r2c1.jpg,FP,34,-1,0.0,0,3058,0.0,35.242910144697035
TORDILHA-G_012_jpg.rf.5a71e85cb1442ba538dc7acb7149a07d_r2c1.jpg,FN,-1,9,0.0,11663,0,134.4140160293007,0.0
TORDILHA-G_012_jpg.rf.5a71e85cb1442ba538dc7acb7149a07d_r2c1.jpg,FN,-1,10,0.0,12616,0,145.3971727879326,0.0
TORDILHA-G_012_jpg.rf.5a71e85cb1442ba538dc7acb7149a07d_r2c1.jpg,FN,-1,23,0.0,15559,0,179.31472823457855,0.0
TORDILHA-G_012_jpg.rf.5a71e85cb1442ba538dc7acb7149a07d_r2c1.jpg,FN,-1,27,0.0,766,0,8.82801477136623,0.0
TORDILHA-G_012_jpg.rf.5a71e85cb1442ba538dc7acb7149a07d_r2c2.jpg,TP,24,26,0.9070249797096221,10421,10726,120.10018529034919,123.61525644604984
TORDILHA-G_012_jpg.rf.5a71e85cb1442ba538dc7acb7149a07d_r2c2.jpg,TP,13,32,0.8899009374376704,14830,13596,170.91313193128093,156.6914997800199
TORDILHA-G_012_jpg.rf.5a71e85cb1442ba538dc7acb7149a07d_r2c2.jpg,TP,26,12,0.869596803487105,2483,2664,28.616136654441707,30.702129700939473
TORDILHA-G_012_jpg.rf.5a71e85cb1442ba538dc7acb7149a07d_r2c2.jpg,TP,3,20,0.8668227828977186,13047,11666,150.36437169975875,134.44859049968466
TORDILHA-G_012_jpg.rf.5a71e85cb1442ba538dc7acb7149a07d_r2c2.jpg,TP,22,34,0.8637713437268003,2568,2453,29.595746648653364,28.2703919506023
TORDILHA-G_012_jpg.rf.5a71e85cb1442ba538dc7acb7149a07d_r2c2.jpg,TP,19,21,0.8590333716915995,10039,9347,115.69770272812738,107.72252489289836
TORDILHA-G_012_jpg.rf.5a71e85cb1442ba538dc7acb7149a07d_r2c2.jpg,TP,23,31,0.8303075910074311,9847,9611,113.48493662355517,110.76507828668517
TORDILHA-G_012_jpg.rf.5a71e85cb1442ba538dc7acb7149a07d_r2c2.jpg,TP,9,35,0.8095470043838285,3901,3529,44.958336322584415,40.67110199497575
TORDILHA-G_012_jpg.rf.5a71e85cb1442ba538dc7acb7149a07d_r2c2.jpg,TP,27,17,0.8000872029649008,12419,12352,143.1267825660538,142.35461939414577
TORDILHA-G_012_jpg.rf.5a71e85cb1442ba538dc7acb7149a07d_r2c2.jpg,TP,16,14,0.7994076999012834,4334,4780,49.94858488133321,55.088656145079085
TORDILHA-G_012_jpg.rf.5a71e85cb1442ba538dc7acb7149a07d_r2c2.jpg,TP,21,23,0.7976318622174381,826,844,9.519504179045047,9.726951001348692
TORDILHA-G_012_jpg.rf.5a71e85cb1442ba538dc7acb7149a07d_r2c2.jpg,TP,1,33,0.7881299734748011,5685,5101,65.51862137756791,58.78812447616075
TORDILHA-G_012_jpg.rf.5a71e85cb1442ba538dc7acb7149a07d_r2c2.jpg,TP,7,30,0.7870145631067961,1526,1419,17.586880601964577,16.35372449160402
TORDILHA-G_012_jpg.rf.5a71e85cb1442ba538dc7acb7149a07d_r2c2.jpg,TP,17,18,0.7861635220125787,3382,2866,38.97695294616265,33.030144040124824
TORDILHA-G_012_jpg.rf.5a71e85cb1442ba538dc7acb7149a07d_r2c2.jpg,TP,2,10,0.7748314606741573,2081,1868,23.983157622993634,21.528370225733834
TORDILHA-G_012_jpg.rf.5a71e85cb1442ba538dc7acb7149a07d_r2c2.jpg,TP,25,8,0.7714670255720054,3484,3097,40.152484939216635,35.69237825968827
TORDILHA-G_012_jpg.rf.5a71e85cb1442ba538dc7acb7149a07d_r2c2.jpg,TP,6,1,0.7702776863132478,7773,8356,89.58245276479073,96.30142484273658
TORDILHA-G_012_jpg.rf.5a71e85cb1442ba538dc7acb7149a07d_r2c2.jpg,TP,5,9,0.7641666666666667,1185,932,13.656915801656634,10.74113546594429
TORDILHA-G_012_jpg.rf.5a71e85cb1442ba538dc7acb7149a07d_r2c2.jpg,TP,4,0,0.7343043696634857,1694,1759,19.523050943465265,20.27216446845065
TORDILHA-G_012_jpg.rf.5a71e85cb1442ba538dc7acb7149a07d_r2c2.jpg,TP,10,27,0.7239726027397261,1394,1123,16.065603905071182,12.94237674705519
TORDILHA-G_012_jpg.rf.5a71e85cb1442ba538dc7acb7149a07d_r2c2.jpg,TP,8,15,0.7224563515954244,1608,1253,18.531916125792293,14.440603797025961
TORDILHA-G_012_jpg.rf.5a71e85cb1442ba538dc7acb7149a07d_r2c2.jpg,TP,12,2,0.7083069118579581,2678,2710,30.863477229397862,31.2322715801599
TORDILHA-G_012_jpg.rf.5a71e85cb1442ba538dc7acb7149a07d_r2c2.jpg,TP,18,3,0.6879530548843631,2019,2871,23.268618568392192,33.08776815743139
TORDILHA-G_012_jpg.rf.5a71e85cb1442ba538dc7acb7149a07d_r2c2.jpg,TP,11,4,0.6176270994740711,23270,33939,268.18264194476785,391.1409834535228
TORDILHA-G_012_jpg.rf.5a71e85cb1442ba538dc7acb7149a07d_r2c2.jpg,TP,15,24,0.5550183584574334,27078,41108,312.0691696854501,473.7624428476801
TORDILHA-G_012_jpg.rf.5a71e85cb1442ba538dc7acb7149a07d_r2c2.jpg,FP,0,-1,0.0,0,23156,0.0,266.8688120701781
TORDILHA-G_012_jpg.rf.5a71e85cb1442ba538dc7acb7149a07d_r2c2.jpg,FP,14,-1,0.0,0,982,0.0,11.317376639009971
TORDILHA-G_012_jpg.rf.5a71e85cb1442ba538dc7acb7149a07d_r2c2.jpg,FP,20,-1,0.0,0,844,0.0,9.726951001348692
TORDILHA-G_012_jpg.rf.5a71e85cb1442ba538dc7acb7149a07d_r2c2.jpg,FP,28,-1,0.0,0,662,0.0,7.6294331313896135
TORDILHA-G_012_jpg.rf.5a71e85cb1442ba538dc7acb7149a07d_r2c2.jpg,FP,29,-1,0.0,0,1935,0.0,22.300533397641846
TORDILHA-G_012_jpg.rf.5a71e85cb1442ba538dc7acb7149a07d_r2c2.jpg,FN,-1,5,0.0,966,0,11.132979463628953,0.0
TORDILHA-G_012_jpg.rf.5a71e85cb1442ba538dc7acb7149a07d_r2c2.jpg,FN,-1,6,0.0,7693,0,88.66046688788565,0.0
TORDILHA-G_012_jpg.rf.5a71e85cb1442ba538dc7acb7149a07d_r2c2.jpg,FN,-1,7,0.0,12167,0,140.22252705380276,0.0
TORDILHA-G_012_jpg.rf.5a71e85cb1442ba538dc7acb7149a07d_r2c2.jpg,FN,-1,11,0.0,1227,0,14.140958387031807,0.0
TORDILHA-G_012_jpg.rf.5a71e85cb1442ba538dc7acb7149a07d_r2c2.jpg,FN,-1,13,0.0,2435,0,28.062945128298654,0.0
TORDILHA-G_012_jpg.rf.5a71e85cb1442ba538dc7acb7149a07d_r2c2.jpg,FN,-1,16,0.0,2377,0,27.394505367542465,0.0
TORDILHA-G_012_jpg.rf.5a71e85cb1442ba538dc7acb7149a07d_r2c2.jpg,FN,-1,19,0.0,6618,0,76.27128166697351,0.0
TORDILHA-G_012_jpg.rf.5a71e85cb1442ba538dc7acb7149a07d_r2c2.jpg,FN,-1,22,0.0,877,0,10.10727017557204,0.0
TORDILHA-G_012_jpg.rf.5a71e85cb1442ba538dc7acb7149a07d_r2c2.jpg,FN,-1,25,0.0,855,0,9.853724059423142,0.0
TORDILHA-G_012_jpg.rf.5a71e85cb1442ba538dc7acb7149a07d_r2c2.jpg,FN,-1,28,0.0,915,0,10.54521346710196,0.0
TORDILHA-G_012_jpg.rf.5a71e85cb1442ba538dc7acb7149a07d_r2c2.jpg,FN,-1,29,0.0,1002,0,11.547873108236242,0.0
TORDILHA-G_012_jpg.rf.5a71e85cb1442ba538dc7acb7149a07d_r2c2.jpg,FN,-1,36,0.0,4066,0,46.85993219370116,0.0
TOSTADA-B_004_jpg.rf.25c22e0051034e43662e42875d5b085f_r0c0.jpg,TP,0,5,0.8474635336287151,19606,17504,225.95568878251476,201.73050986683353
TOSTADA-B_004_jpg.rf.25c22e0051034e43662e42875d5b085f_r0c0.jpg,TP,2,4,0.7617916525279945,2883,2309,33.226066038967154,26.610817372173138
TOSTADA-B_004_jpg.rf.25c22e0051034e43662e42875d5b085f_r0c0.jpg,TP,4,0,0.7598335067637877,3855,4601,44.42819444336399,53.025712745503945
TOSTADA-B_004_jpg.rf.25c22e0051034e43662e42875d5b085f_r0c0.jpg,TP,7,2,0.7596567378145906,44485,43892,512.6817716765362,505.84755136397723
TOSTADA-B_004_jpg.rf.25c22e0051034e43662e42875d5b085f_r0c0.jpg,TP,1,3,0.6938857602574416,2479,1732,28.570037360596455,19.960994234995184
TOSTADA-B_004_jpg.rf.25c22e0051034e43662e42875d5b085f_r0c0.jpg,TP,3,1,0.6449204077982472,58410,51951,673.1649383753283,598.7261036387036
TOSTADA-B_004_jpg.rf.25c22e0051034e43662e42875d5b085f_r0c0.jpg,FP,5,-1,0.0,0,85173,0.0,981.6037886704646
TOSTADA-B_004_jpg.rf.25c22e0051034e43662e42875d5b085f_r0c0.jpg,FP,6,-1,0.0,0,110770,0.0,1276.6046948097091
TOSTADA-B_004_jpg.rf.25c22e0051034e43662e42875d5b085f_r0c1.jpg,TP,7,15,0.8752127056154283,9542,10294,109.96986546785452,118.63653271076237
TOSTADA-B_004_jpg.rf.25c22e0051034e43662e42875d5b085f_r0c1.jpg,TP,6,14,0.8568439599163088,8710,8152,100.3812123480416,93.95036085662859
TOSTADA-B_004_jpg.rf.25c22e0051034e43662e42875d5b085f_r0c1.jpg,TP,0,1,0.8247586718998621,9170,8032,105.68263114024586,92.56738204127096
TOSTADA-B_004_jpg.rf.25c22e0051034e43662e42875d5b085f_r0c1.jpg,TP,16,3,0.8136511680143755,33999,30596,391.8324728612016,352.6134986223514
TOSTADA-B_004_jpg.rf.25c22e0051034e43662e42875d5b085f_r0c1.jpg,TP,3,2,0.7652904020952087,37689,31062,434.3590714334489,357.98406635532353
TOSTADA-B_004_jpg.rf.25c22e0051034e43662e42875d5b085f_r0c1.jpg,TP,4,24,0.7551020408163265,1896,2146,21.851065282650616,24.73227114797902
TOSTADA-B_004_jpg.rf.25c22e0051034e43662e42875d5b085f_r0c1.jpg,TP,17,5,0.7521911753689415,12192,11198,140.5106476403356,129.05497311978988
TOSTADA-B_004_jpg.rf.25c22e0051034e43662e42875d5b085f_r0c1.jpg,TP,14,17,0.7347102145373039,10742,10928,123.79965362143086,125.9432707852352
TOSTADA-B_004_jpg.rf.25c22e0051034e43662e42875d5b085f_r0c1.jpg,TP,11,20,0.7056145675265554,16638,13710,191.75001274933595,158.00532965460968
TOSTADA-B_004_jpg.rf.25c22e0051034e43662e42875d5b085f_r0c1.jpg,TP,9,19,0.678396871945259,35531,33149,409.4885024039341,382.03637291908507
TOSTADA-B_004_jpg.rf.25c22e0051034e43662e42875d5b085f_r0c1.jpg,TP,2,12,0.6691117478510029,8686,5877,100.10461658497006,67.73138748214012
TOSTADA-B_004_jpg.rf.25c22e0051034e43662e42875d5b085f_r0c1.jpg,TP,5,0,0.6580921757770632,1748,1346,20.1453914103762,15.512412378928127
TOSTADA-B_004_jpg.rf.25c22e0051034e43662e42875d5b085f_r0c1.jpg,TP,15,7,0.5025077669705769,35985,38009,414.7207722553705,438.0470149410692
TOSTADA-B_004_jpg.rf.25c22e0051034e43662e42875d5b085f_r0c1.jpg,FP,1,-1,0.0,0,4591,0.0,52.91046451089081
TOSTADA-B_004_jpg.rf.25c22e0051034e43662e42875d5b085f_r0c1.jpg,FP,8,-1,0.0,0,18249,0.0,210.3165033455122
TOSTADA-B_004_jpg.rf.25c22e0051034e43662e42875d5b085f_r0c1.jpg,FP,10,-1,0.0,0,7708,0.0,88.83333923980535
TOSTADA-B_004_jpg.rf.25c22e0051034e43662e42875d5b085f_r0c1.jpg,FP,12,-1,0.0,0,4534,0.0,52.25354957359593
TOSTADA-B_004_jpg.rf.25c22e0051034e43662e42875d5b085f_r0c1.jpg,FP,13,-1,0.0,0,19092,0.0,220.03192952339955
TOSTADA-B_004_jpg.rf.25c22e0051034e43662e42875d5b085f_r0c1.jpg,FN,-1,4,0.0,45393,0,523.146311379409,0.0
TOSTADA-B_004_jpg.rf.25c22e0051034e43662e42875d5b085f_r0c1.jpg,FN,-1,6,0.0,7075,0,81.53812598879384,0.0
TOSTADA-B_004_jpg.rf.25c22e0051034e43662e42875d5b085f_r0c1.jpg,FN,-1,8,0.0,87239,0,1005.4140739415385,0.0
TOSTADA-B_004_jpg.rf.25c22e0051034e43662e42875d5b085f_r0c1.jpg,FN,-1,9,0.0,5784,0,66.65957890023796,0.0
TOSTADA-B_004_jpg.rf.25c22e0051034e43662e42875d5b085f_r0c1.jpg,FN,-1,10,0.0,12001,0,138.3094063592247,0.0
TOSTADA-B_004_jpg.rf.25c22e0051034e43662e42875d5b085f_r0c1.jpg,FN,-1,11,0.0,8088,0,93.21277215510453,0.0
TOSTADA-B_004_jpg.rf.25c22e0051034e43662e42875d5b085f_r0c1.jpg,FN,-1,13,0.0,7912,0,91.18440322591333,0.0
TOSTADA-B_004_jpg.rf.25c22e0051034e43662e42875d5b085f_r0c1.jpg,FN,-1,16,0.0,8437,0,97.23493554310298,0.0
TOSTADA-B_004_jpg.rf.25c22e0051034e43662e42875d5b085f_r0c1.jpg,FN,-1,18,0.0,30905,0,356.1746690718973,0.0
TOSTADA-B_004_jpg.rf.25c22e0051034e43662e42875d5b085f_r0c1.jpg,FN,-1,21,0.0,15763,0,181.6657922206865,0.0
TOSTADA-B_004_jpg.rf.25c22e0051034e43662e42875d5b085f_r0c1.jpg,FN,-1,22,0.0,2116,0,24.386526444139612,0.0
TOSTADA-B_004_jpg.rf.25c22e0051034e43662e42875d5b085f_r0c1.jpg,FN,-1,23,0.0,1703,0,19.626774354617087,0.0
TOSTADA-B_004_jpg.rf.25c22e0051034e43662e42875d5b085f_r0c2.jpg,TP,7,6,0.8672466481292844,33872,33952,390.3688202816148,391.2908061585199
TOSTADA-B_004_jpg.rf.25c22e0051034e43662e42875d5b085f_r0c2.jpg,TP,1,2,0.8485564868543592,12222,13582,140.85639234417502,156.53015225156153
TOSTADA-B_004_jpg.rf.25c22e0051034e43662e42875d5b085f_r0c2.jpg,TP,4,7,0.7394838447470027,9288,7832,107.04256030868086,90.26241734900825
TOSTADA-B_004_jpg.rf.25c22e0051034e43662e42875d5b085f_r0c2.jpg,TP,0,3,0.7159897327495093,4830,6535,55.66489731814477,75.31472131968448
TOSTADA-B_004_jpg.rf.25c22e0051034e43662e42875d5b085f_r0c2.jpg,TP,8,0,0.7132514951211835,12372,9400,142.58511586337207,108.33334053634799
TOSTADA-B_004_jpg.rf.25c22e0051034e43662e42875d5b085f_r0c2.jpg,TP,3,11,0.6902176709720579,27142,38550,312.80675838697414,444.28194443363986
TOSTADA-B_004_jpg.rf.25c22e0051034e43662e42875d5b085f_r0c2.jpg,TP,2,1,0.634450784593438,8281,5468,95.43706308313806,63.01773468646285
TOSTADA-B_004_jpg.rf.25c22e0051034e43662e42875d5b085f_r0c2.jpg,FP,5,-1,0.0,0,11860,0.0,136.6844062511795
TOSTADA-B_004_jpg.rf.25c22e0051034e43662e42875d5b085f_r0c2.jpg,FP,6,-1,0.0,0,4805,0.0,55.376776731611926
TOSTADA-B_004_jpg.rf.25c22e0051034e43662e42875d5b085f_r0c2.jpg,FP,9,-1,0.0,0,12150,0.0,140.02660505496044
TOSTADA-B_004_jpg.rf.25c22e0051034e43662e42875d5b085f_r0c2.jpg,FP,10,-1,0.0,0,1303,0.0,15.016844970091642
TOSTADA-B_004_jpg.rf.25c22e0051034e43662e42875d5b085f_r0c2.jpg,FN,-1,4,0.0,6806,0,78.43794847770047,0.0
TOSTADA-B_004_jpg.rf.25c22e0051034e43662e42875d5b085f_r0c2.jpg,FN,-1,5,0.0,2956,0,34.06737815164305,0.0
TOSTADA-B_004_jpg.rf.25c22e0051034e43662e42875d5b085f_r0c2.jpg,FN,-1,8,0.0,12299,0,141.74380375069617,0.0
TOSTADA-B_004_jpg.rf.25c22e0051034e43662e42875d5b085f_r0c2.jpg,FN,-1,9,0.0,6603,0,76.0984093150538,0.0
TOSTADA-B_004_jpg.rf.25c22e0051034e43662e42875d5b085f_r0c2.jpg,FN,-1,10,0.0,19665,0,226.63565336673224,0.0
TOSTADA-B_004_jpg.rf.25c22e0051034e43662e42875d5b085f_r0c2.jpg,FN,-1,12,0.0,7633,0,87.96897748020683,0.0
TOSTADA-B_004_jpg.rf.25c22e0051034e43662e42875d5b085f_r1c0.jpg,TP,2,0,0.7921166146065745,97920,82806,1128.5107133318293,954.3245315375352
TOSTADA-B_004_jpg.rf.25c22e0051034e43662e42875d5b085f_r1c0.jpg,FP,0,-1,0.0,0,10921,0.0,125.862597021006
TOSTADA-B_004_jpg.rf.25c22e0051034e43662e42875d5b085f_r1c0.jpg,FP,1,-1,0.0,0,40599,0.0,467.8963077058715
TOSTADA-B_004_jpg.rf.25c22e0051034e43662e42875d5b085f_r1c1.jpg,TP,1,3,0.7838489923360772,6887,5682,79.37145917806687,65.48404690718397
TOSTADA-B_004_jpg.rf.25c22e0051034e43662e42875d5b085f_r1c1.jpg,TP,0,8,0.7779062648799402,14636,11501,168.6773161797861,132.5469946285679
TOSTADA-B_004_jpg.rf.25c22e0051034e43662e42875d5b085f_r1c1.jpg,TP,6,4,0.7142857142857143,1704,1428,19.6382991780784,16.457447902755842
TOSTADA-B_004_jpg.rf.25c22e0051034e43662e42875d5b085f_r1c1.jpg,TP,3,10,0.7072020809624451,5985,4516,68.97606841596199,52.04610275129229
TOSTADA-B_004_jpg.rf.25c22e0051034e43662e42875d5b085f_r1c1.jpg,TP,8,11,0.7016168070481169,7247,10329,83.52039562413978,119.03990153190834
TOSTADA-B_004_jpg.rf.25c22e0051034e43662e42875d5b085f_r1c1.jpg,TP,5,5,0.6820338983050848,15026,12265,173.1719973296984,141.3519597530115
TOSTADA-B_004_jpg.rf.25c22e0051034e43662e42875d5b085f_r1c1.jpg,TP,9,1,0.675956519189036,93092,78355,1072.868865660607,903.0275423112283
TOSTADA-B_004_jpg.rf.25c22e0051034e43662e42875d5b085f_r1c1.jpg,FP,2,-1,0.0,0,55968,0.0,645.0213194828004
TOSTADA-B_004_jpg.rf.25c22e0051034e43662e42875d5b085f_r1c1.jpg,FP,4,-1,0.0,0,2461,0.0,28.362590538292807
TOSTADA-B_004_jpg.rf.25c22e0051034e43662e42875d5b085f_r1c1.jpg,FP,7,-1,0.0,0,2630,0.0,30.31028570325481
TOSTADA-B_004_jpg.rf.25c22e0051034e43662e42875d5b085f_r1c1.jpg,FP,10,-1,0.0,0,4608,0.0,53.10638650973314
TOSTADA-B_004_jpg.rf.25c22e0051034e43662e42875d5b085f_r1c1.jpg,FN,-1,0,0.0,27241,0,313.9477159096442,0.0
TOSTADA-B_004_jpg.rf.25c22e0051034e43662e42875d5b085f_r1c1.jpg,FN,-1,2,0.0,1459,0,16.814717430056564,0.0
TOSTADA-B_004_jpg.rf.25c22e0051034e43662e42875d5b085f_r1c1.jpg,FN,-1,6,0.0,3471,0,40.002662234219564,0.0
TOSTADA-B_004_jpg.rf.25c22e0051034e43662e42875d5b085f_r1c1.jpg,FN,-1,7,0.0,15534,0,179.0266076480457,0.0
TOSTADA-B_004_jpg.rf.25c22e0051034e43662e42875d5b085f_r1c1.jpg,FN,-1,9,0.0,775,0,8.931738182518052,0.0
TOSTADA-B_004_jpg.rf.25c22e0051034e43662e42875d5b085f_r1c2.jpg,TP,6,16,0.8359580757860791,15623,18535,180.0523169361026,213.61260285544788
TOSTADA-B_004_jpg.rf.25c22e0051034e43662e42875d5b085f_r1c2.jpg,TP,11,14,0.8304536840931892,8182,8239,94.296105560468,94.95302049776288
TOSTADA-B_004_jpg.rf.25c22e0051034e43662e42875d5b085f_r1c2.jpg,TP,12,3,0.8287827076222981,3027,3403,34.88564061739631,39.21897423885024
TOSTADA-B_004_jpg.rf.25c22e0051034e43662e42875d5b085f_r1c2.jpg,TP,3,4,0.8276821862348178,7627,6819,87.89982853943894,78.58777118269755
TOSTADA-B_004_jpg.rf.25c22e0051034e43662e42875d5b085f_r1c2.jpg,TP,8,13,0.8072349766761182,21354,18163,246.10108019289095,209.3253685278392
TOSTADA-B_004_jpg.rf.25c22e0051034e43662e42875d5b085f_r1c2.jpg,TP,10,1,0.8000778816199376,10766,12347,124.07624938450239,142.29699527683923
TOSTADA-B_004_jpg.rf.25c22e0051034e43662e42875d5b085f_r1c2.jpg,TP,0,6,0.7860703219722485,19994,19780,230.42732028550444,227.96100806478333
TOSTADA-B_004_jpg.rf.25c22e0051034e43662e42875d5b085f_r1c2.jpg,TP,7,10,0.7636317309325633,10079,10686,116.15869566657993,123.15426350759729
TOSTADA-B_004_jpg.rf.25c22e0051034e43662e42875d5b085f_r1c2.jpg,TP,2,12,0.7559515712148007,6344,6564,73.11348003857358,75.64894120006258
TOSTADA-B_004_jpg.rf.25c22e0051034e43662e42875d5b085f_r1c2.jpg,TP,4,7,0.7540111397456147,11656,9443,134.3333422650715,108.82890794518447
TOSTADA-B_004_jpg.rf.25c22e0051034e43662e42875d5b085f_r1c2.jpg,TP,1,0,0.7094312193349083,5397,4010,62.19947222070959,46.2145420798676
TOSTADA-B_004_jpg.rf.25c22e0051034e43662e42875d5b085f_r1c2.jpg,TP,5,11,0.5236947791164659,5677,3808,65.42642278987739,43.88652774068225
TOSTADA-B_004_jpg.rf.25c22e0051034e43662e42875d5b085f_r1c2.jpg,FP,9,-1,0.0,0,15180,0.0,174.94682014274068
TOSTADA-B_004_jpg.rf.25c22e0051034e43662e42875d5b085f_r1c2.jpg,FN,-1,2,0.0,9723,0,112.05585851435228,0.0
TOSTADA-B_004_jpg.rf.25c22e0051034e43662e42875d5b085f_r1c2.jpg,FN,-1,5,0.0,26146,0,301.3280342195058,0.0
TOSTADA-B_004_jpg.rf.25c22e0051034e43662e42875d5b085f_r1c2.jpg,FN,-1,8,0.0,5593,0,64.45833761912705,0.0
TOSTADA-B_004_jpg.rf.25c22e0051034e43662e42875d5b085f_r1c2.jpg,FN,-1,9,0.0,43311,0,499.151628932954,0.0
TOSTADA-B_004_jpg.rf.25c22e0051034e43662e42875d5b085f_r1c2.jpg,FN,-1,15,0.0,11165,0,128.67465394556652,0.0
TOSTADA-B_004_jpg.rf.25c22e0051034e43662e42875d5b085f_r2c0.jpg,TP,1,0,0.8842682926829268,40433,36822,465.9831870112934,424.36704949248997
TOSTADA-B_004_jpg.rf.25c22e0051034e43662e42875d5b085f_r2c0.jpg,TP,7,2,0.8638845749210962,18302,18903,210.9273189889618,217.8537378892113
TOSTADA-B_004_jpg.rf.25c22e0051034e43662e42875d5b085f_r2c0.jpg,TP,0,3,0.8468220804926325,42820,41155,493.49294061344904,474.3041095503619
TOSTADA-B_004_jpg.rf.25c22e0051034e43662e42875d5b085f_r2c0.jpg,TP,3,5,0.791777670138048,15201,14392,175.1888414354283,165.86525925522557
TOSTADA-B_004_jpg.rf.25c22e0051034e43662e42875d5b085f_r2c0.jpg,TP,6,4,0.6106241004841031,15286,9334,176.16845142963993,107.57270218790129
TOSTADA-B_004_jpg.rf.25c22e0051034e43662e42875d5b085f_r2c0.jpg,TP,4,6,0.5858405605719929,82258,51043,948.0089282807354,588.2615639358308
TOSTADA-B_004_jpg.rf.25c22e0051034e43662e42875d5b085f_r2c0.jpg,TP,5,1,0.5645934951122266,48824,28481,562.6879806751759,328.23849700167307
TOSTADA-B_004_jpg.rf.25c22e0051034e43662e42875d5b085f_r2c0.jpg,FP,2,-1,0.0,0,7081,0.0,81.60727492956171
TOSTADA-B_004_jpg.rf.25c22e0051034e43662e42875d5b085f_r2c0.jpg,FP,8,-1,0.0,0,7082,0.0,81.61879975302303
TOSTADA-B_004_jpg.rf.25c22e0051034e43662e42875d5b085f_r2c0.jpg,FP,9,-1,0.0,0,14167,0.0,163.27217397643
TOSTADA-B_004_jpg.rf.25c22e0051034e43662e42875d5b085f_r2c1.jpg,TP,1,0,0.8904257472505229,14388,13630,165.8191599613803,157.08334377770458
TOSTADA-B_004_jpg.rf.25c22e0051034e43662e42875d5b085f_r2c1.jpg,TP,14,8,0.852431011826544,7257,6840,83.63564385875291,78.82979247538513
TOSTADA-B_004_jpg.rf.25c22e0051034e43662e42875d5b085f_r2c1.jpg,TP,4,24,0.8189880020865936,3630,3344,41.83510916456842,38.53900965463273
TOSTADA-B_004_jpg.rf.25c22e0051034e43662e42875d5b085f_r2c1.jpg,TP,16,12,0.8109976950938426,2940,2560,33.88298097626203,29.503548060962856
TOSTADA-B_004_jpg.rf.25c22e0051034e43662e42875d5b085f_r2c1.jpg,TP,5,22,0.7977766879189145,5469,5528,63.02925950992417,63.70922409414167
TOSTADA-B_004_jpg.rf.25c22e0051034e43662e42875d5b085f_r2c1.jpg,TP,6,21,0.7974580118020881,9103,10696,104.91046796833784,123.26951174221044
TOSTADA-B_004_jpg.rf.25c22e0051034e43662e42875d5b085f_r2c1.jpg,TP,23,23,0.7779083431257344,5341,5250,61.554082106876024,60.505323171896485
TOSTADA-B_004_jpg.rf.25c22e0051034e43662e42875d5b085f_r2c1.jpg,TP,8,10,0.747684535503789,6783,5671,78.17287753809026,65.35727384910952
TOSTADA-B_004_jpg.rf.25c22e0051034e43662e42875d5b085f_r2c1.jpg,TP,18,30,0.739415511427501,5143,4142,59.272167061535924,47.73581877676099
TOSTADA-B_004_jpg.rf.25c22e0051034e43662e42875d5b085f_r2c1.jpg,TP,21,11,0.7345121321631388,7629,5810,87.92287818636157,66.9592243102321
TOSTADA-B_004_jpg.rf.25c22e0051034e43662e42875d5b085f_r2c1.jpg,TP,22,17,0.7258512265594017,17140,13323,197.53547412691537,153.54522297508132
TOSTADA-B_004_jpg.rf.25c22e0051034e43662e42875d5b085f_r2c1.jpg,TP,10,26,0.717302340808643,6103,4388,70.33599758439699,50.570925348244145
TOSTADA-B_004_jpg.rf.25c22e0051034e43662e42875d5b085f_r2c1.jpg,TP,15,6,0.6844172850283718,2287,1572,26.35727125602424,18.117022481185003
TOSTADA-B_004_jpg.rf.25c22e0051034e43662e42875d5b085f_r2c1.jpg,TP,3,9,0.6761577483226968,4757,5486,54.82358520546887,63.2251815087665
TOSTADA-B_004_jpg.rf.25c22e0051034e43662e42875d5b085f_r2c1.jpg,TP,13,19,0.6744215450752308,7613,5630,87.73848101098055,64.88475608719565
TOSTADA-B_004_jpg.rf.25c22e0051034e43662e42875d5b085f_r2c1.jpg,TP,17,13,0.6673326673326674,2324,2683,26.78368972409284,30.921101346704432
TOSTADA-B_004_jpg.rf.25c22e0051034e43662e42875d5b085f_r2c1.jpg,TP,9,4,0.6385580946250402,3107,1984,35.8076264943014,22.865249747246214
TOSTADA-B_004_jpg.rf.25c22e0051034e43662e42875d5b085f_r2c1.jpg,TP,0,15,0.5809734513274336,17088,29361,196.93618330692706,338.38034164762905
TOSTADA-B_004_jpg.rf.25c22e0051034e43662e42875d5b085f_r2c1.jpg,TP,24,28,0.5608154803040774,2879,1638,33.1799667451219,18.877660829631704
TOSTADA-B_004_jpg.rf.25c22e0051034e43662e42875d5b085f_r2c1.jpg,FP,2,-1,0.0,0,27983,0.0,322.49913491793893
TOSTADA-B_004_jpg.rf.25c22e0051034e43662e42875d5b085f_r2c1.jpg,FP,7,-1,0.0,0,17136,0.0,197.48937483307012
TOSTADA-B_004_jpg.rf.25c22e0051034e43662e42875d5b085f_r2c1.jpg,FP,11,-1,0.0,0,7013,0.0,80.82358693419239
TOSTADA-B_004_jpg.rf.25c22e0051034e43662e42875d5b085f_r2c1.jpg,FP,12,-1,0.0,0,52110,0.0,600.5585505690525
TOSTADA-B_004_jpg.rf.25c22e0051034e43662e42875d5b085f_r2c1.jpg,FP,19,-1,0.0,0,3176,0.0,36.602839313132044
TOSTADA-B_004_jpg.rf.25c22e0051034e43662e42875d5b085f_r2c1.jpg,FP,20,-1,0.0,0,549,0.0,6.327128080261175
TOSTADA-B_004_jpg.rf.25c22e0051034e43662e42875d5b085f_r2c1.jpg,FN,-1,1,0.0,7579,0,87.34663701329589,0.0
TOSTADA-B_004_jpg.rf.25c22e0051034e43662e42875d5b085f_r2c1.jpg,FN,-1,2,0.0,11561,0,133.23848403624672,0.0
TOSTADA-B_004_jpg.rf.25c22e0051034e43662e42875d5b085f_r2c1.jpg,FN,-1,3,0.0,1336,0,15.39716414431499,0.0
TOSTADA-B_004_jpg.rf.25c22e0051034e43662e42875d5b085f_r2c1.jpg,FN,-1,5,0.0,111197,0,1281.5257944276902,0.0
TOSTADA-B_004_jpg.rf.25c22e0051034e43662e42875d5b085f_r2c1.jpg,FN,-1,7,0.0,1474,0,16.98758978197627,0.0
TOSTADA-B_004_jpg.rf.25c22e0051034e43662e42875d5b085f_r2c1.jpg,FN,-1,14,0.0,4485,0,51.688833223991566,0.0
TOSTADA-B_004_jpg.rf.25c22e0051034e43662e42875d5b085f_r2c1.jpg,FN,-1,16,0.0,1824,0,21.021277993436037,0.0
TOSTADA-B_004_jpg.rf.25c22e0051034e43662e42875d5b085f_r2c1.jpg,FN,-1,18,0.0,8561,0,98.66401365230587,0.0
TOSTADA-B_004_jpg.rf.25c22e0051034e43662e42875d5b085f_r2c1.jpg,FN,-1,20,0.0,9446,0,108.86348241556841,0.0
TOSTADA-B_004_jpg.rf.25c22e0051034e43662e42875d5b085f_r2c1.jpg,FN,-1,25,0.0,25648,0,295.5886721357716,0.0
TOSTADA-B_004_jpg.rf.25c22e0051034e43662e42875d5b085f_r2c1.jpg,FN,-1,27,0.0,6232,0,71.82269981090646,0.0
TOSTADA-B_004_jpg.rf.25c22e0051034e43662e42875d5b085f_r2c1.jpg,FN,-1,29,0.0,1715,0,19.76507223615285,0.0
TOSTADA-B_004_jpg.rf.25c22e0051034e43662e42875d5b085f_r2c1.jpg,FN,-1,31,0.0,1963,0,22.623228454558628,0.0
TOSTADA-B_004_jpg.rf.25c22e0051034e43662e42875d5b085f_r2c2.jpg,TP,13,1,0.8924060264799878,6394,6041,73.68972121163925,69.62145852979555
TOSTADA-B_004_jpg.rf.25c22e0051034e43662e42875d5b085f_r2c2.jpg,TP,14,9,0.8533226008407119,22149,19295,255.2633148446353,222.37146868604623
TOSTADA-B_004_jpg.rf.25c22e0051034e43662e42875d5b085f_r2c2.jpg,TP,3,0,0.8320034274085578,17551,16658,202.27217656951527,191.98050921856222
TOSTADA-B_004_jpg.rf.25c22e0051034e43662e42875d5b085f_r2c2.jpg,TP,0,16,0.8107869921565172,11193,9354,128.9973490024833,107.80319865712757
TOSTADA-B_004_jpg.rf.25c22e0051034e43662e42875d5b085f_r2c2.jpg,TP,2,10,0.8016249153689912,10333,10955,119.08600082575359,126.25444101869066
TOSTADA-B_004_jpg.rf.25c22e0051034e43662e42875d5b085f_r2c2.jpg,TP,1,2,0.7744299065420561,13375,10358,154.1445137950696,119.37412141228643
TOSTADA-B_004_jpg.rf.25c22e0051034e43662e42875d5b085f_r2c2.jpg,TP,7,4,0.7664461497750727,18299,15078,210.89274451857784,173.7712881496867
TOSTADA-B_004_jpg.rf.25c22e0051034e43662e42875d5b085f_r2c2.jpg,TP,6,8,0.6832847333270624,10384,7511,119.67376682228058,86.56294901792657
TOSTADA-B_004_jpg.rf.25c22e0051034e43662e42875d5b085f_r2c2.jpg,TP,8,5,0.510363045245191,13769,8530,158.68529423882717,98.30674412500514
TOSTADA-B_004_jpg.rf.25c22e0051034e43662e42875d5b085f_r2c2.jpg,FP,4,-1,0.0,0,17249,0.0,198.79167988419857
TOSTADA-B_004_jpg.rf.25c22e0051034e43662e42875d5b085f_r2c2.jpg,FP,5,-1,0.0,0,13875,0.0,159.90692552572642
TOSTADA-B_004_jpg.rf.25c22e0051034e43662e42875d5b085f_r2c2.jpg,FP,9,-1,0.0,0,28604,0.0,329.65605028741464
TOSTADA-B_004_jpg.rf.25c22e0051034e43662e42875d5b085f_r2c2.jpg,FP,10,-1,0.0,0,2463,0.0,28.385640185215436
TOSTADA-B_004_jpg.rf.25c22e0051034e43662e42875d5b085f_r2c2.jpg,FP,11,-1,0.0,0,6365,0.0,73.35550133126117
TOSTADA-B_004_jpg.rf.25c22e0051034e43662e42875d5b085f_r2c2.jpg,FP,12,-1,0.0,0,18197,0.0,209.71721252552388
TOSTADA-B_004_jpg.rf.25c22e0051034e43662e42875d5b085f_r2c2.jpg,FP,15,-1,0.0,0,2470,0.0,28.466313949444633
TOSTADA-B_004_jpg.rf.25c22e0051034e43662e42875d5b085f_r2c2.jpg,FN,-1,3,0.0,73662,0,848.9415458072835,0.0
TOSTADA-B_004_jpg.rf.25c22e0051034e43662e42875d5b085f_r2c2.jpg,FN,-1,6,0.0,9352,0,107.78014901020494,0.0
TOSTADA-B_004_jpg.rf.25c22e0051034e43662e42875d5b085f_r2c2.jpg,FN,-1,7,0.0,22920,0,264.1489537333081,0.0
TOSTADA-B_004_jpg.rf.25c22e0051034e43662e42875d5b085f_r2c2.jpg,FN,-1,11,0.0,4918,0,56.67908178274036,0.0
TOSTADA-B_004_jpg.rf.25c22e0051034e43662e42875d5b085f_r2c2.jpg,FN,-1,12,0.0,2040,0,23.510639861079778,0.0
TOSTADA-B_004_jpg.rf.25c22e0051034e43662e42875d5b085f_r2c2.jpg,FN,-1,13,0.0,1688,0,19.453902002697383,0.0
TOSTADA-B_004_jpg.rf.25c22e0051034e43662e42875d5b085f_r2c2.jpg,FN,-1,14,0.0,4444,0,51.21631546207771,0.0
TOSTADA-B_004_jpg.rf.25c22e0051034e43662e42875d5b085f_r2c2.jpg,FN,-1,15,0.0,1256,0,14.475178267409902,0.0
TOSTADA-B_011_jpg.rf.e52fc7a5f2ca4041d6a049b2f927f63d_r0c0.jpg,TP,17,1,0.8983413590155164,12956,11880,149.31561276477922,136.91490272040576
TOSTADA-B_011_jpg.rf.e52fc7a5f2ca4041d6a049b2f927f63d_r0c0.jpg,TP,3,23,0.8832565284178188,15403,15247,177.51685577461362,175.7189833146487
TOSTADA-B_011_jpg.rf.e52fc7a5f2ca4041d6a049b2f927f63d_r0c0.jpg,TP,0,0,0.8803289057558508,21783,22809,251.0452294577945,262.8696983291023
TOSTADA-B_011_jpg.rf.e52fc7a5f2ca4041d6a049b2f927f63d_r0c0.jpg,TP,14,27,0.8439914163090129,3999,4594,46.08776902179315,52.94503898127475
TOSTADA-B_011_jpg.rf.e52fc7a5f2ca4041d6a049b2f927f63d_r0c0.jpg,TP,4,19,0.8374070138150903,3160,3756,36.41844213775103,43.28723692069394
TOSTADA-B_011_jpg.rf.e52fc7a5f2ca4041d6a049b2f927f63d_r0c0.jpg,TP,8,21,0.8353732598336915,17925,21363,206.58246054404657,246.20480360404278
TOSTADA-B_011_jpg.rf.e52fc7a5f2ca4041d6a049b2f927f63d_r0c0.jpg,TP,6,17,0.8304579339723109,11897,13885,137.1108247192481,160.02217376033954
TOSTADA-B_011_jpg.rf.e52fc7a5f2ca4041d6a049b2f927f63d_r0c0.jpg,TP,9,22,0.7996194413775283,34346,42262,395.83158660227747,487.062089122036
TOSTADA-B_011_jpg.rf.e52fc7a5f2ca4041d6a049b2f927f63d_r0c0.jpg,TP,16,11,0.7663930885529158,8871,11575,102.23670892531308,133.3998315647051
TOSTADA-B_011_jpg.rf.e52fc7a5f2ca4041d6a049b2f927f63d_r0c0.jpg,TP,12,7,0.7489361702127659,707,937,8.148050187148726,10.798759583250858
TOSTADA-B_011_jpg.rf.e52fc7a5f2ca4041d6a049b2f927f63d_r0c0.jpg,TP,1,24,0.7412961227394217,22835,27330,263.1693437390964,314.97342519770115
TOSTADA-B_011_jpg.rf.e52fc7a5f2ca4041d6a049b2f927f63d_r0c0.jpg,TP,2,14,0.6746043062883217,9462,14026,109.04787959094944,161.64717386838478
TOSTADA-B_011_jpg.rf.e52fc7a5f2ca4041d6a049b2f927f63d_r0c0.jpg,TP,13,5,0.674565560821485,866,1254,9.980497117497592,14.452128620487274
TOSTADA-B_011_jpg.rf.e52fc7a5f2ca4041d6a049b2f927f63d_r0c0.jpg,FP,5,-1,0.0,0,11269,0.0,129.87323558554314
TOSTADA-B_011_jpg.rf.e52fc7a5f2ca4041d6a049b2f927f63d_r0c0.jpg,FP,7,-1,0.0,0,55793,0.0,643.0044753770705
TOSTADA-B_011_jpg.rf.e52fc7a5f2ca4041d6a049b2f927f63d_r0c0.jpg,FP,10,-1,0.0,0,9318,0.0,107.38830501252028
TOSTADA-B_011_jpg.rf.e52fc7a5f2ca4041d6a049b2f927f63d_r0c0.jpg,FP,11,-1,0.0,0,5751,0.0,66.2792597260146
TOSTADA-B_011_jpg.rf.e52fc7a5f2ca4041d6a049b2f927f63d_r0c0.jpg,FP,15,-1,0.0,0,2407,0.0,27.740250071381872
TOSTADA-B_011_jpg.rf.e52fc7a5f2ca4041d6a049b2f927f63d_r0c0.jpg,FP,18,-1,0.0,0,12975,0.0,149.53458441054417
TOSTADA-B_011_jpg.rf.e52fc7a5f2ca4041d6a049b2f927f63d_r0c0.jpg,FP,19,-1,0.0,0,4077,0.0,46.98670525177561
TOSTADA-B_011_jpg.rf.e52fc7a5f2ca4041d6a049b2f927f63d_r0c0.jpg,FP,20,-1,0.0,0,24388,0.0,281.06739457451647
TOSTADA-B_011_jpg.rf.e52fc7a5f2ca4041d6a049b2f927f63d_r0c0.jpg,FN,-1,2,0.0,14350,0,165.38121666985037,0.0
TOSTADA-B_011_jpg.rf.e52fc7a5f2ca4041d6a049b2f927f63d_r0c0.jpg,FN,-1,3,0.0,2645,0,30.483158055174513,0.0
TOSTADA-B_011_jpg.rf.e52fc7a5f2ca4041d6a049b2f927f63d_r0c0.jpg,FN,-1,4,0.0,3542,0,40.82092469997283,0.0
TOSTADA-B_011_jpg.rf.e52fc7a5f2ca4041d6a049b2f927f63d_r0c0.jpg,FN,-1,6,0.0,1786,0,20.583334701906118,0.0
TOSTADA-B_011_jpg.rf.e52fc7a5f2ca4041d6a049b2f927f63d_r0c0.jpg,FN,-1,8,0.0,902,0,10.395390762104881,0.0
TOSTADA-B_011_jpg.rf.e52fc7a5f2ca4041d6a049b2f927f63d_r0c0.jpg,FN,-1,9,0.0,1083,0,12.481383808602645,0.0
TOSTADA-B_011_jpg.rf.e52fc7a5f2ca4041d6a049b2f927f63d_r0c0.jpg,FN,-1,10,0.0,5347,0,61.623231047643905,0.0
TOSTADA-B_011_jpg.rf.e52fc7a5f2ca4041d6a049b2f927f63d_r0c0.jpg,FN,-1,12,0.0,700,0,8.067376422919532,0.0
TOSTADA-B_011_jpg.rf.e52fc7a5f2ca4041d6a049b2f927f63d_r0c0.jpg,FN,-1,13,0.0,655,0,7.548759367160418,0.0
TOSTADA-B_011_jpg.rf.e52fc7a5f2ca4041d6a049b2f927f63d_r0c0.jpg,FN,-1,15,0.0,4164,0,47.9893648929099,0.0
TOSTADA-B_011_jpg.rf.e52fc7a5f2ca4041d6a049b2f927f63d_r0c0.jpg,FN,-1,16,0.0,15724,0,181.2163241056953,0.0
TOSTADA-B_011_jpg.rf.e52fc7a5f2ca4041d6a049b2f927f63d_r0c0.jpg,FN,-1,18,0.0,9938,0,114.53369555853472,0.0
TOSTADA-B_011_jpg.rf.e52fc7a5f2ca4041d6a049b2f927f63d_r0c0.jpg,FN,-1,20,0.0,13428,0,154.75532943851923,0.0
TOSTADA-B_011_jpg.rf.e52fc7a5f2ca4041d6a049b2f927f63d_r0c0.jpg,FN,-1,25,0.0,2591,0,29.86081758826358,0.0
TOSTADA-B_011_jpg.rf.e52fc7a5f2ca4041d6a049b2f927f63d_r0c0.jpg,FN,-1,26,0.0,7837,0,90.3200414663148,0.0
TOSTADA-B_011_jpg.rf.e52fc7a5f2ca4041d6a049b2f927f63d_r0c0.jpg,FN,-1,28,0.0,38822,0,447.4166964151172,0.0
TOSTADA-B_011_jpg.rf.e52fc7a5f2ca4041d6a049b2f927f63d_r0c0.jpg,FN,-1,29,0.0,6411,0,73.88564321048159,0.0
TOSTADA-B_011_jpg.rf.e52fc7a5f2ca4041d6a049b2f927f63d_r0c1.jpg,TP,1,19,0.9035163479333744,7466,7962,86.04433196216746,91.76064439897901
TOSTADA-B_011_jpg.rf.e52fc7a5f2ca4041d6a049b2f927f63d_r0c1.jpg,TP,7,23,0.8894615247911853,5463,5169,62.960110569156285,59.57181247153008
TOSTADA-B_011_jpg.rf.e52fc7a5f2ca4041d6a049b2f927f63d_r0c1.jpg,TP,6,1,0.8327836411609498,2589,2968,29.83776794134095,34.20567603317881
TOSTADA-B_011_jpg.rf.e52fc7a5f2ca4041d6a049b2f927f63d_r0c1.jpg,TP,2,16,0.8167048054919909,3821,4118,44.036350445679325,47.45922301368947
TOSTADA-B_011_jpg.rf.e52fc7a5f2ca4041d6a049b2f927f63d_r0c1.jpg,TP,3,21,0.792769342010123,5826,6571,67.14362148561312,75.72961496429177
TOSTADA-B_011_jpg.rf.e52fc7a5f2ca4041d6a049b2f927f63d_r0c1.jpg,TP,0,15,0.7765895391794673,4102,5035,47.27482583830845,58.027486127714056
TOSTADA-B_011_jpg.rf.e52fc7a5f2ca4041d6a049b2f927f63d_r0c1.jpg,TP,8,14,0.7471441803025625,2509,3150,28.915782064435863,36.30319390313789
TOSTADA-B_011_jpg.rf.e52fc7a5f2ca4041d6a049b2f927f63d_r0c1.jpg,TP,4,17,0.7346675274370562,2313,3061,26.656916666018393,35.27748461508098
TOSTADA-B_011_jpg.rf.e52fc7a5f2ca4041d6a049b2f927f63d_r0c1.jpg,TP,5,12,0.7005457025920873,3081,4398,35.507981084307254,50.68617358285728
TOSTADA-B_011_jpg.rf.e52fc7a5f2ca4041d6a049b2f927f63d_r0c1.jpg,TP,9,5,0.6127518182029417,27071,42337,311.9884959212209,487.92645088163454
TOSTADA-B_011_jpg.rf.e52fc7a5f2ca4041d6a049b2f927f63d_r0c1.jpg,FP,10,-1,0.0,0,18036,0.0,207.86171594825237
TOSTADA-B_011_jpg.rf.e52fc7a5f2ca4041d6a049b2f927f63d_r0c1.jpg,FN,-1,0,0.0,9583,0,110.44238322976838,0.0
TOSTADA-B_011_jpg.rf.e52fc7a5f2ca4041d6a049b2f927f63d_r0c1.jpg,FN,-1,2,0.0,4743,0,54.66223767701048,0.0
TOSTADA-B_011_jpg.rf.e52fc7a5f2ca4041d6a049b2f927f63d_r0c1.jpg,FN,-1,3,0.0,5925,0,68.28457900828317,0.0
TOSTADA-B_011_jpg.rf.e52fc7a5f2ca4041d6a049b2f927f63d_r0c1.jpg,FN,-1,4,0.0,9971,0,114.91401473275806,0.0
TOSTADA-B_011_jpg.rf.e52fc7a5f2ca4041d6a049b2f927f63d_r0c1.jpg,FN,-1,6,0.0,5935,0,68.39982724289631,0.0
TOSTADA-B_011_jpg.rf.e52fc7a5f2ca4041d6a049b2f927f63d_r0c1.jpg,FN,-1,7,0.0,7130,0,82.17199127916608,0.0
TOSTADA-B_011_jpg.rf.e52fc7a5f2ca4041d6a049b2f927f63d_r0c1.jpg,FN,-1,8,0.0,6269,0,72.24911827897506,0.0
TOSTADA-B_011_jpg.rf.e52fc7a5f2ca4041d6a049b2f927f63d_r0c1.jpg,FN,-1,9,0.0,1203,0,13.86436262396028,0.0
TOSTADA-B_011_jpg.rf.e52fc7a5f2ca4041d6a049b2f927f63d_r0c1.jpg,FN,-1,10,0.0,2504,0,28.858157947129293,0.0
TOSTADA-B_011_jpg.rf.e52fc7a5f2ca4041d6a049b2f927f63d_r0c1.jpg,FN,-1,11,0.0,3945,0,45.465428554882216,0.0
TOSTADA-B_011_jpg.rf.e52fc7a5f2ca4041d6a049b2f927f63d_r0c1.jpg,FN,-1,13,0.0,5306,0,61.15071328573004,0.0
TOSTADA-B_011_jpg.rf.e52fc7a5f2ca4041d6a049b2f927f63d_r0c1.jpg,FN,-1,18,0.0,2841,0,32.74202345359198,0.0
TOSTADA-B_011_jpg.rf.e52fc7a5f2ca4041d6a049b2f927f63d_r0c1.jpg,FN,-1,20,0.0,7787,0,89.74380029324912,0.0
TOSTADA-B_011_jpg.rf.e52fc7a5f2ca4041d6a049b2f927f63d_r0c1.jpg,FN,-1,22,0.0,4205,0,48.461882654823754,0.0
TOSTADA-B_011_jpg.rf.e52fc7a5f2ca4041d6a049b2f927f63d_r0c2.jpg,TP,4,12,0.8753326344649625,11060,12196,127.4645474821286,140.55674693418086
TOSTADA-B_011_jpg.rf.e52fc7a5f2ca4041d6a049b2f927f63d_r0c2.jpg,TP,2,7,0.823628801663634,6403,7628,73.79344462279109,87.91135336290026
TOSTADA-B_011_jpg.rf.e52fc7a5f2ca4041d6a049b2f927f63d_r0c2.jpg,TP,6,4,0.8060992262175695,7272,8600,83.80851621067261,99.1134817672971
TOSTADA-B_011_jpg.rf.e52fc7a5f2ca4041d6a049b2f927f63d_r0c2.jpg,TP,0,2,0.803539183820874,4451,5537,51.296989226306906,63.812947505293494
TOSTADA-B_011_jpg.rf.e52fc7a5f2ca4041d6a049b2f927f63d_r0c2.jpg,TP,1,8,0.7902482867093585,7089,8846,81.69947351725222,101.94858833878024
TOSTADA-B_011_jpg.rf.e52fc7a5f2ca4041d6a049b2f927f63d_r0c2.jpg,TP,10,15,0.7697821100917431,3170,3003,36.53369037236416,34.609044854324786
TOSTADA-B_011_jpg.rf.e52fc7a5f2ca4041d6a049b2f927f63d_r0c2.jpg,TP,5,13,0.7604651162790698,3613,4714,41.63918716572609,54.32801779663239
TOSTADA-B_011_jpg.rf.e52fc7a5f2ca4041d6a049b2f927f63d_r0c2.jpg,TP,8,11,0.7321334039174167,2791,3753,32.1657822805263,43.25266245031
TOSTADA-B_011_jpg.rf.e52fc7a5f2ca4041d6a049b2f927f63d_r0c2.jpg,TP,3,6,0.6834649326521133,2946,4303,33.952129917029914,49.59131535403249
TOSTADA-B_011_jpg.rf.e52fc7a5f2ca4041d6a049b2f927f63d_r0c2.jpg,TP,7,5,0.5721207603428997,1539,2679,17.736703306961655,30.875002052859177
TOSTADA-B_011_jpg.rf.e52fc7a5f2ca4041d6a049b2f927f63d_r0c2.jpg,FP,9,-1,0.0,0,427945,0.0,4931.990576151856
TOSTADA-B_011_jpg.rf.e52fc7a5f2ca4041d6a049b2f927f63d_r0c2.jpg,FP,11,-1,0.0,0,460765,0.0,5310.235282152168
TOSTADA-B_011_jpg.rf.e52fc7a5f2ca4041d6a049b2f927f63d_r0c2.jpg,FP,12,-1,0.0,0,22253,0.0,256.4618964846119
TOSTADA-B_011_jpg.rf.e52fc7a5f2ca4041d6a049b2f927f63d_r0c2.jpg,FP,13,-1,0.0,0,447371,0.0,5155.871796711333
TOSTADA-B_011_jpg.rf.e52fc7a5f2ca4041d6a049b2f927f63d_r0c2.jpg,FN,-1,0,0.0,4097,0,47.217201721001885,0.0
TOSTADA-B_011_jpg.rf.e52fc7a5f2ca4041d6a049b2f927f63d_r0c2.jpg,FN,-1,1,0.0,4577,0,52.74911698243242,0.0
TOSTADA-B_011_jpg.rf.e52fc7a5f2ca4041d6a049b2f927f63d_r0c2.jpg,FN,-1,3,0.0,5630,0,64.88475608719565,0.0
TOSTADA-B_011_jpg.rf.e52fc7a5f2ca4041d6a049b2f927f63d_r0c2.jpg,FN,-1,9,0.0,1208,0,13.921986741266847,0.0
TOSTADA-B_011_jpg.rf.e52fc7a5f2ca4041d6a049b2f927f63d_r0c2.jpg,FN,-1,10,0.0,1634,0,18.83156153578645,0.0
TOSTADA-B_011_jpg.rf.e52fc7a5f2ca4041d6a049b2f927f63d_r0c2.jpg,FN,-1,14,0.0,2866,0,33.030144040124824,0.0
TOSTADA-B_011_jpg.rf.e52fc7a5f2ca4041d6a049b2f927f63d_r0c2.jpg,FN,-1,16,0.0,5862,0,67.55851513022041,0.0
TOSTADA-B_011_jpg.rf.e52fc7a5f2ca4041d6a049b2f927f63d_r1c0.jpg,TP,1,0,0.8917222595034145,23411,24512,269.80764205281304,282.49647268371933
TOSTADA-B_011_jpg.rf.e52fc7a5f2ca4041d6a049b2f927f63d_r1c0.jpg,TP,0,1,0.8633772711079444,10991,9931,126.66933466329795,114.45302179430551
TOSTADA-B_011_jpg.rf.e52fc7a5f2ca4041d6a049b2f927f63d_r1c0.jpg,TP,2,4,0.7069466234936743,29223,21912,336.7899160099678,252.53193168430394
TOSTADA-B_011_jpg.rf.e52fc7a5f2ca4041d6a049b2f927f63d_r1c0.jpg,FP,3,-1,0.0,0,32154,0.0,370.569173575078
TOSTADA-B_011_jpg.rf.e52fc7a5f2ca4041d6a049b2f927f63d_r1c0.jpg,FP,4,-1,0.0,0,28908,0.0,333.159596619654
TOSTADA-B_011_jpg.rf.e52fc7a5f2ca4041d6a049b2f927f63d_r1c0.jpg,FP,5,-1,0.0,0,5231,0.0,60.286351526131526
TOSTADA-B_011_jpg.rf.e52fc7a5f2ca4041d6a049b2f927f63d_r1c0.jpg,FN,-1,2,0.0,1075,0,12.389185220912138,0.0
TOSTADA-B_011_jpg.rf.e52fc7a5f2ca4041d6a049b2f927f63d_r1c0.jpg,FN,-1,3,0.0,810,0,9.335107003664028,0.0
TOSTADA-B_011_jpg.rf.e52fc7a5f2ca4041d6a049b2f927f63d_r1c0.jpg,FN,-1,5,0.0,4713,0,54.31649297317107,0.0
TOSTADA-B_011_jpg.rf.e52fc7a5f2ca4041d6a049b2f927f63d_r1c0.jpg,FN,-1,6,0.0,5241,0,60.40159976074466,0.0
TOSTADA-B_011_jpg.rf.e52fc7a5f2ca4041d6a049b2f927f63d_r1c0.jpg,FN,-1,7,0.0,4619,0,53.23315956780759,0.0
TOSTADA-B_011_jpg.rf.e52fc7a5f2ca4041d6a049b2f927f63d_r1c0.jpg,FN,-1,8,0.0,14483,0,166.9140181902051,0.0
TOSTADA-B_011_jpg.rf.e52fc7a5f2ca4041d6a049b2f927f63d_r1c0.jpg,FN,-1,9,0.0,13198,0,152.1046200424171,0.0
TOSTADA-B_011_jpg.rf.e52fc7a5f2ca4041d6a049b2f927f63d_r1c0.jpg,FN,-1,10,0.0,6726,0,77.51596260079538,0.0
TOSTADA-B_011_jpg.rf.e52fc7a5f2ca4041d6a049b2f927f63d_r1c1.jpg,TP,12,5,0.9030984204131227,9397,9398,108.29876606596405,108.31029088942536
TOSTADA-B_011_jpg.rf.e52fc7a5f2ca4041d6a049b2f927f63d_r1c1.jpg,TP,3,8,0.8641435134543863,4165,4356,48.00088971637121,50.20213099748211
TOSTADA-B_011_jpg.rf.e52fc7a5f2ca4041d6a049b2f927f63d_r1c1.jpg,TP,11,6,0.8405292479108635,3672,4257,42.3191517499436,49.061173474812065
TOSTADA-B_011_jpg.rf.e52fc7a5f2ca4041d6a049b2f927f63d_r1c1.jpg,TP,13,12,0.8343668182444536,12583,14041,145.01685361370923,161.82004622030448
TOSTADA-B_011_jpg.rf.e52fc7a5f2ca4041d6a049b2f927f63d_r1c1.jpg,TP,14,9,0.8300024372410432,28613,31455,329.7597736985665,362.51332197561976
TOSTADA-B_011_jpg.rf.e52fc7a5f2ca4041d6a049b2f927f63d_r1c1.jpg,TP,7,22,0.7925991861648016,6358,7739,73.27482756703196,89.19060876710607
TOSTADA-B_011_jpg.rf.e52fc7a5f2ca4041d6a049b2f927f63d_r1c1.jpg,TP,8,3,0.7815392753239884,2991,3745,34.47074697278902,43.160463862619494
TOSTADA-B_011_jpg.rf.e52fc7a5f2ca4041d6a049b2f927f63d_r1c1.jpg,TP,4,23,0.7760869565217391,2165,2737,24.95124279374398,31.543441813615367
TOSTADA-B_011_jpg.rf.e52fc7a5f2ca4041d6a049b2f927f63d_r1c1.jpg,TP,6,7,0.7347103004291845,2863,3604,32.99556956974088,41.53546375457427
TOSTADA-B_011_jpg.rf.e52fc7a5f2ca4041d6a049b2f927f63d_r1c1.jpg,TP,15,1,0.6963090650983573,7383,9346,85.08777161487842,107.71100006943705
TOSTADA-B_011_jpg.rf.e52fc7a5f2ca4041d6a049b2f927f63d_r1c1.jpg,TP,1,0,0.6619396157365051,5788,8744,66.7056781940832,100.77305634572626
TOSTADA-B_011_jpg.rf.e52fc7a5f2ca4041d6a049b2f927f63d_r1c1.jpg,TP,9,4,0.6502791774479095,5175,6943,59.64096141229796,80.01684929190043
TOSTADA-B_011_jpg.rf.e52fc7a5f2ca4041d6a049b2f927f63d_r1c1.jpg,TP,5,2,0.5317418539769437,20533,37664,236.63920013115248,434.07095084691605
TOSTADA-B_011_jpg.rf.e52fc7a5f2ca4041d6a049b2f927f63d_r1c1.jpg,TP,2,20,0.5018925056775171,9013,4875,103.87323385681962,56.183514373903876
TOSTADA-B_011_jpg.rf.e52fc7a5f2ca4041d6a049b2f927f63d_r1c1.jpg,FP,0,-1,0.0,0,28493,0.0,328.37679488320885
TOSTADA-B_011_jpg.rf.e52fc7a5f2ca4041d6a049b2f927f63d_r1c1.jpg,FP,10,-1,0.0,0,4006,0.0,46.16844278602235
TOSTADA-B_011_jpg.rf.e52fc7a5f2ca4041d6a049b2f927f63d_r1c1.jpg,FP,16,-1,0.0,0,99438,0.0,1146.0053953461033
TOSTADA-B_011_jpg.rf.e52fc7a5f2ca4041d6a049b2f927f63d_r1c1.jpg,FN,-1,10,0.0,20186,0,232.64008639007665,0.0
TOSTADA-B_011_jpg.rf.e52fc7a5f2ca4041d6a049b2f927f63d_r1c1.jpg,FN,-1,11,0.0,6323,0,72.87145874588599,0.0
TOSTADA-B_011_jpg.rf.e52fc7a5f2ca4041d6a049b2f927f63d_r1c1.jpg,FN,-1,13,0.0,4701,0,54.17819509163531,0.0
TOSTADA-B_011_jpg.rf.e52fc7a5f2ca4041d6a049b2f927f63d_r1c1.jpg,FN,-1,14,0.0,8591,0,99.00975835614527,0.0
TOSTADA-B_011_jpg.rf.e52fc7a5f2ca4041d6a049b2f927f63d_r1c1.jpg,FN,-1,15,0.0,9166,0,105.6365318464006,0.0
TOSTADA-B_011_jpg.rf.e52fc7a5f2ca4041d6a049b2f927f63d_r1c1.jpg,FN,-1,16,0.0,2981,0,34.35549873817589,0.0
TOSTADA-B_011_jpg.rf.e52fc7a5f2ca4041d6a049b2f927f63d_r1c1.jpg,FN,-1,17,0.0,14510,0,167.22518842366057,0.0
TOSTADA-B_011_jpg.rf.e52fc7a5f2ca4041d6a049b2f927f63d_r1c1.jpg,FN,-1,18,0.0,4050,0,46.67553501832015,0.0
TOSTADA-B_011_jpg.rf.e52fc7a5f2ca4041d6a049b2f927f63d_r1c1.jpg,FN,-1,19,0.0,7685,0,88.56826830019514,0.0
TOSTADA-B_011_jpg.rf.e52fc7a5f2ca4041d6a049b2f927f63d_r1c1.jpg,FN,-1,21,0.0,4221,0,48.64627983020477,0.0
TOSTADA-B_011_jpg.rf.e52fc7a5f2ca4041d6a049b2f927f63d_r1c1.jpg,FN,-1,24,0.0,1541,0,17.75975295388428,0.0
TOSTADA-B_011_jpg.rf.e52fc7a5f2ca4041d6a049b2f927f63d_r1c2.jpg,TP,9,34,0.8956698634117989,6279,6767,72.3643665135882,77.98848036270924
TOSTADA-B_011_jpg.rf.e52fc7a5f2ca4041d6a049b2f927f63d_r1c2.jpg,TP,4,11,0.8498085862729012,12821,14238,147.75976159750186,164.09043644218326
TOSTADA-B_011_jpg.rf.e52fc7a5f2ca4041d6a049b2f927f63d_r1c2.jpg,TP,15,28,0.8343675417661098,2045,1798,23.568263978386344,20.72163258344188
TOSTADA-B_011_jpg.rf.e52fc7a5f2ca4041d6a049b2f927f63d_r1c2.jpg,TP,18,1,0.8148331681532871,5159,5828,59.45656423691695,67.16667113253575
TOSTADA-B_011_jpg.rf.e52fc7a5f2ca4041d6a049b2f927f63d_r1c2.jpg,TP,3,32,0.8132681213945322,7237,7222,83.40514738952663,83.23227503760694
TOSTADA-B_011_jpg.rf.e52fc7a5f2ca4041d6a049b2f927f63d_r1c2.jpg,TP,0,35,0.8011229314420804,5513,6677,63.53635174222197,76.95124625119101
TOSTADA-B_011_jpg.rf.e52fc7a5f2ca4041d6a049b2f927f63d_r1c2.jpg,TP,19,14,0.7996937212863706,5323,6429,61.34663528457238,74.09309003278524
TOSTADA-B_011_jpg.rf.e52fc7a5f2ca4041d6a049b2f927f63d_r1c2.jpg,TP,1,10,0.790177909562639,21823,26476,251.50622239624704,305.1312259617393
TOSTADA-B_011_jpg.rf.e52fc7a5f2ca4041d6a049b2f927f63d_r1c2.jpg,TP,6,30,0.7819088086288609,10237,11570,117.97961777346748,133.34220744739852
TOSTADA-B_011_jpg.rf.e52fc7a5f2ca4041d6a049b2f927f63d_r1c2.jpg,TP,17,12,0.7480515349133132,4718,6272,54.37411709047764,72.283692749359
TOSTADA-B_011_jpg.rf.e52fc7a5f2ca4041d6a049b2f927f63d_r1c2.jpg,TP,14,24,0.7190323074567447,4771,6456,54.98493273392726,74.4042602662407
TOSTADA-B_011_jpg.rf.e52fc7a5f2ca4041d6a049b2f927f63d_r1c2.jpg,TP,21,15,0.7133770622142716,7577,9663,87.32358736637326,111.36436910667346
TOSTADA-B_011_jpg.rf.e52fc7a5f2ca4041d6a049b2f927f63d_r1c2.jpg,TP,16,37,0.6971164428791548,7462,7958,85.9982326683222,91.71454510513375
TOSTADA-B_011_jpg.rf.e52fc7a5f2ca4041d6a049b2f927f63d_r1c2.jpg,TP,11,26,0.6828995242093479,2440,3573,28.12056924560522,41.17819422727355
TOSTADA-B_011_jpg.rf.e52fc7a5f2ca4041d6a049b2f927f63d_r1c2.jpg,TP,2,0,0.65866047911702,11849,14600,136.55763319310503,168.26242253517879
TOSTADA-B_011_jpg.rf.e52fc7a5f2ca4041d6a049b2f927f63d_r1c2.jpg,TP,13,39,0.6420681551116334,3392,3595,39.09220118077579,41.43174034342245
TOSTADA-B_011_jpg.rf.e52fc7a5f2ca4041d6a049b2f927f63d_r1c2.jpg,TP,20,13,0.6167366211962224,2426,3737,27.959221717146832,43.06826527492898
TOSTADA-B_011_jpg.rf.e52fc7a5f2ca4041d6a049b2f927f63d_r1c2.jpg,TP,8,29,0.5703484549638396,3470,6084,39.99113741075825,70.11702593863204
TOSTADA-B_011_jpg.rf.e52fc7a5f2ca4041d6a049b2f927f63d_r1c2.jpg,FP,5,-1,0.0,0,8188,0.0,94.36525450123588
TOSTADA-B_011_jpg.rf.e52fc7a5f2ca4041d6a049b2f927f63d_r1c2.jpg,FP,7,-1,0.0,0,4733,0.0,54.54698944239734
TOSTADA-B_011_jpg.rf.e52fc7a5f2ca4041d6a049b2f927f63d_r1c2.jpg,FP,10,-1,0.0,0,28022,0.0,322.9486030329301
TOSTADA-B_011_jpg.rf.e52fc7a5f2ca4041d6a049b2f927f63d_r1c2.jpg,FP,12,-1,0.0,0,22256,0.0,256.49647095499586
TOSTADA-B_011_jpg.rf.e52fc7a5f2ca4041d6a049b2f927f63d_r1c2.jpg,FN,-1,2,0.0,8433,0,97.18883624925772,0.0
TOSTADA-B_011_jpg.rf.e52fc7a5f2ca4041d6a049b2f927f63d_r1c2.jpg,FN,-1,3,0.0,3202,0,36.9024847231262,0.0
TOSTADA-B_011_jpg.rf.e52fc7a5f2ca4041d6a049b2f927f63d_r1c2.jpg,FN,-1,4,0.0,10048,0,115.80142613927922,0.0
TOSTADA-B_011_jpg.rf.e52fc7a5f2ca4041d6a049b2f927f63d_r1c2.jpg,FN,-1,5,0.0,6896,0,79.47518258921869,0.0
TOSTADA-B_011_jpg.rf.e52fc7a5f2ca4041d6a049b2f927f63d_r1c2.jpg,FN,-1,6,0.0,6338,0,73.0443310978057,0.0
TOSTADA-B_011_jpg.rf.e52fc7a5f2ca4041d6a049b2f927f63d_r1c2.jpg,FN,-1,7,0.0,947,0,10.914007817863995,0.0
TOSTADA-B_011_jpg.rf.e52fc7a5f2ca4041d6a049b2f927f63d_r1c2.jpg,FN,-1,8,0.0,1343,0,15.477837908544187,0.0
TOSTADA-B_011_jpg.rf.e52fc7a5f2ca4041d6a049b2f927f63d_r1c2.jpg,FN,-1,9,0.0,6093,0,70.22074934978386,0.0
TOSTADA-B_011_jpg.rf.e52fc7a5f2ca4041d6a049b2f927f63d_r1c2.jpg,FN,-1,16,0.0,12983,0,149.62678299823466,0.0
TOSTADA-B_011_jpg.rf.e52fc7a5f2ca4041d6a049b2f927f63d_r1c2.jpg,FN,-1,17,0.0,2719,0,31.335994991311722,0.0
TOSTADA-B_011_jpg.rf.e52fc7a5f2ca4041d6a049b2f927f63d_r1c2.jpg,FN,-1,18,0.0,2252,0,25.953902434878263,0.0
TOSTADA-B_011_jpg.rf.e52fc7a5f2ca4041d6a049b2f927f63d_r1c2.jpg,FN,-1,19,0.0,4922,0,56.72518107658561,0.0
TOSTADA-B_011_jpg.rf.e52fc7a5f2ca4041d6a049b2f927f63d_r1c2.jpg,FN,-1,20,0.0,5209,0,60.03280540998262,0.0
TOSTADA-B_011_jpg.rf.e52fc7a5f2ca4041d6a049b2f927f63d_r1c2.jpg,FN,-1,21,0.0,2043,0,23.54521433146372,0.0
TOSTADA-B_011_jpg.rf.e52fc7a5f2ca4041d6a049b2f927f63d_r1c2.jpg,FN,-1,22,0.0,5254,0,60.55142246574174,0.0
TOSTADA-B_011_jpg.rf.e52fc7a5f2ca4041d6a049b2f927f63d_r1c2.jpg,FN,-1,23,0.0,3104,0,35.773052023917465,0.0
TOSTADA-B_011_jpg.rf.e52fc7a5f2ca4041d6a049b2f927f63d_r1c2.jpg,FN,-1,25,0.0,2257,0,26.01152655218483,0.0
TOSTADA-B_011_jpg.rf.e52fc7a5f2ca4041d6a049b2f927f63d_r1c2.jpg,FN,-1,27,0.0,4404,0,50.75532252362516,0.0
TOSTADA-B_011_jpg.rf.e52fc7a5f2ca4041d6a049b2f927f63d_r1c2.jpg,FN,-1,31,0.0,24959,0,287.64806877092656,0.0
TOSTADA-B_011_jpg.rf.e52fc7a5f2ca4041d6a049b2f927f63d_r1c2.jpg,FN,-1,33,0.0,721,0,8.309397715607117,0.0
TOSTADA-B_011_jpg.rf.e52fc7a5f2ca4041d6a049b2f927f63d_r1c2.jpg,FN,-1,36,0.0,4863,0,56.04521649236811,0.0
TOSTADA-B_011_jpg.rf.e52fc7a5f2ca4041d6a049b2f927f63d_r1c2.jpg,FN,-1,38,0.0,3084,0,35.54255555469119,0.0
TOSTADA-B_011_jpg.rf.e52fc7a5f2ca4041d6a049b2f927f63d_r2c0.jpg,TP,2,7,0.8341808650065531,15984,19003,184.21277820563682,219.00622023534265
TOSTADA-B_011_jpg.rf.e52fc7a5f2ca4041d6a049b2f927f63d_r2c0.jpg,TP,0,10,0.7585601404741001,878,1125,10.118794999033355,12.965426393977818
TOSTADA-B_011_jpg.rf.e52fc7a5f2ca4041d6a049b2f927f63d_r2c0.jpg,TP,4,12,0.6633039092055486,542,777,6.24645431603198,8.95478782944068
TOSTADA-B_011_jpg.rf.e52fc7a5f2ca4041d6a049b2f927f63d_r2c0.jpg,TP,1,6,0.6579497907949791,6292,9558,72.51418921858527,110.15426264323554
TOSTADA-B_011_jpg.rf.e52fc7a5f2ca4041d6a049b2f927f63d_r2c0.jpg,FP,3,-1,0.0,0,6160,0.0,70.99291252169188
TOSTADA-B_011_jpg.rf.e52fc7a5f2ca4041d6a049b2f927f63d_r2c0.jpg,FP,5,-1,0.0,0,36767,0.0,423.7331842021177
TOSTADA-B_011_jpg.rf.e52fc7a5f2ca4041d6a049b2f927f63d_r2c0.jpg,FN,-1,0,0.0,36768,0,423.744709025579,0.0
TOSTADA-B_011_jpg.rf.e52fc7a5f2ca4041d6a049b2f927f63d_r2c0.jpg,FN,-1,1,0.0,23507,0,270.91402510509914,0.0
TOSTADA-B_011_jpg.rf.e52fc7a5f2ca4041d6a049b2f927f63d_r2c0.jpg,FN,-1,2,0.0,2753,0,31.727838988996385,0.0
TOSTADA-B_011_jpg.rf.e52fc7a5f2ca4041d6a049b2f927f63d_r2c0.jpg,FN,-1,3,0.0,13091,0,150.87146393205654,0.0
TOSTADA-B_011_jpg.rf.e52fc7a5f2ca4041d6a049b2f927f63d_r2c0.jpg,FN,-1,4,0.0,13956,0,160.84043622609283,0.0
TOSTADA-B_011_jpg.rf.e52fc7a5f2ca4041d6a049b2f927f63d_r2c0.jpg,FN,-1,5,0.0,2448,0,28.212767833295732,0.0
TOSTADA-B_011_jpg.rf.e52fc7a5f2ca4041d6a049b2f927f63d_r2c0.jpg,FN,-1,8,0.0,2829,0,32.60372557205622,0.0
TOSTADA-B_011_jpg.rf.e52fc7a5f2ca4041d6a049b2f927f63d_r2c0.jpg,FN,-1,9,0.0,5058,0,58.29255706732427,0.0
TOSTADA-B_011_jpg.rf.e52fc7a5f2ca4041d6a049b2f927f63d_r2c0.jpg,FN,-1,11,0.0,3039,0,35.023938498932075,0.0
TOSTADA-B_011_jpg.rf.e52fc7a5f2ca4041d6a049b2f927f63d_r2c0.jpg,FN,-1,13,0.0,6145,0,70.82004016977217,0.0
TOSTADA-B_011_jpg.rf.e52fc7a5f2ca4041d6a049b2f927f63d_r2c0.jpg,FN,-1,14,0.0,7002,0,80.69681387611794,0.0
TOSTADA-B_011_jpg.rf.e52fc7a5f2ca4041d6a049b2f927f63d_r2c0.jpg,FN,-1,15,0.0,4162,0,47.96631524598727,0.0
TOSTADA-B_011_jpg.rf.e52fc7a5f2ca4041d6a049b2f927f63d_r2c0.jpg,FN,-1,16,0.0,4427,0,51.02039346323538,0.0
TOSTADA-B_011_jpg.rf.e52fc7a5f2ca4041d6a049b2f927f63d_r2c0.jpg,FN,-1,17,0.0,3184,0,36.695037900822555,0.0
TOSTADA-B_011_jpg.rf.e52fc7a5f2ca4041d6a049b2f927f63d_r2c0.jpg,FN,-1,18,0.0,10664,0,122.9007173914484,0.0
TOSTADA-B_011_jpg.rf.e52fc7a5f2ca4041d6a049b2f927f63d_r2c0.jpg,FN,-1,19,0.0,5217,0,60.12500399767313,0.0
TOSTADA-B_011_jpg.rf.e52fc7a5f2ca4041d6a049b2f927f63d_r2c0.jpg,FN,-1,20,0.0,9212,0,106.16667372562102,0.0
TOSTADA-B_011_jpg.rf.e52fc7a5f2ca4041d6a049b2f927f63d_r2c0.jpg,FN,-1,21,0.0,6874,0,79.2216364730698,0.0
TOSTADA-B_011_jpg.rf.e52fc7a5f2ca4041d6a049b2f927f63d_r2c0.jpg,FN,-1,22,0.0,1996,0,23.003547628781977,0.0
TOSTADA-B_011_jpg.rf.e52fc7a5f2ca4041d6a049b2f927f63d_r2c0.jpg,FN,-1,23,0.0,33080,0,381.24116010025443,0.0
TOSTADA-B_011_jpg.rf.e52fc7a5f2ca4041d6a049b2f927f63d_r2c0.jpg,FN,-1,24,0.0,8965,0,103.32004233067657,0.0
TOSTADA-B_011_jpg.rf.e52fc7a5f2ca4041d6a049b2f927f63d_r2c0.jpg,FN,-1,25,0.0,20754,0,239.1861861161028,0.0
TOSTADA-B_011_jpg.rf.e52fc7a5f2ca4041d6a049b2f927f63d_r2c0.jpg,FN,-1,26,0.0,2498,0,28.78900900636141,0.0
TOSTADA-B_011_jpg.rf.e52fc7a5f2ca4041d6a049b2f927f63d_r2c0.jpg,FN,-1,27,0.0,7173,0,82.66755868800257,0.0
TOSTADA-B_011_jpg.rf.e52fc7a5f2ca4041d6a049b2f927f63d_r2c1.jpg,TP,0,29,0.9265354415402818,17551,18271,202.27217656951527,210.57004946166109
TOSTADA-B_011_jpg.rf.e52fc7a5f2ca4041d6a049b2f927f63d_r2c1.jpg,TP,3,11,0.8850780234070221,5734,5863,66.08333772717228,67.57003995368173
TOSTADA-B_011_jpg.rf.e52fc7a5f2ca4041d6a049b2f927f63d_r2c1.jpg,TP,4,32,0.8187158610738947,7962,9685,91.76064439897901,111.61791522282238
TOSTADA-B_011_jpg.rf.e52fc7a5f2ca4041d6a049b2f927f63d_r2c1.jpg,TP,5,0,0.7100804743752647,13412,18888,154.57093226313822,217.68086553729157
TOSTADA-B_011_jpg.rf.e52fc7a5f2ca4041d6a049b2f927f63d_r2c1.jpg,TP,11,17,0.5766412213740458,7704,12950,88.7872399459601,149.24646382401133
TOSTADA-B_011_jpg.rf.e52fc7a5f2ca4041d6a049b2f927f63d_r2c1.jpg,TP,2,24,0.5509456579648375,8376,14913,96.53192131196285,171.86969227856994
TOSTADA-B_011_jpg.rf.e52fc7a5f2ca4041d6a049b2f927f63d_r2c1.jpg,TP,6,16,0.5321917346457223,16040,29414,184.8581683194704,338.9911572910787
TOSTADA-B_011_jpg.rf.e52fc7a5f2ca4041d6a049b2f927f63d_r2c1.jpg,TP,8,25,0.5238262881283476,21681,38917,249.8696974647405,448.51155464394196
TOSTADA-B_011_jpg.rf.e52fc7a5f2ca4041d6a049b2f927f63d_r2c1.jpg,FP,1,-1,0.0,0,7171,0.0,82.64450904107994
TOSTADA-B_011_jpg.rf.e52fc7a5f2ca4041d6a049b2f927f63d_r2c1.jpg,FP,7,-1,0.0,0,25478,0.0,293.62945214734833
TOSTADA-B_011_jpg.rf.e52fc7a5f2ca4041d6a049b2f927f63d_r2c1.jpg,FP,9,-1,0.0,0,11431,0.0,131.74025698627594
TOSTADA-B_011_jpg.rf.e52fc7a5f2ca4041d6a049b2f927f63d_r2c1.jpg,FP,10,-1,0.0,0,20673,0.0,238.25267541573638
TOSTADA-B_011_jpg.rf.e52fc7a5f2ca4041d6a049b2f927f63d_r2c1.jpg,FN,-1,1,0.0,12688,0,146.22696007714717,0.0
TOSTADA-B_011_jpg.rf.e52fc7a5f2ca4041d6a049b2f927f63d_r2c1.jpg,FN,-1,2,0.0,17976,0,207.17022654057357,0.0
TOSTADA-B_011_jpg.rf.e52fc7a5f2ca4041d6a049b2f927f63d_r2c1.jpg,FN,-1,3,0.0,6092,0,70.20922452632254,0.0
TOSTADA-B_011_jpg.rf.e52fc7a5f2ca4041d6a049b2f927f63d_r2c1.jpg,FN,-1,4,0.0,7300,0,84.13121126758939,0.0
TOSTADA-B_011_jpg.rf.e52fc7a5f2ca4041d6a049b2f927f63d_r2c1.jpg,FN,-1,5,0.0,1350,0,15.558511672773381,0.0
TOSTADA-B_011_jpg.rf.e52fc7a5f2ca4041d6a049b2f927f63d_r2c1.jpg,FN,-1,6,0.0,976,0,11.24822769824209,0.0
TOSTADA-B_011_jpg.rf.e52fc7a5f2ca4041d6a049b2f927f63d_r2c1.jpg,FN,-1,7,0.0,2461,0,28.362590538292807,0.0
TOSTADA-B_011_jpg.rf.e52fc7a5f2ca4041d6a049b2f927f63d_r2c1.jpg,FN,-1,8,0.0,2355,0,27.140959251393564,0.0
TOSTADA-B_011_jpg.rf.e52fc7a5f2ca4041d6a049b2f927f63d_r2c1.jpg,FN,-1,9,0.0,1732,0,19.960994234995184,0.0
TOSTADA-B_011_jpg.rf.e52fc7a5f2ca4041d6a049b2f927f63d_r2c1.jpg,FN,-1,10,0.0,37510,0,432.29612803387374,0.0
TOSTADA-B_011_jpg.rf.e52fc7a5f2ca4041d6a049b2f927f63d_r2c1.jpg,FN,-1,12,0.0,10473,0,120.6994761103375,0.0
TOSTADA-B_011_jpg.rf.e52fc7a5f2ca4041d6a049b2f927f63d_r2c1.jpg,FN,-1,13,0.0,8615,0,99.2863541192168,0.0
TOSTADA-B_011_jpg.rf.e52fc7a5f2ca4041d6a049b2f927f63d_r2c1.jpg,FN,-1,14,0.0,7769,0,89.53635347094549,0.0
TOSTADA-B_011_jpg.rf.e52fc7a5f2ca4041d6a049b2f927f63d_r2c1.jpg,FN,-1,15,0.0,21869,0,252.03636427546746,0.0
TOSTADA-B_011_jpg.rf.e52fc7a5f2ca4041d6a049b2f927f63d_r2c1.jpg,FN,-1,18,0.0,2375,0,27.37145572061984,0.0
TOSTADA-B_011_jpg.rf.e52fc7a5f2ca4041d6a049b2f927f63d_r2c1.jpg,FN,-1,19,0.0,1960,0,22.588653984174687,0.0
TOSTADA-B_011_jpg.rf.e52fc7a5f2ca4041d6a049b2f927f63d_r2c1.jpg,FN,-1,20,0.0,4093,0,47.171102427156626,0.0
TOSTADA-B_011_jpg.rf.e52fc7a5f2ca4041d6a049b2f927f63d_r2c1.jpg,FN,-1,21,0.0,3682,0,42.434399984556734,0.0
TOSTADA-B_011_jpg.rf.e52fc7a5f2ca4041d6a049b2f927f63d_r2c1.jpg,FN,-1,22,0.0,6303,0,72.64096227665972,0.0
TOSTADA-B_011_jpg.rf.e52fc7a5f2ca4041d6a049b2f927f63d_r2c1.jpg,FN,-1,23,0.0,7838,0,90.33156628977612,0.0
TOSTADA-B_011_jpg.rf.e52fc7a5f2ca4041d6a049b2f927f63d_r2c1.jpg,FN,-1,26,0.0,16879,0,194.52749520351253,0.0
TOSTADA-B_011_jpg.rf.e52fc7a5f2ca4041d6a049b2f927f63d_r2c1.jpg,FN,-1,27,0.0,4264,0,49.141847239041255,0.0
TOSTADA-B_011_jpg.rf.e52fc7a5f2ca4041d6a049b2f927f63d_r2c1.jpg,FN,-1,28,0.0,7665,0,88.33777183096886,0.0
TOSTADA-B_011_jpg.rf.e52fc7a5f2ca4041d6a049b2f927f63d_r2c1.jpg,FN,-1,30,0.0,7341,0,84.60372902950326,0.0
TOSTADA-B_011_jpg.rf.e52fc7a5f2ca4041d6a049b2f927f63d_r2c1.jpg,FN,-1,31,0.0,12253,0,141.21366187147572,0.0
TOSTADA-B_011_jpg.rf.e52fc7a5f2ca4041d6a049b2f927f63d_r2c1.jpg,FN,-1,33,0.0,11388,0,131.24468957743946,0.0
TOSTADA-B_011_jpg.rf.e52fc7a5f2ca4041d6a049b2f927f63d_r2c2.jpg,TP,1,1,0.8885932823412038,8311,8726,95.78280778697746,100.56560952342261
TOSTADA-B_011_jpg.rf.e52fc7a5f2ca4041d6a049b2f927f63d_r2c2.jpg,TP,5,16,0.8859240434843992,6531,6827,75.26862202583922,78.67996977038806
TOSTADA-B_011_jpg.rf.e52fc7a5f2ca4041d6a049b2f927f63d_r2c2.jpg,TP,0,6,0.8638116866731552,24981,26723,287.9016148870754,307.9778573566837
TOSTADA-B_011_jpg.rf.e52fc7a5f2ca4041d6a049b2f927f63d_r2c2.jpg,TP,4,4,0.8088590015349755,12639,12108,145.6622437275428,139.54256246958525
TOSTADA-B_011_jpg.rf.e52fc7a5f2ca4041d6a049b2f927f63d_r2c2.jpg,TP,7,14,0.7904984423676013,1152,1147,13.276596627433285,13.218972510126717
TOSTADA-B_011_jpg.rf.e52fc7a5f2ca4041d6a049b2f927f63d_r2c2.jpg,TP,2,7,0.7903996524761078,3769,4474,43.43705962569102,51.56206016591712
TOSTADA-B_011_jpg.rf.e52fc7a5f2ca4041d6a049b2f927f63d_r2c2.jpg,TP,8,13,0.7473935974487919,13246,15247,152.65781156856016,175.7189833146487
TOSTADA-B_011_jpg.rf.e52fc7a5f2ca4041d6a049b2f927f63d_r2c2.jpg,FP,3,-1,0.0,0,2768,0.0,31.90071134091609
TOSTADA-B_011_jpg.rf.e52fc7a5f2ca4041d6a049b2f927f63d_r2c2.jpg,FP,6,-1,0.0,0,6416,0.0,73.94326732778816
TOSTADA-B_011_jpg.rf.e52fc7a5f2ca4041d6a049b2f927f63d_r2c2.jpg,FN,-1,0,0.0,5961,0,68.69947265289046,0.0
TOSTADA-B_011_jpg.rf.e52fc7a5f2ca4041d6a049b2f927f63d_r2c2.jpg,FN,-1,2,0.0,711,0,8.19414948099398,0.0
TOSTADA-B_011_jpg.rf.e52fc7a5f2ca4041d6a049b2f927f63d_r2c2.jpg,FN,-1,3,0.0,4828,0,55.64184767122214,0.0
TOSTADA-B_011_jpg.rf.e52fc7a5f2ca4041d6a049b2f927f63d_r2c2.jpg,FN,-1,5,0.0,8994,0,103.65426221105466,0.0
TOSTADA-B_011_jpg.rf.e52fc7a5f2ca4041d6a049b2f927f63d_r2c2.jpg,FN,-1,8,0.0,5317,0,61.2774863438045,0.0
TOSTADA-B_011_jpg.rf.e52fc7a5f2ca4041d6a049b2f927f63d_r2c2.jpg,FN,-1,9,0.0,3212,0,37.017732957739334,0.0
TOSTADA-B_011_jpg.rf.e52fc7a5f2ca4041d6a049b2f927f63d_r2c2.jpg,FN,-1,10,0.0,2266,0,26.11524996333665,0.0
TOSTADA-B_011_jpg.rf.e52fc7a5f2ca4041d6a049b2f927f63d_r2c2.jpg,FN,-1,11,0.0,8833,0,101.79876563378316,0.0
TOSTADA-B_011_jpg.rf.e52fc7a5f2ca4041d6a049b2f927f63d_r2c2.jpg,FN,-1,12,0.0,4861,0,56.02216684544548,0.0
TOSTADA-B_011_jpg.rf.e52fc7a5f2ca4041d6a049b2f927f63d_r2c2.jpg,FN,-1,15,0.0,6809,0,78.4725229480844,0.0
TOSTADA-D_004_jpg.rf.3e98f483ac7b358f6b42724649248703_r0c0.jpg,TP,1,2,0.8115620325242484,37948,37134,437.3440007099291,427.9627944124198
TOSTADA-D_004_jpg.rf.3e98f483ac7b358f6b42724649248703_r0c0.jpg,TP,0,1,0.8027835768963117,5987,6966,68.99911806288462,80.28192023151065
TOSTADA-D_004_jpg.rf.3e98f483ac7b358f6b42724649248703_r0c0.jpg,TP,9,7,0.7458999738759398,53608,66688,617.8227361141003,768.5674269880824
TOSTADA-D_004_jpg.rf.3e98f483ac7b358f6b42724649248703_r0c0.jpg,TP,4,16,0.6511092310584696,15500,19629,178.63476365036104,226.22075972212497
TOSTADA-D_004_jpg.rf.3e98f483ac7b358f6b42724649248703_r0c0.jpg,TP,6,9,0.5800070646414694,8210,14155,94.61880061738479,163.13387609489422
TOSTADA-D_004_jpg.rf.3e98f483ac7b358f6b42724649248703_r0c0.jpg,TP,11,14,0.511524791498047,29605,56301,341.1923985721896,648.8590856954179
TOSTADA-D_004_jpg.rf.3e98f483ac7b358f6b42724649248703_r0c0.jpg,FP,2,-1,0.0,0,3444,0.0,39.69149200076409
TOSTADA-D_004_jpg.rf.3e98f483ac7b358f6b42724649248703_r0c0.jpg,FP,3,-1,0.0,0,54959,0.0,633.392772610335
TOSTADA-D_004_jpg.rf.3e98f483ac7b358f6b42724649248703_r0c0.jpg,FP,5,-1,0.0,0,1575,0.0,18.151596951568944
TOSTADA-D_004_jpg.rf.3e98f483ac7b358f6b42724649248703_r0c0.jpg,FP,7,-1,0.0,0,1065,0.0,12.273936986299
TOSTADA-D_004_jpg.rf.3e98f483ac7b358f6b42724649248703_r0c0.jpg,FP,8,-1,0.0,0,3666,0.0,42.25000280917572
TOSTADA-D_004_jpg.rf.3e98f483ac7b358f6b42724649248703_r0c0.jpg,FP,10,-1,0.0,0,53095,0.0,611.9105016784464
TOSTADA-D_004_jpg.rf.3e98f483ac7b358f6b42724649248703_r0c0.jpg,FP,12,-1,0.0,0,855,0.0,9.853724059423142
TOSTADA-D_004_jpg.rf.3e98f483ac7b358f6b42724649248703_r0c0.jpg,FP,13,-1,0.0,0,82345,0.0,949.0115879218697
TOSTADA-D_004_jpg.rf.3e98f483ac7b358f6b42724649248703_r0c0.jpg,FN,-1,0,0.0,19027,0,219.28281599841418,0.0
TOSTADA-D_004_jpg.rf.3e98f483ac7b358f6b42724649248703_r0c0.jpg,FN,-1,3,0.0,7315,0,84.3040836195091,0.0
TOSTADA-D_004_jpg.rf.3e98f483ac7b358f6b42724649248703_r0c0.jpg,FN,-1,4,0.0,1857,0,21.401597167659386,0.0
TOSTADA-D_004_jpg.rf.3e98f483ac7b358f6b42724649248703_r0c0.jpg,FN,-1,5,0.0,7590,0,87.47341007137034,0.0
TOSTADA-D_004_jpg.rf.3e98f483ac7b358f6b42724649248703_r0c0.jpg,FN,-1,6,0.0,7452,0,85.88298443370907,0.0
TOSTADA-D_004_jpg.rf.3e98f483ac7b358f6b42724649248703_r0c0.jpg,FN,-1,8,0.0,11886,0,136.98405166117362,0.0
TOSTADA-D_004_jpg.rf.3e98f483ac7b358f6b42724649248703_r0c0.jpg,FN,-1,10,0.0,15153,0,174.6356499092852,0.0
TOSTADA-D_004_jpg.rf.3e98f483ac7b358f6b42724649248703_r0c0.jpg,FN,-1,11,0.0,22262,0,256.5656198957637,0.0
TOSTADA-D_004_jpg.rf.3e98f483ac7b358f6b42724649248703_r0c0.jpg,FN,-1,12,0.0,741,0,8.53989418483339,0.0
TOSTADA-D_004_jpg.rf.3e98f483ac7b358f6b42724649248703_r0c0.jpg,FN,-1,13,0.0,720,0,8.297872892145804,0.0
TOSTADA-D_004_jpg.rf.3e98f483ac7b358f6b42724649248703_r0c0.jpg,FN,-1,15,0.0,2210,0,25.46985984950309,0.0
TOSTADA-D_004_jpg.rf.3e98f483ac7b358f6b42724649248703_r0c1.jpg,TP,0,11,0.9222009991184249,12701,13464,146.37678278214423,155.17022308312653
TOSTADA-D_004_jpg.rf.3e98f483ac7b358f6b42724649248703_r0c1.jpg,TP,6,9,0.8189444250262146,9833,10983,113.32358909509678,126.57713607560744
TOSTADA-D_004_jpg.rf.3e98f483ac7b358f6b42724649248703_r0c1.jpg,TP,5,10,0.8113946267044687,6328,7089,72.92908286319256,81.69947351725222
TOSTADA-D_004_jpg.rf.3e98f483ac7b358f6b42724649248703_r0c1.jpg,TP,11,4,0.7964023494860499,10847,13620,125.00976008486879,156.96809554309144
TOSTADA-D_004_jpg.rf.3e98f483ac7b358f6b42724649248703_r0c1.jpg,TP,4,15,0.768251841929002,3788,4132,43.65603127145598,47.62057054214786
TOSTADA-D_004_jpg.rf.3e98f483ac7b358f6b42724649248703_r0c1.jpg,TP,2,12,0.7532731147873744,8966,8309,103.33156715413789,95.75975814005483
TOSTADA-D_004_jpg.rf.3e98f483ac7b358f6b42724649248703_r0c1.jpg,TP,8,7,0.7418270345467192,13000,17050,149.822704997077,196.49824001539716
TOSTADA-D_004_jpg.rf.3e98f483ac7b358f6b42724649248703_r0c1.jpg,TP,3,16,0.7142155055903674,28997,26811,334.1853059077109,308.9920418212794
TOSTADA-D_004_jpg.rf.3e98f483ac7b358f6b42724649248703_r0c1.jpg,TP,10,14,0.6892133492252682,3252,2417,37.478725896191875,27.85549830599501
TOSTADA-D_004_jpg.rf.3e98f483ac7b358f6b42724649248703_r0c1.jpg,TP,12,0,0.5891170503043448,35136,55717,404.9361971367152,642.1285887940107
TOSTADA-D_004_jpg.rf.3e98f483ac7b358f6b42724649248703_r0c1.jpg,TP,7,17,0.5642658444213561,16836,29837,194.03192779467602,343.8661576152144
TOSTADA-D_004_jpg.rf.3e98f483ac7b358f6b42724649248703_r0c1.jpg,FP,1,-1,0.0,0,3392,0.0,39.09220118077579
TOSTADA-D_004_jpg.rf.3e98f483ac7b358f6b42724649248703_r0c1.jpg,FP,9,-1,0.0,0,3174,0.0,36.579789666209415
TOSTADA-D_004_jpg.rf.3e98f483ac7b358f6b42724649248703_r0c1.jpg,FN,-1,1,0.0,36157,0,416.7030418907164,0.0
TOSTADA-D_004_jpg.rf.3e98f483ac7b358f6b42724649248703_r0c1.jpg,FN,-1,2,0.0,50148,0,577.9468469379552,0.0
TOSTADA-D_004_jpg.rf.3e98f483ac7b358f6b42724649248703_r0c1.jpg,FN,-1,3,0.0,28183,0,324.80409961020166,0.0
TOSTADA-D_004_jpg.rf.3e98f483ac7b358f6b42724649248703_r0c1.jpg,FN,-1,5,0.0,4054,0,46.7216343121654,0.0
TOSTADA-D_004_jpg.rf.3e98f483ac7b358f6b42724649248703_r0c1.jpg,FN,-1,6,0.0,14221,0,163.89451444334094,0.0
TOSTADA-D_004_jpg.rf.3e98f483ac7b358f6b42724649248703_r0c1.jpg,FN,-1,8,0.0,50692,0,584.2163509009098,0.0
TOSTADA-D_004_jpg.rf.3e98f483ac7b358f6b42724649248703_r0c1.jpg,FN,-1,13,0.0,1641,0,18.912235300015645,0.0
TOSTADA-D_004_jpg.rf.3e98f483ac7b358f6b42724649248703_r0c1.jpg,FN,-1,18,0.0,7999,0,92.18706286704762,0.0
TOSTADA-D_004_jpg.rf.3e98f483ac7b358f6b42724649248703_r0c2.jpg,TP,2,12,0.8559936700514308,7290,6784,84.01596303297626,78.18440236155158
TOSTADA-D_004_jpg.rf.3e98f483ac7b358f6b42724649248703_r0c2.jpg,TP,1,3,0.8338112795302471,6424,7005,74.03546591547867,80.73138834650187
TOSTADA-D_004_jpg.rf.3e98f483ac7b358f6b42724649248703_r0c2.jpg,TP,0,11,0.7764386863513106,3160,2736,36.41844213775103,31.531916990154052
TOSTADA-D_004_jpg.rf.3e98f483ac7b358f6b42724649248703_r0c2.jpg,TP,7,0,0.741377104549409,75864,60249,874.3192070690961,694.359088720684
TOSTADA-D_004_jpg.rf.3e98f483ac7b358f6b42724649248703_r0c2.jpg,TP,3,4,0.6752084355076018,24468,16521,281.98938045142154,190.40160840436224
TOSTADA-D_004_jpg.rf.3e98f483ac7b358f6b42724649248703_r0c2.jpg,FP,4,-1,0.0,0,1333,0.0,15.36258967393105
TOSTADA-D_004_jpg.rf.3e98f483ac7b358f6b42724649248703_r0c2.jpg,FP,5,-1,0.0,0,2576,0.0,29.687945236343875
TOSTADA-D_004_jpg.rf.3e98f483ac7b358f6b42724649248703_r0c2.jpg,FP,6,-1,0.0,0,103275,0.0,1190.2261429671637
TOSTADA-D_004_jpg.rf.3e98f483ac7b358f6b42724649248703_r0c2.jpg,FP,8,-1,0.0,0,1790,0.0,20.629433995751373
TOSTADA-D_004_jpg.rf.3e98f483ac7b358f6b42724649248703_r0c2.jpg,FP,9,-1,0.0,0,61079,0.0,703.9246921935743
TOSTADA-D_004_jpg.rf.3e98f483ac7b358f6b42724649248703_r0c2.jpg,FN,-1,1,0.0,8583,0,98.91755976845477,0.0
TOSTADA-D_004_jpg.rf.3e98f483ac7b358f6b42724649248703_r0c2.jpg,FN,-1,2,0.0,8679,0,100.02394282074087,0.0
TOSTADA-D_004_jpg.rf.3e98f483ac7b358f6b42724649248703_r0c2.jpg,FN,-1,5,0.0,9284,0,106.9964610148356,0.0
TOSTADA-D_004_jpg.rf.3e98f483ac7b358f6b42724649248703_r0c2.jpg,FN,-1,6,0.0,809,0,9.323582180202715,0.0
TOSTADA-D_004_jpg.rf.3e98f483ac7b358f6b42724649248703_r0c2.jpg,FN,-1,7,0.0,2867,0,33.04166886358614,0.0
TOSTADA-D_004_jpg.rf.3e98f483ac7b358f6b42724649248703_r0c2.jpg,FN,-1,8,0.0,779,0,8.977837476363307,0.0
TOSTADA-D_004_jpg.rf.3e98f483ac7b358f6b42724649248703_r0c2.jpg,FN,-1,9,0.0,3851,0,44.38209514951873,0.0
TOSTADA-D_004_jpg.rf.3e98f483ac7b358f6b42724649248703_r0c2.jpg,FN,-1,10,0.0,1643,0,18.93528494693827,0.0
TOSTADA-D_004_jpg.rf.3e98f483ac7b358f6b42724649248703_r1c0.jpg,TP,13,10,0.9180740537324362,21104,20804,243.21987432756254,239.76242728916847
TOSTADA-D_004_jpg.rf.3e98f483ac7b358f6b42724649248703_r1c0.jpg,TP,1,16,0.9110654534781333,6668,6354,76.84752284003919,73.22872827318672
TOSTADA-D_004_jpg.rf.3e98f483ac7b358f6b42724649248703_r1c0.jpg,TP,6,15,0.8987523992322457,5758,6113,66.3599334902438,70.45124581901014
TOSTADA-D_004_jpg.rf.3e98f483ac7b358f6b42724649248703_r1c0.jpg,TP,9,7,0.8801911974672544,58978,62174,679.7110381013545,716.5443738837128
TOSTADA-D_004_jpg.rf.3e98f483ac7b358f6b42724649248703_r1c0.jpg,TP,0,0,0.8336484661393015,22963,24556,264.6445211421446,283.0035649160171
TOSTADA-D_004_jpg.rf.3e98f483ac7b358f6b42724649248703_r1c0.jpg,TP,4,14,0.8258614161302537,22252,25969,256.4503716611506,299.2881404668533
TOSTADA-D_004_jpg.rf.3e98f483ac7b358f6b42724649248703_r1c0.jpg,TP,10,11,0.8214223002633889,14537,16582,167.53635865711604,191.10462263550238
TOSTADA-D_004_jpg.rf.3e98f483ac7b358f6b42724649248703_r1c0.jpg,TP,5,5,0.8138914574294046,23624,27379,272.2624294500729,315.5381415473055
TOSTADA-D_004_jpg.rf.3e98f483ac7b358f6b42724649248703_r1c0.jpg,TP,3,2,0.7349934469200524,11329,15147,130.56472499322194,174.56650096851735
TOSTADA-D_004_jpg.rf.3e98f483ac7b358f6b42724649248703_r1c0.jpg,TP,7,12,0.6036240090600227,1066,1766,12.285461809760314,20.352838232679847
TOSTADA-D_004_jpg.rf.3e98f483ac7b358f6b42724649248703_r1c0.jpg,TP,11,8,0.5795036545167916,61565,70690,709.5257563957728,814.6897704802595
TOSTADA-D_004_jpg.rf.3e98f483ac7b358f6b42724649248703_r1c0.jpg,FP,2,-1,0.0,0,106149,0.0,1223.348485594979
TOSTADA-D_004_jpg.rf.3e98f483ac7b358f6b42724649248703_r1c0.jpg,FP,8,-1,0.0,0,98773,0.0,1138.3413877443297
TOSTADA-D_004_jpg.rf.3e98f483ac7b358f6b42724649248703_r1c0.jpg,FP,12,-1,0.0,0,6261,0.0,72.15691969128454
TOSTADA-D_004_jpg.rf.3e98f483ac7b358f6b42724649248703_r1c0.jpg,FP,14,-1,0.0,0,84385,0.0,972.5222277829495
TOSTADA-D_004_jpg.rf.3e98f483ac7b358f6b42724649248703_r1c0.jpg,FP,15,-1,0.0,0,115409,0.0,1330.068350846743
TOSTADA-D_004_jpg.rf.3e98f483ac7b358f6b42724649248703_r1c0.jpg,FN,-1,1,0.0,9631,0,110.99557475591143,0.0
TOSTADA-D_004_jpg.rf.3e98f483ac7b358f6b42724649248703_r1c0.jpg,FN,-1,3,0.0,28179,0,324.7580003163564,0.0
TOSTADA-D_004_jpg.rf.3e98f483ac7b358f6b42724649248703_r1c0.jpg,FN,-1,4,0.0,774,0,8.920213359056739,0.0
TOSTADA-D_004_jpg.rf.3e98f483ac7b358f6b42724649248703_r1c0.jpg,FN,-1,6,0.0,93437,0,1076.8449297547604,0.0
TOSTADA-D_004_jpg.rf.3e98f483ac7b358f6b42724649248703_r1c0.jpg,FN,-1,9,0.0,47624,0,548.8581925215997,0.0
TOSTADA-D_004_jpg.rf.3e98f483ac7b358f6b42724649248703_r1c0.jpg,FN,-1,13,0.0,3258,0,37.54787483695976,0.0
TOSTADA-D_004_jpg.rf.3e98f483ac7b358f6b42724649248703_r1c1.jpg,TP,0,0,0.9275523937704288,24492,25634,282.2659762144931,295.4273246073132
TOSTADA-D_004_jpg.rf.3e98f483ac7b358f6b42724649248703_r1c1.jpg,TP,1,11,0.8778197598294115,26117,24079,300.9938143391277,277.5062241249706
TOSTADA-D_004_jpg.rf.3e98f483ac7b358f6b42724649248703_r1c1.jpg,TP,8,1,0.8694550063371356,3763,3612,43.36791068492314,41.62766234226478
TOSTADA-D_004_jpg.rf.3e98f483ac7b358f6b42724649248703_r1c1.jpg,TP,13,3,0.8470693914215136,3825,4400,44.08244973952458,50.70922322977991
TOSTADA-D_004_jpg.rf.3e98f483ac7b358f6b42724649248703_r1c1.jpg,TP,5,8,0.815864373221136,39286,34084,452.7642145011667,392.8120828554133
TOSTADA-D_004_jpg.rf.3e98f483ac7b358f6b42724649248703_r1c1.jpg,TP,2,5,0.776530339481422,3058,3588,35.242910144697035,41.35106657919325
TOSTADA-D_004_jpg.rf.3e98f483ac7b358f6b42724649248703_r1c1.jpg,TP,7,10,0.7170848352903387,25559,22552,294.5629628477147,259.9078186995447
TOSTADA-D_004_jpg.rf.3e98f483ac7b358f6b42724649248703_r1c1.jpg,TP,3,15,0.555285733139765,21389,37533,246.50444901403694,432.56119897348395
TOSTADA-D_004_jpg.rf.3e98f483ac7b358f6b42724649248703_r1c1.jpg,TP,9,9,0.5322538369688674,66168,39058,762.5745187881994,450.1365547519872
TOSTADA-D_004_jpg.rf.3e98f483ac7b358f6b42724649248703_r1c1.jpg,TP,6,6,0.5205230657464585,1433,2753,16.515072020062412,31.727838988996385
TOSTADA-D_004_jpg.rf.3e98f483ac7b358f6b42724649248703_r1c1.jpg,FP,4,-1,0.0,0,2079,0.0,23.960107976071008
TOSTADA-D_004_jpg.rf.3e98f483ac7b358f6b42724649248703_r1c1.jpg,FP,10,-1,0.0,0,43756,0.0,504.2801753732386
TOSTADA-D_004_jpg.rf.3e98f483ac7b358f6b42724649248703_r1c1.jpg,FP,11,-1,0.0,0,45772,0.0,527.5142194712469
TOSTADA-D_004_jpg.rf.3e98f483ac7b358f6b42724649248703_r1c1.jpg,FP,12,-1,0.0,0,38463,0.0,443.2792847925056
TOSTADA-D_004_jpg.rf.3e98f483ac7b358f6b42724649248703_r1c1.jpg,FN,-1,2,0.0,19004,0,219.01774505880397,0.0
TOSTADA-D_004_jpg.rf.3e98f483ac7b358f6b42724649248703_r1c1.jpg,FN,-1,4,0.0,17291,0,199.27572246957374,0.0
TOSTADA-D_004_jpg.rf.3e98f483ac7b358f6b42724649248703_r1c1.jpg,FN,-1,7,0.0,43499,0,501.31829574368095,0.0
TOSTADA-D_004_jpg.rf.3e98f483ac7b358f6b42724649248703_r1c1.jpg,FN,-1,12,0.0,7989,0,92.07181463243448,0.0
TOSTADA-D_004_jpg.rf.3e98f483ac7b358f6b42724649248703_r1c1.jpg,FN,-1,13,0.0,16645,0,191.83068651356513,0.0
TOSTADA-D_004_jpg.rf.3e98f483ac7b358f6b42724649248703_r1c1.jpg,FN,-1,14,0.0,7768,0,89.52482864748417,0.0
TOSTADA-D_004_jpg.rf.3e98f483ac7b358f6b42724649248703_r1c1.jpg,FN,-1,16,0.0,9738,0,112.22873086627199,0.0
TOSTADA-D_004_jpg.rf.3e98f483ac7b358f6b42724649248703_r1c1.jpg,FN,-1,17,0.0,5110,0,58.89184788731258,0.0
TOSTADA-D_004_jpg.rf.3e98f483ac7b358f6b42724649248703_r1c1.jpg,FN,-1,18,0.0,14183,0,163.456571151811,0.0
TOSTADA-D_004_jpg.rf.3e98f483ac7b358f6b42724649248703_r1c1.jpg,FN,-1,19,0.0,7321,0,84.37323256027697,0.0
TOSTADA-D_004_jpg.rf.3e98f483ac7b358f6b42724649248703_r1c2.jpg,TP,0,9,0.9223201352003862,16232,15617,187.0709344240426,179.98316799533472
TOSTADA-D_004_jpg.rf.3e98f483ac7b358f6b42724649248703_r1c2.jpg,TP,1,1,0.8553309359510156,18982,19197,218.76419894265504,221.2420359868375
TOSTADA-D_004_jpg.rf.3e98f483ac7b358f6b42724649248703_r1c2.jpg,TP,3,11,0.7845978322875071,15814,15470,182.2535582172135,178.28901894652162
TOSTADA-D_004_jpg.rf.3e98f483ac7b358f6b42724649248703_r1c2.jpg,TP,5,10,0.7123721683417528,43585,53700,502.30943056135396,618.8830198725411
TOSTADA-D_004_jpg.rf.3e98f483ac7b358f6b42724649248703_r1c2.jpg,TP,2,0,0.6464801721487857,4767,5945,54.93883344008201,68.51507547750944
TOSTADA-D_004_jpg.rf.3e98f483ac7b358f6b42724649248703_r1c2.jpg,FP,4,-1,0.0,0,51138,0.0,589.3564221646557
TOSTADA-D_004_jpg.rf.3e98f483ac7b358f6b42724649248703_r1c2.jpg,FP,6,-1,0.0,0,5010,0.0,57.739365541181215
TOSTADA-D_004_jpg.rf.3e98f483ac7b358f6b42724649248703_r1c2.jpg,FP,7,-1,0.0,0,72793,0.0,838.926474219402
TOSTADA-D_004_jpg.rf.3e98f483ac7b358f6b42724649248703_r1c2.jpg,FN,-1,2,0.0,26843,0,309.3608361720414,0.0
TOSTADA-D_004_jpg.rf.3e98f483ac7b358f6b42724649248703_r1c2.jpg,FN,-1,3,0.0,8306,0,95.7251836696709,0.0
TOSTADA-D_004_jpg.rf.3e98f483ac7b358f6b42724649248703_r1c2.jpg,FN,-1,4,0.0,3559,0,41.01684669881516,0.0
TOSTADA-D_004_jpg.rf.3e98f483ac7b358f6b42724649248703_r1c2.jpg,FN,-1,5,0.0,23505,0,270.8909754581765,0.0
TOSTADA-D_004_jpg.rf.3e98f483ac7b358f6b42724649248703_r1c2.jpg,FN,-1,6,0.0,12431,0,143.26508044758955,0.0
TOSTADA-D_004_jpg.rf.3e98f483ac7b358f6b42724649248703_r1c2.jpg,FN,-1,7,0.0,1801,0,20.756207053825822,0.0
TOSTADA-D_004_jpg.rf.3e98f483ac7b358f6b42724649248703_r1c2.jpg,FN,-1,8,0.0,8298,0,95.63298508198038,0.0
TOSTADA-D_004_jpg.rf.3e98f483ac7b358f6b42724649248703_r1c2.jpg,FN,-1,12,0.0,34258,0,394.8174021376818,0.0
TOSTADA-D_004_jpg.rf.3e98f483ac7b358f6b42724649248703_r1c2.jpg,FN,-1,13,0.0,25677,0,295.9228920161497,0.0
TOSTADA-D_004_jpg.rf.3e98f483ac7b358f6b42724649248703_r2c0.jpg,TP,0,6,0.9372303710094909,17976,17948,207.17022654057357,206.84753148365678
TOSTADA-D_004_jpg.rf.3e98f483ac7b358f6b42724649248703_r2c0.jpg,TP,1,5,0.9344853910750226,28298,27450,326.1294543082527,316.35640401305875
TOSTADA-D_004_jpg.rf.3e98f483ac7b358f6b42724649248703_r2c0.jpg,TP,5,1,0.8333775745956841,88322,98160,1017.8954577501412,1131.2766709625446
TOSTADA-D_004_jpg.rf.3e98f483ac7b358f6b42724649248703_r2c0.jpg,TP,3,2,0.8021590658735405,10923,13617,125.88564666792863,156.9335210727075
TOSTADA-D_004_jpg.rf.3e98f483ac7b358f6b42724649248703_r2c0.jpg,TP,2,7,0.7358784254290747,18895,23483,217.76153930152077,270.63742934202764
TOSTADA-D_004_jpg.rf.3e98f483ac7b358f6b42724649248703_r2c0.jpg,TP,4,3,0.636001857133382,9629,15037,110.9725251089888,173.29877038777283
TOSTADA-D_004_jpg.rf.3e98f483ac7b358f6b42724649248703_r2c0.jpg,FP,6,-1,0.0,0,2420,0.0,27.89007277637895
TOSTADA-D_004_jpg.rf.3e98f483ac7b358f6b42724649248703_r2c0.jpg,FP,7,-1,0.0,0,370,0.0,4.2641846806860375
TOSTADA-D_004_jpg.rf.3e98f483ac7b358f6b42724649248703_r2c0.jpg,FP,8,-1,0.0,0,132575,0.0,1527.9034703836526
TOSTADA-D_004_jpg.rf.3e98f483ac7b358f6b42724649248703_r2c0.jpg,FN,-1,0,0.0,15900,0,183.2446930348865,0.0
TOSTADA-D_004_jpg.rf.3e98f483ac7b358f6b42724649248703_r2c0.jpg,FN,-1,4,0.0,12123,0,139.71543482150497,0.0
TOSTADA-D_004_jpg.rf.3e98f483ac7b358f6b42724649248703_r2c0.jpg,FN,-1,8,0.0,4375,0,50.42110264324707,0.0
TOSTADA-D_004_jpg.rf.3e98f483ac7b358f6b42724649248703_r2c1.jpg,TP,0,20,0.9191424196018376,39791,41667,458.58425034913006,480.20481916255443
TOSTADA-D_004_jpg.rf.3e98f483ac7b358f6b42724649248703_r2c1.jpg,TP,11,7,0.8923455684870188,4195,4260,48.34663442021062,49.095747945196
TOSTADA-D_004_jpg.rf.3e98f483ac7b358f6b42724649248703_r2c1.jpg,TP,15,14,0.8917123576549979,9343,8598,107.67642559905312,99.09043212037447
TOSTADA-D_004_jpg.rf.3e98f483ac7b358f6b42724649248703_r2c1.jpg,TP,2,11,0.8664152585394155,12069,13667,139.09309435459403,157.50976224577317
TOSTADA-D_004_jpg.rf.3e98f483ac7b358f6b42724649248703_r2c1.jpg,TP,1,18,0.8498393630395307,6152,7091,70.90071393400136,81.72252316417485
TOSTADA-D_004_jpg.rf.3e98f483ac7b358f6b42724649248703_r2c1.jpg,TP,10,1,0.8468781784179271,29495,26796,339.9246679914451,308.8191694693596
TOSTADA-D_004_jpg.rf.3e98f483ac7b358f6b42724649248703_r2c1.jpg,TP,7,9,0.8427575522850503,1129,1250,13.011525687823072,14.40602932664202
TOSTADA-D_004_jpg.rf.3e98f483ac7b358f6b42724649248703_r2c1.jpg,TP,3,12,0.8027058698199637,7594,9328,87.5195093652156,107.50355324713341
TOSTADA-D_004_jpg.rf.3e98f483ac7b358f6b42724649248703_r2c1.jpg,TP,5,0,0.8024397500743826,2703,3355,31.151597815930703,38.665782712707184
TOSTADA-D_004_jpg.rf.3e98f483ac7b358f6b42724649248703_r2c1.jpg,TP,6,16,0.7957486136783734,5223,6435,60.194152938441015,74.16223897355312
TOSTADA-D_004_jpg.rf.3e98f483ac7b358f6b42724649248703_r2c1.jpg,TP,4,2,0.69888931791855,32521,42276,374.7987837853801,487.2234366504944
TOSTADA-D_004_jpg.rf.3e98f483ac7b358f6b42724649248703_r2c1.jpg,TP,14,13,0.6434495270182713,29883,20847,344.3962994944348,240.25799469800495
TOSTADA-D_004_jpg.rf.3e98f483ac7b358f6b42724649248703_r2c1.jpg,FP,8,-1,0.0,0,21023,0.0,242.28636362719615
TOSTADA-D_004_jpg.rf.3e98f483ac7b358f6b42724649248703_r2c1.jpg,FP,9,-1,0.0,0,7881,0.0,90.82713369861261
TOSTADA-D_004_jpg.rf.3e98f483ac7b358f6b42724649248703_r2c1.jpg,FP,12,-1,0.0,0,48753,0.0,561.8697182094227
TOSTADA-D_004_jpg.rf.3e98f483ac7b358f6b42724649248703_r2c1.jpg,FP,13,-1,0.0,0,12455,0.0,143.54167621066108
TOSTADA-D_004_jpg.rf.3e98f483ac7b358f6b42724649248703_r2c1.jpg,FP,16,-1,0.0,0,20190,0.0,232.6861856839219
TOSTADA-D_004_jpg.rf.3e98f483ac7b358f6b42724649248703_r2c1.jpg,FN,-1,3,0.0,10651,0,122.75089468645132,0.0
TOSTADA-D_004_jpg.rf.3e98f483ac7b358f6b42724649248703_r2c1.jpg,FN,-1,4,0.0,9542,0,109.96986546785452,0.0
TOSTADA-D_004_jpg.rf.3e98f483ac7b358f6b42724649248703_r2c1.jpg,FN,-1,5,0.0,33361,0,384.4796354928835,0.0
TOSTADA-D_004_jpg.rf.3e98f483ac7b358f6b42724649248703_r2c1.jpg,FN,-1,6,0.0,9399,0,108.32181571288667,0.0
TOSTADA-D_004_jpg.rf.3e98f483ac7b358f6b42724649248703_r2c1.jpg,FN,-1,8,0.0,1722,0,19.845746000382047,0.0
TOSTADA-D_004_jpg.rf.3e98f483ac7b358f6b42724649248703_r2c1.jpg,FN,-1,10,0.0,19277,0,222.16402186374256,0.0
TOSTADA-D_004_jpg.rf.3e98f483ac7b358f6b42724649248703_r2c1.jpg,FN,-1,15,0.0,7004,0,80.71986352304056,0.0
TOSTADA-D_004_jpg.rf.3e98f483ac7b358f6b42724649248703_r2c1.jpg,FN,-1,17,0.0,5316,0,61.26596152034318,0.0
TOSTADA-D_004_jpg.rf.3e98f483ac7b358f6b42724649248703_r2c1.jpg,FN,-1,19,0.0,5430,0,62.57979139493293,0.0
TOSTADA-D_004_jpg.rf.3e98f483ac7b358f6b42724649248703_r2c2.jpg,TP,3,4,0.8634662230408175,15334,16030,176.72164295578298,184.74292008485727
TOSTADA-D_004_jpg.rf.3e98f483ac7b358f6b42724649248703_r2c2.jpg,TP,6,9,0.8132045088566827,3539,4343,40.786350229588884,50.05230829248503
TOSTADA-D_004_jpg.rf.3e98f483ac7b358f6b42724649248703_r2c2.jpg,TP,0,12,0.8071703262622504,33357,39481,384.43353619903826,455.0115550761229
TOSTADA-D_004_jpg.rf.3e98f483ac7b358f6b42724649248703_r2c2.jpg,TP,1,1,0.7988075429839157,6158,6815,70.96986287476925,78.54167188885229
TOSTADA-D_004_jpg.rf.3e98f483ac7b358f6b42724649248703_r2c2.jpg,TP,2,3,0.7009026997795249,37444,44332,431.535489685427,510.9184736869552
TOSTADA-D_004_jpg.rf.3e98f483ac7b358f6b42724649248703_r2c2.jpg,TP,7,8,0.6379850859838685,21005,32811,242.0789168048925,378.14098258916107
TOSTADA-D_004_jpg.rf.3e98f483ac7b358f6b42724649248703_r2c2.jpg,FP,4,-1,0.0,0,36283,0.0,418.1551696468419
TOSTADA-D_004_jpg.rf.3e98f483ac7b358f6b42724649248703_r2c2.jpg,FP,5,-1,0.0,0,17288,0.0,199.2411479991898
TOSTADA-D_004_jpg.rf.3e98f483ac7b358f6b42724649248703_r2c2.jpg,FP,8,-1,0.0,0,23522,0.0,271.0868974570189
TOSTADA-D_004_jpg.rf.3e98f483ac7b358f6b42724649248703_r2c2.jpg,FN,-1,0,0.0,16692,0,192.37235321624686,0.0
TOSTADA-D_004_jpg.rf.3e98f483ac7b358f6b42724649248703_r2c2.jpg,FN,-1,2,0.0,12224,0,140.87944199109765,0.0
TOSTADA-D_004_jpg.rf.3e98f483ac7b358f6b42724649248703_r2c2.jpg,FN,-1,5,0.0,13630,0,157.08334377770458,0.0
TOSTADA-D_004_jpg.rf.3e98f483ac7b358f6b42724649248703_r2c2.jpg,FN,-1,6,0.0,8440,0,97.26951001348692,0.0
TOSTADA-D_004_jpg.rf.3e98f483ac7b358f6b42724649248703_r2c2.jpg,FN,-1,7,0.0,7956,0,91.69149545821112,0.0
TOSTADA-D_004_jpg.rf.3e98f483ac7b358f6b42724649248703_r2c2.jpg,FN,-1,10,0.0,1238,0,14.267731445106257,0.0
TOSTADA-D_004_jpg.rf.3e98f483ac7b358f6b42724649248703_r2c2.jpg,FN,-1,11,0.0,7366,0,84.8918496160361,0.0
TOSTADA-D_005_jpg.rf.9eda8c127b0d32eddbe6f3379d28ec98_r0c0.jpg,FP,0,-1,0.0,0,6818,0.0,78.57624635923624
TOSTADA-D_005_jpg.rf.9eda8c127b0d32eddbe6f3379d28ec98_r0c0.jpg,FN,-1,0,0.0,48398,0,557.7784058806564,0.0
TOSTADA-D_005_jpg.rf.9eda8c127b0d32eddbe6f3379d28ec98_r0c0.jpg,FN,-1,1,0.0,2697,0,31.08244887516282,0.0
TOSTADA-D_005_jpg.rf.9eda8c127b0d32eddbe6f3379d28ec98_r0c0.jpg,FN,-1,2,0.0,4756,0,54.81206038200756,0.0
TOSTADA-D_005_jpg.rf.9eda8c127b0d32eddbe6f3379d28ec98_r0c0.jpg,FN,-1,3,0.0,3501,0,40.34840693805897,0.0
TOSTADA-D_005_jpg.rf.9eda8c127b0d32eddbe6f3379d28ec98_r0c0.jpg,FN,-1,4,0.0,1751,0,20.17996588076014,0.0
TOSTADA-D_005_jpg.rf.9eda8c127b0d32eddbe6f3379d28ec98_r0c1.jpg,TP,7,14,0.8488291413703383,9944,11373,114.60284449930259,131.07181722551977
TOSTADA-D_005_jpg.rf.9eda8c127b0d32eddbe6f3379d28ec98_r0c1.jpg,TP,17,19,0.8471062482004031,3123,3292,35.992023669682425,37.939718834644424
TOSTADA-D_005_jpg.rf.9eda8c127b0d32eddbe6f3379d28ec98_r0c1.jpg,TP,4,5,0.840975043528729,4593,4923,52.933514157813434,56.73670590004693
TOSTADA-D_005_jpg.rf.9eda8c127b0d32eddbe6f3379d28ec98_r0c1.jpg,TP,13,6,0.8245278092088084,10080,10882,116.17022049004125,125.41312890601476
TOSTADA-D_005_jpg.rf.9eda8c127b0d32eddbe6f3379d28ec98_r0c1.jpg,TP,11,15,0.7911804613297151,6176,7025,71.17730969707289,80.96188481572815
TOSTADA-D_005_jpg.rf.9eda8c127b0d32eddbe6f3379d28ec98_r0c1.jpg,TP,6,1,0.7825936798480401,4993,5330,57.543443542338885,61.427309048801575
TOSTADA-D_005_jpg.rf.9eda8c127b0d32eddbe6f3379d28ec98_r0c1.jpg,TP,10,12,0.7754749568221071,908,1148,10.464539702872763,13.230497333588032
TOSTADA-D_005_jpg.rf.9eda8c127b0d32eddbe6f3379d28ec98_r0c1.jpg,TP,0,3,0.7486047909332876,8729,11637,100.60018399380655,134.11437061930656
TOSTADA-D_005_jpg.rf.9eda8c127b0d32eddbe6f3379d28ec98_r0c1.jpg,TP,12,13,0.7186234817813765,1098,1449,12.65425616052235,16.69946919544343
TOSTADA-D_005_jpg.rf.9eda8c127b0d32eddbe6f3379d28ec98_r0c1.jpg,TP,9,8,0.7067073170731707,2322,3276,26.760640077170216,37.75532165926341
TOSTADA-D_005_jpg.rf.9eda8c127b0d32eddbe6f3379d28ec98_r0c1.jpg,TP,18,4,0.6893251377161452,67880,90974,782.3050165539682,1048.4592895695448
TOSTADA-D_005_jpg.rf.9eda8c127b0d32eddbe6f3379d28ec98_r0c1.jpg,TP,3,10,0.6629457364341085,4277,6449,49.29166994403833,74.32358650201151
TOSTADA-D_005_jpg.rf.9eda8c127b0d32eddbe6f3379d28ec98_r0c1.jpg,TP,2,9,0.6161198656677861,2428,3828,27.982271364069458,44.11702420990852
TOSTADA-D_005_jpg.rf.9eda8c127b0d32eddbe6f3379d28ec98_r0c1.jpg,TP,5,7,0.5940865892291447,2813,4735,32.4193283966752,54.57003908931997
TOSTADA-D_005_jpg.rf.9eda8c127b0d32eddbe6f3379d28ec98_r0c1.jpg,FP,1,-1,0.0,0,8786,0.0,101.25709893110142
TOSTADA-D_005_jpg.rf.9eda8c127b0d32eddbe6f3379d28ec98_r0c1.jpg,FP,8,-1,0.0,0,8481,0.0,97.74202777540077
TOSTADA-D_005_jpg.rf.9eda8c127b0d32eddbe6f3379d28ec98_r0c1.jpg,FP,14,-1,0.0,0,3589,0.0,41.362591402654566
TOSTADA-D_005_jpg.rf.9eda8c127b0d32eddbe6f3379d28ec98_r0c1.jpg,FP,15,-1,0.0,0,10128,0.0,116.7234120161843
TOSTADA-D_005_jpg.rf.9eda8c127b0d32eddbe6f3379d28ec98_r0c1.jpg,FP,16,-1,0.0,0,17529,0.0,202.01863045336637
TOSTADA-D_005_jpg.rf.9eda8c127b0d32eddbe6f3379d28ec98_r0c1.jpg,FP,19,-1,0.0,0,11171,0.0,128.7438028863344
TOSTADA-D_005_jpg.rf.9eda8c127b0d32eddbe6f3379d28ec98_r0c1.jpg,FN,-1,0,0.0,48871,0,563.2296473778578,0.0
TOSTADA-D_005_jpg.rf.9eda8c127b0d32eddbe6f3379d28ec98_r0c1.jpg,FN,-1,2,0.0,5030,0,57.96986201040749,0.0
TOSTADA-D_005_jpg.rf.9eda8c127b0d32eddbe6f3379d28ec98_r0c1.jpg,FN,-1,11,0.0,5997,0,69.11436629749775,0.0
TOSTADA-D_005_jpg.rf.9eda8c127b0d32eddbe6f3379d28ec98_r0c1.jpg,FN,-1,16,0.0,2478,0,28.55851253713514,0.0
TOSTADA-D_005_jpg.rf.9eda8c127b0d32eddbe6f3379d28ec98_r0c1.jpg,FN,-1,17,0.0,16764,0,193.20214050546144,0.0
TOSTADA-D_005_jpg.rf.9eda8c127b0d32eddbe6f3379d28ec98_r0c1.jpg,FN,-1,18,0.0,2849,0,32.834222041282494,0.0
TOSTADA-D_005_jpg.rf.9eda8c127b0d32eddbe6f3379d28ec98_r0c1.jpg,FN,-1,20,0.0,2284,0,26.3226967856403,0.0
TOSTADA-D_005_jpg.rf.9eda8c127b0d32eddbe6f3379d28ec98_r0c1.jpg,FN,-1,21,0.0,5816,0,67.02837325099999,0.0
TOSTADA-D_005_jpg.rf.9eda8c127b0d32eddbe6f3379d28ec98_r0c1.jpg,FN,-1,22,0.0,8852,0,102.01773727954813,0.0
TOSTADA-D_005_jpg.rf.9eda8c127b0d32eddbe6f3379d28ec98_r0c1.jpg,FN,-1,23,0.0,2963,0,34.148051915872244,0.0
TOSTADA-D_005_jpg.rf.9eda8c127b0d32eddbe6f3379d28ec98_r0c2.jpg,TP,2,14,0.8273996012532042,2968,3448,34.20567603317881,39.737591294609345
TOSTADA-D_005_jpg.rf.9eda8c127b0d32eddbe6f3379d28ec98_r0c2.jpg,TP,7,24,0.7983066223162988,11845,11943,136.51153389925977,137.6409665984685
TOSTADA-D_005_jpg.rf.9eda8c127b0d32eddbe6f3379d28ec98_r0c2.jpg,TP,6,13,0.7898033503277494,5432,6855,62.60284104185556,79.00266482730484
TOSTADA-D_005_jpg.rf.9eda8c127b0d32eddbe6f3379d28ec98_r0c2.jpg,TP,13,7,0.7859145059565522,2415,2682,27.832448659072384,30.909576523243118
TOSTADA-D_005_jpg.rf.9eda8c127b0d32eddbe6f3379d28ec98_r0c2.jpg,TP,19,25,0.7769221057947229,6645,7430,76.58245190042898,85.62943831756017
TOSTADA-D_005_jpg.rf.9eda8c127b0d32eddbe6f3379d28ec98_r0c2.jpg,TP,12,17,0.7659963436928702,1734,2130,19.98404388191781,24.547873972598
TOSTADA-D_005_jpg.rf.9eda8c127b0d32eddbe6f3379d28ec98_r0c2.jpg,TP,5,18,0.7235928871776686,14511,19511,167.23671324712188,224.86083055368996
TOSTADA-D_005_jpg.rf.9eda8c127b0d32eddbe6f3379d28ec98_r0c2.jpg,TP,15,22,0.6749322493224932,13209,11513,152.23139310049154,132.68529251010366
TOSTADA-D_005_jpg.rf.9eda8c127b0d32eddbe6f3379d28ec98_r0c2.jpg,TP,1,1,0.6670792079207921,2755,3980,31.75088863591901,45.86879737602819
TOSTADA-D_005_jpg.rf.9eda8c127b0d32eddbe6f3379d28ec98_r0c2.jpg,TP,10,23,0.6172097912599489,4526,6243,52.16135098590542,71.9494728689809
TOSTADA-D_005_jpg.rf.9eda8c127b0d32eddbe6f3379d28ec98_r0c2.jpg,TP,0,20,0.5972884386174017,12046,20117,138.82802341498382,231.844873571246
TOSTADA-D_005_jpg.rf.9eda8c127b0d32eddbe6f3379d28ec98_r0c2.jpg,TP,17,4,0.5682926829268292,3479,2951,40.09486082191007,34.00975403433648
TOSTADA-D_005_jpg.rf.9eda8c127b0d32eddbe6f3379d28ec98_r0c2.jpg,TP,8,0,0.5002381027969142,28440,18816,327.76597923975925,216.851078248077
TOSTADA-D_005_jpg.rf.9eda8c127b0d32eddbe6f3379d28ec98_r0c2.jpg,FP,3,-1,0.0,0,8751,0.0,100.85373010995545
TOSTADA-D_005_jpg.rf.9eda8c127b0d32eddbe6f3379d28ec98_r0c2.jpg,FP,4,-1,0.0,0,5853,0.0,67.4547917190686
TOSTADA-D_005_jpg.rf.9eda8c127b0d32eddbe6f3379d28ec98_r0c2.jpg,FP,9,-1,0.0,0,2886,0.0,33.2606405093511
TOSTADA-D_005_jpg.rf.9eda8c127b0d32eddbe6f3379d28ec98_r0c2.jpg,FP,11,-1,0.0,0,2075,0.0,23.914008682225752
TOSTADA-D_005_jpg.rf.9eda8c127b0d32eddbe6f3379d28ec98_r0c2.jpg,FP,14,-1,0.0,0,37715,0.0,434.658716843443
TOSTADA-D_005_jpg.rf.9eda8c127b0d32eddbe6f3379d28ec98_r0c2.jpg,FP,16,-1,0.0,0,1571,0.0,18.105497657723692
TOSTADA-D_005_jpg.rf.9eda8c127b0d32eddbe6f3379d28ec98_r0c2.jpg,FP,18,-1,0.0,0,4361,0.0,50.25975511478868
TOSTADA-D_005_jpg.rf.9eda8c127b0d32eddbe6f3379d28ec98_r0c2.jpg,FP,20,-1,0.0,0,2775,0.0,31.981385105145282
TOSTADA-D_005_jpg.rf.9eda8c127b0d32eddbe6f3379d28ec98_r0c2.jpg,FP,21,-1,0.0,0,13786,0.0,158.88121623766952
TOSTADA-D_005_jpg.rf.9eda8c127b0d32eddbe6f3379d28ec98_r0c2.jpg,FN,-1,2,0.0,1136,0,13.092199452052267,0.0
TOSTADA-D_005_jpg.rf.9eda8c127b0d32eddbe6f3379d28ec98_r0c2.jpg,FN,-1,3,0.0,1183,0,13.633866154734008,0.0
TOSTADA-D_005_jpg.rf.9eda8c127b0d32eddbe6f3379d28ec98_r0c2.jpg,FN,-1,5,0.0,5838,0,67.28191936714889,0.0
TOSTADA-D_005_jpg.rf.9eda8c127b0d32eddbe6f3379d28ec98_r0c2.jpg,FN,-1,6,0.0,794,0,9.150709828283011,0.0
TOSTADA-D_005_jpg.rf.9eda8c127b0d32eddbe6f3379d28ec98_r0c2.jpg,FN,-1,8,0.0,1487,0,17.137412486973346,0.0
TOSTADA-D_005_jpg.rf.9eda8c127b0d32eddbe6f3379d28ec98_r0c2.jpg,FN,-1,9,0.0,1366,0,15.7429088481544,0.0
TOSTADA-D_005_jpg.rf.9eda8c127b0d32eddbe6f3379d28ec98_r0c2.jpg,FN,-1,10,0.0,4369,0,50.351953702479186,0.0
TOSTADA-D_005_jpg.rf.9eda8c127b0d32eddbe6f3379d28ec98_r0c2.jpg,FN,-1,11,0.0,12861,0,148.2207545359544,0.0
TOSTADA-D_005_jpg.rf.9eda8c127b0d32eddbe6f3379d28ec98_r0c2.jpg,FN,-1,12,0.0,13599,0,156.72607425040385,0.0
TOSTADA-D_005_jpg.rf.9eda8c127b0d32eddbe6f3379d28ec98_r0c2.jpg,FN,-1,15,0.0,15658,0,180.4556857572486,0.0
TOSTADA-D_005_jpg.rf.9eda8c127b0d32eddbe6f3379d28ec98_r0c2.jpg,FN,-1,16,0.0,1080,0,12.446809338218705,0.0
TOSTADA-D_005_jpg.rf.9eda8c127b0d32eddbe6f3379d28ec98_r0c2.jpg,FN,-1,19,0.0,3406,0,39.253548709234174,0.0
TOSTADA-D_005_jpg.rf.9eda8c127b0d32eddbe6f3379d28ec98_r0c2.jpg,FN,-1,21,0.0,8945,0,103.08954586145029,0.0
TOSTADA-D_005_jpg.rf.9eda8c127b0d32eddbe6f3379d28ec98_r1c0.jpg,TP,1,2,0.8813311772990454,17936,18131,206.709233602121,208.95657417707716
TOSTADA-D_005_jpg.rf.9eda8c127b0d32eddbe6f3379d28ec98_r1c0.jpg,TP,11,6,0.8483618697790154,31193,31204,359.49381822875563,359.62059128683006
TOSTADA-D_005_jpg.rf.9eda8c127b0d32eddbe6f3379d28ec98_r1c0.jpg,TP,8,13,0.771071540143705,12884,15462,148.48582547556464,178.19682035883113
TOSTADA-D_005_jpg.rf.9eda8c127b0d32eddbe6f3379d28ec98_r1c0.jpg,TP,12,4,0.7668209057119016,10598,12694,122.1400790430017,146.29610901791503
TOSTADA-D_005_jpg.rf.9eda8c127b0d32eddbe6f3379d28ec98_r1c0.jpg,TP,6,11,0.761872853672837,10611,10424,122.28990174799878,120.13475976073313
TOSTADA-D_005_jpg.rf.9eda8c127b0d32eddbe6f3379d28ec98_r1c0.jpg,TP,0,5,0.7404056397496795,10218,12865,117.76064612770253,148.26685382979966
TOSTADA-D_005_jpg.rf.9eda8c127b0d32eddbe6f3379d28ec98_r1c0.jpg,TP,7,9,0.723092998955068,25302,32413,291.6010832181571,373.55410285155824
TOSTADA-D_005_jpg.rf.9eda8c127b0d32eddbe6f3379d28ec98_r1c0.jpg,TP,4,0,0.5514273439698977,67259,37467,775.1481011844925,431.80056062503724
TOSTADA-D_005_jpg.rf.9eda8c127b0d32eddbe6f3379d28ec98_r1c0.jpg,TP,5,1,0.5053802749741715,57877,36834,667.0222074704482,424.50534737402575
TOSTADA-D_005_jpg.rf.9eda8c127b0d32eddbe6f3379d28ec98_r1c0.jpg,FP,2,-1,0.0,0,48579,0.0,559.8643989271542
TOSTADA-D_005_jpg.rf.9eda8c127b0d32eddbe6f3379d28ec98_r1c0.jpg,FP,3,-1,0.0,0,59223,0.0,682.5346198493762
TOSTADA-D_005_jpg.rf.9eda8c127b0d32eddbe6f3379d28ec98_r1c0.jpg,FP,9,-1,0.0,0,22999,0.0,265.05941478675186
TOSTADA-D_005_jpg.rf.9eda8c127b0d32eddbe6f3379d28ec98_r1c0.jpg,FP,10,-1,0.0,0,8416,0.0,96.9929142504154
TOSTADA-D_005_jpg.rf.9eda8c127b0d32eddbe6f3379d28ec98_r1c0.jpg,FP,13,-1,0.0,0,15803,0.0,182.12678515913908
TOSTADA-D_005_jpg.rf.9eda8c127b0d32eddbe6f3379d28ec98_r1c0.jpg,FN,-1,3,0.0,11245,0,129.59663982247162,0.0
TOSTADA-D_005_jpg.rf.9eda8c127b0d32eddbe6f3379d28ec98_r1c0.jpg,FN,-1,7,0.0,4860,0,56.010642021984175,0.0
TOSTADA-D_005_jpg.rf.9eda8c127b0d32eddbe6f3379d28ec98_r1c0.jpg,FN,-1,8,0.0,4133,0,47.632095365609175,0.0
TOSTADA-D_005_jpg.rf.9eda8c127b0d32eddbe6f3379d28ec98_r1c0.jpg,FN,-1,10,0.0,6109,0,70.40514652516488,0.0
TOSTADA-D_005_jpg.rf.9eda8c127b0d32eddbe6f3379d28ec98_r1c0.jpg,FN,-1,12,0.0,42770,0,492.91669944038335,0.0
TOSTADA-D_005_jpg.rf.9eda8c127b0d32eddbe6f3379d28ec98_r1c0.jpg,FN,-1,14,0.0,12146,0,139.98050576111518,0.0
TOSTADA-D_005_jpg.rf.9eda8c127b0d32eddbe6f3379d28ec98_r1c1.jpg,TP,2,11,0.9172492657951503,37067,36703,427.1906312405118,422.99559550059365
TOSTADA-D_005_jpg.rf.9eda8c127b0d32eddbe6f3379d28ec98_r1c1.jpg,TP,6,2,0.850523489932886,32688,36244,376.7234293034195,417.7057015318507
TOSTADA-D_005_jpg.rf.9eda8c127b0d32eddbe6f3379d28ec98_r1c1.jpg,TP,1,18,0.8372952334031285,21215,23536,244.49912973176836,271.24824498547724
TOSTADA-D_005_jpg.rf.9eda8c127b0d32eddbe6f3379d28ec98_r1c1.jpg,TP,9,6,0.8119079837618404,4844,4529,55.82624484660315,52.195925456289366
TOSTADA-D_005_jpg.rf.9eda8c127b0d32eddbe6f3379d28ec98_r1c1.jpg,TP,15,17,0.7958318615330272,4760,5408,54.85815967585281,62.326245278784036
TOSTADA-D_005_jpg.rf.9eda8c127b0d32eddbe6f3379d28ec98_r1c1.jpg,TP,10,10,0.7876943881000676,3551,4381,40.92464811112465,50.49025158401495
TOSTADA-D_005_jpg.rf.9eda8c127b0d32eddbe6f3379d28ec98_r1c1.jpg,TP,13,15,0.7861153649821337,3630,3368,41.83510916456842,38.815605417704255
TOSTADA-D_005_jpg.rf.9eda8c127b0d32eddbe6f3379d28ec98_r1c1.jpg,TP,3,12,0.7748948106591865,5818,6837,67.05142289792262,78.79521800500119
TOSTADA-D_005_jpg.rf.9eda8c127b0d32eddbe6f3379d28ec98_r1c1.jpg,TP,8,14,0.7598194488438391,22894,21552,263.8493083233139,248.38299523823105
TOSTADA-D_005_jpg.rf.9eda8c127b0d32eddbe6f3379d28ec98_r1c1.jpg,TP,7,16,0.757830626450116,3283,2778,37.8359954234926,32.01595957552922
TOSTADA-D_005_jpg.rf.9eda8c127b0d32eddbe6f3379d28ec98_r1c1.jpg,TP,4,8,0.7445478723404255,11795,14443,135.9352927261941,166.45302525175256
TOSTADA-D_005_jpg.rf.9eda8c127b0d32eddbe6f3379d28ec98_r1c1.jpg,TP,14,3,0.7413829562275323,3519,4716,40.555853760362616,54.35106744355501
TOSTADA-D_005_jpg.rf.9eda8c127b0d32eddbe6f3379d28ec98_r1c1.jpg,TP,0,0,0.7010673322005098,26958,37111,310.68619087009245,427.69772347280957
TOSTADA-D_005_jpg.rf.9eda8c127b0d32eddbe6f3379d28ec98_r1c1.jpg,TP,5,5,0.6850536746490504,4215,5988,48.57713088943689,69.01064288634593
TOSTADA-D_005_jpg.rf.9eda8c127b0d32eddbe6f3379d28ec98_r1c1.jpg,TP,16,19,0.650462272591709,12041,15629,138.77039929767724,180.1214658768705
TOSTADA-D_005_jpg.rf.9eda8c127b0d32eddbe6f3379d28ec98_r1c1.jpg,FP,11,-1,0.0,0,5806,0.0,66.91312501638686
TOSTADA-D_005_jpg.rf.9eda8c127b0d32eddbe6f3379d28ec98_r1c1.jpg,FP,12,-1,0.0,0,8253,0.0,95.11436802622127
TOSTADA-D_005_jpg.rf.9eda8c127b0d32eddbe6f3379d28ec98_r1c1.jpg,FN,-1,1,0.0,6951,0,80.10904787959095,0.0
TOSTADA-D_005_jpg.rf.9eda8c127b0d32eddbe6f3379d28ec98_r1c1.jpg,FN,-1,4,0.0,1675,0,19.304079297700305,0.0
TOSTADA-D_005_jpg.rf.9eda8c127b0d32eddbe6f3379d28ec98_r1c1.jpg,FN,-1,7,0.0,1034,0,11.916667458998278,0.0
TOSTADA-D_005_jpg.rf.9eda8c127b0d32eddbe6f3379d28ec98_r1c1.jpg,FN,-1,9,0.0,6801,0,78.3803243603939,0.0
TOSTADA-D_005_jpg.rf.9eda8c127b0d32eddbe6f3379d28ec98_r1c1.jpg,FN,-1,13,0.0,16696,0,192.41845251009212,0.0
TOSTADA-D_005_jpg.rf.9eda8c127b0d32eddbe6f3379d28ec98_r1c2.jpg,TP,0,22,0.8045757071547421,10612,11079,122.30142657146008,127.68351912789355
TOSTADA-D_005_jpg.rf.9eda8c127b0d32eddbe6f3379d28ec98_r1c2.jpg,TP,17,11,0.7952191235059761,1156,1097,13.32269592127854,12.642731337061036
TOSTADA-D_005_jpg.rf.9eda8c127b0d32eddbe6f3379d28ec98_r1c2.jpg,TP,7,18,0.7841373671300081,4042,4686,46.583336430629636,54.0053227397156
TOSTADA-D_005_jpg.rf.9eda8c127b0d32eddbe6f3379d28ec98_r1c2.jpg,TP,8,4,0.7477670596641658,2098,2794,24.179079621835967,32.200356750910245
TOSTADA-D_005_jpg.rf.9eda8c127b0d32eddbe6f3379d28ec98_r1c2.jpg,TP,3,2,0.7476525821596244,2677,3279,30.85195240593655,37.789896129647346
TOSTADA-D_005_jpg.rf.9eda8c127b0d32eddbe6f3379d28ec98_r1c2.jpg,TP,5,16,0.7353217032451698,4096,5155,47.20567689754057,59.41046494307169
TOSTADA-D_005_jpg.rf.9eda8c127b0d32eddbe6f3379d28ec98_r1c2.jpg,TP,10,9,0.7142297138377107,2247,2126,25.896278317571696,24.501774678752746
TOSTADA-D_005_jpg.rf.9eda8c127b0d32eddbe6f3379d28ec98_r1c2.jpg,TP,1,15,0.694824554697653,18919,25421,218.0381350645923,292.9725372100534
TOSTADA-D_005_jpg.rf.9eda8c127b0d32eddbe6f3379d28ec98_r1c2.jpg,TP,13,0,0.6270161290322581,1878,2964,21.64361846034697,34.15957673933356
TOSTADA-D_005_jpg.rf.9eda8c127b0d32eddbe6f3379d28ec98_r1c2.jpg,TP,12,17,0.6123691040902175,20122,15908,231.9024976885526,183.336891622577
TOSTADA-D_005_jpg.rf.9eda8c127b0d32eddbe6f3379d28ec98_r1c2.jpg,TP,14,6,0.5638403167271527,2510,2230,28.927306887897174,25.700356318729362
TOSTADA-D_005_jpg.rf.9eda8c127b0d32eddbe6f3379d28ec98_r1c2.jpg,TP,11,8,0.5602771362586605,1232,2146,14.198582504338376,24.73227114797902
TOSTADA-D_005_jpg.rf.9eda8c127b0d32eddbe6f3379d28ec98_r1c2.jpg,TP,4,25,0.5057871892673944,14048,8849,161.90071998453368,101.98316280916418
TOSTADA-D_005_jpg.rf.9eda8c127b0d32eddbe6f3379d28ec98_r1c2.jpg,FP,2,-1,0.0,0,22180,0.0,255.620584371936
TOSTADA-D_005_jpg.rf.9eda8c127b0d32eddbe6f3379d28ec98_r1c2.jpg,FP,6,-1,0.0,0,4576,0.0,52.737592158971104
TOSTADA-D_005_jpg.rf.9eda8c127b0d32eddbe6f3379d28ec98_r1c2.jpg,FP,9,-1,0.0,0,6125,0.0,70.5895437005459
TOSTADA-D_005_jpg.rf.9eda8c127b0d32eddbe6f3379d28ec98_r1c2.jpg,FP,15,-1,0.0,0,3182,0.0,36.671988253899926
TOSTADA-D_005_jpg.rf.9eda8c127b0d32eddbe6f3379d28ec98_r1c2.jpg,FP,16,-1,0.0,0,2473,0.0,28.500888419828573
TOSTADA-D_005_jpg.rf.9eda8c127b0d32eddbe6f3379d28ec98_r1c2.jpg,FP,18,-1,0.0,0,3993,0.0,46.01862008102527
TOSTADA-D_005_jpg.rf.9eda8c127b0d32eddbe6f3379d28ec98_r1c2.jpg,FN,-1,1,0.0,2986,0,34.413122855482456,0.0
TOSTADA-D_005_jpg.rf.9eda8c127b0d32eddbe6f3379d28ec98_r1c2.jpg,FN,-1,3,0.0,851,0,9.807624765577888,0.0
TOSTADA-D_005_jpg.rf.9eda8c127b0d32eddbe6f3379d28ec98_r1c2.jpg,FN,-1,5,0.0,2210,0,25.46985984950309,0.0
TOSTADA-D_005_jpg.rf.9eda8c127b0d32eddbe6f3379d28ec98_r1c2.jpg,FN,-1,7,0.0,2762,0,31.831562400148208,0.0
TOSTADA-D_005_jpg.rf.9eda8c127b0d32eddbe6f3379d28ec98_r1c2.jpg,FN,-1,10,0.0,14464,0,166.69504654444015,0.0
TOSTADA-D_005_jpg.rf.9eda8c127b0d32eddbe6f3379d28ec98_r1c2.jpg,FN,-1,12,0.0,2175,0,25.066491028357113,0.0
TOSTADA-D_005_jpg.rf.9eda8c127b0d32eddbe6f3379d28ec98_r1c2.jpg,FN,-1,13,0.0,732,0,8.436170773681567,0.0
TOSTADA-D_005_jpg.rf.9eda8c127b0d32eddbe6f3379d28ec98_r1c2.jpg,FN,-1,14,0.0,1465,0,16.883866370824446,0.0
TOSTADA-D_005_jpg.rf.9eda8c127b0d32eddbe6f3379d28ec98_r1c2.jpg,FN,-1,19,0.0,32431,0,373.76154967386185,0.0
TOSTADA-D_005_jpg.rf.9eda8c127b0d32eddbe6f3379d28ec98_r1c2.jpg,FN,-1,20,0.0,3124,0,36.00354849314373,0.0
TOSTADA-D_005_jpg.rf.9eda8c127b0d32eddbe6f3379d28ec98_r1c2.jpg,FN,-1,21,0.0,1685,0,19.419327532313442,0.0
TOSTADA-D_005_jpg.rf.9eda8c127b0d32eddbe6f3379d28ec98_r1c2.jpg,FN,-1,23,0.0,21022,0,242.27483880373484,0.0
TOSTADA-D_005_jpg.rf.9eda8c127b0d32eddbe6f3379d28ec98_r1c2.jpg,FN,-1,24,0.0,5125,0,59.06472023923228,0.0
TOSTADA-D_005_jpg.rf.9eda8c127b0d32eddbe6f3379d28ec98_r2c0.jpg,TP,2,12,0.8687009105442414,40606,40049,467.97698147010067,461.557654802149
TOSTADA-D_005_jpg.rf.9eda8c127b0d32eddbe6f3379d28ec98_r2c0.jpg,TP,0,15,0.8471065322227094,8430,8423,97.15426177887377,97.07358801464459
TOSTADA-D_005_jpg.rf.9eda8c127b0d32eddbe6f3379d28ec98_r2c0.jpg,TP,10,4,0.8101621979476994,5861,5076,67.5469903067591,58.50000388962791
TOSTADA-D_005_jpg.rf.9eda8c127b0d32eddbe6f3379d28ec98_r2c0.jpg,TP,1,3,0.8050973619960697,41880,49059,482.6596065598142,565.3963141885847
TOSTADA-D_005_jpg.rf.9eda8c127b0d32eddbe6f3379d28ec98_r2c0.jpg,TP,11,14,0.7747040072859745,7053,8536,81.28457987264493,98.37589306577303
TOSTADA-D_005_jpg.rf.9eda8c127b0d32eddbe6f3379d28ec98_r2c0.jpg,TP,3,5,0.7430622522232937,8054,8214,92.82092815741986,94.66489991123004
TOSTADA-D_005_jpg.rf.9eda8c127b0d32eddbe6f3379d28ec98_r2c0.jpg,FP,4,-1,0.0,0,47009,0.0,541.7704260928917
TOSTADA-D_005_jpg.rf.9eda8c127b0d32eddbe6f3379d28ec98_r2c0.jpg,FP,5,-1,0.0,0,13687,0.0,157.74025871499947
TOSTADA-D_005_jpg.rf.9eda8c127b0d32eddbe6f3379d28ec98_r2c0.jpg,FP,6,-1,0.0,0,3689,0.0,42.51507374878593
TOSTADA-D_005_jpg.rf.9eda8c127b0d32eddbe6f3379d28ec98_r2c0.jpg,FP,7,-1,0.0,0,6723,0.0,77.48138813041145
TOSTADA-D_005_jpg.rf.9eda8c127b0d32eddbe6f3379d28ec98_r2c0.jpg,FP,8,-1,0.0,0,130193,0.0,1500.4513408988037
TOSTADA-D_005_jpg.rf.9eda8c127b0d32eddbe6f3379d28ec98_r2c0.jpg,FP,9,-1,0.0,0,13747,0.0,158.43174812267827
TOSTADA-D_005_jpg.rf.9eda8c127b0d32eddbe6f3379d28ec98_r2c0.jpg,FP,12,-1,0.0,0,6864,0.0,79.10638823845666
TOSTADA-D_005_jpg.rf.9eda8c127b0d32eddbe6f3379d28ec98_r2c0.jpg,FP,13,-1,0.0,0,17226,0.0,198.52660894458833
TOSTADA-D_005_jpg.rf.9eda8c127b0d32eddbe6f3379d28ec98_r2c0.jpg,FN,-1,0,0.0,27664,0,318.8227162337799,0.0
TOSTADA-D_005_jpg.rf.9eda8c127b0d32eddbe6f3379d28ec98_r2c0.jpg,FN,-1,1,0.0,3152,0,36.32624355006052,0.0
TOSTADA-D_005_jpg.rf.9eda8c127b0d32eddbe6f3379d28ec98_r2c0.jpg,FN,-1,2,0.0,14455,0,166.5913231332883,0.0
TOSTADA-D_005_jpg.rf.9eda8c127b0d32eddbe6f3379d28ec98_r2c0.jpg,FN,-1,6,0.0,4050,0,46.67553501832015,0.0
TOSTADA-D_005_jpg.rf.9eda8c127b0d32eddbe6f3379d28ec98_r2c0.jpg,FN,-1,7,0.0,15954,0,183.86703350179744,0.0
TOSTADA-D_005_jpg.rf.9eda8c127b0d32eddbe6f3379d28ec98_r2c0.jpg,FN,-1,8,0.0,31117,0,358.61793164569576,0.0
TOSTADA-D_005_jpg.rf.9eda8c127b0d32eddbe6f3379d28ec98_r2c0.jpg,FN,-1,9,0.0,74244,0,855.6489930617681,0.0
TOSTADA-D_005_jpg.rf.9eda8c127b0d32eddbe6f3379d28ec98_r2c0.jpg,FN,-1,10,0.0,140028,0,1613.797979640823,0.0
TOSTADA-D_005_jpg.rf.9eda8c127b0d32eddbe6f3379d28ec98_r2c0.jpg,FN,-1,11,0.0,1921,0,22.139185869183457,0.0
TOSTADA-D_005_jpg.rf.9eda8c127b0d32eddbe6f3379d28ec98_r2c0.jpg,FN,-1,13,0.0,9220,0,106.25887231331154,0.0
TOSTADA-D_005_jpg.rf.9eda8c127b0d32eddbe6f3379d28ec98_r2c1.jpg,TP,6,5,0.8378440631118277,15969,15947,184.03990585371713,183.78635973756823
TOSTADA-D_005_jpg.rf.9eda8c127b0d32eddbe6f3379d28ec98_r2c1.jpg,TP,8,3,0.8199170124481328,1145,1048,13.19592286320409,12.078014987456669
TOSTADA-D_005_jpg.rf.9eda8c127b0d32eddbe6f3379d28ec98_r2c1.jpg,TP,2,10,0.8185889091382452,16169,18757,186.34487054597986,216.1711136638595
TOSTADA-D_005_jpg.rf.9eda8c127b0d32eddbe6f3379d28ec98_r2c1.jpg,TP,1,1,0.814036829612622,53224,63707,613.3972039049559,734.2119282499066
TOSTADA-D_005_jpg.rf.9eda8c127b0d32eddbe6f3379d28ec98_r2c1.jpg,TP,0,0,0.7985193019566367,10973,12834,126.46188784099431,147.90958430249896
TOSTADA-D_005_jpg.rf.9eda8c127b0d32eddbe6f3379d28ec98_r2c1.jpg,TP,4,11,0.7806076276664512,7102,6671,81.8492962222493,76.88209731042313
TOSTADA-D_005_jpg.rf.9eda8c127b0d32eddbe6f3379d28ec98_r2c1.jpg,TP,3,2,0.7155249110320284,3260,4453,37.570924483882386,51.32003887322953
TOSTADA-D_005_jpg.rf.9eda8c127b0d32eddbe6f3379d28ec98_r2c1.jpg,TP,5,8,0.6098466505246166,6118,3855,70.5088699363167,44.42819444336399
TOSTADA-D_005_jpg.rf.9eda8c127b0d32eddbe6f3379d28ec98_r2c1.jpg,FP,7,-1,0.0,0,3217,0.0,37.0753570750459
TOSTADA-D_005_jpg.rf.9eda8c127b0d32eddbe6f3379d28ec98_r2c1.jpg,FN,-1,4,0.0,10164,0,117.13830566079159,0.0
TOSTADA-D_005_jpg.rf.9eda8c127b0d32eddbe6f3379d28ec98_r2c1.jpg,FN,-1,6,0.0,7073,0,81.51507634187121,0.0
TOSTADA-D_005_jpg.rf.9eda8c127b0d32eddbe6f3379d28ec98_r2c1.jpg,FN,-1,7,0.0,864,0,9.957447470574964,0.0
TOSTADA-D_005_jpg.rf.9eda8c127b0d32eddbe6f3379d28ec98_r2c1.jpg,FN,-1,9,0.0,9330,0,107.52660289405604,0.0
TOSTADA-D_005_jpg.rf.9eda8c127b0d32eddbe6f3379d28ec98_r2c2.jpg,TP,1,2,0.8521215959468018,8420,9127,97.03901354426064,105.18706373140937
TOSTADA-D_005_jpg.rf.9eda8c127b0d32eddbe6f3379d28ec98_r2c2.jpg,TP,8,3,0.8093316519546028,9729,11793,112.12500745512017,135.91224307927146
TOSTADA-D_005_jpg.rf.9eda8c127b0d32eddbe6f3379d28ec98_r2c2.jpg,TP,4,8,0.7457695815178843,15332,19126,176.69859330886035,220.42377352108423
TOSTADA-D_005_jpg.rf.9eda8c127b0d32eddbe6f3379d28ec98_r2c2.jpg,TP,0,11,0.7311961939284096,6636,8647,76.47872848927716,99.65514846997884
TOSTADA-D_005_jpg.rf.9eda8c127b0d32eddbe6f3379d28ec98_r2c2.jpg,TP,2,0,0.7279250790561907,6119,8088,70.52039475977801,93.21277215510453
TOSTADA-D_005_jpg.rf.9eda8c127b0d32eddbe6f3379d28ec98_r2c2.jpg,TP,3,1,0.6695085255767302,5231,4756,60.286351526131526,54.81206038200756
TOSTADA-D_005_jpg.rf.9eda8c127b0d32eddbe6f3379d28ec98_r2c2.jpg,TP,7,9,0.6421573963208882,12509,17664,144.16401667757202,203.57448162064372
TOSTADA-D_005_jpg.rf.9eda8c127b0d32eddbe6f3379d28ec98_r2c2.jpg,FP,5,-1,0.0,0,8775,0.0,101.13032587302698
TOSTADA-D_005_jpg.rf.9eda8c127b0d32eddbe6f3379d28ec98_r2c2.jpg,FP,6,-1,0.0,0,2771,0.0,31.93528581130003
TOSTADA-D_005_jpg.rf.9eda8c127b0d32eddbe6f3379d28ec98_r2c2.jpg,FP,9,-1,0.0,0,35005,0.0,403.42644526328314
TOSTADA-D_005_jpg.rf.9eda8c127b0d32eddbe6f3379d28ec98_r2c2.jpg,FP,10,-1,0.0,0,16450,0.0,189.58334593860897
TOSTADA-D_005_jpg.rf.9eda8c127b0d32eddbe6f3379d28ec98_r2c2.jpg,FN,-1,4,0.0,4464,0,51.446811931303984,0.0
TOSTADA-D_005_jpg.rf.9eda8c127b0d32eddbe6f3379d28ec98_r2c2.jpg,FN,-1,5,0.0,7044,0,81.18085646149311,0.0
TOSTADA-D_005_jpg.rf.9eda8c127b0d32eddbe6f3379d28ec98_r2c2.jpg,FN,-1,6,0.0,10420,0,120.08866046688787,0.0
TOSTADA-D_005_jpg.rf.9eda8c127b0d32eddbe6f3379d28ec98_r2c2.jpg,FN,-1,7,0.0,8794,0,101.34929751879194,0.0
TOSTADA-D_005_jpg.rf.9eda8c127b0d32eddbe6f3379d28ec98_r2c2.jpg,FN,-1,10,0.0,3472,0,40.01418705768087,0.0
TOSTADA-G_004_jpg.rf.a8373c1bf8f08d538788901740142a7d_r0c0.jpg,TP,6,4,0.9172207767177412,9719,10176,112.00975922050704,117.27660354232735
TOSTADA-G_004_jpg.rf.a8373c1bf8f08d538788901740142a7d_r0c0.jpg,TP,1,7,0.8992644212156408,48738,49378,561.696845857503,569.0727328727437
TOSTADA-G_004_jpg.rf.a8373c1bf8f08d538788901740142a7d_r0c0.jpg,TP,9,5,0.8727738629083921,7046,7571,81.20390610841574,87.25443842560539
TOSTADA-G_004_jpg.rf.a8373c1bf8f08d538788901740142a7d_r0c0.jpg,TP,10,23,0.863790278536319,8237,8826,94.92997085084025,101.71809186955397
TOSTADA-G_004_jpg.rf.a8373c1bf8f08d538788901740142a7d_r0c0.jpg,TP,5,25,0.8600618362683157,13223,14451,152.39274062894995,166.54522383944305
TOSTADA-G_004_jpg.rf.a8373c1bf8f08d538788901740142a7d_r0c0.jpg,TP,4,10,0.8560088767497439,10487,11258,120.86082363879589,129.74646252746868
TOSTADA-G_004_jpg.rf.a8373c1bf8f08d538788901740142a7d_r0c0.jpg,TP,3,0,0.8351768566913821,6925,8173,79.80940246959679,94.19238214931619
TOSTADA-G_004_jpg.rf.a8373c1bf8f08d538788901740142a7d_r0c0.jpg,TP,18,1,0.8292606842050535,8579,9013,98.8714604746095,103.87323385681962
TOSTADA-G_004_jpg.rf.a8373c1bf8f08d538788901740142a7d_r0c0.jpg,TP,7,15,0.8040259524205623,4836,6008,55.73404625891265,69.2411393555722
TOSTADA-G_004_jpg.rf.a8373c1bf8f08d538788901740142a7d_r0c0.jpg,TP,8,24,0.8037047276748687,3394,3130,39.11525082769841,36.072697433911614
TOSTADA-G_004_jpg.rf.a8373c1bf8f08d538788901740142a7d_r0c0.jpg,TP,11,2,0.801363193768257,3969,3431,45.74202431795374,39.541669295767015
TOSTADA-G_004_jpg.rf.a8373c1bf8f08d538788901740142a7d_r0c0.jpg,TP,12,8,0.7950850661625709,4804,4692,55.36525190815061,54.074471680483484
TOSTADA-G_004_jpg.rf.a8373c1bf8f08d538788901740142a7d_r0c0.jpg,TP,2,3,0.7879017331314151,9515,11736,109.65869523439905,135.2553281419766
TOSTADA-G_004_jpg.rf.a8373c1bf8f08d538788901740142a7d_r0c0.jpg,TP,17,12,0.7509551927752692,2310,2731,26.622342195634452,31.474292872847485
TOSTADA-G_004_jpg.rf.a8373c1bf8f08d538788901740142a7d_r0c0.jpg,TP,13,26,0.7419833729216152,2943,2924,33.91755544664597,33.69858380088101
TOSTADA-G_004_jpg.rf.a8373c1bf8f08d538788901740142a7d_r0c0.jpg,TP,14,11,0.7184986595174263,2145,2342,24.720746324517705,26.99113654639649
TOSTADA-G_004_jpg.rf.a8373c1bf8f08d538788901740142a7d_r0c0.jpg,TP,0,16,0.6781981981981982,1968,2689,22.680852571865195,30.990250287472314
TOSTADA-G_004_jpg.rf.a8373c1bf8f08d538788901740142a7d_r0c0.jpg,TP,15,6,0.6603805640502888,3893,5880,44.866137734893904,67.76596195252407
TOSTADA-G_004_jpg.rf.a8373c1bf8f08d538788901740142a7d_r0c0.jpg,FP,16,-1,0.0,0,40398,0.0,465.5798181901475
TOSTADA-G_004_jpg.rf.a8373c1bf8f08d538788901740142a7d_r0c0.jpg,FN,-1,9,0.0,1245,0,14.348405209335452,0.0
TOSTADA-G_004_jpg.rf.a8373c1bf8f08d538788901740142a7d_r0c0.jpg,FN,-1,13,0.0,1221,0,14.071809446263925,0.0
TOSTADA-G_004_jpg.rf.a8373c1bf8f08d538788901740142a7d_r0c0.jpg,FN,-1,14,0.0,2481,0,28.59308700751908,0.0
TOSTADA-G_004_jpg.rf.a8373c1bf8f08d538788901740142a7d_r0c0.jpg,FN,-1,17,0.0,1278,0,14.7287243835588,0.0
TOSTADA-G_004_jpg.rf.a8373c1bf8f08d538788901740142a7d_r0c0.jpg,FN,-1,18,0.0,1866,0,21.505320578811208,0.0
TOSTADA-G_004_jpg.rf.a8373c1bf8f08d538788901740142a7d_r0c0.jpg,FN,-1,19,0.0,2021,0,23.291668215314818,0.0
TOSTADA-G_004_jpg.rf.a8373c1bf8f08d538788901740142a7d_r0c0.jpg,FN,-1,20,0.0,3332,0,38.400711773096965,0.0
TOSTADA-G_004_jpg.rf.a8373c1bf8f08d538788901740142a7d_r0c0.jpg,FN,-1,21,0.0,1590,0,18.324469303488648,0.0
TOSTADA-G_004_jpg.rf.a8373c1bf8f08d538788901740142a7d_r0c0.jpg,FN,-1,22,0.0,2478,0,28.55851253713514,0.0
TOSTADA-G_004_jpg.rf.a8373c1bf8f08d538788901740142a7d_r0c1.jpg,TP,1,0,0.8086872103219341,140361,148414,1617.6357458534405,1710.445149187399
TOSTADA-G_004_jpg.rf.a8373c1bf8f08d538788901740142a7d_r0c1.jpg,TP,6,2,0.8021877848678214,934,1043,10.764185112866917,12.020390870150102
TOSTADA-G_004_jpg.rf.a8373c1bf8f08d538788901740142a7d_r0c1.jpg,TP,3,5,0.7781444811147782,2669,2180,30.75975381824604,25.124115145663684
TOSTADA-G_004_jpg.rf.a8373c1bf8f08d538788901740142a7d_r0c1.jpg,TP,5,4,0.6917181705809642,3570,3273,41.143619756889606,37.720747188879464
TOSTADA-G_004_jpg.rf.a8373c1bf8f08d538788901740142a7d_r0c1.jpg,TP,0,1,0.6807092387681642,15318,22503,176.53724578040197,259.3431023499403
TOSTADA-G_004_jpg.rf.a8373c1bf8f08d538788901740142a7d_r0c1.jpg,FP,2,-1,0.0,0,16209,0.0,186.8058634844324
TOSTADA-G_004_jpg.rf.a8373c1bf8f08d538788901740142a7d_r0c1.jpg,FP,4,-1,0.0,0,47961,0.0,552.7420580280623
TOSTADA-G_004_jpg.rf.a8373c1bf8f08d538788901740142a7d_r0c1.jpg,FP,7,-1,0.0,0,82524,0.0,951.0745313214449
TOSTADA-G_004_jpg.rf.a8373c1bf8f08d538788901740142a7d_r0c1.jpg,FN,-1,3,0.0,70947,0,817.6516501098171,0.0
TOSTADA-G_004_jpg.rf.a8373c1bf8f08d538788901740142a7d_r0c1.jpg,FN,-1,6,0.0,5633,0,64.9193305575796,0.0
TOSTADA-G_004_jpg.rf.a8373c1bf8f08d538788901740142a7d_r0c1.jpg,FN,-1,7,0.0,5697,0,65.65691925910367,0.0
TOSTADA-G_004_jpg.rf.a8373c1bf8f08d538788901740142a7d_r0c1.jpg,FN,-1,8,0.0,2073,0,23.890959035303126,0.0
TOSTADA-G_004_jpg.rf.a8373c1bf8f08d538788901740142a7d_r0c1.jpg,FN,-1,9,0.0,6866,0,79.12943788537929,0.0
TOSTADA-G_004_jpg.rf.a8373c1bf8f08d538788901740142a7d_r0c1.jpg,FN,-1,10,0.0,1462,0,16.849291900440505,0.0
TOSTADA-G_004_jpg.rf.a8373c1bf8f08d538788901740142a7d_r0c2.jpg,TP,7,0,0.8707514133345541,39721,42014,457.77751270683814,484.20393290363023
TOSTADA-G_004_jpg.rf.a8373c1bf8f08d538788901740142a7d_r0c2.jpg,TP,6,17,0.8435870698644421,922,846,10.625887231331154,9.75000064827132
TOSTADA-G_004_jpg.rf.a8373c1bf8f08d538788901740142a7d_r0c2.jpg,TP,8,1,0.8362993980633342,6393,7640,73.67819638817795,88.04965124443602
TOSTADA-G_004_jpg.rf.a8373c1bf8f08d538788901740142a7d_r0c2.jpg,TP,0,7,0.8065309095323359,26934,32593,310.40959510702095,375.6285710745947
TOSTADA-G_004_jpg.rf.a8373c1bf8f08d538788901740142a7d_r0c2.jpg,TP,9,2,0.686046511627907,5380,7815,62.00355022186725,90.06649535016591
TOSTADA-G_004_jpg.rf.a8373c1bf8f08d538788901740142a7d_r0c2.jpg,TP,1,16,0.5722131089080664,8028,14016,92.5212827474257,161.53192563377164
TOSTADA-G_004_jpg.rf.a8373c1bf8f08d538788901740142a7d_r0c2.jpg,TP,2,4,0.5075530187472322,31544,60370,363.5390312636767,695.7535923595029
TOSTADA-G_004_jpg.rf.a8373c1bf8f08d538788901740142a7d_r0c2.jpg,FP,3,-1,0.0,0,5847,0.0,67.3856427783007
TOSTADA-G_004_jpg.rf.a8373c1bf8f08d538788901740142a7d_r0c2.jpg,FP,4,-1,0.0,0,25867,0.0,298.1126084737993
TOSTADA-G_004_jpg.rf.a8373c1bf8f08d538788901740142a7d_r0c2.jpg,FP,5,-1,0.0,0,82178,0.0,947.0869424038303
TOSTADA-G_004_jpg.rf.a8373c1bf8f08d538788901740142a7d_r0c2.jpg,FN,-1,3,0.0,7680,0,88.51064418288857,0.0
TOSTADA-G_004_jpg.rf.a8373c1bf8f08d538788901740142a7d_r0c2.jpg,FN,-1,5,0.0,4093,0,47.171102427156626,0.0
TOSTADA-G_004_jpg.rf.a8373c1bf8f08d538788901740142a7d_r0c2.jpg,FN,-1,6,0.0,10621,0,122.40514998261192,0.0
TOSTADA-G_004_jpg.rf.a8373c1bf8f08d538788901740142a7d_r0c2.jpg,FN,-1,8,0.0,26735,0,308.1161552382195,0.0
TOSTADA-G_004_jpg.rf.a8373c1bf8f08d538788901740142a7d_r0c2.jpg,FN,-1,9,0.0,228,0,2.6276597491795046,0.0
TOSTADA-G_004_jpg.rf.a8373c1bf8f08d538788901740142a7d_r0c2.jpg,FN,-1,10,0.0,5803,0,66.87855054600291,0.0
TOSTADA-G_004_jpg.rf.a8373c1bf8f08d538788901740142a7d_r0c2.jpg,FN,-1,11,0.0,6104,0,70.3475224078583,0.0
TOSTADA-G_004_jpg.rf.a8373c1bf8f08d538788901740142a7d_r0c2.jpg,FN,-1,12,0.0,2544,0,29.319150885581838,0.0
TOSTADA-G_004_jpg.rf.a8373c1bf8f08d538788901740142a7d_r0c2.jpg,FN,-1,13,0.0,3116,0,35.91134990545323,0.0
TOSTADA-G_004_jpg.rf.a8373c1bf8f08d538788901740142a7d_r0c2.jpg,FN,-1,14,0.0,1713,0,19.742022589230224,0.0
TOSTADA-G_004_jpg.rf.a8373c1bf8f08d538788901740142a7d_r0c2.jpg,FN,-1,15,0.0,3391,0,39.08067635731447,0.0
TOSTADA-G_004_jpg.rf.a8373c1bf8f08d538788901740142a7d_r1c0.jpg,TP,0,26,0.8858540562576437,13300,14456,153.28015203547108,166.60284795674963
TOSTADA-G_004_jpg.rf.a8373c1bf8f08d538788901740142a7d_r1c0.jpg,TP,8,7,0.8626231703817085,18103,20837,208.63387912016037,240.1427464633918
TOSTADA-G_004_jpg.rf.a8373c1bf8f08d538788901740142a7d_r1c0.jpg,TP,10,21,0.852467024914509,1875,1917,21.60904398996303,22.0930865753382
TOSTADA-G_004_jpg.rf.a8373c1bf8f08d538788901740142a7d_r1c0.jpg,TP,1,6,0.8451903498488308,15479,14426,178.39274235767346,166.2571032529102
TOSTADA-G_004_jpg.rf.a8373c1bf8f08d538788901740142a7d_r1c0.jpg,TP,9,17,0.8343564775613886,8792,8539,101.32624787186931,98.41046753615697
TOSTADA-G_004_jpg.rf.a8373c1bf8f08d538788901740142a7d_r1c0.jpg,TP,7,25,0.789128895184136,4855,5250,55.9530179046776,60.505323171896485
TOSTADA-G_004_jpg.rf.a8373c1bf8f08d538788901740142a7d_r1c0.jpg,TP,15,24,0.7710229341099382,2187,2678,25.204788909892876,30.863477229397862
TOSTADA-G_004_jpg.rf.a8373c1bf8f08d538788901740142a7d_r1c0.jpg,TP,6,19,0.7644071538971076,3488,4503,40.198584233061894,51.89628004629521
TOSTADA-G_004_jpg.rf.a8373c1bf8f08d538788901740142a7d_r1c0.jpg,TP,2,0,0.6406536206101338,71081,53420,819.1959764536331,615.6560693033733
TOSTADA-G_004_jpg.rf.a8373c1bf8f08d538788901740142a7d_r1c0.jpg,TP,12,22,0.6275139428764577,3966,5664,45.7074498475698,65.27660008488031
TOSTADA-G_004_jpg.rf.a8373c1bf8f08d538788901740142a7d_r1c0.jpg,FP,3,-1,0.0,0,89580,0.0,1032.3936856644737
TOSTADA-G_004_jpg.rf.a8373c1bf8f08d538788901740142a7d_r1c0.jpg,FP,4,-1,0.0,0,104162,0.0,1200.4486613773488
TOSTADA-G_004_jpg.rf.a8373c1bf8f08d538788901740142a7d_r1c0.jpg,FP,5,-1,0.0,0,136181,0.0,1569.4619837851494
TOSTADA-G_004_jpg.rf.a8373c1bf8f08d538788901740142a7d_r1c0.jpg,FP,11,-1,0.0,0,170690,0.0,1967.172116611621
TOSTADA-G_004_jpg.rf.a8373c1bf8f08d538788901740142a7d_r1c0.jpg,FP,13,-1,0.0,0,3313,0.0,38.181740127332006
TOSTADA-G_004_jpg.rf.a8373c1bf8f08d538788901740142a7d_r1c0.jpg,FP,14,-1,0.0,0,16237,0.0,187.12855854134918
TOSTADA-G_004_jpg.rf.a8373c1bf8f08d538788901740142a7d_r1c0.jpg,FN,-1,1,0.0,15954,0,183.86703350179744,0.0
TOSTADA-G_004_jpg.rf.a8373c1bf8f08d538788901740142a7d_r1c0.jpg,FN,-1,2,0.0,49871,0,574.7544708391713,0.0
TOSTADA-G_004_jpg.rf.a8373c1bf8f08d538788901740142a7d_r1c0.jpg,FN,-1,3,0.0,5518,0,63.593975859528534,0.0
TOSTADA-G_004_jpg.rf.a8373c1bf8f08d538788901740142a7d_r1c0.jpg,FN,-1,4,0.0,19252,0,221.87590127720972,0.0
TOSTADA-G_004_jpg.rf.a8373c1bf8f08d538788901740142a7d_r1c0.jpg,FN,-1,5,0.0,2206,0,25.423760555657836,0.0
TOSTADA-G_004_jpg.rf.a8373c1bf8f08d538788901740142a7d_r1c0.jpg,FN,-1,8,0.0,9304,0,107.22695748406188,0.0
TOSTADA-G_004_jpg.rf.a8373c1bf8f08d538788901740142a7d_r1c0.jpg,FN,-1,9,0.0,4608,0,53.10638650973314,0.0
TOSTADA-G_004_jpg.rf.a8373c1bf8f08d538788901740142a7d_r1c0.jpg,FN,-1,10,0.0,6119,0,70.52039475977801,0.0
TOSTADA-G_004_jpg.rf.a8373c1bf8f08d538788901740142a7d_r1c0.jpg,FN,-1,11,0.0,2978,0,34.320924267791945,0.0
TOSTADA-G_004_jpg.rf.a8373c1bf8f08d538788901740142a7d_r1c0.jpg,FN,-1,12,0.0,7886,0,90.88475781591917,0.0
TOSTADA-G_004_jpg.rf.a8373c1bf8f08d538788901740142a7d_r1c0.jpg,FN,-1,13,0.0,2994,0,34.50532144317297,0.0
TOSTADA-G_004_jpg.rf.a8373c1bf8f08d538788901740142a7d_r1c0.jpg,FN,-1,14,0.0,6126,0,70.6010685240072,0.0
TOSTADA-G_004_jpg.rf.a8373c1bf8f08d538788901740142a7d_r1c0.jpg,FN,-1,15,0.0,5459,0,62.914011275311026,0.0
TOSTADA-G_004_jpg.rf.a8373c1bf8f08d538788901740142a7d_r1c0.jpg,FN,-1,16,0.0,4827,0,55.63032284776082,0.0
TOSTADA-G_004_jpg.rf.a8373c1bf8f08d538788901740142a7d_r1c0.jpg,FN,-1,18,0.0,19363,0,223.15515668141555,0.0
TOSTADA-G_004_jpg.rf.a8373c1bf8f08d538788901740142a7d_r1c0.jpg,FN,-1,20,0.0,4835,0,55.722521435451334,0.0
TOSTADA-G_004_jpg.rf.a8373c1bf8f08d538788901740142a7d_r1c0.jpg,FN,-1,23,0.0,2923,0,33.687058977419696,0.0
TOSTADA-G_004_jpg.rf.a8373c1bf8f08d538788901740142a7d_r1c1.jpg,TP,2,12,0.881633932302549,8548,9463,98.51419094730879,109.05940441441075
TOSTADA-G_004_jpg.rf.a8373c1bf8f08d538788901740142a7d_r1c1.jpg,TP,1,4,0.8794228936194796,62257,67878,717.5009342310018,782.2819669070456
TOSTADA-G_004_jpg.rf.a8373c1bf8f08d538788901740142a7d_r1c1.jpg,TP,0,10,0.8762262163407729,14679,13819,169.17288358862257,159.26153541189285
TOSTADA-G_004_jpg.rf.a8373c1bf8f08d538788901740142a7d_r1c1.jpg,TP,3,11,0.8296859825186145,26145,30374,301.31650939604447,350.05498781393976
TOSTADA-G_004_jpg.rf.a8373c1bf8f08d538788901740142a7d_r1c1.jpg,TP,8,6,0.8107986838169309,10919,13295,125.83954737408337,153.22252791816453
TOSTADA-G_004_jpg.rf.a8373c1bf8f08d538788901740142a7d_r1c1.jpg,TP,5,7,0.7970360824742269,5181,5975,59.71011035306584,68.86082018134886
TOSTADA-G_004_jpg.rf.a8373c1bf8f08d538788901740142a7d_r1c1.jpg,TP,10,9,0.7375325876713481,9289,11372,107.05408513214218,131.06029240205845
TOSTADA-G_004_jpg.rf.a8373c1bf8f08d538788901740142a7d_r1c1.jpg,FP,4,-1,0.0,0,91557,0.0,1055.1782616474907
TOSTADA-G_004_jpg.rf.a8373c1bf8f08d538788901740142a7d_r1c1.jpg,FP,6,-1,0.0,0,5569,0.0,64.18174185605552
TOSTADA-G_004_jpg.rf.a8373c1bf8f08d538788901740142a7d_r1c1.jpg,FP,7,-1,0.0,0,28180,0.0,324.7695251398177
TOSTADA-G_004_jpg.rf.a8373c1bf8f08d538788901740142a7d_r1c1.jpg,FP,9,-1,0.0,0,4205,0.0,48.461882654823754
TOSTADA-G_004_jpg.rf.a8373c1bf8f08d538788901740142a7d_r1c1.jpg,FN,-1,0,0.0,16148,0,186.10284925329228,0.0
TOSTADA-G_004_jpg.rf.a8373c1bf8f08d538788901740142a7d_r1c1.jpg,FN,-1,1,0.0,18458,0,212.72519144892672,0.0
TOSTADA-G_004_jpg.rf.a8373c1bf8f08d538788901740142a7d_r1c1.jpg,FN,-1,2,0.0,5439,0,62.68351480608476,0.0
TOSTADA-G_004_jpg.rf.a8373c1bf8f08d538788901740142a7d_r1c1.jpg,FN,-1,3,0.0,23854,0,274.913138846175,0.0
TOSTADA-G_004_jpg.rf.a8373c1bf8f08d538788901740142a7d_r1c1.jpg,FN,-1,5,0.0,15960,0,183.9361824425653,0.0
TOSTADA-G_004_jpg.rf.a8373c1bf8f08d538788901740142a7d_r1c1.jpg,FN,-1,8,0.0,13448,0,154.9858259077455,0.0
TOSTADA-G_004_jpg.rf.a8373c1bf8f08d538788901740142a7d_r1c2.jpg,TP,0,3,0.9046764871084053,50008,55113,576.3333716533713,635.1675954233773
TOSTADA-G_004_jpg.rf.a8373c1bf8f08d538788901740142a7d_r1c2.jpg,TP,3,9,0.8685612788632326,1097,1007,12.642731337061036,11.60549722554281
TOSTADA-G_004_jpg.rf.a8373c1bf8f08d538788901740142a7d_r1c2.jpg,TP,2,1,0.8231912695917726,19499,21098,224.7225326721542,243.15072538679468
TOSTADA-G_004_jpg.rf.a8373c1bf8f08d538788901740142a7d_r1c2.jpg,TP,1,10,0.6130862614990198,33678,51893,388.13300453011993,598.0576638779474
TOSTADA-G_004_jpg.rf.a8373c1bf8f08d538788901740142a7d_r1c2.jpg,FP,4,-1,0.0,0,91804,0.0,1058.0248930424352
TOSTADA-G_004_jpg.rf.a8373c1bf8f08d538788901740142a7d_r1c2.jpg,FP,5,-1,0.0,0,44850,0.0,516.8883322399157
TOSTADA-G_004_jpg.rf.a8373c1bf8f08d538788901740142a7d_r1c2.jpg,FP,6,-1,0.0,0,69482,0.0,800.7677837389926
TOSTADA-G_004_jpg.rf.a8373c1bf8f08d538788901740142a7d_r1c2.jpg,FN,-1,0,0.0,31004,0,357.31562659456733,0.0
TOSTADA-G_004_jpg.rf.a8373c1bf8f08d538788901740142a7d_r1c2.jpg,FN,-1,2,0.0,29792,0,343.34754055945524,0.0
TOSTADA-G_004_jpg.rf.a8373c1bf8f08d538788901740142a7d_r1c2.jpg,FN,-1,4,0.0,18231,0,210.10905652320852,0.0
TOSTADA-G_004_jpg.rf.a8373c1bf8f08d538788901740142a7d_r1c2.jpg,FN,-1,5,0.0,2528,0,29.13475371020082,0.0
TOSTADA-G_004_jpg.rf.a8373c1bf8f08d538788901740142a7d_r1c2.jpg,FN,-1,6,0.0,12238,0,141.04078951955603,0.0
TOSTADA-G_004_jpg.rf.a8373c1bf8f08d538788901740142a7d_r1c2.jpg,FN,-1,7,0.0,3977,0,45.83422290564425,0.0
TOSTADA-G_004_jpg.rf.a8373c1bf8f08d538788901740142a7d_r1c2.jpg,FN,-1,8,0.0,42692,0,492.01776321040086,0.0
TOSTADA-G_004_jpg.rf.a8373c1bf8f08d538788901740142a7d_r1c2.jpg,FN,-1,11,0.0,9635,0,111.0416740497567,0.0
TOSTADA-G_004_jpg.rf.a8373c1bf8f08d538788901740142a7d_r2c0.jpg,TP,0,20,0.9198682314185711,22807,23817,262.84664868217965,274.4867203781064
TOSTADA-G_004_jpg.rf.a8373c1bf8f08d538788901740142a7d_r2c0.jpg,TP,2,9,0.8800604229607251,5826,6620,67.14362148561312,76.29433131389614
TOSTADA-G_004_jpg.rf.a8373c1bf8f08d538788901740142a7d_r2c0.jpg,TP,4,7,0.8754328836512121,17793,18491,205.06118384715316,213.10551062315008
TOSTADA-G_004_jpg.rf.a8373c1bf8f08d538788901740142a7d_r2c0.jpg,TP,1,0,0.8182195476239884,4121,4641,47.49379748407341,53.486705683956494
TOSTADA-G_004_jpg.rf.a8373c1bf8f08d538788901740142a7d_r2c0.jpg,TP,6,3,0.8127208480565371,4119,4089,47.47074783715078,47.125003133311374
TOSTADA-G_004_jpg.rf.a8373c1bf8f08d538788901740142a7d_r2c0.jpg,TP,5,8,0.7776191382701948,25171,30856,290.091331344725,355.6099527222929
TOSTADA-G_004_jpg.rf.a8373c1bf8f08d538788901740142a7d_r2c0.jpg,TP,7,4,0.7431742117315484,5504,4392,63.43262833107014,50.6170246420894
TOSTADA-G_004_jpg.rf.a8373c1bf8f08d538788901740142a7d_r2c0.jpg,FP,3,-1,0.0,0,27181,0.0,313.2562265019654
TOSTADA-G_004_jpg.rf.a8373c1bf8f08d538788901740142a7d_r2c0.jpg,FP,8,-1,0.0,0,23480,0.0,270.6028548716437
TOSTADA-G_004_jpg.rf.a8373c1bf8f08d538788901740142a7d_r2c0.jpg,FP,9,-1,0.0,0,3791,0.0,43.69060574183992
TOSTADA-G_004_jpg.rf.a8373c1bf8f08d538788901740142a7d_r2c0.jpg,FN,-1,1,0.0,3600,0,41.489364460729014,0.0
TOSTADA-G_004_jpg.rf.a8373c1bf8f08d538788901740142a7d_r2c0.jpg,FN,-1,2,0.0,13537,0,156.01153519580242,0.0
TOSTADA-G_004_jpg.rf.a8373c1bf8f08d538788901740142a7d_r2c0.jpg,FN,-1,5,0.0,4389,0,50.58245017170546,0.0
TOSTADA-G_004_jpg.rf.a8373c1bf8f08d538788901740142a7d_r2c0.jpg,FN,-1,6,0.0,3706,0,42.71099574762826,0.0
TOSTADA-G_004_jpg.rf.a8373c1bf8f08d538788901740142a7d_r2c0.jpg,FN,-1,10,0.0,1200,0,13.829788153576338,0.0
TOSTADA-G_004_jpg.rf.a8373c1bf8f08d538788901740142a7d_r2c0.jpg,FN,-1,11,0.0,7931,0,91.40337487167828,0.0
TOSTADA-G_004_jpg.rf.a8373c1bf8f08d538788901740142a7d_r2c0.jpg,FN,-1,12,0.0,25124,0,289.5496646420433,0.0
TOSTADA-G_004_jpg.rf.a8373c1bf8f08d538788901740142a7d_r2c0.jpg,FN,-1,13,0.0,31832,0,366.858180420535,0.0
TOSTADA-G_004_jpg.rf.a8373c1bf8f08d538788901740142a7d_r2c0.jpg,FN,-1,14,0.0,19679,0,226.79700089519065,0.0
TOSTADA-G_004_jpg.rf.a8373c1bf8f08d538788901740142a7d_r2c0.jpg,FN,-1,15,0.0,3700,0,42.64184680686038,0.0
TOSTADA-G_004_jpg.rf.a8373c1bf8f08d538788901740142a7d_r2c0.jpg,FN,-1,16,0.0,11936,0,137.5602928342393,0.0
TOSTADA-G_004_jpg.rf.a8373c1bf8f08d538788901740142a7d_r2c0.jpg,FN,-1,17,0.0,5048,0,58.177308832711134,0.0
TOSTADA-G_004_jpg.rf.a8373c1bf8f08d538788901740142a7d_r2c0.jpg,FN,-1,18,0.0,15719,0,181.15869998838872,0.0
TOSTADA-G_004_jpg.rf.a8373c1bf8f08d538788901740142a7d_r2c0.jpg,FN,-1,19,0.0,13206,0,152.1968186301076,0.0
TOSTADA-G_004_jpg.rf.a8373c1bf8f08d538788901740142a7d_r2c1.jpg,TP,0,8,0.8391816343523254,7129,8333,82.16046645570476,96.03635390312635
TOSTADA-G_004_jpg.rf.a8373c1bf8f08d538788901740142a7d_r2c1.jpg,TP,1,12,0.8300011830119485,7970,7499,91.85284298666951,86.4246511363908
TOSTADA-G_004_jpg.rf.a8373c1bf8f08d538788901740142a7d_r2c1.jpg,TP,4,10,0.8291878172588832,10037,11584,115.67465308120477,133.50355497585693
TOSTADA-G_004_jpg.rf.a8373c1bf8f08d538788901740142a7d_r2c1.jpg,TP,10,4,0.8015542500185915,24007,24444,276.67643683575596,281.71278468835004
TOSTADA-G_004_jpg.rf.a8373c1bf8f08d538788901740142a7d_r2c1.jpg,TP,8,13,0.7961062362895645,43118,48584,496.9273380049205,559.9220230444607
TOSTADA-G_004_jpg.rf.a8373c1bf8f08d538788901740142a7d_r2c1.jpg,TP,2,17,0.7855645956607495,13032,15937,150.19149934783903,183.67111150295509
TOSTADA-G_004_jpg.rf.a8373c1bf8f08d538788901740142a7d_r2c1.jpg,TP,6,18,0.6010544815465729,9918,16501,114.30319908930844,190.17111193513597
TOSTADA-G_004_jpg.rf.a8373c1bf8f08d538788901740142a7d_r2c1.jpg,FP,3,-1,0.0,0,61523,0.0,709.0417138103976
TOSTADA-G_004_jpg.rf.a8373c1bf8f08d538788901740142a7d_r2c1.jpg,FP,5,-1,0.0,0,53984,0.0,622.1560697355542
TOSTADA-G_004_jpg.rf.a8373c1bf8f08d538788901740142a7d_r2c1.jpg,FP,7,-1,0.0,0,16206,0.0,186.77128901404845
TOSTADA-G_004_jpg.rf.a8373c1bf8f08d538788901740142a7d_r2c1.jpg,FP,9,-1,0.0,0,1508,0.0,17.379433779660932
TOSTADA-G_004_jpg.rf.a8373c1bf8f08d538788901740142a7d_r2c1.jpg,FN,-1,0,0.0,21657,0,249.59310170166899,0.0
TOSTADA-G_004_jpg.rf.a8373c1bf8f08d538788901740142a7d_r2c1.jpg,FN,-1,1,0.0,1350,0,15.558511672773381,0.0
TOSTADA-G_004_jpg.rf.a8373c1bf8f08d538788901740142a7d_r2c1.jpg,FN,-1,2,0.0,58009,0,668.5434841673415,0.0
TOSTADA-G_004_jpg.rf.a8373c1bf8f08d538788901740142a7d_r2c1.jpg,FN,-1,3,0.0,3001,0,34.58599520740216,0.0
TOSTADA-G_004_jpg.rf.a8373c1bf8f08d538788901740142a7d_r2c1.jpg,FN,-1,5,0.0,4677,0,53.90159932856378,0.0
TOSTADA-G_004_jpg.rf.a8373c1bf8f08d538788901740142a7d_r2c1.jpg,FN,-1,6,0.0,1470,0,16.941490488131016,0.0
TOSTADA-G_004_jpg.rf.a8373c1bf8f08d538788901740142a7d_r2c1.jpg,FN,-1,7,0.0,34805,0,401.1214805710204,0.0
TOSTADA-G_004_jpg.rf.a8373c1bf8f08d538788901740142a7d_r2c1.jpg,FN,-1,9,0.0,9537,0,109.91224135054796,0.0
TOSTADA-G_004_jpg.rf.a8373c1bf8f08d538788901740142a7d_r2c1.jpg,FN,-1,11,0.0,6902,0,79.54433152998658,0.0
TOSTADA-G_004_jpg.rf.a8373c1bf8f08d538788901740142a7d_r2c1.jpg,FN,-1,14,0.0,8037,0,92.62500615857753,0.0
TOSTADA-G_004_jpg.rf.a8373c1bf8f08d538788901740142a7d_r2c1.jpg,FN,-1,15,0.0,19030,0,219.3173904687981,0.0
TOSTADA-G_004_jpg.rf.a8373c1bf8f08d538788901740142a7d_r2c1.jpg,FN,-1,16,0.0,25455,0,293.36438120773806,0.0
TOSTADA-G_004_jpg.rf.a8373c1bf8f08d538788901740142a7d_r2c2.jpg,TP,11,7,0.8958612859944267,8888,9481,102.43263092415542,109.26685123671439
TOSTADA-G_004_jpg.rf.a8373c1bf8f08d538788901740142a7d_r2c2.jpg,TP,4,2,0.8866954707985697,12463,12864,143.6338747983516,148.25532900633834
TOSTADA-G_004_jpg.rf.a8373c1bf8f08d538788901740142a7d_r2c2.jpg,TP,2,4,0.8529854019171731,55198,63104,636.147205417589,727.2624597027344
TOSTADA-G_004_jpg.rf.a8373c1bf8f08d538788901740142a7d_r2c2.jpg,TP,8,11,0.839730766515262,38260,39912,440.9397456298589,459.978753987949
TOSTADA-G_004_jpg.rf.a8373c1bf8f08d538788901740142a7d_r2c2.jpg,TP,0,10,0.818690471105796,19527,23054,225.04522772907097,265.6932800771241
TOSTADA-G_004_jpg.rf.a8373c1bf8f08d538788901740142a7d_r2c2.jpg,TP,10,12,0.8126512270998963,12172,14048,140.28015117110934,161.90071998453368
TOSTADA-G_004_jpg.rf.a8373c1bf8f08d538788901740142a7d_r2c2.jpg,TP,6,5,0.7753103291196902,6934,8655,79.91312588074861,99.74734705766934
TOSTADA-G_004_jpg.rf.a8373c1bf8f08d538788901740142a7d_r2c2.jpg,TP,7,3,0.6953575679882794,7594,10921,87.5195093652156,125.862597021006
TOSTADA-G_004_jpg.rf.a8373c1bf8f08d538788901740142a7d_r2c2.jpg,TP,3,6,0.6915563273279791,12831,18341,147.875009832115,211.37678710395303
TOSTADA-G_004_jpg.rf.a8373c1bf8f08d538788901740142a7d_r2c2.jpg,TP,1,1,0.579262478847591,79311,104542,914.0452735402442,1204.828094292648
TOSTADA-G_004_jpg.rf.a8373c1bf8f08d538788901740142a7d_r2c2.jpg,FP,5,-1,0.0,0,3786,0.0,43.63298162453335
TOSTADA-G_004_jpg.rf.a8373c1bf8f08d538788901740142a7d_r2c2.jpg,FP,9,-1,0.0,0,2010,0.0,23.164895157240366
TOSTADA-G_004_jpg.rf.a8373c1bf8f08d538788901740142a7d_r2c2.jpg,FN,-1,0,0.0,24156,0,278.3936355314917,0.0
TOSTADA-G_004_jpg.rf.a8373c1bf8f08d538788901740142a7d_r2c2.jpg,FN,-1,8,0.0,5290,0,60.96631611034903,0.0
TOSTADA-G_004_jpg.rf.a8373c1bf8f08d538788901740142a7d_r2c2.jpg,FN,-1,9,0.0,4887,0,56.32181225543964,0.0
TOSTADA-G_004_jpg.rf.a8373c1bf8f08d538788901740142a7d_r2c2.jpg,FN,-1,13,0.0,2154,0,24.824469735669528,0.0
TOSTADA-G_011_jpg.rf.9ccdeb5753c9cd5d19a9f9b7f930b630_r0c0.jpg,TP,3,0,0.8281666539721227,11677,12325,134.5753635577591,142.0434491606903
TOSTADA-G_011_jpg.rf.9ccdeb5753c9cd5d19a9f9b7f930b630_r0c0.jpg,TP,10,11,0.8252342936480389,5517,5000,63.58245103606722,57.62411730656808
TOSTADA-G_011_jpg.rf.9ccdeb5753c9cd5d19a9f9b7f930b630_r0c0.jpg,TP,5,9,0.8069293837609098,12313,15015,141.90515127915455,173.04522427162394
TOSTADA-G_011_jpg.rf.9ccdeb5753c9cd5d19a9f9b7f930b630_r0c0.jpg,TP,1,8,0.8068037572988068,9678,11673,111.53724145859317,134.52926426391383
TOSTADA-G_011_jpg.rf.9ccdeb5753c9cd5d19a9f9b7f930b630_r0c0.jpg,TP,11,16,0.7953049583150504,12668,11881,145.99646360792087,136.92642754386708
TOSTADA-G_011_jpg.rf.9ccdeb5753c9cd5d19a9f9b7f930b630_r0c0.jpg,TP,7,4,0.7713453486255234,4641,5089,53.486705683956494,58.64982659462499
TOSTADA-G_011_jpg.rf.9ccdeb5753c9cd5d19a9f9b7f930b630_r0c0.jpg,TP,13,7,0.7684969495285635,7327,8616,84.44238150104486,99.29787894267811
TOSTADA-G_011_jpg.rf.9ccdeb5753c9cd5d19a9f9b7f930b630_r0c0.jpg,TP,8,10,0.7589050131926122,5358,5308,61.750004105718354,61.17376293265267
TOSTADA-G_011_jpg.rf.9ccdeb5753c9cd5d19a9f9b7f930b630_r0c0.jpg,TP,14,17,0.7461527398245362,6190,5951,71.33865722553128,68.58422441827733
TOSTADA-G_011_jpg.rf.9ccdeb5753c9cd5d19a9f9b7f930b630_r0c0.jpg,TP,4,13,0.6960234854550307,3731,2624,42.9991163341611,30.241136762486928
TOSTADA-G_011_jpg.rf.9ccdeb5753c9cd5d19a9f9b7f930b630_r0c0.jpg,TP,15,2,0.6901161260128119,32370,25410,373.05853544272173,292.845764151979
TOSTADA-G_011_jpg.rf.9ccdeb5753c9cd5d19a9f9b7f930b630_r0c0.jpg,TP,9,5,0.6602020860495437,4430,5757,51.05496793361932,66.34840866678249
TOSTADA-G_011_jpg.rf.9ccdeb5753c9cd5d19a9f9b7f930b630_r0c0.jpg,TP,0,12,0.6598429613011778,4730,7108,54.5124149720134,81.91844516301718
TOSTADA-G_011_jpg.rf.9ccdeb5753c9cd5d19a9f9b7f930b630_r0c0.jpg,TP,2,3,0.6565018060572381,9665,14182,111.3874187535961,163.4450463283497
TOSTADA-G_011_jpg.rf.9ccdeb5753c9cd5d19a9f9b7f930b630_r0c0.jpg,TP,16,22,0.6559909570459683,1746,2649,20.122341763453573,30.52925734901977
TOSTADA-G_011_jpg.rf.9ccdeb5753c9cd5d19a9f9b7f930b630_r0c0.jpg,FP,6,-1,0.0,0,11039,0.0,127.222526189441
TOSTADA-G_011_jpg.rf.9ccdeb5753c9cd5d19a9f9b7f930b630_r0c0.jpg,FP,12,-1,0.0,0,5393,0.0,62.15337292686433
TOSTADA-G_011_jpg.rf.9ccdeb5753c9cd5d19a9f9b7f930b630_r0c0.jpg,FN,-1,1,0.0,8989,0,103.5966380937481,0.0
TOSTADA-G_011_jpg.rf.9ccdeb5753c9cd5d19a9f9b7f930b630_r0c0.jpg,FN,-1,6,0.0,8374,0,96.50887166504022,0.0
TOSTADA-G_011_jpg.rf.9ccdeb5753c9cd5d19a9f9b7f930b630_r0c0.jpg,FN,-1,14,0.0,4900,0,56.47163496043672,0.0
TOSTADA-G_011_jpg.rf.9ccdeb5753c9cd5d19a9f9b7f930b630_r0c0.jpg,FN,-1,15,0.0,7640,0,88.04965124443602,0.0
TOSTADA-G_011_jpg.rf.9ccdeb5753c9cd5d19a9f9b7f930b630_r0c0.jpg,FN,-1,18,0.0,3003,0,34.609044854324786,0.0
TOSTADA-G_011_jpg.rf.9ccdeb5753c9cd5d19a9f9b7f930b630_r0c0.jpg,FN,-1,19,0.0,2462,0,28.37411536175412,0.0
TOSTADA-G_011_jpg.rf.9ccdeb5753c9cd5d19a9f9b7f930b630_r0c0.jpg,FN,-1,20,0.0,4333,0,49.937060057871896,0.0
TOSTADA-G_011_jpg.rf.9ccdeb5753c9cd5d19a9f9b7f930b630_r0c0.jpg,FN,-1,21,0.0,2654,0,30.586881466326336,0.0
TOSTADA-G_011_jpg.rf.9ccdeb5753c9cd5d19a9f9b7f930b630_r0c1.jpg,TP,17,2,0.8698694272486084,35296,36593,406.7801688905254,421.72786491984914
TOSTADA-G_011_jpg.rf.9ccdeb5753c9cd5d19a9f9b7f930b630_r0c1.jpg,TP,2,12,0.8689735006100804,30519,29219,351.72608721583026,336.7438167161225
TOSTADA-G_011_jpg.rf.9ccdeb5753c9cd5d19a9f9b7f930b630_r0c1.jpg,TP,5,21,0.8560090702947846,5571,5888,64.20479150297815,67.85816054021457
TOSTADA-G_011_jpg.rf.9ccdeb5753c9cd5d19a9f9b7f930b630_r0c1.jpg,TP,7,0,0.8464268812115475,3784,4019,43.60993197761072,46.318265491019424
TOSTADA-G_011_jpg.rf.9ccdeb5753c9cd5d19a9f9b7f930b630_r0c1.jpg,TP,10,25,0.8414294162372222,10443,11354,120.35373140649808,130.85284557975478
TOSTADA-G_011_jpg.rf.9ccdeb5753c9cd5d19a9f9b7f930b630_r0c1.jpg,TP,0,7,0.8241871940785547,21719,24121,250.30764075627042,277.99026671034574
TOSTADA-G_011_jpg.rf.9ccdeb5753c9cd5d19a9f9b7f930b630_r0c1.jpg,TP,3,8,0.8184812760055479,5024,5465,57.90071306963961,62.98316021607891
TOSTADA-G_011_jpg.rf.9ccdeb5753c9cd5d19a9f9b7f930b630_r0c1.jpg,TP,4,10,0.8167667107538915,9197,8660,105.99380137370133,99.80497117497592
TOSTADA-G_011_jpg.rf.9ccdeb5753c9cd5d19a9f9b7f930b630_r0c1.jpg,TP,16,26,0.7772878323108384,15054,12757,173.49469238661518,147.0221728959778
TOSTADA-G_011_jpg.rf.9ccdeb5753c9cd5d19a9f9b7f930b630_r0c1.jpg,TP,6,16,0.7591372079089275,1565,1371,18.036348716955807,15.800532965460967
TOSTADA-G_011_jpg.rf.9ccdeb5753c9cd5d19a9f9b7f930b630_r0c1.jpg,TP,19,24,0.7388572550559591,4547,4309,52.40337227859301,49.66046429480037
TOSTADA-G_011_jpg.rf.9ccdeb5753c9cd5d19a9f9b7f930b630_r0c1.jpg,TP,13,13,0.7384337621304446,3627,4076,41.800534694184485,46.975180428314296
TOSTADA-G_011_jpg.rf.9ccdeb5753c9cd5d19a9f9b7f930b630_r0c1.jpg,TP,11,14,0.7289906283607313,6199,5055,71.4423806366831,58.25798259694033
TOSTADA-G_011_jpg.rf.9ccdeb5753c9cd5d19a9f9b7f930b630_r0c1.jpg,TP,8,11,0.7215865542538049,32316,30577,372.4361949758108,352.3945269765864
TOSTADA-G_011_jpg.rf.9ccdeb5753c9cd5d19a9f9b7f930b630_r0c1.jpg,TP,1,15,0.711804837709324,4708,3572,54.258868855864506,41.166669403812236
TOSTADA-G_011_jpg.rf.9ccdeb5753c9cd5d19a9f9b7f930b630_r0c1.jpg,TP,12,9,0.6750238019676293,3077,2201,35.461881790461995,25.36613643835127
TOSTADA-G_011_jpg.rf.9ccdeb5753c9cd5d19a9f9b7f930b630_r0c1.jpg,FP,9,-1,0.0,0,41400,0.0,477.1276912983837
TOSTADA-G_011_jpg.rf.9ccdeb5753c9cd5d19a9f9b7f930b630_r0c1.jpg,FP,14,-1,0.0,0,16905,0.0,194.82714061350669
TOSTADA-G_011_jpg.rf.9ccdeb5753c9cd5d19a9f9b7f930b630_r0c1.jpg,FP,15,-1,0.0,0,44588,0.0,513.8688284930515
TOSTADA-G_011_jpg.rf.9ccdeb5753c9cd5d19a9f9b7f930b630_r0c1.jpg,FP,18,-1,0.0,0,1674,0.0,19.292554474238994
TOSTADA-G_011_jpg.rf.9ccdeb5753c9cd5d19a9f9b7f930b630_r0c1.jpg,FP,20,-1,0.0,0,20814,0.0,239.8776755237816
TOSTADA-G_011_jpg.rf.9ccdeb5753c9cd5d19a9f9b7f930b630_r0c1.jpg,FN,-1,1,0.0,1388,0,15.996454964303298,0.0
TOSTADA-G_011_jpg.rf.9ccdeb5753c9cd5d19a9f9b7f930b630_r0c1.jpg,FN,-1,3,0.0,2707,0,31.19769710977596,0.0
TOSTADA-G_011_jpg.rf.9ccdeb5753c9cd5d19a9f9b7f930b630_r0c1.jpg,FN,-1,4,0.0,4526,0,52.16135098590542,0.0
TOSTADA-G_011_jpg.rf.9ccdeb5753c9cd5d19a9f9b7f930b630_r0c1.jpg,FN,-1,5,0.0,8070,0,93.00532533280088,0.0
TOSTADA-G_011_jpg.rf.9ccdeb5753c9cd5d19a9f9b7f930b630_r0c1.jpg,FN,-1,6,0.0,2160,0,24.89361867643741,0.0
TOSTADA-G_011_jpg.rf.9ccdeb5753c9cd5d19a9f9b7f930b630_r0c1.jpg,FN,-1,17,0.0,26070,0,300.45214763644594,0.0
TOSTADA-G_011_jpg.rf.9ccdeb5753c9cd5d19a9f9b7f930b630_r0c1.jpg,FN,-1,18,0.0,2341,0,26.979611722935175,0.0
TOSTADA-G_011_jpg.rf.9ccdeb5753c9cd5d19a9f9b7f930b630_r0c1.jpg,FN,-1,19,0.0,8327,0,95.96720496235848,0.0
TOSTADA-G_011_jpg.rf.9ccdeb5753c9cd5d19a9f9b7f930b630_r0c1.jpg,FN,-1,20,0.0,20421,0,235.34841990348534,0.0
TOSTADA-G_011_jpg.rf.9ccdeb5753c9cd5d19a9f9b7f930b630_r0c1.jpg,FN,-1,22,0.0,6667,0,76.83599801657788,0.0
TOSTADA-G_011_jpg.rf.9ccdeb5753c9cd5d19a9f9b7f930b630_r0c1.jpg,FN,-1,23,0.0,6089,0,70.17465005593861,0.0
TOSTADA-G_011_jpg.rf.9ccdeb5753c9cd5d19a9f9b7f930b630_r0c1.jpg,FN,-1,27,0.0,16131,0,185.90692725444993,0.0
TOSTADA-G_011_jpg.rf.9ccdeb5753c9cd5d19a9f9b7f930b630_r0c1.jpg,FN,-1,28,0.0,27510,0,317.0478934207376,0.0
TOSTADA-G_011_jpg.rf.9ccdeb5753c9cd5d19a9f9b7f930b630_r0c1.jpg,FN,-1,29,0.0,2835,0,32.6728745128241,0.0
TOSTADA-G_011_jpg.rf.9ccdeb5753c9cd5d19a9f9b7f930b630_r0c1.jpg,FN,-1,30,0.0,11658,0,134.35639191199414,0.0
TOSTADA-G_011_jpg.rf.9ccdeb5753c9cd5d19a9f9b7f930b630_r0c2.jpg,TP,2,16,0.9152681972614023,18428,18778,212.3794467450873,216.41313495654708
TOSTADA-G_011_jpg.rf.9ccdeb5753c9cd5d19a9f9b7f930b630_r0c2.jpg,TP,15,12,0.88903676592913,10905,11805,125.67819984562497,136.05054096080724
TOSTADA-G_011_jpg.rf.9ccdeb5753c9cd5d19a9f9b7f930b630_r0c2.jpg,TP,16,18,0.8834542815674891,6344,6633,73.11348003857358,76.44415401889322
TOSTADA-G_011_jpg.rf.9ccdeb5753c9cd5d19a9f9b7f930b630_r0c2.jpg,TP,9,10,0.8763632189186087,7782,8563,89.68617617594256,98.6870632992285
TOSTADA-G_011_jpg.rf.9ccdeb5753c9cd5d19a9f9b7f930b630_r0c2.jpg,TP,7,20,0.863370715526773,11100,12494,127.92554042058113,143.99114432565233
TOSTADA-G_011_jpg.rf.9ccdeb5753c9cd5d19a9f9b7f930b630_r0c2.jpg,TP,6,13,0.8271985494106981,4851,5226,55.90691861083235,60.22872740882496
TOSTADA-G_011_jpg.rf.9ccdeb5753c9cd5d19a9f9b7f930b630_r0c2.jpg,TP,4,19,0.8222143364088006,4679,5591,53.924648975486406,64.43528797220442
TOSTADA-G_011_jpg.rf.9ccdeb5753c9cd5d19a9f9b7f930b630_r0c2.jpg,TP,14,5,0.8190853122251539,10894,9789,125.55142678755053,112.81649686279899
TOSTADA-G_011_jpg.rf.9ccdeb5753c9cd5d19a9f9b7f930b630_r0c2.jpg,TP,1,17,0.7916149946696256,37444,44904,431.535489685427,517.5106727068267
TOSTADA-G_011_jpg.rf.9ccdeb5753c9cd5d19a9f9b7f930b630_r0c2.jpg,TP,0,0,0.7427402862985685,7264,9780,83.7163176229821,112.71277345164717
TOSTADA-G_011_jpg.rf.9ccdeb5753c9cd5d19a9f9b7f930b630_r0c2.jpg,TP,8,11,0.735648825813021,47265,61824,544.7207808989881,712.510685672253
TOSTADA-G_011_jpg.rf.9ccdeb5753c9cd5d19a9f9b7f930b630_r0c2.jpg,TP,11,8,0.6826641694954934,8194,6181,94.43440344200377,71.23493381437946
TOSTADA-G_011_jpg.rf.9ccdeb5753c9cd5d19a9f9b7f930b630_r0c2.jpg,TP,13,14,0.6480959097320169,1254,1083,14.452128620487274,12.481383808602645
TOSTADA-G_011_jpg.rf.9ccdeb5753c9cd5d19a9f9b7f930b630_r0c2.jpg,TP,10,4,0.5833692373976734,2708,4642,31.20922193323727,53.4982305074178
TOSTADA-G_011_jpg.rf.9ccdeb5753c9cd5d19a9f9b7f930b630_r0c2.jpg,TP,5,21,0.5264449769154346,18237,34001,210.1782054639764,391.85552250812424
TOSTADA-G_011_jpg.rf.9ccdeb5753c9cd5d19a9f9b7f930b630_r0c2.jpg,FP,3,-1,0.0,0,82129,0.0,946.5222260542259
TOSTADA-G_011_jpg.rf.9ccdeb5753c9cd5d19a9f9b7f930b630_r0c2.jpg,FP,12,-1,0.0,0,14850,0.0,171.1436284005072
TOSTADA-G_011_jpg.rf.9ccdeb5753c9cd5d19a9f9b7f930b630_r0c2.jpg,FN,-1,1,0.0,23050,0,265.6471807832788,0.0
TOSTADA-G_011_jpg.rf.9ccdeb5753c9cd5d19a9f9b7f930b630_r0c2.jpg,FN,-1,2,0.0,11560,0,133.2269592127854,0.0
TOSTADA-G_011_jpg.rf.9ccdeb5753c9cd5d19a9f9b7f930b630_r0c2.jpg,FN,-1,3,0.0,8654,0,99.73582223420803,0.0
TOSTADA-G_011_jpg.rf.9ccdeb5753c9cd5d19a9f9b7f930b630_r0c2.jpg,FN,-1,6,0.0,61602,0,709.9521748638414,0.0
TOSTADA-G_011_jpg.rf.9ccdeb5753c9cd5d19a9f9b7f930b630_r0c2.jpg,FN,-1,7,0.0,14014,0,161.508875986849,0.0
TOSTADA-G_011_jpg.rf.9ccdeb5753c9cd5d19a9f9b7f930b630_r0c2.jpg,FN,-1,9,0.0,1326,0,15.281915909701855,0.0
TOSTADA-G_011_jpg.rf.9ccdeb5753c9cd5d19a9f9b7f930b630_r0c2.jpg,FN,-1,15,0.0,6472,0,74.58865744162172,0.0
TOSTADA-G_011_jpg.rf.9ccdeb5753c9cd5d19a9f9b7f930b630_r0c2.jpg,FN,-1,22,0.0,7544,0,86.94326819214992,0.0
TOSTADA-G_011_jpg.rf.9ccdeb5753c9cd5d19a9f9b7f930b630_r0c2.jpg,FN,-1,23,0.0,995,0,11.467199344007048,0.0
TOSTADA-G_011_jpg.rf.9ccdeb5753c9cd5d19a9f9b7f930b630_r1c0.jpg,TP,5,3,0.8841037011768719,10842,11251,124.95213596756223,129.6657887632395
TOSTADA-G_011_jpg.rf.9ccdeb5753c9cd5d19a9f9b7f930b630_r1c0.jpg,TP,2,21,0.872982158028887,8369,9267,96.45124754773364,106.80053901599328
TOSTADA-G_011_jpg.rf.9ccdeb5753c9cd5d19a9f9b7f930b630_r1c0.jpg,TP,3,0,0.8621321124918248,13231,15241,152.48493921664044,175.64983437388082
TOSTADA-G_011_jpg.rf.9ccdeb5753c9cd5d19a9f9b7f930b630_r1c0.jpg,TP,6,8,0.8525742798820595,12035,12469,138.70125035690936,143.7030237391195
TOSTADA-G_011_jpg.rf.9ccdeb5753c9cd5d19a9f9b7f930b630_r1c0.jpg,TP,16,19,0.8428883658372562,10109,11814,116.50444037041935,136.15426437195904
TOSTADA-G_011_jpg.rf.9ccdeb5753c9cd5d19a9f9b7f930b630_r1c0.jpg,TP,11,5,0.8195615514333895,4522,5189,52.11525169206017,59.802308940756355
TOSTADA-G_011_jpg.rf.9ccdeb5753c9cd5d19a9f9b7f930b630_r1c0.jpg,TP,0,11,0.8079166268285687,17361,20457,200.0824601118657,235.76331354809264
TOSTADA-G_011_jpg.rf.9ccdeb5753c9cd5d19a9f9b7f930b630_r1c0.jpg,TP,13,18,0.7981437009151684,14072,13632,162.1773157476052,157.1063934246272
TOSTADA-G_011_jpg.rf.9ccdeb5753c9cd5d19a9f9b7f930b630_r1c0.jpg,TP,14,16,0.7529673590504451,1313,1050,15.132093204704777,12.101064634379297
TOSTADA-G_011_jpg.rf.9ccdeb5753c9cd5d19a9f9b7f930b630_r1c0.jpg,TP,1,17,0.7228429702374988,29710,39059,342.40250503562754,450.1480795754485
TOSTADA-G_011_jpg.rf.9ccdeb5753c9cd5d19a9f9b7f930b630_r1c0.jpg,TP,8,1,0.7109901503369621,2782,3819,32.06205886937448,44.013300798756696
TOSTADA-G_011_jpg.rf.9ccdeb5753c9cd5d19a9f9b7f930b630_r1c0.jpg,TP,15,23,0.6319733555370525,958,1002,11.040780875938443,11.547873108236242
TOSTADA-G_011_jpg.rf.9ccdeb5753c9cd5d19a9f9b7f930b630_r1c0.jpg,TP,4,2,0.6308179837591602,3240,4994,37.34042801465611,57.5549683658002
TOSTADA-G_011_jpg.rf.9ccdeb5753c9cd5d19a9f9b7f930b630_r1c0.jpg,FP,7,-1,0.0,0,8189,0.0,94.3767793246972
TOSTADA-G_011_jpg.rf.9ccdeb5753c9cd5d19a9f9b7f930b630_r1c0.jpg,FP,9,-1,0.0,0,8693,0.0,100.18529034919926
TOSTADA-G_011_jpg.rf.9ccdeb5753c9cd5d19a9f9b7f930b630_r1c0.jpg,FP,10,-1,0.0,0,26016,0.0,299.829807169535
TOSTADA-G_011_jpg.rf.9ccdeb5753c9cd5d19a9f9b7f930b630_r1c0.jpg,FP,12,-1,0.0,0,62083,0.0,715.4956149487332
TOSTADA-G_011_jpg.rf.9ccdeb5753c9cd5d19a9f9b7f930b630_r1c0.jpg,FN,-1,4,0.0,4089,0,47.125003133311374,0.0
TOSTADA-G_011_jpg.rf.9ccdeb5753c9cd5d19a9f9b7f930b630_r1c0.jpg,FN,-1,6,0.0,38395,0,442.4955967971363,0.0
TOSTADA-G_011_jpg.rf.9ccdeb5753c9cd5d19a9f9b7f930b630_r1c0.jpg,FN,-1,7,0.0,5699,0,65.6799689060263,0.0
TOSTADA-G_011_jpg.rf.9ccdeb5753c9cd5d19a9f9b7f930b630_r1c0.jpg,FN,-1,9,0.0,4252,0,49.00354935750549,0.0
TOSTADA-G_011_jpg.rf.9ccdeb5753c9cd5d19a9f9b7f930b630_r1c0.jpg,FN,-1,10,0.0,3996,0,46.053194551409206,0.0
TOSTADA-G_011_jpg.rf.9ccdeb5753c9cd5d19a9f9b7f930b630_r1c0.jpg,FN,-1,12,0.0,4273,0,49.24557065019308,0.0
TOSTADA-G_011_jpg.rf.9ccdeb5753c9cd5d19a9f9b7f930b630_r1c0.jpg,FN,-1,13,0.0,4010,0,46.2145420798676,0.0
TOSTADA-G_011_jpg.rf.9ccdeb5753c9cd5d19a9f9b7f930b630_r1c0.jpg,FN,-1,14,0.0,4915,0,56.644507312356424,0.0
TOSTADA-G_011_jpg.rf.9ccdeb5753c9cd5d19a9f9b7f930b630_r1c0.jpg,FN,-1,15,0.0,3288,0,37.89361954079917,0.0
TOSTADA-G_011_jpg.rf.9ccdeb5753c9cd5d19a9f9b7f930b630_r1c0.jpg,FN,-1,20,0.0,11389,0,131.25621440090077,0.0
TOSTADA-G_011_jpg.rf.9ccdeb5753c9cd5d19a9f9b7f930b630_r1c0.jpg,FN,-1,22,0.0,10571,0,121.82890880954623,0.0
TOSTADA-G_011_jpg.rf.9ccdeb5753c9cd5d19a9f9b7f930b630_r1c1.jpg,TP,12,27,0.8797595190380761,7075,6995,81.53812598879384,80.61614011188874
TOSTADA-G_011_jpg.rf.9ccdeb5753c9cd5d19a9f9b7f930b630_r1c1.jpg,TP,1,7,0.8774574966766949,27226,26443,313.7748435577245,304.75090678751593
TOSTADA-G_011_jpg.rf.9ccdeb5753c9cd5d19a9f9b7f930b630_r1c1.jpg,TP,9,12,0.8695904734243393,6644,6230,76.57092707696766,71.79965016398383
TOSTADA-G_011_jpg.rf.9ccdeb5753c9cd5d19a9f9b7f930b630_r1c1.jpg,TP,11,1,0.8580196970119689,31236,35361,359.9893856375921,407.52928241551075
TOSTADA-G_011_jpg.rf.9ccdeb5753c9cd5d19a9f9b7f930b630_r1c1.jpg,TP,5,2,0.8425390399074609,6103,6640,70.33599758439699,76.5248277831224
TOSTADA-G_011_jpg.rf.9ccdeb5753c9cd5d19a9f9b7f930b630_r1c1.jpg,TP,17,23,0.8126917345954948,9407,11274,108.41401430057718,129.93085970284972
TOSTADA-G_011_jpg.rf.9ccdeb5753c9cd5d19a9f9b7f930b630_r1c1.jpg,TP,14,0,0.7848469759068449,65285,74506,752.3980996718594,858.6684968086323
TOSTADA-G_011_jpg.rf.9ccdeb5753c9cd5d19a9f9b7f930b630_r1c1.jpg,TP,0,5,0.747079941346008,14883,19669,171.52394757473056,226.6817526605775
TOSTADA-G_011_jpg.rf.9ccdeb5753c9cd5d19a9f9b7f930b630_r1c1.jpg,TP,7,8,0.7346256684491979,6801,8769,78.3803243603939,101.0611769322591
TOSTADA-G_011_jpg.rf.9ccdeb5753c9cd5d19a9f9b7f930b630_r1c1.jpg,TP,2,10,0.7328966044327984,36051,43307,415.48141060381715,499.10552963910874
TOSTADA-G_011_jpg.rf.9ccdeb5753c9cd5d19a9f9b7f930b630_r1c1.jpg,TP,16,15,0.6922143228715103,13005,16272,149.88032911438358,187.53192736249517
TOSTADA-G_011_jpg.rf.9ccdeb5753c9cd5d19a9f9b7f930b630_r1c1.jpg,TP,6,6,0.5715400218442814,5728,4344,66.01418878640439,50.063833115946345
TOSTADA-G_011_jpg.rf.9ccdeb5753c9cd5d19a9f9b7f930b630_r1c1.jpg,FP,3,-1,0.0,0,6288,0.0,72.46808992474001
TOSTADA-G_011_jpg.rf.9ccdeb5753c9cd5d19a9f9b7f930b630_r1c1.jpg,FP,4,-1,0.0,0,62414,0.0,719.3103315144281
TOSTADA-G_011_jpg.rf.9ccdeb5753c9cd5d19a9f9b7f930b630_r1c1.jpg,FP,8,-1,0.0,0,7699,0.0,88.72961582865352
TOSTADA-G_011_jpg.rf.9ccdeb5753c9cd5d19a9f9b7f930b630_r1c1.jpg,FP,10,-1,0.0,0,1184,0.0,13.645390978195321
TOSTADA-G_011_jpg.rf.9ccdeb5753c9cd5d19a9f9b7f930b630_r1c1.jpg,FP,13,-1,0.0,0,58155,0.0,670.2261083926933
TOSTADA-G_011_jpg.rf.9ccdeb5753c9cd5d19a9f9b7f930b630_r1c1.jpg,FP,15,-1,0.0,0,72637,0.0,837.1286017594371
TOSTADA-G_011_jpg.rf.9ccdeb5753c9cd5d19a9f9b7f930b630_r1c1.jpg,FP,18,-1,0.0,0,1853,0.0,21.35549787381413
TOSTADA-G_011_jpg.rf.9ccdeb5753c9cd5d19a9f9b7f930b630_r1c1.jpg,FP,19,-1,0.0,0,4986,0.0,57.46276977810969
TOSTADA-G_011_jpg.rf.9ccdeb5753c9cd5d19a9f9b7f930b630_r1c1.jpg,FN,-1,3,0.0,5710,0,65.80674196410075,0.0
TOSTADA-G_011_jpg.rf.9ccdeb5753c9cd5d19a9f9b7f930b630_r1c1.jpg,FN,-1,4,0.0,3691,0,42.53812339570855,0.0
TOSTADA-G_011_jpg.rf.9ccdeb5753c9cd5d19a9f9b7f930b630_r1c1.jpg,FN,-1,9,0.0,8116,0,93.5354672120213,0.0
TOSTADA-G_011_jpg.rf.9ccdeb5753c9cd5d19a9f9b7f930b630_r1c1.jpg,FN,-1,11,0.0,1803,0,20.779256700748448,0.0
TOSTADA-G_011_jpg.rf.9ccdeb5753c9cd5d19a9f9b7f930b630_r1c1.jpg,FN,-1,13,0.0,4460,0,51.400712637458724,0.0
TOSTADA-G_011_jpg.rf.9ccdeb5753c9cd5d19a9f9b7f930b630_r1c1.jpg,FN,-1,14,0.0,44785,0,516.1392187149303,0.0
TOSTADA-G_011_jpg.rf.9ccdeb5753c9cd5d19a9f9b7f930b630_r1c1.jpg,FN,-1,16,0.0,28570,0,329.26420628973,0.0
TOSTADA-G_011_jpg.rf.9ccdeb5753c9cd5d19a9f9b7f930b630_r1c1.jpg,FN,-1,17,0.0,5256,0,60.57447211266437,0.0
TOSTADA-G_011_jpg.rf.9ccdeb5753c9cd5d19a9f9b7f930b630_r1c1.jpg,FN,-1,18,0.0,5923,0,68.26152936136054,0.0
TOSTADA-G_011_jpg.rf.9ccdeb5753c9cd5d19a9f9b7f930b630_r1c1.jpg,FN,-1,19,0.0,2329,0,26.841313841399412,0.0
TOSTADA-G_011_jpg.rf.9ccdeb5753c9cd5d19a9f9b7f930b630_r1c1.jpg,FN,-1,20,0.0,719,0,8.28634806868449,0.0
TOSTADA-G_011_jpg.rf.9ccdeb5753c9cd5d19a9f9b7f930b630_r1c1.jpg,FN,-1,21,0.0,1040,0,11.985816399766161,0.0
TOSTADA-G_011_jpg.rf.9ccdeb5753c9cd5d19a9f9b7f930b630_r1c1.jpg,FN,-1,22,0.0,7900,0,91.04610534437757,0.0
TOSTADA-G_011_jpg.rf.9ccdeb5753c9cd5d19a9f9b7f930b630_r1c1.jpg,FN,-1,24,0.0,1556,0,17.932625305803985,0.0
TOSTADA-G_011_jpg.rf.9ccdeb5753c9cd5d19a9f9b7f930b630_r1c1.jpg,FN,-1,25,0.0,9526,0,109.78546829247351,0.0
TOSTADA-G_011_jpg.rf.9ccdeb5753c9cd5d19a9f9b7f930b630_r1c1.jpg,FN,-1,26,0.0,26781,0,308.64629711743993,0.0
TOSTADA-G_011_jpg.rf.9ccdeb5753c9cd5d19a9f9b7f930b630_r1c2.jpg,TP,1,8,0.9115356534436603,7981,7728,91.97961604474396,89.06383570903162
TOSTADA-G_011_jpg.rf.9ccdeb5753c9cd5d19a9f9b7f930b630_r1c2.jpg,TP,7,3,0.9056847545219638,4500,4350,51.86170557591127,50.132982056714226
TOSTADA-G_011_jpg.rf.9ccdeb5753c9cd5d19a9f9b7f930b630_r1c2.jpg,TP,16,20,0.8748617766310357,5155,5018,59.41046494307169,57.831564128871726
TOSTADA-G_011_jpg.rf.9ccdeb5753c9cd5d19a9f9b7f930b630_r1c2.jpg,TP,13,22,0.856099151989563,29333,27575,338.0576465907123,317.79700694572296
TOSTADA-G_011_jpg.rf.9ccdeb5753c9cd5d19a9f9b7f930b630_r1c2.jpg,TP,9,4,0.8444495203289173,3923,4152,45.21188243873331,47.851067011374134
TOSTADA-G_011_jpg.rf.9ccdeb5753c9cd5d19a9f9b7f930b630_r1c2.jpg,TP,2,26,0.8333761672235073,10201,11200,117.56472412886019,129.0780227667125
TOSTADA-G_011_jpg.rf.9ccdeb5753c9cd5d19a9f9b7f930b630_r1c2.jpg,TP,11,0,0.8297391088802132,30461,28592,351.05764745507406,329.5177524058789
TOSTADA-G_011_jpg.rf.9ccdeb5753c9cd5d19a9f9b7f930b630_r1c2.jpg,TP,6,17,0.8096622679490046,7368,8814,84.91489926295873,101.57979398801821
TOSTADA-G_011_jpg.rf.9ccdeb5753c9cd5d19a9f9b7f930b630_r1c2.jpg,TP,10,27,0.7768507921209565,26107,32888,300.87856610451456,379.0283939956822
TOSTADA-G_011_jpg.rf.9ccdeb5753c9cd5d19a9f9b7f930b630_r1c2.jpg,TP,4,2,0.7437569470174139,10111,13421,116.52749001734198,154.67465567429005
TOSTADA-G_011_jpg.rf.9ccdeb5753c9cd5d19a9f9b7f930b630_r1c2.jpg,TP,15,1,0.6786452033125523,47892,42310,551.9468452092317,487.61528064817907
TOSTADA-G_011_jpg.rf.9ccdeb5753c9cd5d19a9f9b7f930b630_r1c2.jpg,TP,17,12,0.6515576067249053,9097,10943,104.84131902756997,126.11614313715489
TOSTADA-G_011_jpg.rf.9ccdeb5753c9cd5d19a9f9b7f930b630_r1c2.jpg,TP,14,5,0.5204453950679416,8404,15765,96.85461636887963,181.68884186760914
TOSTADA-G_011_jpg.rf.9ccdeb5753c9cd5d19a9f9b7f930b630_r1c2.jpg,FP,0,-1,0.0,0,41876,0.0,482.61350726596896
TOSTADA-G_011_jpg.rf.9ccdeb5753c9cd5d19a9f9b7f930b630_r1c2.jpg,FP,3,-1,0.0,0,6457,0.0,74.41578508970201
TOSTADA-G_011_jpg.rf.9ccdeb5753c9cd5d19a9f9b7f930b630_r1c2.jpg,FP,5,-1,0.0,0,24505,0.0,282.41579891949016
TOSTADA-G_011_jpg.rf.9ccdeb5753c9cd5d19a9f9b7f930b630_r1c2.jpg,FP,8,-1,0.0,0,5250,0.0,60.505323171896485
TOSTADA-G_011_jpg.rf.9ccdeb5753c9cd5d19a9f9b7f930b630_r1c2.jpg,FP,12,-1,0.0,0,3329,0.0,38.36613730271303
TOSTADA-G_011_jpg.rf.9ccdeb5753c9cd5d19a9f9b7f930b630_r1c2.jpg,FP,18,-1,0.0,0,877,0.0,10.10727017557204
TOSTADA-G_011_jpg.rf.9ccdeb5753c9cd5d19a9f9b7f930b630_r1c2.jpg,FP,19,-1,0.0,0,11144,0.0,128.43263265287894
TOSTADA-G_011_jpg.rf.9ccdeb5753c9cd5d19a9f9b7f930b630_r1c2.jpg,FN,-1,6,0.0,2385,0,27.486703955232972,0.0
TOSTADA-G_011_jpg.rf.9ccdeb5753c9cd5d19a9f9b7f930b630_r1c2.jpg,FN,-1,7,0.0,19051,0,219.5594117614857,0.0
TOSTADA-G_011_jpg.rf.9ccdeb5753c9cd5d19a9f9b7f930b630_r1c2.jpg,FN,-1,9,0.0,7106,0,81.89539551609455,0.0
TOSTADA-G_011_jpg.rf.9ccdeb5753c9cd5d19a9f9b7f930b630_r1c2.jpg,FN,-1,10,0.0,10467,0,120.63032716956961,0.0
TOSTADA-G_011_jpg.rf.9ccdeb5753c9cd5d19a9f9b7f930b630_r1c2.jpg,FN,-1,11,0.0,7480,0,86.20567949062584,0.0
TOSTADA-G_011_jpg.rf.9ccdeb5753c9cd5d19a9f9b7f930b630_r1c2.jpg,FN,-1,13,0.0,1409,0,16.238476256990886,0.0
TOSTADA-G_011_jpg.rf.9ccdeb5753c9cd5d19a9f9b7f930b630_r1c2.jpg,FN,-1,14,0.0,31931,0,367.9991379432051,0.0
TOSTADA-G_011_jpg.rf.9ccdeb5753c9cd5d19a9f9b7f930b630_r1c2.jpg,FN,-1,15,0.0,1712,0,19.73049776576891,0.0
TOSTADA-G_011_jpg.rf.9ccdeb5753c9cd5d19a9f9b7f930b630_r1c2.jpg,FN,-1,16,0.0,3335,0,38.43528624348091,0.0
TOSTADA-G_011_jpg.rf.9ccdeb5753c9cd5d19a9f9b7f930b630_r1c2.jpg,FN,-1,18,0.0,2276,0,26.23049819794979,0.0
TOSTADA-G_011_jpg.rf.9ccdeb5753c9cd5d19a9f9b7f930b630_r1c2.jpg,FN,-1,19,0.0,4160,0,47.943265599064645,0.0
TOSTADA-G_011_jpg.rf.9ccdeb5753c9cd5d19a9f9b7f930b630_r1c2.jpg,FN,-1,21,0.0,5059,0,58.30408189078558,0.0
TOSTADA-G_011_jpg.rf.9ccdeb5753c9cd5d19a9f9b7f930b630_r1c2.jpg,FN,-1,23,0.0,4035,0,46.50266266640044,0.0
TOSTADA-G_011_jpg.rf.9ccdeb5753c9cd5d19a9f9b7f930b630_r1c2.jpg,FN,-1,24,0.0,17485,0,201.51153822106858,0.0
TOSTADA-G_011_jpg.rf.9ccdeb5753c9cd5d19a9f9b7f930b630_r1c2.jpg,FN,-1,25,0.0,2961,0,34.125002268949615,0.0
TOSTADA-G_011_jpg.rf.9ccdeb5753c9cd5d19a9f9b7f930b630_r2c0.jpg,TP,0,19,0.8787935524501711,54001,56380,622.3519917343966,649.7695467488617
TOSTADA-G_011_jpg.rf.9ccdeb5753c9cd5d19a9f9b7f930b630_r2c0.jpg,TP,4,21,0.8598579782790309,4348,4557,50.109932409791604,52.518620513206145
TOSTADA-G_011_jpg.rf.9ccdeb5753c9cd5d19a9f9b7f930b630_r2c0.jpg,TP,1,0,0.8514273356401384,8126,8996,93.65071544663444,103.67731185797729
TOSTADA-G_011_jpg.rf.9ccdeb5753c9cd5d19a9f9b7f930b630_r2c0.jpg,TP,9,3,0.8143123171056132,7017,6623,80.86968622803764,76.32890578428008
TOSTADA-G_011_jpg.rf.9ccdeb5753c9cd5d19a9f9b7f930b630_r2c0.jpg,TP,3,7,0.7979638406178691,4556,5687,52.50709568974484,65.54167102449053
TOSTADA-G_011_jpg.rf.9ccdeb5753c9cd5d19a9f9b7f930b630_r2c0.jpg,TP,2,20,0.7583520599250936,5179,6558,59.687060706143214,75.57979225929469
TOSTADA-G_011_jpg.rf.9ccdeb5753c9cd5d19a9f9b7f930b630_r2c0.jpg,TP,8,2,0.751751562204128,40556,33452,467.400740297035,385.5283944278631
TOSTADA-G_011_jpg.rf.9ccdeb5753c9cd5d19a9f9b7f930b630_r2c0.jpg,TP,13,17,0.7434072833821682,1794,2371,20.675533289596626,27.325356426774583
TOSTADA-G_011_jpg.rf.9ccdeb5753c9cd5d19a9f9b7f930b630_r2c0.jpg,TP,10,5,0.733826598368431,4372,4767,50.38652817286313,54.93883344008201
TOSTADA-G_011_jpg.rf.9ccdeb5753c9cd5d19a9f9b7f930b630_r2c0.jpg,TP,11,18,0.7133559980573094,7687,9952,88.59131794711776,114.69504308699311
TOSTADA-G_011_jpg.rf.9ccdeb5753c9cd5d19a9f9b7f930b630_r2c0.jpg,TP,12,8,0.631762652705061,2172,3438,25.031916557973172,39.62234305999621
TOSTADA-G_011_jpg.rf.9ccdeb5753c9cd5d19a9f9b7f930b630_r2c0.jpg,TP,6,6,0.6129300921347145,17732,13254,204.35816961601304,152.75001015625065
TOSTADA-G_011_jpg.rf.9ccdeb5753c9cd5d19a9f9b7f930b630_r2c0.jpg,TP,7,16,0.5792137961101558,24220,40981,279.13122423301576,472.2987902680933
TOSTADA-G_011_jpg.rf.9ccdeb5753c9cd5d19a9f9b7f930b630_r2c0.jpg,TP,5,15,0.5524111675126904,8706,15760,100.33511305419634,181.6312177503026
TOSTADA-G_011_jpg.rf.9ccdeb5753c9cd5d19a9f9b7f930b630_r2c0.jpg,TP,14,4,0.5113562621674238,814,1515,9.381206297509284,17.46010754389013
TOSTADA-G_011_jpg.rf.9ccdeb5753c9cd5d19a9f9b7f930b630_r2c0.jpg,FP,15,-1,0.0,0,6615,0.0,76.23670719658956
TOSTADA-G_011_jpg.rf.9ccdeb5753c9cd5d19a9f9b7f930b630_r2c0.jpg,FN,-1,1,0.0,28286,0,325.99115642671694,0.0
TOSTADA-G_011_jpg.rf.9ccdeb5753c9cd5d19a9f9b7f930b630_r2c0.jpg,FN,-1,9,0.0,4036,0,46.514187489861754,0.0
TOSTADA-G_011_jpg.rf.9ccdeb5753c9cd5d19a9f9b7f930b630_r2c0.jpg,FN,-1,10,0.0,4348,0,50.109932409791604,0.0
TOSTADA-G_011_jpg.rf.9ccdeb5753c9cd5d19a9f9b7f930b630_r2c0.jpg,FN,-1,11,0.0,8846,0,101.94858833878024,0.0
TOSTADA-G_011_jpg.rf.9ccdeb5753c9cd5d19a9f9b7f930b630_r2c0.jpg,FN,-1,12,0.0,1071,0,12.343085927066882,0.0
TOSTADA-G_011_jpg.rf.9ccdeb5753c9cd5d19a9f9b7f930b630_r2c0.jpg,FN,-1,13,0.0,4209,0,48.507981948669006,0.0
TOSTADA-G_011_jpg.rf.9ccdeb5753c9cd5d19a9f9b7f930b630_r2c0.jpg,FN,-1,14,0.0,17321,0,199.62146717341315,0.0
TOSTADA-G_011_jpg.rf.9ccdeb5753c9cd5d19a9f9b7f930b630_r2c0.jpg,FN,-1,22,0.0,1481,0,17.068263546205465,0.0
TOSTADA-G_011_jpg.rf.9ccdeb5753c9cd5d19a9f9b7f930b630_r2c0.jpg,FN,-1,23,0.0,1783,0,20.548760231522177,0.0
TOSTADA-G_011_jpg.rf.9ccdeb5753c9cd5d19a9f9b7f930b630_r2c1.jpg,TP,7,7,0.8795499669093315,4098,4422,47.2287265444632,50.96276934592881
TOSTADA-G_011_jpg.rf.9ccdeb5753c9cd5d19a9f9b7f930b630_r2c1.jpg,TP,2,1,0.8638883078853796,17066,18579,196.68263719077817,214.11969508774567
TOSTADA-G_011_jpg.rf.9ccdeb5753c9cd5d19a9f9b7f930b630_r2c1.jpg,TP,0,8,0.6952079853105628,51590,71199,594.5656423691695,820.5559056220682
TOSTADA-G_011_jpg.rf.9ccdeb5753c9cd5d19a9f9b7f930b630_r2c1.jpg,TP,5,10,0.5902509336303479,9037,15235,104.14982961989115,175.58068543311293
TOSTADA-G_011_jpg.rf.9ccdeb5753c9cd5d19a9f9b7f930b630_r2c1.jpg,FP,1,-1,0.0,0,7914,0.0,91.20745287283596
TOSTADA-G_011_jpg.rf.9ccdeb5753c9cd5d19a9f9b7f930b630_r2c1.jpg,FP,3,-1,0.0,0,128128,0.0,1476.652580451191
TOSTADA-G_011_jpg.rf.9ccdeb5753c9cd5d19a9f9b7f930b630_r2c1.jpg,FP,4,-1,0.0,0,15652,0.0,180.3865368164807
TOSTADA-G_011_jpg.rf.9ccdeb5753c9cd5d19a9f9b7f930b630_r2c1.jpg,FP,6,-1,0.0,0,3772,0.0,43.47163409607496
TOSTADA-G_011_jpg.rf.9ccdeb5753c9cd5d19a9f9b7f930b630_r2c1.jpg,FN,-1,0,0.0,3232,0,37.24822942696561,0.0
TOSTADA-G_011_jpg.rf.9ccdeb5753c9cd5d19a9f9b7f930b630_r2c1.jpg,FN,-1,2,0.0,11887,0,136.99557648463494,0.0
TOSTADA-G_011_jpg.rf.9ccdeb5753c9cd5d19a9f9b7f930b630_r2c1.jpg,FN,-1,3,0.0,6937,0,79.94770035113255,0.0
TOSTADA-G_011_jpg.rf.9ccdeb5753c9cd5d19a9f9b7f930b630_r2c1.jpg,FN,-1,4,0.0,8074,0,93.05142462664614,0.0
TOSTADA-G_011_jpg.rf.9ccdeb5753c9cd5d19a9f9b7f930b630_r2c1.jpg,FN,-1,5,0.0,3784,0,43.60993197761072,0.0
TOSTADA-G_011_jpg.rf.9ccdeb5753c9cd5d19a9f9b7f930b630_r2c1.jpg,FN,-1,6,0.0,5682,0,65.48404690718397,0.0
TOSTADA-G_011_jpg.rf.9ccdeb5753c9cd5d19a9f9b7f930b630_r2c1.jpg,FN,-1,9,0.0,3616,0,41.67376163611004,0.0
TOSTADA-G_011_jpg.rf.9ccdeb5753c9cd5d19a9f9b7f930b630_r2c1.jpg,FN,-1,11,0.0,6332,0,72.97518215703782,0.0
TOSTADA-G_011_jpg.rf.9ccdeb5753c9cd5d19a9f9b7f930b630_r2c1.jpg,FN,-1,12,0.0,2924,0,33.69858380088101,0.0
TOSTADA-G_011_jpg.rf.9ccdeb5753c9cd5d19a9f9b7f930b630_r2c1.jpg,FN,-1,13,0.0,810,0,9.335107003664028,0.0
TOSTADA-G_011_jpg.rf.9ccdeb5753c9cd5d19a9f9b7f930b630_r2c1.jpg,FN,-1,14,0.0,62173,0,716.5328490602515,0.0
TOSTADA-G_011_jpg.rf.9ccdeb5753c9cd5d19a9f9b7f930b630_r2c1.jpg,FN,-1,15,0.0,2873,0,33.11081780435402,0.0
TOSTADA-G_011_jpg.rf.9ccdeb5753c9cd5d19a9f9b7f930b630_r2c1.jpg,FN,-1,16,0.0,864,0,9.957447470574964,0.0
TOSTADA-G_011_jpg.rf.9ccdeb5753c9cd5d19a9f9b7f930b630_r2c1.jpg,FN,-1,17,0.0,1005,0,11.582447578620183,0.0
TOSTADA-G_011_jpg.rf.9ccdeb5753c9cd5d19a9f9b7f930b630_r2c1.jpg,FN,-1,18,0.0,30672,0,353.4893852054112,0.0
TOSTADA-G_011_jpg.rf.9ccdeb5753c9cd5d19a9f9b7f930b630_r2c1.jpg,FN,-1,19,0.0,7712,0,88.8794385336506,0.0
TOSTADA-G_011_jpg.rf.9ccdeb5753c9cd5d19a9f9b7f930b630_r2c1.jpg,FN,-1,20,0.0,1487,0,17.137412486973346,0.0
TOSTADA-G_011_jpg.rf.9ccdeb5753c9cd5d19a9f9b7f930b630_r2c1.jpg,FN,-1,21,0.0,1040,0,11.985816399766161,0.0
TOSTADA-G_011_jpg.rf.9ccdeb5753c9cd5d19a9f9b7f930b630_r2c2.jpg,TP,4,10,0.8370865587614356,5143,5299,59.272167061535924,61.07003952150085
TOSTADA-G_011_jpg.rf.9ccdeb5753c9cd5d19a9f9b7f930b630_r2c2.jpg,TP,0,20,0.8079453799349088,23962,27145,276.1578197799969,312.8413328573581
TOSTADA-G_011_jpg.rf.9ccdeb5753c9cd5d19a9f9b7f930b630_r2c2.jpg,TP,2,8,0.7951182687468545,32985,38353,380.1463018714296,442.0115542117611
TOSTADA-G_011_jpg.rf.9ccdeb5753c9cd5d19a9f9b7f930b630_r2c2.jpg,TP,5,9,0.7749095692206511,4793,6002,55.23847885007616,69.17199041480433
TOSTADA-G_011_jpg.rf.9ccdeb5753c9cd5d19a9f9b7f930b630_r2c2.jpg,TP,3,11,0.7492477432296891,3088,3888,35.58865484853644,44.80851361758734
TOSTADA-G_011_jpg.rf.9ccdeb5753c9cd5d19a9f9b7f930b630_r2c2.jpg,TP,1,21,0.6973455718184074,3334,3508,38.423761420019595,40.42908070228816
TOSTADA-G_011_jpg.rf.9ccdeb5753c9cd5d19a9f9b7f930b630_r2c2.jpg,TP,10,2,0.6948996839861836,20328,25797,234.27661132158318,297.3058708315073
TOSTADA-G_011_jpg.rf.9ccdeb5753c9cd5d19a9f9b7f930b630_r2c2.jpg,TP,7,17,0.6744023206962089,7426,9313,85.58333902371491,107.3306808952137
TOSTADA-G_011_jpg.rf.9ccdeb5753c9cd5d19a9f9b7f930b630_r2c2.jpg,TP,6,16,0.6680939127952615,13787,9588,158.89274106113083,110.50000734707494
TOSTADA-G_011_jpg.rf.9ccdeb5753c9cd5d19a9f9b7f930b630_r2c2.jpg,TP,8,14,0.6526223955660474,12837,19366,147.94415877288287,223.1897311517995
TOSTADA-G_011_jpg.rf.9ccdeb5753c9cd5d19a9f9b7f930b630_r2c2.jpg,FP,9,-1,0.0,0,23377,0.0,269.4157980551284
TOSTADA-G_011_jpg.rf.9ccdeb5753c9cd5d19a9f9b7f930b630_r2c2.jpg,FN,-1,0,0.0,8410,0,96.92376530964751,0.0
TOSTADA-G_011_jpg.rf.9ccdeb5753c9cd5d19a9f9b7f930b630_r2c2.jpg,FN,-1,1,0.0,999,0,11.513298637852301,0.0
TOSTADA-G_011_jpg.rf.9ccdeb5753c9cd5d19a9f9b7f930b630_r2c2.jpg,FN,-1,3,0.0,5420,0,62.4645431603198,0.0
TOSTADA-G_011_jpg.rf.9ccdeb5753c9cd5d19a9f9b7f930b630_r2c2.jpg,FN,-1,4,0.0,4666,0,53.77482627048933,0.0
TOSTADA-G_011_jpg.rf.9ccdeb5753c9cd5d19a9f9b7f930b630_r2c2.jpg,FN,-1,5,0.0,2377,0,27.394505367542465,0.0
TOSTADA-G_011_jpg.rf.9ccdeb5753c9cd5d19a9f9b7f930b630_r2c2.jpg,FN,-1,6,0.0,3858,0,44.46276891374793,0.0
TOSTADA-G_011_jpg.rf.9ccdeb5753c9cd5d19a9f9b7f930b630_r2c2.jpg,FN,-1,7,0.0,4692,0,54.074471680483484,0.0
TOSTADA-G_011_jpg.rf.9ccdeb5753c9cd5d19a9f9b7f930b630_r2c2.jpg,FN,-1,12,0.0,13079,0,150.7331660505208,0.0
TOSTADA-G_011_jpg.rf.9ccdeb5753c9cd5d19a9f9b7f930b630_r2c2.jpg,FN,-1,13,0.0,14847,0,171.10905393012325,0.0
TOSTADA-G_011_jpg.rf.9ccdeb5753c9cd5d19a9f9b7f930b630_r2c2.jpg,FN,-1,15,0.0,1635,0,18.843086359247764,0.0
TOSTADA-G_011_jpg.rf.9ccdeb5753c9cd5d19a9f9b7f930b630_r2c2.jpg,FN,-1,18,0.0,2597,0,29.92996652903146,0.0
TOSTADA-G_011_jpg.rf.9ccdeb5753c9cd5d19a9f9b7f930b630_r2c2.jpg,FN,-1,19,0.0,22400,0,258.156045533425,0.0
TP-D_001_jpg.rf.a759b345b354228cb1ebf83b7e7c1c88_r0c0.jpg,TP,3,16,0.8777263714474554,2756,2926,31.762413459380326,33.72163344780364
TP-D_001_jpg.rf.a759b345b354228cb1ebf83b7e7c1c88_r0c0.jpg,TP,2,9,0.8687464265294454,26054,26241,300.26775046106496,302.4228924483306
TP-D_001_jpg.rf.a759b345b354228cb1ebf83b7e7c1c88_r0c0.jpg,TP,9,1,0.8422054236929746,17483,17366,201.48848857414595,200.14008422917226
TP-D_001_jpg.rf.a759b345b354228cb1ebf83b7e7c1c88_r0c0.jpg,TP,5,4,0.8379974168153023,15713,14171,181.08955104762086,163.31827327027526
TP-D_001_jpg.rf.a759b345b354228cb1ebf83b7e7c1c88_r0c0.jpg,TP,0,5,0.8060535955272797,4937,4431,56.89805342850532,51.06649275708063
TP-D_001_jpg.rf.a759b345b354228cb1ebf83b7e7c1c88_r0c0.jpg,TP,8,0,0.7989774415310741,28432,23643,327.67378065206873,272.48140109583784
TP-D_001_jpg.rf.a759b345b354228cb1ebf83b7e7c1c88_r0c0.jpg,TP,6,7,0.7756990131578947,4560,4077,52.55319498359009,46.98670525177561
TP-D_001_jpg.rf.a759b345b354228cb1ebf83b7e7c1c88_r0c0.jpg,TP,1,6,0.7732876712328767,5256,5100,60.57447211266437,58.77659965269944
TP-D_001_jpg.rf.a759b345b354228cb1ebf83b7e7c1c88_r0c0.jpg,TP,7,15,0.7672837174159426,2278,2400,26.25354784487242,27.659576307152676
TP-D_001_jpg.rf.a759b345b354228cb1ebf83b7e7c1c88_r0c0.jpg,TP,4,8,0.7671694764862467,8870,11046,102.22518410185177,127.3031999536702
TP-D_001_jpg.rf.a759b345b354228cb1ebf83b7e7c1c88_r0c0.jpg,TP,10,14,0.6387176325524044,1589,1069,18.312944480027337,12.320036280144254
TP-D_001_jpg.rf.a759b345b354228cb1ebf83b7e7c1c88_r0c0.jpg,FP,11,-1,0.0,0,19930,0.0,229.68973158398038
TP-D_001_jpg.rf.a759b345b354228cb1ebf83b7e7c1c88_r0c0.jpg,FN,-1,2,0.0,1217,0,14.02571015241867,0.0
TP-D_001_jpg.rf.a759b345b354228cb1ebf83b7e7c1c88_r0c0.jpg,FN,-1,3,0.0,1118,0,12.884752629748622,0.0
TP-D_001_jpg.rf.a759b345b354228cb1ebf83b7e7c1c88_r0c0.jpg,FN,-1,10,0.0,2450,0,28.23581748021836,0.0
TP-D_001_jpg.rf.a759b345b354228cb1ebf83b7e7c1c88_r0c0.jpg,FN,-1,11,0.0,13587,0,156.5877763688681,0.0
TP-D_001_jpg.rf.a759b345b354228cb1ebf83b7e7c1c88_r0c0.jpg,FN,-1,12,0.0,907,0,10.45301487941145,0.0
TP-D_001_jpg.rf.a759b345b354228cb1ebf83b7e7c1c88_r0c0.jpg,FN,-1,13,0.0,3077,0,35.461881790461995,0.0
TP-D_001_jpg.rf.a759b345b354228cb1ebf83b7e7c1c88_r0c1.jpg,TP,4,13,0.8706896551724138,11014,9601,126.93440560290817,110.64983005207202
TP-D_001_jpg.rf.a759b345b354228cb1ebf83b7e7c1c88_r0c1.jpg,TP,1,18,0.8403204272363151,17635,16825,203.24026174026562,193.9051547366016
TP-D_001_jpg.rf.a759b345b354228cb1ebf83b7e7c1c88_r0c1.jpg,TP,3,1,0.8347934918648311,6891,6303,79.41755847191213,72.64096227665972
TP-D_001_jpg.rf.a759b345b354228cb1ebf83b7e7c1c88_r0c1.jpg,TP,6,0,0.815336864950643,40352,37437,465.049676310927,431.45481592119785
TP-D_001_jpg.rf.a759b345b354228cb1ebf83b7e7c1c88_r0c1.jpg,TP,2,16,0.813193025177197,21310,20388,245.59398796059315,234.968100729262
TP-D_001_jpg.rf.a759b345b354228cb1ebf83b7e7c1c88_r0c1.jpg,TP,14,9,0.8041911703801872,11820,9962,136.22341331272693,114.81029132160624
TP-D_001_jpg.rf.a759b345b354228cb1ebf83b7e7c1c88_r0c1.jpg,TP,0,5,0.8019393754294877,12859,10741,148.1977048890318,123.78812879796955
TP-D_001_jpg.rf.a759b345b354228cb1ebf83b7e7c1c88_r0c1.jpg,TP,16,11,0.7482383087764254,4583,3604,52.8182659232003,41.53546375457427
TP-D_001_jpg.rf.a759b345b354228cb1ebf83b7e7c1c88_r0c1.jpg,TP,7,14,0.7372262773722628,5778,4694,66.59042995947007,54.09752132740611
TP-D_001_jpg.rf.a759b345b354228cb1ebf83b7e7c1c88_r0c1.jpg,TP,15,8,0.7311452513966481,1400,1079,16.134752845839063,12.435284514757392
TP-D_001_jpg.rf.a759b345b354228cb1ebf83b7e7c1c88_r0c1.jpg,TP,11,6,0.7003194888178914,1386,1275,15.97340531738067,14.69414991317486
TP-D_001_jpg.rf.a759b345b354228cb1ebf83b7e7c1c88_r0c1.jpg,TP,18,7,0.6779342723004694,2129,1445,24.536349149136687,16.653369901598175
TP-D_001_jpg.rf.a759b345b354228cb1ebf83b7e7c1c88_r0c1.jpg,TP,10,12,0.6472612990122718,13175,8839,151.8395491028069,101.86791457455105
TP-D_001_jpg.rf.a759b345b354228cb1ebf83b7e7c1c88_r0c1.jpg,TP,20,3,0.5725355144210074,2295,1358,26.44946984371475,15.65071026046389
TP-D_001_jpg.rf.a759b345b354228cb1ebf83b7e7c1c88_r0c1.jpg,FP,5,-1,0.0,0,7666,0.0,88.34929665443018
TP-D_001_jpg.rf.a759b345b354228cb1ebf83b7e7c1c88_r0c1.jpg,FP,8,-1,0.0,0,1153,0.0,13.288121450894598
TP-D_001_jpg.rf.a759b345b354228cb1ebf83b7e7c1c88_r0c1.jpg,FP,9,-1,0.0,0,6878,0.0,79.26773576691505
TP-D_001_jpg.rf.a759b345b354228cb1ebf83b7e7c1c88_r0c1.jpg,FP,12,-1,0.0,0,4168,0.0,48.03546418675515
TP-D_001_jpg.rf.a759b345b354228cb1ebf83b7e7c1c88_r0c1.jpg,FP,13,-1,0.0,0,3638,0.0,41.92730775225893
TP-D_001_jpg.rf.a759b345b354228cb1ebf83b7e7c1c88_r0c1.jpg,FP,17,-1,0.0,0,2669,0.0,30.75975381824604
TP-D_001_jpg.rf.a759b345b354228cb1ebf83b7e7c1c88_r0c1.jpg,FP,19,-1,0.0,0,4344,0.0,50.063833115946345
TP-D_001_jpg.rf.a759b345b354228cb1ebf83b7e7c1c88_r0c1.jpg,FN,-1,2,0.0,1801,0,20.756207053825822,0.0
TP-D_001_jpg.rf.a759b345b354228cb1ebf83b7e7c1c88_r0c1.jpg,FN,-1,4,0.0,26024,0,299.9220057572255,0.0
TP-D_001_jpg.rf.a759b345b354228cb1ebf83b7e7c1c88_r0c1.jpg,FN,-1,10,0.0,12386,0,142.74646339183045,0.0
TP-D_001_jpg.rf.a759b345b354228cb1ebf83b7e7c1c88_r0c1.jpg,FN,-1,15,0.0,3092,0,35.6347541423817,0.0
TP-D_001_jpg.rf.a759b345b354228cb1ebf83b7e7c1c88_r0c1.jpg,FN,-1,17,0.0,7169,0,82.62145939415731,0.0
TP-D_001_jpg.rf.a759b345b354228cb1ebf83b7e7c1c88_r0c1.jpg,FN,-1,19,0.0,2452,0,28.258867127140984,0.0
TP-D_001_jpg.rf.a759b345b354228cb1ebf83b7e7c1c88_r0c2.jpg,TP,2,7,0.8939008894536213,19684,19069,226.85462501249722,219.76685858378934
TP-D_001_jpg.rf.a759b345b354228cb1ebf83b7e7c1c88_r0c2.jpg,TP,4,3,0.8849473648580036,27748,27939,319.7908014045302,321.99204268564114
TP-D_001_jpg.rf.a759b345b354228cb1ebf83b7e7c1c88_r0c2.jpg,TP,3,2,0.8560186013235557,5299,5078,61.07003952150085,58.52305353655054
TP-D_001_jpg.rf.a759b345b354228cb1ebf83b7e7c1c88_r0c2.jpg,TP,1,10,0.8478466884279247,18846,16252,217.1968229519164,187.30143089326887
TP-D_001_jpg.rf.a759b345b354228cb1ebf83b7e7c1c88_r0c2.jpg,TP,9,4,0.8463644140290847,10995,10589,126.7154339571432,122.03635563184987
TP-D_001_jpg.rf.a759b345b354228cb1ebf83b7e7c1c88_r0c2.jpg,TP,8,5,0.8441777928004056,5412,5500,62.37234457262929,63.38652903722489
TP-D_001_jpg.rf.a759b345b354228cb1ebf83b7e7c1c88_r0c2.jpg,TP,23,23,0.8347679854064531,32936,31435,379.5815855218253,362.2828255063935
TP-D_001_jpg.rf.a759b345b354228cb1ebf83b7e7c1c88_r0c2.jpg,TP,5,1,0.8251226274258904,4341,4217,50.02925864556241,48.60018053635952
TP-D_001_jpg.rf.a759b345b354228cb1ebf83b7e7c1c88_r0c2.jpg,TP,16,12,0.809719175076788,43823,38664,505.0523385451466,445.59577430822964
TP-D_001_jpg.rf.a759b345b354228cb1ebf83b7e7c1c88_r0c2.jpg,TP,17,8,0.8071470761961016,3074,3045,35.42730732007806,35.09308743969996
TP-D_001_jpg.rf.a759b345b354228cb1ebf83b7e7c1c88_r0c2.jpg,TP,0,17,0.7823818293431553,5971,5643,68.8147208875036,65.03457879219273
TP-D_001_jpg.rf.a759b345b354228cb1ebf83b7e7c1c88_r0c2.jpg,TP,24,25,0.758640099065631,8841,6781,101.89096422147368,78.14982789116763
TP-D_001_jpg.rf.a759b345b354228cb1ebf83b7e7c1c88_r0c2.jpg,TP,6,22,0.7479163390470199,5034,6081,58.01596130425274,70.0824514682481
TP-D_001_jpg.rf.a759b345b354228cb1ebf83b7e7c1c88_r0c2.jpg,TP,10,21,0.7438804173354735,9834,7549,113.3351139185581,87.00089230945649
TP-D_001_jpg.rf.a759b345b354228cb1ebf83b7e7c1c88_r0c2.jpg,TP,15,18,0.7258573117855736,4896,3861,56.425535666591465,44.497343384131874
TP-D_001_jpg.rf.a759b345b354228cb1ebf83b7e7c1c88_r0c2.jpg,TP,14,0,0.7064088793412102,7421,6877,85.52571490640834,79.25621094345374
TP-D_001_jpg.rf.a759b345b354228cb1ebf83b7e7c1c88_r0c2.jpg,TP,20,24,0.6745098039215687,762,946,8.781915477520975,10.90248299440268
TP-D_001_jpg.rf.a759b345b354228cb1ebf83b7e7c1c88_r0c2.jpg,TP,7,11,0.6441977266719535,7436,5004,85.69858725832805,57.67021660041333
TP-D_001_jpg.rf.a759b345b354228cb1ebf83b7e7c1c88_r0c2.jpg,TP,12,20,0.612617220801364,28836,18454,332.32980933043945,212.67909215508146
TP-D_001_jpg.rf.a759b345b354228cb1ebf83b7e7c1c88_r0c2.jpg,TP,11,19,0.5675743262017227,31974,24443,368.49470535204154,281.7012598648887
TP-D_001_jpg.rf.a759b345b354228cb1ebf83b7e7c1c88_r0c2.jpg,TP,18,16,0.5577758470894874,2302,1284,26.530143607943945,14.797873324326682
TP-D_001_jpg.rf.a759b345b354228cb1ebf83b7e7c1c88_r0c2.jpg,TP,21,15,0.5376275510204082,3136,1686,36.1418463746795,19.430852355774757
TP-D_001_jpg.rf.a759b345b354228cb1ebf83b7e7c1c88_r0c2.jpg,FP,13,-1,0.0,0,6199,0.0,71.4423806366831
TP-D_001_jpg.rf.a759b345b354228cb1ebf83b7e7c1c88_r0c2.jpg,FP,19,-1,0.0,0,1770,0.0,20.3989375265251
TP-D_001_jpg.rf.a759b345b354228cb1ebf83b7e7c1c88_r0c2.jpg,FP,22,-1,0.0,0,1297,0.0,14.94769602932376
TP-D_001_jpg.rf.a759b345b354228cb1ebf83b7e7c1c88_r0c2.jpg,FP,25,-1,0.0,0,1493,0.0,17.206561427741228
TP-D_001_jpg.rf.a759b345b354228cb1ebf83b7e7c1c88_r0c2.jpg,FP,26,-1,0.0,0,2255,0.0,25.988476905262203
TP-D_001_jpg.rf.a759b345b354228cb1ebf83b7e7c1c88_r0c2.jpg,FP,27,-1,0.0,0,4017,0.0,46.295215844096795
TP-D_001_jpg.rf.a759b345b354228cb1ebf83b7e7c1c88_r0c2.jpg,FN,-1,6,0.0,4576,0,52.737592158971104,0.0
TP-D_001_jpg.rf.a759b345b354228cb1ebf83b7e7c1c88_r0c2.jpg,FN,-1,9,0.0,7609,0,87.6923817171353,0.0
TP-D_001_jpg.rf.a759b345b354228cb1ebf83b7e7c1c88_r0c2.jpg,FN,-1,13,0.0,11797,0,135.95834237311672,0.0
TP-D_001_jpg.rf.a759b345b354228cb1ebf83b7e7c1c88_r0c2.jpg,FN,-1,14,0.0,1303,0,15.016844970091642,0.0
TP-D_001_jpg.rf.a759b345b354228cb1ebf83b7e7c1c88_r1c0.jpg,TP,28,21,0.9049079754601227,6441,6600,74.231387914321,76.06383484466987
TP-D_001_jpg.rf.a759b345b354228cb1ebf83b7e7c1c88_r1c0.jpg,TP,5,13,0.8721233689205219,16322,15242,188.10816853556085,175.66135919734214
TP-D_001_jpg.rf.a759b345b354228cb1ebf83b7e7c1c88_r1c0.jpg,TP,16,11,0.8619158619158619,24674,25648,284.36349408445216,295.5886721357716
TP-D_001_jpg.rf.a759b345b354228cb1ebf83b7e7c1c88_r1c0.jpg,TP,9,6,0.8597722188326216,9551,8738,110.07358887900635,100.70390740495837
TP-D_001_jpg.rf.a759b345b354228cb1ebf83b7e7c1c88_r1c0.jpg,TP,14,10,0.8508942801487516,5173,5279,59.61791176537533,60.83954305227458
TP-D_001_jpg.rf.a759b345b354228cb1ebf83b7e7c1c88_r1c0.jpg,TP,6,9,0.8474088291746641,3665,4035,42.238477985714404,46.50266266640044
TP-D_001_jpg.rf.a759b345b354228cb1ebf83b7e7c1c88_r1c0.jpg,TP,10,24,0.8407105760151086,16250,14939,187.27838124634624,172.1693376885641
TP-D_001_jpg.rf.a759b345b354228cb1ebf83b7e7c1c88_r1c0.jpg,TP,1,0,0.8308049535603715,6067,5760,69.9211039397897,66.38298313716643
TP-D_001_jpg.rf.a759b345b354228cb1ebf83b7e7c1c88_r1c0.jpg,TP,7,12,0.8252363156737744,3991,4312,45.99557043410264,49.695038765184314
TP-D_001_jpg.rf.a759b345b354228cb1ebf83b7e7c1c88_r1c0.jpg,TP,12,25,0.816556453588048,3514,3903,40.49822964305604,44.981385969507045
TP-D_001_jpg.rf.a759b345b354228cb1ebf83b7e7c1c88_r1c0.jpg,TP,8,23,0.8106682297772567,3028,3150,34.89716544085763,36.30319390313789
TP-D_001_jpg.rf.a759b345b354228cb1ebf83b7e7c1c88_r1c0.jpg,TP,23,16,0.8053303607620592,9605,8210,110.69592934591728,94.61880061738479
TP-D_001_jpg.rf.a759b345b354228cb1ebf83b7e7c1c88_r1c0.jpg,TP,3,3,0.795439302481556,14616,12154,168.44681971055982,140.07270434880567
TP-D_001_jpg.rf.a759b345b354228cb1ebf83b7e7c1c88_r1c0.jpg,TP,26,4,0.7706422018348624,5679,4936,65.44947243680002,56.886528605044006
TP-D_001_jpg.rf.a759b345b354228cb1ebf83b7e7c1c88_r1c0.jpg,TP,2,26,0.7557234941098022,3738,4161,43.0797900983903,47.95479042252595
TP-D_001_jpg.rf.a759b345b354228cb1ebf83b7e7c1c88_r1c0.jpg,TP,18,1,0.7391617197337651,5106,4562,58.84574859346732,52.57624463051272
TP-D_001_jpg.rf.a759b345b354228cb1ebf83b7e7c1c88_r1c0.jpg,TP,19,7,0.7260065453991933,12390,10288,142.7925626856757,118.56738376999448
TP-D_001_jpg.rf.a759b345b354228cb1ebf83b7e7c1c88_r1c0.jpg,TP,0,30,0.7142627173213136,12424,8874,143.18440668336035,102.27128339569703
TP-D_001_jpg.rf.a759b345b354228cb1ebf83b7e7c1c88_r1c0.jpg,TP,4,8,0.7068549776093697,5805,4105,66.90160019292554,47.309400308692396
TP-D_001_jpg.rf.a759b345b354228cb1ebf83b7e7c1c88_r1c0.jpg,TP,17,19,0.6942372881355933,1475,1024,16.999114605437583,11.801419224385143
TP-D_001_jpg.rf.a759b345b354228cb1ebf83b7e7c1c88_r1c0.jpg,TP,22,15,0.6815144766146993,3043,2242,35.070037792777335,25.838654200265125
TP-D_001_jpg.rf.a759b345b354228cb1ebf83b7e7c1c88_r1c0.jpg,TP,15,18,0.6462315182113235,2355,2210,27.140959251393564,25.46985984950309
TP-D_001_jpg.rf.a759b345b354228cb1ebf83b7e7c1c88_r1c0.jpg,TP,13,14,0.593816631130064,1875,1115,21.60904398996303,12.850178159364681
TP-D_001_jpg.rf.a759b345b354228cb1ebf83b7e7c1c88_r1c0.jpg,TP,20,2,0.5726124704025256,2504,1481,28.858157947129293,17.068263546205465
TP-D_001_jpg.rf.a759b345b354228cb1ebf83b7e7c1c88_r1c0.jpg,FP,11,-1,0.0,0,5372,0.0,61.91135163417675
TP-D_001_jpg.rf.a759b345b354228cb1ebf83b7e7c1c88_r1c0.jpg,FP,21,-1,0.0,0,1684,0.0,19.407802708852127
TP-D_001_jpg.rf.a759b345b354228cb1ebf83b7e7c1c88_r1c0.jpg,FP,24,-1,0.0,0,13824,0.0,159.31915952919942
TP-D_001_jpg.rf.a759b345b354228cb1ebf83b7e7c1c88_r1c0.jpg,FP,25,-1,0.0,0,3529,0.0,40.67110199497575
TP-D_001_jpg.rf.a759b345b354228cb1ebf83b7e7c1c88_r1c0.jpg,FP,27,-1,0.0,0,4188,0.0,48.265960655981424
TP-D_001_jpg.rf.a759b345b354228cb1ebf83b7e7c1c88_r1c0.jpg,FN,-1,5,0.0,4115,0,47.42464854330553,0.0
TP-D_001_jpg.rf.a759b345b354228cb1ebf83b7e7c1c88_r1c0.jpg,FN,-1,17,0.0,3625,0,41.777485047261855,0.0
TP-D_001_jpg.rf.a759b345b354228cb1ebf83b7e7c1c88_r1c0.jpg,FN,-1,20,0.0,12190,0,140.48759799341298,0.0
TP-D_001_jpg.rf.a759b345b354228cb1ebf83b7e7c1c88_r1c0.jpg,FN,-1,22,0.0,4225,0,48.69237912405003,0.0
TP-D_001_jpg.rf.a759b345b354228cb1ebf83b7e7c1c88_r1c0.jpg,FN,-1,27,0.0,24924,0,287.24469994978057,0.0
TP-D_001_jpg.rf.a759b345b354228cb1ebf83b7e7c1c88_r1c0.jpg,FN,-1,28,0.0,1331,0,15.339540027008423,0.0
TP-D_001_jpg.rf.a759b345b354228cb1ebf83b7e7c1c88_r1c0.jpg,FN,-1,29,0.0,3025,0,34.86259097047369,0.0
TP-D_001_jpg.rf.a759b345b354228cb1ebf83b7e7c1c88_r1c1.jpg,TP,9,4,0.8716497915425848,3025,3260,34.86259097047369,37.570924483882386
TP-D_001_jpg.rf.a759b345b354228cb1ebf83b7e7c1c88_r1c1.jpg,TP,4,6,0.8707244815513062,3607,3339,41.57003822495821,38.48138553732616
TP-D_001_jpg.rf.a759b345b354228cb1ebf83b7e7c1c88_r1c1.jpg,TP,0,7,0.863155712212316,4603,4383,53.048762392426575,50.51330123093758
TP-D_001_jpg.rf.a759b345b354228cb1ebf83b7e7c1c88_r1c1.jpg,TP,12,11,0.823728813559322,6739,5635,77.66578530579245,64.94238020450223
TP-D_001_jpg.rf.a759b345b354228cb1ebf83b7e7c1c88_r1c1.jpg,TP,10,16,0.8196479133325126,7150,7631,82.40248774839235,87.9459278332842
TP-D_001_jpg.rf.a759b345b354228cb1ebf83b7e7c1c88_r1c1.jpg,TP,6,8,0.8157527881040892,4224,3591,48.68085430058871,41.385641049577195
TP-D_001_jpg.rf.a759b345b354228cb1ebf83b7e7c1c88_r1c1.jpg,TP,13,14,0.8068965517241379,3950,3386,45.52305267218878,39.0230522400079
TP-D_001_jpg.rf.a759b345b354228cb1ebf83b7e7c1c88_r1c1.jpg,TP,5,5,0.7942487739634418,4134,3915,47.64362018907049,45.11968385104281
TP-D_001_jpg.rf.a759b345b354228cb1ebf83b7e7c1c88_r1c1.jpg,TP,15,19,0.7840091376356367,7719,7900,88.9601122978798,91.04610534437757
TP-D_001_jpg.rf.a759b345b354228cb1ebf83b7e7c1c88_r1c1.jpg,TP,3,10,0.7750310945273632,5744,5673,66.19858596178541,65.38032349603215
TP-D_001_jpg.rf.a759b345b354228cb1ebf83b7e7c1c88_r1c1.jpg,TP,1,0,0.7482577158298962,6536,5756,75.3262461431458,66.33688384332117
TP-D_001_jpg.rf.a759b345b354228cb1ebf83b7e7c1c88_r1c1.jpg,TP,18,1,0.7448320413436692,1350,1351,15.558511672773381,15.570036496234694
TP-D_001_jpg.rf.a759b345b354228cb1ebf83b7e7c1c88_r1c1.jpg,TP,2,18,0.727538543328017,7500,5498,86.43617595985212,63.36347939030226
TP-D_001_jpg.rf.a759b345b354228cb1ebf83b7e7c1c88_r1c1.jpg,TP,14,20,0.7172387635122321,5171,3884,59.59486211845271,44.762414323742085
TP-D_001_jpg.rf.a759b345b354228cb1ebf83b7e7c1c88_r1c1.jpg,TP,11,3,0.6845173041894353,3813,5435,43.944151857988814,62.6374155122395
TP-D_001_jpg.rf.a759b345b354228cb1ebf83b7e7c1c88_r1c1.jpg,TP,7,22,0.6697000337040782,5929,3979,68.33067830212843,45.857272552566876
TP-D_001_jpg.rf.a759b345b354228cb1ebf83b7e7c1c88_r1c1.jpg,TP,20,9,0.6284927194018103,1741,2397,20.064717646147006,27.625001836768735
TP-D_001_jpg.rf.a759b345b354228cb1ebf83b7e7c1c88_r1c1.jpg,TP,19,23,0.5981389309673231,4621,2764,53.25620921473022,31.854612047070834
TP-D_001_jpg.rf.a759b345b354228cb1ebf83b7e7c1c88_r1c1.jpg,TP,16,17,0.5088418430884184,11696,6478,134.79433520352404,74.65780638238961
TP-D_001_jpg.rf.a759b345b354228cb1ebf83b7e7c1c88_r1c1.jpg,FP,8,-1,0.0,0,5717,0.0,65.88741572832994
TP-D_001_jpg.rf.a759b345b354228cb1ebf83b7e7c1c88_r1c1.jpg,FP,17,-1,0.0,0,14085,0.0,162.32713845260227
TP-D_001_jpg.rf.a759b345b354228cb1ebf83b7e7c1c88_r1c1.jpg,FP,21,-1,0.0,0,4854,0.0,55.941493081216294
TP-D_001_jpg.rf.a759b345b354228cb1ebf83b7e7c1c88_r1c1.jpg,FN,-1,2,0.0,1223,0,14.094859093186551,0.0
TP-D_001_jpg.rf.a759b345b354228cb1ebf83b7e7c1c88_r1c1.jpg,FN,-1,12,0.0,6816,0,78.5531967123136,0.0
TP-D_001_jpg.rf.a759b345b354228cb1ebf83b7e7c1c88_r1c1.jpg,FN,-1,13,0.0,1759,0,20.27216446845065,0.0
TP-D_001_jpg.rf.a759b345b354228cb1ebf83b7e7c1c88_r1c1.jpg,FN,-1,15,0.0,11927,0,137.4565694230875,0.0
TP-D_001_jpg.rf.a759b345b354228cb1ebf83b7e7c1c88_r1c1.jpg,FN,-1,21,0.0,7149,0,82.39096292493105,0.0
TP-D_001_jpg.rf.a759b345b354228cb1ebf83b7e7c1c88_r1c2.jpg,TP,15,22,0.8843254484013517,3574,3675,41.189719050734865,42.35372622032754
TP-D_001_jpg.rf.a759b345b354228cb1ebf83b7e7c1c88_r1c2.jpg,TP,5,17,0.847712710475339,5938,6462,68.43440171328025,74.47340920700859
TP-D_001_jpg.rf.a759b345b354228cb1ebf83b7e7c1c88_r1c2.jpg,TP,7,19,0.8138827433628318,3240,3319,37.34042801465611,38.25088906809989
TP-D_001_jpg.rf.a759b345b354228cb1ebf83b7e7c1c88_r1c2.jpg,TP,12,7,0.8130997079682937,4335,4357,49.960109704794526,50.21365582094342
TP-D_001_jpg.rf.a759b345b354228cb1ebf83b7e7c1c88_r1c2.jpg,TP,4,18,0.8092025509935171,17816,16510,205.32625478676337,190.2748353462878
TP-D_001_jpg.rf.a759b345b354228cb1ebf83b7e7c1c88_r1c2.jpg,TP,2,12,0.8047575718185364,7036,6848,81.0886578738026,78.92199106307564
TP-D_001_jpg.rf.a759b345b354228cb1ebf83b7e7c1c88_r1c2.jpg,TP,1,11,0.8024442846872754,13170,11902,151.78192498550032,137.16844883655466
TP-D_001_jpg.rf.a759b345b354228cb1ebf83b7e7c1c88_r1c2.jpg,TP,18,21,0.8016167795499235,12939,11799,149.11969076593687,135.98139202003935
TP-D_001_jpg.rf.a759b345b354228cb1ebf83b7e7c1c88_r1c2.jpg,TP,20,23,0.7946927374301676,16665,19315,192.0611829827914,222.6019651552725
TP-D_001_jpg.rf.a759b345b354228cb1ebf83b7e7c1c88_r1c2.jpg,TP,0,5,0.772452440642973,5848,6171,67.39716760176202,71.11968557976633
TP-D_001_jpg.rf.a759b345b354228cb1ebf83b7e7c1c88_r1c2.jpg,TP,16,4,0.7644927536231884,2730,3114,31.46276804938617,35.8883002585306
TP-D_001_jpg.rf.a759b345b354228cb1ebf83b7e7c1c88_r1c2.jpg,TP,8,2,0.7641569459172852,4542,3776,52.345748161286444,43.51773338992021
TP-D_001_jpg.rf.a759b345b354228cb1ebf83b7e7c1c88_r1c2.jpg,TP,9,15,0.7511911064055056,1822,1486,20.998228346513407,17.12588766351203
TP-D_001_jpg.rf.a759b345b354228cb1ebf83b7e7c1c88_r1c2.jpg,TP,6,6,0.7390575916230366,4195,4109,48.34663442021062,47.35549960253765
TP-D_001_jpg.rf.a759b345b354228cb1ebf83b7e7c1c88_r1c2.jpg,TP,10,14,0.7045560421131091,10314,7981,118.86702917998863,91.97961604474396
TP-D_001_jpg.rf.a759b345b354228cb1ebf83b7e7c1c88_r1c2.jpg,TP,17,0,0.6927013196875842,16809,14616,193.72075756122058,168.44681971055982
TP-D_001_jpg.rf.a759b345b354228cb1ebf83b7e7c1c88_r1c2.jpg,TP,11,10,0.660329237189891,3218,3943,37.086881898507215,45.442378907959586
TP-D_001_jpg.rf.a759b345b354228cb1ebf83b7e7c1c88_r1c2.jpg,TP,19,8,0.6494307400379506,2084,1393,24.017732093377575,16.054079081609867
TP-D_001_jpg.rf.a759b345b354228cb1ebf83b7e7c1c88_r1c2.jpg,TP,14,1,0.6477294685990338,5101,3426,58.78812447616075,39.48404517846045
TP-D_001_jpg.rf.a759b345b354228cb1ebf83b7e7c1c88_r1c2.jpg,TP,22,13,0.5790168337694214,38766,29427,446.77130630128363,339.14097999607577
TP-D_001_jpg.rf.a759b345b354228cb1ebf83b7e7c1c88_r1c2.jpg,TP,3,3,0.5574928603637457,6501,3861,74.92287732199982,44.497343384131874
TP-D_001_jpg.rf.a759b345b354228cb1ebf83b7e7c1c88_r1c2.jpg,FP,13,-1,0.0,0,2880,0.0,33.19149156858322
TP-D_001_jpg.rf.a759b345b354228cb1ebf83b7e7c1c88_r1c2.jpg,FP,21,-1,0.0,0,3589,0.0,41.362591402654566
TP-D_001_jpg.rf.a759b345b354228cb1ebf83b7e7c1c88_r1c2.jpg,FP,23,-1,0.0,0,5648,0.0,65.0922029094993
TP-D_001_jpg.rf.a759b345b354228cb1ebf83b7e7c1c88_r1c2.jpg,FN,-1,9,0.0,7403,0,85.3182680841047,0.0
TP-D_001_jpg.rf.a759b345b354228cb1ebf83b7e7c1c88_r1c2.jpg,FN,-1,16,0.0,1373,0,15.823582612383595,0.0
TP-D_001_jpg.rf.a759b345b354228cb1ebf83b7e7c1c88_r1c2.jpg,FN,-1,20,0.0,1391,0,16.03102943468724,0.0
TP-D_001_jpg.rf.a759b345b354228cb1ebf83b7e7c1c88_r2c0.jpg,TP,5,4,0.891841829749537,11787,11704,135.8430941385036,134.88653379121456
TP-D_001_jpg.rf.a759b345b354228cb1ebf83b7e7c1c88_r2c0.jpg,TP,0,16,0.8543128353281056,11766,10699,135.601072845816,123.30408621259437
TP-D_001_jpg.rf.a759b345b354228cb1ebf83b7e7c1c88_r2c0.jpg,TP,1,17,0.8513296652911508,7693,8458,88.66046688788565,97.47695683579056
TP-D_001_jpg.rf.a759b345b354228cb1ebf83b7e7c1c88_r2c0.jpg,TP,4,0,0.8406113537117904,6078,5724,70.04787699786415,65.96808949255913
TP-D_001_jpg.rf.a759b345b354228cb1ebf83b7e7c1c88_r2c0.jpg,TP,14,19,0.8368580060422961,10284,10388,118.52128447614922,119.71986611612584
TP-D_001_jpg.rf.a759b345b354228cb1ebf83b7e7c1c88_r2c0.jpg,TP,8,10,0.8343366429520757,12074,11389,139.1507184719006,131.25621440090077
TP-D_001_jpg.rf.a759b345b354228cb1ebf83b7e7c1c88_r2c0.jpg,TP,19,23,0.8333743366253119,27137,25028,312.7491342696676,288.4432815897572
TP-D_001_jpg.rf.a759b345b354228cb1ebf83b7e7c1c88_r2c0.jpg,TP,18,3,0.8169089929994615,1733,1641,19.972519058456495,18.912235300015645
TP-D_001_jpg.rf.a759b345b354228cb1ebf83b7e7c1c88_r2c0.jpg,TP,6,6,0.8129307968017645,7065,6086,81.42287775418069,70.14007558555467
TP-D_001_jpg.rf.a759b345b354228cb1ebf83b7e7c1c88_r2c0.jpg,TP,2,8,0.8122043519394513,8735,10420,100.66933293457443,120.08866046688787
TP-D_001_jpg.rf.a759b345b354228cb1ebf83b7e7c1c88_r2c0.jpg,TP,10,13,0.8113134444013949,2286,2389,26.345746432562926,27.532803249078228
TP-D_001_jpg.rf.a759b345b354228cb1ebf83b7e7c1c88_r2c0.jpg,TP,16,12,0.8002190580503834,8245,8191,95.02216943853077,94.39982897161983
TP-D_001_jpg.rf.a759b345b354228cb1ebf83b7e7c1c88_r2c0.jpg,TP,7,18,0.7948497854077253,2278,1904,26.25354784487242,21.943263870341124
TP-D_001_jpg.rf.a759b345b354228cb1ebf83b7e7c1c88_r2c0.jpg,TP,12,5,0.7917660003667706,9487,10054,109.33600017748228,115.87057508004709
TP-D_001_jpg.rf.a759b345b354228cb1ebf83b7e7c1c88_r2c0.jpg,TP,23,20,0.789598108747045,1260,1011,14.521277561255156,11.651596519388066
TP-D_001_jpg.rf.a759b345b354228cb1ebf83b7e7c1c88_r2c0.jpg,TP,13,14,0.7513601741022851,3661,2777,42.192378691869145,32.00443475206791
TP-D_001_jpg.rf.a759b345b354228cb1ebf83b7e7c1c88_r2c0.jpg,TP,24,22,0.7497872340425532,1056,1000,12.170213575147178,11.524823461313616
TP-D_001_jpg.rf.a759b345b354228cb1ebf83b7e7c1c88_r2c0.jpg,TP,3,21,0.735969387755102,4042,5485,46.583336430629636,63.21365668530518
TP-D_001_jpg.rf.a759b345b354228cb1ebf83b7e7c1c88_r2c0.jpg,TP,9,7,0.7349235356352795,10252,7786,118.15249012538719,89.73227546978781
TP-D_001_jpg.rf.a759b345b354228cb1ebf83b7e7c1c88_r2c0.jpg,TP,21,1,0.6904761904761905,1754,1299,20.21454035114408,14.970745676246388
TP-D_001_jpg.rf.a759b345b354228cb1ebf83b7e7c1c88_r2c0.jpg,TP,20,15,0.6566440349175557,3093,2031,35.64627896584302,23.406916449927955
TP-D_001_jpg.rf.a759b345b354228cb1ebf83b7e7c1c88_r2c0.jpg,TP,11,2,0.630690161527166,2110,2332,24.31737750337173,26.875888311783353
TP-D_001_jpg.rf.a759b345b354228cb1ebf83b7e7c1c88_r2c0.jpg,FP,15,-1,0.0,0,3216,0.0,37.063832251584586
TP-D_001_jpg.rf.a759b345b354228cb1ebf83b7e7c1c88_r2c0.jpg,FP,17,-1,0.0,0,1588,0.0,18.301419656566022
TP-D_001_jpg.rf.a759b345b354228cb1ebf83b7e7c1c88_r2c0.jpg,FP,22,-1,0.0,0,11231,0.0,129.4352922940132
TP-D_001_jpg.rf.a759b345b354228cb1ebf83b7e7c1c88_r2c0.jpg,FP,25,-1,0.0,0,3701,0.0,42.65337163032169
TP-D_001_jpg.rf.a759b345b354228cb1ebf83b7e7c1c88_r2c0.jpg,FN,-1,9,0.0,14868,0,171.35107522281083,0.0
TP-D_001_jpg.rf.a759b345b354228cb1ebf83b7e7c1c88_r2c0.jpg,FN,-1,11,0.0,3314,0,38.19326495079332,0.0
TP-D_001_jpg.rf.a759b345b354228cb1ebf83b7e7c1c88_r2c1.jpg,TP,8,14,0.8704288939051918,4100,4186,47.25177619138582,48.242911009058794
TP-D_001_jpg.rf.a759b345b354228cb1ebf83b7e7c1c88_r2c1.jpg,TP,13,4,0.8456517372966459,9164,9215,105.61348219947797,106.20124819600497
TP-D_001_jpg.rf.a759b345b354228cb1ebf83b7e7c1c88_r2c1.jpg,TP,4,2,0.8246808510638298,5819,4901,67.06294772138394,56.48315978389803
TP-D_001_jpg.rf.a759b345b354228cb1ebf83b7e7c1c88_r2c1.jpg,TP,1,13,0.8243438727009713,4793,4035,55.23847885007616,46.50266266640044
TP-D_001_jpg.rf.a759b345b354228cb1ebf83b7e7c1c88_r2c1.jpg,TP,2,11,0.8218917516859762,4901,5635,56.48315978389803,64.94238020450223
TP-D_001_jpg.rf.a759b345b354228cb1ebf83b7e7c1c88_r2c1.jpg,TP,5,7,0.7924263674614306,6335,5167,73.00975662742175,59.54876282460745
TP-D_001_jpg.rf.a759b345b354228cb1ebf83b7e7c1c88_r2c1.jpg,TP,14,17,0.7834810232402608,5436,5231,62.648940335700814,60.286351526131526
TP-D_001_jpg.rf.a759b345b354228cb1ebf83b7e7c1c88_r2c1.jpg,TP,15,21,0.7794818652849741,4750,3836,54.74291144123968,44.20922279759903
TP-D_001_jpg.rf.a759b345b354228cb1ebf83b7e7c1c88_r2c1.jpg,TP,7,18,0.7673611111111112,3539,3078,40.786350229588884,35.47340661392331
TP-D_001_jpg.rf.a759b345b354228cb1ebf83b7e7c1c88_r2c1.jpg,TP,16,15,0.7660098522167488,2899,3554,33.41046321434817,40.95922258150859
TP-D_001_jpg.rf.a759b345b354228cb1ebf83b7e7c1c88_r2c1.jpg,TP,3,16,0.7532333160889808,5749,4418,66.25621007909197,50.91667005208355
TP-D_001_jpg.rf.a759b345b354228cb1ebf83b7e7c1c88_r2c1.jpg,TP,6,3,0.751414204902577,3071,2502,35.39273284969411,28.835108300206667
TP-D_001_jpg.rf.a759b345b354228cb1ebf83b7e7c1c88_r2c1.jpg,TP,0,6,0.6804955344281187,6933,4733,79.9016010572873,54.54698944239734
TP-D_001_jpg.rf.a759b345b354228cb1ebf83b7e7c1c88_r2c1.jpg,TP,10,5,0.6150353178607467,1922,1279,22.15071069264477,14.740249207020115
TP-D_001_jpg.rf.a759b345b354228cb1ebf83b7e7c1c88_r2c1.jpg,TP,12,12,0.5943156826256133,4949,4475,57.036351310041084,51.57358498937843
TP-D_001_jpg.rf.a759b345b354228cb1ebf83b7e7c1c88_r2c1.jpg,TP,11,10,0.5047454702329595,2146,1342,24.73227114797902,15.466313085082872
TP-D_001_jpg.rf.a759b345b354228cb1ebf83b7e7c1c88_r2c1.jpg,FP,9,-1,0.0,0,756,0.0,8.712766536753094
TP-D_001_jpg.rf.a759b345b354228cb1ebf83b7e7c1c88_r2c1.jpg,FN,-1,0,0.0,1480,0,17.05673872274415,0.0
TP-D_001_jpg.rf.a759b345b354228cb1ebf83b7e7c1c88_r2c1.jpg,FN,-1,1,0.0,2424,0,27.936172070224206,0.0
TP-D_001_jpg.rf.a759b345b354228cb1ebf83b7e7c1c88_r2c1.jpg,FN,-1,8,0.0,12008,0,138.39008012345388,0.0
TP-D_001_jpg.rf.a759b345b354228cb1ebf83b7e7c1c88_r2c1.jpg,FN,-1,9,0.0,6808,0,78.4609981246231,0.0
TP-D_001_jpg.rf.a759b345b354228cb1ebf83b7e7c1c88_r2c1.jpg,FN,-1,19,0.0,7816,0,90.07802017362722,0.0
TP-D_001_jpg.rf.a759b345b354228cb1ebf83b7e7c1c88_r2c1.jpg,FN,-1,20,0.0,2511,0,28.93883171135849,0.0
TP-D_001_jpg.rf.a759b345b354228cb1ebf83b7e7c1c88_r2c1.jpg,FN,-1,22,0.0,1522,0,17.540781308119325,0.0
TP-D_001_jpg.rf.a759b345b354228cb1ebf83b7e7c1c88_r2c1.jpg,FN,-1,23,0.0,2098,0,24.179079621835967,0.0
TP-D_001_jpg.rf.a759b345b354228cb1ebf83b7e7c1c88_r2c2.jpg,TP,1,1,0.8866481223922114,6731,6834,77.57358671810195,78.76064353461724
TP-D_001_jpg.rf.a759b345b354228cb1ebf83b7e7c1c88_r2c2.jpg,TP,6,9,0.8717905405405405,5571,5510,64.20479150297815,63.50177727183802
TP-D_001_jpg.rf.a759b345b354228cb1ebf83b7e7c1c88_r2c2.jpg,TP,5,18,0.8681138867677539,17610,16640,202.95214115373278,191.77306239625858
TP-D_001_jpg.rf.a759b345b354228cb1ebf83b7e7c1c88_r2c2.jpg,TP,2,0,0.8581593927893738,7376,8292,85.00709785064923,95.5638361412125
TP-D_001_jpg.rf.a759b345b354228cb1ebf83b7e7c1c88_r2c2.jpg,TP,0,10,0.8319082377476538,9084,8484,104.69149632257289,97.77660224578472
TP-D_001_jpg.rf.a759b345b354228cb1ebf83b7e7c1c88_r2c2.jpg,TP,13,19,0.8265934654525977,6563,7078,75.63741637660127,81.57270045917777
TP-D_001_jpg.rf.a759b345b354228cb1ebf83b7e7c1c88_r2c2.jpg,TP,3,3,0.812907045589106,8027,7283,92.5097579239644,83.93528926874707
TP-D_001_jpg.rf.a759b345b354228cb1ebf83b7e7c1c88_r2c2.jpg,TP,17,7,0.7956906502500962,5013,4321,57.77394001156516,49.79876217633613
TP-D_001_jpg.rf.a759b345b354228cb1ebf83b7e7c1c88_r2c2.jpg,TP,8,17,0.7530597065386436,14227,11699,163.9636633841088,134.828909673908
TP-D_001_jpg.rf.a759b345b354228cb1ebf83b7e7c1c88_r2c2.jpg,TP,14,14,0.7515486355265361,4534,5928,52.25354957359593,68.31915347866712
TP-D_001_jpg.rf.a759b345b354228cb1ebf83b7e7c1c88_r2c2.jpg,TP,7,6,0.6271765107545237,2790,1976,32.154257457064986,22.773051159555706
TP-D_001_jpg.rf.a759b345b354228cb1ebf83b7e7c1c88_r2c2.jpg,FP,4,-1,0.0,0,8228,0.0,94.82624743968843
TP-D_001_jpg.rf.a759b345b354228cb1ebf83b7e7c1c88_r2c2.jpg,FP,9,-1,0.0,0,8995,0.0,103.66578703451597
TP-D_001_jpg.rf.a759b345b354228cb1ebf83b7e7c1c88_r2c2.jpg,FP,10,-1,0.0,0,2041,0.0,23.52216468454109
TP-D_001_jpg.rf.a759b345b354228cb1ebf83b7e7c1c88_r2c2.jpg,FP,11,-1,0.0,0,2338,0.0,26.945037252551234
TP-D_001_jpg.rf.a759b345b354228cb1ebf83b7e7c1c88_r2c2.jpg,FP,12,-1,0.0,0,1535,0.0,17.6906040131164
TP-D_001_jpg.rf.a759b345b354228cb1ebf83b7e7c1c88_r2c2.jpg,FP,15,-1,0.0,0,3238,0.0,37.31737836773349
TP-D_001_jpg.rf.a759b345b354228cb1ebf83b7e7c1c88_r2c2.jpg,FP,16,-1,0.0,0,3180,0.0,36.648938606977296
TP-D_001_jpg.rf.a759b345b354228cb1ebf83b7e7c1c88_r2c2.jpg,FP,18,-1,0.0,0,1520,0.0,17.517731661196695
TP-D_001_jpg.rf.a759b345b354228cb1ebf83b7e7c1c88_r2c2.jpg,FP,19,-1,0.0,0,3552,0.0,40.93617293458596
TP-D_001_jpg.rf.a759b345b354228cb1ebf83b7e7c1c88_r2c2.jpg,FN,-1,2,0.0,7191,0,82.87500551030621,0.0
TP-D_001_jpg.rf.a759b345b354228cb1ebf83b7e7c1c88_r2c2.jpg,FN,-1,4,0.0,4543,0,52.35727298474776,0.0
TP-D_001_jpg.rf.a759b345b354228cb1ebf83b7e7c1c88_r2c2.jpg,FN,-1,5,0.0,7285,0,83.95833891566969,0.0
TP-D_001_jpg.rf.a759b345b354228cb1ebf83b7e7c1c88_r2c2.jpg,FN,-1,8,0.0,3728,0,42.96454186377716,0.0
TP-D_001_jpg.rf.a759b345b354228cb1ebf83b7e7c1c88_r2c2.jpg,FN,-1,11,0.0,13136,0,151.39008098781565,0.0
TP-D_001_jpg.rf.a759b345b354228cb1ebf83b7e7c1c88_r2c2.jpg,FN,-1,12,0.0,3555,0,40.970747404969906,0.0
TP-D_001_jpg.rf.a759b345b354228cb1ebf83b7e7c1c88_r2c2.jpg,FN,-1,13,0.0,1223,0,14.094859093186551,0.0
TP-D_001_jpg.rf.a759b345b354228cb1ebf83b7e7c1c88_r2c2.jpg,FN,-1,15,0.0,7488,0,86.29787807831636,0.0
TP-D_001_jpg.rf.a759b345b354228cb1ebf83b7e7c1c88_r2c2.jpg,FN,-1,16,0.0,13527,0,155.89628696118928,0.0
TP-D_009_jpg.rf.e8cdb11635df3be6c85d743284d8ecfb_r0c0.jpg,TP,1,16,0.9329237071172555,10983,11667,126.57713607560744,134.46011532314594
TP-D_009_jpg.rf.e8cdb11635df3be6c85d743284d8ecfb_r0c0.jpg,TP,2,17,0.9137123745819398,6906,7399,79.59043082383182,85.27216879025944
TP-D_009_jpg.rf.e8cdb11635df3be6c85d743284d8ecfb_r0c0.jpg,TP,15,30,0.9110191412312467,9056,9414,104.3688012656561,108.49468806480638
TP-D_009_jpg.rf.e8cdb11635df3be6c85d743284d8ecfb_r0c0.jpg,TP,5,1,0.910136592379583,10351,10905,119.29344764805724,125.67819984562497
TP-D_009_jpg.rf.e8cdb11635df3be6c85d743284d8ecfb_r0c0.jpg,TP,10,27,0.9069583552978387,3468,3767,39.96808776383562,43.41400997876839
TP-D_009_jpg.rf.e8cdb11635df3be6c85d743284d8ecfb_r0c0.jpg,TP,3,7,0.8706412935870641,8487,8519,97.81117671616866,98.17997106693069
TP-D_009_jpg.rf.e8cdb11635df3be6c85d743284d8ecfb_r0c0.jpg,TP,33,21,0.8676671214188267,652,717,7.514184896776477,8.263298421761862
TP-D_009_jpg.rf.e8cdb11635df3be6c85d743284d8ecfb_r0c0.jpg,TP,14,2,0.8601808439383791,5289,5820,60.95479128688771,67.07447254484525
TP-D_009_jpg.rf.e8cdb11635df3be6c85d743284d8ecfb_r0c0.jpg,TP,9,0,0.8567839195979899,5457,6367,62.8909616283884,73.3785509781838
TP-D_009_jpg.rf.e8cdb11635df3be6c85d743284d8ecfb_r0c0.jpg,TP,0,4,0.8534308386494477,21940,25708,252.85462674122073,296.28016154345045
TP-D_009_jpg.rf.e8cdb11635df3be6c85d743284d8ecfb_r0c0.jpg,TP,6,25,0.8525835866261399,5471,5500,63.05230915684679,63.38652903722489
TP-D_009_jpg.rf.e8cdb11635df3be6c85d743284d8ecfb_r0c0.jpg,TP,17,28,0.8508260447035957,3510,4108,40.45213034921079,47.34397477907633
TP-D_009_jpg.rf.e8cdb11635df3be6c85d743284d8ecfb_r0c0.jpg,TP,4,22,0.8399447404776001,4256,5067,49.04964865135075,58.39628047847609
TP-D_009_jpg.rf.e8cdb11635df3be6c85d743284d8ecfb_r0c0.jpg,TP,25,20,0.8213242453748782,1693,2048,19.51152612000395,23.602838448770285
TP-D_009_jpg.rf.e8cdb11635df3be6c85d743284d8ecfb_r0c0.jpg,TP,24,13,0.8198278420896409,2825,3306,32.55762627821097,38.10106636310282
TP-D_009_jpg.rf.e8cdb11635df3be6c85d743284d8ecfb_r0c0.jpg,TP,7,3,0.8144389122941402,4258,5217,49.07269829827337,60.12500399767313
TP-D_009_jpg.rf.e8cdb11635df3be6c85d743284d8ecfb_r0c0.jpg,TP,11,6,0.805289294375794,7828,7804,90.21631805516299,89.93972229209146
TP-D_009_jpg.rf.e8cdb11635df3be6c85d743284d8ecfb_r0c0.jpg,TP,20,32,0.8002692998204668,1799,2212,20.733157406903196,25.492909496425717
TP-D_009_jpg.rf.e8cdb11635df3be6c85d743284d8ecfb_r0c0.jpg,TP,12,31,0.7921907756813418,3025,3814,34.86259097047369,43.95567668145013
TP-D_009_jpg.rf.e8cdb11635df3be6c85d743284d8ecfb_r0c0.jpg,TP,8,33,0.7889134364330187,3941,4966,45.41932926103696,57.232273308883414
TP-D_009_jpg.rf.e8cdb11635df3be6c85d743284d8ecfb_r0c0.jpg,TP,28,15,0.7848474909806494,2430,3012,28.005321010992088,34.71276826547661
TP-D_009_jpg.rf.e8cdb11635df3be6c85d743284d8ecfb_r0c0.jpg,TP,31,10,0.7693479585618526,2667,3140,30.736704171323414,36.187945668524755
TP-D_009_jpg.rf.e8cdb11635df3be6c85d743284d8ecfb_r0c0.jpg,TP,23,8,0.7554474296594035,3711,4587,42.76861986493483,52.86436521704555
TP-D_009_jpg.rf.e8cdb11635df3be6c85d743284d8ecfb_r0c0.jpg,TP,22,12,0.744299674267101,9089,10189,104.74912043987945,117.42642624732443
TP-D_009_jpg.rf.e8cdb11635df3be6c85d743284d8ecfb_r0c0.jpg,TP,13,26,0.7385487171415079,4692,6353,54.074471680483484,73.2172034497254
TP-D_009_jpg.rf.e8cdb11635df3be6c85d743284d8ecfb_r0c0.jpg,TP,19,11,0.7335221907459868,4527,4652,52.17287580936674,53.61347874203094
TP-D_009_jpg.rf.e8cdb11635df3be6c85d743284d8ecfb_r0c0.jpg,TP,21,29,0.7330637007077856,1507,1921,17.36790895619962,22.139185869183457
TP-D_009_jpg.rf.e8cdb11635df3be6c85d743284d8ecfb_r0c0.jpg,TP,16,5,0.7236464902940454,8897,12147,102.53635433530724,139.9920305845765
TP-D_009_jpg.rf.e8cdb11635df3be6c85d743284d8ecfb_r0c0.jpg,TP,29,14,0.6964903608502224,1457,1975,16.79166778313394,22.76152633609439
TP-D_009_jpg.rf.e8cdb11635df3be6c85d743284d8ecfb_r0c0.jpg,TP,27,9,0.684356765768269,2542,3520,29.29610123865921,40.567378583823924
TP-D_009_jpg.rf.e8cdb11635df3be6c85d743284d8ecfb_r0c0.jpg,TP,30,24,0.6521739130434783,705,1081,8.125000540226099,12.45833416168002
TP-D_009_jpg.rf.e8cdb11635df3be6c85d743284d8ecfb_r0c0.jpg,TP,18,34,0.643646408839779,1631,2534,18.796987065402508,29.203902650968704
TP-D_009_jpg.rf.e8cdb11635df3be6c85d743284d8ecfb_r0c0.jpg,TP,26,23,0.6014705882352941,823,1355,9.484929708661106,15.61613579007995
TP-D_009_jpg.rf.e8cdb11635df3be6c85d743284d8ecfb_r0c0.jpg,FP,32,-1,0.0,0,1859,0.0,21.42464681458201
TP-D_009_jpg.rf.e8cdb11635df3be6c85d743284d8ecfb_r0c0.jpg,FN,-1,18,0.0,1417,0,16.330674844681393,0.0
TP-D_009_jpg.rf.e8cdb11635df3be6c85d743284d8ecfb_r0c0.jpg,FN,-1,19,0.0,1577,0,18.174646598491574,0.0
TP-D_009_jpg.rf.e8cdb11635df3be6c85d743284d8ecfb_r0c1.jpg,TP,2,8,0.9371088383452908,12339,13041,142.2047966891487,150.29522275899086
TP-D_009_jpg.rf.e8cdb11635df3be6c85d743284d8ecfb_r0c1.jpg,TP,20,28,0.9087340529931305,5877,5793,67.73138748214012,66.76330231138978
TP-D_009_jpg.rf.e8cdb11635df3be6c85d743284d8ecfb_r0c1.jpg,TP,22,6,0.9023809523809524,9509,9667,109.58954629363117,111.41046840051872
TP-D_009_jpg.rf.e8cdb11635df3be6c85d743284d8ecfb_r0c1.jpg,TP,17,9,0.8976781857451404,6798,7260,78.34574989000996,83.67021832913684
TP-D_009_jpg.rf.e8cdb11635df3be6c85d743284d8ecfb_r0c1.jpg,TP,11,23,0.8885054827083813,12118,12510,139.6578107041984,144.17554150103334
TP-D_009_jpg.rf.e8cdb11635df3be6c85d743284d8ecfb_r0c1.jpg,TP,13,33,0.8834645669291339,3424,3752,39.46099553153782,43.24113762684868
TP-D_009_jpg.rf.e8cdb11635df3be6c85d743284d8ecfb_r0c1.jpg,TP,10,4,0.8738134592680047,18747,20931,216.05586542924635,241.2260798687553
TP-D_009_jpg.rf.e8cdb11635df3be6c85d743284d8ecfb_r0c1.jpg,TP,1,14,0.8583996648512777,16807,18681,193.69770791429795,215.29522708079966
TP-D_009_jpg.rf.e8cdb11635df3be6c85d743284d8ecfb_r0c1.jpg,TP,7,15,0.8550401427297056,7767,8869,89.51330382402286,102.21365927839045
TP-D_009_jpg.rf.e8cdb11635df3be6c85d743284d8ecfb_r0c1.jpg,TP,6,10,0.8508993816750984,6608,6563,76.15603343236037,75.63741637660127
TP-D_009_jpg.rf.e8cdb11635df3be6c85d743284d8ecfb_r0c1.jpg,TP,5,16,0.8495717344753747,5154,5211,59.39894011961037,60.05585505690525
TP-D_009_jpg.rf.e8cdb11635df3be6c85d743284d8ecfb_r0c1.jpg,TP,18,30,0.8434932161284158,4781,4866,55.1001809685404,56.07979096275206
TP-D_009_jpg.rf.e8cdb11635df3be6c85d743284d8ecfb_r0c1.jpg,TP,3,18,0.8405356896313683,6351,6980,73.19415380280277,80.44326775996903
TP-D_009_jpg.rf.e8cdb11635df3be6c85d743284d8ecfb_r0c1.jpg,TP,8,32,0.8265136085910016,4773,5092,55.00798238084989,58.684401065008934
TP-D_009_jpg.rf.e8cdb11635df3be6c85d743284d8ecfb_r0c1.jpg,TP,14,5,0.8232512863301349,12017,14205,138.49380353460572,163.7101172679599
TP-D_009_jpg.rf.e8cdb11635df3be6c85d743284d8ecfb_r0c1.jpg,TP,16,7,0.8219712525667351,4006,4867,46.16844278602235,56.09131578621337
TP-D_009_jpg.rf.e8cdb11635df3be6c85d743284d8ecfb_r0c1.jpg,TP,4,21,0.817586151108235,10169,12300,117.19592977809816,141.7553285741575
TP-D_009_jpg.rf.e8cdb11635df3be6c85d743284d8ecfb_r0c1.jpg,TP,12,22,0.8110297961317303,6630,7228,76.40957954850927,83.30142397837481
TP-D_009_jpg.rf.e8cdb11635df3be6c85d743284d8ecfb_r0c1.jpg,TP,27,29,0.8106267029972752,2667,2649,30.736704171323414,30.52925734901977
TP-D_009_jpg.rf.e8cdb11635df3be6c85d743284d8ecfb_r0c1.jpg,TP,0,13,0.808812433982194,10874,13100,125.32093031832426,150.97518734320838
TP-D_009_jpg.rf.e8cdb11635df3be6c85d743284d8ecfb_r0c1.jpg,TP,25,34,0.779077770130764,1213,1372,13.979610858573416,15.812057788922282
TP-D_009_jpg.rf.e8cdb11635df3be6c85d743284d8ecfb_r0c1.jpg,TP,30,20,0.7573051244255614,9928,10339,114.41844732392158,119.15514976652148
TP-D_009_jpg.rf.e8cdb11635df3be6c85d743284d8ecfb_r0c1.jpg,TP,9,31,0.75019105846389,8236,10085,94.91844602737893,116.22784460734782
TP-D_009_jpg.rf.e8cdb11635df3be6c85d743284d8ecfb_r0c1.jpg,TP,23,1,0.7339449541284404,815,886,9.392731120970597,10.210993586723864
TP-D_009_jpg.rf.e8cdb11635df3be6c85d743284d8ecfb_r0c1.jpg,TP,24,11,0.645543883429346,1905,2951,21.95478869380244,34.00975403433648
TP-D_009_jpg.rf.e8cdb11635df3be6c85d743284d8ecfb_r0c1.jpg,TP,15,19,0.6440982624325944,1075,1669,12.389185220912138,19.234930356932423
TP-D_009_jpg.rf.e8cdb11635df3be6c85d743284d8ecfb_r0c1.jpg,TP,19,25,0.5661929693343306,1514,2674,17.448582720428814,30.81737793555261
TP-D_009_jpg.rf.e8cdb11635df3be6c85d743284d8ecfb_r0c1.jpg,TP,29,12,0.5626297577854671,4813,4219,55.46897531930243,48.623230183282146
TP-D_009_jpg.rf.e8cdb11635df3be6c85d743284d8ecfb_r0c1.jpg,FP,21,-1,0.0,0,3793,0.0,43.71365538876255
TP-D_009_jpg.rf.e8cdb11635df3be6c85d743284d8ecfb_r0c1.jpg,FP,26,-1,0.0,0,578,0.0,6.66134796063927
TP-D_009_jpg.rf.e8cdb11635df3be6c85d743284d8ecfb_r0c1.jpg,FP,28,-1,0.0,0,15596,0.0,179.74114670264714
TP-D_009_jpg.rf.e8cdb11635df3be6c85d743284d8ecfb_r0c1.jpg,FP,31,-1,0.0,0,3194,0.0,36.81028613543569
TP-D_009_jpg.rf.e8cdb11635df3be6c85d743284d8ecfb_r0c1.jpg,FP,32,-1,0.0,0,1635,0.0,18.843086359247764
TP-D_009_jpg.rf.e8cdb11635df3be6c85d743284d8ecfb_r0c1.jpg,FN,-1,0,0.0,510,0,5.877659965269944,0.0
TP-D_009_jpg.rf.e8cdb11635df3be6c85d743284d8ecfb_r0c1.jpg,FN,-1,2,0.0,2038,0,23.487590214157148,0.0
TP-D_009_jpg.rf.e8cdb11635df3be6c85d743284d8ecfb_r0c1.jpg,FN,-1,3,0.0,220,0,2.5354611614889953,0.0
TP-D_009_jpg.rf.e8cdb11635df3be6c85d743284d8ecfb_r0c1.jpg,FN,-1,17,0.0,940,0,10.833334053634799,0.0
TP-D_009_jpg.rf.e8cdb11635df3be6c85d743284d8ecfb_r0c1.jpg,FN,-1,24,0.0,23953,0,276.054096368845,0.0
TP-D_009_jpg.rf.e8cdb11635df3be6c85d743284d8ecfb_r0c1.jpg,FN,-1,26,0.0,879,0,10.130319822494668,0.0
TP-D_009_jpg.rf.e8cdb11635df3be6c85d743284d8ecfb_r0c1.jpg,FN,-1,27,0.0,3263,0,37.60549895426633,0.0
TP-D_009_jpg.rf.e8cdb11635df3be6c85d743284d8ecfb_r0c1.jpg,FN,-1,35,0.0,1284,0,14.797873324326682,0.0
TP-D_009_jpg.rf.e8cdb11635df3be6c85d743284d8ecfb_r0c1.jpg,FN,-1,36,0.0,335,0,3.8608158595400615,0.0
TP-D_009_jpg.rf.e8cdb11635df3be6c85d743284d8ecfb_r0c2.jpg,TP,12,37,0.9351969504447268,3077,3015,35.461881790461995,34.74734273586055
TP-D_009_jpg.rf.e8cdb11635df3be6c85d743284d8ecfb_r0c2.jpg,TP,13,33,0.9249000964585917,6870,7099,79.17553717922453,81.81472175186536
TP-D_009_jpg.rf.e8cdb11635df3be6c85d743284d8ecfb_r0c2.jpg,TP,6,4,0.916507024265645,6018,5987,69.35638759018534,68.99911806288462
TP-D_009_jpg.rf.e8cdb11635df3be6c85d743284d8ecfb_r0c2.jpg,TP,33,10,0.8912474155754652,6796,6925,78.32270024308734,79.80940246959679
TP-D_009_jpg.rf.e8cdb11635df3be6c85d743284d8ecfb_r0c2.jpg,TP,0,18,0.884871550903901,5979,5907,68.90691947519412,68.07713218597952
TP-D_009_jpg.rf.e8cdb11635df3be6c85d743284d8ecfb_r0c2.jpg,TP,18,24,0.8830551833353636,7469,7989,86.07890643255139,92.07181463243448
TP-D_009_jpg.rf.e8cdb11635df3be6c85d743284d8ecfb_r0c2.jpg,TP,9,19,0.8796423658872077,2639,2827,30.414009114406632,32.58067592513359
TP-D_009_jpg.rf.e8cdb11635df3be6c85d743284d8ecfb_r0c2.jpg,TP,3,28,0.8768446471693051,3394,3601,39.11525082769841,41.50088928419033
TP-D_009_jpg.rf.e8cdb11635df3be6c85d743284d8ecfb_r0c2.jpg,TP,5,30,0.873316000945403,3856,4070,44.4397192668253,46.906031487546414
TP-D_009_jpg.rf.e8cdb11635df3be6c85d743284d8ecfb_r0c2.jpg,TP,24,26,0.8726790450928382,4441,4031,51.181740991693765,46.45656337255519
TP-D_009_jpg.rf.e8cdb11635df3be6c85d743284d8ecfb_r0c2.jpg,TP,2,15,0.8698742956220199,10794,10775,124.39894444141918,124.17997279565421
TP-D_009_jpg.rf.e8cdb11635df3be6c85d743284d8ecfb_r0c2.jpg,TP,28,11,0.8523872098116513,2016,2213,23.234044098008248,25.504434319887032
TP-D_009_jpg.rf.e8cdb11635df3be6c85d743284d8ecfb_r0c2.jpg,TP,32,34,0.851537402478201,4057,4012,46.756208782549336,46.23759172679023
TP-D_009_jpg.rf.e8cdb11635df3be6c85d743284d8ecfb_r0c2.jpg,TP,35,35,0.8498512245365072,3735,4347,43.04521562800635,50.09840758633029
TP-D_009_jpg.rf.e8cdb11635df3be6c85d743284d8ecfb_r0c2.jpg,TP,23,2,0.8390804597701149,6509,7731,75.01507590969032,89.09841017941557
TP-D_009_jpg.rf.e8cdb11635df3be6c85d743284d8ecfb_r0c2.jpg,TP,1,27,0.8277601614298069,5797,6884,66.80940160523502,79.33688470768293
TP-D_009_jpg.rf.e8cdb11635df3be6c85d743284d8ecfb_r0c2.jpg,TP,11,16,0.8197764669357342,5625,6098,64.8271319698891,70.27837346709043
TP-D_009_jpg.rf.e8cdb11635df3be6c85d743284d8ecfb_r0c2.jpg,TP,7,20,0.8182604184679232,4790,5725,55.20390437969222,65.97961431602045
TP-D_009_jpg.rf.e8cdb11635df3be6c85d743284d8ecfb_r0c2.jpg,TP,22,23,0.8089425981873112,6738,8231,77.65426048233114,94.86082191007237
TP-D_009_jpg.rf.e8cdb11635df3be6c85d743284d8ecfb_r0c2.jpg,TP,8,38,0.7921489682939105,3237,3885,37.305853544272175,44.7739391472034
TP-D_009_jpg.rf.e8cdb11635df3be6c85d743284d8ecfb_r0c2.jpg,TP,34,0,0.7916666666666666,941,822,10.844858877096112,9.473404885199793
TP-D_009_jpg.rf.e8cdb11635df3be6c85d743284d8ecfb_r0c2.jpg,TP,15,14,0.7778369738945126,1488,1849,17.14893731043466,21.309398579968875
TP-D_009_jpg.rf.e8cdb11635df3be6c85d743284d8ecfb_r0c2.jpg,TP,38,6,0.7671281505147319,9449,10463,108.89805688595236,120.58422787572437
TP-D_009_jpg.rf.e8cdb11635df3be6c85d743284d8ecfb_r0c2.jpg,TP,16,39,0.7580012389015073,4120,4394,47.4822726606121,50.64007428901203
TP-D_009_jpg.rf.e8cdb11635df3be6c85d743284d8ecfb_r0c2.jpg,TP,27,22,0.7575482406356413,3351,4391,38.619683418861925,50.60549981862809
TP-D_009_jpg.rf.e8cdb11635df3be6c85d743284d8ecfb_r0c2.jpg,TP,17,31,0.7456371839618626,9239,11267,106.4778439590765,129.8501859386205
TP-D_009_jpg.rf.e8cdb11635df3be6c85d743284d8ecfb_r0c2.jpg,TP,36,9,0.7388622344071282,2179,2895,25.11259032220237,33.36436392050292
TP-D_009_jpg.rf.e8cdb11635df3be6c85d743284d8ecfb_r0c2.jpg,TP,37,3,0.7383202099737532,2981,3642,34.35549873817589,41.973407046104185
TP-D_009_jpg.rf.e8cdb11635df3be6c85d743284d8ecfb_r0c2.jpg,TP,4,29,0.7214035087719298,3377,3982,38.91932882885608,45.89184702295082
TP-D_009_jpg.rf.e8cdb11635df3be6c85d743284d8ecfb_r0c2.jpg,TP,31,7,0.7159295217547644,3982,5562,45.89184702295082,64.10106809182633
TP-D_009_jpg.rf.e8cdb11635df3be6c85d743284d8ecfb_r0c2.jpg,TP,10,17,0.7073100398904215,15342,20182,176.8138415434735,232.5939870962314
TP-D_009_jpg.rf.e8cdb11635df3be6c85d743284d8ecfb_r0c2.jpg,TP,21,13,0.6826241134751773,1540,2256,17.74822813042297,26.000001728723518
TP-D_009_jpg.rf.e8cdb11635df3be6c85d743284d8ecfb_r0c2.jpg,TP,25,36,0.6668569254185692,3593,5168,41.408690696499825,59.560287648068766
TP-D_009_jpg.rf.e8cdb11635df3be6c85d743284d8ecfb_r0c2.jpg,TP,20,25,0.6512315270935961,2665,4039,30.713654524400788,46.54876196024569
TP-D_009_jpg.rf.e8cdb11635df3be6c85d743284d8ecfb_r0c2.jpg,TP,26,40,0.5088312664411875,1354,2661,15.604610966618635,30.667555230555532
TP-D_009_jpg.rf.e8cdb11635df3be6c85d743284d8ecfb_r0c2.jpg,FP,14,-1,0.0,0,3888,0.0,44.80851361758734
TP-D_009_jpg.rf.e8cdb11635df3be6c85d743284d8ecfb_r0c2.jpg,FP,19,-1,0.0,0,2367,0.0,27.279257132929327
TP-D_009_jpg.rf.e8cdb11635df3be6c85d743284d8ecfb_r0c2.jpg,FP,29,-1,0.0,0,3299,0.0,38.02039259887362
TP-D_009_jpg.rf.e8cdb11635df3be6c85d743284d8ecfb_r0c2.jpg,FP,30,-1,0.0,0,9219,0.0,106.24734748985023
TP-D_009_jpg.rf.e8cdb11635df3be6c85d743284d8ecfb_r0c2.jpg,FP,39,-1,0.0,0,10374,0.0,119.55851858766745
TP-D_009_jpg.rf.e8cdb11635df3be6c85d743284d8ecfb_r0c2.jpg,FP,40,-1,0.0,0,4236,0.0,48.819152182124476
TP-D_009_jpg.rf.e8cdb11635df3be6c85d743284d8ecfb_r0c2.jpg,FP,41,-1,0.0,0,12910,0.0,148.78547088555877
TP-D_009_jpg.rf.e8cdb11635df3be6c85d743284d8ecfb_r0c2.jpg,FN,-1,1,0.0,2340,0,26.96808689947386,0.0
TP-D_009_jpg.rf.e8cdb11635df3be6c85d743284d8ecfb_r0c2.jpg,FN,-1,5,0.0,1605,0,18.497341655408352,0.0
TP-D_009_jpg.rf.e8cdb11635df3be6c85d743284d8ecfb_r0c2.jpg,FN,-1,8,0.0,2844,0,32.77659792397592,0.0
TP-D_009_jpg.rf.e8cdb11635df3be6c85d743284d8ecfb_r0c2.jpg,FN,-1,12,0.0,1903,0,21.931739046879812,0.0
TP-D_009_jpg.rf.e8cdb11635df3be6c85d743284d8ecfb_r0c2.jpg,FN,-1,21,0.0,6145,0,70.82004016977217,0.0
TP-D_009_jpg.rf.e8cdb11635df3be6c85d743284d8ecfb_r0c2.jpg,FN,-1,32,0.0,1316,0,15.166667675088718,0.0
TP-D_009_jpg.rf.e8cdb11635df3be6c85d743284d8ecfb_r0c2.jpg,FN,-1,41,0.0,7033,0,81.05408340341866,0.0
TP-D_009_jpg.rf.e8cdb11635df3be6c85d743284d8ecfb_r0c2.jpg,FN,-1,42,0.0,4718,0,54.37411709047764,0.0
TP-D_009_jpg.rf.e8cdb11635df3be6c85d743284d8ecfb_r1c0.jpg,TP,14,18,0.8949325894932589,7898,8406,91.02305569745494,96.87766601580225
TP-D_009_jpg.rf.e8cdb11635df3be6c85d743284d8ecfb_r1c0.jpg,TP,2,1,0.8757254352611566,9181,9565,105.80940419832031,110.23493640746473
TP-D_009_jpg.rf.e8cdb11635df3be6c85d743284d8ecfb_r1c0.jpg,TP,16,23,0.8737053640439016,5744,6377,66.19858596178541,73.49379921279693
TP-D_009_jpg.rf.e8cdb11635df3be6c85d743284d8ecfb_r1c0.jpg,TP,0,2,0.8659223932365055,7989,9226,92.07181463243448,106.32802125407942
TP-D_009_jpg.rf.e8cdb11635df3be6c85d743284d8ecfb_r1c0.jpg,TP,29,25,0.8636436127797565,16813,18244,193.7668568550658,210.25887922820561
TP-D_009_jpg.rf.e8cdb11635df3be6c85d743284d8ecfb_r1c0.jpg,TP,22,15,0.8602620087336245,1832,2002,21.113476581126545,23.07269656954986
TP-D_009_jpg.rf.e8cdb11635df3be6c85d743284d8ecfb_r1c0.jpg,TP,15,6,0.8509250632237455,6987,6919,80.52394152419824,79.7402535288289
TP-D_009_jpg.rf.e8cdb11635df3be6c85d743284d8ecfb_r1c0.jpg,TP,28,24,0.8445628329677217,2707,3179,31.19769710977596,36.63741378351598
TP-D_009_jpg.rf.e8cdb11635df3be6c85d743284d8ecfb_r1c0.jpg,TP,5,13,0.8391304347826087,3142,3626,36.210995315447384,41.78900987072317
TP-D_009_jpg.rf.e8cdb11635df3be6c85d743284d8ecfb_r1c0.jpg,TP,13,17,0.8368280594738848,2254,2564,25.97695208180089,29.549647354808112
TP-D_009_jpg.rf.e8cdb11635df3be6c85d743284d8ecfb_r1c0.jpg,TP,4,21,0.8148091603053436,6220,5667,71.6844019293707,65.31117455526426
TP-D_009_jpg.rf.e8cdb11635df3be6c85d743284d8ecfb_r1c0.jpg,TP,7,10,0.8126082438517492,5160,5306,59.468089060378254,61.15071328573004
TP-D_009_jpg.rf.e8cdb11635df3be6c85d743284d8ecfb_r1c0.jpg,TP,11,11,0.8069797501077122,1897,2297,21.86259010611193,26.472519490637374
TP-D_009_jpg.rf.e8cdb11635df3be6c85d743284d8ecfb_r1c0.jpg,TP,6,14,0.7909275952311718,2800,3359,32.26950569167813,38.711882006552436
TP-D_009_jpg.rf.e8cdb11635df3be6c85d743284d8ecfb_r1c0.jpg,TP,18,36,0.7737138263665595,2161,2252,24.905143499898724,25.953902434878263
TP-D_009_jpg.rf.e8cdb11635df3be6c85d743284d8ecfb_r1c0.jpg,TP,17,0,0.773598820058997,1187,1218,13.679965448579262,14.037234975879985
TP-D_009_jpg.rf.e8cdb11635df3be6c85d743284d8ecfb_r1c0.jpg,TP,10,28,0.7638665132336019,3344,4320,38.53900965463273,49.78723735287482
TP-D_009_jpg.rf.e8cdb11635df3be6c85d743284d8ecfb_r1c0.jpg,TP,1,22,0.7549388523047977,3378,4084,38.930853652317396,47.06737901600481
TP-D_009_jpg.rf.e8cdb11635df3be6c85d743284d8ecfb_r1c0.jpg,TP,12,33,0.7437650101607242,4514,4925,52.02305310436966,56.75975554696956
TP-D_009_jpg.rf.e8cdb11635df3be6c85d743284d8ecfb_r1c0.jpg,TP,9,35,0.7276641550053822,2030,2785,23.39539162646664,32.09663333975842
TP-D_009_jpg.rf.e8cdb11635df3be6c85d743284d8ecfb_r1c0.jpg,TP,19,29,0.7275251648733079,2118,2859,24.409576091062238,32.94947027589563
TP-D_009_jpg.rf.e8cdb11635df3be6c85d743284d8ecfb_r1c0.jpg,TP,20,9,0.7116920842411039,5064,6721,58.36170600809215,77.45833848348882
TP-D_009_jpg.rf.e8cdb11635df3be6c85d743284d8ecfb_r1c0.jpg,TP,32,34,0.7105877360492255,3349,4713,38.5966337719393,54.31649297317107
TP-D_009_jpg.rf.e8cdb11635df3be6c85d743284d8ecfb_r1c0.jpg,TP,8,19,0.6897590361445783,2073,2976,23.890959035303126,34.29787462086932
TP-D_009_jpg.rf.e8cdb11635df3be6c85d743284d8ecfb_r1c0.jpg,TP,31,8,0.6873391662377767,3868,2689,44.57801714836106,30.990250287472314
TP-D_009_jpg.rf.e8cdb11635df3be6c85d743284d8ecfb_r1c0.jpg,TP,25,7,0.6745005875440658,630,795,7.260638780627578,9.162234651744324
TP-D_009_jpg.rf.e8cdb11635df3be6c85d743284d8ecfb_r1c0.jpg,TP,3,20,0.6682216831498414,3627,5313,41.800534694184485,61.23138704995924
TP-D_009_jpg.rf.e8cdb11635df3be6c85d743284d8ecfb_r1c0.jpg,TP,30,26,0.6518771331058021,955,1465,11.006206405554503,16.883866370824446
TP-D_009_jpg.rf.e8cdb11635df3be6c85d743284d8ecfb_r1c0.jpg,FP,21,-1,0.0,0,8989,0.0,103.5966380937481
TP-D_009_jpg.rf.e8cdb11635df3be6c85d743284d8ecfb_r1c0.jpg,FP,23,-1,0.0,0,1302,0.0,15.005320146630329
TP-D_009_jpg.rf.e8cdb11635df3be6c85d743284d8ecfb_r1c0.jpg,FP,24,-1,0.0,0,14041,0.0,161.82004622030448
TP-D_009_jpg.rf.e8cdb11635df3be6c85d743284d8ecfb_r1c0.jpg,FP,26,-1,0.0,0,4483,0.0,51.66578357706894
TP-D_009_jpg.rf.e8cdb11635df3be6c85d743284d8ecfb_r1c0.jpg,FP,27,-1,0.0,0,12531,0.0,144.41756279372092
TP-D_009_jpg.rf.e8cdb11635df3be6c85d743284d8ecfb_r1c0.jpg,FN,-1,3,0.0,5613,0,64.68883408835333,0.0
TP-D_009_jpg.rf.e8cdb11635df3be6c85d743284d8ecfb_r1c0.jpg,FN,-1,4,0.0,5584,0,64.35461420797523,0.0
TP-D_009_jpg.rf.e8cdb11635df3be6c85d743284d8ecfb_r1c0.jpg,FN,-1,5,0.0,4897,0,56.43706049005278,0.0
TP-D_009_jpg.rf.e8cdb11635df3be6c85d743284d8ecfb_r1c0.jpg,FN,-1,12,0.0,1041,0,11.997341223227474,0.0
TP-D_009_jpg.rf.e8cdb11635df3be6c85d743284d8ecfb_r1c0.jpg,FN,-1,16,0.0,3822,0,44.04787526914064,0.0
TP-D_009_jpg.rf.e8cdb11635df3be6c85d743284d8ecfb_r1c0.jpg,FN,-1,27,0.0,775,0,8.931738182518052,0.0
TP-D_009_jpg.rf.e8cdb11635df3be6c85d743284d8ecfb_r1c0.jpg,FN,-1,30,0.0,4177,0,48.139187597906975,0.0
TP-D_009_jpg.rf.e8cdb11635df3be6c85d743284d8ecfb_r1c0.jpg,FN,-1,31,0.0,3536,0,40.751775759204946,0.0
TP-D_009_jpg.rf.e8cdb11635df3be6c85d743284d8ecfb_r1c0.jpg,FN,-1,32,0.0,1742,0,20.076242469608317,0.0
TP-D_009_jpg.rf.e8cdb11635df3be6c85d743284d8ecfb_r1c1.jpg,TP,3,17,0.9184377255593873,11900,12021,137.14539918963203,138.53990282845098
TP-D_009_jpg.rf.e8cdb11635df3be6c85d743284d8ecfb_r1c1.jpg,TP,9,7,0.889937106918239,2001,2206,23.061171746088544,25.423760555657836
TP-D_009_jpg.rf.e8cdb11635df3be6c85d743284d8ecfb_r1c1.jpg,TP,2,24,0.856548480463097,4861,5402,56.02216684544548,62.257096338016154
TP-D_009_jpg.rf.e8cdb11635df3be6c85d743284d8ecfb_r1c1.jpg,TP,8,4,0.8540948275862069,4071,4532,46.91755631100773,52.2304999266733
TP-D_009_jpg.rf.e8cdb11635df3be6c85d743284d8ecfb_r1c1.jpg,TP,4,23,0.8503336510962822,3782,3982,43.5868823306881,45.89184702295082
TP-D_009_jpg.rf.e8cdb11635df3be6c85d743284d8ecfb_r1c1.jpg,TP,1,15,0.843191542914674,3454,3869,39.80674023537723,44.58954197182238
TP-D_009_jpg.rf.e8cdb11635df3be6c85d743284d8ecfb_r1c1.jpg,TP,6,9,0.8400667779632721,5610,5412,64.65425961796939,62.37234457262929
TP-D_009_jpg.rf.e8cdb11635df3be6c85d743284d8ecfb_r1c1.jpg,TP,5,25,0.8391992250565063,5381,6011,62.015075045328565,69.27571382595615
TP-D_009_jpg.rf.e8cdb11635df3be6c85d743284d8ecfb_r1c1.jpg,TP,0,21,0.8311070058263464,11896,13875,137.09929989578677,159.90692552572642
TP-D_009_jpg.rf.e8cdb11635df3be6c85d743284d8ecfb_r1c1.jpg,TP,19,10,0.8208232445520581,10608,9696,122.25532727761484,111.74468828089682
TP-D_009_jpg.rf.e8cdb11635df3be6c85d743284d8ecfb_r1c1.jpg,TP,14,2,0.8017353579175704,1858,2295,21.413121991120697,26.44946984371475
TP-D_009_jpg.rf.e8cdb11635df3be6c85d743284d8ecfb_r1c1.jpg,TP,15,16,0.792341678939617,1670,1981,19.24645518039374,22.830675276862273
TP-D_009_jpg.rf.e8cdb11635df3be6c85d743284d8ecfb_r1c1.jpg,TP,7,22,0.7906220984215413,3469,4245,39.979612587296934,48.9228755932763
TP-D_009_jpg.rf.e8cdb11635df3be6c85d743284d8ecfb_r1c1.jpg,TP,13,19,0.7899147089630405,5326,6636,61.381209754956316,76.47872848927716
TP-D_009_jpg.rf.e8cdb11635df3be6c85d743284d8ecfb_r1c1.jpg,TP,22,20,0.7896155649320207,8383,6886,96.61259507619204,79.35993435460556
TP-D_009_jpg.rf.e8cdb11635df3be6c85d743284d8ecfb_r1c1.jpg,TP,12,8,0.7849740932642487,1212,1544,13.968086035112103,17.79432742426822
TP-D_009_jpg.rf.e8cdb11635df3be6c85d743284d8ecfb_r1c1.jpg,TP,10,1,0.7844611528822055,2193,2791,25.273937850660758,32.1657822805263
TP-D_009_jpg.rf.e8cdb11635df3be6c85d743284d8ecfb_r1c1.jpg,TP,11,0,0.7733755942947702,2162,2314,24.91666832336004,26.668441489479708
TP-D_009_jpg.rf.e8cdb11635df3be6c85d743284d8ecfb_r1c1.jpg,TP,24,18,0.6994141505182515,1558,2213,17.955674952726614,25.504434319887032
TP-D_009_jpg.rf.e8cdb11635df3be6c85d743284d8ecfb_r1c1.jpg,TP,18,3,0.6885542168674699,1144,1659,13.184398039742776,19.11968212231929
TP-D_009_jpg.rf.e8cdb11635df3be6c85d743284d8ecfb_r1c1.jpg,TP,17,11,0.6841491841491841,589,856,6.78812101871372,9.865248882884455
TP-D_009_jpg.rf.e8cdb11635df3be6c85d743284d8ecfb_r1c1.jpg,TP,21,14,0.5441815548044423,1160,2038,13.368795215123795,23.487590214157148
TP-D_009_jpg.rf.e8cdb11635df3be6c85d743284d8ecfb_r1c1.jpg,FP,16,-1,0.0,0,2770,0.0,31.923760987838715
TP-D_009_jpg.rf.e8cdb11635df3be6c85d743284d8ecfb_r1c1.jpg,FP,20,-1,0.0,0,459,0.0,5.28989396874295
TP-D_009_jpg.rf.e8cdb11635df3be6c85d743284d8ecfb_r1c1.jpg,FP,23,-1,0.0,0,9988,0.0,115.1099367316004
TP-D_009_jpg.rf.e8cdb11635df3be6c85d743284d8ecfb_r1c1.jpg,FN,-1,5,0.0,1430,0,16.48049754967847,0.0
TP-D_009_jpg.rf.e8cdb11635df3be6c85d743284d8ecfb_r1c1.jpg,FN,-1,6,0.0,592,0,6.8226954890976605,0.0
TP-D_009_jpg.rf.e8cdb11635df3be6c85d743284d8ecfb_r1c1.jpg,FN,-1,12,0.0,7326,0,84.43085667758355,0.0
TP-D_009_jpg.rf.e8cdb11635df3be6c85d743284d8ecfb_r1c1.jpg,FN,-1,13,0.0,1438,0,16.57269613736898,0.0
TP-D_009_jpg.rf.e8cdb11635df3be6c85d743284d8ecfb_r1c1.jpg,FN,-1,26,0.0,920,0,10.602837584408526,0.0
TP-D_009_jpg.rf.e8cdb11635df3be6c85d743284d8ecfb_r1c2.jpg,TP,33,31,0.9001673640167364,11736,10971,135.2553281419766,126.43883819407168
TP-D_009_jpg.rf.e8cdb11635df3be6c85d743284d8ecfb_r1c2.jpg,TP,3,43,0.8969636635141862,5511,5922,63.51330209529934,68.25000453789923
TP-D_009_jpg.rf.e8cdb11635df3be6c85d743284d8ecfb_r1c2.jpg,TP,12,34,0.8697147223637289,6838,7843,78.8067428284625,90.3891904070827
TP-D_009_jpg.rf.e8cdb11635df3be6c85d743284d8ecfb_r1c2.jpg,TP,25,9,0.8696750902527076,5343,5015,61.577131753798646,57.79698965848778
TP-D_009_jpg.rf.e8cdb11635df3be6c85d743284d8ecfb_r1c2.jpg,TP,35,45,0.84384,2719,3043,31.335994991311722,35.070037792777335
TP-D_009_jpg.rf.e8cdb11635df3be6c85d743284d8ecfb_r1c2.jpg,TP,20,13,0.8387750506642648,3824,4342,44.07092491606327,50.04078346902372
TP-D_009_jpg.rf.e8cdb11635df3be6c85d743284d8ecfb_r1c2.jpg,TP,14,11,0.8355072463768116,2361,2705,27.210108192161446,31.17464746285333
TP-D_009_jpg.rf.e8cdb11635df3be6c85d743284d8ecfb_r1c2.jpg,TP,2,39,0.8285135682462536,10354,12219,119.32802211844118,140.82181787379108
TP-D_009_jpg.rf.e8cdb11635df3be6c85d743284d8ecfb_r1c2.jpg,TP,1,21,0.8270656052703815,6105,7207,70.35904723131962,83.05940268568723
TP-D_009_jpg.rf.e8cdb11635df3be6c85d743284d8ecfb_r1c2.jpg,TP,37,0,0.8190827379580549,4275,3618,49.26862029711571,41.69681128303266
TP-D_009_jpg.rf.e8cdb11635df3be6c85d743284d8ecfb_r1c2.jpg,TP,42,20,0.8143972246313964,4705,5755,54.22429438548056,66.32535901985986
TP-D_009_jpg.rf.e8cdb11635df3be6c85d743284d8ecfb_r1c2.jpg,TP,18,4,0.8139344262295082,2037,2389,23.476065390695837,27.532803249078228
TP-D_009_jpg.rf.e8cdb11635df3be6c85d743284d8ecfb_r1c2.jpg,TP,11,42,0.8120030777122339,3532,3533,40.705676465359694,40.717201288821
TP-D_009_jpg.rf.e8cdb11635df3be6c85d743284d8ecfb_r1c2.jpg,TP,0,14,0.8040744205384056,7804,9553,89.93972229209146,110.09663852592897
TP-D_009_jpg.rf.e8cdb11635df3be6c85d743284d8ecfb_r1c2.jpg,TP,32,41,0.7941687584475767,4954,4338,57.09397542734765,49.99468417517846
TP-D_009_jpg.rf.e8cdb11635df3be6c85d743284d8ecfb_r1c2.jpg,TP,34,48,0.7889105058365758,982,857,11.317376639009971,9.87677370634577
TP-D_009_jpg.rf.e8cdb11635df3be6c85d743284d8ecfb_r1c2.jpg,TP,6,23,0.7754195459032577,3196,3998,36.83333578235832,46.076244198331835
TP-D_009_jpg.rf.e8cdb11635df3be6c85d743284d8ecfb_r1c2.jpg,TP,28,38,0.7703335283791691,5321,6781,61.32358563764975,78.14982789116763
TP-D_009_jpg.rf.e8cdb11635df3be6c85d743284d8ecfb_r1c2.jpg,TP,31,1,0.7657841140529531,3077,3859,35.461881790461995,44.474293737209244
TP-D_009_jpg.rf.e8cdb11635df3be6c85d743284d8ecfb_r1c2.jpg,TP,13,25,0.7632768361581921,2707,3535,31.19769710977596,40.74025093574363
TP-D_009_jpg.rf.e8cdb11635df3be6c85d743284d8ecfb_r1c2.jpg,TP,16,29,0.7588403950302645,2704,2817,31.163122639392018,32.46542769052046
TP-D_009_jpg.rf.e8cdb11635df3be6c85d743284d8ecfb_r1c2.jpg,TP,15,3,0.7454275827978251,1590,1941,18.324469303488648,22.369682338409728
TP-D_009_jpg.rf.e8cdb11635df3be6c85d743284d8ecfb_r1c2.jpg,TP,4,15,0.7412622163326156,4757,5755,54.82358520546887,66.32535901985986
TP-D_009_jpg.rf.e8cdb11635df3be6c85d743284d8ecfb_r1c2.jpg,TP,5,17,0.7406646111682083,5585,4577,64.36613903143655,52.74911698243242
TP-D_009_jpg.rf.e8cdb11635df3be6c85d743284d8ecfb_r1c2.jpg,TP,10,5,0.7352106010411736,3128,4205,36.04964778698899,48.461882654823754
TP-D_009_jpg.rf.e8cdb11635df3be6c85d743284d8ecfb_r1c2.jpg,TP,24,16,0.7191195795006571,2547,2686,29.35372535596578,30.955675817088373
TP-D_009_jpg.rf.e8cdb11635df3be6c85d743284d8ecfb_r1c2.jpg,TP,26,44,0.6875738373966277,6578,9135,75.81028872852096,105.27926231909989
TP-D_009_jpg.rf.e8cdb11635df3be6c85d743284d8ecfb_r1c2.jpg,TP,19,33,0.6865250892689344,3693,5281,42.56117304263118,60.86259269919721
TP-D_009_jpg.rf.e8cdb11635df3be6c85d743284d8ecfb_r1c2.jpg,TP,22,24,0.6600202771206488,1953,2959,22.50798021994549,34.10195262202699
TP-D_009_jpg.rf.e8cdb11635df3be6c85d743284d8ecfb_r1c2.jpg,TP,8,35,0.6557079467527229,3251,4958,37.46720107273057,57.14007472119291
TP-D_009_jpg.rf.e8cdb11635df3be6c85d743284d8ecfb_r1c2.jpg,TP,9,32,0.6545201115093588,3859,4450,44.474293737209244,51.28546440284559
TP-D_009_jpg.rf.e8cdb11635df3be6c85d743284d8ecfb_r1c2.jpg,TP,39,37,0.6412729026036644,1337,2067,15.408688967776305,23.821810094535245
TP-D_009_jpg.rf.e8cdb11635df3be6c85d743284d8ecfb_r1c2.jpg,TP,17,36,0.6262506893563381,11688,8954,134.70213661583355,103.19326927260211
TP-D_009_jpg.rf.e8cdb11635df3be6c85d743284d8ecfb_r1c2.jpg,TP,36,22,0.6167787196726103,2128,3403,24.524824325675375,39.21897423885024
TP-D_009_jpg.rf.e8cdb11635df3be6c85d743284d8ecfb_r1c2.jpg,TP,21,27,0.6146261298274446,3101,4759,35.73847755353352,54.846634852391496
TP-D_009_jpg.rf.e8cdb11635df3be6c85d743284d8ecfb_r1c2.jpg,TP,27,12,0.604257167680278,1391,2302,16.03102943468724,26.530143607943945
TP-D_009_jpg.rf.e8cdb11635df3be6c85d743284d8ecfb_r1c2.jpg,FP,7,-1,0.0,0,8010,0.0,92.31383592512206
TP-D_009_jpg.rf.e8cdb11635df3be6c85d743284d8ecfb_r1c2.jpg,FP,23,-1,0.0,0,11929,0.0,137.47961907001013
TP-D_009_jpg.rf.e8cdb11635df3be6c85d743284d8ecfb_r1c2.jpg,FP,29,-1,0.0,0,4572,0.0,52.69149286512585
TP-D_009_jpg.rf.e8cdb11635df3be6c85d743284d8ecfb_r1c2.jpg,FP,30,-1,0.0,0,7244,0.0,83.48582115375584
TP-D_009_jpg.rf.e8cdb11635df3be6c85d743284d8ecfb_r1c2.jpg,FP,38,-1,0.0,0,8531,0.0,98.31826894846645
TP-D_009_jpg.rf.e8cdb11635df3be6c85d743284d8ecfb_r1c2.jpg,FP,40,-1,0.0,0,3203,0.0,36.914009546587515
TP-D_009_jpg.rf.e8cdb11635df3be6c85d743284d8ecfb_r1c2.jpg,FP,41,-1,0.0,0,1105,0.0,12.734929924751546
TP-D_009_jpg.rf.e8cdb11635df3be6c85d743284d8ecfb_r1c2.jpg,FN,-1,2,0.0,2192,0,25.262413027199447,0.0
TP-D_009_jpg.rf.e8cdb11635df3be6c85d743284d8ecfb_r1c2.jpg,FN,-1,6,0.0,3648,0,42.042555986872074,0.0
TP-D_009_jpg.rf.e8cdb11635df3be6c85d743284d8ecfb_r1c2.jpg,FN,-1,7,0.0,4392,0,50.6170246420894,0.0
TP-D_009_jpg.rf.e8cdb11635df3be6c85d743284d8ecfb_r1c2.jpg,FN,-1,8,0.0,211,0,2.431737750337173,0.0
TP-D_009_jpg.rf.e8cdb11635df3be6c85d743284d8ecfb_r1c2.jpg,FN,-1,10,0.0,1454,0,16.757093312749998,0.0
TP-D_009_jpg.rf.e8cdb11635df3be6c85d743284d8ecfb_r1c2.jpg,FN,-1,18,0.0,3958,0,45.615251259879294,0.0
TP-D_009_jpg.rf.e8cdb11635df3be6c85d743284d8ecfb_r1c2.jpg,FN,-1,19,0.0,3361,0,38.734931653475066,0.0
TP-D_009_jpg.rf.e8cdb11635df3be6c85d743284d8ecfb_r1c2.jpg,FN,-1,26,0.0,2014,0,23.21099445108562,0.0
TP-D_009_jpg.rf.e8cdb11635df3be6c85d743284d8ecfb_r1c2.jpg,FN,-1,28,0.0,1608,0,18.531916125792293,0.0
TP-D_009_jpg.rf.e8cdb11635df3be6c85d743284d8ecfb_r1c2.jpg,FN,-1,30,0.0,1725,0,19.880320470765987,0.0
TP-D_009_jpg.rf.e8cdb11635df3be6c85d743284d8ecfb_r1c2.jpg,FN,-1,40,0.0,3350,0,38.60815859540061,0.0
TP-D_009_jpg.rf.e8cdb11635df3be6c85d743284d8ecfb_r1c2.jpg,FN,-1,46,0.0,2273,0,26.195923727565848,0.0
TP-D_009_jpg.rf.e8cdb11635df3be6c85d743284d8ecfb_r1c2.jpg,FN,-1,47,0.0,1164,0,13.414894508969049,0.0
TP-D_009_jpg.rf.e8cdb11635df3be6c85d743284d8ecfb_r2c0.jpg,TP,9,36,0.8622461665975963,10419,12049,120.07713564342656,138.86259788536776
TP-D_009_jpg.rf.e8cdb11635df3be6c85d743284d8ecfb_r2c0.jpg,TP,24,24,0.8571958456973294,2366,2641,27.267732309468016,30.437058761329258
TP-D_009_jpg.rf.e8cdb11635df3be6c85d743284d8ecfb_r2c0.jpg,TP,1,7,0.8452310250623589,7210,8325,83.09397715607118,95.94415531543585
TP-D_009_jpg.rf.e8cdb11635df3be6c85d743284d8ecfb_r2c0.jpg,TP,5,39,0.8277246063599877,2718,3202,31.324470167850407,36.9024847231262
TP-D_009_jpg.rf.e8cdb11635df3be6c85d743284d8ecfb_r2c0.jpg,TP,8,3,0.8216454997239094,3012,3586,34.71276826547661,41.32801693227063
TP-D_009_jpg.rf.e8cdb11635df3be6c85d743284d8ecfb_r2c0.jpg,TP,6,42,0.8185469149324571,2354,2627,27.129434427932253,30.27571123287087
TP-D_009_jpg.rf.e8cdb11635df3be6c85d743284d8ecfb_r2c0.jpg,TP,3,26,0.8143371325734853,2757,3292,31.773938282841637,37.939718834644424
TP-D_009_jpg.rf.e8cdb11635df3be6c85d743284d8ecfb_r2c0.jpg,TP,15,11,0.8086201350916693,2517,3106,29.00798065212637,35.79610167084009
TP-D_009_jpg.rf.e8cdb11635df3be6c85d743284d8ecfb_r2c0.jpg,TP,0,27,0.808379466532461,6481,7892,74.69238085277354,90.95390675668706
TP-D_009_jpg.rf.e8cdb11635df3be6c85d743284d8ecfb_r2c0.jpg,TP,22,31,0.8045352922389013,2522,3128,29.065604769432937,36.04964778698899
TP-D_009_jpg.rf.e8cdb11635df3be6c85d743284d8ecfb_r2c0.jpg,TP,10,38,0.7925524325866743,5555,7009,64.02039432759713,80.77748764034713
TP-D_009_jpg.rf.e8cdb11635df3be6c85d743284d8ecfb_r2c0.jpg,TP,7,34,0.7876691729323309,2632,3312,30.333335350177435,38.1702153038707
TP-D_009_jpg.rf.e8cdb11635df3be6c85d743284d8ecfb_r2c0.jpg,TP,19,14,0.7871458189357291,2610,2562,30.07978923402854,29.526597707885482
TP-D_009_jpg.rf.e8cdb11635df3be6c85d743284d8ecfb_r2c0.jpg,TP,4,25,0.7804123711340206,2271,2910,26.172874080643222,33.537236272422625
TP-D_009_jpg.rf.e8cdb11635df3be6c85d743284d8ecfb_r2c0.jpg,TP,11,17,0.7779237844940867,2669,2743,30.75975381824604,31.61259075438325
TP-D_009_jpg.rf.e8cdb11635df3be6c85d743284d8ecfb_r2c0.jpg,TP,21,0,0.7748650732459522,1258,1044,14.498227914332528,12.031915693611415
TP-D_009_jpg.rf.e8cdb11635df3be6c85d743284d8ecfb_r2c0.jpg,TP,12,41,0.7610223642172524,2385,3127,27.486703955232972,36.03812296352768
TP-D_009_jpg.rf.e8cdb11635df3be6c85d743284d8ecfb_r2c0.jpg,TP,27,35,0.7605633802816901,2902,2598,33.445037684732114,29.941491352492775
TP-D_009_jpg.rf.e8cdb11635df3be6c85d743284d8ecfb_r2c0.jpg,TP,20,23,0.757557063541024,1249,1600,14.394504503180706,18.439717538101785
TP-D_009_jpg.rf.e8cdb11635df3be6c85d743284d8ecfb_r2c0.jpg,TP,26,12,0.734786557674841,973,937,11.213653227858147,10.798759583250858
TP-D_009_jpg.rf.e8cdb11635df3be6c85d743284d8ecfb_r2c0.jpg,TP,29,33,0.7259654889071487,1767,2434,20.36436305614116,28.05142030483734
TP-D_009_jpg.rf.e8cdb11635df3be6c85d743284d8ecfb_r2c0.jpg,TP,17,43,0.7253758821724455,2729,2894,31.45124322592486,33.3528390970416
TP-D_009_jpg.rf.e8cdb11635df3be6c85d743284d8ecfb_r2c0.jpg,TP,25,18,0.7229072031148605,2273,3037,26.195923727565848,35.00088885200945
TP-D_009_jpg.rf.e8cdb11635df3be6c85d743284d8ecfb_r2c0.jpg,TP,14,37,0.6742532005689901,1896,2812,21.851065282650616,32.40780357321389
TP-D_009_jpg.rf.e8cdb11635df3be6c85d743284d8ecfb_r2c0.jpg,TP,16,1,0.6472255974078575,1600,2467,18.439717538101785,28.431739479060692
TP-D_009_jpg.rf.e8cdb11635df3be6c85d743284d8ecfb_r2c0.jpg,TP,30,19,0.619561434041072,3576,5730,41.21276869765749,66.03723843332702
TP-D_009_jpg.rf.e8cdb11635df3be6c85d743284d8ecfb_r2c0.jpg,FP,2,-1,0.0,0,31935,0.0,368.04523723705034
TP-D_009_jpg.rf.e8cdb11635df3be6c85d743284d8ecfb_r2c0.jpg,FP,13,-1,0.0,0,1355,0.0,15.61613579007995
TP-D_009_jpg.rf.e8cdb11635df3be6c85d743284d8ecfb_r2c0.jpg,FP,18,-1,0.0,0,3666,0.0,42.25000280917572
TP-D_009_jpg.rf.e8cdb11635df3be6c85d743284d8ecfb_r2c0.jpg,FP,23,-1,0.0,0,3976,0.0,45.82269808218294
TP-D_009_jpg.rf.e8cdb11635df3be6c85d743284d8ecfb_r2c0.jpg,FP,28,-1,0.0,0,5883,0.0,67.800536422908
TP-D_009_jpg.rf.e8cdb11635df3be6c85d743284d8ecfb_r2c0.jpg,FN,-1,2,0.0,13997,0,161.31295398800668,0.0
TP-D_009_jpg.rf.e8cdb11635df3be6c85d743284d8ecfb_r2c0.jpg,FN,-1,4,0.0,4417,0,50.90514522862224,0.0
TP-D_009_jpg.rf.e8cdb11635df3be6c85d743284d8ecfb_r2c0.jpg,FN,-1,5,0.0,2786,0,32.108158163219734,0.0
TP-D_009_jpg.rf.e8cdb11635df3be6c85d743284d8ecfb_r2c0.jpg,FN,-1,6,0.0,979,0,11.28280216862603,0.0
TP-D_009_jpg.rf.e8cdb11635df3be6c85d743284d8ecfb_r2c0.jpg,FN,-1,8,0.0,5370,0,61.88830198725412,0.0
TP-D_009_jpg.rf.e8cdb11635df3be6c85d743284d8ecfb_r2c0.jpg,FN,-1,9,0.0,1127,0,12.988476040900444,0.0
TP-D_009_jpg.rf.e8cdb11635df3be6c85d743284d8ecfb_r2c0.jpg,FN,-1,10,0.0,837,0,9.646277237119497,0.0
TP-D_009_jpg.rf.e8cdb11635df3be6c85d743284d8ecfb_r2c0.jpg,FN,-1,13,0.0,416,0,4.794326559906464,0.0
TP-D_009_jpg.rf.e8cdb11635df3be6c85d743284d8ecfb_r2c0.jpg,FN,-1,15,0.0,1612,0,18.57801541963755,0.0
TP-D_009_jpg.rf.e8cdb11635df3be6c85d743284d8ecfb_r2c0.jpg,FN,-1,16,0.0,2073,0,23.890959035303126,0.0
TP-D_009_jpg.rf.e8cdb11635df3be6c85d743284d8ecfb_r2c0.jpg,FN,-1,20,0.0,5123,0,59.04167059230966,0.0
TP-D_009_jpg.rf.e8cdb11635df3be6c85d743284d8ecfb_r2c0.jpg,FN,-1,21,0.0,2046,0,23.57978880184766,0.0
TP-D_009_jpg.rf.e8cdb11635df3be6c85d743284d8ecfb_r2c0.jpg,FN,-1,22,0.0,1539,0,17.736703306961655,0.0
TP-D_009_jpg.rf.e8cdb11635df3be6c85d743284d8ecfb_r2c0.jpg,FN,-1,28,0.0,2544,0,29.319150885581838,0.0
TP-D_009_jpg.rf.e8cdb11635df3be6c85d743284d8ecfb_r2c0.jpg,FN,-1,29,0.0,13011,0,149.94947805515145,0.0
TP-D_009_jpg.rf.e8cdb11635df3be6c85d743284d8ecfb_r2c0.jpg,FN,-1,30,0.0,13652,0,157.33688989385348,0.0
TP-D_009_jpg.rf.e8cdb11635df3be6c85d743284d8ecfb_r2c0.jpg,FN,-1,32,0.0,581,0,6.69592243102321,0.0
TP-D_009_jpg.rf.e8cdb11635df3be6c85d743284d8ecfb_r2c0.jpg,FN,-1,40,0.0,679,0,7.825355130231945,0.0
TP-D_009_jpg.rf.e8cdb11635df3be6c85d743284d8ecfb_r2c1.jpg,TP,19,20,0.9018590575010809,4405,4393,50.766847347086475,50.62854946555071
TP-D_009_jpg.rf.e8cdb11635df3be6c85d743284d8ecfb_r2c1.jpg,TP,10,8,0.8986479512849623,8948,9448,103.12412033183423,108.88653206249104
TP-D_009_jpg.rf.e8cdb11635df3be6c85d743284d8ecfb_r2c1.jpg,TP,8,0,0.8709333333333333,3321,3695,38.27393871502252,42.58422268955381
TP-D_009_jpg.rf.e8cdb11635df3be6c85d743284d8ecfb_r2c1.jpg,TP,7,23,0.8512611879576891,5293,6083,61.00089058073297,70.10550111517072
TP-D_009_jpg.rf.e8cdb11635df3be6c85d743284d8ecfb_r2c1.jpg,TP,9,19,0.8461476074614761,10492,12271,120.91844775610245,141.4211086937794
TP-D_009_jpg.rf.e8cdb11635df3be6c85d743284d8ecfb_r2c1.jpg,TP,2,7,0.8449731389102072,4798,4818,55.29610296738273,55.526599436609004
TP-D_009_jpg.rf.e8cdb11635df3be6c85d743284d8ecfb_r2c1.jpg,TP,5,2,0.8329383886255924,2819,3369,32.488477337443086,38.82713024116557
TP-D_009_jpg.rf.e8cdb11635df3be6c85d743284d8ecfb_r2c1.jpg,TP,3,11,0.824142568930733,2570,2855,29.618796295575994,32.903370982050376
TP-D_009_jpg.rf.e8cdb11635df3be6c85d743284d8ecfb_r2c1.jpg,TP,1,5,0.8012205754141238,4672,5658,53.84397521125722,65.20745114411244
TP-D_009_jpg.rf.e8cdb11635df3be6c85d743284d8ecfb_r2c1.jpg,TP,12,13,0.7939137134052389,2235,2422,25.757980436035933,27.913122423301576
TP-D_009_jpg.rf.e8cdb11635df3be6c85d743284d8ecfb_r2c1.jpg,TP,4,1,0.7777945391461759,5218,6567,60.13652882113445,75.68351567044651
TP-D_009_jpg.rf.e8cdb11635df3be6c85d743284d8ecfb_r2c1.jpg,TP,0,17,0.7623199602670935,17890,14045,206.17909172290058,161.86614551414974
TP-D_009_jpg.rf.e8cdb11635df3be6c85d743284d8ecfb_r2c1.jpg,TP,6,14,0.7544169611307421,1718,2254,19.79964670653679,25.97695208180089
TP-D_009_jpg.rf.e8cdb11635df3be6c85d743284d8ecfb_r2c1.jpg,TP,20,24,0.7277073870427923,6102,8352,70.32447276093568,96.25532554889132
TP-D_009_jpg.rf.e8cdb11635df3be6c85d743284d8ecfb_r2c1.jpg,TP,15,10,0.7168986083499006,1832,2486,21.113476581126545,28.650711124825648
TP-D_009_jpg.rf.e8cdb11635df3be6c85d743284d8ecfb_r2c1.jpg,TP,18,6,0.7098290598290599,1662,2339,19.15425659270323,26.95656207601255
TP-D_009_jpg.rf.e8cdb11635df3be6c85d743284d8ecfb_r2c1.jpg,TP,17,15,0.6713286713286714,1344,2002,15.4893627320055,23.07269656954986
TP-D_009_jpg.rf.e8cdb11635df3be6c85d743284d8ecfb_r2c1.jpg,TP,11,3,0.6514622435617634,3141,4426,36.19947049198607,51.008868639774064
TP-D_009_jpg.rf.e8cdb11635df3be6c85d743284d8ecfb_r2c1.jpg,TP,22,4,0.6385348181940158,4762,7450,54.88120932277544,85.85993478678644
TP-D_009_jpg.rf.e8cdb11635df3be6c85d743284d8ecfb_r2c1.jpg,TP,13,27,0.6382858753876516,2296,3515,26.460994667176063,40.50975446651736
TP-D_009_jpg.rf.e8cdb11635df3be6c85d743284d8ecfb_r2c1.jpg,TP,21,26,0.5440871369294605,1488,1489,17.14893731043466,17.160462133895972
TP-D_009_jpg.rf.e8cdb11635df3be6c85d743284d8ecfb_r2c1.jpg,FP,14,-1,0.0,0,2858,0.0,32.93794545243431
TP-D_009_jpg.rf.e8cdb11635df3be6c85d743284d8ecfb_r2c1.jpg,FP,16,-1,0.0,0,2865,0.0,33.01861921666351
TP-D_009_jpg.rf.e8cdb11635df3be6c85d743284d8ecfb_r2c1.jpg,FP,23,-1,0.0,0,15327,0.0,176.64096919155378
TP-D_009_jpg.rf.e8cdb11635df3be6c85d743284d8ecfb_r2c1.jpg,FN,-1,9,0.0,6820,0,78.59929600615887,0.0
TP-D_009_jpg.rf.e8cdb11635df3be6c85d743284d8ecfb_r2c1.jpg,FN,-1,12,0.0,1078,0,12.423759691296079,0.0
TP-D_009_jpg.rf.e8cdb11635df3be6c85d743284d8ecfb_r2c1.jpg,FN,-1,16,0.0,1493,0,17.206561427741228,0.0
TP-D_009_jpg.rf.e8cdb11635df3be6c85d743284d8ecfb_r2c1.jpg,FN,-1,18,0.0,11427,0,131.69415769243068,0.0
TP-D_009_jpg.rf.e8cdb11635df3be6c85d743284d8ecfb_r2c1.jpg,FN,-1,21,0.0,3792,0,43.70213056530123,0.0
TP-D_009_jpg.rf.e8cdb11635df3be6c85d743284d8ecfb_r2c1.jpg,FN,-1,22,0.0,2426,0,27.959221717146832,0.0
TP-D_009_jpg.rf.e8cdb11635df3be6c85d743284d8ecfb_r2c1.jpg,FN,-1,25,0.0,2484,0,28.627661477903022,0.0
TP-D_009_jpg.rf.e8cdb11635df3be6c85d743284d8ecfb_r2c2.jpg,TP,3,1,0.8013646702047005,1076,1300,12.40071004437345,14.9822704997077
TP-D_009_jpg.rf.e8cdb11635df3be6c85d743284d8ecfb_r2c2.jpg,TP,5,6,0.7891666666666667,1927,2367,22.20833480995134,27.279257132929327
TP-D_009_jpg.rf.e8cdb11635df3be6c85d743284d8ecfb_r2c2.jpg,TP,0,9,0.779050736497545,2386,3049,27.498228778694287,35.139186733545216
TP-D_009_jpg.rf.e8cdb11635df3be6c85d743284d8ecfb_r2c2.jpg,TP,1,12,0.7670454545454546,2493,2483,28.731384889054844,28.616136654441707
TP-D_009_jpg.rf.e8cdb11635df3be6c85d743284d8ecfb_r2c2.jpg,TP,7,5,0.7484327603640041,4347,4299,50.09840758633029,49.54521606018724
TP-D_009_jpg.rf.e8cdb11635df3be6c85d743284d8ecfb_r2c2.jpg,TP,6,15,0.7076466710613052,2566,2615,29.572697001730738,30.137413351335105
TP-D_009_jpg.rf.e8cdb11635df3be6c85d743284d8ecfb_r2c2.jpg,TP,10,16,0.705800139762404,2044,2838,23.55673915492503,32.70744898320804
TP-D_009_jpg.rf.e8cdb11635df3be6c85d743284d8ecfb_r2c2.jpg,TP,8,19,0.6658860265417642,879,1255,10.130319822494668,14.463653443948587
TP-D_009_jpg.rf.e8cdb11635df3be6c85d743284d8ecfb_r2c2.jpg,TP,4,14,0.6655016447368421,4677,3424,53.90159932856378,39.46099553153782
TP-D_009_jpg.rf.e8cdb11635df3be6c85d743284d8ecfb_r2c2.jpg,TP,2,2,0.6454545454545455,923,1430,10.637412054792467,16.48049754967847
TP-D_009_jpg.rf.e8cdb11635df3be6c85d743284d8ecfb_r2c2.jpg,TP,9,20,0.6397557666214383,990,1427,11.409575226700479,16.44592307929453
TP-D_009_jpg.rf.e8cdb11635df3be6c85d743284d8ecfb_r2c2.jpg,FP,11,-1,0.0,0,4114,0.0,47.413123719844215
TP-D_009_jpg.rf.e8cdb11635df3be6c85d743284d8ecfb_r2c2.jpg,FN,-1,0,0.0,3587,0,41.33954175573194,0.0
TP-D_009_jpg.rf.e8cdb11635df3be6c85d743284d8ecfb_r2c2.jpg,FN,-1,3,0.0,755,0,8.70124171329178,0.0
TP-D_009_jpg.rf.e8cdb11635df3be6c85d743284d8ecfb_r2c2.jpg,FN,-1,4,0.0,740,0,8.528369361372075,0.0
TP-D_009_jpg.rf.e8cdb11635df3be6c85d743284d8ecfb_r2c2.jpg,FN,-1,7,0.0,457,0,5.266844321820322,0.0
TP-D_009_jpg.rf.e8cdb11635df3be6c85d743284d8ecfb_r2c2.jpg,FN,-1,8,0.0,564,0,6.5000004321808795,0.0
TP-D_009_jpg.rf.e8cdb11635df3be6c85d743284d8ecfb_r2c2.jpg,FN,-1,10,0.0,2094,0,24.132980327990712,0.0
TP-D_009_jpg.rf.e8cdb11635df3be6c85d743284d8ecfb_r2c2.jpg,FN,-1,11,0.0,1363,0,15.70833437777046,0.0
TP-D_009_jpg.rf.e8cdb11635df3be6c85d743284d8ecfb_r2c2.jpg,FN,-1,13,0.0,2310,0,26.622342195634452,0.0
TP-D_009_jpg.rf.e8cdb11635df3be6c85d743284d8ecfb_r2c2.jpg,FN,-1,17,0.0,2267,0,26.126774786797966,0.0
TP-D_009_jpg.rf.e8cdb11635df3be6c85d743284d8ecfb_r2c2.jpg,FN,-1,18,0.0,1835,0,21.148051051510485,0.0
TP-D_009_jpg.rf.e8cdb11635df3be6c85d743284d8ecfb_r2c2.jpg,FN,-1,21,0.0,927,0,10.683511348637722,0.0
ZAINA-679-B_001_jpg.rf.42f7c9c2b999e82410968535976ef160_r0c0.jpg,TP,2,14,0.941614234490224,13976,14723,161.0709326953191,169.67997582092036
ZAINA-679-B_001_jpg.rf.42f7c9c2b999e82410968535976ef160_r0c0.jpg,TP,1,8,0.932746070260576,17848,18793,205.69504913752542,216.58600730846678
ZAINA-679-B_001_jpg.rf.42f7c9c2b999e82410968535976ef160_r0c0.jpg,TP,4,20,0.9300849078252887,12203,13029,140.63742069841004,150.1569248774551
ZAINA-679-B_001_jpg.rf.42f7c9c2b999e82410968535976ef160_r0c0.jpg,TP,6,18,0.916510067114094,6846,7432,78.89894141615301,85.65248796448279
ZAINA-679-B_001_jpg.rf.42f7c9c2b999e82410968535976ef160_r0c0.jpg,TP,0,0,0.9138699638321137,10891,11863,125.5168523171666,136.7189807215634
ZAINA-679-B_001_jpg.rf.42f7c9c2b999e82410968535976ef160_r0c0.jpg,TP,10,22,0.8931282461046743,4492,4985,51.76950698822076,57.451244954648374
ZAINA-679-B_001_jpg.rf.42f7c9c2b999e82410968535976ef160_r0c0.jpg,TP,18,11,0.8816428676578831,6018,6764,69.35638759018534,77.9539058923253
ZAINA-679-B_001_jpg.rf.42f7c9c2b999e82410968535976ef160_r0c0.jpg,TP,12,15,0.8780256288561936,15242,16414,175.66135919734214,189.1684522940017
ZAINA-679-B_001_jpg.rf.42f7c9c2b999e82410968535976ef160_r0c0.jpg,TP,9,25,0.8778397768035073,4408,5015,50.80142181747042,57.79698965848778
ZAINA-679-B_001_jpg.rf.42f7c9c2b999e82410968535976ef160_r0c0.jpg,TP,16,9,0.8734812894864733,10870,12260,125.274831024479,141.29433563570493
ZAINA-679-B_001_jpg.rf.42f7c9c2b999e82410968535976ef160_r0c0.jpg,TP,23,23,0.8709731263562009,10592,11826,122.07093010223382,136.29256225349482
ZAINA-679-B_001_jpg.rf.42f7c9c2b999e82410968535976ef160_r0c0.jpg,TP,27,26,0.856020942408377,2205,2049,25.41223573219652,23.6143632722316
ZAINA-679-B_001_jpg.rf.42f7c9c2b999e82410968535976ef160_r0c0.jpg,TP,26,5,0.8519072550486163,1140,1336,13.138298745897522,15.39716414431499
ZAINA-679-B_001_jpg.rf.42f7c9c2b999e82410968535976ef160_r0c0.jpg,TP,13,10,0.8334190231362468,6485,7779,74.7384801466188,89.65160170555862
ZAINA-679-B_001_jpg.rf.42f7c9c2b999e82410968535976ef160_r0c0.jpg,TP,11,7,0.8280980324473594,4892,5700,56.379436372746206,65.6914937294876
ZAINA-679-B_001_jpg.rf.42f7c9c2b999e82410968535976ef160_r0c0.jpg,TP,15,16,0.8196893000523652,4777,5648,55.05408167469514,65.0922029094993
ZAINA-679-B_001_jpg.rf.42f7c9c2b999e82410968535976ef160_r0c0.jpg,TP,8,17,0.8147268408551069,6539,7977,75.36082061352974,91.93351675089872
ZAINA-679-B_001_jpg.rf.42f7c9c2b999e82410968535976ef160_r0c0.jpg,TP,28,6,0.8141579731743667,11661,12685,134.39096638237808,146.19238560676322
ZAINA-679-B_001_jpg.rf.42f7c9c2b999e82410968535976ef160_r0c0.jpg,TP,25,21,0.8111140796152818,12593,14523,145.13210184832235,167.37501112865763
ZAINA-679-B_001_jpg.rf.42f7c9c2b999e82410968535976ef160_r0c0.jpg,TP,24,1,0.752101591844035,4550,5246,52.437946748976955,60.459223878051226
ZAINA-679-B_001_jpg.rf.42f7c9c2b999e82410968535976ef160_r0c0.jpg,TP,14,24,0.7426852611430134,5432,7314,62.60284104185556,84.29255879604779
ZAINA-679-B_001_jpg.rf.42f7c9c2b999e82410968535976ef160_r0c0.jpg,TP,17,19,0.6940639269406392,2903,4146,33.45656250819343,47.78191807060625
ZAINA-679-B_001_jpg.rf.42f7c9c2b999e82410968535976ef160_r0c0.jpg,FP,3,-1,0.0,0,38923,0.0,448.58070358470985
ZAINA-679-B_001_jpg.rf.42f7c9c2b999e82410968535976ef160_r0c0.jpg,FP,5,-1,0.0,0,20301,0.0,233.9654410881277
ZAINA-679-B_001_jpg.rf.42f7c9c2b999e82410968535976ef160_r0c0.jpg,FP,7,-1,0.0,0,20093,0.0,231.56827780817449
ZAINA-679-B_001_jpg.rf.42f7c9c2b999e82410968535976ef160_r0c0.jpg,FP,19,-1,0.0,0,4941,0.0,56.94415272235057
ZAINA-679-B_001_jpg.rf.42f7c9c2b999e82410968535976ef160_r0c0.jpg,FP,20,-1,0.0,0,2043,0.0,23.54521433146372
ZAINA-679-B_001_jpg.rf.42f7c9c2b999e82410968535976ef160_r0c0.jpg,FP,21,-1,0.0,0,30803,0.0,354.9991370788433
ZAINA-679-B_001_jpg.rf.42f7c9c2b999e82410968535976ef160_r0c0.jpg,FP,22,-1,0.0,0,3311,0.0,38.15869048040938
ZAINA-679-B_001_jpg.rf.42f7c9c2b999e82410968535976ef160_r0c0.jpg,FP,29,-1,0.0,0,6361,0.0,73.30940203741591
ZAINA-679-B_001_jpg.rf.42f7c9c2b999e82410968535976ef160_r0c0.jpg,FN,-1,2,0.0,18996,0,218.92554647111345,0.0
ZAINA-679-B_001_jpg.rf.42f7c9c2b999e82410968535976ef160_r0c0.jpg,FN,-1,3,0.0,77423,0,892.2864068452841,0.0
ZAINA-679-B_001_jpg.rf.42f7c9c2b999e82410968535976ef160_r0c0.jpg,FN,-1,4,0.0,42362,0,488.2145714681674,0.0
ZAINA-679-B_001_jpg.rf.42f7c9c2b999e82410968535976ef160_r0c0.jpg,FN,-1,12,0.0,11666,0,134.44859049968466,0.0
ZAINA-679-B_001_jpg.rf.42f7c9c2b999e82410968535976ef160_r0c0.jpg,FN,-1,13,0.0,1676,0,19.31560412116162,0.0
ZAINA-679-B_001_jpg.rf.42f7c9c2b999e82410968535976ef160_r0c0.jpg,FN,-1,27,0.0,15930,0,183.5904377387259,0.0
ZAINA-679-B_001_jpg.rf.42f7c9c2b999e82410968535976ef160_r0c0.jpg,FN,-1,28,0.0,3531,0,40.69415164189838,0.0
ZAINA-679-B_001_jpg.rf.42f7c9c2b999e82410968535976ef160_r0c1.jpg,TP,30,32,0.9287294345361538,13460,14441,155.12412378928127,166.42997560482993
ZAINA-679-B_001_jpg.rf.42f7c9c2b999e82410968535976ef160_r0c1.jpg,TP,25,9,0.9209946246954639,24801,24874,285.827146664039,286.6684587767149
ZAINA-679-B_001_jpg.rf.42f7c9c2b999e82410968535976ef160_r0c1.jpg,TP,21,36,0.8982062780269058,2069,2164,23.84485974145787,24.939717970282665
ZAINA-679-B_001_jpg.rf.42f7c9c2b999e82410968535976ef160_r0c1.jpg,TP,14,11,0.8919453789827825,4849,4711,55.88386896390972,54.29344332624844
ZAINA-679-B_001_jpg.rf.42f7c9c2b999e82410968535976ef160_r0c1.jpg,TP,0,30,0.8860960865415208,5570,6286,64.19326667951684,72.44504027781738
ZAINA-679-B_001_jpg.rf.42f7c9c2b999e82410968535976ef160_r0c1.jpg,TP,7,13,0.8834696261682243,12301,13495,141.76685339761877,155.52749261042723
ZAINA-679-B_001_jpg.rf.42f7c9c2b999e82410968535976ef160_r0c1.jpg,TP,2,35,0.8811387900355871,11253,12534,129.6888384101621,144.45213726410486
ZAINA-679-B_001_jpg.rf.42f7c9c2b999e82410968535976ef160_r0c1.jpg,TP,4,8,0.8713641950020483,4291,4845,49.453017472496725,55.83776967006447
ZAINA-679-B_001_jpg.rf.42f7c9c2b999e82410968535976ef160_r0c1.jpg,TP,5,20,0.851258581235698,6379,6565,73.51684885971956,75.66046602352388
ZAINA-679-B_001_jpg.rf.42f7c9c2b999e82410968535976ef160_r0c1.jpg,TP,11,14,0.8293745727956254,11156,10255,128.57093053441469,118.18706459577113
ZAINA-679-B_001_jpg.rf.42f7c9c2b999e82410968535976ef160_r0c1.jpg,TP,1,19,0.8276134567622488,7354,8835,84.75355173450033,101.82181528070579
ZAINA-679-B_001_jpg.rf.42f7c9c2b999e82410968535976ef160_r0c1.jpg,TP,19,10,0.8238223993169205,6767,6049,77.98848036270924,69.71365711748606
ZAINA-679-B_001_jpg.rf.42f7c9c2b999e82410968535976ef160_r0c1.jpg,TP,33,12,0.8189621022052027,6268,7507,72.23759345551375,86.51684972408131
ZAINA-679-B_001_jpg.rf.42f7c9c2b999e82410968535976ef160_r0c1.jpg,TP,31,26,0.8174237436910248,3802,4480,43.817378799914366,51.631209106685
ZAINA-679-B_001_jpg.rf.42f7c9c2b999e82410968535976ef160_r0c1.jpg,TP,9,6,0.8156351791530945,1265,1522,14.578901678561724,17.540781308119325
ZAINA-679-B_001_jpg.rf.42f7c9c2b999e82410968535976ef160_r0c1.jpg,TP,29,2,0.8085327783558793,782,956,9.012411946747248,11.017731229015817
ZAINA-679-B_001_jpg.rf.42f7c9c2b999e82410968535976ef160_r0c1.jpg,TP,12,27,0.7982155113246396,3501,4359,40.34840693805897,50.23670546786605
ZAINA-679-B_001_jpg.rf.42f7c9c2b999e82410968535976ef160_r0c1.jpg,TP,15,25,0.788354898336414,876,1059,10.095745352110727,12.204788045531119
ZAINA-679-B_001_jpg.rf.42f7c9c2b999e82410968535976ef160_r0c1.jpg,TP,13,4,0.766735112936345,2259,2043,26.03457619910746,23.54521433146372
ZAINA-679-B_001_jpg.rf.42f7c9c2b999e82410968535976ef160_r0c1.jpg,TP,27,3,0.7428023032629558,786,1030,9.058511240592502,11.870568165153024
ZAINA-679-B_001_jpg.rf.42f7c9c2b999e82410968535976ef160_r0c1.jpg,TP,3,5,0.7296660117878192,1976,2426,22.773051159555706,27.959221717146832
ZAINA-679-B_001_jpg.rf.42f7c9c2b999e82410968535976ef160_r0c1.jpg,TP,6,1,0.7295597484276729,846,1079,9.75000064827132,12.435284514757392
ZAINA-679-B_001_jpg.rf.42f7c9c2b999e82410968535976ef160_r0c1.jpg,TP,18,16,0.7213520197856554,875,1213,10.084220528649414,13.979610858573416
ZAINA-679-B_001_jpg.rf.42f7c9c2b999e82410968535976ef160_r0c1.jpg,TP,28,31,0.6541826134499726,17310,12945,199.4946941153387,149.18883970670475
ZAINA-679-B_001_jpg.rf.42f7c9c2b999e82410968535976ef160_r0c1.jpg,TP,35,21,0.564025005041339,9910,5602,114.21100050161793,64.56206103027887
ZAINA-679-B_001_jpg.rf.42f7c9c2b999e82410968535976ef160_r0c1.jpg,TP,26,17,0.5614469472794251,15529,10327,178.96898353073914,119.01685188498571
ZAINA-679-B_001_jpg.rf.42f7c9c2b999e82410968535976ef160_r0c1.jpg,FP,8,-1,0.0,0,5828,0.0,67.16667113253575
ZAINA-679-B_001_jpg.rf.42f7c9c2b999e82410968535976ef160_r0c1.jpg,FP,10,-1,0.0,0,2643,0.0,30.460108408251887
ZAINA-679-B_001_jpg.rf.42f7c9c2b999e82410968535976ef160_r0c1.jpg,FP,16,-1,0.0,0,3812,0.0,43.932627034527506
ZAINA-679-B_001_jpg.rf.42f7c9c2b999e82410968535976ef160_r0c1.jpg,FP,17,-1,0.0,0,6600,0.0,76.06383484466987
ZAINA-679-B_001_jpg.rf.42f7c9c2b999e82410968535976ef160_r0c1.jpg,FP,20,-1,0.0,0,15587,0.0,179.63742329149534
ZAINA-679-B_001_jpg.rf.42f7c9c2b999e82410968535976ef160_r0c1.jpg,FP,22,-1,0.0,0,14592,0.0,168.1702239474883
ZAINA-679-B_001_jpg.rf.42f7c9c2b999e82410968535976ef160_r0c1.jpg,FP,23,-1,0.0,0,1224,0.0,14.106383916647866
ZAINA-679-B_001_jpg.rf.42f7c9c2b999e82410968535976ef160_r0c1.jpg,FP,24,-1,0.0,0,7663,0.0,88.31472218404623
ZAINA-679-B_001_jpg.rf.42f7c9c2b999e82410968535976ef160_r0c1.jpg,FP,32,-1,0.0,0,4202,0.0,48.427308184439816
ZAINA-679-B_001_jpg.rf.42f7c9c2b999e82410968535976ef160_r0c1.jpg,FP,34,-1,0.0,0,3418,0.0,39.39184659076994
ZAINA-679-B_001_jpg.rf.42f7c9c2b999e82410968535976ef160_r0c1.jpg,FN,-1,0,0.0,47028,0,541.9893977386567,0.0
ZAINA-679-B_001_jpg.rf.42f7c9c2b999e82410968535976ef160_r0c1.jpg,FN,-1,7,0.0,2754,0,31.739363812457697,0.0
ZAINA-679-B_001_jpg.rf.42f7c9c2b999e82410968535976ef160_r0c1.jpg,FN,-1,15,0.0,2270,0,26.161349257181907,0.0
ZAINA-679-B_001_jpg.rf.42f7c9c2b999e82410968535976ef160_r0c1.jpg,FN,-1,18,0.0,916,0,10.556738290563272,0.0
ZAINA-679-B_001_jpg.rf.42f7c9c2b999e82410968535976ef160_r0c1.jpg,FN,-1,22,0.0,10899,0,125.6090509048571,0.0
ZAINA-679-B_001_jpg.rf.42f7c9c2b999e82410968535976ef160_r0c1.jpg,FN,-1,23,0.0,704,0,8.113475716764786,0.0
ZAINA-679-B_001_jpg.rf.42f7c9c2b999e82410968535976ef160_r0c1.jpg,FN,-1,24,0.0,848,0,9.773050295193947,0.0
ZAINA-679-B_001_jpg.rf.42f7c9c2b999e82410968535976ef160_r0c1.jpg,FN,-1,28,0.0,894,0,10.303192174414372,0.0
ZAINA-679-B_001_jpg.rf.42f7c9c2b999e82410968535976ef160_r0c1.jpg,FN,-1,29,0.0,863,0,9.945922647113651,0.0
ZAINA-679-B_001_jpg.rf.42f7c9c2b999e82410968535976ef160_r0c1.jpg,FN,-1,33,0.0,724,0,8.343972185991058,0.0
ZAINA-679-B_001_jpg.rf.42f7c9c2b999e82410968535976ef160_r0c1.jpg,FN,-1,34,0.0,732,0,8.436170773681567,0.0
ZAINA-679-B_001_jpg.rf.42f7c9c2b999e82410968535976ef160_r0c1.jpg,FN,-1,37,0.0,9673,0,111.47961734128661,0.0
ZAINA-679-B_001_jpg.rf.42f7c9c2b999e82410968535976ef160_r0c2.jpg,TP,0,0,0.9192412983965584,9402,10228,108.35639018327062,117.87589436231566
ZAINA-679-B_001_jpg.rf.42f7c9c2b999e82410968535976ef160_r0c2.jpg,TP,1,8,0.9134529415270907,15401,16701,177.493806127691,192.4760766273987
ZAINA-679-B_001_jpg.rf.42f7c9c2b999e82410968535976ef160_r0c2.jpg,TP,2,7,0.9039250021354746,44983,44174,518.4211337602703,509.09755158006766
ZAINA-679-B_001_jpg.rf.42f7c9c2b999e82410968535976ef160_r0c2.jpg,TP,10,22,0.8682241349025118,25463,27716,293.4565797954286,319.4220070537682
ZAINA-679-B_001_jpg.rf.42f7c9c2b999e82410968535976ef160_r0c2.jpg,TP,9,27,0.8673395818312906,1308,1282,15.07446908739821,14.774823677404056
ZAINA-679-B_001_jpg.rf.42f7c9c2b999e82410968535976ef160_r0c2.jpg,TP,4,1,0.8602846054333765,4690,5376,54.05142203356086,61.957450928022
ZAINA-679-B_001_jpg.rf.42f7c9c2b999e82410968535976ef160_r0c2.jpg,TP,3,5,0.8332863981976908,2976,3534,34.29787462086932,40.72872611228232
ZAINA-679-B_001_jpg.rf.42f7c9c2b999e82410968535976ef160_r0c2.jpg,TP,6,3,0.8327839376685646,5783,6449,66.64805407677665,74.32358650201151
ZAINA-679-B_001_jpg.rf.42f7c9c2b999e82410968535976ef160_r0c2.jpg,TP,16,10,0.8327697943082558,17983,21044,207.25090030480274,242.52838491988373
ZAINA-679-B_001_jpg.rf.42f7c9c2b999e82410968535976ef160_r0c2.jpg,TP,5,15,0.8308938025537216,19417,21736,223.7774971483265,250.50356275511274
ZAINA-679-B_001_jpg.rf.42f7c9c2b999e82410968535976ef160_r0c2.jpg,TP,7,6,0.82508155824218,8657,10364,99.77039670459197,119.44327035305432
ZAINA-679-B_001_jpg.rf.42f7c9c2b999e82410968535976ef160_r0c2.jpg,TP,15,13,0.7684659090909091,557,688,6.419326667951684,7.929078541383768
ZAINA-679-B_001_jpg.rf.42f7c9c2b999e82410968535976ef160_r0c2.jpg,TP,20,11,0.7447199265381084,5381,4119,62.015075045328565,47.47074783715078
ZAINA-679-B_001_jpg.rf.42f7c9c2b999e82410968535976ef160_r0c2.jpg,TP,11,12,0.7366854118425405,20837,15913,240.1427464633918,183.39451573988356
ZAINA-679-B_001_jpg.rf.42f7c9c2b999e82410968535976ef160_r0c2.jpg,TP,17,9,0.6983471074380165,1915,1373,22.070036928415576,15.823582612383595
ZAINA-679-B_001_jpg.rf.42f7c9c2b999e82410968535976ef160_r0c2.jpg,TP,19,2,0.6745547073791348,18984,13921,218.78724858957767,160.43706740494684
ZAINA-679-B_001_jpg.rf.42f7c9c2b999e82410968535976ef160_r0c2.jpg,TP,14,17,0.5777495501217318,16404,28311,189.05320405938855,326.2792770132498
ZAINA-679-B_001_jpg.rf.42f7c9c2b999e82410968535976ef160_r0c2.jpg,TP,18,25,0.5534632658947629,44397,31005,511.6675872119406,357.3271514180287
ZAINA-679-B_001_jpg.rf.42f7c9c2b999e82410968535976ef160_r0c2.jpg,FP,8,-1,0.0,0,7673,0.0,88.42997041865938
ZAINA-679-B_001_jpg.rf.42f7c9c2b999e82410968535976ef160_r0c2.jpg,FP,12,-1,0.0,0,3401,0.0,39.19592459192761
ZAINA-679-B_001_jpg.rf.42f7c9c2b999e82410968535976ef160_r0c2.jpg,FP,13,-1,0.0,0,6940,0.0,79.9822748215165
ZAINA-679-B_001_jpg.rf.42f7c9c2b999e82410968535976ef160_r0c2.jpg,FP,21,-1,0.0,0,6330,0.0,72.95213251011519
ZAINA-679-B_001_jpg.rf.42f7c9c2b999e82410968535976ef160_r0c2.jpg,FP,22,-1,0.0,0,11517,0.0,132.73139180394892
ZAINA-679-B_001_jpg.rf.42f7c9c2b999e82410968535976ef160_r0c2.jpg,FN,-1,4,0.0,14462,0,166.67199689751752,0.0
ZAINA-679-B_001_jpg.rf.42f7c9c2b999e82410968535976ef160_r0c2.jpg,FN,-1,14,0.0,4217,0,48.60018053635952,0.0
ZAINA-679-B_001_jpg.rf.42f7c9c2b999e82410968535976ef160_r0c2.jpg,FN,-1,16,0.0,1168,0,13.460993802814304,0.0
ZAINA-679-B_001_jpg.rf.42f7c9c2b999e82410968535976ef160_r0c2.jpg,FN,-1,18,0.0,4837,0,55.74557108237396,0.0
ZAINA-679-B_001_jpg.rf.42f7c9c2b999e82410968535976ef160_r0c2.jpg,FN,-1,19,0.0,9018,0,103.93085797412618,0.0
ZAINA-679-B_001_jpg.rf.42f7c9c2b999e82410968535976ef160_r0c2.jpg,FN,-1,20,0.0,573,0,6.603723843332702,0.0
ZAINA-679-B_001_jpg.rf.42f7c9c2b999e82410968535976ef160_r0c2.jpg,FN,-1,21,0.0,39232,0,452.14187403425575,0.0
ZAINA-679-B_001_jpg.rf.42f7c9c2b999e82410968535976ef160_r0c2.jpg,FN,-1,23,0.0,5952,0,68.59574924173864,0.0
ZAINA-679-B_001_jpg.rf.42f7c9c2b999e82410968535976ef160_r0c2.jpg,FN,-1,24,0.0,3828,0,44.11702420990852,0.0
ZAINA-679-B_001_jpg.rf.42f7c9c2b999e82410968535976ef160_r0c2.jpg,FN,-1,26,0.0,5457,0,62.8909616283884,0.0
ZAINA-679-B_001_jpg.rf.42f7c9c2b999e82410968535976ef160_r0c2.jpg,FN,-1,28,0.0,1485,0,17.11436284005072,0.0
ZAINA-679-B_001_jpg.rf.42f7c9c2b999e82410968535976ef160_r1c0.jpg,TP,12,0,0.9088637953432597,9377,9725,108.06826959673778,112.07890816127491
ZAINA-679-B_001_jpg.rf.42f7c9c2b999e82410968535976ef160_r1c0.jpg,TP,0,3,0.8921369067812582,51627,48766,594.992060837238,562.0195409144197
ZAINA-679-B_001_jpg.rf.42f7c9c2b999e82410968535976ef160_r1c0.jpg,TP,6,21,0.884026729898685,8292,9188,95.5638361412125,105.8900779625495
ZAINA-679-B_001_jpg.rf.42f7c9c2b999e82410968535976ef160_r1c0.jpg,TP,3,24,0.8774314506679166,3748,4263,43.19503833300343,49.13032241557995
ZAINA-679-B_001_jpg.rf.42f7c9c2b999e82410968535976ef160_r1c0.jpg,TP,2,7,0.8734559170202735,9263,10605,106.75443972214802,122.2207528072309
ZAINA-679-B_001_jpg.rf.42f7c9c2b999e82410968535976ef160_r1c0.jpg,TP,15,6,0.8693544271497831,7321,7331,84.37323256027697,84.48848079489012
ZAINA-679-B_001_jpg.rf.42f7c9c2b999e82410968535976ef160_r1c0.jpg,TP,10,9,0.8616144975288303,11021,12709,127.01507936713736,146.46898136983475
ZAINA-679-B_001_jpg.rf.42f7c9c2b999e82410968535976ef160_r1c0.jpg,TP,5,13,0.8497337515500766,11814,13544,136.15426437195904,156.0922089600316
ZAINA-679-B_001_jpg.rf.42f7c9c2b999e82410968535976ef160_r1c0.jpg,TP,13,14,0.8437440848003028,8981,10500,103.50443950605758,121.01064634379297
ZAINA-679-B_001_jpg.rf.42f7c9c2b999e82410968535976ef160_r1c0.jpg,TP,19,10,0.838747370881047,7261,8475,83.68174315259816,97.6728788346329
ZAINA-679-B_001_jpg.rf.42f7c9c2b999e82410968535976ef160_r1c0.jpg,TP,9,22,0.8341919739696312,6153,7376,70.91223875746267,85.00709785064923
ZAINA-679-B_001_jpg.rf.42f7c9c2b999e82410968535976ef160_r1c0.jpg,TP,7,8,0.8312588904694168,4929,5370,56.80585484081481,61.88830198725412
ZAINA-679-B_001_jpg.rf.42f7c9c2b999e82410968535976ef160_r1c0.jpg,TP,24,16,0.8262257696693273,10998,13026,126.75000842752715,150.12235040707117
ZAINA-679-B_001_jpg.rf.42f7c9c2b999e82410968535976ef160_r1c0.jpg,TP,20,11,0.8256227758007118,4358,3850,50.22518064440474,44.37057032605742
ZAINA-679-B_001_jpg.rf.42f7c9c2b999e82410968535976ef160_r1c0.jpg,TP,16,5,0.8213241616509028,5653,4938,65.14982702680587,56.909578251966636
ZAINA-679-B_001_jpg.rf.42f7c9c2b999e82410968535976ef160_r1c0.jpg,TP,14,23,0.8092272202998847,4154,3689,47.87411665829676,42.51507374878593
ZAINA-679-B_001_jpg.rf.42f7c9c2b999e82410968535976ef160_r1c0.jpg,TP,1,2,0.8010888586428154,12360,15429,142.4468179818363,177.81650118460777
ZAINA-679-B_001_jpg.rf.42f7c9c2b999e82410968535976ef160_r1c0.jpg,TP,27,12,0.801007556675063,1891,1684,21.79344116534405,19.407802708852127
ZAINA-679-B_001_jpg.rf.42f7c9c2b999e82410968535976ef160_r1c0.jpg,TP,18,18,0.7937946271332971,31161,24861,359.12502387799356,286.5186360717178
ZAINA-679-B_001_jpg.rf.42f7c9c2b999e82410968535976ef160_r1c0.jpg,TP,29,25,0.7445317931440184,16033,16588,184.7774945552412,191.17377157627027
ZAINA-679-B_001_jpg.rf.42f7c9c2b999e82410968535976ef160_r1c0.jpg,TP,17,1,0.7043163201008191,4471,6348,51.52748569553317,73.15957933241883
ZAINA-679-B_001_jpg.rf.42f7c9c2b999e82410968535976ef160_r1c0.jpg,TP,4,17,0.7020901100422174,27221,21966,313.7172194404179,253.15427215121488
ZAINA-679-B_001_jpg.rf.42f7c9c2b999e82410968535976ef160_r1c0.jpg,TP,8,19,0.5987803148489576,34131,22234,393.35374955809505,256.24292483884693
ZAINA-679-B_001_jpg.rf.42f7c9c2b999e82410968535976ef160_r1c0.jpg,FP,11,-1,0.0,0,7616,0.0,87.7730554813645
ZAINA-679-B_001_jpg.rf.42f7c9c2b999e82410968535976ef160_r1c0.jpg,FP,21,-1,0.0,0,10150,0.0,116.9769581323332
ZAINA-679-B_001_jpg.rf.42f7c9c2b999e82410968535976ef160_r1c0.jpg,FP,22,-1,0.0,0,10651,0.0,122.75089468645132
ZAINA-679-B_001_jpg.rf.42f7c9c2b999e82410968535976ef160_r1c0.jpg,FP,23,-1,0.0,0,6173,0.0,71.14273522668896
ZAINA-679-B_001_jpg.rf.42f7c9c2b999e82410968535976ef160_r1c0.jpg,FP,25,-1,0.0,0,5918,0.0,68.20390524405398
ZAINA-679-B_001_jpg.rf.42f7c9c2b999e82410968535976ef160_r1c0.jpg,FP,26,-1,0.0,0,3781,0.0,43.575357507226784
ZAINA-679-B_001_jpg.rf.42f7c9c2b999e82410968535976ef160_r1c0.jpg,FP,28,-1,0.0,0,8656,0.0,99.75887188113066
ZAINA-679-B_001_jpg.rf.42f7c9c2b999e82410968535976ef160_r1c0.jpg,FP,30,-1,0.0,0,3046,0.0,35.10461226316127
ZAINA-679-B_001_jpg.rf.42f7c9c2b999e82410968535976ef160_r1c0.jpg,FN,-1,4,0.0,8426,0,97.10816248502853,0.0
ZAINA-679-B_001_jpg.rf.42f7c9c2b999e82410968535976ef160_r1c0.jpg,FN,-1,15,0.0,43164,0,497.4574798841409,0.0
ZAINA-679-B_001_jpg.rf.42f7c9c2b999e82410968535976ef160_r1c0.jpg,FN,-1,20,0.0,6208,0,71.54610404783493,0.0
ZAINA-679-B_001_jpg.rf.42f7c9c2b999e82410968535976ef160_r1c0.jpg,FN,-1,26,0.0,9725,0,112.07890816127491,0.0
ZAINA-679-B_001_jpg.rf.42f7c9c2b999e82410968535976ef160_r1c0.jpg,FN,-1,27,0.0,17066,0,196.68263719077817,0.0
ZAINA-679-B_001_jpg.rf.42f7c9c2b999e82410968535976ef160_r1c1.jpg,TP,22,6,0.9023370233702337,11011,12188,126.89983113252423,140.46454834649035
ZAINA-679-B_001_jpg.rf.42f7c9c2b999e82410968535976ef160_r1c1.jpg,TP,3,11,0.8995554320644623,6488,7185,74.77305461700274,82.80585656953834
ZAINA-679-B_001_jpg.rf.42f7c9c2b999e82410968535976ef160_r1c1.jpg,TP,9,9,0.8970008060068723,21273,23445,245.16756949252454,270.19948605049774
ZAINA-679-B_001_jpg.rf.42f7c9c2b999e82410968535976ef160_r1c1.jpg,TP,1,14,0.8953370501773948,10691,11746,123.21188762490387,135.37057637658972
ZAINA-679-B_001_jpg.rf.42f7c9c2b999e82410968535976ef160_r1c1.jpg,TP,2,24,0.8941499676793795,5533,6188,63.766848211448234,71.31560757860865
ZAINA-679-B_001_jpg.rf.42f7c9c2b999e82410968535976ef160_r1c1.jpg,TP,6,1,0.8792889623811493,6441,7197,74.231387914321,82.9441544510741
ZAINA-679-B_001_jpg.rf.42f7c9c2b999e82410968535976ef160_r1c1.jpg,TP,26,23,0.8792574317005657,31191,31268,359.470768581833,360.35817998835415
ZAINA-679-B_001_jpg.rf.42f7c9c2b999e82410968535976ef160_r1c1.jpg,TP,4,19,0.8787811879001988,7972,9046,91.87589263359214,104.25355303104297
ZAINA-679-B_001_jpg.rf.42f7c9c2b999e82410968535976ef160_r1c1.jpg,TP,18,5,0.8753162777621591,6284,7057,72.42199063089477,81.33067916649019
ZAINA-679-B_001_jpg.rf.42f7c9c2b999e82410968535976ef160_r1c1.jpg,TP,20,26,0.8683862849952816,14148,15550,163.05320233066504,179.21100482342672
ZAINA-679-B_001_jpg.rf.42f7c9c2b999e82410968535976ef160_r1c1.jpg,TP,5,21,0.8560875512995896,9546,10806,110.01596476169978,124.53724232295494
ZAINA-679-B_001_jpg.rf.42f7c9c2b999e82410968535976ef160_r1c1.jpg,TP,16,17,0.8535877229365408,2103,2366,24.236703739142534,27.267732309468016
ZAINA-679-B_001_jpg.rf.42f7c9c2b999e82410968535976ef160_r1c1.jpg,TP,11,2,0.8527112232030265,3381,3965,38.96542812270133,45.69592502410848
ZAINA-679-B_001_jpg.rf.42f7c9c2b999e82410968535976ef160_r1c1.jpg,TP,15,25,0.8271989599210975,41854,39661,482.3599611498201,457.0860232991593
ZAINA-679-B_001_jpg.rf.42f7c9c2b999e82410968535976ef160_r1c1.jpg,TP,23,3,0.8243303571428572,3695,4478,42.58422268955381,51.60815945976237
ZAINA-679-B_001_jpg.rf.42f7c9c2b999e82410968535976ef160_r1c1.jpg,TP,0,7,0.8212758679664786,9604,11694,110.68440452245596,134.7712855566014
ZAINA-679-B_001_jpg.rf.42f7c9c2b999e82410968535976ef160_r1c1.jpg,TP,7,18,0.8161820480404551,6467,7899,74.53103332431516,91.03458052091625
ZAINA-679-B_001_jpg.rf.42f7c9c2b999e82410968535976ef160_r1c1.jpg,TP,8,8,0.7968157695223654,4725,4755,54.454790854706836,54.800535558546244
ZAINA-679-B_001_jpg.rf.42f7c9c2b999e82410968535976ef160_r1c1.jpg,TP,13,22,0.7215931386288469,33108,28315,381.5638551571712,326.32537630709504
ZAINA-679-B_001_jpg.rf.42f7c9c2b999e82410968535976ef160_r1c1.jpg,TP,14,4,0.6780487804878049,695,1025,8.009752305612963,11.812944047846456
ZAINA-679-B_001_jpg.rf.42f7c9c2b999e82410968535976ef160_r1c1.jpg,TP,19,16,0.6698271054099275,6540,5436,75.37234543699105,62.648940335700814
ZAINA-679-B_001_jpg.rf.42f7c9c2b999e82410968535976ef160_r1c1.jpg,TP,28,15,0.5776715899218071,56255,34540,648.3289438161975,398.0674023537723
ZAINA-679-B_001_jpg.rf.42f7c9c2b999e82410968535976ef160_r1c1.jpg,TP,17,0,0.5444730077120823,19436,10604,223.99646879409144,122.20922798376958
ZAINA-679-B_001_jpg.rf.42f7c9c2b999e82410968535976ef160_r1c1.jpg,FP,10,-1,0.0,0,7845,0.0,90.41224005400531
ZAINA-679-B_001_jpg.rf.42f7c9c2b999e82410968535976ef160_r1c1.jpg,FP,12,-1,0.0,0,14651,0.0,168.85018853170578
ZAINA-679-B_001_jpg.rf.42f7c9c2b999e82410968535976ef160_r1c1.jpg,FP,21,-1,0.0,0,3114,0.0,35.8883002585306
ZAINA-679-B_001_jpg.rf.42f7c9c2b999e82410968535976ef160_r1c1.jpg,FP,24,-1,0.0,0,19856,0.0,228.83689464784317
ZAINA-679-B_001_jpg.rf.42f7c9c2b999e82410968535976ef160_r1c1.jpg,FP,25,-1,0.0,0,7077,0.0,81.56117563571645
ZAINA-679-B_001_jpg.rf.42f7c9c2b999e82410968535976ef160_r1c1.jpg,FP,27,-1,0.0,0,25724,0.0,296.4645587188314
ZAINA-679-B_001_jpg.rf.42f7c9c2b999e82410968535976ef160_r1c1.jpg,FP,29,-1,0.0,0,4782,0.0,55.11170579200171
ZAINA-679-B_001_jpg.rf.42f7c9c2b999e82410968535976ef160_r1c1.jpg,FP,30,-1,0.0,0,5729,0.0,66.0257136098657
ZAINA-679-B_001_jpg.rf.42f7c9c2b999e82410968535976ef160_r1c1.jpg,FP,31,-1,0.0,0,2961,0.0,34.125002268949615
ZAINA-679-B_001_jpg.rf.42f7c9c2b999e82410968535976ef160_r1c1.jpg,FN,-1,10,0.0,862,0,9.934397823652336,0.0
ZAINA-679-B_001_jpg.rf.42f7c9c2b999e82410968535976ef160_r1c1.jpg,FN,-1,12,0.0,21130,0,243.5195197375567,0.0
ZAINA-679-B_001_jpg.rf.42f7c9c2b999e82410968535976ef160_r1c1.jpg,FN,-1,13,0.0,5303,0,61.116138815346105,0.0
ZAINA-679-B_001_jpg.rf.42f7c9c2b999e82410968535976ef160_r1c1.jpg,FN,-1,20,0.0,25193,0,290.34487746087393,0.0
ZAINA-679-B_001_jpg.rf.42f7c9c2b999e82410968535976ef160_r1c2.jpg,TP,1,0,0.9374180068995676,19894,19980,229.27483793937307,230.26597275704606
ZAINA-679-B_001_jpg.rf.42f7c9c2b999e82410968535976ef160_r1c2.jpg,TP,0,9,0.9285047601269367,5132,5199,59.145394003461476,59.91755717536949
ZAINA-679-B_001_jpg.rf.42f7c9c2b999e82410968535976ef160_r1c2.jpg,TP,3,13,0.9014875582939034,28430,27430,327.6507310051461,316.12590754383245
ZAINA-679-B_001_jpg.rf.42f7c9c2b999e82410968535976ef160_r1c2.jpg,TP,2,14,0.8828300786132948,32611,35169,375.83601789689834,405.31651631093854
ZAINA-679-B_001_jpg.rf.42f7c9c2b999e82410968535976ef160_r1c2.jpg,TP,4,3,0.8677577454927359,9925,11416,114.38387285353764,131.56738463435624
ZAINA-679-B_001_jpg.rf.42f7c9c2b999e82410968535976ef160_r1c2.jpg,TP,6,2,0.8547517730496453,17004,15686,195.96809813617674,180.7783808141654
ZAINA-679-B_001_jpg.rf.42f7c9c2b999e82410968535976ef160_r1c2.jpg,TP,7,4,0.8118718592964824,5213,6325,60.07890470382788,72.89450839280862
ZAINA-679-B_001_jpg.rf.42f7c9c2b999e82410968535976ef160_r1c2.jpg,TP,9,1,0.8095779546518628,13570,13485,156.39185437002575,155.4122443758141
ZAINA-679-B_001_jpg.rf.42f7c9c2b999e82410968535976ef160_r1c2.jpg,TP,5,5,0.8010419250806251,3263,3997,37.60549895426633,46.06471937487052
ZAINA-679-B_001_jpg.rf.42f7c9c2b999e82410968535976ef160_r1c2.jpg,TP,13,11,0.7691448550478318,49756,59540,573.4291161411203,686.1879888866126
ZAINA-679-B_001_jpg.rf.42f7c9c2b999e82410968535976ef160_r1c2.jpg,TP,11,10,0.7494673018622781,56062,44926,646.104652888164,517.7642188229755
ZAINA-679-B_001_jpg.rf.42f7c9c2b999e82410968535976ef160_r1c2.jpg,FP,8,-1,0.0,0,13981,0.0,161.12855681262567
ZAINA-679-B_001_jpg.rf.42f7c9c2b999e82410968535976ef160_r1c2.jpg,FP,10,-1,0.0,0,11262,0.0,129.79256182131394
ZAINA-679-B_001_jpg.rf.42f7c9c2b999e82410968535976ef160_r1c2.jpg,FP,12,-1,0.0,0,3798,0.0,43.77127950606911
ZAINA-679-B_001_jpg.rf.42f7c9c2b999e82410968535976ef160_r1c2.jpg,FP,14,-1,0.0,0,43922,0.0,506.1932960678166
ZAINA-679-B_001_jpg.rf.42f7c9c2b999e82410968535976ef160_r1c2.jpg,FP,15,-1,0.0,0,6294,0.0,72.5372388655079
ZAINA-679-B_001_jpg.rf.42f7c9c2b999e82410968535976ef160_r1c2.jpg,FP,16,-1,0.0,0,2100,0.0,24.202129268758593
ZAINA-679-B_001_jpg.rf.42f7c9c2b999e82410968535976ef160_r1c2.jpg,FN,-1,6,0.0,5401,0,62.24557151455484,0.0
ZAINA-679-B_001_jpg.rf.42f7c9c2b999e82410968535976ef160_r1c2.jpg,FN,-1,7,0.0,2607,0,30.045214763644598,0.0
ZAINA-679-B_001_jpg.rf.42f7c9c2b999e82410968535976ef160_r1c2.jpg,FN,-1,8,0.0,553,0,6.373227374106429,0.0
ZAINA-679-B_001_jpg.rf.42f7c9c2b999e82410968535976ef160_r1c2.jpg,FN,-1,12,0.0,37030,0,426.7642127724432,0.0
ZAINA-679-B_001_jpg.rf.42f7c9c2b999e82410968535976ef160_r2c0.jpg,TP,9,8,0.9005179496338632,5059,5582,58.30408189078558,64.3315645610526
ZAINA-679-B_001_jpg.rf.42f7c9c2b999e82410968535976ef160_r2c0.jpg,TP,7,3,0.896036036036036,5007,5516,57.70479107079728,63.570926212605904
ZAINA-679-B_001_jpg.rf.42f7c9c2b999e82410968535976ef160_r2c0.jpg,TP,16,22,0.8880423039745267,16007,17198,184.47784914524703,198.20391388767158
ZAINA-679-B_001_jpg.rf.42f7c9c2b999e82410968535976ef160_r2c0.jpg,TP,1,24,0.8842286319132046,6696,7545,77.17021789695598,86.95479301561123
ZAINA-679-B_001_jpg.rf.42f7c9c2b999e82410968535976ef160_r2c0.jpg,TP,21,21,0.8829897288110544,23899,27066,275.4317559019341,311.93087180391433
ZAINA-679-B_001_jpg.rf.42f7c9c2b999e82410968535976ef160_r2c0.jpg,TP,0,6,0.8796024825800556,46737,51991,538.6356741114145,599.1870965771562
ZAINA-679-B_001_jpg.rf.42f7c9c2b999e82410968535976ef160_r2c0.jpg,TP,27,20,0.8761552680221811,9978,11337,114.99468849698725,130.65692358091246
ZAINA-679-B_001_jpg.rf.42f7c9c2b999e82410968535976ef160_r2c0.jpg,TP,13,13,0.8712067748764997,4972,5634,57.301422249651296,64.93085538104091
ZAINA-679-B_001_jpg.rf.42f7c9c2b999e82410968535976ef160_r2c0.jpg,TP,20,19,0.8693257996552385,18188,20851,209.61348911437204,240.3040939918502
ZAINA-679-B_001_jpg.rf.42f7c9c2b999e82410968535976ef160_r2c0.jpg,TP,29,15,0.8490728762397585,14939,15077,172.1693376885641,173.7597633262254
ZAINA-679-B_001_jpg.rf.42f7c9c2b999e82410968535976ef160_r2c0.jpg,TP,3,9,0.8367216912829424,14446,17265,166.48759972213648,198.97607705957958
ZAINA-679-B_001_jpg.rf.42f7c9c2b999e82410968535976ef160_r2c0.jpg,TP,11,18,0.8293848932327632,7858,9362,90.56206275900239,107.89539724481807
ZAINA-679-B_001_jpg.rf.42f7c9c2b999e82410968535976ef160_r2c0.jpg,TP,2,7,0.8252313583661313,8207,8952,94.58422614700085,103.1702196256795
ZAINA-679-B_001_jpg.rf.42f7c9c2b999e82410968535976ef160_r2c0.jpg,TP,12,12,0.8226771359132549,8810,10689,101.53369469417295,123.18883797798124
ZAINA-679-B_001_jpg.rf.42f7c9c2b999e82410968535976ef160_r2c0.jpg,TP,28,16,0.8217864177442836,10524,10749,121.2872421068645,123.88032738566005
ZAINA-679-B_001_jpg.rf.42f7c9c2b999e82410968535976ef160_r2c0.jpg,TP,26,11,0.8151451272904168,5780,5414,66.6134796063927,62.39539421955192
ZAINA-679-B_001_jpg.rf.42f7c9c2b999e82410968535976ef160_r2c0.jpg,TP,18,17,0.8083553031839383,3991,4926,45.99557043410264,56.77128037043087
ZAINA-679-B_001_jpg.rf.42f7c9c2b999e82410968535976ef160_r2c0.jpg,TP,10,2,0.7879038939519469,9465,9957,109.08245406133338,114.75266720429967
ZAINA-679-B_001_jpg.rf.42f7c9c2b999e82410968535976ef160_r2c0.jpg,TP,6,4,0.7207584830339321,3611,5010,41.61613751880347,57.739365541181215
ZAINA-679-B_001_jpg.rf.42f7c9c2b999e82410968535976ef160_r2c0.jpg,TP,17,5,0.7092312640720488,2295,3019,26.44946984371475,34.79344202970581
ZAINA-679-B_001_jpg.rf.42f7c9c2b999e82410968535976ef160_r2c0.jpg,TP,30,23,0.6737179487179488,1174,1437,13.530142743582186,16.561171313907664
ZAINA-679-B_001_jpg.rf.42f7c9c2b999e82410968535976ef160_r2c0.jpg,TP,33,14,0.6532489069802503,9127,12805,105.18706373140937,147.57536442212086
ZAINA-679-B_001_jpg.rf.42f7c9c2b999e82410968535976ef160_r2c0.jpg,TP,19,1,0.6197527842369355,15143,11327,174.5204016746721,130.54167534629931
ZAINA-679-B_001_jpg.rf.42f7c9c2b999e82410968535976ef160_r2c0.jpg,TP,31,0,0.5088678162490093,33764,21450,389.12413934779295,247.20746324517705
ZAINA-679-B_001_jpg.rf.42f7c9c2b999e82410968535976ef160_r2c0.jpg,FP,4,-1,0.0,0,12809,0.0,147.62146371596612
ZAINA-679-B_001_jpg.rf.42f7c9c2b999e82410968535976ef160_r2c0.jpg,FP,5,-1,0.0,0,16971,0.0,195.58777896195338
ZAINA-679-B_001_jpg.rf.42f7c9c2b999e82410968535976ef160_r2c0.jpg,FP,8,-1,0.0,0,4281,0.0,49.33776923788359
ZAINA-679-B_001_jpg.rf.42f7c9c2b999e82410968535976ef160_r2c0.jpg,FP,14,-1,0.0,0,16040,0.0,184.8581683194704
ZAINA-679-B_001_jpg.rf.42f7c9c2b999e82410968535976ef160_r2c0.jpg,FP,15,-1,0.0,0,1845,0.0,21.263299286123623
ZAINA-679-B_001_jpg.rf.42f7c9c2b999e82410968535976ef160_r2c0.jpg,FP,22,-1,0.0,0,3899,0.0,44.935286675661786
ZAINA-679-B_001_jpg.rf.42f7c9c2b999e82410968535976ef160_r2c0.jpg,FP,23,-1,0.0,0,12786,0.0,147.3563927763559
ZAINA-679-B_001_jpg.rf.42f7c9c2b999e82410968535976ef160_r2c0.jpg,FP,24,-1,0.0,0,6992,0.0,80.5815656415048
ZAINA-679-B_001_jpg.rf.42f7c9c2b999e82410968535976ef160_r2c0.jpg,FP,25,-1,0.0,0,10913,0.0,125.77039843331549
ZAINA-679-B_001_jpg.rf.42f7c9c2b999e82410968535976ef160_r2c0.jpg,FP,32,-1,0.0,0,5892,0.0,67.90425983405983
ZAINA-679-B_001_jpg.rf.42f7c9c2b999e82410968535976ef160_r2c0.jpg,FN,-1,10,0.0,45896,0,528.9432975804497,0.0
ZAINA-679-B_001_jpg.rf.42f7c9c2b999e82410968535976ef160_r2c1.jpg,TP,9,7,0.8871663244353183,8856,9525,102.06383657339339,109.7739434690122
ZAINA-679-B_001_jpg.rf.42f7c9c2b999e82410968535976ef160_r2c1.jpg,TP,16,30,0.8860677083333334,5981,5607,68.92996912211673,64.61968514758544
ZAINA-679-B_001_jpg.rf.42f7c9c2b999e82410968535976ef160_r2c1.jpg,TP,10,5,0.8822702076611235,21824,23678,251.51774721970835,272.88476991698377
ZAINA-679-B_001_jpg.rf.42f7c9c2b999e82410968535976ef160_r2c1.jpg,TP,5,22,0.869752308984047,8692,9123,100.17376552573795,105.14096443756412
ZAINA-679-B_001_jpg.rf.42f7c9c2b999e82410968535976ef160_r2c1.jpg,TP,12,14,0.8647177419354839,4328,4921,49.87943594056533,56.713656253124306
ZAINA-679-B_001_jpg.rf.42f7c9c2b999e82410968535976ef160_r2c1.jpg,TP,25,19,0.8588106530463334,2578,2517,29.7109948832665,29.00798065212637
ZAINA-679-B_001_jpg.rf.42f7c9c2b999e82410968535976ef160_r2c1.jpg,TP,0,28,0.8586592603865469,22686,26167,261.4521450433607,301.5700555121934
ZAINA-679-B_001_jpg.rf.42f7c9c2b999e82410968535976ef160_r2c1.jpg,TP,6,8,0.85372460496614,15265,13477,175.92643013695235,155.3200457881236
ZAINA-679-B_001_jpg.rf.42f7c9c2b999e82410968535976ef160_r2c1.jpg,TP,18,24,0.8421693029723623,5456,5142,62.87943680492709,59.26064223807461
ZAINA-679-B_001_jpg.rf.42f7c9c2b999e82410968535976ef160_r2c1.jpg,TP,4,16,0.8421528720036183,3724,4422,42.918442569931905,50.96276934592881
ZAINA-679-B_001_jpg.rf.42f7c9c2b999e82410968535976ef160_r2c1.jpg,TP,14,3,0.8403948992184286,6596,6826,76.01773555082461,78.66844494692674
ZAINA-679-B_001_jpg.rf.42f7c9c2b999e82410968535976ef160_r2c1.jpg,TP,20,10,0.8388084064476637,4160,4852,47.943265599064645,55.918443434293664
ZAINA-679-B_001_jpg.rf.42f7c9c2b999e82410968535976ef160_r2c1.jpg,TP,1,2,0.8299344649326332,23035,21921,265.47430843135913,252.63565509545577
ZAINA-679-B_001_jpg.rf.42f7c9c2b999e82410968535976ef160_r2c1.jpg,TP,13,6,0.8261899123845607,3623,4089,41.75443540033923,47.125003133311374
ZAINA-679-B_001_jpg.rf.42f7c9c2b999e82410968535976ef160_r2c1.jpg,TP,11,15,0.8114508393285371,2710,3333,31.2322715801599,38.41223659655828
ZAINA-679-B_001_jpg.rf.42f7c9c2b999e82410968535976ef160_r2c1.jpg,TP,2,23,0.8047007511509571,6645,8251,76.58245190042898,95.09131837929864
ZAINA-679-B_001_jpg.rf.42f7c9c2b999e82410968535976ef160_r2c1.jpg,TP,7,29,0.804689581667999,3150,3623,36.30319390313789,41.75443540033923
ZAINA-679-B_001_jpg.rf.42f7c9c2b999e82410968535976ef160_r2c1.jpg,TP,19,13,0.7614088820826953,2569,3182,29.60727147211468,36.671988253899926
ZAINA-679-B_001_jpg.rf.42f7c9c2b999e82410968535976ef160_r2c1.jpg,TP,8,12,0.7606900619286346,5159,6782,59.45656423691695,78.16135271462895
ZAINA-679-B_001_jpg.rf.42f7c9c2b999e82410968535976ef160_r2c1.jpg,TP,15,4,0.7538768796992481,8018,6911,92.40603451281257,79.6480549411384
ZAINA-679-B_001_jpg.rf.42f7c9c2b999e82410968535976ef160_r2c1.jpg,TP,3,21,0.7450218552695483,4602,6177,53.03723756896526,71.1888345205342
ZAINA-679-B_001_jpg.rf.42f7c9c2b999e82410968535976ef160_r2c1.jpg,TP,26,1,0.731978962565742,8919,7876,102.78990045145613,90.76950958130604
ZAINA-679-B_001_jpg.rf.42f7c9c2b999e82410968535976ef160_r2c1.jpg,TP,22,25,0.6966802484803954,14279,11122,164.5629542040971,128.17908653673004
ZAINA-679-B_001_jpg.rf.42f7c9c2b999e82410968535976ef160_r2c1.jpg,TP,17,9,0.6520763187429854,1824,2592,21.021277993436037,29.872342411724894
ZAINA-679-B_001_jpg.rf.42f7c9c2b999e82410968535976ef160_r2c1.jpg,TP,28,17,0.55983534254631,1910,3395,22.012412811109005,39.126775651159726
ZAINA-679-B_001_jpg.rf.42f7c9c2b999e82410968535976ef160_r2c1.jpg,FP,21,-1,0.0,0,3044,0.0,35.08156261623865
ZAINA-679-B_001_jpg.rf.42f7c9c2b999e82410968535976ef160_r2c1.jpg,FP,23,-1,0.0,0,4498,0.0,51.83865592898864
ZAINA-679-B_001_jpg.rf.42f7c9c2b999e82410968535976ef160_r2c1.jpg,FP,24,-1,0.0,0,2003,0.0,23.084221393011173
ZAINA-679-B_001_jpg.rf.42f7c9c2b999e82410968535976ef160_r2c1.jpg,FP,27,-1,0.0,0,715,0.0,8.240248774839236
ZAINA-679-B_001_jpg.rf.42f7c9c2b999e82410968535976ef160_r2c1.jpg,FN,-1,0,0.0,10722,0,123.56915715220458,0.0
ZAINA-679-B_001_jpg.rf.42f7c9c2b999e82410968535976ef160_r2c1.jpg,FN,-1,11,0.0,14234,0,164.044337148338,0.0
ZAINA-679-B_001_jpg.rf.42f7c9c2b999e82410968535976ef160_r2c1.jpg,FN,-1,18,0.0,15172,0,174.8546215550502,0.0
ZAINA-679-B_001_jpg.rf.42f7c9c2b999e82410968535976ef160_r2c1.jpg,FN,-1,20,0.0,2159,0,24.882093852976098,0.0
ZAINA-679-B_001_jpg.rf.42f7c9c2b999e82410968535976ef160_r2c1.jpg,FN,-1,26,0.0,44895,0,517.4069492956747,0.0
ZAINA-679-B_001_jpg.rf.42f7c9c2b999e82410968535976ef160_r2c1.jpg,FN,-1,27,0.0,27686,0,319.07626234992875,0.0
ZAINA-679-B_001_jpg.rf.42f7c9c2b999e82410968535976ef160_r2c1.jpg,FN,-1,31,0.0,5213,0,60.07890470382788,0.0
ZAINA-679-B_001_jpg.rf.42f7c9c2b999e82410968535976ef160_r2c2.jpg,TP,7,14,0.9341752774588595,5071,5037,58.442379772321345,58.050535774636685
ZAINA-679-B_001_jpg.rf.42f7c9c2b999e82410968535976ef160_r2c2.jpg,TP,2,1,0.9277432126696833,13752,13514,158.48937223998485,155.7464642561922
ZAINA-679-B_001_jpg.rf.42f7c9c2b999e82410968535976ef160_r2c2.jpg,TP,5,8,0.8915999254982305,5144,5012,59.28369188499724,57.762415188103844
ZAINA-679-B_001_jpg.rf.42f7c9c2b999e82410968535976ef160_r2c2.jpg,TP,10,11,0.8912481101965396,28807,27486,331.99558945006135,316.771297657666
ZAINA-679-B_001_jpg.rf.42f7c9c2b999e82410968535976ef160_r2c2.jpg,TP,1,16,0.8808027569430367,4711,4567,54.29344332624844,52.633868747819285
ZAINA-679-B_001_jpg.rf.42f7c9c2b999e82410968535976ef160_r2c2.jpg,TP,12,7,0.8786462834917891,33240,36315,383.08513185406457,418.52396399760397
ZAINA-679-B_001_jpg.rf.42f7c9c2b999e82410968535976ef160_r2c2.jpg,TP,0,13,0.8628295068027211,52000,53153,599.290819988308,612.5789414392026
ZAINA-679-B_001_jpg.rf.42f7c9c2b999e82410968535976ef160_r2c2.jpg,TP,21,0,0.8373435996150145,880,1029,10.141844645955981,11.859043341691711
ZAINA-679-B_001_jpg.rf.42f7c9c2b999e82410968535976ef160_r2c2.jpg,TP,14,15,0.8266869609335363,17970,18034,207.10107759980568,207.83866630132974
ZAINA-679-B_001_jpg.rf.42f7c9c2b999e82410968535976ef160_r2c2.jpg,TP,23,10,0.8246805757722788,23136,21992,266.63831560095184,253.45391756120904
ZAINA-679-B_001_jpg.rf.42f7c9c2b999e82410968535976ef160_r2c2.jpg,TP,13,12,0.8169129720853858,2012,2414,23.187944804162996,27.82092383561107
ZAINA-679-B_001_jpg.rf.42f7c9c2b999e82410968535976ef160_r2c2.jpg,TP,8,4,0.7726518420179224,2329,3012,26.841313841399412,34.71276826547661
ZAINA-679-B_001_jpg.rf.42f7c9c2b999e82410968535976ef160_r2c2.jpg,TP,9,6,0.7560019598236158,1548,2036,17.840426718113477,23.464540567234522
ZAINA-679-B_001_jpg.rf.42f7c9c2b999e82410968535976ef160_r2c2.jpg,TP,4,17,0.735327354475728,31575,40599,363.8963007909774,467.8963077058715
ZAINA-679-B_001_jpg.rf.42f7c9c2b999e82410968535976ef160_r2c2.jpg,TP,20,5,0.585809650963189,22034,19538,253.9379601465842,225.17200078714544
ZAINA-679-B_001_jpg.rf.42f7c9c2b999e82410968535976ef160_r2c2.jpg,TP,6,2,0.5790836560444175,40287,27402,464.3005627859416,315.8032124869157
ZAINA-679-B_001_jpg.rf.42f7c9c2b999e82410968535976ef160_r2c2.jpg,FP,3,-1,0.0,0,13831,0.0,159.39983329342863
ZAINA-679-B_001_jpg.rf.42f7c9c2b999e82410968535976ef160_r2c2.jpg,FP,11,-1,0.0,0,2360,0.0,27.198583368700135
ZAINA-679-B_001_jpg.rf.42f7c9c2b999e82410968535976ef160_r2c2.jpg,FP,15,-1,0.0,0,28880,0.0,332.83690156273724
ZAINA-679-B_001_jpg.rf.42f7c9c2b999e82410968535976ef160_r2c2.jpg,FP,16,-1,0.0,0,3042,0.0,35.05851296931602
ZAINA-679-B_001_jpg.rf.42f7c9c2b999e82410968535976ef160_r2c2.jpg,FP,17,-1,0.0,0,5250,0.0,60.505323171896485
ZAINA-679-B_001_jpg.rf.42f7c9c2b999e82410968535976ef160_r2c2.jpg,FP,18,-1,0.0,0,24174,0.0,278.60108235379533
ZAINA-679-B_001_jpg.rf.42f7c9c2b999e82410968535976ef160_r2c2.jpg,FP,19,-1,0.0,0,1633,0.0,18.820036712325134
ZAINA-679-B_001_jpg.rf.42f7c9c2b999e82410968535976ef160_r2c2.jpg,FP,22,-1,0.0,0,11199,0.0,129.0664979432512
ZAINA-679-B_001_jpg.rf.42f7c9c2b999e82410968535976ef160_r2c2.jpg,FN,-1,3,0.0,10813,0,124.61791608718413,0.0
ZAINA-679-B_001_jpg.rf.42f7c9c2b999e82410968535976ef160_r2c2.jpg,FN,-1,9,0.0,57780,0,665.9042995947008,0.0
ZAINA-679-B_011_jpg.rf.c763cf36a3a341bfed1f7851c1c77278_r0c0.jpg,TP,2,23,0.9377673224978614,13592,13591,156.64540048617468,156.63387566271336
ZAINA-679-B_011_jpg.rf.c763cf36a3a341bfed1f7851c1c77278_r0c0.jpg,TP,1,24,0.9369383999133918,17682,18101,203.78192844294736,208.61082947323777
ZAINA-679-B_011_jpg.rf.c763cf36a3a341bfed1f7851c1c77278_r0c0.jpg,TP,7,1,0.9339830055261751,15786,16761,181.93086316029675,193.16756603507753
ZAINA-679-B_011_jpg.rf.c763cf36a3a341bfed1f7851c1c77278_r0c0.jpg,TP,12,13,0.9296707725635407,37182,39424,428.51598593856284,454.354640138828
ZAINA-679-B_011_jpg.rf.c763cf36a3a341bfed1f7851c1c77278_r0c0.jpg,TP,5,9,0.926206710927687,21688,21251,249.9503712289697,244.91402337637564
ZAINA-679-B_011_jpg.rf.c763cf36a3a341bfed1f7851c1c77278_r0c0.jpg,TP,3,5,0.8991185112634672,11949,13258,137.7101155392364,152.7961094500959
ZAINA-679-B_011_jpg.rf.c763cf36a3a341bfed1f7851c1c77278_r0c0.jpg,TP,8,25,0.8932775307350248,6850,7626,78.94504070999827,87.88830371597763
ZAINA-679-B_011_jpg.rf.c763cf36a3a341bfed1f7851c1c77278_r0c0.jpg,TP,4,21,0.8855939203700645,10732,12095,123.68440538681773,139.39273976458819
ZAINA-679-B_011_jpg.rf.c763cf36a3a341bfed1f7851c1c77278_r0c0.jpg,TP,17,10,0.8825336299120856,8333,9440,96.03635390312635,108.79433347480054
ZAINA-679-B_011_jpg.rf.c763cf36a3a341bfed1f7851c1c77278_r0c0.jpg,TP,23,33,0.8782677320706324,8906,10134,102.64007774645906,116.79256095695219
ZAINA-679-B_011_jpg.rf.c763cf36a3a341bfed1f7851c1c77278_r0c0.jpg,TP,19,26,0.8765945646145313,6427,7107,74.07004038586261,81.90692033955587
ZAINA-679-B_011_jpg.rf.c763cf36a3a341bfed1f7851c1c77278_r0c0.jpg,TP,28,16,0.8704177946879345,12657,12906,145.86969054984644,148.73937159171354
ZAINA-679-B_011_jpg.rf.c763cf36a3a341bfed1f7851c1c77278_r0c0.jpg,TP,6,14,0.8652396166134185,14038,15153,161.78547174992053,174.6356499092852
ZAINA-679-B_011_jpg.rf.c763cf36a3a341bfed1f7851c1c77278_r0c0.jpg,TP,15,12,0.8466474883823855,3891,4454,44.84308808797128,51.33156369669084
ZAINA-679-B_011_jpg.rf.c763cf36a3a341bfed1f7851c1c77278_r0c0.jpg,TP,0,22,0.8435134029056681,16765,19272,193.21366532892276,222.10639774643602
ZAINA-679-B_011_jpg.rf.c763cf36a3a341bfed1f7851c1c77278_r0c0.jpg,TP,30,29,0.8364539549102025,7712,6706,88.8794385336506,77.28546613156911
ZAINA-679-B_011_jpg.rf.c763cf36a3a341bfed1f7851c1c77278_r0c0.jpg,TP,14,32,0.8345426673479817,8828,9123,101.7411415164766,105.14096443756412
ZAINA-679-B_011_jpg.rf.c763cf36a3a341bfed1f7851c1c77278_r0c0.jpg,TP,9,4,0.8087621696801113,3489,4314,40.21010905652321,49.71808841210694
ZAINA-679-B_011_jpg.rf.c763cf36a3a341bfed1f7851c1c77278_r0c0.jpg,TP,13,7,0.8044272736765167,7704,9577,88.7872399459601,110.3732342890005
ZAINA-679-B_011_jpg.rf.c763cf36a3a341bfed1f7851c1c77278_r0c0.jpg,TP,10,8,0.8036160420775805,24714,30152,284.8244870229047,347.49647700552816
ZAINA-679-B_011_jpg.rf.c763cf36a3a341bfed1f7851c1c77278_r0c0.jpg,TP,25,17,0.7979762735519889,2633,2520,30.34486017363875,29.04255512251031
ZAINA-679-B_011_jpg.rf.c763cf36a3a341bfed1f7851c1c77278_r0c0.jpg,TP,27,11,0.7953986652616789,4530,5693,52.20745027975068,65.61081996525841
ZAINA-679-B_011_jpg.rf.c763cf36a3a341bfed1f7851c1c77278_r0c0.jpg,TP,11,19,0.7892995035852178,5749,7227,66.25621007909197,83.2898991549135
ZAINA-679-B_011_jpg.rf.c763cf36a3a341bfed1f7851c1c77278_r0c0.jpg,TP,21,0,0.7670886075949367,4962,4112,57.18617401503816,47.390074072921585
ZAINA-679-B_011_jpg.rf.c763cf36a3a341bfed1f7851c1c77278_r0c0.jpg,TP,20,20,0.7640254482359745,2642,3458,30.448583584790573,39.852839529222486
ZAINA-679-B_011_jpg.rf.c763cf36a3a341bfed1f7851c1c77278_r0c0.jpg,TP,18,2,0.7566745522135857,2287,2911,26.35727125602424,33.54876109588393
ZAINA-679-B_011_jpg.rf.c763cf36a3a341bfed1f7851c1c77278_r0c0.jpg,TP,24,3,0.7433942188331264,4192,5639,48.312059949826676,64.98847949834747
ZAINA-679-B_011_jpg.rf.c763cf36a3a341bfed1f7851c1c77278_r0c0.jpg,TP,22,15,0.7408759124087592,4669,6302,53.80940074087327,72.6294374531984
ZAINA-679-B_011_jpg.rf.c763cf36a3a341bfed1f7851c1c77278_r0c0.jpg,TP,16,6,0.7335970218706375,3153,4298,36.33776837352183,49.53369123672592
ZAINA-679-B_011_jpg.rf.c763cf36a3a341bfed1f7851c1c77278_r0c0.jpg,FP,26,-1,0.0,0,9806,0.0,113.01241886164132
ZAINA-679-B_011_jpg.rf.c763cf36a3a341bfed1f7851c1c77278_r0c0.jpg,FP,29,-1,0.0,0,4079,0.0,47.00975489869824
ZAINA-679-B_011_jpg.rf.c763cf36a3a341bfed1f7851c1c77278_r0c0.jpg,FN,-1,18,0.0,6849,0,78.93351588653695,0.0
ZAINA-679-B_011_jpg.rf.c763cf36a3a341bfed1f7851c1c77278_r0c0.jpg,FN,-1,27,0.0,3864,0,44.53191785451581,0.0
ZAINA-679-B_011_jpg.rf.c763cf36a3a341bfed1f7851c1c77278_r0c0.jpg,FN,-1,28,0.0,2275,0,26.218973374488478,0.0
ZAINA-679-B_011_jpg.rf.c763cf36a3a341bfed1f7851c1c77278_r0c0.jpg,FN,-1,30,0.0,11662,0,134.4024912058394,0.0
ZAINA-679-B_011_jpg.rf.c763cf36a3a341bfed1f7851c1c77278_r0c0.jpg,FN,-1,31,0.0,2772,0,31.94681063476134,0.0
ZAINA-679-B_011_jpg.rf.c763cf36a3a341bfed1f7851c1c77278_r0c1.jpg,TP,2,1,0.9573316350899538,6076,6218,70.02482735094154,71.66135228244806
ZAINA-679-B_011_jpg.rf.c763cf36a3a341bfed1f7851c1c77278_r0c1.jpg,TP,13,19,0.9232354456465739,5518,5681,63.593975859528534,65.47252208372265
ZAINA-679-B_011_jpg.rf.c763cf36a3a341bfed1f7851c1c77278_r0c1.jpg,TP,11,26,0.9178600160901046,23436,24242,270.0957626393459,279.3847703491647
ZAINA-679-B_011_jpg.rf.c763cf36a3a341bfed1f7851c1c77278_r0c1.jpg,TP,1,8,0.9129760225669957,6581,6982,75.8448631989049,80.46631740689166
ZAINA-679-B_011_jpg.rf.c763cf36a3a341bfed1f7851c1c77278_r0c1.jpg,TP,0,25,0.9116100766703177,16646,18260,191.84221133702644,210.44327640358662
ZAINA-679-B_011_jpg.rf.c763cf36a3a341bfed1f7851c1c77278_r0c1.jpg,TP,29,0,0.9106101390758188,8473,8562,97.64982918771027,98.67553847576718
ZAINA-679-B_011_jpg.rf.c763cf36a3a341bfed1f7851c1c77278_r0c1.jpg,TP,17,11,0.9022822955905163,4102,4483,47.27482583830845,51.66578357706894
ZAINA-679-B_011_jpg.rf.c763cf36a3a341bfed1f7851c1c77278_r0c1.jpg,TP,4,15,0.8948801172652079,8796,9302,101.37234716571456,107.20390783713925
ZAINA-679-B_011_jpg.rf.c763cf36a3a341bfed1f7851c1c77278_r0c1.jpg,TP,8,23,0.862181422877159,7293,8124,84.0505375033602,93.62766579971182
ZAINA-679-B_011_jpg.rf.c763cf36a3a341bfed1f7851c1c77278_r0c1.jpg,TP,31,12,0.8524237841279949,10743,12529,123.81117844489218,144.3945131467983
ZAINA-679-B_011_jpg.rf.c763cf36a3a341bfed1f7851c1c77278_r0c1.jpg,TP,19,30,0.8503344481605352,12870,13686,148.32447794710623,157.72873389153816
ZAINA-679-B_011_jpg.rf.c763cf36a3a341bfed1f7851c1c77278_r0c1.jpg,TP,15,5,0.8477300120530333,4894,4304,56.402486019668835,49.6028401774938
ZAINA-679-B_011_jpg.rf.c763cf36a3a341bfed1f7851c1c77278_r0c1.jpg,TP,7,7,0.8470154753131909,6693,5839,77.13564342657203,67.2934441906102
ZAINA-679-B_011_jpg.rf.c763cf36a3a341bfed1f7851c1c77278_r0c1.jpg,TP,9,28,0.8461332619748462,6594,7204,75.99468590390198,83.02482821530329
ZAINA-679-B_011_jpg.rf.c763cf36a3a341bfed1f7851c1c77278_r0c1.jpg,TP,3,16,0.8424807515716607,13237,12847,152.55408815740833,148.05940700749602
ZAINA-679-B_011_jpg.rf.c763cf36a3a341bfed1f7851c1c77278_r0c1.jpg,TP,12,27,0.8365721567378146,5707,5823,65.77216749371681,67.10904701522918
ZAINA-679-B_011_jpg.rf.c763cf36a3a341bfed1f7851c1c77278_r0c1.jpg,TP,14,17,0.8243088655862726,8647,10490,99.65514846997884,120.89539810917982
ZAINA-679-B_011_jpg.rf.c763cf36a3a341bfed1f7851c1c77278_r0c1.jpg,TP,18,4,0.8043357420789328,1543,1703,17.78280260080691,19.626774354617087
ZAINA-679-B_011_jpg.rf.c763cf36a3a341bfed1f7851c1c77278_r0c1.jpg,TP,21,2,0.8025230139788613,14348,12086,165.35816702292777,139.28901635343635
ZAINA-679-B_011_jpg.rf.c763cf36a3a341bfed1f7851c1c77278_r0c1.jpg,TP,30,29,0.8020329138431752,3757,3689,43.29876174415526,42.51507374878593
ZAINA-679-B_011_jpg.rf.c763cf36a3a341bfed1f7851c1c77278_r0c1.jpg,TP,6,20,0.7948323592740695,2584,3251,29.780143824034383,37.46720107273057
ZAINA-679-B_011_jpg.rf.c763cf36a3a341bfed1f7851c1c77278_r0c1.jpg,TP,23,10,0.7930886762815936,5554,7003,64.00886950413582,80.70833869957926
ZAINA-679-B_011_jpg.rf.c763cf36a3a341bfed1f7851c1c77278_r0c1.jpg,TP,27,6,0.781601801222258,2525,3014,29.100179239816878,34.73581791239924
ZAINA-679-B_011_jpg.rf.c763cf36a3a341bfed1f7851c1c77278_r0c1.jpg,TP,16,13,0.7528089887640449,3914,4042,45.10815902758149,46.583336430629636
ZAINA-679-B_011_jpg.rf.c763cf36a3a341bfed1f7851c1c77278_r0c1.jpg,TP,22,18,0.723589468027942,18570,13506,214.01597167659384,155.6542656685017
ZAINA-679-B_011_jpg.rf.c763cf36a3a341bfed1f7851c1c77278_r0c1.jpg,TP,25,3,0.6602448979591836,4044,6125,46.606386077552266,70.5895437005459
ZAINA-679-B_011_jpg.rf.c763cf36a3a341bfed1f7851c1c77278_r0c1.jpg,TP,20,21,0.6130008251581553,9891,7702,113.99202885585298,88.76419029903747
ZAINA-679-B_011_jpg.rf.c763cf36a3a341bfed1f7851c1c77278_r0c1.jpg,TP,5,9,0.5617908841940532,40130,23741,462.4911655025154,273.6108337950466
ZAINA-679-B_011_jpg.rf.c763cf36a3a341bfed1f7851c1c77278_r0c1.jpg,FP,10,-1,0.0,0,17581,0.0,202.61792127335468
ZAINA-679-B_011_jpg.rf.c763cf36a3a341bfed1f7851c1c77278_r0c1.jpg,FP,24,-1,0.0,0,4473,0.0,51.5505353424558
ZAINA-679-B_011_jpg.rf.c763cf36a3a341bfed1f7851c1c77278_r0c1.jpg,FP,26,-1,0.0,0,6663,0.0,76.78989872273262
ZAINA-679-B_011_jpg.rf.c763cf36a3a341bfed1f7851c1c77278_r0c1.jpg,FP,28,-1,0.0,0,8089,0.0,93.22429697856583
ZAINA-679-B_011_jpg.rf.c763cf36a3a341bfed1f7851c1c77278_r0c1.jpg,FN,-1,14,0.0,6403,0,73.79344462279109,0.0
ZAINA-679-B_011_jpg.rf.c763cf36a3a341bfed1f7851c1c77278_r0c1.jpg,FN,-1,22,0.0,10392,0,119.7659654099711,0.0
ZAINA-679-B_011_jpg.rf.c763cf36a3a341bfed1f7851c1c77278_r0c1.jpg,FN,-1,24,0.0,1821,0,20.986703523052093,0.0
ZAINA-679-B_011_jpg.rf.c763cf36a3a341bfed1f7851c1c77278_r0c2.jpg,TP,10,7,0.9387498634029068,17387,18096,200.38210552185984,208.5532053559312
ZAINA-679-B_011_jpg.rf.c763cf36a3a341bfed1f7851c1c77278_r0c2.jpg,TP,1,11,0.8883221822662216,65687,66116,757.0310787033075,761.975227968211
ZAINA-679-B_011_jpg.rf.c763cf36a3a341bfed1f7851c1c77278_r0c2.jpg,TP,2,14,0.8874876968503937,14427,16256,166.26862807637153,187.34753018711413
ZAINA-679-B_011_jpg.rf.c763cf36a3a341bfed1f7851c1c77278_r0c2.jpg,TP,19,1,0.8826597131681877,2819,2957,32.488477337443086,34.07890297510436
ZAINA-679-B_011_jpg.rf.c763cf36a3a341bfed1f7851c1c77278_r0c2.jpg,TP,9,13,0.8757768125626462,13324,14747,153.55674779854263,169.9565715839919
ZAINA-679-B_011_jpg.rf.c763cf36a3a341bfed1f7851c1c77278_r0c2.jpg,TP,17,17,0.8750187998195217,5934,6533,68.38830241943499,75.29167167276185
ZAINA-679-B_011_jpg.rf.c763cf36a3a341bfed1f7851c1c77278_r0c2.jpg,TP,7,22,0.8749523653982253,32964,35918,379.90428057874203,413.94860908346243
ZAINA-679-B_011_jpg.rf.c763cf36a3a341bfed1f7851c1c77278_r0c2.jpg,TP,3,16,0.8535808435852372,7771,9104,89.55940311786811,104.92199279179916
ZAINA-679-B_011_jpg.rf.c763cf36a3a341bfed1f7851c1c77278_r0c2.jpg,TP,0,12,0.8481912437180241,18918,21903,218.02661024113098,252.42820827315214
ZAINA-679-B_011_jpg.rf.c763cf36a3a341bfed1f7851c1c77278_r0c2.jpg,TP,6,9,0.8478921382453475,4474,5257,51.56206016591712,60.58599693612568
ZAINA-679-B_011_jpg.rf.c763cf36a3a341bfed1f7851c1c77278_r0c2.jpg,TP,20,25,0.8261114237478897,9396,10074,108.28724124250273,116.10107154927337
ZAINA-679-B_011_jpg.rf.c763cf36a3a341bfed1f7851c1c77278_r0c2.jpg,TP,8,15,0.7939068100358423,1823,2181,21.009753169974722,25.135639969124995
ZAINA-679-B_011_jpg.rf.c763cf36a3a341bfed1f7851c1c77278_r0c2.jpg,TP,4,18,0.7756410256410257,2783,3588,32.07358369283579,41.35106657919325
ZAINA-679-B_011_jpg.rf.c763cf36a3a341bfed1f7851c1c77278_r0c2.jpg,TP,13,19,0.7593984962406015,7616,6190,87.7730554813645,71.33865722553128
ZAINA-679-B_011_jpg.rf.c763cf36a3a341bfed1f7851c1c77278_r0c2.jpg,TP,12,3,0.7527730131503716,32496,28816,374.5106631988473,332.09931286121315
ZAINA-679-B_011_jpg.rf.c763cf36a3a341bfed1f7851c1c77278_r0c2.jpg,TP,14,2,0.7205529423058462,7533,10390,86.81649513407547,119.74291576304847
ZAINA-679-B_011_jpg.rf.c763cf36a3a341bfed1f7851c1c77278_r0c2.jpg,TP,16,20,0.6990459670424979,1679,2239,19.35017859154556,25.804079729881185
ZAINA-679-B_011_jpg.rf.c763cf36a3a341bfed1f7851c1c77278_r0c2.jpg,TP,11,10,0.6633160153602892,5873,8854,67.68528818829486,102.04078692647076
ZAINA-679-B_011_jpg.rf.c763cf36a3a341bfed1f7851c1c77278_r0c2.jpg,TP,5,5,0.5550500243738248,27502,39488,316.95569483304706,455.09222884035205
ZAINA-679-B_011_jpg.rf.c763cf36a3a341bfed1f7851c1c77278_r0c2.jpg,TP,15,4,0.5450969754509698,7261,4131,83.68174315259816,47.609045718686545
ZAINA-679-B_011_jpg.rf.c763cf36a3a341bfed1f7851c1c77278_r0c2.jpg,FP,18,-1,0.0,0,7675,0.0,88.453020065582
ZAINA-679-B_011_jpg.rf.c763cf36a3a341bfed1f7851c1c77278_r0c2.jpg,FP,21,-1,0.0,0,4200,0.0,48.40425853751719
ZAINA-679-B_011_jpg.rf.c763cf36a3a341bfed1f7851c1c77278_r0c2.jpg,FN,-1,0,0.0,13760,0,158.58157082767536,0.0
ZAINA-679-B_011_jpg.rf.c763cf36a3a341bfed1f7851c1c77278_r0c2.jpg,FN,-1,6,0.0,11147,0,128.46720712326288,0.0
ZAINA-679-B_011_jpg.rf.c763cf36a3a341bfed1f7851c1c77278_r0c2.jpg,FN,-1,8,0.0,3062,0,35.289009438542294,0.0
ZAINA-679-B_011_jpg.rf.c763cf36a3a341bfed1f7851c1c77278_r0c2.jpg,FN,-1,21,0.0,7836,0,90.30851664285349,0.0
ZAINA-679-B_011_jpg.rf.c763cf36a3a341bfed1f7851c1c77278_r0c2.jpg,FN,-1,23,0.0,2479,0,28.570037360596455,0.0
ZAINA-679-B_011_jpg.rf.c763cf36a3a341bfed1f7851c1c77278_r0c2.jpg,FN,-1,24,0.0,3542,0,40.82092469997283,0.0
ZAINA-679-B_011_jpg.rf.c763cf36a3a341bfed1f7851c1c77278_r0c2.jpg,FN,-1,26,0.0,6098,0,70.27837346709043,0.0
ZAINA-679-B_011_jpg.rf.c763cf36a3a341bfed1f7851c1c77278_r0c2.jpg,FN,-1,27,0.0,5007,0,57.70479107079728,0.0
ZAINA-679-B_011_jpg.rf.c763cf36a3a341bfed1f7851c1c77278_r0c2.jpg,FN,-1,28,0.0,4128,0,47.57447124830261,0.0
ZAINA-679-B_011_jpg.rf.c763cf36a3a341bfed1f7851c1c77278_r1c0.jpg,TP,16,18,0.9304752918976295,16564,16173,190.89717581319874,186.39096983982512
ZAINA-679-B_011_jpg.rf.c763cf36a3a341bfed1f7851c1c77278_r1c0.jpg,TP,13,19,0.9208742799051169,5787,5550,66.69415337062189,63.962770210290564
ZAINA-679-B_011_jpg.rf.c763cf36a3a341bfed1f7851c1c77278_r1c0.jpg,TP,2,9,0.9197934595524957,10714,11594,123.47695856451408,133.61880321047005
ZAINA-679-B_011_jpg.rf.c763cf36a3a341bfed1f7851c1c77278_r1c0.jpg,TP,4,8,0.9113640139558066,11041,11968,127.24557583636363,137.92908718500135
ZAINA-679-B_011_jpg.rf.c763cf36a3a341bfed1f7851c1c77278_r1c0.jpg,TP,5,7,0.9029483300705938,15585,16493,179.6143736445727,190.07891334744548
ZAINA-679-B_011_jpg.rf.c763cf36a3a341bfed1f7851c1c77278_r1c0.jpg,TP,0,11,0.9021889173732992,9150,10142,105.45213467101958,116.88475954464269
ZAINA-679-B_011_jpg.rf.c763cf36a3a341bfed1f7851c1c77278_r1c0.jpg,TP,17,4,0.8819279156749404,10636,11503,122.57802233453162,132.57004427549052
ZAINA-679-B_011_jpg.rf.c763cf36a3a341bfed1f7851c1c77278_r1c0.jpg,TP,23,5,0.8801172110661036,11149,10666,128.4902567701855,122.92376703837103
ZAINA-679-B_011_jpg.rf.c763cf36a3a341bfed1f7851c1c77278_r1c0.jpg,TP,11,1,0.8648510886186558,11954,13656,137.76773965654297,157.38298918769874
ZAINA-679-B_011_jpg.rf.c763cf36a3a341bfed1f7851c1c77278_r1c0.jpg,TP,9,14,0.863597901506177,5144,5868,59.28369188499724,67.6276640709883
ZAINA-679-B_011_jpg.rf.c763cf36a3a341bfed1f7851c1c77278_r1c0.jpg,TP,14,20,0.846195358877496,3144,3698,36.23404496237001,42.61879715993775
ZAINA-679-B_011_jpg.rf.c763cf36a3a341bfed1f7851c1c77278_r1c0.jpg,TP,1,22,0.8430564362714014,5332,6294,61.4503586957242,72.5372388655079
ZAINA-679-B_011_jpg.rf.c763cf36a3a341bfed1f7851c1c77278_r1c0.jpg,TP,24,17,0.8210246174318031,3900,4311,44.9468114991231,49.683513941723
ZAINA-679-B_011_jpg.rf.c763cf36a3a341bfed1f7851c1c77278_r1c0.jpg,TP,8,25,0.8205980066445183,3956,4812,45.592201612956664,55.45745049584112
ZAINA-679-B_011_jpg.rf.c763cf36a3a341bfed1f7851c1c77278_r1c0.jpg,TP,21,27,0.8079076518974218,11699,14456,134.828909673908,166.60284795674963
ZAINA-679-B_011_jpg.rf.c763cf36a3a341bfed1f7851c1c77278_r1c0.jpg,TP,19,26,0.8074456715354471,4821,5326,55.56117390699294,61.381209754956316
ZAINA-679-B_011_jpg.rf.c763cf36a3a341bfed1f7851c1c77278_r1c0.jpg,TP,3,13,0.8047340954274353,12953,16096,149.28103829439527,185.50355843330397
ZAINA-679-B_011_jpg.rf.c763cf36a3a341bfed1f7851c1c77278_r1c0.jpg,TP,6,23,0.8022791179517538,5421,6757,62.476067983781114,77.8732321280961
ZAINA-679-B_011_jpg.rf.c763cf36a3a341bfed1f7851c1c77278_r1c0.jpg,TP,10,12,0.7786905650983321,3132,4013,36.09574708083424,46.24911655025154
ZAINA-679-B_011_jpg.rf.c763cf36a3a341bfed1f7851c1c77278_r1c0.jpg,TP,18,10,0.7753669432035737,6169,4959,71.0966359328437,57.15159954465422
ZAINA-679-B_011_jpg.rf.c763cf36a3a341bfed1f7851c1c77278_r1c0.jpg,TP,7,16,0.7554553212239424,12394,16406,142.83866197952096,189.07625370631118
ZAINA-679-B_011_jpg.rf.c763cf36a3a341bfed1f7851c1c77278_r1c0.jpg,TP,25,21,0.7499148211243611,2640,2496,30.425533937867947,28.765959359438785
ZAINA-679-B_011_jpg.rf.c763cf36a3a341bfed1f7851c1c77278_r1c0.jpg,TP,20,6,0.7330075521990227,4430,3372,51.05496793361932,38.861704711549514
ZAINA-679-B_011_jpg.rf.c763cf36a3a341bfed1f7851c1c77278_r1c0.jpg,TP,12,2,0.5010893246187363,11489,21583,132.40869674703214,248.74026476553178
ZAINA-679-B_011_jpg.rf.c763cf36a3a341bfed1f7851c1c77278_r1c0.jpg,FP,15,-1,0.0,0,4472,0.0,51.53901051899449
ZAINA-679-B_011_jpg.rf.c763cf36a3a341bfed1f7851c1c77278_r1c0.jpg,FP,22,-1,0.0,0,5771,0.0,66.50975619524088
ZAINA-679-B_011_jpg.rf.c763cf36a3a341bfed1f7851c1c77278_r1c0.jpg,FN,-1,0,0.0,12025,0,138.58600212229624,0.0
ZAINA-679-B_011_jpg.rf.c763cf36a3a341bfed1f7851c1c77278_r1c0.jpg,FN,-1,3,0.0,8175,0,94.2154317962388,0.0
ZAINA-679-B_011_jpg.rf.c763cf36a3a341bfed1f7851c1c77278_r1c0.jpg,FN,-1,15,0.0,7954,0,91.6684458112885,0.0
ZAINA-679-B_011_jpg.rf.c763cf36a3a341bfed1f7851c1c77278_r1c0.jpg,FN,-1,24,0.0,5995,0,69.09131665057512,0.0
ZAINA-679-B_011_jpg.rf.c763cf36a3a341bfed1f7851c1c77278_r1c0.jpg,FN,-1,28,0.0,19332,0,222.79788715411482,0.0
ZAINA-679-B_011_jpg.rf.c763cf36a3a341bfed1f7851c1c77278_r1c1.jpg,TP,10,19,0.9574632637277649,1248,1283,14.382979679719393,14.786348500865369
ZAINA-679-B_011_jpg.rf.c763cf36a3a341bfed1f7851c1c77278_r1c1.jpg,TP,2,24,0.9395059768185633,41483,44024,478.08425164567274,507.3688280608706
ZAINA-679-B_011_jpg.rf.c763cf36a3a341bfed1f7851c1c77278_r1c1.jpg,TP,9,16,0.9065530866731667,17932,19221,206.66313430827577,221.51863174990902
ZAINA-679-B_011_jpg.rf.c763cf36a3a341bfed1f7851c1c77278_r1c1.jpg,TP,4,6,0.9049614972219514,10195,9348,117.49557518809232,107.73404971635968
ZAINA-679-B_011_jpg.rf.c763cf36a3a341bfed1f7851c1c77278_r1c1.jpg,TP,5,25,0.8988796740870071,6194,6857,71.38475651937654,79.02571447422747
ZAINA-679-B_011_jpg.rf.c763cf36a3a341bfed1f7851c1c77278_r1c1.jpg,TP,0,21,0.8946884763830178,4876,5433,56.19503919736519,62.61436586531688
ZAINA-679-B_011_jpg.rf.c763cf36a3a341bfed1f7851c1c77278_r1c1.jpg,TP,6,0,0.8934929248871533,18426,18908,212.35639709816468,217.91136200651783
ZAINA-679-B_011_jpg.rf.c763cf36a3a341bfed1f7851c1c77278_r1c1.jpg,TP,14,5,0.8925718849840255,11565,12130,133.28458333009198,139.79610858573415
ZAINA-679-B_011_jpg.rf.c763cf36a3a341bfed1f7851c1c77278_r1c1.jpg,TP,1,20,0.874050822122571,29533,33154,340.362611282975,382.0939970363916
ZAINA-679-B_011_jpg.rf.c763cf36a3a341bfed1f7851c1c77278_r1c1.jpg,TP,12,23,0.8695899540781079,24477,21528,282.0931038625734,248.10639947515952
ZAINA-679-B_011_jpg.rf.c763cf36a3a341bfed1f7851c1c77278_r1c1.jpg,TP,13,15,0.8578342407743497,7232,8123,83.34752327222007,93.6161409762505
ZAINA-679-B_011_jpg.rf.c763cf36a3a341bfed1f7851c1c77278_r1c1.jpg,TP,23,12,0.8511719390263891,5408,5886,62.326245278784036,67.83511089329194
ZAINA-679-B_011_jpg.rf.c763cf36a3a341bfed1f7851c1c77278_r1c1.jpg,TP,7,17,0.8508629989212514,6318,7408,72.81383462857943,85.37589220141126
ZAINA-679-B_011_jpg.rf.c763cf36a3a341bfed1f7851c1c77278_r1c1.jpg,TP,19,11,0.8406391864899219,23262,27420,268.09044335707733,316.01065930921936
ZAINA-679-B_011_jpg.rf.c763cf36a3a341bfed1f7851c1c77278_r1c1.jpg,TP,3,22,0.8396039603960396,5977,7029,68.88386982827149,81.0079841095734
ZAINA-679-B_011_jpg.rf.c763cf36a3a341bfed1f7851c1c77278_r1c1.jpg,TP,17,26,0.8178615830915872,3968,4805,45.73049949449243,55.376776731611926
ZAINA-679-B_011_jpg.rf.c763cf36a3a341bfed1f7851c1c77278_r1c1.jpg,TP,22,2,0.7997088890393338,24781,28386,285.5966501948127,327.1436387728483
ZAINA-679-B_011_jpg.rf.c763cf36a3a341bfed1f7851c1c77278_r1c1.jpg,TP,18,10,0.7795658114467892,6342,5380,73.09043039165095,62.00355022186725
ZAINA-679-B_011_jpg.rf.c763cf36a3a341bfed1f7851c1c77278_r1c1.jpg,TP,16,14,0.7584496124031008,2462,3209,28.37411536175412,36.9831584873554
ZAINA-679-B_011_jpg.rf.c763cf36a3a341bfed1f7851c1c77278_r1c1.jpg,TP,8,3,0.7370325693606755,30270,24450,348.85640617396314,281.78193362911793
ZAINA-679-B_011_jpg.rf.c763cf36a3a341bfed1f7851c1c77278_r1c1.jpg,TP,11,27,0.5959228248998908,1637,2747,18.86613600617039,31.658690048228504
ZAINA-679-B_011_jpg.rf.c763cf36a3a341bfed1f7851c1c77278_r1c1.jpg,FP,15,-1,0.0,0,1652,0.0,19.039008358090094
ZAINA-679-B_011_jpg.rf.c763cf36a3a341bfed1f7851c1c77278_r1c1.jpg,FP,20,-1,0.0,0,2207,0.0,25.43528537911915
ZAINA-679-B_011_jpg.rf.c763cf36a3a341bfed1f7851c1c77278_r1c1.jpg,FP,21,-1,0.0,0,13259,0.0,152.80763427355723
ZAINA-679-B_011_jpg.rf.c763cf36a3a341bfed1f7851c1c77278_r1c1.jpg,FP,24,-1,0.0,0,4505,0.0,51.91932969321784
ZAINA-679-B_011_jpg.rf.c763cf36a3a341bfed1f7851c1c77278_r1c1.jpg,FN,-1,1,0.0,5726,0,65.99113913948176,0.0
ZAINA-679-B_011_jpg.rf.c763cf36a3a341bfed1f7851c1c77278_r1c1.jpg,FN,-1,4,0.0,2949,0,33.98670438741385,0.0
ZAINA-679-B_011_jpg.rf.c763cf36a3a341bfed1f7851c1c77278_r1c1.jpg,FN,-1,7,0.0,1107,0,12.757979571674174,0.0
ZAINA-679-B_011_jpg.rf.c763cf36a3a341bfed1f7851c1c77278_r1c1.jpg,FN,-1,8,0.0,8069,0,92.99380050933956,0.0
ZAINA-679-B_011_jpg.rf.c763cf36a3a341bfed1f7851c1c77278_r1c1.jpg,FN,-1,9,0.0,8745,0,100.78458116918758,0.0
ZAINA-679-B_011_jpg.rf.c763cf36a3a341bfed1f7851c1c77278_r1c1.jpg,FN,-1,13,0.0,12126,0,139.75000929188892,0.0
ZAINA-679-B_011_jpg.rf.c763cf36a3a341bfed1f7851c1c77278_r1c1.jpg,FN,-1,18,0.0,11336,0,130.64539875745115,0.0
ZAINA-679-B_011_jpg.rf.c763cf36a3a341bfed1f7851c1c77278_r1c1.jpg,FN,-1,28,0.0,18164,0,209.33689335130052,0.0
ZAINA-679-B_011_jpg.rf.c763cf36a3a341bfed1f7851c1c77278_r1c2.jpg,TP,5,24,0.9265850945494994,6929,6927,79.85550176344205,79.83245211651942
ZAINA-679-B_011_jpg.rf.c763cf36a3a341bfed1f7851c1c77278_r1c2.jpg,TP,0,2,0.9083348079985843,10295,11273,118.64805753422367,129.9193348793884
ZAINA-679-B_011_jpg.rf.c763cf36a3a341bfed1f7851c1c77278_r1c2.jpg,TP,15,3,0.9051656500721318,36626,38649,422.1081840940725,445.42290195630994
ZAINA-679-B_011_jpg.rf.c763cf36a3a341bfed1f7851c1c77278_r1c2.jpg,TP,12,0,0.8984501712020184,10291,10778,118.60195824037842,124.21454726603815
ZAINA-679-B_011_jpg.rf.c763cf36a3a341bfed1f7851c1c77278_r1c2.jpg,TP,4,20,0.8832977872567316,14522,13735,167.36348630519632,158.29345024114252
ZAINA-679-B_011_jpg.rf.c763cf36a3a341bfed1f7851c1c77278_r1c2.jpg,TP,18,14,0.8827230277709511,18280,20024,210.6737728728129,230.77306498934385
ZAINA-679-B_011_jpg.rf.c763cf36a3a341bfed1f7851c1c77278_r1c2.jpg,TP,6,23,0.8780186713988118,11666,12675,134.44859049968466,146.07713737215008
ZAINA-679-B_011_jpg.rf.c763cf36a3a341bfed1f7851c1c77278_r1c2.jpg,TP,3,9,0.8693302451264234,9045,10325,104.24202820758165,118.99380223806308
ZAINA-679-B_011_jpg.rf.c763cf36a3a341bfed1f7851c1c77278_r1c2.jpg,TP,13,22,0.8636858866912505,45032,43918,518.9858501098747,506.14719677397136
ZAINA-679-B_011_jpg.rf.c763cf36a3a341bfed1f7851c1c77278_r1c2.jpg,TP,1,21,0.8587587617701032,29245,32542,337.0434621261167,375.0408050780677
ZAINA-679-B_011_jpg.rf.c763cf36a3a341bfed1f7851c1c77278_r1c2.jpg,TP,22,10,0.8458971824023727,6883,8054,79.32535988422161,92.82092815741986
ZAINA-679-B_011_jpg.rf.c763cf36a3a341bfed1f7851c1c77278_r1c2.jpg,TP,19,13,0.8208247282300343,42176,38055,486.07095430436306,438.57715682028964
ZAINA-679-B_011_jpg.rf.c763cf36a3a341bfed1f7851c1c77278_r1c2.jpg,TP,11,11,0.8068825910931174,4017,4909,46.295215844096795,56.57535837158854
ZAINA-679-B_011_jpg.rf.c763cf36a3a341bfed1f7851c1c77278_r1c2.jpg,TP,2,5,0.8011254257367096,5410,6753,62.34929492570666,77.82713283425085
ZAINA-679-B_011_jpg.rf.c763cf36a3a341bfed1f7851c1c77278_r1c2.jpg,TP,9,4,0.7885143799230628,10606,8921,122.23227763069221,102.81295009837876
ZAINA-679-B_011_jpg.rf.c763cf36a3a341bfed1f7851c1c77278_r1c2.jpg,TP,17,17,0.7799084767923294,3579,4589,41.24734316804143,52.88741486396818
ZAINA-679-B_011_jpg.rf.c763cf36a3a341bfed1f7851c1c77278_r1c2.jpg,TP,8,12,0.7707203718048025,2990,3868,34.45922214932771,44.57801714836106
ZAINA-679-B_011_jpg.rf.c763cf36a3a341bfed1f7851c1c77278_r1c2.jpg,TP,7,1,0.7579969115376131,3436,4533,39.59929341307358,52.24202475013462
ZAINA-679-B_011_jpg.rf.c763cf36a3a341bfed1f7851c1c77278_r1c2.jpg,TP,10,19,0.7327995255041518,2573,3270,29.653370765959934,37.68617271849553
ZAINA-679-B_011_jpg.rf.c763cf36a3a341bfed1f7851c1c77278_r1c2.jpg,TP,16,15,0.6782608695652174,3276,4830,37.75532165926341,55.66489731814477
ZAINA-679-B_011_jpg.rf.c763cf36a3a341bfed1f7851c1c77278_r1c2.jpg,FP,14,-1,0.0,0,30618,0.0,352.8670447385003
ZAINA-679-B_011_jpg.rf.c763cf36a3a341bfed1f7851c1c77278_r1c2.jpg,FP,20,-1,0.0,0,28701,0.0,330.7739581631621
ZAINA-679-B_011_jpg.rf.c763cf36a3a341bfed1f7851c1c77278_r1c2.jpg,FP,21,-1,0.0,0,6477,0.0,74.6462815589283
ZAINA-679-B_011_jpg.rf.c763cf36a3a341bfed1f7851c1c77278_r1c2.jpg,FN,-1,6,0.0,31764,0,366.0744924251657,0.0
ZAINA-679-B_011_jpg.rf.c763cf36a3a341bfed1f7851c1c77278_r1c2.jpg,FN,-1,7,0.0,19696,0,226.99292289403297,0.0
ZAINA-679-B_011_jpg.rf.c763cf36a3a341bfed1f7851c1c77278_r1c2.jpg,FN,-1,8,0.0,16583,0,191.1161474589637,0.0
ZAINA-679-B_011_jpg.rf.c763cf36a3a341bfed1f7851c1c77278_r1c2.jpg,FN,-1,16,0.0,4008,0,46.19149243294497,0.0
ZAINA-679-B_011_jpg.rf.c763cf36a3a341bfed1f7851c1c77278_r1c2.jpg,FN,-1,18,0.0,8352,0,96.25532554889132,0.0
ZAINA-679-B_011_jpg.rf.c763cf36a3a341bfed1f7851c1c77278_r2c0.jpg,TP,0,3,0.9411994639267367,17485,17278,201.51153822106858,199.12589976457664
ZAINA-679-B_011_jpg.rf.c763cf36a3a341bfed1f7851c1c77278_r2c0.jpg,TP,5,18,0.9158918456770332,8931,8996,102.9281983329919,103.67731185797729
ZAINA-679-B_011_jpg.rf.c763cf36a3a341bfed1f7851c1c77278_r2c0.jpg,TP,19,11,0.8858296242624987,8561,9658,98.66401365230587,111.3067449893669
ZAINA-679-B_011_jpg.rf.c763cf36a3a341bfed1f7851c1c77278_r2c0.jpg,TP,21,14,0.8811271178762344,10704,10058,123.36171032990094,115.91667437389235
ZAINA-679-B_011_jpg.rf.c763cf36a3a341bfed1f7851c1c77278_r2c0.jpg,TP,6,1,0.8703196347031964,6679,7657,76.97429589811364,88.24557324327836
ZAINA-679-B_011_jpg.rf.c763cf36a3a341bfed1f7851c1c77278_r2c0.jpg,TP,13,16,0.8685634141454618,8775,9877,101.13032587302698,113.83068132739459
ZAINA-679-B_011_jpg.rf.c763cf36a3a341bfed1f7851c1c77278_r2c0.jpg,TP,17,2,0.8626312880044223,6259,7219,72.13387004436193,83.197700567223
ZAINA-679-B_011_jpg.rf.c763cf36a3a341bfed1f7851c1c77278_r2c0.jpg,TP,2,0,0.8590511658031088,10738,12225,123.7535543275856,140.89096681455896
ZAINA-679-B_011_jpg.rf.c763cf36a3a341bfed1f7851c1c77278_r2c0.jpg,TP,10,13,0.8532477947072975,4378,4866,50.45567711363101,56.07979096275206
ZAINA-679-B_011_jpg.rf.c763cf36a3a341bfed1f7851c1c77278_r2c0.jpg,TP,9,5,0.8520961906788679,4368,4335,50.34042887901787,49.960109704794526
ZAINA-679-B_011_jpg.rf.c763cf36a3a341bfed1f7851c1c77278_r2c0.jpg,TP,1,9,0.8196502031648285,33006,39094,380.3883231641172,450.5514483965945
ZAINA-679-B_011_jpg.rf.c763cf36a3a341bfed1f7851c1c77278_r2c0.jpg,TP,16,17,0.7869719535110307,11316,14361,130.41490228822488,165.50798972792484
ZAINA-679-B_011_jpg.rf.c763cf36a3a341bfed1f7851c1c77278_r2c0.jpg,TP,4,6,0.7813912789849788,5710,6505,65.80674196410075,74.96897661584507
ZAINA-679-B_011_jpg.rf.c763cf36a3a341bfed1f7851c1c77278_r2c0.jpg,TP,7,10,0.7699115044247787,2871,3729,33.08776815743139,42.97606668723847
ZAINA-679-B_011_jpg.rf.c763cf36a3a341bfed1f7851c1c77278_r2c0.jpg,TP,12,20,0.7564490304216331,5498,4375,63.36347939030226,50.42110264324707
ZAINA-679-B_011_jpg.rf.c763cf36a3a341bfed1f7851c1c77278_r2c0.jpg,TP,3,19,0.749379652605459,3020,4030,34.80496685316712,46.44503854909387
ZAINA-679-B_011_jpg.rf.c763cf36a3a341bfed1f7851c1c77278_r2c0.jpg,TP,11,27,0.656866393747674,32100,21324,369.9468331081671,245.75533548905153
ZAINA-679-B_011_jpg.rf.c763cf36a3a341bfed1f7851c1c77278_r2c0.jpg,TP,20,7,0.5974154088980961,10137,6056,116.82713542733612,69.79433088171525
ZAINA-679-B_011_jpg.rf.c763cf36a3a341bfed1f7851c1c77278_r2c0.jpg,TP,18,4,0.5378586609989373,8168,14986,94.13475803200961,172.71100439124584
ZAINA-679-B_011_jpg.rf.c763cf36a3a341bfed1f7851c1c77278_r2c0.jpg,FP,8,-1,0.0,0,3067,0.0,35.34663355584886
ZAINA-679-B_011_jpg.rf.c763cf36a3a341bfed1f7851c1c77278_r2c0.jpg,FP,14,-1,0.0,0,8271,0.0,95.32181484852492
ZAINA-679-B_011_jpg.rf.c763cf36a3a341bfed1f7851c1c77278_r2c0.jpg,FP,15,-1,0.0,0,21618,0.0,249.14363358667774
ZAINA-679-B_011_jpg.rf.c763cf36a3a341bfed1f7851c1c77278_r2c0.jpg,FP,22,-1,0.0,0,4789,0.0,55.192379556230904
ZAINA-679-B_011_jpg.rf.c763cf36a3a341bfed1f7851c1c77278_r2c0.jpg,FP,23,-1,0.0,0,719,0.0,8.28634806868449
ZAINA-679-B_011_jpg.rf.c763cf36a3a341bfed1f7851c1c77278_r2c0.jpg,FN,-1,8,0.0,11133,0,128.30585959480447,0.0
ZAINA-679-B_011_jpg.rf.c763cf36a3a341bfed1f7851c1c77278_r2c0.jpg,FN,-1,12,0.0,12113,0,139.60018658689182,0.0
ZAINA-679-B_011_jpg.rf.c763cf36a3a341bfed1f7851c1c77278_r2c0.jpg,FN,-1,15,0.0,2005,0,23.1072710399338,0.0
ZAINA-679-B_011_jpg.rf.c763cf36a3a341bfed1f7851c1c77278_r2c0.jpg,FN,-1,21,0.0,1756,0,20.23758999806671,0.0
ZAINA-679-B_011_jpg.rf.c763cf36a3a341bfed1f7851c1c77278_r2c0.jpg,FN,-1,22,0.0,16997,0,195.88742437194753,0.0
ZAINA-679-B_011_jpg.rf.c763cf36a3a341bfed1f7851c1c77278_r2c0.jpg,FN,-1,23,0.0,3915,0,45.11968385104281,0.0
ZAINA-679-B_011_jpg.rf.c763cf36a3a341bfed1f7851c1c77278_r2c0.jpg,FN,-1,24,0.0,16023,0,184.66224632062807,0.0
ZAINA-679-B_011_jpg.rf.c763cf36a3a341bfed1f7851c1c77278_r2c0.jpg,FN,-1,25,0.0,4702,0,54.189719915096624,0.0
ZAINA-679-B_011_jpg.rf.c763cf36a3a341bfed1f7851c1c77278_r2c0.jpg,FN,-1,26,0.0,10337,0,119.13210011959885,0.0
ZAINA-679-B_011_jpg.rf.c763cf36a3a341bfed1f7851c1c77278_r2c1.jpg,TP,0,6,0.9193419044416277,36804,37392,424.1596026701863,430.9361988654387
ZAINA-679-B_011_jpg.rf.c763cf36a3a341bfed1f7851c1c77278_r2c1.jpg,TP,5,0,0.8901793339026474,5362,5705,61.796103399563606,65.74911784679418
ZAINA-679-B_011_jpg.rf.c763cf36a3a341bfed1f7851c1c77278_r2c1.jpg,TP,2,5,0.8872842249188173,10636,11449,122.57802233453162,131.94770380857958
ZAINA-679-B_011_jpg.rf.c763cf36a3a341bfed1f7851c1c77278_r2c1.jpg,TP,1,13,0.8786566269074432,27326,29060,314.9273259038559,334.9113697857737
ZAINA-679-B_011_jpg.rf.c763cf36a3a341bfed1f7851c1c77278_r2c1.jpg,TP,3,9,0.8762205044751831,55011,55671,633.9920634303234,641.5984469147903
ZAINA-679-B_011_jpg.rf.c763cf36a3a341bfed1f7851c1c77278_r2c1.jpg,TP,9,8,0.8506288807514727,26719,31400,307.9317580628385,361.87945668524753
ZAINA-679-B_011_jpg.rf.c763cf36a3a341bfed1f7851c1c77278_r2c1.jpg,TP,14,2,0.839647577092511,1076,1012,12.40071004437345,11.66312134284938
ZAINA-679-B_011_jpg.rf.c763cf36a3a341bfed1f7851c1c77278_r2c1.jpg,TP,8,11,0.815718818647791,6707,8171,77.29699095503042,94.16933250239356
ZAINA-679-B_011_jpg.rf.c763cf36a3a341bfed1f7851c1c77278_r2c1.jpg,TP,13,7,0.8045828437132785,7765,7592,89.49025417710023,87.49645971829297
ZAINA-679-B_011_jpg.rf.c763cf36a3a341bfed1f7851c1c77278_r2c1.jpg,TP,11,4,0.7990965622433416,79967,73370,921.6055577308659,845.57629735658
ZAINA-679-B_011_jpg.rf.c763cf36a3a341bfed1f7851c1c77278_r2c1.jpg,TP,18,18,0.7591860273521173,11499,9854,132.52394498164526,113.56561038778437
ZAINA-679-B_011_jpg.rf.c763cf36a3a341bfed1f7851c1c77278_r2c1.jpg,TP,17,20,0.752370417193426,5724,5365,65.96808949255913,61.83067786994755
ZAINA-679-B_011_jpg.rf.c763cf36a3a341bfed1f7851c1c77278_r2c1.jpg,TP,7,1,0.7128535624776227,2016,2768,23.234044098008248,31.90071134091609
ZAINA-679-B_011_jpg.rf.c763cf36a3a341bfed1f7851c1c77278_r2c1.jpg,TP,4,19,0.537880359100471,31925,19980,367.9299890024372,230.26597275704606
ZAINA-679-B_011_jpg.rf.c763cf36a3a341bfed1f7851c1c77278_r2c1.jpg,FP,6,-1,0.0,0,14704,0.0,169.4610041751554
ZAINA-679-B_011_jpg.rf.c763cf36a3a341bfed1f7851c1c77278_r2c1.jpg,FP,10,-1,0.0,0,5010,0.0,57.739365541181215
ZAINA-679-B_011_jpg.rf.c763cf36a3a341bfed1f7851c1c77278_r2c1.jpg,FP,12,-1,0.0,0,11915,0.0,137.31827154155172
ZAINA-679-B_011_jpg.rf.c763cf36a3a341bfed1f7851c1c77278_r2c1.jpg,FP,15,-1,0.0,0,4550,0.0,52.437946748976955
ZAINA-679-B_011_jpg.rf.c763cf36a3a341bfed1f7851c1c77278_r2c1.jpg,FP,16,-1,0.0,0,5865,0.0,67.59308960060436
ZAINA-679-B_011_jpg.rf.c763cf36a3a341bfed1f7851c1c77278_r2c1.jpg,FN,-1,3,0.0,21783,0,251.0452294577945,0.0
ZAINA-679-B_011_jpg.rf.c763cf36a3a341bfed1f7851c1c77278_r2c1.jpg,FN,-1,10,0.0,40846,0,470.74293910081593,0.0
ZAINA-679-B_011_jpg.rf.c763cf36a3a341bfed1f7851c1c77278_r2c1.jpg,FN,-1,12,0.0,10077,0,116.1356460196573,0.0
ZAINA-679-B_011_jpg.rf.c763cf36a3a341bfed1f7851c1c77278_r2c1.jpg,FN,-1,14,0.0,2003,0,23.084221393011173,0.0
ZAINA-679-B_011_jpg.rf.c763cf36a3a341bfed1f7851c1c77278_r2c1.jpg,FN,-1,15,0.0,7999,0,92.18706286704762,0.0
ZAINA-679-B_011_jpg.rf.c763cf36a3a341bfed1f7851c1c77278_r2c1.jpg,FN,-1,16,0.0,8739,0,100.71543222841969,0.0
ZAINA-679-B_011_jpg.rf.c763cf36a3a341bfed1f7851c1c77278_r2c1.jpg,FN,-1,17,0.0,4609,0,53.117911333194456,0.0
ZAINA-679-B_011_jpg.rf.c763cf36a3a341bfed1f7851c1c77278_r2c1.jpg,FN,-1,21,0.0,2247,0,25.896278317571696,0.0
ZAINA-679-B_011_jpg.rf.c763cf36a3a341bfed1f7851c1c77278_r2c2.jpg,TP,3,23,0.9125612215499856,6768,6509,78.00000518617055,75.01507590969032
ZAINA-679-B_011_jpg.rf.c763cf36a3a341bfed1f7851c1c77278_r2c2.jpg,TP,23,18,0.8979873835986782,15158,16434,174.69327402659178,189.39894876322796
ZAINA-679-B_011_jpg.rf.c763cf36a3a341bfed1f7851c1c77278_r2c2.jpg,TP,25,12,0.8974205756398765,9362,9690,107.89539724481807,111.67553934012894
ZAINA-679-B_011_jpg.rf.c763cf36a3a341bfed1f7851c1c77278_r2c2.jpg,TP,11,0,0.8758528428093646,7411,6611,85.4104666717952,76.19060790274432
ZAINA-679-B_011_jpg.rf.c763cf36a3a341bfed1f7851c1c77278_r2c2.jpg,TP,6,16,0.8736897026039937,20939,18564,241.3182784564458,213.94682273582598
ZAINA-679-B_011_jpg.rf.c763cf36a3a341bfed1f7851c1c77278_r2c2.jpg,TP,14,7,0.8726798143851509,6393,6521,73.67819638817795,75.15337379122609
ZAINA-679-B_011_jpg.rf.c763cf36a3a341bfed1f7851c1c77278_r2c2.jpg,TP,1,17,0.859603307840577,14777,15131,170.3023162878313,174.3821037931363
ZAINA-679-B_011_jpg.rf.c763cf36a3a341bfed1f7851c1c77278_r2c2.jpg,TP,2,13,0.8548149432261419,9903,11496,114.13032673738874,132.4893705112613
ZAINA-679-B_011_jpg.rf.c763cf36a3a341bfed1f7851c1c77278_r2c2.jpg,TP,5,21,0.8512603726319086,5464,6360,62.9716353926176,73.29787721395459
ZAINA-679-B_011_jpg.rf.c763cf36a3a341bfed1f7851c1c77278_r2c2.jpg,TP,18,11,0.8485800452374969,13575,15847,156.44947848733233,182.63387739143687
ZAINA-679-B_011_jpg.rf.c763cf36a3a341bfed1f7851c1c77278_r2c2.jpg,TP,0,25,0.8400608005404493,11294,10496,130.16135617207598,120.96454704994771
ZAINA-679-B_011_jpg.rf.c763cf36a3a341bfed1f7851c1c77278_r2c2.jpg,TP,7,5,0.8390284067517497,2151,2316,24.789895265285587,26.691491136402334
ZAINA-679-B_011_jpg.rf.c763cf36a3a341bfed1f7851c1c77278_r2c2.jpg,TP,8,22,0.8240033927056828,1963,2338,22.623228454558628,26.945037252551234
ZAINA-679-B_011_jpg.rf.c763cf36a3a341bfed1f7851c1c77278_r2c2.jpg,TP,21,9,0.752649930264993,22833,27433,263.1462940921738,316.1604820142164
ZAINA-679-B_011_jpg.rf.c763cf36a3a341bfed1f7851c1c77278_r2c2.jpg,TP,24,20,0.7407312049433573,2877,3884,33.15691709819927,44.762414323742085
ZAINA-679-B_011_jpg.rf.c763cf36a3a341bfed1f7851c1c77278_r2c2.jpg,TP,4,1,0.6998103816070159,16735,11951,192.86792062508337,137.73316518615903
ZAINA-679-B_011_jpg.rf.c763cf36a3a341bfed1f7851c1c77278_r2c2.jpg,TP,13,6,0.6838602329450915,1233,1803,14.210107327799689,20.779256700748448
ZAINA-679-B_011_jpg.rf.c763cf36a3a341bfed1f7851c1c77278_r2c2.jpg,TP,15,24,0.6677680665103389,8694,6953,100.19681517266058,80.13209752651358
ZAINA-679-B_011_jpg.rf.c763cf36a3a341bfed1f7851c1c77278_r2c2.jpg,TP,17,27,0.6516781179179107,26096,19819,300.7517930464401,228.41047617977455
ZAINA-679-B_011_jpg.rf.c763cf36a3a341bfed1f7851c1c77278_r2c2.jpg,TP,9,4,0.5870917573872473,7512,4734,86.57447384138788,54.558514265858655
ZAINA-679-B_011_jpg.rf.c763cf36a3a341bfed1f7851c1c77278_r2c2.jpg,FP,10,-1,0.0,0,4713,0.0,54.31649297317107
ZAINA-679-B_011_jpg.rf.c763cf36a3a341bfed1f7851c1c77278_r2c2.jpg,FP,12,-1,0.0,0,2338,0.0,26.945037252551234
ZAINA-679-B_011_jpg.rf.c763cf36a3a341bfed1f7851c1c77278_r2c2.jpg,FP,16,-1,0.0,0,3676,0.0,42.36525104378885
ZAINA-679-B_011_jpg.rf.c763cf36a3a341bfed1f7851c1c77278_r2c2.jpg,FP,19,-1,0.0,0,13362,0.0,153.99469109007254
ZAINA-679-B_011_jpg.rf.c763cf36a3a341bfed1f7851c1c77278_r2c2.jpg,FP,20,-1,0.0,0,21370,0.0,246.28547736827196
ZAINA-679-B_011_jpg.rf.c763cf36a3a341bfed1f7851c1c77278_r2c2.jpg,FP,22,-1,0.0,0,33769,0.0,389.1817634650995
ZAINA-679-B_011_jpg.rf.c763cf36a3a341bfed1f7851c1c77278_r2c2.jpg,FN,-1,2,0.0,13260,0,152.81915909701854,0.0
ZAINA-679-B_011_jpg.rf.c763cf36a3a341bfed1f7851c1c77278_r2c2.jpg,FN,-1,3,0.0,8129,0,93.68528991701838,0.0
ZAINA-679-B_011_jpg.rf.c763cf36a3a341bfed1f7851c1c77278_r2c2.jpg,FN,-1,8,0.0,3261,0,37.5824493073437,0.0
ZAINA-679-B_011_jpg.rf.c763cf36a3a341bfed1f7851c1c77278_r2c2.jpg,FN,-1,10,0.0,14396,0,165.91135854907083,0.0
ZAINA-679-B_011_jpg.rf.c763cf36a3a341bfed1f7851c1c77278_r2c2.jpg,FN,-1,14,0.0,2898,0,33.39893839088686,0.0
ZAINA-679-B_011_jpg.rf.c763cf36a3a341bfed1f7851c1c77278_r2c2.jpg,FN,-1,15,0.0,9136,0,105.2907871425612,0.0
ZAINA-679-B_011_jpg.rf.c763cf36a3a341bfed1f7851c1c77278_r2c2.jpg,FN,-1,19,0.0,2847,0,32.811172394359865,0.0
ZAINA-679-B_011_jpg.rf.c763cf36a3a341bfed1f7851c1c77278_r2c2.jpg,FN,-1,26,0.0,2291,0,26.403370549869493,0.0
ZAINA-679-B_011_jpg.rf.c763cf36a3a341bfed1f7851c1c77278_r2c2.jpg,FN,-1,28,0.0,13422,0,154.68618049775134,0.0
ZAINA-679-D_007_jpg.rf.34de0be2ff800849eeb730bc4890f94f_r0c0.jpg,TP,0,16,0.9169771154869611,5352,5454,61.68085516495047,62.85638715800446
ZAINA-679-D_007_jpg.rf.34de0be2ff800849eeb730bc4890f94f_r0c0.jpg,TP,2,7,0.882532956685499,7778,8216,89.6400768820973,94.68794955815267
ZAINA-679-D_007_jpg.rf.34de0be2ff800849eeb730bc4890f94f_r0c0.jpg,TP,4,17,0.841467519353753,2512,2959,28.950356534819804,34.10195262202699
ZAINA-679-D_007_jpg.rf.34de0be2ff800849eeb730bc4890f94f_r0c0.jpg,TP,1,5,0.8398392652123995,3040,3370,35.03546332239339,38.838655064626884
ZAINA-679-D_007_jpg.rf.34de0be2ff800849eeb730bc4890f94f_r0c0.jpg,TP,3,1,0.8350290697674418,4625,5475,53.30230850857547,63.09840845069205
ZAINA-679-D_007_jpg.rf.34de0be2ff800849eeb730bc4890f94f_r0c0.jpg,TP,5,0,0.816618152950516,3100,3765,35.726952730072206,43.39096033184576
ZAINA-679-D_007_jpg.rf.34de0be2ff800849eeb730bc4890f94f_r0c0.jpg,FN,-1,2,0.0,6854,0,78.99114000384353,0.0
ZAINA-679-D_007_jpg.rf.34de0be2ff800849eeb730bc4890f94f_r0c0.jpg,FN,-1,3,0.0,1545,0,17.805852247729536,0.0
ZAINA-679-D_007_jpg.rf.34de0be2ff800849eeb730bc4890f94f_r0c0.jpg,FN,-1,4,0.0,4213,0,48.554081242514265,0.0
ZAINA-679-D_007_jpg.rf.34de0be2ff800849eeb730bc4890f94f_r0c0.jpg,FN,-1,6,0.0,9675,0,111.50266698820923,0.0
ZAINA-679-D_007_jpg.rf.34de0be2ff800849eeb730bc4890f94f_r0c0.jpg,FN,-1,8,0.0,2820,0,32.500002160904394,0.0
ZAINA-679-D_007_jpg.rf.34de0be2ff800849eeb730bc4890f94f_r0c0.jpg,FN,-1,9,0.0,2259,0,26.03457619910746,0.0
ZAINA-679-D_007_jpg.rf.34de0be2ff800849eeb730bc4890f94f_r0c0.jpg,FN,-1,10,0.0,4050,0,46.67553501832015,0.0
ZAINA-679-D_007_jpg.rf.34de0be2ff800849eeb730bc4890f94f_r0c0.jpg,FN,-1,11,0.0,2985,0,34.40159803202114,0.0
ZAINA-679-D_007_jpg.rf.34de0be2ff800849eeb730bc4890f94f_r0c0.jpg,FN,-1,12,0.0,3645,0,42.00798151648813,0.0
ZAINA-679-D_007_jpg.rf.34de0be2ff800849eeb730bc4890f94f_r0c0.jpg,FN,-1,13,0.0,3504,0,40.38298140844291,0.0
ZAINA-679-D_007_jpg.rf.34de0be2ff800849eeb730bc4890f94f_r0c0.jpg,FN,-1,14,0.0,1095,0,12.619681690138409,0.0
ZAINA-679-D_007_jpg.rf.34de0be2ff800849eeb730bc4890f94f_r0c0.jpg,FN,-1,15,0.0,3868,0,44.57801714836106,0.0
ZAINA-679-D_007_jpg.rf.34de0be2ff800849eeb730bc4890f94f_r0c0.jpg,FN,-1,18,0.0,3247,0,37.42110177888531,0.0
ZAINA-679-D_007_jpg.rf.34de0be2ff800849eeb730bc4890f94f_r0c0.jpg,FN,-1,19,0.0,1534,0,17.679079189655088,0.0
ZAINA-679-D_007_jpg.rf.34de0be2ff800849eeb730bc4890f94f_r0c0.jpg,FN,-1,20,0.0,2503,0,28.84663312366798,0.0
ZAINA-679-D_007_jpg.rf.34de0be2ff800849eeb730bc4890f94f_r0c0.jpg,FN,-1,21,0.0,2299,0,26.495569137560004,0.0
ZAINA-679-D_007_jpg.rf.34de0be2ff800849eeb730bc4890f94f_r0c0.jpg,FN,-1,22,0.0,5424,0,62.51064245416505,0.0
ZAINA-679-D_007_jpg.rf.34de0be2ff800849eeb730bc4890f94f_r0c1.jpg,TP,6,25,0.9358311800172265,2217,2278,25.550533613732288,26.25354784487242
ZAINA-679-D_007_jpg.rf.34de0be2ff800849eeb730bc4890f94f_r0c1.jpg,TP,7,16,0.9060001926225562,9770,10020,112.59752521703403,115.47873108236243
ZAINA-679-D_007_jpg.rf.34de0be2ff800849eeb730bc4890f94f_r0c1.jpg,TP,4,5,0.8973478343827513,4762,5182,54.88120932277544,59.72163517652716
ZAINA-679-D_007_jpg.rf.34de0be2ff800849eeb730bc4890f94f_r0c1.jpg,TP,0,22,0.8944252590034534,3652,4028,42.088655280717326,46.42198890217124
ZAINA-679-D_007_jpg.rf.34de0be2ff800849eeb730bc4890f94f_r0c1.jpg,TP,1,6,0.8930902111324376,9460,10266,109.0248299440268,118.31383765384558
ZAINA-679-D_007_jpg.rf.34de0be2ff800849eeb730bc4890f94f_r0c1.jpg,TP,8,1,0.8823014657624152,4060,4544,46.79078325293328,52.36879780820907
ZAINA-679-D_007_jpg.rf.34de0be2ff800849eeb730bc4890f94f_r0c1.jpg,TP,5,24,0.86812732534105,2149,2370,24.76684561836296,27.313831603313268
ZAINA-679-D_007_jpg.rf.34de0be2ff800849eeb730bc4890f94f_r0c1.jpg,TP,10,12,0.8450653770374351,4731,5570,54.52393979547472,64.19326667951684
ZAINA-679-D_007_jpg.rf.34de0be2ff800849eeb730bc4890f94f_r0c1.jpg,TP,2,8,0.7873988032382964,2245,2833,25.873228670649066,32.64982486590147
ZAINA-679-D_007_jpg.rf.34de0be2ff800849eeb730bc4890f94f_r0c1.jpg,TP,3,9,0.7323860852523273,7484,10195,86.2517787844711,117.49557518809232
ZAINA-679-D_007_jpg.rf.34de0be2ff800849eeb730bc4890f94f_r0c1.jpg,FP,9,-1,0.0,0,6044,0.0,69.65603300017949
ZAINA-679-D_007_jpg.rf.34de0be2ff800849eeb730bc4890f94f_r0c1.jpg,FP,11,-1,0.0,0,4205,0.0,48.461882654823754
ZAINA-679-D_007_jpg.rf.34de0be2ff800849eeb730bc4890f94f_r0c1.jpg,FN,-1,0,0.0,3041,0,35.046988145854705,0.0
ZAINA-679-D_007_jpg.rf.34de0be2ff800849eeb730bc4890f94f_r0c1.jpg,FN,-1,2,0.0,2106,0,24.271278209526475,0.0
ZAINA-679-D_007_jpg.rf.34de0be2ff800849eeb730bc4890f94f_r0c1.jpg,FN,-1,3,0.0,26470,0,305.0620770209714,0.0
ZAINA-679-D_007_jpg.rf.34de0be2ff800849eeb730bc4890f94f_r0c1.jpg,FN,-1,4,0.0,2358,0,27.175533721777505,0.0
ZAINA-679-D_007_jpg.rf.34de0be2ff800849eeb730bc4890f94f_r0c1.jpg,FN,-1,7,0.0,14312,0,164.94327337832047,0.0
ZAINA-679-D_007_jpg.rf.34de0be2ff800849eeb730bc4890f94f_r0c1.jpg,FN,-1,10,0.0,8951,0,103.15869480221818,0.0
ZAINA-679-D_007_jpg.rf.34de0be2ff800849eeb730bc4890f94f_r0c1.jpg,FN,-1,11,0.0,2894,0,33.3528390970416,0.0
ZAINA-679-D_007_jpg.rf.34de0be2ff800849eeb730bc4890f94f_r0c1.jpg,FN,-1,13,0.0,3412,0,39.322697650002056,0.0
ZAINA-679-D_007_jpg.rf.34de0be2ff800849eeb730bc4890f94f_r0c1.jpg,FN,-1,14,0.0,4905,0,56.52925907774328,0.0
ZAINA-679-D_007_jpg.rf.34de0be2ff800849eeb730bc4890f94f_r0c1.jpg,FN,-1,15,0.0,4171,0,48.070038657139094,0.0
ZAINA-679-D_007_jpg.rf.34de0be2ff800849eeb730bc4890f94f_r0c1.jpg,FN,-1,17,0.0,3272,0,37.70922236541815,0.0
ZAINA-679-D_007_jpg.rf.34de0be2ff800849eeb730bc4890f94f_r0c1.jpg,FN,-1,18,0.0,3351,0,38.619683418861925,0.0
ZAINA-679-D_007_jpg.rf.34de0be2ff800849eeb730bc4890f94f_r0c1.jpg,FN,-1,19,0.0,6295,0,72.54876368896922,0.0
ZAINA-679-D_007_jpg.rf.34de0be2ff800849eeb730bc4890f94f_r0c1.jpg,FN,-1,20,0.0,1000,0,11.524823461313616,0.0
ZAINA-679-D_007_jpg.rf.34de0be2ff800849eeb730bc4890f94f_r0c1.jpg,FN,-1,21,0.0,4522,0,52.11525169206017,0.0
ZAINA-679-D_007_jpg.rf.34de0be2ff800849eeb730bc4890f94f_r0c1.jpg,FN,-1,23,0.0,7905,0,91.10372946168414,0.0
ZAINA-679-D_007_jpg.rf.34de0be2ff800849eeb730bc4890f94f_r0c1.jpg,FN,-1,26,0.0,1083,0,12.481383808602645,0.0
ZAINA-679-D_007_jpg.rf.34de0be2ff800849eeb730bc4890f94f_r0c1.jpg,FN,-1,27,0.0,3980,0,45.86879737602819,0.0
ZAINA-679-D_007_jpg.rf.34de0be2ff800849eeb730bc4890f94f_r0c1.jpg,FN,-1,28,0.0,8625,0,99.40160235382993,0.0
ZAINA-679-D_007_jpg.rf.34de0be2ff800849eeb730bc4890f94f_r0c2.jpg,TP,0,19,0.9474472867387349,8946,9249,103.1010706849116,106.59309219368963
ZAINA-679-D_007_jpg.rf.34de0be2ff800849eeb730bc4890f94f_r0c2.jpg,TP,8,24,0.9392040367868479,12015,11812,138.4707538876831,136.13121472503644
ZAINA-679-D_007_jpg.rf.34de0be2ff800849eeb730bc4890f94f_r0c2.jpg,TP,15,6,0.9210746393476897,9248,9129,106.58156737022831,105.210113378332
ZAINA-679-D_007_jpg.rf.34de0be2ff800849eeb730bc4890f94f_r0c2.jpg,TP,1,16,0.9134873723804406,6962,7282,80.2358209376654,83.92376444528576
ZAINA-679-D_007_jpg.rf.34de0be2ff800849eeb730bc4890f94f_r0c2.jpg,TP,4,2,0.889962278038458,9698,10844,111.76773792781944,124.97518561448484
ZAINA-679-D_007_jpg.rf.34de0be2ff800849eeb730bc4890f94f_r0c2.jpg,TP,11,7,0.8867457540326023,10390,11717,119.74291576304847,135.03635649621162
ZAINA-679-D_007_jpg.rf.34de0be2ff800849eeb730bc4890f94f_r0c2.jpg,TP,3,0,0.876241134751773,2581,2710,29.745569353650442,31.2322715801599
ZAINA-679-D_007_jpg.rf.34de0be2ff800849eeb730bc4890f94f_r0c2.jpg,TP,12,18,0.8742980045405664,7362,8324,84.84575032219084,95.93263049197454
ZAINA-679-D_007_jpg.rf.34de0be2ff800849eeb730bc4890f94f_r0c2.jpg,TP,10,10,0.8707369821993013,5243,6002,60.42464940766729,69.17199041480433
ZAINA-679-D_007_jpg.rf.34de0be2ff800849eeb730bc4890f94f_r0c2.jpg,TP,13,5,0.8484848484848485,2315,2321,26.67996631294102,26.7491152537089
ZAINA-679-D_007_jpg.rf.34de0be2ff800849eeb730bc4890f94f_r0c2.jpg,TP,16,1,0.8357626770683638,4343,4599,50.05230829248503,53.002663098581316
ZAINA-679-D_007_jpg.rf.34de0be2ff800849eeb730bc4890f94f_r0c2.jpg,TP,14,28,0.8156711624919717,3819,4662,44.013300798756696,53.728726976644076
ZAINA-679-D_007_jpg.rf.34de0be2ff800849eeb730bc4890f94f_r0c2.jpg,TP,2,22,0.8128323699421965,7137,8544,82.25266504339528,98.46809165346353
ZAINA-679-D_007_jpg.rf.34de0be2ff800849eeb730bc4890f94f_r0c2.jpg,TP,5,20,0.7751921203593463,7452,8949,85.88298443370907,103.13564515529555
ZAINA-679-D_007_jpg.rf.34de0be2ff800849eeb730bc4890f94f_r0c2.jpg,TP,6,26,0.7704610951008646,5347,6940,61.623231047643905,79.9822748215165
ZAINA-679-D_007_jpg.rf.34de0be2ff800849eeb730bc4890f94f_r0c2.jpg,TP,9,17,0.7073042564372044,3788,2710,43.65603127145598,31.2322715801599
ZAINA-679-D_007_jpg.rf.34de0be2ff800849eeb730bc4890f94f_r0c2.jpg,TP,7,13,0.7061175529788085,3532,5002,40.705676465359694,57.647166953490704
ZAINA-679-D_007_jpg.rf.34de0be2ff800849eeb730bc4890f94f_r0c2.jpg,TP,17,23,0.7048752649600522,6098,4358,70.27837346709043,50.22518064440474
ZAINA-679-D_007_jpg.rf.34de0be2ff800849eeb730bc4890f94f_r0c2.jpg,TP,18,21,0.6824623560673162,2214,1585,25.515959143348347,18.26684518618208
ZAINA-679-D_007_jpg.rf.34de0be2ff800849eeb730bc4890f94f_r0c2.jpg,FN,-1,3,0.0,5425,0,62.522167277626366,0.0
ZAINA-679-D_007_jpg.rf.34de0be2ff800849eeb730bc4890f94f_r0c2.jpg,FN,-1,4,0.0,2850,0,32.8457468647438,0.0
ZAINA-679-D_007_jpg.rf.34de0be2ff800849eeb730bc4890f94f_r0c2.jpg,FN,-1,8,0.0,2496,0,28.765959359438785,0.0
ZAINA-679-D_007_jpg.rf.34de0be2ff800849eeb730bc4890f94f_r0c2.jpg,FN,-1,9,0.0,6636,0,76.47872848927716,0.0
ZAINA-679-D_007_jpg.rf.34de0be2ff800849eeb730bc4890f94f_r0c2.jpg,FN,-1,11,0.0,2904,0,33.46808733165474,0.0
ZAINA-679-D_007_jpg.rf.34de0be2ff800849eeb730bc4890f94f_r0c2.jpg,FN,-1,12,0.0,2291,0,26.403370549869493,0.0
ZAINA-679-D_007_jpg.rf.34de0be2ff800849eeb730bc4890f94f_r0c2.jpg,FN,-1,14,0.0,5975,0,68.86082018134886,0.0
ZAINA-679-D_007_jpg.rf.34de0be2ff800849eeb730bc4890f94f_r0c2.jpg,FN,-1,15,0.0,1799,0,20.733157406903196,0.0
ZAINA-679-D_007_jpg.rf.34de0be2ff800849eeb730bc4890f94f_r0c2.jpg,FN,-1,25,0.0,8192,0,94.41135379508114,0.0
ZAINA-679-D_007_jpg.rf.34de0be2ff800849eeb730bc4890f94f_r0c2.jpg,FN,-1,27,0.0,8054,0,92.82092815741986,0.0
ZAINA-679-D_007_jpg.rf.34de0be2ff800849eeb730bc4890f94f_r0c2.jpg,FN,-1,29,0.0,15351,0,176.9175649546253,0.0
ZAINA-679-D_007_jpg.rf.34de0be2ff800849eeb730bc4890f94f_r0c2.jpg,FN,-1,30,0.0,17967,0,207.06650312942173,0.0
ZAINA-679-D_007_jpg.rf.34de0be2ff800849eeb730bc4890f94f_r0c2.jpg,FN,-1,31,0.0,7446,0,85.81383549294118,0.0
ZAINA-679-D_007_jpg.rf.34de0be2ff800849eeb730bc4890f94f_r0c2.jpg,FN,-1,32,0.0,1217,0,14.02571015241867,0.0
ZAINA-679-D_007_jpg.rf.34de0be2ff800849eeb730bc4890f94f_r1c0.jpg,TP,4,9,0.8950798990748529,4379,4634,50.46720193709233,53.4060319197273
ZAINA-679-D_007_jpg.rf.34de0be2ff800849eeb730bc4890f94f_r1c0.jpg,TP,2,5,0.8357762488782531,2818,3319,32.47695251398177,38.25088906809989
ZAINA-679-D_007_jpg.rf.34de0be2ff800849eeb730bc4890f94f_r1c0.jpg,TP,5,18,0.8153993304638929,3609,3983,41.59308787188084,45.903371846412135
ZAINA-679-D_007_jpg.rf.34de0be2ff800849eeb730bc4890f94f_r1c0.jpg,TP,3,4,0.812828207051763,2190,2643,25.239363380276817,30.460108408251887
ZAINA-679-D_007_jpg.rf.34de0be2ff800849eeb730bc4890f94f_r1c0.jpg,TP,1,23,0.5325771069654073,10666,5682,122.92376703837103,65.48404690718397
ZAINA-679-D_007_jpg.rf.34de0be2ff800849eeb730bc4890f94f_r1c0.jpg,FP,0,-1,0.0,0,2454,0.0,28.281916774063614
ZAINA-679-D_007_jpg.rf.34de0be2ff800849eeb730bc4890f94f_r1c0.jpg,FN,-1,0,0.0,4348,0,50.109932409791604,0.0
ZAINA-679-D_007_jpg.rf.34de0be2ff800849eeb730bc4890f94f_r1c0.jpg,FN,-1,1,0.0,1493,0,17.206561427741228,0.0
ZAINA-679-D_007_jpg.rf.34de0be2ff800849eeb730bc4890f94f_r1c0.jpg,FN,-1,2,0.0,3295,0,37.97429330502836,0.0
ZAINA-679-D_007_jpg.rf.34de0be2ff800849eeb730bc4890f94f_r1c0.jpg,FN,-1,3,0.0,2506,0,28.881207594051922,0.0
ZAINA-679-D_007_jpg.rf.34de0be2ff800849eeb730bc4890f94f_r1c0.jpg,FN,-1,6,0.0,2914,0,33.58333556626788,0.0
ZAINA-679-D_007_jpg.rf.34de0be2ff800849eeb730bc4890f94f_r1c0.jpg,FN,-1,7,0.0,2570,0,29.618796295575994,0.0
ZAINA-679-D_007_jpg.rf.34de0be2ff800849eeb730bc4890f94f_r1c0.jpg,FN,-1,8,0.0,1875,0,21.60904398996303,0.0
ZAINA-679-D_007_jpg.rf.34de0be2ff800849eeb730bc4890f94f_r1c0.jpg,FN,-1,10,0.0,4802,0,55.34220226122798,0.0
ZAINA-679-D_007_jpg.rf.34de0be2ff800849eeb730bc4890f94f_r1c0.jpg,FN,-1,11,0.0,6843,0,78.86436694576908,0.0
ZAINA-679-D_007_jpg.rf.34de0be2ff800849eeb730bc4890f94f_r1c0.jpg,FN,-1,12,0.0,3515,0,40.50975446651736,0.0
ZAINA-679-D_007_jpg.rf.34de0be2ff800849eeb730bc4890f94f_r1c0.jpg,FN,-1,13,0.0,1365,0,15.731384024693085,0.0
ZAINA-679-D_007_jpg.rf.34de0be2ff800849eeb730bc4890f94f_r1c0.jpg,FN,-1,14,0.0,4698,0,54.143620621251365,0.0
ZAINA-679-D_007_jpg.rf.34de0be2ff800849eeb730bc4890f94f_r1c0.jpg,FN,-1,15,0.0,17708,0,204.08157385294152,0.0
ZAINA-679-D_007_jpg.rf.34de0be2ff800849eeb730bc4890f94f_r1c0.jpg,FN,-1,16,0.0,7703,0,88.77571512249878,0.0
ZAINA-679-D_007_jpg.rf.34de0be2ff800849eeb730bc4890f94f_r1c0.jpg,FN,-1,17,0.0,10229,0,117.88741918577698,0.0
ZAINA-679-D_007_jpg.rf.34de0be2ff800849eeb730bc4890f94f_r1c0.jpg,FN,-1,19,0.0,1974,0,22.750001512633077,0.0
ZAINA-679-D_007_jpg.rf.34de0be2ff800849eeb730bc4890f94f_r1c0.jpg,FN,-1,20,0.0,2195,0,25.296987497583387,0.0
ZAINA-679-D_007_jpg.rf.34de0be2ff800849eeb730bc4890f94f_r1c0.jpg,FN,-1,21,0.0,2300,0,26.507093961021315,0.0
ZAINA-679-D_007_jpg.rf.34de0be2ff800849eeb730bc4890f94f_r1c0.jpg,FN,-1,22,0.0,2596,0,29.918441705570146,0.0
ZAINA-679-D_007_jpg.rf.34de0be2ff800849eeb730bc4890f94f_r1c0.jpg,FN,-1,24,0.0,5283,0,60.88564234611983,0.0
ZAINA-679-D_007_jpg.rf.34de0be2ff800849eeb730bc4890f94f_r1c0.jpg,FN,-1,25,0.0,3684,0,42.45744963147936,0.0
ZAINA-679-D_007_jpg.rf.34de0be2ff800849eeb730bc4890f94f_r1c0.jpg,FN,-1,26,0.0,4171,0,48.070038657139094,0.0
ZAINA-679-D_007_jpg.rf.34de0be2ff800849eeb730bc4890f94f_r1c0.jpg,FN,-1,27,0.0,5276,0,60.804968581890634,0.0
ZAINA-679-D_007_jpg.rf.34de0be2ff800849eeb730bc4890f94f_r1c0.jpg,FN,-1,28,0.0,7822,0,90.1471691143951,0.0
ZAINA-679-D_007_jpg.rf.34de0be2ff800849eeb730bc4890f94f_r1c1.jpg,TP,12,3,0.9217806041335453,6003,6085,69.18351523826564,70.12855076209335
ZAINA-679-D_007_jpg.rf.34de0be2ff800849eeb730bc4890f94f_r1c1.jpg,TP,0,13,0.9206457094307562,5580,5723,64.30851491412997,65.95656466909783
ZAINA-679-D_007_jpg.rf.34de0be2ff800849eeb730bc4890f94f_r1c1.jpg,TP,2,12,0.8910411622276029,3357,3672,38.68883235962981,42.3191517499436
ZAINA-679-D_007_jpg.rf.34de0be2ff800849eeb730bc4890f94f_r1c1.jpg,TP,5,10,0.8835804503020318,6636,7084,76.47872848927716,81.64184939994566
ZAINA-679-D_007_jpg.rf.34de0be2ff800849eeb730bc4890f94f_r1c1.jpg,TP,6,14,0.87374749498998,3372,3173,38.861704711549514,36.5682648427481
ZAINA-679-D_007_jpg.rf.34de0be2ff800849eeb730bc4890f94f_r1c1.jpg,TP,10,9,0.8709097446961525,4865,5541,56.06826613929074,63.859046799138746
ZAINA-679-D_007_jpg.rf.34de0be2ff800849eeb730bc4890f94f_r1c1.jpg,TP,9,2,0.8577382079939383,4585,5222,52.84131557012293,60.1826281149797
ZAINA-679-D_007_jpg.rf.34de0be2ff800849eeb730bc4890f94f_r1c1.jpg,TP,13,28,0.8560056192929056,3721,4206,42.88386809954797,48.47340747828507
ZAINA-679-D_007_jpg.rf.34de0be2ff800849eeb730bc4890f94f_r1c1.jpg,TP,4,22,0.8441288534811223,2464,2860,28.39716500867675,32.96099509935694
ZAINA-679-D_007_jpg.rf.34de0be2ff800849eeb730bc4890f94f_r1c1.jpg,TP,15,21,0.838361330133699,5528,5197,63.70922409414167,59.89450752844686
ZAINA-679-D_007_jpg.rf.34de0be2ff800849eeb730bc4890f94f_r1c1.jpg,TP,11,23,0.8323389021479713,3116,3026,35.91134990545323,34.874115793935005
ZAINA-679-D_007_jpg.rf.34de0be2ff800849eeb730bc4890f94f_r1c1.jpg,TP,8,7,0.801060180854381,2634,3142,30.356384997100065,36.210995315447384
ZAINA-679-D_007_jpg.rf.34de0be2ff800849eeb730bc4890f94f_r1c1.jpg,TP,3,15,0.7929213922565507,4658,4511,53.682627682798824,51.98847863398572
ZAINA-679-D_007_jpg.rf.34de0be2ff800849eeb730bc4890f94f_r1c1.jpg,TP,17,25,0.7404964075767472,15248,11399,175.73050813811003,131.3714626355139
ZAINA-679-D_007_jpg.rf.34de0be2ff800849eeb730bc4890f94f_r1c1.jpg,TP,14,4,0.5097865112149171,25716,13392,296.37236013114097,154.34043579391195
ZAINA-679-D_007_jpg.rf.34de0be2ff800849eeb730bc4890f94f_r1c1.jpg,FP,1,-1,0.0,0,8657,0.0,99.77039670459197
ZAINA-679-D_007_jpg.rf.34de0be2ff800849eeb730bc4890f94f_r1c1.jpg,FP,7,-1,0.0,0,5916,0.0,68.18085559713136
ZAINA-679-D_007_jpg.rf.34de0be2ff800849eeb730bc4890f94f_r1c1.jpg,FP,16,-1,0.0,0,4589,0.0,52.88741486396818
ZAINA-679-D_007_jpg.rf.34de0be2ff800849eeb730bc4890f94f_r1c1.jpg,FN,-1,0,0.0,17412,0,200.67022610839268,0.0
ZAINA-679-D_007_jpg.rf.34de0be2ff800849eeb730bc4890f94f_r1c1.jpg,FN,-1,1,0.0,7410,0,85.39894184833389,0.0
ZAINA-679-D_007_jpg.rf.34de0be2ff800849eeb730bc4890f94f_r1c1.jpg,FN,-1,5,0.0,16094,0,185.48050878638134,0.0
ZAINA-679-D_007_jpg.rf.34de0be2ff800849eeb730bc4890f94f_r1c1.jpg,FN,-1,6,0.0,1694,0,19.523050943465265,0.0
ZAINA-679-D_007_jpg.rf.34de0be2ff800849eeb730bc4890f94f_r1c1.jpg,FN,-1,8,0.0,680,0,7.836879953693259,0.0
ZAINA-679-D_007_jpg.rf.34de0be2ff800849eeb730bc4890f94f_r1c1.jpg,FN,-1,11,0.0,3306,0,38.10106636310282,0.0
ZAINA-679-D_007_jpg.rf.34de0be2ff800849eeb730bc4890f94f_r1c1.jpg,FN,-1,16,0.0,1890,0,21.781916341882734,0.0
ZAINA-679-D_007_jpg.rf.34de0be2ff800849eeb730bc4890f94f_r1c1.jpg,FN,-1,17,0.0,18024,0,207.72341806671662,0.0
ZAINA-679-D_007_jpg.rf.34de0be2ff800849eeb730bc4890f94f_r1c1.jpg,FN,-1,18,0.0,1086,0,12.515958278986586,0.0
ZAINA-679-D_007_jpg.rf.34de0be2ff800849eeb730bc4890f94f_r1c1.jpg,FN,-1,19,0.0,5469,0,63.02925950992417,0.0
ZAINA-679-D_007_jpg.rf.34de0be2ff800849eeb730bc4890f94f_r1c1.jpg,FN,-1,20,0.0,6408,0,73.85106874009765,0.0
ZAINA-679-D_007_jpg.rf.34de0be2ff800849eeb730bc4890f94f_r1c1.jpg,FN,-1,24,0.0,4020,0,46.32979031448073,0.0
ZAINA-679-D_007_jpg.rf.34de0be2ff800849eeb730bc4890f94f_r1c1.jpg,FN,-1,26,0.0,2506,0,28.881207594051922,0.0
ZAINA-679-D_007_jpg.rf.34de0be2ff800849eeb730bc4890f94f_r1c1.jpg,FN,-1,27,0.0,5000,0,57.62411730656808,0.0
ZAINA-679-D_007_jpg.rf.34de0be2ff800849eeb730bc4890f94f_r1c1.jpg,FN,-1,29,0.0,14563,0,167.8360040671102,0.0
ZAINA-679-D_007_jpg.rf.34de0be2ff800849eeb730bc4890f94f_r1c1.jpg,FN,-1,30,0.0,6458,0,74.42730991316333,0.0
ZAINA-679-D_007_jpg.rf.34de0be2ff800849eeb730bc4890f94f_r1c1.jpg,FN,-1,31,0.0,3063,0,35.3005342620036,0.0
ZAINA-679-D_007_jpg.rf.34de0be2ff800849eeb730bc4890f94f_r1c1.jpg,FN,-1,32,0.0,6807,0,78.44947330116179,0.0
ZAINA-679-D_007_jpg.rf.34de0be2ff800849eeb730bc4890f94f_r1c1.jpg,FN,-1,33,0.0,1090,0,12.562057572831842,0.0
ZAINA-679-D_007_jpg.rf.34de0be2ff800849eeb730bc4890f94f_r1c1.jpg,FN,-1,34,0.0,5898,0,67.9734087748277,0.0
ZAINA-679-D_007_jpg.rf.34de0be2ff800849eeb730bc4890f94f_r1c1.jpg,FN,-1,35,0.0,2148,0,24.755320794901646,0.0
ZAINA-679-D_007_jpg.rf.34de0be2ff800849eeb730bc4890f94f_r1c1.jpg,FN,-1,36,0.0,3241,0,37.35195283811743,0.0
ZAINA-679-D_007_jpg.rf.34de0be2ff800849eeb730bc4890f94f_r1c2.jpg,TP,7,15,0.9441169245885532,7794,8035,89.82447405747833,92.6019565116549
ZAINA-679-D_007_jpg.rf.34de0be2ff800849eeb730bc4890f94f_r1c2.jpg,TP,3,28,0.9263218722912453,9705,10296,111.84841169204864,118.65958235768498
ZAINA-679-D_007_jpg.rf.34de0be2ff800849eeb730bc4890f94f_r1c2.jpg,TP,1,35,0.9257937923653229,8114,8080,93.51241756509867,93.12057356741401
ZAINA-679-D_007_jpg.rf.34de0be2ff800849eeb730bc4890f94f_r1c2.jpg,TP,0,11,0.9249391204698467,6680,6758,76.98582072157495,77.88475695155742
ZAINA-679-D_007_jpg.rf.34de0be2ff800849eeb730bc4890f94f_r1c2.jpg,TP,4,3,0.9226471101798498,5548,5463,63.93972056336794,62.960110569156285
ZAINA-679-D_007_jpg.rf.34de0be2ff800849eeb730bc4890f94f_r1c2.jpg,TP,11,26,0.9136356087028733,5584,5938,64.35461420797523,68.43440171328025
ZAINA-679-D_007_jpg.rf.34de0be2ff800849eeb730bc4890f94f_r1c2.jpg,TP,19,22,0.8961794019933554,12407,12706,142.98848468451803,146.4344068994508
ZAINA-679-D_007_jpg.rf.34de0be2ff800849eeb730bc4890f94f_r1c2.jpg,TP,12,2,0.8933284457478006,7384,8111,85.09929643833974,93.47784309471474
ZAINA-679-D_007_jpg.rf.34de0be2ff800849eeb730bc4890f94f_r1c2.jpg,TP,5,1,0.8926612305411415,6089,6677,70.17465005593861,76.95124625119101
ZAINA-679-D_007_jpg.rf.34de0be2ff800849eeb730bc4890f94f_r1c2.jpg,TP,8,9,0.8862515413070283,3042,3077,35.05851296931602,35.461881790461995
ZAINA-679-D_007_jpg.rf.34de0be2ff800849eeb730bc4890f94f_r1c2.jpg,TP,10,23,0.8808014720915968,4600,4599,53.01418792204263,53.002663098581316
ZAINA-679-D_007_jpg.rf.34de0be2ff800849eeb730bc4890f94f_r1c2.jpg,TP,14,24,0.8737806680461129,3177,3162,36.61436413659336,36.44149178467365
ZAINA-679-D_007_jpg.rf.34de0be2ff800849eeb730bc4890f94f_r1c2.jpg,TP,2,29,0.8686051595977263,3983,4564,45.903371846412135,52.59929427743534
ZAINA-679-D_007_jpg.rf.34de0be2ff800849eeb730bc4890f94f_r1c2.jpg,TP,6,5,0.8530455771688201,6105,6946,70.35904723131962,80.05142376228437
ZAINA-679-D_007_jpg.rf.34de0be2ff800849eeb730bc4890f94f_r1c2.jpg,TP,9,14,0.8028192099655794,5977,5022,68.88386982827149,57.87766342271698
ZAINA-679-D_007_jpg.rf.34de0be2ff800849eeb730bc4890f94f_r1c2.jpg,TP,18,8,0.7887091449323209,2938,2480,33.8599313293394,28.581562184057766
ZAINA-679-D_007_jpg.rf.34de0be2ff800849eeb730bc4890f94f_r1c2.jpg,TP,15,31,0.7460454414725338,2614,3457,30.12588852787379,39.84131470576117
ZAINA-679-D_007_jpg.rf.34de0be2ff800849eeb730bc4890f94f_r1c2.jpg,FP,13,-1,0.0,0,2646,0.0,30.494682878635828
ZAINA-679-D_007_jpg.rf.34de0be2ff800849eeb730bc4890f94f_r1c2.jpg,FP,16,-1,0.0,0,2695,0.0,31.059399228240196
ZAINA-679-D_007_jpg.rf.34de0be2ff800849eeb730bc4890f94f_r1c2.jpg,FP,17,-1,0.0,0,2688,0.0,30.978725464011
ZAINA-679-D_007_jpg.rf.34de0be2ff800849eeb730bc4890f94f_r1c2.jpg,FN,-1,0,0.0,2481,0,28.59308700751908,0.0
ZAINA-679-D_007_jpg.rf.34de0be2ff800849eeb730bc4890f94f_r1c2.jpg,FN,-1,4,0.0,16145,0,186.06827478290833,0.0
ZAINA-679-D_007_jpg.rf.34de0be2ff800849eeb730bc4890f94f_r1c2.jpg,FN,-1,6,0.0,14685,0,169.24203252939046,0.0
ZAINA-679-D_007_jpg.rf.34de0be2ff800849eeb730bc4890f94f_r1c2.jpg,FN,-1,7,0.0,7858,0,90.56206275900239,0.0
ZAINA-679-D_007_jpg.rf.34de0be2ff800849eeb730bc4890f94f_r1c2.jpg,FN,-1,10,0.0,16661,0,192.01508368894616,0.0
ZAINA-679-D_007_jpg.rf.34de0be2ff800849eeb730bc4890f94f_r1c2.jpg,FN,-1,12,0.0,3532,0,40.705676465359694,0.0
ZAINA-679-D_007_jpg.rf.34de0be2ff800849eeb730bc4890f94f_r1c2.jpg,FN,-1,13,0.0,11455,0,132.01685274934746,0.0
ZAINA-679-D_007_jpg.rf.34de0be2ff800849eeb730bc4890f94f_r1c2.jpg,FN,-1,16,0.0,400,0,4.609929384525446,0.0
ZAINA-679-D_007_jpg.rf.34de0be2ff800849eeb730bc4890f94f_r1c2.jpg,FN,-1,17,0.0,4896,0,56.425535666591465,0.0
ZAINA-679-D_007_jpg.rf.34de0be2ff800849eeb730bc4890f94f_r1c2.jpg,FN,-1,18,0.0,6079,0,70.05940182132547,0.0
ZAINA-679-D_007_jpg.rf.34de0be2ff800849eeb730bc4890f94f_r1c2.jpg,FN,-1,19,0.0,5775,0,66.55585548908613,0.0
ZAINA-679-D_007_jpg.rf.34de0be2ff800849eeb730bc4890f94f_r1c2.jpg,FN,-1,20,0.0,7362,0,84.84575032219084,0.0
ZAINA-679-D_007_jpg.rf.34de0be2ff800849eeb730bc4890f94f_r1c2.jpg,FN,-1,21,0.0,20359,0,234.6338808488839,0.0
ZAINA-679-D_007_jpg.rf.34de0be2ff800849eeb730bc4890f94f_r1c2.jpg,FN,-1,25,0.0,7016,0,80.85816140457632,0.0
ZAINA-679-D_007_jpg.rf.34de0be2ff800849eeb730bc4890f94f_r1c2.jpg,FN,-1,27,0.0,28507,0,328.53814241166725,0.0
ZAINA-679-D_007_jpg.rf.34de0be2ff800849eeb730bc4890f94f_r1c2.jpg,FN,-1,30,0.0,15063,0,173.598415797767,0.0
ZAINA-679-D_007_jpg.rf.34de0be2ff800849eeb730bc4890f94f_r1c2.jpg,FN,-1,32,0.0,3547,0,40.878548817279395,0.0
ZAINA-679-D_007_jpg.rf.34de0be2ff800849eeb730bc4890f94f_r1c2.jpg,FN,-1,33,0.0,9992,0,115.15603602544564,0.0
ZAINA-679-D_007_jpg.rf.34de0be2ff800849eeb730bc4890f94f_r1c2.jpg,FN,-1,34,0.0,7625,0,87.87677889251633,0.0
ZAINA-679-D_007_jpg.rf.34de0be2ff800849eeb730bc4890f94f_r2c0.jpg,TP,4,7,0.883588080901652,6275,5925,72.31826721974294,68.28457900828317
ZAINA-679-D_007_jpg.rf.34de0be2ff800849eeb730bc4890f94f_r2c0.jpg,TP,2,14,0.8568970461714941,3044,3431,35.08156261623865,39.541669295767015
ZAINA-679-D_007_jpg.rf.34de0be2ff800849eeb730bc4890f94f_r2c0.jpg,TP,5,4,0.8383984563434635,3901,3721,44.958336322584415,42.88386809954797
ZAINA-679-D_007_jpg.rf.34de0be2ff800849eeb730bc4890f94f_r2c0.jpg,TP,0,8,0.8082733812949641,2312,2715,26.64539184255708,31.289895697466466
ZAINA-679-D_007_jpg.rf.34de0be2ff800849eeb730bc4890f94f_r2c0.jpg,TP,6,24,0.7956965876983264,4303,3959,49.59131535403249,45.6267760833406
ZAINA-679-D_007_jpg.rf.34de0be2ff800849eeb730bc4890f94f_r2c0.jpg,TP,1,1,0.7866699702675917,3369,3842,38.82713024116557,44.278371738366914
ZAINA-679-D_007_jpg.rf.34de0be2ff800849eeb730bc4890f94f_r2c0.jpg,TP,3,10,0.6926058437686344,2323,3354,26.77216490063153,38.65425788924587
ZAINA-679-D_007_jpg.rf.34de0be2ff800849eeb730bc4890f94f_r2c0.jpg,FP,7,-1,0.0,0,2627,0.0,30.27571123287087
ZAINA-679-D_007_jpg.rf.34de0be2ff800849eeb730bc4890f94f_r2c0.jpg,FN,-1,0,0.0,6816,0,78.5531967123136,0.0
ZAINA-679-D_007_jpg.rf.34de0be2ff800849eeb730bc4890f94f_r2c0.jpg,FN,-1,2,0.0,3354,0,38.65425788924587,0.0
ZAINA-679-D_007_jpg.rf.34de0be2ff800849eeb730bc4890f94f_r2c0.jpg,FN,-1,3,0.0,5309,0,61.185287756113986,0.0
ZAINA-679-D_007_jpg.rf.34de0be2ff800849eeb730bc4890f94f_r2c0.jpg,FN,-1,5,0.0,2514,0,28.97340618174243,0.0
ZAINA-679-D_007_jpg.rf.34de0be2ff800849eeb730bc4890f94f_r2c0.jpg,FN,-1,6,0.0,6782,0,78.16135271462895,0.0
ZAINA-679-D_007_jpg.rf.34de0be2ff800849eeb730bc4890f94f_r2c0.jpg,FN,-1,9,0.0,1917,0,22.0930865753382,0.0
ZAINA-679-D_007_jpg.rf.34de0be2ff800849eeb730bc4890f94f_r2c0.jpg,FN,-1,11,0.0,4189,0,48.27748547944274,0.0
ZAINA-679-D_007_jpg.rf.34de0be2ff800849eeb730bc4890f94f_r2c0.jpg,FN,-1,12,0.0,1962,0,22.611703631097313,0.0
ZAINA-679-D_007_jpg.rf.34de0be2ff800849eeb730bc4890f94f_r2c0.jpg,FN,-1,13,0.0,5494,0,63.31738009645701,0.0
ZAINA-679-D_007_jpg.rf.34de0be2ff800849eeb730bc4890f94f_r2c0.jpg,FN,-1,15,0.0,2979,0,34.33244909125326,0.0
ZAINA-679-D_007_jpg.rf.34de0be2ff800849eeb730bc4890f94f_r2c0.jpg,FN,-1,16,0.0,1987,0,22.899824217630155,0.0
ZAINA-679-D_007_jpg.rf.34de0be2ff800849eeb730bc4890f94f_r2c0.jpg,FN,-1,17,0.0,2035,0,23.453015743773207,0.0
ZAINA-679-D_007_jpg.rf.34de0be2ff800849eeb730bc4890f94f_r2c0.jpg,FN,-1,18,0.0,2977,0,34.30939944433064,0.0
ZAINA-679-D_007_jpg.rf.34de0be2ff800849eeb730bc4890f94f_r2c0.jpg,FN,-1,19,0.0,4704,0,54.21276956201925,0.0
ZAINA-679-D_007_jpg.rf.34de0be2ff800849eeb730bc4890f94f_r2c0.jpg,FN,-1,20,0.0,4100,0,47.25177619138582,0.0
ZAINA-679-D_007_jpg.rf.34de0be2ff800849eeb730bc4890f94f_r2c0.jpg,FN,-1,21,0.0,1269,0,14.625000972406978,0.0
ZAINA-679-D_007_jpg.rf.34de0be2ff800849eeb730bc4890f94f_r2c0.jpg,FN,-1,22,0.0,18508,0,213.3014326219924,0.0
ZAINA-679-D_007_jpg.rf.34de0be2ff800849eeb730bc4890f94f_r2c0.jpg,FN,-1,23,0.0,6417,0,73.95479215124948,0.0
ZAINA-679-D_007_jpg.rf.34de0be2ff800849eeb730bc4890f94f_r2c0.jpg,FN,-1,25,0.0,3087,0,35.577130025075135,0.0
ZAINA-679-D_007_jpg.rf.34de0be2ff800849eeb730bc4890f94f_r2c0.jpg,FN,-1,26,0.0,4336,0,49.97163452825584,0.0
ZAINA-679-D_007_jpg.rf.34de0be2ff800849eeb730bc4890f94f_r2c0.jpg,FN,-1,27,0.0,2701,0,31.128548169008077,0.0
ZAINA-679-D_007_jpg.rf.34de0be2ff800849eeb730bc4890f94f_r2c0.jpg,FN,-1,28,0.0,1952,0,22.49645539648418,0.0
ZAINA-679-D_007_jpg.rf.34de0be2ff800849eeb730bc4890f94f_r2c0.jpg,FN,-1,29,0.0,2092,0,24.109930681068086,0.0
ZAINA-679-D_007_jpg.rf.34de0be2ff800849eeb730bc4890f94f_r2c0.jpg,FN,-1,30,0.0,4237,0,48.83067700558579,0.0
ZAINA-679-D_007_jpg.rf.34de0be2ff800849eeb730bc4890f94f_r2c0.jpg,FN,-1,31,0.0,8626,0,99.41312717729124,0.0
ZAINA-679-D_007_jpg.rf.34de0be2ff800849eeb730bc4890f94f_r2c0.jpg,FN,-1,32,0.0,4308,0,49.648939471339055,0.0
ZAINA-679-D_007_jpg.rf.34de0be2ff800849eeb730bc4890f94f_r2c0.jpg,FN,-1,33,0.0,4209,0,48.507981948669006,0.0
ZAINA-679-D_007_jpg.rf.34de0be2ff800849eeb730bc4890f94f_r2c1.jpg,TP,0,27,0.9456390432471612,8013,8093,92.34841039550601,93.27039627241109
ZAINA-679-D_007_jpg.rf.34de0be2ff800849eeb730bc4890f94f_r2c1.jpg,TP,1,10,0.9197800113787218,4940,5183,56.932627898889265,59.73315999998847
ZAINA-679-D_007_jpg.rf.34de0be2ff800849eeb730bc4890f94f_r2c1.jpg,TP,5,6,0.8644892286309938,2521,2845,29.054079945971626,32.788122747437235
ZAINA-679-D_007_jpg.rf.34de0be2ff800849eeb730bc4890f94f_r2c1.jpg,TP,16,13,0.8371919342793129,3630,3750,41.83510916456842,43.21808797992606
ZAINA-679-D_007_jpg.rf.34de0be2ff800849eeb730bc4890f94f_r2c1.jpg,TP,7,12,0.8109571441681197,8879,10855,102.3289075130036,125.1019586725593
ZAINA-679-D_007_jpg.rf.34de0be2ff800849eeb730bc4890f94f_r2c1.jpg,TP,8,22,0.7958105967259286,4560,5642,52.55319498359009,65.02305396873142
ZAINA-679-D_007_jpg.rf.34de0be2ff800849eeb730bc4890f94f_r2c1.jpg,TP,17,45,0.7914215221104574,5180,4259,59.69858552960453,49.08422312173469
ZAINA-679-D_007_jpg.rf.34de0be2ff800849eeb730bc4890f94f_r2c1.jpg,TP,6,23,0.7868831663072434,7783,6303,89.69770099940388,72.64096227665972
ZAINA-679-D_007_jpg.rf.34de0be2ff800849eeb730bc4890f94f_r2c1.jpg,TP,4,34,0.7551690187069249,2825,2523,32.55762627821097,29.077129592894252
ZAINA-679-D_007_jpg.rf.34de0be2ff800849eeb730bc4890f94f_r2c1.jpg,TP,9,17,0.754950495049505,10439,8704,120.30763211265284,100.31206340727371
ZAINA-679-D_007_jpg.rf.34de0be2ff800849eeb730bc4890f94f_r2c1.jpg,TP,2,40,0.737949442612655,4766,6303,54.92730861662069,72.64096227665972
ZAINA-679-D_007_jpg.rf.34de0be2ff800849eeb730bc4890f94f_r2c1.jpg,TP,12,16,0.7368571428571429,3328,2751,38.35461247925171,31.704789342073756
ZAINA-679-D_007_jpg.rf.34de0be2ff800849eeb730bc4890f94f_r2c1.jpg,TP,10,25,0.7247492418940984,3107,4287,35.8076264943014,49.40691817865147
ZAINA-679-D_007_jpg.rf.34de0be2ff800849eeb730bc4890f94f_r2c1.jpg,TP,3,37,0.7170245398773006,3643,3074,41.9849318695655,35.42730732007806
ZAINA-679-D_007_jpg.rf.34de0be2ff800849eeb730bc4890f94f_r2c1.jpg,TP,13,42,0.6600965406275141,2409,1718,27.763299718304502,19.79964670653679
ZAINA-679-D_007_jpg.rf.34de0be2ff800849eeb730bc4890f94f_r2c1.jpg,TP,14,36,0.635429510891903,2412,1567,27.797874188688443,18.059398363878437
ZAINA-679-D_007_jpg.rf.34de0be2ff800849eeb730bc4890f94f_r2c1.jpg,TP,11,43,0.6247446746425445,3229,2339,37.213654956581664,26.95656207601255
ZAINA-679-D_007_jpg.rf.34de0be2ff800849eeb730bc4890f94f_r2c1.jpg,TP,15,24,0.6128824476650564,1903,3105,21.931739046879812,35.78457684737878
ZAINA-679-D_007_jpg.rf.34de0be2ff800849eeb730bc4890f94f_r2c1.jpg,FN,-1,0,0.0,4482,0,51.65425875360763,0.0
ZAINA-679-D_007_jpg.rf.34de0be2ff800849eeb730bc4890f94f_r2c1.jpg,FN,-1,1,0.0,6595,0,76.0062107273633,0.0
ZAINA-679-D_007_jpg.rf.34de0be2ff800849eeb730bc4890f94f_r2c1.jpg,FN,-1,2,0.0,9498,0,109.46277323555672,0.0
ZAINA-679-D_007_jpg.rf.34de0be2ff800849eeb730bc4890f94f_r2c1.jpg,FN,-1,3,0.0,4022,0,46.35283996140336,0.0
ZAINA-679-D_007_jpg.rf.34de0be2ff800849eeb730bc4890f94f_r2c1.jpg,FN,-1,4,0.0,3735,0,43.04521562800635,0.0
ZAINA-679-D_007_jpg.rf.34de0be2ff800849eeb730bc4890f94f_r2c1.jpg,FN,-1,5,0.0,2124,0,24.47872503183012,0.0
ZAINA-679-D_007_jpg.rf.34de0be2ff800849eeb730bc4890f94f_r2c1.jpg,FN,-1,7,0.0,19535,0,225.1374263167615,0.0
ZAINA-679-D_007_jpg.rf.34de0be2ff800849eeb730bc4890f94f_r2c1.jpg,FN,-1,8,0.0,2567,0,29.584221825192053,0.0
ZAINA-679-D_007_jpg.rf.34de0be2ff800849eeb730bc4890f94f_r2c1.jpg,FN,-1,9,0.0,2485,0,28.639186301364337,0.0
ZAINA-679-D_007_jpg.rf.34de0be2ff800849eeb730bc4890f94f_r2c1.jpg,FN,-1,11,0.0,3087,0,35.577130025075135,0.0
ZAINA-679-D_007_jpg.rf.34de0be2ff800849eeb730bc4890f94f_r2c1.jpg,FN,-1,14,0.0,2524,0,29.088654416355567,0.0
ZAINA-679-D_007_jpg.rf.34de0be2ff800849eeb730bc4890f94f_r2c1.jpg,FN,-1,15,0.0,17214,0,198.38831106305258,0.0
ZAINA-679-D_007_jpg.rf.34de0be2ff800849eeb730bc4890f94f_r2c1.jpg,FN,-1,18,0.0,6026,0,69.44858617787585,0.0
ZAINA-679-D_007_jpg.rf.34de0be2ff800849eeb730bc4890f94f_r2c1.jpg,FN,-1,19,0.0,7606,0,87.65780724675136,0.0
ZAINA-679-D_007_jpg.rf.34de0be2ff800849eeb730bc4890f94f_r2c1.jpg,FN,-1,20,0.0,3146,0,36.257094609292636,0.0
ZAINA-679-D_007_jpg.rf.34de0be2ff800849eeb730bc4890f94f_r2c1.jpg,FN,-1,21,0.0,1808,0,20.83688081805502,0.0
ZAINA-679-D_007_jpg.rf.34de0be2ff800849eeb730bc4890f94f_r2c1.jpg,FN,-1,26,0.0,3369,0,38.82713024116557,0.0
ZAINA-679-D_007_jpg.rf.34de0be2ff800849eeb730bc4890f94f_r2c1.jpg,FN,-1,28,0.0,3771,0,43.46010927261364,0.0
ZAINA-679-D_007_jpg.rf.34de0be2ff800849eeb730bc4890f94f_r2c1.jpg,FN,-1,29,0.0,8721,0,100.50798540611605,0.0
ZAINA-679-D_007_jpg.rf.34de0be2ff800849eeb730bc4890f94f_r2c1.jpg,FN,-1,30,0.0,7516,0,86.62057313523313,0.0
ZAINA-679-D_007_jpg.rf.34de0be2ff800849eeb730bc4890f94f_r2c1.jpg,FN,-1,31,0.0,7288,0,83.99291338605363,0.0
ZAINA-679-D_007_jpg.rf.34de0be2ff800849eeb730bc4890f94f_r2c1.jpg,FN,-1,32,0.0,2254,0,25.97695208180089,0.0
ZAINA-679-D_007_jpg.rf.34de0be2ff800849eeb730bc4890f94f_r2c1.jpg,FN,-1,33,0.0,3008,0,34.66666897163135,0.0
ZAINA-679-D_007_jpg.rf.34de0be2ff800849eeb730bc4890f94f_r2c1.jpg,FN,-1,35,0.0,2365,0,27.2562074860067,0.0
ZAINA-679-D_007_jpg.rf.34de0be2ff800849eeb730bc4890f94f_r2c1.jpg,FN,-1,38,0.0,4168,0,48.03546418675515,0.0
ZAINA-679-D_007_jpg.rf.34de0be2ff800849eeb730bc4890f94f_r2c1.jpg,FN,-1,39,0.0,2685,0,30.94415099362706,0.0
ZAINA-679-D_007_jpg.rf.34de0be2ff800849eeb730bc4890f94f_r2c1.jpg,FN,-1,41,0.0,5487,0,63.23670633222781,0.0
ZAINA-679-D_007_jpg.rf.34de0be2ff800849eeb730bc4890f94f_r2c1.jpg,FN,-1,44,0.0,2988,0,34.436172502405086,0.0
ZAINA-679-D_007_jpg.rf.34de0be2ff800849eeb730bc4890f94f_r2c1.jpg,FN,-1,46,0.0,3483,0,40.14096011575533,0.0
ZAINA-679-D_007_jpg.rf.34de0be2ff800849eeb730bc4890f94f_r2c1.jpg,FN,-1,47,0.0,3120,0,35.95744919929848,0.0
ZAINA-679-D_007_jpg.rf.34de0be2ff800849eeb730bc4890f94f_r2c1.jpg,FN,-1,48,0.0,3378,0,38.930853652317396,0.0
ZAINA-679-D_007_jpg.rf.34de0be2ff800849eeb730bc4890f94f_r2c1.jpg,FN,-1,49,0.0,2622,0,30.218087115564302,0.0
ZAINA-679-D_007_jpg.rf.34de0be2ff800849eeb730bc4890f94f_r2c2.jpg,TP,1,11,0.9333232992173389,6295,6550,72.54876368896922,75.48759367160419
ZAINA-679-D_007_jpg.rf.34de0be2ff800849eeb730bc4890f94f_r2c2.jpg,TP,6,16,0.9266253423670174,6530,6835,75.2570972023779,78.77216835807856
ZAINA-679-D_007_jpg.rf.34de0be2ff800849eeb730bc4890f94f_r2c2.jpg,TP,4,18,0.9090343970161624,4501,4712,51.87323039937259,54.30496814970976
ZAINA-679-D_007_jpg.rf.34de0be2ff800849eeb730bc4890f94f_r2c2.jpg,TP,5,15,0.9009381898454746,3278,3611,37.77837130618603,41.61613751880347
ZAINA-679-D_007_jpg.rf.34de0be2ff800849eeb730bc4890f94f_r2c2.jpg,TP,12,23,0.8979856284603605,7656,8456,88.23404841981704,97.45390718886793
ZAINA-679-D_007_jpg.rf.34de0be2ff800849eeb730bc4890f94f_r2c2.jpg,TP,2,9,0.8903207810320781,16274,17610,187.5549770094178,202.95214115373278
ZAINA-679-D_007_jpg.rf.34de0be2ff800849eeb730bc4890f94f_r2c2.jpg,TP,9,25,0.8774840158977018,5648,5217,65.0922029094993,60.12500399767313
ZAINA-679-D_007_jpg.rf.34de0be2ff800849eeb730bc4890f94f_r2c2.jpg,TP,15,27,0.8579819100199695,7679,8138,88.49911935942725,93.7890133281702
ZAINA-679-D_007_jpg.rf.34de0be2ff800849eeb730bc4890f94f_r2c2.jpg,TP,0,19,0.8504548480142001,7784,8896,89.70922582286518,102.52482951184592
ZAINA-679-D_007_jpg.rf.34de0be2ff800849eeb730bc4890f94f_r2c2.jpg,TP,13,21,0.8431818181818181,3599,3700,41.47783963726771,42.64184680686038
ZAINA-679-D_007_jpg.rf.34de0be2ff800849eeb730bc4890f94f_r2c2.jpg,TP,16,6,0.8164317410597756,12553,15282,144.67110890986982,176.12235213579467
ZAINA-679-D_007_jpg.rf.34de0be2ff800849eeb730bc4890f94f_r2c2.jpg,TP,8,17,0.811849710982659,6743,5795,77.71188459963771,66.78635195831241
ZAINA-679-D_007_jpg.rf.34de0be2ff800849eeb730bc4890f94f_r2c2.jpg,TP,10,10,0.8070858477710726,5082,4201,58.569152830395794,48.4157833609785
ZAINA-679-D_007_jpg.rf.34de0be2ff800849eeb730bc4890f94f_r2c2.jpg,TP,3,2,0.7780898876404494,2523,3174,29.077129592894252,36.579789666209415
ZAINA-679-D_007_jpg.rf.34de0be2ff800849eeb730bc4890f94f_r2c2.jpg,TP,14,5,0.7191378184193338,6606,9186,76.13298378543774,105.86702831562687
ZAINA-679-D_007_jpg.rf.34de0be2ff800849eeb730bc4890f94f_r2c2.jpg,TP,11,26,0.7172744442830161,6649,5171,76.62855119427424,59.59486211845271
ZAINA-679-D_007_jpg.rf.34de0be2ff800849eeb730bc4890f94f_r2c2.jpg,TP,7,12,0.5600771794422031,5674,3220,65.39184831949346,37.109931545429845
ZAINA-679-D_007_jpg.rf.34de0be2ff800849eeb730bc4890f94f_r2c2.jpg,FP,17,-1,0.0,0,4575,0.0,52.72606733550979
ZAINA-679-D_007_jpg.rf.34de0be2ff800849eeb730bc4890f94f_r2c2.jpg,FN,-1,0,0.0,7981,0,91.97961604474396,0.0
ZAINA-679-D_007_jpg.rf.34de0be2ff800849eeb730bc4890f94f_r2c2.jpg,FN,-1,1,0.0,3282,0,37.82447060003129,0.0
ZAINA-679-D_007_jpg.rf.34de0be2ff800849eeb730bc4890f94f_r2c2.jpg,FN,-1,3,0.0,4375,0,50.42110264324707,0.0
ZAINA-679-D_007_jpg.rf.34de0be2ff800849eeb730bc4890f94f_r2c2.jpg,FN,-1,4,0.0,6522,0,75.1648986146874,0.0
ZAINA-679-D_007_jpg.rf.34de0be2ff800849eeb730bc4890f94f_r2c2.jpg,FN,-1,7,0.0,12295,0,141.69770445685091,0.0
ZAINA-679-D_007_jpg.rf.34de0be2ff800849eeb730bc4890f94f_r2c2.jpg,FN,-1,8,0.0,20409,0,235.2101220219496,0.0
ZAINA-679-D_007_jpg.rf.34de0be2ff800849eeb730bc4890f94f_r2c2.jpg,FN,-1,13,0.0,13078,0,150.72164122705948,0.0
ZAINA-679-D_007_jpg.rf.34de0be2ff800849eeb730bc4890f94f_r2c2.jpg,FN,-1,14,0.0,1974,0,22.750001512633077,0.0
ZAINA-679-D_007_jpg.rf.34de0be2ff800849eeb730bc4890f94f_r2c2.jpg,FN,-1,20,0.0,3413,0,39.33422247346337,0.0
ZAINA-679-D_007_jpg.rf.34de0be2ff800849eeb730bc4890f94f_r2c2.jpg,FN,-1,22,0.0,4287,0,49.40691817865147,0.0
ZAINA-679-D_007_jpg.rf.34de0be2ff800849eeb730bc4890f94f_r2c2.jpg,FN,-1,24,0.0,14710,0,169.5301531159233,0.0
ZAINA-679-D_007_jpg.rf.34de0be2ff800849eeb730bc4890f94f_r2c2.jpg,FN,-1,28,0.0,3694,0,42.5726978660925,0.0
ZAINA-679-D_007_jpg.rf.34de0be2ff800849eeb730bc4890f94f_r2c2.jpg,FN,-1,29,0.0,7469,0,86.07890643255139,0.0
ZAINA-679-D_007_jpg.rf.34de0be2ff800849eeb730bc4890f94f_r2c2.jpg,FN,-1,30,0.0,2294,0,26.437945020253434,0.0
ZAINA-679-D_011_jpg.rf.ad543589609cac000708358c39701f62_r0c0.jpg,TP,1,11,0.9342619330728724,5698,5689,65.66844408256499,65.56472067141316
ZAINA-679-D_011_jpg.rf.ad543589609cac000708358c39701f62_r0c0.jpg,TP,5,0,0.8918572735590119,4900,5439,56.47163496043672,62.68351480608476
ZAINA-679-D_011_jpg.rf.ad543589609cac000708358c39701f62_r0c0.jpg,TP,0,2,0.8799694189602446,3462,3915,39.89893882306774,45.11968385104281
ZAINA-679-D_011_jpg.rf.ad543589609cac000708358c39701f62_r0c0.jpg,TP,12,19,0.8747795414462081,3919,3522,45.16578314488806,40.590428230746554
ZAINA-679-D_011_jpg.rf.ad543589609cac000708358c39701f62_r0c0.jpg,TP,7,18,0.8691588785046729,5906,5494,68.06560736251822,63.31738009645701
ZAINA-679-D_011_jpg.rf.ad543589609cac000708358c39701f62_r0c0.jpg,TP,11,17,0.8391304347826087,4169,4714,48.046989010216464,54.32801779663239
ZAINA-679-D_011_jpg.rf.ad543589609cac000708358c39701f62_r0c0.jpg,TP,3,12,0.8226626016260162,3260,3914,37.570924483882386,45.10815902758149
ZAINA-679-D_011_jpg.rf.ad543589609cac000708358c39701f62_r0c0.jpg,TP,2,13,0.809137969840198,3617,4421,41.68528645957135,50.9512445224675
ZAINA-679-D_011_jpg.rf.ad543589609cac000708358c39701f62_r0c0.jpg,TP,6,1,0.7931920359666025,3705,4671,42.699470924166945,53.8324503877959
ZAINA-679-D_011_jpg.rf.ad543589609cac000708358c39701f62_r0c0.jpg,TP,4,8,0.7855651655234118,2650,3337,30.54078217248108,38.45833589040354
ZAINA-679-D_011_jpg.rf.ad543589609cac000708358c39701f62_r0c0.jpg,TP,9,9,0.7839666840187403,1512,1915,17.425533073506188,22.070036928415576
ZAINA-679-D_011_jpg.rf.ad543589609cac000708358c39701f62_r0c0.jpg,TP,8,14,0.7794423637120267,1887,2389,21.747341871498794,27.532803249078228
ZAINA-679-D_011_jpg.rf.ad543589609cac000708358c39701f62_r0c0.jpg,TP,10,7,0.7636700648748842,1650,2156,19.015958711167467,24.847519382592157
ZAINA-679-D_011_jpg.rf.ad543589609cac000708358c39701f62_r0c0.jpg,TP,14,15,0.7276785714285714,1793,2464,20.664008466135314,28.39716500867675
ZAINA-679-D_011_jpg.rf.ad543589609cac000708358c39701f62_r0c0.jpg,FP,13,-1,0.0,0,14942,0.0,172.20391215894804
ZAINA-679-D_011_jpg.rf.ad543589609cac000708358c39701f62_r0c0.jpg,FP,15,-1,0.0,0,839,0.0,9.669326884042123
ZAINA-679-D_011_jpg.rf.ad543589609cac000708358c39701f62_r0c0.jpg,FN,-1,3,0.0,5651,0,65.12677737988324,0.0
ZAINA-679-D_011_jpg.rf.ad543589609cac000708358c39701f62_r0c0.jpg,FN,-1,4,0.0,2668,0,30.74822899478473,0.0
ZAINA-679-D_011_jpg.rf.ad543589609cac000708358c39701f62_r0c0.jpg,FN,-1,5,0.0,1586,0,18.278370009643396,0.0
ZAINA-679-D_011_jpg.rf.ad543589609cac000708358c39701f62_r0c0.jpg,FN,-1,6,0.0,4837,0,55.74557108237396,0.0
ZAINA-679-D_011_jpg.rf.ad543589609cac000708358c39701f62_r0c0.jpg,FN,-1,10,0.0,1577,0,18.174646598491574,0.0
ZAINA-679-D_011_jpg.rf.ad543589609cac000708358c39701f62_r0c0.jpg,FN,-1,16,0.0,1869,0,21.53989504919515,0.0
ZAINA-679-D_011_jpg.rf.ad543589609cac000708358c39701f62_r0c0.jpg,FN,-1,20,0.0,1701,0,19.60372470769446,0.0
ZAINA-679-D_011_jpg.rf.ad543589609cac000708358c39701f62_r0c0.jpg,FN,-1,21,0.0,8706,0,100.33511305419634,0.0
ZAINA-679-D_011_jpg.rf.ad543589609cac000708358c39701f62_r0c0.jpg,FN,-1,22,0.0,511,0,5.889184788731257,0.0
ZAINA-679-D_011_jpg.rf.ad543589609cac000708358c39701f62_r0c1.jpg,TP,2,6,0.9410180065220474,6901,6789,79.53280670652526,78.24202647885814
ZAINA-679-D_011_jpg.rf.ad543589609cac000708358c39701f62_r0c1.jpg,TP,0,4,0.9386322002849583,9286,9763,107.01951066175823,112.51685145280483
ZAINA-679-D_011_jpg.rf.ad543589609cac000708358c39701f62_r0c1.jpg,TP,1,7,0.8664569131270757,5009,5669,57.7278407177199,65.33422420218689
ZAINA-679-D_011_jpg.rf.ad543589609cac000708358c39701f62_r0c1.jpg,TP,5,8,0.8635654885654885,3336,3835,38.446811066942224,44.19769797413772
ZAINA-679-D_011_jpg.rf.ad543589609cac000708358c39701f62_r0c1.jpg,TP,7,5,0.836568848758465,1865,2203,21.493795755349893,25.389186085273895
ZAINA-679-D_011_jpg.rf.ad543589609cac000708358c39701f62_r0c1.jpg,TP,3,9,0.8122211445198836,4202,5140,48.427308184439816,59.23759259115199
ZAINA-679-D_011_jpg.rf.ad543589609cac000708358c39701f62_r0c1.jpg,TP,6,0,0.7056775953713721,15070,21191,173.6790895619962,244.22253396869684
ZAINA-679-D_011_jpg.rf.ad543589609cac000708358c39701f62_r0c1.jpg,TP,4,3,0.5213333333333333,1210,2213,13.945036388189475,25.504434319887032
ZAINA-679-D_011_jpg.rf.ad543589609cac000708358c39701f62_r0c1.jpg,FP,8,-1,0.0,0,4773,0.0,55.00798238084989
ZAINA-679-D_011_jpg.rf.ad543589609cac000708358c39701f62_r0c1.jpg,FN,-1,1,0.0,2635,0,30.367909820561376,0.0
ZAINA-679-D_011_jpg.rf.ad543589609cac000708358c39701f62_r0c1.jpg,FN,-1,2,0.0,2050,0,23.62588809569291,0.0
ZAINA-679-D_011_jpg.rf.ad543589609cac000708358c39701f62_r0c1.jpg,FN,-1,10,0.0,1570,0,18.093972834262377,0.0
ZAINA-679-D_011_jpg.rf.ad543589609cac000708358c39701f62_r0c1.jpg,FN,-1,11,0.0,690,0,7.952128188306395,0.0
ZAINA-679-D_011_jpg.rf.ad543589609cac000708358c39701f62_r0c2.jpg,TP,1,19,0.9308519172148243,5968,6067,68.78014641711965,69.9211039397897
ZAINA-679-D_011_jpg.rf.ad543589609cac000708358c39701f62_r0c2.jpg,TP,16,20,0.9016949152542373,9961,10796,114.79876649814493,124.42199408834179
ZAINA-679-D_011_jpg.rf.ad543589609cac000708358c39701f62_r0c2.jpg,TP,0,3,0.8756293119522656,4701,5358,54.17819509163531,61.750004105718354
ZAINA-679-D_011_jpg.rf.ad543589609cac000708358c39701f62_r0c2.jpg,TP,4,17,0.8396407953816549,6559,7781,75.591317082756,89.67465135248125
ZAINA-679-D_011_jpg.rf.ad543589609cac000708358c39701f62_r0c2.jpg,TP,5,5,0.837187176835574,22614,21800,260.6223577541461,251.24115145663683
ZAINA-679-D_011_jpg.rf.ad543589609cac000708358c39701f62_r0c2.jpg,TP,15,11,0.8199209486166008,5186,6325,59.76773447037241,72.89450839280862
ZAINA-679-D_011_jpg.rf.ad543589609cac000708358c39701f62_r0c2.jpg,TP,9,31,0.8119549032120825,9402,7634,108.35639018327062,87.98050230366815
ZAINA-679-D_011_jpg.rf.ad543589609cac000708358c39701f62_r0c2.jpg,TP,3,8,0.8109540636042403,3694,4506,42.5726978660925,51.930854516679155
ZAINA-679-D_011_jpg.rf.ad543589609cac000708358c39701f62_r0c2.jpg,TP,2,4,0.7814934448033442,8229,10523,94.83777226314974,121.27571728340318
ZAINA-679-D_011_jpg.rf.ad543589609cac000708358c39701f62_r0c2.jpg,TP,17,7,0.7657393850658858,3138,4098,36.164896021602125,47.2287265444632
ZAINA-679-D_011_jpg.rf.ad543589609cac000708358c39701f62_r0c2.jpg,TP,11,9,0.7632766400555363,2207,2873,25.43528537911915,33.11081780435402
ZAINA-679-D_011_jpg.rf.ad543589609cac000708358c39701f62_r0c2.jpg,TP,8,2,0.758299695197298,9219,12125,106.24734748985023,139.7384844684276
ZAINA-679-D_011_jpg.rf.ad543589609cac000708358c39701f62_r0c2.jpg,TP,13,12,0.7467482785003825,1004,1279,11.57092275515887,14.740249207020115
ZAINA-679-D_011_jpg.rf.ad543589609cac000708358c39701f62_r0c2.jpg,TP,21,25,0.6944304223456167,5759,4311,66.37145831370512,49.683513941723
ZAINA-679-D_011_jpg.rf.ad543589609cac000708358c39701f62_r0c2.jpg,TP,10,6,0.6515456989247311,1939,2976,22.346632691487102,34.29787462086932
ZAINA-679-D_011_jpg.rf.ad543589609cac000708358c39701f62_r0c2.jpg,TP,18,14,0.6268687282408355,3061,4883,35.27748461508098,56.27571296159439
ZAINA-679-D_011_jpg.rf.ad543589609cac000708358c39701f62_r0c2.jpg,TP,12,10,0.6065200909780136,800,1319,9.219858769050893,15.201242145472659
ZAINA-679-D_011_jpg.rf.ad543589609cac000708358c39701f62_r0c2.jpg,TP,6,13,0.5885294117647059,2014,3387,23.21099445108562,39.034577063469214
ZAINA-679-D_011_jpg.rf.ad543589609cac000708358c39701f62_r0c2.jpg,TP,20,16,0.5357117775124658,7632,14235,87.95745265674552,164.05586197179932
ZAINA-679-D_011_jpg.rf.ad543589609cac000708358c39701f62_r0c2.jpg,TP,14,18,0.5275480489225393,4639,8475,53.463656037033864,97.6728788346329
ZAINA-679-D_011_jpg.rf.ad543589609cac000708358c39701f62_r0c2.jpg,FP,7,-1,0.0,0,7523,0.0,86.70124689946233
ZAINA-679-D_011_jpg.rf.ad543589609cac000708358c39701f62_r0c2.jpg,FP,19,-1,0.0,0,1297,0.0,14.94769602932376
ZAINA-679-D_011_jpg.rf.ad543589609cac000708358c39701f62_r0c2.jpg,FN,-1,0,0.0,2620,0,30.195037468641672,0.0
ZAINA-679-D_011_jpg.rf.ad543589609cac000708358c39701f62_r0c2.jpg,FN,-1,1,0.0,6037,0,69.5753592359503,0.0
ZAINA-679-D_011_jpg.rf.ad543589609cac000708358c39701f62_r0c2.jpg,FN,-1,15,0.0,643,0,7.410461485624655,0.0
ZAINA-679-D_011_jpg.rf.ad543589609cac000708358c39701f62_r0c2.jpg,FN,-1,21,0.0,626,0,7.214539486782323,0.0
ZAINA-679-D_011_jpg.rf.ad543589609cac000708358c39701f62_r0c2.jpg,FN,-1,22,0.0,4438,0,51.14716652130983,0.0
ZAINA-679-D_011_jpg.rf.ad543589609cac000708358c39701f62_r0c2.jpg,FN,-1,23,0.0,4660,0,53.705677329721446,0.0
ZAINA-679-D_011_jpg.rf.ad543589609cac000708358c39701f62_r0c2.jpg,FN,-1,24,0.0,3452,0,39.783690588454604,0.0
ZAINA-679-D_011_jpg.rf.ad543589609cac000708358c39701f62_r0c2.jpg,FN,-1,26,0.0,6684,0,77.03192001542021,0.0
ZAINA-679-D_011_jpg.rf.ad543589609cac000708358c39701f62_r0c2.jpg,FN,-1,27,0.0,6278,0,72.35284169012688,0.0
ZAINA-679-D_011_jpg.rf.ad543589609cac000708358c39701f62_r0c2.jpg,FN,-1,28,0.0,3980,0,45.86879737602819,0.0
ZAINA-679-D_011_jpg.rf.ad543589609cac000708358c39701f62_r0c2.jpg,FN,-1,29,0.0,561,0,6.465425961796939,0.0
ZAINA-679-D_011_jpg.rf.ad543589609cac000708358c39701f62_r0c2.jpg,FN,-1,30,0.0,857,0,9.87677370634577,0.0
ZAINA-679-D_011_jpg.rf.ad543589609cac000708358c39701f62_r1c0.jpg,TP,4,0,0.927536231884058,3998,4115,46.076244198331835,47.42464854330553
ZAINA-679-D_011_jpg.rf.ad543589609cac000708358c39701f62_r1c0.jpg,TP,6,3,0.9223956603564707,8479,8886,97.71897812847814,102.40958127723279
ZAINA-679-D_011_jpg.rf.ad543589609cac000708358c39701f62_r1c0.jpg,TP,1,18,0.8955388692579506,4169,4414,48.046989010216464,50.8705707582383
ZAINA-679-D_011_jpg.rf.ad543589609cac000708358c39701f62_r1c0.jpg,TP,10,21,0.8939840754939545,6088,6757,70.1631252324773,77.8732321280961
ZAINA-679-D_011_jpg.rf.ad543589609cac000708358c39701f62_r1c0.jpg,TP,3,15,0.8571964017991005,4666,5244,53.77482627048933,60.436174231128604
ZAINA-679-D_011_jpg.rf.ad543589609cac000708358c39701f62_r1c0.jpg,TP,12,11,0.8526185054854067,4175,4775,48.116137950984346,55.03103202777252
ZAINA-679-D_011_jpg.rf.ad543589609cac000708358c39701f62_r1c0.jpg,TP,2,1,0.810660369402041,10012,11457,115.38653249467193,132.0399023962701
ZAINA-679-D_011_jpg.rf.ad543589609cac000708358c39701f62_r1c0.jpg,TP,5,14,0.8080110497237569,3514,4340,40.49822964305604,50.01773382210109
ZAINA-679-D_011_jpg.rf.ad543589609cac000708358c39701f62_r1c0.jpg,TP,13,12,0.7712100139082059,2220,2874,25.58510808411623,33.12234262781533
ZAINA-679-D_011_jpg.rf.ad543589609cac000708358c39701f62_r1c0.jpg,TP,14,7,0.707196674460899,2826,3745,32.569151101672276,43.160463862619494
ZAINA-679-D_011_jpg.rf.ad543589609cac000708358c39701f62_r1c0.jpg,TP,7,5,0.7057819257910312,6242,8745,71.93794804551959,100.78458116918758
ZAINA-679-D_011_jpg.rf.ad543589609cac000708358c39701f62_r1c0.jpg,TP,9,2,0.5648116728876824,3329,5894,38.36613730271303,67.92730948098246
ZAINA-679-D_011_jpg.rf.ad543589609cac000708358c39701f62_r1c0.jpg,TP,0,13,0.5544544836296512,11473,20527,132.2242995716511,236.5700511903846
ZAINA-679-D_011_jpg.rf.ad543589609cac000708358c39701f62_r1c0.jpg,FP,8,-1,0.0,0,20721,0.0,238.80586694187943
ZAINA-679-D_011_jpg.rf.ad543589609cac000708358c39701f62_r1c0.jpg,FP,11,-1,0.0,0,12692,0.0,146.2730593709924
ZAINA-679-D_011_jpg.rf.ad543589609cac000708358c39701f62_r1c0.jpg,FN,-1,4,0.0,1894,0,21.82801563572799,0.0
ZAINA-679-D_011_jpg.rf.ad543589609cac000708358c39701f62_r1c0.jpg,FN,-1,6,0.0,715,0,8.240248774839236,0.0
ZAINA-679-D_011_jpg.rf.ad543589609cac000708358c39701f62_r1c0.jpg,FN,-1,8,0.0,7013,0,80.82358693419239,0.0
ZAINA-679-D_011_jpg.rf.ad543589609cac000708358c39701f62_r1c0.jpg,FN,-1,9,0.0,2700,0,31.117023345546762,0.0
ZAINA-679-D_011_jpg.rf.ad543589609cac000708358c39701f62_r1c0.jpg,FN,-1,10,0.0,4435,0,51.11259205092588,0.0
ZAINA-679-D_011_jpg.rf.ad543589609cac000708358c39701f62_r1c0.jpg,FN,-1,16,0.0,4455,0,51.34308852015216,0.0
ZAINA-679-D_011_jpg.rf.ad543589609cac000708358c39701f62_r1c0.jpg,FN,-1,17,0.0,4005,0,46.15691796256103,0.0
ZAINA-679-D_011_jpg.rf.ad543589609cac000708358c39701f62_r1c0.jpg,FN,-1,19,0.0,4443,0,51.204790638616394,0.0
ZAINA-679-D_011_jpg.rf.ad543589609cac000708358c39701f62_r1c0.jpg,FN,-1,20,0.0,4363,0,50.282804761711304,0.0
ZAINA-679-D_011_jpg.rf.ad543589609cac000708358c39701f62_r1c0.jpg,FN,-1,22,0.0,7186,0,82.81738139299965,0.0
ZAINA-679-D_011_jpg.rf.ad543589609cac000708358c39701f62_r1c0.jpg,FN,-1,23,0.0,387,0,4.460106679528369,0.0
ZAINA-679-D_011_jpg.rf.ad543589609cac000708358c39701f62_r1c0.jpg,FN,-1,24,0.0,1871,0,21.562944696117775,0.0
ZAINA-679-D_011_jpg.rf.ad543589609cac000708358c39701f62_r1c0.jpg,FN,-1,25,0.0,4762,0,54.88120932277544,0.0
ZAINA-679-D_011_jpg.rf.ad543589609cac000708358c39701f62_r1c0.jpg,FN,-1,26,0.0,2762,0,31.831562400148208,0.0
ZAINA-679-D_011_jpg.rf.ad543589609cac000708358c39701f62_r1c1.jpg,TP,3,10,0.9075067024128687,2717,2975,31.312945344389092,34.28634979740801
ZAINA-679-D_011_jpg.rf.ad543589609cac000708358c39701f62_r1c1.jpg,TP,4,5,0.8888775614231827,9408,9120,108.4255391240385,105.10638996718018
ZAINA-679-D_011_jpg.rf.ad543589609cac000708358c39701f62_r1c1.jpg,TP,0,11,0.8886174890083048,5497,6101,63.351954566840945,70.31294793747438
ZAINA-679-D_011_jpg.rf.ad543589609cac000708358c39701f62_r1c1.jpg,TP,10,15,0.8801992528019925,7465,7633,86.03280713870615,87.96897748020683
ZAINA-679-D_011_jpg.rf.ad543589609cac000708358c39701f62_r1c1.jpg,TP,6,6,0.8349231584525703,6964,6886,80.25887058458802,79.35993435460556
ZAINA-679-D_011_jpg.rf.ad543589609cac000708358c39701f62_r1c1.jpg,TP,1,9,0.8133719399842063,6194,7584,71.38475651937654,87.40426113060246
ZAINA-679-D_011_jpg.rf.ad543589609cac000708358c39701f62_r1c1.jpg,TP,8,2,0.7906669601584856,3839,4296,44.24379726798297,49.51064158980329
ZAINA-679-D_011_jpg.rf.ad543589609cac000708358c39701f62_r1c1.jpg,TP,5,8,0.7809103260869565,2304,2939,26.55319325486657,33.87145615280072
ZAINA-679-D_011_jpg.rf.ad543589609cac000708358c39701f62_r1c1.jpg,TP,2,7,0.7767857142857143,4571,5777,52.67996804166454,66.57890513600876
ZAINA-679-D_011_jpg.rf.ad543589609cac000708358c39701f62_r1c1.jpg,TP,11,12,0.7354566991313504,5923,7263,68.26152936136054,83.70479279952079
ZAINA-679-D_011_jpg.rf.ad543589609cac000708358c39701f62_r1c1.jpg,TP,7,0,0.7152161042036708,1229,1668,14.164008033954433,19.223405533471112
ZAINA-679-D_011_jpg.rf.ad543589609cac000708358c39701f62_r1c1.jpg,TP,9,1,0.6840796019900498,1104,1604,12.723405101290233,18.48581683194704
ZAINA-679-D_011_jpg.rf.ad543589609cac000708358c39701f62_r1c1.jpg,FN,-1,3,0.0,1534,0,17.679079189655088,0.0
ZAINA-679-D_011_jpg.rf.ad543589609cac000708358c39701f62_r1c1.jpg,FN,-1,4,0.0,594,0,6.8457451360202874,0.0
ZAINA-679-D_011_jpg.rf.ad543589609cac000708358c39701f62_r1c1.jpg,FN,-1,13,0.0,1983,0,22.8537249237849,0.0
ZAINA-679-D_011_jpg.rf.ad543589609cac000708358c39701f62_r1c1.jpg,FN,-1,14,0.0,2779,0,32.02748439899054,0.0
ZAINA-679-D_011_jpg.rf.ad543589609cac000708358c39701f62_r1c1.jpg,FN,-1,16,0.0,2127,0,24.51329950221406,0.0
ZAINA-679-D_011_jpg.rf.ad543589609cac000708358c39701f62_r1c1.jpg,FN,-1,17,0.0,919,0,10.591312760947213,0.0
ZAINA-679-D_011_jpg.rf.ad543589609cac000708358c39701f62_r1c1.jpg,FN,-1,18,0.0,2361,0,27.210108192161446,0.0
ZAINA-679-D_011_jpg.rf.ad543589609cac000708358c39701f62_r1c1.jpg,FN,-1,19,0.0,2863,0,32.99556956974088,0.0
ZAINA-679-D_011_jpg.rf.ad543589609cac000708358c39701f62_r1c1.jpg,FN,-1,20,0.0,1840,0,21.205675168817052,0.0
ZAINA-679-D_011_jpg.rf.ad543589609cac000708358c39701f62_r1c1.jpg,FN,-1,21,0.0,2792,0,32.177307103987616,0.0
ZAINA-679-D_011_jpg.rf.ad543589609cac000708358c39701f62_r1c2.jpg,TP,1,11,0.886354998099582,2341,2622,26.979611722935175,30.218087115564302
ZAINA-679-D_011_jpg.rf.ad543589609cac000708358c39701f62_r1c2.jpg,TP,6,17,0.8852380952380953,3903,4015,44.981385969507045,46.272166197174165
ZAINA-679-D_011_jpg.rf.ad543589609cac000708358c39701f62_r1c2.jpg,TP,5,16,0.8766651355075792,4112,4059,47.390074072921585,46.779258429471966
ZAINA-679-D_011_jpg.rf.ad543589609cac000708358c39701f62_r1c2.jpg,TP,13,15,0.8507858746682997,4234,4833,48.79610253520185,55.699471788528705
ZAINA-679-D_011_jpg.rf.ad543589609cac000708358c39701f62_r1c2.jpg,TP,12,4,0.849112426035503,2043,2332,23.54521433146372,26.875888311783353
ZAINA-679-D_011_jpg.rf.ad543589609cac000708358c39701f62_r1c2.jpg,TP,3,2,0.827768014059754,1918,2242,22.104611398799516,25.838654200265125
ZAINA-679-D_011_jpg.rf.ad543589609cac000708358c39701f62_r1c2.jpg,TP,0,12,0.8211848635235732,5342,6401,61.56560693033734,73.77039497586846
ZAINA-679-D_011_jpg.rf.ad543589609cac000708358c39701f62_r1c2.jpg,TP,10,0,0.8171912832929782,2301,2202,26.51861878448263,25.37766126181258
ZAINA-679-D_011_jpg.rf.ad543589609cac000708358c39701f62_r1c2.jpg,TP,14,1,0.8053581191908147,1567,1735,18.059398363878437,19.995568705379124
ZAINA-679-D_011_jpg.rf.ad543589609cac000708358c39701f62_r1c2.jpg,TP,8,5,0.7821203953279425,1764,2203,20.329788585757218,25.389186085273895
ZAINA-679-D_011_jpg.rf.ad543589609cac000708358c39701f62_r1c2.jpg,TP,9,14,0.778875849289685,3914,4726,45.10815902758149,54.46631567816815
ZAINA-679-D_011_jpg.rf.ad543589609cac000708358c39701f62_r1c2.jpg,TP,4,9,0.7762991128010139,1225,1578,14.11790874010918,18.186171421952885
ZAINA-679-D_011_jpg.rf.ad543589609cac000708358c39701f62_r1c2.jpg,TP,2,6,0.7750090285301553,2151,2764,24.789895265285587,31.854612047070834
ZAINA-679-D_011_jpg.rf.ad543589609cac000708358c39701f62_r1c2.jpg,TP,7,8,0.773377703826955,2336,2993,26.92198760562861,34.49379661971165
ZAINA-679-D_011_jpg.rf.ad543589609cac000708358c39701f62_r1c2.jpg,TP,11,3,0.7674418604651163,1170,1338,13.48404344973693,15.420213791237618
ZAINA-679-D_011_jpg.rf.ad543589609cac000708358c39701f62_r1c2.jpg,TP,15,10,0.7210099750623441,2313,3208,26.656916666018393,36.97163366389408
ZAINA-679-D_011_jpg.rf.ad543589609cac000708358c39701f62_r1c2.jpg,FN,-1,7,0.0,945,0,10.890958170941367,0.0
ZAINA-679-D_011_jpg.rf.ad543589609cac000708358c39701f62_r1c2.jpg,FN,-1,13,0.0,1956,0,22.542554690329432,0.0
ZAINA-679-D_011_jpg.rf.ad543589609cac000708358c39701f62_r1c2.jpg,FN,-1,18,0.0,14582,0,168.05497571287515,0.0
ZAINA-679-D_011_jpg.rf.ad543589609cac000708358c39701f62_r1c2.jpg,FN,-1,19,0.0,2595,0,29.906916882108835,0.0
ZAINA-679-D_011_jpg.rf.ad543589609cac000708358c39701f62_r1c2.jpg,FN,-1,20,0.0,3835,0,44.19769797413772,0.0
ZAINA-679-D_011_jpg.rf.ad543589609cac000708358c39701f62_r1c2.jpg,FN,-1,21,0.0,3164,0,36.46454143159628,0.0
ZAINA-679-D_011_jpg.rf.ad543589609cac000708358c39701f62_r2c0.jpg,TP,0,18,0.9504820102196703,18128,18898,208.9219997066932,217.79611377190471
ZAINA-679-D_011_jpg.rf.ad543589609cac000708358c39701f62_r2c0.jpg,TP,1,9,0.8378859857482185,8231,7244,94.86082191007237,83.48582115375584
ZAINA-679-D_011_jpg.rf.ad543589609cac000708358c39701f62_r2c0.jpg,TP,10,2,0.8275538894095595,1781,2119,20.52571058459955,24.421100914523553
ZAINA-679-D_011_jpg.rf.ad543589609cac000708358c39701f62_r2c0.jpg,TP,11,10,0.8021178027796162,1309,1414,15.085993910859523,16.296100374297453
ZAINA-679-D_011_jpg.rf.ad543589609cac000708358c39701f62_r2c0.jpg,TP,12,13,0.7871610584776217,5517,5424,63.58245103606722,62.51064245416505
ZAINA-679-D_011_jpg.rf.ad543589609cac000708358c39701f62_r2c0.jpg,TP,5,15,0.7831655992680695,3878,3918,44.693265382974204,45.154258321426745
ZAINA-679-D_011_jpg.rf.ad543589609cac000708358c39701f62_r2c0.jpg,TP,8,3,0.7735357917570499,1795,2293,20.68705811305794,26.426420196792122
ZAINA-679-D_011_jpg.rf.ad543589609cac000708358c39701f62_r2c0.jpg,TP,7,1,0.7582173526798934,5162,6713,59.491138707300884,77.3661398957983
ZAINA-679-D_011_jpg.rf.ad543589609cac000708358c39701f62_r2c0.jpg,TP,6,19,0.7530864197530864,4248,3420,48.95745006366024,39.41489623769257
ZAINA-679-D_011_jpg.rf.ad543589609cac000708358c39701f62_r2c0.jpg,TP,3,16,0.670785282811642,5128,7042,59.099294709616224,81.15780681457048
ZAINA-679-D_011_jpg.rf.ad543589609cac000708358c39701f62_r2c0.jpg,TP,13,8,0.613978494623656,572,929,6.592199019871388,10.706560995560348
ZAINA-679-D_011_jpg.rf.ad543589609cac000708358c39701f62_r2c0.jpg,FP,2,-1,0.0,0,3224,0.0,37.1560308392751
ZAINA-679-D_011_jpg.rf.ad543589609cac000708358c39701f62_r2c0.jpg,FP,4,-1,0.0,0,4919,0.0,56.690606606201676
ZAINA-679-D_011_jpg.rf.ad543589609cac000708358c39701f62_r2c0.jpg,FP,9,-1,0.0,0,5842,0.0,67.32801866099415
ZAINA-679-D_011_jpg.rf.ad543589609cac000708358c39701f62_r2c0.jpg,FP,14,-1,0.0,0,3111,0.0,35.85372578814666
ZAINA-679-D_011_jpg.rf.ad543589609cac000708358c39701f62_r2c0.jpg,FN,-1,0,0.0,13535,0,155.9884855488798,0.0
ZAINA-679-D_011_jpg.rf.ad543589609cac000708358c39701f62_r2c0.jpg,FN,-1,4,0.0,831,0,9.577128296351615,0.0
ZAINA-679-D_011_jpg.rf.ad543589609cac000708358c39701f62_r2c0.jpg,FN,-1,5,0.0,755,0,8.70124171329178,0.0
ZAINA-679-D_011_jpg.rf.ad543589609cac000708358c39701f62_r2c0.jpg,FN,-1,6,0.0,805,0,9.277482886357461,0.0
ZAINA-679-D_011_jpg.rf.ad543589609cac000708358c39701f62_r2c0.jpg,FN,-1,7,0.0,521,0,6.004433023344394,0.0
ZAINA-679-D_011_jpg.rf.ad543589609cac000708358c39701f62_r2c0.jpg,FN,-1,11,0.0,10822,0,124.72163949833595,0.0
ZAINA-679-D_011_jpg.rf.ad543589609cac000708358c39701f62_r2c0.jpg,FN,-1,12,0.0,2502,0,28.835108300206667,0.0
ZAINA-679-D_011_jpg.rf.ad543589609cac000708358c39701f62_r2c0.jpg,FN,-1,14,0.0,383,0,4.414007385683115,0.0
ZAINA-679-D_011_jpg.rf.ad543589609cac000708358c39701f62_r2c0.jpg,FN,-1,17,0.0,1434,0,16.526596843523723,0.0
ZAINA-679-D_011_jpg.rf.ad543589609cac000708358c39701f62_r2c0.jpg,FN,-1,20,0.0,1385,0,15.961880493919358,0.0
ZAINA-679-D_011_jpg.rf.ad543589609cac000708358c39701f62_r2c0.jpg,FN,-1,21,0.0,2468,0,28.443264302522003,0.0
ZAINA-679-D_011_jpg.rf.ad543589609cac000708358c39701f62_r2c1.jpg,TP,0,19,0.9380520951302378,8458,8655,97.47695683579056,99.74734705766934
ZAINA-679-D_011_jpg.rf.ad543589609cac000708358c39701f62_r2c1.jpg,TP,9,1,0.9258093525179856,2135,2148,24.605498089904568,24.755320794901646
ZAINA-679-D_011_jpg.rf.ad543589609cac000708358c39701f62_r2c1.jpg,TP,3,10,0.8952380952380953,2762,3009,31.831562400148208,34.67819379509267
ZAINA-679-D_011_jpg.rf.ad543589609cac000708358c39701f62_r2c1.jpg,TP,1,2,0.8754484879548949,22456,25111,258.80143564725853,289.39984193704623
ZAINA-679-D_011_jpg.rf.ad543589609cac000708358c39701f62_r2c1.jpg,TP,8,13,0.8478731074260994,1201,1362,13.841312977037653,15.696809554309144
ZAINA-679-D_011_jpg.rf.ad543589609cac000708358c39701f62_r2c1.jpg,TP,7,11,0.8351795263559969,5086,4523,58.61525212424105,52.126776515521485
ZAINA-679-D_011_jpg.rf.ad543589609cac000708358c39701f62_r2c1.jpg,TP,4,8,0.8325656666251712,6708,8013,77.30851577849174,92.34841039550601
ZAINA-679-D_011_jpg.rf.ad543589609cac000708358c39701f62_r2c1.jpg,TP,11,16,0.8312361213915618,1160,1314,13.368795215123795,15.143618028166092
ZAINA-679-D_011_jpg.rf.ad543589609cac000708358c39701f62_r2c1.jpg,TP,2,12,0.8307097486882077,3023,3606,34.83954132355106,41.558513401496896
ZAINA-679-D_011_jpg.rf.ad543589609cac000708358c39701f62_r2c1.jpg,TP,10,14,0.8228782287822878,1125,1345,12.965426393977818,15.500887555466813
ZAINA-679-D_011_jpg.rf.ad543589609cac000708358c39701f62_r2c1.jpg,TP,6,6,0.8042596348884381,1600,1958,18.439717538101785,22.56560433725206
ZAINA-679-D_011_jpg.rf.ad543589609cac000708358c39701f62_r2c1.jpg,TP,5,4,0.8034515819750719,10064,12508,115.98582331466022,144.1524918541107
ZAINA-679-D_011_jpg.rf.ad543589609cac000708358c39701f62_r2c1.jpg,TP,13,9,0.783457249070632,1712,2126,19.73049776576891,24.501774678752746
ZAINA-679-D_011_jpg.rf.ad543589609cac000708358c39701f62_r2c1.jpg,TP,15,18,0.6075788806088473,3847,6292,44.33599585567348,72.51418921858527
ZAINA-679-D_011_jpg.rf.ad543589609cac000708358c39701f62_r2c1.jpg,TP,14,7,0.5827931644077784,989,1697,11.398050403239166,19.557625413849205
ZAINA-679-D_011_jpg.rf.ad543589609cac000708358c39701f62_r2c1.jpg,FP,12,-1,0.0,0,2526,0.0,29.111704063278193
ZAINA-679-D_011_jpg.rf.ad543589609cac000708358c39701f62_r2c1.jpg,FN,-1,0,0.0,1270,0,14.636525795868293,0.0
ZAINA-679-D_011_jpg.rf.ad543589609cac000708358c39701f62_r2c1.jpg,FN,-1,3,0.0,3933,0,45.32713067334645,0.0
ZAINA-679-D_011_jpg.rf.ad543589609cac000708358c39701f62_r2c1.jpg,FN,-1,5,0.0,1195,0,13.772164036269771,0.0
ZAINA-679-D_011_jpg.rf.ad543589609cac000708358c39701f62_r2c1.jpg,FN,-1,15,0.0,898,0,10.349291468259628,0.0
ZAINA-679-D_011_jpg.rf.ad543589609cac000708358c39701f62_r2c1.jpg,FN,-1,17,0.0,11048,0,127.32624960059283,0.0
ZAINA-679-D_011_jpg.rf.ad543589609cac000708358c39701f62_r2c1.jpg,FN,-1,20,0.0,2622,0,30.218087115564302,0.0
ZAINA-679-D_011_jpg.rf.ad543589609cac000708358c39701f62_r2c1.jpg,FN,-1,21,0.0,439,0,5.0593974995166775,0.0
ZAINA-679-D_011_jpg.rf.ad543589609cac000708358c39701f62_r2c1.jpg,FN,-1,22,0.0,1605,0,18.497341655408352,0.0
ZAINA-679-D_011_jpg.rf.ad543589609cac000708358c39701f62_r2c1.jpg,FN,-1,23,0.0,2759,0,31.796987929764267,0.0
ZAINA-679-D_011_jpg.rf.ad543589609cac000708358c39701f62_r2c1.jpg,FN,-1,24,0.0,569,0,6.557624549487447,0.0
ZAINA-679-D_011_jpg.rf.ad543589609cac000708358c39701f62_r2c1.jpg,FN,-1,25,0.0,644,0,7.421986309085969,0.0
ZAINA-679-D_011_jpg.rf.ad543589609cac000708358c39701f62_r2c1.jpg,FN,-1,26,0.0,3708,0,42.73404539455089,0.0
ZAINA-679-D_011_jpg.rf.ad543589609cac000708358c39701f62_r2c1.jpg,FN,-1,27,0.0,3032,0,34.943264734702886,0.0
ZAINA-679-D_011_jpg.rf.ad543589609cac000708358c39701f62_r2c1.jpg,FN,-1,28,0.0,2046,0,23.57978880184766,0.0
ZAINA-679-D_011_jpg.rf.ad543589609cac000708358c39701f62_r2c2.jpg,TP,3,2,0.8922363847045192,6239,6825,71.90337357513565,78.65692012346543
ZAINA-679-D_011_jpg.rf.ad543589609cac000708358c39701f62_r2c2.jpg,TP,1,1,0.8786438529784537,2777,3152,32.00443475206791,36.32624355006052
ZAINA-679-D_011_jpg.rf.ad543589609cac000708358c39701f62_r2c2.jpg,TP,4,3,0.8372952984680402,3170,3786,36.53369037236416,43.63298162453335
ZAINA-679-D_011_jpg.rf.ad543589609cac000708358c39701f62_r2c2.jpg,TP,0,4,0.786318082788671,9065,11433,104.47252467680792,131.76330663319857
ZAINA-679-D_011_jpg.rf.ad543589609cac000708358c39701f62_r2c2.jpg,TP,7,5,0.7843055555555556,5671,7176,65.35727384910952,82.7021331583865
ZAINA-679-D_011_jpg.rf.ad543589609cac000708358c39701f62_r2c2.jpg,TP,6,6,0.742844561867019,1688,2270,19.453902002697383,26.161349257181907
ZAINA-679-D_011_jpg.rf.ad543589609cac000708358c39701f62_r2c2.jpg,TP,2,0,0.7343179555260537,4425,6026,50.99734381631275,69.44858617787585
ZAINA-679-D_011_jpg.rf.ad543589609cac000708358c39701f62_r2c2.jpg,FP,5,-1,0.0,0,10358,0.0,119.37412141228643
ZAINA-679-D_011_jpg.rf.ad543589609cac000708358c39701f62_r2c2.jpg,FN,-1,7,0.0,3220,0,37.109931545429845,0.0
ZAINA-679-D_011_jpg.rf.ad543589609cac000708358c39701f62_r2c2.jpg,FN,-1,8,0.0,2328,0,26.829789017938097,0.0
ZAINA-679-D_011_jpg.rf.ad543589609cac000708358c39701f62_r2c2.jpg,FN,-1,9,0.0,3052,0,35.17376120392915,0.0
ZAINA-679-D_011_jpg.rf.ad543589609cac000708358c39701f62_r2c2.jpg,FN,-1,10,0.0,989,0,11.398050403239166,0.0
ZAINA-679-D_011_jpg.rf.ad543589609cac000708358c39701f62_r2c2.jpg,FN,-1,11,0.0,2498,0,28.78900900636141,0.0
ZAINA-679-D_011_jpg.rf.ad543589609cac000708358c39701f62_r2c2.jpg,FN,-1,12,0.0,966,0,11.132979463628953,0.0
ZAINA-679-D_011_jpg.rf.ad543589609cac000708358c39701f62_r2c2.jpg,FN,-1,13,0.0,914,0,10.533688643640645,0.0
ZAINA-679-D_011_jpg.rf.ad543589609cac000708358c39701f62_r2c2.jpg,FN,-1,14,0.0,2952,0,34.021278857797796,0.0
ZAINA-679-D_011_jpg.rf.ad543589609cac000708358c39701f62_r2c2.jpg,FN,-1,15,0.0,664,0,7.65248277831224,0.0
ZAINA-679-G_006_jpg.rf.11cd17e1f39e2a9131fc83dd7a404392_r0c0.jpg,TP,0,7,0.9179309858161033,27858,26500,321.0585319852747,305.40782172481084
ZAINA-679-G_006_jpg.rf.11cd17e1f39e2a9131fc83dd7a404392_r0c0.jpg,TP,2,8,0.9038810430080751,27864,25656,321.1276809260426,295.68087072346214
ZAINA-679-G_006_jpg.rf.11cd17e1f39e2a9131fc83dd7a404392_r0c0.jpg,TP,5,3,0.8488881675052751,5240,6151,60.390074937283345,70.88918911054004
ZAINA-679-G_006_jpg.rf.11cd17e1f39e2a9131fc83dd7a404392_r0c0.jpg,TP,3,1,0.8488139468419549,5940,6998,68.45745136020288,80.65071458227268
ZAINA-679-G_006_jpg.rf.11cd17e1f39e2a9131fc83dd7a404392_r0c0.jpg,TP,1,0,0.8408523389379058,17524,15650,201.9610063360598,180.36348716955808
ZAINA-679-G_006_jpg.rf.11cd17e1f39e2a9131fc83dd7a404392_r0c0.jpg,TP,7,5,0.838746656476882,4450,5174,51.28546440284559,59.62943658883665
ZAINA-679-G_006_jpg.rf.11cd17e1f39e2a9131fc83dd7a404392_r0c0.jpg,TP,4,4,0.8304735758407688,7662,8340,88.30319736058492,96.11702766735556
ZAINA-679-G_006_jpg.rf.11cd17e1f39e2a9131fc83dd7a404392_r0c0.jpg,TP,8,2,0.7838055177533094,12671,16166,146.03103807830482,186.31029607559591
ZAINA-679-G_006_jpg.rf.11cd17e1f39e2a9131fc83dd7a404392_r0c0.jpg,FP,6,-1,0.0,0,1102,0.0,12.700355454367605
ZAINA-679-G_006_jpg.rf.11cd17e1f39e2a9131fc83dd7a404392_r0c0.jpg,FP,9,-1,0.0,0,10876,0.0,125.34397996524689
ZAINA-679-G_006_jpg.rf.11cd17e1f39e2a9131fc83dd7a404392_r0c0.jpg,FN,-1,6,0.0,3060,0,35.265959791619665,0.0
ZAINA-679-G_006_jpg.rf.11cd17e1f39e2a9131fc83dd7a404392_r0c1.jpg,TP,1,11,0.9214562354763749,6035,6368,69.55230958902767,73.39007580164511
ZAINA-679-G_006_jpg.rf.11cd17e1f39e2a9131fc83dd7a404392_r0c1.jpg,TP,9,13,0.8877059569074778,21663,23019,249.66225064243685,265.2899112559781
ZAINA-679-G_006_jpg.rf.11cd17e1f39e2a9131fc83dd7a404392_r0c1.jpg,TP,18,8,0.8844706194925387,20333,22224,234.33423543888975,256.1276766042338
ZAINA-679-G_006_jpg.rf.11cd17e1f39e2a9131fc83dd7a404392_r0c1.jpg,TP,7,21,0.8835139318885449,2430,2437,28.005321010992088,28.08599477522128
ZAINA-679-G_006_jpg.rf.11cd17e1f39e2a9131fc83dd7a404392_r0c1.jpg,TP,11,2,0.8808019176291131,4048,4583,46.65248537139752,52.8182659232003
ZAINA-679-G_006_jpg.rf.11cd17e1f39e2a9131fc83dd7a404392_r0c1.jpg,TP,2,6,0.8740023246803564,11554,12630,133.1578102720175,145.55852031639097
ZAINA-679-G_006_jpg.rf.11cd17e1f39e2a9131fc83dd7a404392_r0c1.jpg,TP,0,10,0.8723091976516634,7137,8171,82.25266504339528,94.16933250239356
ZAINA-679-G_006_jpg.rf.11cd17e1f39e2a9131fc83dd7a404392_r0c1.jpg,TP,16,5,0.8691235059760957,4492,4891,51.76950698822076,56.3679115492849
ZAINA-679-G_006_jpg.rf.11cd17e1f39e2a9131fc83dd7a404392_r0c1.jpg,TP,4,14,0.8660457951123871,12407,14242,142.98848468451803,164.13653573602852
ZAINA-679-G_006_jpg.rf.11cd17e1f39e2a9131fc83dd7a404392_r0c1.jpg,TP,12,1,0.8573135755258127,3597,4174,41.45478999034508,48.10461312752303
ZAINA-679-G_006_jpg.rf.11cd17e1f39e2a9131fc83dd7a404392_r0c1.jpg,TP,14,9,0.8322756847939593,10361,12449,119.40869588267037,143.4725272698932
ZAINA-679-G_006_jpg.rf.11cd17e1f39e2a9131fc83dd7a404392_r0c1.jpg,TP,15,17,0.8240786240786241,5084,6052,58.59220247731842,69.74823158787001
ZAINA-679-G_006_jpg.rf.11cd17e1f39e2a9131fc83dd7a404392_r0c1.jpg,TP,5,12,0.8093886462882096,3707,4580,42.722520571089575,52.78369145281636
ZAINA-679-G_006_jpg.rf.11cd17e1f39e2a9131fc83dd7a404392_r0c1.jpg,TP,3,19,0.7997973914144612,37480,33585,431.9503833300343,387.0611959482178
ZAINA-679-G_006_jpg.rf.11cd17e1f39e2a9131fc83dd7a404392_r0c1.jpg,TP,6,4,0.799022130725682,3109,3882,35.83067614122403,44.739364676819456
ZAINA-679-G_006_jpg.rf.11cd17e1f39e2a9131fc83dd7a404392_r0c1.jpg,TP,13,3,0.7981636060100167,4781,5990,55.1001809685404,69.03369253326856
ZAINA-679-G_006_jpg.rf.11cd17e1f39e2a9131fc83dd7a404392_r0c1.jpg,TP,10,15,0.7775533661740558,60882,47371,701.6543019716955,545.9424121858873
ZAINA-679-G_006_jpg.rf.11cd17e1f39e2a9131fc83dd7a404392_r0c1.jpg,TP,19,7,0.7237743806009489,1373,1897,15.823582612383595,21.86259010611193
ZAINA-679-G_006_jpg.rf.11cd17e1f39e2a9131fc83dd7a404392_r0c1.jpg,FP,8,-1,0.0,0,3734,0.0,43.03369080454504
ZAINA-679-G_006_jpg.rf.11cd17e1f39e2a9131fc83dd7a404392_r0c1.jpg,FP,17,-1,0.0,0,9153,0.0,105.48670914140352
ZAINA-679-G_006_jpg.rf.11cd17e1f39e2a9131fc83dd7a404392_r0c1.jpg,FP,20,-1,0.0,0,38277,0.0,441.1356676287013
ZAINA-679-G_006_jpg.rf.11cd17e1f39e2a9131fc83dd7a404392_r0c1.jpg,FP,21,-1,0.0,0,4645,0.0,53.532804977801746
ZAINA-679-G_006_jpg.rf.11cd17e1f39e2a9131fc83dd7a404392_r0c1.jpg,FN,-1,0,0.0,3317,0,38.227839421177265,0.0
ZAINA-679-G_006_jpg.rf.11cd17e1f39e2a9131fc83dd7a404392_r0c1.jpg,FN,-1,16,0.0,4031,0,46.45656337255519,0.0
ZAINA-679-G_006_jpg.rf.11cd17e1f39e2a9131fc83dd7a404392_r0c1.jpg,FN,-1,18,0.0,3583,0,41.293442461886684,0.0
ZAINA-679-G_006_jpg.rf.11cd17e1f39e2a9131fc83dd7a404392_r0c1.jpg,FN,-1,20,0.0,3395,0,39.126775651159726,0.0
ZAINA-679-G_006_jpg.rf.11cd17e1f39e2a9131fc83dd7a404392_r0c1.jpg,FN,-1,22,0.0,13362,0,153.99469109007254,0.0
ZAINA-679-G_006_jpg.rf.11cd17e1f39e2a9131fc83dd7a404392_r0c1.jpg,FN,-1,23,0.0,825,0,9.507979355583734,0.0
ZAINA-679-G_006_jpg.rf.11cd17e1f39e2a9131fc83dd7a404392_r0c2.jpg,TP,13,28,0.9204946996466431,4414,4282,50.8705707582383,49.3492940613449
ZAINA-679-G_006_jpg.rf.11cd17e1f39e2a9131fc83dd7a404392_r0c2.jpg,TP,15,8,0.9073426573426573,9667,9971,111.41046840051872,114.91401473275806
ZAINA-679-G_006_jpg.rf.11cd17e1f39e2a9131fc83dd7a404392_r0c2.jpg,TP,4,24,0.9047619047619048,4189,3851,48.27748547944274,44.38209514951873
ZAINA-679-G_006_jpg.rf.11cd17e1f39e2a9131fc83dd7a404392_r0c2.jpg,TP,10,17,0.8932987869508892,7631,8445,87.9459278332842,97.32713413079348
ZAINA-679-G_006_jpg.rf.11cd17e1f39e2a9131fc83dd7a404392_r0c2.jpg,TP,3,23,0.8788432267884323,2917,3255,33.617910036651814,37.51330036657582
ZAINA-679-G_006_jpg.rf.11cd17e1f39e2a9131fc83dd7a404392_r0c2.jpg,TP,5,29,0.8783382789317508,1234,1298,14.221632151261002,14.959220852785073
ZAINA-679-G_006_jpg.rf.11cd17e1f39e2a9131fc83dd7a404392_r0c2.jpg,TP,12,25,0.8761706555671176,2765,2644,31.86613687053215,30.4716332317132
ZAINA-679-G_006_jpg.rf.11cd17e1f39e2a9131fc83dd7a404392_r0c2.jpg,TP,0,12,0.8649468892261002,4003,4600,46.1338683156384,53.01418792204263
ZAINA-679-G_006_jpg.rf.11cd17e1f39e2a9131fc83dd7a404392_r0c2.jpg,TP,2,6,0.8451992161985631,3959,4516,45.6267760833406,52.04610275129229
ZAINA-679-G_006_jpg.rf.11cd17e1f39e2a9131fc83dd7a404392_r0c2.jpg,TP,7,18,0.8338702254947078,10048,9877,115.80142613927922,113.83068132739459
ZAINA-679-G_006_jpg.rf.11cd17e1f39e2a9131fc83dd7a404392_r0c2.jpg,TP,11,2,0.7817577548005908,4234,5416,48.79610253520185,62.41844386647454
ZAINA-679-G_006_jpg.rf.11cd17e1f39e2a9131fc83dd7a404392_r0c2.jpg,TP,8,9,0.7710587736049226,3634,4713,41.88120845841368,54.31649297317107
ZAINA-679-G_006_jpg.rf.11cd17e1f39e2a9131fc83dd7a404392_r0c2.jpg,TP,1,13,0.7496603920046575,14169,12879,163.29522362335263,148.42820135825806
ZAINA-679-G_006_jpg.rf.11cd17e1f39e2a9131fc83dd7a404392_r0c2.jpg,TP,9,20,0.7293188548864759,28422,32891,327.5585324174556,379.06296846606614
ZAINA-679-G_006_jpg.rf.11cd17e1f39e2a9131fc83dd7a404392_r0c2.jpg,TP,6,11,0.5988698300737416,16204,23691,186.74823936712582,273.0345926219809
ZAINA-679-G_006_jpg.rf.11cd17e1f39e2a9131fc83dd7a404392_r0c2.jpg,TP,16,7,0.5525930656448738,21180,37168,244.09576091062237,428.3546384101045
ZAINA-679-G_006_jpg.rf.11cd17e1f39e2a9131fc83dd7a404392_r0c2.jpg,FP,14,-1,0.0,0,2605,0.0,30.02216511672197
ZAINA-679-G_006_jpg.rf.11cd17e1f39e2a9131fc83dd7a404392_r0c2.jpg,FN,-1,0,0.0,15916,0,183.4290902102675,0.0
ZAINA-679-G_006_jpg.rf.11cd17e1f39e2a9131fc83dd7a404392_r0c2.jpg,FN,-1,1,0.0,4351,0,50.14450688017554,0.0
ZAINA-679-G_006_jpg.rf.11cd17e1f39e2a9131fc83dd7a404392_r0c2.jpg,FN,-1,3,0.0,3563,0,41.06294599266041,0.0
ZAINA-679-G_006_jpg.rf.11cd17e1f39e2a9131fc83dd7a404392_r0c2.jpg,FN,-1,4,0.0,4879,0,56.229613667749135,0.0
ZAINA-679-G_006_jpg.rf.11cd17e1f39e2a9131fc83dd7a404392_r0c2.jpg,FN,-1,5,0.0,5834,0,67.23582007330363,0.0
ZAINA-679-G_006_jpg.rf.11cd17e1f39e2a9131fc83dd7a404392_r0c2.jpg,FN,-1,10,0.0,10555,0,121.64451163416521,0.0
ZAINA-679-G_006_jpg.rf.11cd17e1f39e2a9131fc83dd7a404392_r0c2.jpg,FN,-1,14,0.0,3206,0,36.94858401697145,0.0
ZAINA-679-G_006_jpg.rf.11cd17e1f39e2a9131fc83dd7a404392_r0c2.jpg,FN,-1,15,0.0,6672,0,76.89362213388445,0.0
ZAINA-679-G_006_jpg.rf.11cd17e1f39e2a9131fc83dd7a404392_r0c2.jpg,FN,-1,16,0.0,3358,0,38.70035718309112,0.0
ZAINA-679-G_006_jpg.rf.11cd17e1f39e2a9131fc83dd7a404392_r0c2.jpg,FN,-1,19,0.0,6774,0,78.06915412693843,0.0
ZAINA-679-G_006_jpg.rf.11cd17e1f39e2a9131fc83dd7a404392_r0c2.jpg,FN,-1,21,0.0,7302,0,84.15426091451202,0.0
ZAINA-679-G_006_jpg.rf.11cd17e1f39e2a9131fc83dd7a404392_r0c2.jpg,FN,-1,22,0.0,3577,0,41.2242935211188,0.0
ZAINA-679-G_006_jpg.rf.11cd17e1f39e2a9131fc83dd7a404392_r0c2.jpg,FN,-1,26,0.0,2904,0,33.46808733165474,0.0
ZAINA-679-G_006_jpg.rf.11cd17e1f39e2a9131fc83dd7a404392_r0c2.jpg,FN,-1,27,0.0,2424,0,27.936172070224206,0.0
ZAINA-679-G_006_jpg.rf.11cd17e1f39e2a9131fc83dd7a404392_r0c2.jpg,FN,-1,30,0.0,2190,0,25.239363380276817,0.0
ZAINA-679-G_006_jpg.rf.11cd17e1f39e2a9131fc83dd7a404392_r1c0.jpg,TP,13,0,0.9209255995709141,12079,12991,139.20834258920718,149.71898158592518
ZAINA-679-G_006_jpg.rf.11cd17e1f39e2a9131fc83dd7a404392_r1c0.jpg,TP,0,16,0.9207628256782165,10288,11165,118.56738376999448,128.67465394556652
ZAINA-679-G_006_jpg.rf.11cd17e1f39e2a9131fc83dd7a404392_r1c0.jpg,TP,2,1,0.889812119608362,16837,18871,194.04345261813734,217.48494353844924
ZAINA-679-G_006_jpg.rf.11cd17e1f39e2a9131fc83dd7a404392_r1c0.jpg,TP,1,17,0.8783296561373298,16866,18039,194.37767249851544,207.8962904186363
ZAINA-679-G_006_jpg.rf.11cd17e1f39e2a9131fc83dd7a404392_r1c0.jpg,TP,3,26,0.870360291716556,8126,9057,93.65071544663444,104.38032608911742
ZAINA-679-G_006_jpg.rf.11cd17e1f39e2a9131fc83dd7a404392_r1c0.jpg,TP,6,7,0.8521605615266505,3896,4548,44.90071220527785,52.414897102054326
ZAINA-679-G_006_jpg.rf.11cd17e1f39e2a9131fc83dd7a404392_r1c0.jpg,TP,8,8,0.851150202976996,1889,2215,21.77039151842142,25.52748396680966
ZAINA-679-G_006_jpg.rf.11cd17e1f39e2a9131fc83dd7a404392_r1c0.jpg,TP,15,5,0.8303113239822101,4854,5846,55.941493081216294,67.37411795483939
ZAINA-679-G_006_jpg.rf.11cd17e1f39e2a9131fc83dd7a404392_r1c0.jpg,TP,17,13,0.8175689479060265,4002,4895,46.12234349217709,56.41401084313015
ZAINA-679-G_006_jpg.rf.11cd17e1f39e2a9131fc83dd7a404392_r1c0.jpg,TP,14,19,0.8097008118215817,37474,41885,431.8812343892664,482.7172306771208
ZAINA-679-G_006_jpg.rf.11cd17e1f39e2a9131fc83dd7a404392_r1c0.jpg,TP,9,15,0.8029255319148936,3023,3756,34.83954132355106,43.28723692069394
ZAINA-679-G_006_jpg.rf.11cd17e1f39e2a9131fc83dd7a404392_r1c0.jpg,TP,4,25,0.7745803357314148,3876,5004,44.670215736051574,57.67021660041333
ZAINA-679-G_006_jpg.rf.11cd17e1f39e2a9131fc83dd7a404392_r1c0.jpg,TP,11,23,0.7612345260301848,4489,5897,51.734932517836825,67.96188395136639
ZAINA-679-G_006_jpg.rf.11cd17e1f39e2a9131fc83dd7a404392_r1c0.jpg,TP,5,24,0.7326013240755692,4537,6193,52.28812404397988,71.37323169591522
ZAINA-679-G_006_jpg.rf.11cd17e1f39e2a9131fc83dd7a404392_r1c0.jpg,TP,12,12,0.674596549805231,26809,21339,308.96899217435674,245.92820784097125
ZAINA-679-G_006_jpg.rf.11cd17e1f39e2a9131fc83dd7a404392_r1c0.jpg,TP,10,4,0.5606284752333827,11068,19525,127.5567460698191,225.02217808214834
ZAINA-679-G_006_jpg.rf.11cd17e1f39e2a9131fc83dd7a404392_r1c0.jpg,FP,7,-1,0.0,0,21524,0.0,248.06030018131426
ZAINA-679-G_006_jpg.rf.11cd17e1f39e2a9131fc83dd7a404392_r1c0.jpg,FP,16,-1,0.0,0,4731,0.0,54.52393979547472
ZAINA-679-G_006_jpg.rf.11cd17e1f39e2a9131fc83dd7a404392_r1c0.jpg,FP,18,-1,0.0,0,8347,0.0,96.19770143158475
ZAINA-679-G_006_jpg.rf.11cd17e1f39e2a9131fc83dd7a404392_r1c0.jpg,FP,19,-1,0.0,0,14215,0.0,163.82536550257305
ZAINA-679-G_006_jpg.rf.11cd17e1f39e2a9131fc83dd7a404392_r1c0.jpg,FP,20,-1,0.0,0,35166,0.0,405.2819418405546
ZAINA-679-G_006_jpg.rf.11cd17e1f39e2a9131fc83dd7a404392_r1c0.jpg,FN,-1,2,0.0,11358,0,130.89894487360004,0.0
ZAINA-679-G_006_jpg.rf.11cd17e1f39e2a9131fc83dd7a404392_r1c0.jpg,FN,-1,3,0.0,14903,0,171.75444404395682,0.0
ZAINA-679-G_006_jpg.rf.11cd17e1f39e2a9131fc83dd7a404392_r1c0.jpg,FN,-1,6,0.0,5375,0,61.945926104560684,0.0
ZAINA-679-G_006_jpg.rf.11cd17e1f39e2a9131fc83dd7a404392_r1c0.jpg,FN,-1,9,0.0,4935,0,56.87500378158269,0.0
ZAINA-679-G_006_jpg.rf.11cd17e1f39e2a9131fc83dd7a404392_r1c0.jpg,FN,-1,10,0.0,2607,0,30.045214763644598,0.0
ZAINA-679-G_006_jpg.rf.11cd17e1f39e2a9131fc83dd7a404392_r1c0.jpg,FN,-1,11,0.0,3435,0,39.58776858961227,0.0
ZAINA-679-G_006_jpg.rf.11cd17e1f39e2a9131fc83dd7a404392_r1c0.jpg,FN,-1,14,0.0,2297,0,26.472519490637374,0.0
ZAINA-679-G_006_jpg.rf.11cd17e1f39e2a9131fc83dd7a404392_r1c0.jpg,FN,-1,18,0.0,9594,0,110.56915628784283,0.0
ZAINA-679-G_006_jpg.rf.11cd17e1f39e2a9131fc83dd7a404392_r1c0.jpg,FN,-1,20,0.0,6039,0,69.59840888287293,0.0
ZAINA-679-G_006_jpg.rf.11cd17e1f39e2a9131fc83dd7a404392_r1c0.jpg,FN,-1,21,0.0,2702,0,31.14007299246939,0.0
ZAINA-679-G_006_jpg.rf.11cd17e1f39e2a9131fc83dd7a404392_r1c0.jpg,FN,-1,22,0.0,9219,0,106.24734748985023,0.0
ZAINA-679-G_006_jpg.rf.11cd17e1f39e2a9131fc83dd7a404392_r1c1.jpg,TP,0,1,0.9210944395410415,5333,5550,61.46188351918551,63.962770210290564
ZAINA-679-G_006_jpg.rf.11cd17e1f39e2a9131fc83dd7a404392_r1c1.jpg,TP,9,21,0.9094125973106865,3973,4121,45.788123611798994,47.49379748407341
ZAINA-679-G_006_jpg.rf.11cd17e1f39e2a9131fc83dd7a404392_r1c1.jpg,TP,12,9,0.9077256541260257,5954,6368,68.61879888866127,73.39007580164511
ZAINA-679-G_006_jpg.rf.11cd17e1f39e2a9131fc83dd7a404392_r1c1.jpg,TP,13,35,0.8980123047799338,4008,4013,46.19149243294497,46.24911655025154
ZAINA-679-G_006_jpg.rf.11cd17e1f39e2a9131fc83dd7a404392_r1c1.jpg,TP,1,0,0.8978759427428044,11702,12959,134.86348414429193,149.35018723516313
ZAINA-679-G_006_jpg.rf.11cd17e1f39e2a9131fc83dd7a404392_r1c1.jpg,TP,11,7,0.8923857868020305,4450,4870,51.28546440284559,56.12589025659731
ZAINA-679-G_006_jpg.rf.11cd17e1f39e2a9131fc83dd7a404392_r1c1.jpg,TP,19,30,0.8921012179259785,15142,16861,174.50887685121077,194.32004838120886
ZAINA-679-G_006_jpg.rf.11cd17e1f39e2a9131fc83dd7a404392_r1c1.jpg,TP,7,3,0.8870007007708479,5191,5580,59.82535858767898,64.30851491412997
ZAINA-679-G_006_jpg.rf.11cd17e1f39e2a9131fc83dd7a404392_r1c1.jpg,TP,3,2,0.8800769971126082,4613,5154,53.16401062703971,59.39894011961037
ZAINA-679-G_006_jpg.rf.11cd17e1f39e2a9131fc83dd7a404392_r1c1.jpg,TP,14,16,0.8683602771362586,5290,6036,60.96631611034903,69.56383441248899
ZAINA-679-G_006_jpg.rf.11cd17e1f39e2a9131fc83dd7a404392_r1c1.jpg,TP,2,4,0.8489807520506781,22006,23527,253.61526508966742,271.14452157432544
ZAINA-679-G_006_jpg.rf.11cd17e1f39e2a9131fc83dd7a404392_r1c1.jpg,TP,23,27,0.846,3384,4000,39.00000259308528,46.099293845254465
ZAINA-679-G_006_jpg.rf.11cd17e1f39e2a9131fc83dd7a404392_r1c1.jpg,TP,18,33,0.8417225153286754,5963,6953,68.7225222998131,80.13209752651358
ZAINA-679-G_006_jpg.rf.11cd17e1f39e2a9131fc83dd7a404392_r1c1.jpg,TP,16,20,0.8356890459363958,1930,2226,22.24290928033528,25.65425702488411
ZAINA-679-G_006_jpg.rf.11cd17e1f39e2a9131fc83dd7a404392_r1c1.jpg,TP,6,15,0.8311141304347827,6122,7355,70.55496923016196,84.76507655796165
ZAINA-679-G_006_jpg.rf.11cd17e1f39e2a9131fc83dd7a404392_r1c1.jpg,TP,8,18,0.7997677504976775,4823,6026,55.58422355391557,69.44858617787585
ZAINA-679-G_006_jpg.rf.11cd17e1f39e2a9131fc83dd7a404392_r1c1.jpg,TP,5,11,0.7837162573037569,65305,69626,752.6285961410857,802.4273583174219
ZAINA-679-G_006_jpg.rf.11cd17e1f39e2a9131fc83dd7a404392_r1c1.jpg,TP,24,29,0.7634091333028099,58023,45967,668.7048316958,529.7615600462029
ZAINA-679-G_006_jpg.rf.11cd17e1f39e2a9131fc83dd7a404392_r1c1.jpg,TP,20,25,0.7597372125762553,5039,6211,58.07358542155931,71.58067851821887
ZAINA-679-G_006_jpg.rf.11cd17e1f39e2a9131fc83dd7a404392_r1c1.jpg,TP,26,32,0.7460500963391137,1937,2594,22.323583044564472,29.89539205864752
ZAINA-679-G_006_jpg.rf.11cd17e1f39e2a9131fc83dd7a404392_r1c1.jpg,TP,21,28,0.681968196819682,3242,2364,37.36347766157874,27.244682662545387
ZAINA-679-G_006_jpg.rf.11cd17e1f39e2a9131fc83dd7a404392_r1c1.jpg,TP,25,31,0.5481704638172347,8966,15701,103.33156715413789,180.95125316608508
ZAINA-679-G_006_jpg.rf.11cd17e1f39e2a9131fc83dd7a404392_r1c1.jpg,FP,4,-1,0.0,0,26501,0.0,305.41934654827213
ZAINA-679-G_006_jpg.rf.11cd17e1f39e2a9131fc83dd7a404392_r1c1.jpg,FP,10,-1,0.0,0,15331,0.0,176.68706848539904
ZAINA-679-G_006_jpg.rf.11cd17e1f39e2a9131fc83dd7a404392_r1c1.jpg,FP,15,-1,0.0,0,6232,0.0,71.82269981090646
ZAINA-679-G_006_jpg.rf.11cd17e1f39e2a9131fc83dd7a404392_r1c1.jpg,FP,17,-1,0.0,0,15255,0.0,175.8111819023392
ZAINA-679-G_006_jpg.rf.11cd17e1f39e2a9131fc83dd7a404392_r1c1.jpg,FP,22,-1,0.0,0,15394,0.0,177.4131323634618
ZAINA-679-G_006_jpg.rf.11cd17e1f39e2a9131fc83dd7a404392_r1c1.jpg,FP,27,-1,0.0,0,24986,0.0,287.959239004382
ZAINA-679-G_006_jpg.rf.11cd17e1f39e2a9131fc83dd7a404392_r1c1.jpg,FN,-1,5,0.0,4714,0,54.32801779663239,0.0
ZAINA-679-G_006_jpg.rf.11cd17e1f39e2a9131fc83dd7a404392_r1c1.jpg,FN,-1,6,0.0,9608,0,110.73050381630122,0.0
ZAINA-679-G_006_jpg.rf.11cd17e1f39e2a9131fc83dd7a404392_r1c1.jpg,FN,-1,8,0.0,6730,0,77.56206189464064,0.0
ZAINA-679-G_006_jpg.rf.11cd17e1f39e2a9131fc83dd7a404392_r1c1.jpg,FN,-1,10,0.0,3282,0,37.82447060003129,0.0
ZAINA-679-G_006_jpg.rf.11cd17e1f39e2a9131fc83dd7a404392_r1c1.jpg,FN,-1,12,0.0,4402,0,50.73227287670254,0.0
ZAINA-679-G_006_jpg.rf.11cd17e1f39e2a9131fc83dd7a404392_r1c1.jpg,FN,-1,13,0.0,7674,0,88.44149524212068,0.0
ZAINA-679-G_006_jpg.rf.11cd17e1f39e2a9131fc83dd7a404392_r1c1.jpg,FN,-1,14,0.0,7804,0,89.93972229209146,0.0
ZAINA-679-G_006_jpg.rf.11cd17e1f39e2a9131fc83dd7a404392_r1c1.jpg,FN,-1,17,0.0,4136,0,47.66666983599311,0.0
ZAINA-679-G_006_jpg.rf.11cd17e1f39e2a9131fc83dd7a404392_r1c1.jpg,FN,-1,19,0.0,2921,0,33.66400933049707,0.0
ZAINA-679-G_006_jpg.rf.11cd17e1f39e2a9131fc83dd7a404392_r1c1.jpg,FN,-1,22,0.0,4749,0,54.73138661777836,0.0
ZAINA-679-G_006_jpg.rf.11cd17e1f39e2a9131fc83dd7a404392_r1c1.jpg,FN,-1,23,0.0,6296,0,72.56028851243053,0.0
ZAINA-679-G_006_jpg.rf.11cd17e1f39e2a9131fc83dd7a404392_r1c1.jpg,FN,-1,24,0.0,5453,0,62.844862334543144,0.0
ZAINA-679-G_006_jpg.rf.11cd17e1f39e2a9131fc83dd7a404392_r1c1.jpg,FN,-1,26,0.0,2431,0,28.0168458344534,0.0
ZAINA-679-G_006_jpg.rf.11cd17e1f39e2a9131fc83dd7a404392_r1c1.jpg,FN,-1,34,0.0,9244,0,106.53546807638307,0.0
ZAINA-679-G_006_jpg.rf.11cd17e1f39e2a9131fc83dd7a404392_r1c2.jpg,TP,3,13,0.8981535756154748,6178,6775,71.20035934399552,78.08067895039974
ZAINA-679-G_006_jpg.rf.11cd17e1f39e2a9131fc83dd7a404392_r1c2.jpg,TP,0,14,0.895488201139935,17181,18403,198.00799188882922,212.09132615855447
ZAINA-679-G_006_jpg.rf.11cd17e1f39e2a9131fc83dd7a404392_r1c2.jpg,TP,17,19,0.8869026958232096,16044,16573,184.90426761331565,191.00089922435055
ZAINA-679-G_006_jpg.rf.11cd17e1f39e2a9131fc83dd7a404392_r1c2.jpg,TP,1,7,0.8783761752078691,16163,18401,186.27572160521197,212.06827651163184
ZAINA-679-G_006_jpg.rf.11cd17e1f39e2a9131fc83dd7a404392_r1c2.jpg,TP,13,18,0.8703007518796992,4630,5320,53.35993262588204,61.312060814188435
ZAINA-679-G_006_jpg.rf.11cd17e1f39e2a9131fc83dd7a404392_r1c2.jpg,TP,8,8,0.8562828231074676,6704,7788,77.26241648464648,89.75532511671044
ZAINA-679-G_006_jpg.rf.11cd17e1f39e2a9131fc83dd7a404392_r1c2.jpg,TP,2,6,0.8552967693463561,5695,6652,65.63386961218104,76.66312566465817
ZAINA-679-G_006_jpg.rf.11cd17e1f39e2a9131fc83dd7a404392_r1c2.jpg,TP,15,5,0.8519067796610169,4133,4608,47.632095365609175,53.10638650973314
ZAINA-679-G_006_jpg.rf.11cd17e1f39e2a9131fc83dd7a404392_r1c2.jpg,TP,6,10,0.8452828437514501,19605,20159,225.94416395905344,232.32891615662118
ZAINA-679-G_006_jpg.rf.11cd17e1f39e2a9131fc83dd7a404392_r1c2.jpg,TP,16,12,0.8417553191489362,15674,17566,180.6400829326296,202.445048921435
ZAINA-679-G_006_jpg.rf.11cd17e1f39e2a9131fc83dd7a404392_r1c2.jpg,TP,4,11,0.8351007423117709,6316,7528,72.7907849816568,86.7588710167689
ZAINA-679-G_006_jpg.rf.11cd17e1f39e2a9131fc83dd7a404392_r1c2.jpg,TP,5,21,0.8301694915254237,4900,5898,56.47163496043672,67.9734087748277
ZAINA-679-G_006_jpg.rf.11cd17e1f39e2a9131fc83dd7a404392_r1c2.jpg,TP,9,1,0.8272673031026253,5546,6704,63.91667091644531,77.26241648464648
ZAINA-679-G_006_jpg.rf.11cd17e1f39e2a9131fc83dd7a404392_r1c2.jpg,TP,12,15,0.8094758064516129,3215,3965,37.05230742812328,45.69592502410848
ZAINA-679-G_006_jpg.rf.11cd17e1f39e2a9131fc83dd7a404392_r1c2.jpg,TP,14,4,0.8032296650717703,2703,3327,31.151597815930703,38.3430876557904
ZAINA-679-G_006_jpg.rf.11cd17e1f39e2a9131fc83dd7a404392_r1c2.jpg,TP,7,3,0.7929006968641115,3676,4557,42.36525104378885,52.518620513206145
ZAINA-679-G_006_jpg.rf.11cd17e1f39e2a9131fc83dd7a404392_r1c2.jpg,TP,11,9,0.7858968576153962,5227,6651,60.24025223228627,76.65160084119685
ZAINA-679-G_006_jpg.rf.11cd17e1f39e2a9131fc83dd7a404392_r1c2.jpg,TP,18,16,0.7683004455760662,2476,3080,28.535462890212514,35.49645626084594
ZAINA-679-G_006_jpg.rf.11cd17e1f39e2a9131fc83dd7a404392_r1c2.jpg,TP,10,0,0.764,2552,3181,29.41134947327235,36.66046343043861
ZAINA-679-G_006_jpg.rf.11cd17e1f39e2a9131fc83dd7a404392_r1c2.jpg,FN,-1,2,0.0,21172,0,244.00356232293188,0.0
ZAINA-679-G_006_jpg.rf.11cd17e1f39e2a9131fc83dd7a404392_r1c2.jpg,FN,-1,17,0.0,2504,0,28.858157947129293,0.0
ZAINA-679-G_006_jpg.rf.11cd17e1f39e2a9131fc83dd7a404392_r1c2.jpg,FN,-1,20,0.0,11897,0,137.1108247192481,0.0
ZAINA-679-G_006_jpg.rf.11cd17e1f39e2a9131fc83dd7a404392_r2c0.jpg,TP,1,8,0.924349566377585,6943,7480,80.01684929190043,86.20567949062584
ZAINA-679-G_006_jpg.rf.11cd17e1f39e2a9131fc83dd7a404392_r2c0.jpg,TP,3,1,0.9191138140747176,10641,11448,122.63564645183818,131.93617898511826
ZAINA-679-G_006_jpg.rf.11cd17e1f39e2a9131fc83dd7a404392_r2c0.jpg,TP,15,15,0.9158415841584159,4102,4412,47.27482583830845,50.84752111131567
ZAINA-679-G_006_jpg.rf.11cd17e1f39e2a9131fc83dd7a404392_r2c0.jpg,TP,24,12,0.8995618212992951,24476,25378,282.08157903911206,292.47696980121697
ZAINA-679-G_006_jpg.rf.11cd17e1f39e2a9131fc83dd7a404392_r2c0.jpg,TP,8,13,0.8960390006093846,7998,7559,92.1755380435863,87.11614054406962
ZAINA-679-G_006_jpg.rf.11cd17e1f39e2a9131fc83dd7a404392_r2c0.jpg,TP,16,21,0.8958799105717024,2827,3109,32.58067592513359,35.83067614122403
ZAINA-679-G_006_jpg.rf.11cd17e1f39e2a9131fc83dd7a404392_r2c0.jpg,TP,12,18,0.8954717733891882,4502,5000,51.884755222833896,57.62411730656808
ZAINA-679-G_006_jpg.rf.11cd17e1f39e2a9131fc83dd7a404392_r2c0.jpg,TP,18,10,0.8915691312208583,39683,39831,457.33956941530823,459.04524328758265
ZAINA-679-G_006_jpg.rf.11cd17e1f39e2a9131fc83dd7a404392_r2c0.jpg,TP,7,11,0.8845252051582649,10563,11942,121.73671022185573,137.6294417750072
ZAINA-679-G_006_jpg.rf.11cd17e1f39e2a9131fc83dd7a404392_r2c0.jpg,TP,13,9,0.8788750399488654,5511,6247,63.51330209529934,71.99557216282616
ZAINA-679-G_006_jpg.rf.11cd17e1f39e2a9131fc83dd7a404392_r2c0.jpg,TP,14,17,0.86053517632465,4856,5643,55.964542728138916,65.03457879219273
ZAINA-679-G_006_jpg.rf.11cd17e1f39e2a9131fc83dd7a404392_r2c0.jpg,TP,17,19,0.8560202076901487,3072,3541,35.40425767315543,40.80939987651151
ZAINA-679-G_006_jpg.rf.11cd17e1f39e2a9131fc83dd7a404392_r2c0.jpg,TP,20,22,0.8546218487394958,5085,5950,58.60372730077974,68.57269959481602
ZAINA-679-G_006_jpg.rf.11cd17e1f39e2a9131fc83dd7a404392_r2c0.jpg,TP,21,14,0.848207171314741,4281,4997,49.33776923788359,57.58954283618414
ZAINA-679-G_006_jpg.rf.11cd17e1f39e2a9131fc83dd7a404392_r2c0.jpg,TP,10,3,0.8465909090909091,5515,6510,63.55940138914459,75.02660073315164
ZAINA-679-G_006_jpg.rf.11cd17e1f39e2a9131fc83dd7a404392_r2c0.jpg,TP,9,16,0.840186347984606,4149,4936,47.81649254099019,56.886528605044006
ZAINA-679-G_006_jpg.rf.11cd17e1f39e2a9131fc83dd7a404392_r2c0.jpg,TP,6,2,0.8167354154390101,4158,5091,47.920215952142016,58.67287624154762
ZAINA-679-G_006_jpg.rf.11cd17e1f39e2a9131fc83dd7a404392_r2c0.jpg,TP,2,6,0.8050306324963328,38345,45329,441.9193556240706,522.4087226778848
ZAINA-679-G_006_jpg.rf.11cd17e1f39e2a9131fc83dd7a404392_r2c0.jpg,TP,0,23,0.7989063777596075,16324,18877,188.13121818248345,217.55409247921713
ZAINA-679-G_006_jpg.rf.11cd17e1f39e2a9131fc83dd7a404392_r2c0.jpg,TP,5,20,0.7950159744408946,12540,15552,144.52128620487275,179.23405447034935
ZAINA-679-G_006_jpg.rf.11cd17e1f39e2a9131fc83dd7a404392_r2c0.jpg,TP,4,5,0.7781705700397702,3522,4526,40.590428230746554,52.16135098590542
ZAINA-679-G_006_jpg.rf.11cd17e1f39e2a9131fc83dd7a404392_r2c0.jpg,TP,22,0,0.7674956191044331,20695,26711,238.50622153188527,307.839559475148
ZAINA-679-G_006_jpg.rf.11cd17e1f39e2a9131fc83dd7a404392_r2c0.jpg,TP,11,24,0.7524394651246837,4313,5385,49.70656358864562,62.061174339173824
ZAINA-679-G_006_jpg.rf.11cd17e1f39e2a9131fc83dd7a404392_r2c0.jpg,TP,19,4,0.7433661161625533,4006,5389,46.16844278602235,62.107273633019076
ZAINA-679-G_006_jpg.rf.11cd17e1f39e2a9131fc83dd7a404392_r2c0.jpg,TP,23,7,0.6923873640600725,1337,1931,15.408688967776305,22.25443410379659
ZAINA-679-G_006_jpg.rf.11cd17e1f39e2a9131fc83dd7a404392_r2c0.jpg,FN,-1,25,0.0,3061,0,35.27748461508098,0.0
ZAINA-679-G_006_jpg.rf.11cd17e1f39e2a9131fc83dd7a404392_r2c1.jpg,TP,3,3,0.9401973904315825,11268,11929,129.86171076208183,137.47961907001013
ZAINA-679-G_006_jpg.rf.11cd17e1f39e2a9131fc83dd7a404392_r2c1.jpg,TP,11,10,0.9391853774117116,8480,8707,97.73050295193946,100.34663787765766
ZAINA-679-G_006_jpg.rf.11cd17e1f39e2a9131fc83dd7a404392_r2c1.jpg,TP,1,0,0.9259355124981512,25403,26682,292.7650903877498,307.5053395947699
ZAINA-679-G_006_jpg.rf.11cd17e1f39e2a9131fc83dd7a404392_r2c1.jpg,TP,6,6,0.9132926185629194,12140,13236,139.9113568203473,152.54256333394702
ZAINA-679-G_006_jpg.rf.11cd17e1f39e2a9131fc83dd7a404392_r2c1.jpg,TP,0,9,0.896235294117647,11441,12736,131.85550522088909,146.78015160329022
ZAINA-679-G_006_jpg.rf.11cd17e1f39e2a9131fc83dd7a404392_r2c1.jpg,TP,2,1,0.8923875945986052,31229,32535,359.9087118733629,374.9601313138385
ZAINA-679-G_006_jpg.rf.11cd17e1f39e2a9131fc83dd7a404392_r2c1.jpg,TP,13,12,0.8838636730738169,5509,6154,63.49025244837671,70.92376358092399
ZAINA-679-G_006_jpg.rf.11cd17e1f39e2a9131fc83dd7a404392_r2c1.jpg,TP,4,16,0.8833936885669943,8604,9599,99.15958106114235,110.6267804051494
ZAINA-679-G_006_jpg.rf.11cd17e1f39e2a9131fc83dd7a404392_r2c1.jpg,TP,9,15,0.8781977050215812,8369,9472,96.45124754773364,109.16312782556257
ZAINA-679-G_006_jpg.rf.11cd17e1f39e2a9131fc83dd7a404392_r2c1.jpg,TP,10,7,0.8666447151794534,7897,9110,91.01153087399362,104.99114173256704
ZAINA-679-G_006_jpg.rf.11cd17e1f39e2a9131fc83dd7a404392_r2c1.jpg,TP,5,11,0.8515572858731925,15341,17950,176.8023167200122,206.8705811305794
ZAINA-679-G_006_jpg.rf.11cd17e1f39e2a9131fc83dd7a404392_r2c1.jpg,TP,12,17,0.8366412213740458,2740,3275,31.578016283999307,37.743796835802094
ZAINA-679-G_006_jpg.rf.11cd17e1f39e2a9131fc83dd7a404392_r2c1.jpg,TP,15,13,0.8178922987840185,2829,3450,32.60372557205622,39.760640941531975
ZAINA-679-G_006_jpg.rf.11cd17e1f39e2a9131fc83dd7a404392_r2c1.jpg,TP,8,8,0.814184985483202,5907,7215,68.07713218597952,83.15160127337774
ZAINA-679-G_006_jpg.rf.11cd17e1f39e2a9131fc83dd7a404392_r2c1.jpg,TP,14,18,0.7908055672711936,4333,4159,49.937060057871896,47.93174077560333
ZAINA-679-G_006_jpg.rf.11cd17e1f39e2a9131fc83dd7a404392_r2c1.jpg,FP,7,-1,0.0,0,32101,0.0,369.95835793162837
ZAINA-679-G_006_jpg.rf.11cd17e1f39e2a9131fc83dd7a404392_r2c1.jpg,FP,16,-1,0.0,0,21088,0.0,243.03547715218153
ZAINA-679-G_006_jpg.rf.11cd17e1f39e2a9131fc83dd7a404392_r2c1.jpg,FN,-1,2,0.0,9972,0,114.92553955621938,0.0
ZAINA-679-G_006_jpg.rf.11cd17e1f39e2a9131fc83dd7a404392_r2c1.jpg,FN,-1,4,0.0,12662,0,145.927314667153,0.0
ZAINA-679-G_006_jpg.rf.11cd17e1f39e2a9131fc83dd7a404392_r2c1.jpg,FN,-1,5,0.0,16167,0,186.32182089905723,0.0
ZAINA-679-G_006_jpg.rf.11cd17e1f39e2a9131fc83dd7a404392_r2c1.jpg,FN,-1,14,0.0,3475,0,40.048761528064816,0.0
ZAINA-679-G_006_jpg.rf.11cd17e1f39e2a9131fc83dd7a404392_r2c1.jpg,FN,-1,19,0.0,6582,0,75.85638802236622,0.0
ZAINA-679-G_006_jpg.rf.11cd17e1f39e2a9131fc83dd7a404392_r2c2.jpg,TP,7,0,0.9299315954889998,5131,5308,59.13386918000016,61.17376293265267
ZAINA-679-G_006_jpg.rf.11cd17e1f39e2a9131fc83dd7a404392_r2c2.jpg,TP,3,5,0.9254932757435947,9564,10051,110.22341158400341,115.83600060966316
ZAINA-679-G_006_jpg.rf.11cd17e1f39e2a9131fc83dd7a404392_r2c2.jpg,TP,0,4,0.9002187651920273,7437,8198,85.71011208178936,94.48050273584903
ZAINA-679-G_006_jpg.rf.11cd17e1f39e2a9131fc83dd7a404392_r2c2.jpg,TP,1,3,0.8848012889366272,6624,7414,76.3404306077414,85.44504114217915
ZAINA-679-G_006_jpg.rf.11cd17e1f39e2a9131fc83dd7a404392_r2c2.jpg,TP,13,1,0.8641662442980234,3944,3412,45.4539037314209,39.322697650002056
ZAINA-679-G_006_jpg.rf.11cd17e1f39e2a9131fc83dd7a404392_r2c2.jpg,TP,4,7,0.8623237071860309,3860,4459,44.48581856067056,51.38918781399741
ZAINA-679-G_006_jpg.rf.11cd17e1f39e2a9131fc83dd7a404392_r2c2.jpg,TP,14,10,0.8572417886822319,8707,10066,100.34663787765766,116.00887296158285
ZAINA-679-G_006_jpg.rf.11cd17e1f39e2a9131fc83dd7a404392_r2c2.jpg,TP,8,6,0.8517308948399739,6550,7625,75.48759367160419,87.87677889251633
ZAINA-679-G_006_jpg.rf.11cd17e1f39e2a9131fc83dd7a404392_r2c2.jpg,TP,9,9,0.8514597801901422,12808,14651,147.6099388925048,168.85018853170578
ZAINA-679-G_006_jpg.rf.11cd17e1f39e2a9131fc83dd7a404392_r2c2.jpg,TP,11,2,0.8494914176732359,5379,6258,61.99202539840594,72.12234522090061
ZAINA-679-G_006_jpg.rf.11cd17e1f39e2a9131fc83dd7a404392_r2c2.jpg,TP,5,8,0.8278825495344951,6959,8355,80.20124646728145,96.28990001927527
ZAINA-679-G_006_jpg.rf.11cd17e1f39e2a9131fc83dd7a404392_r2c2.jpg,TP,6,19,0.824792243767313,3628,4277,41.8120595176458,49.29166994403833
ZAINA-679-G_006_jpg.rf.11cd17e1f39e2a9131fc83dd7a404392_r2c2.jpg,TP,12,16,0.8171628077912532,4450,5439,51.28546440284559,62.68351480608476
ZAINA-679-G_006_jpg.rf.11cd17e1f39e2a9131fc83dd7a404392_r2c2.jpg,TP,2,18,0.742233436211674,35172,42164,405.3510907813225,485.9326564228273
ZAINA-679-G_006_jpg.rf.11cd17e1f39e2a9131fc83dd7a404392_r2c2.jpg,FP,10,-1,0.0,0,14168,0.0,163.2836987998913
ZAINA-679-G_006_jpg.rf.11cd17e1f39e2a9131fc83dd7a404392_r2c2.jpg,FP,15,-1,0.0,0,3121,0.0,35.968974022759795
ZAINA-679-G_006_jpg.rf.11cd17e1f39e2a9131fc83dd7a404392_r2c2.jpg,FP,16,-1,0.0,0,6477,0.0,74.6462815589283
ZAINA-679-G_006_jpg.rf.11cd17e1f39e2a9131fc83dd7a404392_r2c2.jpg,FN,-1,11,0.0,1511,0,17.414008250044873,0.0
ZAINA-679-G_006_jpg.rf.11cd17e1f39e2a9131fc83dd7a404392_r2c2.jpg,FN,-1,12,0.0,6041,0,69.62145852979555,0.0
ZAINA-679-G_006_jpg.rf.11cd17e1f39e2a9131fc83dd7a404392_r2c2.jpg,FN,-1,13,0.0,1781,0,20.52571058459955,0.0
ZAINA-679-G_006_jpg.rf.11cd17e1f39e2a9131fc83dd7a404392_r2c2.jpg,FN,-1,14,0.0,4570,0,52.66844321820322,0.0
ZAINA-679-G_006_jpg.rf.11cd17e1f39e2a9131fc83dd7a404392_r2c2.jpg,FN,-1,15,0.0,6436,0,74.17376379701443,0.0
ZAINA-679-G_006_jpg.rf.11cd17e1f39e2a9131fc83dd7a404392_r2c2.jpg,FN,-1,17,0.0,2331,0,26.864363488322038,0.0
ZAINA-679-G_007_jpg.rf.35e86ec35895ca2f75ff075a91825a0e_r0c0.jpg,TP,3,20,0.929251269035533,21090,21477,243.05852679910416,247.51863347863252
ZAINA-679-G_007_jpg.rf.35e86ec35895ca2f75ff075a91825a0e_r0c0.jpg,TP,5,4,0.8763032337868881,11207,10029,129.15869653094168,115.58245449351425
ZAINA-679-G_007_jpg.rf.35e86ec35895ca2f75ff075a91825a0e_r0c0.jpg,TP,9,16,0.8713294180459157,3264,3746,37.61702377772764,43.1719886860808
ZAINA-679-G_007_jpg.rf.35e86ec35895ca2f75ff075a91825a0e_r0c0.jpg,TP,12,5,0.8679261559696342,10111,11542,116.52749001734198,133.01951239048176
ZAINA-679-G_007_jpg.rf.35e86ec35895ca2f75ff075a91825a0e_r0c0.jpg,TP,0,10,0.8538275584206285,5298,6205,61.05851469803954,71.51152957745099
ZAINA-679-G_007_jpg.rf.35e86ec35895ca2f75ff075a91825a0e_r0c0.jpg,TP,4,8,0.8446715328467154,3027,3291,34.88564061739631,37.92819401118311
ZAINA-679-G_007_jpg.rf.35e86ec35895ca2f75ff075a91825a0e_r0c0.jpg,TP,1,6,0.8392449961996453,6649,7870,76.62855119427424,90.70036064053815
ZAINA-679-G_007_jpg.rf.35e86ec35895ca2f75ff075a91825a0e_r0c0.jpg,TP,2,7,0.8111526300661109,2822,3479,32.523051807827024,40.09486082191007
ZAINA-679-G_007_jpg.rf.35e86ec35895ca2f75ff075a91825a0e_r0c0.jpg,TP,6,17,0.808066879255365,9794,11185,112.87412098010556,128.9051504147928
ZAINA-679-G_007_jpg.rf.35e86ec35895ca2f75ff075a91825a0e_r0c0.jpg,TP,10,9,0.771420438371762,2715,3508,31.289895697466466,40.42908070228816
ZAINA-679-G_007_jpg.rf.35e86ec35895ca2f75ff075a91825a0e_r0c0.jpg,TP,14,21,0.7300682097730068,13202,17742,152.15071933626237,204.47341785062616
ZAINA-679-G_007_jpg.rf.35e86ec35895ca2f75ff075a91825a0e_r0c0.jpg,TP,8,14,0.714245810055866,2557,3580,29.468973590578916,41.25886799150275
ZAINA-679-G_007_jpg.rf.35e86ec35895ca2f75ff075a91825a0e_r0c0.jpg,TP,13,15,0.6532388663967611,3227,4940,37.19060530965904,56.932627898889265
ZAINA-679-G_007_jpg.rf.35e86ec35895ca2f75ff075a91825a0e_r0c0.jpg,FP,7,-1,0.0,0,10189,0.0,117.42642624732443
ZAINA-679-G_007_jpg.rf.35e86ec35895ca2f75ff075a91825a0e_r0c0.jpg,FP,11,-1,0.0,0,15900,0.0,183.2446930348865
ZAINA-679-G_007_jpg.rf.35e86ec35895ca2f75ff075a91825a0e_r0c0.jpg,FP,15,-1,0.0,0,10251,0.0,118.14096530192587
ZAINA-679-G_007_jpg.rf.35e86ec35895ca2f75ff075a91825a0e_r0c0.jpg,FN,-1,0,0.0,16060,0,185.08866478869666,0.0
ZAINA-679-G_007_jpg.rf.35e86ec35895ca2f75ff075a91825a0e_r0c0.jpg,FN,-1,1,0.0,6701,0,77.22784201426254,0.0
ZAINA-679-G_007_jpg.rf.35e86ec35895ca2f75ff075a91825a0e_r0c0.jpg,FN,-1,2,0.0,7852,0,90.49291381823451,0.0
ZAINA-679-G_007_jpg.rf.35e86ec35895ca2f75ff075a91825a0e_r0c0.jpg,FN,-1,3,0.0,10818,0,124.6755402044907,0.0
ZAINA-679-G_007_jpg.rf.35e86ec35895ca2f75ff075a91825a0e_r0c0.jpg,FN,-1,11,0.0,5722,0,65.94503984563651,0.0
ZAINA-679-G_007_jpg.rf.35e86ec35895ca2f75ff075a91825a0e_r0c0.jpg,FN,-1,12,0.0,5417,0,62.429968689935855,0.0
ZAINA-679-G_007_jpg.rf.35e86ec35895ca2f75ff075a91825a0e_r0c0.jpg,FN,-1,13,0.0,6633,0,76.44415401889322,0.0
ZAINA-679-G_007_jpg.rf.35e86ec35895ca2f75ff075a91825a0e_r0c0.jpg,FN,-1,18,0.0,4048,0,46.65248537139752,0.0
ZAINA-679-G_007_jpg.rf.35e86ec35895ca2f75ff075a91825a0e_r0c0.jpg,FN,-1,19,0.0,3250,0,37.45567624926925,0.0
ZAINA-679-G_007_jpg.rf.35e86ec35895ca2f75ff075a91825a0e_r0c1.jpg,TP,21,13,0.9084993899959333,23078,23852,265.96987584019564,274.8900891992524
ZAINA-679-G_007_jpg.rf.35e86ec35895ca2f75ff075a91825a0e_r0c1.jpg,TP,2,10,0.9045898852528687,4305,4658,49.61436500095512,53.682627682798824
ZAINA-679-G_007_jpg.rf.35e86ec35895ca2f75ff075a91825a0e_r0c1.jpg,TP,15,11,0.8749224726069879,8480,9658,97.73050295193946,111.3067449893669
ZAINA-679-G_007_jpg.rf.35e86ec35895ca2f75ff075a91825a0e_r0c1.jpg,TP,3,8,0.864256263875674,2779,3099,32.02748439899054,35.7154279066109
ZAINA-679-G_007_jpg.rf.35e86ec35895ca2f75ff075a91825a0e_r0c1.jpg,TP,7,5,0.8409576261661235,7491,8888,86.3324525487003,102.43263092415542
ZAINA-679-G_007_jpg.rf.35e86ec35895ca2f75ff075a91825a0e_r0c1.jpg,TP,8,24,0.8311935863654202,14828,17835,170.8900822843583,205.54522643252832
ZAINA-679-G_007_jpg.rf.35e86ec35895ca2f75ff075a91825a0e_r0c1.jpg,TP,0,0,0.8237611940298507,7017,8257,80.86968622803764,95.16046732006653
ZAINA-679-G_007_jpg.rf.35e86ec35895ca2f75ff075a91825a0e_r0c1.jpg,TP,9,2,0.8210821847881572,3217,3918,37.0753570750459,45.154258321426745
ZAINA-679-G_007_jpg.rf.35e86ec35895ca2f75ff075a91825a0e_r0c1.jpg,TP,4,9,0.81566161760503,2891,3462,33.318264626657665,39.89893882306774
ZAINA-679-G_007_jpg.rf.35e86ec35895ca2f75ff075a91825a0e_r0c1.jpg,TP,1,16,0.8154926046628228,3253,3989,37.49025071965319,45.97252078718002
ZAINA-679-G_007_jpg.rf.35e86ec35895ca2f75ff075a91825a0e_r0c1.jpg,TP,29,4,0.8111475409836065,3738,4548,43.0797900983903,52.414897102054326
ZAINA-679-G_007_jpg.rf.35e86ec35895ca2f75ff075a91825a0e_r0c1.jpg,TP,12,27,0.8019939075048463,2896,3611,33.37588874396423,41.61613751880347
ZAINA-679-G_007_jpg.rf.35e86ec35895ca2f75ff075a91825a0e_r0c1.jpg,TP,17,18,0.7941409914135219,11042,13823,127.25710065982494,159.3076347057381
ZAINA-679-G_007_jpg.rf.35e86ec35895ca2f75ff075a91825a0e_r0c1.jpg,TP,16,22,0.7787808366106542,35201,44403,405.6853106617006,511.7367361527085
ZAINA-679-G_007_jpg.rf.35e86ec35895ca2f75ff075a91825a0e_r0c1.jpg,TP,28,7,0.7648763093380878,3432,4487,39.55319411922833,51.711882870914195
ZAINA-679-G_007_jpg.rf.35e86ec35895ca2f75ff075a91825a0e_r0c1.jpg,TP,26,14,0.747616,24031,30582,276.9530325988275,352.452151093893
ZAINA-679-G_007_jpg.rf.35e86ec35895ca2f75ff075a91825a0e_r0c1.jpg,TP,24,20,0.7371090448013525,935,1120,10.77570993632823,12.90780227667125
ZAINA-679-G_007_jpg.rf.35e86ec35895ca2f75ff075a91825a0e_r0c1.jpg,TP,18,21,0.7207959896703631,9516,13140,109.67022005786036,151.4361802816609
ZAINA-679-G_007_jpg.rf.35e86ec35895ca2f75ff075a91825a0e_r0c1.jpg,TP,11,25,0.6113680623174295,5023,8216,57.88918824617829,94.68794955815267
ZAINA-679-G_007_jpg.rf.35e86ec35895ca2f75ff075a91825a0e_r0c1.jpg,TP,20,19,0.6055147349292881,12144,8177,139.95745611419255,94.23848144316143
ZAINA-679-G_007_jpg.rf.35e86ec35895ca2f75ff075a91825a0e_r0c1.jpg,TP,19,3,0.578125,8272,14150,95.33333967198622,163.07625197758767
ZAINA-679-G_007_jpg.rf.35e86ec35895ca2f75ff075a91825a0e_r0c1.jpg,TP,13,15,0.5563088328537287,11411,20498,131.50976051704967,236.2358313100065
ZAINA-679-G_007_jpg.rf.35e86ec35895ca2f75ff075a91825a0e_r0c1.jpg,FP,5,-1,0.0,0,2856,0.0,32.914895805511684
ZAINA-679-G_007_jpg.rf.35e86ec35895ca2f75ff075a91825a0e_r0c1.jpg,FP,6,-1,0.0,0,53193,0.0,613.0399343776552
ZAINA-679-G_007_jpg.rf.35e86ec35895ca2f75ff075a91825a0e_r0c1.jpg,FP,10,-1,0.0,0,3475,0.0,40.048761528064816
ZAINA-679-G_007_jpg.rf.35e86ec35895ca2f75ff075a91825a0e_r0c1.jpg,FP,14,-1,0.0,0,3754,0.0,43.26418727377131
ZAINA-679-G_007_jpg.rf.35e86ec35895ca2f75ff075a91825a0e_r0c1.jpg,FP,22,-1,0.0,0,2439,0.0,28.10904442214391
ZAINA-679-G_007_jpg.rf.35e86ec35895ca2f75ff075a91825a0e_r0c1.jpg,FP,23,-1,0.0,0,2789,0.0,32.14273263360367
ZAINA-679-G_007_jpg.rf.35e86ec35895ca2f75ff075a91825a0e_r0c1.jpg,FP,25,-1,0.0,0,3431,0.0,39.541669295767015
ZAINA-679-G_007_jpg.rf.35e86ec35895ca2f75ff075a91825a0e_r0c1.jpg,FP,27,-1,0.0,0,4189,0.0,48.27748547944274
ZAINA-679-G_007_jpg.rf.35e86ec35895ca2f75ff075a91825a0e_r0c1.jpg,FN,-1,1,0.0,1327,0,15.293440733163168,0.0
ZAINA-679-G_007_jpg.rf.35e86ec35895ca2f75ff075a91825a0e_r0c1.jpg,FN,-1,6,0.0,2851,0,32.85727168820512,0.0
ZAINA-679-G_007_jpg.rf.35e86ec35895ca2f75ff075a91825a0e_r0c1.jpg,FN,-1,12,0.0,6077,0,70.03635217440284,0.0
ZAINA-679-G_007_jpg.rf.35e86ec35895ca2f75ff075a91825a0e_r0c1.jpg,FN,-1,17,0.0,5834,0,67.23582007330363,0.0
ZAINA-679-G_007_jpg.rf.35e86ec35895ca2f75ff075a91825a0e_r0c1.jpg,FN,-1,23,0.0,2666,0,30.7251793478621,0.0
ZAINA-679-G_007_jpg.rf.35e86ec35895ca2f75ff075a91825a0e_r0c1.jpg,FN,-1,26,0.0,3788,0,43.65603127145598,0.0
ZAINA-679-G_007_jpg.rf.35e86ec35895ca2f75ff075a91825a0e_r0c1.jpg,FN,-1,28,0.0,1915,0,22.070036928415576,0.0
ZAINA-679-G_007_jpg.rf.35e86ec35895ca2f75ff075a91825a0e_r0c1.jpg,FN,-1,29,0.0,10240,0,118.01419224385143,0.0
ZAINA-679-G_007_jpg.rf.35e86ec35895ca2f75ff075a91825a0e_r0c2.jpg,TP,7,5,0.9396312200050517,11566,11471,133.2961081535533,132.2012499247285
ZAINA-679-G_007_jpg.rf.35e86ec35895ca2f75ff075a91825a0e_r0c2.jpg,TP,3,7,0.913858513724615,16455,17849,189.64097005591555,205.70657396098673
ZAINA-679-G_007_jpg.rf.35e86ec35895ca2f75ff075a91825a0e_r0c2.jpg,TP,1,8,0.9014019765571133,15696,17396,180.8936290487785,200.48582893301165
ZAINA-679-G_007_jpg.rf.35e86ec35895ca2f75ff075a91825a0e_r0c2.jpg,TP,0,0,0.89977121690816,8297,9141,95.62146025851906,105.34841125986776
ZAINA-679-G_007_jpg.rf.35e86ec35895ca2f75ff075a91825a0e_r0c2.jpg,TP,2,3,0.8792531844355261,5064,5706,58.36170600809215,65.76064267025549
ZAINA-679-G_007_jpg.rf.35e86ec35895ca2f75ff075a91825a0e_r0c2.jpg,TP,6,11,0.8642192964995592,31056,34503,357.91491741455565,397.6409838857037
ZAINA-679-G_007_jpg.rf.35e86ec35895ca2f75ff075a91825a0e_r0c2.jpg,TP,5,1,0.8535017221584386,3778,4294,43.54078303684284,49.48759194288067
ZAINA-679-G_007_jpg.rf.35e86ec35895ca2f75ff075a91825a0e_r0c2.jpg,TP,14,12,0.7738579287251853,6471,8362,74.5771326181604,96.37057378350445
ZAINA-679-G_007_jpg.rf.35e86ec35895ca2f75ff075a91825a0e_r0c2.jpg,TP,4,4,0.7025089605734767,2744,3906,31.624115577844563,45.01596043989098
ZAINA-679-G_007_jpg.rf.35e86ec35895ca2f75ff075a91825a0e_r0c2.jpg,TP,11,10,0.5935605948614848,32286,21613,372.0904502719714,249.0860094693712
ZAINA-679-G_007_jpg.rf.35e86ec35895ca2f75ff075a91825a0e_r0c2.jpg,TP,13,14,0.5771337288909174,12767,21788,147.13742113059092,251.10285357510105
ZAINA-679-G_007_jpg.rf.35e86ec35895ca2f75ff075a91825a0e_r0c2.jpg,TP,9,9,0.5310185813101859,19886,36555,229.18263935168255,421.28992162831923
ZAINA-679-G_007_jpg.rf.35e86ec35895ca2f75ff075a91825a0e_r0c2.jpg,FP,8,-1,0.0,0,2189,0.0,25.227838556815506
ZAINA-679-G_007_jpg.rf.35e86ec35895ca2f75ff075a91825a0e_r0c2.jpg,FP,10,-1,0.0,0,3963,0.0,45.67287537718586
ZAINA-679-G_007_jpg.rf.35e86ec35895ca2f75ff075a91825a0e_r0c2.jpg,FP,12,-1,0.0,0,2923,0.0,33.687058977419696
ZAINA-679-G_007_jpg.rf.35e86ec35895ca2f75ff075a91825a0e_r0c2.jpg,FP,15,-1,0.0,0,5898,0.0,67.9734087748277
ZAINA-679-G_007_jpg.rf.35e86ec35895ca2f75ff075a91825a0e_r0c2.jpg,FP,16,-1,0.0,0,3717,0.0,42.83776880570271
ZAINA-679-G_007_jpg.rf.35e86ec35895ca2f75ff075a91825a0e_r0c2.jpg,FN,-1,2,0.0,9559,0,110.16578746669686,0.0
ZAINA-679-G_007_jpg.rf.35e86ec35895ca2f75ff075a91825a0e_r0c2.jpg,FN,-1,6,0.0,1775,0,20.45656164383167,0.0
ZAINA-679-G_007_jpg.rf.35e86ec35895ca2f75ff075a91825a0e_r0c2.jpg,FN,-1,13,0.0,12260,0,141.29433563570493,0.0
ZAINA-679-G_007_jpg.rf.35e86ec35895ca2f75ff075a91825a0e_r0c2.jpg,FN,-1,15,0.0,7171,0,82.64450904107994,0.0
ZAINA-679-G_007_jpg.rf.35e86ec35895ca2f75ff075a91825a0e_r0c2.jpg,FN,-1,16,0.0,4464,0,51.446811931303984,0.0
ZAINA-679-G_007_jpg.rf.35e86ec35895ca2f75ff075a91825a0e_r1c0.jpg,TP,2,0,0.8988625123639961,3653,4026,42.10018010417864,46.398939255248614
ZAINA-679-G_007_jpg.rf.35e86ec35895ca2f75ff075a91825a0e_r1c0.jpg,TP,3,6,0.8331180017226529,3884,4629,44.762414323742085,53.34840780242073
ZAINA-679-G_007_jpg.rf.35e86ec35895ca2f75ff075a91825a0e_r1c0.jpg,TP,8,1,0.8248223216635957,6960,6905,80.21277129074277,79.57890600037052
ZAINA-679-G_007_jpg.rf.35e86ec35895ca2f75ff075a91825a0e_r1c0.jpg,TP,5,3,0.820774282751469,4749,5786,54.73138661777836,66.68262854716058
ZAINA-679-G_007_jpg.rf.35e86ec35895ca2f75ff075a91825a0e_r1c0.jpg,TP,1,2,0.81498726809749,11206,13741,129.14717170748037,158.36259918191038
ZAINA-679-G_007_jpg.rf.35e86ec35895ca2f75ff075a91825a0e_r1c0.jpg,TP,6,8,0.7746734397677794,2215,2676,25.52748396680966,30.840427582475236
ZAINA-679-G_007_jpg.rf.35e86ec35895ca2f75ff075a91825a0e_r1c0.jpg,TP,0,7,0.7491066390821892,11949,15951,137.7101155392364,183.8324590314135
ZAINA-679-G_007_jpg.rf.35e86ec35895ca2f75ff075a91825a0e_r1c0.jpg,TP,7,9,0.6626865671641791,667,1004,7.687057248696182,11.57092275515887
ZAINA-679-G_007_jpg.rf.35e86ec35895ca2f75ff075a91825a0e_r1c0.jpg,TP,4,4,0.6016448663546087,13754,22858,158.51242188690748,263.4344146787066
ZAINA-679-G_007_jpg.rf.35e86ec35895ca2f75ff075a91825a0e_r1c0.jpg,FP,9,-1,0.0,0,1150,0.0,13.253546980510658
ZAINA-679-G_007_jpg.rf.35e86ec35895ca2f75ff075a91825a0e_r1c0.jpg,FN,-1,5,0.0,3704,0,42.68794610070563,0.0
ZAINA-679-G_007_jpg.rf.35e86ec35895ca2f75ff075a91825a0e_r1c1.jpg,TP,1,2,0.9087000505816895,22788,22494,262.6276770364147,259.2393789387885
ZAINA-679-G_007_jpg.rf.35e86ec35895ca2f75ff075a91825a0e_r1c1.jpg,TP,0,17,0.9083722906927327,32529,34827,374.8909823730706,401.3750266871693
ZAINA-679-G_007_jpg.rf.35e86ec35895ca2f75ff075a91825a0e_r1c1.jpg,TP,17,10,0.8966868542928393,2517,2807,29.00798065212637,32.350179455907316
ZAINA-679-G_007_jpg.rf.35e86ec35895ca2f75ff075a91825a0e_r1c1.jpg,TP,2,6,0.8877464958432065,22172,24831,255.5283857842455,286.1728913678784
ZAINA-679-G_007_jpg.rf.35e86ec35895ca2f75ff075a91825a0e_r1c1.jpg,TP,16,4,0.8793661866560367,18569,19148,214.00444685313252,220.67731963723313
ZAINA-679-G_007_jpg.rf.35e86ec35895ca2f75ff075a91825a0e_r1c1.jpg,TP,6,11,0.877528583992964,4021,4518,46.34131513794205,52.06915239821492
ZAINA-679-G_007_jpg.rf.35e86ec35895ca2f75ff075a91825a0e_r1c1.jpg,TP,15,21,0.8524173027989822,6784,7776,78.18440236155158,89.61702723517467
ZAINA-679-G_007_jpg.rf.35e86ec35895ca2f75ff075a91825a0e_r1c1.jpg,TP,19,18,0.8492874109263658,7151,8420,82.41401257185366,97.03901354426064
ZAINA-679-G_007_jpg.rf.35e86ec35895ca2f75ff075a91825a0e_r1c1.jpg,TP,11,12,0.8446859903381643,3588,4049,41.35106657919325,46.66401019485883
ZAINA-679-G_007_jpg.rf.35e86ec35895ca2f75ff075a91825a0e_r1c1.jpg,TP,5,3,0.8437963420662382,10245,12135,118.071816361158,139.85373270304072
ZAINA-679-G_007_jpg.rf.35e86ec35895ca2f75ff075a91825a0e_r1c1.jpg,TP,14,22,0.843678617538981,25536,30156,294.2978919081045,347.5425762993734
ZAINA-679-G_007_jpg.rf.35e86ec35895ca2f75ff075a91825a0e_r1c1.jpg,TP,3,14,0.8348481489691865,17922,15186,206.54788607366262,175.01596908350857
ZAINA-679-G_007_jpg.rf.35e86ec35895ca2f75ff075a91825a0e_r1c1.jpg,TP,9,5,0.8222677811070809,11172,11938,128.75532770979572,137.58334248116194
ZAINA-679-G_007_jpg.rf.35e86ec35895ca2f75ff075a91825a0e_r1c1.jpg,TP,7,19,0.7837072533217164,3601,4588,41.50088928419033,52.87589004050687
ZAINA-679-G_007_jpg.rf.35e86ec35895ca2f75ff075a91825a0e_r1c1.jpg,TP,4,7,0.7781353304274055,26610,34172,306.6755523055553,393.82626732000887
ZAINA-679-G_007_jpg.rf.35e86ec35895ca2f75ff075a91825a0e_r1c1.jpg,TP,21,8,0.7583741830065359,3713,4896,42.79166951185746,56.425535666591465
ZAINA-679-G_007_jpg.rf.35e86ec35895ca2f75ff075a91825a0e_r1c1.jpg,TP,8,16,0.7498879426266248,5020,6692,57.85461377579435,77.12411860311072
ZAINA-679-G_007_jpg.rf.35e86ec35895ca2f75ff075a91825a0e_r1c1.jpg,TP,20,0,0.7457474304261585,12479,16565,143.8182719737326,190.90870063666006
ZAINA-679-G_007_jpg.rf.35e86ec35895ca2f75ff075a91825a0e_r1c1.jpg,TP,18,20,0.714298970028765,7698,10777,88.71809100519222,124.20302244257684
ZAINA-679-G_007_jpg.rf.35e86ec35895ca2f75ff075a91825a0e_r1c1.jpg,TP,13,15,0.7113036069298495,6959,5092,80.20124646728145,58.684401065008934
ZAINA-679-G_007_jpg.rf.35e86ec35895ca2f75ff075a91825a0e_r1c1.jpg,TP,12,13,0.6329507589781562,13082,8971,150.7677405209047,103.38919127144445
ZAINA-679-G_007_jpg.rf.35e86ec35895ca2f75ff075a91825a0e_r1c1.jpg,FP,10,-1,0.0,0,4366,0.0,50.31737923209525
ZAINA-679-G_007_jpg.rf.35e86ec35895ca2f75ff075a91825a0e_r1c1.jpg,FP,22,-1,0.0,0,6942,0.0,80.00532446843913
ZAINA-679-G_007_jpg.rf.35e86ec35895ca2f75ff075a91825a0e_r1c1.jpg,FN,-1,1,0.0,12499,0,144.04876844295887,0.0
ZAINA-679-G_007_jpg.rf.35e86ec35895ca2f75ff075a91825a0e_r1c1.jpg,FN,-1,9,0.0,1070,0,12.33156110360557,0.0
ZAINA-679-G_007_jpg.rf.35e86ec35895ca2f75ff075a91825a0e_r1c2.jpg,TP,18,18,0.9186577181208053,3577,3570,41.2242935211188,41.143619756889606
ZAINA-679-G_007_jpg.rf.35e86ec35895ca2f75ff075a91825a0e_r1c2.jpg,TP,9,6,0.9117866004962779,7387,8022,85.13387090872368,92.45213380665783
ZAINA-679-G_007_jpg.rf.35e86ec35895ca2f75ff075a91825a0e_r1c2.jpg,TP,20,20,0.906960310917442,7724,8468,89.01773641518636,97.5922050704037
ZAINA-679-G_007_jpg.rf.35e86ec35895ca2f75ff075a91825a0e_r1c2.jpg,TP,3,19,0.9048944560426815,15891,16957,183.14096962373466,195.42643143349497
ZAINA-679-G_007_jpg.rf.35e86ec35895ca2f75ff075a91825a0e_r1c2.jpg,TP,5,11,0.9033734939759036,3760,4139,43.333336214539194,47.701244306377056
ZAINA-679-G_007_jpg.rf.35e86ec35895ca2f75ff075a91825a0e_r1c2.jpg,TP,0,5,0.897400514675717,24232,26643,279.26952211455153,307.05587147977866
ZAINA-679-G_007_jpg.rf.35e86ec35895ca2f75ff075a91825a0e_r1c2.jpg,TP,4,10,0.8958167330677291,8994,10040,103.65426221105466,115.7092275515887
ZAINA-679-G_007_jpg.rf.35e86ec35895ca2f75ff075a91825a0e_r1c2.jpg,TP,10,2,0.8940136344269279,8477,9304,97.69592848155553,107.22695748406188
ZAINA-679-G_007_jpg.rf.35e86ec35895ca2f75ff075a91825a0e_r1c2.jpg,TP,15,3,0.8793953335524154,22744,23008,262.1205848041169,265.16313819790366
ZAINA-679-G_007_jpg.rf.35e86ec35895ca2f75ff075a91825a0e_r1c2.jpg,TP,21,14,0.847749114820435,5035,5924,58.027486127714056,68.27305418482186
ZAINA-679-G_007_jpg.rf.35e86ec35895ca2f75ff075a91825a0e_r1c2.jpg,TP,8,17,0.83241519280951,2912,3408,33.56028591934525,39.2765983561568
ZAINA-679-G_007_jpg.rf.35e86ec35895ca2f75ff075a91825a0e_r1c2.jpg,TP,1,8,0.8296672438807506,35472,42717,408.8085378197166,492.3058837969337
ZAINA-679-G_007_jpg.rf.35e86ec35895ca2f75ff075a91825a0e_r1c2.jpg,TP,2,4,0.8065078759470213,16083,17061,185.35373572830687,196.6250130734716
ZAINA-679-G_007_jpg.rf.35e86ec35895ca2f75ff075a91825a0e_r1c2.jpg,TP,14,1,0.7910288358846564,11110,14045,128.04078865519426,161.86614551414974
ZAINA-679-G_007_jpg.rf.35e86ec35895ca2f75ff075a91825a0e_r1c2.jpg,TP,17,16,0.7748720864127345,2731,3513,31.474292872847485,40.486704819594735
ZAINA-679-G_007_jpg.rf.35e86ec35895ca2f75ff075a91825a0e_r1c2.jpg,TP,6,7,0.6632078670735843,9823,14701,113.20834086048364,169.42642970477146
ZAINA-679-G_007_jpg.rf.35e86ec35895ca2f75ff075a91825a0e_r1c2.jpg,TP,11,15,0.5650296815974096,7152,4448,82.42553739531498,51.26241475592296
ZAINA-679-G_007_jpg.rf.35e86ec35895ca2f75ff075a91825a0e_r1c2.jpg,TP,16,9,0.5013718675690507,28865,53215,332.66402921081755,613.293480493804
ZAINA-679-G_007_jpg.rf.35e86ec35895ca2f75ff075a91825a0e_r1c2.jpg,FP,7,-1,0.0,0,3372,0.0,38.861704711549514
ZAINA-679-G_007_jpg.rf.35e86ec35895ca2f75ff075a91825a0e_r1c2.jpg,FP,12,-1,0.0,0,3720,0.0,42.87234327608665
ZAINA-679-G_007_jpg.rf.35e86ec35895ca2f75ff075a91825a0e_r1c2.jpg,FP,13,-1,0.0,0,4578,0.0,52.760641805893734
ZAINA-679-G_007_jpg.rf.35e86ec35895ca2f75ff075a91825a0e_r1c2.jpg,FP,19,-1,0.0,0,2663,0.0,30.690604877478158
ZAINA-679-G_007_jpg.rf.35e86ec35895ca2f75ff075a91825a0e_r1c2.jpg,FN,-1,0,0.0,9574,0,110.33865981861656,0.0
ZAINA-679-G_007_jpg.rf.35e86ec35895ca2f75ff075a91825a0e_r1c2.jpg,FN,-1,12,0.0,10207,0,117.63387306962808,0.0
ZAINA-679-G_007_jpg.rf.35e86ec35895ca2f75ff075a91825a0e_r1c2.jpg,FN,-1,13,0.0,3842,0,44.278371738366914,0.0
ZAINA-679-G_007_jpg.rf.35e86ec35895ca2f75ff075a91825a0e_r1c2.jpg,FN,-1,21,0.0,3528,0,40.659577171514435,0.0
ZAINA-679-G_007_jpg.rf.35e86ec35895ca2f75ff075a91825a0e_r2c0.jpg,TP,0,8,0.9411847080240863,21174,20412,244.0266119698545,235.24469649233353
ZAINA-679-G_007_jpg.rf.35e86ec35895ca2f75ff075a91825a0e_r2c0.jpg,TP,7,4,0.914175654853621,6086,6337,70.14007558555467,73.03280627434438
ZAINA-679-G_007_jpg.rf.35e86ec35895ca2f75ff075a91825a0e_r2c0.jpg,TP,4,6,0.8893988067921065,5915,6436,68.16933077367004,74.17376379701443
ZAINA-679-G_007_jpg.rf.35e86ec35895ca2f75ff075a91825a0e_r2c0.jpg,TP,8,1,0.8736159870375372,3237,3701,37.305853544272175,42.65337163032169
ZAINA-679-G_007_jpg.rf.35e86ec35895ca2f75ff075a91825a0e_r2c0.jpg,TP,5,5,0.8733562738109869,14416,16071,166.1418550182971,185.21543784677112
ZAINA-679-G_007_jpg.rf.35e86ec35895ca2f75ff075a91825a0e_r2c0.jpg,TP,2,13,0.8690108710240236,7339,6587,84.58067938258063,75.91401213967279
ZAINA-679-G_007_jpg.rf.35e86ec35895ca2f75ff075a91825a0e_r2c0.jpg,TP,1,2,0.8609011188388267,5696,6612,65.64539443564236,76.20213272620563
ZAINA-679-G_007_jpg.rf.35e86ec35895ca2f75ff075a91825a0e_r2c0.jpg,TP,11,10,0.859608503472953,4112,4723,47.390074072921585,54.431741207784206
ZAINA-679-G_007_jpg.rf.35e86ec35895ca2f75ff075a91825a0e_r2c0.jpg,TP,9,0,0.8259856834450631,14685,17456,169.24203252939046,201.17731834069048
ZAINA-679-G_007_jpg.rf.35e86ec35895ca2f75ff075a91825a0e_r2c0.jpg,TP,6,12,0.8100730488273741,2413,2295,27.809399012149754,26.44946984371475
ZAINA-679-G_007_jpg.rf.35e86ec35895ca2f75ff075a91825a0e_r2c0.jpg,TP,12,11,0.7899731792861564,3851,4825,44.38209514951873,55.60727320083819
ZAINA-679-G_007_jpg.rf.35e86ec35895ca2f75ff075a91825a0e_r2c0.jpg,TP,10,7,0.7365608299276957,2343,3181,27.0026613698578,36.66046343043861
ZAINA-679-G_007_jpg.rf.35e86ec35895ca2f75ff075a91825a0e_r2c0.jpg,TP,3,3,0.7100554567332845,6786,9557,78.20745200847419,110.14273781977423
ZAINA-679-G_007_jpg.rf.35e86ec35895ca2f75ff075a91825a0e_r2c0.jpg,FP,13,-1,0.0,0,8066,0.0,92.95922603895562
ZAINA-679-G_007_jpg.rf.35e86ec35895ca2f75ff075a91825a0e_r2c0.jpg,FN,-1,9,0.0,12915,0,148.84309500286534,0.0
ZAINA-679-G_007_jpg.rf.35e86ec35895ca2f75ff075a91825a0e_r2c1.jpg,TP,0,0,0.9375114699944944,21062,21168,242.73583174218737,243.95746302908663
ZAINA-679-G_007_jpg.rf.35e86ec35895ca2f75ff075a91825a0e_r2c1.jpg,TP,12,16,0.9269866525236453,10670,11130,122.96986633221628,128.27128512442053
ZAINA-679-G_007_jpg.rf.35e86ec35895ca2f75ff075a91825a0e_r2c1.jpg,TP,6,6,0.9177397364035752,6286,6373,72.44504027781738,73.44769991895167
ZAINA-679-G_007_jpg.rf.35e86ec35895ca2f75ff075a91825a0e_r2c1.jpg,TP,1,1,0.9045076496560222,8816,9732,101.60284363494084,112.15958192550411
ZAINA-679-G_007_jpg.rf.35e86ec35895ca2f75ff075a91825a0e_r2c1.jpg,TP,8,3,0.896380672423296,9800,10844,112.94326992087343,124.97518561448484
ZAINA-679-G_007_jpg.rf.35e86ec35895ca2f75ff075a91825a0e_r2c1.jpg,TP,17,22,0.888801261829653,1137,1258,13.103724275513581,14.498227914332528
ZAINA-679-G_007_jpg.rf.35e86ec35895ca2f75ff075a91825a0e_r2c1.jpg,TP,11,15,0.8767007699609746,8377,9416,96.54344613542416,108.51773771172901
ZAINA-679-G_007_jpg.rf.35e86ec35895ca2f75ff075a91825a0e_r2c1.jpg,TP,4,4,0.874862017059709,8722,9961,100.51951022957736,114.79876649814493
ZAINA-679-G_007_jpg.rf.35e86ec35895ca2f75ff075a91825a0e_r2c1.jpg,TP,3,23,0.8651008106422781,4264,4709,49.141847239041255,54.270393679325814
ZAINA-679-G_007_jpg.rf.35e86ec35895ca2f75ff075a91825a0e_r2c1.jpg,TP,13,21,0.8627958579881657,2346,2691,27.037235840241742,31.01329993439494
ZAINA-679-G_007_jpg.rf.35e86ec35895ca2f75ff075a91825a0e_r2c1.jpg,TP,9,2,0.8623335590160235,7676,8828,88.46454488904331,101.7411415164766
ZAINA-679-G_007_jpg.rf.35e86ec35895ca2f75ff075a91825a0e_r2c1.jpg,TP,7,13,0.8504259816795849,15033,13854,173.25267109392757,159.66490423303884
ZAINA-679-G_007_jpg.rf.35e86ec35895ca2f75ff075a91825a0e_r2c1.jpg,TP,21,19,0.8363171355498721,983,1171,11.328901462471284,13.495568273198245
ZAINA-679-G_007_jpg.rf.35e86ec35895ca2f75ff075a91825a0e_r2c1.jpg,TP,23,7,0.8300634527022099,13290,11802,153.16490380085796,136.0159664904233
ZAINA-679-G_007_jpg.rf.35e86ec35895ca2f75ff075a91825a0e_r2c1.jpg,TP,10,18,0.827021494370522,3232,3908,37.24822942696561,45.03901008681361
ZAINA-679-G_007_jpg.rf.35e86ec35895ca2f75ff075a91825a0e_r2c1.jpg,TP,14,26,0.8120818575364029,4148,5061,47.804967717528875,58.32713153770821
ZAINA-679-G_007_jpg.rf.35e86ec35895ca2f75ff075a91825a0e_r2c1.jpg,TP,2,20,0.7778958554729012,3660,4705,42.18085386840784,54.22429438548056
ZAINA-679-G_007_jpg.rf.35e86ec35895ca2f75ff075a91825a0e_r2c1.jpg,TP,19,11,0.7717585590540355,6908,5978,79.61348047075445,68.8953946517328
ZAINA-679-G_007_jpg.rf.35e86ec35895ca2f75ff075a91825a0e_r2c1.jpg,TP,5,17,0.7637457044673539,3556,4656,40.98227222843122,53.659578035876194
ZAINA-679-G_007_jpg.rf.35e86ec35895ca2f75ff075a91825a0e_r2c1.jpg,TP,15,10,0.6306272669084703,12244,18327,141.10993846032392,211.21543957549463
ZAINA-679-G_007_jpg.rf.35e86ec35895ca2f75ff075a91825a0e_r2c1.jpg,TP,16,5,0.5553531146972063,10679,7248,123.0735897433681,83.53192044760108
ZAINA-679-G_007_jpg.rf.35e86ec35895ca2f75ff075a91825a0e_r2c1.jpg,FP,18,-1,0.0,0,3484,0.0,40.152484939216635
ZAINA-679-G_007_jpg.rf.35e86ec35895ca2f75ff075a91825a0e_r2c1.jpg,FP,20,-1,0.0,0,4666,0.0,53.77482627048933
ZAINA-679-G_007_jpg.rf.35e86ec35895ca2f75ff075a91825a0e_r2c1.jpg,FP,22,-1,0.0,0,703,0.0,8.101950893303473
ZAINA-679-G_007_jpg.rf.35e86ec35895ca2f75ff075a91825a0e_r2c1.jpg,FP,24,-1,0.0,0,3627,0.0,41.800534694184485
ZAINA-679-G_007_jpg.rf.35e86ec35895ca2f75ff075a91825a0e_r2c1.jpg,FN,-1,8,0.0,6821,0,78.61082082962017,0.0
ZAINA-679-G_007_jpg.rf.35e86ec35895ca2f75ff075a91825a0e_r2c1.jpg,FN,-1,9,0.0,3665,0,42.238477985714404,0.0
ZAINA-679-G_007_jpg.rf.35e86ec35895ca2f75ff075a91825a0e_r2c1.jpg,FN,-1,12,0.0,6850,0,78.94504070999827,0.0
ZAINA-679-G_007_jpg.rf.35e86ec35895ca2f75ff075a91825a0e_r2c1.jpg,FN,-1,14,0.0,2031,0,23.406916449927955,0.0
ZAINA-679-G_007_jpg.rf.35e86ec35895ca2f75ff075a91825a0e_r2c1.jpg,FN,-1,24,0.0,7280,0,83.90071479836313,0.0
ZAINA-679-G_007_jpg.rf.35e86ec35895ca2f75ff075a91825a0e_r2c1.jpg,FN,-1,25,0.0,3293,0,37.95124365810574,0.0
ZAINA-679-G_007_jpg.rf.35e86ec35895ca2f75ff075a91825a0e_r2c2.jpg,TP,0,0,0.9450856942987058,8120,8563,93.58156650586656,98.6870632992285
ZAINA-679-G_007_jpg.rf.35e86ec35895ca2f75ff075a91825a0e_r2c2.jpg,TP,4,3,0.8934485241180705,10284,10756,118.52128447614922,123.96100114988926
ZAINA-679-G_007_jpg.rf.35e86ec35895ca2f75ff075a91825a0e_r2c2.jpg,TP,3,5,0.8874310705457311,4711,5215,54.29344332624844,60.1019543507505
ZAINA-679-G_007_jpg.rf.35e86ec35895ca2f75ff075a91825a0e_r2c2.jpg,TP,5,7,0.8865762394761459,3830,4237,44.14007385683115,48.83067700558579
ZAINA-679-G_007_jpg.rf.35e86ec35895ca2f75ff075a91825a0e_r2c2.jpg,TP,2,1,0.846927142709089,16693,18949,192.38387803970818,218.3838797684317
ZAINA-679-G_007_jpg.rf.35e86ec35895ca2f75ff075a91825a0e_r2c2.jpg,TP,8,8,0.8380336640285364,7526,8963,86.73582136984628,103.29699268375394
ZAINA-679-G_007_jpg.rf.35e86ec35895ca2f75ff075a91825a0e_r2c2.jpg,TP,1,4,0.8330235439900867,11005,12663,126.83068219175634,145.93883949061433
ZAINA-679-G_007_jpg.rf.35e86ec35895ca2f75ff075a91825a0e_r2c2.jpg,TP,6,6,0.8282319774466371,4340,4739,50.01773382210109,54.61613838316523
ZAINA-679-G_007_jpg.rf.35e86ec35895ca2f75ff075a91825a0e_r2c2.jpg,TP,7,2,0.795774647887324,2552,2293,29.41134947327235,26.426420196792122
ZAINA-679-G_007_jpg.rf.35e86ec35895ca2f75ff075a91825a0e_r2c2.jpg,FP,9,-1,0.0,0,1521,0.0,17.52925648465801
ZAINA-679-G_009_jpg.rf.f3d1d1a68f80e6e7a761e1c1f244a623_r0c0.jpg,TP,0,14,0.9224365200499515,13520,14190,155.81561319696007,163.5372449160402
ZAINA-679-G_009_jpg.rf.f3d1d1a68f80e6e7a761e1c1f244a623_r0c0.jpg,TP,7,17,0.9077393075356416,4667,4700,53.78635109395064,54.166670268173995
ZAINA-679-G_009_jpg.rf.f3d1d1a68f80e6e7a761e1c1f244a623_r0c0.jpg,TP,24,18,0.9004178272980501,26557,25294,306.0647366621057,291.5088846304666
ZAINA-679-G_009_jpg.rf.f3d1d1a68f80e6e7a761e1c1f244a623_r0c0.jpg,TP,1,20,0.8906029406700872,28236,26669,325.41491525365126,307.35551688977284
ZAINA-679-G_009_jpg.rf.f3d1d1a68f80e6e7a761e1c1f244a623_r0c0.jpg,TP,2,16,0.886167989970748,11256,11312,129.72341288054605,130.36880299437962
ZAINA-679-G_009_jpg.rf.f3d1d1a68f80e6e7a761e1c1f244a623_r0c0.jpg,TP,26,9,0.8553546043279103,23456,23529,270.3262591085722,271.16757122124807
ZAINA-679-G_009_jpg.rf.f3d1d1a68f80e6e7a761e1c1f244a623_r0c0.jpg,TP,9,6,0.8326086956521739,3410,3334,39.29964800307943,38.423761420019595
ZAINA-679-G_009_jpg.rf.f3d1d1a68f80e6e7a761e1c1f244a623_r0c0.jpg,TP,16,19,0.8266488278042996,28942,31131,333.55144061733864,358.77927917415417
ZAINA-679-G_009_jpg.rf.f3d1d1a68f80e6e7a761e1c1f244a623_r0c0.jpg,TP,20,11,0.8067940552016986,2301,2805,26.51861878448263,32.327129808984694
ZAINA-679-G_009_jpg.rf.f3d1d1a68f80e6e7a761e1c1f244a623_r0c0.jpg,TP,5,4,0.8053191489361702,4542,5640,52.345748161286444,65.00000432180879
ZAINA-679-G_009_jpg.rf.f3d1d1a68f80e6e7a761e1c1f244a623_r0c0.jpg,TP,15,12,0.7872200263504612,3668,4471,42.27305245609834,51.52748569553317
ZAINA-679-G_009_jpg.rf.f3d1d1a68f80e6e7a761e1c1f244a623_r0c0.jpg,TP,18,5,0.7743785850860421,2712,2856,31.255321227082526,32.914895805511684
ZAINA-679-G_009_jpg.rf.f3d1d1a68f80e6e7a761e1c1f244a623_r0c0.jpg,TP,21,7,0.7561322994144644,6319,4778,72.82535945204074,55.065606498156455
ZAINA-679-G_009_jpg.rf.f3d1d1a68f80e6e7a761e1c1f244a623_r0c0.jpg,TP,4,2,0.6012132105144912,25797,16965,297.3058708315073,195.5186300211855
ZAINA-679-G_009_jpg.rf.f3d1d1a68f80e6e7a761e1c1f244a623_r0c0.jpg,TP,14,1,0.5755171510866719,37607,22562,433.41403590962113,260.0230669341578
ZAINA-679-G_009_jpg.rf.f3d1d1a68f80e6e7a761e1c1f244a623_r0c0.jpg,TP,3,0,0.54228324906063,41365,25129,476.7243224772377,289.60728875934984
ZAINA-679-G_009_jpg.rf.f3d1d1a68f80e6e7a761e1c1f244a623_r0c0.jpg,TP,13,3,0.5143689118452526,55213,32157,636.3200777695087,370.60374804546194
ZAINA-679-G_009_jpg.rf.f3d1d1a68f80e6e7a761e1c1f244a623_r0c0.jpg,TP,8,10,0.5124422468995704,12049,6610,138.86259788536776,76.179083079283
ZAINA-679-G_009_jpg.rf.f3d1d1a68f80e6e7a761e1c1f244a623_r0c0.jpg,FP,6,-1,0.0,0,13248,0.0,152.6808612154828
ZAINA-679-G_009_jpg.rf.f3d1d1a68f80e6e7a761e1c1f244a623_r0c0.jpg,FP,10,-1,0.0,0,3863,0.0,44.520393031054496
ZAINA-679-G_009_jpg.rf.f3d1d1a68f80e6e7a761e1c1f244a623_r0c0.jpg,FP,11,-1,0.0,0,21184,0.0,244.14186020446763
ZAINA-679-G_009_jpg.rf.f3d1d1a68f80e6e7a761e1c1f244a623_r0c0.jpg,FP,12,-1,0.0,0,4296,0.0,49.51064158980329
ZAINA-679-G_009_jpg.rf.f3d1d1a68f80e6e7a761e1c1f244a623_r0c0.jpg,FP,17,-1,0.0,0,8148,0.0,93.90426156278335
ZAINA-679-G_009_jpg.rf.f3d1d1a68f80e6e7a761e1c1f244a623_r0c0.jpg,FP,19,-1,0.0,0,4057,0.0,46.756208782549336
ZAINA-679-G_009_jpg.rf.f3d1d1a68f80e6e7a761e1c1f244a623_r0c0.jpg,FP,22,-1,0.0,0,3532,0.0,40.705676465359694
ZAINA-679-G_009_jpg.rf.f3d1d1a68f80e6e7a761e1c1f244a623_r0c0.jpg,FP,23,-1,0.0,0,12244,0.0,141.10993846032392
ZAINA-679-G_009_jpg.rf.f3d1d1a68f80e6e7a761e1c1f244a623_r0c0.jpg,FP,25,-1,0.0,0,17361,0.0,200.0824601118657
ZAINA-679-G_009_jpg.rf.f3d1d1a68f80e6e7a761e1c1f244a623_r0c0.jpg,FP,27,-1,0.0,0,1937,0.0,22.323583044564472
ZAINA-679-G_009_jpg.rf.f3d1d1a68f80e6e7a761e1c1f244a623_r0c0.jpg,FP,28,-1,0.0,0,7052,0.0,81.27305504918363
ZAINA-679-G_009_jpg.rf.f3d1d1a68f80e6e7a761e1c1f244a623_r0c0.jpg,FP,29,-1,0.0,0,26302,0.0,303.12590667947075
ZAINA-679-G_009_jpg.rf.f3d1d1a68f80e6e7a761e1c1f244a623_r0c0.jpg,FN,-1,8,0.0,58795,0,677.601995407934,0.0
ZAINA-679-G_009_jpg.rf.f3d1d1a68f80e6e7a761e1c1f244a623_r0c0.jpg,FN,-1,13,0.0,14576,0,167.98582677210726,0.0
ZAINA-679-G_009_jpg.rf.f3d1d1a68f80e6e7a761e1c1f244a623_r0c0.jpg,FN,-1,15,0.0,14359,0,165.4849400810022,0.0
ZAINA-679-G_009_jpg.rf.f3d1d1a68f80e6e7a761e1c1f244a623_r0c1.jpg,TP,5,12,0.9373045260092749,27061,26829,311.8732476866078,309.199488643583
ZAINA-679-G_009_jpg.rf.f3d1d1a68f80e6e7a761e1c1f244a623_r0c1.jpg,TP,3,10,0.913950424514492,38751,39698,446.59843394936394,457.5124417672279
ZAINA-679-G_009_jpg.rf.f3d1d1a68f80e6e7a761e1c1f244a623_r0c1.jpg,TP,0,6,0.9062125049993334,13879,14718,159.95302481957168,169.6223517036138
ZAINA-679-G_009_jpg.rf.f3d1d1a68f80e6e7a761e1c1f244a623_r0c1.jpg,TP,15,9,0.9061921014139445,9603,9945,110.67287969899465,114.6143693227639
ZAINA-679-G_009_jpg.rf.f3d1d1a68f80e6e7a761e1c1f244a623_r0c1.jpg,TP,4,7,0.8955387694492866,14277,15083,164.53990455717448,173.82891226699326
ZAINA-679-G_009_jpg.rf.f3d1d1a68f80e6e7a761e1c1f244a623_r0c1.jpg,TP,8,1,0.8864618885096701,3973,4318,45.788123611798994,49.764187705952196
ZAINA-679-G_009_jpg.rf.f3d1d1a68f80e6e7a761e1c1f244a623_r0c1.jpg,TP,1,0,0.8847299021692897,15454,15563,178.10462177114061,179.3608275284238
ZAINA-679-G_009_jpg.rf.f3d1d1a68f80e6e7a761e1c1f244a623_r0c1.jpg,TP,7,13,0.8587689713322091,4144,4674,47.75886842368362,53.86702485817984
ZAINA-679-G_009_jpg.rf.f3d1d1a68f80e6e7a761e1c1f244a623_r0c1.jpg,TP,12,2,0.847450110864745,2211,1955,25.481384672964406,22.53102986686812
ZAINA-679-G_009_jpg.rf.f3d1d1a68f80e6e7a761e1c1f244a623_r0c1.jpg,TP,9,11,0.8142023346303502,4189,5136,48.27748547944274,59.19149329730673
ZAINA-679-G_009_jpg.rf.f3d1d1a68f80e6e7a761e1c1f244a623_r0c1.jpg,TP,2,8,0.7859749325717912,4958,6299,57.14007472119291,72.59486298281446
ZAINA-679-G_009_jpg.rf.f3d1d1a68f80e6e7a761e1c1f244a623_r0c1.jpg,TP,6,14,0.7365578197888534,4031,3042,46.45656337255519,35.05851296931602
ZAINA-679-G_009_jpg.rf.f3d1d1a68f80e6e7a761e1c1f244a623_r0c1.jpg,TP,13,3,0.7122687439143135,11841,9261,136.46543460541452,106.73139007522539
ZAINA-679-G_009_jpg.rf.f3d1d1a68f80e6e7a761e1c1f244a623_r0c1.jpg,TP,10,4,0.6233400402414487,6932,5170,79.89007623382598,59.583337294991395
ZAINA-679-G_009_jpg.rf.f3d1d1a68f80e6e7a761e1c1f244a623_r0c1.jpg,FP,11,-1,0.0,0,3271,0.0,37.697697541956835
ZAINA-679-G_009_jpg.rf.f3d1d1a68f80e6e7a761e1c1f244a623_r0c1.jpg,FP,14,-1,0.0,0,2326,0.0,26.80673937101547
ZAINA-679-G_009_jpg.rf.f3d1d1a68f80e6e7a761e1c1f244a623_r0c1.jpg,FP,16,-1,0.0,0,5729,0.0,66.0257136098657
ZAINA-679-G_009_jpg.rf.f3d1d1a68f80e6e7a761e1c1f244a623_r0c1.jpg,FN,-1,5,0.0,10834,0,124.85993737987171,0.0
ZAINA-679-G_009_jpg.rf.f3d1d1a68f80e6e7a761e1c1f244a623_r0c1.jpg,FN,-1,15,0.0,5555,0,64.02039432759713,0.0
ZAINA-679-G_009_jpg.rf.f3d1d1a68f80e6e7a761e1c1f244a623_r0c2.jpg,TP,2,1,0.6,750,1250,8.643617595985212,14.40602932664202
ZAINA-679-G_009_jpg.rf.f3d1d1a68f80e6e7a761e1c1f244a623_r0c2.jpg,FP,0,-1,0.0,0,4270,0.0,49.210996179809136
ZAINA-679-G_009_jpg.rf.f3d1d1a68f80e6e7a761e1c1f244a623_r0c2.jpg,FP,1,-1,0.0,0,3926,0.0,45.246456909117256
ZAINA-679-G_009_jpg.rf.f3d1d1a68f80e6e7a761e1c1f244a623_r0c2.jpg,FN,-1,0,0.0,14331,0,165.16224502408542,0.0
ZAINA-679-G_009_jpg.rf.f3d1d1a68f80e6e7a761e1c1f244a623_r1c0.jpg,TP,13,17,0.9143835616438356,5763,5976,66.41755760755036,68.87234500481017
ZAINA-679-G_009_jpg.rf.f3d1d1a68f80e6e7a761e1c1f244a623_r1c0.jpg,TP,4,25,0.9125596184419714,5030,4594,57.96986201040749,52.94503898127475
ZAINA-679-G_009_jpg.rf.f3d1d1a68f80e6e7a761e1c1f244a623_r1c0.jpg,TP,2,5,0.9110521301211378,13638,14443,157.1755423653951,166.45302525175256
ZAINA-679-G_009_jpg.rf.f3d1d1a68f80e6e7a761e1c1f244a623_r1c0.jpg,TP,5,13,0.9033878274571597,9179,10148,105.78635455139768,116.95390848541058
ZAINA-679-G_009_jpg.rf.f3d1d1a68f80e6e7a761e1c1f244a623_r1c0.jpg,TP,0,27,0.9005437245129134,11948,13219,137.69859071577508,152.3466413351047
ZAINA-679-G_009_jpg.rf.f3d1d1a68f80e6e7a761e1c1f244a623_r1c0.jpg,TP,35,30,0.8982892348313989,35164,33854,405.258892193632,390.16137345931116
ZAINA-679-G_009_jpg.rf.f3d1d1a68f80e6e7a761e1c1f244a623_r1c0.jpg,TP,19,23,0.8981028069893768,34658,36276,399.4273315222073,418.0744958826127
ZAINA-679-G_009_jpg.rf.f3d1d1a68f80e6e7a761e1c1f244a623_r1c0.jpg,TP,22,15,0.8945507939960844,17052,17785,196.5212896623198,204.96898525946267
ZAINA-679-G_009_jpg.rf.f3d1d1a68f80e6e7a761e1c1f244a623_r1c0.jpg,TP,17,20,0.8943511450381679,2960,3244,34.1134774454883,37.38652730850137
ZAINA-679-G_009_jpg.rf.f3d1d1a68f80e6e7a761e1c1f244a623_r1c0.jpg,TP,3,26,0.8923103994369171,11208,10300,129.170221354403,118.70568165153024
ZAINA-679-G_009_jpg.rf.f3d1d1a68f80e6e7a761e1c1f244a623_r1c0.jpg,TP,11,9,0.8849288407736285,7284,8212,83.94681409220837,94.64185026430741
ZAINA-679-G_009_jpg.rf.f3d1d1a68f80e6e7a761e1c1f244a623_r1c0.jpg,TP,34,12,0.8840336134453781,3335,3391,38.43528624348091,39.08067635731447
ZAINA-679-G_009_jpg.rf.f3d1d1a68f80e6e7a761e1c1f244a623_r1c0.jpg,TP,12,4,0.8759519625073228,6135,6674,70.70479193515904,76.91667178080708
ZAINA-679-G_009_jpg.rf.f3d1d1a68f80e6e7a761e1c1f244a623_r1c0.jpg,TP,10,19,0.8711358110455019,5129,5645,59.11081953307754,65.05762843911536
ZAINA-679-G_009_jpg.rf.f3d1d1a68f80e6e7a761e1c1f244a623_r1c0.jpg,TP,14,3,0.8535380507343124,6619,7264,76.28280649043482,83.7163176229821
ZAINA-679-G_009_jpg.rf.f3d1d1a68f80e6e7a761e1c1f244a623_r1c0.jpg,TP,15,8,0.8528346314073537,10546,9913,121.5407882230134,114.24557497200188
ZAINA-679-G_009_jpg.rf.f3d1d1a68f80e6e7a761e1c1f244a623_r1c0.jpg,TP,7,32,0.8512846158654748,14649,14966,168.82713888478315,172.48050792201957
ZAINA-679-G_009_jpg.rf.f3d1d1a68f80e6e7a761e1c1f244a623_r1c0.jpg,TP,24,1,0.8400740969435011,2933,3027,33.80230721203284,34.88564061739631
ZAINA-679-G_009_jpg.rf.f3d1d1a68f80e6e7a761e1c1f244a623_r1c0.jpg,TP,25,6,0.8400681596884129,3971,3588,45.76507396487637,41.35106657919325
ZAINA-679-G_009_jpg.rf.f3d1d1a68f80e6e7a761e1c1f244a623_r1c0.jpg,TP,8,28,0.8334688567246706,5179,6095,59.687060706143214,70.24379899670649
ZAINA-679-G_009_jpg.rf.f3d1d1a68f80e6e7a761e1c1f244a623_r1c0.jpg,TP,20,10,0.8332918016446549,7869,6845,90.68883581707684,78.8874165926917
ZAINA-679-G_009_jpg.rf.f3d1d1a68f80e6e7a761e1c1f244a623_r1c0.jpg,TP,23,24,0.8321872787946203,18274,17963,210.604623932045,207.02040383557647
ZAINA-679-G_009_jpg.rf.f3d1d1a68f80e6e7a761e1c1f244a623_r1c0.jpg,TP,21,2,0.7951272041997577,6621,6715,76.30585613735745,77.38918954272093
ZAINA-679-G_009_jpg.rf.f3d1d1a68f80e6e7a761e1c1f244a623_r1c0.jpg,TP,6,11,0.7931034482758621,6900,8700,79.52128188306395,100.26596411342845
ZAINA-679-G_009_jpg.rf.f3d1d1a68f80e6e7a761e1c1f244a623_r1c0.jpg,TP,32,31,0.7875560538116592,1663,1526,19.165781416164542,17.586880601964577
ZAINA-679-G_009_jpg.rf.f3d1d1a68f80e6e7a761e1c1f244a623_r1c0.jpg,TP,9,7,0.7818937818937819,4137,5291,47.67819465945443,60.97784093381034
ZAINA-679-G_009_jpg.rf.f3d1d1a68f80e6e7a761e1c1f244a623_r1c0.jpg,TP,16,21,0.7741273100616016,2262,2922,26.0691506694914,33.67553415395839
ZAINA-679-G_009_jpg.rf.f3d1d1a68f80e6e7a761e1c1f244a623_r1c0.jpg,TP,36,16,0.7487959442332066,6644,7154,76.57092707696766,82.4485870422376
ZAINA-679-G_009_jpg.rf.f3d1d1a68f80e6e7a761e1c1f244a623_r1c0.jpg,TP,29,18,0.685340489768534,2043,2981,23.54521433146372,34.35549873817589
ZAINA-679-G_009_jpg.rf.f3d1d1a68f80e6e7a761e1c1f244a623_r1c0.jpg,TP,18,29,0.6711923792839155,6131,9132,70.65869264131378,105.24468784871594
ZAINA-679-G_009_jpg.rf.f3d1d1a68f80e6e7a761e1c1f244a623_r1c0.jpg,TP,28,0,0.5853331095821447,5523,3924,63.6515999768351,45.22340726219463
ZAINA-679-G_009_jpg.rf.f3d1d1a68f80e6e7a761e1c1f244a623_r1c0.jpg,TP,31,14,0.5148998127990015,69505,39742,801.0328546786029,458.0195339995257
ZAINA-679-G_009_jpg.rf.f3d1d1a68f80e6e7a761e1c1f244a623_r1c0.jpg,FP,1,-1,0.0,0,28706,0.0,330.83158228046864
ZAINA-679-G_009_jpg.rf.f3d1d1a68f80e6e7a761e1c1f244a623_r1c0.jpg,FP,26,-1,0.0,0,7334,0.0,84.52305526527405
ZAINA-679-G_009_jpg.rf.f3d1d1a68f80e6e7a761e1c1f244a623_r1c0.jpg,FP,27,-1,0.0,0,6865,0.0,79.11791306191797
ZAINA-679-G_009_jpg.rf.f3d1d1a68f80e6e7a761e1c1f244a623_r1c0.jpg,FP,30,-1,0.0,0,57809,0.0,666.2385194750788
ZAINA-679-G_009_jpg.rf.f3d1d1a68f80e6e7a761e1c1f244a623_r1c0.jpg,FP,33,-1,0.0,0,17852,0.0,205.74114843137068
ZAINA-679-G_009_jpg.rf.f3d1d1a68f80e6e7a761e1c1f244a623_r1c0.jpg,FP,37,-1,0.0,0,5236,0.0,60.34397564343809
ZAINA-679-G_009_jpg.rf.f3d1d1a68f80e6e7a761e1c1f244a623_r1c0.jpg,FP,38,-1,0.0,0,14336,0.0,165.219869141392
ZAINA-679-G_009_jpg.rf.f3d1d1a68f80e6e7a761e1c1f244a623_r1c0.jpg,FP,39,-1,0.0,0,1216,0.0,14.014185328957357
ZAINA-679-G_009_jpg.rf.f3d1d1a68f80e6e7a761e1c1f244a623_r1c0.jpg,FN,-1,22,0.0,13778,0,158.789017649979,0.0
ZAINA-679-G_009_jpg.rf.f3d1d1a68f80e6e7a761e1c1f244a623_r1c1.jpg,TP,6,4,0.9258359531294655,20512,19919,236.3971788384649,229.5629585259059
ZAINA-679-G_009_jpg.rf.f3d1d1a68f80e6e7a761e1c1f244a623_r1c1.jpg,TP,1,20,0.9097118463180363,4352,4595,50.156031703636856,52.956563804736064
ZAINA-679-G_009_jpg.rf.f3d1d1a68f80e6e7a761e1c1f244a623_r1c1.jpg,TP,17,13,0.9046580963677748,29502,29910,340.0053417556743,344.70746972789027
ZAINA-679-G_009_jpg.rf.f3d1d1a68f80e6e7a761e1c1f244a623_r1c1.jpg,TP,4,21,0.8926386421945924,4549,5041,52.42642192551564,58.09663506848194
ZAINA-679-G_009_jpg.rf.f3d1d1a68f80e6e7a761e1c1f244a623_r1c1.jpg,TP,3,14,0.8822327044025158,5626,6345,64.8386567933504,73.1250048620349
ZAINA-679-G_009_jpg.rf.f3d1d1a68f80e6e7a761e1c1f244a623_r1c1.jpg,TP,16,3,0.8798309642719938,12563,11903,144.78635714448296,137.17997366001597
ZAINA-679-G_009_jpg.rf.f3d1d1a68f80e6e7a761e1c1f244a623_r1c1.jpg,TP,5,19,0.8655858813872358,4229,4862,48.73847841789528,56.0336916689068
ZAINA-679-G_009_jpg.rf.f3d1d1a68f80e6e7a761e1c1f244a623_r1c1.jpg,TP,0,5,0.8454727895171762,16314,14952,188.01596994787033,172.3191603935612
ZAINA-679-G_009_jpg.rf.f3d1d1a68f80e6e7a761e1c1f244a623_r1c1.jpg,TP,13,18,0.8390107326178254,1906,2035,21.966313517263753,23.453015743773207
ZAINA-679-G_009_jpg.rf.f3d1d1a68f80e6e7a761e1c1f244a623_r1c1.jpg,TP,2,12,0.8363581367211131,5644,6498,65.04610361565405,74.88830285161588
ZAINA-679-G_009_jpg.rf.f3d1d1a68f80e6e7a761e1c1f244a623_r1c1.jpg,TP,8,16,0.8241407753643113,16105,17067,185.60728184445577,196.69416201423948
ZAINA-679-G_009_jpg.rf.f3d1d1a68f80e6e7a761e1c1f244a623_r1c1.jpg,TP,10,9,0.7940630797773655,13860,12249,159.73405317380673,141.1675625776305
ZAINA-679-G_009_jpg.rf.f3d1d1a68f80e6e7a761e1c1f244a623_r1c1.jpg,TP,12,6,0.7370662460567823,4763,6250,54.892734146236755,72.0301466332101
ZAINA-679-G_009_jpg.rf.f3d1d1a68f80e6e7a761e1c1f244a623_r1c1.jpg,TP,19,15,0.7208958897366478,2929,4063,33.75620791818758,46.82535772331722
ZAINA-679-G_009_jpg.rf.f3d1d1a68f80e6e7a761e1c1f244a623_r1c1.jpg,TP,9,17,0.7192648922686945,1221,1492,14.071809446263925,17.195036604279913
ZAINA-679-G_009_jpg.rf.f3d1d1a68f80e6e7a761e1c1f244a623_r1c1.jpg,TP,14,1,0.7173055687016879,12166,9606,140.21100223034145,110.7074541693786
ZAINA-679-G_009_jpg.rf.f3d1d1a68f80e6e7a761e1c1f244a623_r1c1.jpg,TP,15,2,0.6888105512672461,61173,49971,705.0080255989378,575.9069531853027
ZAINA-679-G_009_jpg.rf.f3d1d1a68f80e6e7a761e1c1f244a623_r1c1.jpg,TP,23,11,0.6569957884885353,20634,14776,237.80320730074516,170.29079146437
ZAINA-679-G_009_jpg.rf.f3d1d1a68f80e6e7a761e1c1f244a623_r1c1.jpg,TP,18,7,0.5565132197375912,69599,47966,802.1161880839663,552.7996821453689
ZAINA-679-G_009_jpg.rf.f3d1d1a68f80e6e7a761e1c1f244a623_r1c1.jpg,FP,7,-1,0.0,0,42450,0.0,489.22875593276297
ZAINA-679-G_009_jpg.rf.f3d1d1a68f80e6e7a761e1c1f244a623_r1c1.jpg,FP,11,-1,0.0,0,9241,0.0,106.50089360599912
ZAINA-679-G_009_jpg.rf.f3d1d1a68f80e6e7a761e1c1f244a623_r1c1.jpg,FP,20,-1,0.0,0,724,0.0,8.343972185991058
ZAINA-679-G_009_jpg.rf.f3d1d1a68f80e6e7a761e1c1f244a623_r1c1.jpg,FP,21,-1,0.0,0,35635,0.0,410.6870840439107
ZAINA-679-G_009_jpg.rf.f3d1d1a68f80e6e7a761e1c1f244a623_r1c1.jpg,FP,22,-1,0.0,0,19230,0.0,221.62235516106082
ZAINA-679-G_009_jpg.rf.f3d1d1a68f80e6e7a761e1c1f244a623_r1c1.jpg,FP,24,-1,0.0,0,30175,0.0,347.7615479451384
ZAINA-679-G_009_jpg.rf.f3d1d1a68f80e6e7a761e1c1f244a623_r1c1.jpg,FP,25,-1,0.0,0,5285,0.0,60.90869199304246
ZAINA-679-G_009_jpg.rf.f3d1d1a68f80e6e7a761e1c1f244a623_r1c1.jpg,FP,26,-1,0.0,0,1171,0.0,13.495568273198245
ZAINA-679-G_009_jpg.rf.f3d1d1a68f80e6e7a761e1c1f244a623_r1c1.jpg,FP,27,-1,0.0,0,5280,0.0,60.85106787573589
ZAINA-679-G_009_jpg.rf.f3d1d1a68f80e6e7a761e1c1f244a623_r1c1.jpg,FN,-1,0,0.0,2124,0,24.47872503183012,0.0
ZAINA-679-G_009_jpg.rf.f3d1d1a68f80e6e7a761e1c1f244a623_r1c1.jpg,FN,-1,8,0.0,6561,0,75.61436672967864,0.0
ZAINA-679-G_009_jpg.rf.f3d1d1a68f80e6e7a761e1c1f244a623_r1c1.jpg,FN,-1,10,0.0,14969,0,172.5150823924035,0.0
ZAINA-679-G_009_jpg.rf.f3d1d1a68f80e6e7a761e1c1f244a623_r1c2.jpg,TP,1,11,0.9221880631824446,8823,9309,101.68351739917003,107.28458160136844
ZAINA-679-G_009_jpg.rf.f3d1d1a68f80e6e7a761e1c1f244a623_r1c2.jpg,TP,2,4,0.8933832125321487,12056,12238,138.94327164959697,141.04078951955603
ZAINA-679-G_009_jpg.rf.f3d1d1a68f80e6e7a761e1c1f244a623_r1c2.jpg,TP,16,9,0.8925254312251216,8281,8835,95.43706308313806,101.82181528070579
ZAINA-679-G_009_jpg.rf.f3d1d1a68f80e6e7a761e1c1f244a623_r1c2.jpg,TP,3,3,0.8835041938490215,3797,4287,43.7597546826078,49.40691817865147
ZAINA-679-G_009_jpg.rf.f3d1d1a68f80e6e7a761e1c1f244a623_r1c2.jpg,TP,11,5,0.8791959406713505,4526,5103,52.16135098590542,58.81117412308338
ZAINA-679-G_009_jpg.rf.f3d1d1a68f80e6e7a761e1c1f244a623_r1c2.jpg,TP,0,7,0.8699582753824756,5009,5747,57.7278407177199,66.23316043216936
ZAINA-679-G_009_jpg.rf.f3d1d1a68f80e6e7a761e1c1f244a623_r1c2.jpg,TP,7,12,0.8614186141861419,13056,14184,150.46809511091055,163.46809597527232
ZAINA-679-G_009_jpg.rf.f3d1d1a68f80e6e7a761e1c1f244a623_r1c2.jpg,TP,13,16,0.859794497845542,2596,3015,29.918441705570146,34.74734273586055
ZAINA-679-G_009_jpg.rf.f3d1d1a68f80e6e7a761e1c1f244a623_r1c2.jpg,TP,22,18,0.8440920131447349,32677,31857,376.596656245345,367.14630100706785
ZAINA-679-G_009_jpg.rf.f3d1d1a68f80e6e7a761e1c1f244a623_r1c2.jpg,TP,20,15,0.8089210367691381,9443,8563,108.82890794518447,98.6870632992285
ZAINA-679-G_009_jpg.rf.f3d1d1a68f80e6e7a761e1c1f244a623_r1c2.jpg,TP,8,17,0.7901684905332639,4549,5757,52.42642192551564,66.34840866678249
ZAINA-679-G_009_jpg.rf.f3d1d1a68f80e6e7a761e1c1f244a623_r1c2.jpg,TP,9,10,0.7819265767179165,2496,3183,28.765959359438785,36.68351307736124
ZAINA-679-G_009_jpg.rf.f3d1d1a68f80e6e7a761e1c1f244a623_r1c2.jpg,TP,4,0,0.7657342657342657,10736,9464,123.73050468066297,109.07092923787206
ZAINA-679-G_009_jpg.rf.f3d1d1a68f80e6e7a761e1c1f244a623_r1c2.jpg,TP,12,13,0.7373676248108926,6267,5217,72.22606863205243,60.12500399767313
ZAINA-679-G_009_jpg.rf.f3d1d1a68f80e6e7a761e1c1f244a623_r1c2.jpg,TP,19,1,0.7098283931357254,910,1282,10.48758934979539,14.774823677404056
ZAINA-679-G_009_jpg.rf.f3d1d1a68f80e6e7a761e1c1f244a623_r1c2.jpg,TP,18,2,0.6244915435666881,4671,2917,53.8324503877959,33.617910036651814
ZAINA-679-G_009_jpg.rf.f3d1d1a68f80e6e7a761e1c1f244a623_r1c2.jpg,TP,10,19,0.6179166256036267,18992,13842,218.8794471772682,159.52660635150306
ZAINA-679-G_009_jpg.rf.f3d1d1a68f80e6e7a761e1c1f244a623_r1c2.jpg,FP,5,-1,0.0,0,4913,0.0,56.621457665433795
ZAINA-679-G_009_jpg.rf.f3d1d1a68f80e6e7a761e1c1f244a623_r1c2.jpg,FP,6,-1,0.0,0,18123,0.0,208.86437558938667
ZAINA-679-G_009_jpg.rf.f3d1d1a68f80e6e7a761e1c1f244a623_r1c2.jpg,FP,14,-1,0.0,0,6169,0.0,71.0966359328437
ZAINA-679-G_009_jpg.rf.f3d1d1a68f80e6e7a761e1c1f244a623_r1c2.jpg,FP,15,-1,0.0,0,3261,0.0,37.5824493073437
ZAINA-679-G_009_jpg.rf.f3d1d1a68f80e6e7a761e1c1f244a623_r1c2.jpg,FP,17,-1,0.0,0,10869,0.0,125.26330620101768
ZAINA-679-G_009_jpg.rf.f3d1d1a68f80e6e7a761e1c1f244a623_r1c2.jpg,FP,21,-1,0.0,0,8925,0.0,102.85904939222402
ZAINA-679-G_009_jpg.rf.f3d1d1a68f80e6e7a761e1c1f244a623_r1c2.jpg,FN,-1,6,0.0,6681,0,76.99734554503627,0.0
ZAINA-679-G_009_jpg.rf.f3d1d1a68f80e6e7a761e1c1f244a623_r1c2.jpg,FN,-1,8,0.0,2434,0,28.05142030483734,0.0
ZAINA-679-G_009_jpg.rf.f3d1d1a68f80e6e7a761e1c1f244a623_r1c2.jpg,FN,-1,14,0.0,60899,0,701.8502239705379,0.0
ZAINA-679-G_009_jpg.rf.f3d1d1a68f80e6e7a761e1c1f244a623_r2c0.jpg,TP,0,4,0.8033928571428571,4499,5600,51.85018075244996,64.53901138335625
ZAINA-679-G_009_jpg.rf.f3d1d1a68f80e6e7a761e1c1f244a623_r2c0.jpg,TP,1,2,0.7521092416483784,15590,20337,179.67199776187928,234.380334732735
ZAINA-679-G_009_jpg.rf.f3d1d1a68f80e6e7a761e1c1f244a623_r2c0.jpg,TP,3,0,0.7357489037618279,3195,4326,36.821810958897004,49.8563862936427
ZAINA-679-G_009_jpg.rf.f3d1d1a68f80e6e7a761e1c1f244a623_r2c0.jpg,TP,2,3,0.7352216748768473,2388,3248,27.521278425616913,37.43262660234662
ZAINA-679-G_009_jpg.rf.f3d1d1a68f80e6e7a761e1c1f244a623_r2c0.jpg,FN,-1,1,0.0,3561,0,41.03989634573779,0.0
ZAINA-679-G_009_jpg.rf.f3d1d1a68f80e6e7a761e1c1f244a623_r2c1.jpg,TP,5,1,0.9066341916028764,8314,8125,95.8173822573614,93.63919062317312
ZAINA-679-G_009_jpg.rf.f3d1d1a68f80e6e7a761e1c1f244a623_r2c1.jpg,TP,8,24,0.906026557711951,3624,3840,41.76596022380054,44.255322091444285
ZAINA-679-G_009_jpg.rf.f3d1d1a68f80e6e7a761e1c1f244a623_r2c1.jpg,TP,6,17,0.8981453329279416,6311,6175,72.73316086435022,71.16578487361157
ZAINA-679-G_009_jpg.rf.f3d1d1a68f80e6e7a761e1c1f244a623_r2c1.jpg,TP,9,0,0.89258281325012,7442,8327,85.76773619909594,95.96720496235848
ZAINA-679-G_009_jpg.rf.f3d1d1a68f80e6e7a761e1c1f244a623_r2c1.jpg,TP,1,19,0.8907731582786287,9816,10922,113.12766709625446,125.87412184446731
ZAINA-679-G_009_jpg.rf.f3d1d1a68f80e6e7a761e1c1f244a623_r2c1.jpg,TP,10,22,0.8833160083160083,3633,3614,41.869683634952366,41.65071198918741
ZAINA-679-G_009_jpg.rf.f3d1d1a68f80e6e7a761e1c1f244a623_r2c1.jpg,TP,11,18,0.8789030681509639,3674,3246,42.34220139686622,37.409576955423994
ZAINA-679-G_009_jpg.rf.f3d1d1a68f80e6e7a761e1c1f244a623_r2c1.jpg,TP,19,7,0.8630634997576345,7783,7591,89.69770099940388,87.48493489483165
ZAINA-679-G_009_jpg.rf.f3d1d1a68f80e6e7a761e1c1f244a623_r2c1.jpg,TP,0,25,0.8579996076563069,33656,32643,387.87945841397107,376.20481224766036
ZAINA-679-G_009_jpg.rf.f3d1d1a68f80e6e7a761e1c1f244a623_r2c1.jpg,TP,4,16,0.8566291284186619,9198,10421,106.00532619716263,120.10018529034919
ZAINA-679-G_009_jpg.rf.f3d1d1a68f80e6e7a761e1c1f244a623_r2c1.jpg,TP,2,13,0.8529217199558986,7828,8978,90.21631805516299,103.46986503567365
ZAINA-679-G_009_jpg.rf.f3d1d1a68f80e6e7a761e1c1f244a623_r2c1.jpg,TP,3,21,0.8503138580395944,3528,4136,40.659577171514435,47.66666983599311
ZAINA-679-G_009_jpg.rf.f3d1d1a68f80e6e7a761e1c1f244a623_r2c1.jpg,TP,17,6,0.8442988204456094,3733,3303,43.02216598108373,38.06649189271887
ZAINA-679-G_009_jpg.rf.f3d1d1a68f80e6e7a761e1c1f244a623_r2c1.jpg,TP,14,15,0.8189376443418014,3546,4330,40.86702399381808,49.90248558748796
ZAINA-679-G_009_jpg.rf.f3d1d1a68f80e6e7a761e1c1f244a623_r2c1.jpg,TP,16,26,0.799803085001641,2539,2945,29.26152676827527,33.9406050935686
ZAINA-679-G_009_jpg.rf.f3d1d1a68f80e6e7a761e1c1f244a623_r2c1.jpg,TP,7,14,0.7378982573490582,5347,4526,61.623231047643905,52.16135098590542
ZAINA-679-G_009_jpg.rf.f3d1d1a68f80e6e7a761e1c1f244a623_r2c1.jpg,TP,13,20,0.7155270655270656,6522,5521,75.1648986146874,63.62855032991247
ZAINA-679-G_009_jpg.rf.f3d1d1a68f80e6e7a761e1c1f244a623_r2c1.jpg,TP,18,2,0.6645947289905519,3671,3024,42.307626926482286,34.851066147012375
ZAINA-679-G_009_jpg.rf.f3d1d1a68f80e6e7a761e1c1f244a623_r2c1.jpg,FP,12,-1,0.0,0,2626,0.0,30.264186409409554
ZAINA-679-G_009_jpg.rf.f3d1d1a68f80e6e7a761e1c1f244a623_r2c1.jpg,FP,15,-1,0.0,0,2952,0.0,34.021278857797796
ZAINA-679-G_009_jpg.rf.f3d1d1a68f80e6e7a761e1c1f244a623_r2c1.jpg,FP,20,-1,0.0,0,4949,0.0,57.036351310041084
ZAINA-679-G_009_jpg.rf.f3d1d1a68f80e6e7a761e1c1f244a623_r2c1.jpg,FP,21,-1,0.0,0,3226,0.0,37.179080486197726
ZAINA-679-G_009_jpg.rf.f3d1d1a68f80e6e7a761e1c1f244a623_r2c1.jpg,FN,-1,3,0.0,2556,0,29.4574487671176,0.0
ZAINA-679-G_009_jpg.rf.f3d1d1a68f80e6e7a761e1c1f244a623_r2c1.jpg,FN,-1,4,0.0,3855,0,44.42819444336399,0.0
ZAINA-679-G_009_jpg.rf.f3d1d1a68f80e6e7a761e1c1f244a623_r2c1.jpg,FN,-1,5,0.0,11847,0,136.5345835461824,0.0
ZAINA-679-G_009_jpg.rf.f3d1d1a68f80e6e7a761e1c1f244a623_r2c1.jpg,FN,-1,8,0.0,8427,0,97.11968730848984,0.0
ZAINA-679-G_009_jpg.rf.f3d1d1a68f80e6e7a761e1c1f244a623_r2c1.jpg,FN,-1,9,0.0,4262,0,49.11879759211863,0.0
ZAINA-679-G_009_jpg.rf.f3d1d1a68f80e6e7a761e1c1f244a623_r2c1.jpg,FN,-1,10,0.0,10837,0,124.89451185025565,0.0
ZAINA-679-G_009_jpg.rf.f3d1d1a68f80e6e7a761e1c1f244a623_r2c1.jpg,FN,-1,11,0.0,3351,0,38.619683418861925,0.0
ZAINA-679-G_009_jpg.rf.f3d1d1a68f80e6e7a761e1c1f244a623_r2c1.jpg,FN,-1,12,0.0,19795,0,228.13388041670302,0.0
ZAINA-679-G_009_jpg.rf.f3d1d1a68f80e6e7a761e1c1f244a623_r2c1.jpg,FN,-1,23,0.0,5970,0,68.80319606404228,0.0
ZAINA-679-G_009_jpg.rf.f3d1d1a68f80e6e7a761e1c1f244a623_r2c2.jpg,TP,8,6,0.9085764040052242,4219,4549,48.623230183282146,52.42642192551564
ZAINA-679-G_009_jpg.rf.f3d1d1a68f80e6e7a761e1c1f244a623_r2c2.jpg,TP,4,3,0.8995365772922873,5450,6027,62.81028786415921,69.46011100133717
ZAINA-679-G_009_jpg.rf.f3d1d1a68f80e6e7a761e1c1f244a623_r2c2.jpg,TP,11,12,0.8990111849570432,5849,5866,67.40869242522334,67.60461442406567
ZAINA-679-G_009_jpg.rf.f3d1d1a68f80e6e7a761e1c1f244a623_r2c2.jpg,TP,2,7,0.8978229317851959,3142,3396,36.210995315447384,39.13830047462104
ZAINA-679-G_009_jpg.rf.f3d1d1a68f80e6e7a761e1c1f244a623_r2c2.jpg,TP,0,15,0.890236269754342,23217,25105,267.5718263013182,289.33069299627834
ZAINA-679-G_009_jpg.rf.f3d1d1a68f80e6e7a761e1c1f244a623_r2c2.jpg,TP,15,1,0.8791644016463462,12314,11884,141.91667610261587,136.96100201425102
ZAINA-679-G_009_jpg.rf.f3d1d1a68f80e6e7a761e1c1f244a623_r2c2.jpg,TP,9,27,0.8765359859566998,4553,5068,52.47252121936089,58.40780530193741
ZAINA-679-G_009_jpg.rf.f3d1d1a68f80e6e7a761e1c1f244a623_r2c2.jpg,TP,6,18,0.8468697123519459,3009,3540,34.67819379509267,40.7978750530502
ZAINA-679-G_009_jpg.rf.f3d1d1a68f80e6e7a761e1c1f244a623_r2c2.jpg,TP,13,20,0.8456672991777356,4028,4726,46.42198890217124,54.46631567816815
ZAINA-679-G_009_jpg.rf.f3d1d1a68f80e6e7a761e1c1f244a623_r2c2.jpg,TP,5,2,0.8454194596790575,4212,4873,48.54255641905295,56.16046472698125
ZAINA-679-G_009_jpg.rf.f3d1d1a68f80e6e7a761e1c1f244a623_r2c2.jpg,TP,28,22,0.840092623221965,13225,14588,152.41579027587258,168.12412465364304
ZAINA-679-G_009_jpg.rf.f3d1d1a68f80e6e7a761e1c1f244a623_r2c2.jpg,TP,17,5,0.8348422496570644,3506,3182,40.40603105536554,36.671988253899926
ZAINA-679-G_009_jpg.rf.f3d1d1a68f80e6e7a761e1c1f244a623_r2c2.jpg,TP,3,14,0.8312182741116751,3933,4725,45.32713067334645,54.454790854706836
ZAINA-679-G_009_jpg.rf.f3d1d1a68f80e6e7a761e1c1f244a623_r2c2.jpg,TP,16,30,0.8162291169451074,5472,6704,63.063833980308104,77.26241648464648
ZAINA-679-G_009_jpg.rf.f3d1d1a68f80e6e7a761e1c1f244a623_r2c2.jpg,TP,1,4,0.8161551381890365,17236,18446,198.64185717920148,212.58689356739094
ZAINA-679-G_009_jpg.rf.f3d1d1a68f80e6e7a761e1c1f244a623_r2c2.jpg,TP,7,17,0.7970534069981584,2182,2697,25.14716479258631,31.08244887516282
ZAINA-679-G_009_jpg.rf.f3d1d1a68f80e6e7a761e1c1f244a623_r2c2.jpg,TP,22,16,0.7926596758817922,3342,4180,38.515960007710106,48.17376206829091
ZAINA-679-G_009_jpg.rf.f3d1d1a68f80e6e7a761e1c1f244a623_r2c2.jpg,TP,19,9,0.7865989202921563,5038,6214,58.06206059809799,71.6152529886028
ZAINA-679-G_009_jpg.rf.f3d1d1a68f80e6e7a761e1c1f244a623_r2c2.jpg,TP,24,11,0.7670886075949367,2801,3481,32.281030515139435,40.1179104688327
ZAINA-679-G_009_jpg.rf.f3d1d1a68f80e6e7a761e1c1f244a623_r2c2.jpg,TP,18,19,0.7488344988344988,1337,1664,15.408688967776305,19.177306239625857
ZAINA-679-G_009_jpg.rf.f3d1d1a68f80e6e7a761e1c1f244a623_r2c2.jpg,TP,10,13,0.7438650306748467,1947,2601,22.43883127917761,29.976065822876716
ZAINA-679-G_009_jpg.rf.f3d1d1a68f80e6e7a761e1c1f244a623_r2c2.jpg,TP,25,25,0.7398854961832061,5240,3877,60.390074937283345,44.68174055951289
ZAINA-679-G_009_jpg.rf.f3d1d1a68f80e6e7a761e1c1f244a623_r2c2.jpg,TP,12,21,0.7364075401152828,4986,6160,57.46276977810969,70.99291252169188
ZAINA-679-G_009_jpg.rf.f3d1d1a68f80e6e7a761e1c1f244a623_r2c2.jpg,TP,27,24,0.5501478156137085,10641,17674,122.63564645183818,203.68972985525684
ZAINA-679-G_009_jpg.rf.f3d1d1a68f80e6e7a761e1c1f244a623_r2c2.jpg,FP,14,-1,0.0,0,5377,0.0,61.96897575148331
ZAINA-679-G_009_jpg.rf.f3d1d1a68f80e6e7a761e1c1f244a623_r2c2.jpg,FP,20,-1,0.0,0,968,0.0,11.15602911055158
ZAINA-679-G_009_jpg.rf.f3d1d1a68f80e6e7a761e1c1f244a623_r2c2.jpg,FP,21,-1,0.0,0,4088,0.0,47.11347830985006
ZAINA-679-G_009_jpg.rf.f3d1d1a68f80e6e7a761e1c1f244a623_r2c2.jpg,FP,23,-1,0.0,0,2709,0.0,31.220746756698585
ZAINA-679-G_009_jpg.rf.f3d1d1a68f80e6e7a761e1c1f244a623_r2c2.jpg,FP,26,-1,0.0,0,21156,0.0,243.81916514755085
ZAINA-679-G_009_jpg.rf.f3d1d1a68f80e6e7a761e1c1f244a623_r2c2.jpg,FN,-1,0,0.0,9135,0,105.27926231909989,0.0
ZAINA-679-G_009_jpg.rf.f3d1d1a68f80e6e7a761e1c1f244a623_r2c2.jpg,FN,-1,8,0.0,9817,0,113.13919191971577,0.0
ZAINA-679-G_009_jpg.rf.f3d1d1a68f80e6e7a761e1c1f244a623_r2c2.jpg,FN,-1,10,0.0,3276,0,37.75532165926341,0.0
ZAINA-679-G_009_jpg.rf.f3d1d1a68f80e6e7a761e1c1f244a623_r2c2.jpg,FN,-1,23,0.0,15742,0,181.42377092799893,0.0
ZAINA-679-G_009_jpg.rf.f3d1d1a68f80e6e7a761e1c1f244a623_r2c2.jpg,FN,-1,26,0.0,6943,0,80.01684929190043,0.0
ZAINA-679-G_009_jpg.rf.f3d1d1a68f80e6e7a761e1c1f244a623_r2c2.jpg,FN,-1,28,0.0,41970,0,483.69684067133244,0.0
ZAINA-679-G_009_jpg.rf.f3d1d1a68f80e6e7a761e1c1f244a623_r2c2.jpg,FN,-1,29,0.0,17144,0,197.58157342076063,0.0
ZAINA-679-G_011_jpg.rf.5f57ef6c944be100b1ea7d06649ae4ae_r0c0.jpg,TP,10,9,0.8732290436835891,18163,19916,209.3253685278392,229.52838405552197
ZAINA-679-G_011_jpg.rf.5f57ef6c944be100b1ea7d06649ae4ae_r0c0.jpg,TP,1,1,0.8730725836780745,9344,10578,107.68795042251443,121.90958257377542
ZAINA-679-G_011_jpg.rf.5f57ef6c944be100b1ea7d06649ae4ae_r0c0.jpg,TP,5,10,0.8565697091273822,24730,25247,285.0088841982857,290.9672179277849
ZAINA-679-G_011_jpg.rf.5f57ef6c944be100b1ea7d06649ae4ae_r0c0.jpg,TP,6,2,0.855327468230694,1791,2005,20.640958819212685,23.1072710399338
ZAINA-679-G_011_jpg.rf.5f57ef6c944be100b1ea7d06649ae4ae_r0c0.jpg,TP,0,3,0.8494759667509939,4788,5447,55.18085473276959,62.77571339377526
ZAINA-679-G_011_jpg.rf.5f57ef6c944be100b1ea7d06649ae4ae_r0c0.jpg,TP,2,0,0.8210272873194222,6240,7374,71.91489839859696,84.9840482037266
ZAINA-679-G_011_jpg.rf.5f57ef6c944be100b1ea7d06649ae4ae_r0c0.jpg,TP,3,4,0.7862745098039216,1605,2039,18.497341655408352,23.499115037618463
ZAINA-679-G_011_jpg.rf.5f57ef6c944be100b1ea7d06649ae4ae_r0c0.jpg,TP,14,7,0.7463438613739708,15489,12931,178.5079905922866,149.02749217824638
ZAINA-679-G_011_jpg.rf.5f57ef6c944be100b1ea7d06649ae4ae_r0c0.jpg,TP,9,11,0.6389440817485098,2281,3493,26.28812231525636,40.25620835036846
ZAINA-679-G_011_jpg.rf.5f57ef6c944be100b1ea7d06649ae4ae_r0c0.jpg,TP,7,8,0.611213434452871,11308,18435,130.32270370053436,212.4601205093165
ZAINA-679-G_011_jpg.rf.5f57ef6c944be100b1ea7d06649ae4ae_r0c0.jpg,FP,4,-1,0.0,0,18226,0.0,210.05143240590195
ZAINA-679-G_011_jpg.rf.5f57ef6c944be100b1ea7d06649ae4ae_r0c0.jpg,FP,8,-1,0.0,0,1307,0.0,15.062944263936895
ZAINA-679-G_011_jpg.rf.5f57ef6c944be100b1ea7d06649ae4ae_r0c0.jpg,FP,11,-1,0.0,0,8177,0.0,94.23848144316143
ZAINA-679-G_011_jpg.rf.5f57ef6c944be100b1ea7d06649ae4ae_r0c0.jpg,FP,12,-1,0.0,0,1405,0.0,16.19237696314563
ZAINA-679-G_011_jpg.rf.5f57ef6c944be100b1ea7d06649ae4ae_r0c0.jpg,FP,13,-1,0.0,0,1132,0.0,13.046100158207013
ZAINA-679-G_011_jpg.rf.5f57ef6c944be100b1ea7d06649ae4ae_r0c0.jpg,FN,-1,5,0.0,2041,0,23.52216468454109,0.0
ZAINA-679-G_011_jpg.rf.5f57ef6c944be100b1ea7d06649ae4ae_r0c0.jpg,FN,-1,6,0.0,22467,0,258.928208705333,0.0
ZAINA-679-G_011_jpg.rf.5f57ef6c944be100b1ea7d06649ae4ae_r0c1.jpg,TP,6,13,0.9327018612969464,29704,28652,342.33335609485965,330.2092418135577
ZAINA-679-G_011_jpg.rf.5f57ef6c944be100b1ea7d06649ae4ae_r0c1.jpg,TP,4,5,0.9209290832715592,7507,8041,86.51684972408131,92.67110545242278
ZAINA-679-G_011_jpg.rf.5f57ef6c944be100b1ea7d06649ae4ae_r0c1.jpg,TP,2,12,0.9003314792965897,16560,17264,190.85107651935348,198.96455223611827
ZAINA-679-G_011_jpg.rf.5f57ef6c944be100b1ea7d06649ae4ae_r0c1.jpg,TP,8,14,0.897976157471583,6970,6722,80.3280195253559,77.46986330695013
ZAINA-679-G_011_jpg.rf.5f57ef6c944be100b1ea7d06649ae4ae_r0c1.jpg,TP,11,4,0.8968233132055657,6847,7603,78.91046623961432,87.62323277636742
ZAINA-679-G_011_jpg.rf.5f57ef6c944be100b1ea7d06649ae4ae_r0c1.jpg,TP,9,17,0.8934535244569233,6122,6691,70.55496923016196,77.1125937796494
ZAINA-679-G_011_jpg.rf.5f57ef6c944be100b1ea7d06649ae4ae_r0c1.jpg,TP,16,15,0.8872982456140351,6382,7065,73.55142333010349,81.42287775418069
ZAINA-679-G_011_jpg.rf.5f57ef6c944be100b1ea7d06649ae4ae_r0c1.jpg,TP,20,9,0.8861924686192468,3486,3276,40.175534586139264,37.75532165926341
ZAINA-679-G_011_jpg.rf.5f57ef6c944be100b1ea7d06649ae4ae_r0c1.jpg,TP,18,8,0.8843092666287663,6231,7027,71.81117498744514,80.98493446265078
ZAINA-679-G_011_jpg.rf.5f57ef6c944be100b1ea7d06649ae4ae_r0c1.jpg,TP,10,10,0.883820047355959,6037,5897,69.5753592359503,67.96188395136639
ZAINA-679-G_011_jpg.rf.5f57ef6c944be100b1ea7d06649ae4ae_r0c1.jpg,TP,14,20,0.8763717805151175,4066,4312,46.85993219370116,49.695038765184314
ZAINA-679-G_011_jpg.rf.5f57ef6c944be100b1ea7d06649ae4ae_r0c1.jpg,TP,12,1,0.8748355077640335,23641,26224,272.4583514489152,302.22697044948825
ZAINA-679-G_011_jpg.rf.5f57ef6c944be100b1ea7d06649ae4ae_r0c1.jpg,TP,3,11,0.8740775338626809,9722,10340,112.04433369089097,119.16667458998279
ZAINA-679-G_011_jpg.rf.5f57ef6c944be100b1ea7d06649ae4ae_r0c1.jpg,TP,1,2,0.8724579000644151,19039,21657,219.42111387994993,249.59310170166899
ZAINA-679-G_011_jpg.rf.5f57ef6c944be100b1ea7d06649ae4ae_r0c1.jpg,TP,0,3,0.8714794674667167,23254,26649,267.9982447693868,307.12502042054655
ZAINA-679-G_011_jpg.rf.5f57ef6c944be100b1ea7d06649ae4ae_r0c1.jpg,TP,15,18,0.8269726775956284,20883,20909,240.67288834261223,240.97253375260638
ZAINA-679-G_011_jpg.rf.5f57ef6c944be100b1ea7d06649ae4ae_r0c1.jpg,TP,7,0,0.7940909679927433,12256,15434,141.24823634185967,177.87412530191435
ZAINA-679-G_011_jpg.rf.5f57ef6c944be100b1ea7d06649ae4ae_r0c1.jpg,TP,17,19,0.7912238601302708,2308,2917,26.599292548711826,33.617910036651814
ZAINA-679-G_011_jpg.rf.5f57ef6c944be100b1ea7d06649ae4ae_r0c1.jpg,TP,13,6,0.7669291338582677,4560,5538,52.55319498359009,63.8244723287548
ZAINA-679-G_011_jpg.rf.5f57ef6c944be100b1ea7d06649ae4ae_r0c1.jpg,TP,5,21,0.699077841063195,5253,7276,60.53989764228042,83.85461550451787
ZAINA-679-G_011_jpg.rf.5f57ef6c944be100b1ea7d06649ae4ae_r0c1.jpg,FP,19,-1,0.0,0,18867,0.0,217.43884424460398
ZAINA-679-G_011_jpg.rf.5f57ef6c944be100b1ea7d06649ae4ae_r0c1.jpg,FN,-1,7,0.0,9118,0,105.08334032025755,0.0
ZAINA-679-G_011_jpg.rf.5f57ef6c944be100b1ea7d06649ae4ae_r0c1.jpg,FN,-1,16,0.0,3989,0,45.97252078718002,0.0
ZAINA-679-G_011_jpg.rf.5f57ef6c944be100b1ea7d06649ae4ae_r0c2.jpg,TP,28,16,0.9028435234532756,28077,29406,323.5824683233024,338.8989587033882
ZAINA-679-G_011_jpg.rf.5f57ef6c944be100b1ea7d06649ae4ae_r0c2.jpg,TP,24,20,0.8964383561643836,23383,25071,269.4849469958963,288.93884899859364
ZAINA-679-G_011_jpg.rf.5f57ef6c944be100b1ea7d06649ae4ae_r0c2.jpg,TP,3,17,0.871328144614612,7019,7888,80.89273587496027,90.9078074628418
ZAINA-679-G_011_jpg.rf.5f57ef6c944be100b1ea7d06649ae4ae_r0c2.jpg,TP,5,13,0.8689801294164805,15769,16869,181.7349411614544,194.41224696889938
ZAINA-679-G_011_jpg.rf.5f57ef6c944be100b1ea7d06649ae4ae_r0c2.jpg,TP,1,8,0.8654810024252223,5403,6135,62.26862116147747,70.70479193515904
ZAINA-679-G_011_jpg.rf.5f57ef6c944be100b1ea7d06649ae4ae_r0c2.jpg,TP,2,2,0.8569950569030923,7863,8291,90.61968687630896,95.55231131775119
ZAINA-679-G_011_jpg.rf.5f57ef6c944be100b1ea7d06649ae4ae_r0c2.jpg,TP,16,15,0.8460144927536232,6580,7686,75.83333837544359,88.57979312365646
ZAINA-679-G_011_jpg.rf.5f57ef6c944be100b1ea7d06649ae4ae_r0c2.jpg,TP,11,11,0.8443859399459228,25540,26302,294.34399120194973,303.12590667947075
ZAINA-679-G_011_jpg.rf.5f57ef6c944be100b1ea7d06649ae4ae_r0c2.jpg,TP,26,0,0.8427747026263102,7444,8203,85.79078584601855,94.53812685315559
ZAINA-679-G_011_jpg.rf.5f57ef6c944be100b1ea7d06649ae4ae_r0c2.jpg,TP,4,7,0.824173487828213,15518,18802,178.8422104726647,216.6897307196186
ZAINA-679-G_011_jpg.rf.5f57ef6c944be100b1ea7d06649ae4ae_r0c2.jpg,TP,7,19,0.8210792047964658,7807,9506,89.9742967624754,109.55497182324723
ZAINA-679-G_011_jpg.rf.5f57ef6c944be100b1ea7d06649ae4ae_r0c2.jpg,TP,9,18,0.8111367263699237,4810,5403,55.43440084891849,62.26862116147747
ZAINA-679-G_011_jpg.rf.5f57ef6c944be100b1ea7d06649ae4ae_r0c2.jpg,TP,10,10,0.800872885979269,3184,3418,36.695037900822555,39.39184659076994
ZAINA-679-G_011_jpg.rf.5f57ef6c944be100b1ea7d06649ae4ae_r0c2.jpg,TP,13,9,0.7954338539113384,12891,12746,148.5664992397938,146.89539983790334
ZAINA-679-G_011_jpg.rf.5f57ef6c944be100b1ea7d06649ae4ae_r0c2.jpg,TP,8,3,0.7907831495617755,2799,3535,32.25798086821681,40.74025093574363
ZAINA-679-G_011_jpg.rf.5f57ef6c944be100b1ea7d06649ae4ae_r0c2.jpg,TP,6,21,0.7808396403389611,12087,15443,139.30054117689767,177.97784871306618
ZAINA-679-G_011_jpg.rf.5f57ef6c944be100b1ea7d06649ae4ae_r0c2.jpg,TP,14,4,0.7296941795462019,2219,3041,25.573583260654914,35.046988145854705
ZAINA-679-G_011_jpg.rf.5f57ef6c944be100b1ea7d06649ae4ae_r0c2.jpg,TP,17,14,0.7181412511799536,20797,19246,239.68175352493927,221.80675233644186
ZAINA-679-G_011_jpg.rf.5f57ef6c944be100b1ea7d06649ae4ae_r0c2.jpg,TP,12,12,0.7062840378357417,54634,46564,629.647204985408,536.6418796526073
ZAINA-679-G_011_jpg.rf.5f57ef6c944be100b1ea7d06649ae4ae_r0c2.jpg,TP,15,1,0.6641221374045801,714,1030,8.228723951377921,11.870568165153024
ZAINA-679-G_011_jpg.rf.5f57ef6c944be100b1ea7d06649ae4ae_r0c2.jpg,FP,0,-1,0.0,0,8167,0.0,94.1232332085483
ZAINA-679-G_011_jpg.rf.5f57ef6c944be100b1ea7d06649ae4ae_r0c2.jpg,FP,18,-1,0.0,0,1817,0.0,20.94060422920684
ZAINA-679-G_011_jpg.rf.5f57ef6c944be100b1ea7d06649ae4ae_r0c2.jpg,FP,19,-1,0.0,0,3524,0.0,40.61347787766918
ZAINA-679-G_011_jpg.rf.5f57ef6c944be100b1ea7d06649ae4ae_r0c2.jpg,FP,20,-1,0.0,0,9534,0.0,109.87766688016401
ZAINA-679-G_011_jpg.rf.5f57ef6c944be100b1ea7d06649ae4ae_r0c2.jpg,FP,21,-1,0.0,0,9735,0.0,112.19415639588804
ZAINA-679-G_011_jpg.rf.5f57ef6c944be100b1ea7d06649ae4ae_r0c2.jpg,FP,22,-1,0.0,0,2455,0.0,28.293441597524925
ZAINA-679-G_011_jpg.rf.5f57ef6c944be100b1ea7d06649ae4ae_r0c2.jpg,FP,23,-1,0.0,0,8969,0.0,103.36614162452182
ZAINA-679-G_011_jpg.rf.5f57ef6c944be100b1ea7d06649ae4ae_r0c2.jpg,FP,25,-1,0.0,0,13735,0.0,158.29345024114252
ZAINA-679-G_011_jpg.rf.5f57ef6c944be100b1ea7d06649ae4ae_r0c2.jpg,FP,27,-1,0.0,0,31832,0.0,366.858180420535
ZAINA-679-G_011_jpg.rf.5f57ef6c944be100b1ea7d06649ae4ae_r0c2.jpg,FN,-1,5,0.0,31040,0,357.7305202391746,0.0
ZAINA-679-G_011_jpg.rf.5f57ef6c944be100b1ea7d06649ae4ae_r0c2.jpg,FN,-1,6,0.0,7337,0,84.557629735658,0.0
ZAINA-679-G_011_jpg.rf.5f57ef6c944be100b1ea7d06649ae4ae_r1c0.jpg,TP,0,27,0.9280436312456017,5653,5306,65.14982702680587,61.15071328573004
ZAINA-679-G_011_jpg.rf.5f57ef6c944be100b1ea7d06649ae4ae_r1c0.jpg,TP,13,33,0.9040522875816993,3632,3651,41.85815881149105,42.07713045725601
ZAINA-679-G_011_jpg.rf.5f57ef6c944be100b1ea7d06649ae4ae_r1c0.jpg,TP,32,0,0.8935965334617236,3721,4145,42.88386809954797,47.77039324714494
ZAINA-679-G_011_jpg.rf.5f57ef6c944be100b1ea7d06649ae4ae_r1c0.jpg,TP,33,14,0.8825313384553174,4587,4724,52.86436521704555,54.44326603124552
ZAINA-679-G_011_jpg.rf.5f57ef6c944be100b1ea7d06649ae4ae_r1c0.jpg,TP,38,23,0.8740135287485907,3131,3518,36.08422225737293,40.5443289369013
ZAINA-679-G_011_jpg.rf.5f57ef6c944be100b1ea7d06649ae4ae_r1c0.jpg,TP,37,8,0.8709295441089402,21681,22559,249.8696974647405,259.98849246377387
ZAINA-679-G_011_jpg.rf.5f57ef6c944be100b1ea7d06649ae4ae_r1c0.jpg,TP,17,9,0.8700414446417999,2946,3371,33.952129917029914,38.8501798880882
ZAINA-679-G_011_jpg.rf.5f57ef6c944be100b1ea7d06649ae4ae_r1c0.jpg,TP,1,10,0.8581399406735299,10117,11181,116.59663895810985,128.85905112094753
ZAINA-679-G_011_jpg.rf.5f57ef6c944be100b1ea7d06649ae4ae_r1c0.jpg,TP,2,32,0.8554724937703662,4501,5179,51.87323039937259,59.687060706143214
ZAINA-679-G_011_jpg.rf.5f57ef6c944be100b1ea7d06649ae4ae_r1c0.jpg,TP,15,3,0.8533513270355375,3801,4439,43.80585397645305,51.15869134477114
ZAINA-679-G_011_jpg.rf.5f57ef6c944be100b1ea7d06649ae4ae_r1c0.jpg,TP,6,24,0.853134841110793,2980,3493,34.343973914714574,40.25620835036846
ZAINA-679-G_011_jpg.rf.5f57ef6c944be100b1ea7d06649ae4ae_r1c0.jpg,TP,34,25,0.8519404572036151,3215,3752,37.05230742812328,43.24113762684868
ZAINA-679-G_011_jpg.rf.5f57ef6c944be100b1ea7d06649ae4ae_r1c0.jpg,TP,14,29,0.8487729383152774,8227,8497,94.81472261622712,97.9264249507818
ZAINA-679-G_011_jpg.rf.5f57ef6c944be100b1ea7d06649ae4ae_r1c0.jpg,TP,16,31,0.8456057007125891,2496,2943,28.765959359438785,33.91755544664597
ZAINA-679-G_011_jpg.rf.5f57ef6c944be100b1ea7d06649ae4ae_r1c0.jpg,TP,4,2,0.840121171322787,2496,2971,28.765959359438785,34.240250503562756
ZAINA-679-G_011_jpg.rf.5f57ef6c944be100b1ea7d06649ae4ae_r1c0.jpg,TP,18,17,0.8379909728224335,9257,9882,106.68529078138015,113.88830544470115
ZAINA-679-G_011_jpg.rf.5f57ef6c944be100b1ea7d06649ae4ae_r1c0.jpg,TP,5,16,0.8334694989106753,6253,7212,72.06472110359404,83.11702680299379
ZAINA-679-G_011_jpg.rf.5f57ef6c944be100b1ea7d06649ae4ae_r1c0.jpg,TP,27,5,0.8219022356953392,2181,2627,25.135639969124995,30.27571123287087
ZAINA-679-G_011_jpg.rf.5f57ef6c944be100b1ea7d06649ae4ae_r1c0.jpg,TP,8,30,0.8202211690363349,2632,3129,30.333335350177435,36.061172610450306
ZAINA-679-G_011_jpg.rf.5f57ef6c944be100b1ea7d06649ae4ae_r1c0.jpg,TP,22,28,0.8054670262319196,6627,8102,76.37500507812533,93.37411968356291
ZAINA-679-G_011_jpg.rf.5f57ef6c944be100b1ea7d06649ae4ae_r1c0.jpg,TP,24,11,0.8026192703461179,5158,6404,59.44503941345563,73.8049694462524
ZAINA-679-G_011_jpg.rf.5f57ef6c944be100b1ea7d06649ae4ae_r1c0.jpg,TP,28,7,0.8019771393265369,2600,3233,29.9645409994154,37.25975425042692
ZAINA-679-G_011_jpg.rf.5f57ef6c944be100b1ea7d06649ae4ae_r1c0.jpg,TP,9,21,0.7812828601472135,2229,2853,25.68883149526805,32.880321335127746
ZAINA-679-G_011_jpg.rf.5f57ef6c944be100b1ea7d06649ae4ae_r1c0.jpg,TP,10,18,0.7638475282906492,2565,3358,29.561172178269423,38.70035718309112
ZAINA-679-G_011_jpg.rf.5f57ef6c944be100b1ea7d06649ae4ae_r1c0.jpg,TP,11,1,0.7572391907973026,3884,4976,44.762414323742085,57.347521543496555
ZAINA-679-G_011_jpg.rf.5f57ef6c944be100b1ea7d06649ae4ae_r1c0.jpg,TP,12,20,0.7540983606557377,1473,1951,16.976064958514957,22.484930573022865
ZAINA-679-G_011_jpg.rf.5f57ef6c944be100b1ea7d06649ae4ae_r1c0.jpg,TP,25,22,0.752927842840952,1993,2647,22.968973158398036,30.50620770209714
ZAINA-679-G_011_jpg.rf.5f57ef6c944be100b1ea7d06649ae4ae_r1c0.jpg,TP,20,15,0.7498082331884428,5931,7756,68.35372794905105,89.38653076594841
ZAINA-679-G_011_jpg.rf.5f57ef6c944be100b1ea7d06649ae4ae_r1c0.jpg,TP,26,19,0.7478128565994675,1973,2622,22.738476689171765,30.218087115564302
ZAINA-679-G_011_jpg.rf.5f57ef6c944be100b1ea7d06649ae4ae_r1c0.jpg,TP,3,13,0.727042431918936,2297,3157,26.472519490637374,36.383867667367085
ZAINA-679-G_011_jpg.rf.5f57ef6c944be100b1ea7d06649ae4ae_r1c0.jpg,TP,29,34,0.6540702513733977,3929,6007,45.281031379501194,69.22961453211089
ZAINA-679-G_011_jpg.rf.5f57ef6c944be100b1ea7d06649ae4ae_r1c0.jpg,TP,39,4,0.6447433981066268,1294,2007,14.91312155893982,23.130320686856425
ZAINA-679-G_011_jpg.rf.5f57ef6c944be100b1ea7d06649ae4ae_r1c0.jpg,FP,7,-1,0.0,0,15935,0.0,183.64806185603246
ZAINA-679-G_011_jpg.rf.5f57ef6c944be100b1ea7d06649ae4ae_r1c0.jpg,FP,19,-1,0.0,0,8492,0.0,97.86880083347522
ZAINA-679-G_011_jpg.rf.5f57ef6c944be100b1ea7d06649ae4ae_r1c0.jpg,FP,21,-1,0.0,0,10384,0.0,119.67376682228058
ZAINA-679-G_011_jpg.rf.5f57ef6c944be100b1ea7d06649ae4ae_r1c0.jpg,FP,23,-1,0.0,0,8361,0.0,96.35904896004314
ZAINA-679-G_011_jpg.rf.5f57ef6c944be100b1ea7d06649ae4ae_r1c0.jpg,FP,30,-1,0.0,0,2468,0.0,28.443264302522003
ZAINA-679-G_011_jpg.rf.5f57ef6c944be100b1ea7d06649ae4ae_r1c0.jpg,FP,31,-1,0.0,0,882,0.0,10.164894292878609
ZAINA-679-G_011_jpg.rf.5f57ef6c944be100b1ea7d06649ae4ae_r1c0.jpg,FP,35,-1,0.0,0,4902,0.0,56.494684607359346
ZAINA-679-G_011_jpg.rf.5f57ef6c944be100b1ea7d06649ae4ae_r1c0.jpg,FP,36,-1,0.0,0,3871,0.0,44.61259161874501
ZAINA-679-G_011_jpg.rf.5f57ef6c944be100b1ea7d06649ae4ae_r1c0.jpg,FN,-1,6,0.0,11702,0,134.86348414429193,0.0
ZAINA-679-G_011_jpg.rf.5f57ef6c944be100b1ea7d06649ae4ae_r1c0.jpg,FN,-1,12,0.0,3271,0,37.697697541956835,0.0
ZAINA-679-G_011_jpg.rf.5f57ef6c944be100b1ea7d06649ae4ae_r1c0.jpg,FN,-1,26,0.0,27536,0,317.3475388307317,0.0
ZAINA-679-G_011_jpg.rf.5f57ef6c944be100b1ea7d06649ae4ae_r1c0.jpg,FN,-1,35,0.0,2402,0,27.682625954075306,0.0
ZAINA-679-G_011_jpg.rf.5f57ef6c944be100b1ea7d06649ae4ae_r1c1.jpg,TP,18,20,0.928005284015852,1418,1501,16.342199668142708,17.298760015431736
ZAINA-679-G_011_jpg.rf.5f57ef6c944be100b1ea7d06649ae4ae_r1c1.jpg,TP,2,17,0.8862265415549598,5403,5854,62.26862116147747,67.46631654252991
ZAINA-679-G_011_jpg.rf.5f57ef6c944be100b1ea7d06649ae4ae_r1c1.jpg,TP,3,8,0.8722275283879869,8219,9423,94.72252402853661,108.5984114759582
ZAINA-679-G_011_jpg.rf.5f57ef6c944be100b1ea7d06649ae4ae_r1c1.jpg,TP,15,7,0.8654266958424508,4994,5236,57.5549683658002,60.34397564343809
ZAINA-679-G_011_jpg.rf.5f57ef6c944be100b1ea7d06649ae4ae_r1c1.jpg,TP,4,2,0.8506719761075162,3451,3985,39.77216576499329,45.92642149333476
ZAINA-679-G_011_jpg.rf.5f57ef6c944be100b1ea7d06649ae4ae_r1c1.jpg,TP,7,9,0.8433264415345738,3696,4328,42.59574751301513,49.87943594056533
ZAINA-679-G_011_jpg.rf.5f57ef6c944be100b1ea7d06649ae4ae_r1c1.jpg,TP,6,16,0.8299089726918075,3207,3829,36.96010884043277,44.128549033369836
ZAINA-679-G_011_jpg.rf.5f57ef6c944be100b1ea7d06649ae4ae_r1c1.jpg,TP,13,11,0.8282887077997672,1424,1717,16.41134860891059,19.78812188307548
ZAINA-679-G_011_jpg.rf.5f57ef6c944be100b1ea7d06649ae4ae_r1c1.jpg,TP,1,18,0.8250634137999829,32064,31972,369.53193946355975,368.4716557051189
ZAINA-679-G_011_jpg.rf.5f57ef6c944be100b1ea7d06649ae4ae_r1c1.jpg,TP,5,5,0.8225688073394496,4487,5446,51.711882870914195,62.764188570313955
ZAINA-679-G_011_jpg.rf.5f57ef6c944be100b1ea7d06649ae4ae_r1c1.jpg,TP,8,3,0.8204562178072112,3345,4077,38.55053447809404,46.98670525177561
ZAINA-679-G_011_jpg.rf.5f57ef6c944be100b1ea7d06649ae4ae_r1c1.jpg,TP,0,13,0.8201561391057488,5790,7033,66.72872784100583,81.05408340341866
ZAINA-679-G_011_jpg.rf.5f57ef6c944be100b1ea7d06649ae4ae_r1c1.jpg,TP,12,10,0.7922106660765657,3582,4517,41.28191763842537,52.0576275747536
ZAINA-679-G_011_jpg.rf.5f57ef6c944be100b1ea7d06649ae4ae_r1c1.jpg,TP,17,12,0.7844748858447489,1721,2187,19.83422117692073,25.204788909892876
ZAINA-679-G_011_jpg.rf.5f57ef6c944be100b1ea7d06649ae4ae_r1c1.jpg,TP,9,6,0.7785827484718134,3439,4417,39.633867883457526,50.90514522862224
ZAINA-679-G_011_jpg.rf.5f57ef6c944be100b1ea7d06649ae4ae_r1c1.jpg,TP,10,0,0.7393939393939394,2108,2771,24.2943278564491,31.93528581130003
ZAINA-679-G_011_jpg.rf.5f57ef6c944be100b1ea7d06649ae4ae_r1c1.jpg,TP,16,4,0.5792891319207109,1811,2810,20.87145528843896,32.38475392629126
ZAINA-679-G_011_jpg.rf.5f57ef6c944be100b1ea7d06649ae4ae_r1c1.jpg,TP,20,1,0.5417867435158501,605,1000,6.972518194094738,11.524823461313616
ZAINA-679-G_011_jpg.rf.5f57ef6c944be100b1ea7d06649ae4ae_r1c1.jpg,TP,21,14,0.5280966565146089,58772,32544,677.3369244683238,375.06385472499034
ZAINA-679-G_011_jpg.rf.5f57ef6c944be100b1ea7d06649ae4ae_r1c1.jpg,FP,11,-1,0.0,0,7666,0.0,88.34929665443018
ZAINA-679-G_011_jpg.rf.5f57ef6c944be100b1ea7d06649ae4ae_r1c1.jpg,FP,14,-1,0.0,0,4113,0.0,47.4015988963829
ZAINA-679-G_011_jpg.rf.5f57ef6c944be100b1ea7d06649ae4ae_r1c1.jpg,FP,19,-1,0.0,0,8616,0.0,99.29787894267811
ZAINA-679-G_011_jpg.rf.5f57ef6c944be100b1ea7d06649ae4ae_r1c1.jpg,FN,-1,15,0.0,15274,0,176.03015354810418,0.0
ZAINA-679-G_011_jpg.rf.5f57ef6c944be100b1ea7d06649ae4ae_r1c1.jpg,FN,-1,19,0.0,6290,0,72.49113957166264,0.0
ZAINA-679-G_011_jpg.rf.5f57ef6c944be100b1ea7d06649ae4ae_r1c2.jpg,TP,4,5,0.8674859738177932,16874,18076,194.46987108620596,208.32270888670493
ZAINA-679-G_011_jpg.rf.5f57ef6c944be100b1ea7d06649ae4ae_r1c2.jpg,TP,1,3,0.8544015351403215,3582,4149,41.28191763842537,47.81649254099019
ZAINA-679-G_011_jpg.rf.5f57ef6c944be100b1ea7d06649ae4ae_r1c2.jpg,TP,0,4,0.8542688910696762,5223,6114,60.194152938441015,70.46277064247144
ZAINA-679-G_011_jpg.rf.5f57ef6c944be100b1ea7d06649ae4ae_r1c2.jpg,TP,6,1,0.8239331884223773,22086,25743,254.53725096657251,296.68353036459644
ZAINA-679-G_011_jpg.rf.5f57ef6c944be100b1ea7d06649ae4ae_r1c2.jpg,TP,5,6,0.6703573225968797,5679,4278,65.44947243680002,49.30319476749965
ZAINA-679-G_011_jpg.rf.5f57ef6c944be100b1ea7d06649ae4ae_r1c2.jpg,TP,9,7,0.6006207966890843,4644,7732,53.52128015434043,89.10993500287688
ZAINA-679-G_011_jpg.rf.5f57ef6c944be100b1ea7d06649ae4ae_r1c2.jpg,FP,2,-1,0.0,0,3305,0.0,38.0895415396415
ZAINA-679-G_011_jpg.rf.5f57ef6c944be100b1ea7d06649ae4ae_r1c2.jpg,FP,3,-1,0.0,0,15966,0.0,184.00533138333319
ZAINA-679-G_011_jpg.rf.5f57ef6c944be100b1ea7d06649ae4ae_r1c2.jpg,FP,7,-1,0.0,0,12079,0.0,139.20834258920718
ZAINA-679-G_011_jpg.rf.5f57ef6c944be100b1ea7d06649ae4ae_r1c2.jpg,FP,8,-1,0.0,0,19198,0.0,221.2535608102988
ZAINA-679-G_011_jpg.rf.5f57ef6c944be100b1ea7d06649ae4ae_r1c2.jpg,FP,10,-1,0.0,0,7515,0.0,86.60904831177183
ZAINA-679-G_011_jpg.rf.5f57ef6c944be100b1ea7d06649ae4ae_r1c2.jpg,FN,-1,0,0.0,76565,0,882.398108315477,0.0
ZAINA-679-G_011_jpg.rf.5f57ef6c944be100b1ea7d06649ae4ae_r1c2.jpg,FN,-1,2,0.0,43635,0,502.88567173441965,0.0
ZAINA-679-G_011_jpg.rf.5f57ef6c944be100b1ea7d06649ae4ae_r2c0.jpg,TP,1,5,0.8967915638321741,4072,4382,46.929081134469044,50.501776407476264
ZAINA-679-G_011_jpg.rf.5f57ef6c944be100b1ea7d06649ae4ae_r2c0.jpg,TP,0,4,0.8691666666666666,4415,4557,50.882095581699616,52.518620513206145
ZAINA-679-G_011_jpg.rf.5f57ef6c944be100b1ea7d06649ae4ae_r2c0.jpg,TP,3,0,0.8341187558906692,5508,6168,63.47872762491539,71.08511110938238
ZAINA-679-G_011_jpg.rf.5f57ef6c944be100b1ea7d06649ae4ae_r2c0.jpg,TP,5,1,0.8156267566048342,2920,3540,33.65248450703576,40.7978750530502
ZAINA-679-G_011_jpg.rf.5f57ef6c944be100b1ea7d06649ae4ae_r2c0.jpg,TP,7,2,0.815028901734104,3108,3800,35.81915131776272,43.79432915299174
ZAINA-679-G_011_jpg.rf.5f57ef6c944be100b1ea7d06649ae4ae_r2c0.jpg,TP,4,6,0.7861702127659574,2961,3755,34.125002268949615,43.27571209723263
ZAINA-679-G_011_jpg.rf.5f57ef6c944be100b1ea7d06649ae4ae_r2c0.jpg,TP,2,7,0.7827706057596823,6468,7894,74.54255814777646,90.97695640360968
ZAINA-679-G_011_jpg.rf.5f57ef6c944be100b1ea7d06649ae4ae_r2c0.jpg,TP,6,3,0.75825946817083,943,1239,10.86790852401874,14.27925626856757
ZAINA-679-G_011_jpg.rf.5f57ef6c944be100b1ea7d06649ae4ae_r2c1.jpg,TP,8,0,0.9222959781335416,2363,2560,27.233157839084075,29.503548060962856
ZAINA-679-G_011_jpg.rf.5f57ef6c944be100b1ea7d06649ae4ae_r2c1.jpg,TP,6,6,0.8859993952222558,5924,6550,68.27305418482186,75.48759367160419
ZAINA-679-G_011_jpg.rf.5f57ef6c944be100b1ea7d06649ae4ae_r2c1.jpg,TP,16,4,0.8533623827616441,33042,36713,380.80321680872447,423.1108437352068
ZAINA-679-G_011_jpg.rf.5f57ef6c944be100b1ea7d06649ae4ae_r2c1.jpg,TP,1,11,0.8507128772940998,23393,25414,269.6001952305094,292.89186344582424
ZAINA-679-G_011_jpg.rf.5f57ef6c944be100b1ea7d06649ae4ae_r2c1.jpg,TP,5,9,0.8370677731673583,3031,3610,34.93173991124157,41.604612695342155
ZAINA-679-G_011_jpg.rf.5f57ef6c944be100b1ea7d06649ae4ae_r2c1.jpg,TP,0,3,0.8348755675613541,15291,16634,176.2260755469465,191.7039134554907
ZAINA-679-G_011_jpg.rf.5f57ef6c944be100b1ea7d06649ae4ae_r2c1.jpg,TP,11,7,0.8101233299075026,3153,3892,36.33776837352183,44.85461291143259
ZAINA-679-G_011_jpg.rf.5f57ef6c944be100b1ea7d06649ae4ae_r2c1.jpg,TP,3,2,0.8060534822215693,2743,3403,31.61259075438325,39.21897423885024
ZAINA-679-G_011_jpg.rf.5f57ef6c944be100b1ea7d06649ae4ae_r2c1.jpg,TP,7,10,0.8000233481204763,7198,8221,82.95567927453541,94.74557367545924
ZAINA-679-G_011_jpg.rf.5f57ef6c944be100b1ea7d06649ae4ae_r2c1.jpg,TP,4,8,0.7754077791718946,3708,4782,42.73404539455089,55.11170579200171
ZAINA-679-G_011_jpg.rf.5f57ef6c944be100b1ea7d06649ae4ae_r2c1.jpg,TP,2,5,0.7753956100051046,3046,3910,35.10461226316127,45.06205973373624
ZAINA-679-G_011_jpg.rf.5f57ef6c944be100b1ea7d06649ae4ae_r2c1.jpg,TP,14,1,0.5741463414634146,5841,3840,67.31649383753283,44.255322091444285
ZAINA-679-G_011_jpg.rf.5f57ef6c944be100b1ea7d06649ae4ae_r2c1.jpg,FP,9,-1,0.0,0,23952,0.0,276.04257154538374
ZAINA-679-G_011_jpg.rf.5f57ef6c944be100b1ea7d06649ae4ae_r2c1.jpg,FP,10,-1,0.0,0,9774,0.0,112.64362451087928
ZAINA-679-G_011_jpg.rf.5f57ef6c944be100b1ea7d06649ae4ae_r2c1.jpg,FP,12,-1,0.0,0,9866,0.0,113.70390826932014
ZAINA-679-G_011_jpg.rf.5f57ef6c944be100b1ea7d06649ae4ae_r2c1.jpg,FP,13,-1,0.0,0,9821,0.0,113.18529121356102
ZAINA-679-G_011_jpg.rf.5f57ef6c944be100b1ea7d06649ae4ae_r2c1.jpg,FP,15,-1,0.0,0,8657,0.0,99.77039670459197
ZAINA-679-G_011_jpg.rf.5f57ef6c944be100b1ea7d06649ae4ae_r2c1.jpg,FN,-1,12,0.0,3731,0,42.9991163341611,0.0
ZAINA-679-G_011_jpg.rf.5f57ef6c944be100b1ea7d06649ae4ae_r2c1.jpg,FN,-1,13,0.0,29917,0,344.78814349211945,0.0
ZAINA-679-G_011_jpg.rf.5f57ef6c944be100b1ea7d06649ae4ae_r2c2.jpg,TP,5,27,0.8699077897054776,26483,27864,305.21189972596846,321.1276809260426
ZAINA-679-G_011_jpg.rf.5f57ef6c944be100b1ea7d06649ae4ae_r2c2.jpg,TP,8,16,0.8683025314489827,17344,18746,199.88653811302336,216.04434060578504
ZAINA-679-G_011_jpg.rf.5f57ef6c944be100b1ea7d06649ae4ae_r2c2.jpg,TP,26,6,0.8589447130544461,4093,4750,47.171102427156626,54.74291144123968
ZAINA-679-G_011_jpg.rf.5f57ef6c944be100b1ea7d06649ae4ae_r2c2.jpg,TP,13,18,0.8558890147225368,3034,3521,34.96631438162551,40.57890340728524
ZAINA-679-G_011_jpg.rf.5f57ef6c944be100b1ea7d06649ae4ae_r2c2.jpg,TP,17,24,0.8549382716049383,20426,21043,235.4060440207919,242.51686009642242
ZAINA-679-G_011_jpg.rf.5f57ef6c944be100b1ea7d06649ae4ae_r2c2.jpg,TP,19,7,0.8497224425059476,8672,9988,99.94326905651168,115.1099367316004
ZAINA-679-G_011_jpg.rf.5f57ef6c944be100b1ea7d06649ae4ae_r2c2.jpg,TP,1,15,0.84857401539158,7498,8836,86.41312631292949,101.8333401041671
ZAINA-679-G_011_jpg.rf.5f57ef6c944be100b1ea7d06649ae4ae_r2c2.jpg,TP,3,14,0.8421605716687683,4007,4758,46.17996760948366,54.83511002893018
ZAINA-679-G_011_jpg.rf.5f57ef6c944be100b1ea7d06649ae4ae_r2c2.jpg,TP,20,5,0.8412904341809375,21557,21021,248.44061935553762,242.26331398027352
ZAINA-679-G_011_jpg.rf.5f57ef6c944be100b1ea7d06649ae4ae_r2c2.jpg,TP,21,17,0.838950097213221,7832,9193,90.26241734900825,105.94770207985607
ZAINA-679-G_011_jpg.rf.5f57ef6c944be100b1ea7d06649ae4ae_r2c2.jpg,TP,6,11,0.8377097476623543,6540,7807,75.37234543699105,89.9742967624754
ZAINA-679-G_011_jpg.rf.5f57ef6c944be100b1ea7d06649ae4ae_r2c2.jpg,TP,11,23,0.8328727036254268,5256,6018,60.57447211266437,69.35638759018534
ZAINA-679-G_011_jpg.rf.5f57ef6c944be100b1ea7d06649ae4ae_r2c2.jpg,TP,4,26,0.832676469788807,33146,34280,382.0017984487011,395.07094825383075
ZAINA-679-G_011_jpg.rf.5f57ef6c944be100b1ea7d06649ae4ae_r2c2.jpg,TP,2,0,0.8205828779599271,3604,4392,41.53546375457427,50.6170246420894
ZAINA-679-G_011_jpg.rf.5f57ef6c944be100b1ea7d06649ae4ae_r2c2.jpg,TP,18,19,0.8116883116883117,887,1066,10.222518410185177,12.285461809760314
ZAINA-679-G_011_jpg.rf.5f57ef6c944be100b1ea7d06649ae4ae_r2c2.jpg,TP,0,3,0.8092905672302101,5122,6329,59.03014576884834,72.94060768665388
ZAINA-679-G_011_jpg.rf.5f57ef6c944be100b1ea7d06649ae4ae_r2c2.jpg,TP,7,4,0.771858479056527,3801,4913,43.80585397645305,56.621457665433795
ZAINA-679-G_011_jpg.rf.5f57ef6c944be100b1ea7d06649ae4ae_r2c2.jpg,TP,23,8,0.7552152099287035,3787,2860,43.644506447994665,32.96099509935694
ZAINA-679-G_011_jpg.rf.5f57ef6c944be100b1ea7d06649ae4ae_r2c2.jpg,TP,14,25,0.646641074856046,3369,5210,38.82713024116557,60.04433023344394
ZAINA-679-G_011_jpg.rf.5f57ef6c944be100b1ea7d06649ae4ae_r2c2.jpg,TP,24,1,0.6358862442883448,13602,10385,156.7606487207878,119.6852916457419
ZAINA-679-G_011_jpg.rf.5f57ef6c944be100b1ea7d06649ae4ae_r2c2.jpg,TP,25,21,0.553300247216491,49966,33600,575.8493290679961,387.2340683001375
ZAINA-679-G_011_jpg.rf.5f57ef6c944be100b1ea7d06649ae4ae_r2c2.jpg,FP,9,-1,0.0,0,7571,0.0,87.25443842560539
ZAINA-679-G_011_jpg.rf.5f57ef6c944be100b1ea7d06649ae4ae_r2c2.jpg,FP,10,-1,0.0,0,7934,0.0,91.43794934206223
ZAINA-679-G_011_jpg.rf.5f57ef6c944be100b1ea7d06649ae4ae_r2c2.jpg,FP,12,-1,0.0,0,33721,0.0,388.62857193895644
ZAINA-679-G_011_jpg.rf.5f57ef6c944be100b1ea7d06649ae4ae_r2c2.jpg,FP,15,-1,0.0,0,6093,0.0,70.22074934978386
ZAINA-679-G_011_jpg.rf.5f57ef6c944be100b1ea7d06649ae4ae_r2c2.jpg,FP,16,-1,0.0,0,12927,0.0,148.98139288440112
ZAINA-679-G_011_jpg.rf.5f57ef6c944be100b1ea7d06649ae4ae_r2c2.jpg,FP,22,-1,0.0,0,11913,0.0,137.2952218946291
ZAINA-679-G_011_jpg.rf.5f57ef6c944be100b1ea7d06649ae4ae_r2c2.jpg,FN,-1,2,0.0,4975,0,57.33599672003524,0.0
ZAINA-679-G_011_jpg.rf.5f57ef6c944be100b1ea7d06649ae4ae_r2c2.jpg,FN,-1,9,0.0,14371,0,165.62323796253798,0.0
ZAINA-679-G_011_jpg.rf.5f57ef6c944be100b1ea7d06649ae4ae_r2c2.jpg,FN,-1,10,0.0,14360,0,165.49646490446352,0.0
ZAINA-679-G_011_jpg.rf.5f57ef6c944be100b1ea7d06649ae4ae_r2c2.jpg,FN,-1,12,0.0,4933,0,56.85195413466007,0.0
ZAINA-679-G_011_jpg.rf.5f57ef6c944be100b1ea7d06649ae4ae_r2c2.jpg,FN,-1,13,0.0,5248,0,60.482273524973856,0.0
ZAINA-679-G_011_jpg.rf.5f57ef6c944be100b1ea7d06649ae4ae_r2c2.jpg,FN,-1,20,0.0,744,0,8.57446865521733,0.0
ZAINA-679-G_011_jpg.rf.5f57ef6c944be100b1ea7d06649ae4ae_r2c2.jpg,FN,-1,22,0.0,14773,0,170.25621699398604,0.0
ZAINA-679-G_011_jpg.rf.5f57ef6c944be100b1ea7d06649ae4ae_r2c2.jpg,FN,-1,28,0.0,842,0,9.703901354426064,0.0
ZAINA-679-G_012_jpg.rf.435fdf30ec5d45e87c3d9429f66f572f_r0c0.jpg,TP,0,0,0.5375408052230686,37979,24193,437.70127023722983,278.8200539995603
ZAINA-679-G_012_jpg.rf.435fdf30ec5d45e87c3d9429f66f572f_r0c0.jpg,FP,1,-1,0.0,0,15100,0.0,174.0248342658356
ZAINA-679-G_012_jpg.rf.435fdf30ec5d45e87c3d9429f66f572f_r0c1.jpg,TP,2,5,0.8743355357941279,38108,37349,439.18797246373924,430.44063145660226
ZAINA-679-G_012_jpg.rf.435fdf30ec5d45e87c3d9429f66f572f_r0c1.jpg,TP,0,0,0.8528214229785457,32690,38299,376.7464789503421,441.38921374485017
ZAINA-679-G_012_jpg.rf.435fdf30ec5d45e87c3d9429f66f572f_r0c1.jpg,TP,4,7,0.8376166547020818,6362,6437,73.32092686087722,74.18528862047575
ZAINA-679-G_012_jpg.rf.435fdf30ec5d45e87c3d9429f66f572f_r0c1.jpg,TP,1,1,0.8340857787810384,15519,18606,178.853735296126,214.43086532120114
ZAINA-679-G_012_jpg.rf.435fdf30ec5d45e87c3d9429f66f572f_r0c1.jpg,TP,3,6,0.8129142772026514,11036,13306,127.18795171905707,153.34930097623896
ZAINA-679-G_012_jpg.rf.435fdf30ec5d45e87c3d9429f66f572f_r0c1.jpg,TP,5,2,0.7881657647393905,11159,13954,128.60550500479863,160.8173865791702
ZAINA-679-G_012_jpg.rf.435fdf30ec5d45e87c3d9429f66f572f_r0c1.jpg,TP,6,8,0.6382552404438965,16861,25655,194.32004838120886,295.6693459000008
ZAINA-679-G_012_jpg.rf.435fdf30ec5d45e87c3d9429f66f572f_r0c1.jpg,FP,7,-1,0.0,0,10348,0.0,119.2588731776733
ZAINA-679-G_012_jpg.rf.435fdf30ec5d45e87c3d9429f66f572f_r0c1.jpg,FP,8,-1,0.0,0,28944,0.0,333.57449026426127
ZAINA-679-G_012_jpg.rf.435fdf30ec5d45e87c3d9429f66f572f_r0c1.jpg,FN,-1,3,0.0,27127,0,312.63388603505445,0.0
ZAINA-679-G_012_jpg.rf.435fdf30ec5d45e87c3d9429f66f572f_r0c1.jpg,FN,-1,4,0.0,6496,0,74.86525320469325,0.0
ZAINA-679-G_012_jpg.rf.435fdf30ec5d45e87c3d9429f66f572f_r0c2.jpg,TP,0,8,0.9261300223214286,41125,41714,473.95836484652244,480.7464858652362
ZAINA-679-G_012_jpg.rf.435fdf30ec5d45e87c3d9429f66f572f_r0c2.jpg,TP,11,5,0.9072747497219132,22304,20562,257.0496624811389,236.97342001153058
ZAINA-679-G_012_jpg.rf.435fdf30ec5d45e87c3d9429f66f572f_r0c2.jpg,TP,9,1,0.8982325172905917,8202,9089,94.52660202969427,104.74912043987945
ZAINA-679-G_012_jpg.rf.435fdf30ec5d45e87c3d9429f66f572f_r0c2.jpg,TP,1,2,0.8854961832061069,11490,12963,132.42022157049345,149.3962865290084
ZAINA-679-G_012_jpg.rf.435fdf30ec5d45e87c3d9429f66f572f_r0c2.jpg,TP,7,0,0.8591969139049623,26899,26116,310.00622628587496,300.98228951566637
ZAINA-679-G_012_jpg.rf.435fdf30ec5d45e87c3d9429f66f572f_r0c2.jpg,TP,17,9,0.8175526290493127,8505,10403,98.0186235384723,119.89273846804555
ZAINA-679-G_012_jpg.rf.435fdf30ec5d45e87c3d9429f66f572f_r0c2.jpg,TP,13,4,0.6725283313794451,1743,2537,20.087767293069632,29.238477121352645
ZAINA-679-G_012_jpg.rf.435fdf30ec5d45e87c3d9429f66f572f_r0c2.jpg,TP,14,7,0.6568637053724472,80062,55264,922.7004159596908,636.9078437660356
ZAINA-679-G_012_jpg.rf.435fdf30ec5d45e87c3d9429f66f572f_r0c2.jpg,TP,10,10,0.5839192998071503,31056,22330,357.91491741455565,257.34930789113304
ZAINA-679-G_012_jpg.rf.435fdf30ec5d45e87c3d9429f66f572f_r0c2.jpg,TP,15,3,0.5811176760216642,15099,10591,174.0133094423743,122.0594052787725
ZAINA-679-G_012_jpg.rf.435fdf30ec5d45e87c3d9429f66f572f_r0c2.jpg,FP,2,-1,0.0,0,14113,0.0,162.64983350951906
ZAINA-679-G_012_jpg.rf.435fdf30ec5d45e87c3d9429f66f572f_r0c2.jpg,FP,3,-1,0.0,0,61863,0.0,712.9601537872442
ZAINA-679-G_012_jpg.rf.435fdf30ec5d45e87c3d9429f66f572f_r0c2.jpg,FP,4,-1,0.0,0,4820,0.0,55.54964908353163
ZAINA-679-G_012_jpg.rf.435fdf30ec5d45e87c3d9429f66f572f_r0c2.jpg,FP,5,-1,0.0,0,6087,0.0,70.15160040901598
ZAINA-679-G_012_jpg.rf.435fdf30ec5d45e87c3d9429f66f572f_r0c2.jpg,FP,6,-1,0.0,0,12989,0.0,149.69593193900255
ZAINA-679-G_012_jpg.rf.435fdf30ec5d45e87c3d9429f66f572f_r0c2.jpg,FP,8,-1,0.0,0,17068,0.0,196.7056868377008
ZAINA-679-G_012_jpg.rf.435fdf30ec5d45e87c3d9429f66f572f_r0c2.jpg,FP,12,-1,0.0,0,6069,0.0,69.94415358671233
ZAINA-679-G_012_jpg.rf.435fdf30ec5d45e87c3d9429f66f572f_r0c2.jpg,FP,16,-1,0.0,0,766,0.0,8.82801477136623
ZAINA-679-G_012_jpg.rf.435fdf30ec5d45e87c3d9429f66f572f_r0c2.jpg,FP,18,-1,0.0,0,23576,0.0,271.70923792392983
ZAINA-679-G_012_jpg.rf.435fdf30ec5d45e87c3d9429f66f572f_r0c2.jpg,FP,19,-1,0.0,0,59757,0.0,688.6888755777178
ZAINA-679-G_012_jpg.rf.435fdf30ec5d45e87c3d9429f66f572f_r0c2.jpg,FN,-1,6,0.0,37998,0,437.9202418829948,0.0
ZAINA-679-G_012_jpg.rf.435fdf30ec5d45e87c3d9429f66f572f_r0c2.jpg,FN,-1,11,0.0,15526,0,178.9344090603552,0.0
ZAINA-679-G_012_jpg.rf.435fdf30ec5d45e87c3d9429f66f572f_r0c2.jpg,FN,-1,12,0.0,73057,0,841.9690276131888,0.0
ZAINA-679-G_012_jpg.rf.435fdf30ec5d45e87c3d9429f66f572f_r0c2.jpg,FN,-1,13,0.0,10955,0,126.25444101869066,0.0
ZAINA-679-G_012_jpg.rf.435fdf30ec5d45e87c3d9429f66f572f_r1c0.jpg,TP,5,10,0.9148967881362248,12570,13126,144.86703090871214,151.27483275320253
ZAINA-679-G_012_jpg.rf.435fdf30ec5d45e87c3d9429f66f572f_r1c0.jpg,TP,7,7,0.8880983182406209,6922,7673,79.77482799921285,88.42997041865938
ZAINA-679-G_012_jpg.rf.435fdf30ec5d45e87c3d9429f66f572f_r1c0.jpg,TP,11,3,0.8760655737704918,6761,7544,77.91933142194135,86.94326819214992
ZAINA-679-G_012_jpg.rf.435fdf30ec5d45e87c3d9429f66f572f_r1c0.jpg,TP,2,1,0.8663354808662579,11201,12843,129.08954759017382,148.01330771365076
ZAINA-679-G_012_jpg.rf.435fdf30ec5d45e87c3d9429f66f572f_r1c0.jpg,TP,4,9,0.8651003904071388,26581,26925,306.3413324251772,310.3058716958691
ZAINA-679-G_012_jpg.rf.435fdf30ec5d45e87c3d9429f66f572f_r1c0.jpg,TP,0,11,0.8607313938544222,7367,8559,84.90337443949741,98.64096400538324
ZAINA-679-G_012_jpg.rf.435fdf30ec5d45e87c3d9429f66f572f_r1c0.jpg,TP,1,6,0.804242541650523,8303,10324,95.69060919928695,118.98227741460177
ZAINA-679-G_012_jpg.rf.435fdf30ec5d45e87c3d9429f66f572f_r1c0.jpg,TP,6,4,0.8016611551180497,10476,12951,120.73405058072144,149.25798864747264
ZAINA-679-G_012_jpg.rf.435fdf30ec5d45e87c3d9429f66f572f_r1c0.jpg,TP,3,0,0.7690456785811309,39632,51534,456.7518034187812,593.9202522553359
ZAINA-679-G_012_jpg.rf.435fdf30ec5d45e87c3d9429f66f572f_r1c0.jpg,TP,8,5,0.6662819455894476,11405,8807,131.44061157628178,101.49912022378902
ZAINA-679-G_012_jpg.rf.435fdf30ec5d45e87c3d9429f66f572f_r1c0.jpg,TP,10,8,0.5430281728815421,17320,10777,199.60994234995184,124.20302244257684
ZAINA-679-G_012_jpg.rf.435fdf30ec5d45e87c3d9429f66f572f_r1c0.jpg,FP,9,-1,0.0,0,3746,0.0,43.1719886860808
ZAINA-679-G_012_jpg.rf.435fdf30ec5d45e87c3d9429f66f572f_r1c0.jpg,FN,-1,2,0.0,8426,0,97.10816248502853,0.0
ZAINA-679-G_012_jpg.rf.435fdf30ec5d45e87c3d9429f66f572f_r1c0.jpg,FN,-1,12,0.0,12362,0,142.46986762875892,0.0
ZAINA-679-G_012_jpg.rf.435fdf30ec5d45e87c3d9429f66f572f_r1c0.jpg,FN,-1,13,0.0,13733,0,158.2704005942199,0.0
ZAINA-679-G_012_jpg.rf.435fdf30ec5d45e87c3d9429f66f572f_r1c1.jpg,TP,4,18,0.9401607112326893,5508,5840,63.47872762491539,67.30496901407152
ZAINA-679-G_012_jpg.rf.435fdf30ec5d45e87c3d9429f66f572f_r1c1.jpg,TP,9,7,0.9229314420803783,8228,8040,94.82624743968843,92.65958062896146
ZAINA-679-G_012_jpg.rf.435fdf30ec5d45e87c3d9429f66f572f_r1c1.jpg,TP,10,13,0.8909954881443793,18702,20695,215.53724837348724,238.50622153188527
ZAINA-679-G_012_jpg.rf.435fdf30ec5d45e87c3d9429f66f572f_r1c1.jpg,TP,15,3,0.8781284004352558,3258,3646,37.54787483695976,42.019506339949444
ZAINA-679-G_012_jpg.rf.435fdf30ec5d45e87c3d9429f66f572f_r1c1.jpg,TP,7,14,0.8669040730024482,4000,4388,46.099293845254465,50.570925348244145
ZAINA-679-G_012_jpg.rf.435fdf30ec5d45e87c3d9429f66f572f_r1c1.jpg,TP,13,16,0.8599706744868035,4727,5421,54.47784050162946,62.476067983781114
ZAINA-679-G_012_jpg.rf.435fdf30ec5d45e87c3d9429f66f572f_r1c1.jpg,TP,3,4,0.8593548387096774,4779,5308,55.07713132161777,61.17376293265267
ZAINA-679-G_012_jpg.rf.435fdf30ec5d45e87c3d9429f66f572f_r1c1.jpg,TP,6,12,0.8387999423049185,29235,34507,336.92821389150356,397.68708317954895
ZAINA-679-G_012_jpg.rf.435fdf30ec5d45e87c3d9429f66f572f_r1c1.jpg,TP,12,6,0.8272357723577236,3663,4428,42.215428338791774,51.031918286696694
ZAINA-679-G_012_jpg.rf.435fdf30ec5d45e87c3d9429f66f572f_r1c1.jpg,TP,5,8,0.827184003808617,3475,4201,40.048761528064816,48.4157833609785
ZAINA-679-G_012_jpg.rf.435fdf30ec5d45e87c3d9429f66f572f_r1c1.jpg,TP,0,23,0.8254379762746484,11463,11773,132.10905133703798,135.6817466100452
ZAINA-679-G_012_jpg.rf.435fdf30ec5d45e87c3d9429f66f572f_r1c1.jpg,TP,11,5,0.804757822546078,3755,4666,43.27571209723263,53.77482627048933
ZAINA-679-G_012_jpg.rf.435fdf30ec5d45e87c3d9429f66f572f_r1c1.jpg,TP,14,20,0.7985331632653061,37598,47005,433.31031249846933,541.7243267990465
ZAINA-679-G_012_jpg.rf.435fdf30ec5d45e87c3d9429f66f572f_r1c1.jpg,TP,8,9,0.7912347179523843,12857,12197,148.17465524210917,140.56827175764218
ZAINA-679-G_012_jpg.rf.435fdf30ec5d45e87c3d9429f66f572f_r1c1.jpg,TP,2,1,0.6854095100343518,19391,17897,223.47785173833233,206.25976548712978
ZAINA-679-G_012_jpg.rf.435fdf30ec5d45e87c3d9429f66f572f_r1c1.jpg,TP,1,10,0.6664246296834156,6526,4949,75.21099790853266,57.036351310041084
ZAINA-679-G_012_jpg.rf.435fdf30ec5d45e87c3d9429f66f572f_r1c1.jpg,FP,16,-1,0.0,0,2742,0.0,31.601065930921934
ZAINA-679-G_012_jpg.rf.435fdf30ec5d45e87c3d9429f66f572f_r1c1.jpg,FP,17,-1,0.0,0,6376,0.0,73.48227438933561
ZAINA-679-G_012_jpg.rf.435fdf30ec5d45e87c3d9429f66f572f_r1c1.jpg,FN,-1,0,0.0,2131,0,24.559398796059316,0.0
ZAINA-679-G_012_jpg.rf.435fdf30ec5d45e87c3d9429f66f572f_r1c1.jpg,FN,-1,2,0.0,1236,0,14.24468179818363,0.0
ZAINA-679-G_012_jpg.rf.435fdf30ec5d45e87c3d9429f66f572f_r1c1.jpg,FN,-1,11,0.0,6563,0,75.63741637660127,0.0
ZAINA-679-G_012_jpg.rf.435fdf30ec5d45e87c3d9429f66f572f_r1c1.jpg,FN,-1,15,0.0,6448,0,74.3120616785502,0.0
ZAINA-679-G_012_jpg.rf.435fdf30ec5d45e87c3d9429f66f572f_r1c1.jpg,FN,-1,17,0.0,9553,0,110.09663852592897,0.0
ZAINA-679-G_012_jpg.rf.435fdf30ec5d45e87c3d9429f66f572f_r1c1.jpg,FN,-1,19,0.0,5237,0,60.35550046689941,0.0
ZAINA-679-G_012_jpg.rf.435fdf30ec5d45e87c3d9429f66f572f_r1c1.jpg,FN,-1,21,0.0,5126,0,59.076245062693594,0.0
ZAINA-679-G_012_jpg.rf.435fdf30ec5d45e87c3d9429f66f572f_r1c1.jpg,FN,-1,22,0.0,2831,0,32.62677521897885,0.0
ZAINA-679-G_012_jpg.rf.435fdf30ec5d45e87c3d9429f66f572f_r1c1.jpg,FN,-1,24,0.0,3925,0,45.23493208565594,0.0
ZAINA-679-G_012_jpg.rf.435fdf30ec5d45e87c3d9429f66f572f_r1c1.jpg,FN,-1,25,0.0,1435,0,16.538121666985038,0.0
ZAINA-679-G_012_jpg.rf.435fdf30ec5d45e87c3d9429f66f572f_r1c1.jpg,FN,-1,26,0.0,1460,0,16.82624225351788,0.0
ZAINA-679-G_012_jpg.rf.435fdf30ec5d45e87c3d9429f66f572f_r1c2.jpg,TP,0,6,0.9141484580815125,6099,6253,70.28989829055175,72.06472110359404
ZAINA-679-G_012_jpg.rf.435fdf30ec5d45e87c3d9429f66f572f_r1c2.jpg,TP,2,0,0.8882335808941314,24703,27163,284.69771396483026,313.0487796796617
ZAINA-679-G_012_jpg.rf.435fdf30ec5d45e87c3d9429f66f572f_r1c2.jpg,TP,5,4,0.7575303806945805,13153,17363,151.586002986658,200.10550975878832
ZAINA-679-G_012_jpg.rf.435fdf30ec5d45e87c3d9429f66f572f_r1c2.jpg,TP,4,3,0.7167789709278792,37784,34319,435.45392966227365,395.520416368822
ZAINA-679-G_012_jpg.rf.435fdf30ec5d45e87c3d9429f66f572f_r1c2.jpg,FP,1,-1,0.0,0,2442,0.0,28.14361889252785
ZAINA-679-G_012_jpg.rf.435fdf30ec5d45e87c3d9429f66f572f_r1c2.jpg,FP,3,-1,0.0,0,5545,0.0,63.905146092984
ZAINA-679-G_012_jpg.rf.435fdf30ec5d45e87c3d9429f66f572f_r1c2.jpg,FN,-1,1,0.0,5908,0,68.08865700944084,0.0
ZAINA-679-G_012_jpg.rf.435fdf30ec5d45e87c3d9429f66f572f_r1c2.jpg,FN,-1,2,0.0,11729,0,135.1746543777474,0.0
ZAINA-679-G_012_jpg.rf.435fdf30ec5d45e87c3d9429f66f572f_r1c2.jpg,FN,-1,5,0.0,19785,0,228.0186321820899,0.0
ZAINA-679-G_012_jpg.rf.435fdf30ec5d45e87c3d9429f66f572f_r1c2.jpg,FN,-1,7,0.0,3231,0,37.23670460350429,0.0
ZAINA-679-G_012_jpg.rf.435fdf30ec5d45e87c3d9429f66f572f_r2c0.jpg,TP,2,0,0.8886490250696378,26473,27769,305.0966514913554,320.0328226972178
ZAINA-679-G_012_jpg.rf.435fdf30ec5d45e87c3d9429f66f572f_r2c0.jpg,TP,1,5,0.7945386064030132,4341,5188,50.02925864556241,59.79078411729504
ZAINA-679-G_012_jpg.rf.435fdf30ec5d45e87c3d9429f66f572f_r2c0.jpg,TP,0,3,0.7455333683657384,5675,7612,65.40337314295476,87.72695618751925
ZAINA-679-G_012_jpg.rf.435fdf30ec5d45e87c3d9429f66f572f_r2c0.jpg,TP,4,2,0.576883865248227,43904,27245,505.985849245513,313.9938152034895
ZAINA-679-G_012_jpg.rf.435fdf30ec5d45e87c3d9429f66f572f_r2c0.jpg,FP,3,-1,0.0,0,4935,0.0,56.87500378158269
ZAINA-679-G_012_jpg.rf.435fdf30ec5d45e87c3d9429f66f572f_r2c0.jpg,FP,5,-1,0.0,0,756,0.0,8.712766536753094
ZAINA-679-G_012_jpg.rf.435fdf30ec5d45e87c3d9429f66f572f_r2c0.jpg,FN,-1,1,0.0,9256,0,106.67376595791883,0.0
ZAINA-679-G_012_jpg.rf.435fdf30ec5d45e87c3d9429f66f572f_r2c0.jpg,FN,-1,4,0.0,6744,0,77.72340942309903,0.0
ZAINA-679-G_012_jpg.rf.435fdf30ec5d45e87c3d9429f66f572f_r2c1.jpg,TP,2,6,0.8924061013613253,5510,6028,63.50177727183802,69.47163582479848
ZAINA-679-G_012_jpg.rf.435fdf30ec5d45e87c3d9429f66f572f_r2c1.jpg,TP,0,3,0.8488962998253137,10705,12580,123.37323515336226,144.9822791433253
ZAINA-679-G_012_jpg.rf.435fdf30ec5d45e87c3d9429f66f572f_r2c1.jpg,TP,8,4,0.719746015936255,15972,11654,184.07448032410107,134.31029261814888
ZAINA-679-G_012_jpg.rf.435fdf30ec5d45e87c3d9429f66f572f_r2c1.jpg,TP,1,2,0.5821959237343852,23510,36653,270.9485995754831,422.41935432752797
ZAINA-679-G_012_jpg.rf.435fdf30ec5d45e87c3d9429f66f572f_r2c1.jpg,TP,7,5,0.5760594642027564,19140,11393,220.5851210495426,131.30231369474603
ZAINA-679-G_012_jpg.rf.435fdf30ec5d45e87c3d9429f66f572f_r2c1.jpg,FP,3,-1,0.0,0,2449,0.0,28.224292656757044
ZAINA-679-G_012_jpg.rf.435fdf30ec5d45e87c3d9429f66f572f_r2c1.jpg,FP,4,-1,0.0,0,5277,0.0,60.81649340535195
ZAINA-679-G_012_jpg.rf.435fdf30ec5d45e87c3d9429f66f572f_r2c1.jpg,FP,5,-1,0.0,0,3512,0.0,40.47517999613342
ZAINA-679-G_012_jpg.rf.435fdf30ec5d45e87c3d9429f66f572f_r2c1.jpg,FP,6,-1,0.0,0,18976,0.0,218.69505000188718
ZAINA-679-G_012_jpg.rf.435fdf30ec5d45e87c3d9429f66f572f_r2c1.jpg,FP,9,-1,0.0,0,945,0.0,10.890958170941367
ZAINA-679-G_012_jpg.rf.435fdf30ec5d45e87c3d9429f66f572f_r2c1.jpg,FN,-1,0,0.0,1483,0,17.09131319312809,0.0
ZAINA-679-G_012_jpg.rf.435fdf30ec5d45e87c3d9429f66f572f_r2c1.jpg,FN,-1,1,0.0,16088,0,185.41135984561345,0.0
ZAINA-679-G_012_jpg.rf.435fdf30ec5d45e87c3d9429f66f572f_r2c2.jpg,TP,2,15,0.8539661777071849,19219,20467,221.4955821029864,235.8785617827058
ZAINA-679-G_012_jpg.rf.435fdf30ec5d45e87c3d9429f66f572f_r2c2.jpg,TP,5,0,0.7949086161879896,7392,6357,85.19149502603025,73.26330274357066
ZAINA-679-G_012_jpg.rf.435fdf30ec5d45e87c3d9429f66f572f_r2c2.jpg,TP,12,5,0.7921940928270043,5668,6225,65.32269937872557,71.74202604667725
ZAINA-679-G_012_jpg.rf.435fdf30ec5d45e87c3d9429f66f572f_r2c2.jpg,TP,9,14,0.7839047533792857,8764,11164,101.00355281495253,128.6631291221052
ZAINA-679-G_012_jpg.rf.435fdf30ec5d45e87c3d9429f66f572f_r2c2.jpg,TP,3,10,0.7817983086924006,13590,17383,156.62235083925205,200.33600622801458
ZAINA-679-G_012_jpg.rf.435fdf30ec5d45e87c3d9429f66f572f_r2c2.jpg,TP,11,11,0.7704608680427213,50371,40636,580.5168825698281,468.3227261739401
ZAINA-679-G_012_jpg.rf.435fdf30ec5d45e87c3d9429f66f572f_r2c2.jpg,TP,4,12,0.7581397171178936,25122,19751,289.52661499512067,227.62678818440523
ZAINA-679-G_012_jpg.rf.435fdf30ec5d45e87c3d9429f66f572f_r2c2.jpg,TP,8,4,0.7020425653478074,4915,7001,56.644507312356424,80.68528905265663
ZAINA-679-G_012_jpg.rf.435fdf30ec5d45e87c3d9429f66f572f_r2c2.jpg,TP,1,1,0.5825199272828975,34206,22377,394.21811131769357,257.8909745938148
ZAINA-679-G_012_jpg.rf.435fdf30ec5d45e87c3d9429f66f572f_r2c2.jpg,FP,0,-1,0.0,0,6844,0.0,78.87589176923039
ZAINA-679-G_012_jpg.rf.435fdf30ec5d45e87c3d9429f66f572f_r2c2.jpg,FP,6,-1,0.0,0,11421,0.0,131.62500875166282
ZAINA-679-G_012_jpg.rf.435fdf30ec5d45e87c3d9429f66f572f_r2c2.jpg,FP,7,-1,0.0,0,13168,0.0,151.7588753385777
ZAINA-679-G_012_jpg.rf.435fdf30ec5d45e87c3d9429f66f572f_r2c2.jpg,FP,10,-1,0.0,0,41189,0.0,474.69595354804653
ZAINA-679-G_012_jpg.rf.435fdf30ec5d45e87c3d9429f66f572f_r2c2.jpg,FN,-1,2,0.0,21367,0,246.25090289788804,0.0
ZAINA-679-G_012_jpg.rf.435fdf30ec5d45e87c3d9429f66f572f_r2c2.jpg,FN,-1,3,0.0,17823,0,205.40692855099257,0.0
ZAINA-679-G_012_jpg.rf.435fdf30ec5d45e87c3d9429f66f572f_r2c2.jpg,FN,-1,6,0.0,6950,0,80.09752305612963,0.0
ZAINA-679-G_012_jpg.rf.435fdf30ec5d45e87c3d9429f66f572f_r2c2.jpg,FN,-1,7,0.0,13496,0,155.53901743388855,0.0
ZAINA-679-G_012_jpg.rf.435fdf30ec5d45e87c3d9429f66f572f_r2c2.jpg,FN,-1,8,0.0,4436,0,51.1241168743872,0.0
ZAINA-679-G_012_jpg.rf.435fdf30ec5d45e87c3d9429f66f572f_r2c2.jpg,FN,-1,9,0.0,6390,0,73.64362191779401,0.0
ZAINA-679-G_012_jpg.rf.435fdf30ec5d45e87c3d9429f66f572f_r2c2.jpg,FN,-1,13,0.0,2165,0,24.95124279374398,0.0
ZAZA-B_004_jpg.rf.9fae4295ae0fe50a89201daf82b520a6_r0c0.jpg,TP,12,24,0.8786946864855629,5477,5519,63.12145809761467,63.60550068298985
ZAZA-B_004_jpg.rf.9fae4295ae0fe50a89201daf82b520a6_r0c0.jpg,TP,16,6,0.8720292504570384,9215,9217,106.20124819600497,106.2242978429276
ZAZA-B_004_jpg.rf.9fae4295ae0fe50a89201daf82b520a6_r0c0.jpg,TP,3,2,0.8690858980248047,6209,5998,71.55762887129625,69.12589112095907
ZAZA-B_004_jpg.rf.9fae4295ae0fe50a89201daf82b520a6_r0c0.jpg,TP,0,14,0.8602528472562803,33119,35156,381.6906282152456,405.1666936059415
ZAZA-B_004_jpg.rf.9fae4295ae0fe50a89201daf82b520a6_r0c0.jpg,TP,5,23,0.845065996228787,2823,3048,32.53457663128834,35.1276619100839
ZAZA-B_004_jpg.rf.9fae4295ae0fe50a89201daf82b520a6_r0c0.jpg,TP,11,5,0.8279479814903462,24263,21560,279.62679164185226,248.47519382592156
ZAZA-B_004_jpg.rf.9fae4295ae0fe50a89201daf82b520a6_r0c0.jpg,TP,15,22,0.8261160714285715,4241,3940,48.87677629943104,45.40780443757565
ZAZA-B_004_jpg.rf.9fae4295ae0fe50a89201daf82b520a6_r0c0.jpg,TP,1,4,0.815331715210356,4167,4808,48.023939363293835,55.41135120199586
ZAZA-B_004_jpg.rf.9fae4295ae0fe50a89201daf82b520a6_r0c0.jpg,TP,4,7,0.8124727811166275,11173,9636,128.76685253325704,111.05319887321801
ZAZA-B_004_jpg.rf.9fae4295ae0fe50a89201daf82b520a6_r0c0.jpg,TP,6,1,0.7831839521980367,2108,2070,24.2943278564491,23.856384564919185
ZAZA-B_004_jpg.rf.9fae4295ae0fe50a89201daf82b520a6_r0c0.jpg,TP,13,13,0.7827105962951277,19773,19780,227.88033430055413,227.96100806478333
ZAZA-B_004_jpg.rf.9fae4295ae0fe50a89201daf82b520a6_r0c0.jpg,TP,2,15,0.7634620113105484,3135,4037,36.13032155121819,46.52571231332307
ZAZA-B_004_jpg.rf.9fae4295ae0fe50a89201daf82b520a6_r0c0.jpg,TP,10,11,0.6523801734009488,6112,3989,70.43972099554883,45.97252078718002
ZAZA-B_004_jpg.rf.9fae4295ae0fe50a89201daf82b520a6_r0c0.jpg,TP,7,10,0.6001746646662337,30051,41408,346.33246983593546,477.2198898860742
ZAZA-B_004_jpg.rf.9fae4295ae0fe50a89201daf82b520a6_r0c0.jpg,FP,8,-1,0.0,0,9171,0.0,105.69415596370717
ZAZA-B_004_jpg.rf.9fae4295ae0fe50a89201daf82b520a6_r0c0.jpg,FP,9,-1,0.0,0,6039,0.0,69.59840888287293
ZAZA-B_004_jpg.rf.9fae4295ae0fe50a89201daf82b520a6_r0c0.jpg,FP,14,-1,0.0,0,3166,0.0,36.48759107851891
ZAZA-B_004_jpg.rf.9fae4295ae0fe50a89201daf82b520a6_r0c0.jpg,FP,17,-1,0.0,0,5406,0.0,62.303195631861406
ZAZA-B_004_jpg.rf.9fae4295ae0fe50a89201daf82b520a6_r0c0.jpg,FP,18,-1,0.0,0,1830,0.0,21.09042693420392
ZAZA-B_004_jpg.rf.9fae4295ae0fe50a89201daf82b520a6_r0c0.jpg,FP,19,-1,0.0,0,7192,0.0,82.88653033376752
ZAZA-B_004_jpg.rf.9fae4295ae0fe50a89201daf82b520a6_r0c0.jpg,FN,-1,0,0.0,2042,0,23.533689508002404,0.0
ZAZA-B_004_jpg.rf.9fae4295ae0fe50a89201daf82b520a6_r0c0.jpg,FN,-1,3,0.0,943,0,10.86790852401874,0.0
ZAZA-B_004_jpg.rf.9fae4295ae0fe50a89201daf82b520a6_r0c0.jpg,FN,-1,8,0.0,11662,0,134.4024912058394,0.0
ZAZA-B_004_jpg.rf.9fae4295ae0fe50a89201daf82b520a6_r0c0.jpg,FN,-1,9,0.0,2872,0,33.099292980892706,0.0
ZAZA-B_004_jpg.rf.9fae4295ae0fe50a89201daf82b520a6_r0c0.jpg,FN,-1,12,0.0,18032,0,207.8156166544071,0.0
ZAZA-B_004_jpg.rf.9fae4295ae0fe50a89201daf82b520a6_r0c0.jpg,FN,-1,16,0.0,19419,0,223.80054679524912,0.0
ZAZA-B_004_jpg.rf.9fae4295ae0fe50a89201daf82b520a6_r0c0.jpg,FN,-1,17,0.0,4125,0,47.53989677791866,0.0
ZAZA-B_004_jpg.rf.9fae4295ae0fe50a89201daf82b520a6_r0c0.jpg,FN,-1,18,0.0,1635,0,18.843086359247764,0.0
ZAZA-B_004_jpg.rf.9fae4295ae0fe50a89201daf82b520a6_r0c0.jpg,FN,-1,19,0.0,2305,0,26.564718078327886,0.0
ZAZA-B_004_jpg.rf.9fae4295ae0fe50a89201daf82b520a6_r0c0.jpg,FN,-1,20,0.0,2090,0,24.086881034145456,0.0
ZAZA-B_004_jpg.rf.9fae4295ae0fe50a89201daf82b520a6_r0c0.jpg,FN,-1,21,0.0,2609,0,30.068264410567224,0.0
ZAZA-B_004_jpg.rf.9fae4295ae0fe50a89201daf82b520a6_r0c1.jpg,TP,0,25,0.9067147363677333,19224,18855,221.55320622029296,217.30054636306824
ZAZA-B_004_jpg.rf.9fae4295ae0fe50a89201daf82b520a6_r0c1.jpg,TP,31,24,0.8808011724474841,1935,1915,22.300533397641846,22.070036928415576
ZAZA-B_004_jpg.rf.9fae4295ae0fe50a89201daf82b520a6_r0c1.jpg,TP,7,10,0.8747093023255814,10174,9173,117.25355389540472,105.7172056106298
ZAZA-B_004_jpg.rf.9fae4295ae0fe50a89201daf82b520a6_r0c1.jpg,TP,1,14,0.8687488823985218,31587,31117,364.0345986725132,358.61793164569576
ZAZA-B_004_jpg.rf.9fae4295ae0fe50a89201daf82b520a6_r0c1.jpg,TP,13,7,0.8672002910678552,4941,5323,56.94415272235057,61.34663528457238
ZAZA-B_004_jpg.rf.9fae4295ae0fe50a89201daf82b520a6_r0c1.jpg,TP,21,31,0.863472064442838,8913,9131,102.72075151068826,105.23316302525463
ZAZA-B_004_jpg.rf.9fae4295ae0fe50a89201daf82b520a6_r0c1.jpg,TP,10,27,0.8533710513908533,3676,4186,42.36525104378885,48.242911009058794
ZAZA-B_004_jpg.rf.9fae4295ae0fe50a89201daf82b520a6_r0c1.jpg,TP,6,29,0.8515894293374187,4900,4769,56.47163496043672,54.96188308700464
ZAZA-B_004_jpg.rf.9fae4295ae0fe50a89201daf82b520a6_r0c1.jpg,TP,16,5,0.8512396694214877,7377,8079,85.01862267411055,93.1090487439527
ZAZA-B_004_jpg.rf.9fae4295ae0fe50a89201daf82b520a6_r0c1.jpg,TP,5,2,0.8418810421104375,5710,5531,65.80674196410075,63.74379856452561
ZAZA-B_004_jpg.rf.9fae4295ae0fe50a89201daf82b520a6_r0c1.jpg,TP,27,9,0.832418893129771,8211,7152,94.6303254408461,82.42553739531498
ZAZA-B_004_jpg.rf.9fae4295ae0fe50a89201daf82b520a6_r0c1.jpg,TP,18,23,0.8161764705882353,2509,2184,28.915782064435863,25.170214439508936
ZAZA-B_004_jpg.rf.9fae4295ae0fe50a89201daf82b520a6_r0c1.jpg,TP,11,6,0.8109509357612544,7832,6489,90.26241734900825,74.78457944046406
ZAZA-B_004_jpg.rf.9fae4295ae0fe50a89201daf82b520a6_r0c1.jpg,TP,12,22,0.8027858591201622,10934,9515,126.01241972600307,109.65869523439905
ZAZA-B_004_jpg.rf.9fae4295ae0fe50a89201daf82b520a6_r0c1.jpg,TP,25,13,0.7995661196000755,20608,17550,237.503561890751,202.26065174605395
ZAZA-B_004_jpg.rf.9fae4295ae0fe50a89201daf82b520a6_r0c1.jpg,TP,2,16,0.7824328228835596,9928,8579,114.41844732392158,98.8714604746095
ZAZA-B_004_jpg.rf.9fae4295ae0fe50a89201daf82b520a6_r0c1.jpg,TP,33,4,0.7366889500589855,11690,10392,134.72518626275618,119.7659654099711
ZAZA-B_004_jpg.rf.9fae4295ae0fe50a89201daf82b520a6_r0c1.jpg,TP,14,19,0.7177468201090248,4597,3911,52.97961345165869,45.07358455719755
ZAZA-B_004_jpg.rf.9fae4295ae0fe50a89201daf82b520a6_r0c1.jpg,TP,9,26,0.6961197172507144,12255,10300,141.23671151839835,118.70568165153024
ZAZA-B_004_jpg.rf.9fae4295ae0fe50a89201daf82b520a6_r0c1.jpg,TP,30,30,0.6922069417157826,1262,1322,14.544327208177783,15.2358166158566
ZAZA-B_004_jpg.rf.9fae4295ae0fe50a89201daf82b520a6_r0c1.jpg,TP,24,17,0.6719038817005545,2926,2501,33.72163344780364,28.823583476745352
ZAZA-B_004_jpg.rf.9fae4295ae0fe50a89201daf82b520a6_r0c1.jpg,TP,19,3,0.6630669546436285,2450,2940,28.23581748021836,33.88298097626203
ZAZA-B_004_jpg.rf.9fae4295ae0fe50a89201daf82b520a6_r0c1.jpg,TP,35,12,0.6373271889400922,1959,1594,22.577129160713373,18.370568597333904
ZAZA-B_004_jpg.rf.9fae4295ae0fe50a89201daf82b520a6_r0c1.jpg,TP,34,18,0.5853336850435241,2284,3726,26.3226967856403,42.941492216854535
ZAZA-B_004_jpg.rf.9fae4295ae0fe50a89201daf82b520a6_r0c1.jpg,TP,15,0,0.5032771535580525,7882,4962,90.83865852207391,57.18617401503816
ZAZA-B_004_jpg.rf.9fae4295ae0fe50a89201daf82b520a6_r0c1.jpg,FP,3,-1,0.0,0,6612,0.0,76.20213272620563
ZAZA-B_004_jpg.rf.9fae4295ae0fe50a89201daf82b520a6_r0c1.jpg,FP,4,-1,0.0,0,7503,0.0,86.47075043023607
ZAZA-B_004_jpg.rf.9fae4295ae0fe50a89201daf82b520a6_r0c1.jpg,FP,8,-1,0.0,0,4090,0.0,47.13652795677269
ZAZA-B_004_jpg.rf.9fae4295ae0fe50a89201daf82b520a6_r0c1.jpg,FP,17,-1,0.0,0,2456,0.0,28.30496642098624
ZAZA-B_004_jpg.rf.9fae4295ae0fe50a89201daf82b520a6_r0c1.jpg,FP,20,-1,0.0,0,4396,0.0,50.66312393593466
ZAZA-B_004_jpg.rf.9fae4295ae0fe50a89201daf82b520a6_r0c1.jpg,FP,22,-1,0.0,0,4643,0.0,53.509755330879116
ZAZA-B_004_jpg.rf.9fae4295ae0fe50a89201daf82b520a6_r0c1.jpg,FP,23,-1,0.0,0,7593,0.0,87.50798454175428
ZAZA-B_004_jpg.rf.9fae4295ae0fe50a89201daf82b520a6_r0c1.jpg,FP,26,-1,0.0,0,3418,0.0,39.39184659076994
ZAZA-B_004_jpg.rf.9fae4295ae0fe50a89201daf82b520a6_r0c1.jpg,FP,28,-1,0.0,0,3328,0.0,38.35461247925171
ZAZA-B_004_jpg.rf.9fae4295ae0fe50a89201daf82b520a6_r0c1.jpg,FP,29,-1,0.0,0,2277,0.0,26.242023021411104
ZAZA-B_004_jpg.rf.9fae4295ae0fe50a89201daf82b520a6_r0c1.jpg,FP,32,-1,0.0,0,7825,0.0,90.18174358477904
ZAZA-B_004_jpg.rf.9fae4295ae0fe50a89201daf82b520a6_r0c1.jpg,FN,-1,1,0.0,7580,0,87.3581618367572,0.0
ZAZA-B_004_jpg.rf.9fae4295ae0fe50a89201daf82b520a6_r0c1.jpg,FN,-1,8,0.0,17734,0,204.38121926293567,0.0
ZAZA-B_004_jpg.rf.9fae4295ae0fe50a89201daf82b520a6_r0c1.jpg,FN,-1,11,0.0,14531,0,167.46720971634815,0.0
ZAZA-B_004_jpg.rf.9fae4295ae0fe50a89201daf82b520a6_r0c1.jpg,FN,-1,15,0.0,655,0,7.548759367160418,0.0
ZAZA-B_004_jpg.rf.9fae4295ae0fe50a89201daf82b520a6_r0c1.jpg,FN,-1,20,0.0,690,0,7.952128188306395,0.0
ZAZA-B_004_jpg.rf.9fae4295ae0fe50a89201daf82b520a6_r0c1.jpg,FN,-1,21,0.0,9707,0,111.87146133897127,0.0
ZAZA-B_004_jpg.rf.9fae4295ae0fe50a89201daf82b520a6_r0c1.jpg,FN,-1,28,0.0,14386,0,165.79611031445768,0.0
ZAZA-B_004_jpg.rf.9fae4295ae0fe50a89201daf82b520a6_r0c2.jpg,TP,22,22,0.9077306733167082,8143,7922,93.84663744547677,91.29965146052646
ZAZA-B_004_jpg.rf.9fae4295ae0fe50a89201daf82b520a6_r0c2.jpg,TP,20,3,0.9028142683912692,36159,39162,416.72609153763904,451.33513639196383
ZAZA-B_004_jpg.rf.9fae4295ae0fe50a89201daf82b520a6_r0c2.jpg,TP,5,21,0.9014623363373576,11134,11231,128.3173844182658,129.4352922940132
ZAZA-B_004_jpg.rf.9fae4295ae0fe50a89201daf82b520a6_r0c2.jpg,TP,0,0,0.8892561007996695,30964,33061,356.8546336561148,381.0221884544894
ZAZA-B_004_jpg.rf.9fae4295ae0fe50a89201daf82b520a6_r0c2.jpg,TP,10,16,0.8882673468204741,32315,32834,372.4246701523495,378.4060535287713
ZAZA-B_004_jpg.rf.9fae4295ae0fe50a89201daf82b520a6_r0c2.jpg,TP,11,23,0.8869184578259162,16597,17026,191.27749498742207,196.22164425232563
ZAZA-B_004_jpg.rf.9fae4295ae0fe50a89201daf82b520a6_r0c2.jpg,TP,1,6,0.876140350877193,10323,11065,118.97075259114045,127.52217159943515
ZAZA-B_004_jpg.rf.9fae4295ae0fe50a89201daf82b520a6_r0c2.jpg,TP,16,15,0.8700826903781614,25655,28396,295.6693459000008,327.25888700746145
ZAZA-B_004_jpg.rf.9fae4295ae0fe50a89201daf82b520a6_r0c2.jpg,TP,3,26,0.8698922892802189,5409,5528,62.33777010224535,63.70922409414167
ZAZA-B_004_jpg.rf.9fae4295ae0fe50a89201daf82b520a6_r0c2.jpg,TP,8,17,0.8637085496219393,39136,39492,451.03549098196964,455.1383281341973
ZAZA-B_004_jpg.rf.9fae4295ae0fe50a89201daf82b520a6_r0c2.jpg,TP,21,12,0.8608122941822174,4247,4229,48.945925240198925,48.73847841789528
ZAZA-B_004_jpg.rf.9fae4295ae0fe50a89201daf82b520a6_r0c2.jpg,TP,15,25,0.8399448613876551,5663,6350,65.265075261419,73.18262897934146
ZAZA-B_004_jpg.rf.9fae4295ae0fe50a89201daf82b520a6_r0c2.jpg,TP,7,27,0.8377350517642087,4547,4151,52.40337227859301,47.83954218791282
ZAZA-B_004_jpg.rf.9fae4295ae0fe50a89201daf82b520a6_r0c2.jpg,TP,2,14,0.8372358850017318,24311,28730,280.1799831679953,331.1081780435402
ZAZA-B_004_jpg.rf.9fae4295ae0fe50a89201daf82b520a6_r0c2.jpg,TP,14,5,0.8313319530710835,6589,6679,75.93706178659541,76.97429589811364
ZAZA-B_004_jpg.rf.9fae4295ae0fe50a89201daf82b520a6_r0c2.jpg,TP,13,1,0.8038914981309307,8433,10387,97.18883624925772,119.70834129266453
ZAZA-B_004_jpg.rf.9fae4295ae0fe50a89201daf82b520a6_r0c2.jpg,TP,6,4,0.7872619829284307,7555,8777,87.07004125022436,101.1533755199496
ZAZA-B_004_jpg.rf.9fae4295ae0fe50a89201daf82b520a6_r0c2.jpg,TP,4,10,0.77815221583873,40695,46895,469.0026907581576,540.456596218302
ZAZA-B_004_jpg.rf.9fae4295ae0fe50a89201daf82b520a6_r0c2.jpg,TP,18,13,0.7677660659639578,2442,2757,28.14361889252785,31.773938282841637
ZAZA-B_004_jpg.rf.9fae4295ae0fe50a89201daf82b520a6_r0c2.jpg,TP,9,28,0.7282717282717283,3340,3580,38.49291036078748,41.25886799150275
ZAZA-B_004_jpg.rf.9fae4295ae0fe50a89201daf82b520a6_r0c2.jpg,TP,23,11,0.7012186580753607,5250,6895,60.505323171896485,79.46365776575738
ZAZA-B_004_jpg.rf.9fae4295ae0fe50a89201daf82b520a6_r0c2.jpg,TP,12,19,0.6530650357159531,29925,40889,344.88034207980996,471.23850650965244
ZAZA-B_004_jpg.rf.9fae4295ae0fe50a89201daf82b520a6_r0c2.jpg,TP,17,9,0.6403110823071938,1084,1447,12.49290863206396,16.6764195485208
ZAZA-B_004_jpg.rf.9fae4295ae0fe50a89201daf82b520a6_r0c2.jpg,FP,19,-1,0.0,0,8997,0.0,103.6888366814386
ZAZA-B_004_jpg.rf.9fae4295ae0fe50a89201daf82b520a6_r0c2.jpg,FP,24,-1,0.0,0,3805,0.0,43.85195327029831
ZAZA-B_004_jpg.rf.9fae4295ae0fe50a89201daf82b520a6_r0c2.jpg,FN,-1,2,0.0,7069,0,81.46897704802595,0.0
ZAZA-B_004_jpg.rf.9fae4295ae0fe50a89201daf82b520a6_r0c2.jpg,FN,-1,7,0.0,708,0,8.15957501061004,0.0
ZAZA-B_004_jpg.rf.9fae4295ae0fe50a89201daf82b520a6_r0c2.jpg,FN,-1,8,0.0,4336,0,49.97163452825584,0.0
ZAZA-B_004_jpg.rf.9fae4295ae0fe50a89201daf82b520a6_r0c2.jpg,FN,-1,18,0.0,549,0,6.327128080261175,0.0
ZAZA-B_004_jpg.rf.9fae4295ae0fe50a89201daf82b520a6_r0c2.jpg,FN,-1,20,0.0,8335,0,96.05940355004898,0.0
ZAZA-B_004_jpg.rf.9fae4295ae0fe50a89201daf82b520a6_r0c2.jpg,FN,-1,24,0.0,3141,0,36.19947049198607,0.0
ZAZA-B_004_jpg.rf.9fae4295ae0fe50a89201daf82b520a6_r0c2.jpg,FN,-1,29,0.0,6704,0,77.26241648464648,0.0
ZAZA-B_004_jpg.rf.9fae4295ae0fe50a89201daf82b520a6_r1c0.jpg,TP,18,3,0.8824742268041237,2346,2219,27.037235840241742,25.573583260654914
ZAZA-B_004_jpg.rf.9fae4295ae0fe50a89201daf82b520a6_r1c0.jpg,TP,0,0,0.8665067945643485,7448,6562,85.83688513986381,75.62589155313995
ZAZA-B_004_jpg.rf.9fae4295ae0fe50a89201daf82b520a6_r1c0.jpg,TP,16,6,0.8600770218228498,1431,1467,16.492022373139783,16.906916017747076
ZAZA-B_004_jpg.rf.9fae4295ae0fe50a89201daf82b520a6_r1c0.jpg,TP,4,16,0.859368649234521,6627,7097,76.37500507812533,81.79167210494273
ZAZA-B_004_jpg.rf.9fae4295ae0fe50a89201daf82b520a6_r1c0.jpg,TP,10,15,0.8571191043618024,16768,16740,193.2482397993067,192.92554474238992
ZAZA-B_004_jpg.rf.9fae4295ae0fe50a89201daf82b520a6_r1c0.jpg,TP,1,17,0.8549916631929971,18177,17424,209.48671605629758,200.80852398992843
ZAZA-B_004_jpg.rf.9fae4295ae0fe50a89201daf82b520a6_r1c0.jpg,TP,3,11,0.8247692307692308,6399,5462,73.74734532894583,62.94858574569497
ZAZA-B_004_jpg.rf.9fae4295ae0fe50a89201daf82b520a6_r1c0.jpg,TP,6,7,0.8208370087229246,17761,19395,204.69238949639114,223.5239510321776
ZAZA-B_004_jpg.rf.9fae4295ae0fe50a89201daf82b520a6_r1c0.jpg,TP,2,5,0.8054607508532423,3194,3683,36.81028613543569,42.44592480801805
ZAZA-B_004_jpg.rf.9fae4295ae0fe50a89201daf82b520a6_r1c0.jpg,TP,12,4,0.8050221565731167,2630,2258,30.31028570325481,26.023051375646144
ZAZA-B_004_jpg.rf.9fae4295ae0fe50a89201daf82b520a6_r1c0.jpg,TP,15,13,0.8039138943248533,2253,2356,25.965427258339577,27.15248407485488
ZAZA-B_004_jpg.rf.9fae4295ae0fe50a89201daf82b520a6_r1c0.jpg,TP,5,12,0.7928888407836346,15127,18002,174.33600449929108,207.46987195056772
ZAZA-B_004_jpg.rf.9fae4295ae0fe50a89201daf82b520a6_r1c0.jpg,TP,8,2,0.78,3561,3470,41.03989634573779,39.99113741075825
ZAZA-B_004_jpg.rf.9fae4295ae0fe50a89201daf82b520a6_r1c0.jpg,TP,9,10,0.7792792792792793,3059,2866,35.25443496815835,33.030144040124824
ZAZA-B_004_jpg.rf.9fae4295ae0fe50a89201daf82b520a6_r1c0.jpg,TP,7,23,0.7671512369293547,3470,3459,39.99113741075825,39.8643643526838
ZAZA-B_004_jpg.rf.9fae4295ae0fe50a89201daf82b520a6_r1c0.jpg,TP,14,1,0.7493662134132288,8112,7069,93.48936791817606,81.46897704802595
ZAZA-B_004_jpg.rf.9fae4295ae0fe50a89201daf82b520a6_r1c0.jpg,TP,17,14,0.7364425162689805,1509,1693,17.390958603122247,19.51152612000395
ZAZA-B_004_jpg.rf.9fae4295ae0fe50a89201daf82b520a6_r1c0.jpg,TP,19,9,0.6430175123484508,2021,1638,23.291668215314818,18.877660829631704
ZAZA-B_004_jpg.rf.9fae4295ae0fe50a89201daf82b520a6_r1c0.jpg,TP,11,18,0.5638230043356287,9117,15410,105.07181549679623,177.59752953884282
ZAZA-B_004_jpg.rf.9fae4295ae0fe50a89201daf82b520a6_r1c0.jpg,FP,13,-1,0.0,0,7116,0.0,82.01064375070769
ZAZA-B_004_jpg.rf.9fae4295ae0fe50a89201daf82b520a6_r1c0.jpg,FN,-1,8,0.0,3758,0,43.310286567616565,0.0
ZAZA-B_004_jpg.rf.9fae4295ae0fe50a89201daf82b520a6_r1c0.jpg,FN,-1,19,0.0,3773,0,43.48315891953627,0.0
ZAZA-B_004_jpg.rf.9fae4295ae0fe50a89201daf82b520a6_r1c0.jpg,FN,-1,20,0.0,3725,0,42.92996739339322,0.0
ZAZA-B_004_jpg.rf.9fae4295ae0fe50a89201daf82b520a6_r1c0.jpg,FN,-1,21,0.0,2238,0,25.792554906419873,0.0
ZAZA-B_004_jpg.rf.9fae4295ae0fe50a89201daf82b520a6_r1c0.jpg,FN,-1,22,0.0,3008,0,34.66666897163135,0.0
ZAZA-B_004_jpg.rf.9fae4295ae0fe50a89201daf82b520a6_r1c1.jpg,TP,0,8,0.9258908648319697,42128,43318,485.51776277822,499.23230269718323
ZAZA-B_004_jpg.rf.9fae4295ae0fe50a89201daf82b520a6_r1c1.jpg,TP,3,32,0.9112043642467478,11150,11622,128.50178159364683,133.94149826738683
ZAZA-B_004_jpg.rf.9fae4295ae0fe50a89201daf82b520a6_r1c1.jpg,TP,24,4,0.901813880126183,9818,9474,113.15071674317709,109.1861774724852
ZAZA-B_004_jpg.rf.9fae4295ae0fe50a89201daf82b520a6_r1c1.jpg,TP,11,25,0.87625,2296,2207,26.460994667176063,25.43528537911915
ZAZA-B_004_jpg.rf.9fae4295ae0fe50a89201daf82b520a6_r1c1.jpg,TP,17,11,0.8724080905737184,7535,7184,86.8395447809981,82.79433174607702
ZAZA-B_004_jpg.rf.9fae4295ae0fe50a89201daf82b520a6_r1c1.jpg,TP,22,6,0.8587662337662337,1828,1607,21.06737728728129,18.52039130233098
ZAZA-B_004_jpg.rf.9fae4295ae0fe50a89201daf82b520a6_r1c1.jpg,TP,8,13,0.8547789250728091,7118,6893,82.03369339763032,79.44060811883476
ZAZA-B_004_jpg.rf.9fae4295ae0fe50a89201daf82b520a6_r1c1.jpg,TP,4,18,0.8498087376686129,4555,4633,52.49557086628352,53.39450709626598
ZAZA-B_004_jpg.rf.9fae4295ae0fe50a89201daf82b520a6_r1c1.jpg,TP,7,19,0.8408675664525255,16003,15231,184.4317498514018,175.53458613926767
ZAZA-B_004_jpg.rf.9fae4295ae0fe50a89201daf82b520a6_r1c1.jpg,TP,1,30,0.8345486547648981,7905,6687,91.10372946168414,77.06649448580414
ZAZA-B_004_jpg.rf.9fae4295ae0fe50a89201daf82b520a6_r1c1.jpg,TP,13,27,0.8223249669749009,1309,1450,15.085993910859523,16.710994018904742
ZAZA-B_004_jpg.rf.9fae4295ae0fe50a89201daf82b520a6_r1c1.jpg,TP,2,0,0.8161878372466093,29936,32332,345.0071151378844,372.62059215119183
ZAZA-B_004_jpg.rf.9fae4295ae0fe50a89201daf82b520a6_r1c1.jpg,TP,10,12,0.8010833584110744,8798,9157,101.39539681263719,105.53280843524878
ZAZA-B_004_jpg.rf.9fae4295ae0fe50a89201daf82b520a6_r1c1.jpg,TP,5,29,0.7794799870536195,7242,9252,83.4627715068332,106.62766666407357
ZAZA-B_004_jpg.rf.9fae4295ae0fe50a89201daf82b520a6_r1c1.jpg,TP,16,17,0.7607111629262606,6403,5679,73.79344462279109,65.44947243680002
ZAZA-B_004_jpg.rf.9fae4295ae0fe50a89201daf82b520a6_r1c1.jpg,TP,6,31,0.758406374501992,6230,4804,71.79965016398383,55.36525190815061
ZAZA-B_004_jpg.rf.9fae4295ae0fe50a89201daf82b520a6_r1c1.jpg,TP,21,1,0.722202166064982,4429,5112,51.043443110158,58.9148975342352
ZAZA-B_004_jpg.rf.9fae4295ae0fe50a89201daf82b520a6_r1c1.jpg,TP,23,15,0.7078286095103689,21401,22164,246.64274689557269,255.43618719655498
ZAZA-B_004_jpg.rf.9fae4295ae0fe50a89201daf82b520a6_r1c1.jpg,TP,12,14,0.6038208581271531,5813,4429,66.99379878061605,51.043443110158
ZAZA-B_004_jpg.rf.9fae4295ae0fe50a89201daf82b520a6_r1c1.jpg,TP,18,23,0.5347858380787324,18554,12441,213.83157450121283,143.3803286822027
ZAZA-B_004_jpg.rf.9fae4295ae0fe50a89201daf82b520a6_r1c1.jpg,FP,9,-1,0.0,0,4874,0.0,56.17198955044256
ZAZA-B_004_jpg.rf.9fae4295ae0fe50a89201daf82b520a6_r1c1.jpg,FP,14,-1,0.0,0,1936,0.0,22.31205822110316
ZAZA-B_004_jpg.rf.9fae4295ae0fe50a89201daf82b520a6_r1c1.jpg,FP,15,-1,0.0,0,4218,0.0,48.61170535982083
ZAZA-B_004_jpg.rf.9fae4295ae0fe50a89201daf82b520a6_r1c1.jpg,FP,19,-1,0.0,0,1136,0.0,13.092199452052267
ZAZA-B_004_jpg.rf.9fae4295ae0fe50a89201daf82b520a6_r1c1.jpg,FP,20,-1,0.0,0,5743,0.0,66.1870611383241
ZAZA-B_004_jpg.rf.9fae4295ae0fe50a89201daf82b520a6_r1c1.jpg,FN,-1,2,0.0,2321,0,26.7491152537089,0.0
ZAZA-B_004_jpg.rf.9fae4295ae0fe50a89201daf82b520a6_r1c1.jpg,FN,-1,3,0.0,3302,0,38.05496706925756,0.0
ZAZA-B_004_jpg.rf.9fae4295ae0fe50a89201daf82b520a6_r1c1.jpg,FN,-1,5,0.0,6178,0,71.20035934399552,0.0
ZAZA-B_004_jpg.rf.9fae4295ae0fe50a89201daf82b520a6_r1c1.jpg,FN,-1,7,0.0,485,0,5.589539378737103,0.0
ZAZA-B_004_jpg.rf.9fae4295ae0fe50a89201daf82b520a6_r1c1.jpg,FN,-1,9,0.0,961,0,11.075355346322384,0.0
ZAZA-B_004_jpg.rf.9fae4295ae0fe50a89201daf82b520a6_r1c1.jpg,FN,-1,10,0.0,3947,0,45.48847820180484,0.0
ZAZA-B_004_jpg.rf.9fae4295ae0fe50a89201daf82b520a6_r1c1.jpg,FN,-1,16,0.0,10810,0,124.58334161680018,0.0
ZAZA-B_004_jpg.rf.9fae4295ae0fe50a89201daf82b520a6_r1c1.jpg,FN,-1,20,0.0,983,0,11.328901462471284,0.0
ZAZA-B_004_jpg.rf.9fae4295ae0fe50a89201daf82b520a6_r1c1.jpg,FN,-1,21,0.0,771,0,8.885638888672798,0.0
ZAZA-B_004_jpg.rf.9fae4295ae0fe50a89201daf82b520a6_r1c1.jpg,FN,-1,22,0.0,858,0,9.888298529807082,0.0
ZAZA-B_004_jpg.rf.9fae4295ae0fe50a89201daf82b520a6_r1c1.jpg,FN,-1,24,0.0,16923,0,195.03458743581032,0.0
ZAZA-B_004_jpg.rf.9fae4295ae0fe50a89201daf82b520a6_r1c1.jpg,FN,-1,26,0.0,9367,0,107.95302136212464,0.0
ZAZA-B_004_jpg.rf.9fae4295ae0fe50a89201daf82b520a6_r1c1.jpg,FN,-1,28,0.0,4124,0,47.52837195445735,0.0
ZAZA-B_004_jpg.rf.9fae4295ae0fe50a89201daf82b520a6_r1c2.jpg,TP,3,9,0.8954329042496915,5569,5180,64.18174185605552,59.69858552960453
ZAZA-B_004_jpg.rf.9fae4295ae0fe50a89201daf82b520a6_r1c2.jpg,TP,7,14,0.8942874323511726,7662,8089,88.30319736058492,93.22429697856583
ZAZA-B_004_jpg.rf.9fae4295ae0fe50a89201daf82b520a6_r1c2.jpg,TP,5,11,0.8804201454349583,6778,7186,78.11525342078369,82.81738139299965
ZAZA-B_004_jpg.rf.9fae4295ae0fe50a89201daf82b520a6_r1c2.jpg,TP,13,1,0.8771614331166137,6711,6859,77.34309024887567,79.04876412115009
ZAZA-B_004_jpg.rf.9fae4295ae0fe50a89201daf82b520a6_r1c2.jpg,TP,24,13,0.8639146405457407,5502,5154,63.40957868414751,59.39894011961037
ZAZA-B_004_jpg.rf.9fae4295ae0fe50a89201daf82b520a6_r1c2.jpg,TP,12,5,0.8493622190726868,4374,4760,50.40957781978575,54.85815967585281
ZAZA-B_004_jpg.rf.9fae4295ae0fe50a89201daf82b520a6_r1c2.jpg,TP,14,3,0.848314606741573,5271,5915,60.74734446458407,68.16933077367004
ZAZA-B_004_jpg.rf.9fae4295ae0fe50a89201daf82b520a6_r1c2.jpg,TP,0,0,0.8481386492577913,11212,12568,129.21632064824826,144.84398126178954
ZAZA-B_004_jpg.rf.9fae4295ae0fe50a89201daf82b520a6_r1c2.jpg,TP,2,24,0.8375213675213675,9984,11515,115.06383743775514,132.7083421570263
ZAZA-B_004_jpg.rf.9fae4295ae0fe50a89201daf82b520a6_r1c2.jpg,TP,6,23,0.8323620823620823,4700,4733,54.166670268173995,54.54698944239734
ZAZA-B_004_jpg.rf.9fae4295ae0fe50a89201daf82b520a6_r1c2.jpg,TP,21,18,0.8321830013803984,9261,9321,106.73139007522539,107.42287948290421
ZAZA-B_004_jpg.rf.9fae4295ae0fe50a89201daf82b520a6_r1c2.jpg,TP,10,22,0.8277822908204712,3091,3659,35.62322931892039,42.16932904494652
ZAZA-B_004_jpg.rf.9fae4295ae0fe50a89201daf82b520a6_r1c2.jpg,TP,11,16,0.8159319412219644,3298,3746,38.008867775412305,43.1719886860808
ZAZA-B_004_jpg.rf.9fae4295ae0fe50a89201daf82b520a6_r1c2.jpg,TP,4,15,0.8142277208583028,4491,4894,51.75798216475945,56.402486019668835
ZAZA-B_004_jpg.rf.9fae4295ae0fe50a89201daf82b520a6_r1c2.jpg,TP,15,6,0.7941751569414428,8434,9000,97.20036107271903,103.72341115182255
ZAZA-B_004_jpg.rf.9fae4295ae0fe50a89201daf82b520a6_r1c2.jpg,TP,1,7,0.7931073264781491,55978,55625,645.1365677174136,641.0683050355699
ZAZA-B_004_jpg.rf.9fae4295ae0fe50a89201daf82b520a6_r1c2.jpg,TP,9,20,0.7669270833333334,2377,3051,27.394505367542465,35.16223638046784
ZAZA-B_004_jpg.rf.9fae4295ae0fe50a89201daf82b520a6_r1c2.jpg,TP,17,10,0.7665399239543726,1164,1159,13.414894508969049,13.35727039166248
ZAZA-B_004_jpg.rf.9fae4295ae0fe50a89201daf82b520a6_r1c2.jpg,TP,16,4,0.7645659928656362,4505,4399,51.91932969321784,50.697698406318594
ZAZA-B_004_jpg.rf.9fae4295ae0fe50a89201daf82b520a6_r1c2.jpg,TP,22,19,0.7621509824198552,1564,1844,18.024823893494496,21.251774462662308
ZAZA-B_004_jpg.rf.9fae4295ae0fe50a89201daf82b520a6_r1c2.jpg,TP,23,2,0.6813399778516057,3548,2525,40.89007364074071,29.100179239816878
ZAZA-B_004_jpg.rf.9fae4295ae0fe50a89201daf82b520a6_r1c2.jpg,TP,26,12,0.6637254901960784,1015,682,11.69769581323332,7.859929600615886
ZAZA-B_004_jpg.rf.9fae4295ae0fe50a89201daf82b520a6_r1c2.jpg,FP,8,-1,0.0,0,4950,0.0,57.0478761335024
ZAZA-B_004_jpg.rf.9fae4295ae0fe50a89201daf82b520a6_r1c2.jpg,FP,18,-1,0.0,0,2451,0.0,28.247342303679673
ZAZA-B_004_jpg.rf.9fae4295ae0fe50a89201daf82b520a6_r1c2.jpg,FP,19,-1,0.0,0,1727,0.0,19.903370117688613
ZAZA-B_004_jpg.rf.9fae4295ae0fe50a89201daf82b520a6_r1c2.jpg,FP,20,-1,0.0,0,4984,0.0,57.43972013118706
ZAZA-B_004_jpg.rf.9fae4295ae0fe50a89201daf82b520a6_r1c2.jpg,FP,25,-1,0.0,0,44145,0.0,508.76333169968956
ZAZA-B_004_jpg.rf.9fae4295ae0fe50a89201daf82b520a6_r1c2.jpg,FN,-1,8,0.0,2526,0,29.111704063278193,0.0
ZAZA-B_004_jpg.rf.9fae4295ae0fe50a89201daf82b520a6_r1c2.jpg,FN,-1,17,0.0,5503,0,63.42110350760883,0.0
ZAZA-B_004_jpg.rf.9fae4295ae0fe50a89201daf82b520a6_r1c2.jpg,FN,-1,21,0.0,872,0,10.049646058265473,0.0
ZAZA-B_004_jpg.rf.9fae4295ae0fe50a89201daf82b520a6_r2c0.jpg,TP,8,2,0.925284785077606,28268,27675,325.7837096044133,318.9494892918543
ZAZA-B_004_jpg.rf.9fae4295ae0fe50a89201daf82b520a6_r2c0.jpg,TP,10,16,0.8963000464076277,23139,21809,266.67289007133576,251.34487486778863
ZAZA-B_004_jpg.rf.9fae4295ae0fe50a89201daf82b520a6_r2c0.jpg,TP,7,9,0.8775159548355425,3724,3925,42.918442569931905,45.23493208565594
ZAZA-B_004_jpg.rf.9fae4295ae0fe50a89201daf82b520a6_r2c0.jpg,TP,2,0,0.865297018816951,31084,28294,358.23761247147246,326.08335501440746
ZAZA-B_004_jpg.rf.9fae4295ae0fe50a89201daf82b520a6_r2c0.jpg,TP,4,15,0.8564510120452006,7147,7803,82.36791327800842,89.92819746863015
ZAZA-B_004_jpg.rf.9fae4295ae0fe50a89201daf82b520a6_r2c0.jpg,TP,3,5,0.8507291307842462,15925,16311,183.53281362141934,187.9813954774864
ZAZA-B_004_jpg.rf.9fae4295ae0fe50a89201daf82b520a6_r2c0.jpg,TP,11,6,0.8477891156462585,3120,3399,35.95744919929848,39.17287494500498
ZAZA-B_004_jpg.rf.9fae4295ae0fe50a89201daf82b520a6_r2c0.jpg,TP,9,4,0.8473322768092975,7155,6833,82.46011186569892,78.74911871115593
ZAZA-B_004_jpg.rf.9fae4295ae0fe50a89201daf82b520a6_r2c0.jpg,TP,6,8,0.8414712290144816,6825,7544,78.65692012346543,86.94326819214992
ZAZA-B_004_jpg.rf.9fae4295ae0fe50a89201daf82b520a6_r2c0.jpg,TP,14,10,0.8402307218457747,16546,16315,190.68972899089508,188.02749477133165
ZAZA-B_004_jpg.rf.9fae4295ae0fe50a89201daf82b520a6_r2c0.jpg,TP,0,14,0.8208236466290268,17610,15285,202.95214115373278,176.15692660617862
ZAZA-B_004_jpg.rf.9fae4295ae0fe50a89201daf82b520a6_r2c0.jpg,TP,13,11,0.8201722900215362,11683,13672,134.64451249852698,157.56738636307975
ZAZA-B_004_jpg.rf.9fae4295ae0fe50a89201daf82b520a6_r2c0.jpg,TP,16,13,0.7751021760742295,7734,8336,89.13298464979951,96.0709283735103
ZAZA-B_004_jpg.rf.9fae4295ae0fe50a89201daf82b520a6_r2c0.jpg,TP,1,1,0.759657594381036,4063,3954,46.82535772331722,45.569151966034035
ZAZA-B_004_jpg.rf.9fae4295ae0fe50a89201daf82b520a6_r2c0.jpg,TP,5,20,0.7523564064801178,12675,11122,146.07713737215008,128.17908653673004
ZAZA-B_004_jpg.rf.9fae4295ae0fe50a89201daf82b520a6_r2c0.jpg,TP,15,12,0.7491982039769083,2991,2463,34.47074697278902,28.385640185215436
ZAZA-B_004_jpg.rf.9fae4295ae0fe50a89201daf82b520a6_r2c0.jpg,TP,18,7,0.6726499763816722,1907,1634,21.977838340725064,18.83156153578645
ZAZA-B_004_jpg.rf.9fae4295ae0fe50a89201daf82b520a6_r2c0.jpg,FP,12,-1,0.0,0,8953,0.0,103.18174444914081
ZAZA-B_004_jpg.rf.9fae4295ae0fe50a89201daf82b520a6_r2c0.jpg,FP,17,-1,0.0,0,6206,0.0,71.5230544009123
ZAZA-B_004_jpg.rf.9fae4295ae0fe50a89201daf82b520a6_r2c0.jpg,FP,19,-1,0.0,0,6741,0.0,77.68883495271508
ZAZA-B_004_jpg.rf.9fae4295ae0fe50a89201daf82b520a6_r2c0.jpg,FN,-1,3,0.0,24634,0,283.9025011459996,0.0
ZAZA-B_004_jpg.rf.9fae4295ae0fe50a89201daf82b520a6_r2c0.jpg,FN,-1,17,0.0,9291,0,107.0771347790648,0.0
ZAZA-B_004_jpg.rf.9fae4295ae0fe50a89201daf82b520a6_r2c0.jpg,FN,-1,18,0.0,13532,0,155.95391107849585,0.0
ZAZA-B_004_jpg.rf.9fae4295ae0fe50a89201daf82b520a6_r2c0.jpg,FN,-1,19,0.0,17433,0,200.91224740108026,0.0
ZAZA-B_004_jpg.rf.9fae4295ae0fe50a89201daf82b520a6_r2c1.jpg,TP,1,3,0.9206950106775383,20005,19569,230.55409334357887,225.52927031444614
ZAZA-B_004_jpg.rf.9fae4295ae0fe50a89201daf82b520a6_r2c1.jpg,TP,2,18,0.8825802400560292,39953,37999,460.4512717498629,437.9317667064561
ZAZA-B_004_jpg.rf.9fae4295ae0fe50a89201daf82b520a6_r2c1.jpg,TP,16,13,0.8814516129032258,5803,5862,66.87855054600291,67.55851513022041
ZAZA-B_004_jpg.rf.9fae4295ae0fe50a89201daf82b520a6_r2c1.jpg,TP,6,2,0.8582105044633589,4338,4613,49.99468417517846,53.16401062703971
ZAZA-B_004_jpg.rf.9fae4295ae0fe50a89201daf82b520a6_r2c1.jpg,TP,15,16,0.8348750246014565,4332,4991,49.92553523441058,57.520393895416255
ZAZA-B_004_jpg.rf.9fae4295ae0fe50a89201daf82b520a6_r2c1.jpg,TP,10,14,0.823943661971831,1637,1730,18.86613600617039,19.937944588072554
ZAZA-B_004_jpg.rf.9fae4295ae0fe50a89201daf82b520a6_r2c1.jpg,TP,3,5,0.82368520620507,4466,5174,51.469861578226606,59.62943658883665
ZAZA-B_004_jpg.rf.9fae4295ae0fe50a89201daf82b520a6_r2c1.jpg,TP,9,20,0.8156359393232205,19699,19201,227.02749736441692,221.28813528068272
ZAZA-B_004_jpg.rf.9fae4295ae0fe50a89201daf82b520a6_r2c1.jpg,TP,19,15,0.8095684803001876,3121,2666,35.968974022759795,30.7251793478621
ZAZA-B_004_jpg.rf.9fae4295ae0fe50a89201daf82b520a6_r2c1.jpg,TP,5,21,0.8038036638232415,5766,7133,66.45213207793431,82.20656574955002
ZAZA-B_004_jpg.rf.9fae4295ae0fe50a89201daf82b520a6_r2c1.jpg,TP,13,17,0.800787475391394,9764,9445,112.52837627626614,108.8519575921071
ZAZA-B_004_jpg.rf.9fae4295ae0fe50a89201daf82b520a6_r2c1.jpg,TP,7,11,0.7966950425638458,1841,1747,21.217199992278367,20.133866586914888
ZAZA-B_004_jpg.rf.9fae4295ae0fe50a89201daf82b520a6_r2c1.jpg,TP,0,4,0.7900236593059937,4784,4295,55.13475543892434,49.49911676634198
ZAZA-B_004_jpg.rf.9fae4295ae0fe50a89201daf82b520a6_r2c1.jpg,TP,23,1,0.7790106333795654,1834,2014,21.13652622804917,23.21099445108562
ZAZA-B_004_jpg.rf.9fae4295ae0fe50a89201daf82b520a6_r2c1.jpg,TP,4,19,0.7580822520343083,3808,4186,43.88652774068225,48.242911009058794
ZAZA-B_004_jpg.rf.9fae4295ae0fe50a89201daf82b520a6_r2c1.jpg,TP,12,7,0.7428035043804756,2401,3169,27.67110113061399,36.52216554890285
ZAZA-B_004_jpg.rf.9fae4295ae0fe50a89201daf82b520a6_r2c1.jpg,TP,8,12,0.7252974650801862,1469,1866,16.9299656646697,21.505320578811208
ZAZA-B_004_jpg.rf.9fae4295ae0fe50a89201daf82b520a6_r2c1.jpg,TP,14,6,0.6703958691910499,1709,2173,19.69592329538497,25.043441381434487
ZAZA-B_004_jpg.rf.9fae4295ae0fe50a89201daf82b520a6_r2c1.jpg,FP,11,-1,0.0,0,5245,0.0,60.44769905458991
ZAZA-B_004_jpg.rf.9fae4295ae0fe50a89201daf82b520a6_r2c1.jpg,FP,17,-1,0.0,0,8655,0.0,99.74734705766934
ZAZA-B_004_jpg.rf.9fae4295ae0fe50a89201daf82b520a6_r2c1.jpg,FP,18,-1,0.0,0,2455,0.0,28.293441597524925
ZAZA-B_004_jpg.rf.9fae4295ae0fe50a89201daf82b520a6_r2c1.jpg,FP,20,-1,0.0,0,2772,0.0,31.94681063476134
ZAZA-B_004_jpg.rf.9fae4295ae0fe50a89201daf82b520a6_r2c1.jpg,FP,21,-1,0.0,0,4339,0.0,50.00620899863978
ZAZA-B_004_jpg.rf.9fae4295ae0fe50a89201daf82b520a6_r2c1.jpg,FP,22,-1,0.0,0,3085,0.0,35.554080378152506
ZAZA-B_004_jpg.rf.9fae4295ae0fe50a89201daf82b520a6_r2c1.jpg,FN,-1,0,0.0,1308,0,15.07446908739821,0.0
ZAZA-B_004_jpg.rf.9fae4295ae0fe50a89201daf82b520a6_r2c1.jpg,FN,-1,8,0.0,5873,0,67.68528818829486,0.0
ZAZA-B_004_jpg.rf.9fae4295ae0fe50a89201daf82b520a6_r2c1.jpg,FN,-1,9,0.0,21989,0,253.4193430908251,0.0
ZAZA-B_004_jpg.rf.9fae4295ae0fe50a89201daf82b520a6_r2c1.jpg,FN,-1,10,0.0,9832,0,113.31206427163546,0.0
ZAZA-B_004_jpg.rf.9fae4295ae0fe50a89201daf82b520a6_r2c2.jpg,TP,1,14,0.9093722009608338,11692,11757,134.74823590967878,135.4973494346642
ZAZA-B_004_jpg.rf.9fae4295ae0fe50a89201daf82b520a6_r2c2.jpg,TP,5,2,0.8950213371266003,3326,3335,38.331562832329084,38.43528624348091
ZAZA-B_004_jpg.rf.9fae4295ae0fe50a89201daf82b520a6_r2c2.jpg,TP,7,1,0.887219730941704,4092,4325,47.15957760369532,49.844861470181385
ZAZA-B_004_jpg.rf.9fae4295ae0fe50a89201daf82b520a6_r2c2.jpg,TP,18,19,0.8682814710042432,5246,5321,60.459223878051226,61.32358563764975
ZAZA-B_004_jpg.rf.9fae4295ae0fe50a89201daf82b520a6_r2c2.jpg,TP,0,21,0.862097298777774,26536,27854,305.8227153694181,321.01243269142947
ZAZA-B_004_jpg.rf.9fae4295ae0fe50a89201daf82b520a6_r2c2.jpg,TP,12,18,0.8611339359079704,3522,3273,40.590428230746554,37.720747188879464
ZAZA-B_004_jpg.rf.9fae4295ae0fe50a89201daf82b520a6_r2c2.jpg,TP,10,9,0.8438295165394402,2852,2945,32.86879651166643,33.9406050935686
ZAZA-B_004_jpg.rf.9fae4295ae0fe50a89201daf82b520a6_r2c2.jpg,TP,3,3,0.8267857142857142,6906,6393,79.59043082383182,73.67819638817795
ZAZA-B_004_jpg.rf.9fae4295ae0fe50a89201daf82b520a6_r2c2.jpg,TP,24,17,0.8221625251846877,6537,7029,75.33777096660711,81.0079841095734
ZAZA-B_004_jpg.rf.9fae4295ae0fe50a89201daf82b520a6_r2c2.jpg,TP,8,5,0.8102691632533645,5998,6377,69.12589112095907,73.49379921279693
ZAZA-B_004_jpg.rf.9fae4295ae0fe50a89201daf82b520a6_r2c2.jpg,TP,13,10,0.7952615109521681,1975,2041,22.76152633609439,23.52216468454109
ZAZA-B_004_jpg.rf.9fae4295ae0fe50a89201daf82b520a6_r2c2.jpg,TP,16,6,0.7906615422356693,10281,11617,118.48671000576529,133.8838741500803
ZAZA-B_004_jpg.rf.9fae4295ae0fe50a89201daf82b520a6_r2c2.jpg,TP,14,16,0.7787216828478964,4384,4410,50.52482605439889,50.82447146439304
ZAZA-B_004_jpg.rf.9fae4295ae0fe50a89201daf82b520a6_r2c2.jpg,TP,11,11,0.7766881479405996,2891,3450,33.318264626657665,39.760640941531975
ZAZA-B_004_jpg.rf.9fae4295ae0fe50a89201daf82b520a6_r2c2.jpg,TP,9,23,0.7559192580469176,17497,14689,201.64983610260433,169.28813182323572
ZAZA-B_004_jpg.rf.9fae4295ae0fe50a89201daf82b520a6_r2c2.jpg,TP,17,4,0.7535323913623034,5764,7391,66.42908243101168,85.17997020256894
ZAZA-B_004_jpg.rf.9fae4295ae0fe50a89201daf82b520a6_r2c2.jpg,TP,6,12,0.7239494362828836,2466,2580,28.420214655599377,29.734044530189127
ZAZA-B_004_jpg.rf.9fae4295ae0fe50a89201daf82b520a6_r2c2.jpg,TP,2,13,0.7136653155761437,2553,3366,29.42287429673366,38.79255577078163
ZAZA-B_004_jpg.rf.9fae4295ae0fe50a89201daf82b520a6_r2c2.jpg,TP,4,8,0.7114513871737878,11744,9045,135.3475267296671,104.24202820758165
ZAZA-B_004_jpg.rf.9fae4295ae0fe50a89201daf82b520a6_r2c2.jpg,TP,20,0,0.7046741064208313,5825,4715,67.13209666215181,54.339542620093695
ZAZA-B_004_jpg.rf.9fae4295ae0fe50a89201daf82b520a6_r2c2.jpg,TP,19,15,0.5711549295774648,8509,5435,98.06472283231756,62.6374155122395
ZAZA-B_004_jpg.rf.9fae4295ae0fe50a89201daf82b520a6_r2c2.jpg,FP,15,-1,0.0,0,5449,0.0,62.79876304069789
ZAZA-B_004_jpg.rf.9fae4295ae0fe50a89201daf82b520a6_r2c2.jpg,FP,21,-1,0.0,0,3263,0.0,37.60549895426633
ZAZA-B_004_jpg.rf.9fae4295ae0fe50a89201daf82b520a6_r2c2.jpg,FP,22,-1,0.0,0,1980,0.0,22.819150453400958
ZAZA-B_004_jpg.rf.9fae4295ae0fe50a89201daf82b520a6_r2c2.jpg,FP,23,-1,0.0,0,2023,0.0,23.314717862237444
ZAZA-B_004_jpg.rf.9fae4295ae0fe50a89201daf82b520a6_r2c2.jpg,FP,25,-1,0.0,0,3550,0.0,40.91312328766334
ZAZA-B_004_jpg.rf.9fae4295ae0fe50a89201daf82b520a6_r2c2.jpg,FN,-1,7,0.0,293,0,3.3767732741648895,0.0
ZAZA-B_004_jpg.rf.9fae4295ae0fe50a89201daf82b520a6_r2c2.jpg,FN,-1,20,0.0,1282,0,14.774823677404056,0.0
ZAZA-B_004_jpg.rf.9fae4295ae0fe50a89201daf82b520a6_r2c2.jpg,FN,-1,22,0.0,618,0,7.122340899091815,0.0
ZAZA-B_004_jpg.rf.9fae4295ae0fe50a89201daf82b520a6_r2c2.jpg,FN,-1,24,0.0,12102,0,139.4734135288174,0.0
ZAZA-B_004_jpg.rf.9fae4295ae0fe50a89201daf82b520a6_r2c2.jpg,FN,-1,25,0.0,2353,0,27.11790960447094,0.0
ZAZA-B_004_jpg.rf.9fae4295ae0fe50a89201daf82b520a6_r2c2.jpg,FN,-1,26,0.0,5737,0,66.11791219755621,0.0
ZAZA-G_007_jpg.rf.b9cc35539ff0af0861e89e273942e011_r0c0.jpg,TP,12,3,0.7879049456687316,18639,16572,214.8111844954245,190.98937440088923
ZAZA-G_007_jpg.rf.b9cc35539ff0af0861e89e273942e011_r0c0.jpg,TP,14,1,0.732049485202954,68264,60261,786.7305487631127,694.4973866022198
ZAZA-G_007_jpg.rf.b9cc35539ff0af0861e89e273942e011_r0c0.jpg,TP,8,10,0.7179022082018928,9237,12546,106.45479431215387,144.5904351456406
ZAZA-G_007_jpg.rf.b9cc35539ff0af0861e89e273942e011_r0c0.jpg,TP,6,5,0.6673949073376525,12231,9902,140.96011575532683,114.11880191392743
ZAZA-G_007_jpg.rf.b9cc35539ff0af0861e89e273942e011_r0c0.jpg,TP,4,11,0.6205328135152697,3029,4453,34.90869026431894,51.32003887322953
ZAZA-G_007_jpg.rf.b9cc35539ff0af0861e89e273942e011_r0c0.jpg,TP,0,0,0.6145905274253934,39267,49571,452.54524285540174,571.2970238007772
ZAZA-G_007_jpg.rf.b9cc35539ff0af0861e89e273942e011_r0c0.jpg,FP,1,-1,0.0,0,4395,0.0,50.65159911247334
ZAZA-G_007_jpg.rf.b9cc35539ff0af0861e89e273942e011_r0c0.jpg,FP,2,-1,0.0,0,29824,0.0,343.71633491021726
ZAZA-G_007_jpg.rf.b9cc35539ff0af0861e89e273942e011_r0c0.jpg,FP,3,-1,0.0,0,4627,0.0,53.3253581554981
ZAZA-G_007_jpg.rf.b9cc35539ff0af0861e89e273942e011_r0c0.jpg,FP,5,-1,0.0,0,14251,0.0,164.24025914718032
ZAZA-G_007_jpg.rf.b9cc35539ff0af0861e89e273942e011_r0c0.jpg,FP,7,-1,0.0,0,14432,0.0,166.3262521936781
ZAZA-G_007_jpg.rf.b9cc35539ff0af0861e89e273942e011_r0c0.jpg,FP,9,-1,0.0,0,1902,0.0,21.920214223418498
ZAZA-G_007_jpg.rf.b9cc35539ff0af0861e89e273942e011_r0c0.jpg,FP,10,-1,0.0,0,24781,0.0,285.5966501948127
ZAZA-G_007_jpg.rf.b9cc35539ff0af0861e89e273942e011_r0c0.jpg,FP,11,-1,0.0,0,8193,0.0,94.42287861854246
ZAZA-G_007_jpg.rf.b9cc35539ff0af0861e89e273942e011_r0c0.jpg,FP,13,-1,0.0,0,5869,0.0,67.63918889444962
ZAZA-G_007_jpg.rf.b9cc35539ff0af0861e89e273942e011_r0c0.jpg,FN,-1,2,0.0,52966,0,610.4237994519369,0.0
ZAZA-G_007_jpg.rf.b9cc35539ff0af0861e89e273942e011_r0c0.jpg,FN,-1,4,0.0,15881,0,183.02572138912154,0.0
ZAZA-G_007_jpg.rf.b9cc35539ff0af0861e89e273942e011_r0c0.jpg,FN,-1,6,0.0,9212,0,106.16667372562102,0.0
ZAZA-G_007_jpg.rf.b9cc35539ff0af0861e89e273942e011_r0c0.jpg,FN,-1,7,0.0,7259,0,83.65869350567554,0.0
ZAZA-G_007_jpg.rf.b9cc35539ff0af0861e89e273942e011_r0c0.jpg,FN,-1,8,0.0,12256,0,141.24823634185967,0.0
ZAZA-G_007_jpg.rf.b9cc35539ff0af0861e89e273942e011_r0c0.jpg,FN,-1,9,0.0,9923,0,114.36082320661501,0.0
ZAZA-G_007_jpg.rf.b9cc35539ff0af0861e89e273942e011_r0c1.jpg,TP,26,0,0.8433297180043384,16326,17665,188.15426782940608,203.586006444105
ZAZA-G_007_jpg.rf.b9cc35539ff0af0861e89e273942e011_r0c1.jpg,TP,16,10,0.8080407701019252,1476,1717,17.010639428898898,19.78812188307548
ZAZA-G_007_jpg.rf.b9cc35539ff0af0861e89e273942e011_r0c1.jpg,TP,3,15,0.8075331125827815,6323,6778,72.87145874588599,78.11525342078369
ZAZA-G_007_jpg.rf.b9cc35539ff0af0861e89e273942e011_r0c1.jpg,TP,12,3,0.8070656934306569,15646,15300,180.31738787571283,176.3297989580983
ZAZA-G_007_jpg.rf.b9cc35539ff0af0861e89e273942e011_r0c1.jpg,TP,9,6,0.8039135959339263,16557,18935,190.81650204896954,218.2225322399733
ZAZA-G_007_jpg.rf.b9cc35539ff0af0861e89e273942e011_r0c1.jpg,TP,7,18,0.7899090157154673,11421,12383,131.62500875166282,142.7118889214465
ZAZA-G_007_jpg.rf.b9cc35539ff0af0861e89e273942e011_r0c1.jpg,TP,5,8,0.7891699410609038,21521,22192,248.02572571093032,255.75888225347177
ZAZA-G_007_jpg.rf.b9cc35539ff0af0861e89e273942e011_r0c1.jpg,TP,15,26,0.7832438878950507,9098,8845,104.85284385103128,101.93706351531893
ZAZA-G_007_jpg.rf.b9cc35539ff0af0861e89e273942e011_r0c1.jpg,TP,1,5,0.7470107307102708,15754,18435,181.5620688095347,212.4601205093165
ZAZA-G_007_jpg.rf.b9cc35539ff0af0861e89e273942e011_r0c1.jpg,TP,21,13,0.7356910985819238,5068,5091,58.40780530193741,58.67287624154762
ZAZA-G_007_jpg.rf.b9cc35539ff0af0861e89e273942e011_r0c1.jpg,TP,2,12,0.7245308310991957,3335,4384,38.43528624348091,50.52482605439889
ZAZA-G_007_jpg.rf.b9cc35539ff0af0861e89e273942e011_r0c1.jpg,TP,11,1,0.7241050119331742,10581,11091,121.94415704415937,127.82181700942931
ZAZA-G_007_jpg.rf.b9cc35539ff0af0861e89e273942e011_r0c1.jpg,TP,4,7,0.6838929289803497,6051,4832,69.7367067644087,55.68794696506739
ZAZA-G_007_jpg.rf.b9cc35539ff0af0861e89e273942e011_r0c1.jpg,TP,25,21,0.6567850166609215,8280,6139,95.42553825967674,70.75089122900428
ZAZA-G_007_jpg.rf.b9cc35539ff0af0861e89e273942e011_r0c1.jpg,TP,0,16,0.6432084752175558,7669,9703,88.38387112481412,111.82536204512601
ZAZA-G_007_jpg.rf.b9cc35539ff0af0861e89e273942e011_r0c1.jpg,TP,19,25,0.6413070591169868,5346,7814,61.61170622418259,90.0549705267046
ZAZA-G_007_jpg.rf.b9cc35539ff0af0861e89e273942e011_r0c1.jpg,TP,29,9,0.6105834464043419,900,1474,10.372341115182254,16.98758978197627
ZAZA-G_007_jpg.rf.b9cc35539ff0af0861e89e273942e011_r0c1.jpg,TP,28,19,0.5452025482663035,18683,13091,215.3182767277223,150.87146393205654
ZAZA-G_007_jpg.rf.b9cc35539ff0af0861e89e273942e011_r0c1.jpg,FP,6,-1,0.0,0,5507,0.0,63.467202801454086
ZAZA-G_007_jpg.rf.b9cc35539ff0af0861e89e273942e011_r0c1.jpg,FP,8,-1,0.0,0,4485,0.0,51.688833223991566
ZAZA-G_007_jpg.rf.b9cc35539ff0af0861e89e273942e011_r0c1.jpg,FP,10,-1,0.0,0,2432,0.0,28.028370657914714
ZAZA-G_007_jpg.rf.b9cc35539ff0af0861e89e273942e011_r0c1.jpg,FP,13,-1,0.0,0,3346,0.0,38.56205930155536
ZAZA-G_007_jpg.rf.b9cc35539ff0af0861e89e273942e011_r0c1.jpg,FP,14,-1,0.0,0,1022,0.0,11.778369577462515
ZAZA-G_007_jpg.rf.b9cc35539ff0af0861e89e273942e011_r0c1.jpg,FP,17,-1,0.0,0,1635,0.0,18.843086359247764
ZAZA-G_007_jpg.rf.b9cc35539ff0af0861e89e273942e011_r0c1.jpg,FP,18,-1,0.0,0,4468,0.0,51.492911225149236
ZAZA-G_007_jpg.rf.b9cc35539ff0af0861e89e273942e011_r0c1.jpg,FP,20,-1,0.0,0,9840,0.0,113.40426285932598
ZAZA-G_007_jpg.rf.b9cc35539ff0af0861e89e273942e011_r0c1.jpg,FP,22,-1,0.0,0,2435,0.0,28.062945128298654
ZAZA-G_007_jpg.rf.b9cc35539ff0af0861e89e273942e011_r0c1.jpg,FP,23,-1,0.0,0,6255,0.0,72.08777075051667
ZAZA-G_007_jpg.rf.b9cc35539ff0af0861e89e273942e011_r0c1.jpg,FP,24,-1,0.0,0,9657,0.0,111.29522016590559
ZAZA-G_007_jpg.rf.b9cc35539ff0af0861e89e273942e011_r0c1.jpg,FP,27,-1,0.0,0,3760,0.0,43.333336214539194
ZAZA-G_007_jpg.rf.b9cc35539ff0af0861e89e273942e011_r0c1.jpg,FP,30,-1,0.0,0,4283,0.0,49.360818884806214
ZAZA-G_007_jpg.rf.b9cc35539ff0af0861e89e273942e011_r0c1.jpg,FN,-1,2,0.0,25023,0,288.3856574724506,0.0
ZAZA-G_007_jpg.rf.b9cc35539ff0af0861e89e273942e011_r0c1.jpg,FN,-1,4,0.0,7030,0,81.01950893303471,0.0
ZAZA-G_007_jpg.rf.b9cc35539ff0af0861e89e273942e011_r0c1.jpg,FN,-1,11,0.0,474,0,5.462766320662654,0.0
ZAZA-G_007_jpg.rf.b9cc35539ff0af0861e89e273942e011_r0c1.jpg,FN,-1,14,0.0,8512,0,98.0992973027015,0.0
ZAZA-G_007_jpg.rf.b9cc35539ff0af0861e89e273942e011_r0c1.jpg,FN,-1,17,0.0,43232,0,498.2411678795102,0.0
ZAZA-G_007_jpg.rf.b9cc35539ff0af0861e89e273942e011_r0c1.jpg,FN,-1,20,0.0,15247,0,175.7189833146487,0.0
ZAZA-G_007_jpg.rf.b9cc35539ff0af0861e89e273942e011_r0c1.jpg,FN,-1,22,0.0,7500,0,86.43617595985212,0.0
ZAZA-G_007_jpg.rf.b9cc35539ff0af0861e89e273942e011_r0c1.jpg,FN,-1,23,0.0,18122,0,208.85285076592535,0.0
ZAZA-G_007_jpg.rf.b9cc35539ff0af0861e89e273942e011_r0c1.jpg,FN,-1,24,0.0,16062,0,185.1117144356193,0.0
ZAZA-G_007_jpg.rf.b9cc35539ff0af0861e89e273942e011_r0c2.jpg,TP,2,0,0.8020961193466151,9558,9528,110.15426264323554,109.80851793939613
ZAZA-G_007_jpg.rf.b9cc35539ff0af0861e89e273942e011_r0c2.jpg,TP,1,12,0.7871369294605809,2059,2248,23.729611506844734,25.907803141033007
ZAZA-G_007_jpg.rf.b9cc35539ff0af0861e89e273942e011_r0c2.jpg,TP,13,9,0.7676338759141307,4019,3474,46.318265491019424,40.0372367046035
ZAZA-G_007_jpg.rf.b9cc35539ff0af0861e89e273942e011_r0c2.jpg,TP,3,8,0.7538726333907056,3161,3972,36.42996696121234,45.77659878833768
ZAZA-G_007_jpg.rf.b9cc35539ff0af0861e89e273942e011_r0c2.jpg,TP,5,5,0.7481501781309948,2830,3549,32.615250395517535,40.901598464202024
ZAZA-G_007_jpg.rf.b9cc35539ff0af0861e89e273942e011_r0c2.jpg,TP,4,7,0.5218873415090418,23001,13608,265.0824644336745,156.8297976615557
ZAZA-G_007_jpg.rf.b9cc35539ff0af0861e89e273942e011_r0c2.jpg,FP,0,-1,0.0,0,9765,0.0,112.53990109972746
ZAZA-G_007_jpg.rf.b9cc35539ff0af0861e89e273942e011_r0c2.jpg,FP,6,-1,0.0,0,2278,0.0,26.25354784487242
ZAZA-G_007_jpg.rf.b9cc35539ff0af0861e89e273942e011_r0c2.jpg,FP,7,-1,0.0,0,3718,0.0,42.84929362916402
ZAZA-G_007_jpg.rf.b9cc35539ff0af0861e89e273942e011_r0c2.jpg,FP,8,-1,0.0,0,4466,0.0,51.469861578226606
ZAZA-G_007_jpg.rf.b9cc35539ff0af0861e89e273942e011_r0c2.jpg,FP,9,-1,0.0,0,5151,0.0,59.364365649226436
ZAZA-G_007_jpg.rf.b9cc35539ff0af0861e89e273942e011_r0c2.jpg,FP,10,-1,0.0,0,5962,0.0,68.71099747635178
ZAZA-G_007_jpg.rf.b9cc35539ff0af0861e89e273942e011_r0c2.jpg,FP,11,-1,0.0,0,5077,0.0,58.51152871308923
ZAZA-G_007_jpg.rf.b9cc35539ff0af0861e89e273942e011_r0c2.jpg,FP,12,-1,0.0,0,2197,0.0,25.320037144506014
ZAZA-G_007_jpg.rf.b9cc35539ff0af0861e89e273942e011_r0c2.jpg,FP,14,-1,0.0,0,13754,0.0,158.51242188690748
ZAZA-G_007_jpg.rf.b9cc35539ff0af0861e89e273942e011_r0c2.jpg,FP,15,-1,0.0,0,4458,0.0,51.3776629905361
ZAZA-G_007_jpg.rf.b9cc35539ff0af0861e89e273942e011_r0c2.jpg,FP,16,-1,0.0,0,12386,0.0,142.74646339183045
ZAZA-G_007_jpg.rf.b9cc35539ff0af0861e89e273942e011_r0c2.jpg,FP,17,-1,0.0,0,1819,0.0,20.963653876129467
ZAZA-G_007_jpg.rf.b9cc35539ff0af0861e89e273942e011_r0c2.jpg,FP,18,-1,0.0,0,1460,0.0,16.82624225351788
ZAZA-G_007_jpg.rf.b9cc35539ff0af0861e89e273942e011_r0c2.jpg,FP,19,-1,0.0,0,874,0.0,10.0726957051881
ZAZA-G_007_jpg.rf.b9cc35539ff0af0861e89e273942e011_r0c2.jpg,FP,20,-1,0.0,0,2885,0.0,33.249115685889784
ZAZA-G_007_jpg.rf.b9cc35539ff0af0861e89e273942e011_r0c2.jpg,FN,-1,1,0.0,22983,0,264.8750176113708,0.0
ZAZA-G_007_jpg.rf.b9cc35539ff0af0861e89e273942e011_r0c2.jpg,FN,-1,2,0.0,7275,0,83.84309068105655,0.0
ZAZA-G_007_jpg.rf.b9cc35539ff0af0861e89e273942e011_r0c2.jpg,FN,-1,3,0.0,10628,0,122.4858237468411,0.0
ZAZA-G_007_jpg.rf.b9cc35539ff0af0861e89e273942e011_r0c2.jpg,FN,-1,4,0.0,22055,0,254.17998143927178,0.0
ZAZA-G_007_jpg.rf.b9cc35539ff0af0861e89e273942e011_r0c2.jpg,FN,-1,6,0.0,23170,0,267.0301595986365,0.0
ZAZA-G_007_jpg.rf.b9cc35539ff0af0861e89e273942e011_r0c2.jpg,FN,-1,10,0.0,23233,0,267.75622347669923,0.0
ZAZA-G_007_jpg.rf.b9cc35539ff0af0861e89e273942e011_r0c2.jpg,FN,-1,11,0.0,4475,0,51.57358498937843,0.0
ZAZA-G_007_jpg.rf.b9cc35539ff0af0861e89e273942e011_r0c2.jpg,FN,-1,13,0.0,24355,0,280.6870754002931,0.0
ZAZA-G_007_jpg.rf.b9cc35539ff0af0861e89e273942e011_r1c0.jpg,TP,1,3,0.8893099176564891,13414,12513,154.59398191006085,144.21011597141728
ZAZA-G_007_jpg.rf.b9cc35539ff0af0861e89e273942e011_r1c0.jpg,TP,9,2,0.8655152561888313,15666,16738,180.5478843449391,192.9024950954673
ZAZA-G_007_jpg.rf.b9cc35539ff0af0861e89e273942e011_r1c0.jpg,TP,0,14,0.8453635176316935,9860,11334,113.63475932855225,130.62234911052852
ZAZA-G_007_jpg.rf.b9cc35539ff0af0861e89e273942e011_r1c0.jpg,TP,10,13,0.796826923076923,8414,10273,96.96986460349277,118.39451141807477
ZAZA-G_007_jpg.rf.b9cc35539ff0af0861e89e273942e011_r1c0.jpg,TP,8,4,0.7703387570018672,10673,9238,123.00444080260021,106.46631913561518
ZAZA-G_007_jpg.rf.b9cc35539ff0af0861e89e273942e011_r1c0.jpg,TP,5,12,0.753768115942029,10846,13356,124.99823526140747,153.92554214930465
ZAZA-G_007_jpg.rf.b9cc35539ff0af0861e89e273942e011_r1c0.jpg,TP,2,1,0.7222126337590611,8942,11015,103.05497139106635,126.94593042636947
ZAZA-G_007_jpg.rf.b9cc35539ff0af0861e89e273942e011_r1c0.jpg,TP,4,9,0.650131406044678,2323,2700,26.77216490063153,31.117023345546762
ZAZA-G_007_jpg.rf.b9cc35539ff0af0861e89e273942e011_r1c0.jpg,TP,12,0,0.63509564293305,7212,5097,83.11702680299379,58.7420251823155
ZAZA-G_007_jpg.rf.b9cc35539ff0af0861e89e273942e011_r1c0.jpg,TP,3,15,0.611348325268052,6757,10225,77.8732321280961,117.84131989193172
ZAZA-G_007_jpg.rf.b9cc35539ff0af0861e89e273942e011_r1c0.jpg,TP,6,10,0.5174143823165854,40047,22560,461.53460515522636,260.00001728723515
ZAZA-G_007_jpg.rf.b9cc35539ff0af0861e89e273942e011_r1c0.jpg,FP,7,-1,0.0,0,5703,0.0,65.72606819987155
ZAZA-G_007_jpg.rf.b9cc35539ff0af0861e89e273942e011_r1c0.jpg,FP,11,-1,0.0,0,6884,0.0,79.33688470768293
ZAZA-G_007_jpg.rf.b9cc35539ff0af0861e89e273942e011_r1c0.jpg,FP,13,-1,0.0,0,27063,0.0,311.89629733353036
ZAZA-G_007_jpg.rf.b9cc35539ff0af0861e89e273942e011_r1c0.jpg,FN,-1,5,0.0,14191,0,163.54876973950152,0.0
ZAZA-G_007_jpg.rf.b9cc35539ff0af0861e89e273942e011_r1c0.jpg,FN,-1,6,0.0,27453,0,316.39097848344267,0.0
ZAZA-G_007_jpg.rf.b9cc35539ff0af0861e89e273942e011_r1c0.jpg,FN,-1,7,0.0,7233,0,83.35904809568139,0.0
ZAZA-G_007_jpg.rf.b9cc35539ff0af0861e89e273942e011_r1c0.jpg,FN,-1,8,0.0,5897,0,67.96188395136639,0.0
ZAZA-G_007_jpg.rf.b9cc35539ff0af0861e89e273942e011_r1c0.jpg,FN,-1,11,0.0,16277,0,187.5895514798017,0.0
ZAZA-G_007_jpg.rf.b9cc35539ff0af0861e89e273942e011_r1c1.jpg,TP,0,6,0.8384531681593705,10609,11355,122.26685210107615,130.8643704032161
ZAZA-G_007_jpg.rf.b9cc35539ff0af0861e89e273942e011_r1c1.jpg,TP,4,3,0.7943498859449026,4594,5632,52.94503898127475,64.90780573411828
ZAZA-G_007_jpg.rf.b9cc35539ff0af0861e89e273942e011_r1c1.jpg,TP,10,4,0.775513933302878,10147,9286,116.94238366194926,107.01951066175823
ZAZA-G_007_jpg.rf.b9cc35539ff0af0861e89e273942e011_r1c1.jpg,TP,1,9,0.7506196051619519,10698,9786,123.29256138913306,112.78192239241504
ZAZA-G_007_jpg.rf.b9cc35539ff0af0861e89e273942e011_r1c1.jpg,TP,9,0,0.5998443983402489,3783,2386,43.598407154149406,27.498228778694287
ZAZA-G_007_jpg.rf.b9cc35539ff0af0861e89e273942e011_r1c1.jpg,FP,2,-1,0.0,0,19747,0.0,227.58068889055997
ZAZA-G_007_jpg.rf.b9cc35539ff0af0861e89e273942e011_r1c1.jpg,FP,3,-1,0.0,0,7520,0.0,86.66667242907839
ZAZA-G_007_jpg.rf.b9cc35539ff0af0861e89e273942e011_r1c1.jpg,FP,5,-1,0.0,0,3182,0.0,36.671988253899926
ZAZA-G_007_jpg.rf.b9cc35539ff0af0861e89e273942e011_r1c1.jpg,FP,6,-1,0.0,0,1994,0.0,22.98049798185935
ZAZA-G_007_jpg.rf.b9cc35539ff0af0861e89e273942e011_r1c1.jpg,FP,7,-1,0.0,0,13278,0.0,153.02660591932218
ZAZA-G_007_jpg.rf.b9cc35539ff0af0861e89e273942e011_r1c1.jpg,FP,8,-1,0.0,0,4384,0.0,50.52482605439889
ZAZA-G_007_jpg.rf.b9cc35539ff0af0861e89e273942e011_r1c1.jpg,FP,11,-1,0.0,0,2234,0.0,25.746455612574618
ZAZA-G_007_jpg.rf.b9cc35539ff0af0861e89e273942e011_r1c1.jpg,FP,12,-1,0.0,0,8014,0.0,92.35993521896732
ZAZA-G_007_jpg.rf.b9cc35539ff0af0861e89e273942e011_r1c1.jpg,FP,13,-1,0.0,0,2949,0.0,33.98670438741385
ZAZA-G_007_jpg.rf.b9cc35539ff0af0861e89e273942e011_r1c1.jpg,FP,14,-1,0.0,0,6908,0.0,79.61348047075445
ZAZA-G_007_jpg.rf.b9cc35539ff0af0861e89e273942e011_r1c1.jpg,FP,15,-1,0.0,0,11319,0.0,130.44947675860882
ZAZA-G_007_jpg.rf.b9cc35539ff0af0861e89e273942e011_r1c1.jpg,FN,-1,1,0.0,10274,0,118.40603624153609,0.0
ZAZA-G_007_jpg.rf.b9cc35539ff0af0861e89e273942e011_r1c1.jpg,FN,-1,2,0.0,44953,0,518.0753890564309,0.0
ZAZA-G_007_jpg.rf.b9cc35539ff0af0861e89e273942e011_r1c1.jpg,FN,-1,5,0.0,15386,0,177.3209337757713,0.0
ZAZA-G_007_jpg.rf.b9cc35539ff0af0861e89e273942e011_r1c1.jpg,FN,-1,7,0.0,17305,0,199.43706999803211,0.0
ZAZA-G_007_jpg.rf.b9cc35539ff0af0861e89e273942e011_r1c1.jpg,FN,-1,8,0.0,32076,0,369.67023734509553,0.0
ZAZA-G_007_jpg.rf.b9cc35539ff0af0861e89e273942e011_r1c1.jpg,FN,-1,10,0.0,3951,0,45.5345774956501,0.0
ZAZA-G_007_jpg.rf.b9cc35539ff0af0861e89e273942e011_r1c2.jpg,TP,4,1,0.7889662560257097,5307,4713,61.16223810919136,54.31649297317107
ZAZA-G_007_jpg.rf.b9cc35539ff0af0861e89e273942e011_r1c2.jpg,TP,0,5,0.7321979586992642,13299,15892,153.2686272120098,183.15249444719598
ZAZA-G_007_jpg.rf.b9cc35539ff0af0861e89e273942e011_r1c2.jpg,TP,1,4,0.6974398758727696,6772,8544,78.0461044800158,98.46809165346353
ZAZA-G_007_jpg.rf.b9cc35539ff0af0861e89e273942e011_r1c2.jpg,TP,12,7,0.6611498257839721,7628,9535,87.91135336290026,109.88919170362533
ZAZA-G_007_jpg.rf.b9cc35539ff0af0861e89e273942e011_r1c2.jpg,FP,2,-1,0.0,0,4486,0.0,51.70035804745288
ZAZA-G_007_jpg.rf.b9cc35539ff0af0861e89e273942e011_r1c2.jpg,FP,3,-1,0.0,0,4790,0.0,55.20390437969222
ZAZA-G_007_jpg.rf.b9cc35539ff0af0861e89e273942e011_r1c2.jpg,FP,5,-1,0.0,0,16188,0.0,186.5638421917448
ZAZA-G_007_jpg.rf.b9cc35539ff0af0861e89e273942e011_r1c2.jpg,FP,6,-1,0.0,0,4627,0.0,53.3253581554981
ZAZA-G_007_jpg.rf.b9cc35539ff0af0861e89e273942e011_r1c2.jpg,FP,7,-1,0.0,0,1751,0.0,20.17996588076014
ZAZA-G_007_jpg.rf.b9cc35539ff0af0861e89e273942e011_r1c2.jpg,FP,8,-1,0.0,0,2751,0.0,31.704789342073756
ZAZA-G_007_jpg.rf.b9cc35539ff0af0861e89e273942e011_r1c2.jpg,FP,9,-1,0.0,0,5818,0.0,67.05142289792262
ZAZA-G_007_jpg.rf.b9cc35539ff0af0861e89e273942e011_r1c2.jpg,FP,10,-1,0.0,0,1331,0.0,15.339540027008423
ZAZA-G_007_jpg.rf.b9cc35539ff0af0861e89e273942e011_r1c2.jpg,FP,11,-1,0.0,0,4279,0.0,49.31471959096096
ZAZA-G_007_jpg.rf.b9cc35539ff0af0861e89e273942e011_r1c2.jpg,FP,13,-1,0.0,0,4166,0.0,48.01241453983253
ZAZA-G_007_jpg.rf.b9cc35539ff0af0861e89e273942e011_r1c2.jpg,FN,-1,0,0.0,34056,0,392.4893877984965,0.0
ZAZA-G_007_jpg.rf.b9cc35539ff0af0861e89e273942e011_r1c2.jpg,FN,-1,2,0.0,5058,0,58.29255706732427,0.0
ZAZA-G_007_jpg.rf.b9cc35539ff0af0861e89e273942e011_r1c2.jpg,FN,-1,3,0.0,39007,0,449.54878875546024,0.0
ZAZA-G_007_jpg.rf.b9cc35539ff0af0861e89e273942e011_r1c2.jpg,FN,-1,6,0.0,6132,0,70.67021746477509,0.0
ZAZA-G_007_jpg.rf.b9cc35539ff0af0861e89e273942e011_r1c2.jpg,FN,-1,8,0.0,18468,0,212.84043968353987,0.0
ZAZA-G_007_jpg.rf.b9cc35539ff0af0861e89e273942e011_r1c2.jpg,FN,-1,9,0.0,3547,0,40.878548817279395,0.0
ZAZA-G_007_jpg.rf.b9cc35539ff0af0861e89e273942e011_r2c0.jpg,TP,22,2,0.8397091368953525,2755,3064,31.75088863591901,35.31205908546492
ZAZA-G_007_jpg.rf.b9cc35539ff0af0861e89e273942e011_r2c0.jpg,TP,1,5,0.8004512409125094,3236,3946,37.29432872081086,45.47695337834353
ZAZA-G_007_jpg.rf.b9cc35539ff0af0861e89e273942e011_r2c0.jpg,TP,10,4,0.7495145631067961,6937,8380,79.94770035113255,96.5780206058081
ZAZA-G_007_jpg.rf.b9cc35539ff0af0861e89e273942e011_r2c0.jpg,TP,4,10,0.7282744518914006,8274,6940,95.35638931890885,79.9822748215165
ZAZA-G_007_jpg.rf.b9cc35539ff0af0861e89e273942e011_r2c0.jpg,TP,6,3,0.6968899127859141,5873,4439,67.68528818829486,51.15869134477114
ZAZA-G_007_jpg.rf.b9cc35539ff0af0861e89e273942e011_r2c0.jpg,TP,5,7,0.6949359365466748,4631,3703,53.37145744934335,42.676421277244316
ZAZA-G_007_jpg.rf.b9cc35539ff0af0861e89e273942e011_r2c0.jpg,TP,0,1,0.599917709731907,45128,28753,520.0922331621608,331.3732489831504
ZAZA-G_007_jpg.rf.b9cc35539ff0af0861e89e273942e011_r2c0.jpg,TP,11,15,0.5787491814014407,18018,10911,207.65426912594873,125.74734878639286
ZAZA-G_007_jpg.rf.b9cc35539ff0af0861e89e273942e011_r2c0.jpg,TP,12,17,0.5656714222679806,3846,6799,44.324471032212166,78.35727471347127
ZAZA-G_007_jpg.rf.b9cc35539ff0af0861e89e273942e011_r2c0.jpg,TP,3,16,0.5389191198837328,28767,16765,331.5345965116088,193.21366532892276
ZAZA-G_007_jpg.rf.b9cc35539ff0af0861e89e273942e011_r2c0.jpg,TP,20,14,0.5238893947381033,19968,11831,230.12767487551028,136.3501863708014
ZAZA-G_007_jpg.rf.b9cc35539ff0af0861e89e273942e011_r2c0.jpg,FP,2,-1,0.0,0,4749,0.0,54.73138661777836
ZAZA-G_007_jpg.rf.b9cc35539ff0af0861e89e273942e011_r2c0.jpg,FP,7,-1,0.0,0,8663,0.0,99.83954564535985
ZAZA-G_007_jpg.rf.b9cc35539ff0af0861e89e273942e011_r2c0.jpg,FP,8,-1,0.0,0,3111,0.0,35.85372578814666
ZAZA-G_007_jpg.rf.b9cc35539ff0af0861e89e273942e011_r2c0.jpg,FP,9,-1,0.0,0,6413,0.0,73.90869285740422
ZAZA-G_007_jpg.rf.b9cc35539ff0af0861e89e273942e011_r2c0.jpg,FP,13,-1,0.0,0,10633,0.0,122.54344786414768
ZAZA-G_007_jpg.rf.b9cc35539ff0af0861e89e273942e011_r2c0.jpg,FP,14,-1,0.0,0,9097,0.0,104.84131902756997
ZAZA-G_007_jpg.rf.b9cc35539ff0af0861e89e273942e011_r2c0.jpg,FP,15,-1,0.0,0,2813,0.0,32.4193283966752
ZAZA-G_007_jpg.rf.b9cc35539ff0af0861e89e273942e011_r2c0.jpg,FP,16,-1,0.0,0,5809,0.0,66.94769948677079
ZAZA-G_007_jpg.rf.b9cc35539ff0af0861e89e273942e011_r2c0.jpg,FP,17,-1,0.0,0,6955,0.0,80.15514717343619
ZAZA-G_007_jpg.rf.b9cc35539ff0af0861e89e273942e011_r2c0.jpg,FP,18,-1,0.0,0,3676,0.0,42.36525104378885
ZAZA-G_007_jpg.rf.b9cc35539ff0af0861e89e273942e011_r2c0.jpg,FP,19,-1,0.0,0,4053,0.0,46.710109488704084
ZAZA-G_007_jpg.rf.b9cc35539ff0af0861e89e273942e011_r2c0.jpg,FP,21,-1,0.0,0,16404,0.0,189.05320405938855
ZAZA-G_007_jpg.rf.b9cc35539ff0af0861e89e273942e011_r2c0.jpg,FP,23,-1,0.0,0,2023,0.0,23.314717862237444
ZAZA-G_007_jpg.rf.b9cc35539ff0af0861e89e273942e011_r2c0.jpg,FN,-1,0,0.0,29954,0,345.21456196018806,0.0
ZAZA-G_007_jpg.rf.b9cc35539ff0af0861e89e273942e011_r2c0.jpg,FN,-1,6,0.0,6798,0,78.34574989000996,0.0
ZAZA-G_007_jpg.rf.b9cc35539ff0af0861e89e273942e011_r2c0.jpg,FN,-1,8,0.0,24892,0,286.87590559901855,0.0
ZAZA-G_007_jpg.rf.b9cc35539ff0af0861e89e273942e011_r2c0.jpg,FN,-1,9,0.0,6387,0,73.60904744741006,0.0
ZAZA-G_007_jpg.rf.b9cc35539ff0af0861e89e273942e011_r2c0.jpg,FN,-1,11,0.0,7307,0,84.2118850318186,0.0
ZAZA-G_007_jpg.rf.b9cc35539ff0af0861e89e273942e011_r2c0.jpg,FN,-1,12,0.0,49214,0,567.1826618250883,0.0
ZAZA-G_007_jpg.rf.b9cc35539ff0af0861e89e273942e011_r2c0.jpg,FN,-1,13,0.0,15611,0,179.91401905456686,0.0
ZAZA-G_007_jpg.rf.b9cc35539ff0af0861e89e273942e011_r2c1.jpg,TP,0,6,0.7842812006319115,10392,12197,119.7659654099711,140.56827175764218
ZAZA-G_007_jpg.rf.b9cc35539ff0af0861e89e273942e011_r2c1.jpg,TP,1,8,0.7765596970300976,8018,9808,92.40603451281257,113.03546850856394
ZAZA-G_007_jpg.rf.b9cc35539ff0af0861e89e273942e011_r2c1.jpg,TP,4,1,0.7478651685393258,6760,8796,77.90780659848004,101.37234716571456
ZAZA-G_007_jpg.rf.b9cc35539ff0af0861e89e273942e011_r2c1.jpg,TP,3,0,0.6823821339950372,3404,4732,39.23049906231155,54.53546461893603
ZAZA-G_007_jpg.rf.b9cc35539ff0af0861e89e273942e011_r2c1.jpg,TP,2,7,0.6572882139828875,11775,9725,135.70479625696782,112.07890816127491
ZAZA-G_007_jpg.rf.b9cc35539ff0af0861e89e273942e011_r2c1.jpg,FP,5,-1,0.0,0,8035,0.0,92.6019565116549
ZAZA-G_007_jpg.rf.b9cc35539ff0af0861e89e273942e011_r2c1.jpg,FN,-1,2,0.0,10340,0,119.16667458998279,0.0
ZAZA-G_007_jpg.rf.b9cc35539ff0af0861e89e273942e011_r2c1.jpg,FN,-1,3,0.0,32371,0,373.0700602661831,0.0
ZAZA-G_007_jpg.rf.b9cc35539ff0af0861e89e273942e011_r2c1.jpg,FN,-1,4,0.0,2397,0,27.625001836768735,0.0
ZAZA-G_007_jpg.rf.b9cc35539ff0af0861e89e273942e011_r2c1.jpg,FN,-1,5,0.0,22415,0,258.3289178853447,0.0
ZAZA-G_007_jpg.rf.b9cc35539ff0af0861e89e273942e011_r2c2.jpg,TP,0,7,0.7736842105263158,4586,4176,52.852840393584245,48.12766277444566
ZAZA-G_007_jpg.rf.b9cc35539ff0af0861e89e273942e011_r2c2.jpg,TP,2,9,0.7018883938043708,3466,4555,39.94503811691299,52.49557086628352
ZAZA-G_007_jpg.rf.b9cc35539ff0af0861e89e273942e011_r2c2.jpg,TP,7,0,0.672125568079441,39203,44318,451.8076541538777,510.7571261584968
ZAZA-G_007_jpg.rf.b9cc35539ff0af0861e89e273942e011_r2c2.jpg,TP,1,5,0.6209093289117724,17861,19287,205.84487184252248,222.2792700983557
ZAZA-G_007_jpg.rf.b9cc35539ff0af0861e89e273942e011_r2c2.jpg,TP,6,10,0.5588926612692608,6635,5303,76.46720366581584,61.116138815346105
ZAZA-G_007_jpg.rf.b9cc35539ff0af0861e89e273942e011_r2c2.jpg,TP,3,4,0.5163882120895695,32893,19386,379.08601811298877,223.42022762102576
ZAZA-G_007_jpg.rf.b9cc35539ff0af0861e89e273942e011_r2c2.jpg,FP,4,-1,0.0,0,879,0.0,10.130319822494668
ZAZA-G_007_jpg.rf.b9cc35539ff0af0861e89e273942e011_r2c2.jpg,FP,5,-1,0.0,0,3265,0.0,37.62854860118895
ZAZA-G_007_jpg.rf.b9cc35539ff0af0861e89e273942e011_r2c2.jpg,FP,8,-1,0.0,0,2638,0.0,30.402484290945317
ZAZA-G_007_jpg.rf.b9cc35539ff0af0861e89e273942e011_r2c2.jpg,FP,9,-1,0.0,0,20255,0.0,233.43529920890728
ZAZA-G_007_jpg.rf.b9cc35539ff0af0861e89e273942e011_r2c2.jpg,FN,-1,1,0.0,14066,0,162.10816680683732,0.0
ZAZA-G_007_jpg.rf.b9cc35539ff0af0861e89e273942e011_r2c2.jpg,FN,-1,2,0.0,15319,0,176.5487706038633,0.0
ZAZA-G_007_jpg.rf.b9cc35539ff0af0861e89e273942e011_r2c2.jpg,FN,-1,3,0.0,9881,0,113.87678062123983,0.0
ZAZA-G_007_jpg.rf.b9cc35539ff0af0861e89e273942e011_r2c2.jpg,FN,-1,6,0.0,5168,0,59.560287648068766,0.0
ZAZA-G_007_jpg.rf.b9cc35539ff0af0861e89e273942e011_r2c2.jpg,FN,-1,8,0.0,9198,0,106.00532619716263,0.0
ZAZA-G_007_jpg.rf.b9cc35539ff0af0861e89e273942e011_r2c2.jpg,FN,-1,11,0.0,12686,0,146.20391043022454,0.0
ZAZA-G_013_jpg.rf.d376ef4953acedd3682f9e043326859d_r0c0.jpg,TP,4,6,0.8506571807548535,14570,16125,167.91667783133937,185.83777831368207
ZAZA-G_013_jpg.rf.d376ef4953acedd3682f9e043326859d_r0c0.jpg,TP,0,0,0.8412121971072569,13700,15706,157.89008141999653,181.00887728339166
ZAZA-G_013_jpg.rf.d376ef4953acedd3682f9e043326859d_r0c0.jpg,TP,8,10,0.8386459647775278,17951,15562,206.88210595404072,179.3493027049625
ZAZA-G_013_jpg.rf.d376ef4953acedd3682f9e043326859d_r0c0.jpg,TP,16,8,0.82641065830721,2287,2374,26.35727125602424,27.359930897158524
ZAZA-G_013_jpg.rf.d376ef4953acedd3682f9e043326859d_r0c0.jpg,TP,15,14,0.8112965340179717,3880,4586,44.716315029896826,52.852840393584245
ZAZA-G_013_jpg.rf.d376ef4953acedd3682f9e043326859d_r0c0.jpg,TP,2,5,0.7752126997302344,16746,17473,192.9946936831578,201.3732403395328
ZAZA-G_013_jpg.rf.d376ef4953acedd3682f9e043326859d_r0c0.jpg,TP,11,3,0.7605567719737254,6303,4954,72.64096227665972,57.09397542734765
ZAZA-G_013_jpg.rf.d376ef4953acedd3682f9e043326859d_r0c0.jpg,TP,3,9,0.7565400843881857,3808,4518,43.88652774068225,52.06915239821492
ZAZA-G_013_jpg.rf.d376ef4953acedd3682f9e043326859d_r0c0.jpg,TP,9,12,0.7517946486839243,4564,3489,52.59929427743534,40.21010905652321
ZAZA-G_013_jpg.rf.d376ef4953acedd3682f9e043326859d_r0c0.jpg,TP,10,7,0.7326460481099656,1084,1437,12.49290863206396,16.561171313907664
ZAZA-G_013_jpg.rf.d376ef4953acedd3682f9e043326859d_r0c0.jpg,TP,12,13,0.6197936362163038,12035,17949,138.70125035690936,206.8590563071181
ZAZA-G_013_jpg.rf.d376ef4953acedd3682f9e043326859d_r0c0.jpg,FP,1,-1,0.0,0,10611,0.0,122.28990174799878
ZAZA-G_013_jpg.rf.d376ef4953acedd3682f9e043326859d_r0c0.jpg,FP,5,-1,0.0,0,10941,0.0,126.09309349023226
ZAZA-G_013_jpg.rf.d376ef4953acedd3682f9e043326859d_r0c0.jpg,FP,6,-1,0.0,0,17168,0.0,197.85816918383216
ZAZA-G_013_jpg.rf.d376ef4953acedd3682f9e043326859d_r0c0.jpg,FP,7,-1,0.0,0,5495,0.0,63.328904919918315
ZAZA-G_013_jpg.rf.d376ef4953acedd3682f9e043326859d_r0c0.jpg,FP,13,-1,0.0,0,15643,0.0,180.28281340532888
ZAZA-G_013_jpg.rf.d376ef4953acedd3682f9e043326859d_r0c0.jpg,FP,14,-1,0.0,0,2055,0.0,23.68351221299948
ZAZA-G_013_jpg.rf.d376ef4953acedd3682f9e043326859d_r0c0.jpg,FN,-1,1,0.0,3028,0,34.89716544085763,0.0
ZAZA-G_013_jpg.rf.d376ef4953acedd3682f9e043326859d_r0c0.jpg,FN,-1,2,0.0,467,0,5.3820925564334585,0.0
ZAZA-G_013_jpg.rf.d376ef4953acedd3682f9e043326859d_r0c0.jpg,FN,-1,4,0.0,3192,0,36.78723648851306,0.0
ZAZA-G_013_jpg.rf.d376ef4953acedd3682f9e043326859d_r0c0.jpg,FN,-1,11,0.0,36278,0,418.09754552953535,0.0
ZAZA-G_013_jpg.rf.d376ef4953acedd3682f9e043326859d_r0c0.jpg,FN,-1,15,0.0,11125,0,128.21366100711398,0.0
ZAZA-G_013_jpg.rf.d376ef4953acedd3682f9e043326859d_r0c0.jpg,FN,-1,16,0.0,60782,0,700.5018196255642,0.0
ZAZA-G_013_jpg.rf.d376ef4953acedd3682f9e043326859d_r0c0.jpg,FN,-1,17,0.0,7353,0,84.74202691103902,0.0
ZAZA-G_013_jpg.rf.d376ef4953acedd3682f9e043326859d_r0c1.jpg,TP,7,7,0.9046674600026444,14574,14236,167.96277712518463,164.06738679526063
ZAZA-G_013_jpg.rf.d376ef4953acedd3682f9e043326859d_r0c1.jpg,TP,0,10,0.9010900745840504,23980,25724,276.3652666023005,296.4645587188314
ZAZA-G_013_jpg.rf.d376ef4953acedd3682f9e043326859d_r0c1.jpg,TP,4,11,0.8804431282220029,8762,8382,100.9805031680299,96.60107025273072
ZAZA-G_013_jpg.rf.d376ef4953acedd3682f9e043326859d_r0c1.jpg,TP,3,2,0.8486932599724897,4834,4574,55.71099661199002,52.71454251204848
ZAZA-G_013_jpg.rf.d376ef4953acedd3682f9e043326859d_r0c1.jpg,TP,11,9,0.8448087431693989,4422,4018,50.96276934592881,46.30674066755811
ZAZA-G_013_jpg.rf.d376ef4953acedd3682f9e043326859d_r0c1.jpg,TP,6,5,0.8308096103371694,4498,4570,51.83865592898864,52.66844321820322
ZAZA-G_013_jpg.rf.d376ef4953acedd3682f9e043326859d_r0c1.jpg,TP,15,3,0.8105263157894737,26456,27896,304.900729492513,321.49647527680463
ZAZA-G_013_jpg.rf.d376ef4953acedd3682f9e043326859d_r0c1.jpg,TP,10,4,0.8092264302981467,4824,4157,55.595748377376886,47.9086911286807
ZAZA-G_013_jpg.rf.d376ef4953acedd3682f9e043326859d_r0c1.jpg,TP,8,1,0.7990339578454333,6013,6278,69.29876347287878,72.35284169012688
ZAZA-G_013_jpg.rf.d376ef4953acedd3682f9e043326859d_r0c1.jpg,TP,9,0,0.7986812003767999,6859,6507,79.04876412115009,74.9920262627677
ZAZA-G_013_jpg.rf.d376ef4953acedd3682f9e043326859d_r0c1.jpg,TP,1,12,0.7574499787143465,7117,9396,82.022168574169,108.28724124250273
ZAZA-G_013_jpg.rf.d376ef4953acedd3682f9e043326859d_r0c1.jpg,TP,12,8,0.6302723824847719,15911,12459,183.37146609296093,143.58777550450634
ZAZA-G_013_jpg.rf.d376ef4953acedd3682f9e043326859d_r0c1.jpg,FP,2,-1,0.0,0,4493,0.0,51.78103181168208
ZAZA-G_013_jpg.rf.d376ef4953acedd3682f9e043326859d_r0c1.jpg,FP,5,-1,0.0,0,8289,0.0,95.52926167082856
ZAZA-G_013_jpg.rf.d376ef4953acedd3682f9e043326859d_r0c1.jpg,FP,13,-1,0.0,0,7312,0.0,84.26950914912516
ZAZA-G_013_jpg.rf.d376ef4953acedd3682f9e043326859d_r0c1.jpg,FP,14,-1,0.0,0,6471,0.0,74.5771326181604
ZAZA-G_013_jpg.rf.d376ef4953acedd3682f9e043326859d_r0c1.jpg,FN,-1,6,0.0,16750,0,193.04079297700306,0.0
ZAZA-G_013_jpg.rf.d376ef4953acedd3682f9e043326859d_r0c1.jpg,FN,-1,13,0.0,7801,0,89.90514782170752,0.0
ZAZA-G_013_jpg.rf.d376ef4953acedd3682f9e043326859d_r0c2.jpg,TP,16,6,0.8953383729301656,41208,43036,474.9149251938115,495.98230248109274
ZAZA-G_013_jpg.rf.d376ef4953acedd3682f9e043326859d_r0c2.jpg,TP,2,17,0.8858961077401214,5997,6746,69.11436629749775,77.74645907002166
ZAZA-G_013_jpg.rf.d376ef4953acedd3682f9e043326859d_r0c2.jpg,TP,9,12,0.8771293947082276,5506,4852,63.45567797799277,55.918443434293664
ZAZA-G_013_jpg.rf.d376ef4953acedd3682f9e043326859d_r0c2.jpg,TP,5,15,0.8674743478798368,15676,14536,180.66313257955224,167.52483383365472
ZAZA-G_013_jpg.rf.d376ef4953acedd3682f9e043326859d_r0c2.jpg,TP,3,14,0.8639384116693679,12245,10756,141.12146328378523,123.96100114988926
ZAZA-G_013_jpg.rf.d376ef4953acedd3682f9e043326859d_r0c2.jpg,TP,20,11,0.854773555781799,27879,28597,321.3005532779623,329.57537652318547
ZAZA-G_013_jpg.rf.d376ef4953acedd3682f9e043326859d_r0c2.jpg,TP,13,5,0.8348941749391272,20878,18308,240.61526422530568,210.99646792972968
ZAZA-G_013_jpg.rf.d376ef4953acedd3682f9e043326859d_r0c2.jpg,TP,1,9,0.8193817297672803,10743,10209,123.81117844489218,117.65692271655071
ZAZA-G_013_jpg.rf.d376ef4953acedd3682f9e043326859d_r0c2.jpg,TP,12,2,0.7049574546799852,5406,3811,62.303195631861406,43.92110221106619
ZAZA-G_013_jpg.rf.d376ef4953acedd3682f9e043326859d_r0c2.jpg,TP,6,13,0.6900086348569677,34523,26150,397.87148035493,301.37413351335107
ZAZA-G_013_jpg.rf.d376ef4953acedd3682f9e043326859d_r0c2.jpg,TP,0,10,0.6779826086956522,14292,9829,164.7127769090942,113.27748980125153
ZAZA-G_013_jpg.rf.d376ef4953acedd3682f9e043326859d_r0c2.jpg,TP,18,0,0.6531078169716068,29692,21718,342.1950582133239,250.2961159328091
ZAZA-G_013_jpg.rf.d376ef4953acedd3682f9e043326859d_r0c2.jpg,FP,4,-1,0.0,0,4380,0.0,50.478726760553634
ZAZA-G_013_jpg.rf.d376ef4953acedd3682f9e043326859d_r0c2.jpg,FP,7,-1,0.0,0,7296,0.0,84.08511197374415
ZAZA-G_013_jpg.rf.d376ef4953acedd3682f9e043326859d_r0c2.jpg,FP,8,-1,0.0,0,4807,0.0,55.39982637853455
ZAZA-G_013_jpg.rf.d376ef4953acedd3682f9e043326859d_r0c2.jpg,FP,10,-1,0.0,0,9432,0.0,108.70213488711002
ZAZA-G_013_jpg.rf.d376ef4953acedd3682f9e043326859d_r0c2.jpg,FP,11,-1,0.0,0,14942,0.0,172.20391215894804
ZAZA-G_013_jpg.rf.d376ef4953acedd3682f9e043326859d_r0c2.jpg,FP,14,-1,0.0,0,7877,0.0,90.78103440476735
ZAZA-G_013_jpg.rf.d376ef4953acedd3682f9e043326859d_r0c2.jpg,FP,15,-1,0.0,0,26800,0.0,308.8652687632049
ZAZA-G_013_jpg.rf.d376ef4953acedd3682f9e043326859d_r0c2.jpg,FP,17,-1,0.0,0,5593,0.0,64.45833761912705
ZAZA-G_013_jpg.rf.d376ef4953acedd3682f9e043326859d_r0c2.jpg,FP,19,-1,0.0,0,8470,0.0,97.61525471732632
ZAZA-G_013_jpg.rf.d376ef4953acedd3682f9e043326859d_r0c2.jpg,FP,21,-1,0.0,0,1206,0.0,13.898937094344221
ZAZA-G_013_jpg.rf.d376ef4953acedd3682f9e043326859d_r0c2.jpg,FN,-1,1,0.0,19908,0,229.43618546783145,0.0
ZAZA-G_013_jpg.rf.d376ef4953acedd3682f9e043326859d_r0c2.jpg,FN,-1,3,0.0,19853,0,228.80232017745922,0.0
ZAZA-G_013_jpg.rf.d376ef4953acedd3682f9e043326859d_r0c2.jpg,FN,-1,4,0.0,79115,0,911.7864081418268,0.0
ZAZA-G_013_jpg.rf.d376ef4953acedd3682f9e043326859d_r0c2.jpg,FN,-1,7,0.0,2942,0,33.906030623184655,0.0
ZAZA-G_013_jpg.rf.d376ef4953acedd3682f9e043326859d_r0c2.jpg,FN,-1,8,0.0,30811,0,355.09133566653384,0.0
ZAZA-G_013_jpg.rf.d376ef4953acedd3682f9e043326859d_r0c2.jpg,FN,-1,16,0.0,19803,0,228.22607900439354,0.0
ZAZA-G_013_jpg.rf.d376ef4953acedd3682f9e043326859d_r0c2.jpg,FN,-1,18,0.0,1562,0,18.001774246571866,0.0
ZAZA-G_013_jpg.rf.d376ef4953acedd3682f9e043326859d_r1c0.jpg,TP,1,10,0.8779870232631746,6284,5583,72.42199063089477,64.34308938451392
ZAZA-G_013_jpg.rf.d376ef4953acedd3682f9e043326859d_r1c0.jpg,TP,5,13,0.8719701678060907,2956,3068,34.06737815164305,35.358158379310176
ZAZA-G_013_jpg.rf.d376ef4953acedd3682f9e043326859d_r1c0.jpg,TP,4,6,0.8639889196675901,3242,3487,37.36347766157874,40.18705940960058
ZAZA-G_013_jpg.rf.d376ef4953acedd3682f9e043326859d_r1c0.jpg,TP,3,7,0.8606180144641683,4371,4119,50.375003349401815,47.47074783715078
ZAZA-G_013_jpg.rf.d376ef4953acedd3682f9e043326859d_r1c0.jpg,TP,11,8,0.8526852685268527,3009,3166,34.67819379509267,36.48759107851891
ZAZA-G_013_jpg.rf.d376ef4953acedd3682f9e043326859d_r1c0.jpg,TP,8,4,0.8439830679298529,4410,4738,50.82447146439304,54.604613559703914
ZAZA-G_013_jpg.rf.d376ef4953acedd3682f9e043326859d_r1c0.jpg,TP,0,17,0.8319023193577163,15289,17568,176.20302590002387,202.4680985683576
ZAZA-G_013_jpg.rf.d376ef4953acedd3682f9e043326859d_r1c0.jpg,TP,6,3,0.8209420646643689,5298,5797,61.05851469803954,66.80940160523502
ZAZA-G_013_jpg.rf.d376ef4953acedd3682f9e043326859d_r1c0.jpg,TP,12,15,0.8138667570774708,5180,5520,59.69858552960453,63.61702550645116
ZAZA-G_013_jpg.rf.d376ef4953acedd3682f9e043326859d_r1c0.jpg,TP,2,0,0.80355871886121,17298,15644,199.35639623380294,180.2943382287902
ZAZA-G_013_jpg.rf.d376ef4953acedd3682f9e043326859d_r1c0.jpg,TP,13,14,0.7787234042553192,3573,3115,41.17819422727355,35.899825081991914
ZAZA-G_013_jpg.rf.d376ef4953acedd3682f9e043326859d_r1c0.jpg,TP,7,2,0.770647931303669,10346,12336,119.23582353075066,142.17022221876476
ZAZA-G_013_jpg.rf.d376ef4953acedd3682f9e043326859d_r1c0.jpg,TP,9,11,0.7694994179278231,1334,1706,15.374114497392364,19.661348825001028
ZAZA-G_013_jpg.rf.d376ef4953acedd3682f9e043326859d_r1c0.jpg,TP,15,9,0.5572015570934256,8248,6153,95.0567439089147,70.91223875746267
ZAZA-G_013_jpg.rf.d376ef4953acedd3682f9e043326859d_r1c0.jpg,FP,10,-1,0.0,0,2665,0.0,30.713654524400788
ZAZA-G_013_jpg.rf.d376ef4953acedd3682f9e043326859d_r1c0.jpg,FP,14,-1,0.0,0,3229,0.0,37.213654956581664
ZAZA-G_013_jpg.rf.d376ef4953acedd3682f9e043326859d_r1c0.jpg,FN,-1,1,0.0,3946,0,45.47695337834353,0.0
ZAZA-G_013_jpg.rf.d376ef4953acedd3682f9e043326859d_r1c0.jpg,FN,-1,5,0.0,2671,0,30.78280346516867,0.0
ZAZA-G_013_jpg.rf.d376ef4953acedd3682f9e043326859d_r1c0.jpg,FN,-1,12,0.0,12075,0,139.16224329536192,0.0
ZAZA-G_013_jpg.rf.d376ef4953acedd3682f9e043326859d_r1c0.jpg,FN,-1,16,0.0,4987,0,57.474294601571,0.0
ZAZA-G_013_jpg.rf.d376ef4953acedd3682f9e043326859d_r1c1.jpg,TP,4,3,0.9147422606706227,25750,27813,296.7642041288256,320.5399149295156
ZAZA-G_013_jpg.rf.d376ef4953acedd3682f9e043326859d_r1c1.jpg,TP,2,10,0.9081648644413102,5892,6284,67.90425983405983,72.42199063089477
ZAZA-G_013_jpg.rf.d376ef4953acedd3682f9e043326859d_r1c1.jpg,TP,6,4,0.8622273916836289,15264,16757,175.91490531349103,193.12146674123227
ZAZA-G_013_jpg.rf.d376ef4953acedd3682f9e043326859d_r1c1.jpg,TP,0,0,0.8411046463984266,11272,11195,129.9078100559271,129.02039864940593
ZAZA-G_013_jpg.rf.d376ef4953acedd3682f9e043326859d_r1c1.jpg,TP,12,11,0.7957685793242801,29458,30975,339.4982495233765,356.98140671418923
ZAZA-G_013_jpg.rf.d376ef4953acedd3682f9e043326859d_r1c1.jpg,TP,8,5,0.7923219241443108,4220,3530,48.63475500674346,40.682626818437065
ZAZA-G_013_jpg.rf.d376ef4953acedd3682f9e043326859d_r1c1.jpg,TP,5,8,0.760187040748163,3414,4491,39.345747296924685,51.75798216475945
ZAZA-G_013_jpg.rf.d376ef4953acedd3682f9e043326859d_r1c1.jpg,TP,14,2,0.589022129921172,43826,27332,505.0869130155305,314.9964748446237
ZAZA-G_013_jpg.rf.d376ef4953acedd3682f9e043326859d_r1c1.jpg,FP,1,-1,0.0,0,8848,0.0,101.97163798570287
ZAZA-G_013_jpg.rf.d376ef4953acedd3682f9e043326859d_r1c1.jpg,FP,3,-1,0.0,0,8136,0.0,93.76596368124758
ZAZA-G_013_jpg.rf.d376ef4953acedd3682f9e043326859d_r1c1.jpg,FP,7,-1,0.0,0,5277,0.0,60.81649340535195
ZAZA-G_013_jpg.rf.d376ef4953acedd3682f9e043326859d_r1c1.jpg,FP,9,-1,0.0,0,13147,0.0,151.5168540458901
ZAZA-G_013_jpg.rf.d376ef4953acedd3682f9e043326859d_r1c1.jpg,FP,10,-1,0.0,0,7491,0.0,86.3324525487003
ZAZA-G_013_jpg.rf.d376ef4953acedd3682f9e043326859d_r1c1.jpg,FP,11,-1,0.0,0,19650,0.0,226.46278101481255
ZAZA-G_013_jpg.rf.d376ef4953acedd3682f9e043326859d_r1c1.jpg,FP,13,-1,0.0,0,9932,0.0,114.46454661776683
ZAZA-G_013_jpg.rf.d376ef4953acedd3682f9e043326859d_r1c1.jpg,FN,-1,1,0.0,57686,0,664.8209661893372,0.0
ZAZA-G_013_jpg.rf.d376ef4953acedd3682f9e043326859d_r1c1.jpg,FN,-1,6,0.0,1983,0,22.8537249237849,0.0
ZAZA-G_013_jpg.rf.d376ef4953acedd3682f9e043326859d_r1c1.jpg,FN,-1,7,0.0,18297,0,210.86969487165524,0.0
ZAZA-G_013_jpg.rf.d376ef4953acedd3682f9e043326859d_r1c1.jpg,FN,-1,9,0.0,7823,0,90.15869393785641,0.0
ZAZA-G_013_jpg.rf.d376ef4953acedd3682f9e043326859d_r1c2.jpg,TP,13,6,0.9005337006111733,21476,22681,247.5071086551712,261.3945209260541
ZAZA-G_013_jpg.rf.d376ef4953acedd3682f9e043326859d_r1c2.jpg,TP,2,5,0.8682441516536703,9797,11047,112.90869545048949,127.31472477713152
ZAZA-G_013_jpg.rf.d376ef4953acedd3682f9e043326859d_r1c2.jpg,TP,19,7,0.8592008017036202,7321,7521,84.37323256027697,86.6781972525397
ZAZA-G_013_jpg.rf.d376ef4953acedd3682f9e043326859d_r1c2.jpg,TP,6,9,0.8450089525514771,8843,7644,101.91401386839631,88.09575053828128
ZAZA-G_013_jpg.rf.d376ef4953acedd3682f9e043326859d_r1c2.jpg,TP,10,11,0.8340119078889765,43218,40567,498.07982035105186,467.5275133551095
ZAZA-G_013_jpg.rf.d376ef4953acedd3682f9e043326859d_r1c2.jpg,TP,7,10,0.8334897439335032,13655,13697,157.37146436423743,157.8555069496126
ZAZA-G_013_jpg.rf.d376ef4953acedd3682f9e043326859d_r1c2.jpg,TP,12,4,0.8164338537387017,11937,10169,137.57181765770062,117.19592977809816
ZAZA-G_013_jpg.rf.d376ef4953acedd3682f9e043326859d_r1c2.jpg,TP,1,12,0.7802553050397878,9510,11967,109.60107111709249,137.91756236154004
ZAZA-G_013_jpg.rf.d376ef4953acedd3682f9e043326859d_r1c2.jpg,TP,15,2,0.6922393552890412,10952,15716,126.21986654830673,181.12412551800477
ZAZA-G_013_jpg.rf.d376ef4953acedd3682f9e043326859d_r1c2.jpg,TP,16,3,0.6742415885273028,9065,6112,104.47252467680792,70.43972099554883
ZAZA-G_013_jpg.rf.d376ef4953acedd3682f9e043326859d_r1c2.jpg,FP,0,-1,0.0,0,12794,0.0,147.4485913640464
ZAZA-G_013_jpg.rf.d376ef4953acedd3682f9e043326859d_r1c2.jpg,FP,3,-1,0.0,0,5700,0.0,65.6914937294876
ZAZA-G_013_jpg.rf.d376ef4953acedd3682f9e043326859d_r1c2.jpg,FP,4,-1,0.0,0,8474,0.0,97.66135401117158
ZAZA-G_013_jpg.rf.d376ef4953acedd3682f9e043326859d_r1c2.jpg,FP,5,-1,0.0,0,6510,0.0,75.02660073315164
ZAZA-G_013_jpg.rf.d376ef4953acedd3682f9e043326859d_r1c2.jpg,FP,8,-1,0.0,0,8260,0.0,95.19504179045046
ZAZA-G_013_jpg.rf.d376ef4953acedd3682f9e043326859d_r1c2.jpg,FP,9,-1,0.0,0,14946,0.0,172.2500114527933
ZAZA-G_013_jpg.rf.d376ef4953acedd3682f9e043326859d_r1c2.jpg,FP,11,-1,0.0,0,17909,0.0,206.39806336866553
ZAZA-G_013_jpg.rf.d376ef4953acedd3682f9e043326859d_r1c2.jpg,FP,14,-1,0.0,0,22421,0.0,258.3980668261126
ZAZA-G_013_jpg.rf.d376ef4953acedd3682f9e043326859d_r1c2.jpg,FP,17,-1,0.0,0,2273,0.0,26.195923727565848
ZAZA-G_013_jpg.rf.d376ef4953acedd3682f9e043326859d_r1c2.jpg,FP,18,-1,0.0,0,20478,0.0,236.00533484078022
ZAZA-G_013_jpg.rf.d376ef4953acedd3682f9e043326859d_r1c2.jpg,FN,-1,0,0.0,103589,0,1193.8449375340163,0.0
ZAZA-G_013_jpg.rf.d376ef4953acedd3682f9e043326859d_r1c2.jpg,FN,-1,1,0.0,54239,0,625.0948997181893,0.0
ZAZA-G_013_jpg.rf.d376ef4953acedd3682f9e043326859d_r1c2.jpg,FN,-1,8,0.0,8787,0,101.26862375456274,0.0
ZAZA-G_013_jpg.rf.d376ef4953acedd3682f9e043326859d_r1c2.jpg,FN,-1,13,0.0,2571,0,29.630321119037305,0.0
ZAZA-G_013_jpg.rf.d376ef4953acedd3682f9e043326859d_r2c0.jpg,TP,8,2,0.9001814882032668,5025,5445,57.91223789310092,62.75266374685264
ZAZA-G_013_jpg.rf.d376ef4953acedd3682f9e043326859d_r2c0.jpg,TP,4,18,0.8853526220614828,4953,5473,57.082450603886336,63.07535880376942
ZAZA-G_013_jpg.rf.d376ef4953acedd3682f9e043326859d_r2c0.jpg,TP,2,1,0.8549424567991377,26058,27292,300.3138497549102,314.5354819061712
ZAZA-G_013_jpg.rf.d376ef4953acedd3682f9e043326859d_r2c0.jpg,TP,1,5,0.8486002239641657,16141,16875,186.02217548906307,194.48139590966727
ZAZA-G_013_jpg.rf.d376ef4953acedd3682f9e043326859d_r2c0.jpg,TP,3,19,0.8298825523671146,7246,7867,83.50887080067847,90.66578617015422
ZAZA-G_013_jpg.rf.d376ef4953acedd3682f9e043326859d_r2c0.jpg,TP,10,13,0.8214022140221402,4001,3403,46.11081866871578,39.21897423885024
ZAZA-G_013_jpg.rf.d376ef4953acedd3682f9e043326859d_r2c0.jpg,TP,0,7,0.816018606870229,13973,16478,161.03635822493516,189.90604099552576
ZAZA-G_013_jpg.rf.d376ef4953acedd3682f9e043326859d_r2c0.jpg,TP,14,4,0.8104118104118104,3735,3255,43.04521562800635,37.51330036657582
ZAZA-G_013_jpg.rf.d376ef4953acedd3682f9e043326859d_r2c0.jpg,TP,6,3,0.7937276635417206,31702,37561,365.35995337056426,432.8838940304007
ZAZA-G_013_jpg.rf.d376ef4953acedd3682f9e043326859d_r2c0.jpg,TP,9,6,0.7805358550039401,6353,7204,73.2172034497254,83.02482821530329
ZAZA-G_013_jpg.rf.d376ef4953acedd3682f9e043326859d_r2c0.jpg,TP,5,10,0.756078431372549,4435,4521,51.11259205092588,52.103726868598855
ZAZA-G_013_jpg.rf.d376ef4953acedd3682f9e043326859d_r2c0.jpg,TP,12,17,0.7334516021731899,6615,9019,76.23670719658956,103.9423827975875
ZAZA-G_013_jpg.rf.d376ef4953acedd3682f9e043326859d_r2c0.jpg,TP,15,14,0.697,5465,4717,62.98316021607891,54.362592267016325
ZAZA-G_013_jpg.rf.d376ef4953acedd3682f9e043326859d_r2c0.jpg,TP,13,0,0.5885714285714285,1050,618,12.101064634379297,7.122340899091815
ZAZA-G_013_jpg.rf.d376ef4953acedd3682f9e043326859d_r2c0.jpg,FP,7,-1,0.0,0,7727,0.0,89.05231088557031
ZAZA-G_013_jpg.rf.d376ef4953acedd3682f9e043326859d_r2c0.jpg,FP,11,-1,0.0,0,4639,0.0,53.463656037033864
ZAZA-G_013_jpg.rf.d376ef4953acedd3682f9e043326859d_r2c0.jpg,FN,-1,8,0.0,3403,0,39.21897423885024,0.0
ZAZA-G_013_jpg.rf.d376ef4953acedd3682f9e043326859d_r2c0.jpg,FN,-1,9,0.0,1667,0,19.211880710009797,0.0
ZAZA-G_013_jpg.rf.d376ef4953acedd3682f9e043326859d_r2c0.jpg,FN,-1,11,0.0,14681,0,169.1959332355452,0.0
ZAZA-G_013_jpg.rf.d376ef4953acedd3682f9e043326859d_r2c0.jpg,FN,-1,12,0.0,12595,0,145.15515149524498,0.0
ZAZA-G_013_jpg.rf.d376ef4953acedd3682f9e043326859d_r2c0.jpg,FN,-1,15,0.0,8144,0,93.85816226893809,0.0
ZAZA-G_013_jpg.rf.d376ef4953acedd3682f9e043326859d_r2c0.jpg,FN,-1,16,0.0,1555,0,17.921100482342673,0.0
ZAZA-G_013_jpg.rf.d376ef4953acedd3682f9e043326859d_r2c1.jpg,TP,3,1,0.8544918157594213,9025,10462,104.01153173835539,120.57270305226305
ZAZA-G_013_jpg.rf.d376ef4953acedd3682f9e043326859d_r2c1.jpg,TP,9,13,0.8316326530612245,1443,1429,16.63032025467555,16.468972726217157
ZAZA-G_013_jpg.rf.d376ef4953acedd3682f9e043326859d_r2c1.jpg,TP,6,3,0.8266554433221099,14865,17686,171.3165007524269,203.82802773679262
ZAZA-G_013_jpg.rf.d376ef4953acedd3682f9e043326859d_r2c1.jpg,TP,1,4,0.7417120237506185,9523,8077,109.75089382208957,93.08599909703007
ZAZA-G_013_jpg.rf.d376ef4953acedd3682f9e043326859d_r2c1.jpg,TP,4,8,0.7283295092286137,92123,78114,1061.7013117265942,900.2500598570518
ZAZA-G_013_jpg.rf.d376ef4953acedd3682f9e043326859d_r2c1.jpg,TP,0,7,0.7033333333333334,6942,5322,80.00532446843913,61.335110461111064
ZAZA-G_013_jpg.rf.d376ef4953acedd3682f9e043326859d_r2c1.jpg,TP,13,9,0.6755862465832254,6909,4738,79.62500529421577,54.604613559703914
ZAZA-G_013_jpg.rf.d376ef4953acedd3682f9e043326859d_r2c1.jpg,TP,11,0,0.5055819106326166,35068,17933,404.1525091413459,206.67465913173706
ZAZA-G_013_jpg.rf.d376ef4953acedd3682f9e043326859d_r2c1.jpg,FP,2,-1,0.0,0,11186,0.0,128.9166752382541
ZAZA-G_013_jpg.rf.d376ef4953acedd3682f9e043326859d_r2c1.jpg,FP,5,-1,0.0,0,6525,0.0,75.19947308507135
ZAZA-G_013_jpg.rf.d376ef4953acedd3682f9e043326859d_r2c1.jpg,FP,7,-1,0.0,0,6734,0.0,77.6081611884859
ZAZA-G_013_jpg.rf.d376ef4953acedd3682f9e043326859d_r2c1.jpg,FP,8,-1,0.0,0,34309,0.0,395.40516813420885
ZAZA-G_013_jpg.rf.d376ef4953acedd3682f9e043326859d_r2c1.jpg,FP,10,-1,0.0,0,15796,0.0,182.04611139490987
ZAZA-G_013_jpg.rf.d376ef4953acedd3682f9e043326859d_r2c1.jpg,FP,12,-1,0.0,0,5192,0.0,59.83688341114029
ZAZA-G_013_jpg.rf.d376ef4953acedd3682f9e043326859d_r2c1.jpg,FN,-1,2,0.0,57295,0,660.3147602159636,0.0
ZAZA-G_013_jpg.rf.d376ef4953acedd3682f9e043326859d_r2c1.jpg,FN,-1,5,0.0,2943,0,33.91755544664597,0.0
ZAZA-G_013_jpg.rf.d376ef4953acedd3682f9e043326859d_r2c1.jpg,FN,-1,6,0.0,10989,0,126.64628501637533,0.0
ZAZA-G_013_jpg.rf.d376ef4953acedd3682f9e043326859d_r2c1.jpg,FN,-1,10,0.0,9236,0,106.44326948869255,0.0
ZAZA-G_013_jpg.rf.d376ef4953acedd3682f9e043326859d_r2c1.jpg,FN,-1,11,0.0,2315,0,26.67996631294102,0.0
ZAZA-G_013_jpg.rf.d376ef4953acedd3682f9e043326859d_r2c1.jpg,FN,-1,12,0.0,1726,0,19.891845294227302,0.0
ZAZA-G_013_jpg.rf.d376ef4953acedd3682f9e043326859d_r2c2.jpg,TP,0,7,0.9208353786425097,20673,22371,238.25267541573638,257.8218256530469
ZAZA-G_013_jpg.rf.d376ef4953acedd3682f9e043326859d_r2c2.jpg,TP,8,10,0.9012458471760797,10866,12025,125.22873173063375,138.58600212229624
ZAZA-G_013_jpg.rf.d376ef4953acedd3682f9e043326859d_r2c2.jpg,TP,11,9,0.9004935834155973,9246,10006,106.5585177233057,115.31738355390404
ZAZA-G_013_jpg.rf.d376ef4953acedd3682f9e043326859d_r2c2.jpg,TP,7,20,0.8984988188676369,11852,13062,136.59220766348898,150.53724405167844
ZAZA-G_013_jpg.rf.d376ef4953acedd3682f9e043326859d_r2c2.jpg,TP,2,11,0.894210648686352,3937,4210,45.373229967191705,48.51950677213032
ZAZA-G_013_jpg.rf.d376ef4953acedd3682f9e043326859d_r2c2.jpg,TP,3,0,0.8841718035394711,8909,10042,102.674652216843,115.73227719851133
ZAZA-G_013_jpg.rf.d376ef4953acedd3682f9e043326859d_r2c2.jpg,TP,4,4,0.8671458381636912,11424,12735,131.65958322204673,146.7686267798289
ZAZA-G_013_jpg.rf.d376ef4953acedd3682f9e043326859d_r2c2.jpg,TP,6,6,0.8605332552007032,6610,6090,76.179083079283,70.18617487939991
ZAZA-G_013_jpg.rf.d376ef4953acedd3682f9e043326859d_r2c2.jpg,TP,9,3,0.847771236333053,7056,8323,81.31915434302887,95.92110566851322
ZAZA-G_013_jpg.rf.d376ef4953acedd3682f9e043326859d_r2c2.jpg,TP,1,22,0.8235883986423943,10971,12670,126.43883819407168,146.0195132548435
ZAZA-G_013_jpg.rf.d376ef4953acedd3682f9e043326859d_r2c2.jpg,TP,5,1,0.8009424204114469,16591,14749,191.2083460466542,169.97962123091452
ZAZA-G_013_jpg.rf.d376ef4953acedd3682f9e043326859d_r2c2.jpg,TP,13,8,0.6028613714849531,2013,1236,23.199469627624307,14.24468179818363
ZAZA-G_013_jpg.rf.d376ef4953acedd3682f9e043326859d_r2c2.jpg,TP,12,13,0.5929813468226367,15415,9778,177.6551536561494,112.68972380472454
ZAZA-G_013_jpg.rf.d376ef4953acedd3682f9e043326859d_r2c2.jpg,TP,15,5,0.5628902224646906,16263,9520,187.42820395134333,109.71631935170562
ZAZA-G_013_jpg.rf.d376ef4953acedd3682f9e043326859d_r2c2.jpg,FP,10,-1,0.0,0,5129,0.0,59.11081953307754
ZAZA-G_013_jpg.rf.d376ef4953acedd3682f9e043326859d_r2c2.jpg,FP,14,-1,0.0,0,10749,0.0,123.88032738566005
ZAZA-G_013_jpg.rf.d376ef4953acedd3682f9e043326859d_r2c2.jpg,FP,16,-1,0.0,0,3175,0.0,36.59131448967073
ZAZA-G_013_jpg.rf.d376ef4953acedd3682f9e043326859d_r2c2.jpg,FP,17,-1,0.0,0,7212,0.0,83.11702680299379
ZAZA-G_013_jpg.rf.d376ef4953acedd3682f9e043326859d_r2c2.jpg,FP,18,-1,0.0,0,2428,0.0,27.982271364069458
ZAZA-G_013_jpg.rf.d376ef4953acedd3682f9e043326859d_r2c2.jpg,FN,-1,2,0.0,2731,0,31.474292872847485,0.0
ZAZA-G_013_jpg.rf.d376ef4953acedd3682f9e043326859d_r2c2.jpg,FN,-1,12,0.0,26483,0,305.21189972596846,0.0
ZAZA-G_013_jpg.rf.d376ef4953acedd3682f9e043326859d_r2c2.jpg,FN,-1,14,0.0,6478,0,74.65780638238961,0.0
ZAZA-G_013_jpg.rf.d376ef4953acedd3682f9e043326859d_r2c2.jpg,FN,-1,15,0.0,3069,0,35.36968320277148,0.0
ZAZA-G_013_jpg.rf.d376ef4953acedd3682f9e043326859d_r2c2.jpg,FN,-1,16,0.0,2031,0,23.406916449927955,0.0
ZAZA-G_013_jpg.rf.d376ef4953acedd3682f9e043326859d_r2c2.jpg,FN,-1,17,0.0,3300,0,38.031917422334935,0.0
ZAZA-G_013_jpg.rf.d376ef4953acedd3682f9e043326859d_r2c2.jpg,FN,-1,18,0.0,2620,0,30.195037468641672,0.0
ZAZA-G_013_jpg.rf.d376ef4953acedd3682f9e043326859d_r2c2.jpg,FN,-1,19,0.0,4443,0,51.204790638616394,0.0
ZAZA-G_013_jpg.rf.d376ef4953acedd3682f9e043326859d_r2c2.jpg,FN,-1,21,0.0,1794,0,20.675533289596626,0.0
