Image,Match_Type,AI_Index,GT_Index,IoU,GT_Area_px,AI_Area_px,GT_Area_um2,AI_Area_um2
ROSILHA-M-G_005_jpg.rf.afae2fb85329c0fe56679d51ca1c64fd.jpg,TP,1,1,0.9587111843913163,14291,14220,6891.878858024691,6857.638888888889
ROSILHA-M-G_005_jpg.rf.afae2fb85329c0fe56679d51ca1c64fd.jpg,TP,5,11,0.9514045782002643,23056,22722,11118.827160493827,10957.75462962963
ROSILHA-M-G_005_jpg.rf.afae2fb85329c0fe56679d51ca1c64fd.jpg,TP,4,10,0.9465508162190627,7305,7481,3522.858796296296,3607.7353395061727
ROSILHA-M-G_005_jpg.rf.afae2fb85329c0fe56679d51ca1c64fd.jpg,TP,12,4,0.9430424209673062,36652,35260,17675.54012345679,17004.24382716049
ROSILHA-M-G_005_jpg.rf.afae2fb85329c0fe56679d51ca1c64fd.jpg,TP,0,2,0.9252022591970691,6501,6111,3135.127314814815,2947.048611111111
ROSILHA-M-G_005_jpg.rf.afae2fb85329c0fe56679d51ca1c64fd.jpg,TP,6,9,0.9139196417464859,8005,7381,3860.4359567901233,3559.5100308641972
ROSILHA-M-G_005_jpg.rf.afae2fb85329c0fe56679d51ca1c64fd.jpg,TP,2,0,0.9108635097493036,718,654,346.2577160493827,315.3935185185185
ROSILHA-M-G_005_jpg.rf.afae2fb85329c0fe56679d51ca1c64fd.jpg,TP,8,3,0.764102564102564,194,150,93.55709876543209,72.33796296296296
ROSILHA-M-G_005_jpg.rf.afae2fb85329c0fe56679d51ca1c64fd.jpg,TP,3,6,0.7315523321578282,22146,29901,10679.976851851852,14419.849537037036
ROSILHA-M-G_005_jpg.rf.afae2fb85329c0fe56679d51ca1c64fd.jpg,TP,10,8,0.5139299928564139,14572,15098,7027.391975308642,7281.057098765432
ROSILHA-M-G_005_jpg.rf.afae2fb85329c0fe56679d51ca1c64fd.jpg,FP,7,-1,0.0,0,71,0.0,34.23996913580247
ROSILHA-M-G_005_jpg.rf.afae2fb85329c0fe56679d51ca1c64fd.jpg,FP,9,-1,0.0,0,161,0.0,77.64274691358024
ROSILHA-M-G_005_jpg.rf.afae2fb85329c0fe56679d51ca1c64fd.jpg,FP,11,-1,0.0,0,39766,0.0,19177.2762345679
ROSILHA-M-G_005_jpg.rf.afae2fb85329c0fe56679d51ca1c64fd.jpg,FN,-1,5,0.0,14099,0,6799.286265432099,0.0
ROSILHA-M-G_005_jpg.rf.afae2fb85329c0fe56679d51ca1c64fd.jpg,FN,-1,7,0.0,5044,0,2432.4845679012346,0.0
ROSILHA-M-G_005_jpg.rf.afae2fb85329c0fe56679d51ca1c64fd.jpg,FN,-1,12,0.0,6834,0,3295.7175925925926,0.0
ZAZA-G_010_jpg.rf.cd14098445a0a54c10014aaa7d8f975c.jpg,TP,24,25,0.9710648148148148,3423,3389,1650.7523148148148,1634.3557098765432
ZAZA-G_010_jpg.rf.cd14098445a0a54c10014aaa7d8f975c.jpg,TP,6,5,0.9650524809160306,8319,8156,4011.8634259259256,3933.256172839506
ZAZA-G_010_jpg.rf.cd14098445a0a54c10014aaa7d8f975c.jpg,TP,25,26,0.9642857142857143,2070,2055,998.2638888888888,991.0300925925925
ZAZA-G_010_jpg.rf.cd14098445a0a54c10014aaa7d8f975c.jpg,TP,11,8,0.9602593947455936,11902,11676,5739.776234567901,5630.7870370370365
ZAZA-G_010_jpg.rf.cd14098445a0a54c10014aaa7d8f975c.jpg,TP,7,9,0.9566435432230523,7426,7241,3581.2114197530864,3491.994598765432
ZAZA-G_010_jpg.rf.cd14098445a0a54c10014aaa7d8f975c.jpg,TP,8,3,0.9532322137955941,5429,5388,2618.1520061728393,2598.3796296296296
ZAZA-G_010_jpg.rf.cd14098445a0a54c10014aaa7d8f975c.jpg,TP,21,28,0.9504775380261762,2808,2706,1354.1666666666665,1304.9768518518517
ZAZA-G_010_jpg.rf.cd14098445a0a54c10014aaa7d8f975c.jpg,TP,4,11,0.9502341920374707,5116,4877,2467.206790123457,2351.948302469136
ZAZA-G_010_jpg.rf.cd14098445a0a54c10014aaa7d8f975c.jpg,TP,12,23,0.9466037735849057,5252,5065,2532.793209876543,2442.6118827160494
ZAZA-G_010_jpg.rf.cd14098445a0a54c10014aaa7d8f975c.jpg,TP,10,24,0.9458559663571053,5704,5401,2750.7716049382716,2604.6489197530864
ZAZA-G_010_jpg.rf.cd14098445a0a54c10014aaa7d8f975c.jpg,TP,5,15,0.9407230196703881,3742,3559,1804.591049382716,1716.3387345679012
ZAZA-G_010_jpg.rf.cd14098445a0a54c10014aaa7d8f975c.jpg,TP,19,7,0.9372026641294006,4196,3948,2023.5339506172838,1903.935185185185
ZAZA-G_010_jpg.rf.cd14098445a0a54c10014aaa7d8f975c.jpg,TP,13,2,0.9329446064139941,3728,3565,1797.8395061728395,1719.2322530864196
ZAZA-G_010_jpg.rf.cd14098445a0a54c10014aaa7d8f975c.jpg,TP,2,10,0.9317956349206349,4020,3769,1938.6574074074074,1817.6118827160492
ZAZA-G_010_jpg.rf.cd14098445a0a54c10014aaa7d8f975c.jpg,TP,20,27,0.9302127659574468,2339,2197,1127.9899691358023,1059.5100308641975
ZAZA-G_010_jpg.rf.cd14098445a0a54c10014aaa7d8f975c.jpg,TP,14,13,0.9274362191551652,4747,4470,2289.2554012345677,2155.671296296296
ZAZA-G_010_jpg.rf.cd14098445a0a54c10014aaa7d8f975c.jpg,TP,17,16,0.9251074278698588,1629,1507,785.5902777777777,726.7554012345679
ZAZA-G_010_jpg.rf.cd14098445a0a54c10014aaa7d8f975c.jpg,TP,16,14,0.914689880304679,4590,4208,2213.5416666666665,2029.3209876543208
ZAZA-G_010_jpg.rf.cd14098445a0a54c10014aaa7d8f975c.jpg,TP,1,1,0.9049220963172805,5623,5136,2711.7091049382716,2476.8518518518517
ZAZA-G_010_jpg.rf.cd14098445a0a54c10014aaa7d8f975c.jpg,TP,3,0,0.9049061175045428,3302,2988,1592.3996913580247,1440.9722222222222
ZAZA-G_010_jpg.rf.cd14098445a0a54c10014aaa7d8f975c.jpg,TP,0,12,0.9026876737720111,6474,5844,3122.1064814814813,2818.287037037037
ZAZA-G_010_jpg.rf.cd14098445a0a54c10014aaa7d8f975c.jpg,TP,15,21,0.8975659229208925,1964,1778,947.145061728395,857.4459876543209
ZAZA-G_010_jpg.rf.cd14098445a0a54c10014aaa7d8f975c.jpg,TP,18,6,0.8962822637935117,4175,3833,2013.406635802469,1848.4760802469134
ZAZA-G_010_jpg.rf.cd14098445a0a54c10014aaa7d8f975c.jpg,TP,23,22,0.8953068592057761,1385,1240,667.920524691358,597.9938271604938
ZAZA-G_010_jpg.rf.cd14098445a0a54c10014aaa7d8f975c.jpg,TP,9,4,0.8841344275107463,5099,4544,2459.008487654321,2191.358024691358
ZAZA-G_010_jpg.rf.cd14098445a0a54c10014aaa7d8f975c.jpg,TP,22,17,0.8562162162162162,925,792,446.0841049382716,381.9444444444444
ZAZA-G_010_jpg.rf.cd14098445a0a54c10014aaa7d8f975c.jpg,TP,26,19,0.6447368421052632,74,51,35.68672839506173,24.594907407407405
ZAZA-G_010_jpg.rf.cd14098445a0a54c10014aaa7d8f975c.jpg,FN,-1,18,0.0,157,0,75.71373456790123,0.0
ZAZA-G_010_jpg.rf.cd14098445a0a54c10014aaa7d8f975c.jpg,FN,-1,20,0.0,28,0,13.503086419753085,0.0
ZAINA-679-B_010_jpg.rf.4a3c6644c7fdcdc349eacebe9a97fbd7.jpg,TP,3,9,0.9653470437017995,9583,9530,4621.431327160493,4595.871913580247
ZAINA-679-B_010_jpg.rf.4a3c6644c7fdcdc349eacebe9a97fbd7.jpg,TP,1,8,0.962397617274758,7782,8031,3752.8935185185182,3872.974537037037
ZAINA-679-B_010_jpg.rf.4a3c6644c7fdcdc349eacebe9a97fbd7.jpg,TP,19,3,0.9606003752345216,5273,5177,2542.920524691358,2496.6242283950614
ZAINA-679-B_010_jpg.rf.4a3c6644c7fdcdc349eacebe9a97fbd7.jpg,TP,16,22,0.9605747327843,5585,5604,2693.383487654321,2702.546296296296
ZAINA-679-B_010_jpg.rf.4a3c6644c7fdcdc349eacebe9a97fbd7.jpg,TP,5,32,0.9596809924678777,4417,4429,2130.1118827160494,2135.8989197530864
ZAINA-679-B_010_jpg.rf.4a3c6644c7fdcdc349eacebe9a97fbd7.jpg,TP,15,36,0.9594855305466238,3095,2999,1492.5733024691358,1446.2770061728395
ZAINA-679-B_010_jpg.rf.4a3c6644c7fdcdc349eacebe9a97fbd7.jpg,TP,37,21,0.95768467244802,9361,9376,4514.371141975308,4521.604938271605
ZAINA-679-B_010_jpg.rf.4a3c6644c7fdcdc349eacebe9a97fbd7.jpg,TP,27,13,0.9574843044388148,8960,8812,4320.9876543209875,4249.614197530864
ZAINA-679-B_010_jpg.rf.4a3c6644c7fdcdc349eacebe9a97fbd7.jpg,TP,28,4,0.95525956284153,2873,2852,1385.5131172839506,1375.3858024691358
ZAINA-679-B_010_jpg.rf.4a3c6644c7fdcdc349eacebe9a97fbd7.jpg,TP,29,25,0.9528822055137844,3959,3833,1909.2399691358023,1848.4760802469134
ZAINA-679-B_010_jpg.rf.4a3c6644c7fdcdc349eacebe9a97fbd7.jpg,TP,24,34,0.9513432835820895,3297,3240,1589.9884259259259,1562.5
ZAINA-679-B_010_jpg.rf.4a3c6644c7fdcdc349eacebe9a97fbd7.jpg,TP,8,30,0.9491466388018113,2767,2829,1334.3942901234568,1364.2939814814815
ZAINA-679-B_010_jpg.rf.4a3c6644c7fdcdc349eacebe9a97fbd7.jpg,TP,11,2,0.9466958744067178,7919,8077,3818.9621913580245,3895.1581790123455
ZAINA-679-B_010_jpg.rf.4a3c6644c7fdcdc349eacebe9a97fbd7.jpg,TP,13,10,0.9449090014756517,1952,2002,941.358024691358,965.4706790123456
ZAINA-679-B_010_jpg.rf.4a3c6644c7fdcdc349eacebe9a97fbd7.jpg,TP,7,15,0.9441808540329333,3488,3478,1682.0987654320986,1677.2762345679012
ZAINA-679-B_010_jpg.rf.4a3c6644c7fdcdc349eacebe9a97fbd7.jpg,TP,31,37,0.9426900584795321,18128,18414,8742.283950617284,8880.208333333332
ZAINA-679-B_010_jpg.rf.4a3c6644c7fdcdc349eacebe9a97fbd7.jpg,TP,9,7,0.940099398378237,3637,3780,1753.9544753086418,1822.9166666666665
ZAINA-679-B_010_jpg.rf.4a3c6644c7fdcdc349eacebe9a97fbd7.jpg,TP,20,1,0.9389736477115118,1418,1378,683.8348765432098,664.5447530864197
ZAINA-679-B_010_jpg.rf.4a3c6644c7fdcdc349eacebe9a97fbd7.jpg,TP,0,31,0.9354699003897792,4444,4494,2143.1327160493825,2167.2453703703704
ZAINA-679-B_010_jpg.rf.4a3c6644c7fdcdc349eacebe9a97fbd7.jpg,TP,36,24,0.9330555555555555,3429,3530,1653.6458333333333,1702.3533950617284
ZAINA-679-B_010_jpg.rf.4a3c6644c7fdcdc349eacebe9a97fbd7.jpg,TP,17,17,0.9304224352147675,2773,2665,1337.2878086419753,1285.2044753086418
ZAINA-679-B_010_jpg.rf.4a3c6644c7fdcdc349eacebe9a97fbd7.jpg,TP,2,14,0.9275990099009901,3111,3119,1500.2893518518517,1504.1473765432097
ZAINA-679-B_010_jpg.rf.4a3c6644c7fdcdc349eacebe9a97fbd7.jpg,TP,14,5,0.9179604510540939,5640,6096,2719.9074074074074,2939.814814814815
ZAINA-679-B_010_jpg.rf.4a3c6644c7fdcdc349eacebe9a97fbd7.jpg,TP,30,12,0.9177101967799642,2709,2651,1306.423611111111,1278.4529320987654
ZAINA-679-B_010_jpg.rf.4a3c6644c7fdcdc349eacebe9a97fbd7.jpg,TP,18,27,0.9174807197943444,3640,3819,1755.4012345679012,1841.724537037037
ZAINA-679-B_010_jpg.rf.4a3c6644c7fdcdc349eacebe9a97fbd7.jpg,TP,23,0,0.9118663594470046,1671,1648,805.8449074074074,794.753086419753
ZAINA-679-B_010_jpg.rf.4a3c6644c7fdcdc349eacebe9a97fbd7.jpg,TP,10,28,0.9103525881470368,2640,2453,1273.148148148148,1182.9668209876543
ZAINA-679-B_010_jpg.rf.4a3c6644c7fdcdc349eacebe9a97fbd7.jpg,TP,32,26,0.9000537345513165,1718,1818,828.5108024691358,876.7361111111111
ZAINA-679-B_010_jpg.rf.4a3c6644c7fdcdc349eacebe9a97fbd7.jpg,TP,12,29,0.8982640290674203,2460,2242,1186.3425925925926,1081.2114197530864
ZAINA-679-B_010_jpg.rf.4a3c6644c7fdcdc349eacebe9a97fbd7.jpg,TP,25,16,0.8682864450127877,712,749,343.3641975308642,361.20756172839504
ZAINA-679-B_010_jpg.rf.4a3c6644c7fdcdc349eacebe9a97fbd7.jpg,TP,26,6,0.8614609571788413,684,794,329.8611111111111,382.90895061728395
ZAINA-679-B_010_jpg.rf.4a3c6644c7fdcdc349eacebe9a97fbd7.jpg,TP,4,33,0.5880613362541074,17971,11027,8666.570216049382,5317.804783950617
ZAINA-679-B_010_jpg.rf.4a3c6644c7fdcdc349eacebe9a97fbd7.jpg,TP,21,35,0.559375,7591,4385,3660.7831790123455,2114.679783950617
ZAINA-679-B_010_jpg.rf.4a3c6644c7fdcdc349eacebe9a97fbd7.jpg,FP,6,-1,0.0,0,6943,0.0,3348.2831790123455
ZAINA-679-B_010_jpg.rf.4a3c6644c7fdcdc349eacebe9a97fbd7.jpg,FP,22,-1,0.0,0,3336,0.0,1608.7962962962963
ZAINA-679-B_010_jpg.rf.4a3c6644c7fdcdc349eacebe9a97fbd7.jpg,FP,33,-1,0.0,0,4363,0.0,2104.0702160493825
ZAINA-679-B_010_jpg.rf.4a3c6644c7fdcdc349eacebe9a97fbd7.jpg,FP,34,-1,0.0,0,1619,0.0,780.7677469135803
ZAINA-679-B_010_jpg.rf.4a3c6644c7fdcdc349eacebe9a97fbd7.jpg,FP,35,-1,0.0,0,4075,0.0,1965.1813271604938
ZAINA-679-B_010_jpg.rf.4a3c6644c7fdcdc349eacebe9a97fbd7.jpg,FP,38,-1,0.0,0,2945,0.0,1420.2353395061727
ZAINA-679-B_010_jpg.rf.4a3c6644c7fdcdc349eacebe9a97fbd7.jpg,FP,39,-1,0.0,0,6696,0.0,3229.1666666666665
ZAINA-679-B_010_jpg.rf.4a3c6644c7fdcdc349eacebe9a97fbd7.jpg,FN,-1,11,0.0,8531,0,4114.101080246914,0.0
ZAINA-679-B_010_jpg.rf.4a3c6644c7fdcdc349eacebe9a97fbd7.jpg,FN,-1,18,0.0,6630,0,3197.3379629629626,0.0
ZAINA-679-B_010_jpg.rf.4a3c6644c7fdcdc349eacebe9a97fbd7.jpg,FN,-1,19,0.0,1186,0,571.9521604938271,0.0
ZAINA-679-B_010_jpg.rf.4a3c6644c7fdcdc349eacebe9a97fbd7.jpg,FN,-1,20,0.0,439,0,211.7091049382716,0.0
ZAINA-679-B_010_jpg.rf.4a3c6644c7fdcdc349eacebe9a97fbd7.jpg,FN,-1,23,0.0,10063,0,4852.912808641975,0.0
TP-B_001_jpg.rf.476ac40460a2659ffbad7973abf99d86.jpg,TP,15,8,0.967269032585819,27366,26848,13197.337962962962,12947.53086419753
TP-B_001_jpg.rf.476ac40460a2659ffbad7973abf99d86.jpg,TP,3,10,0.9593059936908518,3135,3076,1511.8634259259259,1483.4104938271605
TP-B_001_jpg.rf.476ac40460a2659ffbad7973abf99d86.jpg,TP,22,18,0.9580022701475596,2616,2559,1261.574074074074,1234.085648148148
TP-B_001_jpg.rf.476ac40460a2659ffbad7973abf99d86.jpg,TP,14,15,0.9571605593910426,5630,5426,2715.0848765432097,2616.70524691358
TP-B_001_jpg.rf.476ac40460a2659ffbad7973abf99d86.jpg,TP,4,12,0.9564098163720611,5669,5731,2733.89274691358,2763.7924382716046
TP-B_001_jpg.rf.476ac40460a2659ffbad7973abf99d86.jpg,TP,13,3,0.9505851755526658,1506,1494,726.2731481481482,720.4861111111111
TP-B_001_jpg.rf.476ac40460a2659ffbad7973abf99d86.jpg,TP,11,9,0.9485795905411839,6222,6056,3000.5787037037035,2920.5246913580245
TP-B_001_jpg.rf.476ac40460a2659ffbad7973abf99d86.jpg,TP,8,6,0.9459671104150352,1263,1222,609.0856481481482,589.3132716049382
TP-B_001_jpg.rf.476ac40460a2659ffbad7973abf99d86.jpg,TP,12,4,0.9458272327964861,1987,2000,958.2368827160493,964.5061728395061
TP-B_001_jpg.rf.476ac40460a2659ffbad7973abf99d86.jpg,TP,0,25,0.9424609029212156,13339,12993,6432.773919753086,6265.914351851851
TP-B_001_jpg.rf.476ac40460a2659ffbad7973abf99d86.jpg,TP,9,7,0.9413740458015267,3250,3108,1567.3225308641975,1498.8425925925926
TP-B_001_jpg.rf.476ac40460a2659ffbad7973abf99d86.jpg,TP,2,16,0.9387492861222159,6639,6940,3201.6782407407404,3346.8364197530864
TP-B_001_jpg.rf.476ac40460a2659ffbad7973abf99d86.jpg,TP,1,11,0.9385665529010239,3122,3126,1505.594135802469,1507.523148148148
TP-B_001_jpg.rf.476ac40460a2659ffbad7973abf99d86.jpg,TP,6,17,0.937989857076994,4295,4112,2071.2770061728393,1983.0246913580245
TP-B_001_jpg.rf.476ac40460a2659ffbad7973abf99d86.jpg,TP,18,2,0.9378181818181818,2741,2588,1321.8557098765432,1248.070987654321
TP-B_001_jpg.rf.476ac40460a2659ffbad7973abf99d86.jpg,TP,7,13,0.9374607822631249,4693,4570,2263.213734567901,2203.8966049382716
TP-B_001_jpg.rf.476ac40460a2659ffbad7973abf99d86.jpg,TP,19,1,0.9363543788187373,1913,1890,922.5501543209876,911.4583333333333
TP-B_001_jpg.rf.476ac40460a2659ffbad7973abf99d86.jpg,TP,25,24,0.9360204734484965,4609,4469,2222.704475308642,2155.189043209876
TP-B_001_jpg.rf.476ac40460a2659ffbad7973abf99d86.jpg,TP,17,14,0.9351351351351351,1633,1589,787.5192901234567,766.3001543209876
TP-B_001_jpg.rf.476ac40460a2659ffbad7973abf99d86.jpg,TP,5,0,0.9340613187736245,4542,4668,2190.3935185185182,2251.1574074074074
TP-B_001_jpg.rf.476ac40460a2659ffbad7973abf99d86.jpg,TP,28,30,0.9262160549089824,12852,12967,6197.916666666666,6253.375771604938
TP-B_001_jpg.rf.476ac40460a2659ffbad7973abf99d86.jpg,TP,16,26,0.9238830667402096,1794,1694,865.162037037037,816.9367283950617
TP-B_001_jpg.rf.476ac40460a2659ffbad7973abf99d86.jpg,TP,10,5,0.9150657229524772,977,917,471.16126543209873,442.22608024691357
TP-B_001_jpg.rf.476ac40460a2659ffbad7973abf99d86.jpg,TP,26,23,0.9073305670816044,688,691,331.7901234567901,333.23688271604937
TP-B_001_jpg.rf.476ac40460a2659ffbad7973abf99d86.jpg,TP,24,28,0.8871794871794871,183,185,88.25231481481481,89.21682098765432
TP-B_001_jpg.rf.476ac40460a2659ffbad7973abf99d86.jpg,TP,20,29,0.8809574242745181,4705,4175,2269.000771604938,2013.406635802469
TP-B_001_jpg.rf.476ac40460a2659ffbad7973abf99d86.jpg,TP,23,19,0.8744769874476988,229,219,110.43595679012346,105.61342592592592
TP-B_001_jpg.rf.476ac40460a2659ffbad7973abf99d86.jpg,TP,21,20,0.668433558764394,3763,5365,1814.7183641975307,2587.287808641975
TP-B_001_jpg.rf.476ac40460a2659ffbad7973abf99d86.jpg,TP,27,27,0.6627906976744186,168,118,81.01851851851852,56.90586419753086
TP-B_001_jpg.rf.476ac40460a2659ffbad7973abf99d86.jpg,FP,29,-1,0.0,0,17608,0.0,8491.512345679012
TP-B_001_jpg.rf.476ac40460a2659ffbad7973abf99d86.jpg,FN,-1,21,0.0,1588,0,765.8179012345679,0.0
TP-B_001_jpg.rf.476ac40460a2659ffbad7973abf99d86.jpg,FN,-1,22,0.0,5685,0,2741.608796296296,0.0
ROSILHA-M-G_017_jpg.rf.85fc7b8a7b63a2cbb64907a1c82d5d51.jpg,TP,1,14,0.9614648811150588,3628,3549,1749.6141975308642,1711.5162037037037
ROSILHA-M-G_017_jpg.rf.85fc7b8a7b63a2cbb64907a1c82d5d51.jpg,TP,0,16,0.953665568369028,4793,4694,2311.439043209876,2263.695987654321
ROSILHA-M-G_017_jpg.rf.85fc7b8a7b63a2cbb64907a1c82d5d51.jpg,TP,8,11,0.9516106540231488,7031,6964,3390.7214506172836,3358.4104938271603
ROSILHA-M-G_017_jpg.rf.85fc7b8a7b63a2cbb64907a1c82d5d51.jpg,TP,9,2,0.9476727377854871,6749,6725,3254.7260802469136,3243.1520061728393
ROSILHA-M-G_017_jpg.rf.85fc7b8a7b63a2cbb64907a1c82d5d51.jpg,TP,4,10,0.9450897571277719,1860,1824,896.9907407407406,879.6296296296296
ROSILHA-M-G_017_jpg.rf.85fc7b8a7b63a2cbb64907a1c82d5d51.jpg,TP,2,1,0.943026706231454,5049,4773,2434.895833333333,2301.7939814814813
ROSILHA-M-G_017_jpg.rf.85fc7b8a7b63a2cbb64907a1c82d5d51.jpg,TP,3,9,0.9420593368237348,5666,5462,2732.445987654321,2634.0663580246915
ROSILHA-M-G_017_jpg.rf.85fc7b8a7b63a2cbb64907a1c82d5d51.jpg,TP,13,12,0.9379261697625205,4162,4080,2007.1373456790122,1967.5925925925926
ROSILHA-M-G_017_jpg.rf.85fc7b8a7b63a2cbb64907a1c82d5d51.jpg,TP,7,8,0.9293286219081273,2770,2690,1335.841049382716,1297.2608024691358
ROSILHA-M-G_017_jpg.rf.85fc7b8a7b63a2cbb64907a1c82d5d51.jpg,TP,5,15,0.9286592865928659,1578,1558,760.9953703703703,751.3503086419753
ROSILHA-M-G_017_jpg.rf.85fc7b8a7b63a2cbb64907a1c82d5d51.jpg,TP,10,0,0.9257406694882647,2501,2504,1206.1149691358023,1207.5617283950617
ROSILHA-M-G_017_jpg.rf.85fc7b8a7b63a2cbb64907a1c82d5d51.jpg,TP,6,7,0.9253843269591301,2635,2500,1270.7368827160494,1205.6327160493827
ROSILHA-M-G_017_jpg.rf.85fc7b8a7b63a2cbb64907a1c82d5d51.jpg,TP,11,6,0.9198513800424628,1859,1758,896.5084876543209,847.8009259259259
ROSILHA-M-G_017_jpg.rf.85fc7b8a7b63a2cbb64907a1c82d5d51.jpg,TP,12,5,0.89728453364817,766,841,369.40586419753083,405.5748456790123
ROSILHA-M-G_017_jpg.rf.85fc7b8a7b63a2cbb64907a1c82d5d51.jpg,TP,17,4,0.8812785388127854,3495,3097,1685.474537037037,1493.5378086419753
ROSILHA-M-G_017_jpg.rf.85fc7b8a7b63a2cbb64907a1c82d5d51.jpg,TP,16,3,0.8701721731037692,2118,1901,1021.412037037037,916.7631172839506
ROSILHA-M-G_017_jpg.rf.85fc7b8a7b63a2cbb64907a1c82d5d51.jpg,TP,14,13,0.8419734535437015,3966,3389,1912.6157407407406,1634.3557098765432
ROSILHA-M-G_017_jpg.rf.85fc7b8a7b63a2cbb64907a1c82d5d51.jpg,FP,15,-1,0.0,0,218,0.0,105.13117283950616
TORDILHA-B_009_jpg.rf.5902113a7929ec9592dc2b09471de461.jpg,TP,40,33,0.9605695509309967,9757,9933,4705.343364197531,4790.219907407407
TORDILHA-B_009_jpg.rf.5902113a7929ec9592dc2b09471de461.jpg,TP,30,37,0.9578550344375205,5944,5995,2866.512345679012,2891.1072530864194
TORDILHA-B_009_jpg.rf.5902113a7929ec9592dc2b09471de461.jpg,TP,0,36,0.9536118980169972,5492,5542,2648.5339506172836,2672.6466049382716
TORDILHA-B_009_jpg.rf.5902113a7929ec9592dc2b09471de461.jpg,TP,5,26,0.9508949059201468,2091,2160,1008.3912037037037,1041.6666666666665
TORDILHA-B_009_jpg.rf.5902113a7929ec9592dc2b09471de461.jpg,TP,47,5,0.9466666666666667,4453,4453,2147.4729938271603,2147.4729938271603
TORDILHA-B_009_jpg.rf.5902113a7929ec9592dc2b09471de461.jpg,TP,6,4,0.9457831325301205,1966,1910,948.1095679012345,921.1033950617284
TORDILHA-B_009_jpg.rf.5902113a7929ec9592dc2b09471de461.jpg,TP,4,31,0.9456730769230769,2030,2017,978.9737654320987,972.7044753086419
TORDILHA-B_009_jpg.rf.5902113a7929ec9592dc2b09471de461.jpg,TP,2,3,0.9394267171444024,1795,1791,865.6442901234567,863.7152777777777
TORDILHA-B_009_jpg.rf.5902113a7929ec9592dc2b09471de461.jpg,TP,17,17,0.9389312977099237,2030,2034,978.9737654320987,980.9027777777777
TORDILHA-B_009_jpg.rf.5902113a7929ec9592dc2b09471de461.jpg,TP,34,38,0.9348595704507906,4084,4114,1969.5216049382716,1983.9891975308642
TORDILHA-B_009_jpg.rf.5902113a7929ec9592dc2b09471de461.jpg,TP,20,21,0.9317718940936863,1854,1940,894.0972222222222,935.5709876543209
TORDILHA-B_009_jpg.rf.5902113a7929ec9592dc2b09471de461.jpg,TP,21,0,0.9268912905276542,2983,3079,1438.5609567901233,1484.8572530864196
TORDILHA-B_009_jpg.rf.5902113a7929ec9592dc2b09471de461.jpg,TP,14,23,0.925367778973807,2663,2703,1284.2399691358023,1303.5300925925926
TORDILHA-B_009_jpg.rf.5902113a7929ec9592dc2b09471de461.jpg,TP,42,30,0.9241071428571429,3687,3640,1778.0671296296296,1755.4012345679012
TORDILHA-B_009_jpg.rf.5902113a7929ec9592dc2b09471de461.jpg,TP,9,22,0.9160604364857303,1694,1730,816.9367283950617,834.2978395061727
TORDILHA-B_009_jpg.rf.5902113a7929ec9592dc2b09471de461.jpg,TP,15,1,0.9155844155844156,1631,1614,786.5547839506172,778.3564814814814
TORDILHA-B_009_jpg.rf.5902113a7929ec9592dc2b09471de461.jpg,TP,11,8,0.9150485436893204,1589,1567,766.3001543209876,755.690586419753
TORDILHA-B_009_jpg.rf.5902113a7929ec9592dc2b09471de461.jpg,TP,27,16,0.911787072243346,1238,1276,597.0293209876543,615.354938271605
TORDILHA-B_009_jpg.rf.5902113a7929ec9592dc2b09471de461.jpg,TP,22,32,0.9079885877318117,2586,2764,1247.1064814814815,1332.9475308641975
TORDILHA-B_009_jpg.rf.5902113a7929ec9592dc2b09471de461.jpg,TP,29,28,0.9028651292802237,1379,1344,665.0270061728395,648.1481481481482
TORDILHA-B_009_jpg.rf.5902113a7929ec9592dc2b09471de461.jpg,TP,8,35,0.899873790492217,2181,2335,1051.7939814814815,1126.0609567901233
TORDILHA-B_009_jpg.rf.5902113a7929ec9592dc2b09471de461.jpg,TP,1,24,0.899184581171238,2548,2576,1228.7808641975307,1242.2839506172838
TORDILHA-B_009_jpg.rf.5902113a7929ec9592dc2b09471de461.jpg,TP,24,46,0.8986301369863013,1364,1408,657.7932098765432,679.0123456790124
TORDILHA-B_009_jpg.rf.5902113a7929ec9592dc2b09471de461.jpg,TP,32,2,0.8925339366515838,795,878,383.3912037037037,423.4182098765432
TORDILHA-B_009_jpg.rf.5902113a7929ec9592dc2b09471de461.jpg,TP,37,39,0.8883374689826302,2683,2644,1293.8850308641975,1275.077160493827
TORDILHA-B_009_jpg.rf.5902113a7929ec9592dc2b09471de461.jpg,TP,26,12,0.8880994671403197,511,552,246.43132716049382,266.2037037037037
TORDILHA-B_009_jpg.rf.5902113a7929ec9592dc2b09471de461.jpg,TP,10,10,0.8870662460567823,1485,1506,716.1458333333333,726.2731481481482
TORDILHA-B_009_jpg.rf.5902113a7929ec9592dc2b09471de461.jpg,TP,16,29,0.8784838350055741,864,821,416.66666666666663,395.92978395061726
TORDILHA-B_009_jpg.rf.5902113a7929ec9592dc2b09471de461.jpg,TP,13,25,0.8773972602739726,1447,1294,697.8202160493827,624.0354938271605
TORDILHA-B_009_jpg.rf.5902113a7929ec9592dc2b09471de461.jpg,TP,12,34,0.8767833981841764,1460,1434,704.0895061728395,691.5509259259259
TORDILHA-B_009_jpg.rf.5902113a7929ec9592dc2b09471de461.jpg,TP,31,40,0.8736559139784946,737,657,355.420524691358,316.84027777777777
TORDILHA-B_009_jpg.rf.5902113a7929ec9592dc2b09471de461.jpg,TP,7,9,0.873449920508744,3096,2796,1493.0555555555554,1348.3796296296296
TORDILHA-B_009_jpg.rf.5902113a7929ec9592dc2b09471de461.jpg,TP,19,6,0.8733750601829562,1906,1985,919.1743827160493,957.2723765432098
TORDILHA-B_009_jpg.rf.5902113a7929ec9592dc2b09471de461.jpg,TP,45,44,0.8721590909090909,345,314,166.3773148148148,151.42746913580245
TORDILHA-B_009_jpg.rf.5902113a7929ec9592dc2b09471de461.jpg,TP,23,47,0.8700972701600251,2880,3080,1388.888888888889,1485.3395061728395
TORDILHA-B_009_jpg.rf.5902113a7929ec9592dc2b09471de461.jpg,TP,46,14,0.8671182907764461,1667,1916,803.9158950617284,923.9969135802469
TORDILHA-B_009_jpg.rf.5902113a7929ec9592dc2b09471de461.jpg,TP,41,45,0.8656126482213439,1576,1728,760.0308641975308,833.3333333333333
TORDILHA-B_009_jpg.rf.5902113a7929ec9592dc2b09471de461.jpg,TP,39,18,0.8623610375860243,1666,1852,803.4336419753085,893.1327160493827
TORDILHA-B_009_jpg.rf.5902113a7929ec9592dc2b09471de461.jpg,TP,33,27,0.8572874493927125,901,934,434.5100308641975,450.42438271604937
TORDILHA-B_009_jpg.rf.5902113a7929ec9592dc2b09471de461.jpg,TP,18,7,0.8377069035123133,2339,2213,1127.9899691358023,1067.2260802469136
TORDILHA-B_009_jpg.rf.5902113a7929ec9592dc2b09471de461.jpg,TP,38,15,0.7877094972067039,164,156,79.0895061728395,75.23148148148148
TORDILHA-B_009_jpg.rf.5902113a7929ec9592dc2b09471de461.jpg,TP,36,41,0.7734939759036145,400,336,192.9012345679012,162.03703703703704
TORDILHA-B_009_jpg.rf.5902113a7929ec9592dc2b09471de461.jpg,TP,35,42,0.7183098591549296,213,153,102.7199074074074,73.78472222222221
TORDILHA-B_009_jpg.rf.5902113a7929ec9592dc2b09471de461.jpg,TP,25,19,0.708433734939759,2428,3244,1170.9104938271605,1564.429012345679
TORDILHA-B_009_jpg.rf.5902113a7929ec9592dc2b09471de461.jpg,TP,3,20,0.6807898773006135,5131,3636,2474.440586419753,1753.4722222222222
TORDILHA-B_009_jpg.rf.5902113a7929ec9592dc2b09471de461.jpg,TP,49,43,0.6455445544554456,1429,1064,689.1396604938271,513.1172839506172
TORDILHA-B_009_jpg.rf.5902113a7929ec9592dc2b09471de461.jpg,FP,28,-1,0.0,0,1499,0.0,722.8973765432098
TORDILHA-B_009_jpg.rf.5902113a7929ec9592dc2b09471de461.jpg,FP,43,-1,0.0,0,2140,0.0,1032.0216049382716
TORDILHA-B_009_jpg.rf.5902113a7929ec9592dc2b09471de461.jpg,FP,44,-1,0.0,0,719,0.0,346.7399691358024
TORDILHA-B_009_jpg.rf.5902113a7929ec9592dc2b09471de461.jpg,FP,48,-1,0.0,0,2206,0.0,1063.8503086419753
TORDILHA-B_009_jpg.rf.5902113a7929ec9592dc2b09471de461.jpg,FN,-1,11,0.0,31,0,14.949845679012345,0.0
TORDILHA-B_009_jpg.rf.5902113a7929ec9592dc2b09471de461.jpg,FN,-1,13,0.0,27,0,13.020833333333332,0.0
ROSILHA-M-D_009_jpg.rf.b52035c8fe5fd87e1eed76dc4bbe6a14.jpg,TP,3,16,0.9734585243235251,13442,13251,6482.445987654321,6390.335648148148
ROSILHA-M-D_009_jpg.rf.b52035c8fe5fd87e1eed76dc4bbe6a14.jpg,TP,13,0,0.9712436013249022,6498,6595,3133.680555555555,3180.4591049382716
ROSILHA-M-D_009_jpg.rf.b52035c8fe5fd87e1eed76dc4bbe6a14.jpg,TP,1,11,0.9709007294640025,12548,12309,6051.311728395061,5936.053240740741
ROSILHA-M-D_009_jpg.rf.b52035c8fe5fd87e1eed76dc4bbe6a14.jpg,TP,7,5,0.969267484901617,20371,20062,9823.977623456789,9674.961419753086
ROSILHA-M-D_009_jpg.rf.b52035c8fe5fd87e1eed76dc4bbe6a14.jpg,TP,4,20,0.9675707203266258,17036,16698,8215.663580246914,8052.6620370370365
ROSILHA-M-D_009_jpg.rf.b52035c8fe5fd87e1eed76dc4bbe6a14.jpg,TP,16,24,0.9657089898053753,2117,2125,1020.9297839506172,1024.7878086419753
ROSILHA-M-D_009_jpg.rf.b52035c8fe5fd87e1eed76dc4bbe6a14.jpg,TP,0,9,0.9644789293849658,14003,13594,6752.989969135802,6555.748456790123
ROSILHA-M-D_009_jpg.rf.b52035c8fe5fd87e1eed76dc4bbe6a14.jpg,TP,6,10,0.9534883720930233,5127,5037,2472.511574074074,2429.108796296296
ROSILHA-M-D_009_jpg.rf.b52035c8fe5fd87e1eed76dc4bbe6a14.jpg,TP,2,12,0.9520111278544106,8550,8290,4123.263888888889,3997.878086419753
ROSILHA-M-D_009_jpg.rf.b52035c8fe5fd87e1eed76dc4bbe6a14.jpg,TP,12,18,0.9511830635118307,7944,7724,3831.0185185185182,3724.9228395061727
ROSILHA-M-D_009_jpg.rf.b52035c8fe5fd87e1eed76dc4bbe6a14.jpg,TP,9,1,0.9496871741397289,3754,3725,1810.378086419753,1796.3927469135801
ROSILHA-M-D_009_jpg.rf.b52035c8fe5fd87e1eed76dc4bbe6a14.jpg,TP,8,19,0.9483783783783784,7271,7147,3506.4621913580245,3446.662808641975
ROSILHA-M-D_009_jpg.rf.b52035c8fe5fd87e1eed76dc4bbe6a14.jpg,TP,15,7,0.9427679500520292,2841,2760,1370.0810185185185,1331.0185185185185
ROSILHA-M-D_009_jpg.rf.b52035c8fe5fd87e1eed76dc4bbe6a14.jpg,TP,10,4,0.9379858657243816,5639,5330,2719.4251543209875,2570.4089506172836
ROSILHA-M-D_009_jpg.rf.b52035c8fe5fd87e1eed76dc4bbe6a14.jpg,TP,5,13,0.9379229185054427,3378,3209,1629.0509259259259,1547.5501543209875
ROSILHA-M-D_009_jpg.rf.b52035c8fe5fd87e1eed76dc4bbe6a14.jpg,TP,11,8,0.9367695534911598,3327,3136,1604.4560185185185,1512.3456790123455
ROSILHA-M-D_009_jpg.rf.b52035c8fe5fd87e1eed76dc4bbe6a14.jpg,TP,20,2,0.9291784702549575,2637,2811,1271.701388888889,1355.6134259259259
ROSILHA-M-D_009_jpg.rf.b52035c8fe5fd87e1eed76dc4bbe6a14.jpg,TP,17,25,0.9266356419381331,3548,3490,1711.0339506172838,1683.063271604938
ROSILHA-M-D_009_jpg.rf.b52035c8fe5fd87e1eed76dc4bbe6a14.jpg,TP,14,6,0.9188138065143413,2050,1897,988.6188271604938,914.8341049382716
ROSILHA-M-D_009_jpg.rf.b52035c8fe5fd87e1eed76dc4bbe6a14.jpg,TP,18,14,0.9126948775055679,2191,2103,1056.616512345679,1014.1782407407406
ROSILHA-M-D_009_jpg.rf.b52035c8fe5fd87e1eed76dc4bbe6a14.jpg,TP,19,23,0.8988716201830956,32761,29672,15799.09336419753,14309.413580246914
ROSILHA-M-D_009_jpg.rf.b52035c8fe5fd87e1eed76dc4bbe6a14.jpg,TP,21,17,0.8661710037174721,268,234,129.24382716049382,112.84722222222221
ROSILHA-M-D_009_jpg.rf.b52035c8fe5fd87e1eed76dc4bbe6a14.jpg,TP,26,21,0.790937640197398,4411,3573,2127.2183641975307,1723.0902777777776
ROSILHA-M-D_009_jpg.rf.b52035c8fe5fd87e1eed76dc4bbe6a14.jpg,TP,24,15,0.7619047619047619,186,147,89.69907407407408,70.8912037037037
ROSILHA-M-D_009_jpg.rf.b52035c8fe5fd87e1eed76dc4bbe6a14.jpg,TP,22,3,0.7337969401947149,14231,10701,6862.943672839506,5160.590277777777
ROSILHA-M-D_009_jpg.rf.b52035c8fe5fd87e1eed76dc4bbe6a14.jpg,FP,23,-1,0.0,0,3102,0.0,1495.949074074074
ROSILHA-M-D_009_jpg.rf.b52035c8fe5fd87e1eed76dc4bbe6a14.jpg,FP,25,-1,0.0,0,1984,0.0,956.7901234567901
ROSILHA-M-D_009_jpg.rf.b52035c8fe5fd87e1eed76dc4bbe6a14.jpg,FN,-1,22,0.0,3240,0,1562.5,0.0
TORDILHA-D_006_jpg.rf.d879d44ef1add0b327aa39f6650afc47.jpg,TP,24,1,0.9487849892340818,6495,6176,3132.233796296296,2978.395061728395
TORDILHA-D_006_jpg.rf.d879d44ef1add0b327aa39f6650afc47.jpg,TP,25,14,0.9481171548117154,3562,3422,1717.7854938271605,1650.270061728395
TORDILHA-D_006_jpg.rf.d879d44ef1add0b327aa39f6650afc47.jpg,TP,0,9,0.9449346981997883,2828,2682,1363.8117283950617,1293.4027777777778
TORDILHA-D_006_jpg.rf.d879d44ef1add0b327aa39f6650afc47.jpg,TP,9,7,0.9438186019641825,6859,6600,3307.7739197530864,3182.8703703703704
TORDILHA-D_006_jpg.rf.d879d44ef1add0b327aa39f6650afc47.jpg,TP,7,20,0.9358435386583805,5331,5260,2570.8912037037035,2536.651234567901
TORDILHA-D_006_jpg.rf.d879d44ef1add0b327aa39f6650afc47.jpg,TP,6,11,0.9324912891986062,2289,2148,1103.8773148148148,1035.8796296296296
TORDILHA-D_006_jpg.rf.d879d44ef1add0b327aa39f6650afc47.jpg,TP,13,0,0.9263245033112583,1192,1135,574.8456790123456,547.3572530864197
TORDILHA-D_006_jpg.rf.d879d44ef1add0b327aa39f6650afc47.jpg,TP,5,13,0.919149246121349,13635,12713,6575.520833333333,6130.883487654321
TORDILHA-D_006_jpg.rf.d879d44ef1add0b327aa39f6650afc47.jpg,TP,2,10,0.9189260331666228,3766,3524,1816.16512345679,1699.4598765432097
TORDILHA-D_006_jpg.rf.d879d44ef1add0b327aa39f6650afc47.jpg,TP,35,15,0.9156299840510367,12277,11745,5920.621141975308,5664.0625
TORDILHA-D_006_jpg.rf.d879d44ef1add0b327aa39f6650afc47.jpg,TP,8,12,0.9135036496350365,2737,2506,1319.9266975308642,1208.5262345679012
TORDILHA-D_006_jpg.rf.d879d44ef1add0b327aa39f6650afc47.jpg,TP,4,5,0.9122861345513664,12907,11794,6224.440586419752,5687.692901234567
TORDILHA-D_006_jpg.rf.d879d44ef1add0b327aa39f6650afc47.jpg,TP,11,8,0.9106808244846971,1574,1485,759.0663580246913,716.1458333333333
TORDILHA-D_006_jpg.rf.d879d44ef1add0b327aa39f6650afc47.jpg,TP,14,32,0.9031382834403545,10961,10082,5285.976080246914,4862.07561728395
TORDILHA-D_006_jpg.rf.d879d44ef1add0b327aa39f6650afc47.jpg,TP,26,19,0.8938967136150234,3128,2923,1508.4876543209875,1409.625771604938
TORDILHA-D_006_jpg.rf.d879d44ef1add0b327aa39f6650afc47.jpg,TP,12,21,0.8920327624720774,1317,1224,635.1273148148148,590.2777777777777
TORDILHA-D_006_jpg.rf.d879d44ef1add0b327aa39f6650afc47.jpg,TP,19,30,0.8896366083445492,1445,1363,696.8557098765432,657.3109567901234
TORDILHA-D_006_jpg.rf.d879d44ef1add0b327aa39f6650afc47.jpg,TP,16,2,0.8845979100408905,2110,2038,1017.554012345679,982.8317901234567
TORDILHA-D_006_jpg.rf.d879d44ef1add0b327aa39f6650afc47.jpg,TP,1,17,0.8762577962577962,11804,10758,5692.515432098765,5188.0787037037035
TORDILHA-D_006_jpg.rf.d879d44ef1add0b327aa39f6650afc47.jpg,TP,3,3,0.873838630806846,4060,3604,1957.9475308641975,1738.04012345679
TORDILHA-D_006_jpg.rf.d879d44ef1add0b327aa39f6650afc47.jpg,TP,10,4,0.860345932094811,1527,1377,736.4004629629629,664.0625
TORDILHA-D_006_jpg.rf.d879d44ef1add0b327aa39f6650afc47.jpg,TP,15,16,0.8385826771653543,3048,2556,1469.9074074074074,1232.638888888889
TORDILHA-D_006_jpg.rf.d879d44ef1add0b327aa39f6650afc47.jpg,TP,20,28,0.8339558045440398,6350,5435,3062.307098765432,2621.045524691358
TORDILHA-D_006_jpg.rf.d879d44ef1add0b327aa39f6650afc47.jpg,TP,22,33,0.8289175724637681,8759,7394,4224.054783950617,3565.779320987654
TORDILHA-D_006_jpg.rf.d879d44ef1add0b327aa39f6650afc47.jpg,TP,17,26,0.5730073470395752,16139,9339,7783.0825617283945,4503.761574074074
TORDILHA-D_006_jpg.rf.d879d44ef1add0b327aa39f6650afc47.jpg,TP,18,31,0.5530612244897959,1448,835,698.3024691358024,402.6813271604938
TORDILHA-D_006_jpg.rf.d879d44ef1add0b327aa39f6650afc47.jpg,TP,29,22,0.540789815536503,7671,4190,3699.3634259259256,2020.6404320987654
TORDILHA-D_006_jpg.rf.d879d44ef1add0b327aa39f6650afc47.jpg,FP,21,-1,0.0,0,6249,0.0,3013.599537037037
TORDILHA-D_006_jpg.rf.d879d44ef1add0b327aa39f6650afc47.jpg,FP,23,-1,0.0,0,12117,0.0,5843.460648148148
TORDILHA-D_006_jpg.rf.d879d44ef1add0b327aa39f6650afc47.jpg,FP,27,-1,0.0,0,5684,0.0,2741.126543209876
TORDILHA-D_006_jpg.rf.d879d44ef1add0b327aa39f6650afc47.jpg,FP,28,-1,0.0,0,2258,0.0,1088.9274691358023
TORDILHA-D_006_jpg.rf.d879d44ef1add0b327aa39f6650afc47.jpg,FP,30,-1,0.0,0,3090,0.0,1490.162037037037
TORDILHA-D_006_jpg.rf.d879d44ef1add0b327aa39f6650afc47.jpg,FP,31,-1,0.0,0,262,0.0,126.3503086419753
TORDILHA-D_006_jpg.rf.d879d44ef1add0b327aa39f6650afc47.jpg,FP,32,-1,0.0,0,1237,0.0,596.5470679012345
TORDILHA-D_006_jpg.rf.d879d44ef1add0b327aa39f6650afc47.jpg,FP,33,-1,0.0,0,15128,0.0,7295.524691358024
TORDILHA-D_006_jpg.rf.d879d44ef1add0b327aa39f6650afc47.jpg,FP,34,-1,0.0,0,7820,0.0,3771.219135802469
TORDILHA-D_006_jpg.rf.d879d44ef1add0b327aa39f6650afc47.jpg,FN,-1,6,0.0,53,0,25.55941358024691,0.0
TORDILHA-D_006_jpg.rf.d879d44ef1add0b327aa39f6650afc47.jpg,FN,-1,18,0.0,24597,0,11861.979166666666,0.0
TORDILHA-D_006_jpg.rf.d879d44ef1add0b327aa39f6650afc47.jpg,FN,-1,23,0.0,42,0,20.25462962962963,0.0
TORDILHA-D_006_jpg.rf.d879d44ef1add0b327aa39f6650afc47.jpg,FN,-1,24,0.0,87,0,41.95601851851852,0.0
TORDILHA-D_006_jpg.rf.d879d44ef1add0b327aa39f6650afc47.jpg,FN,-1,25,0.0,28,0,13.503086419753085,0.0
TORDILHA-D_006_jpg.rf.d879d44ef1add0b327aa39f6650afc47.jpg,FN,-1,27,0.0,43,0,20.736882716049383,0.0
TORDILHA-D_006_jpg.rf.d879d44ef1add0b327aa39f6650afc47.jpg,FN,-1,29,0.0,44,0,21.219135802469136,0.0
TORDILHA-D_006_jpg.rf.d879d44ef1add0b327aa39f6650afc47.jpg,FN,-1,34,0.0,40899,0,19723.66898148148,0.0
ZAINA-679-B_011_jpg.rf.27d46a055eff6f5810ec4c5c9429b994.jpg,TP,0,4,0.9768162887552059,21375,21344,10308.159722222223,10293.20987654321
ZAINA-679-B_011_jpg.rf.27d46a055eff6f5810ec4c5c9429b994.jpg,TP,2,9,0.9752830188679246,15798,15609,7618.634259259259,7527.488425925925
ZAINA-679-B_011_jpg.rf.27d46a055eff6f5810ec4c5c9429b994.jpg,TP,4,14,0.971799053339167,24971,24602,12042.341820987655,11864.390432098764
ZAINA-679-B_011_jpg.rf.27d46a055eff6f5810ec4c5c9429b994.jpg,TP,9,13,0.971095481260237,20474,20442,9873.649691358025,9858.217592592591
ZAINA-679-B_011_jpg.rf.27d46a055eff6f5810ec4c5c9429b994.jpg,TP,7,12,0.9696160396346184,25351,25536,12225.59799382716,12314.814814814814
ZAINA-679-B_011_jpg.rf.27d46a055eff6f5810ec4c5c9429b994.jpg,TP,19,2,0.9681179899319968,11166,11119,5384.837962962963,5362.172067901234
ZAINA-679-B_011_jpg.rf.27d46a055eff6f5810ec4c5c9429b994.jpg,TP,5,6,0.967196819085487,8892,8919,4288.194444444444,4301.215277777777
ZAINA-679-B_011_jpg.rf.27d46a055eff6f5810ec4c5c9429b994.jpg,TP,12,0,0.9654142821597412,3919,3980,1889.9498456790122,1919.367283950617
ZAINA-679-B_011_jpg.rf.27d46a055eff6f5810ec4c5c9429b994.jpg,TP,1,18,0.964573944031024,9412,9332,4538.966049382716,4500.385802469135
ZAINA-679-B_011_jpg.rf.27d46a055eff6f5810ec4c5c9429b994.jpg,TP,3,11,0.9617968899980802,10145,10293,4892.4575617283945,4963.831018518518
ZAINA-679-B_011_jpg.rf.27d46a055eff6f5810ec4c5c9429b994.jpg,TP,6,15,0.9599883177570093,6714,6708,3237.847222222222,3234.9537037037035
ZAINA-679-B_011_jpg.rf.27d46a055eff6f5810ec4c5c9429b994.jpg,TP,16,1,0.9588014981273408,1584,1554,763.8888888888888,749.4212962962963
ZAINA-679-B_011_jpg.rf.27d46a055eff6f5810ec4c5c9429b994.jpg,TP,14,16,0.9531001589825119,2504,2410,1207.5617283950617,1162.2299382716049
ZAINA-679-B_011_jpg.rf.27d46a055eff6f5810ec4c5c9429b994.jpg,TP,13,5,0.9529863276565124,4069,4073,1962.2878086419753,1964.2168209876543
ZAINA-679-B_011_jpg.rf.27d46a055eff6f5810ec4c5c9429b994.jpg,TP,10,19,0.9491433444453058,12866,12276,6204.668209876543,5920.138888888889
ZAINA-679-B_011_jpg.rf.27d46a055eff6f5810ec4c5c9429b994.jpg,TP,15,7,0.9484657749803305,2491,2462,1201.2924382716049,1187.307098765432
ZAINA-679-B_011_jpg.rf.27d46a055eff6f5810ec4c5c9429b994.jpg,TP,8,17,0.9373394966615306,3800,3744,1832.5617283950617,1805.5555555555554
ZAINA-679-B_011_jpg.rf.27d46a055eff6f5810ec4c5c9429b994.jpg,TP,17,10,0.9359243697478992,2789,2740,1345.0038580246912,1321.3734567901233
ZAINA-679-B_011_jpg.rf.27d46a055eff6f5810ec4c5c9429b994.jpg,TP,11,8,0.934732824427481,2582,2487,1245.1774691358023,1199.3634259259259
ZAINA-679-B_011_jpg.rf.27d46a055eff6f5810ec4c5c9429b994.jpg,TP,18,21,0.8953969800292255,31917,30343,15392.07175925926,14633.005401234566
ZAINA-679-B_011_jpg.rf.27d46a055eff6f5810ec4c5c9429b994.jpg,TP,21,20,0.8282535074987906,1736,2043,837.1913580246913,985.2430555555555
ZAINA-679-B_011_jpg.rf.27d46a055eff6f5810ec4c5c9429b994.jpg,TP,20,3,0.8173652694610778,281,326,135.5131172839506,157.2145061728395
ZAINA-679-B_011_jpg.rf.27d46a055eff6f5810ec4c5c9429b994.jpg,TP,22,23,0.7517985611510791,527,447,254.14737654320987,215.56712962962962
ZAINA-679-B_011_jpg.rf.27d46a055eff6f5810ec4c5c9429b994.jpg,FN,-1,22,0.0,393,0,189.52546296296296,0.0
ZAZA-B_008_jpg.rf.92ad451b5359143319a46e599a0239d1.jpg,TP,0,7,0.9644926054658216,14519,14306,7001.8325617283945,6899.1126543209875
ZAZA-B_008_jpg.rf.92ad451b5359143319a46e599a0239d1.jpg,TP,15,27,0.9617894216510133,19713,19974,9506.655092592591,9632.523148148148
ZAZA-B_008_jpg.rf.92ad451b5359143319a46e599a0239d1.jpg,TP,4,6,0.9601578882447268,7945,7946,3831.500771604938,3831.983024691358
ZAZA-B_008_jpg.rf.92ad451b5359143319a46e599a0239d1.jpg,TP,2,10,0.9545004945598418,982,994,473.5725308641975,479.3595679012345
ZAZA-B_008_jpg.rf.92ad451b5359143319a46e599a0239d1.jpg,TP,1,19,0.9526058496975723,11678,11888,5631.751543209876,5733.024691358024
ZAZA-B_008_jpg.rf.92ad451b5359143319a46e599a0239d1.jpg,TP,8,20,0.9513492219814851,9889,9925,4769.000771604938,4786.361882716049
ZAZA-B_008_jpg.rf.92ad451b5359143319a46e599a0239d1.jpg,TP,23,5,0.9507348375077623,4728,4696,2280.0925925925926,2264.6604938271603
ZAZA-B_008_jpg.rf.92ad451b5359143319a46e599a0239d1.jpg,TP,22,22,0.9488642848989841,8443,8631,4071.662808641975,4162.326388888889
ZAZA-B_008_jpg.rf.92ad451b5359143319a46e599a0239d1.jpg,TP,10,2,0.9410054009140009,2347,2325,1131.8479938271605,1121.2384259259259
ZAZA-B_008_jpg.rf.92ad451b5359143319a46e599a0239d1.jpg,TP,3,0,0.9398807981342316,7557,7415,3644.386574074074,3575.906635802469
ZAZA-B_008_jpg.rf.92ad451b5359143319a46e599a0239d1.jpg,TP,13,1,0.9339080459770115,327,346,157.69675925925924,166.85956790123456
ZAZA-B_008_jpg.rf.92ad451b5359143319a46e599a0239d1.jpg,TP,11,18,0.9302877484425986,3268,3239,1576.0030864197531,1562.0177469135801
ZAZA-B_008_jpg.rf.92ad451b5359143319a46e599a0239d1.jpg,TP,5,9,0.9223412394797246,2485,2540,1198.3989197530864,1224.9228395061727
ZAZA-B_008_jpg.rf.92ad451b5359143319a46e599a0239d1.jpg,TP,7,3,0.9204484783769354,1783,1814,859.8572530864197,874.8070987654321
ZAZA-B_008_jpg.rf.92ad451b5359143319a46e599a0239d1.jpg,TP,14,11,0.9016294508147255,3165,3137,1526.3310185185185,1512.8279320987654
ZAZA-B_008_jpg.rf.92ad451b5359143319a46e599a0239d1.jpg,TP,6,21,0.8959753683747526,4316,4305,2081.404320987654,2076.099537037037
ZAZA-B_008_jpg.rf.92ad451b5359143319a46e599a0239d1.jpg,TP,12,15,0.8904884318766066,1893,1784,912.9050925925925,860.3395061728395
ZAZA-B_008_jpg.rf.92ad451b5359143319a46e599a0239d1.jpg,TP,16,16,0.8870523415977961,354,331,170.71759259259258,159.62577160493825
ZAZA-B_008_jpg.rf.92ad451b5359143319a46e599a0239d1.jpg,TP,9,17,0.8823582439376183,19872,21890,9583.333333333332,10556.520061728395
ZAZA-B_008_jpg.rf.92ad451b5359143319a46e599a0239d1.jpg,TP,24,23,0.6991869918699187,90,119,43.40277777777778,57.38811728395061
ZAZA-B_008_jpg.rf.92ad451b5359143319a46e599a0239d1.jpg,TP,25,25,0.683081706320976,37600,26278,18132.716049382714,12672.64660493827
ZAZA-B_008_jpg.rf.92ad451b5359143319a46e599a0239d1.jpg,TP,19,4,0.625,88,55,42.43827160493827,26.523919753086417
ZAZA-B_008_jpg.rf.92ad451b5359143319a46e599a0239d1.jpg,TP,21,8,0.5378196865884268,14563,8106,7023.051697530864,3909.1435185185182
ZAZA-B_008_jpg.rf.92ad451b5359143319a46e599a0239d1.jpg,FP,17,-1,0.0,0,16397,0.0,7907.503858024691
ZAZA-B_008_jpg.rf.92ad451b5359143319a46e599a0239d1.jpg,FP,18,-1,0.0,0,6471,0.0,3120.659722222222
ZAZA-B_008_jpg.rf.92ad451b5359143319a46e599a0239d1.jpg,FP,20,-1,0.0,0,409,0.0,197.241512345679
ZAZA-B_008_jpg.rf.92ad451b5359143319a46e599a0239d1.jpg,FP,26,-1,0.0,0,10061,0.0,4851.948302469135
ZAZA-B_008_jpg.rf.92ad451b5359143319a46e599a0239d1.jpg,FN,-1,12,0.0,4583,0,2210.1658950617284,0.0
ZAZA-B_008_jpg.rf.92ad451b5359143319a46e599a0239d1.jpg,FN,-1,13,0.0,5633,0,2716.531635802469,0.0
ZAZA-B_008_jpg.rf.92ad451b5359143319a46e599a0239d1.jpg,FN,-1,14,0.0,6269,0,3023.244598765432,0.0
ZAZA-B_008_jpg.rf.92ad451b5359143319a46e599a0239d1.jpg,FN,-1,24,0.0,59,0,28.45293209876543,0.0
ZAZA-B_008_jpg.rf.92ad451b5359143319a46e599a0239d1.jpg,FN,-1,26,0.0,3207,0,1546.585648148148,0.0
ROSILHA-M-G_001_jpg.rf.3dab74a9f6c203f6aca8afc07a353bd2.jpg,TP,6,7,0.9761104889884286,2656,2638,1280.8641975308642,1272.1836419753085
ROSILHA-M-G_001_jpg.rf.3dab74a9f6c203f6aca8afc07a353bd2.jpg,TP,2,8,0.9504859710251238,5388,5248,2598.3796296296296,2530.864197530864
ROSILHA-M-G_001_jpg.rf.3dab74a9f6c203f6aca8afc07a353bd2.jpg,TP,10,1,0.9482984293193717,1507,1470,726.7554012345679,708.912037037037
ROSILHA-M-G_001_jpg.rf.3dab74a9f6c203f6aca8afc07a353bd2.jpg,TP,5,13,0.948051948051948,3995,3955,1926.6010802469134,1907.3109567901233
ROSILHA-M-G_001_jpg.rf.3dab74a9f6c203f6aca8afc07a353bd2.jpg,TP,0,10,0.9459537156820469,6925,6613,3339.60262345679,3189.139660493827
ROSILHA-M-G_001_jpg.rf.3dab74a9f6c203f6aca8afc07a353bd2.jpg,TP,1,0,0.9443407960199005,3156,3097,1521.9907407407406,1493.5378086419753
ROSILHA-M-G_001_jpg.rf.3dab74a9f6c203f6aca8afc07a353bd2.jpg,TP,7,9,0.9430971627833254,6107,6152,2945.119598765432,2966.820987654321
ROSILHA-M-G_001_jpg.rf.3dab74a9f6c203f6aca8afc07a353bd2.jpg,TP,4,3,0.9412708600770219,6119,5979,2950.906635802469,2883.3912037037035
ROSILHA-M-G_001_jpg.rf.3dab74a9f6c203f6aca8afc07a353bd2.jpg,TP,21,14,0.9334405542496598,7963,7665,3840.1813271604938,3696.4699074074074
ROSILHA-M-G_001_jpg.rf.3dab74a9f6c203f6aca8afc07a353bd2.jpg,TP,3,11,0.9222614840989399,2209,2143,1065.2970679012344,1033.4683641975307
ROSILHA-M-G_001_jpg.rf.3dab74a9f6c203f6aca8afc07a353bd2.jpg,TP,13,6,0.9190871369294605,6132,5893,2957.1759259259256,2841.9174382716046
ROSILHA-M-G_001_jpg.rf.3dab74a9f6c203f6aca8afc07a353bd2.jpg,TP,8,12,0.9133289560078792,1483,1431,715.1813271604938,690.1041666666666
ROSILHA-M-G_001_jpg.rf.3dab74a9f6c203f6aca8afc07a353bd2.jpg,TP,9,5,0.8790601243953006,2876,2562,1386.9598765432097,1235.5324074074074
ROSILHA-M-G_001_jpg.rf.3dab74a9f6c203f6aca8afc07a353bd2.jpg,TP,11,4,0.8649890153784702,5004,4334,2413.1944444444443,2090.0848765432097
ROSILHA-M-G_001_jpg.rf.3dab74a9f6c203f6aca8afc07a353bd2.jpg,TP,15,2,0.8069565217391305,559,480,269.579475308642,231.48148148148147
ROSILHA-M-G_001_jpg.rf.3dab74a9f6c203f6aca8afc07a353bd2.jpg,TP,12,17,0.7743362831858407,451,351,217.49614197530863,169.27083333333331
ROSILHA-M-G_001_jpg.rf.3dab74a9f6c203f6aca8afc07a353bd2.jpg,TP,14,16,0.6144578313253012,830,510,400.27006172839504,245.94907407407408
ROSILHA-M-G_001_jpg.rf.3dab74a9f6c203f6aca8afc07a353bd2.jpg,TP,20,15,0.5818115412710008,2738,1593,1320.4089506172838,768.2291666666666
ROSILHA-M-G_001_jpg.rf.3dab74a9f6c203f6aca8afc07a353bd2.jpg,FP,16,-1,0.0,0,394,0.0,190.0077160493827
ROSILHA-M-G_001_jpg.rf.3dab74a9f6c203f6aca8afc07a353bd2.jpg,FP,17,-1,0.0,0,4901,0.0,2363.5223765432097
ROSILHA-M-G_001_jpg.rf.3dab74a9f6c203f6aca8afc07a353bd2.jpg,FP,18,-1,0.0,0,2158,0.0,1040.702160493827
ROSILHA-M-G_001_jpg.rf.3dab74a9f6c203f6aca8afc07a353bd2.jpg,FP,19,-1,0.0,0,441,0.0,212.67361111111111
TORDILHA-B_010_jpg.rf.698124083a3806b10e86f6304c2b5ce1.jpg,TP,8,0,0.9862700228832952,1737,1735,837.6736111111111,836.7091049382716
TORDILHA-B_010_jpg.rf.698124083a3806b10e86f6304c2b5ce1.jpg,TP,3,11,0.9708835341365462,12883,12636,6212.8665123456785,6093.75
TORDILHA-B_010_jpg.rf.698124083a3806b10e86f6304c2b5ce1.jpg,TP,0,14,0.9682679948586118,12209,12292,5887.827932098765,5927.854938271605
TORDILHA-B_010_jpg.rf.698124083a3806b10e86f6304c2b5ce1.jpg,TP,15,18,0.9606933260543197,7214,7152,3478.9737654320984,3449.074074074074
TORDILHA-B_010_jpg.rf.698124083a3806b10e86f6304c2b5ce1.jpg,TP,31,28,0.9581158339547601,7757,7998,3740.8371913580245,3857.060185185185
TORDILHA-B_010_jpg.rf.698124083a3806b10e86f6304c2b5ce1.jpg,TP,6,26,0.9550262275346117,11384,11351,5489.969135802469,5474.054783950617
TORDILHA-B_010_jpg.rf.698124083a3806b10e86f6304c2b5ce1.jpg,TP,7,13,0.949453219927096,4078,3944,1966.628086419753,1902.006172839506
TORDILHA-B_010_jpg.rf.698124083a3806b10e86f6304c2b5ce1.jpg,TP,2,10,0.9460549049721636,9985,10289,4815.297067901234,4961.90200617284
TORDILHA-B_010_jpg.rf.698124083a3806b10e86f6304c2b5ce1.jpg,TP,12,20,0.9449152542372882,3238,3188,1561.5354938271605,1537.4228395061727
TORDILHA-B_010_jpg.rf.698124083a3806b10e86f6304c2b5ce1.jpg,TP,5,15,0.9397519196692262,1677,1607,808.7384259259259,774.9807098765432
TORDILHA-B_010_jpg.rf.698124083a3806b10e86f6304c2b5ce1.jpg,TP,17,5,0.9391367604267701,3923,4074,1891.8788580246912,1964.699074074074
TORDILHA-B_010_jpg.rf.698124083a3806b10e86f6304c2b5ce1.jpg,TP,13,17,0.9384673461683655,2585,2550,1246.6242283950617,1229.7453703703702
TORDILHA-B_010_jpg.rf.698124083a3806b10e86f6304c2b5ce1.jpg,TP,4,16,0.9344442697689043,6054,6251,2919.560185185185,3014.564043209876
TORDILHA-B_010_jpg.rf.698124083a3806b10e86f6304c2b5ce1.jpg,TP,11,25,0.9337508239947264,2904,2963,1400.4629629629628,1428.9158950617284
TORDILHA-B_010_jpg.rf.698124083a3806b10e86f6304c2b5ce1.jpg,TP,1,7,0.9250059708621925,4048,4012,1952.1604938271605,1934.7993827160492
TORDILHA-B_010_jpg.rf.698124083a3806b10e86f6304c2b5ce1.jpg,TP,21,1,0.9207161125319693,377,374,181.8094135802469,180.36265432098764
TORDILHA-B_010_jpg.rf.698124083a3806b10e86f6304c2b5ce1.jpg,TP,23,3,0.9195652173913044,1283,1366,618.7307098765432,658.7577160493827
TORDILHA-B_010_jpg.rf.698124083a3806b10e86f6304c2b5ce1.jpg,TP,24,2,0.9175187457396047,2814,2812,1357.0601851851852,1356.0956790123457
TORDILHA-B_010_jpg.rf.698124083a3806b10e86f6304c2b5ce1.jpg,TP,9,8,0.9157392686804452,1201,1209,579.1859567901234,583.0439814814814
TORDILHA-B_010_jpg.rf.698124083a3806b10e86f6304c2b5ce1.jpg,TP,10,12,0.9142156862745098,1984,1921,956.7901234567901,926.4081790123456
TORDILHA-B_010_jpg.rf.698124083a3806b10e86f6304c2b5ce1.jpg,TP,16,4,0.9128194967307312,4813,4841,2321.0841049382716,2334.5871913580245
TORDILHA-B_010_jpg.rf.698124083a3806b10e86f6304c2b5ce1.jpg,TP,19,22,0.8928974069898534,857,822,413.29089506172835,396.412037037037
TORDILHA-B_010_jpg.rf.698124083a3806b10e86f6304c2b5ce1.jpg,TP,20,30,0.8928060981419723,2059,1914,992.9591049382716,923.0324074074074
TORDILHA-B_010_jpg.rf.698124083a3806b10e86f6304c2b5ce1.jpg,TP,29,27,0.8268398268398268,417,427,201.09953703703704,205.92206790123456
TORDILHA-B_010_jpg.rf.698124083a3806b10e86f6304c2b5ce1.jpg,TP,30,29,0.7727272727272727,259,209,124.90354938271604,100.79089506172839
TORDILHA-B_010_jpg.rf.698124083a3806b10e86f6304c2b5ce1.jpg,TP,22,19,0.6558475012879958,2614,3814,1260.6095679012344,1839.313271604938
TORDILHA-B_010_jpg.rf.698124083a3806b10e86f6304c2b5ce1.jpg,TP,32,23,0.6521219366407651,1161,1603,559.8958333333333,773.0516975308642
TORDILHA-B_010_jpg.rf.698124083a3806b10e86f6304c2b5ce1.jpg,TP,14,9,0.6184828464538725,12426,7907,5992.476851851851,3813.1751543209875
TORDILHA-B_010_jpg.rf.698124083a3806b10e86f6304c2b5ce1.jpg,TP,26,24,0.5328401299169975,10981,6009,5295.621141975308,2897.858796296296
TORDILHA-B_010_jpg.rf.698124083a3806b10e86f6304c2b5ce1.jpg,TP,27,6,0.5254420786719596,8229,4452,3968.460648148148,2146.9907407407404
TORDILHA-B_010_jpg.rf.698124083a3806b10e86f6304c2b5ce1.jpg,FP,18,-1,0.0,0,4442,0.0,2142.168209876543
TORDILHA-B_010_jpg.rf.698124083a3806b10e86f6304c2b5ce1.jpg,FP,25,-1,0.0,0,3538,0.0,1706.2114197530864
TORDILHA-B_010_jpg.rf.698124083a3806b10e86f6304c2b5ce1.jpg,FP,28,-1,0.0,0,4975,0.0,2399.2091049382716
TORDILHA-B_010_jpg.rf.698124083a3806b10e86f6304c2b5ce1.jpg,FN,-1,21,0.0,1059,0,510.7060185185185,0.0
TOSTADA-G_011_jpg.rf.c0b219a9a6742c565eddfcdb51541b7d.jpg,TP,11,20,0.9659168370824812,4373,4279,2108.89274691358,2063.5609567901233
TOSTADA-G_011_jpg.rf.c0b219a9a6742c565eddfcdb51541b7d.jpg,TP,7,12,0.9634835999353693,6091,6061,2937.403549382716,2922.9359567901233
TOSTADA-G_011_jpg.rf.c0b219a9a6742c565eddfcdb51541b7d.jpg,TP,2,19,0.961191214122086,7302,7252,3521.412037037037,3497.2993827160494
TOSTADA-G_011_jpg.rf.c0b219a9a6742c565eddfcdb51541b7d.jpg,TP,1,21,0.9586335403726708,7940,7827,3829.0895061728393,3774.5949074074074
TOSTADA-G_011_jpg.rf.c0b219a9a6742c565eddfcdb51541b7d.jpg,TP,0,25,0.9571696344892221,10608,10275,5115.740740740741,4955.150462962963
TOSTADA-G_011_jpg.rf.c0b219a9a6742c565eddfcdb51541b7d.jpg,TP,4,1,0.9560608388385312,6489,6243,3129.340277777778,3010.7060185185182
TOSTADA-G_011_jpg.rf.c0b219a9a6742c565eddfcdb51541b7d.jpg,TP,3,6,0.9516483516483516,8048,7936,3881.1728395061727,3827.1604938271603
TOSTADA-G_011_jpg.rf.c0b219a9a6742c565eddfcdb51541b7d.jpg,TP,5,11,0.9504201680672268,4668,4616,2251.1574074074074,2226.08024691358
TOSTADA-G_011_jpg.rf.c0b219a9a6742c565eddfcdb51541b7d.jpg,TP,14,0,0.9493562231759657,1141,1130,550.2507716049382,544.945987654321
TOSTADA-G_011_jpg.rf.c0b219a9a6742c565eddfcdb51541b7d.jpg,TP,10,26,0.9455619117918436,5366,5177,2587.770061728395,2496.6242283950614
TOSTADA-G_011_jpg.rf.c0b219a9a6742c565eddfcdb51541b7d.jpg,TP,12,3,0.9443518827057648,2900,2935,1398.5339506172838,1415.4128086419753
TOSTADA-G_011_jpg.rf.c0b219a9a6742c565eddfcdb51541b7d.jpg,TP,8,10,0.941834451901566,12843,12329,6193.576388888889,5945.698302469135
TOSTADA-G_011_jpg.rf.c0b219a9a6742c565eddfcdb51541b7d.jpg,TP,13,13,0.9412032816773017,2140,2119,1032.0216049382716,1021.8942901234567
TOSTADA-G_011_jpg.rf.c0b219a9a6742c565eddfcdb51541b7d.jpg,TP,19,28,0.9305555555555556,850,818,409.9151234567901,394.483024691358
TOSTADA-G_011_jpg.rf.c0b219a9a6742c565eddfcdb51541b7d.jpg,TP,20,4,0.9268841394825647,871,842,420.0424382716049,406.0570987654321
TOSTADA-G_011_jpg.rf.c0b219a9a6742c565eddfcdb51541b7d.jpg,TP,17,2,0.9236111111111112,834,828,402.1990740740741,399.30555555555554
TOSTADA-G_011_jpg.rf.c0b219a9a6742c565eddfcdb51541b7d.jpg,TP,6,9,0.9206094627105053,1246,1149,600.8873456790124,554.1087962962963
TOSTADA-G_011_jpg.rf.c0b219a9a6742c565eddfcdb51541b7d.jpg,TP,18,15,0.9177718832891246,1114,1055,537.229938271605,508.7770061728395
TOSTADA-G_011_jpg.rf.c0b219a9a6742c565eddfcdb51541b7d.jpg,TP,22,7,0.9032258064516129,216,197,104.16666666666666,95.00385802469135
TOSTADA-G_011_jpg.rf.c0b219a9a6742c565eddfcdb51541b7d.jpg,TP,9,18,0.8992576882290562,2773,2600,1337.2878086419753,1253.858024691358
TOSTADA-G_011_jpg.rf.c0b219a9a6742c565eddfcdb51541b7d.jpg,TP,15,29,0.8935879945429741,731,657,352.5270061728395,316.84027777777777
TOSTADA-G_011_jpg.rf.c0b219a9a6742c565eddfcdb51541b7d.jpg,TP,21,8,0.8900523560209425,735,709,354.4560185185185,341.9174382716049
TOSTADA-G_011_jpg.rf.c0b219a9a6742c565eddfcdb51541b7d.jpg,TP,24,27,0.8869223205506391,1015,904,489.48688271604937,435.95679012345676
TOSTADA-G_011_jpg.rf.c0b219a9a6742c565eddfcdb51541b7d.jpg,TP,25,16,0.8599033816425121,414,356,199.65277777777777,171.6820987654321
TOSTADA-G_011_jpg.rf.c0b219a9a6742c565eddfcdb51541b7d.jpg,TP,16,17,0.6767909409337364,20758,14188,10010.609567901234,6842.206790123457
TOSTADA-G_011_jpg.rf.c0b219a9a6742c565eddfcdb51541b7d.jpg,TP,29,5,0.6765551248582654,37764,25816,18211.805555555555,12449.845679012345
TOSTADA-G_011_jpg.rf.c0b219a9a6742c565eddfcdb51541b7d.jpg,TP,28,14,0.6601941747572816,103,68,49.67206790123456,32.79320987654321
TOSTADA-G_011_jpg.rf.c0b219a9a6742c565eddfcdb51541b7d.jpg,TP,26,22,0.5994473611494888,11141,17801,5372.781635802469,8584.587191358025
TOSTADA-G_011_jpg.rf.c0b219a9a6742c565eddfcdb51541b7d.jpg,FP,23,-1,0.0,0,4482,0.0,2161.458333333333
TOSTADA-G_011_jpg.rf.c0b219a9a6742c565eddfcdb51541b7d.jpg,FP,27,-1,0.0,0,10148,0.0,4893.9043209876545
TOSTADA-G_011_jpg.rf.c0b219a9a6742c565eddfcdb51541b7d.jpg,FN,-1,23,0.0,31,0,14.949845679012345,0.0
TOSTADA-G_011_jpg.rf.c0b219a9a6742c565eddfcdb51541b7d.jpg,FN,-1,24,0.0,7170,0,3457.7546296296296,0.0
ROSILHA-M-B_003_jpg.rf.863a24cebe30a134937348de5cbcaa87.jpg,TP,0,8,0.9637875987229038,11645,11728,5615.837191358024,5655.864197530864
ROSILHA-M-B_003_jpg.rf.863a24cebe30a134937348de5cbcaa87.jpg,TP,5,5,0.9603264430809555,16242,16666,7832.75462962963,8037.229938271605
ROSILHA-M-B_003_jpg.rf.863a24cebe30a134937348de5cbcaa87.jpg,TP,3,0,0.9584085439229844,13076,12963,6305.941358024691,6251.446759259259
ROSILHA-M-B_003_jpg.rf.863a24cebe30a134937348de5cbcaa87.jpg,TP,15,19,0.9573119797217502,34119,33833,16453.993055555555,16316.068672839505
ROSILHA-M-B_003_jpg.rf.863a24cebe30a134937348de5cbcaa87.jpg,TP,4,10,0.9478684531059683,3976,4020,1917.438271604938,1938.6574074074074
ROSILHA-M-B_003_jpg.rf.863a24cebe30a134937348de5cbcaa87.jpg,TP,1,9,0.943196117202948,5363,5447,2586.323302469136,2626.832561728395
ROSILHA-M-B_003_jpg.rf.863a24cebe30a134937348de5cbcaa87.jpg,TP,10,1,0.926072607260726,2822,3014,1360.9182098765432,1453.5108024691358
ROSILHA-M-B_003_jpg.rf.863a24cebe30a134937348de5cbcaa87.jpg,TP,8,12,0.9212121212121213,4943,4884,2383.7770061728393,2355.324074074074
ROSILHA-M-B_003_jpg.rf.863a24cebe30a134937348de5cbcaa87.jpg,TP,7,15,0.9040191961607679,1621,1553,781.7322530864197,748.9390432098766
ROSILHA-M-B_003_jpg.rf.863a24cebe30a134937348de5cbcaa87.jpg,TP,13,7,0.8785140562248996,887,984,427.75848765432096,474.537037037037
ROSILHA-M-B_003_jpg.rf.863a24cebe30a134937348de5cbcaa87.jpg,TP,6,17,0.873264001033525,15095,13905,7279.610339506173,6705.729166666666
ROSILHA-M-B_003_jpg.rf.863a24cebe30a134937348de5cbcaa87.jpg,TP,2,6,0.8354216711030319,15321,12950,7388.5995370370365,6245.177469135802
ROSILHA-M-B_003_jpg.rf.863a24cebe30a134937348de5cbcaa87.jpg,TP,21,4,0.8302883557120845,3825,4490,1844.6180555555554,2165.3163580246915
ROSILHA-M-B_003_jpg.rf.863a24cebe30a134937348de5cbcaa87.jpg,TP,14,13,0.6322854115153655,2117,2504,1020.9297839506172,1207.5617283950617
ROSILHA-M-B_003_jpg.rf.863a24cebe30a134937348de5cbcaa87.jpg,TP,16,16,0.5460627065366326,7047,12135,3398.4375,5852.1412037037035
ROSILHA-M-B_003_jpg.rf.863a24cebe30a134937348de5cbcaa87.jpg,TP,17,11,0.5050174364813892,27873,14421,13441.840277777777,6954.571759259259
ROSILHA-M-B_003_jpg.rf.863a24cebe30a134937348de5cbcaa87.jpg,FP,9,-1,0.0,0,2171,0.0,1046.9714506172838
ROSILHA-M-B_003_jpg.rf.863a24cebe30a134937348de5cbcaa87.jpg,FP,11,-1,0.0,0,6259,0.0,3018.4220679012346
ROSILHA-M-B_003_jpg.rf.863a24cebe30a134937348de5cbcaa87.jpg,FP,12,-1,0.0,0,14988,0.0,7228.009259259259
ROSILHA-M-B_003_jpg.rf.863a24cebe30a134937348de5cbcaa87.jpg,FP,18,-1,0.0,0,9181,0.0,4427.565586419752
ROSILHA-M-B_003_jpg.rf.863a24cebe30a134937348de5cbcaa87.jpg,FP,19,-1,0.0,0,1053,0.0,507.8125
ROSILHA-M-B_003_jpg.rf.863a24cebe30a134937348de5cbcaa87.jpg,FP,20,-1,0.0,0,2945,0.0,1420.2353395061727
ROSILHA-M-B_003_jpg.rf.863a24cebe30a134937348de5cbcaa87.jpg,FN,-1,2,0.0,7715,0,3720.582561728395,0.0
ROSILHA-M-B_003_jpg.rf.863a24cebe30a134937348de5cbcaa87.jpg,FN,-1,3,0.0,5602,0,2701.581790123457,0.0
ROSILHA-M-B_003_jpg.rf.863a24cebe30a134937348de5cbcaa87.jpg,FN,-1,14,0.0,616,0,297.0679012345679,0.0
ROSILHA-M-B_003_jpg.rf.863a24cebe30a134937348de5cbcaa87.jpg,FN,-1,18,0.0,5112,0,2465.277777777778,0.0
ZAZA-G_012_jpg.rf.b65fca463e4411032a599acd7494f06d.jpg,TP,3,7,0.9707614213197969,4903,4803,2364.4868827160494,2316.261574074074
ZAZA-G_012_jpg.rf.b65fca463e4411032a599acd7494f06d.jpg,TP,5,16,0.9658735128365685,3177,3102,1532.1180555555554,1495.949074074074
ZAZA-G_012_jpg.rf.b65fca463e4411032a599acd7494f06d.jpg,TP,18,11,0.9644544431946007,13173,13023,6352.719907407407,6280.381944444444
ZAZA-G_012_jpg.rf.b65fca463e4411032a599acd7494f06d.jpg,TP,17,1,0.9560761346998536,665,671,320.6983024691358,323.59182098765433
ZAZA-G_012_jpg.rf.b65fca463e4411032a599acd7494f06d.jpg,TP,16,10,0.9536908077994429,8569,8264,4132.426697530864,3985.3395061728393
ZAZA-G_012_jpg.rf.b65fca463e4411032a599acd7494f06d.jpg,TP,30,19,0.9534883720930233,2578,2546,1243.2484567901233,1227.8163580246912
ZAZA-G_012_jpg.rf.b65fca463e4411032a599acd7494f06d.jpg,TP,15,15,0.9524330235101148,1824,1747,879.6296296296296,842.4961419753085
ZAZA-G_012_jpg.rf.b65fca463e4411032a599acd7494f06d.jpg,TP,1,24,0.9501204819277108,4100,3993,1977.2376543209875,1925.636574074074
ZAZA-G_012_jpg.rf.b65fca463e4411032a599acd7494f06d.jpg,TP,13,29,0.948051948051948,532,518,256.5586419753086,249.80709876543207
ZAZA-G_012_jpg.rf.b65fca463e4411032a599acd7494f06d.jpg,TP,0,28,0.945748987854251,3694,3515,1781.442901234568,1695.119598765432
ZAZA-G_012_jpg.rf.b65fca463e4411032a599acd7494f06d.jpg,TP,6,27,0.943306510607169,5401,5225,2604.6489197530864,2519.7723765432097
ZAZA-G_012_jpg.rf.b65fca463e4411032a599acd7494f06d.jpg,TP,28,18,0.9419529023548823,6625,6322,3194.926697530864,3048.804012345679
ZAZA-G_012_jpg.rf.b65fca463e4411032a599acd7494f06d.jpg,TP,22,23,0.9414262703177625,6815,6443,3286.554783950617,3107.156635802469
ZAZA-G_012_jpg.rf.b65fca463e4411032a599acd7494f06d.jpg,TP,9,31,0.9412559081701553,2957,2793,1426.0223765432097,1346.9328703703702
ZAZA-G_012_jpg.rf.b65fca463e4411032a599acd7494f06d.jpg,TP,10,20,0.9406631762652705,4570,4326,2203.8966049382716,2086.2268518518517
ZAZA-G_012_jpg.rf.b65fca463e4411032a599acd7494f06d.jpg,TP,14,12,0.9377662684821653,11864,11333,5721.45061728395,5465.374228395061
ZAZA-G_012_jpg.rf.b65fca463e4411032a599acd7494f06d.jpg,TP,12,25,0.9360243716679361,1274,1268,614.3904320987654,611.4969135802469
ZAZA-G_012_jpg.rf.b65fca463e4411032a599acd7494f06d.jpg,TP,2,2,0.9315872334335193,6805,6691,3281.7322530864194,3226.7554012345677
ZAZA-G_012_jpg.rf.b65fca463e4411032a599acd7494f06d.jpg,TP,31,5,0.9287374128582494,2492,2488,1201.7746913580247,1199.8456790123457
ZAZA-G_012_jpg.rf.b65fca463e4411032a599acd7494f06d.jpg,TP,23,22,0.9242468989958653,6770,6261,3264.8533950617284,3019.386574074074
ZAZA-G_012_jpg.rf.b65fca463e4411032a599acd7494f06d.jpg,TP,7,21,0.9240593717638936,2877,2697,1387.4421296296296,1300.636574074074
ZAZA-G_012_jpg.rf.b65fca463e4411032a599acd7494f06d.jpg,TP,4,26,0.9190378410090936,3386,3156,1632.9089506172838,1521.9907407407406
ZAZA-G_012_jpg.rf.b65fca463e4411032a599acd7494f06d.jpg,TP,24,6,0.915539155391554,7018,6998,3384.452160493827,3374.807098765432
ZAZA-G_012_jpg.rf.b65fca463e4411032a599acd7494f06d.jpg,TP,11,8,0.9100888656560376,3658,3650,1764.0817901234568,1760.2237654320986
ZAZA-G_012_jpg.rf.b65fca463e4411032a599acd7494f06d.jpg,TP,19,9,0.9073948439620081,5756,5490,2775.848765432099,2647.5694444444443
ZAZA-G_012_jpg.rf.b65fca463e4411032a599acd7494f06d.jpg,TP,8,32,0.8397085610200364,7756,8404,3740.3549382716046,4052.8549382716046
ZAZA-G_012_jpg.rf.b65fca463e4411032a599acd7494f06d.jpg,TP,25,13,0.8309161655465157,4857,5495,2342.3032407407404,2649.980709876543
ZAZA-G_012_jpg.rf.b65fca463e4411032a599acd7494f06d.jpg,TP,29,17,0.7950819672131147,116,103,55.941358024691354,49.67206790123456
ZAZA-G_012_jpg.rf.b65fca463e4411032a599acd7494f06d.jpg,TP,20,34,0.5377922077922078,15321,8361,7388.5995370370365,4032.118055555555
ZAZA-G_012_jpg.rf.b65fca463e4411032a599acd7494f06d.jpg,TP,26,0,0.5230096640589047,4280,2339,2064.043209876543,1127.9899691358023
ZAZA-G_012_jpg.rf.b65fca463e4411032a599acd7494f06d.jpg,FP,21,-1,0.0,0,6438,0.0,3104.7453703703704
ZAZA-G_012_jpg.rf.b65fca463e4411032a599acd7494f06d.jpg,FP,27,-1,0.0,0,1971,0.0,950.5208333333333
ZAZA-G_012_jpg.rf.b65fca463e4411032a599acd7494f06d.jpg,FP,32,-1,0.0,0,8800,0.0,4243.827160493827
ZAZA-G_012_jpg.rf.b65fca463e4411032a599acd7494f06d.jpg,FN,-1,3,0.0,25,0,12.056327160493826,0.0
ZAZA-G_012_jpg.rf.b65fca463e4411032a599acd7494f06d.jpg,FN,-1,4,0.0,30,0,14.467592592592592,0.0
ZAZA-G_012_jpg.rf.b65fca463e4411032a599acd7494f06d.jpg,FN,-1,14,0.0,811,0,391.10725308641975,0.0
ZAZA-G_012_jpg.rf.b65fca463e4411032a599acd7494f06d.jpg,FN,-1,30,0.0,16,0,7.716049382716049,0.0
ZAZA-G_012_jpg.rf.b65fca463e4411032a599acd7494f06d.jpg,FN,-1,33,0.0,1135,0,547.3572530864197,0.0
TORDILHA-G_009_jpg.rf.b279af9f6892d54790621c0f5458daf3.jpg,TP,6,11,0.9596163553760727,3908,3856,1884.645061728395,1859.567901234568
TORDILHA-G_009_jpg.rf.b279af9f6892d54790621c0f5458daf3.jpg,TP,4,16,0.9567483064095883,3818,3692,1841.242283950617,1780.4783950617284
TORDILHA-G_009_jpg.rf.b279af9f6892d54790621c0f5458daf3.jpg,TP,18,10,0.9501590668080594,1850,1828,892.1682098765432,881.5586419753085
TORDILHA-G_009_jpg.rf.b279af9f6892d54790621c0f5458daf3.jpg,TP,17,25,0.9455864570737605,3214,3222,1549.9614197530864,1553.8194444444443
TORDILHA-G_009_jpg.rf.b279af9f6892d54790621c0f5458daf3.jpg,TP,9,8,0.943314124426673,8308,8216,4006.5586419753085,3962.191358024691
TORDILHA-G_009_jpg.rf.b279af9f6892d54790621c0f5458daf3.jpg,TP,1,28,0.9397342124240239,9466,9363,4565.007716049383,4515.335648148148
TORDILHA-G_009_jpg.rf.b279af9f6892d54790621c0f5458daf3.jpg,TP,20,1,0.9381877022653722,3071,2918,1480.9992283950617,1407.2145061728395
TORDILHA-G_009_jpg.rf.b279af9f6892d54790621c0f5458daf3.jpg,TP,7,17,0.9355053191489362,1482,1429,714.699074074074,689.1396604938271
TORDILHA-G_009_jpg.rf.b279af9f6892d54790621c0f5458daf3.jpg,TP,32,4,0.9354930377948281,3487,3324,1681.616512345679,1603.0092592592591
TORDILHA-G_009_jpg.rf.b279af9f6892d54790621c0f5458daf3.jpg,TP,13,13,0.9321382842509603,3063,2973,1477.1412037037037,1433.7384259259259
TORDILHA-G_009_jpg.rf.b279af9f6892d54790621c0f5458daf3.jpg,TP,14,2,0.9309500489715965,3946,3940,1902.9706790123455,1900.077160493827
TORDILHA-G_009_jpg.rf.b279af9f6892d54790621c0f5458daf3.jpg,TP,2,36,0.9297480620155039,2046,1937,986.6898148148148,934.1242283950617
TORDILHA-G_009_jpg.rf.b279af9f6892d54790621c0f5458daf3.jpg,TP,8,22,0.9286347517730497,2193,2158,1057.5810185185185,1040.702160493827
TORDILHA-G_009_jpg.rf.b279af9f6892d54790621c0f5458daf3.jpg,TP,23,12,0.9285014691478942,2028,1910,978.0092592592592,921.1033950617284
TORDILHA-G_009_jpg.rf.b279af9f6892d54790621c0f5458daf3.jpg,TP,5,3,0.9251579458934067,6056,5828,2920.5246913580245,2810.570987654321
TORDILHA-G_009_jpg.rf.b279af9f6892d54790621c0f5458daf3.jpg,TP,16,5,0.9169054441260746,2355,2328,1135.7060185185185,1122.6851851851852
TORDILHA-G_009_jpg.rf.b279af9f6892d54790621c0f5458daf3.jpg,TP,3,20,0.9159904534606206,2086,1928,1005.9799382716049,929.783950617284
TORDILHA-G_009_jpg.rf.b279af9f6892d54790621c0f5458daf3.jpg,TP,11,14,0.9156626506024096,6701,6496,3231.5779320987654,3132.716049382716
TORDILHA-G_009_jpg.rf.b279af9f6892d54790621c0f5458daf3.jpg,TP,21,7,0.9092307692307692,3692,3754,1780.4783950617284,1810.378086419753
TORDILHA-G_009_jpg.rf.b279af9f6892d54790621c0f5458daf3.jpg,TP,0,29,0.9057809006707123,3032,2935,1462.1913580246912,1415.4128086419753
TORDILHA-G_009_jpg.rf.b279af9f6892d54790621c0f5458daf3.jpg,TP,28,34,0.9048243314105926,3618,3647,1744.7916666666665,1758.7770061728395
TORDILHA-G_009_jpg.rf.b279af9f6892d54790621c0f5458daf3.jpg,TP,10,32,0.9002525252525253,1515,1495,730.6134259259259,720.9683641975308
TORDILHA-G_009_jpg.rf.b279af9f6892d54790621c0f5458daf3.jpg,TP,24,24,0.8978851963746224,1543,1598,744.116512345679,770.6404320987654
TORDILHA-G_009_jpg.rf.b279af9f6892d54790621c0f5458daf3.jpg,TP,15,23,0.8911174785100286,1928,2032,929.783950617284,979.9382716049382
TORDILHA-G_009_jpg.rf.b279af9f6892d54790621c0f5458daf3.jpg,TP,19,21,0.8789144050104384,937,863,451.8711419753086,416.1844135802469
TORDILHA-G_009_jpg.rf.b279af9f6892d54790621c0f5458daf3.jpg,TP,29,9,0.8789105631210894,2608,2497,1257.716049382716,1204.1859567901233
TORDILHA-G_009_jpg.rf.b279af9f6892d54790621c0f5458daf3.jpg,TP,31,31,0.8446416593571023,16661,19090,8034.818672839506,9206.211419753086
TORDILHA-G_009_jpg.rf.b279af9f6892d54790621c0f5458daf3.jpg,TP,25,35,0.7950432730133753,6245,7444,3011.670524691358,3589.8919753086416
TORDILHA-G_009_jpg.rf.b279af9f6892d54790621c0f5458daf3.jpg,TP,12,27,0.6540858725761773,11541,7567,5565.68287037037,3649.2091049382716
TORDILHA-G_009_jpg.rf.b279af9f6892d54790621c0f5458daf3.jpg,TP,22,15,0.5595682855956828,1374,2383,662.6157407407408,1149.2091049382716
TORDILHA-G_009_jpg.rf.b279af9f6892d54790621c0f5458daf3.jpg,TP,27,0,0.5555816686251469,8492,4746,4095.293209876543,2288.773148148148
TORDILHA-G_009_jpg.rf.b279af9f6892d54790621c0f5458daf3.jpg,TP,33,6,0.5289757412398922,5377,8237,2593.074845679012,3972.318672839506
TORDILHA-G_009_jpg.rf.b279af9f6892d54790621c0f5458daf3.jpg,TP,26,19,0.5047751078250154,3399,6370,1639.1782407407406,3071.952160493827
TORDILHA-G_009_jpg.rf.b279af9f6892d54790621c0f5458daf3.jpg,FP,30,-1,0.0,0,3012,0.0,1452.5462962962963
TORDILHA-G_009_jpg.rf.b279af9f6892d54790621c0f5458daf3.jpg,FP,34,-1,0.0,0,351,0.0,169.27083333333331
TORDILHA-G_009_jpg.rf.b279af9f6892d54790621c0f5458daf3.jpg,FN,-1,18,0.0,3130,0,1509.452160493827,0.0
TORDILHA-G_009_jpg.rf.b279af9f6892d54790621c0f5458daf3.jpg,FN,-1,26,0.0,815,0,393.03626543209873,0.0
TORDILHA-G_009_jpg.rf.b279af9f6892d54790621c0f5458daf3.jpg,FN,-1,30,0.0,2225,0,1073.0131172839506,0.0
TORDILHA-G_009_jpg.rf.b279af9f6892d54790621c0f5458daf3.jpg,FN,-1,33,0.0,1345,0,648.6304012345679,0.0
TP-G_010_jpg.rf.5c8b394cdec2d68bae00b4eb6679ec08.jpg,TP,11,0,0.9742593491986401,2037,2028,982.349537037037,978.0092592592592
TP-G_010_jpg.rf.5c8b394cdec2d68bae00b4eb6679ec08.jpg,TP,1,22,0.9679093267786426,7255,7156,3498.7461419753085,3451.003086419753
TP-G_010_jpg.rf.5c8b394cdec2d68bae00b4eb6679ec08.jpg,TP,31,13,0.9596597499677794,15443,14967,7447.434413580247,7217.881944444444
TP-G_010_jpg.rf.5c8b394cdec2d68bae00b4eb6679ec08.jpg,TP,10,23,0.9530988274706867,1160,1172,559.4135802469135,565.2006172839506
TP-G_010_jpg.rf.5c8b394cdec2d68bae00b4eb6679ec08.jpg,TP,30,1,0.9526226734348562,5255,5131,2534.2399691358023,2474.440586419753
TP-G_010_jpg.rf.5c8b394cdec2d68bae00b4eb6679ec08.jpg,TP,16,5,0.9518413597733711,1709,1736,824.170524691358,837.1913580246913
TP-G_010_jpg.rf.5c8b394cdec2d68bae00b4eb6679ec08.jpg,TP,5,6,0.9485251590514748,5123,4984,2470.582561728395,2403.5493827160494
TP-G_010_jpg.rf.5c8b394cdec2d68bae00b4eb6679ec08.jpg,TP,0,10,0.9468806883998014,5940,5825,2864.583333333333,2809.1242283950614
TP-G_010_jpg.rf.5c8b394cdec2d68bae00b4eb6679ec08.jpg,TP,18,34,0.9446112779446113,2903,2925,1399.9807098765432,1410.5902777777776
TP-G_010_jpg.rf.5c8b394cdec2d68bae00b4eb6679ec08.jpg,TP,6,36,0.9441087613293051,1923,1938,927.3726851851851,934.6064814814814
TP-G_010_jpg.rf.5c8b394cdec2d68bae00b4eb6679ec08.jpg,TP,20,19,0.9439893579780159,13797,13969,6653.645833333333,6736.593364197531
TP-G_010_jpg.rf.5c8b394cdec2d68bae00b4eb6679ec08.jpg,TP,14,8,0.9421487603305785,594,581,286.4583333333333,280.1890432098765
TP-G_010_jpg.rf.5c8b394cdec2d68bae00b4eb6679ec08.jpg,TP,3,24,0.9395904436860069,2852,2831,1375.3858024691358,1365.258487654321
TP-G_010_jpg.rf.5c8b394cdec2d68bae00b4eb6679ec08.jpg,TP,2,7,0.9390797148412184,19872,19024,9583.333333333332,9174.382716049382
TP-G_010_jpg.rf.5c8b394cdec2d68bae00b4eb6679ec08.jpg,TP,17,11,0.9320432043204321,2179,2114,1050.829475308642,1019.483024691358
TP-G_010_jpg.rf.5c8b394cdec2d68bae00b4eb6679ec08.jpg,TP,9,29,0.9316263365222285,3436,3429,1657.0216049382716,1653.6458333333333
TP-G_010_jpg.rf.5c8b394cdec2d68bae00b4eb6679ec08.jpg,TP,25,28,0.9304547191440581,2509,2543,1209.9729938271605,1226.369598765432
TP-G_010_jpg.rf.5c8b394cdec2d68bae00b4eb6679ec08.jpg,TP,26,18,0.9293563579277865,633,596,305.2662037037037,287.4228395061728
TP-G_010_jpg.rf.5c8b394cdec2d68bae00b4eb6679ec08.jpg,TP,8,21,0.9240552325581395,2637,2658,1271.701388888889,1281.8287037037037
TP-G_010_jpg.rf.5c8b394cdec2d68bae00b4eb6679ec08.jpg,TP,27,12,0.923937784522003,5165,4978,2490.8371913580245,2400.6558641975307
TP-G_010_jpg.rf.5c8b394cdec2d68bae00b4eb6679ec08.jpg,TP,24,20,0.9231366459627329,1272,1205,613.4259259259259,581.1149691358024
TP-G_010_jpg.rf.5c8b394cdec2d68bae00b4eb6679ec08.jpg,TP,13,9,0.9219409282700421,904,918,435.95679012345676,442.7083333333333
TP-G_010_jpg.rf.5c8b394cdec2d68bae00b4eb6679ec08.jpg,TP,15,33,0.91452161243322,2032,1910,979.9382716049382,921.1033950617284
TP-G_010_jpg.rf.5c8b394cdec2d68bae00b4eb6679ec08.jpg,TP,21,32,0.9122098890010091,909,986,438.36805555555554,475.5015432098765
TP-G_010_jpg.rf.5c8b394cdec2d68bae00b4eb6679ec08.jpg,TP,23,3,0.9111111111111111,1165,1157,561.8248456790124,557.9668209876543
TP-G_010_jpg.rf.5c8b394cdec2d68bae00b4eb6679ec08.jpg,TP,7,25,0.908303249097473,1329,1314,640.9143518518518,633.6805555555555
TP-G_010_jpg.rf.5c8b394cdec2d68bae00b4eb6679ec08.jpg,TP,22,17,0.9051321928460342,613,612,295.6211419753086,295.13888888888886
TP-G_010_jpg.rf.5c8b394cdec2d68bae00b4eb6679ec08.jpg,TP,19,31,0.8937381404174574,1038,958,500.5787037037037,461.99845679012344
TP-G_010_jpg.rf.5c8b394cdec2d68bae00b4eb6679ec08.jpg,TP,12,16,0.8901408450704226,1063,950,512.6350308641975,458.1404320987654
TP-G_010_jpg.rf.5c8b394cdec2d68bae00b4eb6679ec08.jpg,TP,4,30,0.8794223826714801,2500,2706,1205.6327160493827,1304.9768518518517
TP-G_010_jpg.rf.5c8b394cdec2d68bae00b4eb6679ec08.jpg,TP,29,4,0.6918238993710691,159,110,76.67824074074073,53.047839506172835
TP-G_010_jpg.rf.5c8b394cdec2d68bae00b4eb6679ec08.jpg,TP,28,27,0.6656338028169014,4889,6937,2357.7353395061727,3345.389660493827
TP-G_010_jpg.rf.5c8b394cdec2d68bae00b4eb6679ec08.jpg,FP,32,-1,0.0,0,2135,0.0,1029.6103395061727
TP-G_010_jpg.rf.5c8b394cdec2d68bae00b4eb6679ec08.jpg,FP,33,-1,0.0,0,184,0.0,88.73456790123457
TP-G_010_jpg.rf.5c8b394cdec2d68bae00b4eb6679ec08.jpg,FN,-1,2,0.0,44,0,21.219135802469136,0.0
TP-G_010_jpg.rf.5c8b394cdec2d68bae00b4eb6679ec08.jpg,FN,-1,14,0.0,13298,0,6413.001543209876,0.0
TP-G_010_jpg.rf.5c8b394cdec2d68bae00b4eb6679ec08.jpg,FN,-1,15,0.0,128,0,61.72839506172839,0.0
TP-G_010_jpg.rf.5c8b394cdec2d68bae00b4eb6679ec08.jpg,FN,-1,26,0.0,1923,0,927.3726851851851,0.0
TP-G_010_jpg.rf.5c8b394cdec2d68bae00b4eb6679ec08.jpg,FN,-1,35,0.0,8645,0,4169.077932098765,0.0
TOSTADA-B_006_jpg.rf.fd9a20fd791843647a700cdeb77e0cc3.jpg,TP,3,3,0.9756915339480302,3530,3541,1702.3533950617284,1707.6581790123455
TOSTADA-B_006_jpg.rf.fd9a20fd791843647a700cdeb77e0cc3.jpg,TP,0,0,0.9588593224956862,10743,10826,5180.844907407407,5220.871913580247
TOSTADA-B_006_jpg.rf.fd9a20fd791843647a700cdeb77e0cc3.jpg,TP,5,1,0.9545726240286909,4924,4886,2374.614197530864,2356.2885802469136
TOSTADA-B_006_jpg.rf.fd9a20fd791843647a700cdeb77e0cc3.jpg,TP,16,4,0.9530489874420184,8768,8495,4228.3950617283945,4096.739969135802
TOSTADA-B_006_jpg.rf.fd9a20fd791843647a700cdeb77e0cc3.jpg,TP,14,5,0.9519151052893384,5909,5863,2849.633487654321,2827.449845679012
TOSTADA-B_006_jpg.rf.fd9a20fd791843647a700cdeb77e0cc3.jpg,TP,7,15,0.951194712760549,1941,1897,936.0532407407406,914.8341049382716
TOSTADA-B_006_jpg.rf.fd9a20fd791843647a700cdeb77e0cc3.jpg,TP,4,22,0.9501945525291828,2521,2491,1215.7600308641975,1201.2924382716049
TOSTADA-B_006_jpg.rf.fd9a20fd791843647a700cdeb77e0cc3.jpg,TP,1,23,0.9446633237822349,5419,5440,2613.329475308642,2623.456790123457
TOSTADA-B_006_jpg.rf.fd9a20fd791843647a700cdeb77e0cc3.jpg,TP,9,11,0.9419002050580998,1421,1420,685.281635802469,684.7993827160493
TOSTADA-B_006_jpg.rf.fd9a20fd791843647a700cdeb77e0cc3.jpg,TP,6,12,0.9409074920858248,2810,2708,1355.131172839506,1305.9413580246912
TOSTADA-B_006_jpg.rf.fd9a20fd791843647a700cdeb77e0cc3.jpg,TP,2,6,0.9401904761904762,4980,5206,2401.6203703703704,2510.6095679012346
TOSTADA-B_006_jpg.rf.fd9a20fd791843647a700cdeb77e0cc3.jpg,TP,10,9,0.9396189408797982,6920,6925,3337.191358024691,3339.60262345679
TOSTADA-B_006_jpg.rf.fd9a20fd791843647a700cdeb77e0cc3.jpg,TP,8,7,0.9229343629343629,6177,6274,2978.877314814815,3025.6558641975307
TOSTADA-B_006_jpg.rf.fd9a20fd791843647a700cdeb77e0cc3.jpg,TP,20,10,0.9194699286442406,2847,2802,1372.974537037037,1351.273148148148
TOSTADA-B_006_jpg.rf.fd9a20fd791843647a700cdeb77e0cc3.jpg,TP,15,17,0.9154362416107382,740,687,356.86728395061726,331.3078703703704
TOSTADA-B_006_jpg.rf.fd9a20fd791843647a700cdeb77e0cc3.jpg,TP,13,16,0.9127218934911243,1321,1265,637.0563271604938,610.0501543209876
TOSTADA-B_006_jpg.rf.fd9a20fd791843647a700cdeb77e0cc3.jpg,TP,17,2,0.9121951219512195,575,601,277.295524691358,289.8341049382716
TOSTADA-B_006_jpg.rf.fd9a20fd791843647a700cdeb77e0cc3.jpg,TP,11,13,0.9109311740890689,1482,1350,714.699074074074,651.0416666666666
TOSTADA-B_006_jpg.rf.fd9a20fd791843647a700cdeb77e0cc3.jpg,TP,12,14,0.9095106186518929,1071,997,516.4930555555555,480.8063271604938
TOSTADA-B_006_jpg.rf.fd9a20fd791843647a700cdeb77e0cc3.jpg,FP,18,-1,0.0,0,7104,0.0,3425.9259259259256
TOSTADA-B_006_jpg.rf.fd9a20fd791843647a700cdeb77e0cc3.jpg,FP,19,-1,0.0,0,6985,0.0,3368.537808641975
TOSTADA-B_006_jpg.rf.fd9a20fd791843647a700cdeb77e0cc3.jpg,FP,21,-1,0.0,0,702,0.0,338.54166666666663
TOSTADA-B_006_jpg.rf.fd9a20fd791843647a700cdeb77e0cc3.jpg,FP,22,-1,0.0,0,2015,0.0,971.7399691358024
TOSTADA-B_006_jpg.rf.fd9a20fd791843647a700cdeb77e0cc3.jpg,FN,-1,8,0.0,14514,0,6999.421296296296,0.0
TOSTADA-B_006_jpg.rf.fd9a20fd791843647a700cdeb77e0cc3.jpg,FN,-1,18,0.0,16913,0,8156.346450617283,0.0
TOSTADA-B_006_jpg.rf.fd9a20fd791843647a700cdeb77e0cc3.jpg,FN,-1,19,0.0,652,0,314.429012345679,0.0
TOSTADA-B_006_jpg.rf.fd9a20fd791843647a700cdeb77e0cc3.jpg,FN,-1,20,0.0,6433,0,3102.3341049382716,0.0
TOSTADA-B_006_jpg.rf.fd9a20fd791843647a700cdeb77e0cc3.jpg,FN,-1,21,0.0,7549,0,3640.528549382716,0.0
TP-D_010_jpg.rf.8e807d0647c50bd1b8d28134da2e26a4.jpg,TP,20,32,0.9714955095665756,2551,2498,1230.22762345679,1204.6682098765432
TP-D_010_jpg.rf.8e807d0647c50bd1b8d28134da2e26a4.jpg,TP,15,46,0.9617263843648208,3681,3546,1775.173611111111,1710.0694444444443
TP-D_010_jpg.rf.8e807d0647c50bd1b8d28134da2e26a4.jpg,TP,42,36,0.9572953736654805,1938,1912,934.6064814814814,922.0679012345679
TP-D_010_jpg.rf.8e807d0647c50bd1b8d28134da2e26a4.jpg,TP,23,45,0.9520848573518654,2725,2612,1314.139660493827,1259.645061728395
TP-D_010_jpg.rf.8e807d0647c50bd1b8d28134da2e26a4.jpg,TP,8,41,0.9498207885304659,3870,3746,1866.3194444444443,1806.520061728395
TP-D_010_jpg.rf.8e807d0647c50bd1b8d28134da2e26a4.jpg,TP,7,30,0.9494783086216365,1807,1743,871.4313271604938,840.5671296296296
TP-D_010_jpg.rf.8e807d0647c50bd1b8d28134da2e26a4.jpg,TP,26,35,0.9493952896244431,3092,3033,1491.1265432098764,1462.673611111111
TP-D_010_jpg.rf.8e807d0647c50bd1b8d28134da2e26a4.jpg,TP,22,0,0.943076923076923,618,645,298.0324074074074,311.0532407407407
TP-D_010_jpg.rf.8e807d0647c50bd1b8d28134da2e26a4.jpg,TP,2,10,0.9427048634243838,5988,5676,2887.7314814814813,2737.2685185185182
TP-D_010_jpg.rf.8e807d0647c50bd1b8d28134da2e26a4.jpg,TP,11,40,0.9418918918918919,1466,1408,706.983024691358,679.0123456790124
TP-D_010_jpg.rf.8e807d0647c50bd1b8d28134da2e26a4.jpg,TP,1,13,0.9403890772800285,5580,5292,2690.972222222222,2552.083333333333
TP-D_010_jpg.rf.8e807d0647c50bd1b8d28134da2e26a4.jpg,TP,6,1,0.9396078431372549,4959,4933,2391.4930555555557,2378.954475308642
TP-D_010_jpg.rf.8e807d0647c50bd1b8d28134da2e26a4.jpg,TP,10,22,0.9392488954344624,2671,2596,1288.0979938271605,1251.929012345679
TP-D_010_jpg.rf.8e807d0647c50bd1b8d28134da2e26a4.jpg,TP,32,15,0.9389279437609842,2236,2177,1078.317901234568,1049.8649691358023
TP-D_010_jpg.rf.8e807d0647c50bd1b8d28134da2e26a4.jpg,TP,3,21,0.9375090619109758,6843,6520,3300.0578703703704,3144.29012345679
TP-D_010_jpg.rf.8e807d0647c50bd1b8d28134da2e26a4.jpg,TP,14,17,0.9362504097017371,6020,5795,2903.1635802469136,2794.656635802469
TP-D_010_jpg.rf.8e807d0647c50bd1b8d28134da2e26a4.jpg,TP,21,23,0.9309271935283137,1606,1497,774.4984567901234,721.9328703703703
TP-D_010_jpg.rf.8e807d0647c50bd1b8d28134da2e26a4.jpg,TP,0,8,0.9302325581395349,2258,2141,1088.9274691358023,1032.5038580246912
TP-D_010_jpg.rf.8e807d0647c50bd1b8d28134da2e26a4.jpg,TP,13,44,0.9301575931232091,2772,2617,1336.8055555555554,1262.0563271604938
TP-D_010_jpg.rf.8e807d0647c50bd1b8d28134da2e26a4.jpg,TP,31,37,0.9293933054393305,1891,1798,911.940586419753,867.091049382716
TP-D_010_jpg.rf.8e807d0647c50bd1b8d28134da2e26a4.jpg,TP,16,14,0.9266156633782967,9814,9325,4732.831790123457,4497.010030864198
TP-D_010_jpg.rf.8e807d0647c50bd1b8d28134da2e26a4.jpg,TP,40,2,0.9239130434782609,183,171,88.25231481481481,82.46527777777777
TP-D_010_jpg.rf.8e807d0647c50bd1b8d28134da2e26a4.jpg,TP,19,27,0.9237057220708447,2887,2761,1392.264660493827,1331.500771604938
TP-D_010_jpg.rf.8e807d0647c50bd1b8d28134da2e26a4.jpg,TP,25,3,0.9228206551915602,1786,1677,861.304012345679,808.7384259259259
TP-D_010_jpg.rf.8e807d0647c50bd1b8d28134da2e26a4.jpg,TP,33,12,0.9225984796129924,1421,1361,685.281635802469,656.346450617284
TP-D_010_jpg.rf.8e807d0647c50bd1b8d28134da2e26a4.jpg,TP,27,38,0.9210383991346673,1808,1744,871.9135802469135,841.0493827160493
TP-D_010_jpg.rf.8e807d0647c50bd1b8d28134da2e26a4.jpg,TP,12,42,0.920881971465629,2256,2187,1087.9629629629628,1054.6875
TP-D_010_jpg.rf.8e807d0647c50bd1b8d28134da2e26a4.jpg,TP,5,6,0.919672131147541,2435,2249,1174.2862654320986,1084.5871913580247
TP-D_010_jpg.rf.8e807d0647c50bd1b8d28134da2e26a4.jpg,TP,18,7,0.919000757002271,1293,1242,623.5532407407408,598.9583333333333
TP-D_010_jpg.rf.8e807d0647c50bd1b8d28134da2e26a4.jpg,TP,9,9,0.9173333333333333,1859,1736,896.5084876543209,837.1913580246913
TP-D_010_jpg.rf.8e807d0647c50bd1b8d28134da2e26a4.jpg,TP,4,19,0.9121505233867762,7153,7278,3449.5563271604938,3509.8379629629626
TP-D_010_jpg.rf.8e807d0647c50bd1b8d28134da2e26a4.jpg,TP,28,39,0.9074315514993481,2264,2125,1091.820987654321,1024.7878086419753
TP-D_010_jpg.rf.8e807d0647c50bd1b8d28134da2e26a4.jpg,TP,29,29,0.9071494893221913,3160,3002,1523.9197530864196,1447.7237654320986
TP-D_010_jpg.rf.8e807d0647c50bd1b8d28134da2e26a4.jpg,TP,17,25,0.9015151515151515,895,862,431.616512345679,415.70216049382714
TP-D_010_jpg.rf.8e807d0647c50bd1b8d28134da2e26a4.jpg,TP,37,11,0.8968253968253969,1469,1399,708.4297839506172,674.6720679012345
TP-D_010_jpg.rf.8e807d0647c50bd1b8d28134da2e26a4.jpg,TP,43,5,0.8907407407407407,534,487,257.52314814814815,234.85725308641975
TP-D_010_jpg.rf.8e807d0647c50bd1b8d28134da2e26a4.jpg,TP,24,33,0.8818181818181818,938,925,452.35339506172835,446.0841049382716
TP-D_010_jpg.rf.8e807d0647c50bd1b8d28134da2e26a4.jpg,TP,35,16,0.8476953907815631,485,437,233.89274691358023,210.7445987654321
TP-D_010_jpg.rf.8e807d0647c50bd1b8d28134da2e26a4.jpg,TP,30,24,0.8298429319371727,362,337,174.5756172839506,162.51929012345678
TP-D_010_jpg.rf.8e807d0647c50bd1b8d28134da2e26a4.jpg,TP,44,18,0.6749596122778675,3081,2103,1485.8217592592591,1014.1782407407406
TP-D_010_jpg.rf.8e807d0647c50bd1b8d28134da2e26a4.jpg,TP,39,26,0.656,125,82,60.28163580246913,39.54475308641975
TP-D_010_jpg.rf.8e807d0647c50bd1b8d28134da2e26a4.jpg,TP,34,31,0.6036601307189543,7612,4656,3670.9104938271603,2245.3703703703704
TP-D_010_jpg.rf.8e807d0647c50bd1b8d28134da2e26a4.jpg,FP,36,-1,0.0,0,2648,0.0,1277.006172839506
TP-D_010_jpg.rf.8e807d0647c50bd1b8d28134da2e26a4.jpg,FP,38,-1,0.0,0,833,0.0,401.7168209876543
TP-D_010_jpg.rf.8e807d0647c50bd1b8d28134da2e26a4.jpg,FP,41,-1,0.0,0,1614,0.0,778.3564814814814
TP-D_010_jpg.rf.8e807d0647c50bd1b8d28134da2e26a4.jpg,FN,-1,4,0.0,20,0,9.645061728395062,0.0
TP-D_010_jpg.rf.8e807d0647c50bd1b8d28134da2e26a4.jpg,FN,-1,20,0.0,364,0,175.54012345679013,0.0
TP-D_010_jpg.rf.8e807d0647c50bd1b8d28134da2e26a4.jpg,FN,-1,28,0.0,12,0,5.787037037037036,0.0
TP-D_010_jpg.rf.8e807d0647c50bd1b8d28134da2e26a4.jpg,FN,-1,34,0.0,67,0,32.310956790123456,0.0
TP-D_010_jpg.rf.8e807d0647c50bd1b8d28134da2e26a4.jpg,FN,-1,43,0.0,56,0,27.00617283950617,0.0
TP-G_008_jpg.rf.7ce2f84776589571f8d07c60f1c4e63c.jpg,TP,1,13,0.9663439372982942,6396,6399,3084.4907407407404,3085.9375
TP-G_008_jpg.rf.7ce2f84776589571f8d07c60f1c4e63c.jpg,TP,7,2,0.9633353045535187,6638,6642,3201.195987654321,3203.125
TP-G_008_jpg.rf.7ce2f84776589571f8d07c60f1c4e63c.jpg,TP,14,7,0.9626960925598057,23990,23678,11569.251543209875,11418.788580246914
TP-G_008_jpg.rf.7ce2f84776589571f8d07c60f1c4e63c.jpg,TP,12,8,0.9625892579944116,25315,25257,12208.236882716048,12180.266203703703
TP-G_008_jpg.rf.7ce2f84776589571f8d07c60f1c4e63c.jpg,TP,8,1,0.9544384271250295,8331,8270,4017.6504629629626,3988.233024691358
TP-G_008_jpg.rf.7ce2f84776589571f8d07c60f1c4e63c.jpg,TP,5,0,0.9533678756476683,5004,4798,2413.1944444444443,2313.850308641975
TP-G_008_jpg.rf.7ce2f84776589571f8d07c60f1c4e63c.jpg,TP,2,11,0.9460459680560966,5054,4937,2437.307098765432,2380.883487654321
TP-G_008_jpg.rf.7ce2f84776589571f8d07c60f1c4e63c.jpg,TP,3,14,0.9455706748125521,3548,3458,1711.0339506172838,1667.631172839506
TP-G_008_jpg.rf.7ce2f84776589571f8d07c60f1c4e63c.jpg,TP,6,26,0.9396485867074102,2585,2493,1246.6242283950617,1202.2569444444443
TP-G_008_jpg.rf.7ce2f84776589571f8d07c60f1c4e63c.jpg,TP,0,12,0.9340197805175451,7332,6943,3535.8796296296296,3348.2831790123455
TP-G_008_jpg.rf.7ce2f84776589571f8d07c60f1c4e63c.jpg,TP,18,25,0.9325373134328359,1641,1596,791.3773148148148,769.6759259259259
TP-G_008_jpg.rf.7ce2f84776589571f8d07c60f1c4e63c.jpg,TP,4,16,0.9323857868020304,4743,4774,2287.3263888888887,2302.276234567901
TP-G_008_jpg.rf.7ce2f84776589571f8d07c60f1c4e63c.jpg,TP,17,21,0.9318651066758431,1438,1369,693.4799382716049,660.2044753086419
TP-G_008_jpg.rf.7ce2f84776589571f8d07c60f1c4e63c.jpg,TP,16,10,0.9317416590143863,3168,3143,1527.7777777777776,1515.7214506172838
TP-G_008_jpg.rf.7ce2f84776589571f8d07c60f1c4e63c.jpg,TP,9,15,0.9295473953885568,2315,2204,1116.4158950617284,1062.8858024691358
TP-G_008_jpg.rf.7ce2f84776589571f8d07c60f1c4e63c.jpg,TP,13,9,0.927521540800811,7563,7649,3647.2800925925926,3688.753858024691
TP-G_008_jpg.rf.7ce2f84776589571f8d07c60f1c4e63c.jpg,TP,10,6,0.9258147512864494,4545,4437,2191.840277777778,2139.7569444444443
TP-G_008_jpg.rf.7ce2f84776589571f8d07c60f1c4e63c.jpg,TP,15,24,0.922893101800223,6019,6051,2902.6813271604938,2918.1134259259256
TP-G_008_jpg.rf.7ce2f84776589571f8d07c60f1c4e63c.jpg,TP,19,23,0.9162077104642015,2460,2411,1186.3425925925926,1162.7121913580247
TP-G_008_jpg.rf.7ce2f84776589571f8d07c60f1c4e63c.jpg,TP,11,20,0.914819643633203,2269,2137,1094.2322530864196,1030.5748456790122
TP-G_008_jpg.rf.7ce2f84776589571f8d07c60f1c4e63c.jpg,TP,20,18,0.9054669703872438,865,808,417.1489197530864,389.66049382716045
TP-G_008_jpg.rf.7ce2f84776589571f8d07c60f1c4e63c.jpg,TP,25,29,0.8837209302325582,757,701,365.06558641975306,338.0594135802469
TP-G_008_jpg.rf.7ce2f84776589571f8d07c60f1c4e63c.jpg,TP,22,22,0.8831030818278427,866,906,417.6311728395062,436.92129629629625
TP-G_008_jpg.rf.7ce2f84776589571f8d07c60f1c4e63c.jpg,TP,23,19,0.8795986622073578,577,547,278.2600308641975,263.7924382716049
TP-G_008_jpg.rf.7ce2f84776589571f8d07c60f1c4e63c.jpg,TP,24,27,0.8783694937541091,1414,1443,681.9058641975308,695.8912037037037
TP-G_008_jpg.rf.7ce2f84776589571f8d07c60f1c4e63c.jpg,TP,21,5,0.8404441846873174,1457,1692,702.6427469135803,815.9722222222222
TP-G_008_jpg.rf.7ce2f84776589571f8d07c60f1c4e63c.jpg,TP,26,3,0.7777777777777778,191,241,92.11033950617283,116.2229938271605
TP-G_008_jpg.rf.7ce2f84776589571f8d07c60f1c4e63c.jpg,FN,-1,4,0.0,37,0,17.843364197530864,0.0
TP-G_008_jpg.rf.7ce2f84776589571f8d07c60f1c4e63c.jpg,FN,-1,17,0.0,47,0,22.665895061728396,0.0
TP-G_008_jpg.rf.7ce2f84776589571f8d07c60f1c4e63c.jpg,FN,-1,28,0.0,115,0,55.4591049382716,0.0
TP-G_008_jpg.rf.7ce2f84776589571f8d07c60f1c4e63c.jpg,FN,-1,30,0.0,235,0,113.32947530864197,0.0
TP-G_008_jpg.rf.7ce2f84776589571f8d07c60f1c4e63c.jpg,FN,-1,31,0.0,126,0,60.763888888888886,0.0
TP-G_008_jpg.rf.7ce2f84776589571f8d07c60f1c4e63c.jpg,FN,-1,32,0.0,57,0,27.488425925925924,0.0
ZAZA-D_004_jpg.rf.02ed2d595bd7bc4d5f40bda7d3f8e5d2.jpg,TP,1,1,0.974630219060101,10499,10594,5063.1751543209875,5108.989197530864
ZAZA-D_004_jpg.rf.02ed2d595bd7bc4d5f40bda7d3f8e5d2.jpg,TP,13,4,0.9568016420974063,10577,10396,5100.790895061728,5013.503086419752
ZAZA-D_004_jpg.rf.02ed2d595bd7bc4d5f40bda7d3f8e5d2.jpg,TP,17,7,0.9550056242969629,886,852,427.2762345679012,410.8796296296296
ZAZA-D_004_jpg.rf.02ed2d595bd7bc4d5f40bda7d3f8e5d2.jpg,TP,18,3,0.9469992205767732,1268,1230,611.4969135802469,593.1712962962963
ZAZA-D_004_jpg.rf.02ed2d595bd7bc4d5f40bda7d3f8e5d2.jpg,TP,19,5,0.9401109057301293,2695,2553,1299.6720679012344,1231.1921296296296
ZAZA-D_004_jpg.rf.02ed2d595bd7bc4d5f40bda7d3f8e5d2.jpg,TP,3,11,0.9359407693545791,6213,5815,2996.2384259259256,2804.301697530864
ZAZA-D_004_jpg.rf.02ed2d595bd7bc4d5f40bda7d3f8e5d2.jpg,TP,6,17,0.9316791591281124,11451,10970,5522.280092592592,5290.316358024691
ZAZA-D_004_jpg.rf.02ed2d595bd7bc4d5f40bda7d3f8e5d2.jpg,TP,15,0,0.9253541975047579,4575,4530,2206.3078703703704,2184.6064814814813
ZAZA-D_004_jpg.rf.02ed2d595bd7bc4d5f40bda7d3f8e5d2.jpg,TP,29,24,0.9235364396654719,831,779,400.7523148148148,375.67515432098764
ZAZA-D_004_jpg.rf.02ed2d595bd7bc4d5f40bda7d3f8e5d2.jpg,TP,4,27,0.9222006472491909,7688,7161,3707.5617283950614,3453.4143518518517
ZAZA-D_004_jpg.rf.02ed2d595bd7bc4d5f40bda7d3f8e5d2.jpg,TP,21,12,0.9201954397394136,1218,1140,587.3842592592592,549.7685185185185
ZAZA-D_004_jpg.rf.02ed2d595bd7bc4d5f40bda7d3f8e5d2.jpg,TP,7,6,0.9190904283447912,1872,1757,902.7777777777777,847.3186728395061
ZAZA-D_004_jpg.rf.02ed2d595bd7bc4d5f40bda7d3f8e5d2.jpg,TP,5,8,0.9137477222109739,4938,4514,2381.3657407407404,2176.8904320987654
ZAZA-D_004_jpg.rf.02ed2d595bd7bc4d5f40bda7d3f8e5d2.jpg,TP,16,9,0.9099279423538831,2493,2278,1202.2569444444443,1098.5725308641975
ZAZA-D_004_jpg.rf.02ed2d595bd7bc4d5f40bda7d3f8e5d2.jpg,TP,0,26,0.9070719602977667,8059,7312,3886.47762345679,3526.234567901234
ZAZA-D_004_jpg.rf.02ed2d595bd7bc4d5f40bda7d3f8e5d2.jpg,TP,20,30,0.9039759939984996,6638,6052,3201.195987654321,2918.5956790123455
ZAZA-D_004_jpg.rf.02ed2d595bd7bc4d5f40bda7d3f8e5d2.jpg,TP,25,13,0.8979757085020242,3689,3343,1779.031635802469,1612.1720679012344
ZAZA-D_004_jpg.rf.02ed2d595bd7bc4d5f40bda7d3f8e5d2.jpg,TP,2,28,0.89568345323741,8574,7763,4134.837962962963,3743.730709876543
ZAZA-D_004_jpg.rf.02ed2d595bd7bc4d5f40bda7d3f8e5d2.jpg,TP,24,14,0.8888091822094691,2763,2503,1332.4652777777776,1207.0794753086418
ZAZA-D_004_jpg.rf.02ed2d595bd7bc4d5f40bda7d3f8e5d2.jpg,TP,11,20,0.8874719972428055,5751,5202,2773.4375,2508.6805555555557
ZAZA-D_004_jpg.rf.02ed2d595bd7bc4d5f40bda7d3f8e5d2.jpg,TP,8,15,0.8853960396039604,8059,7175,3886.47762345679,3460.1658950617284
ZAZA-D_004_jpg.rf.02ed2d595bd7bc4d5f40bda7d3f8e5d2.jpg,TP,14,21,0.8661174047373842,3883,3365,1872.5887345679012,1622.781635802469
ZAZA-D_004_jpg.rf.02ed2d595bd7bc4d5f40bda7d3f8e5d2.jpg,TP,10,18,0.863763687293099,3925,3394,1892.8433641975307,1636.7669753086418
ZAZA-D_004_jpg.rf.02ed2d595bd7bc4d5f40bda7d3f8e5d2.jpg,TP,9,16,0.8491452991452991,2331,1996,1124.1319444444443,962.5771604938271
ZAZA-D_004_jpg.rf.02ed2d595bd7bc4d5f40bda7d3f8e5d2.jpg,TP,27,19,0.8434504792332268,307,270,148.0516975308642,130.20833333333331
ZAZA-D_004_jpg.rf.02ed2d595bd7bc4d5f40bda7d3f8e5d2.jpg,TP,28,29,0.8285907859078591,1457,1242,702.6427469135803,598.9583333333333
ZAZA-D_004_jpg.rf.02ed2d595bd7bc4d5f40bda7d3f8e5d2.jpg,TP,31,25,0.827072152653548,7580,7740,3655.4783950617284,3732.6388888888887
ZAZA-D_004_jpg.rf.02ed2d595bd7bc4d5f40bda7d3f8e5d2.jpg,TP,23,31,0.8163471241170535,991,809,477.9128086419753,390.14274691358025
ZAZA-D_004_jpg.rf.02ed2d595bd7bc4d5f40bda7d3f8e5d2.jpg,TP,22,2,0.7310639670888118,12158,9302,5863.233024691358,4485.918209876543
ZAZA-D_004_jpg.rf.02ed2d595bd7bc4d5f40bda7d3f8e5d2.jpg,TP,32,34,0.6967545638945233,974,699,469.7145061728395,337.0949074074074
ZAZA-D_004_jpg.rf.02ed2d595bd7bc4d5f40bda7d3f8e5d2.jpg,TP,30,32,0.6189659607305154,7451,11431,3593.26774691358,5512.635030864198
ZAZA-D_004_jpg.rf.02ed2d595bd7bc4d5f40bda7d3f8e5d2.jpg,TP,12,23,0.6185881157948198,2713,3661,1308.35262345679,1765.528549382716
ZAZA-D_004_jpg.rf.02ed2d595bd7bc4d5f40bda7d3f8e5d2.jpg,FP,26,-1,0.0,0,2741,0.0,1321.8557098765432
ZAZA-D_004_jpg.rf.02ed2d595bd7bc4d5f40bda7d3f8e5d2.jpg,FN,-1,10,0.0,38,0,18.325617283950617,0.0
ZAZA-D_004_jpg.rf.02ed2d595bd7bc4d5f40bda7d3f8e5d2.jpg,FN,-1,22,0.0,1273,0,613.9081790123456,0.0
ZAZA-D_004_jpg.rf.02ed2d595bd7bc4d5f40bda7d3f8e5d2.jpg,FN,-1,33,0.0,4467,0,2154.224537037037,0.0
ROSILHA-M-B_009_jpg.rf.d2aa8881a0b4f54b4bdb89392b953e71.jpg,TP,1,17,0.9692063176716003,9951,9873,4798.900462962963,4761.284722222222
ROSILHA-M-B_009_jpg.rf.d2aa8881a0b4f54b4bdb89392b953e71.jpg,TP,7,0,0.9588495575221239,4401,4453,2122.395833333333,2147.4729938271603
ROSILHA-M-B_009_jpg.rf.d2aa8881a0b4f54b4bdb89392b953e71.jpg,TP,17,24,0.95682001614205,2432,2417,1172.8395061728395,1165.6057098765432
ROSILHA-M-B_009_jpg.rf.d2aa8881a0b4f54b4bdb89392b953e71.jpg,TP,0,35,0.9535539087777893,9352,9365,4510.030864197531,4516.3001543209875
ROSILHA-M-B_009_jpg.rf.d2aa8881a0b4f54b4bdb89392b953e71.jpg,TP,21,1,0.951255230125523,4694,4633,2263.695987654321,2234.278549382716
ROSILHA-M-B_009_jpg.rf.d2aa8881a0b4f54b4bdb89392b953e71.jpg,TP,33,42,0.9498850915560827,13153,13149,6343.0748456790125,6341.145833333333
ROSILHA-M-B_009_jpg.rf.d2aa8881a0b4f54b4bdb89392b953e71.jpg,TP,8,23,0.9482836156498277,6477,6520,3123.5532407407404,3144.29012345679
ROSILHA-M-B_009_jpg.rf.d2aa8881a0b4f54b4bdb89392b953e71.jpg,TP,3,28,0.9481997677119628,4227,4160,2038.4837962962963,2006.1728395061727
ROSILHA-M-B_009_jpg.rf.d2aa8881a0b4f54b4bdb89392b953e71.jpg,TP,14,7,0.9430970149253731,3076,3173,1483.4104938271605,1530.1890432098764
ROSILHA-M-B_009_jpg.rf.d2aa8881a0b4f54b4bdb89392b953e71.jpg,TP,4,21,0.9430563625798954,5017,5015,2419.463734567901,2418.4992283950614
ROSILHA-M-B_009_jpg.rf.d2aa8881a0b4f54b4bdb89392b953e71.jpg,TP,37,26,0.942960489705064,6976,6990,3364.1975308641972,3370.949074074074
ROSILHA-M-B_009_jpg.rf.d2aa8881a0b4f54b4bdb89392b953e71.jpg,TP,23,30,0.9414780008543358,2272,2273,1095.679012345679,1096.1612654320986
ROSILHA-M-B_009_jpg.rf.d2aa8881a0b4f54b4bdb89392b953e71.jpg,TP,19,6,0.9400382226469183,3990,4131,1924.1898148148148,1992.1875
ROSILHA-M-B_009_jpg.rf.d2aa8881a0b4f54b4bdb89392b953e71.jpg,TP,9,38,0.9394143386065298,2954,2808,1424.5756172839506,1354.1666666666665
ROSILHA-M-B_009_jpg.rf.d2aa8881a0b4f54b4bdb89392b953e71.jpg,TP,6,5,0.9393213572854291,2397,2461,1155.960648148148,1186.8248456790122
ROSILHA-M-B_009_jpg.rf.d2aa8881a0b4f54b4bdb89392b953e71.jpg,TP,18,14,0.9381107491856677,1829,1741,882.0408950617284,839.6026234567901
ROSILHA-M-B_009_jpg.rf.d2aa8881a0b4f54b4bdb89392b953e71.jpg,TP,36,9,0.9379288833437305,3025,3188,1458.8155864197531,1537.4228395061727
ROSILHA-M-B_009_jpg.rf.d2aa8881a0b4f54b4bdb89392b953e71.jpg,TP,5,33,0.9376171352074967,3553,3684,1713.4452160493827,1776.6203703703702
ROSILHA-M-B_009_jpg.rf.d2aa8881a0b4f54b4bdb89392b953e71.jpg,TP,15,32,0.9316176470588236,3993,3888,1925.636574074074,1875.0
ROSILHA-M-B_009_jpg.rf.d2aa8881a0b4f54b4bdb89392b953e71.jpg,TP,32,8,0.9312119160460393,7137,7125,3441.840277777778,3436.0532407407404
ROSILHA-M-B_009_jpg.rf.d2aa8881a0b4f54b4bdb89392b953e71.jpg,TP,24,43,0.9300653594771242,3013,2893,1453.028549382716,1395.1581790123455
ROSILHA-M-B_009_jpg.rf.d2aa8881a0b4f54b4bdb89392b953e71.jpg,TP,26,4,0.9291044776119403,1024,1044,493.82716049382714,503.4722222222222
ROSILHA-M-B_009_jpg.rf.d2aa8881a0b4f54b4bdb89392b953e71.jpg,TP,20,22,0.9273743016759777,2614,2561,1260.6095679012344,1235.0501543209875
ROSILHA-M-B_009_jpg.rf.d2aa8881a0b4f54b4bdb89392b953e71.jpg,TP,11,34,0.9272829763246899,3460,3378,1668.5956790123455,1629.0509259259259
ROSILHA-M-B_009_jpg.rf.d2aa8881a0b4f54b4bdb89392b953e71.jpg,TP,13,36,0.9261467889908257,2059,2140,992.9591049382716,1032.0216049382716
ROSILHA-M-B_009_jpg.rf.d2aa8881a0b4f54b4bdb89392b953e71.jpg,TP,22,2,0.9236016371077762,2107,2123,1016.1072530864197,1023.8233024691358
ROSILHA-M-B_009_jpg.rf.d2aa8881a0b4f54b4bdb89392b953e71.jpg,TP,38,10,0.9214801444043321,5404,5241,2606.0956790123455,2527.4884259259256
ROSILHA-M-B_009_jpg.rf.d2aa8881a0b4f54b4bdb89392b953e71.jpg,TP,34,41,0.918901098901099,4386,4345,2115.162037037037,2095.3896604938273
ROSILHA-M-B_009_jpg.rf.d2aa8881a0b4f54b4bdb89392b953e71.jpg,TP,25,29,0.908957415565345,1310,1290,631.7515432098766,622.1064814814814
ROSILHA-M-B_009_jpg.rf.d2aa8881a0b4f54b4bdb89392b953e71.jpg,TP,2,20,0.9086715867158671,2108,2030,1016.5895061728395,978.9737654320987
ROSILHA-M-B_009_jpg.rf.d2aa8881a0b4f54b4bdb89392b953e71.jpg,TP,16,11,0.9070858751759737,1949,2115,939.9112654320987,1019.9652777777777
ROSILHA-M-B_009_jpg.rf.d2aa8881a0b4f54b4bdb89392b953e71.jpg,TP,10,37,0.9044143204727146,2839,2640,1369.116512345679,1273.148148148148
ROSILHA-M-B_009_jpg.rf.d2aa8881a0b4f54b4bdb89392b953e71.jpg,TP,12,19,0.8935185185185185,2028,2062,978.0092592592592,994.4058641975308
ROSILHA-M-B_009_jpg.rf.d2aa8881a0b4f54b4bdb89392b953e71.jpg,TP,40,15,0.8828318584070797,2682,2637,1293.4027777777778,1271.701388888889
ROSILHA-M-B_009_jpg.rf.d2aa8881a0b4f54b4bdb89392b953e71.jpg,TP,28,3,0.8816091954022989,775,862,373.7461419753086,415.70216049382714
ROSILHA-M-B_009_jpg.rf.d2aa8881a0b4f54b4bdb89392b953e71.jpg,TP,27,31,0.8591836734693877,452,459,217.97839506172838,221.35416666666666
ROSILHA-M-B_009_jpg.rf.d2aa8881a0b4f54b4bdb89392b953e71.jpg,TP,31,25,0.7737226277372263,274,212,132.13734567901233,102.23765432098764
ROSILHA-M-B_009_jpg.rf.d2aa8881a0b4f54b4bdb89392b953e71.jpg,TP,30,18,0.7584745762711864,228,187,109.9537037037037,90.18132716049382
ROSILHA-M-B_009_jpg.rf.d2aa8881a0b4f54b4bdb89392b953e71.jpg,TP,41,16,0.7506109150149335,11219,14571,5410.397376543209,7026.909722222222
ROSILHA-M-B_009_jpg.rf.d2aa8881a0b4f54b4bdb89392b953e71.jpg,TP,39,27,0.6104207216649199,13200,8312,6365.740740740741,4008.4876543209875
ROSILHA-M-B_009_jpg.rf.d2aa8881a0b4f54b4bdb89392b953e71.jpg,FP,29,-1,0.0,0,4298,0.0,2072.723765432099
ROSILHA-M-B_009_jpg.rf.d2aa8881a0b4f54b4bdb89392b953e71.jpg,FP,35,-1,0.0,0,1903,0.0,917.7276234567901
ROSILHA-M-B_009_jpg.rf.d2aa8881a0b4f54b4bdb89392b953e71.jpg,FN,-1,12,0.0,2974,0,1434.2206790123455,0.0
ROSILHA-M-B_009_jpg.rf.d2aa8881a0b4f54b4bdb89392b953e71.jpg,FN,-1,13,0.0,2823,0,1361.4004629629628,0.0
ROSILHA-M-B_009_jpg.rf.d2aa8881a0b4f54b4bdb89392b953e71.jpg,FN,-1,39,0.0,2198,0,1059.9922839506173,0.0
ROSILHA-M-B_009_jpg.rf.d2aa8881a0b4f54b4bdb89392b953e71.jpg,FN,-1,40,0.0,3631,0,1751.0609567901233,0.0
TORDILHA-B_012_jpg.rf.0b5caafb1952d960be9aa54f5506bf96.jpg,TP,8,3,0.9692603266090298,3102,3048,1495.949074074074,1469.9074074074074
TORDILHA-B_012_jpg.rf.0b5caafb1952d960be9aa54f5506bf96.jpg,TP,2,20,0.9609775325187229,2491,2484,1201.2924382716049,1197.9166666666665
TORDILHA-B_012_jpg.rf.0b5caafb1952d960be9aa54f5506bf96.jpg,TP,4,12,0.9595454545454546,4357,4265,2101.176697530864,2056.8094135802467
TORDILHA-B_012_jpg.rf.0b5caafb1952d960be9aa54f5506bf96.jpg,TP,17,2,0.958916083916084,1122,1119,541.0879629629629,539.6412037037037
TORDILHA-B_012_jpg.rf.0b5caafb1952d960be9aa54f5506bf96.jpg,TP,16,16,0.9579158316633266,1949,1959,939.9112654320987,944.7337962962963
TORDILHA-B_012_jpg.rf.0b5caafb1952d960be9aa54f5506bf96.jpg,TP,0,26,0.9566820276497696,4257,4235,2052.9513888888887,2042.3418209876543
TORDILHA-B_012_jpg.rf.0b5caafb1952d960be9aa54f5506bf96.jpg,TP,21,17,0.9513090977585232,10257,10462,4946.469907407407,5045.331790123457
TORDILHA-B_012_jpg.rf.0b5caafb1952d960be9aa54f5506bf96.jpg,TP,19,30,0.9503865979381443,4528,4553,2183.641975308642,2195.698302469136
TORDILHA-B_012_jpg.rf.0b5caafb1952d960be9aa54f5506bf96.jpg,TP,33,21,0.9492473948282516,5111,4990,2464.795524691358,2406.4429012345677
TORDILHA-B_012_jpg.rf.0b5caafb1952d960be9aa54f5506bf96.jpg,TP,31,8,0.9453467954345918,4547,4316,2192.804783950617,2081.404320987654
TORDILHA-B_012_jpg.rf.0b5caafb1952d960be9aa54f5506bf96.jpg,TP,10,15,0.9451219512195121,5412,5434,2609.9537037037035,2620.563271604938
TORDILHA-B_012_jpg.rf.0b5caafb1952d960be9aa54f5506bf96.jpg,TP,11,9,0.9434856817750806,5166,5082,2491.3194444444443,2450.810185185185
TORDILHA-B_012_jpg.rf.0b5caafb1952d960be9aa54f5506bf96.jpg,TP,6,32,0.9429139449020165,3374,3467,1627.1219135802469,1671.9714506172838
TORDILHA-B_012_jpg.rf.0b5caafb1952d960be9aa54f5506bf96.jpg,TP,26,31,0.9381252315672471,5232,5230,2523.148148148148,2522.1836419753085
TORDILHA-B_012_jpg.rf.0b5caafb1952d960be9aa54f5506bf96.jpg,TP,13,6,0.9380370872908186,2138,2147,1031.057098765432,1035.39737654321
TORDILHA-B_012_jpg.rf.0b5caafb1952d960be9aa54f5506bf96.jpg,TP,1,24,0.9339926897441411,4420,4575,2131.5586419753085,2206.3078703703704
TORDILHA-B_012_jpg.rf.0b5caafb1952d960be9aa54f5506bf96.jpg,TP,5,27,0.9330943847072879,5605,5721,2703.028549382716,2758.9699074074074
TORDILHA-B_012_jpg.rf.0b5caafb1952d960be9aa54f5506bf96.jpg,TP,18,7,0.9313868613138686,2021,1948,974.6334876543209,939.429012345679
TORDILHA-B_012_jpg.rf.0b5caafb1952d960be9aa54f5506bf96.jpg,TP,3,25,0.9301575931232091,2718,2671,1310.763888888889,1288.0979938271605
TORDILHA-B_012_jpg.rf.0b5caafb1952d960be9aa54f5506bf96.jpg,TP,32,5,0.9270166453265045,2289,2226,1103.8773148148148,1073.4953703703702
TORDILHA-B_012_jpg.rf.0b5caafb1952d960be9aa54f5506bf96.jpg,TP,12,4,0.9265463917525774,3818,3657,1841.242283950617,1763.599537037037
TORDILHA-B_012_jpg.rf.0b5caafb1952d960be9aa54f5506bf96.jpg,TP,15,22,0.9263331500824629,1706,1798,822.7237654320987,867.091049382716
TORDILHA-B_012_jpg.rf.0b5caafb1952d960be9aa54f5506bf96.jpg,TP,7,19,0.9179966978536048,1757,1728,847.3186728395061,833.3333333333333
TORDILHA-B_012_jpg.rf.0b5caafb1952d960be9aa54f5506bf96.jpg,TP,25,18,0.9170464904284412,3182,3127,1534.5293209876543,1508.005401234568
TORDILHA-B_012_jpg.rf.0b5caafb1952d960be9aa54f5506bf96.jpg,TP,22,29,0.9107953424116835,4666,5016,2250.1929012345677,2418.9814814814813
TORDILHA-B_012_jpg.rf.0b5caafb1952d960be9aa54f5506bf96.jpg,TP,9,1,0.9098391320613542,2592,2513,1250.0,1211.9020061728395
TORDILHA-B_012_jpg.rf.0b5caafb1952d960be9aa54f5506bf96.jpg,TP,24,33,0.8952042628774423,549,518,264.75694444444446,249.80709876543207
TORDILHA-B_012_jpg.rf.0b5caafb1952d960be9aa54f5506bf96.jpg,TP,14,14,0.886676875957121,1927,1769,929.3016975308642,853.1057098765432
TORDILHA-B_012_jpg.rf.0b5caafb1952d960be9aa54f5506bf96.jpg,TP,20,23,0.8836633663366337,1095,1188,528.0671296296296,572.9166666666666
TORDILHA-B_012_jpg.rf.0b5caafb1952d960be9aa54f5506bf96.jpg,TP,39,38,0.8815212091662603,2017,1842,972.7044753086419,888.3101851851851
TORDILHA-B_012_jpg.rf.0b5caafb1952d960be9aa54f5506bf96.jpg,TP,36,34,0.8740671641791045,1058,951,510.22376543209873,458.62268518518516
TORDILHA-B_012_jpg.rf.0b5caafb1952d960be9aa54f5506bf96.jpg,TP,28,39,0.8465063001145475,813,799,392.07175925925924,385.3202160493827
TORDILHA-B_012_jpg.rf.0b5caafb1952d960be9aa54f5506bf96.jpg,TP,37,40,0.8208333333333333,233,204,112.36496913580247,98.37962962962962
TORDILHA-B_012_jpg.rf.0b5caafb1952d960be9aa54f5506bf96.jpg,TP,29,13,0.8074412532637075,3016,2522,1454.4753086419753,1216.2422839506173
TORDILHA-B_012_jpg.rf.0b5caafb1952d960be9aa54f5506bf96.jpg,TP,38,11,0.7991071428571429,223,180,107.54243827160494,86.80555555555556
TORDILHA-B_012_jpg.rf.0b5caafb1952d960be9aa54f5506bf96.jpg,TP,41,35,0.7549019607843137,295,242,142.26466049382717,116.70524691358024
TORDILHA-B_012_jpg.rf.0b5caafb1952d960be9aa54f5506bf96.jpg,TP,34,10,0.5624855624855625,4307,2457,2077.064043209876,1184.8958333333333
TORDILHA-B_012_jpg.rf.0b5caafb1952d960be9aa54f5506bf96.jpg,TP,23,0,0.5498056862344037,9593,5561,4626.253858024691,2681.8094135802467
TORDILHA-B_012_jpg.rf.0b5caafb1952d960be9aa54f5506bf96.jpg,TP,27,28,0.5495506739890165,7891,4524,3805.4591049382716,2181.712962962963
TORDILHA-B_012_jpg.rf.0b5caafb1952d960be9aa54f5506bf96.jpg,FP,30,-1,0.0,0,4028,0.0,1942.5154320987654
TORDILHA-B_012_jpg.rf.0b5caafb1952d960be9aa54f5506bf96.jpg,FP,35,-1,0.0,0,1709,0.0,824.170524691358
TORDILHA-B_012_jpg.rf.0b5caafb1952d960be9aa54f5506bf96.jpg,FP,40,-1,0.0,0,1626,0.0,784.1435185185185
TORDILHA-B_012_jpg.rf.0b5caafb1952d960be9aa54f5506bf96.jpg,FP,42,-1,0.0,0,3324,0.0,1603.0092592592591
TORDILHA-B_012_jpg.rf.0b5caafb1952d960be9aa54f5506bf96.jpg,FP,43,-1,0.0,0,1626,0.0,784.1435185185185
TORDILHA-B_012_jpg.rf.0b5caafb1952d960be9aa54f5506bf96.jpg,FN,-1,36,0.0,145,0,69.92669753086419,0.0
TORDILHA-B_012_jpg.rf.0b5caafb1952d960be9aa54f5506bf96.jpg,FN,-1,37,0.0,96,0,46.29629629629629,0.0
ROSILHA-M-D_006_jpg.rf.de71085683e9c7eb460be0f184fb31ac.jpg,TP,0,1,0.9699239521985248,17287,17165,8336.70910493827,8277.874228395061
ROSILHA-M-D_006_jpg.rf.de71085683e9c7eb460be0f184fb31ac.jpg,TP,3,15,0.9627039627039627,7557,7599,3644.386574074074,3664.6412037037035
ROSILHA-M-D_006_jpg.rf.de71085683e9c7eb460be0f184fb31ac.jpg,TP,2,2,0.9612017325592112,10513,10768,5069.926697530864,5192.901234567901
ROSILHA-M-D_006_jpg.rf.de71085683e9c7eb460be0f184fb31ac.jpg,TP,12,20,0.9604137656654068,9845,9865,4747.781635802469,4757.426697530864
ROSILHA-M-D_006_jpg.rf.de71085683e9c7eb460be0f184fb31ac.jpg,TP,10,10,0.9527272727272728,4860,4806,2343.75,2317.708333333333
ROSILHA-M-D_006_jpg.rf.de71085683e9c7eb460be0f184fb31ac.jpg,TP,20,18,0.952521283562541,2995,2968,1444.3479938271605,1431.327160493827
ROSILHA-M-D_006_jpg.rf.de71085683e9c7eb460be0f184fb31ac.jpg,TP,17,21,0.9524465885596141,8625,8373,4159.43287037037,4037.9050925925926
ROSILHA-M-D_006_jpg.rf.de71085683e9c7eb460be0f184fb31ac.jpg,TP,35,8,0.9523922875505832,4118,4084,1985.9182098765432,1969.5216049382716
ROSILHA-M-D_006_jpg.rf.de71085683e9c7eb460be0f184fb31ac.jpg,TP,19,5,0.9431857790170791,2820,2755,1359.9537037037037,1328.6072530864196
ROSILHA-M-D_006_jpg.rf.de71085683e9c7eb460be0f184fb31ac.jpg,TP,14,17,0.9431031255848774,5117,5265,2467.689043209876,2539.0625
ROSILHA-M-D_006_jpg.rf.de71085683e9c7eb460be0f184fb31ac.jpg,TP,4,19,0.9399421128798843,5361,5363,2585.358796296296,2586.323302469136
ROSILHA-M-D_006_jpg.rf.de71085683e9c7eb460be0f184fb31ac.jpg,TP,7,22,0.9395939086294416,1959,1862,944.7337962962963,897.9552469135803
ROSILHA-M-D_006_jpg.rf.de71085683e9c7eb460be0f184fb31ac.jpg,TP,6,13,0.9366407650926479,3309,3171,1595.7754629629628,1529.224537037037
ROSILHA-M-D_006_jpg.rf.de71085683e9c7eb460be0f184fb31ac.jpg,TP,8,14,0.9354957611500184,2632,2619,1269.29012345679,1263.0208333333333
ROSILHA-M-D_006_jpg.rf.de71085683e9c7eb460be0f184fb31ac.jpg,TP,13,27,0.9317073170731708,2163,2193,1043.1134259259259,1057.5810185185185
ROSILHA-M-D_006_jpg.rf.de71085683e9c7eb460be0f184fb31ac.jpg,TP,24,11,0.9293832681199925,5027,5328,2424.286265432099,2569.4444444444443
ROSILHA-M-D_006_jpg.rf.de71085683e9c7eb460be0f184fb31ac.jpg,TP,22,26,0.9279246649764578,2652,2671,1278.9351851851852,1288.0979938271605
ROSILHA-M-D_006_jpg.rf.de71085683e9c7eb460be0f184fb31ac.jpg,TP,15,6,0.9253663003663004,2154,2051,1038.773148148148,989.1010802469135
ROSILHA-M-D_006_jpg.rf.de71085683e9c7eb460be0f184fb31ac.jpg,TP,5,7,0.9247110278038113,3104,3057,1496.9135802469134,1474.2476851851852
ROSILHA-M-D_006_jpg.rf.de71085683e9c7eb460be0f184fb31ac.jpg,TP,26,16,0.9240766073871409,1430,1383,689.6219135802469,666.9560185185185
ROSILHA-M-D_006_jpg.rf.de71085683e9c7eb460be0f184fb31ac.jpg,TP,11,25,0.9221269296740995,2847,2756,1372.974537037037,1329.0895061728395
ROSILHA-M-D_006_jpg.rf.de71085683e9c7eb460be0f184fb31ac.jpg,TP,29,9,0.9186084673449294,2980,2866,1437.1141975308642,1382.1373456790122
ROSILHA-M-D_006_jpg.rf.de71085683e9c7eb460be0f184fb31ac.jpg,TP,21,28,0.9061604584527221,1333,1328,642.8433641975308,640.4320987654321
ROSILHA-M-D_006_jpg.rf.de71085683e9c7eb460be0f184fb31ac.jpg,TP,16,3,0.8969072164948454,1493,1451,720.0038580246913,699.7492283950617
ROSILHA-M-D_006_jpg.rf.de71085683e9c7eb460be0f184fb31ac.jpg,TP,1,0,0.8945476333133613,6002,6646,2894.483024691358,3205.054012345679
ROSILHA-M-D_006_jpg.rf.de71085683e9c7eb460be0f184fb31ac.jpg,TP,18,4,0.8902967655885295,2867,2802,1382.619598765432,1351.273148148148
ROSILHA-M-D_006_jpg.rf.de71085683e9c7eb460be0f184fb31ac.jpg,TP,27,12,0.8857967970595957,3722,3461,1794.9459876543208,1669.0779320987654
ROSILHA-M-D_006_jpg.rf.de71085683e9c7eb460be0f184fb31ac.jpg,TP,23,29,0.8668261562998405,1234,1107,595.1003086419753,533.8541666666666
ROSILHA-M-D_006_jpg.rf.de71085683e9c7eb460be0f184fb31ac.jpg,TP,9,36,0.8183060109289617,1309,1353,631.2692901234568,652.4884259259259
ROSILHA-M-D_006_jpg.rf.de71085683e9c7eb460be0f184fb31ac.jpg,TP,31,30,0.7419354838709677,150,120,72.33796296296296,57.87037037037037
ROSILHA-M-D_006_jpg.rf.de71085683e9c7eb460be0f184fb31ac.jpg,TP,25,38,0.7391910739191074,1179,1315,568.5763888888889,634.1628086419753
ROSILHA-M-D_006_jpg.rf.de71085683e9c7eb460be0f184fb31ac.jpg,TP,32,31,0.7327935222672065,200,228,96.4506172839506,109.9537037037037
ROSILHA-M-D_006_jpg.rf.de71085683e9c7eb460be0f184fb31ac.jpg,TP,30,37,0.6982758620689655,116,81,55.941358024691354,39.0625
ROSILHA-M-D_006_jpg.rf.de71085683e9c7eb460be0f184fb31ac.jpg,TP,28,24,0.6600558659217877,3546,2397,1710.0694444444443,1155.960648148148
ROSILHA-M-D_006_jpg.rf.de71085683e9c7eb460be0f184fb31ac.jpg,FP,33,-1,0.0,0,980,0.0,472.608024691358
ROSILHA-M-D_006_jpg.rf.de71085683e9c7eb460be0f184fb31ac.jpg,FP,34,-1,0.0,0,35,0.0,16.878858024691358
ROSILHA-M-D_006_jpg.rf.de71085683e9c7eb460be0f184fb31ac.jpg,FN,-1,23,0.0,172,0,82.94753086419753,0.0
ROSILHA-M-D_006_jpg.rf.de71085683e9c7eb460be0f184fb31ac.jpg,FN,-1,32,0.0,30,0,14.467592592592592,0.0
ROSILHA-M-D_006_jpg.rf.de71085683e9c7eb460be0f184fb31ac.jpg,FN,-1,33,0.0,312,0,150.46296296296296,0.0
ROSILHA-M-D_006_jpg.rf.de71085683e9c7eb460be0f184fb31ac.jpg,FN,-1,34,0.0,317,0,152.87422839506172,0.0
ROSILHA-M-D_006_jpg.rf.de71085683e9c7eb460be0f184fb31ac.jpg,FN,-1,35,0.0,33,0,15.914351851851851,0.0
TOSTADA-B_003_jpg.rf.ef070508fe8cf028db79cd03961c37d8.jpg,TP,0,9,0.969644705070714,8594,8536,4144.483024691358,4116.5123456790125
TOSTADA-B_003_jpg.rf.ef070508fe8cf028db79cd03961c37d8.jpg,TP,5,18,0.9634596961817435,7191,7156,3467.8819444444443,3451.003086419753
TOSTADA-B_003_jpg.rf.ef070508fe8cf028db79cd03961c37d8.jpg,TP,1,23,0.9584687612856627,2700,2723,1302.0833333333333,1313.1751543209875
TOSTADA-B_003_jpg.rf.ef070508fe8cf028db79cd03961c37d8.jpg,TP,3,2,0.9560439560439561,2499,2485,1205.1504629629628,1198.3989197530864
TOSTADA-B_003_jpg.rf.ef070508fe8cf028db79cd03961c37d8.jpg,TP,10,15,0.95562435500516,7647,7513,3687.7893518518517,3623.1674382716046
TOSTADA-B_003_jpg.rf.ef070508fe8cf028db79cd03961c37d8.jpg,TP,11,4,0.9543513080619327,3678,3643,1773.7268518518517,1756.8479938271605
TOSTADA-B_003_jpg.rf.ef070508fe8cf028db79cd03961c37d8.jpg,TP,22,20,0.9542060726729716,1975,1951,952.4498456790124,940.8757716049382
TOSTADA-B_003_jpg.rf.ef070508fe8cf028db79cd03961c37d8.jpg,TP,4,0,0.9514950166112957,4434,4377,2138.310185185185,2110.821759259259
TOSTADA-B_003_jpg.rf.ef070508fe8cf028db79cd03961c37d8.jpg,TP,13,3,0.9512804497189257,6326,6170,3050.733024691358,2975.501543209876
TOSTADA-B_003_jpg.rf.ef070508fe8cf028db79cd03961c37d8.jpg,TP,19,14,0.9490698934441033,5311,5481,2561.2461419753085,2643.2291666666665
TOSTADA-B_003_jpg.rf.ef070508fe8cf028db79cd03961c37d8.jpg,TP,7,10,0.9424743892829,2462,2468,1187.307098765432,1190.2006172839506
TOSTADA-B_003_jpg.rf.ef070508fe8cf028db79cd03961c37d8.jpg,TP,2,22,0.940494200706001,1931,1917,931.2307098765432,924.4791666666666
TOSTADA-B_003_jpg.rf.ef070508fe8cf028db79cd03961c37d8.jpg,TP,21,21,0.9395203336809176,2837,2743,1368.1520061728395,1322.8202160493827
TOSTADA-B_003_jpg.rf.ef070508fe8cf028db79cd03961c37d8.jpg,TP,24,24,0.9357963505293985,4317,4276,2081.886574074074,2062.114197530864
TOSTADA-B_003_jpg.rf.ef070508fe8cf028db79cd03961c37d8.jpg,TP,12,25,0.9312920089619119,1281,1305,617.7662037037037,629.3402777777777
TOSTADA-B_003_jpg.rf.ef070508fe8cf028db79cd03961c37d8.jpg,TP,8,5,0.9148629148629148,670,657,323.1095679012345,316.84027777777777
TOSTADA-B_003_jpg.rf.ef070508fe8cf028db79cd03961c37d8.jpg,TP,6,19,0.9141061452513967,1320,1421,636.574074074074,685.281635802469
TOSTADA-B_003_jpg.rf.ef070508fe8cf028db79cd03961c37d8.jpg,TP,14,6,0.887459807073955,279,308,134.54861111111111,148.53395061728395
TOSTADA-B_003_jpg.rf.ef070508fe8cf028db79cd03961c37d8.jpg,TP,9,12,0.8830769230769231,875,961,421.97145061728395,463.4452160493827
TOSTADA-B_003_jpg.rf.ef070508fe8cf028db79cd03961c37d8.jpg,TP,26,11,0.8662454873646209,9846,10832,4748.263888888889,5223.765432098765
TOSTADA-B_003_jpg.rf.ef070508fe8cf028db79cd03961c37d8.jpg,TP,18,16,0.85892002734108,7140,6458,3443.287037037037,3114.3904320987654
TOSTADA-B_003_jpg.rf.ef070508fe8cf028db79cd03961c37d8.jpg,TP,20,1,0.8239337603499454,5401,6274,2604.6489197530864,3025.6558641975307
TOSTADA-B_003_jpg.rf.ef070508fe8cf028db79cd03961c37d8.jpg,TP,23,7,0.6270128162997043,2976,1975,1435.1851851851852,952.4498456790124
TOSTADA-B_003_jpg.rf.ef070508fe8cf028db79cd03961c37d8.jpg,FP,15,-1,0.0,0,7031,0.0,3390.7214506172836
TOSTADA-B_003_jpg.rf.ef070508fe8cf028db79cd03961c37d8.jpg,FP,16,-1,0.0,0,1390,0.0,670.3317901234568
TOSTADA-B_003_jpg.rf.ef070508fe8cf028db79cd03961c37d8.jpg,FP,17,-1,0.0,0,4735,0.0,2283.4683641975307
TOSTADA-B_003_jpg.rf.ef070508fe8cf028db79cd03961c37d8.jpg,FP,25,-1,0.0,0,4282,0.0,2065.0077160493825
TOSTADA-B_003_jpg.rf.ef070508fe8cf028db79cd03961c37d8.jpg,FP,27,-1,0.0,0,1503,0.0,724.8263888888888
TOSTADA-B_003_jpg.rf.ef070508fe8cf028db79cd03961c37d8.jpg,FP,28,-1,0.0,0,2666,0.0,1285.6867283950617
TOSTADA-B_003_jpg.rf.ef070508fe8cf028db79cd03961c37d8.jpg,FN,-1,8,0.0,210,0,101.27314814814814,0.0
TOSTADA-B_003_jpg.rf.ef070508fe8cf028db79cd03961c37d8.jpg,FN,-1,13,0.0,908,0,437.8858024691358,0.0
TOSTADA-B_003_jpg.rf.ef070508fe8cf028db79cd03961c37d8.jpg,FN,-1,17,0.0,14751,0,7113.715277777777,0.0
TORDILHA-D_001_jpg.rf.36e39c15aad81283f9bcc0f8afcd649f.jpg,TP,0,11,0.9630099728014506,5431,5395,2619.116512345679,2601.7554012345677
TORDILHA-D_001_jpg.rf.36e39c15aad81283f9bcc0f8afcd649f.jpg,TP,6,2,0.9601151315789473,31397,30574,15141.300154320987,14744.40586419753
TORDILHA-D_001_jpg.rf.36e39c15aad81283f9bcc0f8afcd649f.jpg,TP,19,20,0.9552906110283159,1973,1963,951.4853395061727,946.6628086419753
TORDILHA-D_001_jpg.rf.36e39c15aad81283f9bcc0f8afcd649f.jpg,TP,18,0,0.9519150410729937,48439,47320,23359.85725308642,22820.216049382714
TORDILHA-D_001_jpg.rf.36e39c15aad81283f9bcc0f8afcd649f.jpg,TP,3,9,0.9516587677725118,1051,1008,506.84799382716045,486.1111111111111
TORDILHA-D_001_jpg.rf.36e39c15aad81283f9bcc0f8afcd649f.jpg,TP,2,16,0.9510048601077105,7522,7331,3627.5077160493825,3535.3973765432097
TORDILHA-D_001_jpg.rf.36e39c15aad81283f9bcc0f8afcd649f.jpg,TP,5,8,0.9201773835920177,417,449,201.09953703703704,216.5316358024691
TORDILHA-D_001_jpg.rf.36e39c15aad81283f9bcc0f8afcd649f.jpg,TP,22,18,0.9198952308196006,8714,8878,4202.353395061728,4281.442901234568
TORDILHA-D_001_jpg.rf.36e39c15aad81283f9bcc0f8afcd649f.jpg,TP,1,7,0.9147410358565737,9972,9252,4809.027777777777,4461.805555555556
TORDILHA-D_001_jpg.rf.36e39c15aad81283f9bcc0f8afcd649f.jpg,TP,13,17,0.9117795753286148,3871,3692,1866.8016975308642,1780.4783950617284
TORDILHA-D_001_jpg.rf.36e39c15aad81283f9bcc0f8afcd649f.jpg,TP,7,10,0.894773519163763,1421,1298,685.281635802469,625.9645061728395
TORDILHA-D_001_jpg.rf.36e39c15aad81283f9bcc0f8afcd649f.jpg,TP,9,13,0.8754430379746836,1873,1831,903.2600308641975,883.0054012345679
TORDILHA-D_001_jpg.rf.36e39c15aad81283f9bcc0f8afcd649f.jpg,TP,8,21,0.8736462093862816,2030,2122,978.9737654320987,1023.341049382716
TORDILHA-D_001_jpg.rf.36e39c15aad81283f9bcc0f8afcd649f.jpg,TP,11,15,0.8716814159292036,7379,6580,3558.545524691358,3173.225308641975
TORDILHA-D_001_jpg.rf.36e39c15aad81283f9bcc0f8afcd649f.jpg,TP,14,6,0.8605749486652977,24325,20980,11730.806327160493,10117.669753086418
TORDILHA-D_001_jpg.rf.36e39c15aad81283f9bcc0f8afcd649f.jpg,TP,4,12,0.8596724214254094,6709,5894,3235.4359567901233,2842.3996913580245
TORDILHA-D_001_jpg.rf.36e39c15aad81283f9bcc0f8afcd649f.jpg,TP,20,19,0.7645687645687645,372,385,179.39814814814815,185.66743827160494
TORDILHA-D_001_jpg.rf.36e39c15aad81283f9bcc0f8afcd649f.jpg,TP,17,22,0.7475728155339806,646,614,311.53549382716045,296.1033950617284
TORDILHA-D_001_jpg.rf.36e39c15aad81283f9bcc0f8afcd649f.jpg,TP,16,1,0.6384515932770553,25282,17806,12192.322530864198,8586.998456790123
TORDILHA-D_001_jpg.rf.36e39c15aad81283f9bcc0f8afcd649f.jpg,TP,23,14,0.5336094297546989,3113,1701,1501.2538580246912,820.3125
TORDILHA-D_001_jpg.rf.36e39c15aad81283f9bcc0f8afcd649f.jpg,FP,10,-1,0.0,0,622,0.0,299.96141975308643
TORDILHA-D_001_jpg.rf.36e39c15aad81283f9bcc0f8afcd649f.jpg,FP,12,-1,0.0,0,5212,0.0,2513.503086419753
TORDILHA-D_001_jpg.rf.36e39c15aad81283f9bcc0f8afcd649f.jpg,FP,15,-1,0.0,0,781,0.0,376.63966049382714
TORDILHA-D_001_jpg.rf.36e39c15aad81283f9bcc0f8afcd649f.jpg,FP,21,-1,0.0,0,1868,0.0,900.8487654320987
TORDILHA-D_001_jpg.rf.36e39c15aad81283f9bcc0f8afcd649f.jpg,FN,-1,3,0.0,7881,0,3800.636574074074,0.0
TORDILHA-D_001_jpg.rf.36e39c15aad81283f9bcc0f8afcd649f.jpg,FN,-1,4,0.0,10308,0,4971.064814814815,0.0
TORDILHA-D_001_jpg.rf.36e39c15aad81283f9bcc0f8afcd649f.jpg,FN,-1,5,0.0,6181,0,2980.8063271604938,0.0
TORDILHA-D_001_jpg.rf.36e39c15aad81283f9bcc0f8afcd649f.jpg,FN,-1,23,0.0,138,0,66.55092592592592,0.0
TOSTADA-G_009_jpg.rf.506f019d1e54427e5f81510789439725.jpg,TP,5,41,0.9652605459057072,1204,1172,580.6327160493827,565.2006172839506
TOSTADA-G_009_jpg.rf.506f019d1e54427e5f81510789439725.jpg,TP,35,17,0.9606547056971986,3119,3110,1504.1473765432097,1499.807098765432
TOSTADA-G_009_jpg.rf.506f019d1e54427e5f81510789439725.jpg,TP,2,33,0.9533411833971152,6702,6569,3232.060185185185,3167.920524691358
TOSTADA-G_009_jpg.rf.506f019d1e54427e5f81510789439725.jpg,TP,10,5,0.9532790398628376,2324,2233,1120.756172839506,1076.8711419753085
TOSTADA-G_009_jpg.rf.506f019d1e54427e5f81510789439725.jpg,TP,24,22,0.9504237288135593,2314,2289,1115.9336419753085,1103.8773148148148
TOSTADA-G_009_jpg.rf.506f019d1e54427e5f81510789439725.jpg,TP,30,34,0.9477372262773722,3351,3320,1616.0300925925926,1601.0802469135801
TOSTADA-G_009_jpg.rf.506f019d1e54427e5f81510789439725.jpg,TP,17,40,0.9454545454545454,1094,1046,527.5848765432098,504.4367283950617
TOSTADA-G_009_jpg.rf.506f019d1e54427e5f81510789439725.jpg,TP,23,27,0.9452631578947368,7514,7270,3623.6496913580245,3505.9799382716046
TOSTADA-G_009_jpg.rf.506f019d1e54427e5f81510789439725.jpg,TP,38,19,0.9442634817227651,5436,5308,2621.527777777778,2559.7993827160494
TOSTADA-G_009_jpg.rf.506f019d1e54427e5f81510789439725.jpg,TP,11,2,0.9433325665209723,12821,12522,6182.966820987654,6038.773148148148
TOSTADA-G_009_jpg.rf.506f019d1e54427e5f81510789439725.jpg,TP,13,21,0.9417336394948336,10345,9950,4988.9081790123455,4798.418209876543
TOSTADA-G_009_jpg.rf.506f019d1e54427e5f81510789439725.jpg,TP,32,6,0.9403817550818047,8009,7646,3862.3649691358023,3687.307098765432
TOSTADA-G_009_jpg.rf.506f019d1e54427e5f81510789439725.jpg,TP,37,18,0.9351130886169818,2677,2542,1290.991512345679,1225.8873456790122
TOSTADA-G_009_jpg.rf.506f019d1e54427e5f81510789439725.jpg,TP,22,20,0.931310818546079,1703,1671,821.2770061728395,805.8449074074074
TOSTADA-G_009_jpg.rf.506f019d1e54427e5f81510789439725.jpg,TP,36,10,0.9303582956746288,12342,11579,5951.967592592592,5584.008487654321
TOSTADA-G_009_jpg.rf.506f019d1e54427e5f81510789439725.jpg,TP,1,28,0.9294003868471954,2059,1931,992.9591049382716,931.2307098765432
TOSTADA-G_009_jpg.rf.506f019d1e54427e5f81510789439725.jpg,TP,19,26,0.9288243626062322,2761,2686,1331.500771604938,1295.3317901234568
TOSTADA-G_009_jpg.rf.506f019d1e54427e5f81510789439725.jpg,TP,0,24,0.9279216235129462,1424,1331,686.7283950617284,641.8788580246913
TOSTADA-G_009_jpg.rf.506f019d1e54427e5f81510789439725.jpg,TP,16,37,0.9269984917043741,3293,3095,1588.0594135802469,1492.5733024691358
TOSTADA-G_009_jpg.rf.506f019d1e54427e5f81510789439725.jpg,TP,25,9,0.9256847545219639,9497,9134,4579.9575617283945,4404.899691358024
TOSTADA-G_009_jpg.rf.506f019d1e54427e5f81510789439725.jpg,TP,9,31,0.9232693911592994,3593,3325,1732.7353395061727,1603.491512345679
TOSTADA-G_009_jpg.rf.506f019d1e54427e5f81510789439725.jpg,TP,7,23,0.9156232988568318,1837,1682,885.8989197530864,811.1496913580246
TOSTADA-G_009_jpg.rf.506f019d1e54427e5f81510789439725.jpg,TP,18,32,0.9144542772861357,2339,2204,1127.9899691358023,1062.8858024691358
TOSTADA-G_009_jpg.rf.506f019d1e54427e5f81510789439725.jpg,TP,34,16,0.9137564530822958,3285,3017,1584.201388888889,1454.957561728395
TOSTADA-G_009_jpg.rf.506f019d1e54427e5f81510789439725.jpg,TP,6,38,0.9130745415575137,4160,3873,2006.1728395061727,1867.7662037037037
TOSTADA-G_009_jpg.rf.506f019d1e54427e5f81510789439725.jpg,TP,12,35,0.9098457888493475,2524,2306,1217.2067901234568,1112.0756172839506
TOSTADA-G_009_jpg.rf.506f019d1e54427e5f81510789439725.jpg,TP,21,39,0.9071702944942381,1540,1439,742.6697530864197,693.9621913580247
TOSTADA-G_009_jpg.rf.506f019d1e54427e5f81510789439725.jpg,TP,26,13,0.8975140712945591,4214,3877,2032.2145061728395,1869.6952160493827
TOSTADA-G_009_jpg.rf.506f019d1e54427e5f81510789439725.jpg,TP,3,36,0.895754359363154,2631,2370,1268.8078703703702,1142.9398148148148
TOSTADA-G_009_jpg.rf.506f019d1e54427e5f81510789439725.jpg,TP,15,29,0.8920985556499575,1166,1061,562.3070987654321,511.670524691358
TOSTADA-G_009_jpg.rf.506f019d1e54427e5f81510789439725.jpg,TP,27,4,0.8879651623119557,2480,2289,1195.9876543209875,1103.8773148148148
TOSTADA-G_009_jpg.rf.506f019d1e54427e5f81510789439725.jpg,TP,8,25,0.8776328986960883,969,903,467.3032407407407,435.474537037037
TOSTADA-G_009_jpg.rf.506f019d1e54427e5f81510789439725.jpg,TP,20,30,0.8756067961165048,1597,1494,770.1581790123456,720.4861111111111
TOSTADA-G_009_jpg.rf.506f019d1e54427e5f81510789439725.jpg,TP,29,3,0.8492016558249557,1668,1459,804.3981481481482,703.6072530864197
TOSTADA-G_009_jpg.rf.506f019d1e54427e5f81510789439725.jpg,TP,31,1,0.8344671201814059,372,437,179.39814814814815,210.7445987654321
TOSTADA-G_009_jpg.rf.506f019d1e54427e5f81510789439725.jpg,TP,28,0,0.8229665071770335,598,545,288.38734567901236,262.8279320987654
TOSTADA-G_009_jpg.rf.506f019d1e54427e5f81510789439725.jpg,TP,14,7,0.7608028430659882,20870,22731,10064.621913580246,10962.094907407407
TOSTADA-G_009_jpg.rf.506f019d1e54427e5f81510789439725.jpg,TP,4,14,0.7340572766954114,7144,9144,3445.216049382716,4409.722222222222
TOSTADA-G_009_jpg.rf.506f019d1e54427e5f81510789439725.jpg,TP,33,11,0.643058690744921,7076,10393,3412.4228395061727,5012.056327160493
TOSTADA-G_009_jpg.rf.506f019d1e54427e5f81510789439725.jpg,FP,39,-1,0.0,0,7985,0.0,3850.7908950617284
TOSTADA-G_009_jpg.rf.506f019d1e54427e5f81510789439725.jpg,FN,-1,8,0.0,4178,0,2014.8533950617284,0.0
TOSTADA-G_009_jpg.rf.506f019d1e54427e5f81510789439725.jpg,FN,-1,12,0.0,3533,0,1703.8001543209875,0.0
TOSTADA-G_009_jpg.rf.506f019d1e54427e5f81510789439725.jpg,FN,-1,15,0.0,2526,0,1218.1712962962963,0.0
