Image,Match_Type,AI_Index,GT_Index,IoU,GT_Area_px,AI_Area_px,GT_Area_um2,AI_Area_um2,Conf,Half_Mode,Tag
ROSILHA-M-B_003_jpg.rf.863a24cebe30a134937348de5cbcaa87.jpg,TP,2,8,0.937724,11645,12189,4199.6696,4395.8585,0.46,True,fp16
ROSILHA-M-B_003_jpg.rf.863a24cebe30a134937348de5cbcaa87.jpg,TP,10,0,0.933579,13076,13124,4715.7475,4733.0582,0.46,True,fp16
ROSILHA-M-B_003_jpg.rf.863a24cebe30a134937348de5cbcaa87.jpg,TP,3,5,0.931103,16242,16776,5857.5382,6050.1208,0.46,True,fp16
ROSILHA-M-B_003_jpg.rf.863a24cebe30a134937348de5cbcaa87.jpg,TP,12,16,0.929149,7047,7275,2541.4402,2623.6665,0.46,True,fp16
ROSILHA-M-B_003_jpg.rf.863a24cebe30a134937348de5cbcaa87.jpg,TP,1,9,0.917692,5363,5704,1934.12,2057.0988,0.46,True,fp16
ROSILHA-M-B_003_jpg.rf.863a24cebe30a134937348de5cbcaa87.jpg,TP,0,19,0.899272,34119,32422,12304.7253,11692.7167,0.46,True,fp16
ROSILHA-M-B_003_jpg.rf.863a24cebe30a134937348de5cbcaa87.jpg,TP,7,12,0.898691,4943,5065,1782.6506,1826.6489,0.46,True,fp16
ROSILHA-M-B_003_jpg.rf.863a24cebe30a134937348de5cbcaa87.jpg,TP,5,15,0.895336,1621,1711,584.5998,617.0575,0.46,True,fp16
ROSILHA-M-B_003_jpg.rf.863a24cebe30a134937348de5cbcaa87.jpg,TP,17,11,0.893268,27873,29724,10052.1588,10719.7061,0.46,True,fp16
ROSILHA-M-B_003_jpg.rf.863a24cebe30a134937348de5cbcaa87.jpg,TP,4,1,0.88491,2822,3074,1017.7301,1108.6118,0.46,True,fp16
ROSILHA-M-B_003_jpg.rf.863a24cebe30a134937348de5cbcaa87.jpg,TP,6,10,0.877966,3976,4334,1433.9104,1563.02,0.46,True,fp16
ROSILHA-M-B_003_jpg.rf.863a24cebe30a134937348de5cbcaa87.jpg,TP,15,18,0.865489,5112,5872,1843.5991,2117.6865,0.46,True,fp16
ROSILHA-M-B_003_jpg.rf.863a24cebe30a134937348de5cbcaa87.jpg,TP,13,17,0.83446,15095,13950,5443.8825,5030.9481,0.46,True,fp16
ROSILHA-M-B_003_jpg.rf.863a24cebe30a134937348de5cbcaa87.jpg,TP,8,6,0.821133,15321,13065,5525.3875,4711.7804,0.46,True,fp16
ROSILHA-M-B_003_jpg.rf.863a24cebe30a134937348de5cbcaa87.jpg,TP,14,7,0.79748,887,1110,319.889,400.312,0.46,True,fp16
ROSILHA-M-B_003_jpg.rf.863a24cebe30a134937348de5cbcaa87.jpg,TP,16,13,0.670066,2117,2960,763.4779,1067.4986,0.46,True,fp16
ROSILHA-M-B_003_jpg.rf.863a24cebe30a134937348de5cbcaa87.jpg,FP,9,-1,0.0,0,3129,0,1128.4471,0.46,True,fp16
ROSILHA-M-B_003_jpg.rf.863a24cebe30a134937348de5cbcaa87.jpg,FP,11,-1,0.0,0,2224,0,802.0666,0.46,True,fp16
ROSILHA-M-B_003_jpg.rf.863a24cebe30a134937348de5cbcaa87.jpg,FP,18,-1,0.0,0,13387,0,4827.907,0.46,True,fp16
ROSILHA-M-B_003_jpg.rf.863a24cebe30a134937348de5cbcaa87.jpg,FP,19,-1,0.0,0,3498,0,1261.5238,0.46,True,fp16
ROSILHA-M-B_003_jpg.rf.863a24cebe30a134937348de5cbcaa87.jpg,FN,-1,2,0.0,7715,0,2782.3487,0,0.46,True,fp16
ROSILHA-M-B_003_jpg.rf.863a24cebe30a134937348de5cbcaa87.jpg,FN,-1,3,0.0,5602,0,2020.3133,0,0.46,True,fp16
ROSILHA-M-B_003_jpg.rf.863a24cebe30a134937348de5cbcaa87.jpg,FN,-1,4,0.0,3825,0,1379.4535,0,0.46,True,fp16
ROSILHA-M-B_003_jpg.rf.863a24cebe30a134937348de5cbcaa87.jpg,FN,-1,14,0.0,616,0,222.1551,0,0.46,True,fp16
ROSILHA-M-B_009_jpg.rf.d2aa8881a0b4f54b4bdb89392b953e71.jpg,TP,2,24,0.946421,2432,2436,877.08,878.5225,0.46,True,fp16
ROSILHA-M-B_009_jpg.rf.d2aa8881a0b4f54b4bdb89392b953e71.jpg,TP,3,38,0.94242,2954,3017,1065.3348,1088.0552,0.46,True,fp16
ROSILHA-M-B_009_jpg.rf.d2aa8881a0b4f54b4bdb89392b953e71.jpg,TP,20,35,0.937578,9352,9334,3372.7188,3366.2272,0.46,True,fp16
ROSILHA-M-B_009_jpg.rf.d2aa8881a0b4f54b4bdb89392b953e71.jpg,TP,1,17,0.934671,9951,10098,3588.743,3641.7573,0.46,True,fp16
ROSILHA-M-B_009_jpg.rf.d2aa8881a0b4f54b4bdb89392b953e71.jpg,TP,13,1,0.93336,4694,4880,1692.8509,1759.9302,0.46,True,fp16
ROSILHA-M-B_009_jpg.rf.d2aa8881a0b4f54b4bdb89392b953e71.jpg,TP,0,21,0.929113,5017,5161,1809.3381,1861.2705,0.46,True,fp16
ROSILHA-M-B_009_jpg.rf.d2aa8881a0b4f54b4bdb89392b953e71.jpg,TP,9,37,0.921356,2839,2829,1023.861,1020.2546,0.46,True,fp16
ROSILHA-M-B_009_jpg.rf.d2aa8881a0b4f54b4bdb89392b953e71.jpg,TP,7,23,0.920663,6477,6741,2335.8746,2431.084,0.46,True,fp16
ROSILHA-M-B_009_jpg.rf.d2aa8881a0b4f54b4bdb89392b953e71.jpg,TP,11,0,0.918902,4401,4614,1587.1829,1663.9996,0.46,True,fp16
ROSILHA-M-B_009_jpg.rf.d2aa8881a0b4f54b4bdb89392b953e71.jpg,TP,16,14,0.918242,1829,1925,659.6132,694.2348,0.46,True,fp16
ROSILHA-M-B_009_jpg.rf.d2aa8881a0b4f54b4bdb89392b953e71.jpg,TP,10,32,0.916306,3993,3975,1440.0413,1433.5497,0.46,True,fp16
ROSILHA-M-B_009_jpg.rf.d2aa8881a0b4f54b4bdb89392b953e71.jpg,TP,17,6,0.914048,3990,4294,1438.9593,1548.5944,0.46,True,fp16
ROSILHA-M-B_009_jpg.rf.d2aa8881a0b4f54b4bdb89392b953e71.jpg,TP,6,28,0.908642,4227,4276,1524.4314,1542.1028,0.46,True,fp16
ROSILHA-M-B_009_jpg.rf.d2aa8881a0b4f54b4bdb89392b953e71.jpg,TP,23,43,0.904061,3013,2941,1086.6126,1060.6465,0.46,True,fp16
ROSILHA-M-B_009_jpg.rf.d2aa8881a0b4f54b4bdb89392b953e71.jpg,TP,18,34,0.903042,3460,3547,1247.8194,1279.1952,0.46,True,fp16
ROSILHA-M-B_009_jpg.rf.d2aa8881a0b4f54b4bdb89392b953e71.jpg,TP,34,10,0.902517,5404,5330,1948.9063,1922.2189,0.46,True,fp16
ROSILHA-M-B_009_jpg.rf.d2aa8881a0b4f54b4bdb89392b953e71.jpg,TP,30,26,0.901707,6976,7283,2515.8347,2626.5516,0.46,True,fp16
ROSILHA-M-B_009_jpg.rf.d2aa8881a0b4f54b4bdb89392b953e71.jpg,TP,5,33,0.900438,3553,3815,1281.359,1375.8471,0.46,True,fp16
ROSILHA-M-B_009_jpg.rf.d2aa8881a0b4f54b4bdb89392b953e71.jpg,TP,15,5,0.891021,2397,2531,864.4575,912.7835,0.46,True,fp16
ROSILHA-M-B_009_jpg.rf.d2aa8881a0b4f54b4bdb89392b953e71.jpg,TP,22,7,0.890305,3076,3300,1109.3331,1190.1168,0.46,True,fp16
ROSILHA-M-B_009_jpg.rf.d2aa8881a0b4f54b4bdb89392b953e71.jpg,TP,28,8,0.88968,7137,7200,2573.898,2596.6183,0.46,True,fp16
ROSILHA-M-B_009_jpg.rf.d2aa8881a0b4f54b4bdb89392b953e71.jpg,TP,4,36,0.887068,2059,2202,742.5607,794.1325,0.46,True,fp16
ROSILHA-M-B_009_jpg.rf.d2aa8881a0b4f54b4bdb89392b953e71.jpg,TP,19,2,0.880722,2107,2166,759.8715,781.1494,0.46,True,fp16
ROSILHA-M-B_009_jpg.rf.d2aa8881a0b4f54b4bdb89392b953e71.jpg,TP,12,20,0.876359,2108,2035,760.2321,733.9053,0.46,True,fp16
ROSILHA-M-B_009_jpg.rf.d2aa8881a0b4f54b4bdb89392b953e71.jpg,TP,8,11,0.869112,1949,2178,702.8902,785.477,0.46,True,fp16
ROSILHA-M-B_009_jpg.rf.d2aa8881a0b4f54b4bdb89392b953e71.jpg,TP,27,29,0.867554,1310,1355,472.4403,488.6691,0.46,True,fp16
ROSILHA-M-B_009_jpg.rf.d2aa8881a0b4f54b4bdb89392b953e71.jpg,TP,14,19,0.865273,2028,2167,731.3809,781.51,0.46,True,fp16
ROSILHA-M-B_009_jpg.rf.d2aa8881a0b4f54b4bdb89392b953e71.jpg,TP,21,22,0.853353,2614,2416,942.7167,871.3097,0.46,True,fp16
ROSILHA-M-B_009_jpg.rf.d2aa8881a0b4f54b4bdb89392b953e71.jpg,TP,32,27,0.849767,13200,14208,4760.467,5123.9936,0.46,True,fp16
ROSILHA-M-B_009_jpg.rf.d2aa8881a0b4f54b4bdb89392b953e71.jpg,TP,26,15,0.833065,2682,3017,967.2404,1088.0552,0.46,True,fp16
ROSILHA-M-B_009_jpg.rf.d2aa8881a0b4f54b4bdb89392b953e71.jpg,TP,24,30,0.828058,2272,2406,819.3773,867.7033,0.46,True,fp16
ROSILHA-M-B_009_jpg.rf.d2aa8881a0b4f54b4bdb89392b953e71.jpg,TP,31,3,0.790929,775,844,279.4971,304.3814,0.46,True,fp16
ROSILHA-M-B_009_jpg.rf.d2aa8881a0b4f54b4bdb89392b953e71.jpg,TP,25,4,0.790134,1024,1117,369.2969,402.8365,0.46,True,fp16
ROSILHA-M-B_009_jpg.rf.d2aa8881a0b4f54b4bdb89392b953e71.jpg,TP,29,42,0.507133,13153,24670,4743.5168,8897.0243,0.46,True,fp16
ROSILHA-M-B_009_jpg.rf.d2aa8881a0b4f54b4bdb89392b953e71.jpg,FP,33,-1,0.0,0,8614,0,3106.5654,0.46,True,fp16
ROSILHA-M-B_009_jpg.rf.d2aa8881a0b4f54b4bdb89392b953e71.jpg,FN,-1,9,0.0,3025,0,1090.9404,0,0.46,True,fp16
ROSILHA-M-B_009_jpg.rf.d2aa8881a0b4f54b4bdb89392b953e71.jpg,FN,-1,12,0.0,2974,0,1072.5477,0,0.46,True,fp16
ROSILHA-M-B_009_jpg.rf.d2aa8881a0b4f54b4bdb89392b953e71.jpg,FN,-1,13,0.0,2823,0,1018.0908,0,0.46,True,fp16
ROSILHA-M-B_009_jpg.rf.d2aa8881a0b4f54b4bdb89392b953e71.jpg,FN,-1,16,0.0,11219,0,4046.0363,0,0.46,True,fp16
ROSILHA-M-B_009_jpg.rf.d2aa8881a0b4f54b4bdb89392b953e71.jpg,FN,-1,18,0.0,228,0,82.2262,0,0.46,True,fp16
ROSILHA-M-B_009_jpg.rf.d2aa8881a0b4f54b4bdb89392b953e71.jpg,FN,-1,25,0.0,274,0,98.8157,0,0.46,True,fp16
ROSILHA-M-B_009_jpg.rf.d2aa8881a0b4f54b4bdb89392b953e71.jpg,FN,-1,31,0.0,452,0,163.0099,0,0.46,True,fp16
ROSILHA-M-B_009_jpg.rf.d2aa8881a0b4f54b4bdb89392b953e71.jpg,FN,-1,39,0.0,2198,0,792.6899,0,0.46,True,fp16
ROSILHA-M-B_009_jpg.rf.d2aa8881a0b4f54b4bdb89392b953e71.jpg,FN,-1,40,0.0,3631,0,1309.4891,0,0.46,True,fp16
ROSILHA-M-B_009_jpg.rf.d2aa8881a0b4f54b4bdb89392b953e71.jpg,FN,-1,41,0.0,4386,0,1581.7733,0,0.46,True,fp16
ROSILHA-M-D_006_jpg.rf.de71085683e9c7eb460be0f184fb31ac.jpg,TP,7,22,0.963353,1959,1952,706.4966,703.9721,0.46,True,fp16
ROSILHA-M-D_006_jpg.rf.de71085683e9c7eb460be0f184fb31ac.jpg,TP,11,25,0.935752,2847,2968,1026.7461,1070.3838,0.46,True,fp16
ROSILHA-M-D_006_jpg.rf.de71085683e9c7eb460be0f184fb31ac.jpg,TP,9,19,0.93344,5361,5532,1933.3988,1995.0685,0.46,True,fp16
ROSILHA-M-D_006_jpg.rf.de71085683e9c7eb460be0f184fb31ac.jpg,TP,0,13,0.933352,3309,3421,1193.3625,1233.7544,0.46,True,fp16
ROSILHA-M-D_006_jpg.rf.de71085683e9c7eb460be0f184fb31ac.jpg,TP,1,2,0.930936,10513,11015,3791.4234,3972.4654,0.46,True,fp16
ROSILHA-M-D_006_jpg.rf.de71085683e9c7eb460be0f184fb31ac.jpg,TP,4,15,0.929964,7557,7792,2725.3674,2810.1181,0.46,True,fp16
ROSILHA-M-D_006_jpg.rf.de71085683e9c7eb460be0f184fb31ac.jpg,TP,20,21,0.929549,8625,8301,3110.5324,2993.6846,0.46,True,fp16
ROSILHA-M-D_006_jpg.rf.de71085683e9c7eb460be0f184fb31ac.jpg,TP,26,8,0.928244,4118,4293,1485.1214,1548.2337,0.46,True,fp16
ROSILHA-M-D_006_jpg.rf.de71085683e9c7eb460be0f184fb31ac.jpg,TP,24,5,0.927527,2820,2978,1017.0089,1073.9902,0.46,True,fp16
ROSILHA-M-D_006_jpg.rf.de71085683e9c7eb460be0f184fb31ac.jpg,TP,2,14,0.925752,2632,2685,949.2082,968.3222,0.46,True,fp16
ROSILHA-M-D_006_jpg.rf.de71085683e9c7eb460be0f184fb31ac.jpg,TP,23,20,0.925425,9845,10216,3550.5149,3684.3129,0.46,True,fp16
ROSILHA-M-D_006_jpg.rf.de71085683e9c7eb460be0f184fb31ac.jpg,TP,3,18,0.920814,2995,3142,1080.1211,1133.1354,0.46,True,fp16
ROSILHA-M-D_006_jpg.rf.de71085683e9c7eb460be0f184fb31ac.jpg,TP,5,7,0.919207,3104,3191,1119.431,1150.8068,0.46,True,fp16
ROSILHA-M-D_006_jpg.rf.de71085683e9c7eb460be0f184fb31ac.jpg,TP,6,10,0.912517,4860,5087,1752.7174,1834.583,0.46,True,fp16
ROSILHA-M-D_006_jpg.rf.de71085683e9c7eb460be0f184fb31ac.jpg,TP,29,9,0.909178,2980,3011,1074.7115,1085.8913,0.46,True,fp16
ROSILHA-M-D_006_jpg.rf.de71085683e9c7eb460be0f184fb31ac.jpg,TP,19,26,0.908146,2652,2853,956.4211,1028.9101,0.46,True,fp16
ROSILHA-M-D_006_jpg.rf.de71085683e9c7eb460be0f184fb31ac.jpg,TP,27,11,0.901013,5027,5478,1812.9445,1975.5938,0.46,True,fp16
ROSILHA-M-D_006_jpg.rf.de71085683e9c7eb460be0f184fb31ac.jpg,TP,17,17,0.888257,5117,5512,1845.4022,1987.8556,0.46,True,fp16
ROSILHA-M-D_006_jpg.rf.de71085683e9c7eb460be0f184fb31ac.jpg,TP,15,29,0.882615,1234,1300,445.0315,468.8339,0.46,True,fp16
ROSILHA-M-D_006_jpg.rf.de71085683e9c7eb460be0f184fb31ac.jpg,TP,16,3,0.877502,1493,1603,538.4377,578.1082,0.46,True,fp16
ROSILHA-M-D_006_jpg.rf.de71085683e9c7eb460be0f184fb31ac.jpg,TP,21,28,0.876381,1333,1384,480.7351,499.1278,0.46,True,fp16
ROSILHA-M-D_006_jpg.rf.de71085683e9c7eb460be0f184fb31ac.jpg,TP,10,27,0.876276,2163,2250,780.0674,811.4432,0.46,True,fp16
ROSILHA-M-D_006_jpg.rf.de71085683e9c7eb460be0f184fb31ac.jpg,TP,12,6,0.874068,2154,2370,776.8216,854.7202,0.46,True,fp16
ROSILHA-M-D_006_jpg.rf.de71085683e9c7eb460be0f184fb31ac.jpg,TP,13,0,0.869539,6002,6537,2164.5699,2357.5131,0.46,True,fp16
ROSILHA-M-D_006_jpg.rf.de71085683e9c7eb460be0f184fb31ac.jpg,TP,18,16,0.833661,1430,1370,515.7172,494.0787,0.46,True,fp16
ROSILHA-M-D_006_jpg.rf.de71085683e9c7eb460be0f184fb31ac.jpg,TP,8,1,0.822272,17287,15031,6234.4085,5420.8014,0.46,True,fp16
ROSILHA-M-D_006_jpg.rf.de71085683e9c7eb460be0f184fb31ac.jpg,TP,14,36,0.799481,1309,1464,472.0797,527.9791,0.46,True,fp16
ROSILHA-M-D_006_jpg.rf.de71085683e9c7eb460be0f184fb31ac.jpg,TP,22,38,0.642012,1179,1596,425.1963,575.5837,0.46,True,fp16
ROSILHA-M-D_006_jpg.rf.de71085683e9c7eb460be0f184fb31ac.jpg,FP,25,-1,0.0,0,15384,0,5548.1079,0.46,True,fp16
ROSILHA-M-D_006_jpg.rf.de71085683e9c7eb460be0f184fb31ac.jpg,FP,28,-1,0.0,0,4921,0,1774.7165,0.46,True,fp16
ROSILHA-M-D_006_jpg.rf.de71085683e9c7eb460be0f184fb31ac.jpg,FN,-1,4,0.0,2867,0,1033.959,0,0.46,True,fp16
ROSILHA-M-D_006_jpg.rf.de71085683e9c7eb460be0f184fb31ac.jpg,FN,-1,12,0.0,3722,0,1342.3074,0,0.46,True,fp16
ROSILHA-M-D_006_jpg.rf.de71085683e9c7eb460be0f184fb31ac.jpg,FN,-1,23,0.0,172,0,62.0303,0,0.46,True,fp16
ROSILHA-M-D_006_jpg.rf.de71085683e9c7eb460be0f184fb31ac.jpg,FN,-1,24,0.0,3546,0,1278.8345,0,0.46,True,fp16
ROSILHA-M-D_006_jpg.rf.de71085683e9c7eb460be0f184fb31ac.jpg,FN,-1,30,0.0,150,0,54.0962,0,0.46,True,fp16
ROSILHA-M-D_006_jpg.rf.de71085683e9c7eb460be0f184fb31ac.jpg,FN,-1,31,0.0,200,0,72.1283,0,0.46,True,fp16
ROSILHA-M-D_006_jpg.rf.de71085683e9c7eb460be0f184fb31ac.jpg,FN,-1,32,0.0,30,0,10.8192,0,0.46,True,fp16
ROSILHA-M-D_006_jpg.rf.de71085683e9c7eb460be0f184fb31ac.jpg,FN,-1,33,0.0,312,0,112.5202,0,0.46,True,fp16
ROSILHA-M-D_006_jpg.rf.de71085683e9c7eb460be0f184fb31ac.jpg,FN,-1,34,0.0,317,0,114.3233,0,0.46,True,fp16
ROSILHA-M-D_006_jpg.rf.de71085683e9c7eb460be0f184fb31ac.jpg,FN,-1,35,0.0,33,0,11.9012,0,0.46,True,fp16
ROSILHA-M-D_006_jpg.rf.de71085683e9c7eb460be0f184fb31ac.jpg,FN,-1,37,0.0,116,0,41.8344,0,0.46,True,fp16
ROSILHA-M-D_009_jpg.rf.b52035c8fe5fd87e1eed76dc4bbe6a14.jpg,TP,7,16,0.964507,13442,13513,4847.7422,4873.3478,0.46,True,fp16
ROSILHA-M-D_009_jpg.rf.b52035c8fe5fd87e1eed76dc4bbe6a14.jpg,TP,3,9,0.962721,14003,13954,5050.0621,5032.3907,0.46,True,fp16
ROSILHA-M-D_009_jpg.rf.b52035c8fe5fd87e1eed76dc4bbe6a14.jpg,TP,11,5,0.95756,20371,20542,7346.6267,7408.2964,0.46,True,fp16
ROSILHA-M-D_009_jpg.rf.b52035c8fe5fd87e1eed76dc4bbe6a14.jpg,TP,2,11,0.956213,12548,12783,4525.3287,4610.0795,0.46,True,fp16
ROSILHA-M-D_009_jpg.rf.b52035c8fe5fd87e1eed76dc4bbe6a14.jpg,TP,10,8,0.955347,3327,3329,1199.8541,1200.5753,0.46,True,fp16
ROSILHA-M-D_009_jpg.rf.b52035c8fe5fd87e1eed76dc4bbe6a14.jpg,TP,5,20,0.95517,17036,17113,6143.8876,6171.657,0.46,True,fp16
ROSILHA-M-D_009_jpg.rf.b52035c8fe5fd87e1eed76dc4bbe6a14.jpg,TP,16,0,0.953739,6498,6721,2343.4481,2423.8711,0.46,True,fp16
ROSILHA-M-D_009_jpg.rf.b52035c8fe5fd87e1eed76dc4bbe6a14.jpg,TP,20,3,0.949318,14231,14192,5132.2883,5118.2233,0.46,True,fp16
ROSILHA-M-D_009_jpg.rf.b52035c8fe5fd87e1eed76dc4bbe6a14.jpg,TP,13,18,0.947537,7944,7833,2864.9356,2824.9044,0.46,True,fp16
ROSILHA-M-D_009_jpg.rf.b52035c8fe5fd87e1eed76dc4bbe6a14.jpg,TP,15,23,0.939642,32761,31253,11814.9742,11271.1269,0.46,True,fp16
ROSILHA-M-D_009_jpg.rf.b52035c8fe5fd87e1eed76dc4bbe6a14.jpg,TP,0,19,0.939294,7271,7392,2622.2239,2665.8615,0.46,True,fp16
ROSILHA-M-D_009_jpg.rf.b52035c8fe5fd87e1eed76dc4bbe6a14.jpg,TP,1,10,0.938464,5127,5174,1849.0087,1865.9588,0.46,True,fp16
ROSILHA-M-D_009_jpg.rf.b52035c8fe5fd87e1eed76dc4bbe6a14.jpg,TP,9,12,0.937359,8550,8584,3083.4843,3095.7461,0.46,True,fp16
ROSILHA-M-D_009_jpg.rf.b52035c8fe5fd87e1eed76dc4bbe6a14.jpg,TP,12,13,0.936723,3378,3325,1218.2468,1199.1328,0.46,True,fp16
ROSILHA-M-D_009_jpg.rf.b52035c8fe5fd87e1eed76dc4bbe6a14.jpg,TP,8,4,0.93225,5639,5541,2033.6571,1998.3142,0.46,True,fp16
ROSILHA-M-D_009_jpg.rf.b52035c8fe5fd87e1eed76dc4bbe6a14.jpg,TP,19,22,0.92911,3240,3155,1168.4783,1137.8237,0.46,True,fp16
ROSILHA-M-D_009_jpg.rf.b52035c8fe5fd87e1eed76dc4bbe6a14.jpg,TP,6,6,0.927613,2050,1971,739.3149,710.8243,0.46,True,fp16
ROSILHA-M-D_009_jpg.rf.b52035c8fe5fd87e1eed76dc4bbe6a14.jpg,TP,17,1,0.906805,3754,3755,1353.848,1354.2086,0.46,True,fp16
ROSILHA-M-D_009_jpg.rf.b52035c8fe5fd87e1eed76dc4bbe6a14.jpg,TP,18,25,0.897144,3548,3627,1279.5559,1308.0465,0.46,True,fp16
ROSILHA-M-D_009_jpg.rf.b52035c8fe5fd87e1eed76dc4bbe6a14.jpg,TP,14,24,0.891988,2117,2157,763.4779,777.9036,0.46,True,fp16
ROSILHA-M-D_009_jpg.rf.b52035c8fe5fd87e1eed76dc4bbe6a14.jpg,TP,4,7,0.890557,2841,2825,1024.5823,1018.8121,0.46,True,fp16
ROSILHA-M-D_009_jpg.rf.b52035c8fe5fd87e1eed76dc4bbe6a14.jpg,TP,23,17,0.859649,268,262,96.6519,94.4881,0.46,True,fp16
ROSILHA-M-D_009_jpg.rf.b52035c8fe5fd87e1eed76dc4bbe6a14.jpg,TP,22,14,0.851927,2191,2374,790.1654,856.1628,0.46,True,fp16
ROSILHA-M-D_009_jpg.rf.b52035c8fe5fd87e1eed76dc4bbe6a14.jpg,TP,21,2,0.849171,2637,2831,951.0115,1020.9759,0.46,True,fp16
ROSILHA-M-D_009_jpg.rf.b52035c8fe5fd87e1eed76dc4bbe6a14.jpg,FN,-1,15,0.0,186,0,67.0793,0,0.46,True,fp16
ROSILHA-M-D_009_jpg.rf.b52035c8fe5fd87e1eed76dc4bbe6a14.jpg,FN,-1,21,0.0,4411,0,1590.7894,0,0.46,True,fp16
ROSILHA-M-G_001_jpg.rf.3dab74a9f6c203f6aca8afc07a353bd2.jpg,TP,2,10,0.953702,6925,6874,2497.4419,2479.0492,0.46,True,fp16
ROSILHA-M-G_001_jpg.rf.3dab74a9f6c203f6aca8afc07a353bd2.jpg,TP,0,8,0.943139,5388,5445,1943.136,1963.6927,0.46,True,fp16
ROSILHA-M-G_001_jpg.rf.3dab74a9f6c203f6aca8afc07a353bd2.jpg,TP,4,9,0.941386,6107,6413,2202.4373,2312.7935,0.46,True,fp16
ROSILHA-M-G_001_jpg.rf.3dab74a9f6c203f6aca8afc07a353bd2.jpg,TP,14,14,0.939749,7963,7941,2871.7878,2863.8537,0.46,True,fp16
ROSILHA-M-G_001_jpg.rf.3dab74a9f6c203f6aca8afc07a353bd2.jpg,TP,9,7,0.925416,2656,2662,957.8637,960.0275,0.46,True,fp16
ROSILHA-M-G_001_jpg.rf.3dab74a9f6c203f6aca8afc07a353bd2.jpg,TP,7,6,0.923558,6132,6173,2211.4533,2226.2396,0.46,True,fp16
ROSILHA-M-G_001_jpg.rf.3dab74a9f6c203f6aca8afc07a353bd2.jpg,TP,5,11,0.916986,2209,2294,796.657,827.3115,0.46,True,fp16
ROSILHA-M-G_001_jpg.rf.3dab74a9f6c203f6aca8afc07a353bd2.jpg,TP,3,13,0.912289,3995,4159,1440.7626,1499.9078,0.46,True,fp16
ROSILHA-M-G_001_jpg.rf.3dab74a9f6c203f6aca8afc07a353bd2.jpg,TP,1,0,0.911329,3156,3289,1138.1843,1186.1497,0.46,True,fp16
ROSILHA-M-G_001_jpg.rf.3dab74a9f6c203f6aca8afc07a353bd2.jpg,TP,11,4,0.910145,5004,4881,1804.6497,1760.2909,0.46,True,fp16
ROSILHA-M-G_001_jpg.rf.3dab74a9f6c203f6aca8afc07a353bd2.jpg,TP,8,3,0.900332,6119,6484,2206.7649,2338.3991,0.46,True,fp16
ROSILHA-M-G_001_jpg.rf.3dab74a9f6c203f6aca8afc07a353bd2.jpg,TP,6,5,0.892788,2876,2950,1037.2048,1063.8922,0.46,True,fp16
ROSILHA-M-G_001_jpg.rf.3dab74a9f6c203f6aca8afc07a353bd2.jpg,TP,10,12,0.877614,1483,1570,534.8312,566.207,0.46,True,fp16
ROSILHA-M-G_001_jpg.rf.3dab74a9f6c203f6aca8afc07a353bd2.jpg,TP,12,1,0.869325,1507,1540,543.4866,555.3879,0.46,True,fp16
ROSILHA-M-G_001_jpg.rf.3dab74a9f6c203f6aca8afc07a353bd2.jpg,TP,13,17,0.807095,451,364,162.6493,131.2735,0.46,True,fp16
ROSILHA-M-G_001_jpg.rf.3dab74a9f6c203f6aca8afc07a353bd2.jpg,TP,17,15,0.744279,2738,2064,987.4363,744.364,0.46,True,fp16
ROSILHA-M-G_001_jpg.rf.3dab74a9f6c203f6aca8afc07a353bd2.jpg,TP,16,2,0.709877,559,549,201.5986,197.9921,0.46,True,fp16
ROSILHA-M-G_001_jpg.rf.3dab74a9f6c203f6aca8afc07a353bd2.jpg,FP,15,-1,0.0,0,5510,0,1987.1343,0.46,True,fp16
ROSILHA-M-G_001_jpg.rf.3dab74a9f6c203f6aca8afc07a353bd2.jpg,FN,-1,16,0.0,830,0,299.3324,0,0.46,True,fp16
ROSILHA-M-G_005_jpg.rf.afae2fb85329c0fe56679d51ca1c64fd.jpg,TP,8,11,0.938975,23056,22952,8314.949,8277.4423,0.46,True,fp16
ROSILHA-M-G_005_jpg.rf.afae2fb85329c0fe56679d51ca1c64fd.jpg,TP,0,2,0.923283,6501,6435,2344.53,2320.7276,0.46,True,fp16
ROSILHA-M-G_005_jpg.rf.afae2fb85329c0fe56679d51ca1c64fd.jpg,TP,5,10,0.920627,7305,7649,2634.4857,2758.5464,0.46,True,fp16
ROSILHA-M-G_005_jpg.rf.afae2fb85329c0fe56679d51ca1c64fd.jpg,TP,6,7,0.905653,5044,5136,1819.0754,1852.2545,0.46,True,fp16
ROSILHA-M-G_005_jpg.rf.afae2fb85329c0fe56679d51ca1c64fd.jpg,TP,3,1,0.883412,14291,15514,5153.9268,5594.9913,0.46,True,fp16
ROSILHA-M-G_005_jpg.rf.afae2fb85329c0fe56679d51ca1c64fd.jpg,TP,2,0,0.84949,718,732,258.9405,263.9896,0.46,True,fp16
ROSILHA-M-G_005_jpg.rf.afae2fb85329c0fe56679d51ca1c64fd.jpg,TP,7,9,0.830409,8005,8476,2886.9347,3056.7969,0.46,True,fp16
ROSILHA-M-G_005_jpg.rf.afae2fb85329c0fe56679d51ca1c64fd.jpg,TP,4,4,0.827962,36652,41051,13218.23,14804.6917,0.46,True,fp16
ROSILHA-M-G_005_jpg.rf.afae2fb85329c0fe56679d51ca1c64fd.jpg,TP,1,6,0.727279,22146,29054,7986.7653,10478.0764,0.46,True,fp16
ROSILHA-M-G_005_jpg.rf.afae2fb85329c0fe56679d51ca1c64fd.jpg,FP,9,-1,0.0,0,173,0,62.391,0.46,True,fp16
ROSILHA-M-G_005_jpg.rf.afae2fb85329c0fe56679d51ca1c64fd.jpg,FP,10,-1,0.0,0,65491,0,23618.7685,0.46,True,fp16
ROSILHA-M-G_005_jpg.rf.afae2fb85329c0fe56679d51ca1c64fd.jpg,FN,-1,3,0.0,194,0,69.9644,0,0.46,True,fp16
ROSILHA-M-G_005_jpg.rf.afae2fb85329c0fe56679d51ca1c64fd.jpg,FN,-1,5,0.0,14099,0,5084.6837,0,0.46,True,fp16
ROSILHA-M-G_005_jpg.rf.afae2fb85329c0fe56679d51ca1c64fd.jpg,FN,-1,8,0.0,14572,0,5255.2671,0,0.46,True,fp16
ROSILHA-M-G_005_jpg.rf.afae2fb85329c0fe56679d51ca1c64fd.jpg,FN,-1,12,0.0,6834,0,2464.6236,0,0.46,True,fp16
ROSILHA-M-G_017_jpg.rf.85fc7b8a7b63a2cbb64907a1c82d5d51.jpg,TP,0,16,0.947559,4793,4863,1728.5544,1753.7993,0.46,True,fp16
ROSILHA-M-G_017_jpg.rf.85fc7b8a7b63a2cbb64907a1c82d5d51.jpg,TP,1,14,0.939402,3628,3701,1308.4071,1334.734,0.46,True,fp16
ROSILHA-M-G_017_jpg.rf.85fc7b8a7b63a2cbb64907a1c82d5d51.jpg,TP,16,12,0.935118,4162,4368,1500.9896,1575.2818,0.46,True,fp16
ROSILHA-M-G_017_jpg.rf.85fc7b8a7b63a2cbb64907a1c82d5d51.jpg,TP,6,1,0.929831,5049,5127,1820.8786,1849.0087,0.46,True,fp16
ROSILHA-M-G_017_jpg.rf.85fc7b8a7b63a2cbb64907a1c82d5d51.jpg,TP,7,2,0.920954,6749,7030,2433.9691,2535.3093,0.46,True,fp16
ROSILHA-M-G_017_jpg.rf.85fc7b8a7b63a2cbb64907a1c82d5d51.jpg,TP,2,9,0.920335,5666,5808,2043.3944,2094.6055,0.46,True,fp16
ROSILHA-M-G_017_jpg.rf.85fc7b8a7b63a2cbb64907a1c82d5d51.jpg,TP,9,7,0.918149,2635,2755,950.2902,993.5672,0.46,True,fp16
ROSILHA-M-G_017_jpg.rf.85fc7b8a7b63a2cbb64907a1c82d5d51.jpg,TP,5,10,0.907731,1860,1965,670.793,708.6604,0.46,True,fp16
ROSILHA-M-G_017_jpg.rf.85fc7b8a7b63a2cbb64907a1c82d5d51.jpg,TP,3,0,0.904275,2501,2711,901.9643,977.6989,0.46,True,fp16
ROSILHA-M-G_017_jpg.rf.85fc7b8a7b63a2cbb64907a1c82d5d51.jpg,TP,4,8,0.90302,2770,2901,998.9767,1046.2208,0.46,True,fp16
ROSILHA-M-G_017_jpg.rf.85fc7b8a7b63a2cbb64907a1c82d5d51.jpg,TP,10,15,0.902884,1578,1655,569.0922,596.8616,0.46,True,fp16
ROSILHA-M-G_017_jpg.rf.85fc7b8a7b63a2cbb64907a1c82d5d51.jpg,TP,14,3,0.898172,2118,2244,763.8385,809.2794,0.46,True,fp16
ROSILHA-M-G_017_jpg.rf.85fc7b8a7b63a2cbb64907a1c82d5d51.jpg,TP,8,6,0.896958,1859,2007,670.4324,723.8073,0.46,True,fp16
ROSILHA-M-G_017_jpg.rf.85fc7b8a7b63a2cbb64907a1c82d5d51.jpg,TP,12,4,0.888586,3495,3438,1260.4418,1239.8853,0.46,True,fp16
ROSILHA-M-G_017_jpg.rf.85fc7b8a7b63a2cbb64907a1c82d5d51.jpg,TP,11,5,0.770227,766,875,276.2514,315.5613,0.46,True,fp16
ROSILHA-M-G_017_jpg.rf.85fc7b8a7b63a2cbb64907a1c82d5d51.jpg,FP,13,-1,0.0,0,218,0,78.6199,0.46,True,fp16
ROSILHA-M-G_017_jpg.rf.85fc7b8a7b63a2cbb64907a1c82d5d51.jpg,FP,15,-1,0.0,0,500,0,180.3207,0.46,True,fp16
ROSILHA-M-G_017_jpg.rf.85fc7b8a7b63a2cbb64907a1c82d5d51.jpg,FN,-1,11,0.0,7031,0,2535.67,0,0.46,True,fp16
ROSILHA-M-G_017_jpg.rf.85fc7b8a7b63a2cbb64907a1c82d5d51.jpg,FN,-1,13,0.0,3966,0,1430.3039,0,0.46,True,fp16
TORDILHA-B_009_jpg.rf.5902113a7929ec9592dc2b09471de461.jpg,FN,-1,0,0.0,2983,0,1075.7934,0,0.46,True,fp16
TORDILHA-B_009_jpg.rf.5902113a7929ec9592dc2b09471de461.jpg,FN,-1,1,0.0,1631,0,588.2062,0,0.46,True,fp16
TORDILHA-B_009_jpg.rf.5902113a7929ec9592dc2b09471de461.jpg,FN,-1,2,0.0,795,0,286.7099,0,0.46,True,fp16
TORDILHA-B_009_jpg.rf.5902113a7929ec9592dc2b09471de461.jpg,FN,-1,3,0.0,1795,0,647.3514,0,0.46,True,fp16
TORDILHA-B_009_jpg.rf.5902113a7929ec9592dc2b09471de461.jpg,FN,-1,4,0.0,1966,0,709.0211,0,0.46,True,fp16
TORDILHA-B_009_jpg.rf.5902113a7929ec9592dc2b09471de461.jpg,FN,-1,5,0.0,4453,0,1605.9363,0,0.46,True,fp16
TORDILHA-B_009_jpg.rf.5902113a7929ec9592dc2b09471de461.jpg,FN,-1,6,0.0,1906,0,687.3826,0,0.46,True,fp16
TORDILHA-B_009_jpg.rf.5902113a7929ec9592dc2b09471de461.jpg,FN,-1,7,0.0,2339,0,843.5403,0,0.46,True,fp16
TORDILHA-B_009_jpg.rf.5902113a7929ec9592dc2b09471de461.jpg,FN,-1,8,0.0,1589,0,573.0593,0,0.46,True,fp16
TORDILHA-B_009_jpg.rf.5902113a7929ec9592dc2b09471de461.jpg,FN,-1,9,0.0,3096,0,1116.5459,0,0.46,True,fp16
TORDILHA-B_009_jpg.rf.5902113a7929ec9592dc2b09471de461.jpg,FN,-1,10,0.0,1485,0,535.5525,0,0.46,True,fp16
TORDILHA-B_009_jpg.rf.5902113a7929ec9592dc2b09471de461.jpg,FN,-1,11,0.0,31,0,11.1799,0,0.46,True,fp16
TORDILHA-B_009_jpg.rf.5902113a7929ec9592dc2b09471de461.jpg,FN,-1,12,0.0,511,0,184.2878,0,0.46,True,fp16
TORDILHA-B_009_jpg.rf.5902113a7929ec9592dc2b09471de461.jpg,FN,-1,13,0.0,27,0,9.7373,0,0.46,True,fp16
TORDILHA-B_009_jpg.rf.5902113a7929ec9592dc2b09471de461.jpg,FN,-1,14,0.0,1667,0,601.1893,0,0.46,True,fp16
TORDILHA-B_009_jpg.rf.5902113a7929ec9592dc2b09471de461.jpg,FN,-1,15,0.0,164,0,59.1452,0,0.46,True,fp16
TORDILHA-B_009_jpg.rf.5902113a7929ec9592dc2b09471de461.jpg,FN,-1,16,0.0,1238,0,446.4741,0,0.46,True,fp16
TORDILHA-B_009_jpg.rf.5902113a7929ec9592dc2b09471de461.jpg,FN,-1,17,0.0,2030,0,732.1021,0,0.46,True,fp16
TORDILHA-B_009_jpg.rf.5902113a7929ec9592dc2b09471de461.jpg,FN,-1,18,0.0,1666,0,600.8286,0,0.46,True,fp16
TORDILHA-B_009_jpg.rf.5902113a7929ec9592dc2b09471de461.jpg,FN,-1,19,0.0,2428,0,875.6374,0,0.46,True,fp16
TORDILHA-B_009_jpg.rf.5902113a7929ec9592dc2b09471de461.jpg,FN,-1,20,0.0,5131,0,1850.4512,0,0.46,True,fp16
TORDILHA-B_009_jpg.rf.5902113a7929ec9592dc2b09471de461.jpg,FN,-1,21,0.0,1854,0,668.6292,0,0.46,True,fp16
TORDILHA-B_009_jpg.rf.5902113a7929ec9592dc2b09471de461.jpg,FN,-1,22,0.0,1694,0,610.9266,0,0.46,True,fp16
TORDILHA-B_009_jpg.rf.5902113a7929ec9592dc2b09471de461.jpg,FN,-1,23,0.0,2663,0,960.3882,0,0.46,True,fp16
TORDILHA-B_009_jpg.rf.5902113a7929ec9592dc2b09471de461.jpg,FN,-1,24,0.0,2548,0,918.9144,0,0.46,True,fp16
TORDILHA-B_009_jpg.rf.5902113a7929ec9592dc2b09471de461.jpg,FN,-1,25,0.0,1447,0,521.8481,0,0.46,True,fp16
TORDILHA-B_009_jpg.rf.5902113a7929ec9592dc2b09471de461.jpg,FN,-1,26,0.0,2091,0,754.1012,0,0.46,True,fp16
TORDILHA-B_009_jpg.rf.5902113a7929ec9592dc2b09471de461.jpg,FN,-1,27,0.0,901,0,324.9379,0,0.46,True,fp16
TORDILHA-B_009_jpg.rf.5902113a7929ec9592dc2b09471de461.jpg,FN,-1,28,0.0,1379,0,497.3245,0,0.46,True,fp16
TORDILHA-B_009_jpg.rf.5902113a7929ec9592dc2b09471de461.jpg,FN,-1,29,0.0,864,0,311.5942,0,0.46,True,fp16
TORDILHA-B_009_jpg.rf.5902113a7929ec9592dc2b09471de461.jpg,FN,-1,30,0.0,3687,0,1329.685,0,0.46,True,fp16
TORDILHA-B_009_jpg.rf.5902113a7929ec9592dc2b09471de461.jpg,FN,-1,31,0.0,2030,0,732.1021,0,0.46,True,fp16
TORDILHA-B_009_jpg.rf.5902113a7929ec9592dc2b09471de461.jpg,FN,-1,32,0.0,2586,0,932.6188,0,0.46,True,fp16
TORDILHA-B_009_jpg.rf.5902113a7929ec9592dc2b09471de461.jpg,FN,-1,33,0.0,9757,0,3518.7785,0,0.46,True,fp16
TORDILHA-B_009_jpg.rf.5902113a7929ec9592dc2b09471de461.jpg,FN,-1,34,0.0,1460,0,526.5365,0,0.46,True,fp16
TORDILHA-B_009_jpg.rf.5902113a7929ec9592dc2b09471de461.jpg,FN,-1,35,0.0,2181,0,786.559,0,0.46,True,fp16
TORDILHA-B_009_jpg.rf.5902113a7929ec9592dc2b09471de461.jpg,FN,-1,36,0.0,5492,0,1980.6428,0,0.46,True,fp16
TORDILHA-B_009_jpg.rf.5902113a7929ec9592dc2b09471de461.jpg,FN,-1,37,0.0,5944,0,2143.6527,0,0.46,True,fp16
TORDILHA-B_009_jpg.rf.5902113a7929ec9592dc2b09471de461.jpg,FN,-1,38,0.0,4084,0,1472.8596,0,0.46,True,fp16
TORDILHA-B_009_jpg.rf.5902113a7929ec9592dc2b09471de461.jpg,FN,-1,39,0.0,2683,0,967.601,0,0.46,True,fp16
TORDILHA-B_009_jpg.rf.5902113a7929ec9592dc2b09471de461.jpg,FN,-1,40,0.0,737,0,265.7927,0,0.46,True,fp16
TORDILHA-B_009_jpg.rf.5902113a7929ec9592dc2b09471de461.jpg,FN,-1,41,0.0,400,0,144.2565,0,0.46,True,fp16
TORDILHA-B_009_jpg.rf.5902113a7929ec9592dc2b09471de461.jpg,FN,-1,42,0.0,213,0,76.8166,0,0.46,True,fp16
TORDILHA-B_009_jpg.rf.5902113a7929ec9592dc2b09471de461.jpg,FN,-1,43,0.0,1429,0,515.3566,0,0.46,True,fp16
TORDILHA-B_009_jpg.rf.5902113a7929ec9592dc2b09471de461.jpg,FN,-1,44,0.0,345,0,124.4213,0,0.46,True,fp16
TORDILHA-B_009_jpg.rf.5902113a7929ec9592dc2b09471de461.jpg,FN,-1,45,0.0,1576,0,568.3709,0,0.46,True,fp16
TORDILHA-B_009_jpg.rf.5902113a7929ec9592dc2b09471de461.jpg,FN,-1,46,0.0,1364,0,491.9149,0,0.46,True,fp16
TORDILHA-B_009_jpg.rf.5902113a7929ec9592dc2b09471de461.jpg,FN,-1,47,0.0,2880,0,1038.6474,0,0.46,True,fp16
TORDILHA-B_010_jpg.rf.698124083a3806b10e86f6304c2b5ce1.jpg,TP,1,11,0.957843,12883,12892,4646.1436,4649.3894,0.46,True,fp16
TORDILHA-B_010_jpg.rf.698124083a3806b10e86f6304c2b5ce1.jpg,TP,4,14,0.954133,12209,12544,4403.0713,4523.8862,0.46,True,fp16
TORDILHA-B_010_jpg.rf.698124083a3806b10e86f6304c2b5ce1.jpg,TP,7,26,0.949343,11384,11166,4105.5421,4026.9223,0.46,True,fp16
TORDILHA-B_010_jpg.rf.698124083a3806b10e86f6304c2b5ce1.jpg,TP,18,28,0.9467,7757,8021,2797.4956,2892.705,0.46,True,fp16
TORDILHA-B_010_jpg.rf.698124083a3806b10e86f6304c2b5ce1.jpg,TP,12,18,0.941669,7214,7399,2601.6674,2668.386,0.46,True,fp16
TORDILHA-B_010_jpg.rf.698124083a3806b10e86f6304c2b5ce1.jpg,TP,3,10,0.938686,9985,10441,3601.0048,3765.4573,0.46,True,fp16
TORDILHA-B_010_jpg.rf.698124083a3806b10e86f6304c2b5ce1.jpg,TP,15,15,0.937464,1677,1669,604.7957,601.9106,0.46,True,fp16
TORDILHA-B_010_jpg.rf.698124083a3806b10e86f6304c2b5ce1.jpg,TP,2,17,0.92965,2585,2654,932.2581,957.1424,0.46,True,fp16
TORDILHA-B_010_jpg.rf.698124083a3806b10e86f6304c2b5ce1.jpg,TP,0,13,0.927009,4078,4027,1470.6958,1452.3031,0.46,True,fp16
TORDILHA-B_010_jpg.rf.698124083a3806b10e86f6304c2b5ce1.jpg,TP,27,24,0.92487,10981,11232,3960.2036,4050.7247,0.46,True,fp16
TORDILHA-B_010_jpg.rf.698124083a3806b10e86f6304c2b5ce1.jpg,TP,29,9,0.923857,12426,12234,4481.3306,4412.0874,0.46,True,fp16
TORDILHA-B_010_jpg.rf.698124083a3806b10e86f6304c2b5ce1.jpg,TP,5,5,0.921097,3923,4063,1414.7964,1465.2862,0.46,True,fp16
TORDILHA-B_010_jpg.rf.698124083a3806b10e86f6304c2b5ce1.jpg,TP,10,4,0.919504,4813,4940,1735.7672,1781.5687,0.46,True,fp16
TORDILHA-B_010_jpg.rf.698124083a3806b10e86f6304c2b5ce1.jpg,TP,13,7,0.898681,4048,4160,1459.8765,1500.2684,0.46,True,fp16
TORDILHA-B_010_jpg.rf.698124083a3806b10e86f6304c2b5ce1.jpg,TP,9,16,0.895767,6054,6441,2183.3233,2322.8915,0.46,True,fp16
TORDILHA-B_010_jpg.rf.698124083a3806b10e86f6304c2b5ce1.jpg,TP,14,0,0.891789,1737,1742,626.4342,628.2374,0.46,True,fp16
TORDILHA-B_010_jpg.rf.698124083a3806b10e86f6304c2b5ce1.jpg,TP,6,25,0.889841,2904,3049,1047.3028,1099.5958,0.46,True,fp16
TORDILHA-B_010_jpg.rf.698124083a3806b10e86f6304c2b5ce1.jpg,TP,8,20,0.883929,3238,3303,1167.757,1191.1986,0.46,True,fp16
TORDILHA-B_010_jpg.rf.698124083a3806b10e86f6304c2b5ce1.jpg,TP,23,30,0.883099,2059,1952,742.5607,703.9721,0.46,True,fp16
TORDILHA-B_010_jpg.rf.698124083a3806b10e86f6304c2b5ce1.jpg,TP,16,12,0.87437,1984,2104,715.5126,758.7896,0.46,True,fp16
TORDILHA-B_010_jpg.rf.698124083a3806b10e86f6304c2b5ce1.jpg,TP,11,8,0.873004,1201,1262,433.1304,455.1295,0.46,True,fp16
TORDILHA-B_010_jpg.rf.698124083a3806b10e86f6304c2b5ce1.jpg,TP,19,3,0.862759,1283,1418,462.703,511.3896,0.46,True,fp16
TORDILHA-B_010_jpg.rf.698124083a3806b10e86f6304c2b5ce1.jpg,TP,20,22,0.861957,857,856,309.0697,308.709,0.46,True,fp16
TORDILHA-B_010_jpg.rf.698124083a3806b10e86f6304c2b5ce1.jpg,TP,17,2,0.858455,2814,3055,1014.845,1101.7596,0.46,True,fp16
TORDILHA-B_010_jpg.rf.698124083a3806b10e86f6304c2b5ce1.jpg,TP,22,23,0.832453,1161,1267,418.7047,456.9327,0.46,True,fp16
TORDILHA-B_010_jpg.rf.698124083a3806b10e86f6304c2b5ce1.jpg,TP,21,1,0.802817,377,391,135.9618,141.0108,0.46,True,fp16
TORDILHA-B_010_jpg.rf.698124083a3806b10e86f6304c2b5ce1.jpg,TP,28,6,0.53797,8229,4773,2967.7184,1721.3416,0.46,True,fp16
TORDILHA-B_010_jpg.rf.698124083a3806b10e86f6304c2b5ce1.jpg,FP,24,-1,0.0,0,3670,0,1323.5541,0.46,True,fp16
TORDILHA-B_010_jpg.rf.698124083a3806b10e86f6304c2b5ce1.jpg,FP,25,-1,0.0,0,7965,0,2872.509,0.46,True,fp16
TORDILHA-B_010_jpg.rf.698124083a3806b10e86f6304c2b5ce1.jpg,FP,26,-1,0.0,0,4588,0,1654.6229,0.46,True,fp16
TORDILHA-B_010_jpg.rf.698124083a3806b10e86f6304c2b5ce1.jpg,FN,-1,19,0.0,2614,0,942.7167,0,0.46,True,fp16
TORDILHA-B_010_jpg.rf.698124083a3806b10e86f6304c2b5ce1.jpg,FN,-1,21,0.0,1059,0,381.9193,0,0.46,True,fp16
TORDILHA-B_010_jpg.rf.698124083a3806b10e86f6304c2b5ce1.jpg,FN,-1,27,0.0,417,0,150.3875,0,0.46,True,fp16
TORDILHA-B_010_jpg.rf.698124083a3806b10e86f6304c2b5ce1.jpg,FN,-1,29,0.0,259,0,93.4061,0,0.46,True,fp16
TORDILHA-B_012_jpg.rf.0b5caafb1952d960be9aa54f5506bf96.jpg,TP,29,5,0.937081,2289,2329,825.5082,839.9339,0.46,True,fp16
TORDILHA-B_012_jpg.rf.0b5caafb1952d960be9aa54f5506bf96.jpg,TP,8,6,0.932397,2138,2264,771.0514,816.4922,0.46,True,fp16
TORDILHA-B_012_jpg.rf.0b5caafb1952d960be9aa54f5506bf96.jpg,TP,3,12,0.927835,4357,4432,1571.3147,1598.3629,0.46,True,fp16
TORDILHA-B_012_jpg.rf.0b5caafb1952d960be9aa54f5506bf96.jpg,TP,0,20,0.927252,2491,2622,898.3578,945.6019,0.46,True,fp16
TORDILHA-B_012_jpg.rf.0b5caafb1952d960be9aa54f5506bf96.jpg,TP,22,9,0.925736,5166,5362,1863.0736,1933.7594,0.46,True,fp16
TORDILHA-B_012_jpg.rf.0b5caafb1952d960be9aa54f5506bf96.jpg,TP,5,26,0.925143,4257,4487,1535.2506,1618.1981,0.46,True,fp16
TORDILHA-B_012_jpg.rf.0b5caafb1952d960be9aa54f5506bf96.jpg,TP,19,31,0.924846,5232,5397,1886.876,1946.3818,0.46,True,fp16
TORDILHA-B_012_jpg.rf.0b5caafb1952d960be9aa54f5506bf96.jpg,TP,15,15,0.924692,5412,5680,1951.7915,2048.4433,0.46,True,fp16
TORDILHA-B_012_jpg.rf.0b5caafb1952d960be9aa54f5506bf96.jpg,TP,23,30,0.923666,4528,4771,1632.9845,1720.6203,0.46,True,fp16
TORDILHA-B_012_jpg.rf.0b5caafb1952d960be9aa54f5506bf96.jpg,TP,13,22,0.922481,1706,1766,615.2543,636.8928,0.46,True,fp16
TORDILHA-B_012_jpg.rf.0b5caafb1952d960be9aa54f5506bf96.jpg,TP,2,27,0.922061,5605,5887,2021.3952,2123.0961,0.46,True,fp16
TORDILHA-B_012_jpg.rf.0b5caafb1952d960be9aa54f5506bf96.jpg,TP,24,17,0.920113,10257,10822,3699.0992,3902.8616,0.46,True,fp16
TORDILHA-B_012_jpg.rf.0b5caafb1952d960be9aa54f5506bf96.jpg,TP,1,32,0.917107,3374,3518,1216.8042,1268.7366,0.46,True,fp16
TORDILHA-B_012_jpg.rf.0b5caafb1952d960be9aa54f5506bf96.jpg,TP,21,18,0.915939,3182,3177,1147.561,1145.7579,0.46,True,fp16
TORDILHA-B_012_jpg.rf.0b5caafb1952d960be9aa54f5506bf96.jpg,TP,16,4,0.915612,3818,3900,1376.929,1406.5016,0.46,True,fp16
TORDILHA-B_012_jpg.rf.0b5caafb1952d960be9aa54f5506bf96.jpg,TP,6,25,0.90999,2718,2884,980.2234,1040.0899,0.46,True,fp16
TORDILHA-B_012_jpg.rf.0b5caafb1952d960be9aa54f5506bf96.jpg,TP,14,3,0.907351,3102,3177,1118.7098,1145.7579,0.46,True,fp16
TORDILHA-B_012_jpg.rf.0b5caafb1952d960be9aa54f5506bf96.jpg,TP,25,8,0.905219,4547,4579,1639.8366,1651.3772,0.46,True,fp16
TORDILHA-B_012_jpg.rf.0b5caafb1952d960be9aa54f5506bf96.jpg,TP,12,16,0.904405,1949,2115,702.8902,762.7567,0.46,True,fp16
TORDILHA-B_012_jpg.rf.0b5caafb1952d960be9aa54f5506bf96.jpg,TP,30,21,0.899963,5111,5278,1843.2384,1903.4655,0.46,True,fp16
TORDILHA-B_012_jpg.rf.0b5caafb1952d960be9aa54f5506bf96.jpg,TP,28,10,0.899094,4307,4501,1553.2826,1623.2471,0.46,True,fp16
TORDILHA-B_012_jpg.rf.0b5caafb1952d960be9aa54f5506bf96.jpg,TP,32,33,0.892416,549,524,197.9921,188.9761,0.46,True,fp16
TORDILHA-B_012_jpg.rf.0b5caafb1952d960be9aa54f5506bf96.jpg,TP,4,7,0.891394,2021,2089,728.8564,753.38,0.46,True,fp16
TORDILHA-B_012_jpg.rf.0b5caafb1952d960be9aa54f5506bf96.jpg,TP,10,14,0.884257,1927,1915,694.9561,690.6284,0.46,True,fp16
TORDILHA-B_012_jpg.rf.0b5caafb1952d960be9aa54f5506bf96.jpg,TP,7,24,0.881882,4420,4741,1594.0351,1709.8011,0.46,True,fp16
TORDILHA-B_012_jpg.rf.0b5caafb1952d960be9aa54f5506bf96.jpg,TP,11,1,0.880918,2592,2652,934.7826,956.4211,0.46,True,fp16
TORDILHA-B_012_jpg.rf.0b5caafb1952d960be9aa54f5506bf96.jpg,TP,9,19,0.875454,1757,1857,633.647,669.7112,0.46,True,fp16
TORDILHA-B_012_jpg.rf.0b5caafb1952d960be9aa54f5506bf96.jpg,TP,20,29,0.857116,4666,5264,1682.753,1898.4165,0.46,True,fp16
TORDILHA-B_012_jpg.rf.0b5caafb1952d960be9aa54f5506bf96.jpg,TP,17,2,0.842274,1122,1179,404.6397,425.1963,0.46,True,fp16
TORDILHA-B_012_jpg.rf.0b5caafb1952d960be9aa54f5506bf96.jpg,TP,18,23,0.783923,1095,1324,394.9024,477.4893,0.46,True,fp16
TORDILHA-B_012_jpg.rf.0b5caafb1952d960be9aa54f5506bf96.jpg,TP,31,39,0.734093,813,1013,293.2015,365.3298,0.46,True,fp16
TORDILHA-B_012_jpg.rf.0b5caafb1952d960be9aa54f5506bf96.jpg,TP,27,0,0.54561,9593,5758,3459.6334,2076.5734,0.46,True,fp16
TORDILHA-B_012_jpg.rf.0b5caafb1952d960be9aa54f5506bf96.jpg,TP,26,28,0.544451,7891,4704,2845.8216,1696.4573,0.46,True,fp16
TORDILHA-B_012_jpg.rf.0b5caafb1952d960be9aa54f5506bf96.jpg,FN,-1,11,0.0,223,0,80.423,0,0.46,True,fp16
TORDILHA-B_012_jpg.rf.0b5caafb1952d960be9aa54f5506bf96.jpg,FN,-1,13,0.0,3016,0,1087.6946,0,0.46,True,fp16
TORDILHA-B_012_jpg.rf.0b5caafb1952d960be9aa54f5506bf96.jpg,FN,-1,34,0.0,1058,0,381.5587,0,0.46,True,fp16
TORDILHA-B_012_jpg.rf.0b5caafb1952d960be9aa54f5506bf96.jpg,FN,-1,35,0.0,295,0,106.3893,0,0.46,True,fp16
TORDILHA-B_012_jpg.rf.0b5caafb1952d960be9aa54f5506bf96.jpg,FN,-1,36,0.0,145,0,52.293,0,0.46,True,fp16
TORDILHA-B_012_jpg.rf.0b5caafb1952d960be9aa54f5506bf96.jpg,FN,-1,37,0.0,96,0,34.6216,0,0.46,True,fp16
TORDILHA-B_012_jpg.rf.0b5caafb1952d960be9aa54f5506bf96.jpg,FN,-1,38,0.0,2017,0,727.4138,0,0.46,True,fp16
TORDILHA-B_012_jpg.rf.0b5caafb1952d960be9aa54f5506bf96.jpg,FN,-1,40,0.0,233,0,84.0295,0,0.46,True,fp16
TORDILHA-D_001_jpg.rf.36e39c15aad81283f9bcc0f8afcd649f.jpg,TP,8,2,0.941094,31397,31213,11323.0593,11256.7012,0.46,True,fp16
TORDILHA-D_001_jpg.rf.36e39c15aad81283f9bcc0f8afcd649f.jpg,TP,0,16,0.939667,7522,7524,2712.7449,2713.4662,0.46,True,fp16
TORDILHA-D_001_jpg.rf.36e39c15aad81283f9bcc0f8afcd649f.jpg,TP,11,18,0.926816,8714,8610,3142.6295,3105.1228,0.46,True,fp16
TORDILHA-D_001_jpg.rf.36e39c15aad81283f9bcc0f8afcd649f.jpg,TP,1,11,0.923144,5431,5579,1958.6436,2012.0186,0.46,True,fp16
TORDILHA-D_001_jpg.rf.36e39c15aad81283f9bcc0f8afcd649f.jpg,TP,2,7,0.915076,9972,9489,3596.3164,3422.1266,0.46,True,fp16
TORDILHA-D_001_jpg.rf.36e39c15aad81283f9bcc0f8afcd649f.jpg,TP,13,17,0.908933,3871,3801,1396.043,1370.7981,0.46,True,fp16
TORDILHA-D_001_jpg.rf.36e39c15aad81283f9bcc0f8afcd649f.jpg,TP,3,0,0.89008,48439,44311,17469.1107,15980.3828,0.46,True,fp16
TORDILHA-D_001_jpg.rf.36e39c15aad81283f9bcc0f8afcd649f.jpg,TP,4,9,0.879249,1051,1050,379.0342,378.6735,0.46,True,fp16
TORDILHA-D_001_jpg.rf.36e39c15aad81283f9bcc0f8afcd649f.jpg,TP,6,13,0.869521,1873,1795,675.4814,647.3514,0.46,True,fp16
TORDILHA-D_001_jpg.rf.36e39c15aad81283f9bcc0f8afcd649f.jpg,TP,7,21,0.86264,2030,2133,732.1021,769.2482,0.46,True,fp16
TORDILHA-D_001_jpg.rf.36e39c15aad81283f9bcc0f8afcd649f.jpg,TP,16,3,0.860349,7881,6959,2842.2152,2509.7037,0.46,True,fp16
TORDILHA-D_001_jpg.rf.36e39c15aad81283f9bcc0f8afcd649f.jpg,TP,10,10,0.856557,1421,1297,512.4715,467.752,0.46,True,fp16
TORDILHA-D_001_jpg.rf.36e39c15aad81283f9bcc0f8afcd649f.jpg,TP,17,1,0.855976,25282,22682,9117.7368,8180.0691,0.46,True,fp16
TORDILHA-D_001_jpg.rf.36e39c15aad81283f9bcc0f8afcd649f.jpg,TP,15,6,0.849908,24325,20785,8772.603,7495.9323,0.46,True,fp16
TORDILHA-D_001_jpg.rf.36e39c15aad81283f9bcc0f8afcd649f.jpg,TP,5,12,0.820911,6709,5970,2419.5434,2153.0294,0.46,True,fp16
TORDILHA-D_001_jpg.rf.36e39c15aad81283f9bcc0f8afcd649f.jpg,TP,9,15,0.778172,7379,6144,2661.1732,2215.781,0.46,True,fp16
TORDILHA-D_001_jpg.rf.36e39c15aad81283f9bcc0f8afcd649f.jpg,TP,12,8,0.728543,417,449,150.3875,161.928,0.46,True,fp16
TORDILHA-D_001_jpg.rf.36e39c15aad81283f9bcc0f8afcd649f.jpg,FP,14,-1,0.0,0,2182,0,786.9196,0.46,True,fp16
TORDILHA-D_001_jpg.rf.36e39c15aad81283f9bcc0f8afcd649f.jpg,FN,-1,4,0.0,10308,0,3717.4919,0,0.46,True,fp16
TORDILHA-D_001_jpg.rf.36e39c15aad81283f9bcc0f8afcd649f.jpg,FN,-1,5,0.0,6181,0,2229.1247,0,0.46,True,fp16
TORDILHA-D_001_jpg.rf.36e39c15aad81283f9bcc0f8afcd649f.jpg,FN,-1,14,0.0,3113,0,1122.6768,0,0.46,True,fp16
TORDILHA-D_001_jpg.rf.36e39c15aad81283f9bcc0f8afcd649f.jpg,FN,-1,19,0.0,372,0,134.1586,0,0.46,True,fp16
TORDILHA-D_001_jpg.rf.36e39c15aad81283f9bcc0f8afcd649f.jpg,FN,-1,20,0.0,1973,0,711.5455,0,0.46,True,fp16
TORDILHA-D_001_jpg.rf.36e39c15aad81283f9bcc0f8afcd649f.jpg,FN,-1,22,0.0,646,0,232.9744,0,0.46,True,fp16
TORDILHA-D_001_jpg.rf.36e39c15aad81283f9bcc0f8afcd649f.jpg,FN,-1,23,0.0,138,0,49.7685,0,0.46,True,fp16
TORDILHA-D_006_jpg.rf.d879d44ef1add0b327aa39f6650afc47.jpg,TP,0,5,0.951687,12907,12422,4654.7991,4479.8879,0.46,True,fp16
TORDILHA-D_006_jpg.rf.d879d44ef1add0b327aa39f6650afc47.jpg,TP,22,15,0.949959,12277,11766,4427.5949,4243.3072,0.46,True,fp16
TORDILHA-D_006_jpg.rf.d879d44ef1add0b327aa39f6650afc47.jpg,TP,12,14,0.944982,3562,3473,1284.6048,1252.5077,0.46,True,fp16
TORDILHA-D_006_jpg.rf.d879d44ef1add0b327aa39f6650afc47.jpg,TP,1,9,0.939394,2828,2740,1019.894,988.1576,0.46,True,fp16
TORDILHA-D_006_jpg.rf.d879d44ef1add0b327aa39f6650afc47.jpg,TP,8,1,0.935357,6495,6319,2342.3661,2278.8933,0.46,True,fp16
TORDILHA-D_006_jpg.rf.d879d44ef1add0b327aa39f6650afc47.jpg,TP,2,7,0.934989,6859,6624,2473.6396,2388.8889,0.46,True,fp16
TORDILHA-D_006_jpg.rf.d879d44ef1add0b327aa39f6650afc47.jpg,TP,5,11,0.920271,2289,2239,825.5082,807.4762,0.46,True,fp16
TORDILHA-D_006_jpg.rf.d879d44ef1add0b327aa39f6650afc47.jpg,TP,9,20,0.918453,5331,5232,1922.5795,1886.876,0.46,True,fp16
TORDILHA-D_006_jpg.rf.d879d44ef1add0b327aa39f6650afc47.jpg,TP,7,13,0.916697,13635,12963,4917.346,4674.995,0.46,True,fp16
TORDILHA-D_006_jpg.rf.d879d44ef1add0b327aa39f6650afc47.jpg,TP,23,19,0.913751,3128,3107,1128.0865,1120.5129,0.46,True,fp16
TORDILHA-D_006_jpg.rf.d879d44ef1add0b327aa39f6650afc47.jpg,TP,24,21,0.908958,1317,1304,474.9648,470.2764,0.46,True,fp16
TORDILHA-D_006_jpg.rf.d879d44ef1add0b327aa39f6650afc47.jpg,TP,14,32,0.896912,10961,10108,3952.9908,3645.3637,0.46,True,fp16
TORDILHA-D_006_jpg.rf.d879d44ef1add0b327aa39f6650afc47.jpg,TP,3,12,0.890435,2737,2560,987.0756,923.2421,0.46,True,fp16
TORDILHA-D_006_jpg.rf.d879d44ef1add0b327aa39f6650afc47.jpg,TP,6,10,0.880456,3766,3816,1358.1756,1376.2077,0.46,True,fp16
TORDILHA-D_006_jpg.rf.d879d44ef1add0b327aa39f6650afc47.jpg,TP,18,17,0.880174,11804,10634,4257.0115,3835.061,0.46,True,fp16
TORDILHA-D_006_jpg.rf.d879d44ef1add0b327aa39f6650afc47.jpg,TP,19,30,0.87724,1445,1384,521.1269,499.1278,0.46,True,fp16
TORDILHA-D_006_jpg.rf.d879d44ef1add0b327aa39f6650afc47.jpg,TP,4,8,0.875825,1574,1553,567.6497,560.0761,0.46,True,fp16
TORDILHA-D_006_jpg.rf.d879d44ef1add0b327aa39f6650afc47.jpg,TP,10,3,0.875243,4060,3666,1464.2042,1322.1115,0.46,True,fp16
TORDILHA-D_006_jpg.rf.d879d44ef1add0b327aa39f6650afc47.jpg,TP,16,4,0.874286,1524,1428,549.6175,514.996,0.46,True,fp16
TORDILHA-D_006_jpg.rf.d879d44ef1add0b327aa39f6650afc47.jpg,TP,15,2,0.866816,2110,2053,760.9534,740.3969,0.46,True,fp16
TORDILHA-D_006_jpg.rf.d879d44ef1add0b327aa39f6650afc47.jpg,TP,13,28,0.838321,6350,5384,2290.0731,1941.6935,0.46,True,fp16
TORDILHA-D_006_jpg.rf.d879d44ef1add0b327aa39f6650afc47.jpg,TP,11,16,0.830052,3048,2530,1099.2351,912.4228,0.46,True,fp16
TORDILHA-D_006_jpg.rf.d879d44ef1add0b327aa39f6650afc47.jpg,TP,17,26,0.566797,16139,9182,5820.3922,3311.4097,0.46,True,fp16
TORDILHA-D_006_jpg.rf.d879d44ef1add0b327aa39f6650afc47.jpg,FP,20,-1,0.0,0,4533,0,1634.7876,0.46,True,fp16
TORDILHA-D_006_jpg.rf.d879d44ef1add0b327aa39f6650afc47.jpg,FP,21,-1,0.0,0,2374,0,856.1628,0.46,True,fp16
TORDILHA-D_006_jpg.rf.d879d44ef1add0b327aa39f6650afc47.jpg,FP,25,-1,0.0,0,8633,0,3113.4175,0.46,True,fp16
TORDILHA-D_006_jpg.rf.d879d44ef1add0b327aa39f6650afc47.jpg,FP,26,-1,0.0,0,6134,0,2212.1746,0.46,True,fp16
TORDILHA-D_006_jpg.rf.d879d44ef1add0b327aa39f6650afc47.jpg,FN,-1,0,0.0,1192,0,429.8846,0,0.46,True,fp16
TORDILHA-D_006_jpg.rf.d879d44ef1add0b327aa39f6650afc47.jpg,FN,-1,6,0.0,53,0,19.114,0,0.46,True,fp16
TORDILHA-D_006_jpg.rf.d879d44ef1add0b327aa39f6650afc47.jpg,FN,-1,18,0.0,24597,0,8870.6975,0,0.46,True,fp16
TORDILHA-D_006_jpg.rf.d879d44ef1add0b327aa39f6650afc47.jpg,FN,-1,22,0.0,7671,0,2766.4805,0,0.46,True,fp16
TORDILHA-D_006_jpg.rf.d879d44ef1add0b327aa39f6650afc47.jpg,FN,-1,23,0.0,42,0,15.1469,0,0.46,True,fp16
TORDILHA-D_006_jpg.rf.d879d44ef1add0b327aa39f6650afc47.jpg,FN,-1,24,0.0,87,0,31.3758,0,0.46,True,fp16
TORDILHA-D_006_jpg.rf.d879d44ef1add0b327aa39f6650afc47.jpg,FN,-1,25,0.0,28,0,10.098,0,0.46,True,fp16
TORDILHA-D_006_jpg.rf.d879d44ef1add0b327aa39f6650afc47.jpg,FN,-1,27,0.0,43,0,15.5076,0,0.46,True,fp16
TORDILHA-D_006_jpg.rf.d879d44ef1add0b327aa39f6650afc47.jpg,FN,-1,29,0.0,44,0,15.8682,0,0.46,True,fp16
TORDILHA-D_006_jpg.rf.d879d44ef1add0b327aa39f6650afc47.jpg,FN,-1,31,0.0,1448,0,522.2088,0,0.46,True,fp16
TORDILHA-D_006_jpg.rf.d879d44ef1add0b327aa39f6650afc47.jpg,FN,-1,33,0.0,8759,0,3158.8584,0,0.46,True,fp16
TORDILHA-D_006_jpg.rf.d879d44ef1add0b327aa39f6650afc47.jpg,FN,-1,34,0.0,40901,0,14750.5955,0,0.46,True,fp16
TORDILHA-G_009_jpg.rf.b279af9f6892d54790621c0f5458daf3.jpg,TP,10,16,0.953697,3818,3819,1376.929,1377.2896,0.46,True,fp16
TORDILHA-G_009_jpg.rf.b279af9f6892d54790621c0f5458daf3.jpg,TP,27,35,0.941606,6245,6257,2252.2058,2256.5335,0.46,True,fp16
TORDILHA-G_009_jpg.rf.b279af9f6892d54790621c0f5458daf3.jpg,TP,17,18,0.939901,3130,3132,1128.8077,1129.529,0.46,True,fp16
TORDILHA-G_009_jpg.rf.b279af9f6892d54790621c0f5458daf3.jpg,TP,29,7,0.935442,3692,3833,1331.4882,1382.3386,0.46,True,fp16
TORDILHA-G_009_jpg.rf.b279af9f6892d54790621c0f5458daf3.jpg,TP,9,3,0.928812,6056,5974,2184.0446,2154.4719,0.46,True,fp16
TORDILHA-G_009_jpg.rf.b279af9f6892d54790621c0f5458daf3.jpg,TP,20,4,0.927098,3487,3518,1257.5567,1268.7366,0.46,True,fp16
TORDILHA-G_009_jpg.rf.b279af9f6892d54790621c0f5458daf3.jpg,TP,4,11,0.926681,3908,4028,1409.3868,1452.6637,0.46,True,fp16
TORDILHA-G_009_jpg.rf.b279af9f6892d54790621c0f5458daf3.jpg,TP,6,36,0.925463,2046,2113,737.8724,762.0354,0.46,True,fp16
TORDILHA-G_009_jpg.rf.b279af9f6892d54790621c0f5458daf3.jpg,TP,19,12,0.924716,2028,2037,731.3809,734.6266,0.46,True,fp16
TORDILHA-G_009_jpg.rf.b279af9f6892d54790621c0f5458daf3.jpg,TP,3,28,0.923372,9466,9560,3413.8318,3447.7321,0.46,True,fp16
TORDILHA-G_009_jpg.rf.b279af9f6892d54790621c0f5458daf3.jpg,TP,7,10,0.923038,1850,1923,667.1867,693.5135,0.46,True,fp16
TORDILHA-G_009_jpg.rf.b279af9f6892d54790621c0f5458daf3.jpg,TP,1,20,0.921811,2086,2117,752.298,763.4779,0.46,True,fp16
TORDILHA-G_009_jpg.rf.b279af9f6892d54790621c0f5458daf3.jpg,TP,18,19,0.91954,3399,3448,1225.8202,1243.4916,0.46,True,fp16
TORDILHA-G_009_jpg.rf.b279af9f6892d54790621c0f5458daf3.jpg,TP,13,1,0.919319,3071,3019,1107.5298,1088.7765,0.46,True,fp16
TORDILHA-G_009_jpg.rf.b279af9f6892d54790621c0f5458daf3.jpg,TP,12,22,0.916884,2193,2212,790.8867,797.7388,0.46,True,fp16
TORDILHA-G_009_jpg.rf.b279af9f6892d54790621c0f5458daf3.jpg,TP,14,17,0.908743,1482,1509,534.4706,544.2079,0.46,True,fp16
TORDILHA-G_009_jpg.rf.b279af9f6892d54790621c0f5458daf3.jpg,TP,8,2,0.90813,3946,4175,1423.0911,1505.678,0.46,True,fp16
TORDILHA-G_009_jpg.rf.b279af9f6892d54790621c0f5458daf3.jpg,TP,5,13,0.905696,3063,3060,1104.6447,1103.5628,0.46,True,fp16
TORDILHA-G_009_jpg.rf.b279af9f6892d54790621c0f5458daf3.jpg,TP,22,14,0.898994,6701,6704,2416.6583,2417.7402,0.46,True,fp16
TORDILHA-G_009_jpg.rf.b279af9f6892d54790621c0f5458daf3.jpg,TP,28,9,0.897548,2608,2578,940.5528,929.7337,0.46,True,fp16
TORDILHA-G_009_jpg.rf.b279af9f6892d54790621c0f5458daf3.jpg,TP,16,8,0.89448,8308,8784,2996.209,3167.8744,0.46,True,fp16
TORDILHA-G_009_jpg.rf.b279af9f6892d54790621c0f5458daf3.jpg,TP,23,15,0.893197,1374,1409,495.5213,508.1438,0.46,True,fp16
TORDILHA-G_009_jpg.rf.b279af9f6892d54790621c0f5458daf3.jpg,TP,2,29,0.873278,3032,3088,1093.4649,1113.6607,0.46,True,fp16
TORDILHA-G_009_jpg.rf.b279af9f6892d54790621c0f5458daf3.jpg,TP,0,32,0.87276,1515,1620,546.3718,584.2391,0.46,True,fp16
TORDILHA-G_009_jpg.rf.b279af9f6892d54790621c0f5458daf3.jpg,TP,26,24,0.866553,1543,1744,556.4697,628.9587,0.46,True,fp16
TORDILHA-G_009_jpg.rf.b279af9f6892d54790621c0f5458daf3.jpg,TP,11,23,0.866204,1928,2103,695.3167,758.4289,0.46,True,fp16
TORDILHA-G_009_jpg.rf.b279af9f6892d54790621c0f5458daf3.jpg,TP,15,31,0.824439,16661,18516,6008.647,6677.6368,0.46,True,fp16
TORDILHA-G_009_jpg.rf.b279af9f6892d54790621c0f5458daf3.jpg,TP,21,27,0.687944,11541,7948,4162.1629,2866.3781,0.46,True,fp16
TORDILHA-G_009_jpg.rf.b279af9f6892d54790621c0f5458daf3.jpg,TP,25,6,0.602843,5377,8042,1939.169,2900.2784,0.46,True,fp16
TORDILHA-G_009_jpg.rf.b279af9f6892d54790621c0f5458daf3.jpg,FP,24,-1,0.0,0,7424,0,2677.402,0.46,True,fp16
TORDILHA-G_009_jpg.rf.b279af9f6892d54790621c0f5458daf3.jpg,FN,-1,0,0.0,8492,0,3062.5671,0,0.46,True,fp16
TORDILHA-G_009_jpg.rf.b279af9f6892d54790621c0f5458daf3.jpg,FN,-1,5,0.0,2355,0,849.3106,0,0.46,True,fp16
TORDILHA-G_009_jpg.rf.b279af9f6892d54790621c0f5458daf3.jpg,FN,-1,21,0.0,937,0,337.921,0,0.46,True,fp16
TORDILHA-G_009_jpg.rf.b279af9f6892d54790621c0f5458daf3.jpg,FN,-1,25,0.0,3214,0,1159.1016,0,0.46,True,fp16
TORDILHA-G_009_jpg.rf.b279af9f6892d54790621c0f5458daf3.jpg,FN,-1,26,0.0,815,0,293.9228,0,0.46,True,fp16
TORDILHA-G_009_jpg.rf.b279af9f6892d54790621c0f5458daf3.jpg,FN,-1,30,0.0,2225,0,802.4272,0,0.46,True,fp16
TORDILHA-G_009_jpg.rf.b279af9f6892d54790621c0f5458daf3.jpg,FN,-1,33,0.0,1345,0,485.0627,0,0.46,True,fp16
TORDILHA-G_009_jpg.rf.b279af9f6892d54790621c0f5458daf3.jpg,FN,-1,34,0.0,3618,0,1304.8007,0,0.46,True,fp16
TOSTADA-B_003_jpg.rf.ef070508fe8cf028db79cd03961c37d8.jpg,TP,10,4,0.955431,3678,3649,1326.4392,1315.9806,0.46,True,fp16
TOSTADA-B_003_jpg.rf.ef070508fe8cf028db79cd03961c37d8.jpg,TP,0,2,0.939313,2499,2582,901.243,931.1762,0.46,True,fp16
TOSTADA-B_003_jpg.rf.ef070508fe8cf028db79cd03961c37d8.jpg,TP,15,15,0.935861,7647,7927,2757.8251,2858.8047,0.46,True,fp16
TOSTADA-B_003_jpg.rf.ef070508fe8cf028db79cd03961c37d8.jpg,TP,7,22,0.930326,1931,1920,696.3986,692.4315,0.46,True,fp16
TOSTADA-B_003_jpg.rf.ef070508fe8cf028db79cd03961c37d8.jpg,TP,2,9,0.929032,8594,8775,3099.3525,3164.6286,0.46,True,fp16
TOSTADA-B_003_jpg.rf.ef070508fe8cf028db79cd03961c37d8.jpg,TP,8,0,0.927844,4434,4463,1599.0841,1609.5427,0.46,True,fp16
TOSTADA-B_003_jpg.rf.ef070508fe8cf028db79cd03961c37d8.jpg,TP,6,18,0.926852,7191,7297,2593.3726,2631.6006,0.46,True,fp16
TOSTADA-B_003_jpg.rf.ef070508fe8cf028db79cd03961c37d8.jpg,TP,3,23,0.924878,2700,2809,973.7319,1013.0418,0.46,True,fp16
TOSTADA-B_003_jpg.rf.ef070508fe8cf028db79cd03961c37d8.jpg,TP,12,17,0.923641,14751,14900,5319.8219,5373.5574,0.46,True,fp16
TOSTADA-B_003_jpg.rf.ef070508fe8cf028db79cd03961c37d8.jpg,TP,5,19,0.915254,1320,1392,476.0467,502.0129,0.46,True,fp16
TOSTADA-B_003_jpg.rf.ef070508fe8cf028db79cd03961c37d8.jpg,TP,4,3,0.914376,6326,6418,2281.4177,2314.5967,0.46,True,fp16
TOSTADA-B_003_jpg.rf.ef070508fe8cf028db79cd03961c37d8.jpg,TP,1,10,0.911798,2462,2545,887.8992,917.8325,0.46,True,fp16
TOSTADA-B_003_jpg.rf.ef070508fe8cf028db79cd03961c37d8.jpg,TP,18,21,0.908446,2837,2812,1023.1398,1014.1237,0.46,True,fp16
TOSTADA-B_003_jpg.rf.ef070508fe8cf028db79cd03961c37d8.jpg,TP,9,5,0.900888,670,615,241.6298,221.7944,0.46,True,fp16
TOSTADA-B_003_jpg.rf.ef070508fe8cf028db79cd03961c37d8.jpg,TP,13,16,0.861698,7140,6698,2574.9798,2415.5764,0.46,True,fp16
TOSTADA-B_003_jpg.rf.ef070508fe8cf028db79cd03961c37d8.jpg,TP,17,1,0.836114,5401,5825,1947.8244,2100.7364,0.46,True,fp16
TOSTADA-B_003_jpg.rf.ef070508fe8cf028db79cd03961c37d8.jpg,TP,19,7,0.810436,2976,3165,1073.2689,1141.4301,0.46,True,fp16
TOSTADA-B_003_jpg.rf.ef070508fe8cf028db79cd03961c37d8.jpg,TP,11,6,0.742138,279,275,100.619,99.1764,0.46,True,fp16
TOSTADA-B_003_jpg.rf.ef070508fe8cf028db79cd03961c37d8.jpg,TP,14,24,0.578721,4317,2672,1556.8891,963.6339,0.46,True,fp16
TOSTADA-B_003_jpg.rf.ef070508fe8cf028db79cd03961c37d8.jpg,FP,16,-1,0.0,0,1910,0,688.8252,0.46,True,fp16
TOSTADA-B_003_jpg.rf.ef070508fe8cf028db79cd03961c37d8.jpg,FP,20,-1,0.0,0,4722,0,1702.9489,0.46,True,fp16
TOSTADA-B_003_jpg.rf.ef070508fe8cf028db79cd03961c37d8.jpg,FN,-1,8,0.0,210,0,75.7347,0,0.46,True,fp16
TOSTADA-B_003_jpg.rf.ef070508fe8cf028db79cd03961c37d8.jpg,FN,-1,11,0.0,9846,0,3550.8756,0,0.46,True,fp16
TOSTADA-B_003_jpg.rf.ef070508fe8cf028db79cd03961c37d8.jpg,FN,-1,12,0.0,875,0,315.5613,0,0.46,True,fp16
TOSTADA-B_003_jpg.rf.ef070508fe8cf028db79cd03961c37d8.jpg,FN,-1,13,0.0,908,0,327.4624,0,0.46,True,fp16
TOSTADA-B_003_jpg.rf.ef070508fe8cf028db79cd03961c37d8.jpg,FN,-1,14,0.0,5311,0,1915.3666,0,0.46,True,fp16
TOSTADA-B_003_jpg.rf.ef070508fe8cf028db79cd03961c37d8.jpg,FN,-1,20,0.0,1975,0,712.2668,0,0.46,True,fp16
TOSTADA-B_003_jpg.rf.ef070508fe8cf028db79cd03961c37d8.jpg,FN,-1,25,0.0,1281,0,461.9817,0,0.46,True,fp16
TOSTADA-B_006_jpg.rf.fd9a20fd791843647a700cdeb77e0cc3.jpg,TP,7,0,0.953254,10743,10776,3874.371,3886.2722,0.46,True,fp16
TOSTADA-B_006_jpg.rf.fd9a20fd791843647a700cdeb77e0cc3.jpg,TP,6,5,0.949665,5909,6021,2131.0303,2171.4221,0.46,True,fp16
TOSTADA-B_006_jpg.rf.fd9a20fd791843647a700cdeb77e0cc3.jpg,TP,1,22,0.940417,2521,2592,909.177,934.7826,0.46,True,fp16
TOSTADA-B_006_jpg.rf.fd9a20fd791843647a700cdeb77e0cc3.jpg,TP,2,1,0.934352,4924,4947,1775.7984,1784.0932,0.46,True,fp16
TOSTADA-B_006_jpg.rf.fd9a20fd791843647a700cdeb77e0cc3.jpg,TP,14,8,0.932741,14514,14653,5234.3498,5284.479,0.46,True,fp16
TOSTADA-B_006_jpg.rf.fd9a20fd791843647a700cdeb77e0cc3.jpg,TP,4,3,0.927278,3530,3599,1273.0643,1297.9486,0.46,True,fp16
TOSTADA-B_006_jpg.rf.fd9a20fd791843647a700cdeb77e0cc3.jpg,TP,9,9,0.923633,6920,6909,2495.6388,2491.6717,0.46,True,fp16
TOSTADA-B_006_jpg.rf.fd9a20fd791843647a700cdeb77e0cc3.jpg,TP,11,6,0.923179,4980,5184,1795.9944,1869.5652,0.46,True,fp16
TOSTADA-B_006_jpg.rf.fd9a20fd791843647a700cdeb77e0cc3.jpg,TP,5,4,0.921044,8768,8531,3162.1042,3076.6321,0.46,True,fp16
TOSTADA-B_006_jpg.rf.fd9a20fd791843647a700cdeb77e0cc3.jpg,TP,3,12,0.920646,2810,2781,1013.4025,1002.9438,0.46,True,fp16
TOSTADA-B_006_jpg.rf.fd9a20fd791843647a700cdeb77e0cc3.jpg,TP,8,15,0.908822,1941,1932,700.005,696.7593,0.46,True,fp16
TOSTADA-B_006_jpg.rf.fd9a20fd791843647a700cdeb77e0cc3.jpg,TP,10,13,0.90867,1482,1402,534.4706,505.6193,0.46,True,fp16
TOSTADA-B_006_jpg.rf.fd9a20fd791843647a700cdeb77e0cc3.jpg,TP,0,23,0.908211,5419,5620,1954.316,2026.8049,0.46,True,fp16
TOSTADA-B_006_jpg.rf.fd9a20fd791843647a700cdeb77e0cc3.jpg,TP,15,17,0.907507,740,683,266.8747,246.3181,0.46,True,fp16
TOSTADA-B_006_jpg.rf.fd9a20fd791843647a700cdeb77e0cc3.jpg,TP,12,16,0.882784,1321,1249,476.4073,450.4412,0.46,True,fp16
TOSTADA-B_006_jpg.rf.fd9a20fd791843647a700cdeb77e0cc3.jpg,TP,18,7,0.858644,6177,5670,2227.6822,2044.837,0.46,True,fp16
TOSTADA-B_006_jpg.rf.fd9a20fd791843647a700cdeb77e0cc3.jpg,TP,13,2,0.852761,575,633,207.3688,228.286,0.46,True,fp16
TOSTADA-B_006_jpg.rf.fd9a20fd791843647a700cdeb77e0cc3.jpg,FP,16,-1,0.0,0,3989,0,1438.5987,0.46,True,fp16
TOSTADA-B_006_jpg.rf.fd9a20fd791843647a700cdeb77e0cc3.jpg,FP,17,-1,0.0,0,1649,0,594.6977,0.46,True,fp16
TOSTADA-B_006_jpg.rf.fd9a20fd791843647a700cdeb77e0cc3.jpg,FN,-1,10,0.0,2847,0,1026.7461,0,0.46,True,fp16
TOSTADA-B_006_jpg.rf.fd9a20fd791843647a700cdeb77e0cc3.jpg,FN,-1,11,0.0,1421,0,512.4715,0,0.46,True,fp16
TOSTADA-B_006_jpg.rf.fd9a20fd791843647a700cdeb77e0cc3.jpg,FN,-1,14,0.0,1071,0,386.247,0,0.46,True,fp16
TOSTADA-B_006_jpg.rf.fd9a20fd791843647a700cdeb77e0cc3.jpg,FN,-1,18,0.0,16913,0,6099.5287,0,0.46,True,fp16
TOSTADA-B_006_jpg.rf.fd9a20fd791843647a700cdeb77e0cc3.jpg,FN,-1,19,0.0,652,0,235.1382,0,0.46,True,fp16
TOSTADA-B_006_jpg.rf.fd9a20fd791843647a700cdeb77e0cc3.jpg,FN,-1,20,0.0,6433,0,2320.0064,0,0.46,True,fp16
TOSTADA-B_006_jpg.rf.fd9a20fd791843647a700cdeb77e0cc3.jpg,FN,-1,21,0.0,7549,0,2722.4822,0,0.46,True,fp16
TOSTADA-G_009_jpg.rf.506f019d1e54427e5f81510789439725.jpg,TP,9,24,0.956462,1424,1407,513.5534,507.4225,0.46,True,fp16
TOSTADA-G_009_jpg.rf.506f019d1e54427e5f81510789439725.jpg,TP,10,16,0.942221,3285,3169,1184.7071,1142.8727,0.46,True,fp16
TOSTADA-G_009_jpg.rf.506f019d1e54427e5f81510789439725.jpg,TP,1,31,0.93941,3593,3513,1295.7847,1266.9334,0.46,True,fp16
TOSTADA-G_009_jpg.rf.506f019d1e54427e5f81510789439725.jpg,TP,22,19,0.934679,5436,5493,1960.4469,1981.0034,0.46,True,fp16
TOSTADA-G_009_jpg.rf.506f019d1e54427e5f81510789439725.jpg,TP,29,6,0.933195,8009,7791,2888.3773,2809.7575,0.46,True,fp16
TOSTADA-G_009_jpg.rf.506f019d1e54427e5f81510789439725.jpg,TP,0,33,0.931633,6702,6775,2417.0189,2443.3458,0.46,True,fp16
TOSTADA-G_009_jpg.rf.506f019d1e54427e5f81510789439725.jpg,TP,5,27,0.931394,7514,7491,2709.8598,2701.565,0.46,True,fp16
TOSTADA-G_009_jpg.rf.506f019d1e54427e5f81510789439725.jpg,TP,15,35,0.928711,2524,2400,910.259,865.5394,0.46,True,fp16
TOSTADA-G_009_jpg.rf.506f019d1e54427e5f81510789439725.jpg,TP,30,5,0.9271,2324,2355,838.1307,849.3106,0.46,True,fp16
TOSTADA-G_009_jpg.rf.506f019d1e54427e5f81510789439725.jpg,TP,16,17,0.925305,3119,3196,1124.8407,1152.6101,0.46,True,fp16
TOSTADA-G_009_jpg.rf.506f019d1e54427e5f81510789439725.jpg,TP,3,28,0.921605,2059,2059,742.5607,742.5607,0.46,True,fp16
TOSTADA-G_009_jpg.rf.506f019d1e54427e5f81510789439725.jpg,TP,20,20,0.919444,1703,1752,614.1724,631.8438,0.46,True,fp16
TOSTADA-G_009_jpg.rf.506f019d1e54427e5f81510789439725.jpg,TP,7,37,0.918187,3293,3225,1187.5922,1163.0686,0.46,True,fp16
TOSTADA-G_009_jpg.rf.506f019d1e54427e5f81510789439725.jpg,TP,6,32,0.913651,2339,2315,843.5403,834.8849,0.46,True,fp16
TOSTADA-G_009_jpg.rf.506f019d1e54427e5f81510789439725.jpg,TP,19,40,0.912596,1094,1138,394.5418,410.4099,0.46,True,fp16
TOSTADA-G_009_jpg.rf.506f019d1e54427e5f81510789439725.jpg,TP,2,38,0.9105,4160,4101,1500.2684,1478.9905,0.46,True,fp16
TOSTADA-G_009_jpg.rf.506f019d1e54427e5f81510789439725.jpg,TP,4,26,0.909904,2761,2793,995.731,1007.2716,0.46,True,fp16
TOSTADA-G_009_jpg.rf.506f019d1e54427e5f81510789439725.jpg,TP,17,4,0.907961,2480,2433,894.3908,877.4407,0.46,True,fp16
TOSTADA-G_009_jpg.rf.506f019d1e54427e5f81510789439725.jpg,TP,8,36,0.907532,2631,2485,948.8476,896.194,0.46,True,fp16
TOSTADA-G_009_jpg.rf.506f019d1e54427e5f81510789439725.jpg,TP,34,18,0.903524,2677,2887,965.4371,1041.1719,0.46,True,fp16
TOSTADA-G_009_jpg.rf.506f019d1e54427e5f81510789439725.jpg,TP,24,39,0.896636,1540,1561,555.3879,562.9613,0.46,True,fp16
TOSTADA-G_009_jpg.rf.506f019d1e54427e5f81510789439725.jpg,TP,14,29,0.894825,1166,1104,420.5079,398.1481,0.46,True,fp16
TOSTADA-G_009_jpg.rf.506f019d1e54427e5f81510789439725.jpg,TP,12,30,0.878161,1597,1671,575.9444,602.6318,0.46,True,fp16
TOSTADA-G_009_jpg.rf.506f019d1e54427e5f81510789439725.jpg,TP,18,41,0.874513,1204,1201,434.2123,433.1304,0.46,True,fp16
TOSTADA-G_009_jpg.rf.506f019d1e54427e5f81510789439725.jpg,TP,11,23,0.873372,1837,1758,662.4983,634.0076,0.46,True,fp16
TOSTADA-G_009_jpg.rf.506f019d1e54427e5f81510789439725.jpg,TP,23,10,0.858402,12342,11059,4451.0366,3988.3337,0.46,True,fp16
TOSTADA-G_009_jpg.rf.506f019d1e54427e5f81510789439725.jpg,TP,27,13,0.846137,4214,4365,1519.743,1574.1999,0.46,True,fp16
TOSTADA-G_009_jpg.rf.506f019d1e54427e5f81510789439725.jpg,TP,13,2,0.842889,12821,13794,4623.7839,4974.688,0.46,True,fp16
TOSTADA-G_009_jpg.rf.506f019d1e54427e5f81510789439725.jpg,TP,35,3,0.816406,1668,1587,601.5499,572.3379,0.46,True,fp16
TOSTADA-G_009_jpg.rf.506f019d1e54427e5f81510789439725.jpg,TP,32,0,0.815634,598,633,215.6635,228.286,0.46,True,fp16
TOSTADA-G_009_jpg.rf.506f019d1e54427e5f81510789439725.jpg,TP,28,9,0.766577,9497,11444,3425.0118,4127.1806,0.46,True,fp16
TOSTADA-G_009_jpg.rf.506f019d1e54427e5f81510789439725.jpg,TP,25,21,0.751041,10345,13203,3730.8357,4761.5489,0.46,True,fp16
TOSTADA-G_009_jpg.rf.506f019d1e54427e5f81510789439725.jpg,TP,31,1,0.732739,372,406,134.1586,146.4205,0.46,True,fp16
TOSTADA-G_009_jpg.rf.506f019d1e54427e5f81510789439725.jpg,TP,26,7,0.724003,20870,21987,7526.5868,7929.4233,0.46,True,fp16
TOSTADA-G_009_jpg.rf.506f019d1e54427e5f81510789439725.jpg,TP,21,14,0.72253,7144,9332,2576.4224,3365.5059,0.46,True,fp16
TOSTADA-G_009_jpg.rf.506f019d1e54427e5f81510789439725.jpg,TP,33,11,0.575803,7076,11654,2551.8988,4202.9153,0.46,True,fp16
TOSTADA-G_009_jpg.rf.506f019d1e54427e5f81510789439725.jpg,FP,36,-1,0.0,0,9907,0,3572.8747,0.46,True,fp16
TOSTADA-G_009_jpg.rf.506f019d1e54427e5f81510789439725.jpg,FN,-1,8,0.0,4178,0,1506.7599,0,0.46,True,fp16
TOSTADA-G_009_jpg.rf.506f019d1e54427e5f81510789439725.jpg,FN,-1,12,0.0,3533,0,1274.1462,0,0.46,True,fp16
TOSTADA-G_009_jpg.rf.506f019d1e54427e5f81510789439725.jpg,FN,-1,15,0.0,2526,0,910.9803,0,0.46,True,fp16
TOSTADA-G_009_jpg.rf.506f019d1e54427e5f81510789439725.jpg,FN,-1,22,0.0,2314,0,834.5243,0,0.46,True,fp16
TOSTADA-G_009_jpg.rf.506f019d1e54427e5f81510789439725.jpg,FN,-1,25,0.0,969,0,349.4615,0,0.46,True,fp16
TOSTADA-G_009_jpg.rf.506f019d1e54427e5f81510789439725.jpg,FN,-1,34,0.0,3351,0,1208.5095,0,0.46,True,fp16
TOSTADA-G_011_jpg.rf.c0b219a9a6742c565eddfcdb51541b7d.jpg,TP,20,24,0.948959,7170,7149,2585.7991,2578.2256,0.46,True,fp16
TOSTADA-G_011_jpg.rf.c0b219a9a6742c565eddfcdb51541b7d.jpg,TP,1,12,0.944787,6091,6202,2196.667,2236.6982,0.46,True,fp16
TOSTADA-G_011_jpg.rf.c0b219a9a6742c565eddfcdb51541b7d.jpg,TP,0,19,0.938735,7302,7413,2633.4038,2673.435,0.46,True,fp16
TOSTADA-G_011_jpg.rf.c0b219a9a6742c565eddfcdb51541b7d.jpg,TP,9,22,0.938398,11141,10980,4017.9062,3959.843,0.46,True,fp16
TOSTADA-G_011_jpg.rf.c0b219a9a6742c565eddfcdb51541b7d.jpg,TP,3,13,0.927716,2140,2207,771.7727,795.9357,0.46,True,fp16
TOSTADA-G_011_jpg.rf.c0b219a9a6742c565eddfcdb51541b7d.jpg,TP,7,21,0.927474,7940,8112,2863.493,2925.5233,0.46,True,fp16
TOSTADA-G_011_jpg.rf.c0b219a9a6742c565eddfcdb51541b7d.jpg,TP,2,6,0.926896,8048,8136,2902.4423,2934.1787,0.46,True,fp16
TOSTADA-G_011_jpg.rf.c0b219a9a6742c565eddfcdb51541b7d.jpg,TP,4,3,0.92671,2900,3015,1045.8602,1087.334,0.46,True,fp16
TOSTADA-G_011_jpg.rf.c0b219a9a6742c565eddfcdb51541b7d.jpg,TP,5,18,0.92616,2773,2705,1000.0587,975.5351,0.46,True,fp16
TOSTADA-G_011_jpg.rf.c0b219a9a6742c565eddfcdb51541b7d.jpg,TP,6,1,0.924156,6489,6399,2340.2023,2307.7446,0.46,True,fp16
TOSTADA-G_011_jpg.rf.c0b219a9a6742c565eddfcdb51541b7d.jpg,TP,8,25,0.923833,10608,10735,3825.6843,3871.4859,0.46,True,fp16
TOSTADA-G_011_jpg.rf.c0b219a9a6742c565eddfcdb51541b7d.jpg,TP,16,28,0.921269,850,785,306.5452,283.1035,0.46,True,fp16
TOSTADA-G_011_jpg.rf.c0b219a9a6742c565eddfcdb51541b7d.jpg,TP,11,26,0.91774,5366,5358,1935.202,1932.3168,0.46,True,fp16
TOSTADA-G_011_jpg.rf.c0b219a9a6742c565eddfcdb51541b7d.jpg,TP,10,20,0.917485,4373,4411,1577.085,1590.7894,0.46,True,fp16
TOSTADA-G_011_jpg.rf.c0b219a9a6742c565eddfcdb51541b7d.jpg,TP,12,11,0.915865,4668,4691,1683.4742,1691.769,0.46,True,fp16
TOSTADA-G_011_jpg.rf.c0b219a9a6742c565eddfcdb51541b7d.jpg,TP,14,10,0.913746,12843,12872,4631.718,4642.1766,0.46,True,fp16
TOSTADA-G_011_jpg.rf.c0b219a9a6742c565eddfcdb51541b7d.jpg,TP,21,15,0.913462,1114,1075,401.7545,387.6896,0.46,True,fp16
TOSTADA-G_011_jpg.rf.c0b219a9a6742c565eddfcdb51541b7d.jpg,TP,13,9,0.894697,1246,1255,449.3592,452.605,0.46,True,fp16
TOSTADA-G_011_jpg.rf.c0b219a9a6742c565eddfcdb51541b7d.jpg,TP,17,16,0.883295,414,409,149.3056,147.5023,0.46,True,fp16
TOSTADA-G_011_jpg.rf.c0b219a9a6742c565eddfcdb51541b7d.jpg,TP,18,29,0.87924,731,654,263.6289,235.8595,0.46,True,fp16
TOSTADA-G_011_jpg.rf.c0b219a9a6742c565eddfcdb51541b7d.jpg,TP,15,0,0.864996,1141,1166,411.4919,420.5079,0.46,True,fp16
TOSTADA-G_011_jpg.rf.c0b219a9a6742c565eddfcdb51541b7d.jpg,TP,19,27,0.842365,1015,855,366.0511,308.3484,0.46,True,fp16
TOSTADA-G_011_jpg.rf.c0b219a9a6742c565eddfcdb51541b7d.jpg,TP,24,17,0.595169,20758,17743,7486.195,6398.861,0.46,True,fp16
TOSTADA-G_011_jpg.rf.c0b219a9a6742c565eddfcdb51541b7d.jpg,FP,22,-1,0.0,0,18814,0,6785.108,0.46,True,fp16
TOSTADA-G_011_jpg.rf.c0b219a9a6742c565eddfcdb51541b7d.jpg,FP,23,-1,0.0,0,21903,0,7899.1295,0.46,True,fp16
TOSTADA-G_011_jpg.rf.c0b219a9a6742c565eddfcdb51541b7d.jpg,FP,25,-1,0.0,0,9753,0,3517.336,0.46,True,fp16
TOSTADA-G_011_jpg.rf.c0b219a9a6742c565eddfcdb51541b7d.jpg,FN,-1,2,0.0,834,0,300.775,0,0.46,True,fp16
TOSTADA-G_011_jpg.rf.c0b219a9a6742c565eddfcdb51541b7d.jpg,FN,-1,4,0.0,871,0,314.1187,0,0.46,True,fp16
TOSTADA-G_011_jpg.rf.c0b219a9a6742c565eddfcdb51541b7d.jpg,FN,-1,5,0.0,37764,0,13619.2633,0,0.46,True,fp16
TOSTADA-G_011_jpg.rf.c0b219a9a6742c565eddfcdb51541b7d.jpg,FN,-1,7,0.0,216,0,77.8986,0,0.46,True,fp16
TOSTADA-G_011_jpg.rf.c0b219a9a6742c565eddfcdb51541b7d.jpg,FN,-1,8,0.0,735,0,265.0714,0,0.46,True,fp16
TOSTADA-G_011_jpg.rf.c0b219a9a6742c565eddfcdb51541b7d.jpg,FN,-1,14,0.0,103,0,37.1461,0,0.46,True,fp16
TOSTADA-G_011_jpg.rf.c0b219a9a6742c565eddfcdb51541b7d.jpg,FN,-1,23,0.0,31,0,11.1799,0,0.46,True,fp16
TP-B_001_jpg.rf.476ac40460a2659ffbad7973abf99d86.jpg,TP,4,17,0.952747,4295,4342,1548.955,1565.9051,0.46,True,fp16
TP-B_001_jpg.rf.476ac40460a2659ffbad7973abf99d86.jpg,TP,13,25,0.930818,13339,13426,4810.5961,4841.9719,0.46,True,fp16
TP-B_001_jpg.rf.476ac40460a2659ffbad7973abf99d86.jpg,TP,9,12,0.927507,5669,5844,2044.4763,2107.5885,0.46,True,fp16
TP-B_001_jpg.rf.476ac40460a2659ffbad7973abf99d86.jpg,TP,0,15,0.927193,5630,5752,2030.4113,2074.4096,0.46,True,fp16
TP-B_001_jpg.rf.476ac40460a2659ffbad7973abf99d86.jpg,TP,10,9,0.925659,6222,6341,2243.911,2286.8273,0.46,True,fp16
TP-B_001_jpg.rf.476ac40460a2659ffbad7973abf99d86.jpg,TP,11,14,0.924517,1633,1656,588.9275,597.2222,0.46,True,fp16
TP-B_001_jpg.rf.476ac40460a2659ffbad7973abf99d86.jpg,TP,2,10,0.912939,3135,3237,1130.6109,1167.3963,0.46,True,fp16
TP-B_001_jpg.rf.476ac40460a2659ffbad7973abf99d86.jpg,TP,12,2,0.912815,2741,2722,988.5182,981.666,0.46,True,fp16
TP-B_001_jpg.rf.476ac40460a2659ffbad7973abf99d86.jpg,TP,6,13,0.912288,4693,4878,1692.4902,1759.209,0.46,True,fp16
TP-B_001_jpg.rf.476ac40460a2659ffbad7973abf99d86.jpg,TP,16,26,0.910814,1794,1634,646.9907,589.2881,0.46,True,fp16
TP-B_001_jpg.rf.476ac40460a2659ffbad7973abf99d86.jpg,TP,17,18,0.909025,2616,2651,943.438,956.0604,0.46,True,fp16
TP-B_001_jpg.rf.476ac40460a2659ffbad7973abf99d86.jpg,TP,15,1,0.907769,1913,1893,689.9071,682.6942,0.46,True,fp16
TP-B_001_jpg.rf.476ac40460a2659ffbad7973abf99d86.jpg,TP,3,7,0.901853,3250,3319,1172.0847,1196.9689,0.46,True,fp16
TP-B_001_jpg.rf.476ac40460a2659ffbad7973abf99d86.jpg,TP,5,4,0.897727,1987,2021,716.5946,728.8564,0.46,True,fp16
TP-B_001_jpg.rf.476ac40460a2659ffbad7973abf99d86.jpg,TP,14,8,0.892893,27366,29364,9869.3136,10589.8752,0.46,True,fp16
TP-B_001_jpg.rf.476ac40460a2659ffbad7973abf99d86.jpg,TP,8,11,0.889552,3122,3208,1125.9225,1156.9377,0.46,True,fp16
TP-B_001_jpg.rf.476ac40460a2659ffbad7973abf99d86.jpg,TP,1,3,0.887654,1506,1552,543.126,559.7155,0.46,True,fp16
TP-B_001_jpg.rf.476ac40460a2659ffbad7973abf99d86.jpg,TP,7,0,0.873148,4542,4687,1638.0334,1690.3264,0.46,True,fp16
TP-B_001_jpg.rf.476ac40460a2659ffbad7973abf99d86.jpg,TP,22,22,0.828355,5685,5638,2050.2466,2033.2964,0.46,True,fp16
TP-B_001_jpg.rf.476ac40460a2659ffbad7973abf99d86.jpg,TP,23,20,0.815573,3763,4398,1357.0938,1586.1011,0.46,True,fp16
TP-B_001_jpg.rf.476ac40460a2659ffbad7973abf99d86.jpg,TP,21,28,0.791045,183,177,65.9974,63.8335,0.46,True,fp16
TP-B_001_jpg.rf.476ac40460a2659ffbad7973abf99d86.jpg,TP,19,29,0.73635,4705,3468,1696.818,1250.7045,0.46,True,fp16
TP-B_001_jpg.rf.476ac40460a2659ffbad7973abf99d86.jpg,TP,18,30,0.671768,12852,18390,4634.9638,6632.1961,0.46,True,fp16
TP-B_001_jpg.rf.476ac40460a2659ffbad7973abf99d86.jpg,FP,20,-1,0.0,0,5425,0,1956.4798,0.46,True,fp16
TP-B_001_jpg.rf.476ac40460a2659ffbad7973abf99d86.jpg,FN,-1,5,0.0,977,0,352.3467,0,0.46,True,fp16
TP-B_001_jpg.rf.476ac40460a2659ffbad7973abf99d86.jpg,FN,-1,6,0.0,1263,0,455.4901,0,0.46,True,fp16
TP-B_001_jpg.rf.476ac40460a2659ffbad7973abf99d86.jpg,FN,-1,16,0.0,6639,0,2394.2985,0,0.46,True,fp16
TP-B_001_jpg.rf.476ac40460a2659ffbad7973abf99d86.jpg,FN,-1,19,0.0,229,0,82.5869,0,0.46,True,fp16
TP-B_001_jpg.rf.476ac40460a2659ffbad7973abf99d86.jpg,FN,-1,21,0.0,1588,0,572.6986,0,0.46,True,fp16
TP-B_001_jpg.rf.476ac40460a2659ffbad7973abf99d86.jpg,FN,-1,23,0.0,688,0,248.1213,0,0.46,True,fp16
TP-B_001_jpg.rf.476ac40460a2659ffbad7973abf99d86.jpg,FN,-1,24,0.0,4609,0,1662.1964,0,0.46,True,fp16
TP-B_001_jpg.rf.476ac40460a2659ffbad7973abf99d86.jpg,FN,-1,27,0.0,168,0,60.5877,0,0.46,True,fp16
TP-D_010_jpg.rf.8e807d0647c50bd1b8d28134da2e26a4.jpg,TP,21,1,0.946031,4959,4993,1788.4209,1800.6827,0.46,True,fp16
TP-D_010_jpg.rf.8e807d0647c50bd1b8d28134da2e26a4.jpg,TP,20,46,0.944324,3681,3478,1327.5211,1254.3109,0.46,True,fp16
TP-D_010_jpg.rf.8e807d0647c50bd1b8d28134da2e26a4.jpg,TP,0,21,0.941799,6843,6736,2467.8694,2429.2807,0.46,True,fp16
TP-D_010_jpg.rf.8e807d0647c50bd1b8d28134da2e26a4.jpg,TP,3,32,0.938168,2551,2527,919.9963,911.3409,0.46,True,fp16
TP-D_010_jpg.rf.8e807d0647c50bd1b8d28134da2e26a4.jpg,TP,17,8,0.937712,2258,2315,814.3284,834.8849,0.46,True,fp16
TP-D_010_jpg.rf.8e807d0647c50bd1b8d28134da2e26a4.jpg,TP,8,10,0.936298,5988,5897,2159.5209,2126.7026,0.46,True,fp16
TP-D_010_jpg.rf.8e807d0647c50bd1b8d28134da2e26a4.jpg,TP,9,41,0.934957,3870,3835,1395.6823,1383.0599,0.46,True,fp16
TP-D_010_jpg.rf.8e807d0647c50bd1b8d28134da2e26a4.jpg,TP,27,23,0.934689,1606,1534,579.1902,553.2239,0.46,True,fp16
TP-D_010_jpg.rf.8e807d0647c50bd1b8d28134da2e26a4.jpg,TP,2,45,0.934097,2725,2675,982.7479,964.7158,0.46,True,fp16
TP-D_010_jpg.rf.8e807d0647c50bd1b8d28134da2e26a4.jpg,TP,11,13,0.933449,5580,5518,2012.3792,1990.0194,0.46,True,fp16
TP-D_010_jpg.rf.8e807d0647c50bd1b8d28134da2e26a4.jpg,TP,10,27,0.930792,2887,2888,1041.1719,1041.5325,0.46,True,fp16
TP-D_010_jpg.rf.8e807d0647c50bd1b8d28134da2e26a4.jpg,TP,5,42,0.925297,2256,2280,813.6071,822.2625,0.46,True,fp16
TP-D_010_jpg.rf.8e807d0647c50bd1b8d28134da2e26a4.jpg,TP,12,35,0.923502,3092,3169,1115.1033,1142.8727,0.46,True,fp16
TP-D_010_jpg.rf.8e807d0647c50bd1b8d28134da2e26a4.jpg,TP,13,17,0.923369,6020,6153,2171.0615,2219.0267,0.46,True,fp16
TP-D_010_jpg.rf.8e807d0647c50bd1b8d28134da2e26a4.jpg,TP,23,40,0.922324,1466,1479,528.7003,533.3887,0.46,True,fp16
TP-D_010_jpg.rf.8e807d0647c50bd1b8d28134da2e26a4.jpg,TP,22,3,0.919804,1786,1733,644.1056,624.9916,0.46,True,fp16
TP-D_010_jpg.rf.8e807d0647c50bd1b8d28134da2e26a4.jpg,TP,24,14,0.914816,9814,9585,3539.3351,3456.7482,0.46,True,fp16
TP-D_010_jpg.rf.8e807d0647c50bd1b8d28134da2e26a4.jpg,TP,32,18,0.914664,3081,3134,1111.1363,1130.2503,0.46,True,fp16
TP-D_010_jpg.rf.8e807d0647c50bd1b8d28134da2e26a4.jpg,TP,15,30,0.913316,1807,1857,651.6791,669.7112,0.46,True,fp16
TP-D_010_jpg.rf.8e807d0647c50bd1b8d28134da2e26a4.jpg,TP,7,6,0.911483,2435,2359,878.1619,850.7531,0.46,True,fp16
TP-D_010_jpg.rf.8e807d0647c50bd1b8d28134da2e26a4.jpg,TP,4,22,0.910526,2671,2774,963.2733,1000.4194,0.46,True,fp16
TP-D_010_jpg.rf.8e807d0647c50bd1b8d28134da2e26a4.jpg,TP,14,9,0.906929,1859,1829,670.4324,659.6132,0.46,True,fp16
TP-D_010_jpg.rf.8e807d0647c50bd1b8d28134da2e26a4.jpg,TP,6,44,0.906759,2772,2729,999.6981,984.1905,0.46,True,fp16
TP-D_010_jpg.rf.8e807d0647c50bd1b8d28134da2e26a4.jpg,TP,18,39,0.903993,2264,2218,816.4922,799.9027,0.46,True,fp16
TP-D_010_jpg.rf.8e807d0647c50bd1b8d28134da2e26a4.jpg,TP,26,29,0.902639,3160,3328,1139.627,1200.2147,0.46,True,fp16
TP-D_010_jpg.rf.8e807d0647c50bd1b8d28134da2e26a4.jpg,TP,16,38,0.901527,1808,1803,652.0397,650.2365,0.46,True,fp16
TP-D_010_jpg.rf.8e807d0647c50bd1b8d28134da2e26a4.jpg,TP,25,15,0.899244,2236,2288,806.3943,825.1476,0.46,True,fp16
TP-D_010_jpg.rf.8e807d0647c50bd1b8d28134da2e26a4.jpg,TP,1,37,0.898457,1891,1923,681.973,693.5135,0.46,True,fp16
TP-D_010_jpg.rf.8e807d0647c50bd1b8d28134da2e26a4.jpg,TP,37,36,0.893426,1938,1864,698.9231,672.2357,0.46,True,fp16
TP-D_010_jpg.rf.8e807d0647c50bd1b8d28134da2e26a4.jpg,TP,19,19,0.889238,7153,7294,2579.6682,2630.5186,0.46,True,fp16
TP-D_010_jpg.rf.8e807d0647c50bd1b8d28134da2e26a4.jpg,TP,28,7,0.879161,1293,1304,466.3093,470.2764,0.46,True,fp16
TP-D_010_jpg.rf.8e807d0647c50bd1b8d28134da2e26a4.jpg,TP,38,11,0.868486,1469,1543,529.7823,556.4697,0.46,True,fp16
TP-D_010_jpg.rf.8e807d0647c50bd1b8d28134da2e26a4.jpg,TP,29,33,0.84304,938,929,338.2817,335.0359,0.46,True,fp16
TP-D_010_jpg.rf.8e807d0647c50bd1b8d28134da2e26a4.jpg,TP,31,0,0.8207,618,631,222.8764,227.5647,0.46,True,fp16
TP-D_010_jpg.rf.8e807d0647c50bd1b8d28134da2e26a4.jpg,TP,33,24,0.797101,362,382,130.5522,137.765,0.46,True,fp16
TP-D_010_jpg.rf.8e807d0647c50bd1b8d28134da2e26a4.jpg,TP,39,5,0.74461,534,518,192.5825,186.8123,0.46,True,fp16
TP-D_010_jpg.rf.8e807d0647c50bd1b8d28134da2e26a4.jpg,TP,35,31,0.596969,7612,4929,2745.2026,1777.6017,0.46,True,fp16
TP-D_010_jpg.rf.8e807d0647c50bd1b8d28134da2e26a4.jpg,FP,30,-1,0.0,0,2726,0,983.1086,0.46,True,fp16
TP-D_010_jpg.rf.8e807d0647c50bd1b8d28134da2e26a4.jpg,FP,34,-1,0.0,0,2954,0,1065.3348,0.46,True,fp16
TP-D_010_jpg.rf.8e807d0647c50bd1b8d28134da2e26a4.jpg,FP,36,-1,0.0,0,1684,0,607.3202,0.46,True,fp16
TP-D_010_jpg.rf.8e807d0647c50bd1b8d28134da2e26a4.jpg,FP,40,-1,0.0,0,2292,0,826.5902,0.46,True,fp16
TP-D_010_jpg.rf.8e807d0647c50bd1b8d28134da2e26a4.jpg,FN,-1,2,0.0,183,0,65.9974,0,0.46,True,fp16
TP-D_010_jpg.rf.8e807d0647c50bd1b8d28134da2e26a4.jpg,FN,-1,4,0.0,20,0,7.2129,0,0.46,True,fp16
TP-D_010_jpg.rf.8e807d0647c50bd1b8d28134da2e26a4.jpg,FN,-1,12,0.0,1421,0,512.4715,0,0.46,True,fp16
TP-D_010_jpg.rf.8e807d0647c50bd1b8d28134da2e26a4.jpg,FN,-1,16,0.0,485,0,174.9111,0,0.46,True,fp16
TP-D_010_jpg.rf.8e807d0647c50bd1b8d28134da2e26a4.jpg,FN,-1,20,0.0,364,0,131.2735,0,0.46,True,fp16
TP-D_010_jpg.rf.8e807d0647c50bd1b8d28134da2e26a4.jpg,FN,-1,25,0.0,895,0,322.7741,0,0.46,True,fp16
TP-D_010_jpg.rf.8e807d0647c50bd1b8d28134da2e26a4.jpg,FN,-1,26,0.0,125,0,45.0802,0,0.46,True,fp16
TP-D_010_jpg.rf.8e807d0647c50bd1b8d28134da2e26a4.jpg,FN,-1,28,0.0,12,0,4.3277,0,0.46,True,fp16
TP-D_010_jpg.rf.8e807d0647c50bd1b8d28134da2e26a4.jpg,FN,-1,34,0.0,67,0,24.163,0,0.46,True,fp16
TP-D_010_jpg.rf.8e807d0647c50bd1b8d28134da2e26a4.jpg,FN,-1,43,0.0,56,0,20.1959,0,0.46,True,fp16
TP-G_008_jpg.rf.7ce2f84776589571f8d07c60f1c4e63c.jpg,TP,11,26,0.946845,2585,2506,932.2581,903.7674,0.46,True,fp16
TP-G_008_jpg.rf.7ce2f84776589571f8d07c60f1c4e63c.jpg,TP,0,8,0.943102,25315,24852,9129.638,8962.661,0.46,True,fp16
TP-G_008_jpg.rf.7ce2f84776589571f8d07c60f1c4e63c.jpg,TP,3,2,0.939658,6638,6734,2393.9379,2428.5595,0.46,True,fp16
TP-G_008_jpg.rf.7ce2f84776589571f8d07c60f1c4e63c.jpg,TP,4,12,0.938527,7332,7300,2644.223,2632.6825,0.46,True,fp16
TP-G_008_jpg.rf.7ce2f84776589571f8d07c60f1c4e63c.jpg,TP,15,9,0.937871,7563,7471,2727.5312,2694.3522,0.46,True,fp16
TP-G_008_jpg.rf.7ce2f84776589571f8d07c60f1c4e63c.jpg,TP,13,7,0.933252,23990,23713,8651.7881,8551.8904,0.46,True,fp16
TP-G_008_jpg.rf.7ce2f84776589571f8d07c60f1c4e63c.jpg,TP,5,13,0.931106,6396,6610,2306.6626,2383.8399,0.46,True,fp16
TP-G_008_jpg.rf.7ce2f84776589571f8d07c60f1c4e63c.jpg,TP,12,15,0.929659,2315,2376,834.8849,856.884,0.46,True,fp16
TP-G_008_jpg.rf.7ce2f84776589571f8d07c60f1c4e63c.jpg,TP,8,14,0.927714,3548,3679,1279.5559,1326.7998,0.46,True,fp16
TP-G_008_jpg.rf.7ce2f84776589571f8d07c60f1c4e63c.jpg,TP,9,24,0.918711,6019,6184,2170.7008,2230.2067,0.46,True,fp16
TP-G_008_jpg.rf.7ce2f84776589571f8d07c60f1c4e63c.jpg,TP,7,6,0.918303,4545,4542,1639.1154,1638.0334,0.46,True,fp16
TP-G_008_jpg.rf.7ce2f84776589571f8d07c60f1c4e63c.jpg,TP,1,16,0.917045,4743,4963,1710.5224,1789.8635,0.46,True,fp16
TP-G_008_jpg.rf.7ce2f84776589571f8d07c60f1c4e63c.jpg,TP,10,25,0.913773,1641,1666,591.8126,600.8286,0.46,True,fp16
TP-G_008_jpg.rf.7ce2f84776589571f8d07c60f1c4e63c.jpg,TP,17,1,0.91327,8331,8192,3004.5039,2954.3747,0.46,True,fp16
TP-G_008_jpg.rf.7ce2f84776589571f8d07c60f1c4e63c.jpg,TP,2,20,0.911582,2269,2336,818.2955,842.4584,0.46,True,fp16
TP-G_008_jpg.rf.7ce2f84776589571f8d07c60f1c4e63c.jpg,TP,6,11,0.906409,5054,5090,1822.6818,1835.6649,0.46,True,fp16
TP-G_008_jpg.rf.7ce2f84776589571f8d07c60f1c4e63c.jpg,TP,20,0,0.903263,5004,5030,1804.6497,1814.0264,0.46,True,fp16
TP-G_008_jpg.rf.7ce2f84776589571f8d07c60f1c4e63c.jpg,TP,23,18,0.90034,865,813,311.9548,293.2015,0.46,True,fp16
TP-G_008_jpg.rf.7ce2f84776589571f8d07c60f1c4e63c.jpg,TP,18,10,0.900328,3168,3200,1142.5121,1154.0526,0.46,True,fp16
TP-G_008_jpg.rf.7ce2f84776589571f8d07c60f1c4e63c.jpg,TP,14,21,0.890584,1438,1413,518.6024,509.5863,0.46,True,fp16
TP-G_008_jpg.rf.7ce2f84776589571f8d07c60f1c4e63c.jpg,TP,21,19,0.884682,577,518,208.0901,186.8123,0.46,True,fp16
TP-G_008_jpg.rf.7ce2f84776589571f8d07c60f1c4e63c.jpg,TP,24,22,0.876623,866,868,312.3155,313.0368,0.46,True,fp16
TP-G_008_jpg.rf.7ce2f84776589571f8d07c60f1c4e63c.jpg,TP,22,27,0.869565,1414,1467,509.947,529.061,0.46,True,fp16
TP-G_008_jpg.rf.7ce2f84776589571f8d07c60f1c4e63c.jpg,TP,19,23,0.844585,2460,2513,887.1779,906.2919,0.46,True,fp16
TP-G_008_jpg.rf.7ce2f84776589571f8d07c60f1c4e63c.jpg,TP,16,5,0.793143,1457,1681,525.4545,606.2382,0.46,True,fp16
TP-G_008_jpg.rf.7ce2f84776589571f8d07c60f1c4e63c.jpg,TP,25,3,0.586081,191,242,68.8825,87.2752,0.46,True,fp16
TP-G_008_jpg.rf.7ce2f84776589571f8d07c60f1c4e63c.jpg,FN,-1,4,0.0,37,0,13.3438,0,0.46,True,fp16
TP-G_008_jpg.rf.7ce2f84776589571f8d07c60f1c4e63c.jpg,FN,-1,17,0.0,47,0,16.9502,0,0.46,True,fp16
TP-G_008_jpg.rf.7ce2f84776589571f8d07c60f1c4e63c.jpg,FN,-1,28,0.0,115,0,41.4738,0,0.46,True,fp16
TP-G_008_jpg.rf.7ce2f84776589571f8d07c60f1c4e63c.jpg,FN,-1,29,0.0,757,0,273.0056,0,0.46,True,fp16
TP-G_008_jpg.rf.7ce2f84776589571f8d07c60f1c4e63c.jpg,FN,-1,30,0.0,235,0,84.7508,0,0.46,True,fp16
TP-G_008_jpg.rf.7ce2f84776589571f8d07c60f1c4e63c.jpg,FN,-1,31,0.0,126,0,45.4408,0,0.46,True,fp16
TP-G_008_jpg.rf.7ce2f84776589571f8d07c60f1c4e63c.jpg,FN,-1,32,0.0,57,0,20.5565,0,0.46,True,fp16
TP-G_010_jpg.rf.5c8b394cdec2d68bae00b4eb6679ec08.jpg,TP,20,7,0.957301,19872,19963,7166.6666,7199.4851,0.46,True,fp16
TP-G_010_jpg.rf.5c8b394cdec2d68bae00b4eb6679ec08.jpg,TP,24,13,0.956099,15443,15524,5569.3857,5598.5977,0.46,True,fp16
TP-G_010_jpg.rf.5c8b394cdec2d68bae00b4eb6679ec08.jpg,TP,1,6,0.941364,5123,5207,1847.5661,1877.86,0.46,True,fp16
TP-G_010_jpg.rf.5c8b394cdec2d68bae00b4eb6679ec08.jpg,TP,3,22,0.939277,7255,7340,2616.4536,2647.1082,0.46,True,fp16
TP-G_010_jpg.rf.5c8b394cdec2d68bae00b4eb6679ec08.jpg,TP,22,12,0.938949,5165,5125,1862.713,1848.2874,0.46,True,fp16
TP-G_010_jpg.rf.5c8b394cdec2d68bae00b4eb6679ec08.jpg,TP,14,5,0.938674,1709,1800,616.3362,649.1546,0.46,True,fp16
TP-G_010_jpg.rf.5c8b394cdec2d68bae00b4eb6679ec08.jpg,TP,23,1,0.932151,5255,5310,1895.1708,1915.006,0.46,True,fp16
TP-G_010_jpg.rf.5c8b394cdec2d68bae00b4eb6679ec08.jpg,TP,4,11,0.929041,2179,2225,785.8377,802.4272,0.46,True,fp16
TP-G_010_jpg.rf.5c8b394cdec2d68bae00b4eb6679ec08.jpg,TP,25,19,0.927616,13797,13579,4975.7699,4897.1501,0.46,True,fp16
TP-G_010_jpg.rf.5c8b394cdec2d68bae00b4eb6679ec08.jpg,TP,8,25,0.927286,1329,1348,479.2925,486.1447,0.46,True,fp16
TP-G_010_jpg.rf.5c8b394cdec2d68bae00b4eb6679ec08.jpg,TP,7,0,0.926679,2037,2036,734.6266,734.266,0.46,True,fp16
TP-G_010_jpg.rf.5c8b394cdec2d68bae00b4eb6679ec08.jpg,TP,9,28,0.91738,2509,2643,904.8494,953.1753,0.46,True,fp16
TP-G_010_jpg.rf.5c8b394cdec2d68bae00b4eb6679ec08.jpg,TP,0,24,0.916887,2852,2960,1028.5494,1067.4986,0.46,True,fp16
TP-G_010_jpg.rf.5c8b394cdec2d68bae00b4eb6679ec08.jpg,TP,18,33,0.91612,2032,2057,732.8234,741.8394,0.46,True,fp16
TP-G_010_jpg.rf.5c8b394cdec2d68bae00b4eb6679ec08.jpg,TP,11,10,0.914318,5940,6013,2142.2101,2168.537,0.46,True,fp16
TP-G_010_jpg.rf.5c8b394cdec2d68bae00b4eb6679ec08.jpg,TP,12,34,0.910807,2903,2967,1046.9421,1070.0231,0.46,True,fp16
TP-G_010_jpg.rf.5c8b394cdec2d68bae00b4eb6679ec08.jpg,TP,6,21,0.902551,2637,2732,951.0115,985.2724,0.46,True,fp16
TP-G_010_jpg.rf.5c8b394cdec2d68bae00b4eb6679ec08.jpg,TP,28,17,0.898928,613,627,221.0732,226.1222,0.46,True,fp16
TP-G_010_jpg.rf.5c8b394cdec2d68bae00b4eb6679ec08.jpg,TP,5,36,0.898494,1923,1986,693.5135,716.2339,0.46,True,fp16
TP-G_010_jpg.rf.5c8b394cdec2d68bae00b4eb6679ec08.jpg,TP,10,29,0.895168,3436,3506,1239.164,1264.4089,0.46,True,fp16
TP-G_010_jpg.rf.5c8b394cdec2d68bae00b4eb6679ec08.jpg,TP,21,3,0.893987,1165,1229,420.1472,443.2283,0.46,True,fp16
TP-G_010_jpg.rf.5c8b394cdec2d68bae00b4eb6679ec08.jpg,TP,15,23,0.889419,1160,1215,418.3441,438.1793,0.46,True,fp16
TP-G_010_jpg.rf.5c8b394cdec2d68bae00b4eb6679ec08.jpg,TP,19,31,0.876588,1038,1030,374.3458,371.4607,0.46,True,fp16
TP-G_010_jpg.rf.5c8b394cdec2d68bae00b4eb6679ec08.jpg,TP,2,30,0.855953,2500,2847,901.6036,1026.7461,0.46,True,fp16
TP-G_010_jpg.rf.5c8b394cdec2d68bae00b4eb6679ec08.jpg,TP,13,9,0.84879,904,930,326.0199,335.3966,0.46,True,fp16
TP-G_010_jpg.rf.5c8b394cdec2d68bae00b4eb6679ec08.jpg,TP,16,8,0.822358,594,596,214.221,214.9423,0.46,True,fp16
TP-G_010_jpg.rf.5c8b394cdec2d68bae00b4eb6679ec08.jpg,TP,17,27,0.674409,4889,6934,1763.176,2500.6877,0.46,True,fp16
TP-G_010_jpg.rf.5c8b394cdec2d68bae00b4eb6679ec08.jpg,FP,26,-1,0.0,0,205,0,73.9315,0.46,True,fp16
TP-G_010_jpg.rf.5c8b394cdec2d68bae00b4eb6679ec08.jpg,FP,27,-1,0.0,0,11926,0,4301.0098,0.46,True,fp16
TP-G_010_jpg.rf.5c8b394cdec2d68bae00b4eb6679ec08.jpg,FN,-1,2,0.0,44,0,15.8682,0,0.46,True,fp16
TP-G_010_jpg.rf.5c8b394cdec2d68bae00b4eb6679ec08.jpg,FN,-1,4,0.0,159,0,57.342,0,0.46,True,fp16
TP-G_010_jpg.rf.5c8b394cdec2d68bae00b4eb6679ec08.jpg,FN,-1,14,0.0,13298,0,4795.8098,0,0.46,True,fp16
TP-G_010_jpg.rf.5c8b394cdec2d68bae00b4eb6679ec08.jpg,FN,-1,15,0.0,128,0,46.1621,0,0.46,True,fp16
TP-G_010_jpg.rf.5c8b394cdec2d68bae00b4eb6679ec08.jpg,FN,-1,16,0.0,1063,0,383.3618,0,0.46,True,fp16
TP-G_010_jpg.rf.5c8b394cdec2d68bae00b4eb6679ec08.jpg,FN,-1,18,0.0,633,0,228.286,0,0.46,True,fp16
TP-G_010_jpg.rf.5c8b394cdec2d68bae00b4eb6679ec08.jpg,FN,-1,20,0.0,1272,0,458.7359,0,0.46,True,fp16
TP-G_010_jpg.rf.5c8b394cdec2d68bae00b4eb6679ec08.jpg,FN,-1,26,0.0,1923,0,693.5135,0,0.46,True,fp16
TP-G_010_jpg.rf.5c8b394cdec2d68bae00b4eb6679ec08.jpg,FN,-1,32,0.0,909,0,327.8231,0,0.46,True,fp16
TP-G_010_jpg.rf.5c8b394cdec2d68bae00b4eb6679ec08.jpg,FN,-1,35,0.0,8645,0,3117.7452,0,0.46,True,fp16
ZAINA-679-B_010_jpg.rf.4a3c6644c7fdcdc349eacebe9a97fbd7.jpg,TP,4,9,0.952688,9583,9774,3456.0269,3524.9094,0.46,True,fp16
ZAINA-679-B_010_jpg.rf.4a3c6644c7fdcdc349eacebe9a97fbd7.jpg,TP,16,13,0.948977,8960,9146,3231.3473,3298.4266,0.46,True,fp16
ZAINA-679-B_010_jpg.rf.4a3c6644c7fdcdc349eacebe9a97fbd7.jpg,TP,0,8,0.943947,7782,8067,2806.5117,2909.2944,0.46,True,fp16
ZAINA-679-B_010_jpg.rf.4a3c6644c7fdcdc349eacebe9a97fbd7.jpg,TP,5,22,0.941831,5585,5765,2014.1824,2079.0979,0.46,True,fp16
ZAINA-679-B_010_jpg.rf.4a3c6644c7fdcdc349eacebe9a97fbd7.jpg,TP,9,3,0.934172,5273,5334,1901.6623,1923.6615,0.46,True,fp16
ZAINA-679-B_010_jpg.rf.4a3c6644c7fdcdc349eacebe9a97fbd7.jpg,TP,14,36,0.931494,3095,3136,1116.1853,1130.9716,0.46,True,fp16
ZAINA-679-B_010_jpg.rf.4a3c6644c7fdcdc349eacebe9a97fbd7.jpg,TP,1,31,0.930437,4444,4575,1602.6905,1649.9346,0.46,True,fp16
ZAINA-679-B_010_jpg.rf.4a3c6644c7fdcdc349eacebe9a97fbd7.jpg,TP,6,34,0.930052,3297,3408,1189.0348,1229.066,0.46,True,fp16
ZAINA-679-B_010_jpg.rf.4a3c6644c7fdcdc349eacebe9a97fbd7.jpg,TP,23,1,0.928769,1418,1371,511.3896,494.4394,0.46,True,fp16
ZAINA-679-B_010_jpg.rf.4a3c6644c7fdcdc349eacebe9a97fbd7.jpg,TP,20,15,0.926238,3488,3589,1257.9174,1294.3421,0.46,True,fp16
ZAINA-679-B_010_jpg.rf.4a3c6644c7fdcdc349eacebe9a97fbd7.jpg,TP,18,25,0.926131,3959,4046,1427.7795,1459.1553,0.46,True,fp16
ZAINA-679-B_010_jpg.rf.4a3c6644c7fdcdc349eacebe9a97fbd7.jpg,TP,11,30,0.917989,2767,2916,997.8949,1051.6304,0.46,True,fp16
ZAINA-679-B_010_jpg.rf.4a3c6644c7fdcdc349eacebe9a97fbd7.jpg,TP,24,4,0.916916,2873,2895,1036.1228,1044.057,0.46,True,fp16
ZAINA-679-B_010_jpg.rf.4a3c6644c7fdcdc349eacebe9a97fbd7.jpg,TP,29,2,0.916321,7919,8272,2855.9196,2983.226,0.46,True,fp16
ZAINA-679-B_010_jpg.rf.4a3c6644c7fdcdc349eacebe9a97fbd7.jpg,TP,3,32,0.914145,4417,4501,1592.9532,1623.2471,0.46,True,fp16
ZAINA-679-B_010_jpg.rf.4a3c6644c7fdcdc349eacebe9a97fbd7.jpg,TP,21,17,0.90579,2773,2790,1000.0587,1006.1896,0.46,True,fp16
ZAINA-679-B_010_jpg.rf.4a3c6644c7fdcdc349eacebe9a97fbd7.jpg,TP,17,7,0.902671,3637,3772,1311.6529,1360.3395,0.46,True,fp16
ZAINA-679-B_010_jpg.rf.4a3c6644c7fdcdc349eacebe9a97fbd7.jpg,TP,8,14,0.897046,3111,3246,1121.9556,1170.6421,0.46,True,fp16
ZAINA-679-B_010_jpg.rf.4a3c6644c7fdcdc349eacebe9a97fbd7.jpg,TP,7,28,0.892635,2640,2525,952.0934,910.6196,0.46,True,fp16
ZAINA-679-B_010_jpg.rf.4a3c6644c7fdcdc349eacebe9a97fbd7.jpg,TP,12,10,0.887364,1952,2036,703.9721,734.266,0.46,True,fp16
ZAINA-679-B_010_jpg.rf.4a3c6644c7fdcdc349eacebe9a97fbd7.jpg,TP,28,5,0.886536,5640,6298,2034.0177,2271.3198,0.46,True,fp16
ZAINA-679-B_010_jpg.rf.4a3c6644c7fdcdc349eacebe9a97fbd7.jpg,TP,15,27,0.884568,3640,3968,1312.7348,1431.0252,0.46,True,fp16
ZAINA-679-B_010_jpg.rf.4a3c6644c7fdcdc349eacebe9a97fbd7.jpg,TP,13,29,0.879187,2460,2253,887.1779,812.5252,0.46,True,fp16
ZAINA-679-B_010_jpg.rf.4a3c6644c7fdcdc349eacebe9a97fbd7.jpg,TP,31,21,0.876843,9361,8972,3375.9645,3235.675,0.46,True,fp16
ZAINA-679-B_010_jpg.rf.4a3c6644c7fdcdc349eacebe9a97fbd7.jpg,TP,33,12,0.869187,2709,2878,976.9776,1037.9261,0.46,True,fp16
ZAINA-679-B_010_jpg.rf.4a3c6644c7fdcdc349eacebe9a97fbd7.jpg,TP,32,18,0.845422,6630,6168,2391.0528,2224.4364,0.46,True,fp16
ZAINA-679-B_010_jpg.rf.4a3c6644c7fdcdc349eacebe9a97fbd7.jpg,TP,26,26,0.843845,1718,1907,619.582,687.7432,0.46,True,fp16
ZAINA-679-B_010_jpg.rf.4a3c6644c7fdcdc349eacebe9a97fbd7.jpg,TP,30,0,0.839176,1671,1634,602.6318,589.2881,0.46,True,fp16
ZAINA-679-B_010_jpg.rf.4a3c6644c7fdcdc349eacebe9a97fbd7.jpg,TP,39,19,0.817181,1186,1289,427.7208,464.8668,0.46,True,fp16
ZAINA-679-B_010_jpg.rf.4a3c6644c7fdcdc349eacebe9a97fbd7.jpg,TP,19,6,0.753902,684,777,246.6787,280.2184,0.46,True,fp16
ZAINA-679-B_010_jpg.rf.4a3c6644c7fdcdc349eacebe9a97fbd7.jpg,TP,22,37,0.70145,18128,13798,6537.708,4976.1306,0.46,True,fp16
ZAINA-679-B_010_jpg.rf.4a3c6644c7fdcdc349eacebe9a97fbd7.jpg,TP,34,23,0.700319,10063,7520,3629.1348,2712.0236,0.46,True,fp16
ZAINA-679-B_010_jpg.rf.4a3c6644c7fdcdc349eacebe9a97fbd7.jpg,TP,2,33,0.586545,17971,11296,6481.0873,4073.8057,0.46,True,fp16
ZAINA-679-B_010_jpg.rf.4a3c6644c7fdcdc349eacebe9a97fbd7.jpg,TP,36,35,0.548149,7591,4579,2737.6292,1651.3772,0.46,True,fp16
ZAINA-679-B_010_jpg.rf.4a3c6644c7fdcdc349eacebe9a97fbd7.jpg,FP,10,-1,0.0,0,7153,0,2579.6682,0.46,True,fp16
ZAINA-679-B_010_jpg.rf.4a3c6644c7fdcdc349eacebe9a97fbd7.jpg,FP,25,-1,0.0,0,6810,0,2455.9682,0.46,True,fp16
ZAINA-679-B_010_jpg.rf.4a3c6644c7fdcdc349eacebe9a97fbd7.jpg,FP,27,-1,0.0,0,3371,0,1215.7223,0.46,True,fp16
ZAINA-679-B_010_jpg.rf.4a3c6644c7fdcdc349eacebe9a97fbd7.jpg,FP,35,-1,0.0,0,1620,0,584.2391,0.46,True,fp16
ZAINA-679-B_010_jpg.rf.4a3c6644c7fdcdc349eacebe9a97fbd7.jpg,FP,37,-1,0.0,0,4649,0,1676.622,0.46,True,fp16
ZAINA-679-B_010_jpg.rf.4a3c6644c7fdcdc349eacebe9a97fbd7.jpg,FP,38,-1,0.0,0,1547,0,557.9123,0.46,True,fp16
ZAINA-679-B_010_jpg.rf.4a3c6644c7fdcdc349eacebe9a97fbd7.jpg,FP,40,-1,0.0,0,4593,0,1656.4261,0.46,True,fp16
ZAINA-679-B_010_jpg.rf.4a3c6644c7fdcdc349eacebe9a97fbd7.jpg,FN,-1,11,0.0,8531,0,3076.6321,0,0.46,True,fp16
ZAINA-679-B_010_jpg.rf.4a3c6644c7fdcdc349eacebe9a97fbd7.jpg,FN,-1,16,0.0,712,0,256.7767,0,0.46,True,fp16
ZAINA-679-B_010_jpg.rf.4a3c6644c7fdcdc349eacebe9a97fbd7.jpg,FN,-1,20,0.0,439,0,158.3216,0,0.46,True,fp16
ZAINA-679-B_010_jpg.rf.4a3c6644c7fdcdc349eacebe9a97fbd7.jpg,FN,-1,24,0.0,3429,0,1236.6395,0,0.46,True,fp16
ZAINA-679-B_011_jpg.rf.27d46a055eff6f5810ec4c5c9429b994.jpg,TP,5,14,0.965485,24971,24970,9005.5773,9005.2167,0.46,True,fp16
ZAINA-679-B_011_jpg.rf.27d46a055eff6f5810ec4c5c9429b994.jpg,TP,8,4,0.963931,21375,21476,7708.7107,7745.1355,0.46,True,fp16
ZAINA-679-B_011_jpg.rf.27d46a055eff6f5810ec4c5c9429b994.jpg,TP,12,12,0.954786,25351,25579,9142.6211,9224.8474,0.46,True,fp16
ZAINA-679-B_011_jpg.rf.27d46a055eff6f5810ec4c5c9429b994.jpg,TP,16,9,0.95428,15798,16004,5697.4135,5771.7056,0.46,True,fp16
ZAINA-679-B_011_jpg.rf.27d46a055eff6f5810ec4c5c9429b994.jpg,TP,6,15,0.947767,6714,6934,2421.3466,2500.6877,0.46,True,fp16
ZAINA-679-B_011_jpg.rf.27d46a055eff6f5810ec4c5c9429b994.jpg,TP,7,11,0.945432,10145,10319,3658.7074,3721.459,0.46,True,fp16
ZAINA-679-B_011_jpg.rf.27d46a055eff6f5810ec4c5c9429b994.jpg,TP,10,13,0.939708,20474,20642,7383.7728,7444.3606,0.46,True,fp16
ZAINA-679-B_011_jpg.rf.27d46a055eff6f5810ec4c5c9429b994.jpg,TP,3,6,0.939495,8892,9155,3206.8236,3301.6724,0.46,True,fp16
ZAINA-679-B_011_jpg.rf.27d46a055eff6f5810ec4c5c9429b994.jpg,TP,1,18,0.937118,9412,9595,3394.3572,3460.3546,0.46,True,fp16
ZAINA-679-B_011_jpg.rf.27d46a055eff6f5810ec4c5c9429b994.jpg,TP,11,0,0.935838,3919,4016,1413.3538,1448.336,0.46,True,fp16
ZAINA-679-B_011_jpg.rf.27d46a055eff6f5810ec4c5c9429b994.jpg,TP,9,5,0.933145,4069,4143,1467.45,1494.1375,0.46,True,fp16
ZAINA-679-B_011_jpg.rf.27d46a055eff6f5810ec4c5c9429b994.jpg,TP,15,19,0.931096,12866,13142,4640.0127,4739.5498,0.46,True,fp16
ZAINA-679-B_011_jpg.rf.27d46a055eff6f5810ec4c5c9429b994.jpg,TP,21,2,0.929448,11166,11150,4026.9223,4021.152,0.46,True,fp16
ZAINA-679-B_011_jpg.rf.27d46a055eff6f5810ec4c5c9429b994.jpg,TP,4,16,0.926024,2504,2573,903.0461,927.9304,0.46,True,fp16
ZAINA-679-B_011_jpg.rf.27d46a055eff6f5810ec4c5c9429b994.jpg,TP,13,10,0.9148,2789,2852,1005.829,1028.5494,0.46,True,fp16
ZAINA-679-B_011_jpg.rf.27d46a055eff6f5810ec4c5c9429b994.jpg,TP,2,17,0.914186,3800,3851,1370.4374,1388.8302,0.46,True,fp16
ZAINA-679-B_011_jpg.rf.27d46a055eff6f5810ec4c5c9429b994.jpg,TP,0,8,0.908303,2582,2704,931.1762,975.1744,0.46,True,fp16
ZAINA-679-B_011_jpg.rf.27d46a055eff6f5810ec4c5c9429b994.jpg,TP,17,7,0.894836,2491,2536,898.3578,914.5867,0.46,True,fp16
ZAINA-679-B_011_jpg.rf.27d46a055eff6f5810ec4c5c9429b994.jpg,TP,14,1,0.880327,1584,1637,571.256,590.37,0.46,True,fp16
ZAINA-679-B_011_jpg.rf.27d46a055eff6f5810ec4c5c9429b994.jpg,TP,18,21,0.86895,31917,30605,11510.5928,11037.4312,0.46,True,fp16
ZAINA-679-B_011_jpg.rf.27d46a055eff6f5810ec4c5c9429b994.jpg,TP,20,23,0.841322,527,587,190.0581,211.6966,0.46,True,fp16
ZAINA-679-B_011_jpg.rf.27d46a055eff6f5810ec4c5c9429b994.jpg,TP,19,20,0.799345,1736,2111,626.0736,761.3141,0.46,True,fp16
ZAINA-679-B_011_jpg.rf.27d46a055eff6f5810ec4c5c9429b994.jpg,FP,22,-1,0.0,0,4831,0,1742.2588,0.46,True,fp16
ZAINA-679-B_011_jpg.rf.27d46a055eff6f5810ec4c5c9429b994.jpg,FN,-1,3,0.0,281,0,101.3402,0,0.46,True,fp16
ZAINA-679-B_011_jpg.rf.27d46a055eff6f5810ec4c5c9429b994.jpg,FN,-1,22,0.0,393,0,141.7321,0,0.46,True,fp16
ZAZA-B_008_jpg.rf.92ad451b5359143319a46e599a0239d1.jpg,TP,0,7,0.956644,14519,14635,5236.1531,5277.9874,0.46,True,fp16
ZAZA-B_008_jpg.rf.92ad451b5359143319a46e599a0239d1.jpg,TP,5,20,0.941308,9889,10089,3566.3832,3638.5115,0.46,True,fp16
ZAZA-B_008_jpg.rf.92ad451b5359143319a46e599a0239d1.jpg,TP,9,27,0.935275,19713,20413,7109.3247,7361.7737,0.46,True,fp16
ZAZA-B_008_jpg.rf.92ad451b5359143319a46e599a0239d1.jpg,TP,4,19,0.932922,11678,12124,4211.5707,4372.4168,0.46,True,fp16
ZAZA-B_008_jpg.rf.92ad451b5359143319a46e599a0239d1.jpg,TP,1,18,0.927986,3268,3318,1178.5762,1196.6083,0.46,True,fp16
ZAZA-B_008_jpg.rf.92ad451b5359143319a46e599a0239d1.jpg,TP,21,8,0.919319,14563,15221,5252.0213,5489.3233,0.46,True,fp16
ZAZA-B_008_jpg.rf.92ad451b5359143319a46e599a0239d1.jpg,TP,3,6,0.918843,7945,8369,2865.2963,3018.2082,0.46,True,fp16
ZAZA-B_008_jpg.rf.92ad451b5359143319a46e599a0239d1.jpg,TP,14,0,0.907605,7557,7845,2725.3674,2829.2321,0.46,True,fp16
ZAZA-B_008_jpg.rf.92ad451b5359143319a46e599a0239d1.jpg,TP,18,25,0.906535,37600,36711,13560.1181,13239.5079,0.46,True,fp16
ZAZA-B_008_jpg.rf.92ad451b5359143319a46e599a0239d1.jpg,TP,10,11,0.899468,3165,3259,1141.4301,1175.3304,0.46,True,fp16
ZAZA-B_008_jpg.rf.92ad451b5359143319a46e599a0239d1.jpg,TP,2,9,0.877693,2485,2658,896.194,958.5849,0.46,True,fp16
ZAZA-B_008_jpg.rf.92ad451b5359143319a46e599a0239d1.jpg,TP,8,15,0.859375,1893,1796,682.6942,647.712,0.46,True,fp16
ZAZA-B_008_jpg.rf.92ad451b5359143319a46e599a0239d1.jpg,TP,7,3,0.854029,1783,1875,643.0237,676.2027,0.46,True,fp16
ZAZA-B_008_jpg.rf.92ad451b5359143319a46e599a0239d1.jpg,TP,6,17,0.840327,19872,21309,7166.6666,7684.9084,0.46,True,fp16
ZAZA-B_008_jpg.rf.92ad451b5359143319a46e599a0239d1.jpg,TP,11,1,0.735516,327,362,117.9298,130.5522,0.46,True,fp16
ZAZA-B_008_jpg.rf.92ad451b5359143319a46e599a0239d1.jpg,FP,12,-1,0.0,0,6602,0,2380.9548,0.46,True,fp16
ZAZA-B_008_jpg.rf.92ad451b5359143319a46e599a0239d1.jpg,FP,13,-1,0.0,0,754,0,271.9236,0.46,True,fp16
ZAZA-B_008_jpg.rf.92ad451b5359143319a46e599a0239d1.jpg,FP,15,-1,0.0,0,10239,0,3692.6077,0.46,True,fp16
ZAZA-B_008_jpg.rf.92ad451b5359143319a46e599a0239d1.jpg,FP,16,-1,0.0,0,17131,0,6178.1485,0.46,True,fp16
ZAZA-B_008_jpg.rf.92ad451b5359143319a46e599a0239d1.jpg,FP,17,-1,0.0,0,28026,0,10107.337,0.46,True,fp16
ZAZA-B_008_jpg.rf.92ad451b5359143319a46e599a0239d1.jpg,FP,19,-1,0.0,0,8321,0,3000.8974,0.46,True,fp16
ZAZA-B_008_jpg.rf.92ad451b5359143319a46e599a0239d1.jpg,FP,20,-1,0.0,0,17999,0,6491.1853,0.46,True,fp16
ZAZA-B_008_jpg.rf.92ad451b5359143319a46e599a0239d1.jpg,FN,-1,2,0.0,2347,0,846.4255,0,0.46,True,fp16
ZAZA-B_008_jpg.rf.92ad451b5359143319a46e599a0239d1.jpg,FN,-1,4,0.0,88,0,31.7365,0,0.46,True,fp16
ZAZA-B_008_jpg.rf.92ad451b5359143319a46e599a0239d1.jpg,FN,-1,5,0.0,4728,0,1705.1127,0,0.46,True,fp16
ZAZA-B_008_jpg.rf.92ad451b5359143319a46e599a0239d1.jpg,FN,-1,10,0.0,982,0,354.1499,0,0.46,True,fp16
ZAZA-B_008_jpg.rf.92ad451b5359143319a46e599a0239d1.jpg,FN,-1,12,0.0,4583,0,1652.8197,0,0.46,True,fp16
ZAZA-B_008_jpg.rf.92ad451b5359143319a46e599a0239d1.jpg,FN,-1,13,0.0,5633,0,2031.4932,0,0.46,True,fp16
ZAZA-B_008_jpg.rf.92ad451b5359143319a46e599a0239d1.jpg,FN,-1,14,0.0,6269,0,2260.8612,0,0.46,True,fp16
ZAZA-B_008_jpg.rf.92ad451b5359143319a46e599a0239d1.jpg,FN,-1,16,0.0,354,0,127.6671,0,0.46,True,fp16
ZAZA-B_008_jpg.rf.92ad451b5359143319a46e599a0239d1.jpg,FN,-1,21,0.0,4316,0,1556.5284,0,0.46,True,fp16
ZAZA-B_008_jpg.rf.92ad451b5359143319a46e599a0239d1.jpg,FN,-1,22,0.0,8443,0,3044.8957,0,0.46,True,fp16
ZAZA-B_008_jpg.rf.92ad451b5359143319a46e599a0239d1.jpg,FN,-1,23,0.0,90,0,32.4577,0,0.46,True,fp16
ZAZA-B_008_jpg.rf.92ad451b5359143319a46e599a0239d1.jpg,FN,-1,24,0.0,59,0,21.2778,0,0.46,True,fp16
ZAZA-B_008_jpg.rf.92ad451b5359143319a46e599a0239d1.jpg,FN,-1,26,0.0,3207,0,1156.5771,0,0.46,True,fp16
ZAZA-D_004_jpg.rf.02ed2d595bd7bc4d5f40bda7d3f8e5d2.jpg,TP,0,1,0.953266,10499,10733,3786.3745,3870.7646,0.46,True,fp16
ZAZA-D_004_jpg.rf.02ed2d595bd7bc4d5f40bda7d3f8e5d2.jpg,TP,12,5,0.946579,2695,2625,971.9287,946.6838,0.46,True,fp16
ZAZA-D_004_jpg.rf.02ed2d595bd7bc4d5f40bda7d3f8e5d2.jpg,TP,1,11,0.93937,6213,5974,2240.6652,2154.4719,0.46,True,fp16
ZAZA-D_004_jpg.rf.02ed2d595bd7bc4d5f40bda7d3f8e5d2.jpg,TP,4,8,0.932851,4938,4676,1780.8474,1686.3593,0.46,True,fp16
ZAZA-D_004_jpg.rf.02ed2d595bd7bc4d5f40bda7d3f8e5d2.jpg,TP,9,4,0.930975,10577,10544,3814.5045,3802.6033,0.46,True,fp16
ZAZA-D_004_jpg.rf.02ed2d595bd7bc4d5f40bda7d3f8e5d2.jpg,TP,15,27,0.923563,7685,7238,2771.5295,2610.3227,0.46,True,fp16
ZAZA-D_004_jpg.rf.02ed2d595bd7bc4d5f40bda7d3f8e5d2.jpg,TP,8,6,0.923475,1872,1848,675.1208,666.4654,0.46,True,fp16
ZAZA-D_004_jpg.rf.02ed2d595bd7bc4d5f40bda7d3f8e5d2.jpg,TP,3,9,0.923016,2493,2328,899.0791,839.5733,0.46,True,fp16
ZAZA-D_004_jpg.rf.02ed2d595bd7bc4d5f40bda7d3f8e5d2.jpg,TP,17,17,0.923011,11451,11154,4129.7051,4022.5946,0.46,True,fp16
ZAZA-D_004_jpg.rf.02ed2d595bd7bc4d5f40bda7d3f8e5d2.jpg,TP,7,0,0.914769,4575,4591,1649.9346,1655.7048,0.46,True,fp16
ZAZA-D_004_jpg.rf.02ed2d595bd7bc4d5f40bda7d3f8e5d2.jpg,TP,13,21,0.909792,3883,3548,1400.3707,1279.5559,0.46,True,fp16
ZAZA-D_004_jpg.rf.02ed2d595bd7bc4d5f40bda7d3f8e5d2.jpg,TP,19,3,0.907796,1268,1277,457.2933,460.5391,0.46,True,fp16
ZAZA-D_004_jpg.rf.02ed2d595bd7bc4d5f40bda7d3f8e5d2.jpg,TP,2,26,0.90482,8059,7471,2906.4093,2694.3522,0.46,True,fp16
ZAZA-D_004_jpg.rf.02ed2d595bd7bc4d5f40bda7d3f8e5d2.jpg,TP,16,15,0.902074,8059,7441,2906.4093,2683.5329,0.46,True,fp16
ZAZA-D_004_jpg.rf.02ed2d595bd7bc4d5f40bda7d3f8e5d2.jpg,TP,29,2,0.900489,12158,11925,4384.6786,4300.6492,0.46,True,fp16
ZAZA-D_004_jpg.rf.02ed2d595bd7bc4d5f40bda7d3f8e5d2.jpg,TP,14,18,0.893633,3925,3570,1415.5177,1287.4899,0.46,True,fp16
ZAZA-D_004_jpg.rf.02ed2d595bd7bc4d5f40bda7d3f8e5d2.jpg,TP,20,30,0.893369,6638,6182,2393.9379,2229.4854,0.46,True,fp16
ZAZA-D_004_jpg.rf.02ed2d595bd7bc4d5f40bda7d3f8e5d2.jpg,TP,18,28,0.892587,8572,7920,3091.4184,2856.2802,0.46,True,fp16
ZAZA-D_004_jpg.rf.02ed2d595bd7bc4d5f40bda7d3f8e5d2.jpg,TP,10,14,0.889442,2763,2552,996.4523,920.357,0.46,True,fp16
ZAZA-D_004_jpg.rf.02ed2d595bd7bc4d5f40bda7d3f8e5d2.jpg,TP,6,13,0.888712,3689,3422,1330.4062,1234.115,0.46,True,fp16
ZAZA-D_004_jpg.rf.02ed2d595bd7bc4d5f40bda7d3f8e5d2.jpg,TP,5,16,0.884139,2331,2076,840.6552,748.6916,0.46,True,fp16
ZAZA-D_004_jpg.rf.02ed2d595bd7bc4d5f40bda7d3f8e5d2.jpg,TP,11,20,0.873964,5751,5326,2074.0489,1920.7763,0.46,True,fp16
ZAZA-D_004_jpg.rf.02ed2d595bd7bc4d5f40bda7d3f8e5d2.jpg,TP,25,23,0.839511,2713,2399,978.4202,865.1788,0.46,True,fp16
ZAZA-D_004_jpg.rf.02ed2d595bd7bc4d5f40bda7d3f8e5d2.jpg,TP,28,19,0.833866,307,267,110.7169,96.2913,0.46,True,fp16
ZAZA-D_004_jpg.rf.02ed2d595bd7bc4d5f40bda7d3f8e5d2.jpg,TP,21,29,0.804393,1457,1172,525.4545,422.6718,0.46,True,fp16
ZAZA-D_004_jpg.rf.02ed2d595bd7bc4d5f40bda7d3f8e5d2.jpg,TP,23,31,0.794147,991,787,357.3957,283.8248,0.46,True,fp16
ZAZA-D_004_jpg.rf.02ed2d595bd7bc4d5f40bda7d3f8e5d2.jpg,TP,22,25,0.779101,7574,8413,2731.4983,3034.0764,0.46,True,fp16
ZAZA-D_004_jpg.rf.02ed2d595bd7bc4d5f40bda7d3f8e5d2.jpg,TP,24,34,0.71269,974,713,351.2648,257.1374,0.46,True,fp16
ZAZA-D_004_jpg.rf.02ed2d595bd7bc4d5f40bda7d3f8e5d2.jpg,TP,27,32,0.589423,7451,11754,2687.1393,4238.9795,0.46,True,fp16
ZAZA-D_004_jpg.rf.02ed2d595bd7bc4d5f40bda7d3f8e5d2.jpg,FP,26,-1,0.0,0,2455,0,885.3747,0.46,True,fp16
ZAZA-D_004_jpg.rf.02ed2d595bd7bc4d5f40bda7d3f8e5d2.jpg,FN,-1,7,0.0,886,0,319.5283,0,0.46,True,fp16
ZAZA-D_004_jpg.rf.02ed2d595bd7bc4d5f40bda7d3f8e5d2.jpg,FN,-1,10,0.0,38,0,13.7044,0,0.46,True,fp16
ZAZA-D_004_jpg.rf.02ed2d595bd7bc4d5f40bda7d3f8e5d2.jpg,FN,-1,12,0.0,1218,0,439.2613,0,0.46,True,fp16
ZAZA-D_004_jpg.rf.02ed2d595bd7bc4d5f40bda7d3f8e5d2.jpg,FN,-1,22,0.0,1273,0,459.0966,0,0.46,True,fp16
ZAZA-D_004_jpg.rf.02ed2d595bd7bc4d5f40bda7d3f8e5d2.jpg,FN,-1,24,0.0,831,0,299.693,0,0.46,True,fp16
ZAZA-D_004_jpg.rf.02ed2d595bd7bc4d5f40bda7d3f8e5d2.jpg,FN,-1,33,0.0,4467,0,1610.9853,0,0.46,True,fp16
ZAZA-G_010_jpg.rf.cd14098445a0a54c10014aaa7d8f975c.jpg,TP,6,11,0.954058,5116,5092,1845.0416,1836.3862,0.46,True,fp16
ZAZA-G_010_jpg.rf.cd14098445a0a54c10014aaa7d8f975c.jpg,TP,12,7,0.952802,4196,4203,1513.2515,1515.7759,0.46,True,fp16
ZAZA-G_010_jpg.rf.cd14098445a0a54c10014aaa7d8f975c.jpg,TP,18,16,0.938037,1629,1530,587.4849,551.7814,0.46,True,fp16
ZAZA-G_010_jpg.rf.cd14098445a0a54c10014aaa7d8f975c.jpg,TP,23,8,0.93752,11902,12069,4292.3544,4352.5815,0.46,True,fp16
ZAZA-G_010_jpg.rf.cd14098445a0a54c10014aaa7d8f975c.jpg,TP,16,24,0.932054,5704,5670,2057.0988,2044.837,0.46,True,fp16
ZAZA-G_010_jpg.rf.cd14098445a0a54c10014aaa7d8f975c.jpg,TP,2,15,0.929879,3742,3744,1349.5202,1350.2416,0.46,True,fp16
ZAZA-G_010_jpg.rf.cd14098445a0a54c10014aaa7d8f975c.jpg,TP,7,5,0.927252,8319,8371,3000.1761,3018.9295,0.46,True,fp16
ZAZA-G_010_jpg.rf.cd14098445a0a54c10014aaa7d8f975c.jpg,TP,17,25,0.924565,3423,3440,1234.4756,1240.6065,0.46,True,fp16
ZAZA-G_010_jpg.rf.cd14098445a0a54c10014aaa7d8f975c.jpg,TP,3,12,0.923581,6474,6137,2334.7927,2213.2565,0.46,True,fp16
ZAZA-G_010_jpg.rf.cd14098445a0a54c10014aaa7d8f975c.jpg,TP,10,27,0.922727,2339,2314,843.5403,834.5243,0.46,True,fp16
ZAZA-G_010_jpg.rf.cd14098445a0a54c10014aaa7d8f975c.jpg,TP,1,14,0.921986,4590,4353,1655.3442,1569.8722,0.46,True,fp16
ZAZA-G_010_jpg.rf.cd14098445a0a54c10014aaa7d8f975c.jpg,TP,13,6,0.919953,4175,4052,1505.678,1461.3191,0.46,True,fp16
ZAZA-G_010_jpg.rf.cd14098445a0a54c10014aaa7d8f975c.jpg,TP,4,3,0.919651,5429,5561,1957.9224,2005.527,0.46,True,fp16
ZAZA-G_010_jpg.rf.cd14098445a0a54c10014aaa7d8f975c.jpg,TP,9,1,0.919498,5623,5393,2027.8868,1944.9393,0.46,True,fp16
ZAZA-G_010_jpg.rf.cd14098445a0a54c10014aaa7d8f975c.jpg,TP,11,0,0.919146,3302,3083,1190.838,1111.8576,0.46,True,fp16
ZAZA-G_010_jpg.rf.cd14098445a0a54c10014aaa7d8f975c.jpg,TP,21,9,0.91724,7426,7632,2678.1233,2752.4155,0.46,True,fp16
ZAZA-G_010_jpg.rf.cd14098445a0a54c10014aaa7d8f975c.jpg,TP,5,10,0.915319,4020,4032,1449.7786,1454.1062,0.46,True,fp16
ZAZA-G_010_jpg.rf.cd14098445a0a54c10014aaa7d8f975c.jpg,TP,0,2,0.915298,3728,3734,1344.4713,1346.6351,0.46,True,fp16
ZAZA-G_010_jpg.rf.cd14098445a0a54c10014aaa7d8f975c.jpg,TP,14,4,0.912614,5099,4772,1838.9107,1720.9809,0.46,True,fp16
ZAZA-G_010_jpg.rf.cd14098445a0a54c10014aaa7d8f975c.jpg,TP,8,23,0.911701,5252,5335,1894.0888,1924.0221,0.46,True,fp16
ZAZA-G_010_jpg.rf.cd14098445a0a54c10014aaa7d8f975c.jpg,TP,15,13,0.910349,4747,4778,1711.9649,1723.1448,0.46,True,fp16
ZAZA-G_010_jpg.rf.cd14098445a0a54c10014aaa7d8f975c.jpg,TP,19,28,0.910252,2808,2875,1012.6812,1036.8441,0.46,True,fp16
ZAZA-G_010_jpg.rf.cd14098445a0a54c10014aaa7d8f975c.jpg,TP,24,26,0.903256,2070,2022,746.5278,729.217,0.46,True,fp16
ZAZA-G_010_jpg.rf.cd14098445a0a54c10014aaa7d8f975c.jpg,TP,25,22,0.903249,1385,1251,499.4884,451.1624,0.46,True,fp16
ZAZA-G_010_jpg.rf.cd14098445a0a54c10014aaa7d8f975c.jpg,TP,22,21,0.897187,1964,1948,708.2998,702.5295,0.46,True,fp16
ZAZA-G_010_jpg.rf.cd14098445a0a54c10014aaa7d8f975c.jpg,TP,20,17,0.892934,925,843,333.5933,304.0208,0.46,True,fp16
ZAZA-G_010_jpg.rf.cd14098445a0a54c10014aaa7d8f975c.jpg,FN,-1,18,0.0,157,0,56.6207,0,0.46,True,fp16
ZAZA-G_010_jpg.rf.cd14098445a0a54c10014aaa7d8f975c.jpg,FN,-1,19,0.0,74,0,26.6874,0,0.46,True,fp16
ZAZA-G_010_jpg.rf.cd14098445a0a54c10014aaa7d8f975c.jpg,FN,-1,20,0.0,28,0,10.098,0,0.46,True,fp16
ZAZA-G_012_jpg.rf.b65fca463e4411032a599acd7494f06d.jpg,TP,5,23,0.939242,6815,6686,2457.7714,2411.2486,0.46,True,fp16
ZAZA-G_012_jpg.rf.b65fca463e4411032a599acd7494f06d.jpg,TP,3,31,0.938568,2957,2944,1066.4168,1061.7284,0.46,True,fp16
ZAZA-G_012_jpg.rf.b65fca463e4411032a599acd7494f06d.jpg,TP,16,19,0.938079,2578,2649,929.7337,955.3392,0.46,True,fp16
ZAZA-G_012_jpg.rf.b65fca463e4411032a599acd7494f06d.jpg,TP,6,15,0.937666,1824,1813,657.81,653.8429,0.46,True,fp16
ZAZA-G_012_jpg.rf.b65fca463e4411032a599acd7494f06d.jpg,TP,18,18,0.936049,6625,6635,2389.2495,2392.8559,0.46,True,fp16
ZAZA-G_012_jpg.rf.b65fca463e4411032a599acd7494f06d.jpg,TP,8,16,0.931298,3177,3148,1145.7579,1135.2992,0.46,True,fp16
ZAZA-G_012_jpg.rf.b65fca463e4411032a599acd7494f06d.jpg,TP,4,27,0.93003,5401,5467,1947.8244,1971.6267,0.46,True,fp16
ZAZA-G_012_jpg.rf.b65fca463e4411032a599acd7494f06d.jpg,TP,0,22,0.928673,6770,6831,2441.5425,2463.5416,0.46,True,fp16
ZAZA-G_012_jpg.rf.b65fca463e4411032a599acd7494f06d.jpg,TP,14,32,0.926796,7756,7589,2797.135,2736.9079,0.46,True,fp16
ZAZA-G_012_jpg.rf.b65fca463e4411032a599acd7494f06d.jpg,TP,2,24,0.926185,4100,4146,1478.6299,1495.2194,0.46,True,fp16
ZAZA-G_012_jpg.rf.b65fca463e4411032a599acd7494f06d.jpg,TP,13,10,0.92069,8569,8456,3090.3365,3049.584,0.46,True,fp16
ZAZA-G_012_jpg.rf.b65fca463e4411032a599acd7494f06d.jpg,TP,15,7,0.917538,4903,5003,1768.225,1804.2891,0.46,True,fp16
ZAZA-G_012_jpg.rf.b65fca463e4411032a599acd7494f06d.jpg,TP,10,13,0.915343,4857,4668,1751.6354,1683.4742,0.46,True,fp16
ZAZA-G_012_jpg.rf.b65fca463e4411032a599acd7494f06d.jpg,TP,12,20,0.911331,4570,4505,1648.1314,1624.6897,0.46,True,fp16
ZAZA-G_012_jpg.rf.b65fca463e4411032a599acd7494f06d.jpg,TP,27,34,0.90895,15321,15436,5525.3875,5566.8612,0.46,True,fp16
ZAZA-G_012_jpg.rf.b65fca463e4411032a599acd7494f06d.jpg,TP,21,9,0.898893,5756,5738,2075.8521,2069.3606,0.46,True,fp16
ZAZA-G_012_jpg.rf.b65fca463e4411032a599acd7494f06d.jpg,TP,7,21,0.898512,2877,2866,1037.5654,1033.5983,0.46,True,fp16
ZAZA-G_012_jpg.rf.b65fca463e4411032a599acd7494f06d.jpg,TP,11,28,0.898257,3694,3713,1332.2095,1339.0617,0.46,True,fp16
ZAZA-G_012_jpg.rf.b65fca463e4411032a599acd7494f06d.jpg,TP,9,11,0.891829,13173,13778,4750.7297,4968.9177,0.46,True,fp16
ZAZA-G_012_jpg.rf.b65fca463e4411032a599acd7494f06d.jpg,TP,23,2,0.89113,6805,6883,2454.165,2482.295,0.46,True,fp16
ZAZA-G_012_jpg.rf.b65fca463e4411032a599acd7494f06d.jpg,TP,1,26,0.88924,3386,3198,1221.1319,1153.3313,0.46,True,fp16
ZAZA-G_012_jpg.rf.b65fca463e4411032a599acd7494f06d.jpg,TP,17,25,0.864198,1274,1293,459.4572,466.3093,0.46,True,fp16
ZAZA-G_012_jpg.rf.b65fca463e4411032a599acd7494f06d.jpg,TP,24,8,0.864104,3658,3763,1319.2264,1357.0938,0.46,True,fp16
ZAZA-G_012_jpg.rf.b65fca463e4411032a599acd7494f06d.jpg,TP,20,1,0.863514,665,714,239.8266,257.498,0.46,True,fp16
ZAZA-G_012_jpg.rf.b65fca463e4411032a599acd7494f06d.jpg,TP,22,0,0.825179,4280,4375,1543.5453,1577.8063,0.46,True,fp16
ZAZA-G_012_jpg.rf.b65fca463e4411032a599acd7494f06d.jpg,TP,19,29,0.817875,532,546,191.8612,196.9102,0.46,True,fp16
ZAZA-G_012_jpg.rf.b65fca463e4411032a599acd7494f06d.jpg,TP,29,14,0.771429,811,863,292.4802,311.2336,0.46,True,fp16
ZAZA-G_012_jpg.rf.b65fca463e4411032a599acd7494f06d.jpg,TP,30,12,0.668823,11864,16249,4278.65,5860.0627,0.46,True,fp16
ZAZA-G_012_jpg.rf.b65fca463e4411032a599acd7494f06d.jpg,FP,25,-1,0.0,0,8537,0,3078.796,0.46,True,fp16
ZAZA-G_012_jpg.rf.b65fca463e4411032a599acd7494f06d.jpg,FP,26,-1,0.0,0,6726,0,2425.6743,0.46,True,fp16
ZAZA-G_012_jpg.rf.b65fca463e4411032a599acd7494f06d.jpg,FP,28,-1,0.0,0,4186,0,1509.645,0.46,True,fp16
ZAZA-G_012_jpg.rf.b65fca463e4411032a599acd7494f06d.jpg,FN,-1,3,0.0,25,0,9.016,0,0.46,True,fp16
ZAZA-G_012_jpg.rf.b65fca463e4411032a599acd7494f06d.jpg,FN,-1,4,0.0,30,0,10.8192,0,0.46,True,fp16
ZAZA-G_012_jpg.rf.b65fca463e4411032a599acd7494f06d.jpg,FN,-1,5,0.0,2492,0,898.7185,0,0.46,True,fp16
ZAZA-G_012_jpg.rf.b65fca463e4411032a599acd7494f06d.jpg,FN,-1,6,0.0,7018,0,2530.9816,0,0.46,True,fp16
ZAZA-G_012_jpg.rf.b65fca463e4411032a599acd7494f06d.jpg,FN,-1,17,0.0,116,0,41.8344,0,0.46,True,fp16
ZAZA-G_012_jpg.rf.b65fca463e4411032a599acd7494f06d.jpg,FN,-1,30,0.0,16,0,5.7702,0,0.46,True,fp16
ZAZA-G_012_jpg.rf.b65fca463e4411032a599acd7494f06d.jpg,FN,-1,33,0.0,1135,0,409.3281,0,0.46,True,fp16
