Image,Match_Type,AI_Index,GT_Index,IoU,GT_Area_px,AI_Area_px,GT_Area_um2,AI_Area_um2,Conf,Half_Mode,Tag
ROSILHA-M-B_003_jpg.rf.863a24cebe30a134937348de5cbcaa87.jpg,TP,2,8,0.942796,11645,12129,4199.6696,4374.22,0.46,False,baseline
ROSILHA-M-B_003_jpg.rf.863a24cebe30a134937348de5cbcaa87.jpg,TP,10,0,0.934322,13076,13136,4715.7475,4737.3859,0.46,False,baseline
ROSILHA-M-B_003_jpg.rf.863a24cebe30a134937348de5cbcaa87.jpg,TP,3,5,0.931149,16242,16771,5857.5382,6048.3176,0.46,False,baseline
ROSILHA-M-B_003_jpg.rf.863a24cebe30a134937348de5cbcaa87.jpg,TP,12,16,0.929371,7047,7267,2541.4402,2620.7813,0.46,False,baseline
ROSILHA-M-B_003_jpg.rf.863a24cebe30a134937348de5cbcaa87.jpg,TP,1,9,0.915615,5363,5715,1934.12,2061.0658,0.46,False,baseline
ROSILHA-M-B_003_jpg.rf.863a24cebe30a134937348de5cbcaa87.jpg,TP,0,19,0.899746,34119,32431,12304.7253,11695.9625,0.46,False,baseline
ROSILHA-M-B_003_jpg.rf.863a24cebe30a134937348de5cbcaa87.jpg,TP,7,12,0.898861,4943,5064,1782.6506,1826.2882,0.46,False,baseline
ROSILHA-M-B_003_jpg.rf.863a24cebe30a134937348de5cbcaa87.jpg,TP,4,15,0.893303,1621,1715,584.5998,618.5,0.46,False,baseline
ROSILHA-M-B_003_jpg.rf.863a24cebe30a134937348de5cbcaa87.jpg,TP,17,11,0.892991,27873,29708,10052.1588,10713.9359,0.46,False,baseline
ROSILHA-M-B_003_jpg.rf.863a24cebe30a134937348de5cbcaa87.jpg,TP,5,1,0.887464,2822,3065,1017.7301,1105.366,0.46,False,baseline
ROSILHA-M-B_003_jpg.rf.863a24cebe30a134937348de5cbcaa87.jpg,TP,6,10,0.878534,3976,4329,1433.9104,1561.2168,0.46,False,baseline
ROSILHA-M-B_003_jpg.rf.863a24cebe30a134937348de5cbcaa87.jpg,TP,15,18,0.862997,5112,5889,1843.5991,2123.8174,0.46,False,baseline
ROSILHA-M-B_003_jpg.rf.863a24cebe30a134937348de5cbcaa87.jpg,TP,14,17,0.840208,15095,13857,5443.8825,4997.4084,0.46,False,baseline
ROSILHA-M-B_003_jpg.rf.863a24cebe30a134937348de5cbcaa87.jpg,TP,8,6,0.821133,15321,13065,5525.3875,4711.7804,0.46,False,baseline
ROSILHA-M-B_003_jpg.rf.863a24cebe30a134937348de5cbcaa87.jpg,TP,13,7,0.782689,887,1049,319.889,378.3129,0.46,False,baseline
ROSILHA-M-B_003_jpg.rf.863a24cebe30a134937348de5cbcaa87.jpg,TP,16,13,0.667544,2117,2949,763.4779,1063.5316,0.46,False,baseline
ROSILHA-M-B_003_jpg.rf.863a24cebe30a134937348de5cbcaa87.jpg,FP,9,-1,0.0,0,3155,0,1137.8237,0.46,False,baseline
ROSILHA-M-B_003_jpg.rf.863a24cebe30a134937348de5cbcaa87.jpg,FP,11,-1,0.0,0,2222,0,801.3453,0.46,False,baseline
ROSILHA-M-B_003_jpg.rf.863a24cebe30a134937348de5cbcaa87.jpg,FP,18,-1,0.0,0,13315,0,4801.9407,0.46,False,baseline
ROSILHA-M-B_003_jpg.rf.863a24cebe30a134937348de5cbcaa87.jpg,FP,19,-1,0.0,0,3507,0,1264.7695,0.46,False,baseline
ROSILHA-M-B_003_jpg.rf.863a24cebe30a134937348de5cbcaa87.jpg,FN,-1,2,0.0,7715,0,2782.3487,0,0.46,False,baseline
ROSILHA-M-B_003_jpg.rf.863a24cebe30a134937348de5cbcaa87.jpg,FN,-1,3,0.0,5602,0,2020.3133,0,0.46,False,baseline
ROSILHA-M-B_003_jpg.rf.863a24cebe30a134937348de5cbcaa87.jpg,FN,-1,4,0.0,3825,0,1379.4535,0,0.46,False,baseline
ROSILHA-M-B_003_jpg.rf.863a24cebe30a134937348de5cbcaa87.jpg,FN,-1,14,0.0,616,0,222.1551,0,0.46,False,baseline
ROSILHA-M-B_009_jpg.rf.d2aa8881a0b4f54b4bdb89392b953e71.jpg,TP,2,24,0.94491,2432,2440,877.08,879.9651,0.46,False,baseline
ROSILHA-M-B_009_jpg.rf.d2aa8881a0b4f54b4bdb89392b953e71.jpg,TP,19,35,0.937287,9352,9399,3372.7188,3389.6689,0.46,False,baseline
ROSILHA-M-B_009_jpg.rf.d2aa8881a0b4f54b4bdb89392b953e71.jpg,TP,3,38,0.93493,2954,3023,1065.3348,1090.2191,0.46,False,baseline
ROSILHA-M-B_009_jpg.rf.d2aa8881a0b4f54b4bdb89392b953e71.jpg,TP,1,17,0.934472,9951,10094,3588.743,3640.3147,0.46,False,baseline
ROSILHA-M-B_009_jpg.rf.d2aa8881a0b4f54b4bdb89392b953e71.jpg,TP,14,1,0.933737,4694,4878,1692.8509,1759.209,0.46,False,baseline
ROSILHA-M-B_009_jpg.rf.d2aa8881a0b4f54b4bdb89392b953e71.jpg,TP,0,21,0.926465,5017,5174,1809.3381,1865.9588,0.46,False,baseline
ROSILHA-M-B_009_jpg.rf.d2aa8881a0b4f54b4bdb89392b953e71.jpg,TP,41,12,0.925065,2974,2986,1072.5477,1076.8753,0.46,False,baseline
ROSILHA-M-B_009_jpg.rf.d2aa8881a0b4f54b4bdb89392b953e71.jpg,TP,9,37,0.921668,2839,2828,1023.861,1019.894,0.46,False,baseline
ROSILHA-M-B_009_jpg.rf.d2aa8881a0b4f54b4bdb89392b953e71.jpg,TP,11,0,0.921451,4401,4601,1587.1829,1659.3113,0.46,False,baseline
ROSILHA-M-B_009_jpg.rf.d2aa8881a0b4f54b4bdb89392b953e71.jpg,TP,7,23,0.918394,6477,6758,2335.8746,2437.2149,0.46,False,baseline
ROSILHA-M-B_009_jpg.rf.d2aa8881a0b4f54b4bdb89392b953e71.jpg,TP,15,14,0.917731,1829,1924,659.6132,693.8741,0.46,False,baseline
ROSILHA-M-B_009_jpg.rf.d2aa8881a0b4f54b4bdb89392b953e71.jpg,TP,17,6,0.915333,3990,4267,1438.9593,1538.857,0.46,False,baseline
ROSILHA-M-B_009_jpg.rf.d2aa8881a0b4f54b4bdb89392b953e71.jpg,TP,10,32,0.915246,3993,3984,1440.0413,1436.7955,0.46,False,baseline
ROSILHA-M-B_009_jpg.rf.d2aa8881a0b4f54b4bdb89392b953e71.jpg,TP,31,26,0.905329,6976,7253,2515.8347,2615.7323,0.46,False,baseline
ROSILHA-M-B_009_jpg.rf.d2aa8881a0b4f54b4bdb89392b953e71.jpg,TP,24,43,0.903742,3013,2940,1086.6126,1060.2858,0.46,False,baseline
ROSILHA-M-B_009_jpg.rf.d2aa8881a0b4f54b4bdb89392b953e71.jpg,TP,6,28,0.902564,4227,4306,1524.4314,1552.922,0.46,False,baseline
ROSILHA-M-B_009_jpg.rf.d2aa8881a0b4f54b4bdb89392b953e71.jpg,TP,40,10,0.902482,5404,5326,1948.9063,1920.7763,0.46,False,baseline
ROSILHA-M-B_009_jpg.rf.d2aa8881a0b4f54b4bdb89392b953e71.jpg,TP,5,33,0.901136,3553,3812,1281.359,1374.7652,0.46,False,baseline
ROSILHA-M-B_009_jpg.rf.d2aa8881a0b4f54b4bdb89392b953e71.jpg,TP,18,34,0.899214,3460,3550,1247.8194,1280.2771,0.46,False,baseline
ROSILHA-M-B_009_jpg.rf.d2aa8881a0b4f54b4bdb89392b953e71.jpg,TP,16,5,0.894109,2397,2522,864.4575,909.5377,0.46,False,baseline
ROSILHA-M-B_009_jpg.rf.d2aa8881a0b4f54b4bdb89392b953e71.jpg,TP,34,39,0.892043,2198,2201,792.6899,793.7718,0.46,False,baseline
ROSILHA-M-B_009_jpg.rf.d2aa8881a0b4f54b4bdb89392b953e71.jpg,TP,23,7,0.890305,3076,3300,1109.3331,1190.1168,0.46,False,baseline
ROSILHA-M-B_009_jpg.rf.d2aa8881a0b4f54b4bdb89392b953e71.jpg,TP,28,8,0.889959,7137,7187,2573.898,2591.93,0.46,False,baseline
ROSILHA-M-B_009_jpg.rf.d2aa8881a0b4f54b4bdb89392b953e71.jpg,TP,4,36,0.887461,2059,2201,742.5607,793.7718,0.46,False,baseline
ROSILHA-M-B_009_jpg.rf.d2aa8881a0b4f54b4bdb89392b953e71.jpg,TP,20,2,0.88111,2107,2165,759.8715,780.7887,0.46,False,baseline
ROSILHA-M-B_009_jpg.rf.d2aa8881a0b4f54b4bdb89392b953e71.jpg,TP,8,11,0.869269,1949,2169,702.8902,782.2312,0.46,False,baseline
ROSILHA-M-B_009_jpg.rf.d2aa8881a0b4f54b4bdb89392b953e71.jpg,TP,22,29,0.864751,1310,1351,472.4403,487.2266,0.46,False,baseline
ROSILHA-M-B_009_jpg.rf.d2aa8881a0b4f54b4bdb89392b953e71.jpg,TP,13,20,0.862824,2108,2061,760.2321,743.282,0.46,False,baseline
ROSILHA-M-B_009_jpg.rf.d2aa8881a0b4f54b4bdb89392b953e71.jpg,TP,12,19,0.858403,2028,2185,731.3809,788.0015,0.46,False,baseline
ROSILHA-M-B_009_jpg.rf.d2aa8881a0b4f54b4bdb89392b953e71.jpg,TP,21,22,0.85392,2614,2399,942.7167,865.1788,0.46,False,baseline
ROSILHA-M-B_009_jpg.rf.d2aa8881a0b4f54b4bdb89392b953e71.jpg,TP,37,27,0.849686,13200,14192,4760.467,5118.2233,0.46,False,baseline
ROSILHA-M-B_009_jpg.rf.d2aa8881a0b4f54b4bdb89392b953e71.jpg,TP,27,15,0.83387,2682,3014,967.2404,1086.9733,0.46,False,baseline
ROSILHA-M-B_009_jpg.rf.d2aa8881a0b4f54b4bdb89392b953e71.jpg,TP,25,30,0.830655,2272,2398,819.3773,864.8182,0.46,False,baseline
ROSILHA-M-B_009_jpg.rf.d2aa8881a0b4f54b4bdb89392b953e71.jpg,TP,35,31,0.819188,452,534,163.0099,192.5825,0.46,False,baseline
ROSILHA-M-B_009_jpg.rf.d2aa8881a0b4f54b4bdb89392b953e71.jpg,TP,36,3,0.790929,775,844,279.4971,304.3814,0.46,False,baseline
ROSILHA-M-B_009_jpg.rf.d2aa8881a0b4f54b4bdb89392b953e71.jpg,TP,26,4,0.789298,1024,1116,369.2969,402.4758,0.46,False,baseline
ROSILHA-M-B_009_jpg.rf.d2aa8881a0b4f54b4bdb89392b953e71.jpg,TP,32,25,0.755474,274,207,98.8157,74.6528,0.46,False,baseline
ROSILHA-M-B_009_jpg.rf.d2aa8881a0b4f54b4bdb89392b953e71.jpg,TP,33,18,0.680672,228,172,82.2262,62.0303,0.46,False,baseline
ROSILHA-M-B_009_jpg.rf.d2aa8881a0b4f54b4bdb89392b953e71.jpg,TP,29,42,0.507155,13153,24660,4743.5168,8893.4179,0.46,False,baseline
ROSILHA-M-B_009_jpg.rf.d2aa8881a0b4f54b4bdb89392b953e71.jpg,FP,30,-1,0.0,0,1957,0,705.7753,0.46,False,baseline
ROSILHA-M-B_009_jpg.rf.d2aa8881a0b4f54b4bdb89392b953e71.jpg,FP,38,-1,0.0,0,258,0,93.0455,0.46,False,baseline
ROSILHA-M-B_009_jpg.rf.d2aa8881a0b4f54b4bdb89392b953e71.jpg,FP,39,-1,0.0,0,8630,0,3112.3356,0.46,False,baseline
ROSILHA-M-B_009_jpg.rf.d2aa8881a0b4f54b4bdb89392b953e71.jpg,FN,-1,9,0.0,3025,0,1090.9404,0,0.46,False,baseline
ROSILHA-M-B_009_jpg.rf.d2aa8881a0b4f54b4bdb89392b953e71.jpg,FN,-1,13,0.0,2823,0,1018.0908,0,0.46,False,baseline
ROSILHA-M-B_009_jpg.rf.d2aa8881a0b4f54b4bdb89392b953e71.jpg,FN,-1,16,0.0,11219,0,4046.0363,0,0.46,False,baseline
ROSILHA-M-B_009_jpg.rf.d2aa8881a0b4f54b4bdb89392b953e71.jpg,FN,-1,40,0.0,3631,0,1309.4891,0,0.46,False,baseline
ROSILHA-M-B_009_jpg.rf.d2aa8881a0b4f54b4bdb89392b953e71.jpg,FN,-1,41,0.0,4386,0,1581.7733,0,0.46,False,baseline
ROSILHA-M-D_006_jpg.rf.de71085683e9c7eb460be0f184fb31ac.jpg,TP,7,22,0.968198,1959,1940,706.4966,699.6444,0.46,False,baseline
ROSILHA-M-D_006_jpg.rf.de71085683e9c7eb460be0f184fb31ac.jpg,TP,0,13,0.933621,3309,3420,1193.3625,1233.3938,0.46,False,baseline
ROSILHA-M-D_006_jpg.rf.de71085683e9c7eb460be0f184fb31ac.jpg,TP,11,25,0.933378,2847,2957,1026.7461,1066.4168,0.46,False,baseline
ROSILHA-M-D_006_jpg.rf.de71085683e9c7eb460be0f184fb31ac.jpg,TP,9,19,0.931291,5361,5545,1933.3988,1999.7568,0.46,False,baseline
ROSILHA-M-D_006_jpg.rf.de71085683e9c7eb460be0f184fb31ac.jpg,TP,1,2,0.930018,10513,11026,3791.4234,3976.4325,0.46,False,baseline
ROSILHA-M-D_006_jpg.rf.de71085683e9c7eb460be0f184fb31ac.jpg,TP,4,15,0.929838,7557,7791,2725.3674,2809.7575,0.46,False,baseline
ROSILHA-M-D_006_jpg.rf.de71085683e9c7eb460be0f184fb31ac.jpg,TP,25,5,0.928571,2820,2958,1017.0089,1066.7774,0.46,False,baseline
ROSILHA-M-D_006_jpg.rf.de71085683e9c7eb460be0f184fb31ac.jpg,TP,21,21,0.927944,8625,8285,3110.5324,2987.9143,0.46,False,baseline
ROSILHA-M-D_006_jpg.rf.de71085683e9c7eb460be0f184fb31ac.jpg,TP,31,8,0.926757,4118,4300,1485.1214,1550.7582,0.46,False,baseline
ROSILHA-M-D_006_jpg.rf.de71085683e9c7eb460be0f184fb31ac.jpg,TP,2,14,0.925752,2632,2685,949.2082,968.3222,0.46,False,baseline
ROSILHA-M-D_006_jpg.rf.de71085683e9c7eb460be0f184fb31ac.jpg,TP,24,20,0.924693,9845,10218,3550.5149,3685.0342,0.46,False,baseline
ROSILHA-M-D_006_jpg.rf.de71085683e9c7eb460be0f184fb31ac.jpg,TP,3,18,0.920739,2995,3136,1080.1211,1130.9716,0.46,False,baseline
ROSILHA-M-D_006_jpg.rf.de71085683e9c7eb460be0f184fb31ac.jpg,TP,5,7,0.918902,3104,3190,1119.431,1150.4462,0.46,False,baseline
ROSILHA-M-D_006_jpg.rf.de71085683e9c7eb460be0f184fb31ac.jpg,TP,6,10,0.912325,4860,5086,1752.7174,1834.2224,0.46,False,baseline
ROSILHA-M-D_006_jpg.rf.de71085683e9c7eb460be0f184fb31ac.jpg,TP,36,9,0.909178,2980,3011,1074.7115,1085.8913,0.46,False,baseline
ROSILHA-M-D_006_jpg.rf.de71085683e9c7eb460be0f184fb31ac.jpg,TP,33,11,0.901013,5027,5478,1812.9445,1975.5938,0.46,False,baseline
ROSILHA-M-D_006_jpg.rf.de71085683e9c7eb460be0f184fb31ac.jpg,TP,20,26,0.899897,2652,2890,956.4211,1042.2537,0.46,False,baseline
ROSILHA-M-D_006_jpg.rf.de71085683e9c7eb460be0f184fb31ac.jpg,TP,17,17,0.888415,5117,5511,1845.4022,1987.495,0.46,False,baseline
ROSILHA-M-D_006_jpg.rf.de71085683e9c7eb460be0f184fb31ac.jpg,TP,15,29,0.882615,1234,1300,445.0315,468.8339,0.46,False,baseline
ROSILHA-M-D_006_jpg.rf.de71085683e9c7eb460be0f184fb31ac.jpg,TP,16,3,0.873939,1493,1599,538.4377,576.6657,0.46,False,baseline
ROSILHA-M-D_006_jpg.rf.de71085683e9c7eb460be0f184fb31ac.jpg,TP,10,27,0.871882,2163,2264,780.0674,816.4922,0.46,False,baseline
ROSILHA-M-D_006_jpg.rf.de71085683e9c7eb460be0f184fb31ac.jpg,TP,13,0,0.870694,6002,6541,2164.5699,2358.9556,0.46,False,baseline
ROSILHA-M-D_006_jpg.rf.de71085683e9c7eb460be0f184fb31ac.jpg,TP,12,6,0.868704,2154,2372,776.8216,855.4415,0.46,False,baseline
ROSILHA-M-D_006_jpg.rf.de71085683e9c7eb460be0f184fb31ac.jpg,TP,18,28,0.86413,1333,1411,480.7351,508.8651,0.46,False,baseline
ROSILHA-M-D_006_jpg.rf.de71085683e9c7eb460be0f184fb31ac.jpg,TP,19,16,0.834207,1430,1369,515.7172,493.7181,0.46,False,baseline
ROSILHA-M-D_006_jpg.rf.de71085683e9c7eb460be0f184fb31ac.jpg,TP,8,1,0.819197,17287,14971,6234.4085,5399.163,0.46,False,baseline
ROSILHA-M-D_006_jpg.rf.de71085683e9c7eb460be0f184fb31ac.jpg,TP,14,36,0.802606,1309,1458,472.0797,525.8152,0.46,False,baseline
ROSILHA-M-D_006_jpg.rf.de71085683e9c7eb460be0f184fb31ac.jpg,TP,26,30,0.751351,150,174,54.0962,62.7516,0.46,False,baseline
ROSILHA-M-D_006_jpg.rf.de71085683e9c7eb460be0f184fb31ac.jpg,TP,28,37,0.706294,116,128,41.8344,46.1621,0.46,False,baseline
ROSILHA-M-D_006_jpg.rf.de71085683e9c7eb460be0f184fb31ac.jpg,TP,29,23,0.688442,172,164,62.0303,59.1452,0.46,False,baseline
ROSILHA-M-D_006_jpg.rf.de71085683e9c7eb460be0f184fb31ac.jpg,TP,37,34,0.672727,317,327,114.3233,117.9298,0.46,False,baseline
ROSILHA-M-D_006_jpg.rf.de71085683e9c7eb460be0f184fb31ac.jpg,TP,32,24,0.645691,3546,2469,1278.8345,890.4237,0.46,False,baseline
ROSILHA-M-D_006_jpg.rf.de71085683e9c7eb460be0f184fb31ac.jpg,TP,22,38,0.625724,1179,1627,425.1963,586.7636,0.46,False,baseline
ROSILHA-M-D_006_jpg.rf.de71085683e9c7eb460be0f184fb31ac.jpg,FP,23,-1,0.0,0,174,0,62.7516,0.46,False,baseline
ROSILHA-M-D_006_jpg.rf.de71085683e9c7eb460be0f184fb31ac.jpg,FP,27,-1,0.0,0,15465,0,5577.3199,0.46,False,baseline
ROSILHA-M-D_006_jpg.rf.de71085683e9c7eb460be0f184fb31ac.jpg,FP,30,-1,0.0,0,232,0,83.6688,0.46,False,baseline
ROSILHA-M-D_006_jpg.rf.de71085683e9c7eb460be0f184fb31ac.jpg,FP,34,-1,0.0,0,4919,0,1773.9952,0.46,False,baseline
ROSILHA-M-D_006_jpg.rf.de71085683e9c7eb460be0f184fb31ac.jpg,FP,35,-1,0.0,0,142,0,51.2111,0.46,False,baseline
ROSILHA-M-D_006_jpg.rf.de71085683e9c7eb460be0f184fb31ac.jpg,FP,38,-1,0.0,0,909,0,327.8231,0.46,False,baseline
ROSILHA-M-D_006_jpg.rf.de71085683e9c7eb460be0f184fb31ac.jpg,FN,-1,4,0.0,2867,0,1033.959,0,0.46,False,baseline
ROSILHA-M-D_006_jpg.rf.de71085683e9c7eb460be0f184fb31ac.jpg,FN,-1,12,0.0,3722,0,1342.3074,0,0.46,False,baseline
ROSILHA-M-D_006_jpg.rf.de71085683e9c7eb460be0f184fb31ac.jpg,FN,-1,31,0.0,200,0,72.1283,0,0.46,False,baseline
ROSILHA-M-D_006_jpg.rf.de71085683e9c7eb460be0f184fb31ac.jpg,FN,-1,32,0.0,30,0,10.8192,0,0.46,False,baseline
ROSILHA-M-D_006_jpg.rf.de71085683e9c7eb460be0f184fb31ac.jpg,FN,-1,33,0.0,312,0,112.5202,0,0.46,False,baseline
ROSILHA-M-D_006_jpg.rf.de71085683e9c7eb460be0f184fb31ac.jpg,FN,-1,35,0.0,33,0,11.9012,0,0.46,False,baseline
ROSILHA-M-D_009_jpg.rf.b52035c8fe5fd87e1eed76dc4bbe6a14.jpg,TP,7,16,0.964361,13442,13511,4847.7422,4872.6265,0.46,False,baseline
ROSILHA-M-D_009_jpg.rf.b52035c8fe5fd87e1eed76dc4bbe6a14.jpg,TP,3,9,0.962277,14003,13983,5050.0621,5042.8492,0.46,False,baseline
ROSILHA-M-D_009_jpg.rf.b52035c8fe5fd87e1eed76dc4bbe6a14.jpg,TP,11,5,0.956366,20371,20564,7346.6267,7416.2306,0.46,False,baseline
ROSILHA-M-D_009_jpg.rf.b52035c8fe5fd87e1eed76dc4bbe6a14.jpg,TP,1,11,0.956287,12548,12782,4525.3287,4609.7189,0.46,False,baseline
ROSILHA-M-D_009_jpg.rf.b52035c8fe5fd87e1eed76dc4bbe6a14.jpg,TP,10,8,0.955347,3327,3329,1199.8541,1200.5753,0.46,False,baseline
ROSILHA-M-D_009_jpg.rf.b52035c8fe5fd87e1eed76dc4bbe6a14.jpg,TP,5,20,0.955053,17036,17109,6143.8876,6170.2144,0.46,False,baseline
ROSILHA-M-D_009_jpg.rf.b52035c8fe5fd87e1eed76dc4bbe6a14.jpg,TP,21,3,0.949311,14231,14188,5132.2883,5116.7807,0.46,False,baseline
ROSILHA-M-D_009_jpg.rf.b52035c8fe5fd87e1eed76dc4bbe6a14.jpg,TP,13,18,0.947407,7944,7830,2864.9356,2823.8225,0.46,False,baseline
ROSILHA-M-D_009_jpg.rf.b52035c8fe5fd87e1eed76dc4bbe6a14.jpg,TP,15,23,0.940567,32761,31301,11814.9742,11288.4377,0.46,False,baseline
ROSILHA-M-D_009_jpg.rf.b52035c8fe5fd87e1eed76dc4bbe6a14.jpg,TP,2,10,0.938464,5127,5174,1849.0087,1865.9588,0.46,False,baseline
ROSILHA-M-D_009_jpg.rf.b52035c8fe5fd87e1eed76dc4bbe6a14.jpg,TP,0,19,0.937707,7271,7380,2622.2239,2661.5338,0.46,False,baseline
ROSILHA-M-D_009_jpg.rf.b52035c8fe5fd87e1eed76dc4bbe6a14.jpg,TP,12,13,0.936435,3378,3324,1218.2468,1198.7722,0.46,False,baseline
ROSILHA-M-D_009_jpg.rf.b52035c8fe5fd87e1eed76dc4bbe6a14.jpg,TP,9,12,0.936384,8550,8587,3083.4843,3096.8281,0.46,False,baseline
ROSILHA-M-D_009_jpg.rf.b52035c8fe5fd87e1eed76dc4bbe6a14.jpg,TP,8,4,0.93225,5639,5541,2033.6571,1998.3142,0.46,False,baseline
ROSILHA-M-D_009_jpg.rf.b52035c8fe5fd87e1eed76dc4bbe6a14.jpg,TP,17,0,0.930927,6498,6557,2343.4481,2364.7259,0.46,False,baseline
ROSILHA-M-D_009_jpg.rf.b52035c8fe5fd87e1eed76dc4bbe6a14.jpg,TP,19,22,0.928808,3240,3154,1168.4783,1137.4631,0.46,False,baseline
ROSILHA-M-D_009_jpg.rf.b52035c8fe5fd87e1eed76dc4bbe6a14.jpg,TP,6,6,0.927613,2050,1971,739.3149,710.8243,0.46,False,baseline
ROSILHA-M-D_009_jpg.rf.b52035c8fe5fd87e1eed76dc4bbe6a14.jpg,TP,16,1,0.906298,3754,3753,1353.848,1353.4873,0.46,False,baseline
ROSILHA-M-D_009_jpg.rf.b52035c8fe5fd87e1eed76dc4bbe6a14.jpg,TP,18,25,0.897382,3548,3626,1279.5559,1307.6859,0.46,False,baseline
ROSILHA-M-D_009_jpg.rf.b52035c8fe5fd87e1eed76dc4bbe6a14.jpg,TP,14,24,0.891988,2117,2157,763.4779,777.9036,0.46,False,baseline
ROSILHA-M-D_009_jpg.rf.b52035c8fe5fd87e1eed76dc4bbe6a14.jpg,TP,4,7,0.890557,2841,2825,1024.5823,1018.8121,0.46,False,baseline
ROSILHA-M-D_009_jpg.rf.b52035c8fe5fd87e1eed76dc4bbe6a14.jpg,TP,20,17,0.85614,268,261,96.6519,94.1274,0.46,False,baseline
ROSILHA-M-D_009_jpg.rf.b52035c8fe5fd87e1eed76dc4bbe6a14.jpg,TP,23,14,0.851116,2191,2372,790.1654,855.4415,0.46,False,baseline
ROSILHA-M-D_009_jpg.rf.b52035c8fe5fd87e1eed76dc4bbe6a14.jpg,TP,22,2,0.850034,2637,2828,951.0115,1019.894,0.46,False,baseline
ROSILHA-M-D_009_jpg.rf.b52035c8fe5fd87e1eed76dc4bbe6a14.jpg,TP,24,15,0.774648,186,192,67.0793,69.2432,0.46,False,baseline
ROSILHA-M-D_009_jpg.rf.b52035c8fe5fd87e1eed76dc4bbe6a14.jpg,FN,-1,21,0.0,4411,0,1590.7894,0,0.46,False,baseline
ROSILHA-M-G_001_jpg.rf.3dab74a9f6c203f6aca8afc07a353bd2.jpg,TP,2,10,0.952853,6925,6868,2497.4419,2476.8854,0.46,False,baseline
ROSILHA-M-G_001_jpg.rf.3dab74a9f6c203f6aca8afc07a353bd2.jpg,TP,0,8,0.943308,5388,5444,1943.136,1963.332,0.46,False,baseline
ROSILHA-M-G_001_jpg.rf.3dab74a9f6c203f6aca8afc07a353bd2.jpg,TP,4,9,0.941678,6107,6411,2202.4373,2312.0722,0.46,False,baseline
ROSILHA-M-G_001_jpg.rf.3dab74a9f6c203f6aca8afc07a353bd2.jpg,TP,17,14,0.939978,7963,7939,2871.7878,2863.1324,0.46,False,baseline
ROSILHA-M-G_001_jpg.rf.3dab74a9f6c203f6aca8afc07a353bd2.jpg,TP,7,6,0.923702,6132,6172,2211.4533,2225.8789,0.46,False,baseline
ROSILHA-M-G_001_jpg.rf.3dab74a9f6c203f6aca8afc07a353bd2.jpg,TP,9,7,0.914817,2656,2694,957.8637,971.568,0.46,False,baseline
ROSILHA-M-G_001_jpg.rf.3dab74a9f6c203f6aca8afc07a353bd2.jpg,TP,11,4,0.912817,5004,4891,1804.6497,1763.8972,0.46,False,baseline
ROSILHA-M-G_001_jpg.rf.3dab74a9f6c203f6aca8afc07a353bd2.jpg,TP,3,13,0.91084,3995,4149,1440.7626,1496.3014,0.46,False,baseline
ROSILHA-M-G_001_jpg.rf.3dab74a9f6c203f6aca8afc07a353bd2.jpg,TP,1,0,0.907934,3156,3289,1138.1843,1186.1497,0.46,False,baseline
ROSILHA-M-G_001_jpg.rf.3dab74a9f6c203f6aca8afc07a353bd2.jpg,TP,5,11,0.906593,2209,2302,796.657,830.1966,0.46,False,baseline
ROSILHA-M-G_001_jpg.rf.3dab74a9f6c203f6aca8afc07a353bd2.jpg,TP,8,3,0.900724,6119,6479,2206.7649,2336.5958,0.46,False,baseline
ROSILHA-M-G_001_jpg.rf.3dab74a9f6c203f6aca8afc07a353bd2.jpg,TP,6,5,0.892788,2876,2950,1037.2048,1063.8922,0.46,False,baseline
ROSILHA-M-G_001_jpg.rf.3dab74a9f6c203f6aca8afc07a353bd2.jpg,TP,10,12,0.874464,1483,1578,534.8312,569.0922,0.46,False,baseline
ROSILHA-M-G_001_jpg.rf.3dab74a9f6c203f6aca8afc07a353bd2.jpg,TP,12,1,0.869325,1507,1540,543.4866,555.3879,0.46,False,baseline
ROSILHA-M-G_001_jpg.rf.3dab74a9f6c203f6aca8afc07a353bd2.jpg,TP,13,17,0.807095,451,364,162.6493,131.2735,0.46,False,baseline
ROSILHA-M-G_001_jpg.rf.3dab74a9f6c203f6aca8afc07a353bd2.jpg,TP,14,16,0.794632,830,708,299.3324,255.3341,0.46,False,baseline
ROSILHA-M-G_001_jpg.rf.3dab74a9f6c203f6aca8afc07a353bd2.jpg,TP,19,15,0.743189,2738,2061,987.4363,743.282,0.46,False,baseline
ROSILHA-M-G_001_jpg.rf.3dab74a9f6c203f6aca8afc07a353bd2.jpg,TP,16,2,0.711684,559,569,201.5986,205.205,0.46,False,baseline
ROSILHA-M-G_001_jpg.rf.3dab74a9f6c203f6aca8afc07a353bd2.jpg,FP,15,-1,0.0,0,230,0,82.9475,0.46,False,baseline
ROSILHA-M-G_001_jpg.rf.3dab74a9f6c203f6aca8afc07a353bd2.jpg,FP,18,-1,0.0,0,5503,0,1984.6098,0.46,False,baseline
ROSILHA-M-G_005_jpg.rf.afae2fb85329c0fe56679d51ca1c64fd.jpg,TP,10,11,0.938329,23056,22958,8314.949,8279.6062,0.46,False,baseline
ROSILHA-M-G_005_jpg.rf.afae2fb85329c0fe56679d51ca1c64fd.jpg,TP,0,2,0.920315,6501,6440,2344.53,2322.5309,0.46,False,baseline
ROSILHA-M-G_005_jpg.rf.afae2fb85329c0fe56679d51ca1c64fd.jpg,TP,6,10,0.918728,7305,7663,2634.4857,2763.5953,0.46,False,baseline
ROSILHA-M-G_005_jpg.rf.afae2fb85329c0fe56679d51ca1c64fd.jpg,TP,1,0,0.904943,718,785,258.9405,283.1035,0.46,False,baseline
ROSILHA-M-G_005_jpg.rf.afae2fb85329c0fe56679d51ca1c64fd.jpg,TP,7,7,0.903407,5044,5124,1819.0754,1847.9267,0.46,False,baseline
ROSILHA-M-G_005_jpg.rf.afae2fb85329c0fe56679d51ca1c64fd.jpg,TP,3,1,0.881726,14291,15540,5153.9268,5604.368,0.46,False,baseline
ROSILHA-M-G_005_jpg.rf.afae2fb85329c0fe56679d51ca1c64fd.jpg,TP,8,3,0.857843,194,185,69.9644,66.7187,0.46,False,baseline
ROSILHA-M-G_005_jpg.rf.afae2fb85329c0fe56679d51ca1c64fd.jpg,TP,9,9,0.832776,8005,8446,2886.9347,3045.9776,0.46,False,baseline
ROSILHA-M-G_005_jpg.rf.afae2fb85329c0fe56679d51ca1c64fd.jpg,TP,4,4,0.827848,36652,41048,13218.23,14803.6098,0.46,False,baseline
ROSILHA-M-G_005_jpg.rf.afae2fb85329c0fe56679d51ca1c64fd.jpg,TP,2,6,0.727564,22146,29059,7986.7653,10479.8795,0.46,False,baseline
ROSILHA-M-G_005_jpg.rf.afae2fb85329c0fe56679d51ca1c64fd.jpg,FP,5,-1,0.0,0,211,0,76.0953,0.46,False,baseline
ROSILHA-M-G_005_jpg.rf.afae2fb85329c0fe56679d51ca1c64fd.jpg,FP,11,-1,0.0,0,173,0,62.391,0.46,False,baseline
ROSILHA-M-G_005_jpg.rf.afae2fb85329c0fe56679d51ca1c64fd.jpg,FP,12,-1,0.0,0,65291,0,23546.6402,0.46,False,baseline
ROSILHA-M-G_005_jpg.rf.afae2fb85329c0fe56679d51ca1c64fd.jpg,FN,-1,5,0.0,14099,0,5084.6837,0,0.46,False,baseline
ROSILHA-M-G_005_jpg.rf.afae2fb85329c0fe56679d51ca1c64fd.jpg,FN,-1,8,0.0,14572,0,5255.2671,0,0.46,False,baseline
ROSILHA-M-G_005_jpg.rf.afae2fb85329c0fe56679d51ca1c64fd.jpg,FN,-1,12,0.0,6834,0,2464.6236,0,0.46,False,baseline
ROSILHA-M-G_017_jpg.rf.85fc7b8a7b63a2cbb64907a1c82d5d51.jpg,TP,0,16,0.9474,4793,4870,1728.5544,1756.3238,0.46,False,baseline
ROSILHA-M-G_017_jpg.rf.85fc7b8a7b63a2cbb64907a1c82d5d51.jpg,TP,1,14,0.939137,3628,3700,1308.4071,1334.3733,0.46,False,baseline
ROSILHA-M-G_017_jpg.rf.85fc7b8a7b63a2cbb64907a1c82d5d51.jpg,TP,16,12,0.935118,4162,4368,1500.9896,1575.2818,0.46,False,baseline
ROSILHA-M-G_017_jpg.rf.85fc7b8a7b63a2cbb64907a1c82d5d51.jpg,TP,6,1,0.929452,5049,5125,1820.8786,1848.2874,0.46,False,baseline
ROSILHA-M-G_017_jpg.rf.85fc7b8a7b63a2cbb64907a1c82d5d51.jpg,TP,7,2,0.921339,6749,7027,2433.9691,2534.2274,0.46,False,baseline
ROSILHA-M-G_017_jpg.rf.85fc7b8a7b63a2cbb64907a1c82d5d51.jpg,TP,2,9,0.920643,5666,5806,2043.3944,2093.8842,0.46,False,baseline
ROSILHA-M-G_017_jpg.rf.85fc7b8a7b63a2cbb64907a1c82d5d51.jpg,TP,9,7,0.916459,2635,2756,950.2902,993.9278,0.46,False,baseline
ROSILHA-M-G_017_jpg.rf.85fc7b8a7b63a2cbb64907a1c82d5d51.jpg,TP,5,10,0.907731,1860,1965,670.793,708.6604,0.46,False,baseline
ROSILHA-M-G_017_jpg.rf.85fc7b8a7b63a2cbb64907a1c82d5d51.jpg,TP,3,0,0.90417,2501,2705,901.9643,975.5351,0.46,False,baseline
ROSILHA-M-G_017_jpg.rf.85fc7b8a7b63a2cbb64907a1c82d5d51.jpg,TP,10,15,0.903948,1578,1653,569.0922,596.1403,0.46,False,baseline
ROSILHA-M-G_017_jpg.rf.85fc7b8a7b63a2cbb64907a1c82d5d51.jpg,TP,4,8,0.90302,2770,2901,998.9767,1046.2208,0.46,False,baseline
ROSILHA-M-G_017_jpg.rf.85fc7b8a7b63a2cbb64907a1c82d5d51.jpg,TP,8,6,0.89611,1859,1992,670.4324,718.3977,0.46,False,baseline
ROSILHA-M-G_017_jpg.rf.85fc7b8a7b63a2cbb64907a1c82d5d51.jpg,TP,14,3,0.887976,2118,2247,763.8385,810.3613,0.46,False,baseline
ROSILHA-M-G_017_jpg.rf.85fc7b8a7b63a2cbb64907a1c82d5d51.jpg,TP,12,4,0.88559,3495,3427,1260.4418,1235.9182,0.46,False,baseline
ROSILHA-M-G_017_jpg.rf.85fc7b8a7b63a2cbb64907a1c82d5d51.jpg,TP,11,5,0.776445,766,863,276.2514,311.2336,0.46,False,baseline
ROSILHA-M-G_017_jpg.rf.85fc7b8a7b63a2cbb64907a1c82d5d51.jpg,FP,13,-1,0.0,0,218,0,78.6199,0.46,False,baseline
ROSILHA-M-G_017_jpg.rf.85fc7b8a7b63a2cbb64907a1c82d5d51.jpg,FP,15,-1,0.0,0,499,0,179.9601,0.46,False,baseline
ROSILHA-M-G_017_jpg.rf.85fc7b8a7b63a2cbb64907a1c82d5d51.jpg,FN,-1,11,0.0,7031,0,2535.67,0,0.46,False,baseline
ROSILHA-M-G_017_jpg.rf.85fc7b8a7b63a2cbb64907a1c82d5d51.jpg,FN,-1,13,0.0,3966,0,1430.3039,0,0.46,False,baseline
TORDILHA-B_009_jpg.rf.5902113a7929ec9592dc2b09471de461.jpg,TP,43,33,0.934479,9757,10172,3518.7785,3668.4447,0.46,False,baseline
TORDILHA-B_009_jpg.rf.5902113a7929ec9592dc2b09471de461.jpg,TP,12,4,0.928537,1966,2055,709.0211,741.1182,0.46,False,baseline
TORDILHA-B_009_jpg.rf.5902113a7929ec9592dc2b09471de461.jpg,TP,1,36,0.922345,5492,5821,1980.6428,2099.2938,0.46,False,baseline
TORDILHA-B_009_jpg.rf.5902113a7929ec9592dc2b09471de461.jpg,TP,10,21,0.918327,1854,1998,668.6292,720.5616,0.46,False,baseline
TORDILHA-B_009_jpg.rf.5902113a7929ec9592dc2b09471de461.jpg,TP,46,41,0.917874,400,394,144.2565,142.0927,0.46,False,baseline
TORDILHA-B_009_jpg.rf.5902113a7929ec9592dc2b09471de461.jpg,TP,2,38,0.917457,4084,4209,1472.8596,1517.9398,0.46,False,baseline
TORDILHA-B_009_jpg.rf.5902113a7929ec9592dc2b09471de461.jpg,TP,3,26,0.911803,2091,2266,754.1012,817.2135,0.46,False,baseline
TORDILHA-B_009_jpg.rf.5902113a7929ec9592dc2b09471de461.jpg,TP,11,24,0.911635,2548,2644,918.9144,953.536,0.46,False,baseline
TORDILHA-B_009_jpg.rf.5902113a7929ec9592dc2b09471de461.jpg,TP,15,37,0.908673,5944,6094,2143.6527,2197.7489,0.46,False,baseline
TORDILHA-B_009_jpg.rf.5902113a7929ec9592dc2b09471de461.jpg,TP,28,28,0.907744,1379,1454,497.3245,524.3727,0.46,False,baseline
TORDILHA-B_009_jpg.rf.5902113a7929ec9592dc2b09471de461.jpg,TP,4,3,0.904152,1795,1920,647.3514,692.4315,0.46,False,baseline
TORDILHA-B_009_jpg.rf.5902113a7929ec9592dc2b09471de461.jpg,TP,24,9,0.902868,3096,3075,1116.5459,1108.9724,0.46,False,baseline
TORDILHA-B_009_jpg.rf.5902113a7929ec9592dc2b09471de461.jpg,TP,19,10,0.899191,1485,1567,535.5525,565.1251,0.46,False,baseline
TORDILHA-B_009_jpg.rf.5902113a7929ec9592dc2b09471de461.jpg,TP,7,22,0.898305,1694,1778,610.9266,641.2205,0.46,False,baseline
TORDILHA-B_009_jpg.rf.5902113a7929ec9592dc2b09471de461.jpg,TP,0,25,0.893979,1447,1447,521.8481,521.8481,0.46,False,baseline
TORDILHA-B_009_jpg.rf.5902113a7929ec9592dc2b09471de461.jpg,TP,5,31,0.89204,2030,2106,732.1021,759.5109,0.46,False,baseline
TORDILHA-B_009_jpg.rf.5902113a7929ec9592dc2b09471de461.jpg,TP,6,7,0.890909,2339,2445,843.5403,881.7683,0.46,False,baseline
TORDILHA-B_009_jpg.rf.5902113a7929ec9592dc2b09471de461.jpg,TP,8,23,0.889962,2663,2816,960.3882,1015.5663,0.46,False,baseline
TORDILHA-B_009_jpg.rf.5902113a7929ec9592dc2b09471de461.jpg,TP,40,30,0.888692,3687,3779,1329.685,1362.864,0.46,False,baseline
TORDILHA-B_009_jpg.rf.5902113a7929ec9592dc2b09471de461.jpg,TP,33,45,0.886537,1576,1633,568.3709,588.9275,0.46,False,baseline
TORDILHA-B_009_jpg.rf.5902113a7929ec9592dc2b09471de461.jpg,TP,9,8,0.885797,1589,1664,573.0593,600.1073,0.46,False,baseline
TORDILHA-B_009_jpg.rf.5902113a7929ec9592dc2b09471de461.jpg,TP,29,39,0.88381,2683,2716,967.601,979.5022,0.46,False,baseline
TORDILHA-B_009_jpg.rf.5902113a7929ec9592dc2b09471de461.jpg,TP,13,35,0.878763,2181,2313,786.559,834.1637,0.46,False,baseline
TORDILHA-B_009_jpg.rf.5902113a7929ec9592dc2b09471de461.jpg,TP,27,32,0.878639,2586,2770,932.6188,998.9767,0.46,False,baseline
TORDILHA-B_009_jpg.rf.5902113a7929ec9592dc2b09471de461.jpg,TP,21,17,0.877633,2030,2159,732.1021,778.6249,0.46,False,baseline
TORDILHA-B_009_jpg.rf.5902113a7929ec9592dc2b09471de461.jpg,TP,22,46,0.873037,1364,1498,491.9149,540.2409,0.46,False,baseline
TORDILHA-B_009_jpg.rf.5902113a7929ec9592dc2b09471de461.jpg,TP,23,40,0.87125,737,760,265.7927,274.0875,0.46,False,baseline
TORDILHA-B_009_jpg.rf.5902113a7929ec9592dc2b09471de461.jpg,TP,14,1,0.870472,1631,1777,588.2062,640.8598,0.46,False,baseline
TORDILHA-B_009_jpg.rf.5902113a7929ec9592dc2b09471de461.jpg,TP,20,29,0.867865,864,903,311.5942,325.6592,0.46,False,baseline
TORDILHA-B_009_jpg.rf.5902113a7929ec9592dc2b09471de461.jpg,TP,26,47,0.863148,2880,3192,1038.6474,1151.1675,0.46,False,baseline
TORDILHA-B_009_jpg.rf.5902113a7929ec9592dc2b09471de461.jpg,TP,18,16,0.857042,1238,1399,446.4741,504.5374,0.46,False,baseline
TORDILHA-B_009_jpg.rf.5902113a7929ec9592dc2b09471de461.jpg,TP,17,34,0.852851,1460,1562,526.5365,563.3219,0.46,False,baseline
TORDILHA-B_009_jpg.rf.5902113a7929ec9592dc2b09471de461.jpg,TP,16,6,0.852352,1906,2071,687.3826,746.8884,0.46,False,baseline
TORDILHA-B_009_jpg.rf.5902113a7929ec9592dc2b09471de461.jpg,TP,39,19,0.83948,2428,2809,875.6374,1013.0418,0.46,False,baseline
TORDILHA-B_009_jpg.rf.5902113a7929ec9592dc2b09471de461.jpg,TP,45,43,0.836317,1429,1443,515.3566,520.4056,0.46,False,baseline
TORDILHA-B_009_jpg.rf.5902113a7929ec9592dc2b09471de461.jpg,TP,25,27,0.828322,901,984,324.9379,354.8711,0.46,False,baseline
TORDILHA-B_009_jpg.rf.5902113a7929ec9592dc2b09471de461.jpg,TP,36,0,0.825731,2983,2821,1075.7934,1017.3695,0.46,False,baseline
TORDILHA-B_009_jpg.rf.5902113a7929ec9592dc2b09471de461.jpg,TP,32,18,0.82005,1666,1965,600.8286,708.6604,0.46,False,baseline
TORDILHA-B_009_jpg.rf.5902113a7929ec9592dc2b09471de461.jpg,TP,35,42,0.792627,213,176,76.8166,63.4729,0.46,False,baseline
TORDILHA-B_009_jpg.rf.5902113a7929ec9592dc2b09471de461.jpg,TP,34,2,0.779412,795,899,286.7099,324.2166,0.46,False,baseline
TORDILHA-B_009_jpg.rf.5902113a7929ec9592dc2b09471de461.jpg,TP,44,15,0.773585,164,212,59.1452,76.456,0.46,False,baseline
TORDILHA-B_009_jpg.rf.5902113a7929ec9592dc2b09471de461.jpg,TP,31,44,0.736181,345,346,124.4213,124.782,0.46,False,baseline
TORDILHA-B_009_jpg.rf.5902113a7929ec9592dc2b09471de461.jpg,TP,30,12,0.735726,511,553,184.2878,199.4347,0.46,False,baseline
TORDILHA-B_009_jpg.rf.5902113a7929ec9592dc2b09471de461.jpg,TP,38,20,0.651293,5131,3748,1850.4512,1351.6841,0.46,False,baseline
TORDILHA-B_009_jpg.rf.5902113a7929ec9592dc2b09471de461.jpg,FP,37,-1,0.0,0,1555,0,560.7974,0.46,False,baseline
TORDILHA-B_009_jpg.rf.5902113a7929ec9592dc2b09471de461.jpg,FP,41,-1,0.0,0,2289,0,825.5082,0.46,False,baseline
TORDILHA-B_009_jpg.rf.5902113a7929ec9592dc2b09471de461.jpg,FP,42,-1,0.0,0,2296,0,828.0328,0.46,False,baseline
TORDILHA-B_009_jpg.rf.5902113a7929ec9592dc2b09471de461.jpg,FP,47,-1,0.0,0,2889,0,1041.8931,0.46,False,baseline
TORDILHA-B_009_jpg.rf.5902113a7929ec9592dc2b09471de461.jpg,FN,-1,5,0.0,4453,0,1605.9363,0,0.46,False,baseline
TORDILHA-B_009_jpg.rf.5902113a7929ec9592dc2b09471de461.jpg,FN,-1,11,0.0,31,0,11.1799,0,0.46,False,baseline
TORDILHA-B_009_jpg.rf.5902113a7929ec9592dc2b09471de461.jpg,FN,-1,13,0.0,27,0,9.7373,0,0.46,False,baseline
TORDILHA-B_009_jpg.rf.5902113a7929ec9592dc2b09471de461.jpg,FN,-1,14,0.0,1667,0,601.1893,0,0.46,False,baseline
TORDILHA-B_010_jpg.rf.698124083a3806b10e86f6304c2b5ce1.jpg,TP,1,11,0.956749,12883,12905,4646.1436,4654.0778,0.46,False,baseline
TORDILHA-B_010_jpg.rf.698124083a3806b10e86f6304c2b5ce1.jpg,TP,5,26,0.955563,11384,11236,4105.5421,4052.1672,0.46,False,baseline
TORDILHA-B_010_jpg.rf.698124083a3806b10e86f6304c2b5ce1.jpg,TP,4,14,0.954359,12209,12541,4403.0713,4522.8043,0.46,False,baseline
TORDILHA-B_010_jpg.rf.698124083a3806b10e86f6304c2b5ce1.jpg,TP,18,28,0.947869,7757,8011,2797.4956,2889.0986,0.46,False,baseline
TORDILHA-B_010_jpg.rf.698124083a3806b10e86f6304c2b5ce1.jpg,TP,3,10,0.937885,9985,10450,3601.0048,3768.7031,0.46,False,baseline
TORDILHA-B_010_jpg.rf.698124083a3806b10e86f6304c2b5ce1.jpg,TP,15,15,0.936885,1677,1668,604.7957,601.5499,0.46,False,baseline
TORDILHA-B_010_jpg.rf.698124083a3806b10e86f6304c2b5ce1.jpg,TP,12,18,0.936814,7214,7438,2601.6674,2682.4511,0.46,False,baseline
TORDILHA-B_010_jpg.rf.698124083a3806b10e86f6304c2b5ce1.jpg,TP,2,17,0.92965,2585,2654,932.2581,957.1424,0.46,False,baseline
TORDILHA-B_010_jpg.rf.698124083a3806b10e86f6304c2b5ce1.jpg,TP,28,24,0.924303,10981,11237,3960.2036,4052.5278,0.46,False,baseline
TORDILHA-B_010_jpg.rf.698124083a3806b10e86f6304c2b5ce1.jpg,TP,0,13,0.923918,4078,4014,1470.6958,1447.6147,0.46,False,baseline
TORDILHA-B_010_jpg.rf.698124083a3806b10e86f6304c2b5ce1.jpg,TP,30,9,0.922418,12426,12279,4481.3306,4428.3162,0.46,False,baseline
TORDILHA-B_010_jpg.rf.698124083a3806b10e86f6304c2b5ce1.jpg,TP,6,5,0.92154,3923,4061,1414.7964,1464.5649,0.46,False,baseline
TORDILHA-B_010_jpg.rf.698124083a3806b10e86f6304c2b5ce1.jpg,TP,11,4,0.919685,4813,4939,1735.7672,1781.2081,0.46,False,baseline
TORDILHA-B_010_jpg.rf.698124083a3806b10e86f6304c2b5ce1.jpg,TP,13,7,0.898658,4048,4158,1459.8765,1499.5471,0.46,False,baseline
TORDILHA-B_010_jpg.rf.698124083a3806b10e86f6304c2b5ce1.jpg,TP,9,16,0.892619,6054,6460,2183.3233,2329.7437,0.46,False,baseline
TORDILHA-B_010_jpg.rf.698124083a3806b10e86f6304c2b5ce1.jpg,TP,14,0,0.891789,1737,1742,626.4342,628.2374,0.46,False,baseline
TORDILHA-B_010_jpg.rf.698124083a3806b10e86f6304c2b5ce1.jpg,TP,7,25,0.890124,2904,3048,1047.3028,1099.2351,0.46,False,baseline
TORDILHA-B_010_jpg.rf.698124083a3806b10e86f6304c2b5ce1.jpg,TP,8,20,0.885459,3238,3297,1167.757,1189.0348,0.46,False,baseline
TORDILHA-B_010_jpg.rf.698124083a3806b10e86f6304c2b5ce1.jpg,TP,23,30,0.884706,2059,1946,742.5607,701.8082,0.46,False,baseline
TORDILHA-B_010_jpg.rf.698124083a3806b10e86f6304c2b5ce1.jpg,TP,10,8,0.875569,1201,1271,433.1304,458.3753,0.46,False,baseline
TORDILHA-B_010_jpg.rf.698124083a3806b10e86f6304c2b5ce1.jpg,TP,16,12,0.874771,1984,2103,715.5126,758.4289,0.46,False,baseline
TORDILHA-B_010_jpg.rf.698124083a3806b10e86f6304c2b5ce1.jpg,TP,21,22,0.865279,857,846,309.0697,305.1026,0.46,False,baseline
TORDILHA-B_010_jpg.rf.698124083a3806b10e86f6304c2b5ce1.jpg,TP,19,3,0.863354,1283,1417,462.703,511.0289,0.46,False,baseline
TORDILHA-B_010_jpg.rf.698124083a3806b10e86f6304c2b5ce1.jpg,TP,17,2,0.856147,2814,3044,1014.845,1097.7925,0.46,False,baseline
TORDILHA-B_010_jpg.rf.698124083a3806b10e86f6304c2b5ce1.jpg,TP,20,1,0.833333,377,382,135.9618,137.765,0.46,False,baseline
TORDILHA-B_010_jpg.rf.698124083a3806b10e86f6304c2b5ce1.jpg,TP,22,23,0.832453,1161,1267,418.7047,456.9327,0.46,False,baseline
TORDILHA-B_010_jpg.rf.698124083a3806b10e86f6304c2b5ce1.jpg,TP,26,29,0.720307,259,190,93.4061,68.5219,0.46,False,baseline
TORDILHA-B_010_jpg.rf.698124083a3806b10e86f6304c2b5ce1.jpg,TP,29,6,0.538097,8229,4771,2967.7184,1720.6203,0.46,False,baseline
TORDILHA-B_010_jpg.rf.698124083a3806b10e86f6304c2b5ce1.jpg,FP,24,-1,0.0,0,3666,0,1322.1115,0.46,False,baseline
TORDILHA-B_010_jpg.rf.698124083a3806b10e86f6304c2b5ce1.jpg,FP,25,-1,0.0,0,7963,0,2871.7878,0.46,False,baseline
TORDILHA-B_010_jpg.rf.698124083a3806b10e86f6304c2b5ce1.jpg,FP,27,-1,0.0,0,4604,0,1660.3932,0.46,False,baseline
TORDILHA-B_010_jpg.rf.698124083a3806b10e86f6304c2b5ce1.jpg,FN,-1,19,0.0,2614,0,942.7167,0,0.46,False,baseline
TORDILHA-B_010_jpg.rf.698124083a3806b10e86f6304c2b5ce1.jpg,FN,-1,21,0.0,1059,0,381.9193,0,0.46,False,baseline
TORDILHA-B_010_jpg.rf.698124083a3806b10e86f6304c2b5ce1.jpg,FN,-1,27,0.0,417,0,150.3875,0,0.46,False,baseline
TORDILHA-B_012_jpg.rf.0b5caafb1952d960be9aa54f5506bf96.jpg,TP,8,6,0.932397,2138,2264,771.0514,816.4922,0.46,False,baseline
TORDILHA-B_012_jpg.rf.0b5caafb1952d960be9aa54f5506bf96.jpg,TP,0,20,0.928275,2491,2617,898.3578,943.7986,0.46,False,baseline
TORDILHA-B_012_jpg.rf.0b5caafb1952d960be9aa54f5506bf96.jpg,TP,4,12,0.927835,4357,4432,1571.3147,1598.3629,0.46,False,baseline
TORDILHA-B_012_jpg.rf.0b5caafb1952d960be9aa54f5506bf96.jpg,TP,24,9,0.925466,5166,5374,1863.0736,1938.0871,0.46,False,baseline
TORDILHA-B_012_jpg.rf.0b5caafb1952d960be9aa54f5506bf96.jpg,TP,15,15,0.925148,5412,5673,1951.7915,2045.9189,0.46,False,baseline
TORDILHA-B_012_jpg.rf.0b5caafb1952d960be9aa54f5506bf96.jpg,TP,5,26,0.925143,4257,4487,1535.2506,1618.1981,0.46,False,baseline
TORDILHA-B_012_jpg.rf.0b5caafb1952d960be9aa54f5506bf96.jpg,TP,21,31,0.924638,5232,5392,1886.876,1944.5786,0.46,False,baseline
TORDILHA-B_012_jpg.rf.0b5caafb1952d960be9aa54f5506bf96.jpg,TP,25,30,0.923459,4528,4770,1632.9845,1720.2596,0.46,False,baseline
TORDILHA-B_012_jpg.rf.0b5caafb1952d960be9aa54f5506bf96.jpg,TP,30,5,0.922793,2289,2393,825.5082,863.0149,0.46,False,baseline
TORDILHA-B_012_jpg.rf.0b5caafb1952d960be9aa54f5506bf96.jpg,TP,3,27,0.922369,5605,5885,2021.3952,2122.3749,0.46,False,baseline
TORDILHA-B_012_jpg.rf.0b5caafb1952d960be9aa54f5506bf96.jpg,TP,26,17,0.920372,10257,10821,3699.0992,3902.501,0.46,False,baseline
TORDILHA-B_012_jpg.rf.0b5caafb1952d960be9aa54f5506bf96.jpg,TP,13,22,0.919069,1706,1756,615.2543,633.2864,0.46,False,baseline
TORDILHA-B_012_jpg.rf.0b5caafb1952d960be9aa54f5506bf96.jpg,TP,2,32,0.917316,3374,3513,1216.8042,1266.9334,0.46,False,baseline
TORDILHA-B_012_jpg.rf.0b5caafb1952d960be9aa54f5506bf96.jpg,TP,23,18,0.916088,3182,3166,1147.561,1141.7908,0.46,False,baseline
TORDILHA-B_012_jpg.rf.0b5caafb1952d960be9aa54f5506bf96.jpg,TP,17,4,0.915839,3818,3899,1376.929,1406.141,0.46,False,baseline
TORDILHA-B_012_jpg.rf.0b5caafb1952d960be9aa54f5506bf96.jpg,TP,6,25,0.913103,2718,2874,980.2234,1036.4835,0.46,False,baseline
TORDILHA-B_012_jpg.rf.0b5caafb1952d960be9aa54f5506bf96.jpg,TP,14,3,0.907351,3102,3177,1118.7098,1145.7579,0.46,False,baseline
TORDILHA-B_012_jpg.rf.0b5caafb1952d960be9aa54f5506bf96.jpg,TP,27,8,0.905408,4547,4578,1639.8366,1651.0165,0.46,False,baseline
TORDILHA-B_012_jpg.rf.0b5caafb1952d960be9aa54f5506bf96.jpg,TP,12,16,0.904405,1949,2115,702.8902,762.7567,0.46,False,baseline
TORDILHA-B_012_jpg.rf.0b5caafb1952d960be9aa54f5506bf96.jpg,TP,34,21,0.900878,5111,5283,1843.2384,1905.2688,0.46,False,baseline
TORDILHA-B_012_jpg.rf.0b5caafb1952d960be9aa54f5506bf96.jpg,TP,32,10,0.897353,4307,4510,1553.2826,1626.4929,0.46,False,baseline
TORDILHA-B_012_jpg.rf.0b5caafb1952d960be9aa54f5506bf96.jpg,TP,1,7,0.894712,2021,2064,728.8564,744.364,0.46,False,baseline
TORDILHA-B_012_jpg.rf.0b5caafb1952d960be9aa54f5506bf96.jpg,TP,16,33,0.884615,549,529,197.9921,190.7793,0.46,False,baseline
TORDILHA-B_012_jpg.rf.0b5caafb1952d960be9aa54f5506bf96.jpg,TP,10,14,0.883767,1927,1914,694.9561,690.2677,0.46,False,baseline
TORDILHA-B_012_jpg.rf.0b5caafb1952d960be9aa54f5506bf96.jpg,TP,11,1,0.88056,2592,2651,934.7826,956.0604,0.46,False,baseline
TORDILHA-B_012_jpg.rf.0b5caafb1952d960be9aa54f5506bf96.jpg,TP,7,24,0.878144,4420,4766,1594.0351,1718.8171,0.46,False,baseline
TORDILHA-B_012_jpg.rf.0b5caafb1952d960be9aa54f5506bf96.jpg,TP,9,19,0.873575,1757,1859,633.647,670.4324,0.46,False,baseline
TORDILHA-B_012_jpg.rf.0b5caafb1952d960be9aa54f5506bf96.jpg,TP,22,29,0.857303,4666,5265,1682.753,1898.7772,0.46,False,baseline
TORDILHA-B_012_jpg.rf.0b5caafb1952d960be9aa54f5506bf96.jpg,TP,35,39,0.851852,813,837,293.2015,301.8569,0.46,False,baseline
TORDILHA-B_012_jpg.rf.0b5caafb1952d960be9aa54f5506bf96.jpg,TP,20,34,0.85159,1058,1038,381.5587,374.3458,0.46,False,baseline
TORDILHA-B_012_jpg.rf.0b5caafb1952d960be9aa54f5506bf96.jpg,TP,19,2,0.842274,1122,1179,404.6397,425.1963,0.46,False,baseline
TORDILHA-B_012_jpg.rf.0b5caafb1952d960be9aa54f5506bf96.jpg,TP,33,35,0.817391,295,332,106.3893,119.7329,0.46,False,baseline
TORDILHA-B_012_jpg.rf.0b5caafb1952d960be9aa54f5506bf96.jpg,TP,39,40,0.811159,233,189,84.0295,68.1612,0.46,False,baseline
TORDILHA-B_012_jpg.rf.0b5caafb1952d960be9aa54f5506bf96.jpg,TP,18,23,0.768116,1095,1345,394.9024,485.0627,0.46,False,baseline
TORDILHA-B_012_jpg.rf.0b5caafb1952d960be9aa54f5506bf96.jpg,TP,28,11,0.709302,223,218,80.423,78.6199,0.46,False,baseline
TORDILHA-B_012_jpg.rf.0b5caafb1952d960be9aa54f5506bf96.jpg,TP,31,0,0.545509,9593,5757,3459.6334,2076.2127,0.46,False,baseline
TORDILHA-B_012_jpg.rf.0b5caafb1952d960be9aa54f5506bf96.jpg,TP,29,28,0.544219,7891,4716,2845.8216,1700.7851,0.46,False,baseline
TORDILHA-B_012_jpg.rf.0b5caafb1952d960be9aa54f5506bf96.jpg,FP,36,-1,0.0,0,1881,0,678.3666,0.46,False,baseline
TORDILHA-B_012_jpg.rf.0b5caafb1952d960be9aa54f5506bf96.jpg,FP,37,-1,0.0,0,1014,0,365.6904,0.46,False,baseline
TORDILHA-B_012_jpg.rf.0b5caafb1952d960be9aa54f5506bf96.jpg,FP,38,-1,0.0,0,1689,0,609.1234,0.46,False,baseline
TORDILHA-B_012_jpg.rf.0b5caafb1952d960be9aa54f5506bf96.jpg,FN,-1,13,0.0,3016,0,1087.6946,0,0.46,False,baseline
TORDILHA-B_012_jpg.rf.0b5caafb1952d960be9aa54f5506bf96.jpg,FN,-1,36,0.0,145,0,52.293,0,0.46,False,baseline
TORDILHA-B_012_jpg.rf.0b5caafb1952d960be9aa54f5506bf96.jpg,FN,-1,37,0.0,96,0,34.6216,0,0.46,False,baseline
TORDILHA-B_012_jpg.rf.0b5caafb1952d960be9aa54f5506bf96.jpg,FN,-1,38,0.0,2017,0,727.4138,0,0.46,False,baseline
TORDILHA-D_001_jpg.rf.36e39c15aad81283f9bcc0f8afcd649f.jpg,TP,8,2,0.941027,31397,31205,11323.0593,11253.8161,0.46,False,baseline
TORDILHA-D_001_jpg.rf.36e39c15aad81283f9bcc0f8afcd649f.jpg,TP,0,16,0.93941,7522,7522,2712.7449,2712.7449,0.46,False,baseline
TORDILHA-D_001_jpg.rf.36e39c15aad81283f9bcc0f8afcd649f.jpg,TP,13,18,0.926704,8714,8609,3142.6295,3104.7621,0.46,False,baseline
TORDILHA-D_001_jpg.rf.36e39c15aad81283f9bcc0f8afcd649f.jpg,TP,1,11,0.923131,5431,5577,1958.6436,2011.2973,0.46,False,baseline
TORDILHA-D_001_jpg.rf.36e39c15aad81283f9bcc0f8afcd649f.jpg,TP,2,7,0.915157,9972,9486,3596.3164,3421.0447,0.46,False,baseline
TORDILHA-D_001_jpg.rf.36e39c15aad81283f9bcc0f8afcd649f.jpg,TP,15,17,0.909363,3871,3797,1396.043,1369.3556,0.46,False,baseline
TORDILHA-D_001_jpg.rf.36e39c15aad81283f9bcc0f8afcd649f.jpg,TP,17,20,0.90631,1973,2015,711.5455,726.6925,0.46,False,baseline
TORDILHA-D_001_jpg.rf.36e39c15aad81283f9bcc0f8afcd649f.jpg,TP,4,0,0.892689,48439,44422,17469.1107,16020.414,0.46,False,baseline
TORDILHA-D_001_jpg.rf.36e39c15aad81283f9bcc0f8afcd649f.jpg,TP,3,9,0.879713,1051,1043,379.0342,376.149,0.46,False,baseline
TORDILHA-D_001_jpg.rf.36e39c15aad81283f9bcc0f8afcd649f.jpg,TP,6,13,0.868434,1873,1791,675.4814,645.9088,0.46,False,baseline
TORDILHA-D_001_jpg.rf.36e39c15aad81283f9bcc0f8afcd649f.jpg,TP,19,3,0.860098,7881,6957,2842.2152,2508.9825,0.46,False,baseline
TORDILHA-D_001_jpg.rf.36e39c15aad81283f9bcc0f8afcd649f.jpg,TP,7,21,0.858729,2030,2154,732.1021,776.8216,0.46,False,baseline
TORDILHA-D_001_jpg.rf.36e39c15aad81283f9bcc0f8afcd649f.jpg,TP,20,1,0.855672,25282,22663,9117.7368,8173.2169,0.46,False,baseline
TORDILHA-D_001_jpg.rf.36e39c15aad81283f9bcc0f8afcd649f.jpg,TP,12,10,0.855191,1421,1295,512.4715,467.0306,0.46,False,baseline
TORDILHA-D_001_jpg.rf.36e39c15aad81283f9bcc0f8afcd649f.jpg,TP,18,6,0.849867,24325,20784,8772.603,7495.5716,0.46,False,baseline
TORDILHA-D_001_jpg.rf.36e39c15aad81283f9bcc0f8afcd649f.jpg,TP,5,12,0.819733,6709,5980,2419.5434,2156.6358,0.46,False,baseline
TORDILHA-D_001_jpg.rf.36e39c15aad81283f9bcc0f8afcd649f.jpg,TP,9,15,0.776565,7379,6130,2661.1732,2210.732,0.46,False,baseline
TORDILHA-D_001_jpg.rf.36e39c15aad81283f9bcc0f8afcd649f.jpg,TP,14,22,0.764029,646,580,232.9744,209.172,0.46,False,baseline
TORDILHA-D_001_jpg.rf.36e39c15aad81283f9bcc0f8afcd649f.jpg,TP,11,8,0.728543,417,449,150.3875,161.928,0.46,False,baseline
TORDILHA-D_001_jpg.rf.36e39c15aad81283f9bcc0f8afcd649f.jpg,TP,10,14,0.530075,3113,1771,1122.6768,638.696,0.46,False,baseline
TORDILHA-D_001_jpg.rf.36e39c15aad81283f9bcc0f8afcd649f.jpg,FP,16,-1,0.0,0,2182,0,786.9196,0.46,False,baseline
TORDILHA-D_001_jpg.rf.36e39c15aad81283f9bcc0f8afcd649f.jpg,FN,-1,4,0.0,10308,0,3717.4919,0,0.46,False,baseline
TORDILHA-D_001_jpg.rf.36e39c15aad81283f9bcc0f8afcd649f.jpg,FN,-1,5,0.0,6181,0,2229.1247,0,0.46,False,baseline
TORDILHA-D_001_jpg.rf.36e39c15aad81283f9bcc0f8afcd649f.jpg,FN,-1,19,0.0,372,0,134.1586,0,0.46,False,baseline
TORDILHA-D_001_jpg.rf.36e39c15aad81283f9bcc0f8afcd649f.jpg,FN,-1,23,0.0,138,0,49.7685,0,0.46,False,baseline
TORDILHA-D_006_jpg.rf.d879d44ef1add0b327aa39f6650afc47.jpg,TP,0,5,0.953558,12907,12458,4654.7991,4492.8711,0.46,False,baseline
TORDILHA-D_006_jpg.rf.d879d44ef1add0b327aa39f6650afc47.jpg,TP,25,15,0.949469,12277,11758,4427.5949,4240.422,0.46,False,baseline
TORDILHA-D_006_jpg.rf.d879d44ef1add0b327aa39f6650afc47.jpg,TP,13,14,0.941941,3562,3462,1284.6048,1248.5407,0.46,False,baseline
TORDILHA-D_006_jpg.rf.d879d44ef1add0b327aa39f6650afc47.jpg,TP,2,7,0.934979,6859,6622,2473.6396,2388.1676,0.46,False,baseline
TORDILHA-D_006_jpg.rf.d879d44ef1add0b327aa39f6650afc47.jpg,TP,9,1,0.934904,6495,6316,2342.3661,2277.8113,0.46,False,baseline
TORDILHA-D_006_jpg.rf.d879d44ef1add0b327aa39f6650afc47.jpg,TP,1,9,0.926193,2828,2783,1019.894,1003.6651,0.46,False,baseline
TORDILHA-D_006_jpg.rf.d879d44ef1add0b327aa39f6650afc47.jpg,TP,26,19,0.921231,3128,3116,1128.0865,1123.7587,0.46,False,baseline
TORDILHA-D_006_jpg.rf.d879d44ef1add0b327aa39f6650afc47.jpg,TP,10,20,0.918271,5331,5231,1922.5795,1886.5154,0.46,False,baseline
TORDILHA-D_006_jpg.rf.d879d44ef1add0b327aa39f6650afc47.jpg,TP,8,13,0.916408,13635,12959,4917.346,4673.5524,0.46,False,baseline
TORDILHA-D_006_jpg.rf.d879d44ef1add0b327aa39f6650afc47.jpg,TP,6,11,0.916031,2289,2229,825.5082,803.8697,0.46,False,baseline
TORDILHA-D_006_jpg.rf.d879d44ef1add0b327aa39f6650afc47.jpg,TP,15,21,0.909753,1317,1307,474.9648,471.3584,0.46,False,baseline
TORDILHA-D_006_jpg.rf.d879d44ef1add0b327aa39f6650afc47.jpg,TP,4,0,0.906656,1192,1157,429.8846,417.2621,0.46,False,baseline
TORDILHA-D_006_jpg.rf.d879d44ef1add0b327aa39f6650afc47.jpg,TP,16,32,0.896785,10961,10099,3952.9908,3642.1179,0.46,False,baseline
TORDILHA-D_006_jpg.rf.d879d44ef1add0b327aa39f6650afc47.jpg,TP,3,12,0.888254,2737,2552,987.0756,920.357,0.46,False,baseline
TORDILHA-D_006_jpg.rf.d879d44ef1add0b327aa39f6650afc47.jpg,TP,19,30,0.881535,1445,1398,521.1269,504.1767,0.46,False,baseline
TORDILHA-D_006_jpg.rf.d879d44ef1add0b327aa39f6650afc47.jpg,TP,7,10,0.880645,3766,3813,1358.1756,1375.1258,0.46,False,baseline
TORDILHA-D_006_jpg.rf.d879d44ef1add0b327aa39f6650afc47.jpg,TP,21,17,0.879672,11804,10628,4257.0115,3832.8972,0.46,False,baseline
TORDILHA-D_006_jpg.rf.d879d44ef1add0b327aa39f6650afc47.jpg,TP,5,8,0.876351,1574,1552,567.6497,559.7155,0.46,False,baseline
TORDILHA-D_006_jpg.rf.d879d44ef1add0b327aa39f6650afc47.jpg,TP,11,3,0.875212,4060,3664,1464.2042,1321.3902,0.46,False,baseline
TORDILHA-D_006_jpg.rf.d879d44ef1add0b327aa39f6650afc47.jpg,TP,18,4,0.873976,1524,1450,549.6175,522.9301,0.46,False,baseline
TORDILHA-D_006_jpg.rf.d879d44ef1add0b327aa39f6650afc47.jpg,TP,17,2,0.858923,2110,2067,760.9534,745.4458,0.46,False,baseline
TORDILHA-D_006_jpg.rf.d879d44ef1add0b327aa39f6650afc47.jpg,TP,14,28,0.837825,6350,5379,2290.0731,1939.8903,0.46,False,baseline
TORDILHA-D_006_jpg.rf.d879d44ef1add0b327aa39f6650afc47.jpg,TP,12,16,0.825459,3048,2516,1099.2351,907.3739,0.46,False,baseline
TORDILHA-D_006_jpg.rf.d879d44ef1add0b327aa39f6650afc47.jpg,TP,22,31,0.576375,1448,874,522.2088,315.2006,0.46,False,baseline
TORDILHA-D_006_jpg.rf.d879d44ef1add0b327aa39f6650afc47.jpg,TP,20,26,0.568777,16139,9214,5820.3922,3322.9502,0.46,False,baseline
TORDILHA-D_006_jpg.rf.d879d44ef1add0b327aa39f6650afc47.jpg,FP,23,-1,0.0,0,4533,0,1634.7876,0.46,False,baseline
TORDILHA-D_006_jpg.rf.d879d44ef1add0b327aa39f6650afc47.jpg,FP,24,-1,0.0,0,2374,0,856.1628,0.46,False,baseline
TORDILHA-D_006_jpg.rf.d879d44ef1add0b327aa39f6650afc47.jpg,FP,27,-1,0.0,0,8630,0,3112.3356,0.46,False,baseline
TORDILHA-D_006_jpg.rf.d879d44ef1add0b327aa39f6650afc47.jpg,FP,28,-1,0.0,0,6133,0,2211.814,0.46,False,baseline
TORDILHA-D_006_jpg.rf.d879d44ef1add0b327aa39f6650afc47.jpg,FN,-1,6,0.0,53,0,19.114,0,0.46,False,baseline
TORDILHA-D_006_jpg.rf.d879d44ef1add0b327aa39f6650afc47.jpg,FN,-1,18,0.0,24597,0,8870.6975,0,0.46,False,baseline
TORDILHA-D_006_jpg.rf.d879d44ef1add0b327aa39f6650afc47.jpg,FN,-1,22,0.0,7671,0,2766.4805,0,0.46,False,baseline
TORDILHA-D_006_jpg.rf.d879d44ef1add0b327aa39f6650afc47.jpg,FN,-1,23,0.0,42,0,15.1469,0,0.46,False,baseline
TORDILHA-D_006_jpg.rf.d879d44ef1add0b327aa39f6650afc47.jpg,FN,-1,24,0.0,87,0,31.3758,0,0.46,False,baseline
TORDILHA-D_006_jpg.rf.d879d44ef1add0b327aa39f6650afc47.jpg,FN,-1,25,0.0,28,0,10.098,0,0.46,False,baseline
TORDILHA-D_006_jpg.rf.d879d44ef1add0b327aa39f6650afc47.jpg,FN,-1,27,0.0,43,0,15.5076,0,0.46,False,baseline
TORDILHA-D_006_jpg.rf.d879d44ef1add0b327aa39f6650afc47.jpg,FN,-1,29,0.0,44,0,15.8682,0,0.46,False,baseline
TORDILHA-D_006_jpg.rf.d879d44ef1add0b327aa39f6650afc47.jpg,FN,-1,33,0.0,8759,0,3158.8584,0,0.46,False,baseline
TORDILHA-D_006_jpg.rf.d879d44ef1add0b327aa39f6650afc47.jpg,FN,-1,34,0.0,40901,0,14750.5955,0,0.46,False,baseline
TORDILHA-G_009_jpg.rf.b279af9f6892d54790621c0f5458daf3.jpg,TP,11,16,0.952393,3818,3810,1376.929,1374.0439,0.46,False,baseline
TORDILHA-G_009_jpg.rf.b279af9f6892d54790621c0f5458daf3.jpg,TP,29,35,0.93666,6245,6291,2252.2058,2268.7953,0.46,False,baseline
TORDILHA-G_009_jpg.rf.b279af9f6892d54790621c0f5458daf3.jpg,TP,33,7,0.935169,3692,3830,1331.4882,1381.2567,0.46,False,baseline
TORDILHA-G_009_jpg.rf.b279af9f6892d54790621c0f5458daf3.jpg,TP,19,18,0.934381,3130,3149,1128.8077,1135.6599,0.46,False,baseline
TORDILHA-G_009_jpg.rf.b279af9f6892d54790621c0f5458daf3.jpg,TP,10,3,0.928801,6056,5972,2184.0446,2153.7506,0.46,False,baseline
TORDILHA-G_009_jpg.rf.b279af9f6892d54790621c0f5458daf3.jpg,TP,16,12,0.928471,2028,2070,731.3809,746.5278,0.46,False,baseline
TORDILHA-G_009_jpg.rf.b279af9f6892d54790621c0f5458daf3.jpg,TP,24,4,0.927353,3487,3517,1257.5567,1268.3759,0.46,False,baseline
TORDILHA-G_009_jpg.rf.b279af9f6892d54790621c0f5458daf3.jpg,TP,23,15,0.92726,1374,1355,495.5213,488.6691,0.46,False,baseline
TORDILHA-G_009_jpg.rf.b279af9f6892d54790621c0f5458daf3.jpg,TP,7,10,0.926817,1850,1915,667.1867,690.6284,0.46,False,baseline
TORDILHA-G_009_jpg.rf.b279af9f6892d54790621c0f5458daf3.jpg,TP,4,11,0.926681,3908,4028,1409.3868,1452.6637,0.46,False,baseline
TORDILHA-G_009_jpg.rf.b279af9f6892d54790621c0f5458daf3.jpg,TP,3,28,0.923233,9466,9549,3413.8318,3443.7651,0.46,False,baseline
TORDILHA-G_009_jpg.rf.b279af9f6892d54790621c0f5458daf3.jpg,TP,6,36,0.921623,2046,2122,737.8724,765.2811,0.46,False,baseline
TORDILHA-G_009_jpg.rf.b279af9f6892d54790621c0f5458daf3.jpg,TP,1,20,0.921353,2086,2116,752.298,763.1173,0.46,False,baseline
TORDILHA-G_009_jpg.rf.b279af9f6892d54790621c0f5458daf3.jpg,TP,21,19,0.91954,3399,3448,1225.8202,1243.4916,0.46,False,baseline
TORDILHA-G_009_jpg.rf.b279af9f6892d54790621c0f5458daf3.jpg,TP,15,1,0.919319,3071,3019,1107.5298,1088.7765,0.46,False,baseline
TORDILHA-G_009_jpg.rf.b279af9f6892d54790621c0f5458daf3.jpg,TP,14,22,0.916884,2193,2212,790.8867,797.7388,0.46,False,baseline
TORDILHA-G_009_jpg.rf.b279af9f6892d54790621c0f5458daf3.jpg,TP,13,17,0.91084,1482,1497,534.4706,539.8803,0.46,False,baseline
TORDILHA-G_009_jpg.rf.b279af9f6892d54790621c0f5458daf3.jpg,TP,8,2,0.908343,3946,4174,1423.0911,1505.3174,0.46,False,baseline
TORDILHA-G_009_jpg.rf.b279af9f6892d54790621c0f5458daf3.jpg,TP,5,13,0.905978,3063,3059,1104.6447,1103.2022,0.46,False,baseline
TORDILHA-G_009_jpg.rf.b279af9f6892d54790621c0f5458daf3.jpg,TP,17,8,0.896069,8308,8768,2996.209,3162.1042,0.46,False,baseline
TORDILHA-G_009_jpg.rf.b279af9f6892d54790621c0f5458daf3.jpg,TP,26,14,0.895518,6701,6706,2416.6583,2418.4615,0.46,False,baseline
TORDILHA-G_009_jpg.rf.b279af9f6892d54790621c0f5458daf3.jpg,TP,32,9,0.894602,2608,2587,940.5528,932.9794,0.46,False,baseline
TORDILHA-G_009_jpg.rf.b279af9f6892d54790621c0f5458daf3.jpg,TP,31,33,0.882233,1345,1420,485.0627,512.1109,0.46,False,baseline
TORDILHA-G_009_jpg.rf.b279af9f6892d54790621c0f5458daf3.jpg,TP,9,21,0.87451,937,975,337.921,351.6254,0.46,False,baseline
TORDILHA-G_009_jpg.rf.b279af9f6892d54790621c0f5458daf3.jpg,TP,2,29,0.872972,3032,3087,1093.4649,1113.3001,0.46,False,baseline
TORDILHA-G_009_jpg.rf.b279af9f6892d54790621c0f5458daf3.jpg,TP,0,32,0.87276,1515,1620,546.3718,584.2391,0.46,False,baseline
TORDILHA-G_009_jpg.rf.b279af9f6892d54790621c0f5458daf3.jpg,TP,12,23,0.866204,1928,2103,695.3167,758.4289,0.46,False,baseline
TORDILHA-G_009_jpg.rf.b279af9f6892d54790621c0f5458daf3.jpg,TP,20,24,0.84933,1543,1771,556.4697,638.696,0.46,False,baseline
TORDILHA-G_009_jpg.rf.b279af9f6892d54790621c0f5458daf3.jpg,TP,18,31,0.82468,16661,18517,6008.647,6677.9975,0.46,False,baseline
TORDILHA-G_009_jpg.rf.b279af9f6892d54790621c0f5458daf3.jpg,TP,22,26,0.800217,815,843,293.9228,304.0208,0.46,False,baseline
TORDILHA-G_009_jpg.rf.b279af9f6892d54790621c0f5458daf3.jpg,TP,25,27,0.695679,11541,8039,4162.1629,2899.1966,0.46,False,baseline
TORDILHA-G_009_jpg.rf.b279af9f6892d54790621c0f5458daf3.jpg,TP,28,6,0.605301,5377,8008,1939.169,2888.0166,0.46,False,baseline
TORDILHA-G_009_jpg.rf.b279af9f6892d54790621c0f5458daf3.jpg,FP,27,-1,0.0,0,7423,0,2677.0414,0.46,False,baseline
TORDILHA-G_009_jpg.rf.b279af9f6892d54790621c0f5458daf3.jpg,FP,30,-1,0.0,0,1233,0,444.6709,0.46,False,baseline
TORDILHA-G_009_jpg.rf.b279af9f6892d54790621c0f5458daf3.jpg,FN,-1,0,0.0,8492,0,3062.5671,0,0.46,False,baseline
TORDILHA-G_009_jpg.rf.b279af9f6892d54790621c0f5458daf3.jpg,FN,-1,5,0.0,2355,0,849.3106,0,0.46,False,baseline
TORDILHA-G_009_jpg.rf.b279af9f6892d54790621c0f5458daf3.jpg,FN,-1,25,0.0,3214,0,1159.1016,0,0.46,False,baseline
TORDILHA-G_009_jpg.rf.b279af9f6892d54790621c0f5458daf3.jpg,FN,-1,30,0.0,2225,0,802.4272,0,0.46,False,baseline
TORDILHA-G_009_jpg.rf.b279af9f6892d54790621c0f5458daf3.jpg,FN,-1,34,0.0,3618,0,1304.8007,0,0.46,False,baseline
TOSTADA-B_003_jpg.rf.ef070508fe8cf028db79cd03961c37d8.jpg,TP,13,4,0.953768,3678,3633,1326.4392,1310.2104,0.46,False,baseline
TOSTADA-B_003_jpg.rf.ef070508fe8cf028db79cd03961c37d8.jpg,TP,0,2,0.939187,2499,2603,901.243,938.7497,0.46,False,baseline
TOSTADA-B_003_jpg.rf.ef070508fe8cf028db79cd03961c37d8.jpg,TP,19,15,0.935196,7647,7941,2757.8251,2863.8537,0.46,False,baseline
TOSTADA-B_003_jpg.rf.ef070508fe8cf028db79cd03961c37d8.jpg,TP,2,9,0.928254,8594,8768,3099.3525,3162.1042,0.46,False,baseline
TOSTADA-B_003_jpg.rf.ef070508fe8cf028db79cd03961c37d8.jpg,TP,9,22,0.928249,1931,1912,696.3986,689.5464,0.46,False,baseline
TOSTADA-B_003_jpg.rf.ef070508fe8cf028db79cd03961c37d8.jpg,TP,11,0,0.928246,4434,4461,1599.0841,1608.8214,0.46,False,baseline
TOSTADA-B_003_jpg.rf.ef070508fe8cf028db79cd03961c37d8.jpg,TP,8,18,0.926537,7191,7285,2593.3726,2627.2729,0.46,False,baseline
TOSTADA-B_003_jpg.rf.ef070508fe8cf028db79cd03961c37d8.jpg,TP,3,23,0.924878,2700,2809,973.7319,1013.0418,0.46,False,baseline
TOSTADA-B_003_jpg.rf.ef070508fe8cf028db79cd03961c37d8.jpg,TP,16,17,0.923576,14751,14899,5319.8219,5373.1968,0.46,False,baseline
TOSTADA-B_003_jpg.rf.ef070508fe8cf028db79cd03961c37d8.jpg,TP,14,20,0.923001,1975,1946,712.2668,701.8082,0.46,False,baseline
TOSTADA-B_003_jpg.rf.ef070508fe8cf028db79cd03961c37d8.jpg,TP,6,19,0.915603,1320,1381,476.0467,498.0458,0.46,False,baseline
TOSTADA-B_003_jpg.rf.ef070508fe8cf028db79cd03961c37d8.jpg,TP,4,3,0.913612,6326,6411,2281.4177,2312.0722,0.46,False,baseline
TOSTADA-B_003_jpg.rf.ef070508fe8cf028db79cd03961c37d8.jpg,TP,22,21,0.908446,2837,2812,1023.1398,1014.1237,0.46,False,baseline
TOSTADA-B_003_jpg.rf.ef070508fe8cf028db79cd03961c37d8.jpg,TP,1,10,0.907118,2462,2548,887.8992,918.9144,0.46,False,baseline
TOSTADA-B_003_jpg.rf.ef070508fe8cf028db79cd03961c37d8.jpg,TP,7,25,0.893851,1281,1306,461.9817,470.9977,0.46,False,baseline
TOSTADA-B_003_jpg.rf.ef070508fe8cf028db79cd03961c37d8.jpg,TP,10,5,0.873362,670,617,241.6298,222.5158,0.46,False,baseline
TOSTADA-B_003_jpg.rf.ef070508fe8cf028db79cd03961c37d8.jpg,TP,17,16,0.860906,7140,6707,2574.9798,2418.8222,0.46,False,baseline
TOSTADA-B_003_jpg.rf.ef070508fe8cf028db79cd03961c37d8.jpg,TP,5,12,0.851,875,976,315.5613,351.986,0.46,False,baseline
TOSTADA-B_003_jpg.rf.ef070508fe8cf028db79cd03961c37d8.jpg,TP,21,1,0.836798,5401,5820,1947.8244,2098.9332,0.46,False,baseline
TOSTADA-B_003_jpg.rf.ef070508fe8cf028db79cd03961c37d8.jpg,TP,23,7,0.810914,2976,3163,1073.2689,1140.7089,0.46,False,baseline
TOSTADA-B_003_jpg.rf.ef070508fe8cf028db79cd03961c37d8.jpg,TP,15,6,0.732919,279,279,100.619,100.619,0.46,False,baseline
TOSTADA-B_003_jpg.rf.ef070508fe8cf028db79cd03961c37d8.jpg,TP,18,24,0.578721,4317,2672,1556.8891,963.6339,0.46,False,baseline
TOSTADA-B_003_jpg.rf.ef070508fe8cf028db79cd03961c37d8.jpg,FP,12,-1,0.0,0,1660,0,598.6648,0.46,False,baseline
TOSTADA-B_003_jpg.rf.ef070508fe8cf028db79cd03961c37d8.jpg,FP,20,-1,0.0,0,1910,0,688.8252,0.46,False,baseline
TOSTADA-B_003_jpg.rf.ef070508fe8cf028db79cd03961c37d8.jpg,FP,24,-1,0.0,0,4736,0,1707.9978,0.46,False,baseline
TOSTADA-B_003_jpg.rf.ef070508fe8cf028db79cd03961c37d8.jpg,FN,-1,8,0.0,210,0,75.7347,0,0.46,False,baseline
TOSTADA-B_003_jpg.rf.ef070508fe8cf028db79cd03961c37d8.jpg,FN,-1,11,0.0,9846,0,3550.8756,0,0.46,False,baseline
TOSTADA-B_003_jpg.rf.ef070508fe8cf028db79cd03961c37d8.jpg,FN,-1,13,0.0,908,0,327.4624,0,0.46,False,baseline
TOSTADA-B_003_jpg.rf.ef070508fe8cf028db79cd03961c37d8.jpg,FN,-1,14,0.0,5311,0,1915.3666,0,0.46,False,baseline
TOSTADA-B_006_jpg.rf.fd9a20fd791843647a700cdeb77e0cc3.jpg,TP,9,0,0.953336,10743,10773,3874.371,3885.1902,0.46,False,baseline
TOSTADA-B_006_jpg.rf.fd9a20fd791843647a700cdeb77e0cc3.jpg,TP,8,5,0.949665,5909,6021,2131.0303,2171.4221,0.46,False,baseline
TOSTADA-B_006_jpg.rf.fd9a20fd791843647a700cdeb77e0cc3.jpg,TP,1,22,0.940417,2521,2592,909.177,934.7826,0.46,False,baseline
TOSTADA-B_006_jpg.rf.fd9a20fd791843647a700cdeb77e0cc3.jpg,TP,2,1,0.934352,4924,4947,1775.7984,1784.0932,0.46,False,baseline
TOSTADA-B_006_jpg.rf.fd9a20fd791843647a700cdeb77e0cc3.jpg,TP,18,8,0.932671,14514,14650,5234.3498,5283.3971,0.46,False,baseline
TOSTADA-B_006_jpg.rf.fd9a20fd791843647a700cdeb77e0cc3.jpg,TP,4,3,0.925836,3530,3611,1273.0643,1302.2762,0.46,False,baseline
TOSTADA-B_006_jpg.rf.fd9a20fd791843647a700cdeb77e0cc3.jpg,TP,6,4,0.920942,8768,8532,3162.1042,3076.9927,0.46,False,baseline
TOSTADA-B_006_jpg.rf.fd9a20fd791843647a700cdeb77e0cc3.jpg,TP,3,12,0.920646,2810,2781,1013.4025,1002.9438,0.46,False,baseline
TOSTADA-B_006_jpg.rf.fd9a20fd791843647a700cdeb77e0cc3.jpg,TP,10,9,0.919607,6920,6953,2495.6388,2507.5399,0.46,False,baseline
TOSTADA-B_006_jpg.rf.fd9a20fd791843647a700cdeb77e0cc3.jpg,TP,13,6,0.919525,4980,5205,1795.9944,1877.1387,0.46,False,baseline
TOSTADA-B_006_jpg.rf.fd9a20fd791843647a700cdeb77e0cc3.jpg,TP,0,23,0.908211,5419,5620,1954.316,2026.8049,0.46,False,baseline
TOSTADA-B_006_jpg.rf.fd9a20fd791843647a700cdeb77e0cc3.jpg,TP,12,13,0.907652,1482,1410,534.4706,508.5045,0.46,False,baseline
TOSTADA-B_006_jpg.rf.fd9a20fd791843647a700cdeb77e0cc3.jpg,TP,11,15,0.906759,1941,1924,700.005,693.8741,0.46,False,baseline
TOSTADA-B_006_jpg.rf.fd9a20fd791843647a700cdeb77e0cc3.jpg,TP,16,17,0.906166,740,682,266.8747,245.9575,0.46,False,baseline
TOSTADA-B_006_jpg.rf.fd9a20fd791843647a700cdeb77e0cc3.jpg,TP,7,11,0.905699,1421,1388,512.4715,500.5703,0.46,False,baseline
TOSTADA-B_006_jpg.rf.fd9a20fd791843647a700cdeb77e0cc3.jpg,TP,14,16,0.881965,1321,1246,476.4073,449.3592,0.46,False,baseline
TOSTADA-B_006_jpg.rf.fd9a20fd791843647a700cdeb77e0cc3.jpg,TP,5,14,0.865129,1071,1031,386.247,371.8213,0.46,False,baseline
TOSTADA-B_006_jpg.rf.fd9a20fd791843647a700cdeb77e0cc3.jpg,TP,22,7,0.858331,6177,5668,2227.6822,2044.1157,0.46,False,baseline
TOSTADA-B_006_jpg.rf.fd9a20fd791843647a700cdeb77e0cc3.jpg,TP,15,2,0.852761,575,633,207.3688,228.286,0.46,False,baseline
TOSTADA-B_006_jpg.rf.fd9a20fd791843647a700cdeb77e0cc3.jpg,TP,19,10,0.660332,2847,1958,1026.7461,706.1359,0.46,False,baseline
TOSTADA-B_006_jpg.rf.fd9a20fd791843647a700cdeb77e0cc3.jpg,FP,17,-1,0.0,0,1658,0,597.9435,0.46,False,baseline
TOSTADA-B_006_jpg.rf.fd9a20fd791843647a700cdeb77e0cc3.jpg,FP,20,-1,0.0,0,3989,0,1438.5987,0.46,False,baseline
TOSTADA-B_006_jpg.rf.fd9a20fd791843647a700cdeb77e0cc3.jpg,FP,21,-1,0.0,0,724,0,261.1044,0.46,False,baseline
TOSTADA-B_006_jpg.rf.fd9a20fd791843647a700cdeb77e0cc3.jpg,FN,-1,18,0.0,16913,0,6099.5287,0,0.46,False,baseline
TOSTADA-B_006_jpg.rf.fd9a20fd791843647a700cdeb77e0cc3.jpg,FN,-1,19,0.0,652,0,235.1382,0,0.46,False,baseline
TOSTADA-B_006_jpg.rf.fd9a20fd791843647a700cdeb77e0cc3.jpg,FN,-1,20,0.0,6433,0,2320.0064,0,0.46,False,baseline
TOSTADA-B_006_jpg.rf.fd9a20fd791843647a700cdeb77e0cc3.jpg,FN,-1,21,0.0,7549,0,2722.4822,0,0.46,False,baseline
TOSTADA-G_009_jpg.rf.506f019d1e54427e5f81510789439725.jpg,TP,10,24,0.956462,1424,1407,513.5534,507.4225,0.46,False,baseline
TOSTADA-G_009_jpg.rf.506f019d1e54427e5f81510789439725.jpg,TP,11,16,0.942221,3285,3169,1184.7071,1142.8727,0.46,False,baseline
TOSTADA-G_009_jpg.rf.506f019d1e54427e5f81510789439725.jpg,TP,1,31,0.939154,3593,3514,1295.7847,1267.294,0.46,False,baseline
TOSTADA-G_009_jpg.rf.506f019d1e54427e5f81510789439725.jpg,TP,23,19,0.933192,5436,5531,1960.4469,1994.7078,0.46,False,baseline
TOSTADA-G_009_jpg.rf.506f019d1e54427e5f81510789439725.jpg,TP,31,6,0.93308,8009,7792,2888.3773,2810.1181,0.46,False,baseline
TOSTADA-G_009_jpg.rf.506f019d1e54427e5f81510789439725.jpg,TP,5,27,0.931394,7514,7491,2709.8598,2701.565,0.46,False,baseline
TOSTADA-G_009_jpg.rf.506f019d1e54427e5f81510789439725.jpg,TP,0,33,0.931346,6702,6773,2417.0189,2442.6245,0.46,False,baseline
TOSTADA-G_009_jpg.rf.506f019d1e54427e5f81510789439725.jpg,TP,16,35,0.928711,2524,2400,910.259,865.5394,0.46,False,baseline
TOSTADA-G_009_jpg.rf.506f019d1e54427e5f81510789439725.jpg,TP,32,5,0.9271,2324,2355,838.1307,849.3106,0.46,False,baseline
TOSTADA-G_009_jpg.rf.506f019d1e54427e5f81510789439725.jpg,TP,18,17,0.925305,3119,3196,1124.8407,1152.6101,0.46,False,baseline
TOSTADA-G_009_jpg.rf.506f019d1e54427e5f81510789439725.jpg,TP,2,28,0.921605,2059,2059,742.5607,742.5607,0.46,False,baseline
TOSTADA-G_009_jpg.rf.506f019d1e54427e5f81510789439725.jpg,TP,8,37,0.918187,3293,3225,1187.5922,1163.0686,0.46,False,baseline
TOSTADA-G_009_jpg.rf.506f019d1e54427e5f81510789439725.jpg,TP,21,20,0.914317,1703,1760,614.1724,634.7289,0.46,False,baseline
TOSTADA-G_009_jpg.rf.506f019d1e54427e5f81510789439725.jpg,TP,3,38,0.9105,4160,4101,1500.2684,1478.9905,0.46,False,baseline
TOSTADA-G_009_jpg.rf.506f019d1e54427e5f81510789439725.jpg,TP,4,26,0.909904,2761,2793,995.731,1007.2716,0.46,False,baseline
TOSTADA-G_009_jpg.rf.506f019d1e54427e5f81510789439725.jpg,TP,6,32,0.908793,2339,2328,843.5403,839.5733,0.46,False,baseline
TOSTADA-G_009_jpg.rf.506f019d1e54427e5f81510789439725.jpg,TP,19,4,0.907961,2480,2433,894.3908,877.4407,0.46,False,baseline
TOSTADA-G_009_jpg.rf.506f019d1e54427e5f81510789439725.jpg,TP,9,36,0.907532,2631,2485,948.8476,896.194,0.46,False,baseline
TOSTADA-G_009_jpg.rf.506f019d1e54427e5f81510789439725.jpg,TP,35,18,0.903524,2677,2887,965.4371,1041.1719,0.46,False,baseline
TOSTADA-G_009_jpg.rf.506f019d1e54427e5f81510789439725.jpg,TP,26,39,0.896636,1540,1561,555.3879,562.9613,0.46,False,baseline
TOSTADA-G_009_jpg.rf.506f019d1e54427e5f81510789439725.jpg,TP,7,29,0.888337,1166,1117,420.5079,402.8365,0.46,False,baseline
TOSTADA-G_009_jpg.rf.506f019d1e54427e5f81510789439725.jpg,TP,14,30,0.877657,1597,1672,575.9444,602.9925,0.46,False,baseline
TOSTADA-G_009_jpg.rf.506f019d1e54427e5f81510789439725.jpg,TP,20,41,0.874513,1204,1201,434.2123,433.1304,0.46,False,baseline
TOSTADA-G_009_jpg.rf.506f019d1e54427e5f81510789439725.jpg,TP,13,23,0.873372,1837,1758,662.4983,634.0076,0.46,False,baseline
TOSTADA-G_009_jpg.rf.506f019d1e54427e5f81510789439725.jpg,TP,12,40,0.872103,1094,1087,394.5418,392.0172,0.46,False,baseline
TOSTADA-G_009_jpg.rf.506f019d1e54427e5f81510789439725.jpg,TP,24,10,0.861193,12342,11096,4451.0366,4001.6774,0.46,False,baseline
TOSTADA-G_009_jpg.rf.506f019d1e54427e5f81510789439725.jpg,TP,17,25,0.860174,969,960,349.4615,346.2158,0.46,False,baseline
TOSTADA-G_009_jpg.rf.506f019d1e54427e5f81510789439725.jpg,TP,29,13,0.852317,4214,4340,1519.743,1565.1838,0.46,False,baseline
TOSTADA-G_009_jpg.rf.506f019d1e54427e5f81510789439725.jpg,TP,15,2,0.84283,12821,13795,4623.7839,4975.0486,0.46,False,baseline
TOSTADA-G_009_jpg.rf.506f019d1e54427e5f81510789439725.jpg,TP,25,0,0.832353,598,648,215.6635,233.6957,0.46,False,baseline
TOSTADA-G_009_jpg.rf.506f019d1e54427e5f81510789439725.jpg,TP,36,3,0.811006,1668,1590,601.5499,573.4199,0.46,False,baseline
TOSTADA-G_009_jpg.rf.506f019d1e54427e5f81510789439725.jpg,TP,30,9,0.767224,9497,11434,3425.0118,4123.5742,0.46,False,baseline
TOSTADA-G_009_jpg.rf.506f019d1e54427e5f81510789439725.jpg,TP,27,21,0.750836,10345,13209,3730.8357,4763.7127,0.46,False,baseline
TOSTADA-G_009_jpg.rf.506f019d1e54427e5f81510789439725.jpg,TP,33,1,0.731111,372,407,134.1586,146.7811,0.46,False,baseline
TOSTADA-G_009_jpg.rf.506f019d1e54427e5f81510789439725.jpg,TP,22,14,0.722635,7144,9333,2576.4224,3365.8666,0.46,False,baseline
TOSTADA-G_009_jpg.rf.506f019d1e54427e5f81510789439725.jpg,TP,28,7,0.721809,20870,21929,7526.5868,7908.5061,0.46,False,baseline
TOSTADA-G_009_jpg.rf.506f019d1e54427e5f81510789439725.jpg,TP,34,11,0.574203,7076,11731,2551.8988,4230.6847,0.46,False,baseline
TOSTADA-G_009_jpg.rf.506f019d1e54427e5f81510789439725.jpg,FP,37,-1,0.0,0,9906,0,3572.5141,0.46,False,baseline
TOSTADA-G_009_jpg.rf.506f019d1e54427e5f81510789439725.jpg,FN,-1,8,0.0,4178,0,1506.7599,0,0.46,False,baseline
TOSTADA-G_009_jpg.rf.506f019d1e54427e5f81510789439725.jpg,FN,-1,12,0.0,3533,0,1274.1462,0,0.46,False,baseline
TOSTADA-G_009_jpg.rf.506f019d1e54427e5f81510789439725.jpg,FN,-1,15,0.0,2526,0,910.9803,0,0.46,False,baseline
TOSTADA-G_009_jpg.rf.506f019d1e54427e5f81510789439725.jpg,FN,-1,22,0.0,2314,0,834.5243,0,0.46,False,baseline
TOSTADA-G_009_jpg.rf.506f019d1e54427e5f81510789439725.jpg,FN,-1,34,0.0,3351,0,1208.5095,0,0.46,False,baseline
TOSTADA-G_011_jpg.rf.c0b219a9a6742c565eddfcdb51541b7d.jpg,TP,24,24,0.948701,7170,7151,2585.7991,2578.9469,0.46,False,baseline
TOSTADA-G_011_jpg.rf.c0b219a9a6742c565eddfcdb51541b7d.jpg,TP,1,12,0.942551,6091,6217,2196.667,2242.1078,0.46,False,baseline
TOSTADA-G_011_jpg.rf.c0b219a9a6742c565eddfcdb51541b7d.jpg,TP,9,22,0.938398,11141,10980,4017.9062,3959.843,0.46,False,baseline
TOSTADA-G_011_jpg.rf.c0b219a9a6742c565eddfcdb51541b7d.jpg,TP,0,19,0.936702,7302,7415,2633.4038,2674.1562,0.46,False,baseline
TOSTADA-G_011_jpg.rf.c0b219a9a6742c565eddfcdb51541b7d.jpg,TP,7,21,0.928589,7940,8102,2863.493,2921.9169,0.46,False,baseline
TOSTADA-G_011_jpg.rf.c0b219a9a6742c565eddfcdb51541b7d.jpg,TP,4,3,0.92671,2900,3015,1045.8602,1087.334,0.46,False,baseline
TOSTADA-G_011_jpg.rf.c0b219a9a6742c565eddfcdb51541b7d.jpg,TP,2,6,0.924584,8048,8157,2902.4423,2941.7522,0.46,False,baseline
TOSTADA-G_011_jpg.rf.c0b219a9a6742c565eddfcdb51541b7d.jpg,TP,6,1,0.924156,6489,6399,2340.2023,2307.7446,0.46,False,baseline
TOSTADA-G_011_jpg.rf.c0b219a9a6742c565eddfcdb51541b7d.jpg,TP,8,25,0.923749,10608,10736,3825.6843,3871.8465,0.46,False,baseline
TOSTADA-G_011_jpg.rf.c0b219a9a6742c565eddfcdb51541b7d.jpg,TP,5,18,0.923699,2773,2698,1000.0587,973.0106,0.46,False,baseline
TOSTADA-G_011_jpg.rf.c0b219a9a6742c565eddfcdb51541b7d.jpg,TP,21,28,0.921269,850,785,306.5452,283.1035,0.46,False,baseline
TOSTADA-G_011_jpg.rf.c0b219a9a6742c565eddfcdb51541b7d.jpg,TP,10,20,0.916885,4373,4414,1577.085,1591.8713,0.46,False,baseline
TOSTADA-G_011_jpg.rf.c0b219a9a6742c565eddfcdb51541b7d.jpg,TP,12,26,0.916816,5366,5349,1935.202,1929.0711,0.46,False,baseline
TOSTADA-G_011_jpg.rf.c0b219a9a6742c565eddfcdb51541b7d.jpg,TP,15,11,0.915455,4668,4689,1683.4742,1691.0477,0.46,False,baseline
TOSTADA-G_011_jpg.rf.c0b219a9a6742c565eddfcdb51541b7d.jpg,TP,19,10,0.914881,12843,12893,4631.718,4649.75,0.46,False,baseline
TOSTADA-G_011_jpg.rf.c0b219a9a6742c565eddfcdb51541b7d.jpg,TP,3,13,0.914549,2140,2229,771.7727,803.8697,0.46,False,baseline
TOSTADA-G_011_jpg.rf.c0b219a9a6742c565eddfcdb51541b7d.jpg,TP,13,15,0.913867,1114,1108,401.7545,399.5907,0.46,False,baseline
TOSTADA-G_011_jpg.rf.c0b219a9a6742c565eddfcdb51541b7d.jpg,TP,14,9,0.903933,1246,1271,449.3592,458.3753,0.46,False,baseline
TOSTADA-G_011_jpg.rf.c0b219a9a6742c565eddfcdb51541b7d.jpg,TP,22,16,0.884259,414,400,149.3056,144.2565,0.46,False,baseline
TOSTADA-G_011_jpg.rf.c0b219a9a6742c565eddfcdb51541b7d.jpg,TP,18,29,0.87973,731,660,263.6289,238.0233,0.46,False,baseline
TOSTADA-G_011_jpg.rf.c0b219a9a6742c565eddfcdb51541b7d.jpg,TP,16,4,0.877871,871,928,314.1187,334.6753,0.46,False,baseline
TOSTADA-G_011_jpg.rf.c0b219a9a6742c565eddfcdb51541b7d.jpg,TP,11,2,0.872946,834,876,300.775,315.9219,0.46,False,baseline
TOSTADA-G_011_jpg.rf.c0b219a9a6742c565eddfcdb51541b7d.jpg,TP,20,0,0.864996,1141,1166,411.4919,420.5079,0.46,False,baseline
TOSTADA-G_011_jpg.rf.c0b219a9a6742c565eddfcdb51541b7d.jpg,TP,23,27,0.842365,1015,855,366.0511,308.3484,0.46,False,baseline
TOSTADA-G_011_jpg.rf.c0b219a9a6742c565eddfcdb51541b7d.jpg,TP,17,8,0.827262,735,820,265.0714,295.726,0.46,False,baseline
TOSTADA-G_011_jpg.rf.c0b219a9a6742c565eddfcdb51541b7d.jpg,TP,25,7,0.772152,216,204,77.8986,73.5708,0.46,False,baseline
TOSTADA-G_011_jpg.rf.c0b219a9a6742c565eddfcdb51541b7d.jpg,TP,30,14,0.644231,103,68,37.1461,24.5236,0.46,False,baseline
TOSTADA-G_011_jpg.rf.c0b219a9a6742c565eddfcdb51541b7d.jpg,TP,28,17,0.597975,20758,17750,7486.195,6401.3855,0.46,False,baseline
TOSTADA-G_011_jpg.rf.c0b219a9a6742c565eddfcdb51541b7d.jpg,FP,26,-1,0.0,0,18812,0,6784.3868,0.46,False,baseline
TOSTADA-G_011_jpg.rf.c0b219a9a6742c565eddfcdb51541b7d.jpg,FP,27,-1,0.0,0,21905,0,7899.8507,0.46,False,baseline
TOSTADA-G_011_jpg.rf.c0b219a9a6742c565eddfcdb51541b7d.jpg,FP,29,-1,0.0,0,9748,0,3515.5328,0.46,False,baseline
TOSTADA-G_011_jpg.rf.c0b219a9a6742c565eddfcdb51541b7d.jpg,FN,-1,5,0.0,37764,0,13619.2633,0,0.46,False,baseline
TOSTADA-G_011_jpg.rf.c0b219a9a6742c565eddfcdb51541b7d.jpg,FN,-1,23,0.0,31,0,11.1799,0,0.46,False,baseline
TP-B_001_jpg.rf.476ac40460a2659ffbad7973abf99d86.jpg,TP,5,17,0.947392,4295,4367,1548.955,1574.9211,0.46,False,baseline
TP-B_001_jpg.rf.476ac40460a2659ffbad7973abf99d86.jpg,TP,16,25,0.930885,13339,13425,4810.5961,4841.6113,0.46,False,baseline
TP-B_001_jpg.rf.476ac40460a2659ffbad7973abf99d86.jpg,TP,12,12,0.927507,5669,5844,2044.4763,2107.5885,0.46,False,baseline
TP-B_001_jpg.rf.476ac40460a2659ffbad7973abf99d86.jpg,TP,0,15,0.926854,5630,5750,2030.4113,2073.6882,0.46,False,baseline
TP-B_001_jpg.rf.476ac40460a2659ffbad7973abf99d86.jpg,TP,14,14,0.922048,1633,1671,588.9275,602.6318,0.46,False,baseline
TP-B_001_jpg.rf.476ac40460a2659ffbad7973abf99d86.jpg,TP,13,9,0.918886,6222,6387,2243.911,2303.4169,0.46,False,baseline
TP-B_001_jpg.rf.476ac40460a2659ffbad7973abf99d86.jpg,TP,15,2,0.912815,2741,2722,988.5182,981.666,0.46,False,baseline
TP-B_001_jpg.rf.476ac40460a2659ffbad7973abf99d86.jpg,TP,1,6,0.912782,1263,1281,455.4901,461.9817,0.46,False,baseline
TP-B_001_jpg.rf.476ac40460a2659ffbad7973abf99d86.jpg,TP,6,13,0.912105,4693,4879,1692.4902,1759.5696,0.46,False,baseline
TP-B_001_jpg.rf.476ac40460a2659ffbad7973abf99d86.jpg,TP,20,18,0.909025,2616,2651,943.438,956.0604,0.46,False,baseline
TP-B_001_jpg.rf.476ac40460a2659ffbad7973abf99d86.jpg,TP,3,10,0.90311,3135,3229,1130.6109,1164.5112,0.46,False,baseline
TP-B_001_jpg.rf.476ac40460a2659ffbad7973abf99d86.jpg,TP,10,1,0.902244,1913,1901,689.9071,685.5794,0.46,False,baseline
TP-B_001_jpg.rf.476ac40460a2659ffbad7973abf99d86.jpg,TP,19,26,0.901895,1794,1618,646.9907,583.5179,0.46,False,baseline
TP-B_001_jpg.rf.476ac40460a2659ffbad7973abf99d86.jpg,TP,4,7,0.899741,3250,3344,1172.0847,1205.985,0.46,False,baseline
TP-B_001_jpg.rf.476ac40460a2659ffbad7973abf99d86.jpg,TP,7,4,0.895409,1987,2018,716.5946,727.7744,0.46,False,baseline
TP-B_001_jpg.rf.476ac40460a2659ffbad7973abf99d86.jpg,TP,17,8,0.892777,27366,29370,9869.3136,10592.039,0.46,False,baseline
TP-B_001_jpg.rf.476ac40460a2659ffbad7973abf99d86.jpg,TP,9,11,0.888026,3122,3201,1125.9225,1154.4132,0.46,False,baseline
TP-B_001_jpg.rf.476ac40460a2659ffbad7973abf99d86.jpg,TP,2,3,0.887654,1506,1552,543.126,559.7155,0.46,False,baseline
TP-B_001_jpg.rf.476ac40460a2659ffbad7973abf99d86.jpg,TP,8,0,0.873148,4542,4687,1638.0334,1690.3264,0.46,False,baseline
TP-B_001_jpg.rf.476ac40460a2659ffbad7973abf99d86.jpg,TP,11,5,0.869399,977,984,352.3467,354.8711,0.46,False,baseline
TP-B_001_jpg.rf.476ac40460a2659ffbad7973abf99d86.jpg,TP,18,23,0.865047,688,694,248.1213,250.2851,0.46,False,baseline
TP-B_001_jpg.rf.476ac40460a2659ffbad7973abf99d86.jpg,TP,27,22,0.821993,5685,5615,2050.2466,2025.0017,0.46,False,baseline
TP-B_001_jpg.rf.476ac40460a2659ffbad7973abf99d86.jpg,TP,28,20,0.820237,3763,4368,1357.0938,1575.2818,0.46,False,baseline
TP-B_001_jpg.rf.476ac40460a2659ffbad7973abf99d86.jpg,TP,22,28,0.791045,183,177,65.9974,63.8335,0.46,False,baseline
TP-B_001_jpg.rf.476ac40460a2659ffbad7973abf99d86.jpg,TP,23,29,0.737043,4705,3506,1696.818,1264.4089,0.46,False,baseline
TP-B_001_jpg.rf.476ac40460a2659ffbad7973abf99d86.jpg,TP,26,27,0.720238,168,121,60.5877,43.6376,0.46,False,baseline
TP-B_001_jpg.rf.476ac40460a2659ffbad7973abf99d86.jpg,TP,25,19,0.707224,229,220,82.5869,79.3411,0.46,False,baseline
TP-B_001_jpg.rf.476ac40460a2659ffbad7973abf99d86.jpg,TP,21,30,0.672056,12852,18382,4634.9638,6629.3109,0.46,False,baseline
TP-B_001_jpg.rf.476ac40460a2659ffbad7973abf99d86.jpg,FP,24,-1,0.0,0,5414,0,1952.5127,0.46,False,baseline
TP-B_001_jpg.rf.476ac40460a2659ffbad7973abf99d86.jpg,FN,-1,16,0.0,6639,0,2394.2985,0,0.46,False,baseline
TP-B_001_jpg.rf.476ac40460a2659ffbad7973abf99d86.jpg,FN,-1,21,0.0,1588,0,572.6986,0,0.46,False,baseline
TP-B_001_jpg.rf.476ac40460a2659ffbad7973abf99d86.jpg,FN,-1,24,0.0,4609,0,1662.1964,0,0.46,False,baseline
TP-D_010_jpg.rf.8e807d0647c50bd1b8d28134da2e26a4.jpg,TP,22,1,0.946031,4959,4993,1788.4209,1800.6827,0.46,False,baseline
TP-D_010_jpg.rf.8e807d0647c50bd1b8d28134da2e26a4.jpg,TP,21,46,0.944867,3681,3480,1327.5211,1255.0322,0.46,False,baseline
TP-D_010_jpg.rf.8e807d0647c50bd1b8d28134da2e26a4.jpg,TP,0,21,0.941799,6843,6736,2467.8694,2429.2807,0.46,False,baseline
TP-D_010_jpg.rf.8e807d0647c50bd1b8d28134da2e26a4.jpg,TP,3,32,0.938526,2551,2526,919.9963,910.9803,0.46,False,baseline
TP-D_010_jpg.rf.8e807d0647c50bd1b8d28134da2e26a4.jpg,TP,7,10,0.936298,5988,5897,2159.5209,2126.7026,0.46,False,baseline
TP-D_010_jpg.rf.8e807d0647c50bd1b8d28134da2e26a4.jpg,TP,29,23,0.934689,1606,1534,579.1902,553.2239,0.46,False,baseline
TP-D_010_jpg.rf.8e807d0647c50bd1b8d28134da2e26a4.jpg,TP,2,45,0.934097,2725,2675,982.7479,964.7158,0.46,False,baseline
TP-D_010_jpg.rf.8e807d0647c50bd1b8d28134da2e26a4.jpg,TP,18,8,0.933531,2258,2309,814.3284,832.7211,0.46,False,baseline
TP-D_010_jpg.rf.8e807d0647c50bd1b8d28134da2e26a4.jpg,TP,10,41,0.932931,3870,3825,1395.6823,1379.4535,0.46,False,baseline
TP-D_010_jpg.rf.8e807d0647c50bd1b8d28134da2e26a4.jpg,TP,12,13,0.932555,5580,5509,2012.3792,1986.7737,0.46,False,baseline
TP-D_010_jpg.rf.8e807d0647c50bd1b8d28134da2e26a4.jpg,TP,11,27,0.926333,2887,2892,1041.1719,1042.975,0.46,False,baseline
TP-D_010_jpg.rf.8e807d0647c50bd1b8d28134da2e26a4.jpg,TP,13,35,0.923502,3092,3169,1115.1033,1142.8727,0.46,False,baseline
TP-D_010_jpg.rf.8e807d0647c50bd1b8d28134da2e26a4.jpg,TP,14,17,0.923369,6020,6153,2171.0615,2219.0267,0.46,False,baseline
TP-D_010_jpg.rf.8e807d0647c50bd1b8d28134da2e26a4.jpg,TP,24,3,0.919804,1786,1733,644.1056,624.9916,0.46,False,baseline
TP-D_010_jpg.rf.8e807d0647c50bd1b8d28134da2e26a4.jpg,TP,6,42,0.919355,2256,2266,813.6071,817.2135,0.46,False,baseline
TP-D_010_jpg.rf.8e807d0647c50bd1b8d28134da2e26a4.jpg,TP,38,18,0.913444,3081,3153,1111.1363,1137.1025,0.46,False,baseline
TP-D_010_jpg.rf.8e807d0647c50bd1b8d28134da2e26a4.jpg,TP,34,12,0.913423,1421,1430,512.4715,515.7172,0.46,False,baseline
TP-D_010_jpg.rf.8e807d0647c50bd1b8d28134da2e26a4.jpg,TP,16,30,0.913316,1807,1857,651.6791,669.7112,0.46,False,baseline
TP-D_010_jpg.rf.8e807d0647c50bd1b8d28134da2e26a4.jpg,TP,25,14,0.913129,9814,9566,3539.3351,3449.896,0.46,False,baseline
TP-D_010_jpg.rf.8e807d0647c50bd1b8d28134da2e26a4.jpg,TP,9,6,0.911085,2435,2358,878.1619,850.3925,0.46,False,baseline
TP-D_010_jpg.rf.8e807d0647c50bd1b8d28134da2e26a4.jpg,TP,5,22,0.910526,2671,2774,963.2733,1000.4194,0.46,False,baseline
TP-D_010_jpg.rf.8e807d0647c50bd1b8d28134da2e26a4.jpg,TP,4,40,0.910141,1466,1510,528.7003,544.5686,0.46,False,baseline
TP-D_010_jpg.rf.8e807d0647c50bd1b8d28134da2e26a4.jpg,TP,15,9,0.906929,1859,1829,670.4324,659.6132,0.46,False,baseline
TP-D_010_jpg.rf.8e807d0647c50bd1b8d28134da2e26a4.jpg,TP,8,44,0.904138,2772,2750,999.6981,991.764,0.46,False,baseline
TP-D_010_jpg.rf.8e807d0647c50bd1b8d28134da2e26a4.jpg,TP,27,29,0.902611,3160,3326,1139.627,1199.4935,0.46,False,baseline
TP-D_010_jpg.rf.8e807d0647c50bd1b8d28134da2e26a4.jpg,TP,17,38,0.898216,1808,1810,652.0397,652.761,0.46,False,baseline
TP-D_010_jpg.rf.8e807d0647c50bd1b8d28134da2e26a4.jpg,TP,19,39,0.898183,2264,2229,816.4922,803.8697,0.46,False,baseline
TP-D_010_jpg.rf.8e807d0647c50bd1b8d28134da2e26a4.jpg,TP,23,25,0.896076,895,893,322.7741,322.0528,0.46,False,baseline
TP-D_010_jpg.rf.8e807d0647c50bd1b8d28134da2e26a4.jpg,TP,26,15,0.893617,2236,2303,806.3943,830.5573,0.46,False,baseline
TP-D_010_jpg.rf.8e807d0647c50bd1b8d28134da2e26a4.jpg,TP,1,37,0.892982,1891,1912,681.973,689.5464,0.46,False,baseline
TP-D_010_jpg.rf.8e807d0647c50bd1b8d28134da2e26a4.jpg,TP,20,19,0.889092,7153,7291,2579.6682,2629.4368,0.46,False,baseline
TP-D_010_jpg.rf.8e807d0647c50bd1b8d28134da2e26a4.jpg,TP,45,36,0.888944,1938,1855,698.9231,668.9899,0.46,False,baseline
TP-D_010_jpg.rf.8e807d0647c50bd1b8d28134da2e26a4.jpg,TP,32,0,0.877729,618,672,222.8764,242.3511,0.46,False,baseline
TP-D_010_jpg.rf.8e807d0647c50bd1b8d28134da2e26a4.jpg,TP,28,7,0.875902,1293,1307,466.3093,471.3584,0.46,False,baseline
TP-D_010_jpg.rf.8e807d0647c50bd1b8d28134da2e26a4.jpg,TP,36,11,0.863039,1469,1510,529.7823,544.5686,0.46,False,baseline
TP-D_010_jpg.rf.8e807d0647c50bd1b8d28134da2e26a4.jpg,TP,31,33,0.84304,938,929,338.2817,335.0359,0.46,False,baseline
TP-D_010_jpg.rf.8e807d0647c50bd1b8d28134da2e26a4.jpg,TP,30,16,0.812963,485,494,174.9111,178.1569,0.46,False,baseline
TP-D_010_jpg.rf.8e807d0647c50bd1b8d28134da2e26a4.jpg,TP,33,24,0.799031,362,381,130.5522,137.4044,0.46,False,baseline
TP-D_010_jpg.rf.8e807d0647c50bd1b8d28134da2e26a4.jpg,TP,37,5,0.762938,534,522,192.5825,188.2548,0.46,False,baseline
TP-D_010_jpg.rf.8e807d0647c50bd1b8d28134da2e26a4.jpg,TP,41,2,0.721698,183,182,65.9974,65.6368,0.46,False,baseline
TP-D_010_jpg.rf.8e807d0647c50bd1b8d28134da2e26a4.jpg,TP,39,26,0.64,125,80,45.0802,28.8513,0.46,False,baseline
TP-D_010_jpg.rf.8e807d0647c50bd1b8d28134da2e26a4.jpg,TP,43,31,0.596969,7612,4929,2745.2026,1777.6017,0.46,False,baseline
TP-D_010_jpg.rf.8e807d0647c50bd1b8d28134da2e26a4.jpg,FP,35,-1,0.0,0,2745,0,989.9607,0.46,False,baseline
TP-D_010_jpg.rf.8e807d0647c50bd1b8d28134da2e26a4.jpg,FP,40,-1,0.0,0,1618,0,583.5179,0.46,False,baseline
TP-D_010_jpg.rf.8e807d0647c50bd1b8d28134da2e26a4.jpg,FP,42,-1,0.0,0,2954,0,1065.3348,0.46,False,baseline
TP-D_010_jpg.rf.8e807d0647c50bd1b8d28134da2e26a4.jpg,FP,44,-1,0.0,0,892,0,321.6922,0.46,False,baseline
TP-D_010_jpg.rf.8e807d0647c50bd1b8d28134da2e26a4.jpg,FP,46,-1,0.0,0,2292,0,826.5902,0.46,False,baseline
TP-D_010_jpg.rf.8e807d0647c50bd1b8d28134da2e26a4.jpg,FN,-1,4,0.0,20,0,7.2129,0,0.46,False,baseline
TP-D_010_jpg.rf.8e807d0647c50bd1b8d28134da2e26a4.jpg,FN,-1,20,0.0,364,0,131.2735,0,0.46,False,baseline
TP-D_010_jpg.rf.8e807d0647c50bd1b8d28134da2e26a4.jpg,FN,-1,28,0.0,12,0,4.3277,0,0.46,False,baseline
TP-D_010_jpg.rf.8e807d0647c50bd1b8d28134da2e26a4.jpg,FN,-1,34,0.0,67,0,24.163,0,0.46,False,baseline
TP-D_010_jpg.rf.8e807d0647c50bd1b8d28134da2e26a4.jpg,FN,-1,43,0.0,56,0,20.1959,0,0.46,False,baseline
TP-G_008_jpg.rf.7ce2f84776589571f8d07c60f1c4e63c.jpg,TP,0,8,0.943104,25315,24854,9129.638,8963.3823,0.46,False,baseline
TP-G_008_jpg.rf.7ce2f84776589571f8d07c60f1c4e63c.jpg,TP,12,26,0.943021,2585,2496,932.2581,900.161,0.46,False,baseline
TP-G_008_jpg.rf.7ce2f84776589571f8d07c60f1c4e63c.jpg,TP,3,2,0.939658,6638,6734,2393.9379,2428.5595,0.46,False,baseline
TP-G_008_jpg.rf.7ce2f84776589571f8d07c60f1c4e63c.jpg,TP,4,12,0.93793,7332,7311,2644.223,2636.6495,0.46,False,baseline
TP-G_008_jpg.rf.7ce2f84776589571f8d07c60f1c4e63c.jpg,TP,16,9,0.936888,7563,7475,2727.5312,2695.7947,0.46,False,baseline
TP-G_008_jpg.rf.7ce2f84776589571f8d07c60f1c4e63c.jpg,TP,5,13,0.933611,6396,6594,2306.6626,2378.0697,0.46,False,baseline
TP-G_008_jpg.rf.7ce2f84776589571f8d07c60f1c4e63c.jpg,TP,15,7,0.933328,23990,23711,8651.7881,8551.1691,0.46,False,baseline
TP-G_008_jpg.rf.7ce2f84776589571f8d07c60f1c4e63c.jpg,TP,13,15,0.93007,2315,2377,834.8849,857.2447,0.46,False,baseline
TP-G_008_jpg.rf.7ce2f84776589571f8d07c60f1c4e63c.jpg,TP,10,14,0.92324,3548,3693,1279.5559,1331.8488,0.46,False,baseline
TP-G_008_jpg.rf.7ce2f84776589571f8d07c60f1c4e63c.jpg,TP,11,24,0.917557,6019,6192,2170.7008,2233.0918,0.46,False,baseline
TP-G_008_jpg.rf.7ce2f84776589571f8d07c60f1c4e63c.jpg,TP,1,16,0.916436,4743,4958,1710.5224,1788.0603,0.46,False,baseline
TP-G_008_jpg.rf.7ce2f84776589571f8d07c60f1c4e63c.jpg,TP,9,6,0.915752,4545,4528,1639.1154,1632.9845,0.46,False,baseline
TP-G_008_jpg.rf.7ce2f84776589571f8d07c60f1c4e63c.jpg,TP,8,25,0.913623,1641,1660,591.8126,598.6648,0.46,False,baseline
TP-G_008_jpg.rf.7ce2f84776589571f8d07c60f1c4e63c.jpg,TP,20,1,0.913038,8331,8190,3004.5039,2953.6534,0.46,False,baseline
TP-G_008_jpg.rf.7ce2f84776589571f8d07c60f1c4e63c.jpg,TP,6,11,0.906409,5054,5090,1822.6818,1835.6649,0.46,False,baseline
TP-G_008_jpg.rf.7ce2f84776589571f8d07c60f1c4e63c.jpg,TP,2,20,0.904998,2269,2343,818.2955,844.9829,0.46,False,baseline
TP-G_008_jpg.rf.7ce2f84776589571f8d07c60f1c4e63c.jpg,TP,24,0,0.903263,5004,5030,1804.6497,1814.0264,0.46,False,baseline
TP-G_008_jpg.rf.7ce2f84776589571f8d07c60f1c4e63c.jpg,TP,14,29,0.900773,757,718,273.0056,258.9405,0.46,False,baseline
TP-G_008_jpg.rf.7ce2f84776589571f8d07c60f1c4e63c.jpg,TP,22,22,0.900648,866,894,312.3155,322.4135,0.46,False,baseline
TP-G_008_jpg.rf.7ce2f84776589571f8d07c60f1c4e63c.jpg,TP,23,10,0.900597,3168,3199,1142.5121,1153.6919,0.46,False,baseline
TP-G_008_jpg.rf.7ce2f84776589571f8d07c60f1c4e63c.jpg,TP,17,18,0.895388,865,820,311.9548,295.726,0.46,False,baseline
TP-G_008_jpg.rf.7ce2f84776589571f8d07c60f1c4e63c.jpg,TP,7,21,0.892857,1438,1424,518.6024,513.5534,0.46,False,baseline
TP-G_008_jpg.rf.7ce2f84776589571f8d07c60f1c4e63c.jpg,TP,19,19,0.88296,577,517,208.0901,186.4516,0.46,False,baseline
TP-G_008_jpg.rf.7ce2f84776589571f8d07c60f1c4e63c.jpg,TP,25,27,0.864309,1414,1485,509.947,535.5525,0.46,False,baseline
TP-G_008_jpg.rf.7ce2f84776589571f8d07c60f1c4e63c.jpg,TP,21,23,0.845154,2460,2509,887.1779,904.8494,0.46,False,baseline
TP-G_008_jpg.rf.7ce2f84776589571f8d07c60f1c4e63c.jpg,TP,18,5,0.793143,1457,1681,525.4545,606.2382,0.46,False,baseline
TP-G_008_jpg.rf.7ce2f84776589571f8d07c60f1c4e63c.jpg,TP,26,3,0.733333,191,251,68.8825,90.521,0.46,False,baseline
TP-G_008_jpg.rf.7ce2f84776589571f8d07c60f1c4e63c.jpg,TP,27,30,0.628472,235,234,84.7508,84.3901,0.46,False,baseline
TP-G_008_jpg.rf.7ce2f84776589571f8d07c60f1c4e63c.jpg,FP,28,-1,0.0,0,813,0,293.2015,0.46,False,baseline
TP-G_008_jpg.rf.7ce2f84776589571f8d07c60f1c4e63c.jpg,FN,-1,4,0.0,37,0,13.3438,0,0.46,False,baseline
TP-G_008_jpg.rf.7ce2f84776589571f8d07c60f1c4e63c.jpg,FN,-1,17,0.0,47,0,16.9502,0,0.46,False,baseline
TP-G_008_jpg.rf.7ce2f84776589571f8d07c60f1c4e63c.jpg,FN,-1,28,0.0,115,0,41.4738,0,0.46,False,baseline
TP-G_008_jpg.rf.7ce2f84776589571f8d07c60f1c4e63c.jpg,FN,-1,31,0.0,126,0,45.4408,0,0.46,False,baseline
TP-G_008_jpg.rf.7ce2f84776589571f8d07c60f1c4e63c.jpg,FN,-1,32,0.0,57,0,20.5565,0,0.46,False,baseline
TP-G_010_jpg.rf.5c8b394cdec2d68bae00b4eb6679ec08.jpg,TP,27,7,0.957346,19872,19960,7166.6666,7198.4031,0.46,False,baseline
TP-G_010_jpg.rf.5c8b394cdec2d68bae00b4eb6679ec08.jpg,TP,30,13,0.956156,15443,15521,5569.3857,5597.5158,0.46,False,baseline
TP-G_010_jpg.rf.5c8b394cdec2d68bae00b4eb6679ec08.jpg,TP,3,22,0.943024,7255,7409,2616.4536,2671.9924,0.46,False,baseline
TP-G_010_jpg.rf.5c8b394cdec2d68bae00b4eb6679ec08.jpg,TP,1,6,0.938202,5123,5227,1847.5661,1885.0728,0.46,False,baseline
TP-G_010_jpg.rf.5c8b394cdec2d68bae00b4eb6679ec08.jpg,TP,28,12,0.937689,5165,5097,1862.713,1838.1894,0.46,False,baseline
TP-G_010_jpg.rf.5c8b394cdec2d68bae00b4eb6679ec08.jpg,TP,29,1,0.93198,5255,5311,1895.1708,1915.3666,0.46,False,baseline
TP-G_010_jpg.rf.5c8b394cdec2d68bae00b4eb6679ec08.jpg,TP,4,11,0.927663,2179,2218,785.8377,799.9027,0.46,False,baseline
TP-G_010_jpg.rf.5c8b394cdec2d68bae00b4eb6679ec08.jpg,TP,31,19,0.927545,13797,13578,4975.7699,4896.7894,0.46,False,baseline
TP-G_010_jpg.rf.5c8b394cdec2d68bae00b4eb6679ec08.jpg,TP,11,0,0.926679,2037,2036,734.6266,734.266,0.46,False,baseline
TP-G_010_jpg.rf.5c8b394cdec2d68bae00b4eb6679ec08.jpg,TP,14,16,0.926267,1063,1027,383.3618,370.3787,0.46,False,baseline
TP-G_010_jpg.rf.5c8b394cdec2d68bae00b4eb6679ec08.jpg,TP,6,25,0.924515,1329,1348,479.2925,486.1447,0.46,False,baseline
TP-G_010_jpg.rf.5c8b394cdec2d68bae00b4eb6679ec08.jpg,TP,18,5,0.91717,1709,1786,616.3362,644.1056,0.46,False,baseline
TP-G_010_jpg.rf.5c8b394cdec2d68bae00b4eb6679ec08.jpg,TP,13,28,0.917008,2509,2642,904.8494,952.8147,0.46,False,baseline
TP-G_010_jpg.rf.5c8b394cdec2d68bae00b4eb6679ec08.jpg,TP,0,24,0.916887,2852,2960,1028.5494,1067.4986,0.46,False,baseline
TP-G_010_jpg.rf.5c8b394cdec2d68bae00b4eb6679ec08.jpg,TP,22,18,0.915773,633,618,228.286,222.8764,0.46,False,baseline
TP-G_010_jpg.rf.5c8b394cdec2d68bae00b4eb6679ec08.jpg,TP,25,33,0.915651,2032,2056,732.8234,741.4788,0.46,False,baseline
TP-G_010_jpg.rf.5c8b394cdec2d68bae00b4eb6679ec08.jpg,TP,16,10,0.914798,5940,6016,2142.2101,2169.6189,0.46,False,baseline
TP-G_010_jpg.rf.5c8b394cdec2d68bae00b4eb6679ec08.jpg,TP,20,34,0.910807,2903,2967,1046.9421,1070.0231,0.46,False,baseline
TP-G_010_jpg.rf.5c8b394cdec2d68bae00b4eb6679ec08.jpg,TP,12,20,0.908887,1272,1284,458.7359,463.0636,0.46,False,baseline
TP-G_010_jpg.rf.5c8b394cdec2d68bae00b4eb6679ec08.jpg,TP,7,3,0.905524,1165,1215,420.1472,438.1793,0.46,False,baseline
TP-G_010_jpg.rf.5c8b394cdec2d68bae00b4eb6679ec08.jpg,TP,9,21,0.900709,2637,2723,951.0115,982.0267,0.46,False,baseline
TP-G_010_jpg.rf.5c8b394cdec2d68bae00b4eb6679ec08.jpg,TP,8,36,0.898494,1923,1986,693.5135,716.2339,0.46,False,baseline
TP-G_010_jpg.rf.5c8b394cdec2d68bae00b4eb6679ec08.jpg,TP,23,32,0.895854,909,966,327.8231,348.3796,0.46,False,baseline
TP-G_010_jpg.rf.5c8b394cdec2d68bae00b4eb6679ec08.jpg,TP,15,29,0.895168,3436,3506,1239.164,1264.4089,0.46,False,baseline
TP-G_010_jpg.rf.5c8b394cdec2d68bae00b4eb6679ec08.jpg,TP,5,23,0.886418,1160,1215,418.3441,438.1793,0.46,False,baseline
TP-G_010_jpg.rf.5c8b394cdec2d68bae00b4eb6679ec08.jpg,TP,17,17,0.878012,613,634,221.0732,228.6467,0.46,False,baseline
TP-G_010_jpg.rf.5c8b394cdec2d68bae00b4eb6679ec08.jpg,TP,10,31,0.877717,1038,1035,374.3458,373.2639,0.46,False,baseline
TP-G_010_jpg.rf.5c8b394cdec2d68bae00b4eb6679ec08.jpg,TP,2,30,0.855953,2500,2847,901.6036,1026.7461,0.46,False,baseline
TP-G_010_jpg.rf.5c8b394cdec2d68bae00b4eb6679ec08.jpg,TP,26,4,0.82967,159,174,57.342,62.7516,0.46,False,baseline
TP-G_010_jpg.rf.5c8b394cdec2d68bae00b4eb6679ec08.jpg,TP,21,8,0.82362,594,595,214.221,214.5817,0.46,False,baseline
TP-G_010_jpg.rf.5c8b394cdec2d68bae00b4eb6679ec08.jpg,TP,19,9,0.820663,904,964,326.0199,347.6584,0.46,False,baseline
TP-G_010_jpg.rf.5c8b394cdec2d68bae00b4eb6679ec08.jpg,TP,24,27,0.674076,4889,6935,1763.176,2501.0484,0.46,False,baseline
TP-G_010_jpg.rf.5c8b394cdec2d68bae00b4eb6679ec08.jpg,FP,32,-1,0.0,0,205,0,73.9315,0.46,False,baseline
TP-G_010_jpg.rf.5c8b394cdec2d68bae00b4eb6679ec08.jpg,FP,33,-1,0.0,0,11923,0,4299.9278,0.46,False,baseline
TP-G_010_jpg.rf.5c8b394cdec2d68bae00b4eb6679ec08.jpg,FN,-1,2,0.0,44,0,15.8682,0,0.46,False,baseline
TP-G_010_jpg.rf.5c8b394cdec2d68bae00b4eb6679ec08.jpg,FN,-1,14,0.0,13298,0,4795.8098,0,0.46,False,baseline
TP-G_010_jpg.rf.5c8b394cdec2d68bae00b4eb6679ec08.jpg,FN,-1,15,0.0,128,0,46.1621,0,0.46,False,baseline
TP-G_010_jpg.rf.5c8b394cdec2d68bae00b4eb6679ec08.jpg,FN,-1,26,0.0,1923,0,693.5135,0,0.46,False,baseline
TP-G_010_jpg.rf.5c8b394cdec2d68bae00b4eb6679ec08.jpg,FN,-1,35,0.0,8645,0,3117.7452,0,0.46,False,baseline
ZAINA-679-B_010_jpg.rf.4a3c6644c7fdcdc349eacebe9a97fbd7.jpg,TP,4,9,0.952688,9583,9774,3456.0269,3524.9094,0.46,False,baseline
ZAINA-679-B_010_jpg.rf.4a3c6644c7fdcdc349eacebe9a97fbd7.jpg,TP,16,13,0.946329,8960,9172,3231.3473,3307.8033,0.46,False,baseline
ZAINA-679-B_010_jpg.rf.4a3c6644c7fdcdc349eacebe9a97fbd7.jpg,TP,0,8,0.944063,7782,8066,2806.5117,2908.9338,0.46,False,baseline
ZAINA-679-B_010_jpg.rf.4a3c6644c7fdcdc349eacebe9a97fbd7.jpg,TP,5,22,0.942262,5585,5785,2014.1824,2086.3107,0.46,False,baseline
ZAINA-679-B_010_jpg.rf.4a3c6644c7fdcdc349eacebe9a97fbd7.jpg,TP,9,3,0.93337,5273,5347,1901.6623,1928.3498,0.46,False,baseline
ZAINA-679-B_010_jpg.rf.4a3c6644c7fdcdc349eacebe9a97fbd7.jpg,TP,14,36,0.932072,3095,3134,1116.1853,1130.2503,0.46,False,baseline
ZAINA-679-B_010_jpg.rf.4a3c6644c7fdcdc349eacebe9a97fbd7.jpg,TP,6,34,0.930052,3297,3408,1189.0348,1229.066,0.46,False,baseline
ZAINA-679-B_010_jpg.rf.4a3c6644c7fdcdc349eacebe9a97fbd7.jpg,TP,1,31,0.92955,4444,4567,1602.6905,1647.0494,0.46,False,baseline
ZAINA-679-B_010_jpg.rf.4a3c6644c7fdcdc349eacebe9a97fbd7.jpg,TP,23,1,0.928769,1418,1371,511.3896,494.4394,0.46,False,baseline
ZAINA-679-B_010_jpg.rf.4a3c6644c7fdcdc349eacebe9a97fbd7.jpg,TP,20,15,0.924292,3488,3578,1257.9174,1290.375,0.46,False,baseline
ZAINA-679-B_010_jpg.rf.4a3c6644c7fdcdc349eacebe9a97fbd7.jpg,TP,18,25,0.918699,3959,4065,1427.7795,1466.0075,0.46,False,baseline
ZAINA-679-B_010_jpg.rf.4a3c6644c7fdcdc349eacebe9a97fbd7.jpg,TP,29,2,0.916677,7919,8275,2855.9196,2984.3079,0.46,False,baseline
ZAINA-679-B_010_jpg.rf.4a3c6644c7fdcdc349eacebe9a97fbd7.jpg,TP,24,4,0.915863,2873,2888,1036.1228,1041.5325,0.46,False,baseline
ZAINA-679-B_010_jpg.rf.4a3c6644c7fdcdc349eacebe9a97fbd7.jpg,TP,3,32,0.914378,4417,4504,1592.9532,1624.329,0.46,False,baseline
ZAINA-679-B_010_jpg.rf.4a3c6644c7fdcdc349eacebe9a97fbd7.jpg,TP,10,30,0.907203,2767,2926,997.8949,1055.2368,0.46,False,baseline
ZAINA-679-B_010_jpg.rf.4a3c6644c7fdcdc349eacebe9a97fbd7.jpg,TP,17,7,0.902671,3637,3772,1311.6529,1360.3395,0.46,False,baseline
ZAINA-679-B_010_jpg.rf.4a3c6644c7fdcdc349eacebe9a97fbd7.jpg,TP,21,17,0.901365,2773,2798,1000.0587,1009.0747,0.46,False,baseline
ZAINA-679-B_010_jpg.rf.4a3c6644c7fdcdc349eacebe9a97fbd7.jpg,TP,8,14,0.897046,3111,3246,1121.9556,1170.6421,0.46,False,baseline
ZAINA-679-B_010_jpg.rf.4a3c6644c7fdcdc349eacebe9a97fbd7.jpg,TP,7,28,0.886579,2640,2533,952.0934,913.5048,0.46,False,baseline
ZAINA-679-B_010_jpg.rf.4a3c6644c7fdcdc349eacebe9a97fbd7.jpg,TP,28,5,0.885836,5640,6303,2034.0177,2273.123,0.46,False,baseline
ZAINA-679-B_010_jpg.rf.4a3c6644c7fdcdc349eacebe9a97fbd7.jpg,TP,13,10,0.884634,1952,2034,703.9721,733.5447,0.46,False,baseline
ZAINA-679-B_010_jpg.rf.4a3c6644c7fdcdc349eacebe9a97fbd7.jpg,TP,15,27,0.882061,3640,3956,1312.7348,1426.6975,0.46,False,baseline
ZAINA-679-B_010_jpg.rf.4a3c6644c7fdcdc349eacebe9a97fbd7.jpg,TP,12,29,0.877486,2460,2260,887.1779,815.0497,0.46,False,baseline
ZAINA-679-B_010_jpg.rf.4a3c6644c7fdcdc349eacebe9a97fbd7.jpg,TP,31,21,0.876151,9361,8969,3375.9645,3234.593,0.46,False,baseline
ZAINA-679-B_010_jpg.rf.4a3c6644c7fdcdc349eacebe9a97fbd7.jpg,TP,33,12,0.869478,2709,2877,976.9776,1037.5654,0.46,False,baseline
ZAINA-679-B_010_jpg.rf.4a3c6644c7fdcdc349eacebe9a97fbd7.jpg,TP,34,16,0.845311,712,803,256.7767,289.5951,0.46,False,baseline
ZAINA-679-B_010_jpg.rf.4a3c6644c7fdcdc349eacebe9a97fbd7.jpg,TP,26,26,0.843845,1718,1907,619.582,687.7432,0.46,False,baseline
ZAINA-679-B_010_jpg.rf.4a3c6644c7fdcdc349eacebe9a97fbd7.jpg,TP,32,18,0.842082,6630,6143,2391.0528,2215.4203,0.46,False,baseline
ZAINA-679-B_010_jpg.rf.4a3c6644c7fdcdc349eacebe9a97fbd7.jpg,TP,30,0,0.839176,1671,1634,602.6318,589.2881,0.46,False,baseline
ZAINA-679-B_010_jpg.rf.4a3c6644c7fdcdc349eacebe9a97fbd7.jpg,TP,40,19,0.817981,1186,1281,427.7208,461.9817,0.46,False,baseline
ZAINA-679-B_010_jpg.rf.4a3c6644c7fdcdc349eacebe9a97fbd7.jpg,TP,19,6,0.753902,684,777,246.6787,280.2184,0.46,False,baseline
ZAINA-679-B_010_jpg.rf.4a3c6644c7fdcdc349eacebe9a97fbd7.jpg,TP,22,37,0.700208,18128,13773,6537.708,4967.1146,0.46,False,baseline
ZAINA-679-B_010_jpg.rf.4a3c6644c7fdcdc349eacebe9a97fbd7.jpg,TP,35,23,0.698801,10063,7506,3629.1348,2706.9747,0.46,False,baseline
ZAINA-679-B_010_jpg.rf.4a3c6644c7fdcdc349eacebe9a97fbd7.jpg,TP,2,33,0.586155,17971,11311,6481.0873,4079.2153,0.46,False,baseline
ZAINA-679-B_010_jpg.rf.4a3c6644c7fdcdc349eacebe9a97fbd7.jpg,TP,37,35,0.546134,7591,4608,2737.6292,1661.8357,0.46,False,baseline
ZAINA-679-B_010_jpg.rf.4a3c6644c7fdcdc349eacebe9a97fbd7.jpg,FP,11,-1,0.0,0,7152,0,2579.3076,0.46,False,baseline
ZAINA-679-B_010_jpg.rf.4a3c6644c7fdcdc349eacebe9a97fbd7.jpg,FP,25,-1,0.0,0,6810,0,2455.9682,0.46,False,baseline
ZAINA-679-B_010_jpg.rf.4a3c6644c7fdcdc349eacebe9a97fbd7.jpg,FP,27,-1,0.0,0,3380,0,1218.968,0.46,False,baseline
ZAINA-679-B_010_jpg.rf.4a3c6644c7fdcdc349eacebe9a97fbd7.jpg,FP,36,-1,0.0,0,1630,0,587.8455,0.46,False,baseline
ZAINA-679-B_010_jpg.rf.4a3c6644c7fdcdc349eacebe9a97fbd7.jpg,FP,38,-1,0.0,0,1546,0,557.5517,0.46,False,baseline
ZAINA-679-B_010_jpg.rf.4a3c6644c7fdcdc349eacebe9a97fbd7.jpg,FP,39,-1,0.0,0,4656,0,1679.1466,0.46,False,baseline
ZAINA-679-B_010_jpg.rf.4a3c6644c7fdcdc349eacebe9a97fbd7.jpg,FP,41,-1,0.0,0,4600,0,1658.9506,0.46,False,baseline
ZAINA-679-B_010_jpg.rf.4a3c6644c7fdcdc349eacebe9a97fbd7.jpg,FN,-1,11,0.0,8531,0,3076.6321,0,0.46,False,baseline
ZAINA-679-B_010_jpg.rf.4a3c6644c7fdcdc349eacebe9a97fbd7.jpg,FN,-1,20,0.0,439,0,158.3216,0,0.46,False,baseline
ZAINA-679-B_010_jpg.rf.4a3c6644c7fdcdc349eacebe9a97fbd7.jpg,FN,-1,24,0.0,3429,0,1236.6395,0,0.46,False,baseline
ZAINA-679-B_011_jpg.rf.27d46a055eff6f5810ec4c5c9429b994.jpg,TP,5,14,0.965486,24971,24972,9005.5773,9005.938,0.46,False,baseline
ZAINA-679-B_011_jpg.rf.27d46a055eff6f5810ec4c5c9429b994.jpg,TP,8,4,0.963457,21375,21501,7708.7107,7754.1516,0.46,False,baseline
ZAINA-679-B_011_jpg.rf.27d46a055eff6f5810ec4c5c9429b994.jpg,TP,12,12,0.95475,25351,25580,9142.6211,9225.208,0.46,False,baseline
ZAINA-679-B_011_jpg.rf.27d46a055eff6f5810ec4c5c9429b994.jpg,TP,16,9,0.95428,15798,16004,5697.4135,5771.7056,0.46,False,baseline
ZAINA-679-B_011_jpg.rf.27d46a055eff6f5810ec4c5c9429b994.jpg,TP,7,11,0.945422,10145,10315,3658.7074,3720.0164,0.46,False,baseline
ZAINA-679-B_011_jpg.rf.27d46a055eff6f5810ec4c5c9429b994.jpg,TP,6,15,0.944666,6714,6957,2421.3466,2508.9825,0.46,False,baseline
ZAINA-679-B_011_jpg.rf.27d46a055eff6f5810ec4c5c9429b994.jpg,TP,10,13,0.939531,20474,20646,7383.7728,7445.8031,0.46,False,baseline
ZAINA-679-B_011_jpg.rf.27d46a055eff6f5810ec4c5c9429b994.jpg,TP,3,6,0.939218,8892,9166,3206.8236,3305.6394,0.46,False,baseline
ZAINA-679-B_011_jpg.rf.27d46a055eff6f5810ec4c5c9429b994.jpg,TP,1,18,0.937003,9412,9590,3394.3572,3458.5514,0.46,False,baseline
ZAINA-679-B_011_jpg.rf.27d46a055eff6f5810ec4c5c9429b994.jpg,TP,11,0,0.935838,3919,4016,1413.3538,1448.336,0.46,False,baseline
ZAINA-679-B_011_jpg.rf.27d46a055eff6f5810ec4c5c9429b994.jpg,TP,15,19,0.931022,12866,13141,4640.0127,4739.1891,0.46,False,baseline
ZAINA-679-B_011_jpg.rf.27d46a055eff6f5810ec4c5c9429b994.jpg,TP,9,5,0.929709,4069,4167,1467.45,1502.7929,0.46,False,baseline
ZAINA-679-B_011_jpg.rf.27d46a055eff6f5810ec4c5c9429b994.jpg,TP,22,2,0.929096,11166,11144,4026.9223,4018.9882,0.46,False,baseline
ZAINA-679-B_011_jpg.rf.27d46a055eff6f5810ec4c5c9429b994.jpg,TP,4,16,0.927052,2504,2568,903.0461,926.1272,0.46,False,baseline
ZAINA-679-B_011_jpg.rf.27d46a055eff6f5810ec4c5c9429b994.jpg,TP,13,10,0.9148,2789,2852,1005.829,1028.5494,0.46,False,baseline
ZAINA-679-B_011_jpg.rf.27d46a055eff6f5810ec4c5c9429b994.jpg,TP,2,17,0.913935,3800,3850,1370.4374,1388.4696,0.46,False,baseline
ZAINA-679-B_011_jpg.rf.27d46a055eff6f5810ec4c5c9429b994.jpg,TP,0,8,0.908303,2582,2704,931.1762,975.1744,0.46,False,baseline
ZAINA-679-B_011_jpg.rf.27d46a055eff6f5810ec4c5c9429b994.jpg,TP,17,7,0.893825,2491,2539,898.3578,915.6686,0.46,False,baseline
ZAINA-679-B_011_jpg.rf.27d46a055eff6f5810ec4c5c9429b994.jpg,TP,14,1,0.884525,1584,1631,571.256,588.2062,0.46,False,baseline
ZAINA-679-B_011_jpg.rf.27d46a055eff6f5810ec4c5c9429b994.jpg,TP,18,21,0.870837,31917,30554,11510.5928,11019.0385,0.46,False,baseline
ZAINA-679-B_011_jpg.rf.27d46a055eff6f5810ec4c5c9429b994.jpg,TP,21,23,0.835255,527,587,190.0581,211.6966,0.46,False,baseline
ZAINA-679-B_011_jpg.rf.27d46a055eff6f5810ec4c5c9429b994.jpg,TP,19,20,0.799345,1736,2111,626.0736,761.3141,0.46,False,baseline
ZAINA-679-B_011_jpg.rf.27d46a055eff6f5810ec4c5c9429b994.jpg,TP,20,3,0.737179,281,261,101.3402,94.1274,0.46,False,baseline
ZAINA-679-B_011_jpg.rf.27d46a055eff6f5810ec4c5c9429b994.jpg,FP,23,-1,0.0,0,4839,0,1745.1439,0.46,False,baseline
ZAINA-679-B_011_jpg.rf.27d46a055eff6f5810ec4c5c9429b994.jpg,FN,-1,22,0.0,393,0,141.7321,0,0.46,False,baseline
ZAZA-B_008_jpg.rf.92ad451b5359143319a46e599a0239d1.jpg,TP,0,7,0.95677,14519,14631,5236.1531,5276.5449,0.46,False,baseline
ZAZA-B_008_jpg.rf.92ad451b5359143319a46e599a0239d1.jpg,TP,6,20,0.941211,9889,10088,3566.3832,3638.1508,0.46,False,baseline
ZAZA-B_008_jpg.rf.92ad451b5359143319a46e599a0239d1.jpg,TP,10,27,0.934912,19713,20419,7109.3247,7363.9376,0.46,False,baseline
ZAZA-B_008_jpg.rf.92ad451b5359143319a46e599a0239d1.jpg,TP,4,19,0.933073,11678,12122,4211.5707,4371.6955,0.46,False,baseline
ZAZA-B_008_jpg.rf.92ad451b5359143319a46e599a0239d1.jpg,TP,1,18,0.927986,3268,3318,1178.5762,1196.6083,0.46,False,baseline
ZAZA-B_008_jpg.rf.92ad451b5359143319a46e599a0239d1.jpg,TP,23,8,0.919379,14563,15220,5252.0213,5488.9627,0.46,False,baseline
ZAZA-B_008_jpg.rf.92ad451b5359143319a46e599a0239d1.jpg,TP,3,6,0.917548,7945,8381,2865.2963,3022.5359,0.46,False,baseline
ZAZA-B_008_jpg.rf.92ad451b5359143319a46e599a0239d1.jpg,TP,15,0,0.908268,7557,7837,2725.3674,2826.3469,0.46,False,baseline
ZAZA-B_008_jpg.rf.92ad451b5359143319a46e599a0239d1.jpg,TP,20,25,0.907163,37600,36602,13560.1181,13200.198,0.46,False,baseline
ZAZA-B_008_jpg.rf.92ad451b5359143319a46e599a0239d1.jpg,TP,11,11,0.89576,3165,3273,1141.4301,1180.3795,0.46,False,baseline
ZAZA-B_008_jpg.rf.92ad451b5359143319a46e599a0239d1.jpg,TP,2,9,0.877693,2485,2658,896.194,958.5849,0.46,False,baseline
ZAZA-B_008_jpg.rf.92ad451b5359143319a46e599a0239d1.jpg,TP,9,15,0.860172,1893,1792,682.6942,646.2694,0.46,False,baseline
ZAZA-B_008_jpg.rf.92ad451b5359143319a46e599a0239d1.jpg,TP,8,3,0.854029,1783,1875,643.0237,676.2027,0.46,False,baseline
ZAZA-B_008_jpg.rf.92ad451b5359143319a46e599a0239d1.jpg,TP,5,10,0.852968,982,1047,354.1499,377.5916,0.46,False,baseline
ZAZA-B_008_jpg.rf.92ad451b5359143319a46e599a0239d1.jpg,TP,7,17,0.83992,19872,21287,7166.6666,7676.9743,0.46,False,baseline
ZAZA-B_008_jpg.rf.92ad451b5359143319a46e599a0239d1.jpg,TP,12,1,0.72818,327,366,117.9298,131.9947,0.46,False,baseline
ZAZA-B_008_jpg.rf.92ad451b5359143319a46e599a0239d1.jpg,TP,24,4,0.642105,88,68,31.7365,24.5236,0.46,False,baseline
ZAZA-B_008_jpg.rf.92ad451b5359143319a46e599a0239d1.jpg,FP,13,-1,0.0,0,6603,0,2381.3154,0.46,False,baseline
ZAZA-B_008_jpg.rf.92ad451b5359143319a46e599a0239d1.jpg,FP,14,-1,0.0,0,803,0,289.5951,0.46,False,baseline
ZAZA-B_008_jpg.rf.92ad451b5359143319a46e599a0239d1.jpg,FP,16,-1,0.0,0,10235,0,3691.1651,0.46,False,baseline
ZAZA-B_008_jpg.rf.92ad451b5359143319a46e599a0239d1.jpg,FP,17,-1,0.0,0,302,0,108.9137,0.46,False,baseline
ZAZA-B_008_jpg.rf.92ad451b5359143319a46e599a0239d1.jpg,FP,18,-1,0.0,0,17187,0,6198.3444,0.46,False,baseline
ZAZA-B_008_jpg.rf.92ad451b5359143319a46e599a0239d1.jpg,FP,19,-1,0.0,0,28028,0,10108.0582,0.46,False,baseline
ZAZA-B_008_jpg.rf.92ad451b5359143319a46e599a0239d1.jpg,FP,21,-1,0.0,0,8318,0,2999.8155,0.46,False,baseline
ZAZA-B_008_jpg.rf.92ad451b5359143319a46e599a0239d1.jpg,FP,22,-1,0.0,0,17998,0,6490.8246,0.46,False,baseline
ZAZA-B_008_jpg.rf.92ad451b5359143319a46e599a0239d1.jpg,FP,25,-1,0.0,0,10353,0,3733.7208,0.46,False,baseline
ZAZA-B_008_jpg.rf.92ad451b5359143319a46e599a0239d1.jpg,FN,-1,2,0.0,2347,0,846.4255,0,0.46,False,baseline
ZAZA-B_008_jpg.rf.92ad451b5359143319a46e599a0239d1.jpg,FN,-1,5,0.0,4728,0,1705.1127,0,0.46,False,baseline
ZAZA-B_008_jpg.rf.92ad451b5359143319a46e599a0239d1.jpg,FN,-1,12,0.0,4583,0,1652.8197,0,0.46,False,baseline
ZAZA-B_008_jpg.rf.92ad451b5359143319a46e599a0239d1.jpg,FN,-1,13,0.0,5633,0,2031.4932,0,0.46,False,baseline
ZAZA-B_008_jpg.rf.92ad451b5359143319a46e599a0239d1.jpg,FN,-1,14,0.0,6269,0,2260.8612,0,0.46,False,baseline
ZAZA-B_008_jpg.rf.92ad451b5359143319a46e599a0239d1.jpg,FN,-1,16,0.0,354,0,127.6671,0,0.46,False,baseline
ZAZA-B_008_jpg.rf.92ad451b5359143319a46e599a0239d1.jpg,FN,-1,21,0.0,4316,0,1556.5284,0,0.46,False,baseline
ZAZA-B_008_jpg.rf.92ad451b5359143319a46e599a0239d1.jpg,FN,-1,22,0.0,8443,0,3044.8957,0,0.46,False,baseline
ZAZA-B_008_jpg.rf.92ad451b5359143319a46e599a0239d1.jpg,FN,-1,23,0.0,90,0,32.4577,0,0.46,False,baseline
ZAZA-B_008_jpg.rf.92ad451b5359143319a46e599a0239d1.jpg,FN,-1,24,0.0,59,0,21.2778,0,0.46,False,baseline
ZAZA-B_008_jpg.rf.92ad451b5359143319a46e599a0239d1.jpg,FN,-1,26,0.0,3207,0,1156.5771,0,0.46,False,baseline
ZAZA-D_004_jpg.rf.02ed2d595bd7bc4d5f40bda7d3f8e5d2.jpg,TP,0,1,0.953354,10499,10732,3786.3745,3870.4039,0.46,False,baseline
ZAZA-D_004_jpg.rf.02ed2d595bd7bc4d5f40bda7d3f8e5d2.jpg,TP,12,5,0.950386,2695,2612,971.9287,941.9955,0.46,False,baseline
ZAZA-D_004_jpg.rf.02ed2d595bd7bc4d5f40bda7d3f8e5d2.jpg,TP,1,11,0.93937,6213,5974,2240.6652,2154.4719,0.46,False,baseline
ZAZA-D_004_jpg.rf.02ed2d595bd7bc4d5f40bda7d3f8e5d2.jpg,TP,5,8,0.932449,4938,4674,1780.8474,1685.6381,0.46,False,baseline
ZAZA-D_004_jpg.rf.02ed2d595bd7bc4d5f40bda7d3f8e5d2.jpg,TP,9,4,0.931527,10577,10523,3814.5045,3795.0298,0.46,False,baseline
ZAZA-D_004_jpg.rf.02ed2d595bd7bc4d5f40bda7d3f8e5d2.jpg,TP,3,6,0.925466,1872,1848,675.1208,666.4654,0.46,False,baseline
ZAZA-D_004_jpg.rf.02ed2d595bd7bc4d5f40bda7d3f8e5d2.jpg,TP,16,27,0.925258,7685,7255,2771.5295,2616.4536,0.46,False,baseline
ZAZA-D_004_jpg.rf.02ed2d595bd7bc4d5f40bda7d3f8e5d2.jpg,TP,18,17,0.921572,11451,11139,4129.7051,4017.185,0.46,False,baseline
ZAZA-D_004_jpg.rf.02ed2d595bd7bc4d5f40bda7d3f8e5d2.jpg,TP,4,9,0.920622,2493,2322,899.0791,837.4094,0.46,False,baseline
ZAZA-D_004_jpg.rf.02ed2d595bd7bc4d5f40bda7d3f8e5d2.jpg,TP,8,0,0.914351,4575,4589,1649.9346,1654.9836,0.46,False,baseline
ZAZA-D_004_jpg.rf.02ed2d595bd7bc4d5f40bda7d3f8e5d2.jpg,TP,13,21,0.913177,3883,3565,1400.3707,1285.6868,0.46,False,baseline
ZAZA-D_004_jpg.rf.02ed2d595bd7bc4d5f40bda7d3f8e5d2.jpg,TP,21,3,0.909639,1268,1268,457.2933,457.2933,0.46,False,baseline
ZAZA-D_004_jpg.rf.02ed2d595bd7bc4d5f40bda7d3f8e5d2.jpg,TP,2,26,0.905042,8059,7469,2906.4093,2693.6309,0.46,False,baseline
ZAZA-D_004_jpg.rf.02ed2d595bd7bc4d5f40bda7d3f8e5d2.jpg,TP,17,15,0.901422,8059,7449,2906.4093,2686.418,0.46,False,baseline
ZAZA-D_004_jpg.rf.02ed2d595bd7bc4d5f40bda7d3f8e5d2.jpg,TP,31,2,0.900474,12158,11921,4384.6786,4299.2066,0.46,False,baseline
ZAZA-D_004_jpg.rf.02ed2d595bd7bc4d5f40bda7d3f8e5d2.jpg,TP,10,14,0.898329,2763,2577,996.4523,929.373,0.46,False,baseline
ZAZA-D_004_jpg.rf.02ed2d595bd7bc4d5f40bda7d3f8e5d2.jpg,TP,22,30,0.893337,6638,6178,2393.9379,2228.0428,0.46,False,baseline
ZAZA-D_004_jpg.rf.02ed2d595bd7bc4d5f40bda7d3f8e5d2.jpg,TP,19,28,0.892242,8572,7917,3091.4184,2855.1983,0.46,False,baseline
ZAZA-D_004_jpg.rf.02ed2d595bd7bc4d5f40bda7d3f8e5d2.jpg,TP,15,18,0.889591,3925,3554,1415.5177,1281.7197,0.46,False,baseline
ZAZA-D_004_jpg.rf.02ed2d595bd7bc4d5f40bda7d3f8e5d2.jpg,TP,7,13,0.888093,3689,3431,1330.4062,1237.3607,0.46,False,baseline
ZAZA-D_004_jpg.rf.02ed2d595bd7bc4d5f40bda7d3f8e5d2.jpg,TP,20,12,0.887346,1218,1228,439.2613,442.8677,0.46,False,baseline
ZAZA-D_004_jpg.rf.02ed2d595bd7bc4d5f40bda7d3f8e5d2.jpg,TP,6,16,0.884139,2331,2076,840.6552,748.6916,0.46,False,baseline
ZAZA-D_004_jpg.rf.02ed2d595bd7bc4d5f40bda7d3f8e5d2.jpg,TP,33,24,0.879171,831,802,299.693,289.2345,0.46,False,baseline
ZAZA-D_004_jpg.rf.02ed2d595bd7bc4d5f40bda7d3f8e5d2.jpg,TP,11,20,0.873795,5751,5325,2074.0489,1920.4157,0.46,False,baseline
ZAZA-D_004_jpg.rf.02ed2d595bd7bc4d5f40bda7d3f8e5d2.jpg,TP,14,7,0.859938,886,920,319.5283,331.7901,0.46,False,baseline
ZAZA-D_004_jpg.rf.02ed2d595bd7bc4d5f40bda7d3f8e5d2.jpg,TP,28,23,0.839151,2713,2398,978.4202,864.8182,0.46,False,baseline
ZAZA-D_004_jpg.rf.02ed2d595bd7bc4d5f40bda7d3f8e5d2.jpg,TP,25,19,0.830671,307,266,110.7169,95.9306,0.46,False,baseline
ZAZA-D_004_jpg.rf.02ed2d595bd7bc4d5f40bda7d3f8e5d2.jpg,TP,32,22,0.81589,1273,1104,459.0966,398.1481,0.46,False,baseline
ZAZA-D_004_jpg.rf.02ed2d595bd7bc4d5f40bda7d3f8e5d2.jpg,TP,23,29,0.804393,1457,1172,525.4545,422.6718,0.46,False,baseline
ZAZA-D_004_jpg.rf.02ed2d595bd7bc4d5f40bda7d3f8e5d2.jpg,TP,24,31,0.784057,991,777,357.3957,280.2184,0.46,False,baseline
ZAZA-D_004_jpg.rf.02ed2d595bd7bc4d5f40bda7d3f8e5d2.jpg,TP,26,25,0.774508,7574,8464,2731.4983,3052.4691,0.46,False,baseline
ZAZA-D_004_jpg.rf.02ed2d595bd7bc4d5f40bda7d3f8e5d2.jpg,TP,27,34,0.717325,974,721,351.2648,260.0225,0.46,False,baseline
ZAZA-D_004_jpg.rf.02ed2d595bd7bc4d5f40bda7d3f8e5d2.jpg,TP,30,32,0.58978,7451,11744,2687.1393,4235.373,0.46,False,baseline
ZAZA-D_004_jpg.rf.02ed2d595bd7bc4d5f40bda7d3f8e5d2.jpg,FP,29,-1,0.0,0,2455,0,885.3747,0.46,False,baseline
ZAZA-D_004_jpg.rf.02ed2d595bd7bc4d5f40bda7d3f8e5d2.jpg,FN,-1,10,0.0,38,0,13.7044,0,0.46,False,baseline
ZAZA-D_004_jpg.rf.02ed2d595bd7bc4d5f40bda7d3f8e5d2.jpg,FN,-1,33,0.0,4467,0,1610.9853,0,0.46,False,baseline
ZAZA-G_010_jpg.rf.cd14098445a0a54c10014aaa7d8f975c.jpg,TP,13,7,0.954503,4196,4224,1513.2515,1523.3494,0.46,False,baseline
ZAZA-G_010_jpg.rf.cd14098445a0a54c10014aaa7d8f975c.jpg,TP,6,11,0.950954,5116,5107,1845.0416,1841.7958,0.46,False,baseline
ZAZA-G_010_jpg.rf.cd14098445a0a54c10014aaa7d8f975c.jpg,TP,18,16,0.939264,1629,1532,587.4849,552.5027,0.46,False,baseline
ZAZA-G_010_jpg.rf.cd14098445a0a54c10014aaa7d8f975c.jpg,TP,23,8,0.937434,11902,12066,4292.3544,4351.4996,0.46,False,baseline
ZAZA-G_010_jpg.rf.cd14098445a0a54c10014aaa7d8f975c.jpg,TP,16,24,0.931884,5704,5669,2057.0988,2044.4763,0.46,False,baseline
ZAZA-G_010_jpg.rf.cd14098445a0a54c10014aaa7d8f975c.jpg,TP,7,5,0.927359,8319,8370,3000.1761,3018.5688,0.46,False,baseline
ZAZA-G_010_jpg.rf.cd14098445a0a54c10014aaa7d8f975c.jpg,TP,3,12,0.923722,6474,6136,2334.7927,2212.8958,0.46,False,baseline
ZAZA-G_010_jpg.rf.cd14098445a0a54c10014aaa7d8f975c.jpg,TP,2,15,0.922939,3742,3744,1349.5202,1350.2416,0.46,False,baseline
ZAZA-G_010_jpg.rf.cd14098445a0a54c10014aaa7d8f975c.jpg,TP,10,27,0.921901,2339,2312,843.5403,833.803,0.46,False,baseline
ZAZA-G_010_jpg.rf.cd14098445a0a54c10014aaa7d8f975c.jpg,TP,1,14,0.921109,4590,4347,1655.3442,1567.7084,0.46,False,baseline
ZAZA-G_010_jpg.rf.cd14098445a0a54c10014aaa7d8f975c.jpg,TP,17,25,0.919665,3423,3459,1234.4756,1247.4587,0.46,False,baseline
ZAZA-G_010_jpg.rf.cd14098445a0a54c10014aaa7d8f975c.jpg,TP,12,6,0.919487,4175,4050,1505.678,1460.5978,0.46,False,baseline
ZAZA-G_010_jpg.rf.cd14098445a0a54c10014aaa7d8f975c.jpg,TP,11,0,0.919122,3302,3081,1190.838,1111.1363,0.46,False,baseline
ZAZA-G_010_jpg.rf.cd14098445a0a54c10014aaa7d8f975c.jpg,TP,9,1,0.918759,5623,5383,2027.8868,1941.3329,0.46,False,baseline
ZAZA-G_010_jpg.rf.cd14098445a0a54c10014aaa7d8f975c.jpg,TP,5,3,0.91777,5429,5579,1957.9224,2012.0186,0.46,False,baseline
ZAZA-G_010_jpg.rf.cd14098445a0a54c10014aaa7d8f975c.jpg,TP,21,9,0.915819,7426,7640,2678.1233,2755.3006,0.46,False,baseline
ZAZA-G_010_jpg.rf.cd14098445a0a54c10014aaa7d8f975c.jpg,TP,0,2,0.915298,3728,3734,1344.4713,1346.6351,0.46,False,baseline
ZAZA-G_010_jpg.rf.cd14098445a0a54c10014aaa7d8f975c.jpg,TP,4,10,0.912402,4020,4014,1449.7786,1447.6147,0.46,False,baseline
ZAZA-G_010_jpg.rf.cd14098445a0a54c10014aaa7d8f975c.jpg,TP,8,23,0.911701,5252,5335,1894.0888,1924.0221,0.46,False,baseline
ZAZA-G_010_jpg.rf.cd14098445a0a54c10014aaa7d8f975c.jpg,TP,14,4,0.910835,5099,4759,1838.9107,1716.2926,0.46,False,baseline
ZAZA-G_010_jpg.rf.cd14098445a0a54c10014aaa7d8f975c.jpg,TP,20,28,0.910558,2808,2874,1012.6812,1036.4835,0.46,False,baseline
ZAZA-G_010_jpg.rf.cd14098445a0a54c10014aaa7d8f975c.jpg,TP,15,13,0.909892,4747,4791,1711.9649,1727.8331,0.46,False,baseline
ZAZA-G_010_jpg.rf.cd14098445a0a54c10014aaa7d8f975c.jpg,TP,24,26,0.903256,2070,2022,746.5278,729.217,0.46,False,baseline
ZAZA-G_010_jpg.rf.cd14098445a0a54c10014aaa7d8f975c.jpg,TP,25,22,0.896751,1385,1242,499.4884,447.9166,0.46,False,baseline
ZAZA-G_010_jpg.rf.cd14098445a0a54c10014aaa7d8f975c.jpg,TP,22,21,0.892338,1964,1938,708.2998,698.9231,0.46,False,baseline
ZAZA-G_010_jpg.rf.cd14098445a0a54c10014aaa7d8f975c.jpg,TP,19,17,0.886631,925,839,333.5933,302.5781,0.46,False,baseline
ZAZA-G_010_jpg.rf.cd14098445a0a54c10014aaa7d8f975c.jpg,FN,-1,18,0.0,157,0,56.6207,0,0.46,False,baseline
ZAZA-G_010_jpg.rf.cd14098445a0a54c10014aaa7d8f975c.jpg,FN,-1,19,0.0,74,0,26.6874,0,0.46,False,baseline
ZAZA-G_010_jpg.rf.cd14098445a0a54c10014aaa7d8f975c.jpg,FN,-1,20,0.0,28,0,10.098,0,0.46,False,baseline
ZAZA-G_012_jpg.rf.b65fca463e4411032a599acd7494f06d.jpg,TP,5,23,0.94201,6815,6748,2457.7714,2433.6084,0.46,False,baseline
ZAZA-G_012_jpg.rf.b65fca463e4411032a599acd7494f06d.jpg,TP,6,15,0.941176,1824,1806,657.81,651.3185,0.46,False,baseline
ZAZA-G_012_jpg.rf.b65fca463e4411032a599acd7494f06d.jpg,TP,10,13,0.936042,4857,4769,1751.6354,1719.899,0.46,False,baseline
ZAZA-G_012_jpg.rf.b65fca463e4411032a599acd7494f06d.jpg,TP,3,31,0.93594,2957,2936,1066.4168,1058.8433,0.46,False,baseline
ZAZA-G_012_jpg.rf.b65fca463e4411032a599acd7494f06d.jpg,TP,19,18,0.935084,6625,6640,2389.2495,2394.6592,0.46,False,baseline
ZAZA-G_012_jpg.rf.b65fca463e4411032a599acd7494f06d.jpg,TP,4,27,0.930526,5401,5464,1947.8244,1970.5448,0.46,False,baseline
ZAZA-G_012_jpg.rf.b65fca463e4411032a599acd7494f06d.jpg,TP,17,19,0.930489,2578,2671,929.7337,963.2733,0.46,False,baseline
ZAZA-G_012_jpg.rf.b65fca463e4411032a599acd7494f06d.jpg,TP,0,22,0.928673,6770,6831,2441.5425,2463.5416,0.46,False,baseline
ZAZA-G_012_jpg.rf.b65fca463e4411032a599acd7494f06d.jpg,TP,8,16,0.927876,3177,3158,1145.7579,1138.9056,0.46,False,baseline
ZAZA-G_012_jpg.rf.b65fca463e4411032a599acd7494f06d.jpg,TP,14,32,0.926544,7756,7587,2797.135,2736.1866,0.46,False,baseline
ZAZA-G_012_jpg.rf.b65fca463e4411032a599acd7494f06d.jpg,TP,2,24,0.925203,4100,4188,1478.6299,1510.3663,0.46,False,baseline
ZAZA-G_012_jpg.rf.b65fca463e4411032a599acd7494f06d.jpg,TP,13,10,0.920587,8569,8457,3090.3365,3049.9447,0.46,False,baseline
ZAZA-G_012_jpg.rf.b65fca463e4411032a599acd7494f06d.jpg,TP,16,7,0.917538,4903,5003,1768.225,1804.2891,0.46,False,baseline
ZAZA-G_012_jpg.rf.b65fca463e4411032a599acd7494f06d.jpg,TP,12,20,0.911331,4570,4505,1648.1314,1624.6897,0.46,False,baseline
ZAZA-G_012_jpg.rf.b65fca463e4411032a599acd7494f06d.jpg,TP,29,34,0.908944,15321,15434,5525.3875,5566.1399,0.46,False,baseline
ZAZA-G_012_jpg.rf.b65fca463e4411032a599acd7494f06d.jpg,TP,11,28,0.898257,3694,3713,1332.2095,1339.0617,0.46,False,baseline
ZAZA-G_012_jpg.rf.b65fca463e4411032a599acd7494f06d.jpg,TP,21,9,0.898151,5756,5743,2075.8521,2071.1638,0.46,False,baseline
ZAZA-G_012_jpg.rf.b65fca463e4411032a599acd7494f06d.jpg,TP,25,33,0.897756,1135,1148,409.3281,414.0163,0.46,False,baseline
ZAZA-G_012_jpg.rf.b65fca463e4411032a599acd7494f06d.jpg,TP,7,21,0.897596,2877,2886,1037.5654,1040.8112,0.46,False,baseline
ZAZA-G_012_jpg.rf.b65fca463e4411032a599acd7494f06d.jpg,TP,9,11,0.892338,13173,13772,4750.7297,4966.7539,0.46,False,baseline
ZAZA-G_012_jpg.rf.b65fca463e4411032a599acd7494f06d.jpg,TP,23,2,0.89113,6805,6883,2454.165,2482.295,0.46,False,baseline
ZAZA-G_012_jpg.rf.b65fca463e4411032a599acd7494f06d.jpg,TP,1,26,0.889495,3386,3197,1221.1319,1152.9707,0.46,False,baseline
ZAZA-G_012_jpg.rf.b65fca463e4411032a599acd7494f06d.jpg,TP,15,25,0.873027,1274,1337,459.4572,482.1776,0.46,False,baseline
ZAZA-G_012_jpg.rf.b65fca463e4411032a599acd7494f06d.jpg,TP,24,8,0.864322,3658,3762,1319.2264,1356.7331,0.46,False,baseline
ZAZA-G_012_jpg.rf.b65fca463e4411032a599acd7494f06d.jpg,TP,20,1,0.863514,665,714,239.8266,257.498,0.46,False,baseline
ZAZA-G_012_jpg.rf.b65fca463e4411032a599acd7494f06d.jpg,TP,18,29,0.830189,532,535,191.8612,192.9432,0.46,False,baseline
ZAZA-G_012_jpg.rf.b65fca463e4411032a599acd7494f06d.jpg,TP,22,0,0.824968,4280,4374,1543.5453,1577.4457,0.46,False,baseline
ZAZA-G_012_jpg.rf.b65fca463e4411032a599acd7494f06d.jpg,TP,31,14,0.772246,811,862,292.4802,310.8729,0.46,False,baseline
ZAZA-G_012_jpg.rf.b65fca463e4411032a599acd7494f06d.jpg,TP,28,17,0.76378,116,108,41.8344,38.9493,0.46,False,baseline
ZAZA-G_012_jpg.rf.b65fca463e4411032a599acd7494f06d.jpg,TP,32,12,0.668725,11864,16239,4278.65,5856.4563,0.46,False,baseline
ZAZA-G_012_jpg.rf.b65fca463e4411032a599acd7494f06d.jpg,FP,26,-1,0.0,0,8535,0,3078.0747,0.46,False,baseline
ZAZA-G_012_jpg.rf.b65fca463e4411032a599acd7494f06d.jpg,FP,27,-1,0.0,0,6705,0,2418.1008,0.46,False,baseline
ZAZA-G_012_jpg.rf.b65fca463e4411032a599acd7494f06d.jpg,FP,30,-1,0.0,0,4181,0,1507.8419,0.46,False,baseline
ZAZA-G_012_jpg.rf.b65fca463e4411032a599acd7494f06d.jpg,FN,-1,3,0.0,25,0,9.016,0,0.46,False,baseline
ZAZA-G_012_jpg.rf.b65fca463e4411032a599acd7494f06d.jpg,FN,-1,4,0.0,30,0,10.8192,0,0.46,False,baseline
ZAZA-G_012_jpg.rf.b65fca463e4411032a599acd7494f06d.jpg,FN,-1,5,0.0,2492,0,898.7185,0,0.46,False,baseline
ZAZA-G_012_jpg.rf.b65fca463e4411032a599acd7494f06d.jpg,FN,-1,6,0.0,7018,0,2530.9816,0,0.46,False,baseline
ZAZA-G_012_jpg.rf.b65fca463e4411032a599acd7494f06d.jpg,FN,-1,30,0.0,16,0,5.7702,0,0.46,False,baseline
